# SYNTHETIC. Daily attendance per crew. EPMS has t_attendance; the EC export carries none. Calibrated so the division-month rate reproduces ec_labour.csv exactly, including the Lebaran dip; Sundays and heavy-rain days sit below the month, weekdays above it.
crew_code,crew_type,division_code,date,on_roll,present,absent,absent_reason
G1-01,harvest,1,2025-01-01,28,25,3,sick
G1-02,harvest,1,2025-01-01,26,23,3,leave
G1-03,harvest,1,2025-01-01,25,24,1,sick
G1-04,harvest,1,2025-01-01,26,21,5,sick
G2-01,harvest,2,2025-01-01,24,21,3,no show
G2-02,harvest,2,2025-01-01,20,16,4,sick
G2-03,harvest,2,2025-01-01,24,24,0,
G2-04,harvest,2,2025-01-01,25,21,4,leave
G3-01,harvest,3,2025-01-01,27,24,3,sick
G3-02,harvest,3,2025-01-01,24,24,0,
G3-03,harvest,3,2025-01-01,25,25,0,
G3-04,harvest,3,2025-01-01,24,21,3,leave
G4-01,harvest,4,2025-01-01,26,23,3,sick
G4-02,harvest,4,2025-01-01,25,25,0,
G4-03,harvest,4,2025-01-01,24,23,1,no show
G4-04,harvest,4,2025-01-01,20,20,0,
G5-01,harvest,5,2025-01-01,23,23,0,
G5-02,harvest,5,2025-01-01,27,27,0,
G5-03,harvest,5,2025-01-01,19,19,0,
G6-01,harvest,6,2025-01-01,24,21,3,leave
G6-02,harvest,6,2025-01-01,18,18,0,
G6-03,harvest,6,2025-01-01,24,24,0,
G6-04,harvest,6,2025-01-01,24,24,0,
G6-05,harvest,6,2025-01-01,21,20,1,no show
G7-01,harvest,7,2025-01-01,27,24,3,sick
G7-02,harvest,7,2025-01-01,21,21,0,
G7-03,harvest,7,2025-01-01,20,20,0,
G7-04,harvest,7,2025-01-01,27,21,6,leave
P1-01,pest,1,2025-01-01,11,10,1,no show
P2-01,pest,2,2025-01-01,10,9,1,no show
P3-01,pest,3,2025-01-01,11,9,2,leave
P4-01,pest,4,2025-01-01,10,10,0,
P5-01,pest,5,2025-01-01,10,8,2,leave
P6-01,pest,6,2025-01-01,13,11,2,leave
P7-01,pest,7,2025-01-01,13,10,3,sick
S1-01,spray,1,2025-01-01,15,14,1,sick
S2-01,spray,2,2025-01-01,14,13,1,no show
S3-01,spray,3,2025-01-01,17,14,3,leave
S4-01,spray,4,2025-01-01,16,15,1,no show
S5-01,spray,5,2025-01-01,13,11,2,no show
S6-01,spray,6,2025-01-01,18,15,3,leave
S7-01,spray,7,2025-01-01,17,13,4,sick
U1-01,upkeep,1,2025-01-01,19,17,2,sick
U1-02,upkeep,1,2025-01-01,19,15,4,no show
U1-03,upkeep,1,2025-01-01,19,18,1,sick
U2-01,upkeep,2,2025-01-01,18,16,2,sick
U2-02,upkeep,2,2025-01-01,18,16,2,sick
U2-03,upkeep,2,2025-01-01,18,16,2,sick
U3-01,upkeep,3,2025-01-01,16,16,0,
U3-02,upkeep,3,2025-01-01,16,14,2,leave
U3-03,upkeep,3,2025-01-01,16,13,3,no show
U3-04,upkeep,3,2025-01-01,16,14,2,leave
U4-01,upkeep,4,2025-01-01,15,15,0,
U4-02,upkeep,4,2025-01-01,15,13,2,sick
U4-03,upkeep,4,2025-01-01,15,15,0,
U4-04,upkeep,4,2025-01-01,15,14,1,no show
U5-01,upkeep,5,2025-01-01,16,16,0,
U5-02,upkeep,5,2025-01-01,16,15,1,leave
U5-03,upkeep,5,2025-01-01,16,15,1,no show
U6-01,upkeep,6,2025-01-01,17,16,1,leave
U6-02,upkeep,6,2025-01-01,17,14,3,sick
U6-03,upkeep,6,2025-01-01,17,16,1,leave
U6-04,upkeep,6,2025-01-01,17,16,1,no show
U7-01,upkeep,7,2025-01-01,15,12,3,sick
U7-02,upkeep,7,2025-01-01,15,12,3,no show
U7-03,upkeep,7,2025-01-01,15,13,2,leave
U7-04,upkeep,7,2025-01-01,15,12,3,leave
G1-01,harvest,1,2025-01-02,28,25,3,sick
G1-02,harvest,1,2025-01-02,26,23,3,leave
G1-03,harvest,1,2025-01-02,25,25,0,
G1-04,harvest,1,2025-01-02,26,22,4,no show
G2-01,harvest,2,2025-01-02,24,22,2,sick
G2-02,harvest,2,2025-01-02,20,17,3,sick
G2-03,harvest,2,2025-01-02,24,21,3,sick
G2-04,harvest,2,2025-01-02,25,24,1,sick
G3-01,harvest,3,2025-01-02,27,24,3,sick
G3-02,harvest,3,2025-01-02,24,24,0,
G3-03,harvest,3,2025-01-02,25,25,0,
G3-04,harvest,3,2025-01-02,24,24,0,
G4-01,harvest,4,2025-01-02,26,26,0,
G4-02,harvest,4,2025-01-02,25,25,0,
G4-03,harvest,4,2025-01-02,24,24,0,
G4-04,harvest,4,2025-01-02,20,20,0,
G5-01,harvest,5,2025-01-02,23,22,1,leave
G5-02,harvest,5,2025-01-02,27,27,0,
G5-03,harvest,5,2025-01-02,19,17,2,sick
G6-01,harvest,6,2025-01-02,24,24,0,
G6-02,harvest,6,2025-01-02,18,18,0,
G6-03,harvest,6,2025-01-02,24,21,3,no show
G6-04,harvest,6,2025-01-02,24,23,1,no show
G6-05,harvest,6,2025-01-02,21,19,2,no show
G7-01,harvest,7,2025-01-02,27,27,0,
G7-02,harvest,7,2025-01-02,21,19,2,sick
G7-03,harvest,7,2025-01-02,20,20,0,
G7-04,harvest,7,2025-01-02,27,27,0,
P1-01,pest,1,2025-01-02,11,10,1,sick
P2-01,pest,2,2025-01-02,10,8,2,sick
P3-01,pest,3,2025-01-02,11,10,1,leave
P4-01,pest,4,2025-01-02,10,9,1,sick
P5-01,pest,5,2025-01-02,10,8,2,sick
P6-01,pest,6,2025-01-02,13,11,2,leave
P7-01,pest,7,2025-01-02,13,10,3,leave
S1-01,spray,1,2025-01-02,15,14,1,sick
S2-01,spray,2,2025-01-02,14,13,1,sick
S3-01,spray,3,2025-01-02,17,14,3,no show
S4-01,spray,4,2025-01-02,16,15,1,sick
S5-01,spray,5,2025-01-02,13,13,0,
S6-01,spray,6,2025-01-02,18,14,4,no show
S7-01,spray,7,2025-01-02,17,13,4,sick
U1-01,upkeep,1,2025-01-02,19,14,5,sick
U1-02,upkeep,1,2025-01-02,19,15,4,leave
U1-03,upkeep,1,2025-01-02,19,17,2,no show
U2-01,upkeep,2,2025-01-02,18,15,3,sick
U2-02,upkeep,2,2025-01-02,18,14,4,leave
U2-03,upkeep,2,2025-01-02,18,15,3,leave
U3-01,upkeep,3,2025-01-02,16,12,4,sick
U3-02,upkeep,3,2025-01-02,16,16,0,
U3-03,upkeep,3,2025-01-02,16,13,3,sick
U3-04,upkeep,3,2025-01-02,16,13,3,leave
U4-01,upkeep,4,2025-01-02,15,15,0,
U4-02,upkeep,4,2025-01-02,15,14,1,sick
U4-03,upkeep,4,2025-01-02,15,15,0,
U4-04,upkeep,4,2025-01-02,15,15,0,
U5-01,upkeep,5,2025-01-02,16,15,1,leave
U5-02,upkeep,5,2025-01-02,16,16,0,
U5-03,upkeep,5,2025-01-02,16,15,1,no show
U6-01,upkeep,6,2025-01-02,17,14,3,sick
U6-02,upkeep,6,2025-01-02,17,17,0,
U6-03,upkeep,6,2025-01-02,17,16,1,leave
U6-04,upkeep,6,2025-01-02,17,15,2,leave
U7-01,upkeep,7,2025-01-02,15,13,2,sick
U7-02,upkeep,7,2025-01-02,15,10,5,leave
U7-03,upkeep,7,2025-01-02,15,13,2,sick
U7-04,upkeep,7,2025-01-02,15,12,3,sick
G1-01,harvest,1,2025-01-03,28,28,0,
G1-02,harvest,1,2025-01-03,26,23,3,sick
G1-03,harvest,1,2025-01-03,25,25,0,
G1-04,harvest,1,2025-01-03,26,26,0,
G2-01,harvest,2,2025-01-03,24,24,0,
G2-02,harvest,2,2025-01-03,20,20,0,
G2-03,harvest,2,2025-01-03,24,23,1,sick
G2-04,harvest,2,2025-01-03,25,23,2,no show
G3-01,harvest,3,2025-01-03,27,27,0,
G3-02,harvest,3,2025-01-03,24,24,0,
G3-03,harvest,3,2025-01-03,25,25,0,
G3-04,harvest,3,2025-01-03,24,22,2,sick
G4-01,harvest,4,2025-01-03,26,26,0,
G4-02,harvest,4,2025-01-03,25,23,2,sick
G4-03,harvest,4,2025-01-03,24,24,0,
G4-04,harvest,4,2025-01-03,20,18,2,sick
G5-01,harvest,5,2025-01-03,23,22,1,no show
G5-02,harvest,5,2025-01-03,27,25,2,sick
G5-03,harvest,5,2025-01-03,19,17,2,no show
G6-01,harvest,6,2025-01-03,24,21,3,sick
G6-02,harvest,6,2025-01-03,18,15,3,sick
G6-03,harvest,6,2025-01-03,24,24,0,
G6-04,harvest,6,2025-01-03,24,21,3,sick
G6-05,harvest,6,2025-01-03,21,18,3,sick
G7-01,harvest,7,2025-01-03,27,24,3,leave
G7-02,harvest,7,2025-01-03,21,18,3,no show
G7-03,harvest,7,2025-01-03,20,20,0,
G7-04,harvest,7,2025-01-03,27,22,5,sick
P1-01,pest,1,2025-01-03,11,7,4,sick
P2-01,pest,2,2025-01-03,10,9,1,sick
P3-01,pest,3,2025-01-03,11,10,1,leave
P4-01,pest,4,2025-01-03,10,9,1,leave
P5-01,pest,5,2025-01-03,10,10,0,
P6-01,pest,6,2025-01-03,13,8,5,sick
P7-01,pest,7,2025-01-03,13,12,1,sick
S1-01,spray,1,2025-01-03,15,12,3,leave
S2-01,spray,2,2025-01-03,14,11,3,leave
S3-01,spray,3,2025-01-03,17,16,1,leave
S4-01,spray,4,2025-01-03,16,15,1,leave
S5-01,spray,5,2025-01-03,13,12,1,sick
S6-01,spray,6,2025-01-03,18,16,2,sick
S7-01,spray,7,2025-01-03,17,13,4,no show
U1-01,upkeep,1,2025-01-03,19,14,5,sick
U1-02,upkeep,1,2025-01-03,19,17,2,no show
U1-03,upkeep,1,2025-01-03,19,14,5,leave
U2-01,upkeep,2,2025-01-03,18,17,1,sick
U2-02,upkeep,2,2025-01-03,18,17,1,leave
U2-03,upkeep,2,2025-01-03,18,16,2,sick
U3-01,upkeep,3,2025-01-03,16,13,3,leave
U3-02,upkeep,3,2025-01-03,16,15,1,sick
U3-03,upkeep,3,2025-01-03,16,14,2,sick
U3-04,upkeep,3,2025-01-03,16,14,2,sick
U4-01,upkeep,4,2025-01-03,15,15,0,
U4-02,upkeep,4,2025-01-03,15,15,0,
U4-03,upkeep,4,2025-01-03,15,15,0,
U4-04,upkeep,4,2025-01-03,15,15,0,
U5-01,upkeep,5,2025-01-03,16,15,1,no show
U5-02,upkeep,5,2025-01-03,16,15,1,leave
U5-03,upkeep,5,2025-01-03,16,15,1,leave
U6-01,upkeep,6,2025-01-03,17,16,1,no show
U6-02,upkeep,6,2025-01-03,17,16,1,no show
U6-03,upkeep,6,2025-01-03,17,12,5,leave
U6-04,upkeep,6,2025-01-03,17,15,2,no show
U7-01,upkeep,7,2025-01-03,15,11,4,leave
U7-02,upkeep,7,2025-01-03,15,12,3,leave
U7-03,upkeep,7,2025-01-03,15,12,3,sick
U7-04,upkeep,7,2025-01-03,15,11,4,sick
G1-01,harvest,1,2025-01-04,28,21,7,leave
G1-02,harvest,1,2025-01-04,26,26,0,
G1-03,harvest,1,2025-01-04,25,25,0,
G1-04,harvest,1,2025-01-04,26,21,5,no show
G2-01,harvest,2,2025-01-04,24,23,1,sick
G2-02,harvest,2,2025-01-04,20,20,0,
G2-03,harvest,2,2025-01-04,24,23,1,no show
G2-04,harvest,2,2025-01-04,25,23,2,leave
G3-01,harvest,3,2025-01-04,27,22,5,sick
G3-02,harvest,3,2025-01-04,24,22,2,sick
G3-03,harvest,3,2025-01-04,25,22,3,leave
G3-04,harvest,3,2025-01-04,24,24,0,
G4-01,harvest,4,2025-01-04,26,25,1,leave
G4-02,harvest,4,2025-01-04,25,25,0,
G4-03,harvest,4,2025-01-04,24,24,0,
G4-04,harvest,4,2025-01-04,20,19,1,no show
G5-01,harvest,5,2025-01-04,23,23,0,
G5-02,harvest,5,2025-01-04,27,24,3,leave
G5-03,harvest,5,2025-01-04,19,19,0,
G6-01,harvest,6,2025-01-04,24,19,5,no show
G6-02,harvest,6,2025-01-04,18,17,1,sick
G6-03,harvest,6,2025-01-04,24,21,3,sick
G6-04,harvest,6,2025-01-04,24,21,3,leave
G6-05,harvest,6,2025-01-04,21,20,1,sick
G7-01,harvest,7,2025-01-04,27,27,0,
G7-02,harvest,7,2025-01-04,21,16,5,leave
G7-03,harvest,7,2025-01-04,20,14,6,no show
G7-04,harvest,7,2025-01-04,27,25,2,no show
P1-01,pest,1,2025-01-04,11,10,1,leave
P2-01,pest,2,2025-01-04,10,8,2,leave
P3-01,pest,3,2025-01-04,11,9,2,no show
P4-01,pest,4,2025-01-04,10,10,0,
P5-01,pest,5,2025-01-04,10,9,1,sick
P6-01,pest,6,2025-01-04,13,11,2,sick
P7-01,pest,7,2025-01-04,13,10,3,sick
S1-01,spray,1,2025-01-04,15,11,4,sick
S2-01,spray,2,2025-01-04,14,12,2,leave
S3-01,spray,3,2025-01-04,17,14,3,sick
S4-01,spray,4,2025-01-04,16,16,0,
S5-01,spray,5,2025-01-04,13,12,1,leave
S6-01,spray,6,2025-01-04,18,14,4,no show
S7-01,spray,7,2025-01-04,17,16,1,sick
U1-01,upkeep,1,2025-01-04,19,15,4,sick
U1-02,upkeep,1,2025-01-04,19,17,2,leave
U1-03,upkeep,1,2025-01-04,19,16,3,sick
U2-01,upkeep,2,2025-01-04,18,14,4,leave
U2-02,upkeep,2,2025-01-04,18,17,1,sick
U2-03,upkeep,2,2025-01-04,18,14,4,sick
U3-01,upkeep,3,2025-01-04,16,12,4,no show
U3-02,upkeep,3,2025-01-04,16,14,2,sick
U3-03,upkeep,3,2025-01-04,16,12,4,leave
U3-04,upkeep,3,2025-01-04,16,13,3,sick
U4-01,upkeep,4,2025-01-04,15,15,0,
U4-02,upkeep,4,2025-01-04,15,14,1,leave
U4-03,upkeep,4,2025-01-04,15,14,1,leave
U4-04,upkeep,4,2025-01-04,15,14,1,no show
U5-01,upkeep,5,2025-01-04,16,15,1,sick
U5-02,upkeep,5,2025-01-04,16,16,0,
U5-03,upkeep,5,2025-01-04,16,14,2,sick
U6-01,upkeep,6,2025-01-04,17,16,1,sick
U6-02,upkeep,6,2025-01-04,17,15,2,leave
U6-03,upkeep,6,2025-01-04,17,15,2,sick
U6-04,upkeep,6,2025-01-04,17,14,3,no show
U7-01,upkeep,7,2025-01-04,15,14,1,sick
U7-02,upkeep,7,2025-01-04,15,11,4,sick
U7-03,upkeep,7,2025-01-04,15,12,3,sick
U7-04,upkeep,7,2025-01-04,15,11,4,no show
G1-01,harvest,1,2025-01-05,28,14,14,rest day
G1-02,harvest,1,2025-01-05,26,13,13,rest day
G1-03,harvest,1,2025-01-05,25,11,14,rest day
G1-04,harvest,1,2025-01-05,26,14,12,rest day
G2-01,harvest,2,2025-01-05,24,12,12,rest day
G2-02,harvest,2,2025-01-05,20,11,9,rest day
G2-03,harvest,2,2025-01-05,24,13,11,rest day
G2-04,harvest,2,2025-01-05,25,15,10,rest day
G3-01,harvest,3,2025-01-05,27,14,13,rest day
G3-02,harvest,3,2025-01-05,24,18,6,rest day
G3-03,harvest,3,2025-01-05,25,17,8,rest day
G3-04,harvest,3,2025-01-05,24,13,11,rest day
G4-01,harvest,4,2025-01-05,26,16,10,rest day
G4-02,harvest,4,2025-01-05,25,25,0,
G4-03,harvest,4,2025-01-05,24,12,12,rest day
G4-04,harvest,4,2025-01-05,20,12,8,rest day
G5-01,harvest,5,2025-01-05,23,18,5,rest day
G5-02,harvest,5,2025-01-05,27,17,10,rest day
G5-03,harvest,5,2025-01-05,19,10,9,rest day
G6-01,harvest,6,2025-01-05,24,17,7,rest day
G6-02,harvest,6,2025-01-05,18,18,0,
G6-03,harvest,6,2025-01-05,24,18,6,rest day
G6-04,harvest,6,2025-01-05,24,18,6,rest day
G6-05,harvest,6,2025-01-05,21,11,10,rest day
G7-01,harvest,7,2025-01-05,27,16,11,rest day
G7-02,harvest,7,2025-01-05,21,11,10,rest day
G7-03,harvest,7,2025-01-05,20,12,8,rest day
G7-04,harvest,7,2025-01-05,27,27,0,
P1-01,pest,1,2025-01-05,11,4,7,rest day
P2-01,pest,2,2025-01-05,10,6,4,rest day
P3-01,pest,3,2025-01-05,11,5,6,rest day
P4-01,pest,4,2025-01-05,10,7,3,rest day
P5-01,pest,5,2025-01-05,10,6,4,rest day
P6-01,pest,6,2025-01-05,13,6,7,rest day
P7-01,pest,7,2025-01-05,13,7,6,rest day
S1-01,spray,1,2025-01-05,15,7,8,rest day
S2-01,spray,2,2025-01-05,14,8,6,rest day
S3-01,spray,3,2025-01-05,17,10,7,rest day
S4-01,spray,4,2025-01-05,16,10,6,rest day
S5-01,spray,5,2025-01-05,13,6,7,rest day
S6-01,spray,6,2025-01-05,18,9,9,rest day
S7-01,spray,7,2025-01-05,17,7,10,rest day
U1-01,upkeep,1,2025-01-05,19,11,8,rest day
U1-02,upkeep,1,2025-01-05,19,11,8,rest day
U1-03,upkeep,1,2025-01-05,19,10,9,rest day
U2-01,upkeep,2,2025-01-05,18,7,11,rest day
U2-02,upkeep,2,2025-01-05,18,9,9,rest day
U2-03,upkeep,2,2025-01-05,18,10,8,rest day
U3-01,upkeep,3,2025-01-05,16,9,7,rest day
U3-02,upkeep,3,2025-01-05,16,8,8,rest day
U3-03,upkeep,3,2025-01-05,16,9,7,rest day
U3-04,upkeep,3,2025-01-05,16,10,6,rest day
U4-01,upkeep,4,2025-01-05,15,9,6,rest day
U4-02,upkeep,4,2025-01-05,15,9,6,rest day
U4-03,upkeep,4,2025-01-05,15,9,6,rest day
U4-04,upkeep,4,2025-01-05,15,10,5,rest day
U5-01,upkeep,5,2025-01-05,16,9,7,rest day
U5-02,upkeep,5,2025-01-05,16,9,7,rest day
U5-03,upkeep,5,2025-01-05,16,9,7,rest day
U6-01,upkeep,6,2025-01-05,17,10,7,rest day
U6-02,upkeep,6,2025-01-05,17,9,8,rest day
U6-03,upkeep,6,2025-01-05,17,9,8,rest day
U6-04,upkeep,6,2025-01-05,17,10,7,rest day
U7-01,upkeep,7,2025-01-05,15,7,8,rest day
U7-02,upkeep,7,2025-01-05,15,5,10,rest day
U7-03,upkeep,7,2025-01-05,15,7,8,rest day
U7-04,upkeep,7,2025-01-05,15,7,8,rest day
G1-01,harvest,1,2025-01-06,28,22,6,sick
G1-02,harvest,1,2025-01-06,26,26,0,
G1-03,harvest,1,2025-01-06,25,25,0,
G1-04,harvest,1,2025-01-06,26,21,5,sick
G2-01,harvest,2,2025-01-06,24,24,0,
G2-02,harvest,2,2025-01-06,20,20,0,
G2-03,harvest,2,2025-01-06,24,22,2,leave
G2-04,harvest,2,2025-01-06,25,23,2,leave
G3-01,harvest,3,2025-01-06,27,24,3,leave
G3-02,harvest,3,2025-01-06,24,22,2,sick
G3-03,harvest,3,2025-01-06,25,25,0,
G3-04,harvest,3,2025-01-06,24,23,1,leave
G4-01,harvest,4,2025-01-06,26,25,1,leave
G4-02,harvest,4,2025-01-06,25,25,0,
G4-03,harvest,4,2025-01-06,24,22,2,sick
G4-04,harvest,4,2025-01-06,20,20,0,
G5-01,harvest,5,2025-01-06,23,23,0,
G5-02,harvest,5,2025-01-06,27,25,2,leave
G5-03,harvest,5,2025-01-06,19,19,0,
G6-01,harvest,6,2025-01-06,24,22,2,sick
G6-02,harvest,6,2025-01-06,18,15,3,leave
G6-03,harvest,6,2025-01-06,24,21,3,sick
G6-04,harvest,6,2025-01-06,24,21,3,sick
G6-05,harvest,6,2025-01-06,21,18,3,sick
G7-01,harvest,7,2025-01-06,27,24,3,leave
G7-02,harvest,7,2025-01-06,21,18,3,sick
G7-03,harvest,7,2025-01-06,20,17,3,no show
G7-04,harvest,7,2025-01-06,27,24,3,no show
P1-01,pest,1,2025-01-06,11,10,1,no show
P2-01,pest,2,2025-01-06,10,8,2,leave
P3-01,pest,3,2025-01-06,11,9,2,leave
P4-01,pest,4,2025-01-06,10,9,1,no show
P5-01,pest,5,2025-01-06,10,10,0,
P6-01,pest,6,2025-01-06,13,12,1,sick
P7-01,pest,7,2025-01-06,13,10,3,sick
S1-01,spray,1,2025-01-06,15,11,4,leave
S2-01,spray,2,2025-01-06,14,12,2,leave
S3-01,spray,3,2025-01-06,17,16,1,leave
S4-01,spray,4,2025-01-06,16,16,0,
S5-01,spray,5,2025-01-06,13,12,1,sick
S6-01,spray,6,2025-01-06,18,16,2,no show
S7-01,spray,7,2025-01-06,17,14,3,sick
U1-01,upkeep,1,2025-01-06,19,16,3,sick
U1-02,upkeep,1,2025-01-06,19,16,3,sick
U1-03,upkeep,1,2025-01-06,19,17,2,sick
U2-01,upkeep,2,2025-01-06,18,17,1,sick
U2-02,upkeep,2,2025-01-06,18,17,1,no show
U2-03,upkeep,2,2025-01-06,18,15,3,sick
U3-01,upkeep,3,2025-01-06,16,15,1,no show
U3-02,upkeep,3,2025-01-06,16,13,3,leave
U3-03,upkeep,3,2025-01-06,16,13,3,sick
U3-04,upkeep,3,2025-01-06,16,14,2,leave
U4-01,upkeep,4,2025-01-06,15,14,1,sick
U4-02,upkeep,4,2025-01-06,15,15,0,
U4-03,upkeep,4,2025-01-06,15,14,1,leave
U4-04,upkeep,4,2025-01-06,15,12,3,leave
U5-01,upkeep,5,2025-01-06,16,15,1,leave
U5-02,upkeep,5,2025-01-06,16,14,2,leave
U5-03,upkeep,5,2025-01-06,16,16,0,
U6-01,upkeep,6,2025-01-06,17,16,1,sick
U6-02,upkeep,6,2025-01-06,17,16,1,sick
U6-03,upkeep,6,2025-01-06,17,16,1,leave
U6-04,upkeep,6,2025-01-06,17,12,5,no show
U7-01,upkeep,7,2025-01-06,15,14,1,sick
U7-02,upkeep,7,2025-01-06,15,11,4,sick
U7-03,upkeep,7,2025-01-06,15,13,2,leave
U7-04,upkeep,7,2025-01-06,15,11,4,leave
G1-01,harvest,1,2025-01-07,28,28,0,
G1-02,harvest,1,2025-01-07,26,22,4,sick
G1-03,harvest,1,2025-01-07,25,22,3,sick
G1-04,harvest,1,2025-01-07,26,22,4,sick
G2-01,harvest,2,2025-01-07,24,21,3,sick
G2-02,harvest,2,2025-01-07,20,18,2,leave
G2-03,harvest,2,2025-01-07,24,24,0,
G2-04,harvest,2,2025-01-07,25,22,3,leave
G3-01,harvest,3,2025-01-07,27,27,0,
G3-02,harvest,3,2025-01-07,24,24,0,
G3-03,harvest,3,2025-01-07,25,20,5,sick
G3-04,harvest,3,2025-01-07,24,23,1,sick
G4-01,harvest,4,2025-01-07,26,26,0,
G4-02,harvest,4,2025-01-07,25,23,2,no show
G4-03,harvest,4,2025-01-07,24,24,0,
G4-04,harvest,4,2025-01-07,20,19,1,leave
G5-01,harvest,5,2025-01-07,23,23,0,
G5-02,harvest,5,2025-01-07,27,26,1,no show
G5-03,harvest,5,2025-01-07,19,17,2,leave
G6-01,harvest,6,2025-01-07,24,22,2,no show
G6-02,harvest,6,2025-01-07,18,18,0,
G6-03,harvest,6,2025-01-07,24,20,4,sick
G6-04,harvest,6,2025-01-07,24,21,3,leave
G6-05,harvest,6,2025-01-07,21,18,3,no show
G7-01,harvest,7,2025-01-07,27,23,4,sick
G7-02,harvest,7,2025-01-07,21,21,0,
G7-03,harvest,7,2025-01-07,20,20,0,
G7-04,harvest,7,2025-01-07,27,21,6,no show
P1-01,pest,1,2025-01-07,11,8,3,sick
P2-01,pest,2,2025-01-07,10,7,3,sick
P3-01,pest,3,2025-01-07,11,9,2,sick
P4-01,pest,4,2025-01-07,10,10,0,
P5-01,pest,5,2025-01-07,10,9,1,no show
P6-01,pest,6,2025-01-07,13,10,3,leave
P7-01,pest,7,2025-01-07,13,10,3,sick
S1-01,spray,1,2025-01-07,15,13,2,sick
S2-01,spray,2,2025-01-07,14,12,2,no show
S3-01,spray,3,2025-01-07,17,13,4,sick
S4-01,spray,4,2025-01-07,16,15,1,sick
S5-01,spray,5,2025-01-07,13,11,2,sick
S6-01,spray,6,2025-01-07,18,15,3,sick
S7-01,spray,7,2025-01-07,17,15,2,sick
U1-01,upkeep,1,2025-01-07,19,17,2,sick
U1-02,upkeep,1,2025-01-07,19,16,3,no show
U1-03,upkeep,1,2025-01-07,19,18,1,no show
U2-01,upkeep,2,2025-01-07,18,17,1,no show
U2-02,upkeep,2,2025-01-07,18,17,1,no show
U2-03,upkeep,2,2025-01-07,18,15,3,sick
U3-01,upkeep,3,2025-01-07,16,15,1,no show
U3-02,upkeep,3,2025-01-07,16,13,3,no show
U3-03,upkeep,3,2025-01-07,16,14,2,sick
U3-04,upkeep,3,2025-01-07,16,15,1,no show
U4-01,upkeep,4,2025-01-07,15,14,1,leave
U4-02,upkeep,4,2025-01-07,15,15,0,
U4-03,upkeep,4,2025-01-07,15,15,0,
U4-04,upkeep,4,2025-01-07,15,14,1,no show
U5-01,upkeep,5,2025-01-07,16,14,2,leave
U5-02,upkeep,5,2025-01-07,16,15,1,leave
U5-03,upkeep,5,2025-01-07,16,15,1,leave
U6-01,upkeep,6,2025-01-07,17,15,2,sick
U6-02,upkeep,6,2025-01-07,17,17,0,
U6-03,upkeep,6,2025-01-07,17,13,4,sick
U6-04,upkeep,6,2025-01-07,17,13,4,sick
U7-01,upkeep,7,2025-01-07,15,15,0,
U7-02,upkeep,7,2025-01-07,15,14,1,leave
U7-03,upkeep,7,2025-01-07,15,13,2,no show
U7-04,upkeep,7,2025-01-07,15,14,1,no show
G1-01,harvest,1,2025-01-08,28,25,3,rain
G1-02,harvest,1,2025-01-08,26,22,4,rain
G1-03,harvest,1,2025-01-08,25,25,0,
G1-04,harvest,1,2025-01-08,26,20,6,rain
G2-01,harvest,2,2025-01-08,24,24,0,
G2-02,harvest,2,2025-01-08,20,17,3,rain
G2-03,harvest,2,2025-01-08,24,17,7,rain
G2-04,harvest,2,2025-01-08,25,24,1,rain
G3-01,harvest,3,2025-01-08,27,23,4,rain
G3-02,harvest,3,2025-01-08,24,19,5,rain
G3-03,harvest,3,2025-01-08,25,25,0,
G3-04,harvest,3,2025-01-08,24,19,5,rain
G4-01,harvest,4,2025-01-08,26,22,4,rain
G4-02,harvest,4,2025-01-08,25,25,0,
G4-03,harvest,4,2025-01-08,24,24,0,
G4-04,harvest,4,2025-01-08,20,16,4,rain
G5-01,harvest,5,2025-01-08,23,21,2,rain
G5-02,harvest,5,2025-01-08,27,22,5,rain
G5-03,harvest,5,2025-01-08,19,17,2,rain
G6-01,harvest,6,2025-01-08,24,24,0,
G6-02,harvest,6,2025-01-08,18,18,0,
G6-03,harvest,6,2025-01-08,24,18,6,rain
G6-04,harvest,6,2025-01-08,24,20,4,rain
G6-05,harvest,6,2025-01-08,21,21,0,
G7-01,harvest,7,2025-01-08,27,27,0,
G7-02,harvest,7,2025-01-08,21,17,4,rain
G7-03,harvest,7,2025-01-08,20,14,6,rain
G7-04,harvest,7,2025-01-08,27,27,0,
P1-01,pest,1,2025-01-08,11,8,3,rain
P2-01,pest,2,2025-01-08,10,9,1,rain
P3-01,pest,3,2025-01-08,11,7,4,rain
P4-01,pest,4,2025-01-08,10,9,1,rain
P5-01,pest,5,2025-01-08,10,9,1,rain
P6-01,pest,6,2025-01-08,13,10,3,rain
P7-01,pest,7,2025-01-08,13,10,3,rain
S1-01,spray,1,2025-01-08,15,13,2,rain
S2-01,spray,2,2025-01-08,14,10,4,rain
S3-01,spray,3,2025-01-08,17,13,4,rain
S4-01,spray,4,2025-01-08,16,14,2,rain
S5-01,spray,5,2025-01-08,13,11,2,rain
S6-01,spray,6,2025-01-08,18,14,4,rain
S7-01,spray,7,2025-01-08,17,12,5,rain
U1-01,upkeep,1,2025-01-08,19,16,3,rain
U1-02,upkeep,1,2025-01-08,19,16,3,rain
U1-03,upkeep,1,2025-01-08,19,16,3,rain
U2-01,upkeep,2,2025-01-08,18,13,5,rain
U2-02,upkeep,2,2025-01-08,18,14,4,rain
U2-03,upkeep,2,2025-01-08,18,15,3,rain
U3-01,upkeep,3,2025-01-08,16,13,3,rain
U3-02,upkeep,3,2025-01-08,16,13,3,rain
U3-03,upkeep,3,2025-01-08,16,12,4,rain
U3-04,upkeep,3,2025-01-08,16,12,4,rain
U4-01,upkeep,4,2025-01-08,15,14,1,rain
U4-02,upkeep,4,2025-01-08,15,12,3,rain
U4-03,upkeep,4,2025-01-08,15,13,2,rain
U4-04,upkeep,4,2025-01-08,15,14,1,rain
U5-01,upkeep,5,2025-01-08,16,12,4,rain
U5-02,upkeep,5,2025-01-08,16,15,1,rain
U5-03,upkeep,5,2025-01-08,16,16,0,
U6-01,upkeep,6,2025-01-08,17,14,3,rain
U6-02,upkeep,6,2025-01-08,17,14,3,rain
U6-03,upkeep,6,2025-01-08,17,14,3,rain
U6-04,upkeep,6,2025-01-08,17,14,3,rain
U7-01,upkeep,7,2025-01-08,15,12,3,rain
U7-02,upkeep,7,2025-01-08,15,12,3,rain
U7-03,upkeep,7,2025-01-08,15,11,4,rain
U7-04,upkeep,7,2025-01-08,15,11,4,rain
G1-01,harvest,1,2025-01-09,28,26,2,leave
G1-02,harvest,1,2025-01-09,26,23,3,leave
G1-03,harvest,1,2025-01-09,25,22,3,no show
G1-04,harvest,1,2025-01-09,26,20,6,leave
G2-01,harvest,2,2025-01-09,24,21,3,leave
G2-02,harvest,2,2025-01-09,20,20,0,
G2-03,harvest,2,2025-01-09,24,23,1,sick
G2-04,harvest,2,2025-01-09,25,20,5,sick
G3-01,harvest,3,2025-01-09,27,27,0,
G3-02,harvest,3,2025-01-09,24,21,3,leave
G3-03,harvest,3,2025-01-09,25,21,4,leave
G3-04,harvest,3,2025-01-09,24,23,1,no show
G4-01,harvest,4,2025-01-09,26,25,1,no show
G4-02,harvest,4,2025-01-09,25,25,0,
G4-03,harvest,4,2025-01-09,24,24,0,
G4-04,harvest,4,2025-01-09,20,20,0,
G5-01,harvest,5,2025-01-09,23,20,3,leave
G5-02,harvest,5,2025-01-09,27,27,0,
G5-03,harvest,5,2025-01-09,19,19,0,
G6-01,harvest,6,2025-01-09,24,23,1,leave
G6-02,harvest,6,2025-01-09,18,18,0,
G6-03,harvest,6,2025-01-09,24,24,0,
G6-04,harvest,6,2025-01-09,24,21,3,leave
G6-05,harvest,6,2025-01-09,21,19,2,sick
G7-01,harvest,7,2025-01-09,27,21,6,leave
G7-02,harvest,7,2025-01-09,21,21,0,
G7-03,harvest,7,2025-01-09,20,16,4,no show
G7-04,harvest,7,2025-01-09,27,21,6,leave
P1-01,pest,1,2025-01-09,11,9,2,sick
P2-01,pest,2,2025-01-09,10,9,1,leave
P3-01,pest,3,2025-01-09,11,11,0,
P4-01,pest,4,2025-01-09,10,10,0,
P5-01,pest,5,2025-01-09,10,10,0,
P6-01,pest,6,2025-01-09,13,9,4,leave
P7-01,pest,7,2025-01-09,13,11,2,leave
S1-01,spray,1,2025-01-09,15,12,3,sick
S2-01,spray,2,2025-01-09,14,13,1,no show
S3-01,spray,3,2025-01-09,17,13,4,sick
S4-01,spray,4,2025-01-09,16,16,0,
S5-01,spray,5,2025-01-09,13,12,1,no show
S6-01,spray,6,2025-01-09,18,17,1,leave
S7-01,spray,7,2025-01-09,17,15,2,leave
U1-01,upkeep,1,2025-01-09,19,17,2,sick
U1-02,upkeep,1,2025-01-09,19,18,1,leave
U1-03,upkeep,1,2025-01-09,19,17,2,no show
U2-01,upkeep,2,2025-01-09,18,15,3,sick
U2-02,upkeep,2,2025-01-09,18,17,1,leave
U2-03,upkeep,2,2025-01-09,18,15,3,leave
U3-01,upkeep,3,2025-01-09,16,12,4,sick
U3-02,upkeep,3,2025-01-09,16,14,2,leave
U3-03,upkeep,3,2025-01-09,16,14,2,no show
U3-04,upkeep,3,2025-01-09,16,15,1,sick
U4-01,upkeep,4,2025-01-09,15,15,0,
U4-02,upkeep,4,2025-01-09,15,15,0,
U4-03,upkeep,4,2025-01-09,15,15,0,
U4-04,upkeep,4,2025-01-09,15,15,0,
U5-01,upkeep,5,2025-01-09,16,15,1,leave
U5-02,upkeep,5,2025-01-09,16,15,1,leave
U5-03,upkeep,5,2025-01-09,16,15,1,sick
U6-01,upkeep,6,2025-01-09,17,15,2,sick
U6-02,upkeep,6,2025-01-09,17,12,5,sick
U6-03,upkeep,6,2025-01-09,17,15,2,sick
U6-04,upkeep,6,2025-01-09,17,16,1,sick
U7-01,upkeep,7,2025-01-09,15,13,2,no show
U7-02,upkeep,7,2025-01-09,15,11,4,no show
U7-03,upkeep,7,2025-01-09,15,11,4,leave
U7-04,upkeep,7,2025-01-09,15,12,3,sick
G1-01,harvest,1,2025-01-10,28,26,2,leave
G1-02,harvest,1,2025-01-10,26,23,3,no show
G1-03,harvest,1,2025-01-10,25,24,1,leave
G1-04,harvest,1,2025-01-10,26,24,2,leave
G2-01,harvest,2,2025-01-10,24,22,2,sick
G2-02,harvest,2,2025-01-10,20,20,0,
G2-03,harvest,2,2025-01-10,24,18,6,leave
G2-04,harvest,2,2025-01-10,25,23,2,leave
G3-01,harvest,3,2025-01-10,27,24,3,sick
G3-02,harvest,3,2025-01-10,24,24,0,
G3-03,harvest,3,2025-01-10,25,25,0,
G3-04,harvest,3,2025-01-10,24,20,4,leave
G4-01,harvest,4,2025-01-10,26,23,3,no show
G4-02,harvest,4,2025-01-10,25,22,3,leave
G4-03,harvest,4,2025-01-10,24,24,0,
G4-04,harvest,4,2025-01-10,20,20,0,
G5-01,harvest,5,2025-01-10,23,22,1,sick
G5-02,harvest,5,2025-01-10,27,27,0,
G5-03,harvest,5,2025-01-10,19,19,0,
G6-01,harvest,6,2025-01-10,24,23,1,sick
G6-02,harvest,6,2025-01-10,18,17,1,leave
G6-03,harvest,6,2025-01-10,24,21,3,leave
G6-04,harvest,6,2025-01-10,24,24,0,
G6-05,harvest,6,2025-01-10,21,20,1,leave
G7-01,harvest,7,2025-01-10,27,23,4,sick
G7-02,harvest,7,2025-01-10,21,19,2,sick
G7-03,harvest,7,2025-01-10,20,18,2,leave
G7-04,harvest,7,2025-01-10,27,21,6,no show
P1-01,pest,1,2025-01-10,11,9,2,sick
P2-01,pest,2,2025-01-10,10,10,0,
P3-01,pest,3,2025-01-10,11,9,2,leave
P4-01,pest,4,2025-01-10,10,10,0,
P5-01,pest,5,2025-01-10,10,8,2,sick
P6-01,pest,6,2025-01-10,13,11,2,no show
P7-01,pest,7,2025-01-10,13,11,2,sick
S1-01,spray,1,2025-01-10,15,13,2,leave
S2-01,spray,2,2025-01-10,14,14,0,
S3-01,spray,3,2025-01-10,17,15,2,sick
S4-01,spray,4,2025-01-10,16,16,0,
S5-01,spray,5,2025-01-10,13,12,1,leave
S6-01,spray,6,2025-01-10,18,15,3,sick
S7-01,spray,7,2025-01-10,17,16,1,sick
U1-01,upkeep,1,2025-01-10,19,15,4,leave
U1-02,upkeep,1,2025-01-10,19,17,2,leave
U1-03,upkeep,1,2025-01-10,19,16,3,leave
U2-01,upkeep,2,2025-01-10,18,14,4,sick
U2-02,upkeep,2,2025-01-10,18,14,4,leave
U2-03,upkeep,2,2025-01-10,18,15,3,leave
U3-01,upkeep,3,2025-01-10,16,11,5,no show
U3-02,upkeep,3,2025-01-10,16,15,1,no show
U3-03,upkeep,3,2025-01-10,16,12,4,sick
U3-04,upkeep,3,2025-01-10,16,13,3,leave
U4-01,upkeep,4,2025-01-10,15,15,0,
U4-02,upkeep,4,2025-01-10,15,15,0,
U4-03,upkeep,4,2025-01-10,15,15,0,
U4-04,upkeep,4,2025-01-10,15,12,3,leave
U5-01,upkeep,5,2025-01-10,16,15,1,no show
U5-02,upkeep,5,2025-01-10,16,14,2,sick
U5-03,upkeep,5,2025-01-10,16,14,2,leave
U6-01,upkeep,6,2025-01-10,17,15,2,leave
U6-02,upkeep,6,2025-01-10,17,14,3,leave
U6-03,upkeep,6,2025-01-10,17,16,1,sick
U6-04,upkeep,6,2025-01-10,17,15,2,leave
U7-01,upkeep,7,2025-01-10,15,11,4,leave
U7-02,upkeep,7,2025-01-10,15,12,3,no show
U7-03,upkeep,7,2025-01-10,15,13,2,no show
U7-04,upkeep,7,2025-01-10,15,12,3,sick
G1-01,harvest,1,2025-01-11,28,24,4,leave
G1-02,harvest,1,2025-01-11,26,22,4,sick
G1-03,harvest,1,2025-01-11,25,22,3,no show
G1-04,harvest,1,2025-01-11,26,22,4,sick
G2-01,harvest,2,2025-01-11,24,20,4,leave
G2-02,harvest,2,2025-01-11,20,17,3,sick
G2-03,harvest,2,2025-01-11,24,20,4,leave
G2-04,harvest,2,2025-01-11,25,20,5,no show
G3-01,harvest,3,2025-01-11,27,23,4,leave
G3-02,harvest,3,2025-01-11,24,21,3,sick
G3-03,harvest,3,2025-01-11,25,25,0,
G3-04,harvest,3,2025-01-11,24,21,3,no show
G4-01,harvest,4,2025-01-11,26,23,3,leave
G4-02,harvest,4,2025-01-11,25,25,0,
G4-03,harvest,4,2025-01-11,24,23,1,sick
G4-04,harvest,4,2025-01-11,20,20,0,
G5-01,harvest,5,2025-01-11,23,23,0,
G5-02,harvest,5,2025-01-11,27,23,4,no show
G5-03,harvest,5,2025-01-11,19,18,1,leave
G6-01,harvest,6,2025-01-11,24,23,1,leave
G6-02,harvest,6,2025-01-11,18,17,1,sick
G6-03,harvest,6,2025-01-11,24,20,4,leave
G6-04,harvest,6,2025-01-11,24,19,5,leave
G6-05,harvest,6,2025-01-11,21,21,0,
G7-01,harvest,7,2025-01-11,27,25,2,sick
G7-02,harvest,7,2025-01-11,21,20,1,leave
G7-03,harvest,7,2025-01-11,20,17,3,leave
G7-04,harvest,7,2025-01-11,27,27,0,
P1-01,pest,1,2025-01-11,11,7,4,sick
P2-01,pest,2,2025-01-11,10,8,2,leave
P3-01,pest,3,2025-01-11,11,9,2,sick
P4-01,pest,4,2025-01-11,10,10,0,
P5-01,pest,5,2025-01-11,10,10,0,
P6-01,pest,6,2025-01-11,13,12,1,sick
P7-01,pest,7,2025-01-11,13,12,1,leave
S1-01,spray,1,2025-01-11,15,14,1,leave
S2-01,spray,2,2025-01-11,14,13,1,leave
S3-01,spray,3,2025-01-11,17,14,3,sick
S4-01,spray,4,2025-01-11,16,15,1,sick
S5-01,spray,5,2025-01-11,13,12,1,no show
S6-01,spray,6,2025-01-11,18,16,2,sick
S7-01,spray,7,2025-01-11,17,14,3,sick
U1-01,upkeep,1,2025-01-11,19,15,4,leave
U1-02,upkeep,1,2025-01-11,19,15,4,leave
U1-03,upkeep,1,2025-01-11,19,16,3,sick
U2-01,upkeep,2,2025-01-11,18,15,3,leave
U2-02,upkeep,2,2025-01-11,18,16,2,no show
U2-03,upkeep,2,2025-01-11,18,16,2,no show
U3-01,upkeep,3,2025-01-11,16,14,2,sick
U3-02,upkeep,3,2025-01-11,16,15,1,sick
U3-03,upkeep,3,2025-01-11,16,15,1,sick
U3-04,upkeep,3,2025-01-11,16,13,3,sick
U4-01,upkeep,4,2025-01-11,15,15,0,
U4-02,upkeep,4,2025-01-11,15,14,1,sick
U4-03,upkeep,4,2025-01-11,15,14,1,leave
U4-04,upkeep,4,2025-01-11,15,15,0,
U5-01,upkeep,5,2025-01-11,16,16,0,
U5-02,upkeep,5,2025-01-11,16,14,2,sick
U5-03,upkeep,5,2025-01-11,16,14,2,sick
U6-01,upkeep,6,2025-01-11,17,16,1,leave
U6-02,upkeep,6,2025-01-11,17,14,3,sick
U6-03,upkeep,6,2025-01-11,17,15,2,leave
U6-04,upkeep,6,2025-01-11,17,15,2,sick
U7-01,upkeep,7,2025-01-11,15,14,1,sick
U7-02,upkeep,7,2025-01-11,15,14,1,leave
U7-03,upkeep,7,2025-01-11,15,12,3,leave
U7-04,upkeep,7,2025-01-11,15,14,1,sick
G1-01,harvest,1,2025-01-12,28,15,13,rest day
G1-02,harvest,1,2025-01-12,26,14,12,rest day
G1-03,harvest,1,2025-01-12,25,15,10,rest day
G1-04,harvest,1,2025-01-12,26,23,3,rest day
G2-01,harvest,2,2025-01-12,24,18,6,rest day
G2-02,harvest,2,2025-01-12,20,17,3,rest day
G2-03,harvest,2,2025-01-12,24,16,8,rest day
G2-04,harvest,2,2025-01-12,25,14,11,rest day
G3-01,harvest,3,2025-01-12,27,16,11,rest day
G3-02,harvest,3,2025-01-12,24,24,0,
G3-03,harvest,3,2025-01-12,25,25,0,
G3-04,harvest,3,2025-01-12,24,13,11,rest day
G4-01,harvest,4,2025-01-12,26,16,10,rest day
G4-02,harvest,4,2025-01-12,25,25,0,
G4-03,harvest,4,2025-01-12,24,15,9,rest day
G4-04,harvest,4,2025-01-12,20,20,0,
G5-01,harvest,5,2025-01-12,23,23,0,
G5-02,harvest,5,2025-01-12,27,17,10,rest day
G5-03,harvest,5,2025-01-12,19,10,9,rest day
G6-01,harvest,6,2025-01-12,24,13,11,rest day
G6-02,harvest,6,2025-01-12,18,9,9,rest day
G6-03,harvest,6,2025-01-12,24,17,7,rest day
G6-04,harvest,6,2025-01-12,24,12,12,rest day
G6-05,harvest,6,2025-01-12,21,12,9,rest day
G7-01,harvest,7,2025-01-12,27,14,13,rest day
G7-02,harvest,7,2025-01-12,21,10,11,rest day
G7-03,harvest,7,2025-01-12,20,20,0,
G7-04,harvest,7,2025-01-12,27,14,13,rest day
P1-01,pest,1,2025-01-12,11,6,5,rest day
P2-01,pest,2,2025-01-12,10,5,5,rest day
P3-01,pest,3,2025-01-12,11,6,5,rest day
P4-01,pest,4,2025-01-12,10,6,4,rest day
P5-01,pest,5,2025-01-12,10,6,4,rest day
P6-01,pest,6,2025-01-12,13,7,6,rest day
P7-01,pest,7,2025-01-12,13,7,6,rest day
S1-01,spray,1,2025-01-12,15,7,8,rest day
S2-01,spray,2,2025-01-12,14,8,6,rest day
S3-01,spray,3,2025-01-12,17,8,9,rest day
S4-01,spray,4,2025-01-12,16,9,7,rest day
S5-01,spray,5,2025-01-12,13,8,5,rest day
S6-01,spray,6,2025-01-12,18,10,8,rest day
S7-01,spray,7,2025-01-12,17,9,8,rest day
U1-01,upkeep,1,2025-01-12,19,11,8,rest day
U1-02,upkeep,1,2025-01-12,19,9,10,rest day
U1-03,upkeep,1,2025-01-12,19,11,8,rest day
U2-01,upkeep,2,2025-01-12,18,10,8,rest day
U2-02,upkeep,2,2025-01-12,18,10,8,rest day
U2-03,upkeep,2,2025-01-12,18,10,8,rest day
U3-01,upkeep,3,2025-01-12,16,8,8,rest day
U3-02,upkeep,3,2025-01-12,16,9,7,rest day
U3-03,upkeep,3,2025-01-12,16,8,8,rest day
U3-04,upkeep,3,2025-01-12,16,8,8,rest day
U4-01,upkeep,4,2025-01-12,15,10,5,rest day
U4-02,upkeep,4,2025-01-12,15,8,7,rest day
U4-03,upkeep,4,2025-01-12,15,9,6,rest day
U4-04,upkeep,4,2025-01-12,15,8,7,rest day
U5-01,upkeep,5,2025-01-12,16,9,7,rest day
U5-02,upkeep,5,2025-01-12,16,9,7,rest day
U5-03,upkeep,5,2025-01-12,16,10,6,rest day
U6-01,upkeep,6,2025-01-12,17,11,6,rest day
U6-02,upkeep,6,2025-01-12,17,9,8,rest day
U6-03,upkeep,6,2025-01-12,17,9,8,rest day
U6-04,upkeep,6,2025-01-12,17,8,9,rest day
U7-01,upkeep,7,2025-01-12,15,8,7,rest day
U7-02,upkeep,7,2025-01-12,15,8,7,rest day
U7-03,upkeep,7,2025-01-12,15,7,8,rest day
U7-04,upkeep,7,2025-01-12,15,8,7,rest day
G1-01,harvest,1,2025-01-13,28,25,3,sick
G1-02,harvest,1,2025-01-13,26,26,0,
G1-03,harvest,1,2025-01-13,25,25,0,
G1-04,harvest,1,2025-01-13,26,26,0,
G2-01,harvest,2,2025-01-13,24,21,3,leave
G2-02,harvest,2,2025-01-13,20,16,4,leave
G2-03,harvest,2,2025-01-13,24,20,4,leave
G2-04,harvest,2,2025-01-13,25,25,0,
G3-01,harvest,3,2025-01-13,27,25,2,leave
G3-02,harvest,3,2025-01-13,24,24,0,
G3-03,harvest,3,2025-01-13,25,22,3,leave
G3-04,harvest,3,2025-01-13,24,19,5,sick
G4-01,harvest,4,2025-01-13,26,21,5,sick
G4-02,harvest,4,2025-01-13,25,25,0,
G4-03,harvest,4,2025-01-13,24,23,1,sick
G4-04,harvest,4,2025-01-13,20,19,1,leave
G5-01,harvest,5,2025-01-13,23,21,2,sick
G5-02,harvest,5,2025-01-13,27,25,2,no show
G5-03,harvest,5,2025-01-13,19,19,0,
G6-01,harvest,6,2025-01-13,24,24,0,
G6-02,harvest,6,2025-01-13,18,17,1,leave
G6-03,harvest,6,2025-01-13,24,18,6,leave
G6-04,harvest,6,2025-01-13,24,22,2,leave
G6-05,harvest,6,2025-01-13,21,19,2,leave
G7-01,harvest,7,2025-01-13,27,25,2,sick
G7-02,harvest,7,2025-01-13,21,21,0,
G7-03,harvest,7,2025-01-13,20,18,2,no show
G7-04,harvest,7,2025-01-13,27,27,0,
P1-01,pest,1,2025-01-13,11,10,1,no show
P2-01,pest,2,2025-01-13,10,9,1,sick
P3-01,pest,3,2025-01-13,11,9,2,sick
P4-01,pest,4,2025-01-13,10,9,1,sick
P5-01,pest,5,2025-01-13,10,10,0,
P6-01,pest,6,2025-01-13,13,13,0,
P7-01,pest,7,2025-01-13,13,12,1,leave
S1-01,spray,1,2025-01-13,15,12,3,leave
S2-01,spray,2,2025-01-13,14,11,3,leave
S3-01,spray,3,2025-01-13,17,15,2,leave
S4-01,spray,4,2025-01-13,16,16,0,
S5-01,spray,5,2025-01-13,13,13,0,
S6-01,spray,6,2025-01-13,18,17,1,sick
S7-01,spray,7,2025-01-13,17,11,6,leave
U1-01,upkeep,1,2025-01-13,19,17,2,sick
U1-02,upkeep,1,2025-01-13,19,17,2,sick
U1-03,upkeep,1,2025-01-13,19,15,4,leave
U2-01,upkeep,2,2025-01-13,18,16,2,no show
U2-02,upkeep,2,2025-01-13,18,16,2,sick
U2-03,upkeep,2,2025-01-13,18,17,1,sick
U3-01,upkeep,3,2025-01-13,16,12,4,sick
U3-02,upkeep,3,2025-01-13,16,13,3,sick
U3-03,upkeep,3,2025-01-13,16,13,3,no show
U3-04,upkeep,3,2025-01-13,16,14,2,sick
U4-01,upkeep,4,2025-01-13,15,13,2,leave
U4-02,upkeep,4,2025-01-13,15,14,1,sick
U4-03,upkeep,4,2025-01-13,15,15,0,
U4-04,upkeep,4,2025-01-13,15,15,0,
U5-01,upkeep,5,2025-01-13,16,16,0,
U5-02,upkeep,5,2025-01-13,16,15,1,no show
U5-03,upkeep,5,2025-01-13,16,15,1,sick
U6-01,upkeep,6,2025-01-13,17,16,1,sick
U6-02,upkeep,6,2025-01-13,17,14,3,leave
U6-03,upkeep,6,2025-01-13,17,15,2,no show
U6-04,upkeep,6,2025-01-13,17,15,2,no show
U7-01,upkeep,7,2025-01-13,15,12,3,sick
U7-02,upkeep,7,2025-01-13,15,13,2,leave
U7-03,upkeep,7,2025-01-13,15,12,3,leave
U7-04,upkeep,7,2025-01-13,15,12,3,leave
G1-01,harvest,1,2025-01-14,28,23,5,leave
G1-02,harvest,1,2025-01-14,26,23,3,sick
G1-03,harvest,1,2025-01-14,25,23,2,leave
G1-04,harvest,1,2025-01-14,26,22,4,sick
G2-01,harvest,2,2025-01-14,24,18,6,no show
G2-02,harvest,2,2025-01-14,20,19,1,sick
G2-03,harvest,2,2025-01-14,24,21,3,leave
G2-04,harvest,2,2025-01-14,25,24,1,sick
G3-01,harvest,3,2025-01-14,27,27,0,
G3-02,harvest,3,2025-01-14,24,24,0,
G3-03,harvest,3,2025-01-14,25,25,0,
G3-04,harvest,3,2025-01-14,24,23,1,sick
G4-01,harvest,4,2025-01-14,26,26,0,
G4-02,harvest,4,2025-01-14,25,25,0,
G4-03,harvest,4,2025-01-14,24,23,1,sick
G4-04,harvest,4,2025-01-14,20,18,2,leave
G5-01,harvest,5,2025-01-14,23,23,0,
G5-02,harvest,5,2025-01-14,27,27,0,
G5-03,harvest,5,2025-01-14,19,19,0,
G6-01,harvest,6,2025-01-14,24,22,2,sick
G6-02,harvest,6,2025-01-14,18,18,0,
G6-03,harvest,6,2025-01-14,24,23,1,leave
G6-04,harvest,6,2025-01-14,24,20,4,no show
G6-05,harvest,6,2025-01-14,21,20,1,leave
G7-01,harvest,7,2025-01-14,27,24,3,no show
G7-02,harvest,7,2025-01-14,21,21,0,
G7-03,harvest,7,2025-01-14,20,17,3,leave
G7-04,harvest,7,2025-01-14,27,21,6,sick
P1-01,pest,1,2025-01-14,11,10,1,no show
P2-01,pest,2,2025-01-14,10,8,2,leave
P3-01,pest,3,2025-01-14,11,10,1,leave
P4-01,pest,4,2025-01-14,10,10,0,
P5-01,pest,5,2025-01-14,10,9,1,leave
P6-01,pest,6,2025-01-14,13,12,1,leave
P7-01,pest,7,2025-01-14,13,12,1,sick
S1-01,spray,1,2025-01-14,15,14,1,sick
S2-01,spray,2,2025-01-14,14,11,3,leave
S3-01,spray,3,2025-01-14,17,16,1,sick
S4-01,spray,4,2025-01-14,16,16,0,
S5-01,spray,5,2025-01-14,13,12,1,no show
S6-01,spray,6,2025-01-14,18,13,5,no show
S7-01,spray,7,2025-01-14,17,12,5,leave
U1-01,upkeep,1,2025-01-14,19,17,2,leave
U1-02,upkeep,1,2025-01-14,19,17,2,sick
U1-03,upkeep,1,2025-01-14,19,16,3,leave
U2-01,upkeep,2,2025-01-14,18,16,2,sick
U2-02,upkeep,2,2025-01-14,18,16,2,sick
U2-03,upkeep,2,2025-01-14,18,13,5,leave
U3-01,upkeep,3,2025-01-14,16,15,1,no show
U3-02,upkeep,3,2025-01-14,16,14,2,no show
U3-03,upkeep,3,2025-01-14,16,14,2,sick
U3-04,upkeep,3,2025-01-14,16,16,0,
U4-01,upkeep,4,2025-01-14,15,15,0,
U4-02,upkeep,4,2025-01-14,15,15,0,
U4-03,upkeep,4,2025-01-14,15,15,0,
U4-04,upkeep,4,2025-01-14,15,14,1,sick
U5-01,upkeep,5,2025-01-14,16,15,1,sick
U5-02,upkeep,5,2025-01-14,16,13,3,no show
U5-03,upkeep,5,2025-01-14,16,13,3,leave
U6-01,upkeep,6,2025-01-14,17,13,4,leave
U6-02,upkeep,6,2025-01-14,17,14,3,leave
U6-03,upkeep,6,2025-01-14,17,15,2,leave
U6-04,upkeep,6,2025-01-14,17,15,2,sick
U7-01,upkeep,7,2025-01-14,15,13,2,no show
U7-02,upkeep,7,2025-01-14,15,12,3,sick
U7-03,upkeep,7,2025-01-14,15,13,2,sick
U7-04,upkeep,7,2025-01-14,15,11,4,leave
G1-01,harvest,1,2025-01-15,28,27,1,no show
G1-02,harvest,1,2025-01-15,26,21,5,leave
G1-03,harvest,1,2025-01-15,25,23,2,sick
G1-04,harvest,1,2025-01-15,26,26,0,
G2-01,harvest,2,2025-01-15,24,24,0,
G2-02,harvest,2,2025-01-15,20,17,3,no show
G2-03,harvest,2,2025-01-15,24,20,4,sick
G2-04,harvest,2,2025-01-15,25,23,2,leave
G3-01,harvest,3,2025-01-15,27,27,0,
G3-02,harvest,3,2025-01-15,24,24,0,
G3-03,harvest,3,2025-01-15,25,22,3,no show
G3-04,harvest,3,2025-01-15,24,21,3,sick
G4-01,harvest,4,2025-01-15,26,25,1,no show
G4-02,harvest,4,2025-01-15,25,25,0,
G4-03,harvest,4,2025-01-15,24,24,0,
G4-04,harvest,4,2025-01-15,20,19,1,leave
G5-01,harvest,5,2025-01-15,23,23,0,
G5-02,harvest,5,2025-01-15,27,25,2,sick
G5-03,harvest,5,2025-01-15,19,18,1,sick
G6-01,harvest,6,2025-01-15,24,19,5,leave
G6-02,harvest,6,2025-01-15,18,15,3,no show
G6-03,harvest,6,2025-01-15,24,24,0,
G6-04,harvest,6,2025-01-15,24,23,1,no show
G6-05,harvest,6,2025-01-15,21,19,2,sick
G7-01,harvest,7,2025-01-15,27,23,4,sick
G7-02,harvest,7,2025-01-15,21,19,2,no show
G7-03,harvest,7,2025-01-15,20,20,0,
G7-04,harvest,7,2025-01-15,27,25,2,no show
P1-01,pest,1,2025-01-15,11,10,1,sick
P2-01,pest,2,2025-01-15,10,8,2,no show
P3-01,pest,3,2025-01-15,11,10,1,leave
P4-01,pest,4,2025-01-15,10,10,0,
P5-01,pest,5,2025-01-15,10,10,0,
P6-01,pest,6,2025-01-15,13,10,3,sick
P7-01,pest,7,2025-01-15,13,11,2,no show
S1-01,spray,1,2025-01-15,15,13,2,no show
S2-01,spray,2,2025-01-15,14,12,2,sick
S3-01,spray,3,2025-01-15,17,14,3,leave
S4-01,spray,4,2025-01-15,16,14,2,no show
S5-01,spray,5,2025-01-15,13,13,0,
S6-01,spray,6,2025-01-15,18,17,1,leave
S7-01,spray,7,2025-01-15,17,15,2,sick
U1-01,upkeep,1,2025-01-15,19,15,4,leave
U1-02,upkeep,1,2025-01-15,19,17,2,no show
U1-03,upkeep,1,2025-01-15,19,15,4,no show
U2-01,upkeep,2,2025-01-15,18,16,2,leave
U2-02,upkeep,2,2025-01-15,18,15,3,sick
U2-03,upkeep,2,2025-01-15,18,16,2,leave
U3-01,upkeep,3,2025-01-15,16,14,2,sick
U3-02,upkeep,3,2025-01-15,16,15,1,sick
U3-03,upkeep,3,2025-01-15,16,14,2,sick
U3-04,upkeep,3,2025-01-15,16,15,1,leave
U4-01,upkeep,4,2025-01-15,15,15,0,
U4-02,upkeep,4,2025-01-15,15,14,1,leave
U4-03,upkeep,4,2025-01-15,15,15,0,
U4-04,upkeep,4,2025-01-15,15,13,2,no show
U5-01,upkeep,5,2025-01-15,16,16,0,
U5-02,upkeep,5,2025-01-15,16,15,1,leave
U5-03,upkeep,5,2025-01-15,16,13,3,leave
U6-01,upkeep,6,2025-01-15,17,14,3,sick
U6-02,upkeep,6,2025-01-15,17,12,5,sick
U6-03,upkeep,6,2025-01-15,17,15,2,sick
U6-04,upkeep,6,2025-01-15,17,13,4,no show
U7-01,upkeep,7,2025-01-15,15,13,2,no show
U7-02,upkeep,7,2025-01-15,15,12,3,no show
U7-03,upkeep,7,2025-01-15,15,11,4,leave
U7-04,upkeep,7,2025-01-15,15,12,3,leave
G1-01,harvest,1,2025-01-16,28,24,4,no show
G1-02,harvest,1,2025-01-16,26,22,4,leave
G1-03,harvest,1,2025-01-16,25,22,3,no show
G1-04,harvest,1,2025-01-16,26,22,4,leave
G2-01,harvest,2,2025-01-16,24,24,0,
G2-02,harvest,2,2025-01-16,20,18,2,leave
G2-03,harvest,2,2025-01-16,24,18,6,no show
G2-04,harvest,2,2025-01-16,25,23,2,sick
G3-01,harvest,3,2025-01-16,27,24,3,leave
G3-02,harvest,3,2025-01-16,24,20,4,sick
G3-03,harvest,3,2025-01-16,25,25,0,
G3-04,harvest,3,2025-01-16,24,20,4,sick
G4-01,harvest,4,2025-01-16,26,25,1,no show
G4-02,harvest,4,2025-01-16,25,25,0,
G4-03,harvest,4,2025-01-16,24,24,0,
G4-04,harvest,4,2025-01-16,20,20,0,
G5-01,harvest,5,2025-01-16,23,22,1,sick
G5-02,harvest,5,2025-01-16,27,27,0,
G5-03,harvest,5,2025-01-16,19,19,0,
G6-01,harvest,6,2025-01-16,24,22,2,leave
G6-02,harvest,6,2025-01-16,18,16,2,leave
G6-03,harvest,6,2025-01-16,24,23,1,sick
G6-04,harvest,6,2025-01-16,24,22,2,sick
G6-05,harvest,6,2025-01-16,21,17,4,sick
G7-01,harvest,7,2025-01-16,27,21,6,no show
G7-02,harvest,7,2025-01-16,21,19,2,leave
G7-03,harvest,7,2025-01-16,20,17,3,sick
G7-04,harvest,7,2025-01-16,27,21,6,no show
P1-01,pest,1,2025-01-16,11,9,2,no show
P2-01,pest,2,2025-01-16,10,8,2,leave
P3-01,pest,3,2025-01-16,11,9,2,sick
P4-01,pest,4,2025-01-16,10,9,1,sick
P5-01,pest,5,2025-01-16,10,9,1,no show
P6-01,pest,6,2025-01-16,13,11,2,sick
P7-01,pest,7,2025-01-16,13,10,3,sick
S1-01,spray,1,2025-01-16,15,12,3,sick
S2-01,spray,2,2025-01-16,14,14,0,
S3-01,spray,3,2025-01-16,17,16,1,no show
S4-01,spray,4,2025-01-16,16,16,0,
S5-01,spray,5,2025-01-16,13,13,0,
S6-01,spray,6,2025-01-16,18,14,4,sick
S7-01,spray,7,2025-01-16,17,15,2,sick
U1-01,upkeep,1,2025-01-16,19,17,2,leave
U1-02,upkeep,1,2025-01-16,19,18,1,sick
U1-03,upkeep,1,2025-01-16,19,17,2,leave
U2-01,upkeep,2,2025-01-16,18,15,3,leave
U2-02,upkeep,2,2025-01-16,18,15,3,no show
U2-03,upkeep,2,2025-01-16,18,14,4,sick
U3-01,upkeep,3,2025-01-16,16,15,1,sick
U3-02,upkeep,3,2025-01-16,16,14,2,leave
U3-03,upkeep,3,2025-01-16,16,14,2,sick
U3-04,upkeep,3,2025-01-16,16,14,2,leave
U4-01,upkeep,4,2025-01-16,15,14,1,leave
U4-02,upkeep,4,2025-01-16,15,15,0,
U4-03,upkeep,4,2025-01-16,15,14,1,sick
U4-04,upkeep,4,2025-01-16,15,15,0,
U5-01,upkeep,5,2025-01-16,16,15,1,leave
U5-02,upkeep,5,2025-01-16,16,14,2,sick
U5-03,upkeep,5,2025-01-16,16,12,4,leave
U6-01,upkeep,6,2025-01-16,17,16,1,sick
U6-02,upkeep,6,2025-01-16,17,15,2,sick
U6-03,upkeep,6,2025-01-16,17,15,2,no show
U6-04,upkeep,6,2025-01-16,17,15,2,sick
U7-01,upkeep,7,2025-01-16,15,12,3,no show
U7-02,upkeep,7,2025-01-16,15,12,3,no show
U7-03,upkeep,7,2025-01-16,15,12,3,no show
U7-04,upkeep,7,2025-01-16,15,14,1,leave
G1-01,harvest,1,2025-01-17,28,23,5,sick
G1-02,harvest,1,2025-01-17,26,20,6,leave
G1-03,harvest,1,2025-01-17,25,21,4,sick
G1-04,harvest,1,2025-01-17,26,23,3,no show
G2-01,harvest,2,2025-01-17,24,21,3,sick
G2-02,harvest,2,2025-01-17,20,17,3,leave
G2-03,harvest,2,2025-01-17,24,21,3,sick
G2-04,harvest,2,2025-01-17,25,22,3,sick
G3-01,harvest,3,2025-01-17,27,21,6,no show
G3-02,harvest,3,2025-01-17,24,22,2,sick
G3-03,harvest,3,2025-01-17,25,23,2,sick
G3-04,harvest,3,2025-01-17,24,24,0,
G4-01,harvest,4,2025-01-17,26,26,0,
G4-02,harvest,4,2025-01-17,25,25,0,
G4-03,harvest,4,2025-01-17,24,22,2,leave
G4-04,harvest,4,2025-01-17,20,19,1,no show
G5-01,harvest,5,2025-01-17,23,22,1,sick
G5-02,harvest,5,2025-01-17,27,26,1,leave
G5-03,harvest,5,2025-01-17,19,19,0,
G6-01,harvest,6,2025-01-17,24,20,4,leave
G6-02,harvest,6,2025-01-17,18,18,0,
G6-03,harvest,6,2025-01-17,24,20,4,leave
G6-04,harvest,6,2025-01-17,24,23,1,no show
G6-05,harvest,6,2025-01-17,21,17,4,leave
G7-01,harvest,7,2025-01-17,27,27,0,
G7-02,harvest,7,2025-01-17,21,21,0,
G7-03,harvest,7,2025-01-17,20,17,3,no show
G7-04,harvest,7,2025-01-17,27,27,0,
P1-01,pest,1,2025-01-17,11,7,4,sick
P2-01,pest,2,2025-01-17,10,10,0,
P3-01,pest,3,2025-01-17,11,10,1,sick
P4-01,pest,4,2025-01-17,10,9,1,leave
P5-01,pest,5,2025-01-17,10,9,1,leave
P6-01,pest,6,2025-01-17,13,11,2,leave
P7-01,pest,7,2025-01-17,13,9,4,no show
S1-01,spray,1,2025-01-17,15,13,2,no show
S2-01,spray,2,2025-01-17,14,12,2,sick
S3-01,spray,3,2025-01-17,17,15,2,sick
S4-01,spray,4,2025-01-17,16,15,1,sick
S5-01,spray,5,2025-01-17,13,13,0,
S6-01,spray,6,2025-01-17,18,16,2,sick
S7-01,spray,7,2025-01-17,17,14,3,leave
U1-01,upkeep,1,2025-01-17,19,16,3,no show
U1-02,upkeep,1,2025-01-17,19,18,1,leave
U1-03,upkeep,1,2025-01-17,19,16,3,leave
U2-01,upkeep,2,2025-01-17,18,17,1,sick
U2-02,upkeep,2,2025-01-17,18,16,2,no show
U2-03,upkeep,2,2025-01-17,18,15,3,leave
U3-01,upkeep,3,2025-01-17,16,15,1,sick
U3-02,upkeep,3,2025-01-17,16,12,4,no show
U3-03,upkeep,3,2025-01-17,16,13,3,sick
U3-04,upkeep,3,2025-01-17,16,13,3,leave
U4-01,upkeep,4,2025-01-17,15,14,1,sick
U4-02,upkeep,4,2025-01-17,15,15,0,
U4-03,upkeep,4,2025-01-17,15,14,1,sick
U4-04,upkeep,4,2025-01-17,15,15,0,
U5-01,upkeep,5,2025-01-17,16,15,1,no show
U5-02,upkeep,5,2025-01-17,16,15,1,no show
U5-03,upkeep,5,2025-01-17,16,16,0,
U6-01,upkeep,6,2025-01-17,17,13,4,leave
U6-02,upkeep,6,2025-01-17,17,15,2,sick
U6-03,upkeep,6,2025-01-17,17,14,3,leave
U6-04,upkeep,6,2025-01-17,17,13,4,sick
U7-01,upkeep,7,2025-01-17,15,13,2,leave
U7-02,upkeep,7,2025-01-17,15,12,3,no show
U7-03,upkeep,7,2025-01-17,15,12,3,no show
U7-04,upkeep,7,2025-01-17,15,14,1,sick
G1-01,harvest,1,2025-01-18,28,23,5,sick
G1-02,harvest,1,2025-01-18,26,26,0,
G1-03,harvest,1,2025-01-18,25,23,2,leave
G1-04,harvest,1,2025-01-18,26,20,6,sick
G2-01,harvest,2,2025-01-18,24,20,4,leave
G2-02,harvest,2,2025-01-18,20,17,3,leave
G2-03,harvest,2,2025-01-18,24,24,0,
G2-04,harvest,2,2025-01-18,25,20,5,leave
G3-01,harvest,3,2025-01-18,27,25,2,no show
G3-02,harvest,3,2025-01-18,24,21,3,sick
G3-03,harvest,3,2025-01-18,25,25,0,
G3-04,harvest,3,2025-01-18,24,23,1,sick
G4-01,harvest,4,2025-01-18,26,24,2,sick
G4-02,harvest,4,2025-01-18,25,25,0,
G4-03,harvest,4,2025-01-18,24,23,1,sick
G4-04,harvest,4,2025-01-18,20,20,0,
G5-01,harvest,5,2025-01-18,23,22,1,no show
G5-02,harvest,5,2025-01-18,27,26,1,sick
G5-03,harvest,5,2025-01-18,19,19,0,
G6-01,harvest,6,2025-01-18,24,24,0,
G6-02,harvest,6,2025-01-18,18,18,0,
G6-03,harvest,6,2025-01-18,24,18,6,sick
G6-04,harvest,6,2025-01-18,24,24,0,
G6-05,harvest,6,2025-01-18,21,21,0,
G7-01,harvest,7,2025-01-18,27,22,5,sick
G7-02,harvest,7,2025-01-18,21,18,3,sick
G7-03,harvest,7,2025-01-18,20,18,2,no show
G7-04,harvest,7,2025-01-18,27,22,5,no show
P1-01,pest,1,2025-01-18,11,9,2,leave
P2-01,pest,2,2025-01-18,10,8,2,leave
P3-01,pest,3,2025-01-18,11,9,2,no show
P4-01,pest,4,2025-01-18,10,10,0,
P5-01,pest,5,2025-01-18,10,10,0,
P6-01,pest,6,2025-01-18,13,11,2,no show
P7-01,pest,7,2025-01-18,13,11,2,no show
S1-01,spray,1,2025-01-18,15,12,3,sick
S2-01,spray,2,2025-01-18,14,10,4,sick
S3-01,spray,3,2025-01-18,17,16,1,no show
S4-01,spray,4,2025-01-18,16,15,1,sick
S5-01,spray,5,2025-01-18,13,13,0,
S6-01,spray,6,2025-01-18,18,16,2,leave
S7-01,spray,7,2025-01-18,17,14,3,sick
U1-01,upkeep,1,2025-01-18,19,18,1,no show
U1-02,upkeep,1,2025-01-18,19,16,3,sick
U1-03,upkeep,1,2025-01-18,19,16,3,sick
U2-01,upkeep,2,2025-01-18,18,15,3,no show
U2-02,upkeep,2,2025-01-18,18,15,3,sick
U2-03,upkeep,2,2025-01-18,18,18,0,
U3-01,upkeep,3,2025-01-18,16,14,2,leave
U3-02,upkeep,3,2025-01-18,16,11,5,sick
U3-03,upkeep,3,2025-01-18,16,16,0,
U3-04,upkeep,3,2025-01-18,16,15,1,leave
U4-01,upkeep,4,2025-01-18,15,14,1,no show
U4-02,upkeep,4,2025-01-18,15,14,1,leave
U4-03,upkeep,4,2025-01-18,15,12,3,sick
U4-04,upkeep,4,2025-01-18,15,14,1,leave
U5-01,upkeep,5,2025-01-18,16,14,2,no show
U5-02,upkeep,5,2025-01-18,16,16,0,
U5-03,upkeep,5,2025-01-18,16,14,2,sick
U6-01,upkeep,6,2025-01-18,17,14,3,leave
U6-02,upkeep,6,2025-01-18,17,13,4,leave
U6-03,upkeep,6,2025-01-18,17,15,2,no show
U6-04,upkeep,6,2025-01-18,17,15,2,leave
U7-01,upkeep,7,2025-01-18,15,11,4,sick
U7-02,upkeep,7,2025-01-18,15,13,2,sick
U7-03,upkeep,7,2025-01-18,15,12,3,sick
U7-04,upkeep,7,2025-01-18,15,12,3,sick
G1-01,harvest,1,2025-01-19,28,20,8,rest day
G1-02,harvest,1,2025-01-19,26,17,9,rest day
G1-03,harvest,1,2025-01-19,25,25,0,
G1-04,harvest,1,2025-01-19,26,13,13,rest day
G2-01,harvest,2,2025-01-19,24,13,11,rest day
G2-02,harvest,2,2025-01-19,20,20,0,
G2-03,harvest,2,2025-01-19,24,14,10,rest day
G2-04,harvest,2,2025-01-19,25,13,12,rest day
G3-01,harvest,3,2025-01-19,27,14,13,rest day
G3-02,harvest,3,2025-01-19,24,24,0,
G3-03,harvest,3,2025-01-19,25,24,1,rest day
G3-04,harvest,3,2025-01-19,24,11,13,rest day
G4-01,harvest,4,2025-01-19,26,16,10,rest day
G4-02,harvest,4,2025-01-19,25,25,0,
G4-03,harvest,4,2025-01-19,24,14,10,rest day
G4-04,harvest,4,2025-01-19,20,11,9,rest day
G5-01,harvest,5,2025-01-19,23,18,5,rest day
G5-02,harvest,5,2025-01-19,27,27,0,
G5-03,harvest,5,2025-01-19,19,14,5,rest day
G6-01,harvest,6,2025-01-19,24,13,11,rest day
G6-02,harvest,6,2025-01-19,18,18,0,
G6-03,harvest,6,2025-01-19,24,14,10,rest day
G6-04,harvest,6,2025-01-19,24,15,9,rest day
G6-05,harvest,6,2025-01-19,21,18,3,rest day
G7-01,harvest,7,2025-01-19,27,14,13,rest day
G7-02,harvest,7,2025-01-19,21,11,10,rest day
G7-03,harvest,7,2025-01-19,20,18,2,rest day
G7-04,harvest,7,2025-01-19,27,12,15,rest day
P1-01,pest,1,2025-01-19,11,6,5,rest day
P2-01,pest,2,2025-01-19,10,5,5,rest day
P3-01,pest,3,2025-01-19,11,7,4,rest day
P4-01,pest,4,2025-01-19,10,6,4,rest day
P5-01,pest,5,2025-01-19,10,6,4,rest day
P6-01,pest,6,2025-01-19,13,8,5,rest day
P7-01,pest,7,2025-01-19,13,6,7,rest day
S1-01,spray,1,2025-01-19,15,8,7,rest day
S2-01,spray,2,2025-01-19,14,9,5,rest day
S3-01,spray,3,2025-01-19,17,10,7,rest day
S4-01,spray,4,2025-01-19,16,10,6,rest day
S5-01,spray,5,2025-01-19,13,7,6,rest day
S6-01,spray,6,2025-01-19,18,9,9,rest day
S7-01,spray,7,2025-01-19,17,9,8,rest day
U1-01,upkeep,1,2025-01-19,19,10,9,rest day
U1-02,upkeep,1,2025-01-19,19,11,8,rest day
U1-03,upkeep,1,2025-01-19,19,9,10,rest day
U2-01,upkeep,2,2025-01-19,18,9,9,rest day
U2-02,upkeep,2,2025-01-19,18,10,8,rest day
U2-03,upkeep,2,2025-01-19,18,8,10,rest day
U3-01,upkeep,3,2025-01-19,16,9,7,rest day
U3-02,upkeep,3,2025-01-19,16,9,7,rest day
U3-03,upkeep,3,2025-01-19,16,8,8,rest day
U3-04,upkeep,3,2025-01-19,16,6,10,rest day
U4-01,upkeep,4,2025-01-19,15,9,6,rest day
U4-02,upkeep,4,2025-01-19,15,10,5,rest day
U4-03,upkeep,4,2025-01-19,15,10,5,rest day
U4-04,upkeep,4,2025-01-19,15,9,6,rest day
U5-01,upkeep,5,2025-01-19,16,10,6,rest day
U5-02,upkeep,5,2025-01-19,16,10,6,rest day
U5-03,upkeep,5,2025-01-19,16,8,8,rest day
U6-01,upkeep,6,2025-01-19,17,9,8,rest day
U6-02,upkeep,6,2025-01-19,17,9,8,rest day
U6-03,upkeep,6,2025-01-19,17,10,7,rest day
U6-04,upkeep,6,2025-01-19,17,9,8,rest day
U7-01,upkeep,7,2025-01-19,15,5,10,rest day
U7-02,upkeep,7,2025-01-19,15,8,7,rest day
U7-03,upkeep,7,2025-01-19,15,8,7,rest day
U7-04,upkeep,7,2025-01-19,15,6,9,rest day
G1-01,harvest,1,2025-01-20,28,27,1,leave
G1-02,harvest,1,2025-01-20,26,21,5,no show
G1-03,harvest,1,2025-01-20,25,20,5,no show
G1-04,harvest,1,2025-01-20,26,23,3,sick
G2-01,harvest,2,2025-01-20,24,20,4,sick
G2-02,harvest,2,2025-01-20,20,18,2,sick
G2-03,harvest,2,2025-01-20,24,22,2,leave
G2-04,harvest,2,2025-01-20,25,25,0,
G3-01,harvest,3,2025-01-20,27,25,2,sick
G3-02,harvest,3,2025-01-20,24,24,0,
G3-03,harvest,3,2025-01-20,25,22,3,sick
G3-04,harvest,3,2025-01-20,24,22,2,no show
G4-01,harvest,4,2025-01-20,26,25,1,leave
G4-02,harvest,4,2025-01-20,25,25,0,
G4-03,harvest,4,2025-01-20,24,23,1,sick
G4-04,harvest,4,2025-01-20,20,18,2,sick
G5-01,harvest,5,2025-01-20,23,23,0,
G5-02,harvest,5,2025-01-20,27,23,4,no show
G5-03,harvest,5,2025-01-20,19,19,0,
G6-01,harvest,6,2025-01-20,24,23,1,no show
G6-02,harvest,6,2025-01-20,18,18,0,
G6-03,harvest,6,2025-01-20,24,21,3,sick
G6-04,harvest,6,2025-01-20,24,24,0,
G6-05,harvest,6,2025-01-20,21,16,5,sick
G7-01,harvest,7,2025-01-20,27,23,4,no show
G7-02,harvest,7,2025-01-20,21,21,0,
G7-03,harvest,7,2025-01-20,20,20,0,
G7-04,harvest,7,2025-01-20,27,24,3,sick
P1-01,pest,1,2025-01-20,11,9,2,sick
P2-01,pest,2,2025-01-20,10,9,1,sick
P3-01,pest,3,2025-01-20,11,10,1,leave
P4-01,pest,4,2025-01-20,10,8,2,sick
P5-01,pest,5,2025-01-20,10,10,0,
P6-01,pest,6,2025-01-20,13,11,2,sick
P7-01,pest,7,2025-01-20,13,12,1,leave
S1-01,spray,1,2025-01-20,15,14,1,sick
S2-01,spray,2,2025-01-20,14,11,3,no show
S3-01,spray,3,2025-01-20,17,14,3,leave
S4-01,spray,4,2025-01-20,16,15,1,sick
S5-01,spray,5,2025-01-20,13,12,1,no show
S6-01,spray,6,2025-01-20,18,15,3,leave
S7-01,spray,7,2025-01-20,17,13,4,leave
U1-01,upkeep,1,2025-01-20,19,14,5,sick
U1-02,upkeep,1,2025-01-20,19,17,2,no show
U1-03,upkeep,1,2025-01-20,19,16,3,no show
U2-01,upkeep,2,2025-01-20,18,13,5,no show
U2-02,upkeep,2,2025-01-20,18,13,5,no show
U2-03,upkeep,2,2025-01-20,18,17,1,leave
U3-01,upkeep,3,2025-01-20,16,15,1,sick
U3-02,upkeep,3,2025-01-20,16,15,1,leave
U3-03,upkeep,3,2025-01-20,16,13,3,no show
U3-04,upkeep,3,2025-01-20,16,13,3,no show
U4-01,upkeep,4,2025-01-20,15,13,2,leave
U4-02,upkeep,4,2025-01-20,15,14,1,sick
U4-03,upkeep,4,2025-01-20,15,15,0,
U4-04,upkeep,4,2025-01-20,15,14,1,sick
U5-01,upkeep,5,2025-01-20,16,14,2,no show
U5-02,upkeep,5,2025-01-20,16,16,0,
U5-03,upkeep,5,2025-01-20,16,13,3,no show
U6-01,upkeep,6,2025-01-20,17,15,2,leave
U6-02,upkeep,6,2025-01-20,17,15,2,leave
U6-03,upkeep,6,2025-01-20,17,16,1,sick
U6-04,upkeep,6,2025-01-20,17,14,3,no show
U7-01,upkeep,7,2025-01-20,15,13,2,no show
U7-02,upkeep,7,2025-01-20,15,10,5,leave
U7-03,upkeep,7,2025-01-20,15,13,2,sick
U7-04,upkeep,7,2025-01-20,15,13,2,sick
G1-01,harvest,1,2025-01-21,28,24,4,leave
G1-02,harvest,1,2025-01-21,26,21,5,no show
G1-03,harvest,1,2025-01-21,25,24,1,sick
G1-04,harvest,1,2025-01-21,26,23,3,sick
G2-01,harvest,2,2025-01-21,24,24,0,
G2-02,harvest,2,2025-01-21,20,20,0,
G2-03,harvest,2,2025-01-21,24,19,5,sick
G2-04,harvest,2,2025-01-21,25,23,2,no show
G3-01,harvest,3,2025-01-21,27,27,0,
G3-02,harvest,3,2025-01-21,24,23,1,leave
G3-03,harvest,3,2025-01-21,25,24,1,sick
G3-04,harvest,3,2025-01-21,24,21,3,no show
G4-01,harvest,4,2025-01-21,26,26,0,
G4-02,harvest,4,2025-01-21,25,24,1,leave
G4-03,harvest,4,2025-01-21,24,24,0,
G4-04,harvest,4,2025-01-21,20,20,0,
G5-01,harvest,5,2025-01-21,23,23,0,
G5-02,harvest,5,2025-01-21,27,25,2,sick
G5-03,harvest,5,2025-01-21,19,19,0,
G6-01,harvest,6,2025-01-21,24,20,4,sick
G6-02,harvest,6,2025-01-21,18,16,2,sick
G6-03,harvest,6,2025-01-21,24,24,0,
G6-04,harvest,6,2025-01-21,24,21,3,leave
G6-05,harvest,6,2025-01-21,21,17,4,sick
G7-01,harvest,7,2025-01-21,27,24,3,sick
G7-02,harvest,7,2025-01-21,21,18,3,sick
G7-03,harvest,7,2025-01-21,20,15,5,leave
G7-04,harvest,7,2025-01-21,27,26,1,no show
P1-01,pest,1,2025-01-21,11,10,1,sick
P2-01,pest,2,2025-01-21,10,10,0,
P3-01,pest,3,2025-01-21,11,9,2,leave
P4-01,pest,4,2025-01-21,10,9,1,no show
P5-01,pest,5,2025-01-21,10,10,0,
P6-01,pest,6,2025-01-21,13,12,1,leave
P7-01,pest,7,2025-01-21,13,11,2,sick
S1-01,spray,1,2025-01-21,15,12,3,leave
S2-01,spray,2,2025-01-21,14,12,2,sick
S3-01,spray,3,2025-01-21,17,14,3,sick
S4-01,spray,4,2025-01-21,16,15,1,leave
S5-01,spray,5,2025-01-21,13,13,0,
S6-01,spray,6,2025-01-21,18,16,2,leave
S7-01,spray,7,2025-01-21,17,13,4,leave
U1-01,upkeep,1,2025-01-21,19,17,2,leave
U1-02,upkeep,1,2025-01-21,19,16,3,leave
U1-03,upkeep,1,2025-01-21,19,16,3,leave
U2-01,upkeep,2,2025-01-21,18,16,2,sick
U2-02,upkeep,2,2025-01-21,18,15,3,sick
U2-03,upkeep,2,2025-01-21,18,15,3,leave
U3-01,upkeep,3,2025-01-21,16,14,2,sick
U3-02,upkeep,3,2025-01-21,16,14,2,sick
U3-03,upkeep,3,2025-01-21,16,15,1,no show
U3-04,upkeep,3,2025-01-21,16,15,1,sick
U4-01,upkeep,4,2025-01-21,15,15,0,
U4-02,upkeep,4,2025-01-21,15,15,0,
U4-03,upkeep,4,2025-01-21,15,14,1,sick
U4-04,upkeep,4,2025-01-21,15,12,3,leave
U5-01,upkeep,5,2025-01-21,16,15,1,no show
U5-02,upkeep,5,2025-01-21,16,16,0,
U5-03,upkeep,5,2025-01-21,16,15,1,leave
U6-01,upkeep,6,2025-01-21,17,15,2,sick
U6-02,upkeep,6,2025-01-21,17,12,5,leave
U6-03,upkeep,6,2025-01-21,17,16,1,leave
U6-04,upkeep,6,2025-01-21,17,13,4,leave
U7-01,upkeep,7,2025-01-21,15,14,1,leave
U7-02,upkeep,7,2025-01-21,15,11,4,sick
U7-03,upkeep,7,2025-01-21,15,12,3,no show
U7-04,upkeep,7,2025-01-21,15,12,3,no show
G1-01,harvest,1,2025-01-22,28,27,1,sick
G1-02,harvest,1,2025-01-22,26,26,0,
G1-03,harvest,1,2025-01-22,25,25,0,
G1-04,harvest,1,2025-01-22,26,22,4,no show
G2-01,harvest,2,2025-01-22,24,24,0,
G2-02,harvest,2,2025-01-22,20,19,1,sick
G2-03,harvest,2,2025-01-22,24,22,2,sick
G2-04,harvest,2,2025-01-22,25,21,4,no show
G3-01,harvest,3,2025-01-22,27,25,2,leave
G3-02,harvest,3,2025-01-22,24,21,3,no show
G3-03,harvest,3,2025-01-22,25,22,3,sick
G3-04,harvest,3,2025-01-22,24,21,3,no show
G4-01,harvest,4,2025-01-22,26,26,0,
G4-02,harvest,4,2025-01-22,25,25,0,
G4-03,harvest,4,2025-01-22,24,21,3,sick
G4-04,harvest,4,2025-01-22,20,18,2,leave
G5-01,harvest,5,2025-01-22,23,21,2,leave
G5-02,harvest,5,2025-01-22,27,27,0,
G5-03,harvest,5,2025-01-22,19,19,0,
G6-01,harvest,6,2025-01-22,24,20,4,sick
G6-02,harvest,6,2025-01-22,18,15,3,sick
G6-03,harvest,6,2025-01-22,24,21,3,leave
G6-04,harvest,6,2025-01-22,24,21,3,sick
G6-05,harvest,6,2025-01-22,21,18,3,leave
G7-01,harvest,7,2025-01-22,27,25,2,sick
G7-02,harvest,7,2025-01-22,21,16,5,leave
G7-03,harvest,7,2025-01-22,20,20,0,
G7-04,harvest,7,2025-01-22,27,24,3,leave
P1-01,pest,1,2025-01-22,11,10,1,no show
P2-01,pest,2,2025-01-22,10,9,1,sick
P3-01,pest,3,2025-01-22,11,10,1,no show
P4-01,pest,4,2025-01-22,10,10,0,
P5-01,pest,5,2025-01-22,10,8,2,leave
P6-01,pest,6,2025-01-22,13,11,2,leave
P7-01,pest,7,2025-01-22,13,9,4,sick
S1-01,spray,1,2025-01-22,15,13,2,leave
S2-01,spray,2,2025-01-22,14,14,0,
S3-01,spray,3,2025-01-22,17,15,2,sick
S4-01,spray,4,2025-01-22,16,16,0,
S5-01,spray,5,2025-01-22,13,11,2,sick
S6-01,spray,6,2025-01-22,18,17,1,no show
S7-01,spray,7,2025-01-22,17,15,2,leave
U1-01,upkeep,1,2025-01-22,19,15,4,leave
U1-02,upkeep,1,2025-01-22,19,17,2,leave
U1-03,upkeep,1,2025-01-22,19,19,0,
U2-01,upkeep,2,2025-01-22,18,15,3,sick
U2-02,upkeep,2,2025-01-22,18,15,3,leave
U2-03,upkeep,2,2025-01-22,18,15,3,sick
U3-01,upkeep,3,2025-01-22,16,15,1,leave
U3-02,upkeep,3,2025-01-22,16,15,1,no show
U3-03,upkeep,3,2025-01-22,16,16,0,
U3-04,upkeep,3,2025-01-22,16,15,1,sick
U4-01,upkeep,4,2025-01-22,15,13,2,sick
U4-02,upkeep,4,2025-01-22,15,15,0,
U4-03,upkeep,4,2025-01-22,15,15,0,
U4-04,upkeep,4,2025-01-22,15,14,1,leave
U5-01,upkeep,5,2025-01-22,16,16,0,
U5-02,upkeep,5,2025-01-22,16,15,1,no show
U5-03,upkeep,5,2025-01-22,16,16,0,
U6-01,upkeep,6,2025-01-22,17,14,3,leave
U6-02,upkeep,6,2025-01-22,17,12,5,sick
U6-03,upkeep,6,2025-01-22,17,16,1,sick
U6-04,upkeep,6,2025-01-22,17,16,1,leave
U7-01,upkeep,7,2025-01-22,15,12,3,no show
U7-02,upkeep,7,2025-01-22,15,11,4,sick
U7-03,upkeep,7,2025-01-22,15,13,2,no show
U7-04,upkeep,7,2025-01-22,15,11,4,no show
G1-01,harvest,1,2025-01-23,28,25,3,sick
G1-02,harvest,1,2025-01-23,26,22,4,sick
G1-03,harvest,1,2025-01-23,25,22,3,sick
G1-04,harvest,1,2025-01-23,26,23,3,no show
G2-01,harvest,2,2025-01-23,24,21,3,sick
G2-02,harvest,2,2025-01-23,20,20,0,
G2-03,harvest,2,2025-01-23,24,21,3,leave
G2-04,harvest,2,2025-01-23,25,24,1,sick
G3-01,harvest,3,2025-01-23,27,27,0,
G3-02,harvest,3,2025-01-23,24,24,0,
G3-03,harvest,3,2025-01-23,25,23,2,leave
G3-04,harvest,3,2025-01-23,24,20,4,leave
G4-01,harvest,4,2025-01-23,26,26,0,
G4-02,harvest,4,2025-01-23,25,25,0,
G4-03,harvest,4,2025-01-23,24,24,0,
G4-04,harvest,4,2025-01-23,20,19,1,leave
G5-01,harvest,5,2025-01-23,23,22,1,leave
G5-02,harvest,5,2025-01-23,27,27,0,
G5-03,harvest,5,2025-01-23,19,19,0,
G6-01,harvest,6,2025-01-23,24,24,0,
G6-02,harvest,6,2025-01-23,18,18,0,
G6-03,harvest,6,2025-01-23,24,24,0,
G6-04,harvest,6,2025-01-23,24,24,0,
G6-05,harvest,6,2025-01-23,21,18,3,sick
G7-01,harvest,7,2025-01-23,27,25,2,leave
G7-02,harvest,7,2025-01-23,21,16,5,sick
G7-03,harvest,7,2025-01-23,20,16,4,sick
G7-04,harvest,7,2025-01-23,27,27,0,
P1-01,pest,1,2025-01-23,11,8,3,sick
P2-01,pest,2,2025-01-23,10,9,1,leave
P3-01,pest,3,2025-01-23,11,8,3,sick
P4-01,pest,4,2025-01-23,10,10,0,
P5-01,pest,5,2025-01-23,10,9,1,sick
P6-01,pest,6,2025-01-23,13,11,2,sick
P7-01,pest,7,2025-01-23,13,11,2,sick
S1-01,spray,1,2025-01-23,15,13,2,leave
S2-01,spray,2,2025-01-23,14,12,2,sick
S3-01,spray,3,2025-01-23,17,15,2,sick
S4-01,spray,4,2025-01-23,16,15,1,leave
S5-01,spray,5,2025-01-23,13,13,0,
S6-01,spray,6,2025-01-23,18,17,1,no show
S7-01,spray,7,2025-01-23,17,15,2,leave
U1-01,upkeep,1,2025-01-23,19,16,3,leave
U1-02,upkeep,1,2025-01-23,19,15,4,leave
U1-03,upkeep,1,2025-01-23,19,16,3,sick
U2-01,upkeep,2,2025-01-23,18,14,4,leave
U2-02,upkeep,2,2025-01-23,18,15,3,sick
U2-03,upkeep,2,2025-01-23,18,15,3,no show
U3-01,upkeep,3,2025-01-23,16,14,2,no show
U3-02,upkeep,3,2025-01-23,16,15,1,sick
U3-03,upkeep,3,2025-01-23,16,15,1,sick
U3-04,upkeep,3,2025-01-23,16,14,2,sick
U4-01,upkeep,4,2025-01-23,15,14,1,leave
U4-02,upkeep,4,2025-01-23,15,15,0,
U4-03,upkeep,4,2025-01-23,15,14,1,leave
U4-04,upkeep,4,2025-01-23,15,12,3,leave
U5-01,upkeep,5,2025-01-23,16,15,1,sick
U5-02,upkeep,5,2025-01-23,16,16,0,
U5-03,upkeep,5,2025-01-23,16,15,1,leave
U6-01,upkeep,6,2025-01-23,17,17,0,
U6-02,upkeep,6,2025-01-23,17,15,2,no show
U6-03,upkeep,6,2025-01-23,17,15,2,sick
U6-04,upkeep,6,2025-01-23,17,13,4,no show
U7-01,upkeep,7,2025-01-23,15,12,3,sick
U7-02,upkeep,7,2025-01-23,15,12,3,no show
U7-03,upkeep,7,2025-01-23,15,13,2,leave
U7-04,upkeep,7,2025-01-23,15,12,3,sick
G1-01,harvest,1,2025-01-24,28,23,5,rain
G1-02,harvest,1,2025-01-24,26,23,3,rain
G1-03,harvest,1,2025-01-24,25,21,4,rain
G1-04,harvest,1,2025-01-24,26,22,4,rain
G2-01,harvest,2,2025-01-24,24,20,4,rain
G2-02,harvest,2,2025-01-24,20,16,4,rain
G2-03,harvest,2,2025-01-24,24,17,7,rain
G2-04,harvest,2,2025-01-24,25,21,4,rain
G3-01,harvest,3,2025-01-24,27,22,5,rain
G3-02,harvest,3,2025-01-24,24,24,0,
G3-03,harvest,3,2025-01-24,25,25,0,
G3-04,harvest,3,2025-01-24,24,17,7,rain
G4-01,harvest,4,2025-01-24,26,24,2,rain
G4-02,harvest,4,2025-01-24,25,23,2,rain
G4-03,harvest,4,2025-01-24,24,22,2,rain
G4-04,harvest,4,2025-01-24,20,18,2,rain
G5-01,harvest,5,2025-01-24,23,23,0,
G5-02,harvest,5,2025-01-24,27,23,4,rain
G5-03,harvest,5,2025-01-24,19,19,0,
G6-01,harvest,6,2025-01-24,24,20,4,rain
G6-02,harvest,6,2025-01-24,18,18,0,
G6-03,harvest,6,2025-01-24,24,20,4,rain
G6-04,harvest,6,2025-01-24,24,20,4,rain
G6-05,harvest,6,2025-01-24,21,18,3,rain
G7-01,harvest,7,2025-01-24,27,25,2,rain
G7-02,harvest,7,2025-01-24,21,21,0,
G7-03,harvest,7,2025-01-24,20,17,3,rain
G7-04,harvest,7,2025-01-24,27,22,5,rain
P1-01,pest,1,2025-01-24,11,7,4,rain
P2-01,pest,2,2025-01-24,10,8,2,rain
P3-01,pest,3,2025-01-24,11,9,2,rain
P4-01,pest,4,2025-01-24,10,9,1,rain
P5-01,pest,5,2025-01-24,10,9,1,rain
P6-01,pest,6,2025-01-24,13,9,4,rain
P7-01,pest,7,2025-01-24,13,11,2,rain
S1-01,spray,1,2025-01-24,15,12,3,rain
S2-01,spray,2,2025-01-24,14,10,4,rain
S3-01,spray,3,2025-01-24,17,14,3,rain
S4-01,spray,4,2025-01-24,16,13,3,rain
S5-01,spray,5,2025-01-24,13,11,2,rain
S6-01,spray,6,2025-01-24,18,16,2,rain
S7-01,spray,7,2025-01-24,17,12,5,rain
U1-01,upkeep,1,2025-01-24,19,15,4,rain
U1-02,upkeep,1,2025-01-24,19,15,4,rain
U1-03,upkeep,1,2025-01-24,19,14,5,rain
U2-01,upkeep,2,2025-01-24,18,15,3,rain
U2-02,upkeep,2,2025-01-24,18,15,3,rain
U2-03,upkeep,2,2025-01-24,18,15,3,rain
U3-01,upkeep,3,2025-01-24,16,13,3,rain
U3-02,upkeep,3,2025-01-24,16,14,2,rain
U3-03,upkeep,3,2025-01-24,16,10,6,rain
U3-04,upkeep,3,2025-01-24,16,13,3,rain
U4-01,upkeep,4,2025-01-24,15,13,2,rain
U4-02,upkeep,4,2025-01-24,15,11,4,rain
U4-03,upkeep,4,2025-01-24,15,14,1,rain
U4-04,upkeep,4,2025-01-24,15,13,2,rain
U5-01,upkeep,5,2025-01-24,16,14,2,rain
U5-02,upkeep,5,2025-01-24,16,13,3,rain
U5-03,upkeep,5,2025-01-24,16,12,4,rain
U6-01,upkeep,6,2025-01-24,17,12,5,rain
U6-02,upkeep,6,2025-01-24,17,14,3,rain
U6-03,upkeep,6,2025-01-24,17,14,3,rain
U6-04,upkeep,6,2025-01-24,17,14,3,rain
U7-01,upkeep,7,2025-01-24,15,11,4,rain
U7-02,upkeep,7,2025-01-24,15,12,3,rain
U7-03,upkeep,7,2025-01-24,15,9,6,rain
U7-04,upkeep,7,2025-01-24,15,11,4,rain
G1-01,harvest,1,2025-01-25,28,23,5,leave
G1-02,harvest,1,2025-01-25,26,24,2,no show
G1-03,harvest,1,2025-01-25,25,23,2,no show
G1-04,harvest,1,2025-01-25,26,24,2,sick
G2-01,harvest,2,2025-01-25,24,19,5,leave
G2-02,harvest,2,2025-01-25,20,19,1,sick
G2-03,harvest,2,2025-01-25,24,22,2,sick
G2-04,harvest,2,2025-01-25,25,19,6,leave
G3-01,harvest,3,2025-01-25,27,24,3,no show
G3-02,harvest,3,2025-01-25,24,20,4,leave
G3-03,harvest,3,2025-01-25,25,21,4,sick
G3-04,harvest,3,2025-01-25,24,22,2,leave
G4-01,harvest,4,2025-01-25,26,26,0,
G4-02,harvest,4,2025-01-25,25,25,0,
G4-03,harvest,4,2025-01-25,24,20,4,leave
G4-04,harvest,4,2025-01-25,20,19,1,sick
G5-01,harvest,5,2025-01-25,23,23,0,
G5-02,harvest,5,2025-01-25,27,25,2,sick
G5-03,harvest,5,2025-01-25,19,19,0,
G6-01,harvest,6,2025-01-25,24,21,3,no show
G6-02,harvest,6,2025-01-25,18,16,2,leave
G6-03,harvest,6,2025-01-25,24,22,2,sick
G6-04,harvest,6,2025-01-25,24,24,0,
G6-05,harvest,6,2025-01-25,21,19,2,sick
G7-01,harvest,7,2025-01-25,27,24,3,leave
G7-02,harvest,7,2025-01-25,21,18,3,sick
G7-03,harvest,7,2025-01-25,20,20,0,
G7-04,harvest,7,2025-01-25,27,21,6,leave
P1-01,pest,1,2025-01-25,11,10,1,leave
P2-01,pest,2,2025-01-25,10,9,1,no show
P3-01,pest,3,2025-01-25,11,9,2,sick
P4-01,pest,4,2025-01-25,10,9,1,leave
P5-01,pest,5,2025-01-25,10,10,0,
P6-01,pest,6,2025-01-25,13,12,1,leave
P7-01,pest,7,2025-01-25,13,9,4,no show
S1-01,spray,1,2025-01-25,15,12,3,sick
S2-01,spray,2,2025-01-25,14,13,1,sick
S3-01,spray,3,2025-01-25,17,15,2,sick
S4-01,spray,4,2025-01-25,16,15,1,no show
S5-01,spray,5,2025-01-25,13,12,1,leave
S6-01,spray,6,2025-01-25,18,16,2,sick
S7-01,spray,7,2025-01-25,17,14,3,no show
U1-01,upkeep,1,2025-01-25,19,15,4,no show
U1-02,upkeep,1,2025-01-25,19,14,5,sick
U1-03,upkeep,1,2025-01-25,19,15,4,sick
U2-01,upkeep,2,2025-01-25,18,15,3,sick
U2-02,upkeep,2,2025-01-25,18,14,4,sick
U2-03,upkeep,2,2025-01-25,18,16,2,leave
U3-01,upkeep,3,2025-01-25,16,15,1,sick
U3-02,upkeep,3,2025-01-25,16,14,2,leave
U3-03,upkeep,3,2025-01-25,16,13,3,sick
U3-04,upkeep,3,2025-01-25,16,14,2,leave
U4-01,upkeep,4,2025-01-25,15,14,1,no show
U4-02,upkeep,4,2025-01-25,15,14,1,no show
U4-03,upkeep,4,2025-01-25,15,15,0,
U4-04,upkeep,4,2025-01-25,15,15,0,
U5-01,upkeep,5,2025-01-25,16,16,0,
U5-02,upkeep,5,2025-01-25,16,15,1,leave
U5-03,upkeep,5,2025-01-25,16,14,2,sick
U6-01,upkeep,6,2025-01-25,17,15,2,sick
U6-02,upkeep,6,2025-01-25,17,13,4,sick
U6-03,upkeep,6,2025-01-25,17,14,3,no show
U6-04,upkeep,6,2025-01-25,17,13,4,sick
U7-01,upkeep,7,2025-01-25,15,12,3,no show
U7-02,upkeep,7,2025-01-25,15,12,3,leave
U7-03,upkeep,7,2025-01-25,15,11,4,no show
U7-04,upkeep,7,2025-01-25,15,13,2,sick
G1-01,harvest,1,2025-01-26,28,15,13,rest day
G1-02,harvest,1,2025-01-26,26,26,0,
G1-03,harvest,1,2025-01-26,25,14,11,rest day
G1-04,harvest,1,2025-01-26,26,26,0,
G2-01,harvest,2,2025-01-26,24,24,0,
G2-02,harvest,2,2025-01-26,20,8,12,rest day
G2-03,harvest,2,2025-01-26,24,17,7,rest day
G2-04,harvest,2,2025-01-26,25,18,7,rest day
G3-01,harvest,3,2025-01-26,27,25,2,rest day
G3-02,harvest,3,2025-01-26,24,24,0,
G3-03,harvest,3,2025-01-26,25,25,0,
G3-04,harvest,3,2025-01-26,24,13,11,rest day
G4-01,harvest,4,2025-01-26,26,14,12,rest day
G4-02,harvest,4,2025-01-26,25,25,0,
G4-03,harvest,4,2025-01-26,24,24,0,
G4-04,harvest,4,2025-01-26,20,12,8,rest day
G5-01,harvest,5,2025-01-26,23,13,10,rest day
G5-02,harvest,5,2025-01-26,27,18,9,rest day
G5-03,harvest,5,2025-01-26,19,18,1,rest day
G6-01,harvest,6,2025-01-26,24,18,6,rest day
G6-02,harvest,6,2025-01-26,18,10,8,rest day
G6-03,harvest,6,2025-01-26,24,18,6,rest day
G6-04,harvest,6,2025-01-26,24,13,11,rest day
G6-05,harvest,6,2025-01-26,21,12,9,rest day
G7-01,harvest,7,2025-01-26,27,16,11,rest day
G7-02,harvest,7,2025-01-26,21,21,0,
G7-03,harvest,7,2025-01-26,20,20,0,
G7-04,harvest,7,2025-01-26,27,14,13,rest day
P1-01,pest,1,2025-01-26,11,5,6,rest day
P2-01,pest,2,2025-01-26,10,4,6,rest day
P3-01,pest,3,2025-01-26,11,5,6,rest day
P4-01,pest,4,2025-01-26,10,6,4,rest day
P5-01,pest,5,2025-01-26,10,6,4,rest day
P6-01,pest,6,2025-01-26,13,6,7,rest day
P7-01,pest,7,2025-01-26,13,5,8,rest day
S1-01,spray,1,2025-01-26,15,9,6,rest day
S2-01,spray,2,2025-01-26,14,7,7,rest day
S3-01,spray,3,2025-01-26,17,9,8,rest day
S4-01,spray,4,2025-01-26,16,9,7,rest day
S5-01,spray,5,2025-01-26,13,6,7,rest day
S6-01,spray,6,2025-01-26,18,10,8,rest day
S7-01,spray,7,2025-01-26,17,8,9,rest day
U1-01,upkeep,1,2025-01-26,19,10,9,rest day
U1-02,upkeep,1,2025-01-26,19,10,9,rest day
U1-03,upkeep,1,2025-01-26,19,8,11,rest day
U2-01,upkeep,2,2025-01-26,18,9,9,rest day
U2-02,upkeep,2,2025-01-26,18,9,9,rest day
U2-03,upkeep,2,2025-01-26,18,10,8,rest day
U3-01,upkeep,3,2025-01-26,16,8,8,rest day
U3-02,upkeep,3,2025-01-26,16,8,8,rest day
U3-03,upkeep,3,2025-01-26,16,8,8,rest day
U3-04,upkeep,3,2025-01-26,16,6,10,rest day
U4-01,upkeep,4,2025-01-26,15,9,6,rest day
U4-02,upkeep,4,2025-01-26,15,9,6,rest day
U4-03,upkeep,4,2025-01-26,15,9,6,rest day
U4-04,upkeep,4,2025-01-26,15,9,6,rest day
U5-01,upkeep,5,2025-01-26,16,10,6,rest day
U5-02,upkeep,5,2025-01-26,16,9,7,rest day
U5-03,upkeep,5,2025-01-26,16,9,7,rest day
U6-01,upkeep,6,2025-01-26,17,10,7,rest day
U6-02,upkeep,6,2025-01-26,17,9,8,rest day
U6-03,upkeep,6,2025-01-26,17,8,9,rest day
U6-04,upkeep,6,2025-01-26,17,8,9,rest day
U7-01,upkeep,7,2025-01-26,15,8,7,rest day
U7-02,upkeep,7,2025-01-26,15,7,8,rest day
U7-03,upkeep,7,2025-01-26,15,7,8,rest day
U7-04,upkeep,7,2025-01-26,15,7,8,rest day
G1-01,harvest,1,2025-01-27,28,23,5,sick
G1-02,harvest,1,2025-01-27,26,24,2,leave
G1-03,harvest,1,2025-01-27,25,25,0,
G1-04,harvest,1,2025-01-27,26,24,2,sick
G2-01,harvest,2,2025-01-27,24,19,5,leave
G2-02,harvest,2,2025-01-27,20,18,2,no show
G2-03,harvest,2,2025-01-27,24,19,5,sick
G2-04,harvest,2,2025-01-27,25,23,2,leave
G3-01,harvest,3,2025-01-27,27,23,4,sick
G3-02,harvest,3,2025-01-27,24,24,0,
G3-03,harvest,3,2025-01-27,25,25,0,
G3-04,harvest,3,2025-01-27,24,21,3,leave
G4-01,harvest,4,2025-01-27,26,26,0,
G4-02,harvest,4,2025-01-27,25,25,0,
G4-03,harvest,4,2025-01-27,24,23,1,leave
G4-04,harvest,4,2025-01-27,20,19,1,sick
G5-01,harvest,5,2025-01-27,23,22,1,sick
G5-02,harvest,5,2025-01-27,27,26,1,no show
G5-03,harvest,5,2025-01-27,19,19,0,
G6-01,harvest,6,2025-01-27,24,23,1,no show
G6-02,harvest,6,2025-01-27,18,15,3,leave
G6-03,harvest,6,2025-01-27,24,24,0,
G6-04,harvest,6,2025-01-27,24,22,2,no show
G6-05,harvest,6,2025-01-27,21,17,4,sick
G7-01,harvest,7,2025-01-27,27,27,0,
G7-02,harvest,7,2025-01-27,21,19,2,no show
G7-03,harvest,7,2025-01-27,20,17,3,leave
G7-04,harvest,7,2025-01-27,27,24,3,leave
P1-01,pest,1,2025-01-27,11,8,3,sick
P2-01,pest,2,2025-01-27,10,8,2,sick
P3-01,pest,3,2025-01-27,11,10,1,no show
P4-01,pest,4,2025-01-27,10,10,0,
P5-01,pest,5,2025-01-27,10,10,0,
P6-01,pest,6,2025-01-27,13,11,2,leave
P7-01,pest,7,2025-01-27,13,9,4,sick
S1-01,spray,1,2025-01-27,15,11,4,leave
S2-01,spray,2,2025-01-27,14,12,2,no show
S3-01,spray,3,2025-01-27,17,15,2,leave
S4-01,spray,4,2025-01-27,16,14,2,leave
S5-01,spray,5,2025-01-27,13,13,0,
S6-01,spray,6,2025-01-27,18,17,1,leave
S7-01,spray,7,2025-01-27,17,13,4,no show
U1-01,upkeep,1,2025-01-27,19,17,2,sick
U1-02,upkeep,1,2025-01-27,19,16,3,sick
U1-03,upkeep,1,2025-01-27,19,16,3,sick
U2-01,upkeep,2,2025-01-27,18,17,1,sick
U2-02,upkeep,2,2025-01-27,18,15,3,sick
U2-03,upkeep,2,2025-01-27,18,16,2,sick
U3-01,upkeep,3,2025-01-27,16,15,1,leave
U3-02,upkeep,3,2025-01-27,16,15,1,leave
U3-03,upkeep,3,2025-01-27,16,13,3,no show
U3-04,upkeep,3,2025-01-27,16,15,1,no show
U4-01,upkeep,4,2025-01-27,15,15,0,
U4-02,upkeep,4,2025-01-27,15,15,0,
U4-03,upkeep,4,2025-01-27,15,14,1,no show
U4-04,upkeep,4,2025-01-27,15,15,0,
U5-01,upkeep,5,2025-01-27,16,16,0,
U5-02,upkeep,5,2025-01-27,16,15,1,leave
U5-03,upkeep,5,2025-01-27,16,14,2,sick
U6-01,upkeep,6,2025-01-27,17,15,2,sick
U6-02,upkeep,6,2025-01-27,17,14,3,no show
U6-03,upkeep,6,2025-01-27,17,15,2,sick
U6-04,upkeep,6,2025-01-27,17,15,2,leave
U7-01,upkeep,7,2025-01-27,15,14,1,leave
U7-02,upkeep,7,2025-01-27,15,12,3,leave
U7-03,upkeep,7,2025-01-27,15,14,1,leave
U7-04,upkeep,7,2025-01-27,15,12,3,leave
G1-01,harvest,1,2025-01-28,28,23,5,leave
G1-02,harvest,1,2025-01-28,26,24,2,sick
G1-03,harvest,1,2025-01-28,25,24,1,leave
G1-04,harvest,1,2025-01-28,26,21,5,sick
G2-01,harvest,2,2025-01-28,24,18,6,sick
G2-02,harvest,2,2025-01-28,20,16,4,sick
G2-03,harvest,2,2025-01-28,24,21,3,leave
G2-04,harvest,2,2025-01-28,25,22,3,sick
G3-01,harvest,3,2025-01-28,27,27,0,
G3-02,harvest,3,2025-01-28,24,21,3,leave
G3-03,harvest,3,2025-01-28,25,25,0,
G3-04,harvest,3,2025-01-28,24,23,1,sick
G4-01,harvest,4,2025-01-28,26,22,4,leave
G4-02,harvest,4,2025-01-28,25,25,0,
G4-03,harvest,4,2025-01-28,24,21,3,leave
G4-04,harvest,4,2025-01-28,20,20,0,
G5-01,harvest,5,2025-01-28,23,23,0,
G5-02,harvest,5,2025-01-28,27,27,0,
G5-03,harvest,5,2025-01-28,19,19,0,
G6-01,harvest,6,2025-01-28,24,24,0,
G6-02,harvest,6,2025-01-28,18,18,0,
G6-03,harvest,6,2025-01-28,24,22,2,no show
G6-04,harvest,6,2025-01-28,24,24,0,
G6-05,harvest,6,2025-01-28,21,19,2,no show
G7-01,harvest,7,2025-01-28,27,23,4,leave
G7-02,harvest,7,2025-01-28,21,16,5,sick
G7-03,harvest,7,2025-01-28,20,18,2,sick
G7-04,harvest,7,2025-01-28,27,20,7,leave
P1-01,pest,1,2025-01-28,11,9,2,sick
P2-01,pest,2,2025-01-28,10,9,1,leave
P3-01,pest,3,2025-01-28,11,9,2,leave
P4-01,pest,4,2025-01-28,10,9,1,sick
P5-01,pest,5,2025-01-28,10,10,0,
P6-01,pest,6,2025-01-28,13,12,1,sick
P7-01,pest,7,2025-01-28,13,12,1,sick
S1-01,spray,1,2025-01-28,15,12,3,leave
S2-01,spray,2,2025-01-28,14,12,2,leave
S3-01,spray,3,2025-01-28,17,14,3,no show
S4-01,spray,4,2025-01-28,16,15,1,sick
S5-01,spray,5,2025-01-28,13,13,0,
S6-01,spray,6,2025-01-28,18,16,2,leave
S7-01,spray,7,2025-01-28,17,13,4,sick
U1-01,upkeep,1,2025-01-28,19,16,3,leave
U1-02,upkeep,1,2025-01-28,19,15,4,no show
U1-03,upkeep,1,2025-01-28,19,16,3,leave
U2-01,upkeep,2,2025-01-28,18,17,1,sick
U2-02,upkeep,2,2025-01-28,18,15,3,sick
U2-03,upkeep,2,2025-01-28,18,14,4,sick
U3-01,upkeep,3,2025-01-28,16,15,1,no show
U3-02,upkeep,3,2025-01-28,16,14,2,no show
U3-03,upkeep,3,2025-01-28,16,13,3,leave
U3-04,upkeep,3,2025-01-28,16,14,2,leave
U4-01,upkeep,4,2025-01-28,15,15,0,
U4-02,upkeep,4,2025-01-28,15,15,0,
U4-03,upkeep,4,2025-01-28,15,13,2,leave
U4-04,upkeep,4,2025-01-28,15,14,1,sick
U5-01,upkeep,5,2025-01-28,16,16,0,
U5-02,upkeep,5,2025-01-28,16,15,1,sick
U5-03,upkeep,5,2025-01-28,16,16,0,
U6-01,upkeep,6,2025-01-28,17,17,0,
U6-02,upkeep,6,2025-01-28,17,16,1,leave
U6-03,upkeep,6,2025-01-28,17,17,0,
U6-04,upkeep,6,2025-01-28,17,16,1,leave
U7-01,upkeep,7,2025-01-28,15,10,5,sick
U7-02,upkeep,7,2025-01-28,15,12,3,leave
U7-03,upkeep,7,2025-01-28,15,12,3,sick
U7-04,upkeep,7,2025-01-28,15,12,3,sick
G1-01,harvest,1,2025-01-29,28,24,4,sick
G1-02,harvest,1,2025-01-29,26,24,2,sick
G1-03,harvest,1,2025-01-29,25,25,0,
G1-04,harvest,1,2025-01-29,26,23,3,leave
G2-01,harvest,2,2025-01-29,24,23,1,sick
G2-02,harvest,2,2025-01-29,20,18,2,sick
G2-03,harvest,2,2025-01-29,24,24,0,
G2-04,harvest,2,2025-01-29,25,23,2,leave
G3-01,harvest,3,2025-01-29,27,25,2,leave
G3-02,harvest,3,2025-01-29,24,24,0,
G3-03,harvest,3,2025-01-29,25,25,0,
G3-04,harvest,3,2025-01-29,24,21,3,no show
G4-01,harvest,4,2025-01-29,26,26,0,
G4-02,harvest,4,2025-01-29,25,25,0,
G4-03,harvest,4,2025-01-29,24,23,1,sick
G4-04,harvest,4,2025-01-29,20,20,0,
G5-01,harvest,5,2025-01-29,23,22,1,sick
G5-02,harvest,5,2025-01-29,27,26,1,sick
G5-03,harvest,5,2025-01-29,19,18,1,no show
G6-01,harvest,6,2025-01-29,24,21,3,sick
G6-02,harvest,6,2025-01-29,18,16,2,sick
G6-03,harvest,6,2025-01-29,24,22,2,leave
G6-04,harvest,6,2025-01-29,24,21,3,sick
G6-05,harvest,6,2025-01-29,21,18,3,sick
G7-01,harvest,7,2025-01-29,27,23,4,sick
G7-02,harvest,7,2025-01-29,21,18,3,no show
G7-03,harvest,7,2025-01-29,20,18,2,leave
G7-04,harvest,7,2025-01-29,27,27,0,
P1-01,pest,1,2025-01-29,11,9,2,no show
P2-01,pest,2,2025-01-29,10,8,2,no show
P3-01,pest,3,2025-01-29,11,10,1,leave
P4-01,pest,4,2025-01-29,10,10,0,
P5-01,pest,5,2025-01-29,10,9,1,sick
P6-01,pest,6,2025-01-29,13,11,2,leave
P7-01,pest,7,2025-01-29,13,12,1,sick
S1-01,spray,1,2025-01-29,15,13,2,sick
S2-01,spray,2,2025-01-29,14,12,2,no show
S3-01,spray,3,2025-01-29,17,17,0,
S4-01,spray,4,2025-01-29,16,16,0,
S5-01,spray,5,2025-01-29,13,11,2,leave
S6-01,spray,6,2025-01-29,18,16,2,no show
S7-01,spray,7,2025-01-29,17,14,3,leave
U1-01,upkeep,1,2025-01-29,19,15,4,leave
U1-02,upkeep,1,2025-01-29,19,16,3,no show
U1-03,upkeep,1,2025-01-29,19,17,2,sick
U2-01,upkeep,2,2025-01-29,18,17,1,sick
U2-02,upkeep,2,2025-01-29,18,16,2,leave
U2-03,upkeep,2,2025-01-29,18,16,2,no show
U3-01,upkeep,3,2025-01-29,16,15,1,no show
U3-02,upkeep,3,2025-01-29,16,15,1,leave
U3-03,upkeep,3,2025-01-29,16,14,2,leave
U3-04,upkeep,3,2025-01-29,16,14,2,sick
U4-01,upkeep,4,2025-01-29,15,15,0,
U4-02,upkeep,4,2025-01-29,15,15,0,
U4-03,upkeep,4,2025-01-29,15,14,1,leave
U4-04,upkeep,4,2025-01-29,15,14,1,sick
U5-01,upkeep,5,2025-01-29,16,15,1,sick
U5-02,upkeep,5,2025-01-29,16,16,0,
U5-03,upkeep,5,2025-01-29,16,16,0,
U6-01,upkeep,6,2025-01-29,17,13,4,no show
U6-02,upkeep,6,2025-01-29,17,15,2,no show
U6-03,upkeep,6,2025-01-29,17,14,3,no show
U6-04,upkeep,6,2025-01-29,17,16,1,no show
U7-01,upkeep,7,2025-01-29,15,12,3,sick
U7-02,upkeep,7,2025-01-29,15,13,2,sick
U7-03,upkeep,7,2025-01-29,15,13,2,sick
U7-04,upkeep,7,2025-01-29,15,11,4,leave
G1-01,harvest,1,2025-01-30,28,23,5,sick
G1-02,harvest,1,2025-01-30,26,24,2,sick
G1-03,harvest,1,2025-01-30,25,25,0,
G1-04,harvest,1,2025-01-30,26,23,3,leave
G2-01,harvest,2,2025-01-30,24,21,3,no show
G2-02,harvest,2,2025-01-30,20,20,0,
G2-03,harvest,2,2025-01-30,24,19,5,sick
G2-04,harvest,2,2025-01-30,25,25,0,
G3-01,harvest,3,2025-01-30,27,27,0,
G3-02,harvest,3,2025-01-30,24,24,0,
G3-03,harvest,3,2025-01-30,25,23,2,sick
G3-04,harvest,3,2025-01-30,24,20,4,sick
G4-01,harvest,4,2025-01-30,26,25,1,sick
G4-02,harvest,4,2025-01-30,25,25,0,
G4-03,harvest,4,2025-01-30,24,24,0,
G4-04,harvest,4,2025-01-30,20,19,1,no show
G5-01,harvest,5,2025-01-30,23,23,0,
G5-02,harvest,5,2025-01-30,27,23,4,sick
G5-03,harvest,5,2025-01-30,19,19,0,
G6-01,harvest,6,2025-01-30,24,20,4,no show
G6-02,harvest,6,2025-01-30,18,16,2,sick
G6-03,harvest,6,2025-01-30,24,17,7,sick
G6-04,harvest,6,2025-01-30,24,21,3,no show
G6-05,harvest,6,2025-01-30,21,19,2,sick
G7-01,harvest,7,2025-01-30,27,23,4,leave
G7-02,harvest,7,2025-01-30,21,18,3,leave
G7-03,harvest,7,2025-01-30,20,17,3,sick
G7-04,harvest,7,2025-01-30,27,25,2,sick
P1-01,pest,1,2025-01-30,11,8,3,no show
P2-01,pest,2,2025-01-30,10,8,2,leave
P3-01,pest,3,2025-01-30,11,10,1,sick
P4-01,pest,4,2025-01-30,10,10,0,
P5-01,pest,5,2025-01-30,10,9,1,leave
P6-01,pest,6,2025-01-30,13,11,2,leave
P7-01,pest,7,2025-01-30,13,9,4,leave
S1-01,spray,1,2025-01-30,15,14,1,sick
S2-01,spray,2,2025-01-30,14,12,2,sick
S3-01,spray,3,2025-01-30,17,14,3,sick
S4-01,spray,4,2025-01-30,16,14,2,leave
S5-01,spray,5,2025-01-30,13,12,1,leave
S6-01,spray,6,2025-01-30,18,14,4,leave
S7-01,spray,7,2025-01-30,17,15,2,leave
U1-01,upkeep,1,2025-01-30,19,17,2,no show
U1-02,upkeep,1,2025-01-30,19,13,6,no show
U1-03,upkeep,1,2025-01-30,19,17,2,sick
U2-01,upkeep,2,2025-01-30,18,15,3,sick
U2-02,upkeep,2,2025-01-30,18,14,4,sick
U2-03,upkeep,2,2025-01-30,18,16,2,leave
U3-01,upkeep,3,2025-01-30,16,14,2,leave
U3-02,upkeep,3,2025-01-30,16,14,2,sick
U3-03,upkeep,3,2025-01-30,16,15,1,leave
U3-04,upkeep,3,2025-01-30,16,14,2,leave
U4-01,upkeep,4,2025-01-30,15,13,2,sick
U4-02,upkeep,4,2025-01-30,15,14,1,no show
U4-03,upkeep,4,2025-01-30,15,13,2,sick
U4-04,upkeep,4,2025-01-30,15,13,2,sick
U5-01,upkeep,5,2025-01-30,16,16,0,
U5-02,upkeep,5,2025-01-30,16,15,1,sick
U5-03,upkeep,5,2025-01-30,16,16,0,
U6-01,upkeep,6,2025-01-30,17,16,1,leave
U6-02,upkeep,6,2025-01-30,17,17,0,
U6-03,upkeep,6,2025-01-30,17,16,1,leave
U6-04,upkeep,6,2025-01-30,17,15,2,leave
U7-01,upkeep,7,2025-01-30,15,13,2,sick
U7-02,upkeep,7,2025-01-30,15,12,3,sick
U7-03,upkeep,7,2025-01-30,15,13,2,no show
U7-04,upkeep,7,2025-01-30,15,12,3,no show
G1-01,harvest,1,2025-01-31,28,21,7,leave
G1-02,harvest,1,2025-01-31,26,22,4,sick
G1-03,harvest,1,2025-01-31,25,24,1,no show
G1-04,harvest,1,2025-01-31,26,24,2,leave
G2-01,harvest,2,2025-01-31,24,22,2,sick
G2-02,harvest,2,2025-01-31,20,18,2,no show
G2-03,harvest,2,2025-01-31,24,19,5,sick
G2-04,harvest,2,2025-01-31,25,23,2,leave
G3-01,harvest,3,2025-01-31,27,26,1,sick
G3-02,harvest,3,2025-01-31,24,20,4,sick
G3-03,harvest,3,2025-01-31,25,23,2,sick
G3-04,harvest,3,2025-01-31,24,22,2,leave
G4-01,harvest,4,2025-01-31,26,26,0,
G4-02,harvest,4,2025-01-31,25,22,3,sick
G4-03,harvest,4,2025-01-31,24,23,1,no show
G4-04,harvest,4,2025-01-31,20,19,1,sick
G5-01,harvest,5,2025-01-31,23,20,3,sick
G5-02,harvest,5,2025-01-31,27,26,1,leave
G5-03,harvest,5,2025-01-31,19,19,0,
G6-01,harvest,6,2025-01-31,24,24,0,
G6-02,harvest,6,2025-01-31,18,16,2,sick
G6-03,harvest,6,2025-01-31,24,19,5,leave
G6-04,harvest,6,2025-01-31,24,20,4,sick
G6-05,harvest,6,2025-01-31,21,19,2,no show
G7-01,harvest,7,2025-01-31,27,23,4,sick
G7-02,harvest,7,2025-01-31,21,21,0,
G7-03,harvest,7,2025-01-31,20,16,4,leave
G7-04,harvest,7,2025-01-31,27,25,2,leave
P1-01,pest,1,2025-01-31,11,9,2,leave
P2-01,pest,2,2025-01-31,10,8,2,no show
P3-01,pest,3,2025-01-31,11,9,2,sick
P4-01,pest,4,2025-01-31,10,9,1,no show
P5-01,pest,5,2025-01-31,10,9,1,sick
P6-01,pest,6,2025-01-31,13,12,1,sick
P7-01,pest,7,2025-01-31,13,10,3,leave
S1-01,spray,1,2025-01-31,15,12,3,leave
S2-01,spray,2,2025-01-31,14,12,2,sick
S3-01,spray,3,2025-01-31,17,16,1,sick
S4-01,spray,4,2025-01-31,16,16,0,
S5-01,spray,5,2025-01-31,13,12,1,sick
S6-01,spray,6,2025-01-31,18,17,1,leave
S7-01,spray,7,2025-01-31,17,14,3,leave
U1-01,upkeep,1,2025-01-31,19,16,3,sick
U1-02,upkeep,1,2025-01-31,19,16,3,sick
U1-03,upkeep,1,2025-01-31,19,18,1,sick
U2-01,upkeep,2,2025-01-31,18,14,4,no show
U2-02,upkeep,2,2025-01-31,18,16,2,leave
U2-03,upkeep,2,2025-01-31,18,15,3,no show
U3-01,upkeep,3,2025-01-31,16,15,1,leave
U3-02,upkeep,3,2025-01-31,16,15,1,leave
U3-03,upkeep,3,2025-01-31,16,15,1,sick
U3-04,upkeep,3,2025-01-31,16,13,3,sick
U4-01,upkeep,4,2025-01-31,15,15,0,
U4-02,upkeep,4,2025-01-31,15,15,0,
U4-03,upkeep,4,2025-01-31,15,15,0,
U4-04,upkeep,4,2025-01-31,15,14,1,sick
U5-01,upkeep,5,2025-01-31,16,15,1,sick
U5-02,upkeep,5,2025-01-31,16,15,1,sick
U5-03,upkeep,5,2025-01-31,16,13,3,no show
U6-01,upkeep,6,2025-01-31,17,15,2,leave
U6-02,upkeep,6,2025-01-31,17,16,1,sick
U6-03,upkeep,6,2025-01-31,17,17,0,
U6-04,upkeep,6,2025-01-31,17,13,4,sick
U7-01,upkeep,7,2025-01-31,15,10,5,sick
U7-02,upkeep,7,2025-01-31,15,13,2,sick
U7-03,upkeep,7,2025-01-31,15,13,2,sick
U7-04,upkeep,7,2025-01-31,15,12,3,sick
G1-01,harvest,1,2025-02-01,28,26,2,no show
G1-02,harvest,1,2025-02-01,26,21,5,no show
G1-03,harvest,1,2025-02-01,25,25,0,
G1-04,harvest,1,2025-02-01,26,23,3,no show
G2-01,harvest,2,2025-02-01,24,19,5,sick
G2-02,harvest,2,2025-02-01,20,18,2,no show
G2-03,harvest,2,2025-02-01,24,24,0,
G2-04,harvest,2,2025-02-01,25,22,3,leave
G3-01,harvest,3,2025-02-01,27,26,1,leave
G3-02,harvest,3,2025-02-01,24,24,0,
G3-03,harvest,3,2025-02-01,25,25,0,
G3-04,harvest,3,2025-02-01,24,21,3,leave
G4-01,harvest,4,2025-02-01,26,26,0,
G4-02,harvest,4,2025-02-01,25,25,0,
G4-03,harvest,4,2025-02-01,24,24,0,
G4-04,harvest,4,2025-02-01,20,20,0,
G5-01,harvest,5,2025-02-01,23,22,1,no show
G5-02,harvest,5,2025-02-01,27,24,3,no show
G5-03,harvest,5,2025-02-01,19,19,0,
G6-01,harvest,6,2025-02-01,24,24,0,
G6-02,harvest,6,2025-02-01,18,18,0,
G6-03,harvest,6,2025-02-01,24,24,0,
G6-04,harvest,6,2025-02-01,24,20,4,sick
G6-05,harvest,6,2025-02-01,21,16,5,leave
G7-01,harvest,7,2025-02-01,27,24,3,sick
G7-02,harvest,7,2025-02-01,21,21,0,
G7-03,harvest,7,2025-02-01,20,20,0,
G7-04,harvest,7,2025-02-01,27,27,0,
P1-01,pest,1,2025-02-01,11,10,1,leave
P2-01,pest,2,2025-02-01,10,9,1,sick
P3-01,pest,3,2025-02-01,11,9,2,leave
P4-01,pest,4,2025-02-01,10,9,1,sick
P5-01,pest,5,2025-02-01,10,10,0,
P6-01,pest,6,2025-02-01,13,13,0,
P7-01,pest,7,2025-02-01,13,11,2,no show
S1-01,spray,1,2025-02-01,15,15,0,
S2-01,spray,2,2025-02-01,14,12,2,sick
S3-01,spray,3,2025-02-01,17,15,2,no show
S4-01,spray,4,2025-02-01,16,14,2,sick
S5-01,spray,5,2025-02-01,13,12,1,sick
S6-01,spray,6,2025-02-01,18,16,2,sick
S7-01,spray,7,2025-02-01,17,15,2,leave
U1-01,upkeep,1,2025-02-01,19,18,1,leave
U1-02,upkeep,1,2025-02-01,19,19,0,
U1-03,upkeep,1,2025-02-01,19,18,1,no show
U2-01,upkeep,2,2025-02-01,18,17,1,no show
U2-02,upkeep,2,2025-02-01,18,13,5,leave
U2-03,upkeep,2,2025-02-01,18,15,3,sick
U3-01,upkeep,3,2025-02-01,16,15,1,sick
U3-02,upkeep,3,2025-02-01,16,14,2,sick
U3-03,upkeep,3,2025-02-01,16,12,4,sick
U3-04,upkeep,3,2025-02-01,16,16,0,
U4-01,upkeep,4,2025-02-01,15,14,1,leave
U4-02,upkeep,4,2025-02-01,15,14,1,leave
U4-03,upkeep,4,2025-02-01,15,14,1,leave
U4-04,upkeep,4,2025-02-01,15,14,1,sick
U5-01,upkeep,5,2025-02-01,16,14,2,sick
U5-02,upkeep,5,2025-02-01,16,16,0,
U5-03,upkeep,5,2025-02-01,16,16,0,
U6-01,upkeep,6,2025-02-01,17,15,2,sick
U6-02,upkeep,6,2025-02-01,17,16,1,leave
U6-03,upkeep,6,2025-02-01,17,15,2,sick
U6-04,upkeep,6,2025-02-01,17,16,1,no show
U7-01,upkeep,7,2025-02-01,15,14,1,sick
U7-02,upkeep,7,2025-02-01,15,14,1,no show
U7-03,upkeep,7,2025-02-01,15,13,2,sick
U7-04,upkeep,7,2025-02-01,15,12,3,leave
G1-01,harvest,1,2025-02-02,28,19,9,rest day
G1-02,harvest,1,2025-02-02,26,26,0,
G1-03,harvest,1,2025-02-02,25,16,9,rest day
G1-04,harvest,1,2025-02-02,26,23,3,rest day
G2-01,harvest,2,2025-02-02,24,24,0,
G2-02,harvest,2,2025-02-02,20,17,3,rest day
G2-03,harvest,2,2025-02-02,24,12,12,rest day
G2-04,harvest,2,2025-02-02,25,18,7,rest day
G3-01,harvest,3,2025-02-02,27,25,2,rest day
G3-02,harvest,3,2025-02-02,24,24,0,
G3-03,harvest,3,2025-02-02,25,25,0,
G3-04,harvest,3,2025-02-02,24,12,12,rest day
G4-01,harvest,4,2025-02-02,26,16,10,rest day
G4-02,harvest,4,2025-02-02,25,18,7,rest day
G4-03,harvest,4,2025-02-02,24,13,11,rest day
G4-04,harvest,4,2025-02-02,20,11,9,rest day
G5-01,harvest,5,2025-02-02,23,18,5,rest day
G5-02,harvest,5,2025-02-02,27,27,0,
G5-03,harvest,5,2025-02-02,19,11,8,rest day
G6-01,harvest,6,2025-02-02,24,24,0,
G6-02,harvest,6,2025-02-02,18,18,0,
G6-03,harvest,6,2025-02-02,24,18,6,rest day
G6-04,harvest,6,2025-02-02,24,11,13,rest day
G6-05,harvest,6,2025-02-02,21,12,9,rest day
G7-01,harvest,7,2025-02-02,27,17,10,rest day
G7-02,harvest,7,2025-02-02,21,13,8,rest day
G7-03,harvest,7,2025-02-02,20,11,9,rest day
G7-04,harvest,7,2025-02-02,27,27,0,
P1-01,pest,1,2025-02-02,11,6,5,rest day
P2-01,pest,2,2025-02-02,10,4,6,rest day
P3-01,pest,3,2025-02-02,11,6,5,rest day
P4-01,pest,4,2025-02-02,10,6,4,rest day
P5-01,pest,5,2025-02-02,10,6,4,rest day
P6-01,pest,6,2025-02-02,13,7,6,rest day
P7-01,pest,7,2025-02-02,13,6,7,rest day
S1-01,spray,1,2025-02-02,15,8,7,rest day
S2-01,spray,2,2025-02-02,14,8,6,rest day
S3-01,spray,3,2025-02-02,17,10,7,rest day
S4-01,spray,4,2025-02-02,16,9,7,rest day
S5-01,spray,5,2025-02-02,13,8,5,rest day
S6-01,spray,6,2025-02-02,18,11,7,rest day
S7-01,spray,7,2025-02-02,17,10,7,rest day
U1-01,upkeep,1,2025-02-02,19,11,8,rest day
U1-02,upkeep,1,2025-02-02,19,11,8,rest day
U1-03,upkeep,1,2025-02-02,19,11,8,rest day
U2-01,upkeep,2,2025-02-02,18,9,9,rest day
U2-02,upkeep,2,2025-02-02,18,6,12,rest day
U2-03,upkeep,2,2025-02-02,18,9,9,rest day
U3-01,upkeep,3,2025-02-02,16,9,7,rest day
U3-02,upkeep,3,2025-02-02,16,10,6,rest day
U3-03,upkeep,3,2025-02-02,16,10,6,rest day
U3-04,upkeep,3,2025-02-02,16,8,8,rest day
U4-01,upkeep,4,2025-02-02,15,8,7,rest day
U4-02,upkeep,4,2025-02-02,15,9,6,rest day
U4-03,upkeep,4,2025-02-02,15,9,6,rest day
U4-04,upkeep,4,2025-02-02,15,9,6,rest day
U5-01,upkeep,5,2025-02-02,16,10,6,rest day
U5-02,upkeep,5,2025-02-02,16,10,6,rest day
U5-03,upkeep,5,2025-02-02,16,9,7,rest day
U6-01,upkeep,6,2025-02-02,17,10,7,rest day
U6-02,upkeep,6,2025-02-02,17,10,7,rest day
U6-03,upkeep,6,2025-02-02,17,9,8,rest day
U6-04,upkeep,6,2025-02-02,17,9,8,rest day
U7-01,upkeep,7,2025-02-02,15,9,6,rest day
U7-02,upkeep,7,2025-02-02,15,9,6,rest day
U7-03,upkeep,7,2025-02-02,15,9,6,rest day
U7-04,upkeep,7,2025-02-02,15,9,6,rest day
G1-01,harvest,1,2025-02-03,28,26,2,no show
G1-02,harvest,1,2025-02-03,26,26,0,
G1-03,harvest,1,2025-02-03,25,25,0,
G1-04,harvest,1,2025-02-03,26,24,2,no show
G2-01,harvest,2,2025-02-03,24,19,5,leave
G2-02,harvest,2,2025-02-03,20,20,0,
G2-03,harvest,2,2025-02-03,24,19,5,leave
G2-04,harvest,2,2025-02-03,25,23,2,no show
G3-01,harvest,3,2025-02-03,27,27,0,
G3-02,harvest,3,2025-02-03,24,22,2,sick
G3-03,harvest,3,2025-02-03,25,25,0,
G3-04,harvest,3,2025-02-03,24,19,5,sick
G4-01,harvest,4,2025-02-03,26,25,1,sick
G4-02,harvest,4,2025-02-03,25,25,0,
G4-03,harvest,4,2025-02-03,24,20,4,sick
G4-04,harvest,4,2025-02-03,20,20,0,
G5-01,harvest,5,2025-02-03,23,23,0,
G5-02,harvest,5,2025-02-03,27,27,0,
G5-03,harvest,5,2025-02-03,19,18,1,sick
G6-01,harvest,6,2025-02-03,24,24,0,
G6-02,harvest,6,2025-02-03,18,18,0,
G6-03,harvest,6,2025-02-03,24,22,2,sick
G6-04,harvest,6,2025-02-03,24,23,1,no show
G6-05,harvest,6,2025-02-03,21,18,3,sick
G7-01,harvest,7,2025-02-03,27,27,0,
G7-02,harvest,7,2025-02-03,21,21,0,
G7-03,harvest,7,2025-02-03,20,19,1,sick
G7-04,harvest,7,2025-02-03,27,26,1,no show
P1-01,pest,1,2025-02-03,11,9,2,leave
P2-01,pest,2,2025-02-03,10,7,3,sick
P3-01,pest,3,2025-02-03,11,10,1,leave
P4-01,pest,4,2025-02-03,10,9,1,leave
P5-01,pest,5,2025-02-03,10,10,0,
P6-01,pest,6,2025-02-03,13,13,0,
P7-01,pest,7,2025-02-03,13,12,1,no show
S1-01,spray,1,2025-02-03,15,13,2,leave
S2-01,spray,2,2025-02-03,14,12,2,no show
S3-01,spray,3,2025-02-03,17,15,2,no show
S4-01,spray,4,2025-02-03,16,13,3,no show
S5-01,spray,5,2025-02-03,13,12,1,no show
S6-01,spray,6,2025-02-03,18,18,0,
S7-01,spray,7,2025-02-03,17,17,0,
U1-01,upkeep,1,2025-02-03,19,18,1,leave
U1-02,upkeep,1,2025-02-03,19,17,2,leave
U1-03,upkeep,1,2025-02-03,19,19,0,
U2-01,upkeep,2,2025-02-03,18,14,4,sick
U2-02,upkeep,2,2025-02-03,18,15,3,sick
U2-03,upkeep,2,2025-02-03,18,15,3,no show
U3-01,upkeep,3,2025-02-03,16,13,3,no show
U3-02,upkeep,3,2025-02-03,16,14,2,leave
U3-03,upkeep,3,2025-02-03,16,15,1,leave
U3-04,upkeep,3,2025-02-03,16,14,2,leave
U4-01,upkeep,4,2025-02-03,15,14,1,sick
U4-02,upkeep,4,2025-02-03,15,12,3,sick
U4-03,upkeep,4,2025-02-03,15,15,0,
U4-04,upkeep,4,2025-02-03,15,15,0,
U5-01,upkeep,5,2025-02-03,16,15,1,sick
U5-02,upkeep,5,2025-02-03,16,14,2,leave
U5-03,upkeep,5,2025-02-03,16,14,2,sick
U6-01,upkeep,6,2025-02-03,17,17,0,
U6-02,upkeep,6,2025-02-03,17,15,2,leave
U6-03,upkeep,6,2025-02-03,17,16,1,leave
U6-04,upkeep,6,2025-02-03,17,14,3,leave
U7-01,upkeep,7,2025-02-03,15,15,0,
U7-02,upkeep,7,2025-02-03,15,14,1,no show
U7-03,upkeep,7,2025-02-03,15,12,3,sick
U7-04,upkeep,7,2025-02-03,15,14,1,no show
G1-01,harvest,1,2025-02-04,28,23,5,sick
G1-02,harvest,1,2025-02-04,26,23,3,leave
G1-03,harvest,1,2025-02-04,25,23,2,leave
G1-04,harvest,1,2025-02-04,26,24,2,sick
G2-01,harvest,2,2025-02-04,24,22,2,sick
G2-02,harvest,2,2025-02-04,20,20,0,
G2-03,harvest,2,2025-02-04,24,22,2,no show
G2-04,harvest,2,2025-02-04,25,18,7,no show
G3-01,harvest,3,2025-02-04,27,27,0,
G3-02,harvest,3,2025-02-04,24,23,1,leave
G3-03,harvest,3,2025-02-04,25,25,0,
G3-04,harvest,3,2025-02-04,24,23,1,leave
G4-01,harvest,4,2025-02-04,26,24,2,sick
G4-02,harvest,4,2025-02-04,25,25,0,
G4-03,harvest,4,2025-02-04,24,21,3,sick
G4-04,harvest,4,2025-02-04,20,18,2,no show
G5-01,harvest,5,2025-02-04,23,23,0,
G5-02,harvest,5,2025-02-04,27,27,0,
G5-03,harvest,5,2025-02-04,19,19,0,
G6-01,harvest,6,2025-02-04,24,22,2,leave
G6-02,harvest,6,2025-02-04,18,18,0,
G6-03,harvest,6,2025-02-04,24,23,1,sick
G6-04,harvest,6,2025-02-04,24,22,2,no show
G6-05,harvest,6,2025-02-04,21,20,1,sick
G7-01,harvest,7,2025-02-04,27,25,2,leave
G7-02,harvest,7,2025-02-04,21,21,0,
G7-03,harvest,7,2025-02-04,20,18,2,sick
G7-04,harvest,7,2025-02-04,27,24,3,sick
P1-01,pest,1,2025-02-04,11,10,1,sick
P2-01,pest,2,2025-02-04,10,8,2,sick
P3-01,pest,3,2025-02-04,11,9,2,sick
P4-01,pest,4,2025-02-04,10,9,1,sick
P5-01,pest,5,2025-02-04,10,10,0,
P6-01,pest,6,2025-02-04,13,11,2,leave
P7-01,pest,7,2025-02-04,13,12,1,sick
S1-01,spray,1,2025-02-04,15,12,3,sick
S2-01,spray,2,2025-02-04,14,13,1,sick
S3-01,spray,3,2025-02-04,17,15,2,sick
S4-01,spray,4,2025-02-04,16,15,1,sick
S5-01,spray,5,2025-02-04,13,13,0,
S6-01,spray,6,2025-02-04,18,17,1,sick
S7-01,spray,7,2025-02-04,17,17,0,
U1-01,upkeep,1,2025-02-04,19,16,3,no show
U1-02,upkeep,1,2025-02-04,19,16,3,sick
U1-03,upkeep,1,2025-02-04,19,19,0,
U2-01,upkeep,2,2025-02-04,18,14,4,leave
U2-02,upkeep,2,2025-02-04,18,16,2,sick
U2-03,upkeep,2,2025-02-04,18,15,3,leave
U3-01,upkeep,3,2025-02-04,16,14,2,sick
U3-02,upkeep,3,2025-02-04,16,15,1,leave
U3-03,upkeep,3,2025-02-04,16,12,4,leave
U3-04,upkeep,3,2025-02-04,16,14,2,sick
U4-01,upkeep,4,2025-02-04,15,14,1,no show
U4-02,upkeep,4,2025-02-04,15,14,1,sick
U4-03,upkeep,4,2025-02-04,15,12,3,sick
U4-04,upkeep,4,2025-02-04,15,14,1,no show
U5-01,upkeep,5,2025-02-04,16,16,0,
U5-02,upkeep,5,2025-02-04,16,16,0,
U5-03,upkeep,5,2025-02-04,16,16,0,
U6-01,upkeep,6,2025-02-04,17,16,1,no show
U6-02,upkeep,6,2025-02-04,17,15,2,no show
U6-03,upkeep,6,2025-02-04,17,17,0,
U6-04,upkeep,6,2025-02-04,17,17,0,
U7-01,upkeep,7,2025-02-04,15,15,0,
U7-02,upkeep,7,2025-02-04,15,13,2,leave
U7-03,upkeep,7,2025-02-04,15,11,4,sick
U7-04,upkeep,7,2025-02-04,15,13,2,leave
G1-01,harvest,1,2025-02-05,28,24,4,leave
G1-02,harvest,1,2025-02-05,26,24,2,sick
G1-03,harvest,1,2025-02-05,25,24,1,leave
G1-04,harvest,1,2025-02-05,26,26,0,
G2-01,harvest,2,2025-02-05,24,24,0,
G2-02,harvest,2,2025-02-05,20,17,3,sick
G2-03,harvest,2,2025-02-05,24,24,0,
G2-04,harvest,2,2025-02-05,25,22,3,leave
G3-01,harvest,3,2025-02-05,27,23,4,no show
G3-02,harvest,3,2025-02-05,24,24,0,
G3-03,harvest,3,2025-02-05,25,24,1,sick
G3-04,harvest,3,2025-02-05,24,23,1,leave
G4-01,harvest,4,2025-02-05,26,26,0,
G4-02,harvest,4,2025-02-05,25,25,0,
G4-03,harvest,4,2025-02-05,24,24,0,
G4-04,harvest,4,2025-02-05,20,20,0,
G5-01,harvest,5,2025-02-05,23,23,0,
G5-02,harvest,5,2025-02-05,27,27,0,
G5-03,harvest,5,2025-02-05,19,19,0,
G6-01,harvest,6,2025-02-05,24,24,0,
G6-02,harvest,6,2025-02-05,18,18,0,
G6-03,harvest,6,2025-02-05,24,20,4,sick
G6-04,harvest,6,2025-02-05,24,23,1,sick
G6-05,harvest,6,2025-02-05,21,21,0,
G7-01,harvest,7,2025-02-05,27,27,0,
G7-02,harvest,7,2025-02-05,21,19,2,sick
G7-03,harvest,7,2025-02-05,20,20,0,
G7-04,harvest,7,2025-02-05,27,27,0,
P1-01,pest,1,2025-02-05,11,10,1,no show
P2-01,pest,2,2025-02-05,10,8,2,sick
P3-01,pest,3,2025-02-05,11,10,1,no show
P4-01,pest,4,2025-02-05,10,9,1,sick
P5-01,pest,5,2025-02-05,10,10,0,
P6-01,pest,6,2025-02-05,13,11,2,sick
P7-01,pest,7,2025-02-05,13,12,1,leave
S1-01,spray,1,2025-02-05,15,14,1,leave
S2-01,spray,2,2025-02-05,14,13,1,leave
S3-01,spray,3,2025-02-05,17,16,1,leave
S4-01,spray,4,2025-02-05,16,15,1,no show
S5-01,spray,5,2025-02-05,13,13,0,
S6-01,spray,6,2025-02-05,18,16,2,sick
S7-01,spray,7,2025-02-05,17,17,0,
U1-01,upkeep,1,2025-02-05,19,16,3,sick
U1-02,upkeep,1,2025-02-05,19,16,3,no show
U1-03,upkeep,1,2025-02-05,19,19,0,
U2-01,upkeep,2,2025-02-05,18,16,2,no show
U2-02,upkeep,2,2025-02-05,18,14,4,sick
U2-03,upkeep,2,2025-02-05,18,16,2,no show
U3-01,upkeep,3,2025-02-05,16,15,1,leave
U3-02,upkeep,3,2025-02-05,16,15,1,sick
U3-03,upkeep,3,2025-02-05,16,15,1,sick
U3-04,upkeep,3,2025-02-05,16,15,1,leave
U4-01,upkeep,4,2025-02-05,15,13,2,sick
U4-02,upkeep,4,2025-02-05,15,12,3,no show
U4-03,upkeep,4,2025-02-05,15,12,3,no show
U4-04,upkeep,4,2025-02-05,15,14,1,sick
U5-01,upkeep,5,2025-02-05,16,15,1,leave
U5-02,upkeep,5,2025-02-05,16,16,0,
U5-03,upkeep,5,2025-02-05,16,15,1,leave
U6-01,upkeep,6,2025-02-05,17,15,2,leave
U6-02,upkeep,6,2025-02-05,17,17,0,
U6-03,upkeep,6,2025-02-05,17,16,1,no show
U6-04,upkeep,6,2025-02-05,17,15,2,sick
U7-01,upkeep,7,2025-02-05,15,14,1,no show
U7-02,upkeep,7,2025-02-05,15,15,0,
U7-03,upkeep,7,2025-02-05,15,14,1,sick
U7-04,upkeep,7,2025-02-05,15,14,1,sick
G1-01,harvest,1,2025-02-06,28,27,1,sick
G1-02,harvest,1,2025-02-06,26,26,0,
G1-03,harvest,1,2025-02-06,25,24,1,leave
G1-04,harvest,1,2025-02-06,26,26,0,
G2-01,harvest,2,2025-02-06,24,19,5,sick
G2-02,harvest,2,2025-02-06,20,20,0,
G2-03,harvest,2,2025-02-06,24,21,3,leave
G2-04,harvest,2,2025-02-06,25,25,0,
G3-01,harvest,3,2025-02-06,27,27,0,
G3-02,harvest,3,2025-02-06,24,22,2,sick
G3-03,harvest,3,2025-02-06,25,25,0,
G3-04,harvest,3,2025-02-06,24,19,5,leave
G4-01,harvest,4,2025-02-06,26,25,1,leave
G4-02,harvest,4,2025-02-06,25,25,0,
G4-03,harvest,4,2025-02-06,24,24,0,
G4-04,harvest,4,2025-02-06,20,20,0,
G5-01,harvest,5,2025-02-06,23,22,1,sick
G5-02,harvest,5,2025-02-06,27,26,1,leave
G5-03,harvest,5,2025-02-06,19,19,0,
G6-01,harvest,6,2025-02-06,24,22,2,leave
G6-02,harvest,6,2025-02-06,18,16,2,sick
G6-03,harvest,6,2025-02-06,24,24,0,
G6-04,harvest,6,2025-02-06,24,24,0,
G6-05,harvest,6,2025-02-06,21,21,0,
G7-01,harvest,7,2025-02-06,27,24,3,sick
G7-02,harvest,7,2025-02-06,21,18,3,leave
G7-03,harvest,7,2025-02-06,20,20,0,
G7-04,harvest,7,2025-02-06,27,21,6,sick
P1-01,pest,1,2025-02-06,11,10,1,no show
P2-01,pest,2,2025-02-06,10,7,3,sick
P3-01,pest,3,2025-02-06,11,10,1,leave
P4-01,pest,4,2025-02-06,10,10,0,
P5-01,pest,5,2025-02-06,10,10,0,
P6-01,pest,6,2025-02-06,13,13,0,
P7-01,pest,7,2025-02-06,13,13,0,
S1-01,spray,1,2025-02-06,15,12,3,leave
S2-01,spray,2,2025-02-06,14,13,1,sick
S3-01,spray,3,2025-02-06,17,17,0,
S4-01,spray,4,2025-02-06,16,16,0,
S5-01,spray,5,2025-02-06,13,11,2,leave
S6-01,spray,6,2025-02-06,18,17,1,sick
S7-01,spray,7,2025-02-06,17,17,0,
U1-01,upkeep,1,2025-02-06,19,18,1,sick
U1-02,upkeep,1,2025-02-06,19,17,2,leave
U1-03,upkeep,1,2025-02-06,19,17,2,leave
U2-01,upkeep,2,2025-02-06,18,14,4,sick
U2-02,upkeep,2,2025-02-06,18,15,3,sick
U2-03,upkeep,2,2025-02-06,18,17,1,sick
U3-01,upkeep,3,2025-02-06,16,16,0,
U3-02,upkeep,3,2025-02-06,16,13,3,sick
U3-03,upkeep,3,2025-02-06,16,14,2,sick
U3-04,upkeep,3,2025-02-06,16,15,1,sick
U4-01,upkeep,4,2025-02-06,15,14,1,leave
U4-02,upkeep,4,2025-02-06,15,14,1,no show
U4-03,upkeep,4,2025-02-06,15,14,1,sick
U4-04,upkeep,4,2025-02-06,15,13,2,sick
U5-01,upkeep,5,2025-02-06,16,15,1,no show
U5-02,upkeep,5,2025-02-06,16,14,2,sick
U5-03,upkeep,5,2025-02-06,16,16,0,
U6-01,upkeep,6,2025-02-06,17,16,1,sick
U6-02,upkeep,6,2025-02-06,17,16,1,leave
U6-03,upkeep,6,2025-02-06,17,16,1,leave
U6-04,upkeep,6,2025-02-06,17,14,3,sick
U7-01,upkeep,7,2025-02-06,15,13,2,sick
U7-02,upkeep,7,2025-02-06,15,15,0,
U7-03,upkeep,7,2025-02-06,15,14,1,sick
U7-04,upkeep,7,2025-02-06,15,13,2,no show
G1-01,harvest,1,2025-02-07,28,27,1,leave
G1-02,harvest,1,2025-02-07,26,22,4,sick
G1-03,harvest,1,2025-02-07,25,21,4,leave
G1-04,harvest,1,2025-02-07,26,26,0,
G2-01,harvest,2,2025-02-07,24,22,2,sick
G2-02,harvest,2,2025-02-07,20,17,3,sick
G2-03,harvest,2,2025-02-07,24,22,2,leave
G2-04,harvest,2,2025-02-07,25,23,2,leave
G3-01,harvest,3,2025-02-07,27,27,0,
G3-02,harvest,3,2025-02-07,24,24,0,
G3-03,harvest,3,2025-02-07,25,25,0,
G3-04,harvest,3,2025-02-07,24,20,4,no show
G4-01,harvest,4,2025-02-07,26,24,2,sick
G4-02,harvest,4,2025-02-07,25,25,0,
G4-03,harvest,4,2025-02-07,24,24,0,
G4-04,harvest,4,2025-02-07,20,20,0,
G5-01,harvest,5,2025-02-07,23,22,1,sick
G5-02,harvest,5,2025-02-07,27,27,0,
G5-03,harvest,5,2025-02-07,19,19,0,
G6-01,harvest,6,2025-02-07,24,24,0,
G6-02,harvest,6,2025-02-07,18,18,0,
G6-03,harvest,6,2025-02-07,24,24,0,
G6-04,harvest,6,2025-02-07,24,20,4,leave
G6-05,harvest,6,2025-02-07,21,21,0,
G7-01,harvest,7,2025-02-07,27,26,1,leave
G7-02,harvest,7,2025-02-07,21,19,2,leave
G7-03,harvest,7,2025-02-07,20,20,0,
G7-04,harvest,7,2025-02-07,27,26,1,no show
P1-01,pest,1,2025-02-07,11,11,0,
P2-01,pest,2,2025-02-07,10,8,2,sick
P3-01,pest,3,2025-02-07,11,10,1,sick
P4-01,pest,4,2025-02-07,10,10,0,
P5-01,pest,5,2025-02-07,10,9,1,leave
P6-01,pest,6,2025-02-07,13,12,1,leave
P7-01,pest,7,2025-02-07,13,12,1,sick
S1-01,spray,1,2025-02-07,15,14,1,leave
S2-01,spray,2,2025-02-07,14,12,2,leave
S3-01,spray,3,2025-02-07,17,15,2,leave
S4-01,spray,4,2025-02-07,16,14,2,no show
S5-01,spray,5,2025-02-07,13,11,2,sick
S6-01,spray,6,2025-02-07,18,16,2,sick
S7-01,spray,7,2025-02-07,17,17,0,
U1-01,upkeep,1,2025-02-07,19,17,2,leave
U1-02,upkeep,1,2025-02-07,19,17,2,no show
U1-03,upkeep,1,2025-02-07,19,18,1,no show
U2-01,upkeep,2,2025-02-07,18,16,2,sick
U2-02,upkeep,2,2025-02-07,18,14,4,sick
U2-03,upkeep,2,2025-02-07,18,12,6,leave
U3-01,upkeep,3,2025-02-07,16,16,0,
U3-02,upkeep,3,2025-02-07,16,15,1,leave
U3-03,upkeep,3,2025-02-07,16,16,0,
U3-04,upkeep,3,2025-02-07,16,13,3,leave
U4-01,upkeep,4,2025-02-07,15,12,3,sick
U4-02,upkeep,4,2025-02-07,15,15,0,
U4-03,upkeep,4,2025-02-07,15,15,0,
U4-04,upkeep,4,2025-02-07,15,15,0,
U5-01,upkeep,5,2025-02-07,16,16,0,
U5-02,upkeep,5,2025-02-07,16,14,2,no show
U5-03,upkeep,5,2025-02-07,16,16,0,
U6-01,upkeep,6,2025-02-07,17,17,0,
U6-02,upkeep,6,2025-02-07,17,17,0,
U6-03,upkeep,6,2025-02-07,17,17,0,
U6-04,upkeep,6,2025-02-07,17,15,2,sick
U7-01,upkeep,7,2025-02-07,15,14,1,no show
U7-02,upkeep,7,2025-02-07,15,12,3,sick
U7-03,upkeep,7,2025-02-07,15,15,0,
U7-04,upkeep,7,2025-02-07,15,14,1,sick
G1-01,harvest,1,2025-02-08,28,27,1,leave
G1-02,harvest,1,2025-02-08,26,23,3,sick
G1-03,harvest,1,2025-02-08,25,25,0,
G1-04,harvest,1,2025-02-08,26,26,0,
G2-01,harvest,2,2025-02-08,24,20,4,leave
G2-02,harvest,2,2025-02-08,20,20,0,
G2-03,harvest,2,2025-02-08,24,24,0,
G2-04,harvest,2,2025-02-08,25,22,3,sick
G3-01,harvest,3,2025-02-08,27,27,0,
G3-02,harvest,3,2025-02-08,24,24,0,
G3-03,harvest,3,2025-02-08,25,25,0,
G3-04,harvest,3,2025-02-08,24,22,2,leave
G4-01,harvest,4,2025-02-08,26,25,1,sick
G4-02,harvest,4,2025-02-08,25,25,0,
G4-03,harvest,4,2025-02-08,24,24,0,
G4-04,harvest,4,2025-02-08,20,16,4,leave
G5-01,harvest,5,2025-02-08,23,23,0,
G5-02,harvest,5,2025-02-08,27,27,0,
G5-03,harvest,5,2025-02-08,19,19,0,
G6-01,harvest,6,2025-02-08,24,24,0,
G6-02,harvest,6,2025-02-08,18,18,0,
G6-03,harvest,6,2025-02-08,24,24,0,
G6-04,harvest,6,2025-02-08,24,24,0,
G6-05,harvest,6,2025-02-08,21,18,3,leave
G7-01,harvest,7,2025-02-08,27,26,1,sick
G7-02,harvest,7,2025-02-08,21,21,0,
G7-03,harvest,7,2025-02-08,20,18,2,no show
G7-04,harvest,7,2025-02-08,27,27,0,
P1-01,pest,1,2025-02-08,11,11,0,
P2-01,pest,2,2025-02-08,10,8,2,leave
P3-01,pest,3,2025-02-08,11,11,0,
P4-01,pest,4,2025-02-08,10,9,1,sick
P5-01,pest,5,2025-02-08,10,10,0,
P6-01,pest,6,2025-02-08,13,11,2,sick
P7-01,pest,7,2025-02-08,13,10,3,leave
S1-01,spray,1,2025-02-08,15,14,1,leave
S2-01,spray,2,2025-02-08,14,12,2,sick
S3-01,spray,3,2025-02-08,17,16,1,leave
S4-01,spray,4,2025-02-08,16,15,1,leave
S5-01,spray,5,2025-02-08,13,12,1,sick
S6-01,spray,6,2025-02-08,18,18,0,
S7-01,spray,7,2025-02-08,17,17,0,
U1-01,upkeep,1,2025-02-08,19,16,3,no show
U1-02,upkeep,1,2025-02-08,19,18,1,no show
U1-03,upkeep,1,2025-02-08,19,18,1,sick
U2-01,upkeep,2,2025-02-08,18,18,0,
U2-02,upkeep,2,2025-02-08,18,14,4,sick
U2-03,upkeep,2,2025-02-08,18,15,3,sick
U3-01,upkeep,3,2025-02-08,16,13,3,sick
U3-02,upkeep,3,2025-02-08,16,15,1,sick
U3-03,upkeep,3,2025-02-08,16,15,1,sick
U3-04,upkeep,3,2025-02-08,16,14,2,no show
U4-01,upkeep,4,2025-02-08,15,14,1,no show
U4-02,upkeep,4,2025-02-08,15,14,1,no show
U4-03,upkeep,4,2025-02-08,15,13,2,no show
U4-04,upkeep,4,2025-02-08,15,14,1,sick
U5-01,upkeep,5,2025-02-08,16,15,1,leave
U5-02,upkeep,5,2025-02-08,16,15,1,sick
U5-03,upkeep,5,2025-02-08,16,14,2,sick
U6-01,upkeep,6,2025-02-08,17,17,0,
U6-02,upkeep,6,2025-02-08,17,16,1,sick
U6-03,upkeep,6,2025-02-08,17,17,0,
U6-04,upkeep,6,2025-02-08,17,17,0,
U7-01,upkeep,7,2025-02-08,15,14,1,no show
U7-02,upkeep,7,2025-02-08,15,14,1,leave
U7-03,upkeep,7,2025-02-08,15,13,2,no show
U7-04,upkeep,7,2025-02-08,15,14,1,sick
G1-01,harvest,1,2025-02-09,28,15,13,rest day
G1-02,harvest,1,2025-02-09,26,20,6,rest day
G1-03,harvest,1,2025-02-09,25,23,2,rest day
G1-04,harvest,1,2025-02-09,26,26,0,
G2-01,harvest,2,2025-02-09,24,11,13,rest day
G2-02,harvest,2,2025-02-09,20,10,10,rest day
G2-03,harvest,2,2025-02-09,24,13,11,rest day
G2-04,harvest,2,2025-02-09,25,13,12,rest day
G3-01,harvest,3,2025-02-09,27,16,11,rest day
G3-02,harvest,3,2025-02-09,24,14,10,rest day
G3-03,harvest,3,2025-02-09,25,25,0,
G3-04,harvest,3,2025-02-09,24,14,10,rest day
G4-01,harvest,4,2025-02-09,26,18,8,rest day
G4-02,harvest,4,2025-02-09,25,25,0,
G4-03,harvest,4,2025-02-09,24,24,0,
G4-04,harvest,4,2025-02-09,20,15,5,rest day
G5-01,harvest,5,2025-02-09,23,15,8,rest day
G5-02,harvest,5,2025-02-09,27,27,0,
G5-03,harvest,5,2025-02-09,19,13,6,rest day
G6-01,harvest,6,2025-02-09,24,24,0,
G6-02,harvest,6,2025-02-09,18,11,7,rest day
G6-03,harvest,6,2025-02-09,24,13,11,rest day
G6-04,harvest,6,2025-02-09,24,18,6,rest day
G6-05,harvest,6,2025-02-09,21,13,8,rest day
G7-01,harvest,7,2025-02-09,27,14,13,rest day
G7-02,harvest,7,2025-02-09,21,14,7,rest day
G7-03,harvest,7,2025-02-09,20,20,0,
G7-04,harvest,7,2025-02-09,27,18,9,rest day
P1-01,pest,1,2025-02-09,11,5,6,rest day
P2-01,pest,2,2025-02-09,10,5,5,rest day
P3-01,pest,3,2025-02-09,11,6,5,rest day
P4-01,pest,4,2025-02-09,10,6,4,rest day
P5-01,pest,5,2025-02-09,10,6,4,rest day
P6-01,pest,6,2025-02-09,13,7,6,rest day
P7-01,pest,7,2025-02-09,13,8,5,rest day
S1-01,spray,1,2025-02-09,15,9,6,rest day
S2-01,spray,2,2025-02-09,14,8,6,rest day
S3-01,spray,3,2025-02-09,17,8,9,rest day
S4-01,spray,4,2025-02-09,16,9,7,rest day
S5-01,spray,5,2025-02-09,13,6,7,rest day
S6-01,spray,6,2025-02-09,18,11,7,rest day
S7-01,spray,7,2025-02-09,17,9,8,rest day
U1-01,upkeep,1,2025-02-09,19,11,8,rest day
U1-02,upkeep,1,2025-02-09,19,12,7,rest day
U1-03,upkeep,1,2025-02-09,19,9,10,rest day
U2-01,upkeep,2,2025-02-09,18,9,9,rest day
U2-02,upkeep,2,2025-02-09,18,9,9,rest day
U2-03,upkeep,2,2025-02-09,18,9,9,rest day
U3-01,upkeep,3,2025-02-09,16,9,7,rest day
U3-02,upkeep,3,2025-02-09,16,10,6,rest day
U3-03,upkeep,3,2025-02-09,16,8,8,rest day
U3-04,upkeep,3,2025-02-09,16,8,8,rest day
U4-01,upkeep,4,2025-02-09,15,9,6,rest day
U4-02,upkeep,4,2025-02-09,15,8,7,rest day
U4-03,upkeep,4,2025-02-09,15,9,6,rest day
U4-04,upkeep,4,2025-02-09,15,9,6,rest day
U5-01,upkeep,5,2025-02-09,16,9,7,rest day
U5-02,upkeep,5,2025-02-09,16,10,6,rest day
U5-03,upkeep,5,2025-02-09,16,10,6,rest day
U6-01,upkeep,6,2025-02-09,17,11,6,rest day
U6-02,upkeep,6,2025-02-09,17,9,8,rest day
U6-03,upkeep,6,2025-02-09,17,11,6,rest day
U6-04,upkeep,6,2025-02-09,17,10,7,rest day
U7-01,upkeep,7,2025-02-09,15,8,7,rest day
U7-02,upkeep,7,2025-02-09,15,8,7,rest day
U7-03,upkeep,7,2025-02-09,15,10,5,rest day
U7-04,upkeep,7,2025-02-09,15,10,5,rest day
G1-01,harvest,1,2025-02-10,28,25,3,sick
G1-02,harvest,1,2025-02-10,26,26,0,
G1-03,harvest,1,2025-02-10,25,24,1,sick
G1-04,harvest,1,2025-02-10,26,24,2,leave
G2-01,harvest,2,2025-02-10,24,24,0,
G2-02,harvest,2,2025-02-10,20,18,2,sick
G2-03,harvest,2,2025-02-10,24,22,2,sick
G2-04,harvest,2,2025-02-10,25,22,3,sick
G3-01,harvest,3,2025-02-10,27,23,4,sick
G3-02,harvest,3,2025-02-10,24,24,0,
G3-03,harvest,3,2025-02-10,25,25,0,
G3-04,harvest,3,2025-02-10,24,24,0,
G4-01,harvest,4,2025-02-10,26,26,0,
G4-02,harvest,4,2025-02-10,25,21,4,leave
G4-03,harvest,4,2025-02-10,24,21,3,leave
G4-04,harvest,4,2025-02-10,20,19,1,sick
G5-01,harvest,5,2025-02-10,23,23,0,
G5-02,harvest,5,2025-02-10,27,27,0,
G5-03,harvest,5,2025-02-10,19,18,1,sick
G6-01,harvest,6,2025-02-10,24,24,0,
G6-02,harvest,6,2025-02-10,18,18,0,
G6-03,harvest,6,2025-02-10,24,22,2,sick
G6-04,harvest,6,2025-02-10,24,22,2,sick
G6-05,harvest,6,2025-02-10,21,17,4,no show
G7-01,harvest,7,2025-02-10,27,27,0,
G7-02,harvest,7,2025-02-10,21,20,1,leave
G7-03,harvest,7,2025-02-10,20,20,0,
G7-04,harvest,7,2025-02-10,27,24,3,sick
P1-01,pest,1,2025-02-10,11,9,2,sick
P2-01,pest,2,2025-02-10,10,9,1,sick
P3-01,pest,3,2025-02-10,11,10,1,sick
P4-01,pest,4,2025-02-10,10,8,2,no show
P5-01,pest,5,2025-02-10,10,9,1,leave
P6-01,pest,6,2025-02-10,13,10,3,no show
P7-01,pest,7,2025-02-10,13,11,2,sick
S1-01,spray,1,2025-02-10,15,10,5,leave
S2-01,spray,2,2025-02-10,14,13,1,sick
S3-01,spray,3,2025-02-10,17,17,0,
S4-01,spray,4,2025-02-10,16,14,2,leave
S5-01,spray,5,2025-02-10,13,12,1,leave
S6-01,spray,6,2025-02-10,18,18,0,
S7-01,spray,7,2025-02-10,17,15,2,sick
U1-01,upkeep,1,2025-02-10,19,18,1,sick
U1-02,upkeep,1,2025-02-10,19,17,2,sick
U1-03,upkeep,1,2025-02-10,19,18,1,sick
U2-01,upkeep,2,2025-02-10,18,15,3,leave
U2-02,upkeep,2,2025-02-10,18,15,3,sick
U2-03,upkeep,2,2025-02-10,18,16,2,sick
U3-01,upkeep,3,2025-02-10,16,16,0,
U3-02,upkeep,3,2025-02-10,16,13,3,no show
U3-03,upkeep,3,2025-02-10,16,15,1,leave
U3-04,upkeep,3,2025-02-10,16,15,1,sick
U4-01,upkeep,4,2025-02-10,15,12,3,sick
U4-02,upkeep,4,2025-02-10,15,13,2,no show
U4-03,upkeep,4,2025-02-10,15,15,0,
U4-04,upkeep,4,2025-02-10,15,14,1,leave
U5-01,upkeep,5,2025-02-10,16,15,1,sick
U5-02,upkeep,5,2025-02-10,16,16,0,
U5-03,upkeep,5,2025-02-10,16,15,1,leave
U6-01,upkeep,6,2025-02-10,17,16,1,no show
U6-02,upkeep,6,2025-02-10,17,14,3,leave
U6-03,upkeep,6,2025-02-10,17,17,0,
U6-04,upkeep,6,2025-02-10,17,14,3,sick
U7-01,upkeep,7,2025-02-10,15,14,1,sick
U7-02,upkeep,7,2025-02-10,15,14,1,sick
U7-03,upkeep,7,2025-02-10,15,14,1,sick
U7-04,upkeep,7,2025-02-10,15,15,0,
G1-01,harvest,1,2025-02-11,28,25,3,leave
G1-02,harvest,1,2025-02-11,26,24,2,sick
G1-03,harvest,1,2025-02-11,25,25,0,
G1-04,harvest,1,2025-02-11,26,24,2,sick
G2-01,harvest,2,2025-02-11,24,24,0,
G2-02,harvest,2,2025-02-11,20,19,1,sick
G2-03,harvest,2,2025-02-11,24,24,0,
G2-04,harvest,2,2025-02-11,25,20,5,no show
G3-01,harvest,3,2025-02-11,27,24,3,leave
G3-02,harvest,3,2025-02-11,24,24,0,
G3-03,harvest,3,2025-02-11,25,25,0,
G3-04,harvest,3,2025-02-11,24,22,2,sick
G4-01,harvest,4,2025-02-11,26,25,1,leave
G4-02,harvest,4,2025-02-11,25,22,3,leave
G4-03,harvest,4,2025-02-11,24,19,5,sick
G4-04,harvest,4,2025-02-11,20,20,0,
G5-01,harvest,5,2025-02-11,23,23,0,
G5-02,harvest,5,2025-02-11,27,26,1,sick
G5-03,harvest,5,2025-02-11,19,16,3,no show
G6-01,harvest,6,2025-02-11,24,24,0,
G6-02,harvest,6,2025-02-11,18,15,3,no show
G6-03,harvest,6,2025-02-11,24,23,1,leave
G6-04,harvest,6,2025-02-11,24,21,3,no show
G6-05,harvest,6,2025-02-11,21,19,2,leave
G7-01,harvest,7,2025-02-11,27,25,2,sick
G7-02,harvest,7,2025-02-11,21,21,0,
G7-03,harvest,7,2025-02-11,20,18,2,no show
G7-04,harvest,7,2025-02-11,27,27,0,
P1-01,pest,1,2025-02-11,11,10,1,sick
P2-01,pest,2,2025-02-11,10,8,2,leave
P3-01,pest,3,2025-02-11,11,9,2,no show
P4-01,pest,4,2025-02-11,10,9,1,sick
P5-01,pest,5,2025-02-11,10,10,0,
P6-01,pest,6,2025-02-11,13,12,1,no show
P7-01,pest,7,2025-02-11,13,13,0,
S1-01,spray,1,2025-02-11,15,15,0,
S2-01,spray,2,2025-02-11,14,12,2,sick
S3-01,spray,3,2025-02-11,17,16,1,leave
S4-01,spray,4,2025-02-11,16,16,0,
S5-01,spray,5,2025-02-11,13,13,0,
S6-01,spray,6,2025-02-11,18,16,2,sick
S7-01,spray,7,2025-02-11,17,17,0,
U1-01,upkeep,1,2025-02-11,19,16,3,sick
U1-02,upkeep,1,2025-02-11,19,18,1,sick
U1-03,upkeep,1,2025-02-11,19,16,3,sick
U2-01,upkeep,2,2025-02-11,18,16,2,no show
U2-02,upkeep,2,2025-02-11,18,16,2,sick
U2-03,upkeep,2,2025-02-11,18,14,4,sick
U3-01,upkeep,3,2025-02-11,16,14,2,leave
U3-02,upkeep,3,2025-02-11,16,13,3,leave
U3-03,upkeep,3,2025-02-11,16,14,2,sick
U3-04,upkeep,3,2025-02-11,16,14,2,leave
U4-01,upkeep,4,2025-02-11,15,13,2,leave
U4-02,upkeep,4,2025-02-11,15,15,0,
U4-03,upkeep,4,2025-02-11,15,14,1,leave
U4-04,upkeep,4,2025-02-11,15,15,0,
U5-01,upkeep,5,2025-02-11,16,16,0,
U5-02,upkeep,5,2025-02-11,16,15,1,sick
U5-03,upkeep,5,2025-02-11,16,16,0,
U6-01,upkeep,6,2025-02-11,17,17,0,
U6-02,upkeep,6,2025-02-11,17,16,1,no show
U6-03,upkeep,6,2025-02-11,17,17,0,
U6-04,upkeep,6,2025-02-11,17,14,3,no show
U7-01,upkeep,7,2025-02-11,15,14,1,sick
U7-02,upkeep,7,2025-02-11,15,14,1,no show
U7-03,upkeep,7,2025-02-11,15,14,1,sick
U7-04,upkeep,7,2025-02-11,15,13,2,sick
G1-01,harvest,1,2025-02-12,28,27,1,leave
G1-02,harvest,1,2025-02-12,26,23,3,no show
G1-03,harvest,1,2025-02-12,25,25,0,
G1-04,harvest,1,2025-02-12,26,26,0,
G2-01,harvest,2,2025-02-12,24,19,5,leave
G2-02,harvest,2,2025-02-12,20,20,0,
G2-03,harvest,2,2025-02-12,24,20,4,sick
G2-04,harvest,2,2025-02-12,25,22,3,sick
G3-01,harvest,3,2025-02-12,27,24,3,leave
G3-02,harvest,3,2025-02-12,24,24,0,
G3-03,harvest,3,2025-02-12,25,25,0,
G3-04,harvest,3,2025-02-12,24,22,2,leave
G4-01,harvest,4,2025-02-12,26,24,2,sick
G4-02,harvest,4,2025-02-12,25,23,2,sick
G4-03,harvest,4,2025-02-12,24,20,4,leave
G4-04,harvest,4,2025-02-12,20,20,0,
G5-01,harvest,5,2025-02-12,23,22,1,no show
G5-02,harvest,5,2025-02-12,27,27,0,
G5-03,harvest,5,2025-02-12,19,18,1,leave
G6-01,harvest,6,2025-02-12,24,24,0,
G6-02,harvest,6,2025-02-12,18,18,0,
G6-03,harvest,6,2025-02-12,24,24,0,
G6-04,harvest,6,2025-02-12,24,24,0,
G6-05,harvest,6,2025-02-12,21,21,0,
G7-01,harvest,7,2025-02-12,27,24,3,leave
G7-02,harvest,7,2025-02-12,21,19,2,sick
G7-03,harvest,7,2025-02-12,20,20,0,
G7-04,harvest,7,2025-02-12,27,25,2,no show
P1-01,pest,1,2025-02-12,11,11,0,
P2-01,pest,2,2025-02-12,10,7,3,sick
P3-01,pest,3,2025-02-12,11,8,3,leave
P4-01,pest,4,2025-02-12,10,9,1,no show
P5-01,pest,5,2025-02-12,10,10,0,
P6-01,pest,6,2025-02-12,13,12,1,leave
P7-01,pest,7,2025-02-12,13,11,2,no show
S1-01,spray,1,2025-02-12,15,13,2,sick
S2-01,spray,2,2025-02-12,14,13,1,sick
S3-01,spray,3,2025-02-12,17,16,1,sick
S4-01,spray,4,2025-02-12,16,14,2,sick
S5-01,spray,5,2025-02-12,13,12,1,sick
S6-01,spray,6,2025-02-12,18,17,1,sick
S7-01,spray,7,2025-02-12,17,17,0,
U1-01,upkeep,1,2025-02-12,19,18,1,no show
U1-02,upkeep,1,2025-02-12,19,17,2,sick
U1-03,upkeep,1,2025-02-12,19,19,0,
U2-01,upkeep,2,2025-02-12,18,16,2,no show
U2-02,upkeep,2,2025-02-12,18,14,4,sick
U2-03,upkeep,2,2025-02-12,18,17,1,no show
U3-01,upkeep,3,2025-02-12,16,15,1,sick
U3-02,upkeep,3,2025-02-12,16,15,1,sick
U3-03,upkeep,3,2025-02-12,16,15,1,leave
U3-04,upkeep,3,2025-02-12,16,15,1,sick
U4-01,upkeep,4,2025-02-12,15,14,1,sick
U4-02,upkeep,4,2025-02-12,15,14,1,leave
U4-03,upkeep,4,2025-02-12,15,12,3,leave
U4-04,upkeep,4,2025-02-12,15,14,1,leave
U5-01,upkeep,5,2025-02-12,16,16,0,
U5-02,upkeep,5,2025-02-12,16,15,1,leave
U5-03,upkeep,5,2025-02-12,16,15,1,sick
U6-01,upkeep,6,2025-02-12,17,15,2,leave
U6-02,upkeep,6,2025-02-12,17,17,0,
U6-03,upkeep,6,2025-02-12,17,16,1,sick
U6-04,upkeep,6,2025-02-12,17,15,2,sick
U7-01,upkeep,7,2025-02-12,15,15,0,
U7-02,upkeep,7,2025-02-12,15,15,0,
U7-03,upkeep,7,2025-02-12,15,9,6,no show
U7-04,upkeep,7,2025-02-12,15,15,0,
G1-01,harvest,1,2025-02-13,28,25,3,sick
G1-02,harvest,1,2025-02-13,26,25,1,sick
G1-03,harvest,1,2025-02-13,25,23,2,sick
G1-04,harvest,1,2025-02-13,26,24,2,sick
G2-01,harvest,2,2025-02-13,24,19,5,sick
G2-02,harvest,2,2025-02-13,20,20,0,
G2-03,harvest,2,2025-02-13,24,21,3,sick
G2-04,harvest,2,2025-02-13,25,24,1,sick
G3-01,harvest,3,2025-02-13,27,27,0,
G3-02,harvest,3,2025-02-13,24,24,0,
G3-03,harvest,3,2025-02-13,25,25,0,
G3-04,harvest,3,2025-02-13,24,24,0,
G4-01,harvest,4,2025-02-13,26,23,3,leave
G4-02,harvest,4,2025-02-13,25,25,0,
G4-03,harvest,4,2025-02-13,24,24,0,
G4-04,harvest,4,2025-02-13,20,18,2,sick
G5-01,harvest,5,2025-02-13,23,21,2,sick
G5-02,harvest,5,2025-02-13,27,23,4,no show
G5-03,harvest,5,2025-02-13,19,18,1,no show
G6-01,harvest,6,2025-02-13,24,24,0,
G6-02,harvest,6,2025-02-13,18,18,0,
G6-03,harvest,6,2025-02-13,24,20,4,sick
G6-04,harvest,6,2025-02-13,24,24,0,
G6-05,harvest,6,2025-02-13,21,18,3,sick
G7-01,harvest,7,2025-02-13,27,27,0,
G7-02,harvest,7,2025-02-13,21,21,0,
G7-03,harvest,7,2025-02-13,20,17,3,sick
G7-04,harvest,7,2025-02-13,27,25,2,sick
P1-01,pest,1,2025-02-13,11,8,3,leave
P2-01,pest,2,2025-02-13,10,9,1,no show
P3-01,pest,3,2025-02-13,11,11,0,
P4-01,pest,4,2025-02-13,10,10,0,
P5-01,pest,5,2025-02-13,10,10,0,
P6-01,pest,6,2025-02-13,13,13,0,
P7-01,pest,7,2025-02-13,13,13,0,
S1-01,spray,1,2025-02-13,15,12,3,leave
S2-01,spray,2,2025-02-13,14,11,3,sick
S3-01,spray,3,2025-02-13,17,15,2,sick
S4-01,spray,4,2025-02-13,16,13,3,sick
S5-01,spray,5,2025-02-13,13,12,1,leave
S6-01,spray,6,2025-02-13,18,15,3,leave
S7-01,spray,7,2025-02-13,17,15,2,leave
U1-01,upkeep,1,2025-02-13,19,16,3,no show
U1-02,upkeep,1,2025-02-13,19,18,1,no show
U1-03,upkeep,1,2025-02-13,19,16,3,leave
U2-01,upkeep,2,2025-02-13,18,14,4,sick
U2-02,upkeep,2,2025-02-13,18,15,3,sick
U2-03,upkeep,2,2025-02-13,18,15,3,leave
U3-01,upkeep,3,2025-02-13,16,11,5,leave
U3-02,upkeep,3,2025-02-13,16,14,2,no show
U3-03,upkeep,3,2025-02-13,16,13,3,sick
U3-04,upkeep,3,2025-02-13,16,16,0,
U4-01,upkeep,4,2025-02-13,15,12,3,leave
U4-02,upkeep,4,2025-02-13,15,14,1,leave
U4-03,upkeep,4,2025-02-13,15,13,2,no show
U4-04,upkeep,4,2025-02-13,15,15,0,
U5-01,upkeep,5,2025-02-13,16,15,1,no show
U5-02,upkeep,5,2025-02-13,16,16,0,
U5-03,upkeep,5,2025-02-13,16,15,1,no show
U6-01,upkeep,6,2025-02-13,17,17,0,
U6-02,upkeep,6,2025-02-13,17,16,1,sick
U6-03,upkeep,6,2025-02-13,17,16,1,leave
U6-04,upkeep,6,2025-02-13,17,17,0,
U7-01,upkeep,7,2025-02-13,15,14,1,leave
U7-02,upkeep,7,2025-02-13,15,14,1,leave
U7-03,upkeep,7,2025-02-13,15,15,0,
U7-04,upkeep,7,2025-02-13,15,14,1,no show
G1-01,harvest,1,2025-02-14,28,26,2,sick
G1-02,harvest,1,2025-02-14,26,22,4,sick
G1-03,harvest,1,2025-02-14,25,25,0,
G1-04,harvest,1,2025-02-14,26,23,3,no show
G2-01,harvest,2,2025-02-14,24,19,5,no show
G2-02,harvest,2,2025-02-14,20,18,2,sick
G2-03,harvest,2,2025-02-14,24,20,4,leave
G2-04,harvest,2,2025-02-14,25,22,3,no show
G3-01,harvest,3,2025-02-14,27,23,4,no show
G3-02,harvest,3,2025-02-14,24,24,0,
G3-03,harvest,3,2025-02-14,25,24,1,sick
G3-04,harvest,3,2025-02-14,24,23,1,no show
G4-01,harvest,4,2025-02-14,26,23,3,no show
G4-02,harvest,4,2025-02-14,25,24,1,sick
G4-03,harvest,4,2025-02-14,24,23,1,no show
G4-04,harvest,4,2025-02-14,20,20,0,
G5-01,harvest,5,2025-02-14,23,23,0,
G5-02,harvest,5,2025-02-14,27,24,3,no show
G5-03,harvest,5,2025-02-14,19,19,0,
G6-01,harvest,6,2025-02-14,24,21,3,sick
G6-02,harvest,6,2025-02-14,18,16,2,sick
G6-03,harvest,6,2025-02-14,24,24,0,
G6-04,harvest,6,2025-02-14,24,23,1,leave
G6-05,harvest,6,2025-02-14,21,19,2,sick
G7-01,harvest,7,2025-02-14,27,26,1,sick
G7-02,harvest,7,2025-02-14,21,20,1,sick
G7-03,harvest,7,2025-02-14,20,18,2,no show
G7-04,harvest,7,2025-02-14,27,27,0,
P1-01,pest,1,2025-02-14,11,11,0,
P2-01,pest,2,2025-02-14,10,8,2,no show
P3-01,pest,3,2025-02-14,11,10,1,sick
P4-01,pest,4,2025-02-14,10,10,0,
P5-01,pest,5,2025-02-14,10,10,0,
P6-01,pest,6,2025-02-14,13,12,1,leave
P7-01,pest,7,2025-02-14,13,11,2,no show
S1-01,spray,1,2025-02-14,15,13,2,sick
S2-01,spray,2,2025-02-14,14,11,3,sick
S3-01,spray,3,2025-02-14,17,14,3,sick
S4-01,spray,4,2025-02-14,16,14,2,sick
S5-01,spray,5,2025-02-14,13,12,1,sick
S6-01,spray,6,2025-02-14,18,16,2,no show
S7-01,spray,7,2025-02-14,17,15,2,leave
U1-01,upkeep,1,2025-02-14,19,17,2,leave
U1-02,upkeep,1,2025-02-14,19,19,0,
U1-03,upkeep,1,2025-02-14,19,19,0,
U2-01,upkeep,2,2025-02-14,18,14,4,sick
U2-02,upkeep,2,2025-02-14,18,15,3,leave
U2-03,upkeep,2,2025-02-14,18,15,3,sick
U3-01,upkeep,3,2025-02-14,16,16,0,
U3-02,upkeep,3,2025-02-14,16,13,3,sick
U3-03,upkeep,3,2025-02-14,16,14,2,sick
U3-04,upkeep,3,2025-02-14,16,14,2,no show
U4-01,upkeep,4,2025-02-14,15,12,3,leave
U4-02,upkeep,4,2025-02-14,15,15,0,
U4-03,upkeep,4,2025-02-14,15,14,1,sick
U4-04,upkeep,4,2025-02-14,15,14,1,sick
U5-01,upkeep,5,2025-02-14,16,16,0,
U5-02,upkeep,5,2025-02-14,16,14,2,leave
U5-03,upkeep,5,2025-02-14,16,15,1,sick
U6-01,upkeep,6,2025-02-14,17,16,1,leave
U6-02,upkeep,6,2025-02-14,17,16,1,sick
U6-03,upkeep,6,2025-02-14,17,15,2,leave
U6-04,upkeep,6,2025-02-14,17,15,2,leave
U7-01,upkeep,7,2025-02-14,15,15,0,
U7-02,upkeep,7,2025-02-14,15,13,2,sick
U7-03,upkeep,7,2025-02-14,15,14,1,no show
U7-04,upkeep,7,2025-02-14,15,13,2,leave
G1-01,harvest,1,2025-02-15,28,25,3,leave
G1-02,harvest,1,2025-02-15,26,25,1,no show
G1-03,harvest,1,2025-02-15,25,21,4,leave
G1-04,harvest,1,2025-02-15,26,21,5,no show
G2-01,harvest,2,2025-02-15,24,20,4,leave
G2-02,harvest,2,2025-02-15,20,19,1,leave
G2-03,harvest,2,2025-02-15,24,21,3,sick
G2-04,harvest,2,2025-02-15,25,22,3,sick
G3-01,harvest,3,2025-02-15,27,25,2,sick
G3-02,harvest,3,2025-02-15,24,21,3,leave
G3-03,harvest,3,2025-02-15,25,25,0,
G3-04,harvest,3,2025-02-15,24,22,2,sick
G4-01,harvest,4,2025-02-15,26,24,2,sick
G4-02,harvest,4,2025-02-15,25,25,0,
G4-03,harvest,4,2025-02-15,24,24,0,
G4-04,harvest,4,2025-02-15,20,18,2,sick
G5-01,harvest,5,2025-02-15,23,23,0,
G5-02,harvest,5,2025-02-15,27,27,0,
G5-03,harvest,5,2025-02-15,19,19,0,
G6-01,harvest,6,2025-02-15,24,23,1,leave
G6-02,harvest,6,2025-02-15,18,18,0,
G6-03,harvest,6,2025-02-15,24,23,1,sick
G6-04,harvest,6,2025-02-15,24,21,3,leave
G6-05,harvest,6,2025-02-15,21,19,2,sick
G7-01,harvest,7,2025-02-15,27,26,1,sick
G7-02,harvest,7,2025-02-15,21,21,0,
G7-03,harvest,7,2025-02-15,20,20,0,
G7-04,harvest,7,2025-02-15,27,26,1,sick
P1-01,pest,1,2025-02-15,11,10,1,no show
P2-01,pest,2,2025-02-15,10,9,1,no show
P3-01,pest,3,2025-02-15,11,8,3,sick
P4-01,pest,4,2025-02-15,10,7,3,leave
P5-01,pest,5,2025-02-15,10,10,0,
P6-01,pest,6,2025-02-15,13,11,2,sick
P7-01,pest,7,2025-02-15,13,12,1,sick
S1-01,spray,1,2025-02-15,15,14,1,no show
S2-01,spray,2,2025-02-15,14,14,0,
S3-01,spray,3,2025-02-15,17,16,1,leave
S4-01,spray,4,2025-02-15,16,16,0,
S5-01,spray,5,2025-02-15,13,13,0,
S6-01,spray,6,2025-02-15,18,17,1,no show
S7-01,spray,7,2025-02-15,17,15,2,leave
U1-01,upkeep,1,2025-02-15,19,17,2,leave
U1-02,upkeep,1,2025-02-15,19,17,2,sick
U1-03,upkeep,1,2025-02-15,19,14,5,leave
U2-01,upkeep,2,2025-02-15,18,14,4,sick
U2-02,upkeep,2,2025-02-15,18,16,2,leave
U2-03,upkeep,2,2025-02-15,18,16,2,leave
U3-01,upkeep,3,2025-02-15,16,16,0,
U3-02,upkeep,3,2025-02-15,16,14,2,sick
U3-03,upkeep,3,2025-02-15,16,16,0,
U3-04,upkeep,3,2025-02-15,16,15,1,no show
U4-01,upkeep,4,2025-02-15,15,13,2,no show
U4-02,upkeep,4,2025-02-15,15,14,1,no show
U4-03,upkeep,4,2025-02-15,15,15,0,
U4-04,upkeep,4,2025-02-15,15,14,1,no show
U5-01,upkeep,5,2025-02-15,16,14,2,no show
U5-02,upkeep,5,2025-02-15,16,15,1,sick
U5-03,upkeep,5,2025-02-15,16,14,2,sick
U6-01,upkeep,6,2025-02-15,17,16,1,sick
U6-02,upkeep,6,2025-02-15,17,16,1,sick
U6-03,upkeep,6,2025-02-15,17,15,2,no show
U6-04,upkeep,6,2025-02-15,17,16,1,sick
U7-01,upkeep,7,2025-02-15,15,13,2,sick
U7-02,upkeep,7,2025-02-15,15,15,0,
U7-03,upkeep,7,2025-02-15,15,15,0,
U7-04,upkeep,7,2025-02-15,15,15,0,
G1-01,harvest,1,2025-02-16,28,16,12,rest day
G1-02,harvest,1,2025-02-16,26,17,9,rest day
G1-03,harvest,1,2025-02-16,25,25,0,
G1-04,harvest,1,2025-02-16,26,24,2,rest day
G2-01,harvest,2,2025-02-16,24,23,1,rest day
G2-02,harvest,2,2025-02-16,20,16,4,rest day
G2-03,harvest,2,2025-02-16,24,13,11,rest day
G2-04,harvest,2,2025-02-16,25,14,11,rest day
G3-01,harvest,3,2025-02-16,27,27,0,
G3-02,harvest,3,2025-02-16,24,24,0,
G3-03,harvest,3,2025-02-16,25,18,7,rest day
G3-04,harvest,3,2025-02-16,24,14,10,rest day
G4-01,harvest,4,2025-02-16,26,16,10,rest day
G4-02,harvest,4,2025-02-16,25,15,10,rest day
G4-03,harvest,4,2025-02-16,24,15,9,rest day
G4-04,harvest,4,2025-02-16,20,12,8,rest day
G5-01,harvest,5,2025-02-16,23,23,0,
G5-02,harvest,5,2025-02-16,27,18,9,rest day
G5-03,harvest,5,2025-02-16,19,11,8,rest day
G6-01,harvest,6,2025-02-16,24,14,10,rest day
G6-02,harvest,6,2025-02-16,18,18,0,
G6-03,harvest,6,2025-02-16,24,24,0,
G6-04,harvest,6,2025-02-16,24,14,10,rest day
G6-05,harvest,6,2025-02-16,21,11,10,rest day
G7-01,harvest,7,2025-02-16,27,13,14,rest day
G7-02,harvest,7,2025-02-16,21,18,3,rest day
G7-03,harvest,7,2025-02-16,20,20,0,
G7-04,harvest,7,2025-02-16,27,16,11,rest day
P1-01,pest,1,2025-02-16,11,7,4,rest day
P2-01,pest,2,2025-02-16,10,5,5,rest day
P3-01,pest,3,2025-02-16,11,7,4,rest day
P4-01,pest,4,2025-02-16,10,5,5,rest day
P5-01,pest,5,2025-02-16,10,6,4,rest day
P6-01,pest,6,2025-02-16,13,7,6,rest day
P7-01,pest,7,2025-02-16,13,7,6,rest day
S1-01,spray,1,2025-02-16,15,9,6,rest day
S2-01,spray,2,2025-02-16,14,6,8,rest day
S3-01,spray,3,2025-02-16,17,10,7,rest day
S4-01,spray,4,2025-02-16,16,10,6,rest day
S5-01,spray,5,2025-02-16,13,8,5,rest day
S6-01,spray,6,2025-02-16,18,9,9,rest day
S7-01,spray,7,2025-02-16,17,11,6,rest day
U1-01,upkeep,1,2025-02-16,19,11,8,rest day
U1-02,upkeep,1,2025-02-16,19,8,11,rest day
U1-03,upkeep,1,2025-02-16,19,11,8,rest day
U2-01,upkeep,2,2025-02-16,18,8,10,rest day
U2-02,upkeep,2,2025-02-16,18,9,9,rest day
U2-03,upkeep,2,2025-02-16,18,10,8,rest day
U3-01,upkeep,3,2025-02-16,16,10,6,rest day
U3-02,upkeep,3,2025-02-16,16,10,6,rest day
U3-03,upkeep,3,2025-02-16,16,10,6,rest day
U3-04,upkeep,3,2025-02-16,16,8,8,rest day
U4-01,upkeep,4,2025-02-16,15,9,6,rest day
U4-02,upkeep,4,2025-02-16,15,8,7,rest day
U4-03,upkeep,4,2025-02-16,15,9,6,rest day
U4-04,upkeep,4,2025-02-16,15,8,7,rest day
U5-01,upkeep,5,2025-02-16,16,10,6,rest day
U5-02,upkeep,5,2025-02-16,16,11,5,rest day
U5-03,upkeep,5,2025-02-16,16,10,6,rest day
U6-01,upkeep,6,2025-02-16,17,10,7,rest day
U6-02,upkeep,6,2025-02-16,17,9,8,rest day
U6-03,upkeep,6,2025-02-16,17,9,8,rest day
U6-04,upkeep,6,2025-02-16,17,10,7,rest day
U7-01,upkeep,7,2025-02-16,15,10,5,rest day
U7-02,upkeep,7,2025-02-16,15,8,7,rest day
U7-03,upkeep,7,2025-02-16,15,9,6,rest day
U7-04,upkeep,7,2025-02-16,15,8,7,rest day
G1-01,harvest,1,2025-02-17,28,26,2,sick
G1-02,harvest,1,2025-02-17,26,24,2,leave
G1-03,harvest,1,2025-02-17,25,22,3,leave
G1-04,harvest,1,2025-02-17,26,21,5,leave
G2-01,harvest,2,2025-02-17,24,24,0,
G2-02,harvest,2,2025-02-17,20,18,2,sick
G2-03,harvest,2,2025-02-17,24,22,2,sick
G2-04,harvest,2,2025-02-17,25,24,1,no show
G3-01,harvest,3,2025-02-17,27,25,2,sick
G3-02,harvest,3,2025-02-17,24,21,3,sick
G3-03,harvest,3,2025-02-17,25,24,1,sick
G3-04,harvest,3,2025-02-17,24,20,4,no show
G4-01,harvest,4,2025-02-17,26,24,2,sick
G4-02,harvest,4,2025-02-17,25,23,2,no show
G4-03,harvest,4,2025-02-17,24,22,2,sick
G4-04,harvest,4,2025-02-17,20,19,1,no show
G5-01,harvest,5,2025-02-17,23,21,2,sick
G5-02,harvest,5,2025-02-17,27,27,0,
G5-03,harvest,5,2025-02-17,19,19,0,
G6-01,harvest,6,2025-02-17,24,24,0,
G6-02,harvest,6,2025-02-17,18,18,0,
G6-03,harvest,6,2025-02-17,24,24,0,
G6-04,harvest,6,2025-02-17,24,22,2,sick
G6-05,harvest,6,2025-02-17,21,20,1,leave
G7-01,harvest,7,2025-02-17,27,23,4,no show
G7-02,harvest,7,2025-02-17,21,21,0,
G7-03,harvest,7,2025-02-17,20,19,1,sick
G7-04,harvest,7,2025-02-17,27,27,0,
P1-01,pest,1,2025-02-17,11,9,2,sick
P2-01,pest,2,2025-02-17,10,9,1,sick
P3-01,pest,3,2025-02-17,11,9,2,sick
P4-01,pest,4,2025-02-17,10,10,0,
P5-01,pest,5,2025-02-17,10,9,1,leave
P6-01,pest,6,2025-02-17,13,12,1,no show
P7-01,pest,7,2025-02-17,13,12,1,sick
S1-01,spray,1,2025-02-17,15,15,0,
S2-01,spray,2,2025-02-17,14,10,4,leave
S3-01,spray,3,2025-02-17,17,15,2,sick
S4-01,spray,4,2025-02-17,16,16,0,
S5-01,spray,5,2025-02-17,13,12,1,sick
S6-01,spray,6,2025-02-17,18,15,3,no show
S7-01,spray,7,2025-02-17,17,17,0,
U1-01,upkeep,1,2025-02-17,19,18,1,leave
U1-02,upkeep,1,2025-02-17,19,18,1,sick
U1-03,upkeep,1,2025-02-17,19,18,1,leave
U2-01,upkeep,2,2025-02-17,18,17,1,sick
U2-02,upkeep,2,2025-02-17,18,16,2,leave
U2-03,upkeep,2,2025-02-17,18,15,3,sick
U3-01,upkeep,3,2025-02-17,16,13,3,sick
U3-02,upkeep,3,2025-02-17,16,13,3,no show
U3-03,upkeep,3,2025-02-17,16,15,1,sick
U3-04,upkeep,3,2025-02-17,16,15,1,sick
U4-01,upkeep,4,2025-02-17,15,13,2,no show
U4-02,upkeep,4,2025-02-17,15,13,2,sick
U4-03,upkeep,4,2025-02-17,15,14,1,no show
U4-04,upkeep,4,2025-02-17,15,12,3,sick
U5-01,upkeep,5,2025-02-17,16,15,1,leave
U5-02,upkeep,5,2025-02-17,16,15,1,sick
U5-03,upkeep,5,2025-02-17,16,15,1,sick
U6-01,upkeep,6,2025-02-17,17,17,0,
U6-02,upkeep,6,2025-02-17,17,17,0,
U6-03,upkeep,6,2025-02-17,17,17,0,
U6-04,upkeep,6,2025-02-17,17,14,3,sick
U7-01,upkeep,7,2025-02-17,15,14,1,no show
U7-02,upkeep,7,2025-02-17,15,14,1,sick
U7-03,upkeep,7,2025-02-17,15,13,2,leave
U7-04,upkeep,7,2025-02-17,15,14,1,leave
G1-01,harvest,1,2025-02-18,28,28,0,
G1-02,harvest,1,2025-02-18,26,26,0,
G1-03,harvest,1,2025-02-18,25,24,1,sick
G1-04,harvest,1,2025-02-18,26,22,4,sick
G2-01,harvest,2,2025-02-18,24,24,0,
G2-02,harvest,2,2025-02-18,20,18,2,no show
G2-03,harvest,2,2025-02-18,24,20,4,sick
G2-04,harvest,2,2025-02-18,25,25,0,
G3-01,harvest,3,2025-02-18,27,26,1,leave
G3-02,harvest,3,2025-02-18,24,22,2,sick
G3-03,harvest,3,2025-02-18,25,25,0,
G3-04,harvest,3,2025-02-18,24,21,3,sick
G4-01,harvest,4,2025-02-18,26,25,1,no show
G4-02,harvest,4,2025-02-18,25,25,0,
G4-03,harvest,4,2025-02-18,24,21,3,sick
G4-04,harvest,4,2025-02-18,20,19,1,no show
G5-01,harvest,5,2025-02-18,23,21,2,leave
G5-02,harvest,5,2025-02-18,27,27,0,
G5-03,harvest,5,2025-02-18,19,17,2,sick
G6-01,harvest,6,2025-02-18,24,20,4,no show
G6-02,harvest,6,2025-02-18,18,18,0,
G6-03,harvest,6,2025-02-18,24,24,0,
G6-04,harvest,6,2025-02-18,24,24,0,
G6-05,harvest,6,2025-02-18,21,21,0,
G7-01,harvest,7,2025-02-18,27,25,2,leave
G7-02,harvest,7,2025-02-18,21,18,3,sick
G7-03,harvest,7,2025-02-18,20,18,2,sick
G7-04,harvest,7,2025-02-18,27,25,2,sick
P1-01,pest,1,2025-02-18,11,8,3,sick
P2-01,pest,2,2025-02-18,10,8,2,sick
P3-01,pest,3,2025-02-18,11,10,1,leave
P4-01,pest,4,2025-02-18,10,10,0,
P5-01,pest,5,2025-02-18,10,9,1,sick
P6-01,pest,6,2025-02-18,13,11,2,sick
P7-01,pest,7,2025-02-18,13,12,1,sick
S1-01,spray,1,2025-02-18,15,14,1,leave
S2-01,spray,2,2025-02-18,14,12,2,sick
S3-01,spray,3,2025-02-18,17,17,0,
S4-01,spray,4,2025-02-18,16,15,1,no show
S5-01,spray,5,2025-02-18,13,13,0,
S6-01,spray,6,2025-02-18,18,17,1,leave
S7-01,spray,7,2025-02-18,17,15,2,leave
U1-01,upkeep,1,2025-02-18,19,17,2,leave
U1-02,upkeep,1,2025-02-18,19,17,2,no show
U1-03,upkeep,1,2025-02-18,19,17,2,leave
U2-01,upkeep,2,2025-02-18,18,14,4,leave
U2-02,upkeep,2,2025-02-18,18,16,2,sick
U2-03,upkeep,2,2025-02-18,18,15,3,no show
U3-01,upkeep,3,2025-02-18,16,13,3,leave
U3-02,upkeep,3,2025-02-18,16,16,0,
U3-03,upkeep,3,2025-02-18,16,14,2,sick
U3-04,upkeep,3,2025-02-18,16,15,1,no show
U4-01,upkeep,4,2025-02-18,15,14,1,no show
U4-02,upkeep,4,2025-02-18,15,15,0,
U4-03,upkeep,4,2025-02-18,15,13,2,no show
U4-04,upkeep,4,2025-02-18,15,15,0,
U5-01,upkeep,5,2025-02-18,16,15,1,leave
U5-02,upkeep,5,2025-02-18,16,16,0,
U5-03,upkeep,5,2025-02-18,16,15,1,leave
U6-01,upkeep,6,2025-02-18,17,15,2,leave
U6-02,upkeep,6,2025-02-18,17,17,0,
U6-03,upkeep,6,2025-02-18,17,14,3,sick
U6-04,upkeep,6,2025-02-18,17,16,1,leave
U7-01,upkeep,7,2025-02-18,15,13,2,sick
U7-02,upkeep,7,2025-02-18,15,14,1,sick
U7-03,upkeep,7,2025-02-18,15,14,1,leave
U7-04,upkeep,7,2025-02-18,15,13,2,leave
G1-01,harvest,1,2025-02-19,28,23,5,leave
G1-02,harvest,1,2025-02-19,26,26,0,
G1-03,harvest,1,2025-02-19,25,22,3,sick
G1-04,harvest,1,2025-02-19,26,25,1,sick
G2-01,harvest,2,2025-02-19,24,20,4,sick
G2-02,harvest,2,2025-02-19,20,20,0,
G2-03,harvest,2,2025-02-19,24,18,6,leave
G2-04,harvest,2,2025-02-19,25,24,1,sick
G3-01,harvest,3,2025-02-19,27,27,0,
G3-02,harvest,3,2025-02-19,24,22,2,leave
G3-03,harvest,3,2025-02-19,25,25,0,
G3-04,harvest,3,2025-02-19,24,21,3,no show
G4-01,harvest,4,2025-02-19,26,24,2,no show
G4-02,harvest,4,2025-02-19,25,24,1,sick
G4-03,harvest,4,2025-02-19,24,22,2,no show
G4-04,harvest,4,2025-02-19,20,17,3,leave
G5-01,harvest,5,2025-02-19,23,23,0,
G5-02,harvest,5,2025-02-19,27,22,5,leave
G5-03,harvest,5,2025-02-19,19,19,0,
G6-01,harvest,6,2025-02-19,24,24,0,
G6-02,harvest,6,2025-02-19,18,18,0,
G6-03,harvest,6,2025-02-19,24,21,3,leave
G6-04,harvest,6,2025-02-19,24,24,0,
G6-05,harvest,6,2025-02-19,21,19,2,no show
G7-01,harvest,7,2025-02-19,27,27,0,
G7-02,harvest,7,2025-02-19,21,19,2,sick
G7-03,harvest,7,2025-02-19,20,20,0,
G7-04,harvest,7,2025-02-19,27,24,3,no show
P1-01,pest,1,2025-02-19,11,9,2,leave
P2-01,pest,2,2025-02-19,10,8,2,leave
P3-01,pest,3,2025-02-19,11,9,2,no show
P4-01,pest,4,2025-02-19,10,9,1,leave
P5-01,pest,5,2025-02-19,10,10,0,
P6-01,pest,6,2025-02-19,13,12,1,leave
P7-01,pest,7,2025-02-19,13,13,0,
S1-01,spray,1,2025-02-19,15,13,2,no show
S2-01,spray,2,2025-02-19,14,11,3,leave
S3-01,spray,3,2025-02-19,17,13,4,sick
S4-01,spray,4,2025-02-19,16,16,0,
S5-01,spray,5,2025-02-19,13,13,0,
S6-01,spray,6,2025-02-19,18,16,2,no show
S7-01,spray,7,2025-02-19,17,15,2,leave
U1-01,upkeep,1,2025-02-19,19,19,0,
U1-02,upkeep,1,2025-02-19,19,17,2,sick
U1-03,upkeep,1,2025-02-19,19,19,0,
U2-01,upkeep,2,2025-02-19,18,13,5,leave
U2-02,upkeep,2,2025-02-19,18,15,3,no show
U2-03,upkeep,2,2025-02-19,18,15,3,leave
U3-01,upkeep,3,2025-02-19,16,14,2,no show
U3-02,upkeep,3,2025-02-19,16,14,2,leave
U3-03,upkeep,3,2025-02-19,16,16,0,
U3-04,upkeep,3,2025-02-19,16,15,1,no show
U4-01,upkeep,4,2025-02-19,15,14,1,sick
U4-02,upkeep,4,2025-02-19,15,13,2,sick
U4-03,upkeep,4,2025-02-19,15,14,1,sick
U4-04,upkeep,4,2025-02-19,15,14,1,leave
U5-01,upkeep,5,2025-02-19,16,14,2,sick
U5-02,upkeep,5,2025-02-19,16,16,0,
U5-03,upkeep,5,2025-02-19,16,15,1,leave
U6-01,upkeep,6,2025-02-19,17,16,1,no show
U6-02,upkeep,6,2025-02-19,17,16,1,sick
U6-03,upkeep,6,2025-02-19,17,16,1,leave
U6-04,upkeep,6,2025-02-19,17,14,3,sick
U7-01,upkeep,7,2025-02-19,15,15,0,
U7-02,upkeep,7,2025-02-19,15,15,0,
U7-03,upkeep,7,2025-02-19,15,14,1,sick
U7-04,upkeep,7,2025-02-19,15,13,2,sick
G1-01,harvest,1,2025-02-20,28,24,4,sick
G1-02,harvest,1,2025-02-20,26,24,2,leave
G1-03,harvest,1,2025-02-20,25,22,3,leave
G1-04,harvest,1,2025-02-20,26,26,0,
G2-01,harvest,2,2025-02-20,24,19,5,leave
G2-02,harvest,2,2025-02-20,20,16,4,sick
G2-03,harvest,2,2025-02-20,24,23,1,no show
G2-04,harvest,2,2025-02-20,25,17,8,no show
G3-01,harvest,3,2025-02-20,27,26,1,sick
G3-02,harvest,3,2025-02-20,24,24,0,
G3-03,harvest,3,2025-02-20,25,25,0,
G3-04,harvest,3,2025-02-20,24,21,3,sick
G4-01,harvest,4,2025-02-20,26,25,1,sick
G4-02,harvest,4,2025-02-20,25,25,0,
G4-03,harvest,4,2025-02-20,24,21,3,sick
G4-04,harvest,4,2025-02-20,20,17,3,leave
G5-01,harvest,5,2025-02-20,23,23,0,
G5-02,harvest,5,2025-02-20,27,27,0,
G5-03,harvest,5,2025-02-20,19,17,2,sick
G6-01,harvest,6,2025-02-20,24,24,0,
G6-02,harvest,6,2025-02-20,18,15,3,sick
G6-03,harvest,6,2025-02-20,24,24,0,
G6-04,harvest,6,2025-02-20,24,22,2,sick
G6-05,harvest,6,2025-02-20,21,21,0,
G7-01,harvest,7,2025-02-20,27,24,3,sick
G7-02,harvest,7,2025-02-20,21,17,4,no show
G7-03,harvest,7,2025-02-20,20,20,0,
G7-04,harvest,7,2025-02-20,27,24,3,sick
P1-01,pest,1,2025-02-20,11,9,2,sick
P2-01,pest,2,2025-02-20,10,9,1,leave
P3-01,pest,3,2025-02-20,11,8,3,no show
P4-01,pest,4,2025-02-20,10,10,0,
P5-01,pest,5,2025-02-20,10,10,0,
P6-01,pest,6,2025-02-20,13,12,1,sick
P7-01,pest,7,2025-02-20,13,13,0,
S1-01,spray,1,2025-02-20,15,15,0,
S2-01,spray,2,2025-02-20,14,11,3,no show
S3-01,spray,3,2025-02-20,17,13,4,leave
S4-01,spray,4,2025-02-20,16,13,3,sick
S5-01,spray,5,2025-02-20,13,12,1,leave
S6-01,spray,6,2025-02-20,18,17,1,leave
S7-01,spray,7,2025-02-20,17,15,2,leave
U1-01,upkeep,1,2025-02-20,19,18,1,sick
U1-02,upkeep,1,2025-02-20,19,19,0,
U1-03,upkeep,1,2025-02-20,19,17,2,sick
U2-01,upkeep,2,2025-02-20,18,16,2,leave
U2-02,upkeep,2,2025-02-20,18,15,3,sick
U2-03,upkeep,2,2025-02-20,18,13,5,leave
U3-01,upkeep,3,2025-02-20,16,15,1,leave
U3-02,upkeep,3,2025-02-20,16,13,3,leave
U3-03,upkeep,3,2025-02-20,16,14,2,no show
U3-04,upkeep,3,2025-02-20,16,13,3,sick
U4-01,upkeep,4,2025-02-20,15,13,2,leave
U4-02,upkeep,4,2025-02-20,15,15,0,
U4-03,upkeep,4,2025-02-20,15,14,1,sick
U4-04,upkeep,4,2025-02-20,15,14,1,leave
U5-01,upkeep,5,2025-02-20,16,16,0,
U5-02,upkeep,5,2025-02-20,16,16,0,
U5-03,upkeep,5,2025-02-20,16,16,0,
U6-01,upkeep,6,2025-02-20,17,16,1,leave
U6-02,upkeep,6,2025-02-20,17,17,0,
U6-03,upkeep,6,2025-02-20,17,17,0,
U6-04,upkeep,6,2025-02-20,17,17,0,
U7-01,upkeep,7,2025-02-20,15,13,2,sick
U7-02,upkeep,7,2025-02-20,15,15,0,
U7-03,upkeep,7,2025-02-20,15,13,2,sick
U7-04,upkeep,7,2025-02-20,15,15,0,
G1-01,harvest,1,2025-02-21,28,26,2,sick
G1-02,harvest,1,2025-02-21,26,25,1,leave
G1-03,harvest,1,2025-02-21,25,25,0,
G1-04,harvest,1,2025-02-21,26,26,0,
G2-01,harvest,2,2025-02-21,24,21,3,no show
G2-02,harvest,2,2025-02-21,20,17,3,sick
G2-03,harvest,2,2025-02-21,24,21,3,leave
G2-04,harvest,2,2025-02-21,25,21,4,no show
G3-01,harvest,3,2025-02-21,27,24,3,sick
G3-02,harvest,3,2025-02-21,24,21,3,sick
G3-03,harvest,3,2025-02-21,25,25,0,
G3-04,harvest,3,2025-02-21,24,23,1,no show
G4-01,harvest,4,2025-02-21,26,26,0,
G4-02,harvest,4,2025-02-21,25,25,0,
G4-03,harvest,4,2025-02-21,24,24,0,
G4-04,harvest,4,2025-02-21,20,20,0,
G5-01,harvest,5,2025-02-21,23,23,0,
G5-02,harvest,5,2025-02-21,27,27,0,
G5-03,harvest,5,2025-02-21,19,19,0,
G6-01,harvest,6,2025-02-21,24,22,2,sick
G6-02,harvest,6,2025-02-21,18,16,2,leave
G6-03,harvest,6,2025-02-21,24,21,3,sick
G6-04,harvest,6,2025-02-21,24,24,0,
G6-05,harvest,6,2025-02-21,21,18,3,sick
G7-01,harvest,7,2025-02-21,27,27,0,
G7-02,harvest,7,2025-02-21,21,19,2,leave
G7-03,harvest,7,2025-02-21,20,20,0,
G7-04,harvest,7,2025-02-21,27,27,0,
P1-01,pest,1,2025-02-21,11,10,1,leave
P2-01,pest,2,2025-02-21,10,7,3,no show
P3-01,pest,3,2025-02-21,11,10,1,leave
P4-01,pest,4,2025-02-21,10,10,0,
P5-01,pest,5,2025-02-21,10,9,1,sick
P6-01,pest,6,2025-02-21,13,11,2,leave
P7-01,pest,7,2025-02-21,13,12,1,sick
S1-01,spray,1,2025-02-21,15,13,2,no show
S2-01,spray,2,2025-02-21,14,12,2,leave
S3-01,spray,3,2025-02-21,17,17,0,
S4-01,spray,4,2025-02-21,16,15,1,no show
S5-01,spray,5,2025-02-21,13,13,0,
S6-01,spray,6,2025-02-21,18,16,2,leave
S7-01,spray,7,2025-02-21,17,16,1,leave
U1-01,upkeep,1,2025-02-21,19,19,0,
U1-02,upkeep,1,2025-02-21,19,18,1,sick
U1-03,upkeep,1,2025-02-21,19,16,3,leave
U2-01,upkeep,2,2025-02-21,18,12,6,no show
U2-02,upkeep,2,2025-02-21,18,13,5,no show
U2-03,upkeep,2,2025-02-21,18,15,3,leave
U3-01,upkeep,3,2025-02-21,16,14,2,no show
U3-02,upkeep,3,2025-02-21,16,16,0,
U3-03,upkeep,3,2025-02-21,16,16,0,
U3-04,upkeep,3,2025-02-21,16,16,0,
U4-01,upkeep,4,2025-02-21,15,14,1,no show
U4-02,upkeep,4,2025-02-21,15,14,1,no show
U4-03,upkeep,4,2025-02-21,15,13,2,sick
U4-04,upkeep,4,2025-02-21,15,13,2,leave
U5-01,upkeep,5,2025-02-21,16,16,0,
U5-02,upkeep,5,2025-02-21,16,14,2,no show
U5-03,upkeep,5,2025-02-21,16,16,0,
U6-01,upkeep,6,2025-02-21,17,15,2,sick
U6-02,upkeep,6,2025-02-21,17,16,1,sick
U6-03,upkeep,6,2025-02-21,17,17,0,
U6-04,upkeep,6,2025-02-21,17,15,2,leave
U7-01,upkeep,7,2025-02-21,15,13,2,sick
U7-02,upkeep,7,2025-02-21,15,15,0,
U7-03,upkeep,7,2025-02-21,15,14,1,leave
U7-04,upkeep,7,2025-02-21,15,14,1,leave
G1-01,harvest,1,2025-02-22,28,24,4,leave
G1-02,harvest,1,2025-02-22,26,26,0,
G1-03,harvest,1,2025-02-22,25,19,6,leave
G1-04,harvest,1,2025-02-22,26,23,3,sick
G2-01,harvest,2,2025-02-22,24,24,0,
G2-02,harvest,2,2025-02-22,20,16,4,leave
G2-03,harvest,2,2025-02-22,24,20,4,sick
G2-04,harvest,2,2025-02-22,25,18,7,sick
G3-01,harvest,3,2025-02-22,27,27,0,
G3-02,harvest,3,2025-02-22,24,24,0,
G3-03,harvest,3,2025-02-22,25,20,5,no show
G3-04,harvest,3,2025-02-22,24,24,0,
G4-01,harvest,4,2025-02-22,26,26,0,
G4-02,harvest,4,2025-02-22,25,25,0,
G4-03,harvest,4,2025-02-22,24,22,2,leave
G4-04,harvest,4,2025-02-22,20,19,1,sick
G5-01,harvest,5,2025-02-22,23,21,2,no show
G5-02,harvest,5,2025-02-22,27,26,1,sick
G5-03,harvest,5,2025-02-22,19,18,1,sick
G6-01,harvest,6,2025-02-22,24,24,0,
G6-02,harvest,6,2025-02-22,18,18,0,
G6-03,harvest,6,2025-02-22,24,24,0,
G6-04,harvest,6,2025-02-22,24,22,2,leave
G6-05,harvest,6,2025-02-22,21,20,1,no show
G7-01,harvest,7,2025-02-22,27,24,3,sick
G7-02,harvest,7,2025-02-22,21,21,0,
G7-03,harvest,7,2025-02-22,20,20,0,
G7-04,harvest,7,2025-02-22,27,25,2,sick
P1-01,pest,1,2025-02-22,11,10,1,leave
P2-01,pest,2,2025-02-22,10,10,0,
P3-01,pest,3,2025-02-22,11,8,3,sick
P4-01,pest,4,2025-02-22,10,8,2,sick
P5-01,pest,5,2025-02-22,10,9,1,leave
P6-01,pest,6,2025-02-22,13,12,1,no show
P7-01,pest,7,2025-02-22,13,12,1,leave
S1-01,spray,1,2025-02-22,15,14,1,no show
S2-01,spray,2,2025-02-22,14,12,2,no show
S3-01,spray,3,2025-02-22,17,17,0,
S4-01,spray,4,2025-02-22,16,14,2,sick
S5-01,spray,5,2025-02-22,13,11,2,sick
S6-01,spray,6,2025-02-22,18,17,1,leave
S7-01,spray,7,2025-02-22,17,16,1,leave
U1-01,upkeep,1,2025-02-22,19,18,1,leave
U1-02,upkeep,1,2025-02-22,19,18,1,sick
U1-03,upkeep,1,2025-02-22,19,18,1,no show
U2-01,upkeep,2,2025-02-22,18,16,2,sick
U2-02,upkeep,2,2025-02-22,18,16,2,no show
U2-03,upkeep,2,2025-02-22,18,15,3,sick
U3-01,upkeep,3,2025-02-22,16,14,2,sick
U3-02,upkeep,3,2025-02-22,16,14,2,no show
U3-03,upkeep,3,2025-02-22,16,15,1,sick
U3-04,upkeep,3,2025-02-22,16,13,3,leave
U4-01,upkeep,4,2025-02-22,15,14,1,leave
U4-02,upkeep,4,2025-02-22,15,14,1,sick
U4-03,upkeep,4,2025-02-22,15,15,0,
U4-04,upkeep,4,2025-02-22,15,14,1,leave
U5-01,upkeep,5,2025-02-22,16,16,0,
U5-02,upkeep,5,2025-02-22,16,15,1,sick
U5-03,upkeep,5,2025-02-22,16,13,3,no show
U6-01,upkeep,6,2025-02-22,17,17,0,
U6-02,upkeep,6,2025-02-22,17,15,2,sick
U6-03,upkeep,6,2025-02-22,17,16,1,leave
U6-04,upkeep,6,2025-02-22,17,16,1,sick
U7-01,upkeep,7,2025-02-22,15,14,1,sick
U7-02,upkeep,7,2025-02-22,15,14,1,leave
U7-03,upkeep,7,2025-02-22,15,14,1,sick
U7-04,upkeep,7,2025-02-22,15,15,0,
G1-01,harvest,1,2025-02-23,28,17,11,rest day
G1-02,harvest,1,2025-02-23,26,26,0,
G1-03,harvest,1,2025-02-23,25,25,0,
G1-04,harvest,1,2025-02-23,26,16,10,rest day
G2-01,harvest,2,2025-02-23,24,17,7,rest day
G2-02,harvest,2,2025-02-23,20,11,9,rest day
G2-03,harvest,2,2025-02-23,24,13,11,rest day
G2-04,harvest,2,2025-02-23,25,16,9,rest day
G3-01,harvest,3,2025-02-23,27,18,9,rest day
G3-02,harvest,3,2025-02-23,24,18,6,rest day
G3-03,harvest,3,2025-02-23,25,25,0,
G3-04,harvest,3,2025-02-23,24,11,13,rest day
G4-01,harvest,4,2025-02-23,26,15,11,rest day
G4-02,harvest,4,2025-02-23,25,25,0,
G4-03,harvest,4,2025-02-23,24,18,6,rest day
G4-04,harvest,4,2025-02-23,20,15,5,rest day
G5-01,harvest,5,2025-02-23,23,13,10,rest day
G5-02,harvest,5,2025-02-23,27,16,11,rest day
G5-03,harvest,5,2025-02-23,19,11,8,rest day
G6-01,harvest,6,2025-02-23,24,14,10,rest day
G6-02,harvest,6,2025-02-23,18,18,0,
G6-03,harvest,6,2025-02-23,24,24,0,
G6-04,harvest,6,2025-02-23,24,15,9,rest day
G6-05,harvest,6,2025-02-23,21,12,9,rest day
G7-01,harvest,7,2025-02-23,27,18,9,rest day
G7-02,harvest,7,2025-02-23,21,13,8,rest day
G7-03,harvest,7,2025-02-23,20,18,2,rest day
G7-04,harvest,7,2025-02-23,27,27,0,
P1-01,pest,1,2025-02-23,11,6,5,rest day
P2-01,pest,2,2025-02-23,10,5,5,rest day
P3-01,pest,3,2025-02-23,11,6,5,rest day
P4-01,pest,4,2025-02-23,10,6,4,rest day
P5-01,pest,5,2025-02-23,10,6,4,rest day
P6-01,pest,6,2025-02-23,13,6,7,rest day
P7-01,pest,7,2025-02-23,13,8,5,rest day
S1-01,spray,1,2025-02-23,15,8,7,rest day
S2-01,spray,2,2025-02-23,14,7,7,rest day
S3-01,spray,3,2025-02-23,17,9,8,rest day
S4-01,spray,4,2025-02-23,16,10,6,rest day
S5-01,spray,5,2025-02-23,13,7,6,rest day
S6-01,spray,6,2025-02-23,18,9,9,rest day
S7-01,spray,7,2025-02-23,17,11,6,rest day
U1-01,upkeep,1,2025-02-23,19,11,8,rest day
U1-02,upkeep,1,2025-02-23,19,11,8,rest day
U1-03,upkeep,1,2025-02-23,19,10,9,rest day
U2-01,upkeep,2,2025-02-23,18,10,8,rest day
U2-02,upkeep,2,2025-02-23,18,10,8,rest day
U2-03,upkeep,2,2025-02-23,18,9,9,rest day
U3-01,upkeep,3,2025-02-23,16,8,8,rest day
U3-02,upkeep,3,2025-02-23,16,9,7,rest day
U3-03,upkeep,3,2025-02-23,16,9,7,rest day
U3-04,upkeep,3,2025-02-23,16,9,7,rest day
U4-01,upkeep,4,2025-02-23,15,9,6,rest day
U4-02,upkeep,4,2025-02-23,15,8,7,rest day
U4-03,upkeep,4,2025-02-23,15,8,7,rest day
U4-04,upkeep,4,2025-02-23,15,8,7,rest day
U5-01,upkeep,5,2025-02-23,16,10,6,rest day
U5-02,upkeep,5,2025-02-23,16,10,6,rest day
U5-03,upkeep,5,2025-02-23,16,9,7,rest day
U6-01,upkeep,6,2025-02-23,17,11,6,rest day
U6-02,upkeep,6,2025-02-23,17,10,7,rest day
U6-03,upkeep,6,2025-02-23,17,11,6,rest day
U6-04,upkeep,6,2025-02-23,17,9,8,rest day
U7-01,upkeep,7,2025-02-23,15,7,8,rest day
U7-02,upkeep,7,2025-02-23,15,9,6,rest day
U7-03,upkeep,7,2025-02-23,15,8,7,rest day
U7-04,upkeep,7,2025-02-23,15,8,7,rest day
G1-01,harvest,1,2025-02-24,28,25,3,sick
G1-02,harvest,1,2025-02-24,26,25,1,sick
G1-03,harvest,1,2025-02-24,25,24,1,leave
G1-04,harvest,1,2025-02-24,26,24,2,sick
G2-01,harvest,2,2025-02-24,24,24,0,
G2-02,harvest,2,2025-02-24,20,18,2,no show
G2-03,harvest,2,2025-02-24,24,20,4,sick
G2-04,harvest,2,2025-02-24,25,21,4,leave
G3-01,harvest,3,2025-02-24,27,25,2,no show
G3-02,harvest,3,2025-02-24,24,23,1,no show
G3-03,harvest,3,2025-02-24,25,24,1,leave
G3-04,harvest,3,2025-02-24,24,20,4,no show
G4-01,harvest,4,2025-02-24,26,24,2,sick
G4-02,harvest,4,2025-02-24,25,24,1,no show
G4-03,harvest,4,2025-02-24,24,24,0,
G4-04,harvest,4,2025-02-24,20,18,2,sick
G5-01,harvest,5,2025-02-24,23,21,2,sick
G5-02,harvest,5,2025-02-24,27,27,0,
G5-03,harvest,5,2025-02-24,19,19,0,
G6-01,harvest,6,2025-02-24,24,20,4,sick
G6-02,harvest,6,2025-02-24,18,17,1,leave
G6-03,harvest,6,2025-02-24,24,22,2,sick
G6-04,harvest,6,2025-02-24,24,23,1,no show
G6-05,harvest,6,2025-02-24,21,20,1,leave
G7-01,harvest,7,2025-02-24,27,25,2,sick
G7-02,harvest,7,2025-02-24,21,21,0,
G7-03,harvest,7,2025-02-24,20,20,0,
G7-04,harvest,7,2025-02-24,27,24,3,leave
P1-01,pest,1,2025-02-24,11,10,1,sick
P2-01,pest,2,2025-02-24,10,8,2,sick
P3-01,pest,3,2025-02-24,11,10,1,no show
P4-01,pest,4,2025-02-24,10,9,1,leave
P5-01,pest,5,2025-02-24,10,9,1,sick
P6-01,pest,6,2025-02-24,13,13,0,
P7-01,pest,7,2025-02-24,13,13,0,
S1-01,spray,1,2025-02-24,15,14,1,sick
S2-01,spray,2,2025-02-24,14,11,3,sick
S3-01,spray,3,2025-02-24,17,15,2,sick
S4-01,spray,4,2025-02-24,16,15,1,leave
S5-01,spray,5,2025-02-24,13,12,1,no show
S6-01,spray,6,2025-02-24,18,16,2,sick
S7-01,spray,7,2025-02-24,17,17,0,
U1-01,upkeep,1,2025-02-24,19,18,1,sick
U1-02,upkeep,1,2025-02-24,19,16,3,sick
U1-03,upkeep,1,2025-02-24,19,15,4,sick
U2-01,upkeep,2,2025-02-24,18,15,3,sick
U2-02,upkeep,2,2025-02-24,18,15,3,sick
U2-03,upkeep,2,2025-02-24,18,15,3,no show
U3-01,upkeep,3,2025-02-24,16,11,5,no show
U3-02,upkeep,3,2025-02-24,16,15,1,sick
U3-03,upkeep,3,2025-02-24,16,15,1,sick
U3-04,upkeep,3,2025-02-24,16,16,0,
U4-01,upkeep,4,2025-02-24,15,13,2,leave
U4-02,upkeep,4,2025-02-24,15,14,1,no show
U4-03,upkeep,4,2025-02-24,15,13,2,sick
U4-04,upkeep,4,2025-02-24,15,14,1,no show
U5-01,upkeep,5,2025-02-24,16,16,0,
U5-02,upkeep,5,2025-02-24,16,15,1,leave
U5-03,upkeep,5,2025-02-24,16,15,1,sick
U6-01,upkeep,6,2025-02-24,17,16,1,sick
U6-02,upkeep,6,2025-02-24,17,16,1,leave
U6-03,upkeep,6,2025-02-24,17,17,0,
U6-04,upkeep,6,2025-02-24,17,17,0,
U7-01,upkeep,7,2025-02-24,15,15,0,
U7-02,upkeep,7,2025-02-24,15,12,3,no show
U7-03,upkeep,7,2025-02-24,15,14,1,leave
U7-04,upkeep,7,2025-02-24,15,15,0,
G1-01,harvest,1,2025-02-25,28,27,1,sick
G1-02,harvest,1,2025-02-25,26,25,1,leave
G1-03,harvest,1,2025-02-25,25,21,4,sick
G1-04,harvest,1,2025-02-25,26,25,1,leave
G2-01,harvest,2,2025-02-25,24,21,3,sick
G2-02,harvest,2,2025-02-25,20,17,3,no show
G2-03,harvest,2,2025-02-25,24,22,2,sick
G2-04,harvest,2,2025-02-25,25,20,5,no show
G3-01,harvest,3,2025-02-25,27,25,2,leave
G3-02,harvest,3,2025-02-25,24,24,0,
G3-03,harvest,3,2025-02-25,25,25,0,
G3-04,harvest,3,2025-02-25,24,19,5,sick
G4-01,harvest,4,2025-02-25,26,23,3,sick
G4-02,harvest,4,2025-02-25,25,25,0,
G4-03,harvest,4,2025-02-25,24,22,2,sick
G4-04,harvest,4,2025-02-25,20,17,3,leave
G5-01,harvest,5,2025-02-25,23,22,1,sick
G5-02,harvest,5,2025-02-25,27,27,0,
G5-03,harvest,5,2025-02-25,19,19,0,
G6-01,harvest,6,2025-02-25,24,24,0,
G6-02,harvest,6,2025-02-25,18,15,3,sick
G6-03,harvest,6,2025-02-25,24,23,1,leave
G6-04,harvest,6,2025-02-25,24,23,1,leave
G6-05,harvest,6,2025-02-25,21,17,4,sick
G7-01,harvest,7,2025-02-25,27,27,0,
G7-02,harvest,7,2025-02-25,21,18,3,sick
G7-03,harvest,7,2025-02-25,20,20,0,
G7-04,harvest,7,2025-02-25,27,24,3,no show
P1-01,pest,1,2025-02-25,11,10,1,sick
P2-01,pest,2,2025-02-25,10,8,2,sick
P3-01,pest,3,2025-02-25,11,10,1,sick
P4-01,pest,4,2025-02-25,10,9,1,no show
P5-01,pest,5,2025-02-25,10,10,0,
P6-01,pest,6,2025-02-25,13,13,0,
P7-01,pest,7,2025-02-25,13,12,1,no show
S1-01,spray,1,2025-02-25,15,14,1,sick
S2-01,spray,2,2025-02-25,14,10,4,sick
S3-01,spray,3,2025-02-25,17,13,4,leave
S4-01,spray,4,2025-02-25,16,14,2,leave
S5-01,spray,5,2025-02-25,13,13,0,
S6-01,spray,6,2025-02-25,18,18,0,
S7-01,spray,7,2025-02-25,17,14,3,leave
U1-01,upkeep,1,2025-02-25,19,19,0,
U1-02,upkeep,1,2025-02-25,19,18,1,sick
U1-03,upkeep,1,2025-02-25,19,17,2,leave
U2-01,upkeep,2,2025-02-25,18,15,3,no show
U2-02,upkeep,2,2025-02-25,18,15,3,leave
U2-03,upkeep,2,2025-02-25,18,16,2,sick
U3-01,upkeep,3,2025-02-25,16,14,2,leave
U3-02,upkeep,3,2025-02-25,16,14,2,no show
U3-03,upkeep,3,2025-02-25,16,15,1,sick
U3-04,upkeep,3,2025-02-25,16,13,3,sick
U4-01,upkeep,4,2025-02-25,15,13,2,sick
U4-02,upkeep,4,2025-02-25,15,15,0,
U4-03,upkeep,4,2025-02-25,15,15,0,
U4-04,upkeep,4,2025-02-25,15,14,1,leave
U5-01,upkeep,5,2025-02-25,16,16,0,
U5-02,upkeep,5,2025-02-25,16,16,0,
U5-03,upkeep,5,2025-02-25,16,14,2,leave
U6-01,upkeep,6,2025-02-25,17,16,1,leave
U6-02,upkeep,6,2025-02-25,17,16,1,no show
U6-03,upkeep,6,2025-02-25,17,16,1,sick
U6-04,upkeep,6,2025-02-25,17,16,1,no show
U7-01,upkeep,7,2025-02-25,15,14,1,sick
U7-02,upkeep,7,2025-02-25,15,14,1,leave
U7-03,upkeep,7,2025-02-25,15,12,3,leave
U7-04,upkeep,7,2025-02-25,15,14,1,no show
G1-01,harvest,1,2025-02-26,28,28,0,
G1-02,harvest,1,2025-02-26,26,26,0,
G1-03,harvest,1,2025-02-26,25,23,2,no show
G1-04,harvest,1,2025-02-26,26,25,1,no show
G2-01,harvest,2,2025-02-26,24,21,3,sick
G2-02,harvest,2,2025-02-26,20,17,3,leave
G2-03,harvest,2,2025-02-26,24,22,2,leave
G2-04,harvest,2,2025-02-26,25,19,6,sick
G3-01,harvest,3,2025-02-26,27,27,0,
G3-02,harvest,3,2025-02-26,24,24,0,
G3-03,harvest,3,2025-02-26,25,25,0,
G3-04,harvest,3,2025-02-26,24,22,2,no show
G4-01,harvest,4,2025-02-26,26,25,1,leave
G4-02,harvest,4,2025-02-26,25,25,0,
G4-03,harvest,4,2025-02-26,24,24,0,
G4-04,harvest,4,2025-02-26,20,18,2,no show
G5-01,harvest,5,2025-02-26,23,23,0,
G5-02,harvest,5,2025-02-26,27,24,3,no show
G5-03,harvest,5,2025-02-26,19,17,2,leave
G6-01,harvest,6,2025-02-26,24,24,0,
G6-02,harvest,6,2025-02-26,18,17,1,sick
G6-03,harvest,6,2025-02-26,24,22,2,no show
G6-04,harvest,6,2025-02-26,24,23,1,no show
G6-05,harvest,6,2025-02-26,21,21,0,
G7-01,harvest,7,2025-02-26,27,24,3,sick
G7-02,harvest,7,2025-02-26,21,20,1,leave
G7-03,harvest,7,2025-02-26,20,20,0,
G7-04,harvest,7,2025-02-26,27,26,1,no show
P1-01,pest,1,2025-02-26,11,10,1,sick
P2-01,pest,2,2025-02-26,10,7,3,sick
P3-01,pest,3,2025-02-26,11,10,1,no show
P4-01,pest,4,2025-02-26,10,8,2,no show
P5-01,pest,5,2025-02-26,10,10,0,
P6-01,pest,6,2025-02-26,13,12,1,sick
P7-01,pest,7,2025-02-26,13,12,1,sick
S1-01,spray,1,2025-02-26,15,14,1,leave
S2-01,spray,2,2025-02-26,14,12,2,no show
S3-01,spray,3,2025-02-26,17,14,3,sick
S4-01,spray,4,2025-02-26,16,15,1,sick
S5-01,spray,5,2025-02-26,13,13,0,
S6-01,spray,6,2025-02-26,18,16,2,leave
S7-01,spray,7,2025-02-26,17,16,1,sick
U1-01,upkeep,1,2025-02-26,19,19,0,
U1-02,upkeep,1,2025-02-26,19,18,1,sick
U1-03,upkeep,1,2025-02-26,19,17,2,leave
U2-01,upkeep,2,2025-02-26,18,16,2,leave
U2-02,upkeep,2,2025-02-26,18,14,4,no show
U2-03,upkeep,2,2025-02-26,18,14,4,leave
U3-01,upkeep,3,2025-02-26,16,15,1,leave
U3-02,upkeep,3,2025-02-26,16,14,2,no show
U3-03,upkeep,3,2025-02-26,16,13,3,sick
U3-04,upkeep,3,2025-02-26,16,16,0,
U4-01,upkeep,4,2025-02-26,15,14,1,leave
U4-02,upkeep,4,2025-02-26,15,13,2,no show
U4-03,upkeep,4,2025-02-26,15,14,1,no show
U4-04,upkeep,4,2025-02-26,15,14,1,sick
U5-01,upkeep,5,2025-02-26,16,15,1,sick
U5-02,upkeep,5,2025-02-26,16,14,2,sick
U5-03,upkeep,5,2025-02-26,16,16,0,
U6-01,upkeep,6,2025-02-26,17,16,1,sick
U6-02,upkeep,6,2025-02-26,17,16,1,sick
U6-03,upkeep,6,2025-02-26,17,16,1,sick
U6-04,upkeep,6,2025-02-26,17,14,3,leave
U7-01,upkeep,7,2025-02-26,15,13,2,sick
U7-02,upkeep,7,2025-02-26,15,13,2,leave
U7-03,upkeep,7,2025-02-26,15,14,1,no show
U7-04,upkeep,7,2025-02-26,15,13,2,sick
G1-01,harvest,1,2025-02-27,28,23,5,no show
G1-02,harvest,1,2025-02-27,26,25,1,no show
G1-03,harvest,1,2025-02-27,25,25,0,
G1-04,harvest,1,2025-02-27,26,26,0,
G2-01,harvest,2,2025-02-27,24,24,0,
G2-02,harvest,2,2025-02-27,20,18,2,leave
G2-03,harvest,2,2025-02-27,24,21,3,sick
G2-04,harvest,2,2025-02-27,25,25,0,
G3-01,harvest,3,2025-02-27,27,23,4,sick
G3-02,harvest,3,2025-02-27,24,24,0,
G3-03,harvest,3,2025-02-27,25,25,0,
G3-04,harvest,3,2025-02-27,24,22,2,sick
G4-01,harvest,4,2025-02-27,26,26,0,
G4-02,harvest,4,2025-02-27,25,24,1,sick
G4-03,harvest,4,2025-02-27,24,19,5,leave
G4-04,harvest,4,2025-02-27,20,17,3,sick
G5-01,harvest,5,2025-02-27,23,23,0,
G5-02,harvest,5,2025-02-27,27,25,2,leave
G5-03,harvest,5,2025-02-27,19,19,0,
G6-01,harvest,6,2025-02-27,24,22,2,sick
G6-02,harvest,6,2025-02-27,18,16,2,sick
G6-03,harvest,6,2025-02-27,24,23,1,leave
G6-04,harvest,6,2025-02-27,24,24,0,
G6-05,harvest,6,2025-02-27,21,20,1,leave
G7-01,harvest,7,2025-02-27,27,21,6,sick
G7-02,harvest,7,2025-02-27,21,19,2,no show
G7-03,harvest,7,2025-02-27,20,20,0,
G7-04,harvest,7,2025-02-27,27,26,1,sick
P1-01,pest,1,2025-02-27,11,10,1,no show
P2-01,pest,2,2025-02-27,10,7,3,sick
P3-01,pest,3,2025-02-27,11,10,1,leave
P4-01,pest,4,2025-02-27,10,8,2,leave
P5-01,pest,5,2025-02-27,10,9,1,no show
P6-01,pest,6,2025-02-27,13,12,1,leave
P7-01,pest,7,2025-02-27,13,13,0,
S1-01,spray,1,2025-02-27,15,14,1,sick
S2-01,spray,2,2025-02-27,14,11,3,leave
S3-01,spray,3,2025-02-27,17,17,0,
S4-01,spray,4,2025-02-27,16,16,0,
S5-01,spray,5,2025-02-27,13,12,1,leave
S6-01,spray,6,2025-02-27,18,15,3,sick
S7-01,spray,7,2025-02-27,17,17,0,
U1-01,upkeep,1,2025-02-27,19,19,0,
U1-02,upkeep,1,2025-02-27,19,19,0,
U1-03,upkeep,1,2025-02-27,19,18,1,sick
U2-01,upkeep,2,2025-02-27,18,13,5,sick
U2-02,upkeep,2,2025-02-27,18,15,3,no show
U2-03,upkeep,2,2025-02-27,18,14,4,sick
U3-01,upkeep,3,2025-02-27,16,15,1,sick
U3-02,upkeep,3,2025-02-27,16,13,3,leave
U3-03,upkeep,3,2025-02-27,16,15,1,sick
U3-04,upkeep,3,2025-02-27,16,13,3,no show
U4-01,upkeep,4,2025-02-27,15,14,1,no show
U4-02,upkeep,4,2025-02-27,15,12,3,sick
U4-03,upkeep,4,2025-02-27,15,15,0,
U4-04,upkeep,4,2025-02-27,15,15,0,
U5-01,upkeep,5,2025-02-27,16,16,0,
U5-02,upkeep,5,2025-02-27,16,15,1,sick
U5-03,upkeep,5,2025-02-27,16,16,0,
U6-01,upkeep,6,2025-02-27,17,16,1,sick
U6-02,upkeep,6,2025-02-27,17,16,1,no show
U6-03,upkeep,6,2025-02-27,17,15,2,sick
U6-04,upkeep,6,2025-02-27,17,16,1,sick
U7-01,upkeep,7,2025-02-27,15,14,1,leave
U7-02,upkeep,7,2025-02-27,15,13,2,sick
U7-03,upkeep,7,2025-02-27,15,15,0,
U7-04,upkeep,7,2025-02-27,15,14,1,no show
G1-01,harvest,1,2025-02-28,28,26,2,rain
G1-02,harvest,1,2025-02-28,26,23,3,rain
G1-03,harvest,1,2025-02-28,25,23,2,rain
G1-04,harvest,1,2025-02-28,26,23,3,rain
G2-01,harvest,2,2025-02-28,24,19,5,rain
G2-02,harvest,2,2025-02-28,20,20,0,
G2-03,harvest,2,2025-02-28,24,21,3,rain
G2-04,harvest,2,2025-02-28,25,19,6,rain
G3-01,harvest,3,2025-02-28,27,27,0,
G3-02,harvest,3,2025-02-28,24,17,7,rain
G3-03,harvest,3,2025-02-28,25,25,0,
G3-04,harvest,3,2025-02-28,24,24,0,
G4-01,harvest,4,2025-02-28,26,23,3,rain
G4-02,harvest,4,2025-02-28,25,25,0,
G4-03,harvest,4,2025-02-28,24,21,3,rain
G4-04,harvest,4,2025-02-28,20,17,3,rain
G5-01,harvest,5,2025-02-28,23,19,4,rain
G5-02,harvest,5,2025-02-28,27,24,3,rain
G5-03,harvest,5,2025-02-28,19,19,0,
G6-01,harvest,6,2025-02-28,24,21,3,rain
G6-02,harvest,6,2025-02-28,18,17,1,rain
G6-03,harvest,6,2025-02-28,24,22,2,rain
G6-04,harvest,6,2025-02-28,24,21,3,rain
G6-05,harvest,6,2025-02-28,21,19,2,rain
G7-01,harvest,7,2025-02-28,27,23,4,rain
G7-02,harvest,7,2025-02-28,21,21,0,
G7-03,harvest,7,2025-02-28,20,18,2,rain
G7-04,harvest,7,2025-02-28,27,24,3,rain
P1-01,pest,1,2025-02-28,11,11,0,
P2-01,pest,2,2025-02-28,10,9,1,rain
P3-01,pest,3,2025-02-28,11,9,2,rain
P4-01,pest,4,2025-02-28,10,9,1,rain
P5-01,pest,5,2025-02-28,10,10,0,
P6-01,pest,6,2025-02-28,13,12,1,rain
P7-01,pest,7,2025-02-28,13,9,4,rain
S1-01,spray,1,2025-02-28,15,13,2,rain
S2-01,spray,2,2025-02-28,14,12,2,rain
S3-01,spray,3,2025-02-28,17,15,2,rain
S4-01,spray,4,2025-02-28,16,14,2,rain
S5-01,spray,5,2025-02-28,13,13,0,
S6-01,spray,6,2025-02-28,18,15,3,rain
S7-01,spray,7,2025-02-28,17,14,3,rain
U1-01,upkeep,1,2025-02-28,19,15,4,rain
U1-02,upkeep,1,2025-02-28,19,17,2,rain
U1-03,upkeep,1,2025-02-28,19,17,2,rain
U2-01,upkeep,2,2025-02-28,18,14,4,rain
U2-02,upkeep,2,2025-02-28,18,15,3,rain
U2-03,upkeep,2,2025-02-28,18,13,5,rain
U3-01,upkeep,3,2025-02-28,16,15,1,rain
U3-02,upkeep,3,2025-02-28,16,12,4,rain
U3-03,upkeep,3,2025-02-28,16,13,3,rain
U3-04,upkeep,3,2025-02-28,16,13,3,rain
U4-01,upkeep,4,2025-02-28,15,11,4,rain
U4-02,upkeep,4,2025-02-28,15,12,3,rain
U4-03,upkeep,4,2025-02-28,15,12,3,rain
U4-04,upkeep,4,2025-02-28,15,13,2,rain
U5-01,upkeep,5,2025-02-28,16,15,1,rain
U5-02,upkeep,5,2025-02-28,16,15,1,rain
U5-03,upkeep,5,2025-02-28,16,14,2,rain
U6-01,upkeep,6,2025-02-28,17,14,3,rain
U6-02,upkeep,6,2025-02-28,17,16,1,rain
U6-03,upkeep,6,2025-02-28,17,15,2,rain
U6-04,upkeep,6,2025-02-28,17,14,3,rain
U7-01,upkeep,7,2025-02-28,15,13,2,rain
U7-02,upkeep,7,2025-02-28,15,14,1,rain
U7-03,upkeep,7,2025-02-28,15,13,2,rain
U7-04,upkeep,7,2025-02-28,15,13,2,rain
G1-01,harvest,1,2025-03-01,28,18,10,rain
G1-02,harvest,1,2025-03-01,26,24,2,rain
G1-03,harvest,1,2025-03-01,25,17,8,rain
G1-04,harvest,1,2025-03-01,26,18,8,rain
G2-01,harvest,2,2025-03-01,24,24,0,
G2-02,harvest,2,2025-03-01,20,20,0,
G2-03,harvest,2,2025-03-01,24,17,7,rain
G2-04,harvest,2,2025-03-01,25,17,8,rain
G3-01,harvest,3,2025-03-01,27,22,5,rain
G3-02,harvest,3,2025-03-01,24,18,6,rain
G3-03,harvest,3,2025-03-01,25,25,0,
G3-04,harvest,3,2025-03-01,24,19,5,rain
G4-01,harvest,4,2025-03-01,26,18,8,rain
G4-02,harvest,4,2025-03-01,25,20,5,rain
G4-03,harvest,4,2025-03-01,24,24,0,
G4-04,harvest,4,2025-03-01,20,16,4,rain
G5-01,harvest,5,2025-03-01,23,18,5,rain
G5-02,harvest,5,2025-03-01,27,25,2,rain
G5-03,harvest,5,2025-03-01,19,19,0,
G6-01,harvest,6,2025-03-01,24,19,5,rain
G6-02,harvest,6,2025-03-01,18,18,0,
G6-03,harvest,6,2025-03-01,24,18,6,rain
G6-04,harvest,6,2025-03-01,24,18,6,rain
G6-05,harvest,6,2025-03-01,21,15,6,rain
G7-01,harvest,7,2025-03-01,27,27,0,
G7-02,harvest,7,2025-03-01,21,21,0,
G7-03,harvest,7,2025-03-01,20,20,0,
G7-04,harvest,7,2025-03-01,27,18,9,rain
P1-01,pest,1,2025-03-01,11,8,3,rain
P2-01,pest,2,2025-03-01,10,7,3,rain
P3-01,pest,3,2025-03-01,11,7,4,rain
P4-01,pest,4,2025-03-01,10,7,3,rain
P5-01,pest,5,2025-03-01,10,6,4,rain
P6-01,pest,6,2025-03-01,13,10,3,rain
P7-01,pest,7,2025-03-01,13,8,5,rain
S1-01,spray,1,2025-03-01,15,10,5,rain
S2-01,spray,2,2025-03-01,14,10,4,rain
S3-01,spray,3,2025-03-01,17,12,5,rain
S4-01,spray,4,2025-03-01,16,11,5,rain
S5-01,spray,5,2025-03-01,13,10,3,rain
S6-01,spray,6,2025-03-01,18,11,7,rain
S7-01,spray,7,2025-03-01,17,11,6,rain
U1-01,upkeep,1,2025-03-01,19,14,5,rain
U1-02,upkeep,1,2025-03-01,19,13,6,rain
U1-03,upkeep,1,2025-03-01,19,14,5,rain
U2-01,upkeep,2,2025-03-01,18,13,5,rain
U2-02,upkeep,2,2025-03-01,18,11,7,rain
U2-03,upkeep,2,2025-03-01,18,12,6,rain
U3-01,upkeep,3,2025-03-01,16,13,3,rain
U3-02,upkeep,3,2025-03-01,16,12,4,rain
U3-03,upkeep,3,2025-03-01,16,10,6,rain
U3-04,upkeep,3,2025-03-01,16,11,5,rain
U4-01,upkeep,4,2025-03-01,15,11,4,rain
U4-02,upkeep,4,2025-03-01,15,12,3,rain
U4-03,upkeep,4,2025-03-01,15,10,5,rain
U4-04,upkeep,4,2025-03-01,15,12,3,rain
U5-01,upkeep,5,2025-03-01,16,11,5,rain
U5-02,upkeep,5,2025-03-01,16,10,6,rain
U5-03,upkeep,5,2025-03-01,16,10,6,rain
U6-01,upkeep,6,2025-03-01,17,11,6,rain
U6-02,upkeep,6,2025-03-01,17,11,6,rain
U6-03,upkeep,6,2025-03-01,17,11,6,rain
U6-04,upkeep,6,2025-03-01,17,12,5,rain
U7-01,upkeep,7,2025-03-01,15,9,6,rain
U7-02,upkeep,7,2025-03-01,15,10,5,rain
U7-03,upkeep,7,2025-03-01,15,9,6,rain
U7-04,upkeep,7,2025-03-01,15,11,4,rain
G1-01,harvest,1,2025-03-02,28,18,10,rest day
G1-02,harvest,1,2025-03-02,26,13,13,rest day
G1-03,harvest,1,2025-03-02,25,11,14,rest day
G1-04,harvest,1,2025-03-02,26,9,17,rest day
G2-01,harvest,2,2025-03-02,24,9,15,rest day
G2-02,harvest,2,2025-03-02,20,8,12,rest day
G2-03,harvest,2,2025-03-02,24,23,1,rest day
G2-04,harvest,2,2025-03-02,25,16,9,rest day
G3-01,harvest,3,2025-03-02,27,26,1,rest day
G3-02,harvest,3,2025-03-02,24,24,0,
G3-03,harvest,3,2025-03-02,25,25,0,
G3-04,harvest,3,2025-03-02,24,11,13,rest day
G4-01,harvest,4,2025-03-02,26,21,5,rest day
G4-02,harvest,4,2025-03-02,25,18,7,rest day
G4-03,harvest,4,2025-03-02,24,11,13,rest day
G4-04,harvest,4,2025-03-02,20,20,0,
G5-01,harvest,5,2025-03-02,23,18,5,rest day
G5-02,harvest,5,2025-03-02,27,11,16,rest day
G5-03,harvest,5,2025-03-02,19,18,1,rest day
G6-01,harvest,6,2025-03-02,24,11,13,rest day
G6-02,harvest,6,2025-03-02,18,9,9,rest day
G6-03,harvest,6,2025-03-02,24,24,0,
G6-04,harvest,6,2025-03-02,24,24,0,
G6-05,harvest,6,2025-03-02,21,9,12,rest day
G7-01,harvest,7,2025-03-02,27,13,14,rest day
G7-02,harvest,7,2025-03-02,21,18,3,rest day
G7-03,harvest,7,2025-03-02,20,16,4,rest day
G7-04,harvest,7,2025-03-02,27,18,9,rest day
P1-01,pest,1,2025-03-02,11,5,6,rest day
P2-01,pest,2,2025-03-02,10,5,5,rest day
P3-01,pest,3,2025-03-02,11,6,5,rest day
P4-01,pest,4,2025-03-02,10,5,5,rest day
P5-01,pest,5,2025-03-02,10,3,7,rest day
P6-01,pest,6,2025-03-02,13,5,8,rest day
P7-01,pest,7,2025-03-02,13,4,9,rest day
S1-01,spray,1,2025-03-02,15,7,8,rest day
S2-01,spray,2,2025-03-02,14,6,8,rest day
S3-01,spray,3,2025-03-02,17,9,8,rest day
S4-01,spray,4,2025-03-02,16,8,8,rest day
S5-01,spray,5,2025-03-02,13,5,8,rest day
S6-01,spray,6,2025-03-02,18,9,9,rest day
S7-01,spray,7,2025-03-02,17,7,10,rest day
U1-01,upkeep,1,2025-03-02,19,6,13,rest day
U1-02,upkeep,1,2025-03-02,19,6,13,rest day
U1-03,upkeep,1,2025-03-02,19,8,11,rest day
U2-01,upkeep,2,2025-03-02,18,8,10,rest day
U2-02,upkeep,2,2025-03-02,18,7,11,rest day
U2-03,upkeep,2,2025-03-02,18,9,9,rest day
U3-01,upkeep,3,2025-03-02,16,5,11,rest day
U3-02,upkeep,3,2025-03-02,16,7,9,rest day
U3-03,upkeep,3,2025-03-02,16,8,8,rest day
U3-04,upkeep,3,2025-03-02,16,6,10,rest day
U4-01,upkeep,4,2025-03-02,15,8,7,rest day
U4-02,upkeep,4,2025-03-02,15,6,9,rest day
U4-03,upkeep,4,2025-03-02,15,6,9,rest day
U4-04,upkeep,4,2025-03-02,15,8,7,rest day
U5-01,upkeep,5,2025-03-02,16,8,8,rest day
U5-02,upkeep,5,2025-03-02,16,7,9,rest day
U5-03,upkeep,5,2025-03-02,16,6,10,rest day
U6-01,upkeep,6,2025-03-02,17,9,8,rest day
U6-02,upkeep,6,2025-03-02,17,6,11,rest day
U6-03,upkeep,6,2025-03-02,17,8,9,rest day
U6-04,upkeep,6,2025-03-02,17,7,10,rest day
U7-01,upkeep,7,2025-03-02,15,6,9,rest day
U7-02,upkeep,7,2025-03-02,15,6,9,rest day
U7-03,upkeep,7,2025-03-02,15,5,10,rest day
U7-04,upkeep,7,2025-03-02,15,5,10,rest day
G1-01,harvest,1,2025-03-03,28,22,6,leave
G1-02,harvest,1,2025-03-03,26,20,6,leave
G1-03,harvest,1,2025-03-03,25,25,0,
G1-04,harvest,1,2025-03-03,26,17,9,no show
G2-01,harvest,2,2025-03-03,24,20,4,sick
G2-02,harvest,2,2025-03-03,20,16,4,leave
G2-03,harvest,2,2025-03-03,24,23,1,leave
G2-04,harvest,2,2025-03-03,25,16,9,no show
G3-01,harvest,3,2025-03-03,27,21,6,sick
G3-02,harvest,3,2025-03-03,24,20,4,no show
G3-03,harvest,3,2025-03-03,25,22,3,leave
G3-04,harvest,3,2025-03-03,24,22,2,no show
G4-01,harvest,4,2025-03-03,26,23,3,sick
G4-02,harvest,4,2025-03-03,25,22,3,sick
G4-03,harvest,4,2025-03-03,24,19,5,no show
G4-04,harvest,4,2025-03-03,20,16,4,sick
G5-01,harvest,5,2025-03-03,23,18,5,sick
G5-02,harvest,5,2025-03-03,27,27,0,
G5-03,harvest,5,2025-03-03,19,17,2,sick
G6-01,harvest,6,2025-03-03,24,18,6,no show
G6-02,harvest,6,2025-03-03,18,18,0,
G6-03,harvest,6,2025-03-03,24,19,5,sick
G6-04,harvest,6,2025-03-03,24,20,4,no show
G6-05,harvest,6,2025-03-03,21,14,7,sick
G7-01,harvest,7,2025-03-03,27,22,5,leave
G7-02,harvest,7,2025-03-03,21,16,5,leave
G7-03,harvest,7,2025-03-03,20,15,5,leave
G7-04,harvest,7,2025-03-03,27,27,0,
P1-01,pest,1,2025-03-03,11,8,3,sick
P2-01,pest,2,2025-03-03,10,7,3,leave
P3-01,pest,3,2025-03-03,11,8,3,no show
P4-01,pest,4,2025-03-03,10,8,2,sick
P5-01,pest,5,2025-03-03,10,3,7,leave
P6-01,pest,6,2025-03-03,13,11,2,no show
P7-01,pest,7,2025-03-03,13,9,4,leave
S1-01,spray,1,2025-03-03,15,11,4,sick
S2-01,spray,2,2025-03-03,14,8,6,sick
S3-01,spray,3,2025-03-03,17,13,4,no show
S4-01,spray,4,2025-03-03,16,12,4,leave
S5-01,spray,5,2025-03-03,13,8,5,sick
S6-01,spray,6,2025-03-03,18,14,4,no show
S7-01,spray,7,2025-03-03,17,9,8,sick
U1-01,upkeep,1,2025-03-03,19,14,5,leave
U1-02,upkeep,1,2025-03-03,19,12,7,sick
U1-03,upkeep,1,2025-03-03,19,15,4,leave
U2-01,upkeep,2,2025-03-03,18,11,7,sick
U2-02,upkeep,2,2025-03-03,18,14,4,sick
U2-03,upkeep,2,2025-03-03,18,12,6,sick
U3-01,upkeep,3,2025-03-03,16,12,4,leave
U3-02,upkeep,3,2025-03-03,16,15,1,leave
U3-03,upkeep,3,2025-03-03,16,11,5,no show
U3-04,upkeep,3,2025-03-03,16,12,4,sick
U4-01,upkeep,4,2025-03-03,15,13,2,leave
U4-02,upkeep,4,2025-03-03,15,11,4,sick
U4-03,upkeep,4,2025-03-03,15,13,2,no show
U4-04,upkeep,4,2025-03-03,15,14,1,leave
U5-01,upkeep,5,2025-03-03,16,13,3,leave
U5-02,upkeep,5,2025-03-03,16,12,4,no show
U5-03,upkeep,5,2025-03-03,16,10,6,leave
U6-01,upkeep,6,2025-03-03,17,11,6,no show
U6-02,upkeep,6,2025-03-03,17,11,6,sick
U6-03,upkeep,6,2025-03-03,17,13,4,sick
U6-04,upkeep,6,2025-03-03,17,13,4,sick
U7-01,upkeep,7,2025-03-03,15,10,5,no show
U7-02,upkeep,7,2025-03-03,15,10,5,leave
U7-03,upkeep,7,2025-03-03,15,10,5,sick
U7-04,upkeep,7,2025-03-03,15,13,2,no show
G1-01,harvest,1,2025-03-04,28,19,9,no show
G1-02,harvest,1,2025-03-04,26,26,0,
G1-03,harvest,1,2025-03-04,25,25,0,
G1-04,harvest,1,2025-03-04,26,18,8,sick
G2-01,harvest,2,2025-03-04,24,19,5,sick
G2-02,harvest,2,2025-03-04,20,14,6,no show
G2-03,harvest,2,2025-03-04,24,17,7,sick
G2-04,harvest,2,2025-03-04,25,18,7,sick
G3-01,harvest,3,2025-03-04,27,22,5,no show
G3-02,harvest,3,2025-03-04,24,19,5,leave
G3-03,harvest,3,2025-03-04,25,25,0,
G3-04,harvest,3,2025-03-04,24,23,1,sick
G4-01,harvest,4,2025-03-04,26,20,6,no show
G4-02,harvest,4,2025-03-04,25,18,7,sick
G4-03,harvest,4,2025-03-04,24,24,0,
G4-04,harvest,4,2025-03-04,20,17,3,leave
G5-01,harvest,5,2025-03-04,23,17,6,sick
G5-02,harvest,5,2025-03-04,27,17,10,leave
G5-03,harvest,5,2025-03-04,19,14,5,leave
G6-01,harvest,6,2025-03-04,24,19,5,sick
G6-02,harvest,6,2025-03-04,18,14,4,no show
G6-03,harvest,6,2025-03-04,24,20,4,leave
G6-04,harvest,6,2025-03-04,24,19,5,sick
G6-05,harvest,6,2025-03-04,21,17,4,sick
G7-01,harvest,7,2025-03-04,27,18,9,sick
G7-02,harvest,7,2025-03-04,21,21,0,
G7-03,harvest,7,2025-03-04,20,17,3,sick
G7-04,harvest,7,2025-03-04,27,18,9,sick
P1-01,pest,1,2025-03-04,11,9,2,leave
P2-01,pest,2,2025-03-04,10,5,5,leave
P3-01,pest,3,2025-03-04,11,9,2,no show
P4-01,pest,4,2025-03-04,10,7,3,no show
P5-01,pest,5,2025-03-04,10,5,5,leave
P6-01,pest,6,2025-03-04,13,10,3,sick
P7-01,pest,7,2025-03-04,13,11,2,leave
S1-01,spray,1,2025-03-04,15,11,4,sick
S2-01,spray,2,2025-03-04,14,10,4,leave
S3-01,spray,3,2025-03-04,17,15,2,no show
S4-01,spray,4,2025-03-04,16,12,4,no show
S5-01,spray,5,2025-03-04,13,8,5,leave
S6-01,spray,6,2025-03-04,18,13,5,leave
S7-01,spray,7,2025-03-04,17,13,4,leave
U1-01,upkeep,1,2025-03-04,19,13,6,leave
U1-02,upkeep,1,2025-03-04,19,13,6,leave
U1-03,upkeep,1,2025-03-04,19,14,5,sick
U2-01,upkeep,2,2025-03-04,18,14,4,sick
U2-02,upkeep,2,2025-03-04,18,14,4,sick
U2-03,upkeep,2,2025-03-04,18,13,5,no show
U3-01,upkeep,3,2025-03-04,16,13,3,leave
U3-02,upkeep,3,2025-03-04,16,15,1,leave
U3-03,upkeep,3,2025-03-04,16,14,2,leave
U3-04,upkeep,3,2025-03-04,16,14,2,leave
U4-01,upkeep,4,2025-03-04,15,12,3,sick
U4-02,upkeep,4,2025-03-04,15,13,2,no show
U4-03,upkeep,4,2025-03-04,15,12,3,leave
U4-04,upkeep,4,2025-03-04,15,13,2,sick
U5-01,upkeep,5,2025-03-04,16,9,7,leave
U5-02,upkeep,5,2025-03-04,16,11,5,sick
U5-03,upkeep,5,2025-03-04,16,13,3,sick
U6-01,upkeep,6,2025-03-04,17,14,3,sick
U6-02,upkeep,6,2025-03-04,17,14,3,sick
U6-03,upkeep,6,2025-03-04,17,12,5,sick
U6-04,upkeep,6,2025-03-04,17,14,3,sick
U7-01,upkeep,7,2025-03-04,15,11,4,sick
U7-02,upkeep,7,2025-03-04,15,10,5,leave
U7-03,upkeep,7,2025-03-04,15,10,5,leave
U7-04,upkeep,7,2025-03-04,15,10,5,sick
G1-01,harvest,1,2025-03-05,28,21,7,no show
G1-02,harvest,1,2025-03-05,26,24,2,sick
G1-03,harvest,1,2025-03-05,25,17,8,no show
G1-04,harvest,1,2025-03-05,26,20,6,no show
G2-01,harvest,2,2025-03-05,24,24,0,
G2-02,harvest,2,2025-03-05,20,20,0,
G2-03,harvest,2,2025-03-05,24,19,5,sick
G2-04,harvest,2,2025-03-05,25,17,8,sick
G3-01,harvest,3,2025-03-05,27,23,4,leave
G3-02,harvest,3,2025-03-05,24,24,0,
G3-03,harvest,3,2025-03-05,25,23,2,sick
G3-04,harvest,3,2025-03-05,24,20,4,leave
G4-01,harvest,4,2025-03-05,26,22,4,sick
G4-02,harvest,4,2025-03-05,25,19,6,sick
G4-03,harvest,4,2025-03-05,24,21,3,sick
G4-04,harvest,4,2025-03-05,20,16,4,sick
G5-01,harvest,5,2025-03-05,23,23,0,
G5-02,harvest,5,2025-03-05,27,21,6,no show
G5-03,harvest,5,2025-03-05,19,19,0,
G6-01,harvest,6,2025-03-05,24,18,6,no show
G6-02,harvest,6,2025-03-05,18,12,6,sick
G6-03,harvest,6,2025-03-05,24,19,5,sick
G6-04,harvest,6,2025-03-05,24,18,6,no show
G6-05,harvest,6,2025-03-05,21,16,5,sick
G7-01,harvest,7,2025-03-05,27,27,0,
G7-02,harvest,7,2025-03-05,21,15,6,sick
G7-03,harvest,7,2025-03-05,20,20,0,
G7-04,harvest,7,2025-03-05,27,19,8,sick
P1-01,pest,1,2025-03-05,11,7,4,leave
P2-01,pest,2,2025-03-05,10,6,4,leave
P3-01,pest,3,2025-03-05,11,10,1,sick
P4-01,pest,4,2025-03-05,10,7,3,no show
P5-01,pest,5,2025-03-05,10,7,3,sick
P6-01,pest,6,2025-03-05,13,8,5,sick
P7-01,pest,7,2025-03-05,13,9,4,leave
S1-01,spray,1,2025-03-05,15,12,3,no show
S2-01,spray,2,2025-03-05,14,11,3,leave
S3-01,spray,3,2025-03-05,17,14,3,sick
S4-01,spray,4,2025-03-05,16,14,2,no show
S5-01,spray,5,2025-03-05,13,7,6,sick
S6-01,spray,6,2025-03-05,18,14,4,sick
S7-01,spray,7,2025-03-05,17,12,5,no show
U1-01,upkeep,1,2025-03-05,19,15,4,leave
U1-02,upkeep,1,2025-03-05,19,11,8,leave
U1-03,upkeep,1,2025-03-05,19,14,5,no show
U2-01,upkeep,2,2025-03-05,18,13,5,sick
U2-02,upkeep,2,2025-03-05,18,12,6,sick
U2-03,upkeep,2,2025-03-05,18,13,5,leave
U3-01,upkeep,3,2025-03-05,16,14,2,sick
U3-02,upkeep,3,2025-03-05,16,14,2,sick
U3-03,upkeep,3,2025-03-05,16,12,4,sick
U3-04,upkeep,3,2025-03-05,16,15,1,sick
U4-01,upkeep,4,2025-03-05,15,12,3,no show
U4-02,upkeep,4,2025-03-05,15,11,4,leave
U4-03,upkeep,4,2025-03-05,15,11,4,sick
U4-04,upkeep,4,2025-03-05,15,12,3,sick
U5-01,upkeep,5,2025-03-05,16,11,5,no show
U5-02,upkeep,5,2025-03-05,16,11,5,leave
U5-03,upkeep,5,2025-03-05,16,12,4,no show
U6-01,upkeep,6,2025-03-05,17,14,3,sick
U6-02,upkeep,6,2025-03-05,17,14,3,sick
U6-03,upkeep,6,2025-03-05,17,14,3,sick
U6-04,upkeep,6,2025-03-05,17,13,4,sick
U7-01,upkeep,7,2025-03-05,15,12,3,leave
U7-02,upkeep,7,2025-03-05,15,10,5,no show
U7-03,upkeep,7,2025-03-05,15,11,4,leave
U7-04,upkeep,7,2025-03-05,15,9,6,leave
G1-01,harvest,1,2025-03-06,28,24,4,sick
G1-02,harvest,1,2025-03-06,26,19,7,sick
G1-03,harvest,1,2025-03-06,25,18,7,sick
G1-04,harvest,1,2025-03-06,26,17,9,sick
G2-01,harvest,2,2025-03-06,24,20,4,sick
G2-02,harvest,2,2025-03-06,20,20,0,
G2-03,harvest,2,2025-03-06,24,17,7,leave
G2-04,harvest,2,2025-03-06,25,19,6,sick
G3-01,harvest,3,2025-03-06,27,27,0,
G3-02,harvest,3,2025-03-06,24,24,0,
G3-03,harvest,3,2025-03-06,25,20,5,sick
G3-04,harvest,3,2025-03-06,24,20,4,sick
G4-01,harvest,4,2025-03-06,26,22,4,no show
G4-02,harvest,4,2025-03-06,25,22,3,leave
G4-03,harvest,4,2025-03-06,24,18,6,leave
G4-04,harvest,4,2025-03-06,20,20,0,
G5-01,harvest,5,2025-03-06,23,17,6,no show
G5-02,harvest,5,2025-03-06,27,20,7,sick
G5-03,harvest,5,2025-03-06,19,18,1,no show
G6-01,harvest,6,2025-03-06,24,19,5,sick
G6-02,harvest,6,2025-03-06,18,17,1,sick
G6-03,harvest,6,2025-03-06,24,17,7,leave
G6-04,harvest,6,2025-03-06,24,21,3,sick
G6-05,harvest,6,2025-03-06,21,17,4,sick
G7-01,harvest,7,2025-03-06,27,19,8,leave
G7-02,harvest,7,2025-03-06,21,17,4,no show
G7-03,harvest,7,2025-03-06,20,14,6,no show
G7-04,harvest,7,2025-03-06,27,20,7,leave
P1-01,pest,1,2025-03-06,11,8,3,sick
P2-01,pest,2,2025-03-06,10,7,3,leave
P3-01,pest,3,2025-03-06,11,8,3,sick
P4-01,pest,4,2025-03-06,10,4,6,leave
P5-01,pest,5,2025-03-06,10,6,4,leave
P6-01,pest,6,2025-03-06,13,11,2,no show
P7-01,pest,7,2025-03-06,13,9,4,sick
S1-01,spray,1,2025-03-06,15,11,4,no show
S2-01,spray,2,2025-03-06,14,8,6,sick
S3-01,spray,3,2025-03-06,17,14,3,leave
S4-01,spray,4,2025-03-06,16,15,1,sick
S5-01,spray,5,2025-03-06,13,8,5,sick
S6-01,spray,6,2025-03-06,18,14,4,leave
S7-01,spray,7,2025-03-06,17,12,5,leave
U1-01,upkeep,1,2025-03-06,19,14,5,leave
U1-02,upkeep,1,2025-03-06,19,14,5,no show
U1-03,upkeep,1,2025-03-06,19,15,4,sick
U2-01,upkeep,2,2025-03-06,18,14,4,sick
U2-02,upkeep,2,2025-03-06,18,12,6,leave
U2-03,upkeep,2,2025-03-06,18,14,4,sick
U3-01,upkeep,3,2025-03-06,16,13,3,leave
U3-02,upkeep,3,2025-03-06,16,14,2,leave
U3-03,upkeep,3,2025-03-06,16,12,4,sick
U3-04,upkeep,3,2025-03-06,16,16,0,
U4-01,upkeep,4,2025-03-06,15,13,2,no show
U4-02,upkeep,4,2025-03-06,15,11,4,sick
U4-03,upkeep,4,2025-03-06,15,14,1,sick
U4-04,upkeep,4,2025-03-06,15,11,4,leave
U5-01,upkeep,5,2025-03-06,16,12,4,sick
U5-02,upkeep,5,2025-03-06,16,9,7,sick
U5-03,upkeep,5,2025-03-06,16,11,5,sick
U6-01,upkeep,6,2025-03-06,17,11,6,no show
U6-02,upkeep,6,2025-03-06,17,12,5,sick
U6-03,upkeep,6,2025-03-06,17,13,4,no show
U6-04,upkeep,6,2025-03-06,17,12,5,sick
U7-01,upkeep,7,2025-03-06,15,9,6,sick
U7-02,upkeep,7,2025-03-06,15,10,5,leave
U7-03,upkeep,7,2025-03-06,15,10,5,sick
U7-04,upkeep,7,2025-03-06,15,8,7,no show
G1-01,harvest,1,2025-03-07,28,21,7,leave
G1-02,harvest,1,2025-03-07,26,16,10,sick
G1-03,harvest,1,2025-03-07,25,18,7,no show
G1-04,harvest,1,2025-03-07,26,26,0,
G2-01,harvest,2,2025-03-07,24,18,6,leave
G2-02,harvest,2,2025-03-07,20,13,7,sick
G2-03,harvest,2,2025-03-07,24,18,6,leave
G2-04,harvest,2,2025-03-07,25,15,10,leave
G3-01,harvest,3,2025-03-07,27,21,6,sick
G3-02,harvest,3,2025-03-07,24,20,4,sick
G3-03,harvest,3,2025-03-07,25,25,0,
G3-04,harvest,3,2025-03-07,24,20,4,sick
G4-01,harvest,4,2025-03-07,26,21,5,sick
G4-02,harvest,4,2025-03-07,25,20,5,leave
G4-03,harvest,4,2025-03-07,24,20,4,leave
G4-04,harvest,4,2025-03-07,20,20,0,
G5-01,harvest,5,2025-03-07,23,18,5,no show
G5-02,harvest,5,2025-03-07,27,27,0,
G5-03,harvest,5,2025-03-07,19,14,5,sick
G6-01,harvest,6,2025-03-07,24,18,6,sick
G6-02,harvest,6,2025-03-07,18,15,3,no show
G6-03,harvest,6,2025-03-07,24,18,6,sick
G6-04,harvest,6,2025-03-07,24,20,4,leave
G6-05,harvest,6,2025-03-07,21,17,4,sick
G7-01,harvest,7,2025-03-07,27,20,7,no show
G7-02,harvest,7,2025-03-07,21,21,0,
G7-03,harvest,7,2025-03-07,20,15,5,sick
G7-04,harvest,7,2025-03-07,27,27,0,
P1-01,pest,1,2025-03-07,11,6,5,sick
P2-01,pest,2,2025-03-07,10,8,2,leave
P3-01,pest,3,2025-03-07,11,7,4,sick
P4-01,pest,4,2025-03-07,10,7,3,no show
P5-01,pest,5,2025-03-07,10,5,5,sick
P6-01,pest,6,2025-03-07,13,11,2,no show
P7-01,pest,7,2025-03-07,13,9,4,leave
S1-01,spray,1,2025-03-07,15,12,3,sick
S2-01,spray,2,2025-03-07,14,8,6,leave
S3-01,spray,3,2025-03-07,17,14,3,sick
S4-01,spray,4,2025-03-07,16,15,1,sick
S5-01,spray,5,2025-03-07,13,9,4,leave
S6-01,spray,6,2025-03-07,18,13,5,no show
S7-01,spray,7,2025-03-07,17,12,5,leave
U1-01,upkeep,1,2025-03-07,19,12,7,sick
U1-02,upkeep,1,2025-03-07,19,15,4,sick
U1-03,upkeep,1,2025-03-07,19,14,5,sick
U2-01,upkeep,2,2025-03-07,18,15,3,sick
U2-02,upkeep,2,2025-03-07,18,13,5,leave
U2-03,upkeep,2,2025-03-07,18,13,5,leave
U3-01,upkeep,3,2025-03-07,16,15,1,no show
U3-02,upkeep,3,2025-03-07,16,12,4,leave
U3-03,upkeep,3,2025-03-07,16,14,2,sick
U3-04,upkeep,3,2025-03-07,16,14,2,leave
U4-01,upkeep,4,2025-03-07,15,14,1,no show
U4-02,upkeep,4,2025-03-07,15,11,4,leave
U4-03,upkeep,4,2025-03-07,15,10,5,sick
U4-04,upkeep,4,2025-03-07,15,13,2,sick
U5-01,upkeep,5,2025-03-07,16,13,3,sick
U5-02,upkeep,5,2025-03-07,16,8,8,leave
U5-03,upkeep,5,2025-03-07,16,11,5,sick
U6-01,upkeep,6,2025-03-07,17,14,3,leave
U6-02,upkeep,6,2025-03-07,17,14,3,leave
U6-03,upkeep,6,2025-03-07,17,12,5,leave
U6-04,upkeep,6,2025-03-07,17,15,2,no show
U7-01,upkeep,7,2025-03-07,15,9,6,no show
U7-02,upkeep,7,2025-03-07,15,12,3,sick
U7-03,upkeep,7,2025-03-07,15,9,6,sick
U7-04,upkeep,7,2025-03-07,15,12,3,leave
G1-01,harvest,1,2025-03-08,28,22,6,sick
G1-02,harvest,1,2025-03-08,26,21,5,leave
G1-03,harvest,1,2025-03-08,25,19,6,leave
G1-04,harvest,1,2025-03-08,26,20,6,sick
G2-01,harvest,2,2025-03-08,24,18,6,leave
G2-02,harvest,2,2025-03-08,20,14,6,sick
G2-03,harvest,2,2025-03-08,24,24,0,
G2-04,harvest,2,2025-03-08,25,18,7,leave
G3-01,harvest,3,2025-03-08,27,24,3,sick
G3-02,harvest,3,2025-03-08,24,22,2,leave
G3-03,harvest,3,2025-03-08,25,21,4,leave
G3-04,harvest,3,2025-03-08,24,17,7,no show
G4-01,harvest,4,2025-03-08,26,19,7,leave
G4-02,harvest,4,2025-03-08,25,22,3,sick
G4-03,harvest,4,2025-03-08,24,18,6,sick
G4-04,harvest,4,2025-03-08,20,19,1,sick
G5-01,harvest,5,2025-03-08,23,23,0,
G5-02,harvest,5,2025-03-08,27,19,8,sick
G5-03,harvest,5,2025-03-08,19,18,1,sick
G6-01,harvest,6,2025-03-08,24,18,6,sick
G6-02,harvest,6,2025-03-08,18,13,5,no show
G6-03,harvest,6,2025-03-08,24,20,4,sick
G6-04,harvest,6,2025-03-08,24,19,5,no show
G6-05,harvest,6,2025-03-08,21,16,5,no show
G7-01,harvest,7,2025-03-08,27,21,6,sick
G7-02,harvest,7,2025-03-08,21,15,6,leave
G7-03,harvest,7,2025-03-08,20,16,4,no show
G7-04,harvest,7,2025-03-08,27,22,5,sick
P1-01,pest,1,2025-03-08,11,7,4,no show
P2-01,pest,2,2025-03-08,10,8,2,sick
P3-01,pest,3,2025-03-08,11,7,4,leave
P4-01,pest,4,2025-03-08,10,9,1,leave
P5-01,pest,5,2025-03-08,10,6,4,leave
P6-01,pest,6,2025-03-08,13,11,2,leave
P7-01,pest,7,2025-03-08,13,8,5,sick
S1-01,spray,1,2025-03-08,15,11,4,no show
S2-01,spray,2,2025-03-08,14,7,7,no show
S3-01,spray,3,2025-03-08,17,12,5,sick
S4-01,spray,4,2025-03-08,16,12,4,no show
S5-01,spray,5,2025-03-08,13,9,4,leave
S6-01,spray,6,2025-03-08,18,13,5,sick
S7-01,spray,7,2025-03-08,17,12,5,no show
U1-01,upkeep,1,2025-03-08,19,15,4,sick
U1-02,upkeep,1,2025-03-08,19,14,5,sick
U1-03,upkeep,1,2025-03-08,19,13,6,sick
U2-01,upkeep,2,2025-03-08,18,10,8,leave
U2-02,upkeep,2,2025-03-08,18,13,5,sick
U2-03,upkeep,2,2025-03-08,18,12,6,leave
U3-01,upkeep,3,2025-03-08,16,14,2,no show
U3-02,upkeep,3,2025-03-08,16,15,1,sick
U3-03,upkeep,3,2025-03-08,16,11,5,no show
U3-04,upkeep,3,2025-03-08,16,12,4,leave
U4-01,upkeep,4,2025-03-08,15,11,4,sick
U4-02,upkeep,4,2025-03-08,15,12,3,leave
U4-03,upkeep,4,2025-03-08,15,12,3,sick
U4-04,upkeep,4,2025-03-08,15,12,3,leave
U5-01,upkeep,5,2025-03-08,16,11,5,no show
U5-02,upkeep,5,2025-03-08,16,12,4,no show
U5-03,upkeep,5,2025-03-08,16,10,6,leave
U6-01,upkeep,6,2025-03-08,17,14,3,sick
U6-02,upkeep,6,2025-03-08,17,13,4,sick
U6-03,upkeep,6,2025-03-08,17,14,3,sick
U6-04,upkeep,6,2025-03-08,17,14,3,no show
U7-01,upkeep,7,2025-03-08,15,10,5,sick
U7-02,upkeep,7,2025-03-08,15,11,4,leave
U7-03,upkeep,7,2025-03-08,15,12,3,sick
U7-04,upkeep,7,2025-03-08,15,8,7,no show
G1-01,harvest,1,2025-03-09,28,8,20,rest day
G1-02,harvest,1,2025-03-09,26,20,6,rest day
G1-03,harvest,1,2025-03-09,25,25,0,
G1-04,harvest,1,2025-03-09,26,12,14,rest day
G2-01,harvest,2,2025-03-09,24,15,9,rest day
G2-02,harvest,2,2025-03-09,20,19,1,rest day
G2-03,harvest,2,2025-03-09,24,10,14,rest day
G2-04,harvest,2,2025-03-09,25,11,14,rest day
G3-01,harvest,3,2025-03-09,27,13,14,rest day
G3-02,harvest,3,2025-03-09,24,24,0,
G3-03,harvest,3,2025-03-09,25,12,13,rest day
G3-04,harvest,3,2025-03-09,24,18,6,rest day
G4-01,harvest,4,2025-03-09,26,14,12,rest day
G4-02,harvest,4,2025-03-09,25,18,7,rest day
G4-03,harvest,4,2025-03-09,24,12,12,rest day
G4-04,harvest,4,2025-03-09,20,9,11,rest day
G5-01,harvest,5,2025-03-09,23,23,0,
G5-02,harvest,5,2025-03-09,27,12,15,rest day
G5-03,harvest,5,2025-03-09,19,9,10,rest day
G6-01,harvest,6,2025-03-09,24,9,15,rest day
G6-02,harvest,6,2025-03-09,18,18,0,
G6-03,harvest,6,2025-03-09,24,18,6,rest day
G6-04,harvest,6,2025-03-09,24,24,0,
G6-05,harvest,6,2025-03-09,21,11,10,rest day
G7-01,harvest,7,2025-03-09,27,17,10,rest day
G7-02,harvest,7,2025-03-09,21,9,12,rest day
G7-03,harvest,7,2025-03-09,20,20,0,
G7-04,harvest,7,2025-03-09,27,18,9,rest day
P1-01,pest,1,2025-03-09,11,3,8,rest day
P2-01,pest,2,2025-03-09,10,3,7,rest day
P3-01,pest,3,2025-03-09,11,4,7,rest day
P4-01,pest,4,2025-03-09,10,5,5,rest day
P5-01,pest,5,2025-03-09,10,4,6,rest day
P6-01,pest,6,2025-03-09,13,4,9,rest day
P7-01,pest,7,2025-03-09,13,4,9,rest day
S1-01,spray,1,2025-03-09,15,7,8,rest day
S2-01,spray,2,2025-03-09,14,7,7,rest day
S3-01,spray,3,2025-03-09,17,6,11,rest day
S4-01,spray,4,2025-03-09,16,8,8,rest day
S5-01,spray,5,2025-03-09,13,4,9,rest day
S6-01,spray,6,2025-03-09,18,7,11,rest day
S7-01,spray,7,2025-03-09,17,8,9,rest day
U1-01,upkeep,1,2025-03-09,19,7,12,rest day
U1-02,upkeep,1,2025-03-09,19,9,10,rest day
U1-03,upkeep,1,2025-03-09,19,8,11,rest day
U2-01,upkeep,2,2025-03-09,18,7,11,rest day
U2-02,upkeep,2,2025-03-09,18,8,10,rest day
U2-03,upkeep,2,2025-03-09,18,6,12,rest day
U3-01,upkeep,3,2025-03-09,16,4,12,rest day
U3-02,upkeep,3,2025-03-09,16,8,8,rest day
U3-03,upkeep,3,2025-03-09,16,8,8,rest day
U3-04,upkeep,3,2025-03-09,16,8,8,rest day
U4-01,upkeep,4,2025-03-09,15,8,7,rest day
U4-02,upkeep,4,2025-03-09,15,8,7,rest day
U4-03,upkeep,4,2025-03-09,15,7,8,rest day
U4-04,upkeep,4,2025-03-09,15,7,8,rest day
U5-01,upkeep,5,2025-03-09,16,6,10,rest day
U5-02,upkeep,5,2025-03-09,16,6,10,rest day
U5-03,upkeep,5,2025-03-09,16,5,11,rest day
U6-01,upkeep,6,2025-03-09,17,7,10,rest day
U6-02,upkeep,6,2025-03-09,17,8,9,rest day
U6-03,upkeep,6,2025-03-09,17,7,10,rest day
U6-04,upkeep,6,2025-03-09,17,8,9,rest day
U7-01,upkeep,7,2025-03-09,15,7,8,rest day
U7-02,upkeep,7,2025-03-09,15,7,8,rest day
U7-03,upkeep,7,2025-03-09,15,4,11,rest day
U7-04,upkeep,7,2025-03-09,15,4,11,rest day
G1-01,harvest,1,2025-03-10,28,21,7,sick
G1-02,harvest,1,2025-03-10,26,18,8,no show
G1-03,harvest,1,2025-03-10,25,22,3,sick
G1-04,harvest,1,2025-03-10,26,19,7,leave
G2-01,harvest,2,2025-03-10,24,15,9,leave
G2-02,harvest,2,2025-03-10,20,13,7,sick
G2-03,harvest,2,2025-03-10,24,14,10,leave
G2-04,harvest,2,2025-03-10,25,25,0,
G3-01,harvest,3,2025-03-10,27,26,1,leave
G3-02,harvest,3,2025-03-10,24,18,6,sick
G3-03,harvest,3,2025-03-10,25,25,0,
G3-04,harvest,3,2025-03-10,24,20,4,leave
G4-01,harvest,4,2025-03-10,26,24,2,no show
G4-02,harvest,4,2025-03-10,25,25,0,
G4-03,harvest,4,2025-03-10,24,24,0,
G4-04,harvest,4,2025-03-10,20,19,1,leave
G5-01,harvest,5,2025-03-10,23,19,4,sick
G5-02,harvest,5,2025-03-10,27,22,5,no show
G5-03,harvest,5,2025-03-10,19,13,6,sick
G6-01,harvest,6,2025-03-10,24,18,6,sick
G6-02,harvest,6,2025-03-10,18,15,3,sick
G6-03,harvest,6,2025-03-10,24,17,7,sick
G6-04,harvest,6,2025-03-10,24,21,3,leave
G6-05,harvest,6,2025-03-10,21,18,3,sick
G7-01,harvest,7,2025-03-10,27,19,8,no show
G7-02,harvest,7,2025-03-10,21,17,4,no show
G7-03,harvest,7,2025-03-10,20,15,5,leave
G7-04,harvest,7,2025-03-10,27,21,6,sick
P1-01,pest,1,2025-03-10,11,7,4,sick
P2-01,pest,2,2025-03-10,10,8,2,sick
P3-01,pest,3,2025-03-10,11,9,2,leave
P4-01,pest,4,2025-03-10,10,9,1,no show
P5-01,pest,5,2025-03-10,10,8,2,sick
P6-01,pest,6,2025-03-10,13,9,4,sick
P7-01,pest,7,2025-03-10,13,9,4,sick
S1-01,spray,1,2025-03-10,15,12,3,sick
S2-01,spray,2,2025-03-10,14,9,5,leave
S3-01,spray,3,2025-03-10,17,15,2,sick
S4-01,spray,4,2025-03-10,16,11,5,leave
S5-01,spray,5,2025-03-10,13,10,3,sick
S6-01,spray,6,2025-03-10,18,13,5,leave
S7-01,spray,7,2025-03-10,17,13,4,leave
U1-01,upkeep,1,2025-03-10,19,14,5,sick
U1-02,upkeep,1,2025-03-10,19,13,6,no show
U1-03,upkeep,1,2025-03-10,19,13,6,sick
U2-01,upkeep,2,2025-03-10,18,12,6,sick
U2-02,upkeep,2,2025-03-10,18,13,5,sick
U2-03,upkeep,2,2025-03-10,18,13,5,leave
U3-01,upkeep,3,2025-03-10,16,14,2,sick
U3-02,upkeep,3,2025-03-10,16,12,4,leave
U3-03,upkeep,3,2025-03-10,16,13,3,sick
U3-04,upkeep,3,2025-03-10,16,12,4,no show
U4-01,upkeep,4,2025-03-10,15,11,4,sick
U4-02,upkeep,4,2025-03-10,15,11,4,sick
U4-03,upkeep,4,2025-03-10,15,12,3,sick
U4-04,upkeep,4,2025-03-10,15,12,3,sick
U5-01,upkeep,5,2025-03-10,16,9,7,leave
U5-02,upkeep,5,2025-03-10,16,12,4,sick
U5-03,upkeep,5,2025-03-10,16,12,4,sick
U6-01,upkeep,6,2025-03-10,17,13,4,no show
U6-02,upkeep,6,2025-03-10,17,12,5,leave
U6-03,upkeep,6,2025-03-10,17,14,3,sick
U6-04,upkeep,6,2025-03-10,17,14,3,sick
U7-01,upkeep,7,2025-03-10,15,9,6,sick
U7-02,upkeep,7,2025-03-10,15,11,4,no show
U7-03,upkeep,7,2025-03-10,15,11,4,leave
U7-04,upkeep,7,2025-03-10,15,11,4,no show
G1-01,harvest,1,2025-03-11,28,21,7,sick
G1-02,harvest,1,2025-03-11,26,18,8,leave
G1-03,harvest,1,2025-03-11,25,16,9,sick
G1-04,harvest,1,2025-03-11,26,18,8,sick
G2-01,harvest,2,2025-03-11,24,14,10,leave
G2-02,harvest,2,2025-03-11,20,14,6,sick
G2-03,harvest,2,2025-03-11,24,18,6,leave
G2-04,harvest,2,2025-03-11,25,19,6,sick
G3-01,harvest,3,2025-03-11,27,21,6,leave
G3-02,harvest,3,2025-03-11,24,19,5,sick
G3-03,harvest,3,2025-03-11,25,25,0,
G3-04,harvest,3,2025-03-11,24,19,5,sick
G4-01,harvest,4,2025-03-11,26,22,4,sick
G4-02,harvest,4,2025-03-11,25,21,4,leave
G4-03,harvest,4,2025-03-11,24,19,5,sick
G4-04,harvest,4,2025-03-11,20,14,6,leave
G5-01,harvest,5,2025-03-11,23,14,9,no show
G5-02,harvest,5,2025-03-11,27,27,0,
G5-03,harvest,5,2025-03-11,19,16,3,sick
G6-01,harvest,6,2025-03-11,24,20,4,leave
G6-02,harvest,6,2025-03-11,18,14,4,no show
G6-03,harvest,6,2025-03-11,24,18,6,leave
G6-04,harvest,6,2025-03-11,24,20,4,sick
G6-05,harvest,6,2025-03-11,21,18,3,sick
G7-01,harvest,7,2025-03-11,27,23,4,sick
G7-02,harvest,7,2025-03-11,21,18,3,leave
G7-03,harvest,7,2025-03-11,20,15,5,no show
G7-04,harvest,7,2025-03-11,27,19,8,no show
P1-01,pest,1,2025-03-11,11,8,3,sick
P2-01,pest,2,2025-03-11,10,5,5,sick
P3-01,pest,3,2025-03-11,11,9,2,sick
P4-01,pest,4,2025-03-11,10,7,3,sick
P5-01,pest,5,2025-03-11,10,5,5,sick
P6-01,pest,6,2025-03-11,13,11,2,sick
P7-01,pest,7,2025-03-11,13,11,2,leave
S1-01,spray,1,2025-03-11,15,11,4,no show
S2-01,spray,2,2025-03-11,14,11,3,leave
S3-01,spray,3,2025-03-11,17,14,3,no show
S4-01,spray,4,2025-03-11,16,15,1,leave
S5-01,spray,5,2025-03-11,13,10,3,leave
S6-01,spray,6,2025-03-11,18,14,4,sick
S7-01,spray,7,2025-03-11,17,10,7,no show
U1-01,upkeep,1,2025-03-11,19,15,4,leave
U1-02,upkeep,1,2025-03-11,19,16,3,sick
U1-03,upkeep,1,2025-03-11,19,13,6,no show
U2-01,upkeep,2,2025-03-11,18,15,3,sick
U2-02,upkeep,2,2025-03-11,18,13,5,sick
U2-03,upkeep,2,2025-03-11,18,12,6,leave
U3-01,upkeep,3,2025-03-11,16,13,3,sick
U3-02,upkeep,3,2025-03-11,16,14,2,sick
U3-03,upkeep,3,2025-03-11,16,13,3,leave
U3-04,upkeep,3,2025-03-11,16,11,5,sick
U4-01,upkeep,4,2025-03-11,15,11,4,sick
U4-02,upkeep,4,2025-03-11,15,13,2,sick
U4-03,upkeep,4,2025-03-11,15,12,3,leave
U4-04,upkeep,4,2025-03-11,15,12,3,sick
U5-01,upkeep,5,2025-03-11,16,9,7,sick
U5-02,upkeep,5,2025-03-11,16,14,2,sick
U5-03,upkeep,5,2025-03-11,16,12,4,leave
U6-01,upkeep,6,2025-03-11,17,15,2,sick
U6-02,upkeep,6,2025-03-11,17,15,2,no show
U6-03,upkeep,6,2025-03-11,17,14,3,sick
U6-04,upkeep,6,2025-03-11,17,13,4,sick
U7-01,upkeep,7,2025-03-11,15,10,5,no show
U7-02,upkeep,7,2025-03-11,15,11,4,sick
U7-03,upkeep,7,2025-03-11,15,11,4,no show
U7-04,upkeep,7,2025-03-11,15,10,5,leave
G1-01,harvest,1,2025-03-12,28,21,7,no show
G1-02,harvest,1,2025-03-12,26,21,5,no show
G1-03,harvest,1,2025-03-12,25,20,5,no show
G1-04,harvest,1,2025-03-12,26,19,7,leave
G2-01,harvest,2,2025-03-12,24,17,7,sick
G2-02,harvest,2,2025-03-12,20,14,6,leave
G2-03,harvest,2,2025-03-12,24,16,8,sick
G2-04,harvest,2,2025-03-12,25,16,9,no show
G3-01,harvest,3,2025-03-12,27,21,6,sick
G3-02,harvest,3,2025-03-12,24,24,0,
G3-03,harvest,3,2025-03-12,25,21,4,sick
G3-04,harvest,3,2025-03-12,24,21,3,sick
G4-01,harvest,4,2025-03-12,26,19,7,no show
G4-02,harvest,4,2025-03-12,25,22,3,leave
G4-03,harvest,4,2025-03-12,24,20,4,no show
G4-04,harvest,4,2025-03-12,20,15,5,leave
G5-01,harvest,5,2025-03-12,23,17,6,leave
G5-02,harvest,5,2025-03-12,27,18,9,sick
G5-03,harvest,5,2025-03-12,19,14,5,sick
G6-01,harvest,6,2025-03-12,24,20,4,no show
G6-02,harvest,6,2025-03-12,18,15,3,sick
G6-03,harvest,6,2025-03-12,24,24,0,
G6-04,harvest,6,2025-03-12,24,19,5,leave
G6-05,harvest,6,2025-03-12,21,16,5,leave
G7-01,harvest,7,2025-03-12,27,23,4,no show
G7-02,harvest,7,2025-03-12,21,15,6,sick
G7-03,harvest,7,2025-03-12,20,20,0,
G7-04,harvest,7,2025-03-12,27,20,7,no show
P1-01,pest,1,2025-03-12,11,7,4,sick
P2-01,pest,2,2025-03-12,10,7,3,leave
P3-01,pest,3,2025-03-12,11,10,1,sick
P4-01,pest,4,2025-03-12,10,9,1,sick
P5-01,pest,5,2025-03-12,10,7,3,sick
P6-01,pest,6,2025-03-12,13,9,4,sick
P7-01,pest,7,2025-03-12,13,11,2,leave
S1-01,spray,1,2025-03-12,15,12,3,no show
S2-01,spray,2,2025-03-12,14,9,5,sick
S3-01,spray,3,2025-03-12,17,16,1,leave
S4-01,spray,4,2025-03-12,16,13,3,leave
S5-01,spray,5,2025-03-12,13,10,3,no show
S6-01,spray,6,2025-03-12,18,14,4,leave
S7-01,spray,7,2025-03-12,17,13,4,sick
U1-01,upkeep,1,2025-03-12,19,13,6,sick
U1-02,upkeep,1,2025-03-12,19,16,3,leave
U1-03,upkeep,1,2025-03-12,19,15,4,sick
U2-01,upkeep,2,2025-03-12,18,12,6,leave
U2-02,upkeep,2,2025-03-12,18,13,5,no show
U2-03,upkeep,2,2025-03-12,18,13,5,sick
U3-01,upkeep,3,2025-03-12,16,14,2,no show
U3-02,upkeep,3,2025-03-12,16,11,5,leave
U3-03,upkeep,3,2025-03-12,16,14,2,sick
U3-04,upkeep,3,2025-03-12,16,14,2,no show
U4-01,upkeep,4,2025-03-12,15,13,2,sick
U4-02,upkeep,4,2025-03-12,15,12,3,sick
U4-03,upkeep,4,2025-03-12,15,12,3,no show
U4-04,upkeep,4,2025-03-12,15,12,3,leave
U5-01,upkeep,5,2025-03-12,16,13,3,sick
U5-02,upkeep,5,2025-03-12,16,11,5,sick
U5-03,upkeep,5,2025-03-12,16,12,4,leave
U6-01,upkeep,6,2025-03-12,17,13,4,leave
U6-02,upkeep,6,2025-03-12,17,12,5,leave
U6-03,upkeep,6,2025-03-12,17,14,3,leave
U6-04,upkeep,6,2025-03-12,17,14,3,leave
U7-01,upkeep,7,2025-03-12,15,10,5,no show
U7-02,upkeep,7,2025-03-12,15,12,3,leave
U7-03,upkeep,7,2025-03-12,15,13,2,no show
U7-04,upkeep,7,2025-03-12,15,8,7,sick
G1-01,harvest,1,2025-03-13,28,17,11,no show
G1-02,harvest,1,2025-03-13,26,21,5,leave
G1-03,harvest,1,2025-03-13,25,16,9,no show
G1-04,harvest,1,2025-03-13,26,18,8,no show
G2-01,harvest,2,2025-03-13,24,21,3,sick
G2-02,harvest,2,2025-03-13,20,20,0,
G2-03,harvest,2,2025-03-13,24,18,6,leave
G2-04,harvest,2,2025-03-13,25,22,3,sick
G3-01,harvest,3,2025-03-13,27,27,0,
G3-02,harvest,3,2025-03-13,24,19,5,no show
G3-03,harvest,3,2025-03-13,25,25,0,
G3-04,harvest,3,2025-03-13,24,18,6,sick
G4-01,harvest,4,2025-03-13,26,20,6,sick
G4-02,harvest,4,2025-03-13,25,21,4,sick
G4-03,harvest,4,2025-03-13,24,24,0,
G4-04,harvest,4,2025-03-13,20,15,5,sick
G5-01,harvest,5,2025-03-13,23,16,7,leave
G5-02,harvest,5,2025-03-13,27,18,9,sick
G5-03,harvest,5,2025-03-13,19,13,6,no show
G6-01,harvest,6,2025-03-13,24,17,7,leave
G6-02,harvest,6,2025-03-13,18,14,4,leave
G6-03,harvest,6,2025-03-13,24,20,4,leave
G6-04,harvest,6,2025-03-13,24,18,6,leave
G6-05,harvest,6,2025-03-13,21,17,4,sick
G7-01,harvest,7,2025-03-13,27,20,7,sick
G7-02,harvest,7,2025-03-13,21,21,0,
G7-03,harvest,7,2025-03-13,20,10,10,sick
G7-04,harvest,7,2025-03-13,27,20,7,sick
P1-01,pest,1,2025-03-13,11,9,2,leave
P2-01,pest,2,2025-03-13,10,7,3,sick
P3-01,pest,3,2025-03-13,11,8,3,leave
P4-01,pest,4,2025-03-13,10,10,0,
P5-01,pest,5,2025-03-13,10,6,4,no show
P6-01,pest,6,2025-03-13,13,10,3,leave
P7-01,pest,7,2025-03-13,13,9,4,sick
S1-01,spray,1,2025-03-13,15,11,4,sick
S2-01,spray,2,2025-03-13,14,9,5,leave
S3-01,spray,3,2025-03-13,17,11,6,sick
S4-01,spray,4,2025-03-13,16,11,5,sick
S5-01,spray,5,2025-03-13,13,8,5,leave
S6-01,spray,6,2025-03-13,18,15,3,sick
S7-01,spray,7,2025-03-13,17,13,4,no show
U1-01,upkeep,1,2025-03-13,19,14,5,leave
U1-02,upkeep,1,2025-03-13,19,12,7,no show
U1-03,upkeep,1,2025-03-13,19,15,4,sick
U2-01,upkeep,2,2025-03-13,18,14,4,leave
U2-02,upkeep,2,2025-03-13,18,14,4,sick
U2-03,upkeep,2,2025-03-13,18,14,4,leave
U3-01,upkeep,3,2025-03-13,16,12,4,sick
U3-02,upkeep,3,2025-03-13,16,11,5,no show
U3-03,upkeep,3,2025-03-13,16,14,2,leave
U3-04,upkeep,3,2025-03-13,16,15,1,sick
U4-01,upkeep,4,2025-03-13,15,12,3,sick
U4-02,upkeep,4,2025-03-13,15,11,4,sick
U4-03,upkeep,4,2025-03-13,15,13,2,sick
U4-04,upkeep,4,2025-03-13,15,13,2,leave
U5-01,upkeep,5,2025-03-13,16,11,5,sick
U5-02,upkeep,5,2025-03-13,16,11,5,leave
U5-03,upkeep,5,2025-03-13,16,12,4,sick
U6-01,upkeep,6,2025-03-13,17,14,3,sick
U6-02,upkeep,6,2025-03-13,17,14,3,leave
U6-03,upkeep,6,2025-03-13,17,12,5,no show
U6-04,upkeep,6,2025-03-13,17,13,4,leave
U7-01,upkeep,7,2025-03-13,15,11,4,leave
U7-02,upkeep,7,2025-03-13,15,10,5,sick
U7-03,upkeep,7,2025-03-13,15,11,4,no show
U7-04,upkeep,7,2025-03-13,15,12,3,sick
G1-01,harvest,1,2025-03-14,28,20,8,leave
G1-02,harvest,1,2025-03-14,26,16,10,leave
G1-03,harvest,1,2025-03-14,25,25,0,
G1-04,harvest,1,2025-03-14,26,24,2,no show
G2-01,harvest,2,2025-03-14,24,18,6,sick
G2-02,harvest,2,2025-03-14,20,15,5,leave
G2-03,harvest,2,2025-03-14,24,17,7,leave
G2-04,harvest,2,2025-03-14,25,17,8,sick
G3-01,harvest,3,2025-03-14,27,27,0,
G3-02,harvest,3,2025-03-14,24,24,0,
G3-03,harvest,3,2025-03-14,25,25,0,
G3-04,harvest,3,2025-03-14,24,20,4,leave
G4-01,harvest,4,2025-03-14,26,22,4,sick
G4-02,harvest,4,2025-03-14,25,25,0,
G4-03,harvest,4,2025-03-14,24,21,3,leave
G4-04,harvest,4,2025-03-14,20,20,0,
G5-01,harvest,5,2025-03-14,23,17,6,sick
G5-02,harvest,5,2025-03-14,27,27,0,
G5-03,harvest,5,2025-03-14,19,19,0,
G6-01,harvest,6,2025-03-14,24,18,6,sick
G6-02,harvest,6,2025-03-14,18,18,0,
G6-03,harvest,6,2025-03-14,24,18,6,leave
G6-04,harvest,6,2025-03-14,24,18,6,sick
G6-05,harvest,6,2025-03-14,21,18,3,leave
G7-01,harvest,7,2025-03-14,27,21,6,no show
G7-02,harvest,7,2025-03-14,21,21,0,
G7-03,harvest,7,2025-03-14,20,14,6,leave
G7-04,harvest,7,2025-03-14,27,20,7,no show
P1-01,pest,1,2025-03-14,11,7,4,leave
P2-01,pest,2,2025-03-14,10,7,3,sick
P3-01,pest,3,2025-03-14,11,10,1,leave
P4-01,pest,4,2025-03-14,10,8,2,leave
P5-01,pest,5,2025-03-14,10,5,5,leave
P6-01,pest,6,2025-03-14,13,10,3,leave
P7-01,pest,7,2025-03-14,13,8,5,leave
S1-01,spray,1,2025-03-14,15,11,4,sick
S2-01,spray,2,2025-03-14,14,11,3,leave
S3-01,spray,3,2025-03-14,17,14,3,sick
S4-01,spray,4,2025-03-14,16,13,3,sick
S5-01,spray,5,2025-03-14,13,8,5,leave
S6-01,spray,6,2025-03-14,18,13,5,sick
S7-01,spray,7,2025-03-14,17,13,4,sick
U1-01,upkeep,1,2025-03-14,19,14,5,sick
U1-02,upkeep,1,2025-03-14,19,15,4,no show
U1-03,upkeep,1,2025-03-14,19,11,8,leave
U2-01,upkeep,2,2025-03-14,18,13,5,no show
U2-02,upkeep,2,2025-03-14,18,13,5,leave
U2-03,upkeep,2,2025-03-14,18,13,5,leave
U3-01,upkeep,3,2025-03-14,16,14,2,leave
U3-02,upkeep,3,2025-03-14,16,12,4,no show
U3-03,upkeep,3,2025-03-14,16,11,5,sick
U3-04,upkeep,3,2025-03-14,16,13,3,leave
U4-01,upkeep,4,2025-03-14,15,13,2,sick
U4-02,upkeep,4,2025-03-14,15,13,2,leave
U4-03,upkeep,4,2025-03-14,15,13,2,leave
U4-04,upkeep,4,2025-03-14,15,10,5,no show
U5-01,upkeep,5,2025-03-14,16,10,6,leave
U5-02,upkeep,5,2025-03-14,16,9,7,sick
U5-03,upkeep,5,2025-03-14,16,11,5,sick
U6-01,upkeep,6,2025-03-14,17,12,5,leave
U6-02,upkeep,6,2025-03-14,17,14,3,sick
U6-03,upkeep,6,2025-03-14,17,14,3,sick
U6-04,upkeep,6,2025-03-14,17,13,4,no show
U7-01,upkeep,7,2025-03-14,15,9,6,sick
U7-02,upkeep,7,2025-03-14,15,10,5,no show
U7-03,upkeep,7,2025-03-14,15,9,6,leave
U7-04,upkeep,7,2025-03-14,15,11,4,no show
G1-01,harvest,1,2025-03-15,28,20,8,leave
G1-02,harvest,1,2025-03-15,26,24,2,no show
G1-03,harvest,1,2025-03-15,25,20,5,sick
G1-04,harvest,1,2025-03-15,26,21,5,leave
G2-01,harvest,2,2025-03-15,24,16,8,no show
G2-02,harvest,2,2025-03-15,20,15,5,sick
G2-03,harvest,2,2025-03-15,24,18,6,no show
G2-04,harvest,2,2025-03-15,25,18,7,no show
G3-01,harvest,3,2025-03-15,27,20,7,leave
G3-02,harvest,3,2025-03-15,24,21,3,leave
G3-03,harvest,3,2025-03-15,25,23,2,sick
G3-04,harvest,3,2025-03-15,24,23,1,sick
G4-01,harvest,4,2025-03-15,26,21,5,no show
G4-02,harvest,4,2025-03-15,25,22,3,leave
G4-03,harvest,4,2025-03-15,24,19,5,sick
G4-04,harvest,4,2025-03-15,20,18,2,sick
G5-01,harvest,5,2025-03-15,23,23,0,
G5-02,harvest,5,2025-03-15,27,21,6,leave
G5-03,harvest,5,2025-03-15,19,18,1,no show
G6-01,harvest,6,2025-03-15,24,18,6,sick
G6-02,harvest,6,2025-03-15,18,15,3,sick
G6-03,harvest,6,2025-03-15,24,20,4,leave
G6-04,harvest,6,2025-03-15,24,20,4,no show
G6-05,harvest,6,2025-03-15,21,14,7,no show
G7-01,harvest,7,2025-03-15,27,20,7,no show
G7-02,harvest,7,2025-03-15,21,16,5,leave
G7-03,harvest,7,2025-03-15,20,14,6,sick
G7-04,harvest,7,2025-03-15,27,18,9,sick
P1-01,pest,1,2025-03-15,11,7,4,leave
P2-01,pest,2,2025-03-15,10,8,2,leave
P3-01,pest,3,2025-03-15,11,9,2,sick
P4-01,pest,4,2025-03-15,10,8,2,leave
P5-01,pest,5,2025-03-15,10,7,3,leave
P6-01,pest,6,2025-03-15,13,11,2,leave
P7-01,pest,7,2025-03-15,13,10,3,sick
S1-01,spray,1,2025-03-15,15,11,4,no show
S2-01,spray,2,2025-03-15,14,10,4,sick
S3-01,spray,3,2025-03-15,17,12,5,leave
S4-01,spray,4,2025-03-15,16,12,4,no show
S5-01,spray,5,2025-03-15,13,7,6,sick
S6-01,spray,6,2025-03-15,18,11,7,sick
S7-01,spray,7,2025-03-15,17,11,6,leave
U1-01,upkeep,1,2025-03-15,19,13,6,no show
U1-02,upkeep,1,2025-03-15,19,14,5,sick
U1-03,upkeep,1,2025-03-15,19,13,6,sick
U2-01,upkeep,2,2025-03-15,18,12,6,no show
U2-02,upkeep,2,2025-03-15,18,12,6,no show
U2-03,upkeep,2,2025-03-15,18,14,4,leave
U3-01,upkeep,3,2025-03-15,16,13,3,sick
U3-02,upkeep,3,2025-03-15,16,12,4,sick
U3-03,upkeep,3,2025-03-15,16,14,2,sick
U3-04,upkeep,3,2025-03-15,16,14,2,leave
U4-01,upkeep,4,2025-03-15,15,12,3,no show
U4-02,upkeep,4,2025-03-15,15,12,3,leave
U4-03,upkeep,4,2025-03-15,15,13,2,no show
U4-04,upkeep,4,2025-03-15,15,12,3,leave
U5-01,upkeep,5,2025-03-15,16,10,6,sick
U5-02,upkeep,5,2025-03-15,16,10,6,sick
U5-03,upkeep,5,2025-03-15,16,13,3,no show
U6-01,upkeep,6,2025-03-15,17,11,6,no show
U6-02,upkeep,6,2025-03-15,17,14,3,sick
U6-03,upkeep,6,2025-03-15,17,14,3,sick
U6-04,upkeep,6,2025-03-15,17,13,4,sick
U7-01,upkeep,7,2025-03-15,15,11,4,sick
U7-02,upkeep,7,2025-03-15,15,10,5,sick
U7-03,upkeep,7,2025-03-15,15,11,4,leave
U7-04,upkeep,7,2025-03-15,15,11,4,leave
G1-01,harvest,1,2025-03-16,28,13,15,rest day
G1-02,harvest,1,2025-03-16,26,12,14,rest day
G1-03,harvest,1,2025-03-16,25,12,13,rest day
G1-04,harvest,1,2025-03-16,26,11,15,rest day
G2-01,harvest,2,2025-03-16,24,12,12,rest day
G2-02,harvest,2,2025-03-16,20,12,8,rest day
G2-03,harvest,2,2025-03-16,24,9,15,rest day
G2-04,harvest,2,2025-03-16,25,19,6,rest day
G3-01,harvest,3,2025-03-16,27,27,0,
G3-02,harvest,3,2025-03-16,24,18,6,rest day
G3-03,harvest,3,2025-03-16,25,21,4,rest day
G3-04,harvest,3,2025-03-16,24,11,13,rest day
G4-01,harvest,4,2025-03-16,26,18,8,rest day
G4-02,harvest,4,2025-03-16,25,11,14,rest day
G4-03,harvest,4,2025-03-16,24,14,10,rest day
G4-04,harvest,4,2025-03-16,20,10,10,rest day
G5-01,harvest,5,2025-03-16,23,18,5,rest day
G5-02,harvest,5,2025-03-16,27,10,17,rest day
G5-03,harvest,5,2025-03-16,19,5,14,rest day
G6-01,harvest,6,2025-03-16,24,11,13,rest day
G6-02,harvest,6,2025-03-16,18,9,9,rest day
G6-03,harvest,6,2025-03-16,24,12,12,rest day
G6-04,harvest,6,2025-03-16,24,24,0,
G6-05,harvest,6,2025-03-16,21,10,11,rest day
G7-01,harvest,7,2025-03-16,27,24,3,rest day
G7-02,harvest,7,2025-03-16,21,21,0,
G7-03,harvest,7,2025-03-16,20,7,13,rest day
G7-04,harvest,7,2025-03-16,27,18,9,rest day
P1-01,pest,1,2025-03-16,11,4,7,rest day
P2-01,pest,2,2025-03-16,10,3,7,rest day
P3-01,pest,3,2025-03-16,11,6,5,rest day
P4-01,pest,4,2025-03-16,10,5,5,rest day
P5-01,pest,5,2025-03-16,10,2,8,rest day
P6-01,pest,6,2025-03-16,13,7,6,rest day
P7-01,pest,7,2025-03-16,13,4,9,rest day
S1-01,spray,1,2025-03-16,15,7,8,rest day
S2-01,spray,2,2025-03-16,14,7,7,rest day
S3-01,spray,3,2025-03-16,17,9,8,rest day
S4-01,spray,4,2025-03-16,16,7,9,rest day
S5-01,spray,5,2025-03-16,13,6,7,rest day
S6-01,spray,6,2025-03-16,18,9,9,rest day
S7-01,spray,7,2025-03-16,17,8,9,rest day
U1-01,upkeep,1,2025-03-16,19,8,11,rest day
U1-02,upkeep,1,2025-03-16,19,9,10,rest day
U1-03,upkeep,1,2025-03-16,19,8,11,rest day
U2-01,upkeep,2,2025-03-16,18,8,10,rest day
U2-02,upkeep,2,2025-03-16,18,9,9,rest day
U2-03,upkeep,2,2025-03-16,18,6,12,rest day
U3-01,upkeep,3,2025-03-16,16,8,8,rest day
U3-02,upkeep,3,2025-03-16,16,7,9,rest day
U3-03,upkeep,3,2025-03-16,16,6,10,rest day
U3-04,upkeep,3,2025-03-16,16,9,7,rest day
U4-01,upkeep,4,2025-03-16,15,7,8,rest day
U4-02,upkeep,4,2025-03-16,15,8,7,rest day
U4-03,upkeep,4,2025-03-16,15,6,9,rest day
U4-04,upkeep,4,2025-03-16,15,6,9,rest day
U5-01,upkeep,5,2025-03-16,16,6,10,rest day
U5-02,upkeep,5,2025-03-16,16,7,9,rest day
U5-03,upkeep,5,2025-03-16,16,5,11,rest day
U6-01,upkeep,6,2025-03-16,17,9,8,rest day
U6-02,upkeep,6,2025-03-16,17,8,9,rest day
U6-03,upkeep,6,2025-03-16,17,8,9,rest day
U6-04,upkeep,6,2025-03-16,17,7,10,rest day
U7-01,upkeep,7,2025-03-16,15,6,9,rest day
U7-02,upkeep,7,2025-03-16,15,8,7,rest day
U7-03,upkeep,7,2025-03-16,15,8,7,rest day
U7-04,upkeep,7,2025-03-16,15,5,10,rest day
G1-01,harvest,1,2025-03-17,28,18,10,rain
G1-02,harvest,1,2025-03-17,26,20,6,rain
G1-03,harvest,1,2025-03-17,25,25,0,
G1-04,harvest,1,2025-03-17,26,20,6,rain
G2-01,harvest,2,2025-03-17,24,18,6,rain
G2-02,harvest,2,2025-03-17,20,12,8,rain
G2-03,harvest,2,2025-03-17,24,21,3,rain
G2-04,harvest,2,2025-03-17,25,17,8,rain
G3-01,harvest,3,2025-03-17,27,20,7,rain
G3-02,harvest,3,2025-03-17,24,16,8,rain
G3-03,harvest,3,2025-03-17,25,17,8,rain
G3-04,harvest,3,2025-03-17,24,18,6,rain
G4-01,harvest,4,2025-03-17,26,17,9,rain
G4-02,harvest,4,2025-03-17,25,25,0,
G4-03,harvest,4,2025-03-17,24,16,8,rain
G4-04,harvest,4,2025-03-17,20,16,4,rain
G5-01,harvest,5,2025-03-17,23,18,5,rain
G5-02,harvest,5,2025-03-17,27,18,9,rain
G5-03,harvest,5,2025-03-17,19,18,1,rain
G6-01,harvest,6,2025-03-17,24,21,3,rain
G6-02,harvest,6,2025-03-17,18,18,0,
G6-03,harvest,6,2025-03-17,24,17,7,rain
G6-04,harvest,6,2025-03-17,24,16,8,rain
G6-05,harvest,6,2025-03-17,21,14,7,rain
G7-01,harvest,7,2025-03-17,27,17,10,rain
G7-02,harvest,7,2025-03-17,21,14,7,rain
G7-03,harvest,7,2025-03-17,20,20,0,
G7-04,harvest,7,2025-03-17,27,19,8,rain
P1-01,pest,1,2025-03-17,11,5,6,rain
P2-01,pest,2,2025-03-17,10,7,3,rain
P3-01,pest,3,2025-03-17,11,7,4,rain
P4-01,pest,4,2025-03-17,10,7,3,rain
P5-01,pest,5,2025-03-17,10,8,2,rain
P6-01,pest,6,2025-03-17,13,10,3,rain
P7-01,pest,7,2025-03-17,13,9,4,rain
S1-01,spray,1,2025-03-17,15,10,5,rain
S2-01,spray,2,2025-03-17,14,10,4,rain
S3-01,spray,3,2025-03-17,17,12,5,rain
S4-01,spray,4,2025-03-17,16,11,5,rain
S5-01,spray,5,2025-03-17,13,9,4,rain
S6-01,spray,6,2025-03-17,18,13,5,rain
S7-01,spray,7,2025-03-17,17,12,5,rain
U1-01,upkeep,1,2025-03-17,19,15,4,rain
U1-02,upkeep,1,2025-03-17,19,13,6,rain
U1-03,upkeep,1,2025-03-17,19,12,7,rain
U2-01,upkeep,2,2025-03-17,18,13,5,rain
U2-02,upkeep,2,2025-03-17,18,12,6,rain
U2-03,upkeep,2,2025-03-17,18,10,8,rain
U3-01,upkeep,3,2025-03-17,16,12,4,rain
U3-02,upkeep,3,2025-03-17,16,12,4,rain
U3-03,upkeep,3,2025-03-17,16,11,5,rain
U3-04,upkeep,3,2025-03-17,16,12,4,rain
U4-01,upkeep,4,2025-03-17,15,10,5,rain
U4-02,upkeep,4,2025-03-17,15,11,4,rain
U4-03,upkeep,4,2025-03-17,15,11,4,rain
U4-04,upkeep,4,2025-03-17,15,11,4,rain
U5-01,upkeep,5,2025-03-17,16,12,4,rain
U5-02,upkeep,5,2025-03-17,16,11,5,rain
U5-03,upkeep,5,2025-03-17,16,11,5,rain
U6-01,upkeep,6,2025-03-17,17,12,5,rain
U6-02,upkeep,6,2025-03-17,17,11,6,rain
U6-03,upkeep,6,2025-03-17,17,13,4,rain
U6-04,upkeep,6,2025-03-17,17,13,4,rain
U7-01,upkeep,7,2025-03-17,15,10,5,rain
U7-02,upkeep,7,2025-03-17,15,6,9,rain
U7-03,upkeep,7,2025-03-17,15,8,7,rain
U7-04,upkeep,7,2025-03-17,15,9,6,rain
G1-01,harvest,1,2025-03-18,28,20,8,rain
G1-02,harvest,1,2025-03-18,26,19,7,rain
G1-03,harvest,1,2025-03-18,25,21,4,rain
G1-04,harvest,1,2025-03-18,26,25,1,rain
G2-01,harvest,2,2025-03-18,24,24,0,
G2-02,harvest,2,2025-03-18,20,13,7,rain
G2-03,harvest,2,2025-03-18,24,15,9,rain
G2-04,harvest,2,2025-03-18,25,15,10,rain
G3-01,harvest,3,2025-03-18,27,19,8,rain
G3-02,harvest,3,2025-03-18,24,24,0,
G3-03,harvest,3,2025-03-18,25,21,4,rain
G3-04,harvest,3,2025-03-18,24,16,8,rain
G4-01,harvest,4,2025-03-18,26,20,6,rain
G4-02,harvest,4,2025-03-18,25,21,4,rain
G4-03,harvest,4,2025-03-18,24,19,5,rain
G4-04,harvest,4,2025-03-18,20,20,0,
G5-01,harvest,5,2025-03-18,23,12,11,rain
G5-02,harvest,5,2025-03-18,27,20,7,rain
G5-03,harvest,5,2025-03-18,19,13,6,rain
G6-01,harvest,6,2025-03-18,24,18,6,rain
G6-02,harvest,6,2025-03-18,18,14,4,rain
G6-03,harvest,6,2025-03-18,24,24,0,
G6-04,harvest,6,2025-03-18,24,24,0,
G6-05,harvest,6,2025-03-18,21,13,8,rain
G7-01,harvest,7,2025-03-18,27,15,12,rain
G7-02,harvest,7,2025-03-18,21,14,7,rain
G7-03,harvest,7,2025-03-18,20,11,9,rain
G7-04,harvest,7,2025-03-18,27,19,8,rain
P1-01,pest,1,2025-03-18,11,7,4,rain
P2-01,pest,2,2025-03-18,10,8,2,rain
P3-01,pest,3,2025-03-18,11,7,4,rain
P4-01,pest,4,2025-03-18,10,8,2,rain
P5-01,pest,5,2025-03-18,10,7,3,rain
P6-01,pest,6,2025-03-18,13,8,5,rain
P7-01,pest,7,2025-03-18,13,9,4,rain
S1-01,spray,1,2025-03-18,15,8,7,rain
S2-01,spray,2,2025-03-18,14,11,3,rain
S3-01,spray,3,2025-03-18,17,12,5,rain
S4-01,spray,4,2025-03-18,16,12,4,rain
S5-01,spray,5,2025-03-18,13,8,5,rain
S6-01,spray,6,2025-03-18,18,11,7,rain
S7-01,spray,7,2025-03-18,17,11,6,rain
U1-01,upkeep,1,2025-03-18,19,11,8,rain
U1-02,upkeep,1,2025-03-18,19,11,8,rain
U1-03,upkeep,1,2025-03-18,19,11,8,rain
U2-01,upkeep,2,2025-03-18,18,13,5,rain
U2-02,upkeep,2,2025-03-18,18,11,7,rain
U2-03,upkeep,2,2025-03-18,18,12,6,rain
U3-01,upkeep,3,2025-03-18,16,12,4,rain
U3-02,upkeep,3,2025-03-18,16,13,3,rain
U3-03,upkeep,3,2025-03-18,16,8,8,rain
U3-04,upkeep,3,2025-03-18,16,10,6,rain
U4-01,upkeep,4,2025-03-18,15,11,4,rain
U4-02,upkeep,4,2025-03-18,15,10,5,rain
U4-03,upkeep,4,2025-03-18,15,10,5,rain
U4-04,upkeep,4,2025-03-18,15,10,5,rain
U5-01,upkeep,5,2025-03-18,16,9,7,rain
U5-02,upkeep,5,2025-03-18,16,11,5,rain
U5-03,upkeep,5,2025-03-18,16,12,4,rain
U6-01,upkeep,6,2025-03-18,17,13,4,rain
U6-02,upkeep,6,2025-03-18,17,13,4,rain
U6-03,upkeep,6,2025-03-18,17,12,5,rain
U6-04,upkeep,6,2025-03-18,17,11,6,rain
U7-01,upkeep,7,2025-03-18,15,12,3,rain
U7-02,upkeep,7,2025-03-18,15,9,6,rain
U7-03,upkeep,7,2025-03-18,15,10,5,rain
U7-04,upkeep,7,2025-03-18,15,11,4,rain
G1-01,harvest,1,2025-03-19,28,18,10,leave
G1-02,harvest,1,2025-03-19,26,19,7,sick
G1-03,harvest,1,2025-03-19,25,25,0,
G1-04,harvest,1,2025-03-19,26,21,5,leave
G2-01,harvest,2,2025-03-19,24,18,6,sick
G2-02,harvest,2,2025-03-19,20,16,4,sick
G2-03,harvest,2,2025-03-19,24,24,0,
G2-04,harvest,2,2025-03-19,25,19,6,leave
G3-01,harvest,3,2025-03-19,27,25,2,no show
G3-02,harvest,3,2025-03-19,24,24,0,
G3-03,harvest,3,2025-03-19,25,25,0,
G3-04,harvest,3,2025-03-19,24,23,1,sick
G4-01,harvest,4,2025-03-19,26,23,3,no show
G4-02,harvest,4,2025-03-19,25,16,9,sick
G4-03,harvest,4,2025-03-19,24,24,0,
G4-04,harvest,4,2025-03-19,20,17,3,leave
G5-01,harvest,5,2025-03-19,23,23,0,
G5-02,harvest,5,2025-03-19,27,27,0,
G5-03,harvest,5,2025-03-19,19,19,0,
G6-01,harvest,6,2025-03-19,24,24,0,
G6-02,harvest,6,2025-03-19,18,13,5,no show
G6-03,harvest,6,2025-03-19,24,19,5,sick
G6-04,harvest,6,2025-03-19,24,20,4,no show
G6-05,harvest,6,2025-03-19,21,18,3,sick
G7-01,harvest,7,2025-03-19,27,27,0,
G7-02,harvest,7,2025-03-19,21,17,4,leave
G7-03,harvest,7,2025-03-19,20,20,0,
G7-04,harvest,7,2025-03-19,27,21,6,sick
P1-01,pest,1,2025-03-19,11,8,3,sick
P2-01,pest,2,2025-03-19,10,8,2,sick
P3-01,pest,3,2025-03-19,11,10,1,no show
P4-01,pest,4,2025-03-19,10,8,2,leave
P5-01,pest,5,2025-03-19,10,6,4,sick
P6-01,pest,6,2025-03-19,13,11,2,no show
P7-01,pest,7,2025-03-19,13,9,4,sick
S1-01,spray,1,2025-03-19,15,11,4,sick
S2-01,spray,2,2025-03-19,14,10,4,leave
S3-01,spray,3,2025-03-19,17,13,4,no show
S4-01,spray,4,2025-03-19,16,13,3,sick
S5-01,spray,5,2025-03-19,13,9,4,leave
S6-01,spray,6,2025-03-19,18,15,3,sick
S7-01,spray,7,2025-03-19,17,8,9,leave
U1-01,upkeep,1,2025-03-19,19,14,5,leave
U1-02,upkeep,1,2025-03-19,19,12,7,no show
U1-03,upkeep,1,2025-03-19,19,12,7,leave
U2-01,upkeep,2,2025-03-19,18,13,5,leave
U2-02,upkeep,2,2025-03-19,18,11,7,sick
U2-03,upkeep,2,2025-03-19,18,14,4,sick
U3-01,upkeep,3,2025-03-19,16,13,3,sick
U3-02,upkeep,3,2025-03-19,16,14,2,leave
U3-03,upkeep,3,2025-03-19,16,12,4,no show
U3-04,upkeep,3,2025-03-19,16,12,4,no show
U4-01,upkeep,4,2025-03-19,15,11,4,leave
U4-02,upkeep,4,2025-03-19,15,13,2,no show
U4-03,upkeep,4,2025-03-19,15,12,3,sick
U4-04,upkeep,4,2025-03-19,15,12,3,leave
U5-01,upkeep,5,2025-03-19,16,13,3,no show
U5-02,upkeep,5,2025-03-19,16,9,7,no show
U5-03,upkeep,5,2025-03-19,16,11,5,no show
U6-01,upkeep,6,2025-03-19,17,11,6,no show
U6-02,upkeep,6,2025-03-19,17,13,4,no show
U6-03,upkeep,6,2025-03-19,17,14,3,leave
U6-04,upkeep,6,2025-03-19,17,13,4,no show
U7-01,upkeep,7,2025-03-19,15,11,4,leave
U7-02,upkeep,7,2025-03-19,15,8,7,no show
U7-03,upkeep,7,2025-03-19,15,9,6,leave
U7-04,upkeep,7,2025-03-19,15,9,6,leave
G1-01,harvest,1,2025-03-20,28,19,9,sick
G1-02,harvest,1,2025-03-20,26,18,8,sick
G1-03,harvest,1,2025-03-20,25,16,9,sick
G1-04,harvest,1,2025-03-20,26,17,9,sick
G2-01,harvest,2,2025-03-20,24,18,6,sick
G2-02,harvest,2,2025-03-20,20,14,6,no show
G2-03,harvest,2,2025-03-20,24,15,9,no show
G2-04,harvest,2,2025-03-20,25,18,7,leave
G3-01,harvest,3,2025-03-20,27,24,3,no show
G3-02,harvest,3,2025-03-20,24,19,5,sick
G3-03,harvest,3,2025-03-20,25,24,1,sick
G3-04,harvest,3,2025-03-20,24,20,4,sick
G4-01,harvest,4,2025-03-20,26,23,3,sick
G4-02,harvest,4,2025-03-20,25,23,2,no show
G4-03,harvest,4,2025-03-20,24,24,0,
G4-04,harvest,4,2025-03-20,20,16,4,leave
G5-01,harvest,5,2025-03-20,23,18,5,sick
G5-02,harvest,5,2025-03-20,27,27,0,
G5-03,harvest,5,2025-03-20,19,15,4,leave
G6-01,harvest,6,2025-03-20,24,19,5,sick
G6-02,harvest,6,2025-03-20,18,15,3,sick
G6-03,harvest,6,2025-03-20,24,17,7,leave
G6-04,harvest,6,2025-03-20,24,21,3,leave
G6-05,harvest,6,2025-03-20,21,17,4,no show
G7-01,harvest,7,2025-03-20,27,22,5,sick
G7-02,harvest,7,2025-03-20,21,18,3,leave
G7-03,harvest,7,2025-03-20,20,20,0,
G7-04,harvest,7,2025-03-20,27,15,12,sick
P1-01,pest,1,2025-03-20,11,8,3,no show
P2-01,pest,2,2025-03-20,10,8,2,sick
P3-01,pest,3,2025-03-20,11,10,1,sick
P4-01,pest,4,2025-03-20,10,7,3,leave
P5-01,pest,5,2025-03-20,10,5,5,sick
P6-01,pest,6,2025-03-20,13,11,2,leave
P7-01,pest,7,2025-03-20,13,10,3,sick
S1-01,spray,1,2025-03-20,15,10,5,no show
S2-01,spray,2,2025-03-20,14,12,2,leave
S3-01,spray,3,2025-03-20,17,10,7,no show
S4-01,spray,4,2025-03-20,16,12,4,sick
S5-01,spray,5,2025-03-20,13,9,4,leave
S6-01,spray,6,2025-03-20,18,15,3,sick
S7-01,spray,7,2025-03-20,17,10,7,sick
U1-01,upkeep,1,2025-03-20,19,15,4,no show
U1-02,upkeep,1,2025-03-20,19,12,7,leave
U1-03,upkeep,1,2025-03-20,19,14,5,sick
U2-01,upkeep,2,2025-03-20,18,13,5,leave
U2-02,upkeep,2,2025-03-20,18,12,6,sick
U2-03,upkeep,2,2025-03-20,18,13,5,leave
U3-01,upkeep,3,2025-03-20,16,11,5,sick
U3-02,upkeep,3,2025-03-20,16,15,1,no show
U3-03,upkeep,3,2025-03-20,16,16,0,
U3-04,upkeep,3,2025-03-20,16,13,3,sick
U4-01,upkeep,4,2025-03-20,15,12,3,leave
U4-02,upkeep,4,2025-03-20,15,12,3,leave
U4-03,upkeep,4,2025-03-20,15,12,3,sick
U4-04,upkeep,4,2025-03-20,15,10,5,sick
U5-01,upkeep,5,2025-03-20,16,11,5,leave
U5-02,upkeep,5,2025-03-20,16,13,3,no show
U5-03,upkeep,5,2025-03-20,16,11,5,sick
U6-01,upkeep,6,2025-03-20,17,14,3,leave
U6-02,upkeep,6,2025-03-20,17,13,4,no show
U6-03,upkeep,6,2025-03-20,17,13,4,no show
U6-04,upkeep,6,2025-03-20,17,14,3,leave
U7-01,upkeep,7,2025-03-20,15,10,5,leave
U7-02,upkeep,7,2025-03-20,15,9,6,no show
U7-03,upkeep,7,2025-03-20,15,10,5,sick
U7-04,upkeep,7,2025-03-20,15,11,4,sick
G1-01,harvest,1,2025-03-21,28,21,7,leave
G1-02,harvest,1,2025-03-21,26,21,5,sick
G1-03,harvest,1,2025-03-21,25,17,8,no show
G1-04,harvest,1,2025-03-21,26,18,8,leave
G2-01,harvest,2,2025-03-21,24,19,5,sick
G2-02,harvest,2,2025-03-21,20,20,0,
G2-03,harvest,2,2025-03-21,24,18,6,sick
G2-04,harvest,2,2025-03-21,25,19,6,sick
G3-01,harvest,3,2025-03-21,27,24,3,sick
G3-02,harvest,3,2025-03-21,24,24,0,
G3-03,harvest,3,2025-03-21,25,21,4,leave
G3-04,harvest,3,2025-03-21,24,20,4,leave
G4-01,harvest,4,2025-03-21,26,21,5,no show
G4-02,harvest,4,2025-03-21,25,25,0,
G4-03,harvest,4,2025-03-21,24,21,3,leave
G4-04,harvest,4,2025-03-21,20,18,2,sick
G5-01,harvest,5,2025-03-21,23,23,0,
G5-02,harvest,5,2025-03-21,27,21,6,no show
G5-03,harvest,5,2025-03-21,19,15,4,leave
G6-01,harvest,6,2025-03-21,24,19,5,sick
G6-02,harvest,6,2025-03-21,18,15,3,sick
G6-03,harvest,6,2025-03-21,24,24,0,
G6-04,harvest,6,2025-03-21,24,18,6,sick
G6-05,harvest,6,2025-03-21,21,18,3,no show
G7-01,harvest,7,2025-03-21,27,23,4,no show
G7-02,harvest,7,2025-03-21,21,21,0,
G7-03,harvest,7,2025-03-21,20,14,6,leave
G7-04,harvest,7,2025-03-21,27,20,7,no show
P1-01,pest,1,2025-03-21,11,9,2,leave
P2-01,pest,2,2025-03-21,10,6,4,leave
P3-01,pest,3,2025-03-21,11,11,0,
P4-01,pest,4,2025-03-21,10,8,2,no show
P5-01,pest,5,2025-03-21,10,8,2,no show
P6-01,pest,6,2025-03-21,13,10,3,sick
P7-01,pest,7,2025-03-21,13,8,5,leave
S1-01,spray,1,2025-03-21,15,11,4,sick
S2-01,spray,2,2025-03-21,14,10,4,sick
S3-01,spray,3,2025-03-21,17,14,3,sick
S4-01,spray,4,2025-03-21,16,13,3,leave
S5-01,spray,5,2025-03-21,13,9,4,sick
S6-01,spray,6,2025-03-21,18,12,6,sick
S7-01,spray,7,2025-03-21,17,13,4,leave
U1-01,upkeep,1,2025-03-21,19,13,6,sick
U1-02,upkeep,1,2025-03-21,19,11,8,leave
U1-03,upkeep,1,2025-03-21,19,14,5,no show
U2-01,upkeep,2,2025-03-21,18,14,4,sick
U2-02,upkeep,2,2025-03-21,18,13,5,sick
U2-03,upkeep,2,2025-03-21,18,13,5,sick
U3-01,upkeep,3,2025-03-21,16,12,4,leave
U3-02,upkeep,3,2025-03-21,16,15,1,sick
U3-03,upkeep,3,2025-03-21,16,13,3,sick
U3-04,upkeep,3,2025-03-21,16,13,3,no show
U4-01,upkeep,4,2025-03-21,15,12,3,no show
U4-02,upkeep,4,2025-03-21,15,9,6,sick
U4-03,upkeep,4,2025-03-21,15,13,2,sick
U4-04,upkeep,4,2025-03-21,15,11,4,sick
U5-01,upkeep,5,2025-03-21,16,11,5,leave
U5-02,upkeep,5,2025-03-21,16,12,4,sick
U5-03,upkeep,5,2025-03-21,16,12,4,sick
U6-01,upkeep,6,2025-03-21,17,15,2,no show
U6-02,upkeep,6,2025-03-21,17,13,4,leave
U6-03,upkeep,6,2025-03-21,17,12,5,sick
U6-04,upkeep,6,2025-03-21,17,14,3,sick
U7-01,upkeep,7,2025-03-21,15,8,7,leave
U7-02,upkeep,7,2025-03-21,15,12,3,sick
U7-03,upkeep,7,2025-03-21,15,12,3,sick
U7-04,upkeep,7,2025-03-21,15,7,8,leave
G1-01,harvest,1,2025-03-22,28,18,10,rain
G1-02,harvest,1,2025-03-22,26,21,5,rain
G1-03,harvest,1,2025-03-22,25,25,0,
G1-04,harvest,1,2025-03-22,26,23,3,rain
G2-01,harvest,2,2025-03-22,24,16,8,rain
G2-02,harvest,2,2025-03-22,20,13,7,rain
G2-03,harvest,2,2025-03-22,24,16,8,rain
G2-04,harvest,2,2025-03-22,25,20,5,rain
G3-01,harvest,3,2025-03-22,27,22,5,rain
G3-02,harvest,3,2025-03-22,24,19,5,rain
G3-03,harvest,3,2025-03-22,25,23,2,rain
G3-04,harvest,3,2025-03-22,24,19,5,rain
G4-01,harvest,4,2025-03-22,26,19,7,rain
G4-02,harvest,4,2025-03-22,25,21,4,rain
G4-03,harvest,4,2025-03-22,24,15,9,rain
G4-04,harvest,4,2025-03-22,20,14,6,rain
G5-01,harvest,5,2025-03-22,23,17,6,rain
G5-02,harvest,5,2025-03-22,27,18,9,rain
G5-03,harvest,5,2025-03-22,19,11,8,rain
G6-01,harvest,6,2025-03-22,24,18,6,rain
G6-02,harvest,6,2025-03-22,18,15,3,rain
G6-03,harvest,6,2025-03-22,24,18,6,rain
G6-04,harvest,6,2025-03-22,24,18,6,rain
G6-05,harvest,6,2025-03-22,21,15,6,rain
G7-01,harvest,7,2025-03-22,27,17,10,rain
G7-02,harvest,7,2025-03-22,21,17,4,rain
G7-03,harvest,7,2025-03-22,20,13,7,rain
G7-04,harvest,7,2025-03-22,27,20,7,rain
P1-01,pest,1,2025-03-22,11,7,4,rain
P2-01,pest,2,2025-03-22,10,5,5,rain
P3-01,pest,3,2025-03-22,11,9,2,rain
P4-01,pest,4,2025-03-22,10,7,3,rain
P5-01,pest,5,2025-03-22,10,4,6,rain
P6-01,pest,6,2025-03-22,13,10,3,rain
P7-01,pest,7,2025-03-22,13,7,6,rain
S1-01,spray,1,2025-03-22,15,10,5,rain
S2-01,spray,2,2025-03-22,14,9,5,rain
S3-01,spray,3,2025-03-22,17,13,4,rain
S4-01,spray,4,2025-03-22,16,12,4,rain
S5-01,spray,5,2025-03-22,13,9,4,rain
S6-01,spray,6,2025-03-22,18,13,5,rain
S7-01,spray,7,2025-03-22,17,13,4,rain
U1-01,upkeep,1,2025-03-22,19,11,8,rain
U1-02,upkeep,1,2025-03-22,19,12,7,rain
U1-03,upkeep,1,2025-03-22,19,11,8,rain
U2-01,upkeep,2,2025-03-22,18,13,5,rain
U2-02,upkeep,2,2025-03-22,18,12,6,rain
U2-03,upkeep,2,2025-03-22,18,11,7,rain
U3-01,upkeep,3,2025-03-22,16,10,6,rain
U3-02,upkeep,3,2025-03-22,16,13,3,rain
U3-03,upkeep,3,2025-03-22,16,12,4,rain
U3-04,upkeep,3,2025-03-22,16,11,5,rain
U4-01,upkeep,4,2025-03-22,15,12,3,rain
U4-02,upkeep,4,2025-03-22,15,10,5,rain
U4-03,upkeep,4,2025-03-22,15,11,4,rain
U4-04,upkeep,4,2025-03-22,15,12,3,rain
U5-01,upkeep,5,2025-03-22,16,12,4,rain
U5-02,upkeep,5,2025-03-22,16,10,6,rain
U5-03,upkeep,5,2025-03-22,16,11,5,rain
U6-01,upkeep,6,2025-03-22,17,13,4,rain
U6-02,upkeep,6,2025-03-22,17,12,5,rain
U6-03,upkeep,6,2025-03-22,17,12,5,rain
U6-04,upkeep,6,2025-03-22,17,11,6,rain
U7-01,upkeep,7,2025-03-22,15,8,7,rain
U7-02,upkeep,7,2025-03-22,15,9,6,rain
U7-03,upkeep,7,2025-03-22,15,8,7,rain
U7-04,upkeep,7,2025-03-22,15,11,4,rain
G1-01,harvest,1,2025-03-23,28,13,15,rest day
G1-02,harvest,1,2025-03-23,26,21,5,rest day
G1-03,harvest,1,2025-03-23,25,18,7,rest day
G1-04,harvest,1,2025-03-23,26,15,11,rest day
G2-01,harvest,2,2025-03-23,24,22,2,rest day
G2-02,harvest,2,2025-03-23,20,9,11,rest day
G2-03,harvest,2,2025-03-23,24,10,14,rest day
G2-04,harvest,2,2025-03-23,25,12,13,rest day
G3-01,harvest,3,2025-03-23,27,22,5,rest day
G3-02,harvest,3,2025-03-23,24,15,9,rest day
G3-03,harvest,3,2025-03-23,25,12,13,rest day
G3-04,harvest,3,2025-03-23,24,14,10,rest day
G4-01,harvest,4,2025-03-23,26,11,15,rest day
G4-02,harvest,4,2025-03-23,25,12,13,rest day
G4-03,harvest,4,2025-03-23,24,24,0,
G4-04,harvest,4,2025-03-23,20,11,9,rest day
G5-01,harvest,5,2025-03-23,23,18,5,rest day
G5-02,harvest,5,2025-03-23,27,27,0,
G5-03,harvest,5,2025-03-23,19,9,10,rest day
G6-01,harvest,6,2025-03-23,24,13,11,rest day
G6-02,harvest,6,2025-03-23,18,8,10,rest day
G6-03,harvest,6,2025-03-23,24,12,12,rest day
G6-04,harvest,6,2025-03-23,24,13,11,rest day
G6-05,harvest,6,2025-03-23,21,9,12,rest day
G7-01,harvest,7,2025-03-23,27,12,15,rest day
G7-02,harvest,7,2025-03-23,21,13,8,rest day
G7-03,harvest,7,2025-03-23,20,20,0,
G7-04,harvest,7,2025-03-23,27,16,11,rest day
P1-01,pest,1,2025-03-23,11,5,6,rest day
P2-01,pest,2,2025-03-23,10,4,6,rest day
P3-01,pest,3,2025-03-23,11,2,9,rest day
P4-01,pest,4,2025-03-23,10,5,5,rest day
P5-01,pest,5,2025-03-23,10,5,5,rest day
P6-01,pest,6,2025-03-23,13,7,6,rest day
P7-01,pest,7,2025-03-23,13,4,9,rest day
S1-01,spray,1,2025-03-23,15,8,7,rest day
S2-01,spray,2,2025-03-23,14,6,8,rest day
S3-01,spray,3,2025-03-23,17,6,11,rest day
S4-01,spray,4,2025-03-23,16,9,7,rest day
S5-01,spray,5,2025-03-23,13,5,8,rest day
S6-01,spray,6,2025-03-23,18,7,11,rest day
S7-01,spray,7,2025-03-23,17,6,11,rest day
U1-01,upkeep,1,2025-03-23,19,8,11,rest day
U1-02,upkeep,1,2025-03-23,19,7,12,rest day
U1-03,upkeep,1,2025-03-23,19,9,10,rest day
U2-01,upkeep,2,2025-03-23,18,6,12,rest day
U2-02,upkeep,2,2025-03-23,18,8,10,rest day
U2-03,upkeep,2,2025-03-23,18,6,12,rest day
U3-01,upkeep,3,2025-03-23,16,8,8,rest day
U3-02,upkeep,3,2025-03-23,16,8,8,rest day
U3-03,upkeep,3,2025-03-23,16,6,10,rest day
U3-04,upkeep,3,2025-03-23,16,5,11,rest day
U4-01,upkeep,4,2025-03-23,15,8,7,rest day
U4-02,upkeep,4,2025-03-23,15,8,7,rest day
U4-03,upkeep,4,2025-03-23,15,7,8,rest day
U4-04,upkeep,4,2025-03-23,15,8,7,rest day
U5-01,upkeep,5,2025-03-23,16,7,9,rest day
U5-02,upkeep,5,2025-03-23,16,7,9,rest day
U5-03,upkeep,5,2025-03-23,16,6,10,rest day
U6-01,upkeep,6,2025-03-23,17,6,11,rest day
U6-02,upkeep,6,2025-03-23,17,7,10,rest day
U6-03,upkeep,6,2025-03-23,17,9,8,rest day
U6-04,upkeep,6,2025-03-23,17,7,10,rest day
U7-01,upkeep,7,2025-03-23,15,7,8,rest day
U7-02,upkeep,7,2025-03-23,15,7,8,rest day
U7-03,upkeep,7,2025-03-23,15,6,9,rest day
U7-04,upkeep,7,2025-03-23,15,6,9,rest day
G1-01,harvest,1,2025-03-24,28,14,14,lebaran
G1-02,harvest,1,2025-03-24,26,26,0,
G1-03,harvest,1,2025-03-24,25,13,12,lebaran
G1-04,harvest,1,2025-03-24,26,14,12,lebaran
G2-01,harvest,2,2025-03-24,24,13,11,lebaran
G2-02,harvest,2,2025-03-24,20,20,0,
G2-03,harvest,2,2025-03-24,24,24,0,
G2-04,harvest,2,2025-03-24,25,16,9,lebaran
G3-01,harvest,3,2025-03-24,27,18,9,lebaran
G3-02,harvest,3,2025-03-24,24,24,0,
G3-03,harvest,3,2025-03-24,25,25,0,
G3-04,harvest,3,2025-03-24,24,14,10,lebaran
G4-01,harvest,4,2025-03-24,26,15,11,lebaran
G4-02,harvest,4,2025-03-24,25,16,9,lebaran
G4-03,harvest,4,2025-03-24,24,14,10,lebaran
G4-04,harvest,4,2025-03-24,20,12,8,lebaran
G5-01,harvest,5,2025-03-24,23,13,10,lebaran
G5-02,harvest,5,2025-03-24,27,18,9,lebaran
G5-03,harvest,5,2025-03-24,19,19,0,
G6-01,harvest,6,2025-03-24,24,14,10,lebaran
G6-02,harvest,6,2025-03-24,18,10,8,lebaran
G6-03,harvest,6,2025-03-24,24,24,0,
G6-04,harvest,6,2025-03-24,24,18,6,lebaran
G6-05,harvest,6,2025-03-24,21,12,9,lebaran
G7-01,harvest,7,2025-03-24,27,14,13,lebaran
G7-02,harvest,7,2025-03-24,21,12,9,lebaran
G7-03,harvest,7,2025-03-24,20,9,11,lebaran
G7-04,harvest,7,2025-03-24,27,15,12,lebaran
P1-01,pest,1,2025-03-24,11,5,6,lebaran
P2-01,pest,2,2025-03-24,10,3,7,lebaran
P3-01,pest,3,2025-03-24,11,7,4,lebaran
P4-01,pest,4,2025-03-24,10,6,4,lebaran
P5-01,pest,5,2025-03-24,10,6,4,lebaran
P6-01,pest,6,2025-03-24,13,6,7,lebaran
P7-01,pest,7,2025-03-24,13,5,8,lebaran
S1-01,spray,1,2025-03-24,15,7,8,lebaran
S2-01,spray,2,2025-03-24,14,5,9,lebaran
S3-01,spray,3,2025-03-24,17,11,6,lebaran
S4-01,spray,4,2025-03-24,16,10,6,lebaran
S5-01,spray,5,2025-03-24,13,6,7,lebaran
S6-01,spray,6,2025-03-24,18,10,8,lebaran
S7-01,spray,7,2025-03-24,17,7,10,lebaran
U1-01,upkeep,1,2025-03-24,19,9,10,lebaran
U1-02,upkeep,1,2025-03-24,19,10,9,lebaran
U1-03,upkeep,1,2025-03-24,19,10,9,lebaran
U2-01,upkeep,2,2025-03-24,18,10,8,lebaran
U2-02,upkeep,2,2025-03-24,18,11,7,lebaran
U2-03,upkeep,2,2025-03-24,18,8,10,lebaran
U3-01,upkeep,3,2025-03-24,16,8,8,lebaran
U3-02,upkeep,3,2025-03-24,16,9,7,lebaran
U3-03,upkeep,3,2025-03-24,16,11,5,lebaran
U3-04,upkeep,3,2025-03-24,16,10,6,lebaran
U4-01,upkeep,4,2025-03-24,15,8,7,lebaran
U4-02,upkeep,4,2025-03-24,15,9,6,lebaran
U4-03,upkeep,4,2025-03-24,15,9,6,lebaran
U4-04,upkeep,4,2025-03-24,15,9,6,lebaran
U5-01,upkeep,5,2025-03-24,16,7,9,lebaran
U5-02,upkeep,5,2025-03-24,16,8,8,lebaran
U5-03,upkeep,5,2025-03-24,16,8,8,lebaran
U6-01,upkeep,6,2025-03-24,17,11,6,lebaran
U6-02,upkeep,6,2025-03-24,17,9,8,lebaran
U6-03,upkeep,6,2025-03-24,17,10,7,lebaran
U6-04,upkeep,6,2025-03-24,17,9,8,lebaran
U7-01,upkeep,7,2025-03-24,15,9,6,lebaran
U7-02,upkeep,7,2025-03-24,15,6,9,lebaran
U7-03,upkeep,7,2025-03-24,15,6,9,lebaran
U7-04,upkeep,7,2025-03-24,15,8,7,lebaran
G1-01,harvest,1,2025-03-25,28,16,12,lebaran
G1-02,harvest,1,2025-03-25,26,13,13,lebaran
G1-03,harvest,1,2025-03-25,25,25,0,
G1-04,harvest,1,2025-03-25,26,13,13,lebaran
G2-01,harvest,2,2025-03-25,24,19,5,lebaran
G2-02,harvest,2,2025-03-25,20,12,8,lebaran
G2-03,harvest,2,2025-03-25,24,12,12,lebaran
G2-04,harvest,2,2025-03-25,25,13,12,lebaran
G3-01,harvest,3,2025-03-25,27,19,8,lebaran
G3-02,harvest,3,2025-03-25,24,14,10,lebaran
G3-03,harvest,3,2025-03-25,25,16,9,lebaran
G3-04,harvest,3,2025-03-25,24,15,9,lebaran
G4-01,harvest,4,2025-03-25,26,15,11,lebaran
G4-02,harvest,4,2025-03-25,25,18,7,lebaran
G4-03,harvest,4,2025-03-25,24,15,9,lebaran
G4-04,harvest,4,2025-03-25,20,10,10,lebaran
G5-01,harvest,5,2025-03-25,23,13,10,lebaran
G5-02,harvest,5,2025-03-25,27,15,12,lebaran
G5-03,harvest,5,2025-03-25,19,10,9,lebaran
G6-01,harvest,6,2025-03-25,24,15,9,lebaran
G6-02,harvest,6,2025-03-25,18,9,9,lebaran
G6-03,harvest,6,2025-03-25,24,18,6,lebaran
G6-04,harvest,6,2025-03-25,24,14,10,lebaran
G6-05,harvest,6,2025-03-25,21,11,10,lebaran
G7-01,harvest,7,2025-03-25,27,27,0,
G7-02,harvest,7,2025-03-25,21,9,12,lebaran
G7-03,harvest,7,2025-03-25,20,12,8,lebaran
G7-04,harvest,7,2025-03-25,27,13,14,lebaran
P1-01,pest,1,2025-03-25,11,6,5,lebaran
P2-01,pest,2,2025-03-25,10,4,6,lebaran
P3-01,pest,3,2025-03-25,11,6,5,lebaran
P4-01,pest,4,2025-03-25,10,6,4,lebaran
P5-01,pest,5,2025-03-25,10,4,6,lebaran
P6-01,pest,6,2025-03-25,13,8,5,lebaran
P7-01,pest,7,2025-03-25,13,4,9,lebaran
S1-01,spray,1,2025-03-25,15,7,8,lebaran
S2-01,spray,2,2025-03-25,14,7,7,lebaran
S3-01,spray,3,2025-03-25,17,8,9,lebaran
S4-01,spray,4,2025-03-25,16,10,6,lebaran
S5-01,spray,5,2025-03-25,13,6,7,lebaran
S6-01,spray,6,2025-03-25,18,10,8,lebaran
S7-01,spray,7,2025-03-25,17,9,8,lebaran
U1-01,upkeep,1,2025-03-25,19,11,8,lebaran
U1-02,upkeep,1,2025-03-25,19,10,9,lebaran
U1-03,upkeep,1,2025-03-25,19,10,9,lebaran
U2-01,upkeep,2,2025-03-25,18,9,9,lebaran
U2-02,upkeep,2,2025-03-25,18,9,9,lebaran
U2-03,upkeep,2,2025-03-25,18,9,9,lebaran
U3-01,upkeep,3,2025-03-25,16,7,9,lebaran
U3-02,upkeep,3,2025-03-25,16,11,5,lebaran
U3-03,upkeep,3,2025-03-25,16,9,7,lebaran
U3-04,upkeep,3,2025-03-25,16,10,6,lebaran
U4-01,upkeep,4,2025-03-25,15,9,6,lebaran
U4-02,upkeep,4,2025-03-25,15,8,7,lebaran
U4-03,upkeep,4,2025-03-25,15,9,6,lebaran
U4-04,upkeep,4,2025-03-25,15,7,8,lebaran
U5-01,upkeep,5,2025-03-25,16,8,8,lebaran
U5-02,upkeep,5,2025-03-25,16,7,9,lebaran
U5-03,upkeep,5,2025-03-25,16,6,10,lebaran
U6-01,upkeep,6,2025-03-25,17,11,6,lebaran
U6-02,upkeep,6,2025-03-25,17,9,8,lebaran
U6-03,upkeep,6,2025-03-25,17,10,7,lebaran
U6-04,upkeep,6,2025-03-25,17,10,7,lebaran
U7-01,upkeep,7,2025-03-25,15,7,8,lebaran
U7-02,upkeep,7,2025-03-25,15,8,7,lebaran
U7-03,upkeep,7,2025-03-25,15,8,7,lebaran
U7-04,upkeep,7,2025-03-25,15,7,8,lebaran
G1-01,harvest,1,2025-03-26,28,14,14,lebaran
G1-02,harvest,1,2025-03-26,26,12,14,lebaran
G1-03,harvest,1,2025-03-26,25,14,11,lebaran
G1-04,harvest,1,2025-03-26,26,17,9,lebaran
G2-01,harvest,2,2025-03-26,24,11,13,lebaran
G2-02,harvest,2,2025-03-26,20,11,9,lebaran
G2-03,harvest,2,2025-03-26,24,23,1,lebaran
G2-04,harvest,2,2025-03-26,25,13,12,lebaran
G3-01,harvest,3,2025-03-26,27,15,12,lebaran
G3-02,harvest,3,2025-03-26,24,24,0,
G3-03,harvest,3,2025-03-26,25,13,12,lebaran
G3-04,harvest,3,2025-03-26,24,13,11,lebaran
G4-01,harvest,4,2025-03-26,26,15,11,lebaran
G4-02,harvest,4,2025-03-26,25,18,7,lebaran
G4-03,harvest,4,2025-03-26,24,24,0,
G4-04,harvest,4,2025-03-26,20,20,0,
G5-01,harvest,5,2025-03-26,23,18,5,lebaran
G5-02,harvest,5,2025-03-26,27,27,0,
G5-03,harvest,5,2025-03-26,19,19,0,
G6-01,harvest,6,2025-03-26,24,24,0,
G6-02,harvest,6,2025-03-26,18,18,0,
G6-03,harvest,6,2025-03-26,24,14,10,lebaran
G6-04,harvest,6,2025-03-26,24,12,12,lebaran
G6-05,harvest,6,2025-03-26,21,11,10,lebaran
G7-01,harvest,7,2025-03-26,27,26,1,lebaran
G7-02,harvest,7,2025-03-26,21,21,0,
G7-03,harvest,7,2025-03-26,20,17,3,lebaran
G7-04,harvest,7,2025-03-26,27,14,13,lebaran
P1-01,pest,1,2025-03-26,11,5,6,lebaran
P2-01,pest,2,2025-03-26,10,5,5,lebaran
P3-01,pest,3,2025-03-26,11,5,6,lebaran
P4-01,pest,4,2025-03-26,10,5,5,lebaran
P5-01,pest,5,2025-03-26,10,5,5,lebaran
P6-01,pest,6,2025-03-26,13,5,8,lebaran
P7-01,pest,7,2025-03-26,13,6,7,lebaran
S1-01,spray,1,2025-03-26,15,4,11,lebaran
S2-01,spray,2,2025-03-26,14,5,9,lebaran
S3-01,spray,3,2025-03-26,17,8,9,lebaran
S4-01,spray,4,2025-03-26,16,9,7,lebaran
S5-01,spray,5,2025-03-26,13,4,9,lebaran
S6-01,spray,6,2025-03-26,18,9,9,lebaran
S7-01,spray,7,2025-03-26,17,7,10,lebaran
U1-01,upkeep,1,2025-03-26,19,8,11,lebaran
U1-02,upkeep,1,2025-03-26,19,9,10,lebaran
U1-03,upkeep,1,2025-03-26,19,8,11,lebaran
U2-01,upkeep,2,2025-03-26,18,9,9,lebaran
U2-02,upkeep,2,2025-03-26,18,9,9,lebaran
U2-03,upkeep,2,2025-03-26,18,9,9,lebaran
U3-01,upkeep,3,2025-03-26,16,8,8,lebaran
U3-02,upkeep,3,2025-03-26,16,10,6,lebaran
U3-03,upkeep,3,2025-03-26,16,9,7,lebaran
U3-04,upkeep,3,2025-03-26,16,7,9,lebaran
U4-01,upkeep,4,2025-03-26,15,9,6,lebaran
U4-02,upkeep,4,2025-03-26,15,6,9,lebaran
U4-03,upkeep,4,2025-03-26,15,8,7,lebaran
U4-04,upkeep,4,2025-03-26,15,8,7,lebaran
U5-01,upkeep,5,2025-03-26,16,8,8,lebaran
U5-02,upkeep,5,2025-03-26,16,7,9,lebaran
U5-03,upkeep,5,2025-03-26,16,8,8,lebaran
U6-01,upkeep,6,2025-03-26,17,9,8,lebaran
U6-02,upkeep,6,2025-03-26,17,9,8,lebaran
U6-03,upkeep,6,2025-03-26,17,10,7,lebaran
U6-04,upkeep,6,2025-03-26,17,8,9,lebaran
U7-01,upkeep,7,2025-03-26,15,7,8,lebaran
U7-02,upkeep,7,2025-03-26,15,7,8,lebaran
U7-03,upkeep,7,2025-03-26,15,8,7,lebaran
U7-04,upkeep,7,2025-03-26,15,6,9,lebaran
G1-01,harvest,1,2025-03-27,28,13,15,lebaran
G1-02,harvest,1,2025-03-27,26,15,11,lebaran
G1-03,harvest,1,2025-03-27,25,19,6,lebaran
G1-04,harvest,1,2025-03-27,26,16,10,lebaran
G2-01,harvest,2,2025-03-27,24,24,0,
G2-02,harvest,2,2025-03-27,20,10,10,lebaran
G2-03,harvest,2,2025-03-27,24,14,10,lebaran
G2-04,harvest,2,2025-03-27,25,20,5,lebaran
G3-01,harvest,3,2025-03-27,27,17,10,lebaran
G3-02,harvest,3,2025-03-27,24,24,0,
G3-03,harvest,3,2025-03-27,25,17,8,lebaran
G3-04,harvest,3,2025-03-27,24,15,9,lebaran
G4-01,harvest,4,2025-03-27,26,17,9,lebaran
G4-02,harvest,4,2025-03-27,25,14,11,lebaran
G4-03,harvest,4,2025-03-27,24,18,6,lebaran
G4-04,harvest,4,2025-03-27,20,20,0,
G5-01,harvest,5,2025-03-27,23,11,12,lebaran
G5-02,harvest,5,2025-03-27,27,18,9,lebaran
G5-03,harvest,5,2025-03-27,19,18,1,lebaran
G6-01,harvest,6,2025-03-27,24,12,12,lebaran
G6-02,harvest,6,2025-03-27,18,18,0,
G6-03,harvest,6,2025-03-27,24,18,6,lebaran
G6-04,harvest,6,2025-03-27,24,18,6,lebaran
G6-05,harvest,6,2025-03-27,21,18,3,lebaran
G7-01,harvest,7,2025-03-27,27,14,13,lebaran
G7-02,harvest,7,2025-03-27,21,12,9,lebaran
G7-03,harvest,7,2025-03-27,20,20,0,
G7-04,harvest,7,2025-03-27,27,14,13,lebaran
P1-01,pest,1,2025-03-27,11,3,8,lebaran
P2-01,pest,2,2025-03-27,10,4,6,lebaran
P3-01,pest,3,2025-03-27,11,7,4,lebaran
P4-01,pest,4,2025-03-27,10,5,5,lebaran
P5-01,pest,5,2025-03-27,10,5,5,lebaran
P6-01,pest,6,2025-03-27,13,8,5,lebaran
P7-01,pest,7,2025-03-27,13,7,6,lebaran
S1-01,spray,1,2025-03-27,15,7,8,lebaran
S2-01,spray,2,2025-03-27,14,7,7,lebaran
S3-01,spray,3,2025-03-27,17,11,6,lebaran
S4-01,spray,4,2025-03-27,16,10,6,lebaran
S5-01,spray,5,2025-03-27,13,6,7,lebaran
S6-01,spray,6,2025-03-27,18,9,9,lebaran
S7-01,spray,7,2025-03-27,17,9,8,lebaran
U1-01,upkeep,1,2025-03-27,19,9,10,lebaran
U1-02,upkeep,1,2025-03-27,19,11,8,lebaran
U1-03,upkeep,1,2025-03-27,19,10,9,lebaran
U2-01,upkeep,2,2025-03-27,18,9,9,lebaran
U2-02,upkeep,2,2025-03-27,18,8,10,lebaran
U2-03,upkeep,2,2025-03-27,18,9,9,lebaran
U3-01,upkeep,3,2025-03-27,16,11,5,lebaran
U3-02,upkeep,3,2025-03-27,16,8,8,lebaran
U3-03,upkeep,3,2025-03-27,16,11,5,lebaran
U3-04,upkeep,3,2025-03-27,16,10,6,lebaran
U4-01,upkeep,4,2025-03-27,15,8,7,lebaran
U4-02,upkeep,4,2025-03-27,15,8,7,lebaran
U4-03,upkeep,4,2025-03-27,15,8,7,lebaran
U4-04,upkeep,4,2025-03-27,15,8,7,lebaran
U5-01,upkeep,5,2025-03-27,16,9,7,lebaran
U5-02,upkeep,5,2025-03-27,16,8,8,lebaran
U5-03,upkeep,5,2025-03-27,16,7,9,lebaran
U6-01,upkeep,6,2025-03-27,17,10,7,lebaran
U6-02,upkeep,6,2025-03-27,17,8,9,lebaran
U6-03,upkeep,6,2025-03-27,17,10,7,lebaran
U6-04,upkeep,6,2025-03-27,17,10,7,lebaran
U7-01,upkeep,7,2025-03-27,15,7,8,lebaran
U7-02,upkeep,7,2025-03-27,15,8,7,lebaran
U7-03,upkeep,7,2025-03-27,15,6,9,lebaran
U7-04,upkeep,7,2025-03-27,15,8,7,lebaran
G1-01,harvest,1,2025-03-28,28,19,9,lebaran
G1-02,harvest,1,2025-03-28,26,15,11,lebaran
G1-03,harvest,1,2025-03-28,25,17,8,lebaran
G1-04,harvest,1,2025-03-28,26,13,13,lebaran
G2-01,harvest,2,2025-03-28,24,20,4,lebaran
G2-02,harvest,2,2025-03-28,20,10,10,lebaran
G2-03,harvest,2,2025-03-28,24,14,10,lebaran
G2-04,harvest,2,2025-03-28,25,13,12,lebaran
G3-01,harvest,3,2025-03-28,27,18,9,lebaran
G3-02,harvest,3,2025-03-28,24,15,9,lebaran
G3-03,harvest,3,2025-03-28,25,25,0,
G3-04,harvest,3,2025-03-28,24,12,12,lebaran
G4-01,harvest,4,2025-03-28,26,15,11,lebaran
G4-02,harvest,4,2025-03-28,25,16,9,lebaran
G4-03,harvest,4,2025-03-28,24,16,8,lebaran
G4-04,harvest,4,2025-03-28,20,13,7,lebaran
G5-01,harvest,5,2025-03-28,23,23,0,
G5-02,harvest,5,2025-03-28,27,12,15,lebaran
G5-03,harvest,5,2025-03-28,19,19,0,
G6-01,harvest,6,2025-03-28,24,14,10,lebaran
G6-02,harvest,6,2025-03-28,18,9,9,lebaran
G6-03,harvest,6,2025-03-28,24,13,11,lebaran
G6-04,harvest,6,2025-03-28,24,18,6,lebaran
G6-05,harvest,6,2025-03-28,21,11,10,lebaran
G7-01,harvest,7,2025-03-28,27,17,10,lebaran
G7-02,harvest,7,2025-03-28,21,12,9,lebaran
G7-03,harvest,7,2025-03-28,20,11,9,lebaran
G7-04,harvest,7,2025-03-28,27,15,12,lebaran
P1-01,pest,1,2025-03-28,11,5,6,lebaran
P2-01,pest,2,2025-03-28,10,4,6,lebaran
P3-01,pest,3,2025-03-28,11,4,7,lebaran
P4-01,pest,4,2025-03-28,10,5,5,lebaran
P5-01,pest,5,2025-03-28,10,5,5,lebaran
P6-01,pest,6,2025-03-28,13,7,6,lebaran
P7-01,pest,7,2025-03-28,13,7,6,lebaran
S1-01,spray,1,2025-03-28,15,8,7,lebaran
S2-01,spray,2,2025-03-28,14,8,6,lebaran
S3-01,spray,3,2025-03-28,17,7,10,lebaran
S4-01,spray,4,2025-03-28,16,10,6,lebaran
S5-01,spray,5,2025-03-28,13,8,5,lebaran
S6-01,spray,6,2025-03-28,18,10,8,lebaran
S7-01,spray,7,2025-03-28,17,9,8,lebaran
U1-01,upkeep,1,2025-03-28,19,10,9,lebaran
U1-02,upkeep,1,2025-03-28,19,9,10,lebaran
U1-03,upkeep,1,2025-03-28,19,10,9,lebaran
U2-01,upkeep,2,2025-03-28,18,10,8,lebaran
U2-02,upkeep,2,2025-03-28,18,10,8,lebaran
U2-03,upkeep,2,2025-03-28,18,9,9,lebaran
U3-01,upkeep,3,2025-03-28,16,8,8,lebaran
U3-02,upkeep,3,2025-03-28,16,8,8,lebaran
U3-03,upkeep,3,2025-03-28,16,9,7,lebaran
U3-04,upkeep,3,2025-03-28,16,9,7,lebaran
U4-01,upkeep,4,2025-03-28,15,7,8,lebaran
U4-02,upkeep,4,2025-03-28,15,10,5,lebaran
U4-03,upkeep,4,2025-03-28,15,9,6,lebaran
U4-04,upkeep,4,2025-03-28,15,9,6,lebaran
U5-01,upkeep,5,2025-03-28,16,7,9,lebaran
U5-02,upkeep,5,2025-03-28,16,8,8,lebaran
U5-03,upkeep,5,2025-03-28,16,8,8,lebaran
U6-01,upkeep,6,2025-03-28,17,8,9,lebaran
U6-02,upkeep,6,2025-03-28,17,10,7,lebaran
U6-03,upkeep,6,2025-03-28,17,10,7,lebaran
U6-04,upkeep,6,2025-03-28,17,10,7,lebaran
U7-01,upkeep,7,2025-03-28,15,9,6,lebaran
U7-02,upkeep,7,2025-03-28,15,6,9,lebaran
U7-03,upkeep,7,2025-03-28,15,8,7,lebaran
U7-04,upkeep,7,2025-03-28,15,7,8,lebaran
G1-01,harvest,1,2025-03-29,28,16,12,lebaran
G1-02,harvest,1,2025-03-29,26,14,12,lebaran
G1-03,harvest,1,2025-03-29,25,14,11,lebaran
G1-04,harvest,1,2025-03-29,26,26,0,
G2-01,harvest,2,2025-03-29,24,13,11,lebaran
G2-02,harvest,2,2025-03-29,20,20,0,
G2-03,harvest,2,2025-03-29,24,17,7,lebaran
G2-04,harvest,2,2025-03-29,25,15,10,lebaran
G3-01,harvest,3,2025-03-29,27,27,0,
G3-02,harvest,3,2025-03-29,24,18,6,lebaran
G3-03,harvest,3,2025-03-29,25,15,10,lebaran
G3-04,harvest,3,2025-03-29,24,16,8,lebaran
G4-01,harvest,4,2025-03-29,26,15,11,lebaran
G4-02,harvest,4,2025-03-29,25,25,0,
G4-03,harvest,4,2025-03-29,24,24,0,
G4-04,harvest,4,2025-03-29,20,12,8,lebaran
G5-01,harvest,5,2025-03-29,23,23,0,
G5-02,harvest,5,2025-03-29,27,15,12,lebaran
G5-03,harvest,5,2025-03-29,19,9,10,lebaran
G6-01,harvest,6,2025-03-29,24,15,9,lebaran
G6-02,harvest,6,2025-03-29,18,9,9,lebaran
G6-03,harvest,6,2025-03-29,24,14,10,lebaran
G6-04,harvest,6,2025-03-29,24,22,2,lebaran
G6-05,harvest,6,2025-03-29,21,9,12,lebaran
G7-01,harvest,7,2025-03-29,27,16,11,lebaran
G7-02,harvest,7,2025-03-29,21,9,12,lebaran
G7-03,harvest,7,2025-03-29,20,11,9,lebaran
G7-04,harvest,7,2025-03-29,27,27,0,
P1-01,pest,1,2025-03-29,11,4,7,lebaran
P2-01,pest,2,2025-03-29,10,6,4,lebaran
P3-01,pest,3,2025-03-29,11,7,4,lebaran
P4-01,pest,4,2025-03-29,10,6,4,lebaran
P5-01,pest,5,2025-03-29,10,4,6,lebaran
P6-01,pest,6,2025-03-29,13,6,7,lebaran
P7-01,pest,7,2025-03-29,13,5,8,lebaran
S1-01,spray,1,2025-03-29,15,9,6,lebaran
S2-01,spray,2,2025-03-29,14,6,8,lebaran
S3-01,spray,3,2025-03-29,17,9,8,lebaran
S4-01,spray,4,2025-03-29,16,10,6,lebaran
S5-01,spray,5,2025-03-29,13,6,7,lebaran
S6-01,spray,6,2025-03-29,18,11,7,lebaran
S7-01,spray,7,2025-03-29,17,8,9,lebaran
U1-01,upkeep,1,2025-03-29,19,11,8,lebaran
U1-02,upkeep,1,2025-03-29,19,10,9,lebaran
U1-03,upkeep,1,2025-03-29,19,10,9,lebaran
U2-01,upkeep,2,2025-03-29,18,9,9,lebaran
U2-02,upkeep,2,2025-03-29,18,10,8,lebaran
U2-03,upkeep,2,2025-03-29,18,9,9,lebaran
U3-01,upkeep,3,2025-03-29,16,12,4,lebaran
U3-02,upkeep,3,2025-03-29,16,11,5,lebaran
U3-03,upkeep,3,2025-03-29,16,10,6,lebaran
U3-04,upkeep,3,2025-03-29,16,9,7,lebaran
U4-01,upkeep,4,2025-03-29,15,8,7,lebaran
U4-02,upkeep,4,2025-03-29,15,7,8,lebaran
U4-03,upkeep,4,2025-03-29,15,8,7,lebaran
U4-04,upkeep,4,2025-03-29,15,9,6,lebaran
U5-01,upkeep,5,2025-03-29,16,7,9,lebaran
U5-02,upkeep,5,2025-03-29,16,8,8,lebaran
U5-03,upkeep,5,2025-03-29,16,7,9,lebaran
U6-01,upkeep,6,2025-03-29,17,10,7,lebaran
U6-02,upkeep,6,2025-03-29,17,9,8,lebaran
U6-03,upkeep,6,2025-03-29,17,10,7,lebaran
U6-04,upkeep,6,2025-03-29,17,9,8,lebaran
U7-01,upkeep,7,2025-03-29,15,9,6,lebaran
U7-02,upkeep,7,2025-03-29,15,8,7,lebaran
U7-03,upkeep,7,2025-03-29,15,9,6,lebaran
U7-04,upkeep,7,2025-03-29,15,7,8,lebaran
G1-01,harvest,1,2025-03-30,28,10,18,lebaran
G1-02,harvest,1,2025-03-30,26,14,12,lebaran
G1-03,harvest,1,2025-03-30,25,24,1,lebaran
G1-04,harvest,1,2025-03-30,26,7,19,lebaran
G2-01,harvest,2,2025-03-30,24,8,16,lebaran
G2-02,harvest,2,2025-03-30,20,18,2,lebaran
G2-03,harvest,2,2025-03-30,24,8,16,lebaran
G2-04,harvest,2,2025-03-30,25,13,12,lebaran
G3-01,harvest,3,2025-03-30,27,8,19,lebaran
G3-02,harvest,3,2025-03-30,24,24,0,
G3-03,harvest,3,2025-03-30,25,7,18,lebaran
G3-04,harvest,3,2025-03-30,24,15,9,lebaran
G4-01,harvest,4,2025-03-30,26,10,16,lebaran
G4-02,harvest,4,2025-03-30,25,18,7,lebaran
G4-03,harvest,4,2025-03-30,24,18,6,lebaran
G4-04,harvest,4,2025-03-30,20,7,13,lebaran
G5-01,harvest,5,2025-03-30,23,9,14,lebaran
G5-02,harvest,5,2025-03-30,27,9,18,lebaran
G5-03,harvest,5,2025-03-30,19,6,13,lebaran
G6-01,harvest,6,2025-03-30,24,18,6,lebaran
G6-02,harvest,6,2025-03-30,18,7,11,lebaran
G6-03,harvest,6,2025-03-30,24,9,15,lebaran
G6-04,harvest,6,2025-03-30,24,7,17,lebaran
G6-05,harvest,6,2025-03-30,21,8,13,lebaran
G7-01,harvest,7,2025-03-30,27,9,18,lebaran
G7-02,harvest,7,2025-03-30,21,13,8,lebaran
G7-03,harvest,7,2025-03-30,20,9,11,lebaran
G7-04,harvest,7,2025-03-30,27,9,18,lebaran
P1-01,pest,1,2025-03-30,11,3,8,lebaran
P2-01,pest,2,2025-03-30,10,4,6,lebaran
P3-01,pest,3,2025-03-30,11,4,7,lebaran
P4-01,pest,4,2025-03-30,10,3,7,lebaran
P5-01,pest,5,2025-03-30,10,1,9,lebaran
P6-01,pest,6,2025-03-30,13,3,10,lebaran
P7-01,pest,7,2025-03-30,13,3,10,lebaran
S1-01,spray,1,2025-03-30,15,5,10,lebaran
S2-01,spray,2,2025-03-30,14,5,9,lebaran
S3-01,spray,3,2025-03-30,17,7,10,lebaran
S4-01,spray,4,2025-03-30,16,6,10,lebaran
S5-01,spray,5,2025-03-30,13,2,11,lebaran
S6-01,spray,6,2025-03-30,18,4,14,lebaran
S7-01,spray,7,2025-03-30,17,4,13,lebaran
U1-01,upkeep,1,2025-03-30,19,5,14,lebaran
U1-02,upkeep,1,2025-03-30,19,6,13,lebaran
U1-03,upkeep,1,2025-03-30,19,5,14,lebaran
U2-01,upkeep,2,2025-03-30,18,6,12,lebaran
U2-02,upkeep,2,2025-03-30,18,4,14,lebaran
U2-03,upkeep,2,2025-03-30,18,5,13,lebaran
U3-01,upkeep,3,2025-03-30,16,4,12,lebaran
U3-02,upkeep,3,2025-03-30,16,4,12,lebaran
U3-03,upkeep,3,2025-03-30,16,5,11,lebaran
U3-04,upkeep,3,2025-03-30,16,6,10,lebaran
U4-01,upkeep,4,2025-03-30,15,4,11,lebaran
U4-02,upkeep,4,2025-03-30,15,6,9,lebaran
U4-03,upkeep,4,2025-03-30,15,5,10,lebaran
U4-04,upkeep,4,2025-03-30,15,4,11,lebaran
U5-01,upkeep,5,2025-03-30,16,4,12,lebaran
U5-02,upkeep,5,2025-03-30,16,5,11,lebaran
U5-03,upkeep,5,2025-03-30,16,5,11,lebaran
U6-01,upkeep,6,2025-03-30,17,5,12,lebaran
U6-02,upkeep,6,2025-03-30,17,6,11,lebaran
U6-03,upkeep,6,2025-03-30,17,7,10,lebaran
U6-04,upkeep,6,2025-03-30,17,6,11,lebaran
U7-01,upkeep,7,2025-03-30,15,5,10,lebaran
U7-02,upkeep,7,2025-03-30,15,2,13,lebaran
U7-03,upkeep,7,2025-03-30,15,3,12,lebaran
U7-04,upkeep,7,2025-03-30,15,5,10,lebaran
G1-01,harvest,1,2025-03-31,28,14,14,lebaran
G1-02,harvest,1,2025-03-31,26,12,14,lebaran
G1-03,harvest,1,2025-03-31,25,21,4,lebaran
G1-04,harvest,1,2025-03-31,26,17,9,lebaran
G2-01,harvest,2,2025-03-31,24,13,11,lebaran
G2-02,harvest,2,2025-03-31,20,11,9,lebaran
G2-03,harvest,2,2025-03-31,24,12,12,lebaran
G2-04,harvest,2,2025-03-31,25,12,13,lebaran
G3-01,harvest,3,2025-03-31,27,13,14,lebaran
G3-02,harvest,3,2025-03-31,24,13,11,lebaran
G3-03,harvest,3,2025-03-31,25,25,0,
G3-04,harvest,3,2025-03-31,24,14,10,lebaran
G4-01,harvest,4,2025-03-31,26,13,13,lebaran
G4-02,harvest,4,2025-03-31,25,14,11,lebaran
G4-03,harvest,4,2025-03-31,24,14,10,lebaran
G4-04,harvest,4,2025-03-31,20,20,0,
G5-01,harvest,5,2025-03-31,23,12,11,lebaran
G5-02,harvest,5,2025-03-31,27,18,9,lebaran
G5-03,harvest,5,2025-03-31,19,8,11,lebaran
G6-01,harvest,6,2025-03-31,24,12,12,lebaran
G6-02,harvest,6,2025-03-31,18,10,8,lebaran
G6-03,harvest,6,2025-03-31,24,12,12,lebaran
G6-04,harvest,6,2025-03-31,24,12,12,lebaran
G6-05,harvest,6,2025-03-31,21,12,9,lebaran
G7-01,harvest,7,2025-03-31,27,13,14,lebaran
G7-02,harvest,7,2025-03-31,21,18,3,lebaran
G7-03,harvest,7,2025-03-31,20,8,12,lebaran
G7-04,harvest,7,2025-03-31,27,13,14,lebaran
P1-01,pest,1,2025-03-31,11,6,5,lebaran
P2-01,pest,2,2025-03-31,10,3,7,lebaran
P3-01,pest,3,2025-03-31,11,6,5,lebaran
P4-01,pest,4,2025-03-31,10,6,4,lebaran
P5-01,pest,5,2025-03-31,10,4,6,lebaran
P6-01,pest,6,2025-03-31,13,6,7,lebaran
P7-01,pest,7,2025-03-31,13,7,6,lebaran
S1-01,spray,1,2025-03-31,15,5,10,lebaran
S2-01,spray,2,2025-03-31,14,3,11,lebaran
S3-01,spray,3,2025-03-31,17,8,9,lebaran
S4-01,spray,4,2025-03-31,16,9,7,lebaran
S5-01,spray,5,2025-03-31,13,6,7,lebaran
S6-01,spray,6,2025-03-31,18,11,7,lebaran
S7-01,spray,7,2025-03-31,17,7,10,lebaran
U1-01,upkeep,1,2025-03-31,19,8,11,lebaran
U1-02,upkeep,1,2025-03-31,19,9,10,lebaran
U1-03,upkeep,1,2025-03-31,19,7,12,lebaran
U2-01,upkeep,2,2025-03-31,18,7,11,lebaran
U2-02,upkeep,2,2025-03-31,18,8,10,lebaran
U2-03,upkeep,2,2025-03-31,18,7,11,lebaran
U3-01,upkeep,3,2025-03-31,16,8,8,lebaran
U3-02,upkeep,3,2025-03-31,16,9,7,lebaran
U3-03,upkeep,3,2025-03-31,16,8,8,lebaran
U3-04,upkeep,3,2025-03-31,16,7,9,lebaran
U4-01,upkeep,4,2025-03-31,15,9,6,lebaran
U4-02,upkeep,4,2025-03-31,15,7,8,lebaran
U4-03,upkeep,4,2025-03-31,15,9,6,lebaran
U4-04,upkeep,4,2025-03-31,15,8,7,lebaran
U5-01,upkeep,5,2025-03-31,16,5,11,lebaran
U5-02,upkeep,5,2025-03-31,16,7,9,lebaran
U5-03,upkeep,5,2025-03-31,16,6,10,lebaran
U6-01,upkeep,6,2025-03-31,17,8,9,lebaran
U6-02,upkeep,6,2025-03-31,17,9,8,lebaran
U6-03,upkeep,6,2025-03-31,17,9,8,lebaran
U6-04,upkeep,6,2025-03-31,17,7,10,lebaran
U7-01,upkeep,7,2025-03-31,15,8,7,lebaran
U7-02,upkeep,7,2025-03-31,15,8,7,lebaran
U7-03,upkeep,7,2025-03-31,15,7,8,lebaran
U7-04,upkeep,7,2025-03-31,15,5,10,lebaran
G1-01,harvest,1,2025-04-01,28,17,11,lebaran
G1-02,harvest,1,2025-04-01,26,26,0,
G1-03,harvest,1,2025-04-01,25,24,1,lebaran
G1-04,harvest,1,2025-04-01,26,26,0,
G2-01,harvest,2,2025-04-01,24,24,0,
G2-02,harvest,2,2025-04-01,20,11,9,lebaran
G2-03,harvest,2,2025-04-01,24,24,0,
G2-04,harvest,2,2025-04-01,25,17,8,lebaran
G3-01,harvest,3,2025-04-01,27,27,0,
G3-02,harvest,3,2025-04-01,24,18,6,lebaran
G3-03,harvest,3,2025-04-01,25,25,0,
G3-04,harvest,3,2025-04-01,24,24,0,
G4-01,harvest,4,2025-04-01,26,12,14,lebaran
G4-02,harvest,4,2025-04-01,25,15,10,lebaran
G4-03,harvest,4,2025-04-01,24,24,0,
G4-04,harvest,4,2025-04-01,20,12,8,lebaran
G5-01,harvest,5,2025-04-01,23,23,0,
G5-02,harvest,5,2025-04-01,27,27,0,
G5-03,harvest,5,2025-04-01,19,18,1,lebaran
G6-01,harvest,6,2025-04-01,24,18,6,lebaran
G6-02,harvest,6,2025-04-01,18,18,0,
G6-03,harvest,6,2025-04-01,24,18,6,lebaran
G6-04,harvest,6,2025-04-01,24,24,0,
G6-05,harvest,6,2025-04-01,21,12,9,lebaran
G7-01,harvest,7,2025-04-01,27,14,13,lebaran
G7-02,harvest,7,2025-04-01,21,21,0,
G7-03,harvest,7,2025-04-01,20,20,0,
G7-04,harvest,7,2025-04-01,27,12,15,lebaran
P1-01,pest,1,2025-04-01,11,7,4,lebaran
P2-01,pest,2,2025-04-01,10,5,5,lebaran
P3-01,pest,3,2025-04-01,11,3,8,lebaran
P4-01,pest,4,2025-04-01,10,6,4,lebaran
P5-01,pest,5,2025-04-01,10,5,5,lebaran
P6-01,pest,6,2025-04-01,13,7,6,lebaran
P7-01,pest,7,2025-04-01,13,6,7,lebaran
S1-01,spray,1,2025-04-01,15,9,6,lebaran
S2-01,spray,2,2025-04-01,14,6,8,lebaran
S3-01,spray,3,2025-04-01,17,9,8,lebaran
S4-01,spray,4,2025-04-01,16,9,7,lebaran
S5-01,spray,5,2025-04-01,13,8,5,lebaran
S6-01,spray,6,2025-04-01,18,10,8,lebaran
S7-01,spray,7,2025-04-01,17,8,9,lebaran
U1-01,upkeep,1,2025-04-01,19,12,7,lebaran
U1-02,upkeep,1,2025-04-01,19,8,11,lebaran
U1-03,upkeep,1,2025-04-01,19,9,10,lebaran
U2-01,upkeep,2,2025-04-01,18,10,8,lebaran
U2-02,upkeep,2,2025-04-01,18,10,8,lebaran
U2-03,upkeep,2,2025-04-01,18,10,8,lebaran
U3-01,upkeep,3,2025-04-01,16,5,11,lebaran
U3-02,upkeep,3,2025-04-01,16,7,9,lebaran
U3-03,upkeep,3,2025-04-01,16,5,11,lebaran
U3-04,upkeep,3,2025-04-01,16,6,10,lebaran
U4-01,upkeep,4,2025-04-01,15,8,7,lebaran
U4-02,upkeep,4,2025-04-01,15,8,7,lebaran
U4-03,upkeep,4,2025-04-01,15,7,8,lebaran
U4-04,upkeep,4,2025-04-01,15,8,7,lebaran
U5-01,upkeep,5,2025-04-01,16,9,7,lebaran
U5-02,upkeep,5,2025-04-01,16,9,7,lebaran
U5-03,upkeep,5,2025-04-01,16,8,8,lebaran
U6-01,upkeep,6,2025-04-01,17,9,8,lebaran
U6-02,upkeep,6,2025-04-01,17,10,7,lebaran
U6-03,upkeep,6,2025-04-01,17,9,8,lebaran
U6-04,upkeep,6,2025-04-01,17,10,7,lebaran
U7-01,upkeep,7,2025-04-01,15,8,7,lebaran
U7-02,upkeep,7,2025-04-01,15,6,9,lebaran
U7-03,upkeep,7,2025-04-01,15,4,11,lebaran
U7-04,upkeep,7,2025-04-01,15,6,9,lebaran
G1-01,harvest,1,2025-04-02,28,26,2,lebaran
G1-02,harvest,1,2025-04-02,26,13,13,lebaran
G1-03,harvest,1,2025-04-02,25,15,10,lebaran
G1-04,harvest,1,2025-04-02,26,22,4,lebaran
G2-01,harvest,2,2025-04-02,24,13,11,lebaran
G2-02,harvest,2,2025-04-02,20,11,9,lebaran
G2-03,harvest,2,2025-04-02,24,17,7,lebaran
G2-04,harvest,2,2025-04-02,25,14,11,lebaran
G3-01,harvest,3,2025-04-02,27,27,0,
G3-02,harvest,3,2025-04-02,24,24,0,
G3-03,harvest,3,2025-04-02,25,25,0,
G3-04,harvest,3,2025-04-02,24,11,13,lebaran
G4-01,harvest,4,2025-04-02,26,15,11,lebaran
G4-02,harvest,4,2025-04-02,25,14,11,lebaran
G4-03,harvest,4,2025-04-02,24,11,13,lebaran
G4-04,harvest,4,2025-04-02,20,20,0,
G5-01,harvest,5,2025-04-02,23,12,11,lebaran
G5-02,harvest,5,2025-04-02,27,18,9,lebaran
G5-03,harvest,5,2025-04-02,19,18,1,lebaran
G6-01,harvest,6,2025-04-02,24,18,6,lebaran
G6-02,harvest,6,2025-04-02,18,11,7,lebaran
G6-03,harvest,6,2025-04-02,24,18,6,lebaran
G6-04,harvest,6,2025-04-02,24,14,10,lebaran
G6-05,harvest,6,2025-04-02,21,12,9,lebaran
G7-01,harvest,7,2025-04-02,27,18,9,lebaran
G7-02,harvest,7,2025-04-02,21,18,3,lebaran
G7-03,harvest,7,2025-04-02,20,18,2,lebaran
G7-04,harvest,7,2025-04-02,27,27,0,
P1-01,pest,1,2025-04-02,11,5,6,lebaran
P2-01,pest,2,2025-04-02,10,5,5,lebaran
P3-01,pest,3,2025-04-02,11,4,7,lebaran
P4-01,pest,4,2025-04-02,10,2,8,lebaran
P5-01,pest,5,2025-04-02,10,6,4,lebaran
P6-01,pest,6,2025-04-02,13,8,5,lebaran
P7-01,pest,7,2025-04-02,13,7,6,lebaran
S1-01,spray,1,2025-04-02,15,8,7,lebaran
S2-01,spray,2,2025-04-02,14,9,5,lebaran
S3-01,spray,3,2025-04-02,17,10,7,lebaran
S4-01,spray,4,2025-04-02,16,7,9,lebaran
S5-01,spray,5,2025-04-02,13,8,5,lebaran
S6-01,spray,6,2025-04-02,18,11,7,lebaran
S7-01,spray,7,2025-04-02,17,8,9,lebaran
U1-01,upkeep,1,2025-04-02,19,12,7,lebaran
U1-02,upkeep,1,2025-04-02,19,7,12,lebaran
U1-03,upkeep,1,2025-04-02,19,10,9,lebaran
U2-01,upkeep,2,2025-04-02,18,6,12,lebaran
U2-02,upkeep,2,2025-04-02,18,9,9,lebaran
U2-03,upkeep,2,2025-04-02,18,9,9,lebaran
U3-01,upkeep,3,2025-04-02,16,5,11,lebaran
U3-02,upkeep,3,2025-04-02,16,6,10,lebaran
U3-03,upkeep,3,2025-04-02,16,8,8,lebaran
U3-04,upkeep,3,2025-04-02,16,7,9,lebaran
U4-01,upkeep,4,2025-04-02,15,6,9,lebaran
U4-02,upkeep,4,2025-04-02,15,8,7,lebaran
U4-03,upkeep,4,2025-04-02,15,6,9,lebaran
U4-04,upkeep,4,2025-04-02,15,9,6,lebaran
U5-01,upkeep,5,2025-04-02,16,10,6,lebaran
U5-02,upkeep,5,2025-04-02,16,8,8,lebaran
U5-03,upkeep,5,2025-04-02,16,10,6,lebaran
U6-01,upkeep,6,2025-04-02,17,10,7,lebaran
U6-02,upkeep,6,2025-04-02,17,9,8,lebaran
U6-03,upkeep,6,2025-04-02,17,10,7,lebaran
U6-04,upkeep,6,2025-04-02,17,9,8,lebaran
U7-01,upkeep,7,2025-04-02,15,4,11,lebaran
U7-02,upkeep,7,2025-04-02,15,7,8,lebaran
U7-03,upkeep,7,2025-04-02,15,8,7,lebaran
U7-04,upkeep,7,2025-04-02,15,8,7,lebaran
G1-01,harvest,1,2025-04-03,28,11,17,lebaran
G1-02,harvest,1,2025-04-03,26,26,0,
G1-03,harvest,1,2025-04-03,25,16,9,lebaran
G1-04,harvest,1,2025-04-03,26,13,13,lebaran
G2-01,harvest,2,2025-04-03,24,16,8,lebaran
G2-02,harvest,2,2025-04-03,20,20,0,
G2-03,harvest,2,2025-04-03,24,12,12,lebaran
G2-04,harvest,2,2025-04-03,25,17,8,lebaran
G3-01,harvest,3,2025-04-03,27,13,14,lebaran
G3-02,harvest,3,2025-04-03,24,24,0,
G3-03,harvest,3,2025-04-03,25,18,7,lebaran
G3-04,harvest,3,2025-04-03,24,10,14,lebaran
G4-01,harvest,4,2025-04-03,26,23,3,lebaran
G4-02,harvest,4,2025-04-03,25,25,0,
G4-03,harvest,4,2025-04-03,24,11,13,lebaran
G4-04,harvest,4,2025-04-03,20,18,2,lebaran
G5-01,harvest,5,2025-04-03,23,10,13,lebaran
G5-02,harvest,5,2025-04-03,27,14,13,lebaran
G5-03,harvest,5,2025-04-03,19,18,1,lebaran
G6-01,harvest,6,2025-04-03,24,18,6,lebaran
G6-02,harvest,6,2025-04-03,18,10,8,lebaran
G6-03,harvest,6,2025-04-03,24,24,0,
G6-04,harvest,6,2025-04-03,24,12,12,lebaran
G6-05,harvest,6,2025-04-03,21,9,12,lebaran
G7-01,harvest,7,2025-04-03,27,13,14,lebaran
G7-02,harvest,7,2025-04-03,21,21,0,
G7-03,harvest,7,2025-04-03,20,10,10,lebaran
G7-04,harvest,7,2025-04-03,27,27,0,
P1-01,pest,1,2025-04-03,11,6,5,lebaran
P2-01,pest,2,2025-04-03,10,4,6,lebaran
P3-01,pest,3,2025-04-03,11,5,6,lebaran
P4-01,pest,4,2025-04-03,10,5,5,lebaran
P5-01,pest,5,2025-04-03,10,4,6,lebaran
P6-01,pest,6,2025-04-03,13,8,5,lebaran
P7-01,pest,7,2025-04-03,13,5,8,lebaran
S1-01,spray,1,2025-04-03,15,7,8,lebaran
S2-01,spray,2,2025-04-03,14,4,10,lebaran
S3-01,spray,3,2025-04-03,17,10,7,lebaran
S4-01,spray,4,2025-04-03,16,10,6,lebaran
S5-01,spray,5,2025-04-03,13,8,5,lebaran
S6-01,spray,6,2025-04-03,18,8,10,lebaran
S7-01,spray,7,2025-04-03,17,6,11,lebaran
U1-01,upkeep,1,2025-04-03,19,11,8,lebaran
U1-02,upkeep,1,2025-04-03,19,6,13,lebaran
U1-03,upkeep,1,2025-04-03,19,9,10,lebaran
U2-01,upkeep,2,2025-04-03,18,8,10,lebaran
U2-02,upkeep,2,2025-04-03,18,9,9,lebaran
U2-03,upkeep,2,2025-04-03,18,8,10,lebaran
U3-01,upkeep,3,2025-04-03,16,7,9,lebaran
U3-02,upkeep,3,2025-04-03,16,5,11,lebaran
U3-03,upkeep,3,2025-04-03,16,5,11,lebaran
U3-04,upkeep,3,2025-04-03,16,8,8,lebaran
U4-01,upkeep,4,2025-04-03,15,8,7,lebaran
U4-02,upkeep,4,2025-04-03,15,8,7,lebaran
U4-03,upkeep,4,2025-04-03,15,8,7,lebaran
U4-04,upkeep,4,2025-04-03,15,7,8,lebaran
U5-01,upkeep,5,2025-04-03,16,9,7,lebaran
U5-02,upkeep,5,2025-04-03,16,9,7,lebaran
U5-03,upkeep,5,2025-04-03,16,9,7,lebaran
U6-01,upkeep,6,2025-04-03,17,9,8,lebaran
U6-02,upkeep,6,2025-04-03,17,9,8,lebaran
U6-03,upkeep,6,2025-04-03,17,9,8,lebaran
U6-04,upkeep,6,2025-04-03,17,7,10,lebaran
U7-01,upkeep,7,2025-04-03,15,8,7,lebaran
U7-02,upkeep,7,2025-04-03,15,5,10,lebaran
U7-03,upkeep,7,2025-04-03,15,6,9,lebaran
U7-04,upkeep,7,2025-04-03,15,8,7,lebaran
G1-01,harvest,1,2025-04-04,28,14,14,lebaran
G1-02,harvest,1,2025-04-04,26,18,8,lebaran
G1-03,harvest,1,2025-04-04,25,25,0,
G1-04,harvest,1,2025-04-04,26,25,1,lebaran
G2-01,harvest,2,2025-04-04,24,22,2,lebaran
G2-02,harvest,2,2025-04-04,20,18,2,lebaran
G2-03,harvest,2,2025-04-04,24,13,11,lebaran
G2-04,harvest,2,2025-04-04,25,17,8,lebaran
G3-01,harvest,3,2025-04-04,27,27,0,
G3-02,harvest,3,2025-04-04,24,18,6,lebaran
G3-03,harvest,3,2025-04-04,25,18,7,lebaran
G3-04,harvest,3,2025-04-04,24,11,13,lebaran
G4-01,harvest,4,2025-04-04,26,18,8,lebaran
G4-02,harvest,4,2025-04-04,25,18,7,lebaran
G4-03,harvest,4,2025-04-04,24,24,0,
G4-04,harvest,4,2025-04-04,20,10,10,lebaran
G5-01,harvest,5,2025-04-04,23,23,0,
G5-02,harvest,5,2025-04-04,27,17,10,lebaran
G5-03,harvest,5,2025-04-04,19,10,9,lebaran
G6-01,harvest,6,2025-04-04,24,14,10,lebaran
G6-02,harvest,6,2025-04-04,18,10,8,lebaran
G6-03,harvest,6,2025-04-04,24,24,0,
G6-04,harvest,6,2025-04-04,24,14,10,lebaran
G6-05,harvest,6,2025-04-04,21,18,3,lebaran
G7-01,harvest,7,2025-04-04,27,27,0,
G7-02,harvest,7,2025-04-04,21,18,3,lebaran
G7-03,harvest,7,2025-04-04,20,18,2,lebaran
G7-04,harvest,7,2025-04-04,27,14,13,lebaran
P1-01,pest,1,2025-04-04,11,6,5,lebaran
P2-01,pest,2,2025-04-04,10,7,3,lebaran
P3-01,pest,3,2025-04-04,11,5,6,lebaran
P4-01,pest,4,2025-04-04,10,4,6,lebaran
P5-01,pest,5,2025-04-04,10,6,4,lebaran
P6-01,pest,6,2025-04-04,13,6,7,lebaran
P7-01,pest,7,2025-04-04,13,8,5,lebaran
S1-01,spray,1,2025-04-04,15,7,8,lebaran
S2-01,spray,2,2025-04-04,14,7,7,lebaran
S3-01,spray,3,2025-04-04,17,7,10,lebaran
S4-01,spray,4,2025-04-04,16,8,8,lebaran
S5-01,spray,5,2025-04-04,13,7,6,lebaran
S6-01,spray,6,2025-04-04,18,9,9,lebaran
S7-01,spray,7,2025-04-04,17,8,9,lebaran
U1-01,upkeep,1,2025-04-04,19,10,9,lebaran
U1-02,upkeep,1,2025-04-04,19,11,8,lebaran
U1-03,upkeep,1,2025-04-04,19,10,9,lebaran
U2-01,upkeep,2,2025-04-04,18,10,8,lebaran
U2-02,upkeep,2,2025-04-04,18,8,10,lebaran
U2-03,upkeep,2,2025-04-04,18,9,9,lebaran
U3-01,upkeep,3,2025-04-04,16,8,8,lebaran
U3-02,upkeep,3,2025-04-04,16,7,9,lebaran
U3-03,upkeep,3,2025-04-04,16,8,8,lebaran
U3-04,upkeep,3,2025-04-04,16,9,7,lebaran
U4-01,upkeep,4,2025-04-04,15,7,8,lebaran
U4-02,upkeep,4,2025-04-04,15,7,8,lebaran
U4-03,upkeep,4,2025-04-04,15,9,6,lebaran
U4-04,upkeep,4,2025-04-04,15,7,8,lebaran
U5-01,upkeep,5,2025-04-04,16,9,7,lebaran
U5-02,upkeep,5,2025-04-04,16,11,5,lebaran
U5-03,upkeep,5,2025-04-04,16,9,7,lebaran
U6-01,upkeep,6,2025-04-04,17,8,9,lebaran
U6-02,upkeep,6,2025-04-04,17,10,7,lebaran
U6-03,upkeep,6,2025-04-04,17,9,8,lebaran
U6-04,upkeep,6,2025-04-04,17,10,7,lebaran
U7-01,upkeep,7,2025-04-04,15,8,7,lebaran
U7-02,upkeep,7,2025-04-04,15,8,7,lebaran
U7-03,upkeep,7,2025-04-04,15,5,10,lebaran
U7-04,upkeep,7,2025-04-04,15,4,11,lebaran
G1-01,harvest,1,2025-04-05,28,16,12,lebaran
G1-02,harvest,1,2025-04-05,26,17,9,lebaran
G1-03,harvest,1,2025-04-05,25,18,7,lebaran
G1-04,harvest,1,2025-04-05,26,23,3,lebaran
G2-01,harvest,2,2025-04-05,24,12,12,lebaran
G2-02,harvest,2,2025-04-05,20,9,11,lebaran
G2-03,harvest,2,2025-04-05,24,24,0,
G2-04,harvest,2,2025-04-05,25,15,10,lebaran
G3-01,harvest,3,2025-04-05,27,18,9,lebaran
G3-02,harvest,3,2025-04-05,24,24,0,
G3-03,harvest,3,2025-04-05,25,18,7,lebaran
G3-04,harvest,3,2025-04-05,24,15,9,lebaran
G4-01,harvest,4,2025-04-05,26,19,7,lebaran
G4-02,harvest,4,2025-04-05,25,18,7,lebaran
G4-03,harvest,4,2025-04-05,24,21,3,lebaran
G4-04,harvest,4,2025-04-05,20,17,3,lebaran
G5-01,harvest,5,2025-04-05,23,18,5,lebaran
G5-02,harvest,5,2025-04-05,27,14,13,lebaran
G5-03,harvest,5,2025-04-05,19,18,1,lebaran
G6-01,harvest,6,2025-04-05,24,14,10,lebaran
G6-02,harvest,6,2025-04-05,18,11,7,lebaran
G6-03,harvest,6,2025-04-05,24,10,14,lebaran
G6-04,harvest,6,2025-04-05,24,12,12,lebaran
G6-05,harvest,6,2025-04-05,21,10,11,lebaran
G7-01,harvest,7,2025-04-05,27,27,0,
G7-02,harvest,7,2025-04-05,21,11,10,lebaran
G7-03,harvest,7,2025-04-05,20,9,11,lebaran
G7-04,harvest,7,2025-04-05,27,18,9,lebaran
P1-01,pest,1,2025-04-05,11,4,7,lebaran
P2-01,pest,2,2025-04-05,10,5,5,lebaran
P3-01,pest,3,2025-04-05,11,5,6,lebaran
P4-01,pest,4,2025-04-05,10,4,6,lebaran
P5-01,pest,5,2025-04-05,10,5,5,lebaran
P6-01,pest,6,2025-04-05,13,7,6,lebaran
P7-01,pest,7,2025-04-05,13,8,5,lebaran
S1-01,spray,1,2025-04-05,15,8,7,lebaran
S2-01,spray,2,2025-04-05,14,6,8,lebaran
S3-01,spray,3,2025-04-05,17,7,10,lebaran
S4-01,spray,4,2025-04-05,16,7,9,lebaran
S5-01,spray,5,2025-04-05,13,7,6,lebaran
S6-01,spray,6,2025-04-05,18,8,10,lebaran
S7-01,spray,7,2025-04-05,17,7,10,lebaran
U1-01,upkeep,1,2025-04-05,19,10,9,lebaran
U1-02,upkeep,1,2025-04-05,19,8,11,lebaran
U1-03,upkeep,1,2025-04-05,19,9,10,lebaran
U2-01,upkeep,2,2025-04-05,18,9,9,lebaran
U2-02,upkeep,2,2025-04-05,18,10,8,lebaran
U2-03,upkeep,2,2025-04-05,18,11,7,lebaran
U3-01,upkeep,3,2025-04-05,16,9,7,lebaran
U3-02,upkeep,3,2025-04-05,16,7,9,lebaran
U3-03,upkeep,3,2025-04-05,16,4,12,lebaran
U3-04,upkeep,3,2025-04-05,16,3,13,lebaran
U4-01,upkeep,4,2025-04-05,15,9,6,lebaran
U4-02,upkeep,4,2025-04-05,15,8,7,lebaran
U4-03,upkeep,4,2025-04-05,15,9,6,lebaran
U4-04,upkeep,4,2025-04-05,15,8,7,lebaran
U5-01,upkeep,5,2025-04-05,16,7,9,lebaran
U5-02,upkeep,5,2025-04-05,16,10,6,lebaran
U5-03,upkeep,5,2025-04-05,16,9,7,lebaran
U6-01,upkeep,6,2025-04-05,17,9,8,lebaran
U6-02,upkeep,6,2025-04-05,17,10,7,lebaran
U6-03,upkeep,6,2025-04-05,17,9,8,lebaran
U6-04,upkeep,6,2025-04-05,17,10,7,lebaran
U7-01,upkeep,7,2025-04-05,15,9,6,lebaran
U7-02,upkeep,7,2025-04-05,15,7,8,lebaran
U7-03,upkeep,7,2025-04-05,15,6,9,lebaran
U7-04,upkeep,7,2025-04-05,15,7,8,lebaran
G1-01,harvest,1,2025-04-06,28,17,11,lebaran
G1-02,harvest,1,2025-04-06,26,26,0,
G1-03,harvest,1,2025-04-06,25,23,2,lebaran
G1-04,harvest,1,2025-04-06,26,15,11,lebaran
G2-01,harvest,2,2025-04-06,24,24,0,
G2-02,harvest,2,2025-04-06,20,20,0,
G2-03,harvest,2,2025-04-06,24,9,15,lebaran
G2-04,harvest,2,2025-04-06,25,25,0,
G3-01,harvest,3,2025-04-06,27,26,1,lebaran
G3-02,harvest,3,2025-04-06,24,24,0,
G3-03,harvest,3,2025-04-06,25,25,0,
G3-04,harvest,3,2025-04-06,24,24,0,
G4-01,harvest,4,2025-04-06,26,12,14,lebaran
G4-02,harvest,4,2025-04-06,25,9,16,lebaran
G4-03,harvest,4,2025-04-06,24,18,6,lebaran
G4-04,harvest,4,2025-04-06,20,9,11,lebaran
G5-01,harvest,5,2025-04-06,23,18,5,lebaran
G5-02,harvest,5,2025-04-06,27,9,18,lebaran
G5-03,harvest,5,2025-04-06,19,19,0,
G6-01,harvest,6,2025-04-06,24,24,0,
G6-02,harvest,6,2025-04-06,18,9,9,lebaran
G6-03,harvest,6,2025-04-06,24,7,17,lebaran
G6-04,harvest,6,2025-04-06,24,18,6,lebaran
G6-05,harvest,6,2025-04-06,21,18,3,lebaran
G7-01,harvest,7,2025-04-06,27,18,9,lebaran
G7-02,harvest,7,2025-04-06,21,18,3,lebaran
G7-03,harvest,7,2025-04-06,20,9,11,lebaran
G7-04,harvest,7,2025-04-06,27,18,9,lebaran
P1-01,pest,1,2025-04-06,11,3,8,lebaran
P2-01,pest,2,2025-04-06,10,0,10,lebaran
P3-01,pest,3,2025-04-06,11,3,8,lebaran
P4-01,pest,4,2025-04-06,10,3,7,lebaran
P5-01,pest,5,2025-04-06,10,2,8,lebaran
P6-01,pest,6,2025-04-06,13,5,8,lebaran
P7-01,pest,7,2025-04-06,13,4,9,lebaran
S1-01,spray,1,2025-04-06,15,3,12,lebaran
S2-01,spray,2,2025-04-06,14,4,10,lebaran
S3-01,spray,3,2025-04-06,17,5,12,lebaran
S4-01,spray,4,2025-04-06,16,5,11,lebaran
S5-01,spray,5,2025-04-06,13,4,9,lebaran
S6-01,spray,6,2025-04-06,18,5,13,lebaran
S7-01,spray,7,2025-04-06,17,4,13,lebaran
U1-01,upkeep,1,2025-04-06,19,6,13,lebaran
U1-02,upkeep,1,2025-04-06,19,7,12,lebaran
U1-03,upkeep,1,2025-04-06,19,6,13,lebaran
U2-01,upkeep,2,2025-04-06,18,4,14,lebaran
U2-02,upkeep,2,2025-04-06,18,6,12,lebaran
U2-03,upkeep,2,2025-04-06,18,3,15,lebaran
U3-01,upkeep,3,2025-04-06,16,6,10,lebaran
U3-02,upkeep,3,2025-04-06,16,6,10,lebaran
U3-03,upkeep,3,2025-04-06,16,5,11,lebaran
U3-04,upkeep,3,2025-04-06,16,4,12,lebaran
U4-01,upkeep,4,2025-04-06,15,5,10,lebaran
U4-02,upkeep,4,2025-04-06,15,5,10,lebaran
U4-03,upkeep,4,2025-04-06,15,6,9,lebaran
U4-04,upkeep,4,2025-04-06,15,3,12,lebaran
U5-01,upkeep,5,2025-04-06,16,5,11,lebaran
U5-02,upkeep,5,2025-04-06,16,6,10,lebaran
U5-03,upkeep,5,2025-04-06,16,5,11,lebaran
U6-01,upkeep,6,2025-04-06,17,6,11,lebaran
U6-02,upkeep,6,2025-04-06,17,4,13,lebaran
U6-03,upkeep,6,2025-04-06,17,7,10,lebaran
U6-04,upkeep,6,2025-04-06,17,3,14,lebaran
U7-01,upkeep,7,2025-04-06,15,3,12,lebaran
U7-02,upkeep,7,2025-04-06,15,1,14,lebaran
U7-03,upkeep,7,2025-04-06,15,3,12,lebaran
U7-04,upkeep,7,2025-04-06,15,5,10,lebaran
G1-01,harvest,1,2025-04-07,28,17,11,lebaran
G1-02,harvest,1,2025-04-07,26,26,0,
G1-03,harvest,1,2025-04-07,25,25,0,
G1-04,harvest,1,2025-04-07,26,15,11,lebaran
G2-01,harvest,2,2025-04-07,24,14,10,lebaran
G2-02,harvest,2,2025-04-07,20,20,0,
G2-03,harvest,2,2025-04-07,24,13,11,lebaran
G2-04,harvest,2,2025-04-07,25,13,12,lebaran
G3-01,harvest,3,2025-04-07,27,27,0,
G3-02,harvest,3,2025-04-07,24,14,10,lebaran
G3-03,harvest,3,2025-04-07,25,18,7,lebaran
G3-04,harvest,3,2025-04-07,24,13,11,lebaran
G4-01,harvest,4,2025-04-07,26,16,10,lebaran
G4-02,harvest,4,2025-04-07,25,18,7,lebaran
G4-03,harvest,4,2025-04-07,24,18,6,lebaran
G4-04,harvest,4,2025-04-07,20,11,9,lebaran
G5-01,harvest,5,2025-04-07,23,23,0,
G5-02,harvest,5,2025-04-07,27,27,0,
G5-03,harvest,5,2025-04-07,19,11,8,lebaran
G6-01,harvest,6,2025-04-07,24,13,11,lebaran
G6-02,harvest,6,2025-04-07,18,10,8,lebaran
G6-03,harvest,6,2025-04-07,24,18,6,lebaran
G6-04,harvest,6,2025-04-07,24,12,12,lebaran
G6-05,harvest,6,2025-04-07,21,12,9,lebaran
G7-01,harvest,7,2025-04-07,27,16,11,lebaran
G7-02,harvest,7,2025-04-07,21,18,3,lebaran
G7-03,harvest,7,2025-04-07,20,10,10,lebaran
G7-04,harvest,7,2025-04-07,27,12,15,lebaran
P1-01,pest,1,2025-04-07,11,3,8,lebaran
P2-01,pest,2,2025-04-07,10,4,6,lebaran
P3-01,pest,3,2025-04-07,11,4,7,lebaran
P4-01,pest,4,2025-04-07,10,4,6,lebaran
P5-01,pest,5,2025-04-07,10,5,5,lebaran
P6-01,pest,6,2025-04-07,13,8,5,lebaran
P7-01,pest,7,2025-04-07,13,5,8,lebaran
S1-01,spray,1,2025-04-07,15,5,10,lebaran
S2-01,spray,2,2025-04-07,14,8,6,lebaran
S3-01,spray,3,2025-04-07,17,9,8,lebaran
S4-01,spray,4,2025-04-07,16,10,6,lebaran
S5-01,spray,5,2025-04-07,13,4,9,lebaran
S6-01,spray,6,2025-04-07,18,10,8,lebaran
S7-01,spray,7,2025-04-07,17,7,10,lebaran
U1-01,upkeep,1,2025-04-07,19,11,8,lebaran
U1-02,upkeep,1,2025-04-07,19,6,13,lebaran
U1-03,upkeep,1,2025-04-07,19,12,7,lebaran
U2-01,upkeep,2,2025-04-07,18,10,8,lebaran
U2-02,upkeep,2,2025-04-07,18,9,9,lebaran
U2-03,upkeep,2,2025-04-07,18,9,9,lebaran
U3-01,upkeep,3,2025-04-07,16,9,7,lebaran
U3-02,upkeep,3,2025-04-07,16,7,9,lebaran
U3-03,upkeep,3,2025-04-07,16,6,10,lebaran
U3-04,upkeep,3,2025-04-07,16,6,10,lebaran
U4-01,upkeep,4,2025-04-07,15,9,6,lebaran
U4-02,upkeep,4,2025-04-07,15,8,7,lebaran
U4-03,upkeep,4,2025-04-07,15,9,6,lebaran
U4-04,upkeep,4,2025-04-07,15,8,7,lebaran
U5-01,upkeep,5,2025-04-07,16,10,6,lebaran
U5-02,upkeep,5,2025-04-07,16,9,7,lebaran
U5-03,upkeep,5,2025-04-07,16,7,9,lebaran
U6-01,upkeep,6,2025-04-07,17,11,6,lebaran
U6-02,upkeep,6,2025-04-07,17,11,6,lebaran
U6-03,upkeep,6,2025-04-07,17,10,7,lebaran
U6-04,upkeep,6,2025-04-07,17,10,7,lebaran
U7-01,upkeep,7,2025-04-07,15,5,10,lebaran
U7-02,upkeep,7,2025-04-07,15,7,8,lebaran
U7-03,upkeep,7,2025-04-07,15,6,9,lebaran
U7-04,upkeep,7,2025-04-07,15,4,11,lebaran
G1-01,harvest,1,2025-04-08,28,10,18,lebaran
G1-02,harvest,1,2025-04-08,26,18,8,lebaran
G1-03,harvest,1,2025-04-08,25,25,0,
G1-04,harvest,1,2025-04-08,26,15,11,lebaran
G2-01,harvest,2,2025-04-08,24,16,8,lebaran
G2-02,harvest,2,2025-04-08,20,18,2,lebaran
G2-03,harvest,2,2025-04-08,24,13,11,lebaran
G2-04,harvest,2,2025-04-08,25,14,11,lebaran
G3-01,harvest,3,2025-04-08,27,12,15,lebaran
G3-02,harvest,3,2025-04-08,24,24,0,
G3-03,harvest,3,2025-04-08,25,18,7,lebaran
G3-04,harvest,3,2025-04-08,24,10,14,lebaran
G4-01,harvest,4,2025-04-08,26,16,10,lebaran
G4-02,harvest,4,2025-04-08,25,25,0,
G4-03,harvest,4,2025-04-08,24,11,13,lebaran
G4-04,harvest,4,2025-04-08,20,9,11,lebaran
G5-01,harvest,5,2025-04-08,23,23,0,
G5-02,harvest,5,2025-04-08,27,18,9,lebaran
G5-03,harvest,5,2025-04-08,19,10,9,lebaran
G6-01,harvest,6,2025-04-08,24,12,12,lebaran
G6-02,harvest,6,2025-04-08,18,18,0,
G6-03,harvest,6,2025-04-08,24,18,6,lebaran
G6-04,harvest,6,2025-04-08,24,13,11,lebaran
G6-05,harvest,6,2025-04-08,21,11,10,lebaran
G7-01,harvest,7,2025-04-08,27,14,13,lebaran
G7-02,harvest,7,2025-04-08,21,18,3,lebaran
G7-03,harvest,7,2025-04-08,20,20,0,
G7-04,harvest,7,2025-04-08,27,18,9,lebaran
P1-01,pest,1,2025-04-08,11,5,6,lebaran
P2-01,pest,2,2025-04-08,10,3,7,lebaran
P3-01,pest,3,2025-04-08,11,4,7,lebaran
P4-01,pest,4,2025-04-08,10,5,5,lebaran
P5-01,pest,5,2025-04-08,10,4,6,lebaran
P6-01,pest,6,2025-04-08,13,7,6,lebaran
P7-01,pest,7,2025-04-08,13,5,8,lebaran
S1-01,spray,1,2025-04-08,15,9,6,lebaran
S2-01,spray,2,2025-04-08,14,7,7,lebaran
S3-01,spray,3,2025-04-08,17,7,10,lebaran
S4-01,spray,4,2025-04-08,16,8,8,lebaran
S5-01,spray,5,2025-04-08,13,8,5,lebaran
S6-01,spray,6,2025-04-08,18,8,10,lebaran
S7-01,spray,7,2025-04-08,17,8,9,lebaran
U1-01,upkeep,1,2025-04-08,19,6,13,lebaran
U1-02,upkeep,1,2025-04-08,19,10,9,lebaran
U1-03,upkeep,1,2025-04-08,19,10,9,lebaran
U2-01,upkeep,2,2025-04-08,18,5,13,lebaran
U2-02,upkeep,2,2025-04-08,18,7,11,lebaran
U2-03,upkeep,2,2025-04-08,18,9,9,lebaran
U3-01,upkeep,3,2025-04-08,16,6,10,lebaran
U3-02,upkeep,3,2025-04-08,16,7,9,lebaran
U3-03,upkeep,3,2025-04-08,16,6,10,lebaran
U3-04,upkeep,3,2025-04-08,16,8,8,lebaran
U4-01,upkeep,4,2025-04-08,15,8,7,lebaran
U4-02,upkeep,4,2025-04-08,15,7,8,lebaran
U4-03,upkeep,4,2025-04-08,15,7,8,lebaran
U4-04,upkeep,4,2025-04-08,15,9,6,lebaran
U5-01,upkeep,5,2025-04-08,16,8,8,lebaran
U5-02,upkeep,5,2025-04-08,16,10,6,lebaran
U5-03,upkeep,5,2025-04-08,16,8,8,lebaran
U6-01,upkeep,6,2025-04-08,17,10,7,lebaran
U6-02,upkeep,6,2025-04-08,17,7,10,lebaran
U6-03,upkeep,6,2025-04-08,17,8,9,lebaran
U6-04,upkeep,6,2025-04-08,17,8,9,lebaran
U7-01,upkeep,7,2025-04-08,15,6,9,lebaran
U7-02,upkeep,7,2025-04-08,15,7,8,lebaran
U7-03,upkeep,7,2025-04-08,15,5,10,lebaran
U7-04,upkeep,7,2025-04-08,15,6,9,lebaran
G1-01,harvest,1,2025-04-09,28,17,11,lebaran
G1-02,harvest,1,2025-04-09,26,18,8,lebaran
G1-03,harvest,1,2025-04-09,25,23,2,lebaran
G1-04,harvest,1,2025-04-09,26,25,1,lebaran
G2-01,harvest,2,2025-04-09,24,16,8,lebaran
G2-02,harvest,2,2025-04-09,20,11,9,lebaran
G2-03,harvest,2,2025-04-09,24,24,0,
G2-04,harvest,2,2025-04-09,25,11,14,lebaran
G3-01,harvest,3,2025-04-09,27,18,9,lebaran
G3-02,harvest,3,2025-04-09,24,18,6,lebaran
G3-03,harvest,3,2025-04-09,25,25,0,
G3-04,harvest,3,2025-04-09,24,8,16,lebaran
G4-01,harvest,4,2025-04-09,26,14,12,lebaran
G4-02,harvest,4,2025-04-09,25,11,14,lebaran
G4-03,harvest,4,2025-04-09,24,24,0,
G4-04,harvest,4,2025-04-09,20,18,2,lebaran
G5-01,harvest,5,2025-04-09,23,18,5,lebaran
G5-02,harvest,5,2025-04-09,27,18,9,lebaran
G5-03,harvest,5,2025-04-09,19,18,1,lebaran
G6-01,harvest,6,2025-04-09,24,12,12,lebaran
G6-02,harvest,6,2025-04-09,18,18,0,
G6-03,harvest,6,2025-04-09,24,13,11,lebaran
G6-04,harvest,6,2025-04-09,24,13,11,lebaran
G6-05,harvest,6,2025-04-09,21,10,11,lebaran
G7-01,harvest,7,2025-04-09,27,18,9,lebaran
G7-02,harvest,7,2025-04-09,21,21,0,
G7-03,harvest,7,2025-04-09,20,18,2,lebaran
G7-04,harvest,7,2025-04-09,27,18,9,lebaran
P1-01,pest,1,2025-04-09,11,4,7,lebaran
P2-01,pest,2,2025-04-09,10,4,6,lebaran
P3-01,pest,3,2025-04-09,11,2,9,lebaran
P4-01,pest,4,2025-04-09,10,4,6,lebaran
P5-01,pest,5,2025-04-09,10,6,4,lebaran
P6-01,pest,6,2025-04-09,13,6,7,lebaran
P7-01,pest,7,2025-04-09,13,5,8,lebaran
S1-01,spray,1,2025-04-09,15,7,8,lebaran
S2-01,spray,2,2025-04-09,14,5,9,lebaran
S3-01,spray,3,2025-04-09,17,5,12,lebaran
S4-01,spray,4,2025-04-09,16,9,7,lebaran
S5-01,spray,5,2025-04-09,13,5,8,lebaran
S6-01,spray,6,2025-04-09,18,8,10,lebaran
S7-01,spray,7,2025-04-09,17,8,9,lebaran
U1-01,upkeep,1,2025-04-09,19,10,9,lebaran
U1-02,upkeep,1,2025-04-09,19,6,13,lebaran
U1-03,upkeep,1,2025-04-09,19,9,10,lebaran
U2-01,upkeep,2,2025-04-09,18,9,9,lebaran
U2-02,upkeep,2,2025-04-09,18,8,10,lebaran
U2-03,upkeep,2,2025-04-09,18,6,12,lebaran
U3-01,upkeep,3,2025-04-09,16,5,11,lebaran
U3-02,upkeep,3,2025-04-09,16,0,16,lebaran
U3-03,upkeep,3,2025-04-09,16,7,9,lebaran
U3-04,upkeep,3,2025-04-09,16,5,11,lebaran
U4-01,upkeep,4,2025-04-09,15,6,9,lebaran
U4-02,upkeep,4,2025-04-09,15,5,10,lebaran
U4-03,upkeep,4,2025-04-09,15,7,8,lebaran
U4-04,upkeep,4,2025-04-09,15,7,8,lebaran
U5-01,upkeep,5,2025-04-09,16,9,7,lebaran
U5-02,upkeep,5,2025-04-09,16,9,7,lebaran
U5-03,upkeep,5,2025-04-09,16,7,9,lebaran
U6-01,upkeep,6,2025-04-09,17,8,9,lebaran
U6-02,upkeep,6,2025-04-09,17,9,8,lebaran
U6-03,upkeep,6,2025-04-09,17,7,10,lebaran
U6-04,upkeep,6,2025-04-09,17,9,8,lebaran
U7-01,upkeep,7,2025-04-09,15,8,7,lebaran
U7-02,upkeep,7,2025-04-09,15,6,9,lebaran
U7-03,upkeep,7,2025-04-09,15,7,8,lebaran
U7-04,upkeep,7,2025-04-09,15,7,8,lebaran
G1-01,harvest,1,2025-04-10,28,19,9,sick
G1-02,harvest,1,2025-04-10,26,18,8,sick
G1-03,harvest,1,2025-04-10,25,25,0,
G1-04,harvest,1,2025-04-10,26,22,4,no show
G2-01,harvest,2,2025-04-10,24,24,0,
G2-02,harvest,2,2025-04-10,20,14,6,sick
G2-03,harvest,2,2025-04-10,24,20,4,leave
G2-04,harvest,2,2025-04-10,25,19,6,sick
G3-01,harvest,3,2025-04-10,27,27,0,
G3-02,harvest,3,2025-04-10,24,15,9,sick
G3-03,harvest,3,2025-04-10,25,19,6,leave
G3-04,harvest,3,2025-04-10,24,15,9,leave
G4-01,harvest,4,2025-04-10,26,19,7,sick
G4-02,harvest,4,2025-04-10,25,18,7,no show
G4-03,harvest,4,2025-04-10,24,20,4,leave
G4-04,harvest,4,2025-04-10,20,17,3,sick
G5-01,harvest,5,2025-04-10,23,18,5,leave
G5-02,harvest,5,2025-04-10,27,22,5,no show
G5-03,harvest,5,2025-04-10,19,18,1,leave
G6-01,harvest,6,2025-04-10,24,21,3,sick
G6-02,harvest,6,2025-04-10,18,18,0,
G6-03,harvest,6,2025-04-10,24,20,4,no show
G6-04,harvest,6,2025-04-10,24,20,4,leave
G6-05,harvest,6,2025-04-10,21,15,6,leave
G7-01,harvest,7,2025-04-10,27,21,6,sick
G7-02,harvest,7,2025-04-10,21,14,7,sick
G7-03,harvest,7,2025-04-10,20,20,0,
G7-04,harvest,7,2025-04-10,27,19,8,leave
P1-01,pest,1,2025-04-10,11,7,4,sick
P2-01,pest,2,2025-04-10,10,8,2,leave
P3-01,pest,3,2025-04-10,11,6,5,sick
P4-01,pest,4,2025-04-10,10,9,1,no show
P5-01,pest,5,2025-04-10,10,5,5,sick
P6-01,pest,6,2025-04-10,13,8,5,sick
P7-01,pest,7,2025-04-10,13,10,3,leave
S1-01,spray,1,2025-04-10,15,13,2,no show
S2-01,spray,2,2025-04-10,14,9,5,sick
S3-01,spray,3,2025-04-10,17,11,6,leave
S4-01,spray,4,2025-04-10,16,12,4,leave
S5-01,spray,5,2025-04-10,13,12,1,leave
S6-01,spray,6,2025-04-10,18,15,3,no show
S7-01,spray,7,2025-04-10,17,11,6,no show
U1-01,upkeep,1,2025-04-10,19,16,3,no show
U1-02,upkeep,1,2025-04-10,19,14,5,leave
U1-03,upkeep,1,2025-04-10,19,14,5,sick
U2-01,upkeep,2,2025-04-10,18,12,6,leave
U2-02,upkeep,2,2025-04-10,18,12,6,leave
U2-03,upkeep,2,2025-04-10,18,14,4,sick
U3-01,upkeep,3,2025-04-10,16,11,5,leave
U3-02,upkeep,3,2025-04-10,16,10,6,leave
U3-03,upkeep,3,2025-04-10,16,11,5,sick
U3-04,upkeep,3,2025-04-10,16,11,5,sick
U4-01,upkeep,4,2025-04-10,15,10,5,sick
U4-02,upkeep,4,2025-04-10,15,11,4,leave
U4-03,upkeep,4,2025-04-10,15,12,3,no show
U4-04,upkeep,4,2025-04-10,15,11,4,no show
U5-01,upkeep,5,2025-04-10,16,11,5,no show
U5-02,upkeep,5,2025-04-10,16,13,3,sick
U5-03,upkeep,5,2025-04-10,16,15,1,leave
U6-01,upkeep,6,2025-04-10,17,12,5,sick
U6-02,upkeep,6,2025-04-10,17,14,3,sick
U6-03,upkeep,6,2025-04-10,17,14,3,sick
U6-04,upkeep,6,2025-04-10,17,15,2,no show
U7-01,upkeep,7,2025-04-10,15,12,3,no show
U7-02,upkeep,7,2025-04-10,15,8,7,no show
U7-03,upkeep,7,2025-04-10,15,11,4,no show
U7-04,upkeep,7,2025-04-10,15,8,7,no show
G1-01,harvest,1,2025-04-11,28,21,7,rain
G1-02,harvest,1,2025-04-11,26,22,4,rain
G1-03,harvest,1,2025-04-11,25,25,0,
G1-04,harvest,1,2025-04-11,26,25,1,rain
G2-01,harvest,2,2025-04-11,24,24,0,
G2-02,harvest,2,2025-04-11,20,18,2,rain
G2-03,harvest,2,2025-04-11,24,24,0,
G2-04,harvest,2,2025-04-11,25,19,6,rain
G3-01,harvest,3,2025-04-11,27,27,0,
G3-02,harvest,3,2025-04-11,24,24,0,
G3-03,harvest,3,2025-04-11,25,25,0,
G3-04,harvest,3,2025-04-11,24,15,9,rain
G4-01,harvest,4,2025-04-11,26,15,11,rain
G4-02,harvest,4,2025-04-11,25,25,0,
G4-03,harvest,4,2025-04-11,24,24,0,
G4-04,harvest,4,2025-04-11,20,20,0,
G5-01,harvest,5,2025-04-11,23,17,6,rain
G5-02,harvest,5,2025-04-11,27,25,2,rain
G5-03,harvest,5,2025-04-11,19,18,1,rain
G6-01,harvest,6,2025-04-11,24,19,5,rain
G6-02,harvest,6,2025-04-11,18,18,0,
G6-03,harvest,6,2025-04-11,24,24,0,
G6-04,harvest,6,2025-04-11,24,17,7,rain
G6-05,harvest,6,2025-04-11,21,15,6,rain
G7-01,harvest,7,2025-04-11,27,17,10,rain
G7-02,harvest,7,2025-04-11,21,21,0,
G7-03,harvest,7,2025-04-11,20,11,9,rain
G7-04,harvest,7,2025-04-11,27,19,8,rain
P1-01,pest,1,2025-04-11,11,9,2,rain
P2-01,pest,2,2025-04-11,10,7,3,rain
P3-01,pest,3,2025-04-11,11,6,5,rain
P4-01,pest,4,2025-04-11,10,8,2,rain
P5-01,pest,5,2025-04-11,10,7,3,rain
P6-01,pest,6,2025-04-11,13,11,2,rain
P7-01,pest,7,2025-04-11,13,9,4,rain
S1-01,spray,1,2025-04-11,15,11,4,rain
S2-01,spray,2,2025-04-11,14,8,6,rain
S3-01,spray,3,2025-04-11,17,13,4,rain
S4-01,spray,4,2025-04-11,16,9,7,rain
S5-01,spray,5,2025-04-11,13,10,3,rain
S6-01,spray,6,2025-04-11,18,14,4,rain
S7-01,spray,7,2025-04-11,17,10,7,rain
U1-01,upkeep,1,2025-04-11,19,15,4,rain
U1-02,upkeep,1,2025-04-11,19,15,4,rain
U1-03,upkeep,1,2025-04-11,19,12,7,rain
U2-01,upkeep,2,2025-04-11,18,13,5,rain
U2-02,upkeep,2,2025-04-11,18,13,5,rain
U2-03,upkeep,2,2025-04-11,18,10,8,rain
U3-01,upkeep,3,2025-04-11,16,11,5,rain
U3-02,upkeep,3,2025-04-11,16,10,6,rain
U3-03,upkeep,3,2025-04-11,16,10,6,rain
U3-04,upkeep,3,2025-04-11,16,11,5,rain
U4-01,upkeep,4,2025-04-11,15,12,3,rain
U4-02,upkeep,4,2025-04-11,15,11,4,rain
U4-03,upkeep,4,2025-04-11,15,11,4,rain
U4-04,upkeep,4,2025-04-11,15,9,6,rain
U5-01,upkeep,5,2025-04-11,16,13,3,rain
U5-02,upkeep,5,2025-04-11,16,10,6,rain
U5-03,upkeep,5,2025-04-11,16,13,3,rain
U6-01,upkeep,6,2025-04-11,17,11,6,rain
U6-02,upkeep,6,2025-04-11,17,12,5,rain
U6-03,upkeep,6,2025-04-11,17,14,3,rain
U6-04,upkeep,6,2025-04-11,17,12,5,rain
U7-01,upkeep,7,2025-04-11,15,11,4,rain
U7-02,upkeep,7,2025-04-11,15,9,6,rain
U7-03,upkeep,7,2025-04-11,15,9,6,rain
U7-04,upkeep,7,2025-04-11,15,10,5,rain
G1-01,harvest,1,2025-04-12,28,25,3,sick
G1-02,harvest,1,2025-04-12,26,26,0,
G1-03,harvest,1,2025-04-12,25,21,4,sick
G1-04,harvest,1,2025-04-12,26,26,0,
G2-01,harvest,2,2025-04-12,24,20,4,no show
G2-02,harvest,2,2025-04-12,20,17,3,sick
G2-03,harvest,2,2025-04-12,24,18,6,no show
G2-04,harvest,2,2025-04-12,25,20,5,sick
G3-01,harvest,3,2025-04-12,27,27,0,
G3-02,harvest,3,2025-04-12,24,24,0,
G3-03,harvest,3,2025-04-12,25,25,0,
G3-04,harvest,3,2025-04-12,24,17,7,sick
G4-01,harvest,4,2025-04-12,26,26,0,
G4-02,harvest,4,2025-04-12,25,25,0,
G4-03,harvest,4,2025-04-12,24,17,7,sick
G4-04,harvest,4,2025-04-12,20,18,2,sick
G5-01,harvest,5,2025-04-12,23,18,5,sick
G5-02,harvest,5,2025-04-12,27,23,4,sick
G5-03,harvest,5,2025-04-12,19,19,0,
G6-01,harvest,6,2025-04-12,24,19,5,leave
G6-02,harvest,6,2025-04-12,18,16,2,no show
G6-03,harvest,6,2025-04-12,24,18,6,sick
G6-04,harvest,6,2025-04-12,24,18,6,sick
G6-05,harvest,6,2025-04-12,21,18,3,leave
G7-01,harvest,7,2025-04-12,27,19,8,sick
G7-02,harvest,7,2025-04-12,21,18,3,leave
G7-03,harvest,7,2025-04-12,20,18,2,sick
G7-04,harvest,7,2025-04-12,27,17,10,sick
P1-01,pest,1,2025-04-12,11,8,3,leave
P2-01,pest,2,2025-04-12,10,7,3,leave
P3-01,pest,3,2025-04-12,11,3,8,sick
P4-01,pest,4,2025-04-12,10,6,4,leave
P5-01,pest,5,2025-04-12,10,8,2,sick
P6-01,pest,6,2025-04-12,13,10,3,sick
P7-01,pest,7,2025-04-12,13,9,4,sick
S1-01,spray,1,2025-04-12,15,12,3,no show
S2-01,spray,2,2025-04-12,14,10,4,no show
S3-01,spray,3,2025-04-12,17,9,8,leave
S4-01,spray,4,2025-04-12,16,14,2,leave
S5-01,spray,5,2025-04-12,13,11,2,leave
S6-01,spray,6,2025-04-12,18,13,5,sick
S7-01,spray,7,2025-04-12,17,14,3,no show
U1-01,upkeep,1,2025-04-12,19,14,5,sick
U1-02,upkeep,1,2025-04-12,19,17,2,sick
U1-03,upkeep,1,2025-04-12,19,14,5,no show
U2-01,upkeep,2,2025-04-12,18,13,5,sick
U2-02,upkeep,2,2025-04-12,18,11,7,sick
U2-03,upkeep,2,2025-04-12,18,12,6,leave
U3-01,upkeep,3,2025-04-12,16,13,3,leave
U3-02,upkeep,3,2025-04-12,16,14,2,no show
U3-03,upkeep,3,2025-04-12,16,9,7,no show
U3-04,upkeep,3,2025-04-12,16,12,4,sick
U4-01,upkeep,4,2025-04-12,15,13,2,sick
U4-02,upkeep,4,2025-04-12,15,13,2,no show
U4-03,upkeep,4,2025-04-12,15,13,2,sick
U4-04,upkeep,4,2025-04-12,15,11,4,leave
U5-01,upkeep,5,2025-04-12,16,11,5,leave
U5-02,upkeep,5,2025-04-12,16,13,3,sick
U5-03,upkeep,5,2025-04-12,16,14,2,sick
U6-01,upkeep,6,2025-04-12,17,13,4,sick
U6-02,upkeep,6,2025-04-12,17,12,5,leave
U6-03,upkeep,6,2025-04-12,17,12,5,sick
U6-04,upkeep,6,2025-04-12,17,14,3,sick
U7-01,upkeep,7,2025-04-12,15,7,8,leave
U7-02,upkeep,7,2025-04-12,15,11,4,sick
U7-03,upkeep,7,2025-04-12,15,10,5,no show
U7-04,upkeep,7,2025-04-12,15,9,6,leave
G1-01,harvest,1,2025-04-13,28,11,17,rest day
G1-02,harvest,1,2025-04-13,26,26,0,
G1-03,harvest,1,2025-04-13,25,16,9,rest day
G1-04,harvest,1,2025-04-13,26,16,10,rest day
G2-01,harvest,2,2025-04-13,24,24,0,
G2-02,harvest,2,2025-04-13,20,18,2,rest day
G2-03,harvest,2,2025-04-13,24,13,11,rest day
G2-04,harvest,2,2025-04-13,25,16,9,rest day
G3-01,harvest,3,2025-04-13,27,17,10,rest day
G3-02,harvest,3,2025-04-13,24,7,17,rest day
G3-03,harvest,3,2025-04-13,25,25,0,
G3-04,harvest,3,2025-04-13,24,22,2,rest day
G4-01,harvest,4,2025-04-13,26,10,16,rest day
G4-02,harvest,4,2025-04-13,25,13,12,rest day
G4-03,harvest,4,2025-04-13,24,18,6,rest day
G4-04,harvest,4,2025-04-13,20,9,11,rest day
G5-01,harvest,5,2025-04-13,23,23,0,
G5-02,harvest,5,2025-04-13,27,14,13,rest day
G5-03,harvest,5,2025-04-13,19,19,0,
G6-01,harvest,6,2025-04-13,24,18,6,rest day
G6-02,harvest,6,2025-04-13,18,9,9,rest day
G6-03,harvest,6,2025-04-13,24,10,14,rest day
G6-04,harvest,6,2025-04-13,24,11,13,rest day
G6-05,harvest,6,2025-04-13,21,9,12,rest day
G7-01,harvest,7,2025-04-13,27,9,18,rest day
G7-02,harvest,7,2025-04-13,21,16,5,rest day
G7-03,harvest,7,2025-04-13,20,9,11,rest day
G7-04,harvest,7,2025-04-13,27,27,0,
P1-01,pest,1,2025-04-13,11,4,7,rest day
P2-01,pest,2,2025-04-13,10,5,5,rest day
P3-01,pest,3,2025-04-13,11,2,9,rest day
P4-01,pest,4,2025-04-13,10,5,5,rest day
P5-01,pest,5,2025-04-13,10,6,4,rest day
P6-01,pest,6,2025-04-13,13,5,8,rest day
P7-01,pest,7,2025-04-13,13,5,8,rest day
S1-01,spray,1,2025-04-13,15,4,11,rest day
S2-01,spray,2,2025-04-13,14,6,8,rest day
S3-01,spray,3,2025-04-13,17,9,8,rest day
S4-01,spray,4,2025-04-13,16,6,10,rest day
S5-01,spray,5,2025-04-13,13,6,7,rest day
S6-01,spray,6,2025-04-13,18,8,10,rest day
S7-01,spray,7,2025-04-13,17,8,9,rest day
U1-01,upkeep,1,2025-04-13,19,10,9,rest day
U1-02,upkeep,1,2025-04-13,19,7,12,rest day
U1-03,upkeep,1,2025-04-13,19,9,10,rest day
U2-01,upkeep,2,2025-04-13,18,6,12,rest day
U2-02,upkeep,2,2025-04-13,18,7,11,rest day
U2-03,upkeep,2,2025-04-13,18,9,9,rest day
U3-01,upkeep,3,2025-04-13,16,7,9,rest day
U3-02,upkeep,3,2025-04-13,16,5,11,rest day
U3-03,upkeep,3,2025-04-13,16,7,9,rest day
U3-04,upkeep,3,2025-04-13,16,6,10,rest day
U4-01,upkeep,4,2025-04-13,15,8,7,rest day
U4-02,upkeep,4,2025-04-13,15,7,8,rest day
U4-03,upkeep,4,2025-04-13,15,6,9,rest day
U4-04,upkeep,4,2025-04-13,15,6,9,rest day
U5-01,upkeep,5,2025-04-13,16,7,9,rest day
U5-02,upkeep,5,2025-04-13,16,8,8,rest day
U5-03,upkeep,5,2025-04-13,16,8,8,rest day
U6-01,upkeep,6,2025-04-13,17,9,8,rest day
U6-02,upkeep,6,2025-04-13,17,9,8,rest day
U6-03,upkeep,6,2025-04-13,17,6,11,rest day
U6-04,upkeep,6,2025-04-13,17,9,8,rest day
U7-01,upkeep,7,2025-04-13,15,6,9,rest day
U7-02,upkeep,7,2025-04-13,15,7,8,rest day
U7-03,upkeep,7,2025-04-13,15,7,8,rest day
U7-04,upkeep,7,2025-04-13,15,7,8,rest day
G1-01,harvest,1,2025-04-14,28,20,8,rain
G1-02,harvest,1,2025-04-14,26,21,5,rain
G1-03,harvest,1,2025-04-14,25,16,9,rain
G1-04,harvest,1,2025-04-14,26,26,0,
G2-01,harvest,2,2025-04-14,24,17,7,rain
G2-02,harvest,2,2025-04-14,20,20,0,
G2-03,harvest,2,2025-04-14,24,14,10,rain
G2-04,harvest,2,2025-04-14,25,18,7,rain
G3-01,harvest,3,2025-04-14,27,27,0,
G3-02,harvest,3,2025-04-14,24,24,0,
G3-03,harvest,3,2025-04-14,25,25,0,
G3-04,harvest,3,2025-04-14,24,16,8,rain
G4-01,harvest,4,2025-04-14,26,20,6,rain
G4-02,harvest,4,2025-04-14,25,15,10,rain
G4-03,harvest,4,2025-04-14,24,18,6,rain
G4-04,harvest,4,2025-04-14,20,16,4,rain
G5-01,harvest,5,2025-04-14,23,19,4,rain
G5-02,harvest,5,2025-04-14,27,27,0,
G5-03,harvest,5,2025-04-14,19,15,4,rain
G6-01,harvest,6,2025-04-14,24,16,8,rain
G6-02,harvest,6,2025-04-14,18,18,0,
G6-03,harvest,6,2025-04-14,24,17,7,rain
G6-04,harvest,6,2025-04-14,24,19,5,rain
G6-05,harvest,6,2025-04-14,21,18,3,rain
G7-01,harvest,7,2025-04-14,27,27,0,
G7-02,harvest,7,2025-04-14,21,18,3,rain
G7-03,harvest,7,2025-04-14,20,13,7,rain
G7-04,harvest,7,2025-04-14,27,19,8,rain
P1-01,pest,1,2025-04-14,11,6,5,rain
P2-01,pest,2,2025-04-14,10,7,3,rain
P3-01,pest,3,2025-04-14,11,5,6,rain
P4-01,pest,4,2025-04-14,10,8,2,rain
P5-01,pest,5,2025-04-14,10,7,3,rain
P6-01,pest,6,2025-04-14,13,10,3,rain
P7-01,pest,7,2025-04-14,13,8,5,rain
S1-01,spray,1,2025-04-14,15,11,4,rain
S2-01,spray,2,2025-04-14,14,10,4,rain
S3-01,spray,3,2025-04-14,17,10,7,rain
S4-01,spray,4,2025-04-14,16,14,2,rain
S5-01,spray,5,2025-04-14,13,8,5,rain
S6-01,spray,6,2025-04-14,18,13,5,rain
S7-01,spray,7,2025-04-14,17,12,5,rain
U1-01,upkeep,1,2025-04-14,19,14,5,rain
U1-02,upkeep,1,2025-04-14,19,14,5,rain
U1-03,upkeep,1,2025-04-14,19,14,5,rain
U2-01,upkeep,2,2025-04-14,18,14,4,rain
U2-02,upkeep,2,2025-04-14,18,11,7,rain
U2-03,upkeep,2,2025-04-14,18,12,6,rain
U3-01,upkeep,3,2025-04-14,16,7,9,rain
U3-02,upkeep,3,2025-04-14,16,10,6,rain
U3-03,upkeep,3,2025-04-14,16,11,5,rain
U3-04,upkeep,3,2025-04-14,16,11,5,rain
U4-01,upkeep,4,2025-04-14,15,11,4,rain
U4-02,upkeep,4,2025-04-14,15,10,5,rain
U4-03,upkeep,4,2025-04-14,15,9,6,rain
U4-04,upkeep,4,2025-04-14,15,12,3,rain
U5-01,upkeep,5,2025-04-14,16,11,5,rain
U5-02,upkeep,5,2025-04-14,16,13,3,rain
U5-03,upkeep,5,2025-04-14,16,12,4,rain
U6-01,upkeep,6,2025-04-14,17,13,4,rain
U6-02,upkeep,6,2025-04-14,17,12,5,rain
U6-03,upkeep,6,2025-04-14,17,12,5,rain
U6-04,upkeep,6,2025-04-14,17,12,5,rain
U7-01,upkeep,7,2025-04-14,15,8,7,rain
U7-02,upkeep,7,2025-04-14,15,9,6,rain
U7-03,upkeep,7,2025-04-14,15,10,5,rain
U7-04,upkeep,7,2025-04-14,15,10,5,rain
G1-01,harvest,1,2025-04-15,28,21,7,sick
G1-02,harvest,1,2025-04-15,26,18,8,leave
G1-03,harvest,1,2025-04-15,25,25,0,
G1-04,harvest,1,2025-04-15,26,22,4,leave
G2-01,harvest,2,2025-04-15,24,17,7,sick
G2-02,harvest,2,2025-04-15,20,18,2,leave
G2-03,harvest,2,2025-04-15,24,19,5,no show
G2-04,harvest,2,2025-04-15,25,19,6,leave
G3-01,harvest,3,2025-04-15,27,21,6,leave
G3-02,harvest,3,2025-04-15,24,17,7,sick
G3-03,harvest,3,2025-04-15,25,25,0,
G3-04,harvest,3,2025-04-15,24,15,9,sick
G4-01,harvest,4,2025-04-15,26,18,8,leave
G4-02,harvest,4,2025-04-15,25,21,4,leave
G4-03,harvest,4,2025-04-15,24,21,3,sick
G4-04,harvest,4,2025-04-15,20,18,2,leave
G5-01,harvest,5,2025-04-15,23,21,2,no show
G5-02,harvest,5,2025-04-15,27,25,2,leave
G5-03,harvest,5,2025-04-15,19,18,1,sick
G6-01,harvest,6,2025-04-15,24,21,3,sick
G6-02,harvest,6,2025-04-15,18,18,0,
G6-03,harvest,6,2025-04-15,24,24,0,
G6-04,harvest,6,2025-04-15,24,18,6,leave
G6-05,harvest,6,2025-04-15,21,16,5,sick
G7-01,harvest,7,2025-04-15,27,17,10,no show
G7-02,harvest,7,2025-04-15,21,14,7,no show
G7-03,harvest,7,2025-04-15,20,20,0,
G7-04,harvest,7,2025-04-15,27,27,0,
P1-01,pest,1,2025-04-15,11,8,3,no show
P2-01,pest,2,2025-04-15,10,8,2,leave
P3-01,pest,3,2025-04-15,11,6,5,sick
P4-01,pest,4,2025-04-15,10,7,3,leave
P5-01,pest,5,2025-04-15,10,8,2,sick
P6-01,pest,6,2025-04-15,13,8,5,no show
P7-01,pest,7,2025-04-15,13,6,7,leave
S1-01,spray,1,2025-04-15,15,8,7,no show
S2-01,spray,2,2025-04-15,14,10,4,sick
S3-01,spray,3,2025-04-15,17,12,5,leave
S4-01,spray,4,2025-04-15,16,13,3,sick
S5-01,spray,5,2025-04-15,13,9,4,sick
S6-01,spray,6,2025-04-15,18,15,3,sick
S7-01,spray,7,2025-04-15,17,11,6,no show
U1-01,upkeep,1,2025-04-15,19,13,6,leave
U1-02,upkeep,1,2025-04-15,19,15,4,leave
U1-03,upkeep,1,2025-04-15,19,15,4,no show
U2-01,upkeep,2,2025-04-15,18,16,2,sick
U2-02,upkeep,2,2025-04-15,18,12,6,sick
U2-03,upkeep,2,2025-04-15,18,14,4,leave
U3-01,upkeep,3,2025-04-15,16,8,8,leave
U3-02,upkeep,3,2025-04-15,16,13,3,sick
U3-03,upkeep,3,2025-04-15,16,10,6,leave
U3-04,upkeep,3,2025-04-15,16,10,6,sick
U4-01,upkeep,4,2025-04-15,15,9,6,leave
U4-02,upkeep,4,2025-04-15,15,9,6,sick
U4-03,upkeep,4,2025-04-15,15,13,2,leave
U4-04,upkeep,4,2025-04-15,15,12,3,leave
U5-01,upkeep,5,2025-04-15,16,14,2,leave
U5-02,upkeep,5,2025-04-15,16,11,5,leave
U5-03,upkeep,5,2025-04-15,16,13,3,no show
U6-01,upkeep,6,2025-04-15,17,14,3,leave
U6-02,upkeep,6,2025-04-15,17,13,4,leave
U6-03,upkeep,6,2025-04-15,17,11,6,sick
U6-04,upkeep,6,2025-04-15,17,13,4,no show
U7-01,upkeep,7,2025-04-15,15,12,3,sick
U7-02,upkeep,7,2025-04-15,15,8,7,no show
U7-03,upkeep,7,2025-04-15,15,11,4,sick
U7-04,upkeep,7,2025-04-15,15,12,3,sick
G1-01,harvest,1,2025-04-16,28,20,8,sick
G1-02,harvest,1,2025-04-16,26,22,4,sick
G1-03,harvest,1,2025-04-16,25,22,3,no show
G1-04,harvest,1,2025-04-16,26,17,9,no show
G2-01,harvest,2,2025-04-16,24,24,0,
G2-02,harvest,2,2025-04-16,20,15,5,no show
G2-03,harvest,2,2025-04-16,24,20,4,leave
G2-04,harvest,2,2025-04-16,25,19,6,sick
G3-01,harvest,3,2025-04-16,27,27,0,
G3-02,harvest,3,2025-04-16,24,24,0,
G3-03,harvest,3,2025-04-16,25,12,13,leave
G3-04,harvest,3,2025-04-16,24,18,6,no show
G4-01,harvest,4,2025-04-16,26,20,6,sick
G4-02,harvest,4,2025-04-16,25,25,0,
G4-03,harvest,4,2025-04-16,24,18,6,leave
G4-04,harvest,4,2025-04-16,20,18,2,no show
G5-01,harvest,5,2025-04-16,23,23,0,
G5-02,harvest,5,2025-04-16,27,21,6,leave
G5-03,harvest,5,2025-04-16,19,12,7,leave
G6-01,harvest,6,2025-04-16,24,20,4,no show
G6-02,harvest,6,2025-04-16,18,14,4,sick
G6-03,harvest,6,2025-04-16,24,20,4,sick
G6-04,harvest,6,2025-04-16,24,19,5,no show
G6-05,harvest,6,2025-04-16,21,18,3,sick
G7-01,harvest,7,2025-04-16,27,21,6,leave
G7-02,harvest,7,2025-04-16,21,21,0,
G7-03,harvest,7,2025-04-16,20,20,0,
G7-04,harvest,7,2025-04-16,27,27,0,
P1-01,pest,1,2025-04-16,11,8,3,no show
P2-01,pest,2,2025-04-16,10,7,3,leave
P3-01,pest,3,2025-04-16,11,4,7,no show
P4-01,pest,4,2025-04-16,10,5,5,leave
P5-01,pest,5,2025-04-16,10,5,5,sick
P6-01,pest,6,2025-04-16,13,8,5,sick
P7-01,pest,7,2025-04-16,13,7,6,sick
S1-01,spray,1,2025-04-16,15,11,4,sick
S2-01,spray,2,2025-04-16,14,8,6,sick
S3-01,spray,3,2025-04-16,17,14,3,leave
S4-01,spray,4,2025-04-16,16,13,3,no show
S5-01,spray,5,2025-04-16,13,11,2,sick
S6-01,spray,6,2025-04-16,18,12,6,sick
S7-01,spray,7,2025-04-16,17,13,4,leave
U1-01,upkeep,1,2025-04-16,19,15,4,sick
U1-02,upkeep,1,2025-04-16,19,13,6,leave
U1-03,upkeep,1,2025-04-16,19,16,3,sick
U2-01,upkeep,2,2025-04-16,18,13,5,leave
U2-02,upkeep,2,2025-04-16,18,11,7,sick
U2-03,upkeep,2,2025-04-16,18,14,4,leave
U3-01,upkeep,3,2025-04-16,16,12,4,leave
U3-02,upkeep,3,2025-04-16,16,10,6,sick
U3-03,upkeep,3,2025-04-16,16,13,3,no show
U3-04,upkeep,3,2025-04-16,16,12,4,sick
U4-01,upkeep,4,2025-04-16,15,12,3,no show
U4-02,upkeep,4,2025-04-16,15,8,7,no show
U4-03,upkeep,4,2025-04-16,15,13,2,no show
U4-04,upkeep,4,2025-04-16,15,13,2,sick
U5-01,upkeep,5,2025-04-16,16,13,3,sick
U5-02,upkeep,5,2025-04-16,16,12,4,sick
U5-03,upkeep,5,2025-04-16,16,10,6,leave
U6-01,upkeep,6,2025-04-16,17,14,3,sick
U6-02,upkeep,6,2025-04-16,17,14,3,leave
U6-03,upkeep,6,2025-04-16,17,14,3,sick
U6-04,upkeep,6,2025-04-16,17,11,6,sick
U7-01,upkeep,7,2025-04-16,15,10,5,no show
U7-02,upkeep,7,2025-04-16,15,10,5,sick
U7-03,upkeep,7,2025-04-16,15,11,4,leave
U7-04,upkeep,7,2025-04-16,15,11,4,sick
G1-01,harvest,1,2025-04-17,28,22,6,leave
G1-02,harvest,1,2025-04-17,26,26,0,
G1-03,harvest,1,2025-04-17,25,19,6,sick
G1-04,harvest,1,2025-04-17,26,21,5,no show
G2-01,harvest,2,2025-04-17,24,24,0,
G2-02,harvest,2,2025-04-17,20,20,0,
G2-03,harvest,2,2025-04-17,24,21,3,sick
G2-04,harvest,2,2025-04-17,25,16,9,sick
G3-01,harvest,3,2025-04-17,27,21,6,leave
G3-02,harvest,3,2025-04-17,24,18,6,sick
G3-03,harvest,3,2025-04-17,25,25,0,
G3-04,harvest,3,2025-04-17,24,19,5,leave
G4-01,harvest,4,2025-04-17,26,26,0,
G4-02,harvest,4,2025-04-17,25,22,3,leave
G4-03,harvest,4,2025-04-17,24,24,0,
G4-04,harvest,4,2025-04-17,20,14,6,sick
G5-01,harvest,5,2025-04-17,23,18,5,leave
G5-02,harvest,5,2025-04-17,27,23,4,sick
G5-03,harvest,5,2025-04-17,19,18,1,leave
G6-01,harvest,6,2025-04-17,24,22,2,leave
G6-02,harvest,6,2025-04-17,18,15,3,sick
G6-03,harvest,6,2025-04-17,24,15,9,sick
G6-04,harvest,6,2025-04-17,24,24,0,
G6-05,harvest,6,2025-04-17,21,13,8,sick
G7-01,harvest,7,2025-04-17,27,18,9,no show
G7-02,harvest,7,2025-04-17,21,12,9,leave
G7-03,harvest,7,2025-04-17,20,18,2,sick
G7-04,harvest,7,2025-04-17,27,19,8,leave
P1-01,pest,1,2025-04-17,11,7,4,sick
P2-01,pest,2,2025-04-17,10,9,1,no show
P3-01,pest,3,2025-04-17,11,7,4,sick
P4-01,pest,4,2025-04-17,10,8,2,sick
P5-01,pest,5,2025-04-17,10,7,3,leave
P6-01,pest,6,2025-04-17,13,10,3,no show
P7-01,pest,7,2025-04-17,13,6,7,leave
S1-01,spray,1,2025-04-17,15,12,3,leave
S2-01,spray,2,2025-04-17,14,10,4,no show
S3-01,spray,3,2025-04-17,17,12,5,sick
S4-01,spray,4,2025-04-17,16,11,5,sick
S5-01,spray,5,2025-04-17,13,11,2,no show
S6-01,spray,6,2025-04-17,18,14,4,sick
S7-01,spray,7,2025-04-17,17,12,5,sick
U1-01,upkeep,1,2025-04-17,19,14,5,no show
U1-02,upkeep,1,2025-04-17,19,15,4,no show
U1-03,upkeep,1,2025-04-17,19,16,3,leave
U2-01,upkeep,2,2025-04-17,18,14,4,leave
U2-02,upkeep,2,2025-04-17,18,16,2,sick
U2-03,upkeep,2,2025-04-17,18,13,5,leave
U3-01,upkeep,3,2025-04-17,16,13,3,leave
U3-02,upkeep,3,2025-04-17,16,8,8,leave
U3-03,upkeep,3,2025-04-17,16,11,5,sick
U3-04,upkeep,3,2025-04-17,16,11,5,sick
U4-01,upkeep,4,2025-04-17,15,12,3,leave
U4-02,upkeep,4,2025-04-17,15,13,2,leave
U4-03,upkeep,4,2025-04-17,15,11,4,leave
U4-04,upkeep,4,2025-04-17,15,9,6,sick
U5-01,upkeep,5,2025-04-17,16,15,1,no show
U5-02,upkeep,5,2025-04-17,16,14,2,no show
U5-03,upkeep,5,2025-04-17,16,11,5,no show
U6-01,upkeep,6,2025-04-17,17,13,4,no show
U6-02,upkeep,6,2025-04-17,17,13,4,no show
U6-03,upkeep,6,2025-04-17,17,13,4,sick
U6-04,upkeep,6,2025-04-17,17,16,1,leave
U7-01,upkeep,7,2025-04-17,15,11,4,no show
U7-02,upkeep,7,2025-04-17,15,10,5,no show
U7-03,upkeep,7,2025-04-17,15,10,5,no show
U7-04,upkeep,7,2025-04-17,15,12,3,sick
G1-01,harvest,1,2025-04-18,28,24,4,no show
G1-02,harvest,1,2025-04-18,26,24,2,no show
G1-03,harvest,1,2025-04-18,25,21,4,sick
G1-04,harvest,1,2025-04-18,26,26,0,
G2-01,harvest,2,2025-04-18,24,19,5,no show
G2-02,harvest,2,2025-04-18,20,16,4,leave
G2-03,harvest,2,2025-04-18,24,19,5,sick
G2-04,harvest,2,2025-04-18,25,20,5,sick
G3-01,harvest,3,2025-04-18,27,27,0,
G3-02,harvest,3,2025-04-18,24,24,0,
G3-03,harvest,3,2025-04-18,25,15,10,sick
G3-04,harvest,3,2025-04-18,24,24,0,
G4-01,harvest,4,2025-04-18,26,21,5,leave
G4-02,harvest,4,2025-04-18,25,25,0,
G4-03,harvest,4,2025-04-18,24,24,0,
G4-04,harvest,4,2025-04-18,20,18,2,leave
G5-01,harvest,5,2025-04-18,23,23,0,
G5-02,harvest,5,2025-04-18,27,27,0,
G5-03,harvest,5,2025-04-18,19,14,5,leave
G6-01,harvest,6,2025-04-18,24,17,7,sick
G6-02,harvest,6,2025-04-18,18,18,0,
G6-03,harvest,6,2025-04-18,24,19,5,leave
G6-04,harvest,6,2025-04-18,24,19,5,no show
G6-05,harvest,6,2025-04-18,21,17,4,sick
G7-01,harvest,7,2025-04-18,27,18,9,leave
G7-02,harvest,7,2025-04-18,21,18,3,sick
G7-03,harvest,7,2025-04-18,20,20,0,
G7-04,harvest,7,2025-04-18,27,18,9,leave
P1-01,pest,1,2025-04-18,11,8,3,no show
P2-01,pest,2,2025-04-18,10,8,2,sick
P3-01,pest,3,2025-04-18,11,7,4,leave
P4-01,pest,4,2025-04-18,10,8,2,leave
P5-01,pest,5,2025-04-18,10,8,2,leave
P6-01,pest,6,2025-04-18,13,8,5,leave
P7-01,pest,7,2025-04-18,13,9,4,no show
S1-01,spray,1,2025-04-18,15,11,4,no show
S2-01,spray,2,2025-04-18,14,10,4,sick
S3-01,spray,3,2025-04-18,17,14,3,leave
S4-01,spray,4,2025-04-18,16,13,3,leave
S5-01,spray,5,2025-04-18,13,11,2,sick
S6-01,spray,6,2025-04-18,18,13,5,no show
S7-01,spray,7,2025-04-18,17,13,4,sick
U1-01,upkeep,1,2025-04-18,19,15,4,sick
U1-02,upkeep,1,2025-04-18,19,15,4,sick
U1-03,upkeep,1,2025-04-18,19,16,3,no show
U2-01,upkeep,2,2025-04-18,18,13,5,no show
U2-02,upkeep,2,2025-04-18,18,10,8,no show
U2-03,upkeep,2,2025-04-18,18,14,4,sick
U3-01,upkeep,3,2025-04-18,16,9,7,sick
U3-02,upkeep,3,2025-04-18,16,12,4,leave
U3-03,upkeep,3,2025-04-18,16,11,5,no show
U3-04,upkeep,3,2025-04-18,16,9,7,leave
U4-01,upkeep,4,2025-04-18,15,14,1,no show
U4-02,upkeep,4,2025-04-18,15,13,2,sick
U4-03,upkeep,4,2025-04-18,15,12,3,leave
U4-04,upkeep,4,2025-04-18,15,12,3,leave
U5-01,upkeep,5,2025-04-18,16,14,2,leave
U5-02,upkeep,5,2025-04-18,16,14,2,sick
U5-03,upkeep,5,2025-04-18,16,14,2,no show
U6-01,upkeep,6,2025-04-18,17,12,5,sick
U6-02,upkeep,6,2025-04-18,17,12,5,sick
U6-03,upkeep,6,2025-04-18,17,13,4,no show
U6-04,upkeep,6,2025-04-18,17,13,4,sick
U7-01,upkeep,7,2025-04-18,15,10,5,sick
U7-02,upkeep,7,2025-04-18,15,8,7,sick
U7-03,upkeep,7,2025-04-18,15,10,5,sick
U7-04,upkeep,7,2025-04-18,15,9,6,leave
G1-01,harvest,1,2025-04-19,28,24,4,sick
G1-02,harvest,1,2025-04-19,26,21,5,sick
G1-03,harvest,1,2025-04-19,25,25,0,
G1-04,harvest,1,2025-04-19,26,21,5,no show
G2-01,harvest,2,2025-04-19,24,17,7,no show
G2-02,harvest,2,2025-04-19,20,16,4,sick
G2-03,harvest,2,2025-04-19,24,18,6,sick
G2-04,harvest,2,2025-04-19,25,17,8,leave
G3-01,harvest,3,2025-04-19,27,24,3,sick
G3-02,harvest,3,2025-04-19,24,18,6,leave
G3-03,harvest,3,2025-04-19,25,18,7,leave
G3-04,harvest,3,2025-04-19,24,16,8,no show
G4-01,harvest,4,2025-04-19,26,22,4,leave
G4-02,harvest,4,2025-04-19,25,20,5,sick
G4-03,harvest,4,2025-04-19,24,19,5,sick
G4-04,harvest,4,2025-04-19,20,18,2,leave
G5-01,harvest,5,2025-04-19,23,21,2,leave
G5-02,harvest,5,2025-04-19,27,22,5,sick
G5-03,harvest,5,2025-04-19,19,16,3,sick
G6-01,harvest,6,2025-04-19,24,24,0,
G6-02,harvest,6,2025-04-19,18,15,3,leave
G6-03,harvest,6,2025-04-19,24,24,0,
G6-04,harvest,6,2025-04-19,24,21,3,sick
G6-05,harvest,6,2025-04-19,21,15,6,leave
G7-01,harvest,7,2025-04-19,27,21,6,sick
G7-02,harvest,7,2025-04-19,21,16,5,leave
G7-03,harvest,7,2025-04-19,20,13,7,sick
G7-04,harvest,7,2025-04-19,27,19,8,leave
P1-01,pest,1,2025-04-19,11,3,8,no show
P2-01,pest,2,2025-04-19,10,7,3,sick
P3-01,pest,3,2025-04-19,11,4,7,leave
P4-01,pest,4,2025-04-19,10,8,2,sick
P5-01,pest,5,2025-04-19,10,8,2,leave
P6-01,pest,6,2025-04-19,13,10,3,leave
P7-01,pest,7,2025-04-19,13,8,5,sick
S1-01,spray,1,2025-04-19,15,9,6,sick
S2-01,spray,2,2025-04-19,14,9,5,sick
S3-01,spray,3,2025-04-19,17,12,5,sick
S4-01,spray,4,2025-04-19,16,12,4,leave
S5-01,spray,5,2025-04-19,13,11,2,leave
S6-01,spray,6,2025-04-19,18,15,3,no show
S7-01,spray,7,2025-04-19,17,10,7,leave
U1-01,upkeep,1,2025-04-19,19,13,6,sick
U1-02,upkeep,1,2025-04-19,19,11,8,no show
U1-03,upkeep,1,2025-04-19,19,15,4,no show
U2-01,upkeep,2,2025-04-19,18,12,6,sick
U2-02,upkeep,2,2025-04-19,18,15,3,sick
U2-03,upkeep,2,2025-04-19,18,15,3,no show
U3-01,upkeep,3,2025-04-19,16,9,7,leave
U3-02,upkeep,3,2025-04-19,16,8,8,leave
U3-03,upkeep,3,2025-04-19,16,11,5,sick
U3-04,upkeep,3,2025-04-19,16,12,4,leave
U4-01,upkeep,4,2025-04-19,15,10,5,leave
U4-02,upkeep,4,2025-04-19,15,12,3,leave
U4-03,upkeep,4,2025-04-19,15,10,5,sick
U4-04,upkeep,4,2025-04-19,15,10,5,sick
U5-01,upkeep,5,2025-04-19,16,14,2,leave
U5-02,upkeep,5,2025-04-19,16,14,2,no show
U5-03,upkeep,5,2025-04-19,16,13,3,sick
U6-01,upkeep,6,2025-04-19,17,13,4,leave
U6-02,upkeep,6,2025-04-19,17,14,3,sick
U6-03,upkeep,6,2025-04-19,17,16,1,sick
U6-04,upkeep,6,2025-04-19,17,12,5,sick
U7-01,upkeep,7,2025-04-19,15,9,6,leave
U7-02,upkeep,7,2025-04-19,15,11,4,leave
U7-03,upkeep,7,2025-04-19,15,9,6,sick
U7-04,upkeep,7,2025-04-19,15,8,7,no show
G1-01,harvest,1,2025-04-20,28,19,9,rest day
G1-02,harvest,1,2025-04-20,26,18,8,rest day
G1-03,harvest,1,2025-04-20,25,25,0,
G1-04,harvest,1,2025-04-20,26,12,14,rest day
G2-01,harvest,2,2025-04-20,24,14,10,rest day
G2-02,harvest,2,2025-04-20,20,18,2,rest day
G2-03,harvest,2,2025-04-20,24,10,14,rest day
G2-04,harvest,2,2025-04-20,25,17,8,rest day
G3-01,harvest,3,2025-04-20,27,27,0,
G3-02,harvest,3,2025-04-20,24,18,6,rest day
G3-03,harvest,3,2025-04-20,25,18,7,rest day
G3-04,harvest,3,2025-04-20,24,10,14,rest day
G4-01,harvest,4,2025-04-20,26,10,16,rest day
G4-02,harvest,4,2025-04-20,25,10,15,rest day
G4-03,harvest,4,2025-04-20,24,11,13,rest day
G4-04,harvest,4,2025-04-20,20,20,0,
G5-01,harvest,5,2025-04-20,23,18,5,rest day
G5-02,harvest,5,2025-04-20,27,27,0,
G5-03,harvest,5,2025-04-20,19,18,1,rest day
G6-01,harvest,6,2025-04-20,24,9,15,rest day
G6-02,harvest,6,2025-04-20,18,6,12,rest day
G6-03,harvest,6,2025-04-20,24,14,10,rest day
G6-04,harvest,6,2025-04-20,24,13,11,rest day
G6-05,harvest,6,2025-04-20,21,9,12,rest day
G7-01,harvest,7,2025-04-20,27,15,12,rest day
G7-02,harvest,7,2025-04-20,21,21,0,
G7-03,harvest,7,2025-04-20,20,9,11,rest day
G7-04,harvest,7,2025-04-20,27,18,9,rest day
P1-01,pest,1,2025-04-20,11,3,8,rest day
P2-01,pest,2,2025-04-20,10,3,7,rest day
P3-01,pest,3,2025-04-20,11,4,7,rest day
P4-01,pest,4,2025-04-20,10,4,6,rest day
P5-01,pest,5,2025-04-20,10,4,6,rest day
P6-01,pest,6,2025-04-20,13,5,8,rest day
P7-01,pest,7,2025-04-20,13,6,7,rest day
S1-01,spray,1,2025-04-20,15,5,10,rest day
S2-01,spray,2,2025-04-20,14,7,7,rest day
S3-01,spray,3,2025-04-20,17,7,10,rest day
S4-01,spray,4,2025-04-20,16,7,9,rest day
S5-01,spray,5,2025-04-20,13,8,5,rest day
S6-01,spray,6,2025-04-20,18,9,9,rest day
S7-01,spray,7,2025-04-20,17,2,15,rest day
U1-01,upkeep,1,2025-04-20,19,6,13,rest day
U1-02,upkeep,1,2025-04-20,19,10,9,rest day
U1-03,upkeep,1,2025-04-20,19,8,11,rest day
U2-01,upkeep,2,2025-04-20,18,9,9,rest day
U2-02,upkeep,2,2025-04-20,18,7,11,rest day
U2-03,upkeep,2,2025-04-20,18,9,9,rest day
U3-01,upkeep,3,2025-04-20,16,5,11,rest day
U3-02,upkeep,3,2025-04-20,16,4,12,rest day
U3-03,upkeep,3,2025-04-20,16,6,10,rest day
U3-04,upkeep,3,2025-04-20,16,2,14,rest day
U4-01,upkeep,4,2025-04-20,15,6,9,rest day
U4-02,upkeep,4,2025-04-20,15,5,10,rest day
U4-03,upkeep,4,2025-04-20,15,4,11,rest day
U4-04,upkeep,4,2025-04-20,15,8,7,rest day
U5-01,upkeep,5,2025-04-20,16,7,9,rest day
U5-02,upkeep,5,2025-04-20,16,7,9,rest day
U5-03,upkeep,5,2025-04-20,16,7,9,rest day
U6-01,upkeep,6,2025-04-20,17,7,10,rest day
U6-02,upkeep,6,2025-04-20,17,9,8,rest day
U6-03,upkeep,6,2025-04-20,17,7,10,rest day
U6-04,upkeep,6,2025-04-20,17,9,8,rest day
U7-01,upkeep,7,2025-04-20,15,6,9,rest day
U7-02,upkeep,7,2025-04-20,15,3,12,rest day
U7-03,upkeep,7,2025-04-20,15,5,10,rest day
U7-04,upkeep,7,2025-04-20,15,5,10,rest day
G1-01,harvest,1,2025-04-21,28,23,5,sick
G1-02,harvest,1,2025-04-21,26,19,7,no show
G1-03,harvest,1,2025-04-21,25,25,0,
G1-04,harvest,1,2025-04-21,26,25,1,sick
G2-01,harvest,2,2025-04-21,24,24,0,
G2-02,harvest,2,2025-04-21,20,20,0,
G2-03,harvest,2,2025-04-21,24,16,8,leave
G2-04,harvest,2,2025-04-21,25,25,0,
G3-01,harvest,3,2025-04-21,27,27,0,
G3-02,harvest,3,2025-04-21,24,19,5,leave
G3-03,harvest,3,2025-04-21,25,25,0,
G3-04,harvest,3,2025-04-21,24,16,8,sick
G4-01,harvest,4,2025-04-21,26,23,3,sick
G4-02,harvest,4,2025-04-21,25,21,4,sick
G4-03,harvest,4,2025-04-21,24,24,0,
G4-04,harvest,4,2025-04-21,20,16,4,sick
G5-01,harvest,5,2025-04-21,23,21,2,leave
G5-02,harvest,5,2025-04-21,27,20,7,leave
G5-03,harvest,5,2025-04-21,19,19,0,
G6-01,harvest,6,2025-04-21,24,19,5,sick
G6-02,harvest,6,2025-04-21,18,18,0,
G6-03,harvest,6,2025-04-21,24,19,5,sick
G6-04,harvest,6,2025-04-21,24,19,5,sick
G6-05,harvest,6,2025-04-21,21,17,4,sick
G7-01,harvest,7,2025-04-21,27,22,5,sick
G7-02,harvest,7,2025-04-21,21,14,7,leave
G7-03,harvest,7,2025-04-21,20,20,0,
G7-04,harvest,7,2025-04-21,27,27,0,
P1-01,pest,1,2025-04-21,11,8,3,sick
P2-01,pest,2,2025-04-21,10,6,4,sick
P3-01,pest,3,2025-04-21,11,5,6,sick
P4-01,pest,4,2025-04-21,10,7,3,sick
P5-01,pest,5,2025-04-21,10,8,2,sick
P6-01,pest,6,2025-04-21,13,10,3,leave
P7-01,pest,7,2025-04-21,13,9,4,sick
S1-01,spray,1,2025-04-21,15,11,4,leave
S2-01,spray,2,2025-04-21,14,11,3,leave
S3-01,spray,3,2025-04-21,17,10,7,leave
S4-01,spray,4,2025-04-21,16,13,3,sick
S5-01,spray,5,2025-04-21,13,12,1,sick
S6-01,spray,6,2025-04-21,18,14,4,leave
S7-01,spray,7,2025-04-21,17,12,5,sick
U1-01,upkeep,1,2025-04-21,19,16,3,sick
U1-02,upkeep,1,2025-04-21,19,12,7,leave
U1-03,upkeep,1,2025-04-21,19,15,4,sick
U2-01,upkeep,2,2025-04-21,18,15,3,no show
U2-02,upkeep,2,2025-04-21,18,15,3,sick
U2-03,upkeep,2,2025-04-21,18,12,6,leave
U3-01,upkeep,3,2025-04-21,16,13,3,no show
U3-02,upkeep,3,2025-04-21,16,12,4,leave
U3-03,upkeep,3,2025-04-21,16,12,4,sick
U3-04,upkeep,3,2025-04-21,16,11,5,leave
U4-01,upkeep,4,2025-04-21,15,11,4,leave
U4-02,upkeep,4,2025-04-21,15,11,4,leave
U4-03,upkeep,4,2025-04-21,15,12,3,leave
U4-04,upkeep,4,2025-04-21,15,13,2,sick
U5-01,upkeep,5,2025-04-21,16,14,2,leave
U5-02,upkeep,5,2025-04-21,16,13,3,no show
U5-03,upkeep,5,2025-04-21,16,12,4,no show
U6-01,upkeep,6,2025-04-21,17,13,4,sick
U6-02,upkeep,6,2025-04-21,17,11,6,no show
U6-03,upkeep,6,2025-04-21,17,14,3,sick
U6-04,upkeep,6,2025-04-21,17,13,4,sick
U7-01,upkeep,7,2025-04-21,15,10,5,no show
U7-02,upkeep,7,2025-04-21,15,10,5,no show
U7-03,upkeep,7,2025-04-21,15,11,4,no show
U7-04,upkeep,7,2025-04-21,15,9,6,sick
G1-01,harvest,1,2025-04-22,28,22,6,rain
G1-02,harvest,1,2025-04-22,26,26,0,
G1-03,harvest,1,2025-04-22,25,23,2,rain
G1-04,harvest,1,2025-04-22,26,26,0,
G2-01,harvest,2,2025-04-22,24,19,5,rain
G2-02,harvest,2,2025-04-22,20,14,6,rain
G2-03,harvest,2,2025-04-22,24,18,6,rain
G2-04,harvest,2,2025-04-22,25,18,7,rain
G3-01,harvest,3,2025-04-22,27,26,1,rain
G3-02,harvest,3,2025-04-22,24,18,6,rain
G3-03,harvest,3,2025-04-22,25,25,0,
G3-04,harvest,3,2025-04-22,24,20,4,rain
G4-01,harvest,4,2025-04-22,26,26,0,
G4-02,harvest,4,2025-04-22,25,25,0,
G4-03,harvest,4,2025-04-22,24,24,0,
G4-04,harvest,4,2025-04-22,20,20,0,
G5-01,harvest,5,2025-04-22,23,18,5,rain
G5-02,harvest,5,2025-04-22,27,25,2,rain
G5-03,harvest,5,2025-04-22,19,16,3,rain
G6-01,harvest,6,2025-04-22,24,19,5,rain
G6-02,harvest,6,2025-04-22,18,13,5,rain
G6-03,harvest,6,2025-04-22,24,17,7,rain
G6-04,harvest,6,2025-04-22,24,18,6,rain
G6-05,harvest,6,2025-04-22,21,14,7,rain
G7-01,harvest,7,2025-04-22,27,19,8,rain
G7-02,harvest,7,2025-04-22,21,12,9,rain
G7-03,harvest,7,2025-04-22,20,20,0,
G7-04,harvest,7,2025-04-22,27,18,9,rain
P1-01,pest,1,2025-04-22,11,7,4,rain
P2-01,pest,2,2025-04-22,10,8,2,rain
P3-01,pest,3,2025-04-22,11,8,3,rain
P4-01,pest,4,2025-04-22,10,7,3,rain
P5-01,pest,5,2025-04-22,10,7,3,rain
P6-01,pest,6,2025-04-22,13,9,4,rain
P7-01,pest,7,2025-04-22,13,7,6,rain
S1-01,spray,1,2025-04-22,15,10,5,rain
S2-01,spray,2,2025-04-22,14,9,5,rain
S3-01,spray,3,2025-04-22,17,10,7,rain
S4-01,spray,4,2025-04-22,16,11,5,rain
S5-01,spray,5,2025-04-22,13,9,4,rain
S6-01,spray,6,2025-04-22,18,13,5,rain
S7-01,spray,7,2025-04-22,17,12,5,rain
U1-01,upkeep,1,2025-04-22,19,15,4,rain
U1-02,upkeep,1,2025-04-22,19,12,7,rain
U1-03,upkeep,1,2025-04-22,19,11,8,rain
U2-01,upkeep,2,2025-04-22,18,11,7,rain
U2-02,upkeep,2,2025-04-22,18,12,6,rain
U2-03,upkeep,2,2025-04-22,18,14,4,rain
U3-01,upkeep,3,2025-04-22,16,9,7,rain
U3-02,upkeep,3,2025-04-22,16,9,7,rain
U3-03,upkeep,3,2025-04-22,16,12,4,rain
U3-04,upkeep,3,2025-04-22,16,11,5,rain
U4-01,upkeep,4,2025-04-22,15,10,5,rain
U4-02,upkeep,4,2025-04-22,15,9,6,rain
U4-03,upkeep,4,2025-04-22,15,9,6,rain
U4-04,upkeep,4,2025-04-22,15,12,3,rain
U5-01,upkeep,5,2025-04-22,16,12,4,rain
U5-02,upkeep,5,2025-04-22,16,13,3,rain
U5-03,upkeep,5,2025-04-22,16,10,6,rain
U6-01,upkeep,6,2025-04-22,17,12,5,rain
U6-02,upkeep,6,2025-04-22,17,13,4,rain
U6-03,upkeep,6,2025-04-22,17,13,4,rain
U6-04,upkeep,6,2025-04-22,17,11,6,rain
U7-01,upkeep,7,2025-04-22,15,11,4,rain
U7-02,upkeep,7,2025-04-22,15,11,4,rain
U7-03,upkeep,7,2025-04-22,15,9,6,rain
U7-04,upkeep,7,2025-04-22,15,9,6,rain
G1-01,harvest,1,2025-04-23,28,21,7,no show
G1-02,harvest,1,2025-04-23,26,23,3,sick
G1-03,harvest,1,2025-04-23,25,23,2,no show
G1-04,harvest,1,2025-04-23,26,18,8,leave
G2-01,harvest,2,2025-04-23,24,24,0,
G2-02,harvest,2,2025-04-23,20,20,0,
G2-03,harvest,2,2025-04-23,24,22,2,sick
G2-04,harvest,2,2025-04-23,25,19,6,leave
G3-01,harvest,3,2025-04-23,27,27,0,
G3-02,harvest,3,2025-04-23,24,12,12,leave
G3-03,harvest,3,2025-04-23,25,17,8,no show
G3-04,harvest,3,2025-04-23,24,17,7,no show
G4-01,harvest,4,2025-04-23,26,21,5,sick
G4-02,harvest,4,2025-04-23,25,20,5,no show
G4-03,harvest,4,2025-04-23,24,21,3,sick
G4-04,harvest,4,2025-04-23,20,16,4,sick
G5-01,harvest,5,2025-04-23,23,23,0,
G5-02,harvest,5,2025-04-23,27,25,2,sick
G5-03,harvest,5,2025-04-23,19,19,0,
G6-01,harvest,6,2025-04-23,24,19,5,sick
G6-02,harvest,6,2025-04-23,18,13,5,leave
G6-03,harvest,6,2025-04-23,24,24,0,
G6-04,harvest,6,2025-04-23,24,21,3,sick
G6-05,harvest,6,2025-04-23,21,18,3,sick
G7-01,harvest,7,2025-04-23,27,19,8,no show
G7-02,harvest,7,2025-04-23,21,12,9,no show
G7-03,harvest,7,2025-04-23,20,17,3,no show
G7-04,harvest,7,2025-04-23,27,19,8,sick
P1-01,pest,1,2025-04-23,11,6,5,leave
P2-01,pest,2,2025-04-23,10,8,2,leave
P3-01,pest,3,2025-04-23,11,6,5,leave
P4-01,pest,4,2025-04-23,10,7,3,sick
P5-01,pest,5,2025-04-23,10,9,1,sick
P6-01,pest,6,2025-04-23,13,11,2,sick
P7-01,pest,7,2025-04-23,13,8,5,leave
S1-01,spray,1,2025-04-23,15,12,3,sick
S2-01,spray,2,2025-04-23,14,11,3,sick
S3-01,spray,3,2025-04-23,17,12,5,no show
S4-01,spray,4,2025-04-23,16,11,5,sick
S5-01,spray,5,2025-04-23,13,10,3,sick
S6-01,spray,6,2025-04-23,18,14,4,sick
S7-01,spray,7,2025-04-23,17,13,4,leave
U1-01,upkeep,1,2025-04-23,19,14,5,leave
U1-02,upkeep,1,2025-04-23,19,12,7,leave
U1-03,upkeep,1,2025-04-23,19,15,4,sick
U2-01,upkeep,2,2025-04-23,18,14,4,sick
U2-02,upkeep,2,2025-04-23,18,13,5,sick
U2-03,upkeep,2,2025-04-23,18,16,2,sick
U3-01,upkeep,3,2025-04-23,16,14,2,no show
U3-02,upkeep,3,2025-04-23,16,12,4,sick
U3-03,upkeep,3,2025-04-23,16,11,5,sick
U3-04,upkeep,3,2025-04-23,16,13,3,no show
U4-01,upkeep,4,2025-04-23,15,14,1,no show
U4-02,upkeep,4,2025-04-23,15,11,4,sick
U4-03,upkeep,4,2025-04-23,15,11,4,sick
U4-04,upkeep,4,2025-04-23,15,11,4,sick
U5-01,upkeep,5,2025-04-23,16,14,2,leave
U5-02,upkeep,5,2025-04-23,16,10,6,no show
U5-03,upkeep,5,2025-04-23,16,13,3,no show
U6-01,upkeep,6,2025-04-23,17,14,3,leave
U6-02,upkeep,6,2025-04-23,17,12,5,leave
U6-03,upkeep,6,2025-04-23,17,12,5,leave
U6-04,upkeep,6,2025-04-23,17,13,4,leave
U7-01,upkeep,7,2025-04-23,15,12,3,leave
U7-02,upkeep,7,2025-04-23,15,12,3,no show
U7-03,upkeep,7,2025-04-23,15,10,5,sick
U7-04,upkeep,7,2025-04-23,15,9,6,sick
G1-01,harvest,1,2025-04-24,28,24,4,no show
G1-02,harvest,1,2025-04-24,26,26,0,
G1-03,harvest,1,2025-04-24,25,25,0,
G1-04,harvest,1,2025-04-24,26,26,0,
G2-01,harvest,2,2025-04-24,24,22,2,leave
G2-02,harvest,2,2025-04-24,20,12,8,no show
G2-03,harvest,2,2025-04-24,24,24,0,
G2-04,harvest,2,2025-04-24,25,25,0,
G3-01,harvest,3,2025-04-24,27,27,0,
G3-02,harvest,3,2025-04-24,24,24,0,
G3-03,harvest,3,2025-04-24,25,25,0,
G3-04,harvest,3,2025-04-24,24,19,5,sick
G4-01,harvest,4,2025-04-24,26,21,5,no show
G4-02,harvest,4,2025-04-24,25,25,0,
G4-03,harvest,4,2025-04-24,24,16,8,sick
G4-04,harvest,4,2025-04-24,20,17,3,sick
G5-01,harvest,5,2025-04-24,23,22,1,leave
G5-02,harvest,5,2025-04-24,27,27,0,
G5-03,harvest,5,2025-04-24,19,18,1,no show
G6-01,harvest,6,2025-04-24,24,20,4,leave
G6-02,harvest,6,2025-04-24,18,18,0,
G6-03,harvest,6,2025-04-24,24,20,4,no show
G6-04,harvest,6,2025-04-24,24,22,2,no show
G6-05,harvest,6,2025-04-24,21,17,4,leave
G7-01,harvest,7,2025-04-24,27,18,9,no show
G7-02,harvest,7,2025-04-24,21,21,0,
G7-03,harvest,7,2025-04-24,20,18,2,no show
G7-04,harvest,7,2025-04-24,27,27,0,
P1-01,pest,1,2025-04-24,11,9,2,leave
P2-01,pest,2,2025-04-24,10,5,5,sick
P3-01,pest,3,2025-04-24,11,10,1,no show
P4-01,pest,4,2025-04-24,10,7,3,leave
P5-01,pest,5,2025-04-24,10,8,2,sick
P6-01,pest,6,2025-04-24,13,7,6,no show
P7-01,pest,7,2025-04-24,13,8,5,sick
S1-01,spray,1,2025-04-24,15,9,6,leave
S2-01,spray,2,2025-04-24,14,8,6,sick
S3-01,spray,3,2025-04-24,17,13,4,sick
S4-01,spray,4,2025-04-24,16,12,4,leave
S5-01,spray,5,2025-04-24,13,12,1,sick
S6-01,spray,6,2025-04-24,18,15,3,leave
S7-01,spray,7,2025-04-24,17,10,7,sick
U1-01,upkeep,1,2025-04-24,19,15,4,leave
U1-02,upkeep,1,2025-04-24,19,16,3,no show
U1-03,upkeep,1,2025-04-24,19,15,4,leave
U2-01,upkeep,2,2025-04-24,18,14,4,leave
U2-02,upkeep,2,2025-04-24,18,13,5,sick
U2-03,upkeep,2,2025-04-24,18,15,3,sick
U3-01,upkeep,3,2025-04-24,16,10,6,leave
U3-02,upkeep,3,2025-04-24,16,10,6,leave
U3-03,upkeep,3,2025-04-24,16,8,8,leave
U3-04,upkeep,3,2025-04-24,16,11,5,sick
U4-01,upkeep,4,2025-04-24,15,13,2,sick
U4-02,upkeep,4,2025-04-24,15,11,4,leave
U4-03,upkeep,4,2025-04-24,15,12,3,sick
U4-04,upkeep,4,2025-04-24,15,11,4,leave
U5-01,upkeep,5,2025-04-24,16,11,5,sick
U5-02,upkeep,5,2025-04-24,16,13,3,sick
U5-03,upkeep,5,2025-04-24,16,11,5,leave
U6-01,upkeep,6,2025-04-24,17,14,3,sick
U6-02,upkeep,6,2025-04-24,17,12,5,no show
U6-03,upkeep,6,2025-04-24,17,12,5,sick
U6-04,upkeep,6,2025-04-24,17,14,3,leave
U7-01,upkeep,7,2025-04-24,15,10,5,sick
U7-02,upkeep,7,2025-04-24,15,7,8,no show
U7-03,upkeep,7,2025-04-24,15,12,3,sick
U7-04,upkeep,7,2025-04-24,15,11,4,sick
G1-01,harvest,1,2025-04-25,28,19,9,rain
G1-02,harvest,1,2025-04-25,26,21,5,rain
G1-03,harvest,1,2025-04-25,25,25,0,
G1-04,harvest,1,2025-04-25,26,25,1,rain
G2-01,harvest,2,2025-04-25,24,23,1,rain
G2-02,harvest,2,2025-04-25,20,15,5,rain
G2-03,harvest,2,2025-04-25,24,14,10,rain
G2-04,harvest,2,2025-04-25,25,18,7,rain
G3-01,harvest,3,2025-04-25,27,27,0,
G3-02,harvest,3,2025-04-25,24,24,0,
G3-03,harvest,3,2025-04-25,25,25,0,
G3-04,harvest,3,2025-04-25,24,16,8,rain
G4-01,harvest,4,2025-04-25,26,18,8,rain
G4-02,harvest,4,2025-04-25,25,25,0,
G4-03,harvest,4,2025-04-25,24,19,5,rain
G4-04,harvest,4,2025-04-25,20,18,2,rain
G5-01,harvest,5,2025-04-25,23,18,5,rain
G5-02,harvest,5,2025-04-25,27,27,0,
G5-03,harvest,5,2025-04-25,19,17,2,rain
G6-01,harvest,6,2025-04-25,24,17,7,rain
G6-02,harvest,6,2025-04-25,18,18,0,
G6-03,harvest,6,2025-04-25,24,24,0,
G6-04,harvest,6,2025-04-25,24,24,0,
G6-05,harvest,6,2025-04-25,21,15,6,rain
G7-01,harvest,7,2025-04-25,27,20,7,rain
G7-02,harvest,7,2025-04-25,21,11,10,rain
G7-03,harvest,7,2025-04-25,20,18,2,rain
G7-04,harvest,7,2025-04-25,27,19,8,rain
P1-01,pest,1,2025-04-25,11,8,3,rain
P2-01,pest,2,2025-04-25,10,4,6,rain
P3-01,pest,3,2025-04-25,11,5,6,rain
P4-01,pest,4,2025-04-25,10,7,3,rain
P5-01,pest,5,2025-04-25,10,7,3,rain
P6-01,pest,6,2025-04-25,13,10,3,rain
P7-01,pest,7,2025-04-25,13,7,6,rain
S1-01,spray,1,2025-04-25,15,10,5,rain
S2-01,spray,2,2025-04-25,14,11,3,rain
S3-01,spray,3,2025-04-25,17,10,7,rain
S4-01,spray,4,2025-04-25,16,9,7,rain
S5-01,spray,5,2025-04-25,13,9,4,rain
S6-01,spray,6,2025-04-25,18,12,6,rain
S7-01,spray,7,2025-04-25,17,11,6,rain
U1-01,upkeep,1,2025-04-25,19,13,6,rain
U1-02,upkeep,1,2025-04-25,19,14,5,rain
U1-03,upkeep,1,2025-04-25,19,12,7,rain
U2-01,upkeep,2,2025-04-25,18,12,6,rain
U2-02,upkeep,2,2025-04-25,18,12,6,rain
U2-03,upkeep,2,2025-04-25,18,11,7,rain
U3-01,upkeep,3,2025-04-25,16,10,6,rain
U3-02,upkeep,3,2025-04-25,16,13,3,rain
U3-03,upkeep,3,2025-04-25,16,9,7,rain
U3-04,upkeep,3,2025-04-25,16,9,7,rain
U4-01,upkeep,4,2025-04-25,15,10,5,rain
U4-02,upkeep,4,2025-04-25,15,11,4,rain
U4-03,upkeep,4,2025-04-25,15,10,5,rain
U4-04,upkeep,4,2025-04-25,15,11,4,rain
U5-01,upkeep,5,2025-04-25,16,13,3,rain
U5-02,upkeep,5,2025-04-25,16,11,5,rain
U5-03,upkeep,5,2025-04-25,16,15,1,rain
U6-01,upkeep,6,2025-04-25,17,11,6,rain
U6-02,upkeep,6,2025-04-25,17,13,4,rain
U6-03,upkeep,6,2025-04-25,17,12,5,rain
U6-04,upkeep,6,2025-04-25,17,11,6,rain
U7-01,upkeep,7,2025-04-25,15,11,4,rain
U7-02,upkeep,7,2025-04-25,15,7,8,rain
U7-03,upkeep,7,2025-04-25,15,8,7,rain
U7-04,upkeep,7,2025-04-25,15,8,7,rain
G1-01,harvest,1,2025-04-26,28,20,8,sick
G1-02,harvest,1,2025-04-26,26,22,4,no show
G1-03,harvest,1,2025-04-26,25,24,1,leave
G1-04,harvest,1,2025-04-26,26,22,4,sick
G2-01,harvest,2,2025-04-26,24,20,4,sick
G2-02,harvest,2,2025-04-26,20,15,5,no show
G2-03,harvest,2,2025-04-26,24,18,6,no show
G2-04,harvest,2,2025-04-26,25,17,8,sick
G3-01,harvest,3,2025-04-26,27,21,6,leave
G3-02,harvest,3,2025-04-26,24,18,6,leave
G3-03,harvest,3,2025-04-26,25,25,0,
G3-04,harvest,3,2025-04-26,24,17,7,leave
G4-01,harvest,4,2025-04-26,26,22,4,leave
G4-02,harvest,4,2025-04-26,25,17,8,leave
G4-03,harvest,4,2025-04-26,24,24,0,
G4-04,harvest,4,2025-04-26,20,17,3,leave
G5-01,harvest,5,2025-04-26,23,23,0,
G5-02,harvest,5,2025-04-26,27,24,3,no show
G5-03,harvest,5,2025-04-26,19,19,0,
G6-01,harvest,6,2025-04-26,24,24,0,
G6-02,harvest,6,2025-04-26,18,13,5,sick
G6-03,harvest,6,2025-04-26,24,20,4,sick
G6-04,harvest,6,2025-04-26,24,18,6,sick
G6-05,harvest,6,2025-04-26,21,16,5,sick
G7-01,harvest,7,2025-04-26,27,27,0,
G7-02,harvest,7,2025-04-26,21,18,3,sick
G7-03,harvest,7,2025-04-26,20,20,0,
G7-04,harvest,7,2025-04-26,27,17,10,sick
P1-01,pest,1,2025-04-26,11,5,6,no show
P2-01,pest,2,2025-04-26,10,7,3,sick
P3-01,pest,3,2025-04-26,11,8,3,no show
P4-01,pest,4,2025-04-26,10,5,5,sick
P5-01,pest,5,2025-04-26,10,8,2,leave
P6-01,pest,6,2025-04-26,13,10,3,no show
P7-01,pest,7,2025-04-26,13,8,5,leave
S1-01,spray,1,2025-04-26,15,10,5,no show
S2-01,spray,2,2025-04-26,14,10,4,leave
S3-01,spray,3,2025-04-26,17,12,5,leave
S4-01,spray,4,2025-04-26,16,15,1,no show
S5-01,spray,5,2025-04-26,13,12,1,sick
S6-01,spray,6,2025-04-26,18,13,5,leave
S7-01,spray,7,2025-04-26,17,11,6,sick
U1-01,upkeep,1,2025-04-26,19,15,4,sick
U1-02,upkeep,1,2025-04-26,19,14,5,leave
U1-03,upkeep,1,2025-04-26,19,16,3,leave
U2-01,upkeep,2,2025-04-26,18,13,5,sick
U2-02,upkeep,2,2025-04-26,18,15,3,sick
U2-03,upkeep,2,2025-04-26,18,15,3,leave
U3-01,upkeep,3,2025-04-26,16,10,6,no show
U3-02,upkeep,3,2025-04-26,16,12,4,leave
U3-03,upkeep,3,2025-04-26,16,7,9,sick
U3-04,upkeep,3,2025-04-26,16,10,6,sick
U4-01,upkeep,4,2025-04-26,15,9,6,no show
U4-02,upkeep,4,2025-04-26,15,10,5,leave
U4-03,upkeep,4,2025-04-26,15,13,2,sick
U4-04,upkeep,4,2025-04-26,15,13,2,sick
U5-01,upkeep,5,2025-04-26,16,13,3,leave
U5-02,upkeep,5,2025-04-26,16,15,1,no show
U5-03,upkeep,5,2025-04-26,16,12,4,sick
U6-01,upkeep,6,2025-04-26,17,14,3,leave
U6-02,upkeep,6,2025-04-26,17,13,4,no show
U6-03,upkeep,6,2025-04-26,17,13,4,sick
U6-04,upkeep,6,2025-04-26,17,11,6,no show
U7-01,upkeep,7,2025-04-26,15,10,5,sick
U7-02,upkeep,7,2025-04-26,15,12,3,sick
U7-03,upkeep,7,2025-04-26,15,10,5,leave
U7-04,upkeep,7,2025-04-26,15,11,4,leave
G1-01,harvest,1,2025-04-27,28,13,15,rest day
G1-02,harvest,1,2025-04-27,26,26,0,
G1-03,harvest,1,2025-04-27,25,10,15,rest day
G1-04,harvest,1,2025-04-27,26,26,0,
G2-01,harvest,2,2025-04-27,24,24,0,
G2-02,harvest,2,2025-04-27,20,20,0,
G2-03,harvest,2,2025-04-27,24,11,13,rest day
G2-04,harvest,2,2025-04-27,25,25,0,
G3-01,harvest,3,2025-04-27,27,27,0,
G3-02,harvest,3,2025-04-27,24,11,13,rest day
G3-03,harvest,3,2025-04-27,25,11,14,rest day
G3-04,harvest,3,2025-04-27,24,15,9,rest day
G4-01,harvest,4,2025-04-27,26,9,17,rest day
G4-02,harvest,4,2025-04-27,25,11,14,rest day
G4-03,harvest,4,2025-04-27,24,11,13,rest day
G4-04,harvest,4,2025-04-27,20,9,11,rest day
G5-01,harvest,5,2025-04-27,23,14,9,rest day
G5-02,harvest,5,2025-04-27,27,14,13,rest day
G5-03,harvest,5,2025-04-27,19,18,1,rest day
G6-01,harvest,6,2025-04-27,24,13,11,rest day
G6-02,harvest,6,2025-04-27,18,18,0,
G6-03,harvest,6,2025-04-27,24,13,11,rest day
G6-04,harvest,6,2025-04-27,24,18,6,rest day
G6-05,harvest,6,2025-04-27,21,9,12,rest day
G7-01,harvest,7,2025-04-27,27,10,17,rest day
G7-02,harvest,7,2025-04-27,21,18,3,rest day
G7-03,harvest,7,2025-04-27,20,9,11,rest day
G7-04,harvest,7,2025-04-27,27,27,0,
P1-01,pest,1,2025-04-27,11,4,7,rest day
P2-01,pest,2,2025-04-27,10,4,6,rest day
P3-01,pest,3,2025-04-27,11,4,7,rest day
P4-01,pest,4,2025-04-27,10,5,5,rest day
P5-01,pest,5,2025-04-27,10,4,6,rest day
P6-01,pest,6,2025-04-27,13,5,8,rest day
P7-01,pest,7,2025-04-27,13,5,8,rest day
S1-01,spray,1,2025-04-27,15,8,7,rest day
S2-01,spray,2,2025-04-27,14,5,9,rest day
S3-01,spray,3,2025-04-27,17,8,9,rest day
S4-01,spray,4,2025-04-27,16,8,8,rest day
S5-01,spray,5,2025-04-27,13,6,7,rest day
S6-01,spray,6,2025-04-27,18,8,10,rest day
S7-01,spray,7,2025-04-27,17,6,11,rest day
U1-01,upkeep,1,2025-04-27,19,11,8,rest day
U1-02,upkeep,1,2025-04-27,19,9,10,rest day
U1-03,upkeep,1,2025-04-27,19,6,13,rest day
U2-01,upkeep,2,2025-04-27,18,7,11,rest day
U2-02,upkeep,2,2025-04-27,18,7,11,rest day
U2-03,upkeep,2,2025-04-27,18,10,8,rest day
U3-01,upkeep,3,2025-04-27,16,4,12,rest day
U3-02,upkeep,3,2025-04-27,16,4,12,rest day
U3-03,upkeep,3,2025-04-27,16,5,11,rest day
U3-04,upkeep,3,2025-04-27,16,5,11,rest day
U4-01,upkeep,4,2025-04-27,15,5,10,rest day
U4-02,upkeep,4,2025-04-27,15,4,11,rest day
U4-03,upkeep,4,2025-04-27,15,7,8,rest day
U4-04,upkeep,4,2025-04-27,15,7,8,rest day
U5-01,upkeep,5,2025-04-27,16,9,7,rest day
U5-02,upkeep,5,2025-04-27,16,7,9,rest day
U5-03,upkeep,5,2025-04-27,16,8,8,rest day
U6-01,upkeep,6,2025-04-27,17,9,8,rest day
U6-02,upkeep,6,2025-04-27,17,6,11,rest day
U6-03,upkeep,6,2025-04-27,17,7,10,rest day
U6-04,upkeep,6,2025-04-27,17,6,11,rest day
U7-01,upkeep,7,2025-04-27,15,7,8,rest day
U7-02,upkeep,7,2025-04-27,15,5,10,rest day
U7-03,upkeep,7,2025-04-27,15,6,9,rest day
U7-04,upkeep,7,2025-04-27,15,5,10,rest day
G1-01,harvest,1,2025-04-28,28,25,3,leave
G1-02,harvest,1,2025-04-28,26,26,0,
G1-03,harvest,1,2025-04-28,25,24,1,sick
G1-04,harvest,1,2025-04-28,26,26,0,
G2-01,harvest,2,2025-04-28,24,19,5,leave
G2-02,harvest,2,2025-04-28,20,18,2,sick
G2-03,harvest,2,2025-04-28,24,18,6,leave
G2-04,harvest,2,2025-04-28,25,20,5,leave
G3-01,harvest,3,2025-04-28,27,21,6,leave
G3-02,harvest,3,2025-04-28,24,24,0,
G3-03,harvest,3,2025-04-28,25,21,4,leave
G3-04,harvest,3,2025-04-28,24,17,7,sick
G4-01,harvest,4,2025-04-28,26,26,0,
G4-02,harvest,4,2025-04-28,25,22,3,sick
G4-03,harvest,4,2025-04-28,24,24,0,
G4-04,harvest,4,2025-04-28,20,16,4,no show
G5-01,harvest,5,2025-04-28,23,23,0,
G5-02,harvest,5,2025-04-28,27,23,4,leave
G5-03,harvest,5,2025-04-28,19,14,5,sick
G6-01,harvest,6,2025-04-28,24,24,0,
G6-02,harvest,6,2025-04-28,18,14,4,leave
G6-03,harvest,6,2025-04-28,24,19,5,sick
G6-04,harvest,6,2025-04-28,24,17,7,sick
G6-05,harvest,6,2025-04-28,21,18,3,no show
G7-01,harvest,7,2025-04-28,27,18,9,leave
G7-02,harvest,7,2025-04-28,21,16,5,leave
G7-03,harvest,7,2025-04-28,20,18,2,sick
G7-04,harvest,7,2025-04-28,27,27,0,
P1-01,pest,1,2025-04-28,11,7,4,sick
P2-01,pest,2,2025-04-28,10,7,3,leave
P3-01,pest,3,2025-04-28,11,8,3,no show
P4-01,pest,4,2025-04-28,10,9,1,sick
P5-01,pest,5,2025-04-28,10,8,2,no show
P6-01,pest,6,2025-04-28,13,10,3,leave
P7-01,pest,7,2025-04-28,13,9,4,sick
S1-01,spray,1,2025-04-28,15,14,1,sick
S2-01,spray,2,2025-04-28,14,10,4,leave
S3-01,spray,3,2025-04-28,17,12,5,sick
S4-01,spray,4,2025-04-28,16,13,3,no show
S5-01,spray,5,2025-04-28,13,12,1,no show
S6-01,spray,6,2025-04-28,18,11,7,no show
S7-01,spray,7,2025-04-28,17,11,6,sick
U1-01,upkeep,1,2025-04-28,19,13,6,sick
U1-02,upkeep,1,2025-04-28,19,14,5,sick
U1-03,upkeep,1,2025-04-28,19,15,4,sick
U2-01,upkeep,2,2025-04-28,18,16,2,sick
U2-02,upkeep,2,2025-04-28,18,14,4,leave
U2-03,upkeep,2,2025-04-28,18,14,4,leave
U3-01,upkeep,3,2025-04-28,16,12,4,sick
U3-02,upkeep,3,2025-04-28,16,11,5,leave
U3-03,upkeep,3,2025-04-28,16,9,7,leave
U3-04,upkeep,3,2025-04-28,16,9,7,leave
U4-01,upkeep,4,2025-04-28,15,11,4,sick
U4-02,upkeep,4,2025-04-28,15,12,3,sick
U4-03,upkeep,4,2025-04-28,15,12,3,sick
U4-04,upkeep,4,2025-04-28,15,13,2,sick
U5-01,upkeep,5,2025-04-28,16,12,4,sick
U5-02,upkeep,5,2025-04-28,16,12,4,no show
U5-03,upkeep,5,2025-04-28,16,13,3,sick
U6-01,upkeep,6,2025-04-28,17,13,4,sick
U6-02,upkeep,6,2025-04-28,17,13,4,leave
U6-03,upkeep,6,2025-04-28,17,14,3,leave
U6-04,upkeep,6,2025-04-28,17,13,4,leave
U7-01,upkeep,7,2025-04-28,15,12,3,leave
U7-02,upkeep,7,2025-04-28,15,11,4,sick
U7-03,upkeep,7,2025-04-28,15,11,4,sick
U7-04,upkeep,7,2025-04-28,15,13,2,sick
G1-01,harvest,1,2025-04-29,28,20,8,sick
G1-02,harvest,1,2025-04-29,26,22,4,sick
G1-03,harvest,1,2025-04-29,25,25,0,
G1-04,harvest,1,2025-04-29,26,24,2,sick
G2-01,harvest,2,2025-04-29,24,24,0,
G2-02,harvest,2,2025-04-29,20,20,0,
G2-03,harvest,2,2025-04-29,24,20,4,sick
G2-04,harvest,2,2025-04-29,25,19,6,sick
G3-01,harvest,3,2025-04-29,27,27,0,
G3-02,harvest,3,2025-04-29,24,24,0,
G3-03,harvest,3,2025-04-29,25,18,7,sick
G3-04,harvest,3,2025-04-29,24,17,7,sick
G4-01,harvest,4,2025-04-29,26,25,1,leave
G4-02,harvest,4,2025-04-29,25,25,0,
G4-03,harvest,4,2025-04-29,24,20,4,leave
G4-04,harvest,4,2025-04-29,20,16,4,sick
G5-01,harvest,5,2025-04-29,23,19,4,leave
G5-02,harvest,5,2025-04-29,27,27,0,
G5-03,harvest,5,2025-04-29,19,16,3,leave
G6-01,harvest,6,2025-04-29,24,20,4,leave
G6-02,harvest,6,2025-04-29,18,13,5,sick
G6-03,harvest,6,2025-04-29,24,16,8,sick
G6-04,harvest,6,2025-04-29,24,20,4,leave
G6-05,harvest,6,2025-04-29,21,16,5,leave
G7-01,harvest,7,2025-04-29,27,13,14,sick
G7-02,harvest,7,2025-04-29,21,13,8,leave
G7-03,harvest,7,2025-04-29,20,13,7,sick
G7-04,harvest,7,2025-04-29,27,19,8,leave
P1-01,pest,1,2025-04-29,11,5,6,sick
P2-01,pest,2,2025-04-29,10,7,3,sick
P3-01,pest,3,2025-04-29,11,9,2,sick
P4-01,pest,4,2025-04-29,10,7,3,leave
P5-01,pest,5,2025-04-29,10,7,3,sick
P6-01,pest,6,2025-04-29,13,10,3,no show
P7-01,pest,7,2025-04-29,13,7,6,no show
S1-01,spray,1,2025-04-29,15,12,3,leave
S2-01,spray,2,2025-04-29,14,9,5,no show
S3-01,spray,3,2025-04-29,17,13,4,sick
S4-01,spray,4,2025-04-29,16,12,4,no show
S5-01,spray,5,2025-04-29,13,11,2,sick
S6-01,spray,6,2025-04-29,18,12,6,sick
S7-01,spray,7,2025-04-29,17,13,4,leave
U1-01,upkeep,1,2025-04-29,19,12,7,no show
U1-02,upkeep,1,2025-04-29,19,12,7,sick
U1-03,upkeep,1,2025-04-29,19,16,3,leave
U2-01,upkeep,2,2025-04-29,18,17,1,leave
U2-02,upkeep,2,2025-04-29,18,12,6,sick
U2-03,upkeep,2,2025-04-29,18,14,4,sick
U3-01,upkeep,3,2025-04-29,16,9,7,sick
U3-02,upkeep,3,2025-04-29,16,12,4,no show
U3-03,upkeep,3,2025-04-29,16,12,4,sick
U3-04,upkeep,3,2025-04-29,16,7,9,leave
U4-01,upkeep,4,2025-04-29,15,11,4,leave
U4-02,upkeep,4,2025-04-29,15,13,2,sick
U4-03,upkeep,4,2025-04-29,15,9,6,no show
U4-04,upkeep,4,2025-04-29,15,10,5,no show
U5-01,upkeep,5,2025-04-29,16,8,8,leave
U5-02,upkeep,5,2025-04-29,16,14,2,sick
U5-03,upkeep,5,2025-04-29,16,14,2,sick
U6-01,upkeep,6,2025-04-29,17,14,3,sick
U6-02,upkeep,6,2025-04-29,17,14,3,no show
U6-03,upkeep,6,2025-04-29,17,15,2,sick
U6-04,upkeep,6,2025-04-29,17,13,4,sick
U7-01,upkeep,7,2025-04-29,15,9,6,sick
U7-02,upkeep,7,2025-04-29,15,13,2,leave
U7-03,upkeep,7,2025-04-29,15,9,6,sick
U7-04,upkeep,7,2025-04-29,15,10,5,sick
G1-01,harvest,1,2025-04-30,28,21,7,rain
G1-02,harvest,1,2025-04-30,26,20,6,rain
G1-03,harvest,1,2025-04-30,25,25,0,
G1-04,harvest,1,2025-04-30,26,17,9,rain
G2-01,harvest,2,2025-04-30,24,19,5,rain
G2-02,harvest,2,2025-04-30,20,15,5,rain
G2-03,harvest,2,2025-04-30,24,19,5,rain
G2-04,harvest,2,2025-04-30,25,18,7,rain
G3-01,harvest,3,2025-04-30,27,18,9,rain
G3-02,harvest,3,2025-04-30,24,16,8,rain
G3-03,harvest,3,2025-04-30,25,25,0,
G3-04,harvest,3,2025-04-30,24,19,5,rain
G4-01,harvest,4,2025-04-30,26,20,6,rain
G4-02,harvest,4,2025-04-30,25,25,0,
G4-03,harvest,4,2025-04-30,24,19,5,rain
G4-04,harvest,4,2025-04-30,20,18,2,rain
G5-01,harvest,5,2025-04-30,23,20,3,rain
G5-02,harvest,5,2025-04-30,27,23,4,rain
G5-03,harvest,5,2025-04-30,19,17,2,rain
G6-01,harvest,6,2025-04-30,24,17,7,rain
G6-02,harvest,6,2025-04-30,18,14,4,rain
G6-03,harvest,6,2025-04-30,24,15,9,rain
G6-04,harvest,6,2025-04-30,24,19,5,rain
G6-05,harvest,6,2025-04-30,21,13,8,rain
G7-01,harvest,7,2025-04-30,27,19,8,rain
G7-02,harvest,7,2025-04-30,21,21,0,
G7-03,harvest,7,2025-04-30,20,12,8,rain
G7-04,harvest,7,2025-04-30,27,15,12,rain
P1-01,pest,1,2025-04-30,11,9,2,rain
P2-01,pest,2,2025-04-30,10,5,5,rain
P3-01,pest,3,2025-04-30,11,7,4,rain
P4-01,pest,4,2025-04-30,10,8,2,rain
P5-01,pest,5,2025-04-30,10,8,2,rain
P6-01,pest,6,2025-04-30,13,9,4,rain
P7-01,pest,7,2025-04-30,13,5,8,rain
S1-01,spray,1,2025-04-30,15,9,6,rain
S2-01,spray,2,2025-04-30,14,8,6,rain
S3-01,spray,3,2025-04-30,17,12,5,rain
S4-01,spray,4,2025-04-30,16,13,3,rain
S5-01,spray,5,2025-04-30,13,9,4,rain
S6-01,spray,6,2025-04-30,18,12,6,rain
S7-01,spray,7,2025-04-30,17,11,6,rain
U1-01,upkeep,1,2025-04-30,19,11,8,rain
U1-02,upkeep,1,2025-04-30,19,15,4,rain
U1-03,upkeep,1,2025-04-30,19,14,5,rain
U2-01,upkeep,2,2025-04-30,18,14,4,rain
U2-02,upkeep,2,2025-04-30,18,14,4,rain
U2-03,upkeep,2,2025-04-30,18,11,7,rain
U3-01,upkeep,3,2025-04-30,16,9,7,rain
U3-02,upkeep,3,2025-04-30,16,10,6,rain
U3-03,upkeep,3,2025-04-30,16,11,5,rain
U3-04,upkeep,3,2025-04-30,16,11,5,rain
U4-01,upkeep,4,2025-04-30,15,10,5,rain
U4-02,upkeep,4,2025-04-30,15,10,5,rain
U4-03,upkeep,4,2025-04-30,15,13,2,rain
U4-04,upkeep,4,2025-04-30,15,11,4,rain
U5-01,upkeep,5,2025-04-30,16,13,3,rain
U5-02,upkeep,5,2025-04-30,16,11,5,rain
U5-03,upkeep,5,2025-04-30,16,13,3,rain
U6-01,upkeep,6,2025-04-30,17,14,3,rain
U6-02,upkeep,6,2025-04-30,17,11,6,rain
U6-03,upkeep,6,2025-04-30,17,12,5,rain
U6-04,upkeep,6,2025-04-30,17,12,5,rain
U7-01,upkeep,7,2025-04-30,15,10,5,rain
U7-02,upkeep,7,2025-04-30,15,7,8,rain
U7-03,upkeep,7,2025-04-30,15,8,7,rain
U7-04,upkeep,7,2025-04-30,15,10,5,rain
G1-01,harvest,1,2025-05-01,28,27,1,leave
G1-02,harvest,1,2025-05-01,26,26,0,
G1-03,harvest,1,2025-05-01,25,22,3,no show
G1-04,harvest,1,2025-05-01,26,26,0,
G2-01,harvest,2,2025-05-01,24,22,2,sick
G2-02,harvest,2,2025-05-01,20,18,2,no show
G2-03,harvest,2,2025-05-01,24,24,0,
G2-04,harvest,2,2025-05-01,25,21,4,no show
G3-01,harvest,3,2025-05-01,27,21,6,leave
G3-02,harvest,3,2025-05-01,24,24,0,
G3-03,harvest,3,2025-05-01,25,25,0,
G3-04,harvest,3,2025-05-01,24,20,4,no show
G4-01,harvest,4,2025-05-01,26,23,3,no show
G4-02,harvest,4,2025-05-01,25,18,7,sick
G4-03,harvest,4,2025-05-01,24,19,5,no show
G4-04,harvest,4,2025-05-01,20,18,2,leave
G5-01,harvest,5,2025-05-01,23,20,3,sick
G5-02,harvest,5,2025-05-01,27,23,4,sick
G5-03,harvest,5,2025-05-01,19,18,1,sick
G6-01,harvest,6,2025-05-01,24,24,0,
G6-02,harvest,6,2025-05-01,18,18,0,
G6-03,harvest,6,2025-05-01,24,24,0,
G6-04,harvest,6,2025-05-01,24,24,0,
G6-05,harvest,6,2025-05-01,21,20,1,no show
G7-01,harvest,7,2025-05-01,27,24,3,sick
G7-02,harvest,7,2025-05-01,21,21,0,
G7-03,harvest,7,2025-05-01,20,20,0,
G7-04,harvest,7,2025-05-01,27,24,3,sick
P1-01,pest,1,2025-05-01,11,11,0,
P2-01,pest,2,2025-05-01,10,9,1,sick
P3-01,pest,3,2025-05-01,11,10,1,sick
P4-01,pest,4,2025-05-01,10,7,3,sick
P5-01,pest,5,2025-05-01,10,8,2,sick
P6-01,pest,6,2025-05-01,13,13,0,
P7-01,pest,7,2025-05-01,13,11,2,no show
S1-01,spray,1,2025-05-01,15,13,2,sick
S2-01,spray,2,2025-05-01,14,13,1,no show
S3-01,spray,3,2025-05-01,17,16,1,no show
S4-01,spray,4,2025-05-01,16,14,2,no show
S5-01,spray,5,2025-05-01,13,8,5,leave
S6-01,spray,6,2025-05-01,18,17,1,sick
S7-01,spray,7,2025-05-01,17,16,1,no show
U1-01,upkeep,1,2025-05-01,19,18,1,sick
U1-02,upkeep,1,2025-05-01,19,17,2,sick
U1-03,upkeep,1,2025-05-01,19,19,0,
U2-01,upkeep,2,2025-05-01,18,16,2,no show
U2-02,upkeep,2,2025-05-01,18,17,1,leave
U2-03,upkeep,2,2025-05-01,18,17,1,leave
U3-01,upkeep,3,2025-05-01,16,16,0,
U3-02,upkeep,3,2025-05-01,16,16,0,
U3-03,upkeep,3,2025-05-01,16,14,2,sick
U3-04,upkeep,3,2025-05-01,16,15,1,sick
U4-01,upkeep,4,2025-05-01,15,13,2,sick
U4-02,upkeep,4,2025-05-01,15,12,3,leave
U4-03,upkeep,4,2025-05-01,15,12,3,sick
U4-04,upkeep,4,2025-05-01,15,12,3,sick
U5-01,upkeep,5,2025-05-01,16,16,0,
U5-02,upkeep,5,2025-05-01,16,13,3,leave
U5-03,upkeep,5,2025-05-01,16,12,4,sick
U6-01,upkeep,6,2025-05-01,17,16,1,leave
U6-02,upkeep,6,2025-05-01,17,17,0,
U6-03,upkeep,6,2025-05-01,17,16,1,leave
U6-04,upkeep,6,2025-05-01,17,17,0,
U7-01,upkeep,7,2025-05-01,15,13,2,sick
U7-02,upkeep,7,2025-05-01,15,12,3,sick
U7-03,upkeep,7,2025-05-01,15,10,5,sick
U7-04,upkeep,7,2025-05-01,15,14,1,no show
G1-01,harvest,1,2025-05-02,28,26,2,leave
G1-02,harvest,1,2025-05-02,26,23,3,no show
G1-03,harvest,1,2025-05-02,25,24,1,sick
G1-04,harvest,1,2025-05-02,26,24,2,sick
G2-01,harvest,2,2025-05-02,24,21,3,sick
G2-02,harvest,2,2025-05-02,20,20,0,
G2-03,harvest,2,2025-05-02,24,22,2,leave
G2-04,harvest,2,2025-05-02,25,20,5,sick
G3-01,harvest,3,2025-05-02,27,25,2,sick
G3-02,harvest,3,2025-05-02,24,22,2,leave
G3-03,harvest,3,2025-05-02,25,21,4,sick
G3-04,harvest,3,2025-05-02,24,23,1,leave
G4-01,harvest,4,2025-05-02,26,24,2,sick
G4-02,harvest,4,2025-05-02,25,23,2,sick
G4-03,harvest,4,2025-05-02,24,20,4,sick
G4-04,harvest,4,2025-05-02,20,18,2,leave
G5-01,harvest,5,2025-05-02,23,18,5,leave
G5-02,harvest,5,2025-05-02,27,26,1,leave
G5-03,harvest,5,2025-05-02,19,16,3,sick
G6-01,harvest,6,2025-05-02,24,23,1,no show
G6-02,harvest,6,2025-05-02,18,18,0,
G6-03,harvest,6,2025-05-02,24,24,0,
G6-04,harvest,6,2025-05-02,24,24,0,
G6-05,harvest,6,2025-05-02,21,21,0,
G7-01,harvest,7,2025-05-02,27,27,0,
G7-02,harvest,7,2025-05-02,21,18,3,no show
G7-03,harvest,7,2025-05-02,20,16,4,sick
G7-04,harvest,7,2025-05-02,27,27,0,
P1-01,pest,1,2025-05-02,11,9,2,sick
P2-01,pest,2,2025-05-02,10,7,3,leave
P3-01,pest,3,2025-05-02,11,9,2,sick
P4-01,pest,4,2025-05-02,10,9,1,leave
P5-01,pest,5,2025-05-02,10,9,1,no show
P6-01,pest,6,2025-05-02,13,12,1,sick
P7-01,pest,7,2025-05-02,13,11,2,sick
S1-01,spray,1,2025-05-02,15,15,0,
S2-01,spray,2,2025-05-02,14,13,1,no show
S3-01,spray,3,2025-05-02,17,17,0,
S4-01,spray,4,2025-05-02,16,15,1,no show
S5-01,spray,5,2025-05-02,13,12,1,no show
S6-01,spray,6,2025-05-02,18,16,2,leave
S7-01,spray,7,2025-05-02,17,14,3,sick
U1-01,upkeep,1,2025-05-02,19,17,2,no show
U1-02,upkeep,1,2025-05-02,19,17,2,sick
U1-03,upkeep,1,2025-05-02,19,15,4,sick
U2-01,upkeep,2,2025-05-02,18,17,1,sick
U2-02,upkeep,2,2025-05-02,18,15,3,sick
U2-03,upkeep,2,2025-05-02,18,15,3,sick
U3-01,upkeep,3,2025-05-02,16,15,1,leave
U3-02,upkeep,3,2025-05-02,16,16,0,
U3-03,upkeep,3,2025-05-02,16,16,0,
U3-04,upkeep,3,2025-05-02,16,16,0,
U4-01,upkeep,4,2025-05-02,15,12,3,sick
U4-02,upkeep,4,2025-05-02,15,15,0,
U4-03,upkeep,4,2025-05-02,15,11,4,sick
U4-04,upkeep,4,2025-05-02,15,13,2,leave
U5-01,upkeep,5,2025-05-02,16,13,3,sick
U5-02,upkeep,5,2025-05-02,16,12,4,leave
U5-03,upkeep,5,2025-05-02,16,15,1,no show
U6-01,upkeep,6,2025-05-02,17,15,2,leave
U6-02,upkeep,6,2025-05-02,17,14,3,no show
U6-03,upkeep,6,2025-05-02,17,15,2,sick
U6-04,upkeep,6,2025-05-02,17,17,0,
U7-01,upkeep,7,2025-05-02,15,12,3,sick
U7-02,upkeep,7,2025-05-02,15,14,1,no show
U7-03,upkeep,7,2025-05-02,15,14,1,sick
U7-04,upkeep,7,2025-05-02,15,14,1,leave
G1-01,harvest,1,2025-05-03,28,27,1,leave
G1-02,harvest,1,2025-05-03,26,25,1,no show
G1-03,harvest,1,2025-05-03,25,21,4,sick
G1-04,harvest,1,2025-05-03,26,24,2,leave
G2-01,harvest,2,2025-05-03,24,18,6,sick
G2-02,harvest,2,2025-05-03,20,17,3,sick
G2-03,harvest,2,2025-05-03,24,24,0,
G2-04,harvest,2,2025-05-03,25,24,1,leave
G3-01,harvest,3,2025-05-03,27,26,1,no show
G3-02,harvest,3,2025-05-03,24,24,0,
G3-03,harvest,3,2025-05-03,25,22,3,leave
G3-04,harvest,3,2025-05-03,24,22,2,leave
G4-01,harvest,4,2025-05-03,26,24,2,leave
G4-02,harvest,4,2025-05-03,25,25,0,
G4-03,harvest,4,2025-05-03,24,24,0,
G4-04,harvest,4,2025-05-03,20,20,0,
G5-01,harvest,5,2025-05-03,23,23,0,
G5-02,harvest,5,2025-05-03,27,23,4,sick
G5-03,harvest,5,2025-05-03,19,19,0,
G6-01,harvest,6,2025-05-03,24,24,0,
G6-02,harvest,6,2025-05-03,18,18,0,
G6-03,harvest,6,2025-05-03,24,21,3,leave
G6-04,harvest,6,2025-05-03,24,22,2,sick
G6-05,harvest,6,2025-05-03,21,18,3,sick
G7-01,harvest,7,2025-05-03,27,26,1,sick
G7-02,harvest,7,2025-05-03,21,20,1,sick
G7-03,harvest,7,2025-05-03,20,18,2,leave
G7-04,harvest,7,2025-05-03,27,24,3,sick
P1-01,pest,1,2025-05-03,11,7,4,sick
P2-01,pest,2,2025-05-03,10,9,1,leave
P3-01,pest,3,2025-05-03,11,11,0,
P4-01,pest,4,2025-05-03,10,9,1,sick
P5-01,pest,5,2025-05-03,10,7,3,leave
P6-01,pest,6,2025-05-03,13,11,2,sick
P7-01,pest,7,2025-05-03,13,13,0,
S1-01,spray,1,2025-05-03,15,13,2,leave
S2-01,spray,2,2025-05-03,14,12,2,sick
S3-01,spray,3,2025-05-03,17,17,0,
S4-01,spray,4,2025-05-03,16,14,2,leave
S5-01,spray,5,2025-05-03,13,9,4,sick
S6-01,spray,6,2025-05-03,18,16,2,sick
S7-01,spray,7,2025-05-03,17,16,1,sick
U1-01,upkeep,1,2025-05-03,19,17,2,no show
U1-02,upkeep,1,2025-05-03,19,16,3,leave
U1-03,upkeep,1,2025-05-03,19,17,2,sick
U2-01,upkeep,2,2025-05-03,18,16,2,leave
U2-02,upkeep,2,2025-05-03,18,16,2,no show
U2-03,upkeep,2,2025-05-03,18,17,1,no show
U3-01,upkeep,3,2025-05-03,16,14,2,leave
U3-02,upkeep,3,2025-05-03,16,14,2,leave
U3-03,upkeep,3,2025-05-03,16,15,1,no show
U3-04,upkeep,3,2025-05-03,16,15,1,sick
U4-01,upkeep,4,2025-05-03,15,13,2,sick
U4-02,upkeep,4,2025-05-03,15,13,2,sick
U4-03,upkeep,4,2025-05-03,15,13,2,leave
U4-04,upkeep,4,2025-05-03,15,14,1,leave
U5-01,upkeep,5,2025-05-03,16,14,2,sick
U5-02,upkeep,5,2025-05-03,16,14,2,sick
U5-03,upkeep,5,2025-05-03,16,14,2,sick
U6-01,upkeep,6,2025-05-03,17,17,0,
U6-02,upkeep,6,2025-05-03,17,16,1,no show
U6-03,upkeep,6,2025-05-03,17,15,2,leave
U6-04,upkeep,6,2025-05-03,17,16,1,no show
U7-01,upkeep,7,2025-05-03,15,13,2,sick
U7-02,upkeep,7,2025-05-03,15,13,2,leave
U7-03,upkeep,7,2025-05-03,15,13,2,leave
U7-04,upkeep,7,2025-05-03,15,13,2,sick
G1-01,harvest,1,2025-05-04,28,22,6,rest day
G1-02,harvest,1,2025-05-04,26,15,11,rest day
G1-03,harvest,1,2025-05-04,25,13,12,rest day
G1-04,harvest,1,2025-05-04,26,26,0,
G2-01,harvest,2,2025-05-04,24,24,0,
G2-02,harvest,2,2025-05-04,20,9,11,rest day
G2-03,harvest,2,2025-05-04,24,13,11,rest day
G2-04,harvest,2,2025-05-04,25,12,13,rest day
G3-01,harvest,3,2025-05-04,27,14,13,rest day
G3-02,harvest,3,2025-05-04,24,24,0,
G3-03,harvest,3,2025-05-04,25,18,7,rest day
G3-04,harvest,3,2025-05-04,24,15,9,rest day
G4-01,harvest,4,2025-05-04,26,14,12,rest day
G4-02,harvest,4,2025-05-04,25,25,0,
G4-03,harvest,4,2025-05-04,24,12,12,rest day
G4-04,harvest,4,2025-05-04,20,9,11,rest day
G5-01,harvest,5,2025-05-04,23,18,5,rest day
G5-02,harvest,5,2025-05-04,27,13,14,rest day
G5-03,harvest,5,2025-05-04,19,10,9,rest day
G6-01,harvest,6,2025-05-04,24,24,0,
G6-02,harvest,6,2025-05-04,18,10,8,rest day
G6-03,harvest,6,2025-05-04,24,14,10,rest day
G6-04,harvest,6,2025-05-04,24,14,10,rest day
G6-05,harvest,6,2025-05-04,21,12,9,rest day
G7-01,harvest,7,2025-05-04,27,18,9,rest day
G7-02,harvest,7,2025-05-04,21,10,11,rest day
G7-03,harvest,7,2025-05-04,20,11,9,rest day
G7-04,harvest,7,2025-05-04,27,18,9,rest day
P1-01,pest,1,2025-05-04,11,6,5,rest day
P2-01,pest,2,2025-05-04,10,6,4,rest day
P3-01,pest,3,2025-05-04,11,6,5,rest day
P4-01,pest,4,2025-05-04,10,5,5,rest day
P5-01,pest,5,2025-05-04,10,5,5,rest day
P6-01,pest,6,2025-05-04,13,8,5,rest day
P7-01,pest,7,2025-05-04,13,7,6,rest day
S1-01,spray,1,2025-05-04,15,8,7,rest day
S2-01,spray,2,2025-05-04,14,7,7,rest day
S3-01,spray,3,2025-05-04,17,10,7,rest day
S4-01,spray,4,2025-05-04,16,9,7,rest day
S5-01,spray,5,2025-05-04,13,6,7,rest day
S6-01,spray,6,2025-05-04,18,12,6,rest day
S7-01,spray,7,2025-05-04,17,8,9,rest day
U1-01,upkeep,1,2025-05-04,19,10,9,rest day
U1-02,upkeep,1,2025-05-04,19,10,9,rest day
U1-03,upkeep,1,2025-05-04,19,10,9,rest day
U2-01,upkeep,2,2025-05-04,18,9,9,rest day
U2-02,upkeep,2,2025-05-04,18,10,8,rest day
U2-03,upkeep,2,2025-05-04,18,10,8,rest day
U3-01,upkeep,3,2025-05-04,16,10,6,rest day
U3-02,upkeep,3,2025-05-04,16,9,7,rest day
U3-03,upkeep,3,2025-05-04,16,9,7,rest day
U3-04,upkeep,3,2025-05-04,16,9,7,rest day
U4-01,upkeep,4,2025-05-04,15,8,7,rest day
U4-02,upkeep,4,2025-05-04,15,8,7,rest day
U4-03,upkeep,4,2025-05-04,15,8,7,rest day
U4-04,upkeep,4,2025-05-04,15,8,7,rest day
U5-01,upkeep,5,2025-05-04,16,7,9,rest day
U5-02,upkeep,5,2025-05-04,16,8,8,rest day
U5-03,upkeep,5,2025-05-04,16,8,8,rest day
U6-01,upkeep,6,2025-05-04,17,10,7,rest day
U6-02,upkeep,6,2025-05-04,17,11,6,rest day
U6-03,upkeep,6,2025-05-04,17,10,7,rest day
U6-04,upkeep,6,2025-05-04,17,10,7,rest day
U7-01,upkeep,7,2025-05-04,15,9,6,rest day
U7-02,upkeep,7,2025-05-04,15,8,7,rest day
U7-03,upkeep,7,2025-05-04,15,9,6,rest day
U7-04,upkeep,7,2025-05-04,15,8,7,rest day
G1-01,harvest,1,2025-05-05,28,26,2,leave
G1-02,harvest,1,2025-05-05,26,24,2,leave
G1-03,harvest,1,2025-05-05,25,24,1,leave
G1-04,harvest,1,2025-05-05,26,26,0,
G2-01,harvest,2,2025-05-05,24,22,2,leave
G2-02,harvest,2,2025-05-05,20,19,1,leave
G2-03,harvest,2,2025-05-05,24,21,3,sick
G2-04,harvest,2,2025-05-05,25,24,1,leave
G3-01,harvest,3,2025-05-05,27,27,0,
G3-02,harvest,3,2025-05-05,24,23,1,leave
G3-03,harvest,3,2025-05-05,25,25,0,
G3-04,harvest,3,2025-05-05,24,20,4,sick
G4-01,harvest,4,2025-05-05,26,26,0,
G4-02,harvest,4,2025-05-05,25,22,3,no show
G4-03,harvest,4,2025-05-05,24,23,1,no show
G4-04,harvest,4,2025-05-05,20,18,2,no show
G5-01,harvest,5,2025-05-05,23,21,2,sick
G5-02,harvest,5,2025-05-05,27,27,0,
G5-03,harvest,5,2025-05-05,19,16,3,leave
G6-01,harvest,6,2025-05-05,24,23,1,leave
G6-02,harvest,6,2025-05-05,18,18,0,
G6-03,harvest,6,2025-05-05,24,24,0,
G6-04,harvest,6,2025-05-05,24,24,0,
G6-05,harvest,6,2025-05-05,21,19,2,sick
G7-01,harvest,7,2025-05-05,27,27,0,
G7-02,harvest,7,2025-05-05,21,20,1,sick
G7-03,harvest,7,2025-05-05,20,17,3,no show
G7-04,harvest,7,2025-05-05,27,27,0,
P1-01,pest,1,2025-05-05,11,8,3,leave
P2-01,pest,2,2025-05-05,10,9,1,no show
P3-01,pest,3,2025-05-05,11,9,2,sick
P4-01,pest,4,2025-05-05,10,9,1,leave
P5-01,pest,5,2025-05-05,10,8,2,leave
P6-01,pest,6,2025-05-05,13,12,1,sick
P7-01,pest,7,2025-05-05,13,12,1,sick
S1-01,spray,1,2025-05-05,15,15,0,
S2-01,spray,2,2025-05-05,14,13,1,no show
S3-01,spray,3,2025-05-05,17,15,2,leave
S4-01,spray,4,2025-05-05,16,14,2,no show
S5-01,spray,5,2025-05-05,13,12,1,leave
S6-01,spray,6,2025-05-05,18,15,3,sick
S7-01,spray,7,2025-05-05,17,14,3,sick
U1-01,upkeep,1,2025-05-05,19,17,2,sick
U1-02,upkeep,1,2025-05-05,19,16,3,leave
U1-03,upkeep,1,2025-05-05,19,17,2,sick
U2-01,upkeep,2,2025-05-05,18,14,4,sick
U2-02,upkeep,2,2025-05-05,18,17,1,sick
U2-03,upkeep,2,2025-05-05,18,15,3,no show
U3-01,upkeep,3,2025-05-05,16,14,2,sick
U3-02,upkeep,3,2025-05-05,16,15,1,leave
U3-03,upkeep,3,2025-05-05,16,16,0,
U3-04,upkeep,3,2025-05-05,16,16,0,
U4-01,upkeep,4,2025-05-05,15,13,2,no show
U4-02,upkeep,4,2025-05-05,15,15,0,
U4-03,upkeep,4,2025-05-05,15,13,2,sick
U4-04,upkeep,4,2025-05-05,15,13,2,leave
U5-01,upkeep,5,2025-05-05,16,13,3,no show
U5-02,upkeep,5,2025-05-05,16,16,0,
U5-03,upkeep,5,2025-05-05,16,14,2,sick
U6-01,upkeep,6,2025-05-05,17,16,1,no show
U6-02,upkeep,6,2025-05-05,17,14,3,leave
U6-03,upkeep,6,2025-05-05,17,16,1,leave
U6-04,upkeep,6,2025-05-05,17,15,2,sick
U7-01,upkeep,7,2025-05-05,15,15,0,
U7-02,upkeep,7,2025-05-05,15,14,1,sick
U7-03,upkeep,7,2025-05-05,15,14,1,no show
U7-04,upkeep,7,2025-05-05,15,15,0,
G1-01,harvest,1,2025-05-06,28,27,1,sick
G1-02,harvest,1,2025-05-06,26,22,4,no show
G1-03,harvest,1,2025-05-06,25,22,3,leave
G1-04,harvest,1,2025-05-06,26,24,2,sick
G2-01,harvest,2,2025-05-06,24,23,1,leave
G2-02,harvest,2,2025-05-06,20,16,4,sick
G2-03,harvest,2,2025-05-06,24,21,3,leave
G2-04,harvest,2,2025-05-06,25,22,3,leave
G3-01,harvest,3,2025-05-06,27,26,1,no show
G3-02,harvest,3,2025-05-06,24,24,0,
G3-03,harvest,3,2025-05-06,25,25,0,
G3-04,harvest,3,2025-05-06,24,21,3,leave
G4-01,harvest,4,2025-05-06,26,24,2,sick
G4-02,harvest,4,2025-05-06,25,25,0,
G4-03,harvest,4,2025-05-06,24,18,6,leave
G4-04,harvest,4,2025-05-06,20,20,0,
G5-01,harvest,5,2025-05-06,23,23,0,
G5-02,harvest,5,2025-05-06,27,21,6,no show
G5-03,harvest,5,2025-05-06,19,19,0,
G6-01,harvest,6,2025-05-06,24,24,0,
G6-02,harvest,6,2025-05-06,18,18,0,
G6-03,harvest,6,2025-05-06,24,24,0,
G6-04,harvest,6,2025-05-06,24,23,1,sick
G6-05,harvest,6,2025-05-06,21,19,2,leave
G7-01,harvest,7,2025-05-06,27,27,0,
G7-02,harvest,7,2025-05-06,21,20,1,sick
G7-03,harvest,7,2025-05-06,20,20,0,
G7-04,harvest,7,2025-05-06,27,22,5,sick
P1-01,pest,1,2025-05-06,11,10,1,no show
P2-01,pest,2,2025-05-06,10,9,1,leave
P3-01,pest,3,2025-05-06,11,10,1,sick
P4-01,pest,4,2025-05-06,10,9,1,leave
P5-01,pest,5,2025-05-06,10,9,1,sick
P6-01,pest,6,2025-05-06,13,13,0,
P7-01,pest,7,2025-05-06,13,11,2,sick
S1-01,spray,1,2025-05-06,15,13,2,no show
S2-01,spray,2,2025-05-06,14,12,2,leave
S3-01,spray,3,2025-05-06,17,15,2,leave
S4-01,spray,4,2025-05-06,16,14,2,sick
S5-01,spray,5,2025-05-06,13,11,2,leave
S6-01,spray,6,2025-05-06,18,17,1,sick
S7-01,spray,7,2025-05-06,17,16,1,no show
U1-01,upkeep,1,2025-05-06,19,18,1,leave
U1-02,upkeep,1,2025-05-06,19,19,0,
U1-03,upkeep,1,2025-05-06,19,16,3,leave
U2-01,upkeep,2,2025-05-06,18,11,7,sick
U2-02,upkeep,2,2025-05-06,18,16,2,leave
U2-03,upkeep,2,2025-05-06,18,15,3,no show
U3-01,upkeep,3,2025-05-06,16,16,0,
U3-02,upkeep,3,2025-05-06,16,15,1,leave
U3-03,upkeep,3,2025-05-06,16,16,0,
U3-04,upkeep,3,2025-05-06,16,15,1,leave
U4-01,upkeep,4,2025-05-06,15,14,1,leave
U4-02,upkeep,4,2025-05-06,15,13,2,sick
U4-03,upkeep,4,2025-05-06,15,13,2,leave
U4-04,upkeep,4,2025-05-06,15,14,1,leave
U5-01,upkeep,5,2025-05-06,16,15,1,leave
U5-02,upkeep,5,2025-05-06,16,15,1,no show
U5-03,upkeep,5,2025-05-06,16,13,3,sick
U6-01,upkeep,6,2025-05-06,17,17,0,
U6-02,upkeep,6,2025-05-06,17,17,0,
U6-03,upkeep,6,2025-05-06,17,16,1,sick
U6-04,upkeep,6,2025-05-06,17,17,0,
U7-01,upkeep,7,2025-05-06,15,13,2,no show
U7-02,upkeep,7,2025-05-06,15,14,1,sick
U7-03,upkeep,7,2025-05-06,15,13,2,leave
U7-04,upkeep,7,2025-05-06,15,14,1,sick
G1-01,harvest,1,2025-05-07,28,23,5,no show
G1-02,harvest,1,2025-05-07,26,20,6,no show
G1-03,harvest,1,2025-05-07,25,21,4,sick
G1-04,harvest,1,2025-05-07,26,20,6,sick
G2-01,harvest,2,2025-05-07,24,18,6,leave
G2-02,harvest,2,2025-05-07,20,20,0,
G2-03,harvest,2,2025-05-07,24,24,0,
G2-04,harvest,2,2025-05-07,25,23,2,sick
G3-01,harvest,3,2025-05-07,27,27,0,
G3-02,harvest,3,2025-05-07,24,24,0,
G3-03,harvest,3,2025-05-07,25,25,0,
G3-04,harvest,3,2025-05-07,24,21,3,sick
G4-01,harvest,4,2025-05-07,26,24,2,leave
G4-02,harvest,4,2025-05-07,25,21,4,leave
G4-03,harvest,4,2025-05-07,24,23,1,sick
G4-04,harvest,4,2025-05-07,20,18,2,leave
G5-01,harvest,5,2025-05-07,23,19,4,sick
G5-02,harvest,5,2025-05-07,27,21,6,leave
G5-03,harvest,5,2025-05-07,19,18,1,leave
G6-01,harvest,6,2025-05-07,24,24,0,
G6-02,harvest,6,2025-05-07,18,18,0,
G6-03,harvest,6,2025-05-07,24,24,0,
G6-04,harvest,6,2025-05-07,24,23,1,no show
G6-05,harvest,6,2025-05-07,21,21,0,
G7-01,harvest,7,2025-05-07,27,27,0,
G7-02,harvest,7,2025-05-07,21,18,3,no show
G7-03,harvest,7,2025-05-07,20,17,3,no show
G7-04,harvest,7,2025-05-07,27,21,6,sick
P1-01,pest,1,2025-05-07,11,10,1,sick
P2-01,pest,2,2025-05-07,10,8,2,sick
P3-01,pest,3,2025-05-07,11,10,1,sick
P4-01,pest,4,2025-05-07,10,9,1,leave
P5-01,pest,5,2025-05-07,10,7,3,leave
P6-01,pest,6,2025-05-07,13,13,0,
P7-01,pest,7,2025-05-07,13,9,4,sick
S1-01,spray,1,2025-05-07,15,14,1,leave
S2-01,spray,2,2025-05-07,14,12,2,sick
S3-01,spray,3,2025-05-07,17,17,0,
S4-01,spray,4,2025-05-07,16,14,2,leave
S5-01,spray,5,2025-05-07,13,11,2,leave
S6-01,spray,6,2025-05-07,18,17,1,sick
S7-01,spray,7,2025-05-07,17,15,2,sick
U1-01,upkeep,1,2025-05-07,19,17,2,sick
U1-02,upkeep,1,2025-05-07,19,16,3,no show
U1-03,upkeep,1,2025-05-07,19,16,3,sick
U2-01,upkeep,2,2025-05-07,18,14,4,leave
U2-02,upkeep,2,2025-05-07,18,17,1,sick
U2-03,upkeep,2,2025-05-07,18,16,2,leave
U3-01,upkeep,3,2025-05-07,16,15,1,no show
U3-02,upkeep,3,2025-05-07,16,14,2,sick
U3-03,upkeep,3,2025-05-07,16,14,2,sick
U3-04,upkeep,3,2025-05-07,16,14,2,leave
U4-01,upkeep,4,2025-05-07,15,15,0,
U4-02,upkeep,4,2025-05-07,15,12,3,leave
U4-03,upkeep,4,2025-05-07,15,13,2,leave
U4-04,upkeep,4,2025-05-07,15,12,3,sick
U5-01,upkeep,5,2025-05-07,16,12,4,sick
U5-02,upkeep,5,2025-05-07,16,13,3,sick
U5-03,upkeep,5,2025-05-07,16,14,2,sick
U6-01,upkeep,6,2025-05-07,17,14,3,sick
U6-02,upkeep,6,2025-05-07,17,17,0,
U6-03,upkeep,6,2025-05-07,17,17,0,
U6-04,upkeep,6,2025-05-07,17,14,3,no show
U7-01,upkeep,7,2025-05-07,15,13,2,leave
U7-02,upkeep,7,2025-05-07,15,12,3,sick
U7-03,upkeep,7,2025-05-07,15,13,2,sick
U7-04,upkeep,7,2025-05-07,15,13,2,sick
G1-01,harvest,1,2025-05-08,28,26,2,no show
G1-02,harvest,1,2025-05-08,26,24,2,sick
G1-03,harvest,1,2025-05-08,25,23,2,leave
G1-04,harvest,1,2025-05-08,26,26,0,
G2-01,harvest,2,2025-05-08,24,19,5,sick
G2-02,harvest,2,2025-05-08,20,20,0,
G2-03,harvest,2,2025-05-08,24,24,0,
G2-04,harvest,2,2025-05-08,25,21,4,sick
G3-01,harvest,3,2025-05-08,27,22,5,leave
G3-02,harvest,3,2025-05-08,24,22,2,leave
G3-03,harvest,3,2025-05-08,25,24,1,leave
G3-04,harvest,3,2025-05-08,24,22,2,sick
G4-01,harvest,4,2025-05-08,26,23,3,no show
G4-02,harvest,4,2025-05-08,25,23,2,no show
G4-03,harvest,4,2025-05-08,24,24,0,
G4-04,harvest,4,2025-05-08,20,17,3,leave
G5-01,harvest,5,2025-05-08,23,23,0,
G5-02,harvest,5,2025-05-08,27,26,1,no show
G5-03,harvest,5,2025-05-08,19,18,1,leave
G6-01,harvest,6,2025-05-08,24,24,0,
G6-02,harvest,6,2025-05-08,18,17,1,sick
G6-03,harvest,6,2025-05-08,24,20,4,sick
G6-04,harvest,6,2025-05-08,24,24,0,
G6-05,harvest,6,2025-05-08,21,20,1,sick
G7-01,harvest,7,2025-05-08,27,23,4,no show
G7-02,harvest,7,2025-05-08,21,19,2,sick
G7-03,harvest,7,2025-05-08,20,20,0,
G7-04,harvest,7,2025-05-08,27,23,4,leave
P1-01,pest,1,2025-05-08,11,10,1,sick
P2-01,pest,2,2025-05-08,10,8,2,sick
P3-01,pest,3,2025-05-08,11,11,0,
P4-01,pest,4,2025-05-08,10,9,1,sick
P5-01,pest,5,2025-05-08,10,8,2,no show
P6-01,pest,6,2025-05-08,13,11,2,no show
P7-01,pest,7,2025-05-08,13,10,3,sick
S1-01,spray,1,2025-05-08,15,13,2,leave
S2-01,spray,2,2025-05-08,14,12,2,leave
S3-01,spray,3,2025-05-08,17,14,3,leave
S4-01,spray,4,2025-05-08,16,14,2,sick
S5-01,spray,5,2025-05-08,13,10,3,sick
S6-01,spray,6,2025-05-08,18,18,0,
S7-01,spray,7,2025-05-08,17,17,0,
U1-01,upkeep,1,2025-05-08,19,16,3,leave
U1-02,upkeep,1,2025-05-08,19,17,2,sick
U1-03,upkeep,1,2025-05-08,19,18,1,sick
U2-01,upkeep,2,2025-05-08,18,18,0,
U2-02,upkeep,2,2025-05-08,18,18,0,
U2-03,upkeep,2,2025-05-08,18,15,3,leave
U3-01,upkeep,3,2025-05-08,16,15,1,no show
U3-02,upkeep,3,2025-05-08,16,12,4,leave
U3-03,upkeep,3,2025-05-08,16,14,2,leave
U3-04,upkeep,3,2025-05-08,16,14,2,leave
U4-01,upkeep,4,2025-05-08,15,12,3,leave
U4-02,upkeep,4,2025-05-08,15,12,3,sick
U4-03,upkeep,4,2025-05-08,15,14,1,leave
U4-04,upkeep,4,2025-05-08,15,13,2,leave
U5-01,upkeep,5,2025-05-08,16,12,4,no show
U5-02,upkeep,5,2025-05-08,16,15,1,leave
U5-03,upkeep,5,2025-05-08,16,15,1,sick
U6-01,upkeep,6,2025-05-08,17,15,2,no show
U6-02,upkeep,6,2025-05-08,17,17,0,
U6-03,upkeep,6,2025-05-08,17,16,1,leave
U6-04,upkeep,6,2025-05-08,17,15,2,sick
U7-01,upkeep,7,2025-05-08,15,12,3,leave
U7-02,upkeep,7,2025-05-08,15,15,0,
U7-03,upkeep,7,2025-05-08,15,13,2,sick
U7-04,upkeep,7,2025-05-08,15,13,2,leave
G1-01,harvest,1,2025-05-09,28,28,0,
G1-02,harvest,1,2025-05-09,26,22,4,no show
G1-03,harvest,1,2025-05-09,25,25,0,
G1-04,harvest,1,2025-05-09,26,20,6,no show
G2-01,harvest,2,2025-05-09,24,22,2,leave
G2-02,harvest,2,2025-05-09,20,18,2,sick
G2-03,harvest,2,2025-05-09,24,19,5,sick
G2-04,harvest,2,2025-05-09,25,25,0,
G3-01,harvest,3,2025-05-09,27,25,2,leave
G3-02,harvest,3,2025-05-09,24,20,4,no show
G3-03,harvest,3,2025-05-09,25,20,5,no show
G3-04,harvest,3,2025-05-09,24,23,1,sick
G4-01,harvest,4,2025-05-09,26,25,1,no show
G4-02,harvest,4,2025-05-09,25,25,0,
G4-03,harvest,4,2025-05-09,24,21,3,no show
G4-04,harvest,4,2025-05-09,20,19,1,sick
G5-01,harvest,5,2025-05-09,23,19,4,leave
G5-02,harvest,5,2025-05-09,27,22,5,no show
G5-03,harvest,5,2025-05-09,19,15,4,sick
G6-01,harvest,6,2025-05-09,24,24,0,
G6-02,harvest,6,2025-05-09,18,18,0,
G6-03,harvest,6,2025-05-09,24,23,1,sick
G6-04,harvest,6,2025-05-09,24,23,1,sick
G6-05,harvest,6,2025-05-09,21,21,0,
G7-01,harvest,7,2025-05-09,27,23,4,leave
G7-02,harvest,7,2025-05-09,21,17,4,no show
G7-03,harvest,7,2025-05-09,20,19,1,leave
G7-04,harvest,7,2025-05-09,27,25,2,sick
P1-01,pest,1,2025-05-09,11,10,1,leave
P2-01,pest,2,2025-05-09,10,9,1,sick
P3-01,pest,3,2025-05-09,11,11,0,
P4-01,pest,4,2025-05-09,10,9,1,sick
P5-01,pest,5,2025-05-09,10,8,2,no show
P6-01,pest,6,2025-05-09,13,12,1,leave
P7-01,pest,7,2025-05-09,13,11,2,leave
S1-01,spray,1,2025-05-09,15,12,3,sick
S2-01,spray,2,2025-05-09,14,12,2,sick
S3-01,spray,3,2025-05-09,17,16,1,sick
S4-01,spray,4,2025-05-09,16,14,2,no show
S5-01,spray,5,2025-05-09,13,11,2,no show
S6-01,spray,6,2025-05-09,18,16,2,leave
S7-01,spray,7,2025-05-09,17,16,1,sick
U1-01,upkeep,1,2025-05-09,19,19,0,
U1-02,upkeep,1,2025-05-09,19,17,2,no show
U1-03,upkeep,1,2025-05-09,19,17,2,no show
U2-01,upkeep,2,2025-05-09,18,15,3,sick
U2-02,upkeep,2,2025-05-09,18,17,1,sick
U2-03,upkeep,2,2025-05-09,18,16,2,sick
U3-01,upkeep,3,2025-05-09,16,15,1,leave
U3-02,upkeep,3,2025-05-09,16,14,2,sick
U3-03,upkeep,3,2025-05-09,16,16,0,
U3-04,upkeep,3,2025-05-09,16,13,3,no show
U4-01,upkeep,4,2025-05-09,15,14,1,no show
U4-02,upkeep,4,2025-05-09,15,13,2,leave
U4-03,upkeep,4,2025-05-09,15,14,1,leave
U4-04,upkeep,4,2025-05-09,15,14,1,leave
U5-01,upkeep,5,2025-05-09,16,14,2,no show
U5-02,upkeep,5,2025-05-09,16,14,2,sick
U5-03,upkeep,5,2025-05-09,16,14,2,leave
U6-01,upkeep,6,2025-05-09,17,17,0,
U6-02,upkeep,6,2025-05-09,17,16,1,no show
U6-03,upkeep,6,2025-05-09,17,17,0,
U6-04,upkeep,6,2025-05-09,17,16,1,leave
U7-01,upkeep,7,2025-05-09,15,12,3,leave
U7-02,upkeep,7,2025-05-09,15,14,1,leave
U7-03,upkeep,7,2025-05-09,15,14,1,sick
U7-04,upkeep,7,2025-05-09,15,10,5,sick
G1-01,harvest,1,2025-05-10,28,28,0,
G1-02,harvest,1,2025-05-10,26,24,2,leave
G1-03,harvest,1,2025-05-10,25,21,4,sick
G1-04,harvest,1,2025-05-10,26,26,0,
G2-01,harvest,2,2025-05-10,24,24,0,
G2-02,harvest,2,2025-05-10,20,19,1,sick
G2-03,harvest,2,2025-05-10,24,23,1,leave
G2-04,harvest,2,2025-05-10,25,22,3,sick
G3-01,harvest,3,2025-05-10,27,24,3,leave
G3-02,harvest,3,2025-05-10,24,22,2,sick
G3-03,harvest,3,2025-05-10,25,25,0,
G3-04,harvest,3,2025-05-10,24,21,3,sick
G4-01,harvest,4,2025-05-10,26,23,3,no show
G4-02,harvest,4,2025-05-10,25,25,0,
G4-03,harvest,4,2025-05-10,24,23,1,no show
G4-04,harvest,4,2025-05-10,20,18,2,sick
G5-01,harvest,5,2025-05-10,23,20,3,leave
G5-02,harvest,5,2025-05-10,27,24,3,sick
G5-03,harvest,5,2025-05-10,19,15,4,leave
G6-01,harvest,6,2025-05-10,24,24,0,
G6-02,harvest,6,2025-05-10,18,16,2,sick
G6-03,harvest,6,2025-05-10,24,24,0,
G6-04,harvest,6,2025-05-10,24,23,1,sick
G6-05,harvest,6,2025-05-10,21,21,0,
G7-01,harvest,7,2025-05-10,27,27,0,
G7-02,harvest,7,2025-05-10,21,21,0,
G7-03,harvest,7,2025-05-10,20,18,2,leave
G7-04,harvest,7,2025-05-10,27,27,0,
P1-01,pest,1,2025-05-10,11,9,2,leave
P2-01,pest,2,2025-05-10,10,9,1,sick
P3-01,pest,3,2025-05-10,11,10,1,leave
P4-01,pest,4,2025-05-10,10,8,2,sick
P5-01,pest,5,2025-05-10,10,8,2,leave
P6-01,pest,6,2025-05-10,13,12,1,sick
P7-01,pest,7,2025-05-10,13,12,1,sick
S1-01,spray,1,2025-05-10,15,12,3,sick
S2-01,spray,2,2025-05-10,14,13,1,leave
S3-01,spray,3,2025-05-10,17,15,2,no show
S4-01,spray,4,2025-05-10,16,14,2,sick
S5-01,spray,5,2025-05-10,13,12,1,sick
S6-01,spray,6,2025-05-10,18,17,1,sick
S7-01,spray,7,2025-05-10,17,15,2,leave
U1-01,upkeep,1,2025-05-10,19,17,2,sick
U1-02,upkeep,1,2025-05-10,19,18,1,no show
U1-03,upkeep,1,2025-05-10,19,18,1,sick
U2-01,upkeep,2,2025-05-10,18,14,4,sick
U2-02,upkeep,2,2025-05-10,18,17,1,leave
U2-03,upkeep,2,2025-05-10,18,16,2,leave
U3-01,upkeep,3,2025-05-10,16,16,0,
U3-02,upkeep,3,2025-05-10,16,14,2,leave
U3-03,upkeep,3,2025-05-10,16,13,3,sick
U3-04,upkeep,3,2025-05-10,16,16,0,
U4-01,upkeep,4,2025-05-10,15,14,1,sick
U4-02,upkeep,4,2025-05-10,15,13,2,sick
U4-03,upkeep,4,2025-05-10,15,13,2,leave
U4-04,upkeep,4,2025-05-10,15,13,2,sick
U5-01,upkeep,5,2025-05-10,16,16,0,
U5-02,upkeep,5,2025-05-10,16,15,1,leave
U5-03,upkeep,5,2025-05-10,16,14,2,sick
U6-01,upkeep,6,2025-05-10,17,12,5,sick
U6-02,upkeep,6,2025-05-10,17,16,1,sick
U6-03,upkeep,6,2025-05-10,17,16,1,no show
U6-04,upkeep,6,2025-05-10,17,17,0,
U7-01,upkeep,7,2025-05-10,15,14,1,sick
U7-02,upkeep,7,2025-05-10,15,14,1,sick
U7-03,upkeep,7,2025-05-10,15,10,5,sick
U7-04,upkeep,7,2025-05-10,15,15,0,
G1-01,harvest,1,2025-05-11,28,20,8,rest day
G1-02,harvest,1,2025-05-11,26,15,11,rest day
G1-03,harvest,1,2025-05-11,25,14,11,rest day
G1-04,harvest,1,2025-05-11,26,17,9,rest day
G2-01,harvest,2,2025-05-11,24,12,12,rest day
G2-02,harvest,2,2025-05-11,20,11,9,rest day
G2-03,harvest,2,2025-05-11,24,14,10,rest day
G2-04,harvest,2,2025-05-11,25,15,10,rest day
G3-01,harvest,3,2025-05-11,27,22,5,rest day
G3-02,harvest,3,2025-05-11,24,18,6,rest day
G3-03,harvest,3,2025-05-11,25,18,7,rest day
G3-04,harvest,3,2025-05-11,24,16,8,rest day
G4-01,harvest,4,2025-05-11,26,17,9,rest day
G4-02,harvest,4,2025-05-11,25,14,11,rest day
G4-03,harvest,4,2025-05-11,24,14,10,rest day
G4-04,harvest,4,2025-05-11,20,12,8,rest day
G5-01,harvest,5,2025-05-11,23,15,8,rest day
G5-02,harvest,5,2025-05-11,27,14,13,rest day
G5-03,harvest,5,2025-05-11,19,8,11,rest day
G6-01,harvest,6,2025-05-11,24,24,0,
G6-02,harvest,6,2025-05-11,18,18,0,
G6-03,harvest,6,2025-05-11,24,12,12,rest day
G6-04,harvest,6,2025-05-11,24,12,12,rest day
G6-05,harvest,6,2025-05-11,21,21,0,
G7-01,harvest,7,2025-05-11,27,18,9,rest day
G7-02,harvest,7,2025-05-11,21,11,10,rest day
G7-03,harvest,7,2025-05-11,20,10,10,rest day
G7-04,harvest,7,2025-05-11,27,16,11,rest day
P1-01,pest,1,2025-05-11,11,4,7,rest day
P2-01,pest,2,2025-05-11,10,6,4,rest day
P3-01,pest,3,2025-05-11,11,5,6,rest day
P4-01,pest,4,2025-05-11,10,5,5,rest day
P5-01,pest,5,2025-05-11,10,4,6,rest day
P6-01,pest,6,2025-05-11,13,8,5,rest day
P7-01,pest,7,2025-05-11,13,8,5,rest day
S1-01,spray,1,2025-05-11,15,8,7,rest day
S2-01,spray,2,2025-05-11,14,7,7,rest day
S3-01,spray,3,2025-05-11,17,9,8,rest day
S4-01,spray,4,2025-05-11,16,9,7,rest day
S5-01,spray,5,2025-05-11,13,7,6,rest day
S6-01,spray,6,2025-05-11,18,10,8,rest day
S7-01,spray,7,2025-05-11,17,7,10,rest day
U1-01,upkeep,1,2025-05-11,19,11,8,rest day
U1-02,upkeep,1,2025-05-11,19,11,8,rest day
U1-03,upkeep,1,2025-05-11,19,10,9,rest day
U2-01,upkeep,2,2025-05-11,18,9,9,rest day
U2-02,upkeep,2,2025-05-11,18,10,8,rest day
U2-03,upkeep,2,2025-05-11,18,10,8,rest day
U3-01,upkeep,3,2025-05-11,16,9,7,rest day
U3-02,upkeep,3,2025-05-11,16,9,7,rest day
U3-03,upkeep,3,2025-05-11,16,8,8,rest day
U3-04,upkeep,3,2025-05-11,16,9,7,rest day
U4-01,upkeep,4,2025-05-11,15,5,10,rest day
U4-02,upkeep,4,2025-05-11,15,8,7,rest day
U4-03,upkeep,4,2025-05-11,15,9,6,rest day
U4-04,upkeep,4,2025-05-11,15,8,7,rest day
U5-01,upkeep,5,2025-05-11,16,8,8,rest day
U5-02,upkeep,5,2025-05-11,16,8,8,rest day
U5-03,upkeep,5,2025-05-11,16,9,7,rest day
U6-01,upkeep,6,2025-05-11,17,9,8,rest day
U6-02,upkeep,6,2025-05-11,17,10,7,rest day
U6-03,upkeep,6,2025-05-11,17,11,6,rest day
U6-04,upkeep,6,2025-05-11,17,10,7,rest day
U7-01,upkeep,7,2025-05-11,15,8,7,rest day
U7-02,upkeep,7,2025-05-11,15,9,6,rest day
U7-03,upkeep,7,2025-05-11,15,7,8,rest day
U7-04,upkeep,7,2025-05-11,15,8,7,rest day
G1-01,harvest,1,2025-05-12,28,25,3,no show
G1-02,harvest,1,2025-05-12,26,25,1,sick
G1-03,harvest,1,2025-05-12,25,20,5,leave
G1-04,harvest,1,2025-05-12,26,23,3,leave
G2-01,harvest,2,2025-05-12,24,20,4,leave
G2-02,harvest,2,2025-05-12,20,18,2,sick
G2-03,harvest,2,2025-05-12,24,19,5,sick
G2-04,harvest,2,2025-05-12,25,23,2,sick
G3-01,harvest,3,2025-05-12,27,25,2,leave
G3-02,harvest,3,2025-05-12,24,24,0,
G3-03,harvest,3,2025-05-12,25,25,0,
G3-04,harvest,3,2025-05-12,24,20,4,leave
G4-01,harvest,4,2025-05-12,26,21,5,no show
G4-02,harvest,4,2025-05-12,25,22,3,sick
G4-03,harvest,4,2025-05-12,24,20,4,sick
G4-04,harvest,4,2025-05-12,20,20,0,
G5-01,harvest,5,2025-05-12,23,20,3,sick
G5-02,harvest,5,2025-05-12,27,22,5,sick
G5-03,harvest,5,2025-05-12,19,18,1,no show
G6-01,harvest,6,2025-05-12,24,22,2,leave
G6-02,harvest,6,2025-05-12,18,18,0,
G6-03,harvest,6,2025-05-12,24,24,0,
G6-04,harvest,6,2025-05-12,24,24,0,
G6-05,harvest,6,2025-05-12,21,17,4,sick
G7-01,harvest,7,2025-05-12,27,25,2,leave
G7-02,harvest,7,2025-05-12,21,19,2,no show
G7-03,harvest,7,2025-05-12,20,20,0,
G7-04,harvest,7,2025-05-12,27,22,5,sick
P1-01,pest,1,2025-05-12,11,11,0,
P2-01,pest,2,2025-05-12,10,9,1,sick
P3-01,pest,3,2025-05-12,11,11,0,
P4-01,pest,4,2025-05-12,10,8,2,leave
P5-01,pest,5,2025-05-12,10,8,2,sick
P6-01,pest,6,2025-05-12,13,12,1,sick
P7-01,pest,7,2025-05-12,13,12,1,leave
S1-01,spray,1,2025-05-12,15,13,2,leave
S2-01,spray,2,2025-05-12,14,12,2,sick
S3-01,spray,3,2025-05-12,17,16,1,no show
S4-01,spray,4,2025-05-12,16,14,2,leave
S5-01,spray,5,2025-05-12,13,12,1,leave
S6-01,spray,6,2025-05-12,18,16,2,leave
S7-01,spray,7,2025-05-12,17,17,0,
U1-01,upkeep,1,2025-05-12,19,16,3,leave
U1-02,upkeep,1,2025-05-12,19,17,2,leave
U1-03,upkeep,1,2025-05-12,19,18,1,leave
U2-01,upkeep,2,2025-05-12,18,16,2,no show
U2-02,upkeep,2,2025-05-12,18,17,1,leave
U2-03,upkeep,2,2025-05-12,18,15,3,sick
U3-01,upkeep,3,2025-05-12,16,14,2,sick
U3-02,upkeep,3,2025-05-12,16,15,1,no show
U3-03,upkeep,3,2025-05-12,16,14,2,sick
U3-04,upkeep,3,2025-05-12,16,15,1,leave
U4-01,upkeep,4,2025-05-12,15,14,1,sick
U4-02,upkeep,4,2025-05-12,15,14,1,leave
U4-03,upkeep,4,2025-05-12,15,13,2,sick
U4-04,upkeep,4,2025-05-12,15,13,2,leave
U5-01,upkeep,5,2025-05-12,16,14,2,sick
U5-02,upkeep,5,2025-05-12,16,11,5,no show
U5-03,upkeep,5,2025-05-12,16,13,3,sick
U6-01,upkeep,6,2025-05-12,17,15,2,sick
U6-02,upkeep,6,2025-05-12,17,17,0,
U6-03,upkeep,6,2025-05-12,17,15,2,sick
U6-04,upkeep,6,2025-05-12,17,16,1,sick
U7-01,upkeep,7,2025-05-12,15,13,2,leave
U7-02,upkeep,7,2025-05-12,15,14,1,leave
U7-03,upkeep,7,2025-05-12,15,12,3,leave
U7-04,upkeep,7,2025-05-12,15,12,3,leave
G1-01,harvest,1,2025-05-13,28,26,2,leave
G1-02,harvest,1,2025-05-13,26,26,0,
G1-03,harvest,1,2025-05-13,25,23,2,no show
G1-04,harvest,1,2025-05-13,26,25,1,sick
G2-01,harvest,2,2025-05-13,24,23,1,leave
G2-02,harvest,2,2025-05-13,20,18,2,no show
G2-03,harvest,2,2025-05-13,24,24,0,
G2-04,harvest,2,2025-05-13,25,20,5,leave
G3-01,harvest,3,2025-05-13,27,27,0,
G3-02,harvest,3,2025-05-13,24,20,4,leave
G3-03,harvest,3,2025-05-13,25,25,0,
G3-04,harvest,3,2025-05-13,24,23,1,leave
G4-01,harvest,4,2025-05-13,26,23,3,sick
G4-02,harvest,4,2025-05-13,25,25,0,
G4-03,harvest,4,2025-05-13,24,22,2,sick
G4-04,harvest,4,2025-05-13,20,19,1,sick
G5-01,harvest,5,2025-05-13,23,21,2,sick
G5-02,harvest,5,2025-05-13,27,25,2,sick
G5-03,harvest,5,2025-05-13,19,18,1,sick
G6-01,harvest,6,2025-05-13,24,24,0,
G6-02,harvest,6,2025-05-13,18,18,0,
G6-03,harvest,6,2025-05-13,24,22,2,leave
G6-04,harvest,6,2025-05-13,24,24,0,
G6-05,harvest,6,2025-05-13,21,21,0,
G7-01,harvest,7,2025-05-13,27,23,4,no show
G7-02,harvest,7,2025-05-13,21,18,3,no show
G7-03,harvest,7,2025-05-13,20,18,2,no show
G7-04,harvest,7,2025-05-13,27,25,2,sick
P1-01,pest,1,2025-05-13,11,10,1,no show
P2-01,pest,2,2025-05-13,10,9,1,leave
P3-01,pest,3,2025-05-13,11,9,2,leave
P4-01,pest,4,2025-05-13,10,9,1,sick
P5-01,pest,5,2025-05-13,10,8,2,leave
P6-01,pest,6,2025-05-13,13,13,0,
P7-01,pest,7,2025-05-13,13,11,2,no show
S1-01,spray,1,2025-05-13,15,12,3,leave
S2-01,spray,2,2025-05-13,14,12,2,no show
S3-01,spray,3,2025-05-13,17,16,1,sick
S4-01,spray,4,2025-05-13,16,14,2,sick
S5-01,spray,5,2025-05-13,13,11,2,sick
S6-01,spray,6,2025-05-13,18,17,1,sick
S7-01,spray,7,2025-05-13,17,16,1,sick
U1-01,upkeep,1,2025-05-13,19,18,1,sick
U1-02,upkeep,1,2025-05-13,19,16,3,sick
U1-03,upkeep,1,2025-05-13,19,16,3,leave
U2-01,upkeep,2,2025-05-13,18,17,1,leave
U2-02,upkeep,2,2025-05-13,18,16,2,sick
U2-03,upkeep,2,2025-05-13,18,13,5,no show
U3-01,upkeep,3,2025-05-13,16,16,0,
U3-02,upkeep,3,2025-05-13,16,15,1,sick
U3-03,upkeep,3,2025-05-13,16,14,2,leave
U3-04,upkeep,3,2025-05-13,16,16,0,
U4-01,upkeep,4,2025-05-13,15,13,2,sick
U4-02,upkeep,4,2025-05-13,15,15,0,
U4-03,upkeep,4,2025-05-13,15,13,2,sick
U4-04,upkeep,4,2025-05-13,15,12,3,no show
U5-01,upkeep,5,2025-05-13,16,13,3,sick
U5-02,upkeep,5,2025-05-13,16,14,2,leave
U5-03,upkeep,5,2025-05-13,16,13,3,sick
U6-01,upkeep,6,2025-05-13,17,16,1,leave
U6-02,upkeep,6,2025-05-13,17,14,3,no show
U6-03,upkeep,6,2025-05-13,17,15,2,sick
U6-04,upkeep,6,2025-05-13,17,16,1,leave
U7-01,upkeep,7,2025-05-13,15,12,3,no show
U7-02,upkeep,7,2025-05-13,15,13,2,leave
U7-03,upkeep,7,2025-05-13,15,14,1,sick
U7-04,upkeep,7,2025-05-13,15,15,0,
G1-01,harvest,1,2025-05-14,28,24,4,sick
G1-02,harvest,1,2025-05-14,26,24,2,leave
G1-03,harvest,1,2025-05-14,25,25,0,
G1-04,harvest,1,2025-05-14,26,22,4,no show
G2-01,harvest,2,2025-05-14,24,22,2,leave
G2-02,harvest,2,2025-05-14,20,20,0,
G2-03,harvest,2,2025-05-14,24,23,1,sick
G2-04,harvest,2,2025-05-14,25,23,2,sick
G3-01,harvest,3,2025-05-14,27,24,3,leave
G3-02,harvest,3,2025-05-14,24,24,0,
G3-03,harvest,3,2025-05-14,25,23,2,no show
G3-04,harvest,3,2025-05-14,24,22,2,sick
G4-01,harvest,4,2025-05-14,26,20,6,leave
G4-02,harvest,4,2025-05-14,25,25,0,
G4-03,harvest,4,2025-05-14,24,23,1,sick
G4-04,harvest,4,2025-05-14,20,17,3,sick
G5-01,harvest,5,2025-05-14,23,18,5,sick
G5-02,harvest,5,2025-05-14,27,25,2,no show
G5-03,harvest,5,2025-05-14,19,18,1,leave
G6-01,harvest,6,2025-05-14,24,22,2,leave
G6-02,harvest,6,2025-05-14,18,18,0,
G6-03,harvest,6,2025-05-14,24,22,2,sick
G6-04,harvest,6,2025-05-14,24,24,0,
G6-05,harvest,6,2025-05-14,21,21,0,
G7-01,harvest,7,2025-05-14,27,24,3,no show
G7-02,harvest,7,2025-05-14,21,20,1,sick
G7-03,harvest,7,2025-05-14,20,18,2,leave
G7-04,harvest,7,2025-05-14,27,27,0,
P1-01,pest,1,2025-05-14,11,10,1,sick
P2-01,pest,2,2025-05-14,10,10,0,
P3-01,pest,3,2025-05-14,11,9,2,sick
P4-01,pest,4,2025-05-14,10,8,2,sick
P5-01,pest,5,2025-05-14,10,10,0,
P6-01,pest,6,2025-05-14,13,13,0,
P7-01,pest,7,2025-05-14,13,12,1,no show
S1-01,spray,1,2025-05-14,15,13,2,leave
S2-01,spray,2,2025-05-14,14,13,1,sick
S3-01,spray,3,2025-05-14,17,15,2,leave
S4-01,spray,4,2025-05-14,16,13,3,no show
S5-01,spray,5,2025-05-14,13,11,2,leave
S6-01,spray,6,2025-05-14,18,17,1,sick
S7-01,spray,7,2025-05-14,17,14,3,no show
U1-01,upkeep,1,2025-05-14,19,18,1,sick
U1-02,upkeep,1,2025-05-14,19,18,1,no show
U1-03,upkeep,1,2025-05-14,19,17,2,leave
U2-01,upkeep,2,2025-05-14,18,14,4,leave
U2-02,upkeep,2,2025-05-14,18,17,1,no show
U2-03,upkeep,2,2025-05-14,18,16,2,sick
U3-01,upkeep,3,2025-05-14,16,14,2,leave
U3-02,upkeep,3,2025-05-14,16,15,1,no show
U3-03,upkeep,3,2025-05-14,16,14,2,sick
U3-04,upkeep,3,2025-05-14,16,15,1,sick
U4-01,upkeep,4,2025-05-14,15,12,3,sick
U4-02,upkeep,4,2025-05-14,15,14,1,sick
U4-03,upkeep,4,2025-05-14,15,13,2,sick
U4-04,upkeep,4,2025-05-14,15,13,2,sick
U5-01,upkeep,5,2025-05-14,16,13,3,leave
U5-02,upkeep,5,2025-05-14,16,14,2,leave
U5-03,upkeep,5,2025-05-14,16,14,2,sick
U6-01,upkeep,6,2025-05-14,17,17,0,
U6-02,upkeep,6,2025-05-14,17,17,0,
U6-03,upkeep,6,2025-05-14,17,16,1,no show
U6-04,upkeep,6,2025-05-14,17,17,0,
U7-01,upkeep,7,2025-05-14,15,12,3,leave
U7-02,upkeep,7,2025-05-14,15,14,1,sick
U7-03,upkeep,7,2025-05-14,15,15,0,
U7-04,upkeep,7,2025-05-14,15,13,2,sick
G1-01,harvest,1,2025-05-15,28,28,0,
G1-02,harvest,1,2025-05-15,26,25,1,leave
G1-03,harvest,1,2025-05-15,25,22,3,sick
G1-04,harvest,1,2025-05-15,26,26,0,
G2-01,harvest,2,2025-05-15,24,20,4,leave
G2-02,harvest,2,2025-05-15,20,20,0,
G2-03,harvest,2,2025-05-15,24,21,3,no show
G2-04,harvest,2,2025-05-15,25,23,2,leave
G3-01,harvest,3,2025-05-15,27,23,4,sick
G3-02,harvest,3,2025-05-15,24,24,0,
G3-03,harvest,3,2025-05-15,25,21,4,leave
G3-04,harvest,3,2025-05-15,24,22,2,leave
G4-01,harvest,4,2025-05-15,26,22,4,sick
G4-02,harvest,4,2025-05-15,25,24,1,no show
G4-03,harvest,4,2025-05-15,24,23,1,leave
G4-04,harvest,4,2025-05-15,20,17,3,no show
G5-01,harvest,5,2025-05-15,23,23,0,
G5-02,harvest,5,2025-05-15,27,27,0,
G5-03,harvest,5,2025-05-15,19,19,0,
G6-01,harvest,6,2025-05-15,24,24,0,
G6-02,harvest,6,2025-05-15,18,17,1,sick
G6-03,harvest,6,2025-05-15,24,23,1,leave
G6-04,harvest,6,2025-05-15,24,21,3,sick
G6-05,harvest,6,2025-05-15,21,21,0,
G7-01,harvest,7,2025-05-15,27,27,0,
G7-02,harvest,7,2025-05-15,21,21,0,
G7-03,harvest,7,2025-05-15,20,18,2,no show
G7-04,harvest,7,2025-05-15,27,27,0,
P1-01,pest,1,2025-05-15,11,9,2,no show
P2-01,pest,2,2025-05-15,10,7,3,no show
P3-01,pest,3,2025-05-15,11,11,0,
P4-01,pest,4,2025-05-15,10,9,1,sick
P5-01,pest,5,2025-05-15,10,9,1,leave
P6-01,pest,6,2025-05-15,13,13,0,
P7-01,pest,7,2025-05-15,13,11,2,sick
S1-01,spray,1,2025-05-15,15,13,2,sick
S2-01,spray,2,2025-05-15,14,13,1,sick
S3-01,spray,3,2025-05-15,17,13,4,sick
S4-01,spray,4,2025-05-15,16,16,0,
S5-01,spray,5,2025-05-15,13,12,1,sick
S6-01,spray,6,2025-05-15,18,17,1,sick
S7-01,spray,7,2025-05-15,17,16,1,sick
U1-01,upkeep,1,2025-05-15,19,17,2,sick
U1-02,upkeep,1,2025-05-15,19,15,4,leave
U1-03,upkeep,1,2025-05-15,19,16,3,sick
U2-01,upkeep,2,2025-05-15,18,15,3,sick
U2-02,upkeep,2,2025-05-15,18,15,3,leave
U2-03,upkeep,2,2025-05-15,18,18,0,
U3-01,upkeep,3,2025-05-15,16,15,1,no show
U3-02,upkeep,3,2025-05-15,16,16,0,
U3-03,upkeep,3,2025-05-15,16,15,1,no show
U3-04,upkeep,3,2025-05-15,16,15,1,sick
U4-01,upkeep,4,2025-05-15,15,14,1,no show
U4-02,upkeep,4,2025-05-15,15,11,4,no show
U4-03,upkeep,4,2025-05-15,15,13,2,sick
U4-04,upkeep,4,2025-05-15,15,12,3,leave
U5-01,upkeep,5,2025-05-15,16,13,3,no show
U5-02,upkeep,5,2025-05-15,16,14,2,sick
U5-03,upkeep,5,2025-05-15,16,14,2,leave
U6-01,upkeep,6,2025-05-15,17,16,1,leave
U6-02,upkeep,6,2025-05-15,17,14,3,no show
U6-03,upkeep,6,2025-05-15,17,16,1,leave
U6-04,upkeep,6,2025-05-15,17,16,1,sick
U7-01,upkeep,7,2025-05-15,15,13,2,sick
U7-02,upkeep,7,2025-05-15,15,13,2,leave
U7-03,upkeep,7,2025-05-15,15,13,2,sick
U7-04,upkeep,7,2025-05-15,15,13,2,sick
G1-01,harvest,1,2025-05-16,28,27,1,no show
G1-02,harvest,1,2025-05-16,26,26,0,
G1-03,harvest,1,2025-05-16,25,20,5,sick
G1-04,harvest,1,2025-05-16,26,24,2,leave
G2-01,harvest,2,2025-05-16,24,24,0,
G2-02,harvest,2,2025-05-16,20,16,4,no show
G2-03,harvest,2,2025-05-16,24,19,5,leave
G2-04,harvest,2,2025-05-16,25,22,3,leave
G3-01,harvest,3,2025-05-16,27,25,2,no show
G3-02,harvest,3,2025-05-16,24,24,0,
G3-03,harvest,3,2025-05-16,25,24,1,no show
G3-04,harvest,3,2025-05-16,24,24,0,
G4-01,harvest,4,2025-05-16,26,22,4,sick
G4-02,harvest,4,2025-05-16,25,21,4,leave
G4-03,harvest,4,2025-05-16,24,21,3,leave
G4-04,harvest,4,2025-05-16,20,18,2,sick
G5-01,harvest,5,2025-05-16,23,21,2,leave
G5-02,harvest,5,2025-05-16,27,24,3,leave
G5-03,harvest,5,2025-05-16,19,14,5,no show
G6-01,harvest,6,2025-05-16,24,24,0,
G6-02,harvest,6,2025-05-16,18,18,0,
G6-03,harvest,6,2025-05-16,24,23,1,sick
G6-04,harvest,6,2025-05-16,24,22,2,leave
G6-05,harvest,6,2025-05-16,21,20,1,sick
G7-01,harvest,7,2025-05-16,27,27,0,
G7-02,harvest,7,2025-05-16,21,20,1,leave
G7-03,harvest,7,2025-05-16,20,19,1,no show
G7-04,harvest,7,2025-05-16,27,22,5,sick
P1-01,pest,1,2025-05-16,11,9,2,sick
P2-01,pest,2,2025-05-16,10,8,2,leave
P3-01,pest,3,2025-05-16,11,9,2,no show
P4-01,pest,4,2025-05-16,10,9,1,sick
P5-01,pest,5,2025-05-16,10,8,2,no show
P6-01,pest,6,2025-05-16,13,10,3,leave
P7-01,pest,7,2025-05-16,13,12,1,no show
S1-01,spray,1,2025-05-16,15,12,3,no show
S2-01,spray,2,2025-05-16,14,13,1,leave
S3-01,spray,3,2025-05-16,17,16,1,no show
S4-01,spray,4,2025-05-16,16,12,4,sick
S5-01,spray,5,2025-05-16,13,11,2,leave
S6-01,spray,6,2025-05-16,18,18,0,
S7-01,spray,7,2025-05-16,17,16,1,leave
U1-01,upkeep,1,2025-05-16,19,17,2,leave
U1-02,upkeep,1,2025-05-16,19,16,3,no show
U1-03,upkeep,1,2025-05-16,19,17,2,sick
U2-01,upkeep,2,2025-05-16,18,15,3,leave
U2-02,upkeep,2,2025-05-16,18,16,2,leave
U2-03,upkeep,2,2025-05-16,18,16,2,sick
U3-01,upkeep,3,2025-05-16,16,15,1,sick
U3-02,upkeep,3,2025-05-16,16,14,2,leave
U3-03,upkeep,3,2025-05-16,16,13,3,no show
U3-04,upkeep,3,2025-05-16,16,13,3,leave
U4-01,upkeep,4,2025-05-16,15,15,0,
U4-02,upkeep,4,2025-05-16,15,12,3,no show
U4-03,upkeep,4,2025-05-16,15,12,3,no show
U4-04,upkeep,4,2025-05-16,15,13,2,no show
U5-01,upkeep,5,2025-05-16,16,13,3,sick
U5-02,upkeep,5,2025-05-16,16,14,2,leave
U5-03,upkeep,5,2025-05-16,16,13,3,leave
U6-01,upkeep,6,2025-05-16,17,17,0,
U6-02,upkeep,6,2025-05-16,17,15,2,sick
U6-03,upkeep,6,2025-05-16,17,17,0,
U6-04,upkeep,6,2025-05-16,17,17,0,
U7-01,upkeep,7,2025-05-16,15,12,3,leave
U7-02,upkeep,7,2025-05-16,15,12,3,sick
U7-03,upkeep,7,2025-05-16,15,11,4,sick
U7-04,upkeep,7,2025-05-16,15,14,1,no show
G1-01,harvest,1,2025-05-17,28,24,4,leave
G1-02,harvest,1,2025-05-17,26,23,3,sick
G1-03,harvest,1,2025-05-17,25,23,2,sick
G1-04,harvest,1,2025-05-17,26,24,2,leave
G2-01,harvest,2,2025-05-17,24,24,0,
G2-02,harvest,2,2025-05-17,20,19,1,sick
G2-03,harvest,2,2025-05-17,24,24,0,
G2-04,harvest,2,2025-05-17,25,23,2,no show
G3-01,harvest,3,2025-05-17,27,23,4,leave
G3-02,harvest,3,2025-05-17,24,24,0,
G3-03,harvest,3,2025-05-17,25,24,1,leave
G3-04,harvest,3,2025-05-17,24,23,1,leave
G4-01,harvest,4,2025-05-17,26,23,3,sick
G4-02,harvest,4,2025-05-17,25,22,3,sick
G4-03,harvest,4,2025-05-17,24,21,3,no show
G4-04,harvest,4,2025-05-17,20,18,2,no show
G5-01,harvest,5,2025-05-17,23,22,1,no show
G5-02,harvest,5,2025-05-17,27,21,6,sick
G5-03,harvest,5,2025-05-17,19,18,1,sick
G6-01,harvest,6,2025-05-17,24,24,0,
G6-02,harvest,6,2025-05-17,18,18,0,
G6-03,harvest,6,2025-05-17,24,21,3,leave
G6-04,harvest,6,2025-05-17,24,21,3,leave
G6-05,harvest,6,2025-05-17,21,21,0,
G7-01,harvest,7,2025-05-17,27,26,1,no show
G7-02,harvest,7,2025-05-17,21,20,1,sick
G7-03,harvest,7,2025-05-17,20,20,0,
G7-04,harvest,7,2025-05-17,27,22,5,sick
P1-01,pest,1,2025-05-17,11,10,1,sick
P2-01,pest,2,2025-05-17,10,7,3,sick
P3-01,pest,3,2025-05-17,11,10,1,leave
P4-01,pest,4,2025-05-17,10,8,2,leave
P5-01,pest,5,2025-05-17,10,7,3,sick
P6-01,pest,6,2025-05-17,13,11,2,sick
P7-01,pest,7,2025-05-17,13,11,2,leave
S1-01,spray,1,2025-05-17,15,14,1,sick
S2-01,spray,2,2025-05-17,14,11,3,sick
S3-01,spray,3,2025-05-17,17,14,3,leave
S4-01,spray,4,2025-05-17,16,15,1,no show
S5-01,spray,5,2025-05-17,13,13,0,
S6-01,spray,6,2025-05-17,18,15,3,no show
S7-01,spray,7,2025-05-17,17,16,1,no show
U1-01,upkeep,1,2025-05-17,19,17,2,sick
U1-02,upkeep,1,2025-05-17,19,18,1,leave
U1-03,upkeep,1,2025-05-17,19,18,1,leave
U2-01,upkeep,2,2025-05-17,18,15,3,no show
U2-02,upkeep,2,2025-05-17,18,16,2,sick
U2-03,upkeep,2,2025-05-17,18,12,6,leave
U3-01,upkeep,3,2025-05-17,16,14,2,sick
U3-02,upkeep,3,2025-05-17,16,14,2,leave
U3-03,upkeep,3,2025-05-17,16,16,0,
U3-04,upkeep,3,2025-05-17,16,15,1,sick
U4-01,upkeep,4,2025-05-17,15,14,1,no show
U4-02,upkeep,4,2025-05-17,15,13,2,leave
U4-03,upkeep,4,2025-05-17,15,13,2,leave
U4-04,upkeep,4,2025-05-17,15,13,2,no show
U5-01,upkeep,5,2025-05-17,16,13,3,sick
U5-02,upkeep,5,2025-05-17,16,12,4,no show
U5-03,upkeep,5,2025-05-17,16,14,2,leave
U6-01,upkeep,6,2025-05-17,17,17,0,
U6-02,upkeep,6,2025-05-17,17,14,3,sick
U6-03,upkeep,6,2025-05-17,17,17,0,
U6-04,upkeep,6,2025-05-17,17,16,1,sick
U7-01,upkeep,7,2025-05-17,15,12,3,sick
U7-02,upkeep,7,2025-05-17,15,14,1,no show
U7-03,upkeep,7,2025-05-17,15,11,4,no show
U7-04,upkeep,7,2025-05-17,15,12,3,no show
G1-01,harvest,1,2025-05-18,28,16,12,rest day
G1-02,harvest,1,2025-05-18,26,22,4,rest day
G1-03,harvest,1,2025-05-18,25,13,12,rest day
G1-04,harvest,1,2025-05-18,26,26,0,
G2-01,harvest,2,2025-05-18,24,14,10,rest day
G2-02,harvest,2,2025-05-18,20,11,9,rest day
G2-03,harvest,2,2025-05-18,24,14,10,rest day
G2-04,harvest,2,2025-05-18,25,25,0,
G3-01,harvest,3,2025-05-18,27,18,9,rest day
G3-02,harvest,3,2025-05-18,24,18,6,rest day
G3-03,harvest,3,2025-05-18,25,25,0,
G3-04,harvest,3,2025-05-18,24,13,11,rest day
G4-01,harvest,4,2025-05-18,26,17,9,rest day
G4-02,harvest,4,2025-05-18,25,18,7,rest day
G4-03,harvest,4,2025-05-18,24,15,9,rest day
G4-04,harvest,4,2025-05-18,20,20,0,
G5-01,harvest,5,2025-05-18,23,23,0,
G5-02,harvest,5,2025-05-18,27,27,0,
G5-03,harvest,5,2025-05-18,19,11,8,rest day
G6-01,harvest,6,2025-05-18,24,15,9,rest day
G6-02,harvest,6,2025-05-18,18,18,0,
G6-03,harvest,6,2025-05-18,24,18,6,rest day
G6-04,harvest,6,2025-05-18,24,14,10,rest day
G6-05,harvest,6,2025-05-18,21,12,9,rest day
G7-01,harvest,7,2025-05-18,27,18,9,rest day
G7-02,harvest,7,2025-05-18,21,11,10,rest day
G7-03,harvest,7,2025-05-18,20,20,0,
G7-04,harvest,7,2025-05-18,27,16,11,rest day
P1-01,pest,1,2025-05-18,11,5,6,rest day
P2-01,pest,2,2025-05-18,10,6,4,rest day
P3-01,pest,3,2025-05-18,11,6,5,rest day
P4-01,pest,4,2025-05-18,10,6,4,rest day
P5-01,pest,5,2025-05-18,10,6,4,rest day
P6-01,pest,6,2025-05-18,13,8,5,rest day
P7-01,pest,7,2025-05-18,13,7,6,rest day
S1-01,spray,1,2025-05-18,15,9,6,rest day
S2-01,spray,2,2025-05-18,14,8,6,rest day
S3-01,spray,3,2025-05-18,17,11,6,rest day
S4-01,spray,4,2025-05-18,16,8,8,rest day
S5-01,spray,5,2025-05-18,13,7,6,rest day
S6-01,spray,6,2025-05-18,18,10,8,rest day
S7-01,spray,7,2025-05-18,17,8,9,rest day
U1-01,upkeep,1,2025-05-18,19,10,9,rest day
U1-02,upkeep,1,2025-05-18,19,9,10,rest day
U1-03,upkeep,1,2025-05-18,19,12,7,rest day
U2-01,upkeep,2,2025-05-18,18,10,8,rest day
U2-02,upkeep,2,2025-05-18,18,10,8,rest day
U2-03,upkeep,2,2025-05-18,18,10,8,rest day
U3-01,upkeep,3,2025-05-18,16,10,6,rest day
U3-02,upkeep,3,2025-05-18,16,10,6,rest day
U3-03,upkeep,3,2025-05-18,16,8,8,rest day
U3-04,upkeep,3,2025-05-18,16,9,7,rest day
U4-01,upkeep,4,2025-05-18,15,9,6,rest day
U4-02,upkeep,4,2025-05-18,15,9,6,rest day
U4-03,upkeep,4,2025-05-18,15,7,8,rest day
U4-04,upkeep,4,2025-05-18,15,7,8,rest day
U5-01,upkeep,5,2025-05-18,16,9,7,rest day
U5-02,upkeep,5,2025-05-18,16,8,8,rest day
U5-03,upkeep,5,2025-05-18,16,7,9,rest day
U6-01,upkeep,6,2025-05-18,17,10,7,rest day
U6-02,upkeep,6,2025-05-18,17,11,6,rest day
U6-03,upkeep,6,2025-05-18,17,9,8,rest day
U6-04,upkeep,6,2025-05-18,17,11,6,rest day
U7-01,upkeep,7,2025-05-18,15,8,7,rest day
U7-02,upkeep,7,2025-05-18,15,9,6,rest day
U7-03,upkeep,7,2025-05-18,15,7,8,rest day
U7-04,upkeep,7,2025-05-18,15,7,8,rest day
G1-01,harvest,1,2025-05-19,28,24,4,sick
G1-02,harvest,1,2025-05-19,26,23,3,leave
G1-03,harvest,1,2025-05-19,25,23,2,no show
G1-04,harvest,1,2025-05-19,26,25,1,sick
G2-01,harvest,2,2025-05-19,24,22,2,sick
G2-02,harvest,2,2025-05-19,20,19,1,leave
G2-03,harvest,2,2025-05-19,24,22,2,leave
G2-04,harvest,2,2025-05-19,25,22,3,sick
G3-01,harvest,3,2025-05-19,27,24,3,leave
G3-02,harvest,3,2025-05-19,24,21,3,leave
G3-03,harvest,3,2025-05-19,25,25,0,
G3-04,harvest,3,2025-05-19,24,21,3,no show
G4-01,harvest,4,2025-05-19,26,24,2,leave
G4-02,harvest,4,2025-05-19,25,23,2,leave
G4-03,harvest,4,2025-05-19,24,24,0,
G4-04,harvest,4,2025-05-19,20,18,2,no show
G5-01,harvest,5,2025-05-19,23,23,0,
G5-02,harvest,5,2025-05-19,27,25,2,sick
G5-03,harvest,5,2025-05-19,19,19,0,
G6-01,harvest,6,2025-05-19,24,23,1,sick
G6-02,harvest,6,2025-05-19,18,16,2,no show
G6-03,harvest,6,2025-05-19,24,24,0,
G6-04,harvest,6,2025-05-19,24,24,0,
G6-05,harvest,6,2025-05-19,21,21,0,
G7-01,harvest,7,2025-05-19,27,24,3,no show
G7-02,harvest,7,2025-05-19,21,18,3,sick
G7-03,harvest,7,2025-05-19,20,17,3,sick
G7-04,harvest,7,2025-05-19,27,27,0,
P1-01,pest,1,2025-05-19,11,10,1,no show
P2-01,pest,2,2025-05-19,10,8,2,leave
P3-01,pest,3,2025-05-19,11,11,0,
P4-01,pest,4,2025-05-19,10,8,2,leave
P5-01,pest,5,2025-05-19,10,9,1,no show
P6-01,pest,6,2025-05-19,13,12,1,no show
P7-01,pest,7,2025-05-19,13,9,4,leave
S1-01,spray,1,2025-05-19,15,12,3,sick
S2-01,spray,2,2025-05-19,14,13,1,sick
S3-01,spray,3,2025-05-19,17,17,0,
S4-01,spray,4,2025-05-19,16,16,0,
S5-01,spray,5,2025-05-19,13,10,3,leave
S6-01,spray,6,2025-05-19,18,18,0,
S7-01,spray,7,2025-05-19,17,15,2,sick
U1-01,upkeep,1,2025-05-19,19,18,1,leave
U1-02,upkeep,1,2025-05-19,19,17,2,leave
U1-03,upkeep,1,2025-05-19,19,17,2,sick
U2-01,upkeep,2,2025-05-19,18,15,3,leave
U2-02,upkeep,2,2025-05-19,18,15,3,sick
U2-03,upkeep,2,2025-05-19,18,16,2,sick
U3-01,upkeep,3,2025-05-19,16,13,3,leave
U3-02,upkeep,3,2025-05-19,16,14,2,leave
U3-03,upkeep,3,2025-05-19,16,14,2,leave
U3-04,upkeep,3,2025-05-19,16,14,2,sick
U4-01,upkeep,4,2025-05-19,15,12,3,no show
U4-02,upkeep,4,2025-05-19,15,14,1,no show
U4-03,upkeep,4,2025-05-19,15,13,2,leave
U4-04,upkeep,4,2025-05-19,15,14,1,no show
U5-01,upkeep,5,2025-05-19,16,14,2,leave
U5-02,upkeep,5,2025-05-19,16,15,1,leave
U5-03,upkeep,5,2025-05-19,16,13,3,no show
U6-01,upkeep,6,2025-05-19,17,17,0,
U6-02,upkeep,6,2025-05-19,17,17,0,
U6-03,upkeep,6,2025-05-19,17,16,1,leave
U6-04,upkeep,6,2025-05-19,17,14,3,sick
U7-01,upkeep,7,2025-05-19,15,13,2,no show
U7-02,upkeep,7,2025-05-19,15,12,3,leave
U7-03,upkeep,7,2025-05-19,15,12,3,sick
U7-04,upkeep,7,2025-05-19,15,13,2,leave
G1-01,harvest,1,2025-05-20,28,22,6,sick
G1-02,harvest,1,2025-05-20,26,24,2,no show
G1-03,harvest,1,2025-05-20,25,25,0,
G1-04,harvest,1,2025-05-20,26,24,2,sick
G2-01,harvest,2,2025-05-20,24,23,1,sick
G2-02,harvest,2,2025-05-20,20,17,3,leave
G2-03,harvest,2,2025-05-20,24,24,0,
G2-04,harvest,2,2025-05-20,25,25,0,
G3-01,harvest,3,2025-05-20,27,23,4,leave
G3-02,harvest,3,2025-05-20,24,24,0,
G3-03,harvest,3,2025-05-20,25,22,3,no show
G3-04,harvest,3,2025-05-20,24,24,0,
G4-01,harvest,4,2025-05-20,26,24,2,sick
G4-02,harvest,4,2025-05-20,25,25,0,
G4-03,harvest,4,2025-05-20,24,22,2,leave
G4-04,harvest,4,2025-05-20,20,16,4,leave
G5-01,harvest,5,2025-05-20,23,21,2,no show
G5-02,harvest,5,2025-05-20,27,23,4,leave
G5-03,harvest,5,2025-05-20,19,16,3,no show
G6-01,harvest,6,2025-05-20,24,24,0,
G6-02,harvest,6,2025-05-20,18,18,0,
G6-03,harvest,6,2025-05-20,24,24,0,
G6-04,harvest,6,2025-05-20,24,24,0,
G6-05,harvest,6,2025-05-20,21,19,2,leave
G7-01,harvest,7,2025-05-20,27,25,2,no show
G7-02,harvest,7,2025-05-20,21,18,3,sick
G7-03,harvest,7,2025-05-20,20,19,1,sick
G7-04,harvest,7,2025-05-20,27,24,3,leave
P1-01,pest,1,2025-05-20,11,9,2,no show
P2-01,pest,2,2025-05-20,10,8,2,sick
P3-01,pest,3,2025-05-20,11,11,0,
P4-01,pest,4,2025-05-20,10,9,1,leave
P5-01,pest,5,2025-05-20,10,9,1,sick
P6-01,pest,6,2025-05-20,13,12,1,no show
P7-01,pest,7,2025-05-20,13,12,1,leave
S1-01,spray,1,2025-05-20,15,14,1,sick
S2-01,spray,2,2025-05-20,14,12,2,leave
S3-01,spray,3,2025-05-20,17,14,3,no show
S4-01,spray,4,2025-05-20,16,14,2,sick
S5-01,spray,5,2025-05-20,13,9,4,no show
S6-01,spray,6,2025-05-20,18,18,0,
S7-01,spray,7,2025-05-20,17,15,2,sick
U1-01,upkeep,1,2025-05-20,19,17,2,sick
U1-02,upkeep,1,2025-05-20,19,18,1,sick
U1-03,upkeep,1,2025-05-20,19,16,3,leave
U2-01,upkeep,2,2025-05-20,18,16,2,leave
U2-02,upkeep,2,2025-05-20,18,16,2,sick
U2-03,upkeep,2,2025-05-20,18,16,2,no show
U3-01,upkeep,3,2025-05-20,16,16,0,
U3-02,upkeep,3,2025-05-20,16,12,4,leave
U3-03,upkeep,3,2025-05-20,16,15,1,sick
U3-04,upkeep,3,2025-05-20,16,14,2,sick
U4-01,upkeep,4,2025-05-20,15,14,1,no show
U4-02,upkeep,4,2025-05-20,15,14,1,leave
U4-03,upkeep,4,2025-05-20,15,14,1,no show
U4-04,upkeep,4,2025-05-20,15,12,3,sick
U5-01,upkeep,5,2025-05-20,16,14,2,no show
U5-02,upkeep,5,2025-05-20,16,15,1,leave
U5-03,upkeep,5,2025-05-20,16,15,1,leave
U6-01,upkeep,6,2025-05-20,17,17,0,
U6-02,upkeep,6,2025-05-20,17,16,1,leave
U6-03,upkeep,6,2025-05-20,17,14,3,sick
U6-04,upkeep,6,2025-05-20,17,16,1,sick
U7-01,upkeep,7,2025-05-20,15,13,2,sick
U7-02,upkeep,7,2025-05-20,15,14,1,sick
U7-03,upkeep,7,2025-05-20,15,14,1,sick
U7-04,upkeep,7,2025-05-20,15,13,2,sick
G1-01,harvest,1,2025-05-21,28,28,0,
G1-02,harvest,1,2025-05-21,26,26,0,
G1-03,harvest,1,2025-05-21,25,22,3,leave
G1-04,harvest,1,2025-05-21,26,26,0,
G2-01,harvest,2,2025-05-21,24,22,2,no show
G2-02,harvest,2,2025-05-21,20,18,2,no show
G2-03,harvest,2,2025-05-21,24,24,0,
G2-04,harvest,2,2025-05-21,25,22,3,leave
G3-01,harvest,3,2025-05-21,27,26,1,sick
G3-02,harvest,3,2025-05-21,24,22,2,sick
G3-03,harvest,3,2025-05-21,25,22,3,no show
G3-04,harvest,3,2025-05-21,24,20,4,leave
G4-01,harvest,4,2025-05-21,26,21,5,no show
G4-02,harvest,4,2025-05-21,25,25,0,
G4-03,harvest,4,2025-05-21,24,23,1,leave
G4-04,harvest,4,2025-05-21,20,16,4,sick
G5-01,harvest,5,2025-05-21,23,19,4,leave
G5-02,harvest,5,2025-05-21,27,25,2,sick
G5-03,harvest,5,2025-05-21,19,17,2,no show
G6-01,harvest,6,2025-05-21,24,24,0,
G6-02,harvest,6,2025-05-21,18,17,1,sick
G6-03,harvest,6,2025-05-21,24,21,3,no show
G6-04,harvest,6,2025-05-21,24,22,2,leave
G6-05,harvest,6,2025-05-21,21,20,1,sick
G7-01,harvest,7,2025-05-21,27,25,2,sick
G7-02,harvest,7,2025-05-21,21,19,2,sick
G7-03,harvest,7,2025-05-21,20,20,0,
G7-04,harvest,7,2025-05-21,27,23,4,sick
P1-01,pest,1,2025-05-21,11,7,4,leave
P2-01,pest,2,2025-05-21,10,7,3,no show
P3-01,pest,3,2025-05-21,11,9,2,sick
P4-01,pest,4,2025-05-21,10,9,1,sick
P5-01,pest,5,2025-05-21,10,7,3,leave
P6-01,pest,6,2025-05-21,13,13,0,
P7-01,pest,7,2025-05-21,13,13,0,
S1-01,spray,1,2025-05-21,15,15,0,
S2-01,spray,2,2025-05-21,14,10,4,sick
S3-01,spray,3,2025-05-21,17,15,2,leave
S4-01,spray,4,2025-05-21,16,16,0,
S5-01,spray,5,2025-05-21,13,12,1,no show
S6-01,spray,6,2025-05-21,18,17,1,no show
S7-01,spray,7,2025-05-21,17,13,4,sick
U1-01,upkeep,1,2025-05-21,19,17,2,sick
U1-02,upkeep,1,2025-05-21,19,17,2,leave
U1-03,upkeep,1,2025-05-21,19,18,1,sick
U2-01,upkeep,2,2025-05-21,18,17,1,sick
U2-02,upkeep,2,2025-05-21,18,17,1,sick
U2-03,upkeep,2,2025-05-21,18,16,2,sick
U3-01,upkeep,3,2025-05-21,16,14,2,sick
U3-02,upkeep,3,2025-05-21,16,14,2,leave
U3-03,upkeep,3,2025-05-21,16,13,3,sick
U3-04,upkeep,3,2025-05-21,16,15,1,sick
U4-01,upkeep,4,2025-05-21,15,14,1,sick
U4-02,upkeep,4,2025-05-21,15,14,1,leave
U4-03,upkeep,4,2025-05-21,15,13,2,sick
U4-04,upkeep,4,2025-05-21,15,13,2,sick
U5-01,upkeep,5,2025-05-21,16,14,2,sick
U5-02,upkeep,5,2025-05-21,16,13,3,no show
U5-03,upkeep,5,2025-05-21,16,14,2,no show
U6-01,upkeep,6,2025-05-21,17,15,2,leave
U6-02,upkeep,6,2025-05-21,17,17,0,
U6-03,upkeep,6,2025-05-21,17,17,0,
U6-04,upkeep,6,2025-05-21,17,17,0,
U7-01,upkeep,7,2025-05-21,15,14,1,leave
U7-02,upkeep,7,2025-05-21,15,14,1,no show
U7-03,upkeep,7,2025-05-21,15,14,1,sick
U7-04,upkeep,7,2025-05-21,15,14,1,sick
G1-01,harvest,1,2025-05-22,28,26,2,leave
G1-02,harvest,1,2025-05-22,26,23,3,sick
G1-03,harvest,1,2025-05-22,25,25,0,
G1-04,harvest,1,2025-05-22,26,22,4,sick
G2-01,harvest,2,2025-05-22,24,20,4,leave
G2-02,harvest,2,2025-05-22,20,18,2,sick
G2-03,harvest,2,2025-05-22,24,20,4,leave
G2-04,harvest,2,2025-05-22,25,24,1,leave
G3-01,harvest,3,2025-05-22,27,27,0,
G3-02,harvest,3,2025-05-22,24,22,2,leave
G3-03,harvest,3,2025-05-22,25,25,0,
G3-04,harvest,3,2025-05-22,24,23,1,no show
G4-01,harvest,4,2025-05-22,26,23,3,no show
G4-02,harvest,4,2025-05-22,25,25,0,
G4-03,harvest,4,2025-05-22,24,21,3,no show
G4-04,harvest,4,2025-05-22,20,18,2,leave
G5-01,harvest,5,2025-05-22,23,21,2,leave
G5-02,harvest,5,2025-05-22,27,19,8,leave
G5-03,harvest,5,2025-05-22,19,17,2,leave
G6-01,harvest,6,2025-05-22,24,23,1,sick
G6-02,harvest,6,2025-05-22,18,17,1,sick
G6-03,harvest,6,2025-05-22,24,23,1,leave
G6-04,harvest,6,2025-05-22,24,22,2,no show
G6-05,harvest,6,2025-05-22,21,19,2,leave
G7-01,harvest,7,2025-05-22,27,23,4,no show
G7-02,harvest,7,2025-05-22,21,19,2,sick
G7-03,harvest,7,2025-05-22,20,20,0,
G7-04,harvest,7,2025-05-22,27,26,1,leave
P1-01,pest,1,2025-05-22,11,10,1,no show
P2-01,pest,2,2025-05-22,10,7,3,sick
P3-01,pest,3,2025-05-22,11,8,3,leave
P4-01,pest,4,2025-05-22,10,9,1,sick
P5-01,pest,5,2025-05-22,10,7,3,sick
P6-01,pest,6,2025-05-22,13,13,0,
P7-01,pest,7,2025-05-22,13,12,1,leave
S1-01,spray,1,2025-05-22,15,14,1,sick
S2-01,spray,2,2025-05-22,14,11,3,sick
S3-01,spray,3,2025-05-22,17,16,1,no show
S4-01,spray,4,2025-05-22,16,14,2,leave
S5-01,spray,5,2025-05-22,13,10,3,sick
S6-01,spray,6,2025-05-22,18,16,2,leave
S7-01,spray,7,2025-05-22,17,15,2,sick
U1-01,upkeep,1,2025-05-22,19,16,3,sick
U1-02,upkeep,1,2025-05-22,19,18,1,sick
U1-03,upkeep,1,2025-05-22,19,17,2,sick
U2-01,upkeep,2,2025-05-22,18,18,0,
U2-02,upkeep,2,2025-05-22,18,17,1,sick
U2-03,upkeep,2,2025-05-22,18,15,3,sick
U3-01,upkeep,3,2025-05-22,16,15,1,sick
U3-02,upkeep,3,2025-05-22,16,15,1,leave
U3-03,upkeep,3,2025-05-22,16,13,3,no show
U3-04,upkeep,3,2025-05-22,16,14,2,leave
U4-01,upkeep,4,2025-05-22,15,13,2,sick
U4-02,upkeep,4,2025-05-22,15,12,3,leave
U4-03,upkeep,4,2025-05-22,15,13,2,sick
U4-04,upkeep,4,2025-05-22,15,13,2,leave
U5-01,upkeep,5,2025-05-22,16,11,5,leave
U5-02,upkeep,5,2025-05-22,16,13,3,leave
U5-03,upkeep,5,2025-05-22,16,13,3,sick
U6-01,upkeep,6,2025-05-22,17,17,0,
U6-02,upkeep,6,2025-05-22,17,17,0,
U6-03,upkeep,6,2025-05-22,17,17,0,
U6-04,upkeep,6,2025-05-22,17,15,2,no show
U7-01,upkeep,7,2025-05-22,15,15,0,
U7-02,upkeep,7,2025-05-22,15,14,1,sick
U7-03,upkeep,7,2025-05-22,15,13,2,leave
U7-04,upkeep,7,2025-05-22,15,9,6,sick
G1-01,harvest,1,2025-05-23,28,24,4,sick
G1-02,harvest,1,2025-05-23,26,24,2,sick
G1-03,harvest,1,2025-05-23,25,25,0,
G1-04,harvest,1,2025-05-23,26,25,1,leave
G2-01,harvest,2,2025-05-23,24,23,1,no show
G2-02,harvest,2,2025-05-23,20,20,0,
G2-03,harvest,2,2025-05-23,24,20,4,leave
G2-04,harvest,2,2025-05-23,25,21,4,no show
G3-01,harvest,3,2025-05-23,27,24,3,sick
G3-02,harvest,3,2025-05-23,24,24,0,
G3-03,harvest,3,2025-05-23,25,23,2,leave
G3-04,harvest,3,2025-05-23,24,19,5,no show
G4-01,harvest,4,2025-05-23,26,24,2,no show
G4-02,harvest,4,2025-05-23,25,24,1,sick
G4-03,harvest,4,2025-05-23,24,20,4,sick
G4-04,harvest,4,2025-05-23,20,17,3,no show
G5-01,harvest,5,2025-05-23,23,19,4,leave
G5-02,harvest,5,2025-05-23,27,23,4,leave
G5-03,harvest,5,2025-05-23,19,17,2,sick
G6-01,harvest,6,2025-05-23,24,21,3,sick
G6-02,harvest,6,2025-05-23,18,18,0,
G6-03,harvest,6,2025-05-23,24,24,0,
G6-04,harvest,6,2025-05-23,24,24,0,
G6-05,harvest,6,2025-05-23,21,20,1,no show
G7-01,harvest,7,2025-05-23,27,25,2,sick
G7-02,harvest,7,2025-05-23,21,18,3,no show
G7-03,harvest,7,2025-05-23,20,18,2,sick
G7-04,harvest,7,2025-05-23,27,22,5,sick
P1-01,pest,1,2025-05-23,11,10,1,sick
P2-01,pest,2,2025-05-23,10,9,1,sick
P3-01,pest,3,2025-05-23,11,10,1,leave
P4-01,pest,4,2025-05-23,10,8,2,no show
P5-01,pest,5,2025-05-23,10,8,2,no show
P6-01,pest,6,2025-05-23,13,12,1,no show
P7-01,pest,7,2025-05-23,13,11,2,sick
S1-01,spray,1,2025-05-23,15,15,0,
S2-01,spray,2,2025-05-23,14,12,2,leave
S3-01,spray,3,2025-05-23,17,16,1,leave
S4-01,spray,4,2025-05-23,16,16,0,
S5-01,spray,5,2025-05-23,13,10,3,sick
S6-01,spray,6,2025-05-23,18,15,3,sick
S7-01,spray,7,2025-05-23,17,16,1,sick
U1-01,upkeep,1,2025-05-23,19,17,2,sick
U1-02,upkeep,1,2025-05-23,19,16,3,sick
U1-03,upkeep,1,2025-05-23,19,19,0,
U2-01,upkeep,2,2025-05-23,18,15,3,leave
U2-02,upkeep,2,2025-05-23,18,17,1,leave
U2-03,upkeep,2,2025-05-23,18,17,1,sick
U3-01,upkeep,3,2025-05-23,16,15,1,leave
U3-02,upkeep,3,2025-05-23,16,16,0,
U3-03,upkeep,3,2025-05-23,16,15,1,leave
U3-04,upkeep,3,2025-05-23,16,15,1,sick
U4-01,upkeep,4,2025-05-23,15,14,1,sick
U4-02,upkeep,4,2025-05-23,15,13,2,leave
U4-03,upkeep,4,2025-05-23,15,13,2,leave
U4-04,upkeep,4,2025-05-23,15,13,2,no show
U5-01,upkeep,5,2025-05-23,16,15,1,leave
U5-02,upkeep,5,2025-05-23,16,13,3,sick
U5-03,upkeep,5,2025-05-23,16,12,4,no show
U6-01,upkeep,6,2025-05-23,17,17,0,
U6-02,upkeep,6,2025-05-23,17,14,3,leave
U6-03,upkeep,6,2025-05-23,17,16,1,leave
U6-04,upkeep,6,2025-05-23,17,16,1,no show
U7-01,upkeep,7,2025-05-23,15,13,2,sick
U7-02,upkeep,7,2025-05-23,15,14,1,no show
U7-03,upkeep,7,2025-05-23,15,13,2,leave
U7-04,upkeep,7,2025-05-23,15,12,3,no show
