# SYNTHETIC. Fertiliser goods issues against the agronomy programme. SAP MM holds these; the EC export carries only a rupiah cost line, which cannot answer an agronomic question. NOTE the deliberate confounding: weak blocks are PRESCRIBED more, so a naive reading of 'more fertiliser, lower yield' is backwards.
division_code,block_code,window,material,target_kg,issued_kg,target_date,issue_date,application_lag_days,palms,kg_per_palm
1,1,2024-10,NPK 12-12-17-2,2737.5,1886.6,2024-10-15,2024-11-03,19,790,2.388
1,1,2024-10,Urea,673.8,613.1,2024-10-15,2024-11-17,33,790,0.776
1,1,2024-10,Kieserite,505.4,445.8,2024-10-15,2024-11-02,18,790,0.564
1,1,2024-10,Borate,63.2,69.2,2024-10-15,2024-10-15,0,790,0.088
1,1,2025-03,NPK 12-12-17-2,2737.5,1947.7,2025-03-15,2025-04-15,31,790,2.465
1,1,2025-03,Urea,673.8,599.9,2025-03-15,2025-03-15,0,790,0.759
1,1,2025-03,Kieserite,505.4,368.1,2025-03-15,2025-05-06,52,790,0.466
1,1,2025-03,Borate,63.2,61.8,2025-03-15,2025-03-29,14,790,0.078
1,2,2024-10,NPK 12-12-17-2,8226.2,7148.4,2024-10-15,2024-10-15,0,2412,2.964
1,2,2024-10,Urea,2024.9,2267.9,2024-10-15,2024-10-19,4,2412,0.94
1,2,2024-10,Kieserite,1518.7,1700.9,2024-10-15,2024-10-15,0,2412,0.705
1,2,2024-10,Borate,189.8,197.6,2024-10-15,2024-10-16,1,2412,0.082
1,2,2025-03,NPK 12-12-17-2,8226.2,9213.4,2025-03-15,2025-04-20,36,2412,3.82
1,2,2025-03,Urea,2024.9,1064.5,2025-03-15,2025-03-15,0,2412,0.441
1,2,2025-03,Kieserite,1518.7,1561.2,2025-03-15,2025-05-11,57,2412,0.647
1,2,2025-03,Borate,189.8,212.6,2025-03-15,2025-03-28,13,2412,0.088
1,3,2024-10,NPK 12-12-17-2,6234.3,4759.2,2024-10-15,2024-11-25,41,1916,2.484
1,3,2024-10,Urea,1534.6,1349.6,2024-10-15,2024-10-15,0,1916,0.704
1,3,2024-10,Kieserite,1150.9,1007.2,2024-10-15,2024-11-11,27,1916,0.526
1,3,2024-10,Borate,143.9,150.7,2024-10-15,2024-11-08,24,1916,0.079
1,3,2025-03,NPK 12-12-17-2,6234.3,6015.9,2025-03-15,2025-05-14,60,1916,3.14
1,3,2025-03,Urea,1534.6,1117.8,2025-03-15,2025-04-25,41,1916,0.583
1,3,2025-03,Kieserite,1150.9,1133.9,2025-03-15,2025-04-21,37,1916,0.592
1,3,2025-03,Borate,143.9,102.1,2025-03-15,2025-03-15,0,1916,0.053
1,4,2024-10,NPK 12-12-17-2,6153.2,5938.4,2024-10-15,2024-12-08,54,1855,3.201
1,4,2024-10,Urea,1514.6,1275.8,2024-10-15,2024-10-15,0,1855,0.688
1,4,2024-10,Kieserite,1136.0,1085.1,2024-10-15,2024-11-07,23,1855,0.585
1,4,2024-10,Borate,142.0,129.0,2024-10-15,2024-11-02,18,1855,0.07
1,4,2025-03,NPK 12-12-17-2,6153.2,5542.5,2025-03-15,2025-04-04,20,1855,2.988
1,4,2025-03,Urea,1514.6,1185.6,2025-03-15,2025-03-15,0,1855,0.639
1,4,2025-03,Kieserite,1136.0,900.6,2025-03-15,2025-04-21,37,1855,0.485
1,4,2025-03,Borate,142.0,159.0,2025-03-15,2025-05-02,48,1855,0.086
1,5,2024-10,NPK 12-12-17-2,4086.4,4202.6,2024-10-15,2024-10-19,4,1218,3.45
1,5,2024-10,Urea,1005.9,736.2,2024-10-15,2024-10-15,0,1218,0.604
1,5,2024-10,Kieserite,754.4,844.9,2024-10-15,2024-11-02,18,1218,0.694
1,5,2024-10,Borate,94.3,92.1,2024-10-15,2024-10-29,14,1218,0.076
1,5,2025-03,NPK 12-12-17-2,4086.4,3359.9,2025-03-15,2025-03-19,4,1218,2.759
1,5,2025-03,Urea,1005.9,746.9,2025-03-15,2025-04-06,22,1218,0.613
1,5,2025-03,Kieserite,754.4,772.8,2025-03-15,2025-03-27,12,1218,0.634
1,5,2025-03,Borate,94.3,87.5,2025-03-15,2025-04-06,22,1218,0.072
1,6,2024-10,NPK 12-12-17-2,3221.8,3100.4,2024-10-15,2024-10-15,0,957,3.24
1,6,2024-10,Urea,793.1,735.6,2024-10-15,2024-10-31,16,957,0.769
1,6,2024-10,Kieserite,594.8,446.6,2024-10-15,2024-10-24,9,957,0.467
1,6,2024-10,Borate,74.4,58.3,2024-10-15,2024-10-15,0,957,0.061
1,6,2025-03,NPK 12-12-17-2,3221.8,3063.2,2025-03-15,2025-03-15,0,957,3.201
1,6,2025-03,Urea,793.1,702.8,2025-03-15,2025-03-15,0,957,0.734
1,6,2025-03,Kieserite,594.8,555.6,2025-03-15,2025-04-02,18,957,0.581
1,6,2025-03,Borate,74.4,73.2,2025-03-15,2025-03-15,0,957,0.077
1,7,2024-10,NPK 12-12-17-2,6989.4,6134.2,2024-10-15,2024-11-08,24,2181,2.813
1,7,2024-10,Urea,1720.5,1817.0,2024-10-15,2024-10-15,0,2181,0.833
1,7,2024-10,Kieserite,1290.3,1284.4,2024-10-15,2024-10-15,0,2181,0.589
1,7,2024-10,Borate,161.3,132.7,2024-10-15,2024-10-31,16,2181,0.061
1,7,2025-03,NPK 12-12-17-2,6989.4,5169.7,2025-03-15,2025-03-22,7,2181,2.37
1,7,2025-03,Urea,1720.5,1926.9,2025-03-15,2025-03-21,6,2181,0.884
1,7,2025-03,Kieserite,1290.3,976.7,2025-03-15,2025-03-19,4,2181,0.448
1,7,2025-03,Borate,161.3,146.0,2025-03-15,2025-04-20,36,2181,0.067
1,8,2024-10,NPK 12-12-17-2,14073.1,14041.0,2024-10-15,2024-11-01,17,4399,3.192
1,8,2024-10,Urea,3464.1,3125.2,2024-10-15,2024-11-06,22,4399,0.71
1,8,2024-10,Kieserite,2598.1,2427.2,2024-10-15,2024-11-06,22,4399,0.552
1,8,2024-10,Borate,324.8,363.7,2024-10-15,2024-12-07,53,4399,0.083
1,8,2025-03,NPK 12-12-17-2,14073.1,15761.8,2025-03-15,2025-03-15,0,4399,3.583
1,8,2025-03,Urea,3464.1,2530.4,2025-03-15,2025-03-15,0,4399,0.575
1,8,2025-03,Kieserite,2598.1,2648.6,2025-03-15,2025-05-22,68,4399,0.602
1,8,2025-03,Borate,324.8,197.8,2025-03-15,2025-04-05,21,4399,0.045
1,9,2024-10,NPK 12-12-17-2,11494.3,8405.3,2024-10-15,2024-10-15,0,3614,2.326
1,9,2024-10,Urea,2829.4,2456.5,2024-10-15,2024-10-28,13,3614,0.68
1,9,2024-10,Kieserite,2122.0,2198.9,2024-10-15,2024-10-15,0,3614,0.608
1,9,2024-10,Borate,265.3,273.5,2024-10-15,2024-11-10,26,3614,0.076
1,9,2025-03,NPK 12-12-17-2,11494.3,9009.7,2025-03-15,2025-03-15,0,3614,2.493
1,9,2025-03,Urea,2829.4,2476.8,2025-03-15,2025-03-15,0,3614,0.685
1,9,2025-03,Kieserite,2122.0,1781.2,2025-03-15,2025-05-03,49,3614,0.493
1,9,2025-03,Borate,265.3,286.9,2025-03-15,2025-04-27,43,3614,0.079
1,10,2024-10,NPK 12-12-17-2,13076.9,13386.6,2024-10-15,2024-12-04,50,4061,3.296
1,10,2024-10,Urea,3218.9,3264.8,2024-10-15,2024-11-03,19,4061,0.804
1,10,2024-10,Kieserite,2414.2,1800.9,2024-10-15,2024-10-15,0,4061,0.443
1,10,2024-10,Borate,301.8,215.3,2024-10-15,2024-12-01,47,4061,0.053
1,10,2025-03,NPK 12-12-17-2,13076.9,14646.1,2025-03-15,2025-03-16,1,4061,3.607
1,10,2025-03,Urea,3218.9,3076.8,2025-03-15,2025-04-10,26,4061,0.758
1,10,2025-03,Kieserite,2414.2,2365.8,2025-03-15,2025-04-12,28,4061,0.583
1,10,2025-03,Borate,301.8,256.2,2025-03-15,2025-04-05,21,4061,0.063
1,11,2024-10,NPK 12-12-17-2,14572.0,12752.5,2024-10-15,2024-11-05,21,4589,2.779
1,11,2024-10,Urea,3586.9,2604.6,2024-10-15,2024-10-29,14,4589,0.568
1,11,2024-10,Kieserite,2690.2,2133.8,2024-10-15,2024-11-04,20,4589,0.465
1,11,2024-10,Borate,336.3,304.0,2024-10-15,2024-10-16,1,4589,0.066
1,11,2025-03,NPK 12-12-17-2,14572.0,10104.3,2025-03-15,2025-05-04,50,4589,2.202
1,11,2025-03,Urea,3586.9,3166.2,2025-03-15,2025-04-12,28,4589,0.69
1,11,2025-03,Kieserite,2690.2,1837.4,2025-03-15,2025-04-19,35,4589,0.4
1,11,2025-03,Borate,336.3,376.0,2025-03-15,2025-04-12,28,4589,0.082
1,12,2024-10,NPK 12-12-17-2,11177.6,5197.7,2024-10-15,2024-11-11,27,3660,1.42
1,12,2024-10,Urea,2751.4,1798.5,2024-10-15,2024-10-15,0,3660,0.491
1,12,2024-10,Kieserite,2063.5,1987.1,2024-10-15,2024-10-15,0,3660,0.543
1,12,2024-10,Borate,257.9,288.9,2024-10-15,2024-12-11,57,3660,0.079
1,12,2025-03,NPK 12-12-17-2,11177.6,6462.2,2025-03-15,2025-03-20,5,3660,1.766
1,12,2025-03,Urea,2751.4,2410.5,2025-03-15,2025-05-11,57,3660,0.659
1,12,2025-03,Kieserite,2063.5,2053.0,2025-03-15,2025-03-23,8,3660,0.561
1,12,2025-03,Borate,257.9,193.3,2025-03-15,2025-04-20,36,3660,0.053
1,13,2024-10,NPK 12-12-17-2,14543.8,14181.1,2024-10-15,2024-10-26,11,4481,3.165
1,13,2024-10,Urea,3580.0,3350.6,2024-10-15,2024-10-30,15,4481,0.748
1,13,2024-10,Kieserite,2685.0,1958.2,2024-10-15,2024-10-15,0,4481,0.437
1,13,2024-10,Borate,335.6,219.1,2024-10-15,2024-11-21,37,4481,0.049
1,13,2025-03,NPK 12-12-17-2,14543.8,12038.1,2025-03-15,2025-04-07,23,4481,2.686
1,13,2025-03,Urea,3580.0,4009.6,2025-03-15,2025-03-20,5,4481,0.895
1,13,2025-03,Kieserite,2685.0,2460.3,2025-03-15,2025-03-15,0,4481,0.549
1,13,2025-03,Borate,335.6,268.9,2025-03-15,2025-04-15,31,4481,0.06
1,14,2024-10,NPK 12-12-17-2,14746.2,12158.0,2024-10-15,2024-11-15,31,4760,2.554
1,14,2024-10,Urea,3629.8,3360.3,2024-10-15,2024-12-12,58,4760,0.706
1,14,2024-10,Kieserite,2722.4,1737.6,2024-10-15,2024-10-15,0,4760,0.365
1,14,2024-10,Borate,340.3,223.4,2024-10-15,2024-10-21,6,4760,0.047
1,14,2025-03,NPK 12-12-17-2,14746.2,13492.7,2025-03-15,2025-04-19,35,4760,2.835
1,14,2025-03,Urea,3629.8,3443.1,2025-03-15,2025-04-08,24,4760,0.723
1,14,2025-03,Kieserite,2722.4,2458.1,2025-03-15,2025-04-14,30,4760,0.516
1,14,2025-03,Borate,340.3,273.5,2025-03-15,2025-03-15,0,4760,0.057
1,15,2024-10,NPK 12-12-17-2,14844.0,16232.4,2024-10-15,2024-10-15,0,4700,3.454
1,15,2024-10,Urea,3653.9,3563.9,2024-10-15,2025-01-10,87,4700,0.758
1,15,2024-10,Kieserite,2740.4,2377.5,2024-10-15,2024-10-22,7,4700,0.506
1,15,2024-10,Borate,342.6,287.8,2024-10-15,2024-11-07,23,4700,0.061
1,15,2025-03,NPK 12-12-17-2,14844.0,12145.5,2025-03-15,2025-03-15,0,4700,2.584
1,15,2025-03,Urea,3653.9,2644.1,2025-03-15,2025-03-15,0,4700,0.563
1,15,2025-03,Kieserite,2740.4,2279.4,2025-03-15,2025-03-15,0,4700,0.485
1,15,2025-03,Borate,342.6,293.0,2025-03-15,2025-03-15,0,4700,0.062
1,16,2024-10,NPK 12-12-17-2,13052.5,10998.9,2024-10-15,2024-10-15,0,3871,2.841
1,16,2024-10,Urea,3212.9,2059.1,2024-10-15,2024-12-01,47,3871,0.532
1,16,2024-10,Kieserite,2409.7,2430.0,2024-10-15,2024-11-17,33,3871,0.628
1,16,2024-10,Borate,301.2,281.4,2024-10-15,2024-11-01,17,3871,0.073
1,16,2025-03,NPK 12-12-17-2,13052.5,10492.8,2025-03-15,2025-03-30,15,3871,2.711
1,16,2025-03,Urea,3212.9,2880.5,2025-03-15,2025-04-17,33,3871,0.744
1,16,2025-03,Kieserite,2409.7,2178.9,2025-03-15,2025-03-30,15,3871,0.563
1,16,2025-03,Borate,301.2,232.5,2025-03-15,2025-03-15,0,3871,0.06
1,17,2024-10,NPK 12-12-17-2,11761.6,13173.0,2024-10-15,2024-11-08,24,3449,3.819
1,17,2024-10,Urea,2895.2,2881.7,2024-10-15,2024-11-17,33,3449,0.836
1,17,2024-10,Kieserite,2171.4,2092.4,2024-10-15,2024-10-30,15,3449,0.607
1,17,2024-10,Borate,271.4,247.1,2024-10-15,2024-11-03,19,3449,0.072
1,17,2025-03,NPK 12-12-17-2,11761.6,10749.6,2025-03-15,2025-04-19,35,3449,3.117
1,17,2025-03,Urea,2895.2,2952.9,2025-03-15,2025-05-28,74,3449,0.856
1,17,2025-03,Kieserite,2171.4,1570.2,2025-03-15,2025-04-22,38,3449,0.455
1,17,2025-03,Borate,271.4,283.9,2025-03-15,2025-04-07,23,3449,0.082
1,18,2024-10,NPK 12-12-17-2,10278.9,9053.7,2024-10-15,2024-11-27,43,2944,3.075
1,18,2024-10,Urea,2530.2,2833.8,2024-10-15,2024-12-11,57,2944,0.963
1,18,2024-10,Kieserite,1897.6,1507.2,2024-10-15,2024-11-30,46,2944,0.512
1,18,2024-10,Borate,237.2,220.9,2024-10-15,2024-11-02,18,2944,0.075
1,18,2025-03,NPK 12-12-17-2,10278.9,8467.9,2025-03-15,2025-03-15,0,2944,2.876
1,18,2025-03,Urea,2530.2,1631.3,2025-03-15,2025-03-16,1,2944,0.554
1,18,2025-03,Kieserite,1897.6,1764.8,2025-03-15,2025-04-02,18,2944,0.599
1,18,2025-03,Borate,237.2,265.7,2025-03-15,2025-03-15,0,2944,0.09
1,19,2024-10,NPK 12-12-17-2,9443.0,8374.7,2024-10-15,2024-10-16,1,2769,3.024
1,19,2024-10,Urea,2324.4,1526.6,2024-10-15,2024-12-09,55,2769,0.551
1,19,2024-10,Kieserite,1743.3,1864.6,2024-10-15,2024-10-30,15,2769,0.673
1,19,2024-10,Borate,217.9,145.4,2024-10-15,2024-10-29,14,2769,0.052
1,19,2025-03,NPK 12-12-17-2,9443.0,10576.1,2025-03-15,2025-03-21,6,2769,3.819
1,19,2025-03,Urea,2324.4,2215.0,2025-03-15,2025-04-19,35,2769,0.8
1,19,2025-03,Kieserite,1743.3,1835.8,2025-03-15,2025-04-19,35,2769,0.663
1,19,2025-03,Borate,217.9,132.8,2025-03-15,2025-03-31,16,2769,0.048
1,20,2024-10,NPK 12-12-17-2,8886.6,9953.0,2024-10-15,2024-10-17,2,2704,3.681
1,20,2024-10,Urea,2187.5,1724.7,2024-10-15,2024-11-05,21,2704,0.638
1,20,2024-10,Kieserite,1640.6,1304.3,2024-10-15,2024-12-16,62,2704,0.482
1,20,2024-10,Borate,205.1,185.3,2024-10-15,2024-11-03,19,2704,0.069
1,20,2025-03,NPK 12-12-17-2,8886.6,8186.5,2025-03-15,2025-05-11,57,2704,3.028
1,20,2025-03,Urea,2187.5,2450.0,2025-03-15,2025-03-28,13,2704,0.906
1,20,2025-03,Kieserite,1640.6,1100.6,2025-03-15,2025-03-15,0,2704,0.407
1,20,2025-03,Borate,205.1,164.2,2025-03-15,2025-04-07,23,2704,0.061
1,21,2024-10,NPK 12-12-17-2,13835.4,14774.4,2024-10-15,2024-10-22,7,4138,3.57
1,21,2024-10,Urea,3405.6,2750.0,2024-10-15,2024-10-29,14,4138,0.665
1,21,2024-10,Kieserite,2554.2,2119.5,2024-10-15,2024-10-15,0,4138,0.512
1,21,2024-10,Borate,319.3,250.8,2024-10-15,2024-10-17,2,4138,0.061
1,21,2025-03,NPK 12-12-17-2,13835.4,7846.4,2025-03-15,2025-05-24,70,4138,1.896
1,21,2025-03,Urea,3405.6,3310.4,2025-03-15,2025-03-15,0,4138,0.8
1,21,2025-03,Kieserite,2554.2,1802.7,2025-03-15,2025-03-23,8,4138,0.436
1,21,2025-03,Borate,319.3,265.3,2025-03-15,2025-04-02,18,4138,0.064
1,22,2024-10,NPK 12-12-17-2,13484.7,11346.5,2024-10-15,2024-11-14,30,4043,2.806
1,22,2024-10,Urea,3319.3,3464.4,2024-10-15,2024-10-25,10,4043,0.857
1,22,2024-10,Kieserite,2489.5,2465.6,2024-10-15,2024-11-17,33,4043,0.61
1,22,2024-10,Borate,311.2,215.2,2024-10-15,2024-11-15,31,4043,0.053
1,22,2025-03,NPK 12-12-17-2,13484.7,15032.0,2025-03-15,2025-04-03,19,4043,3.718
1,22,2025-03,Urea,3319.3,2817.3,2025-03-15,2025-04-01,17,4043,0.697
1,22,2025-03,Kieserite,2489.5,1630.6,2025-03-15,2025-04-04,20,4043,0.403
1,22,2025-03,Borate,311.2,190.6,2025-03-15,2025-04-26,42,4043,0.047
1,23,2024-10,NPK 12-12-17-2,13427.9,13639.4,2024-10-15,2024-11-03,19,3932,3.469
1,23,2024-10,Urea,3305.3,2487.8,2024-10-15,2024-10-15,0,3932,0.633
1,23,2024-10,Kieserite,2479.0,2066.8,2024-10-15,2024-10-15,0,3932,0.526
1,23,2024-10,Borate,309.9,323.0,2024-10-15,2024-12-23,69,3932,0.082
1,23,2025-03,NPK 12-12-17-2,13427.9,8739.4,2025-03-15,2025-04-14,30,3932,2.223
1,23,2025-03,Urea,3305.3,2545.4,2025-03-15,2025-03-15,0,3932,0.647
1,23,2025-03,Kieserite,2479.0,1752.2,2025-03-15,2025-04-30,46,3932,0.446
1,23,2025-03,Borate,309.9,247.7,2025-03-15,2025-03-15,0,3932,0.063
1,24,2024-10,NPK 12-12-17-2,10865.9,9340.6,2024-10-15,2024-11-11,27,3370,2.772
1,24,2024-10,Urea,2674.7,2424.7,2024-10-15,2024-11-30,46,3370,0.719
1,24,2024-10,Kieserite,2006.0,1732.9,2024-10-15,2024-10-15,0,3370,0.514
1,24,2024-10,Borate,250.8,280.8,2024-10-15,2024-11-18,34,3370,0.083
1,24,2025-03,NPK 12-12-17-2,10865.9,8057.6,2025-03-15,2025-03-15,0,3370,2.391
1,24,2025-03,Urea,2674.7,2448.3,2025-03-15,2025-03-17,2,3370,0.727
1,24,2025-03,Kieserite,2006.0,2041.0,2025-03-15,2025-04-18,34,3370,0.606
1,24,2025-03,Borate,250.8,246.9,2025-03-15,2025-03-26,11,3370,0.073
1,25,2024-10,NPK 12-12-17-2,12266.5,7229.2,2024-10-15,2024-12-03,49,4032,1.793
1,25,2024-10,Urea,3019.4,2944.3,2024-10-15,2024-11-26,42,4032,0.73
1,25,2024-10,Kieserite,2264.6,2175.4,2024-10-15,2024-11-12,28,4032,0.54
1,25,2024-10,Borate,283.1,247.0,2024-10-15,2024-10-15,0,4032,0.061
1,25,2025-03,NPK 12-12-17-2,12266.5,13535.8,2025-03-15,2025-03-26,11,4032,3.357
1,25,2025-03,Urea,3019.4,3339.8,2025-03-15,2025-03-15,0,4032,0.828
1,25,2025-03,Kieserite,2264.6,2133.8,2025-03-15,2025-03-15,0,4032,0.529
1,25,2025-03,Borate,283.1,279.2,2025-03-15,2025-04-18,34,4032,0.069
1,26,2024-10,NPK 12-12-17-2,11657.7,10502.4,2024-10-15,2024-11-16,32,3816,2.752
1,26,2024-10,Urea,2869.6,2714.4,2024-10-15,2024-12-01,47,3816,0.711
1,26,2024-10,Kieserite,2152.2,1950.5,2024-10-15,2024-10-30,15,3816,0.511
1,26,2024-10,Borate,269.0,192.3,2024-10-15,2024-10-15,0,3816,0.05
1,26,2025-03,NPK 12-12-17-2,11657.7,13056.6,2025-03-15,2025-03-16,1,3816,3.422
1,26,2025-03,Urea,2869.6,2486.6,2025-03-15,2025-03-16,1,3816,0.652
1,26,2025-03,Kieserite,2152.2,2410.5,2025-03-15,2025-03-18,3,3816,0.632
1,26,2025-03,Borate,269.0,244.6,2025-03-15,2025-03-30,15,3816,0.064
1,27,2024-10,NPK 12-12-17-2,12919.9,10641.4,2024-10-15,2024-11-06,22,3886,2.738
1,27,2024-10,Urea,3180.3,2655.4,2024-10-15,2024-10-15,0,3886,0.683
1,27,2024-10,Kieserite,2385.2,1553.0,2024-10-15,2024-11-03,19,3886,0.4
1,27,2024-10,Borate,298.2,146.1,2024-10-15,2024-10-17,2,3886,0.038
1,27,2025-03,NPK 12-12-17-2,12919.9,9737.2,2025-03-15,2025-04-21,37,3886,2.506
1,27,2025-03,Urea,3180.3,2576.1,2025-03-15,2025-03-15,0,3886,0.663
1,27,2025-03,Kieserite,2385.2,2093.4,2025-03-15,2025-06-02,79,3886,0.539
1,27,2025-03,Borate,298.2,229.8,2025-03-15,2025-04-27,43,3886,0.059
1,28,2024-10,NPK 12-12-17-2,11695.8,12254.7,2024-10-15,2024-11-15,31,3698,3.314
1,28,2024-10,Urea,2879.0,3103.9,2024-10-15,2024-10-26,11,3698,0.839
1,28,2024-10,Kieserite,2159.2,2151.1,2024-10-15,2024-10-20,5,3698,0.582
1,28,2024-10,Borate,269.9,235.2,2024-10-15,2024-11-02,18,3698,0.064
1,28,2025-03,NPK 12-12-17-2,11695.8,12227.3,2025-03-15,2025-03-15,0,3698,3.306
1,28,2025-03,Urea,2879.0,2325.8,2025-03-15,2025-04-12,28,3698,0.629
1,28,2025-03,Kieserite,2159.2,1953.4,2025-03-15,2025-03-15,0,3698,0.528
1,28,2025-03,Borate,269.9,223.4,2025-03-15,2025-03-15,0,3698,0.06
1,29,2024-10,NPK 12-12-17-2,12797.5,13162.8,2024-10-15,2024-10-29,14,3981,3.306
1,29,2024-10,Urea,3150.2,2958.9,2024-10-15,2024-11-03,19,3981,0.743
1,29,2024-10,Kieserite,2362.6,1963.0,2024-10-15,2024-10-15,0,3981,0.493
1,29,2024-10,Borate,295.3,245.8,2024-10-15,2024-10-15,0,3981,0.062
1,29,2025-03,NPK 12-12-17-2,12797.5,7909.8,2025-03-15,2025-04-10,26,3981,1.987
1,29,2025-03,Urea,3150.2,3528.2,2025-03-15,2025-03-15,0,3981,0.886
1,29,2025-03,Kieserite,2362.6,1559.7,2025-03-15,2025-03-15,0,3981,0.392
1,29,2025-03,Borate,295.3,237.1,2025-03-15,2025-04-25,41,3981,0.06
1,30,2024-10,NPK 12-12-17-2,13115.9,11015.9,2024-10-15,2024-12-08,54,3792,2.905
1,30,2024-10,Urea,3228.5,2138.1,2024-10-15,2024-12-08,54,3792,0.564
1,30,2024-10,Kieserite,2421.4,1277.4,2024-10-15,2024-11-22,38,3792,0.337
1,30,2024-10,Borate,302.7,287.8,2024-10-15,2024-12-05,51,3792,0.076
1,30,2025-03,NPK 12-12-17-2,13115.9,14689.9,2025-03-15,2025-03-20,5,3792,3.874
1,30,2025-03,Urea,3228.5,3616.0,2025-03-15,2025-04-20,36,3792,0.954
1,30,2025-03,Kieserite,2421.4,1838.7,2025-03-15,2025-05-17,63,3792,0.485
1,30,2025-03,Borate,302.7,246.0,2025-03-15,2025-03-21,6,3792,0.065
1,31,2024-10,NPK 12-12-17-2,12899.7,9553.4,2024-10-15,2024-10-15,0,3897,2.451
1,31,2024-10,Urea,3175.3,3038.1,2024-10-15,2024-10-15,0,3897,0.78
1,31,2024-10,Kieserite,2381.5,1962.8,2024-10-15,2024-11-16,32,3897,0.504
1,31,2024-10,Borate,297.7,256.9,2024-10-15,2024-10-21,6,3897,0.066
1,31,2025-03,NPK 12-12-17-2,12899.7,9801.5,2025-03-15,2025-04-15,31,3897,2.515
1,31,2025-03,Urea,3175.3,2450.7,2025-03-15,2025-03-29,14,3897,0.629
1,31,2025-03,Kieserite,2381.5,2087.1,2025-03-15,2025-03-31,16,3897,0.536
1,31,2025-03,Borate,297.7,182.4,2025-03-15,2025-03-29,14,3897,0.047
1,32,2024-10,NPK 12-12-17-2,12860.4,11964.1,2024-10-15,2024-10-15,0,3819,3.133
1,32,2024-10,Urea,3165.6,1951.5,2024-10-15,2024-12-08,54,3819,0.511
1,32,2024-10,Kieserite,2374.2,2659.1,2024-10-15,2024-10-17,2,3819,0.696
1,32,2024-10,Borate,296.8,273.3,2024-10-15,2024-10-15,0,3819,0.072
1,32,2025-03,NPK 12-12-17-2,12860.4,11976.0,2025-03-15,2025-03-17,2,3819,3.136
1,32,2025-03,Urea,3165.6,3545.5,2025-03-15,2025-04-14,30,3819,0.928
1,32,2025-03,Kieserite,2374.2,2544.7,2025-03-15,2025-04-13,29,3819,0.666
1,32,2025-03,Borate,296.8,288.9,2025-03-15,2025-03-30,15,3819,0.076
1,33,2024-10,NPK 12-12-17-2,14542.5,11235.6,2024-10-15,2024-11-18,34,4201,2.675
1,33,2024-10,Urea,3579.7,2161.7,2024-10-15,2024-11-09,25,4201,0.515
1,33,2024-10,Kieserite,2684.8,2547.5,2024-10-15,2024-11-30,46,4201,0.606
1,33,2024-10,Borate,335.6,304.3,2024-10-15,2024-11-10,26,4201,0.072
1,33,2025-03,NPK 12-12-17-2,14542.5,13821.8,2025-03-15,2025-04-28,44,4201,3.29
1,33,2025-03,Urea,3579.7,3370.2,2025-03-15,2025-04-09,25,4201,0.802
1,33,2025-03,Kieserite,2684.8,2466.0,2025-03-15,2025-03-26,11,4201,0.587
1,33,2025-03,Borate,335.6,211.4,2025-03-15,2025-05-13,59,4201,0.05
1,34,2024-10,NPK 12-12-17-2,12141.4,7822.5,2024-10-15,2024-10-31,16,3881,2.016
1,34,2024-10,Urea,2988.6,3014.3,2024-10-15,2024-11-12,28,3881,0.777
1,34,2024-10,Kieserite,2241.5,1654.5,2024-10-15,2024-10-17,2,3881,0.426
1,34,2024-10,Borate,280.2,241.6,2024-10-15,2024-11-13,29,3881,0.062
1,34,2025-03,NPK 12-12-17-2,12141.4,7536.1,2025-03-15,2025-06-09,86,3881,1.942
1,34,2025-03,Urea,2988.6,3298.9,2025-03-15,2025-04-01,17,3881,0.85
1,34,2025-03,Kieserite,2241.5,2510.5,2025-03-15,2025-03-15,0,3881,0.647
1,34,2025-03,Borate,280.2,289.2,2025-03-15,2025-04-25,41,3881,0.075
1,35,2024-10,NPK 12-12-17-2,14287.4,16001.8,2024-10-15,2024-10-16,1,4389,3.646
1,35,2024-10,Urea,3516.9,3152.4,2024-10-15,2024-11-17,33,4389,0.718
1,35,2024-10,Kieserite,2637.7,2440.9,2024-10-15,2024-11-30,46,4389,0.556
1,35,2024-10,Borate,329.7,348.6,2024-10-15,2024-10-15,0,4389,0.079
1,35,2025-03,NPK 12-12-17-2,14287.4,13070.4,2025-03-15,2025-04-08,24,4389,2.978
1,35,2025-03,Urea,3516.9,3938.9,2025-03-15,2025-03-15,0,4389,0.897
1,35,2025-03,Kieserite,2637.7,2443.9,2025-03-15,2025-03-17,2,4389,0.557
1,35,2025-03,Borate,329.7,234.7,2025-03-15,2025-05-17,63,4389,0.053
1,36,2024-10,NPK 12-12-17-2,13773.1,13052.6,2024-10-15,2024-12-03,49,4013,3.253
1,36,2024-10,Urea,3390.3,2487.6,2024-10-15,2024-10-15,0,4013,0.62
1,36,2024-10,Kieserite,2542.7,2747.6,2024-10-15,2024-10-15,0,4013,0.685
1,36,2024-10,Borate,317.8,237.2,2024-10-15,2024-11-11,27,4013,0.059
1,36,2025-03,NPK 12-12-17-2,13773.1,9318.6,2025-03-15,2025-05-08,54,4013,2.322
1,36,2025-03,Urea,3390.3,3574.3,2025-03-15,2025-03-15,0,4013,0.891
1,36,2025-03,Kieserite,2542.7,2111.6,2025-03-15,2025-03-29,14,4013,0.526
1,36,2025-03,Borate,317.8,300.5,2025-03-15,2025-03-15,0,4013,0.075
1,37,2024-10,NPK 12-12-17-2,13795.9,9811.1,2024-10-15,2024-10-15,0,4094,2.396
1,37,2024-10,Urea,3395.9,2960.3,2024-10-15,2024-11-29,45,4094,0.723
1,37,2024-10,Kieserite,2546.9,2801.2,2024-10-15,2024-10-15,0,4094,0.684
1,37,2024-10,Borate,318.4,279.2,2024-10-15,2024-11-25,41,4094,0.068
1,37,2025-03,NPK 12-12-17-2,13795.9,13777.7,2025-03-15,2025-04-17,33,4094,3.365
1,37,2025-03,Urea,3395.9,1946.0,2025-03-15,2025-04-04,20,4094,0.475
1,37,2025-03,Kieserite,2546.9,1996.7,2025-03-15,2025-03-15,0,4094,0.488
1,37,2025-03,Borate,318.4,182.1,2025-03-15,2025-03-16,1,4094,0.044
1,38,2024-10,NPK 12-12-17-2,13062.6,13716.5,2024-10-15,2024-10-27,12,3951,3.472
1,38,2024-10,Urea,3215.4,2164.1,2024-10-15,2024-11-11,27,3951,0.548
1,38,2024-10,Kieserite,2411.6,2227.5,2024-10-15,2024-10-15,0,3951,0.564
1,38,2024-10,Borate,301.4,293.4,2024-10-15,2024-11-02,18,3951,0.074
1,38,2025-03,NPK 12-12-17-2,13062.6,8951.0,2025-03-15,2025-04-14,30,3951,2.266
1,38,2025-03,Urea,3215.4,3226.2,2025-03-15,2025-03-15,0,3951,0.817
1,38,2025-03,Kieserite,2411.6,2191.1,2025-03-15,2025-05-18,64,3951,0.555
1,38,2025-03,Borate,301.4,294.4,2025-03-15,2025-04-09,25,3951,0.075
1,39,2024-10,NPK 12-12-17-2,13722.7,11743.4,2024-10-15,2024-11-26,42,4108,2.859
1,39,2024-10,Urea,3377.9,2774.0,2024-10-15,2024-12-30,76,4108,0.675
1,39,2024-10,Kieserite,2533.4,2733.8,2024-10-15,2024-10-24,9,4108,0.665
1,39,2024-10,Borate,316.7,265.2,2024-10-15,2024-10-15,0,4108,0.065
1,39,2025-03,NPK 12-12-17-2,13722.7,12544.0,2025-03-15,2025-03-19,4,4108,3.054
1,39,2025-03,Urea,3377.9,2720.9,2025-03-15,2025-04-09,25,4108,0.662
1,39,2025-03,Kieserite,2533.4,1667.8,2025-03-15,2025-04-08,24,4108,0.406
1,39,2025-03,Borate,316.7,222.2,2025-03-15,2025-03-21,6,4108,0.054
2,40,2024-10,NPK 12-12-17-2,8008.3,7106.0,2024-10-15,2024-10-15,0,2419,2.938
2,40,2024-10,Urea,1971.3,2076.6,2024-10-15,2024-10-25,10,2419,0.858
2,40,2024-10,Kieserite,1478.5,1524.3,2024-10-15,2024-10-16,1,2419,0.63
2,40,2024-10,Borate,184.8,186.6,2024-10-15,2024-12-01,47,2419,0.077
2,40,2025-03,NPK 12-12-17-2,8008.3,5950.6,2025-03-15,2025-03-15,0,2419,2.46
2,40,2025-03,Urea,1971.3,1565.9,2025-03-15,2025-04-01,17,2419,0.647
2,40,2025-03,Kieserite,1478.5,1122.0,2025-03-15,2025-04-10,26,2419,0.464
2,40,2025-03,Borate,184.8,177.9,2025-03-15,2025-04-08,24,2419,0.074
2,41,2024-10,NPK 12-12-17-2,12028.4,10117.3,2024-10-15,2024-10-15,0,3546,2.853
2,41,2024-10,Urea,2960.8,2738.2,2024-10-15,2024-11-02,18,3546,0.772
2,41,2024-10,Kieserite,2220.6,2041.9,2024-10-15,2024-10-15,0,3546,0.576
2,41,2024-10,Borate,277.6,295.0,2024-10-15,2024-11-12,28,3546,0.083
2,41,2025-03,NPK 12-12-17-2,12028.4,9420.9,2025-03-15,2025-04-09,25,3546,2.657
2,41,2025-03,Urea,2960.8,2309.0,2025-03-15,2025-03-22,7,3546,0.651
2,41,2025-03,Kieserite,2220.6,1924.7,2025-03-15,2025-03-15,0,3546,0.543
2,41,2025-03,Borate,277.6,172.3,2025-03-15,2025-03-30,15,3546,0.049
2,42,2024-10,NPK 12-12-17-2,12460.5,8507.7,2024-10-15,2024-11-06,22,3937,2.161
2,42,2024-10,Urea,3067.2,2190.5,2024-10-15,2024-11-29,45,3937,0.556
2,42,2024-10,Kieserite,2300.4,1818.3,2024-10-15,2025-01-08,85,3937,0.462
2,42,2024-10,Borate,287.6,226.6,2024-10-15,2024-10-15,0,3937,0.058
2,42,2025-03,NPK 12-12-17-2,12460.5,13955.8,2025-03-15,2025-04-08,24,3937,3.545
2,42,2025-03,Urea,3067.2,2163.2,2025-03-15,2025-03-28,13,3937,0.549
2,42,2025-03,Kieserite,2300.4,1703.5,2025-03-15,2025-03-27,12,3937,0.433
2,42,2025-03,Borate,287.6,195.5,2025-03-15,2025-04-28,44,3937,0.05
2,43,2024-10,NPK 12-12-17-2,13053.2,8954.4,2024-10-15,2024-10-31,16,4081,2.194
2,43,2024-10,Urea,3213.1,3014.4,2024-10-15,2024-10-15,0,4081,0.739
2,43,2024-10,Kieserite,2409.8,2041.8,2024-10-15,2024-10-17,2,4081,0.5
2,43,2024-10,Borate,301.2,292.7,2024-10-15,2024-10-28,13,4081,0.072
2,43,2025-03,NPK 12-12-17-2,13053.2,7427.0,2025-03-15,2025-03-24,9,4081,1.82
2,43,2025-03,Urea,3213.1,2589.3,2025-03-15,2025-04-11,27,4081,0.634
2,43,2025-03,Kieserite,2409.8,1986.9,2025-03-15,2025-03-15,0,4081,0.487
2,43,2025-03,Borate,301.2,279.5,2025-03-15,2025-05-13,59,4081,0.068
2,44,2024-10,NPK 12-12-17-2,11972.6,11771.3,2024-10-15,2024-10-15,0,3707,3.175
2,44,2024-10,Urea,2947.1,3300.7,2024-10-15,2024-12-10,56,3707,0.89
2,44,2024-10,Kieserite,2210.3,1596.0,2024-10-15,2024-10-15,0,3707,0.431
2,44,2024-10,Borate,276.3,206.5,2024-10-15,2024-10-30,15,3707,0.056
2,44,2025-03,NPK 12-12-17-2,11972.6,11649.1,2025-03-15,2025-06-01,78,3707,3.142
2,44,2025-03,Urea,2947.1,3104.4,2025-03-15,2025-03-24,9,3707,0.837
2,44,2025-03,Kieserite,2210.3,1722.9,2025-03-15,2025-04-09,25,3707,0.465
2,44,2025-03,Borate,276.3,260.6,2025-03-15,2025-03-25,10,3707,0.07
2,45,2024-10,NPK 12-12-17-2,12795.6,11965.3,2024-10-15,2024-10-15,0,3815,3.136
2,45,2024-10,Urea,3149.7,3039.0,2024-10-15,2024-10-15,0,3815,0.797
2,45,2024-10,Kieserite,2362.3,2207.5,2024-10-15,2024-10-15,0,3815,0.579
2,45,2024-10,Borate,295.3,330.7,2024-10-15,2024-12-01,47,3815,0.087
2,45,2025-03,NPK 12-12-17-2,12795.6,9606.0,2025-03-15,2025-03-22,7,3815,2.518
2,45,2025-03,Urea,3149.7,2951.0,2025-03-15,2025-03-15,0,3815,0.774
2,45,2025-03,Kieserite,2362.3,2093.0,2025-03-15,2025-04-14,30,3815,0.549
2,45,2025-03,Borate,295.3,255.6,2025-03-15,2025-03-28,13,3815,0.067
2,46,2024-10,NPK 12-12-17-2,12970.7,12447.6,2024-10-15,2024-12-06,52,4059,3.067
2,46,2024-10,Urea,3192.8,2225.2,2024-10-15,2024-10-15,0,4059,0.548
2,46,2024-10,Kieserite,2394.6,2108.6,2024-10-15,2024-10-15,0,4059,0.519
2,46,2024-10,Borate,299.3,333.7,2024-10-15,2024-12-07,53,4059,0.082
2,46,2025-03,NPK 12-12-17-2,12970.7,14527.2,2025-03-15,2025-04-19,35,4059,3.579
2,46,2025-03,Urea,3192.8,3313.4,2025-03-15,2025-04-12,28,4059,0.816
2,46,2025-03,Kieserite,2394.6,2535.9,2025-03-15,2025-04-19,35,4059,0.625
2,46,2025-03,Borate,299.3,241.1,2025-03-15,2025-03-15,0,4059,0.059
2,47,2024-10,NPK 12-12-17-2,12543.1,10083.7,2024-10-15,2024-11-11,27,4050,2.49
2,47,2024-10,Urea,3087.5,2227.0,2024-10-15,2024-11-14,30,4050,0.55
2,47,2024-10,Kieserite,2315.7,2309.5,2024-10-15,2024-12-10,56,4050,0.57
2,47,2024-10,Borate,289.5,211.1,2024-10-15,2024-11-11,27,4050,0.052
2,47,2025-03,NPK 12-12-17-2,12543.1,9648.6,2025-03-15,2025-03-25,10,4050,2.382
2,47,2025-03,Urea,3087.5,2763.2,2025-03-15,2025-03-15,0,4050,0.682
2,47,2025-03,Kieserite,2315.7,2182.0,2025-03-15,2025-03-24,9,4050,0.539
2,47,2025-03,Borate,289.5,191.0,2025-03-15,2025-04-09,25,4050,0.047
2,49,2024-10,NPK 12-12-17-2,11099.9,12431.9,2024-10-15,2024-12-23,69,3490,3.562
2,49,2024-10,Urea,2732.3,2678.4,2024-10-15,2024-11-19,35,3490,0.767
2,49,2024-10,Kieserite,2049.2,2000.5,2024-10-15,2024-11-17,33,3490,0.573
2,49,2024-10,Borate,256.2,186.0,2024-10-15,2024-10-20,5,3490,0.053
2,49,2025-03,NPK 12-12-17-2,11099.9,12194.1,2025-03-15,2025-03-15,0,3490,3.494
2,49,2025-03,Urea,2732.3,2868.7,2025-03-15,2025-03-19,4,3490,0.822
2,49,2025-03,Kieserite,2049.2,1932.8,2025-03-15,2025-04-01,17,3490,0.554
2,49,2025-03,Borate,256.2,280.0,2025-03-15,2025-04-06,22,3490,0.08
2,50,2024-10,NPK 12-12-17-2,11776.1,7361.6,2024-10-15,2024-11-26,42,3655,2.014
2,50,2024-10,Urea,2898.7,1908.1,2024-10-15,2024-10-15,0,3655,0.522
2,50,2024-10,Kieserite,2174.1,2063.9,2024-10-15,2024-11-25,41,3655,0.565
2,50,2024-10,Borate,271.8,219.0,2024-10-15,2024-11-17,33,3655,0.06
2,50,2025-03,NPK 12-12-17-2,11776.1,9206.6,2025-03-15,2025-04-08,24,3655,2.519
2,50,2025-03,Urea,2898.7,2911.7,2025-03-15,2025-03-17,2,3655,0.797
2,50,2025-03,Kieserite,2174.1,2150.5,2025-03-15,2025-05-01,47,3655,0.588
2,50,2025-03,Borate,271.8,159.5,2025-03-15,2025-03-15,0,3655,0.044
2,51,2024-10,NPK 12-12-17-2,13318.9,11365.1,2024-10-15,2024-12-01,47,3946,2.88
2,51,2024-10,Urea,3278.5,2623.0,2024-10-15,2024-11-06,22,3946,0.665
2,51,2024-10,Kieserite,2458.9,2190.2,2024-10-15,2024-10-15,0,3946,0.555
2,51,2024-10,Borate,307.4,294.9,2024-10-15,2024-10-15,0,3946,0.075
2,51,2025-03,NPK 12-12-17-2,13318.9,9725.1,2025-03-15,2025-03-15,0,3946,2.465
2,51,2025-03,Urea,3278.5,3032.4,2025-03-15,2025-03-15,0,3946,0.768
2,51,2025-03,Kieserite,2458.9,2753.9,2025-03-15,2025-03-15,0,3946,0.698
2,51,2025-03,Borate,307.4,199.6,2025-03-15,2025-03-27,12,3946,0.051
2,52,2024-10,NPK 12-12-17-2,11931.5,8387.8,2024-10-15,2024-11-29,45,3507,2.392
2,52,2024-10,Urea,2937.0,2436.3,2024-10-15,2024-10-27,12,3507,0.695
2,52,2024-10,Kieserite,2202.7,1657.1,2024-10-15,2024-10-15,0,3507,0.473
2,52,2024-10,Borate,275.3,230.1,2024-10-15,2024-10-27,12,3507,0.066
2,52,2025-03,NPK 12-12-17-2,11931.5,9009.7,2025-03-15,2025-04-15,31,3507,2.569
2,52,2025-03,Urea,2937.0,2855.6,2025-03-15,2025-05-03,49,3507,0.814
2,52,2025-03,Kieserite,2202.7,1555.7,2025-03-15,2025-04-27,43,3507,0.444
2,52,2025-03,Borate,275.3,243.0,2025-03-15,2025-05-25,71,3507,0.069
2,53,2024-10,NPK 12-12-17-2,12861.0,14126.2,2024-10-15,2024-10-20,5,4005,3.527
2,53,2024-10,Urea,3165.8,1986.6,2024-10-15,2024-11-14,30,4005,0.496
2,53,2024-10,Kieserite,2374.3,1421.9,2024-10-15,2024-10-15,0,4005,0.355
2,53,2024-10,Borate,296.8,145.2,2024-10-15,2024-10-15,0,4005,0.036
2,53,2025-03,NPK 12-12-17-2,12861.0,9996.9,2025-03-15,2025-04-03,19,4005,2.496
2,53,2025-03,Urea,3165.8,2204.9,2025-03-15,2025-03-24,9,4005,0.551
2,53,2025-03,Kieserite,2374.3,1444.1,2025-03-15,2025-03-15,0,4005,0.361
2,53,2025-03,Borate,296.8,229.4,2025-03-15,2025-05-07,53,4005,0.057
2,54,2024-10,NPK 12-12-17-2,14015.2,15697.0,2024-10-15,2024-11-04,20,4046,3.88
2,54,2024-10,Urea,3449.9,3553.8,2024-10-15,2024-12-01,47,4046,0.878
2,54,2024-10,Kieserite,2587.4,1830.8,2024-10-15,2024-10-24,9,4046,0.453
2,54,2024-10,Borate,323.4,335.5,2024-10-15,2024-10-15,0,4046,0.083
2,54,2025-03,NPK 12-12-17-2,14015.2,7273.7,2025-03-15,2025-04-19,35,4046,1.798
2,54,2025-03,Urea,3449.9,2915.5,2025-03-15,2025-04-02,18,4046,0.721
2,54,2025-03,Kieserite,2587.4,1613.9,2025-03-15,2025-03-27,12,4046,0.399
2,54,2025-03,Borate,323.4,362.2,2025-03-15,2025-05-17,63,4046,0.09
2,55,2024-10,NPK 12-12-17-2,13385.4,11773.0,2024-10-15,2024-11-03,19,4121,2.857
2,55,2024-10,Urea,3294.9,3690.3,2024-10-15,2024-11-20,36,4121,0.895
2,55,2024-10,Kieserite,2471.2,1960.4,2024-10-15,2025-01-04,81,4121,0.476
2,55,2024-10,Borate,308.9,137.7,2024-10-15,2024-11-09,25,4121,0.033
2,55,2025-03,NPK 12-12-17-2,13385.4,10774.5,2025-03-15,2025-03-15,0,4121,2.615
2,55,2025-03,Urea,3294.9,2124.5,2025-03-15,2025-03-15,0,4121,0.516
2,55,2025-03,Kieserite,2471.2,1933.2,2025-03-15,2025-04-17,33,4121,0.469
2,55,2025-03,Borate,308.9,200.9,2025-03-15,2025-04-15,31,4121,0.049
2,56,2024-10,NPK 12-12-17-2,13836.0,9672.8,2024-10-15,2024-10-15,0,4163,2.324
2,56,2024-10,Urea,3405.8,2407.0,2024-10-15,2024-10-15,0,4163,0.578
2,56,2024-10,Kieserite,2554.3,2860.9,2024-10-15,2024-11-01,17,4163,0.687
2,56,2024-10,Borate,319.3,357.6,2024-10-15,2024-11-17,33,4163,0.086
2,56,2025-03,NPK 12-12-17-2,13836.0,14333.6,2025-03-15,2025-04-09,25,4163,3.443
2,56,2025-03,Urea,3405.8,2200.5,2025-03-15,2025-03-21,6,4163,0.529
2,56,2025-03,Kieserite,2554.3,1591.9,2025-03-15,2025-03-23,8,4163,0.382
2,56,2025-03,Borate,319.3,231.6,2025-03-15,2025-04-07,23,4163,0.056
2,57,2024-10,NPK 12-12-17-2,14239.6,15948.4,2024-10-15,2024-10-20,5,4103,3.887
2,57,2024-10,Urea,3505.1,2407.7,2024-10-15,2024-11-22,38,4103,0.587
2,57,2024-10,Kieserite,2628.9,1958.2,2024-10-15,2024-11-17,33,4103,0.477
2,57,2024-10,Borate,328.6,293.1,2024-10-15,2024-10-29,14,4103,0.071
2,57,2025-03,NPK 12-12-17-2,14239.6,15344.2,2025-03-15,2025-04-01,17,4103,3.74
2,57,2025-03,Urea,3505.1,1962.3,2025-03-15,2025-03-26,11,4103,0.478
2,57,2025-03,Kieserite,2628.9,1746.1,2025-03-15,2025-05-05,51,4103,0.426
2,57,2025-03,Borate,328.6,336.4,2025-03-15,2025-03-22,7,4103,0.082
2,58,2024-10,NPK 12-12-17-2,13400.0,15008.0,2024-10-15,2024-11-17,33,3959,3.791
2,58,2024-10,Urea,3298.5,3584.7,2024-10-15,2024-10-15,0,3959,0.905
2,58,2024-10,Kieserite,2473.8,2264.0,2024-10-15,2024-10-15,0,3959,0.572
2,58,2024-10,Borate,309.2,246.4,2024-10-15,2024-10-15,0,3959,0.062
2,58,2025-03,NPK 12-12-17-2,13400.0,12475.1,2025-03-15,2025-03-15,0,3959,3.151
2,58,2025-03,Urea,3298.5,2194.1,2025-03-15,2025-03-28,13,3959,0.554
2,58,2025-03,Kieserite,2473.8,2053.0,2025-03-15,2025-03-27,12,3959,0.519
2,58,2025-03,Borate,309.2,298.4,2025-03-15,2025-05-30,76,3959,0.075
2,59,2024-10,NPK 12-12-17-2,14431.4,13962.0,2024-10-15,2024-11-19,35,4392,3.179
2,59,2024-10,Urea,3552.3,2003.0,2024-10-15,2024-10-15,0,4392,0.456
2,59,2024-10,Kieserite,2664.3,1751.3,2024-10-15,2024-11-19,35,4392,0.399
2,59,2024-10,Borate,333.0,248.5,2024-10-15,2025-01-08,85,4392,0.057
2,59,2025-03,NPK 12-12-17-2,14431.4,16163.1,2025-03-15,2025-03-31,16,4392,3.68
2,59,2025-03,Urea,3552.3,2930.6,2025-03-15,2025-04-01,17,4392,0.667
2,59,2025-03,Kieserite,2664.3,2199.5,2025-03-15,2025-03-15,0,4392,0.501
2,59,2025-03,Borate,333.0,253.7,2025-03-15,2025-03-15,0,4392,0.058
2,60,2024-10,NPK 12-12-17-2,13524.0,11647.7,2024-10-15,2024-10-15,0,4239,2.748
2,60,2024-10,Urea,3329.0,2757.5,2024-10-15,2024-11-05,21,4239,0.651
2,60,2024-10,Kieserite,2496.7,2796.4,2024-10-15,2024-11-07,23,4239,0.66
2,60,2024-10,Borate,312.1,295.9,2024-10-15,2024-10-17,2,4239,0.07
2,60,2025-03,NPK 12-12-17-2,13524.0,9948.2,2025-03-15,2025-03-15,0,4239,2.347
2,60,2025-03,Urea,3329.0,2119.9,2025-03-15,2025-03-18,3,4239,0.5
2,60,2025-03,Kieserite,2496.7,2197.5,2025-03-15,2025-03-16,1,4239,0.518
2,60,2025-03,Borate,312.1,285.0,2025-03-15,2025-03-25,10,4239,0.067
2,62,2024-10,NPK 12-12-17-2,8842.2,7225.0,2024-10-15,2024-12-16,62,2642,2.735
2,62,2024-10,Urea,2176.5,2006.0,2024-10-15,2024-10-22,7,2642,0.759
2,62,2024-10,Kieserite,1632.4,1706.8,2024-10-15,2025-01-04,81,2642,0.646
2,62,2024-10,Borate,204.0,219.6,2024-10-15,2024-10-15,0,2642,0.083
2,62,2025-03,NPK 12-12-17-2,8842.2,6086.5,2025-03-15,2025-04-05,21,2642,2.304
2,62,2025-03,Urea,2176.5,1860.6,2025-03-15,2025-04-16,32,2642,0.704
2,62,2025-03,Kieserite,1632.4,1159.9,2025-03-15,2025-03-22,7,2642,0.439
2,62,2025-03,Borate,204.0,163.6,2025-03-15,2025-04-14,30,2642,0.062
2,63,2024-10,NPK 12-12-17-2,13960.2,13450.3,2024-10-15,2024-10-15,0,4281,3.142
2,63,2024-10,Urea,3436.4,2523.4,2024-10-15,2024-10-16,1,4281,0.589
2,63,2024-10,Kieserite,2577.3,2617.1,2024-10-15,2024-11-15,31,4281,0.611
2,63,2024-10,Borate,322.2,250.4,2024-10-15,2024-11-06,22,4281,0.058
2,63,2025-03,NPK 12-12-17-2,13960.2,12119.6,2025-03-15,2025-03-26,11,4281,2.831
2,63,2025-03,Urea,3436.4,3232.8,2025-03-15,2025-05-10,56,4281,0.755
2,63,2025-03,Kieserite,2577.3,2401.1,2025-03-15,2025-04-09,25,4281,0.561
2,63,2025-03,Borate,322.2,206.8,2025-03-15,2025-03-15,0,4281,0.048
2,64,2024-10,NPK 12-12-17-2,10845.7,9971.2,2024-10-15,2024-12-19,65,3244,3.074
2,64,2024-10,Urea,2669.7,2548.0,2024-10-15,2024-10-17,2,3244,0.785
2,64,2024-10,Kieserite,2002.3,1671.9,2024-10-15,2024-11-07,23,3244,0.515
2,64,2024-10,Borate,250.3,190.9,2024-10-15,2024-10-31,16,3244,0.059
2,64,2025-03,NPK 12-12-17-2,10845.7,8369.0,2025-03-15,2025-03-23,8,3244,2.58
2,64,2025-03,Urea,2669.7,1814.3,2025-03-15,2025-04-08,24,3244,0.559
2,64,2025-03,Kieserite,2002.3,2242.6,2025-03-15,2025-04-16,32,3244,0.691
2,64,2025-03,Borate,250.3,239.2,2025-03-15,2025-03-29,14,3244,0.074
2,65,2024-10,NPK 12-12-17-2,6695.6,4614.2,2024-10-15,2024-10-24,9,2086,2.212
2,65,2024-10,Urea,1648.1,1137.6,2024-10-15,2024-10-15,0,2086,0.545
2,65,2024-10,Kieserite,1236.1,1015.3,2024-10-15,2024-10-15,0,2086,0.487
2,65,2024-10,Borate,154.5,173.1,2024-10-15,2024-10-16,1,2086,0.083
2,65,2025-03,NPK 12-12-17-2,6695.6,7462.2,2025-03-15,2025-04-29,45,2086,3.577
2,65,2025-03,Urea,1648.1,1225.4,2025-03-15,2025-04-09,25,2086,0.587
2,65,2025-03,Kieserite,1236.1,1081.8,2025-03-15,2025-03-25,10,2086,0.519
2,65,2025-03,Borate,154.5,98.9,2025-03-15,2025-05-18,64,2086,0.047
2,66,2024-10,NPK 12-12-17-2,12619.8,9596.8,2024-10-15,2024-11-28,44,3884,2.471
2,66,2024-10,Urea,3106.4,2525.4,2024-10-15,2024-11-13,29,3884,0.65
2,66,2024-10,Kieserite,2329.8,2418.5,2024-10-15,2024-10-15,0,3884,0.623
2,66,2024-10,Borate,291.2,287.0,2024-10-15,2024-10-22,7,3884,0.074
2,66,2025-03,NPK 12-12-17-2,12619.8,10443.9,2025-03-15,2025-04-09,25,3884,2.689
2,66,2025-03,Urea,3106.4,2692.2,2025-03-15,2025-03-15,0,3884,0.693
2,66,2025-03,Kieserite,2329.8,2306.7,2025-03-15,2025-03-16,1,3884,0.594
2,66,2025-03,Borate,291.2,197.7,2025-03-15,2025-04-15,31,3884,0.051
2,67,2024-10,NPK 12-12-17-2,12194.2,10719.4,2024-10-15,2024-11-05,21,3696,2.9
2,67,2024-10,Urea,3001.6,2942.8,2024-10-15,2024-10-15,0,3696,0.796
2,67,2024-10,Kieserite,2251.2,2521.4,2024-10-15,2024-10-30,15,3696,0.682
2,67,2024-10,Borate,281.4,264.7,2024-10-15,2024-11-12,28,3696,0.072
2,67,2025-03,NPK 12-12-17-2,12194.2,10768.8,2025-03-15,2025-03-15,0,3696,2.914
2,67,2025-03,Urea,3001.6,3361.8,2025-03-15,2025-05-18,64,3696,0.91
2,67,2025-03,Kieserite,2251.2,2345.6,2025-03-15,2025-03-18,3,3696,0.635
2,67,2025-03,Borate,281.4,291.5,2025-03-15,2025-04-13,29,3696,0.079
2,68,2024-10,NPK 12-12-17-2,8788.8,7451.6,2024-10-15,2024-10-24,9,2653,2.809
2,68,2024-10,Urea,2163.4,2293.3,2024-10-15,2024-11-10,26,2653,0.864
2,68,2024-10,Kieserite,1622.6,1528.8,2024-10-15,2024-10-15,0,2653,0.576
2,68,2024-10,Borate,202.8,185.1,2024-10-15,2024-12-14,60,2653,0.07
2,68,2025-03,NPK 12-12-17-2,8788.8,8417.7,2025-03-15,2025-03-23,8,2653,3.173
2,68,2025-03,Urea,2163.4,1196.4,2025-03-15,2025-04-01,17,2653,0.451
2,68,2025-03,Kieserite,1622.6,1396.6,2025-03-15,2025-03-15,0,2653,0.526
2,68,2025-03,Borate,202.8,197.9,2025-03-15,2025-03-15,0,2653,0.075
2,69,2024-10,NPK 12-12-17-2,12837.2,13520.5,2024-10-15,2024-10-15,0,3889,3.477
2,69,2024-10,Urea,3159.9,2550.7,2024-10-15,2024-10-24,9,3889,0.656
2,69,2024-10,Kieserite,2369.9,2136.6,2024-10-15,2024-10-15,0,3889,0.549
2,69,2024-10,Borate,296.2,211.3,2024-10-15,2024-10-15,0,3889,0.054
2,69,2025-03,NPK 12-12-17-2,12837.2,10784.9,2025-03-15,2025-03-15,0,3889,2.773
2,69,2025-03,Urea,3159.9,3162.8,2025-03-15,2025-04-21,37,3889,0.813
2,69,2025-03,Kieserite,2369.9,2355.7,2025-03-15,2025-03-15,0,3889,0.606
2,69,2025-03,Borate,296.2,141.8,2025-03-15,2025-03-15,0,3889,0.036
2,70,2024-10,NPK 12-12-17-2,12741.5,9227.1,2024-10-15,2024-11-24,40,3917,2.356
2,70,2024-10,Urea,3136.4,1571.9,2024-10-15,2024-11-26,42,3917,0.401
2,70,2024-10,Kieserite,2352.3,1738.0,2024-10-15,2024-12-13,59,3917,0.444
2,70,2024-10,Borate,294.0,282.8,2024-10-15,2024-12-07,53,3917,0.072
2,70,2025-03,NPK 12-12-17-2,12741.5,14143.8,2025-03-15,2025-03-15,0,3917,3.611
2,70,2025-03,Urea,3136.4,3512.7,2025-03-15,2025-04-05,21,3917,0.897
2,70,2025-03,Kieserite,2352.3,2196.1,2025-03-15,2025-05-07,53,3917,0.561
2,70,2025-03,Borate,294.0,299.4,2025-03-15,2025-05-11,57,3917,0.076
2,71,2024-10,NPK 12-12-17-2,12381.5,11785.0,2024-10-15,2024-12-13,59,3840,3.069
2,71,2024-10,Urea,3047.8,2421.9,2024-10-15,2024-10-21,6,3840,0.631
2,71,2024-10,Kieserite,2285.8,2449.8,2024-10-15,2024-12-01,47,3840,0.638
2,71,2024-10,Borate,285.7,190.9,2024-10-15,2024-11-16,32,3840,0.05
2,71,2025-03,NPK 12-12-17-2,12381.5,11330.6,2025-03-15,2025-03-15,0,3840,2.951
2,71,2025-03,Urea,3047.8,3293.6,2025-03-15,2025-04-25,41,3840,0.858
2,71,2025-03,Kieserite,2285.8,1807.8,2025-03-15,2025-03-29,14,3840,0.471
2,71,2025-03,Borate,285.7,271.2,2025-03-15,2025-03-29,14,3840,0.071
2,72,2024-10,NPK 12-12-17-2,12751.4,12234.1,2024-10-15,2024-10-25,10,3858,3.171
2,72,2024-10,Urea,3138.8,3430.7,2024-10-15,2024-10-16,1,3858,0.889
2,72,2024-10,Kieserite,2354.1,2440.4,2024-10-15,2024-10-15,0,3858,0.633
2,72,2024-10,Borate,294.3,220.3,2024-10-15,2024-10-15,0,3858,0.057
2,72,2025-03,NPK 12-12-17-2,12751.4,10544.6,2025-03-15,2025-03-15,0,3858,2.733
2,72,2025-03,Urea,3138.8,1466.5,2025-03-15,2025-03-15,0,3858,0.38
2,72,2025-03,Kieserite,2354.1,2327.7,2025-03-15,2025-03-15,0,3858,0.603
2,72,2025-03,Borate,294.3,221.2,2025-03-15,2025-04-07,23,3858,0.057
2,73,2024-10,NPK 12-12-17-2,13292.3,12032.5,2024-10-15,2024-11-30,46,4006,3.004
2,73,2024-10,Urea,3272.0,1751.3,2024-10-15,2025-01-27,104,4006,0.437
2,73,2024-10,Kieserite,2454.0,2580.6,2024-10-15,2024-11-09,25,4006,0.644
2,73,2024-10,Borate,306.7,320.0,2024-10-15,2024-11-02,18,4006,0.08
2,73,2025-03,NPK 12-12-17-2,13292.3,12808.5,2025-03-15,2025-04-28,44,4006,3.197
2,73,2025-03,Urea,3272.0,3197.0,2025-03-15,2025-03-17,2,4006,0.798
2,73,2025-03,Kieserite,2454.0,1870.9,2025-03-15,2025-03-15,0,4006,0.467
2,73,2025-03,Borate,306.7,243.5,2025-03-15,2025-04-10,26,4006,0.061
2,74,2024-10,NPK 12-12-17-2,12595.3,8878.0,2024-10-15,2024-11-01,17,3947,2.249
2,74,2024-10,Urea,3100.4,1730.1,2024-10-15,2024-12-18,64,3947,0.438
2,74,2024-10,Kieserite,2325.3,2072.6,2024-10-15,2024-10-15,0,3947,0.525
2,74,2024-10,Borate,290.7,324.4,2024-10-15,2024-10-15,0,3947,0.082
2,74,2025-03,NPK 12-12-17-2,12595.3,12448.1,2025-03-15,2025-03-15,0,3947,3.154
2,74,2025-03,Urea,3100.4,1891.0,2025-03-15,2025-03-15,0,3947,0.479
2,74,2025-03,Kieserite,2325.3,1831.8,2025-03-15,2025-04-05,21,3947,0.464
2,74,2025-03,Borate,290.7,255.9,2025-03-15,2025-04-03,19,3947,0.065
2,382,2024-10,NPK 12-12-17-2,13015.2,9475.7,2024-10-15,2024-10-28,13,3895,2.433
2,382,2024-10,Urea,3203.7,2671.4,2024-10-15,2024-11-04,20,3895,0.686
2,382,2024-10,Kieserite,2402.8,2004.5,2024-10-15,2024-12-05,51,3895,0.515
2,382,2024-10,Borate,300.3,222.5,2024-10-15,2024-12-25,71,3895,0.057
2,382,2025-03,NPK 12-12-17-2,13015.2,12257.6,2025-03-15,2025-03-28,13,3895,3.147
2,382,2025-03,Urea,3203.7,3118.0,2025-03-15,2025-06-15,92,3895,0.801
2,382,2025-03,Kieserite,2402.8,2599.3,2025-03-15,2025-04-29,45,3895,0.667
2,382,2025-03,Borate,300.3,270.8,2025-03-15,2025-04-15,31,3895,0.07
3,75,2024-10,NPK 12-12-17-2,16718.8,18725.0,2024-10-15,2024-10-29,14,4982,3.759
3,75,2024-10,Urea,4115.4,3319.9,2024-10-15,2024-12-12,58,4982,0.666
3,75,2024-10,Kieserite,3086.5,3014.1,2024-10-15,2024-10-15,0,4982,0.605
3,75,2024-10,Borate,385.8,300.4,2024-10-15,2024-11-14,30,4982,0.06
3,75,2025-03,NPK 12-12-17-2,16718.8,15445.1,2025-03-15,2025-03-24,9,4982,3.1
3,75,2025-03,Urea,4115.4,3468.0,2025-03-15,2025-03-22,7,4982,0.696
3,75,2025-03,Kieserite,3086.5,3107.4,2025-03-15,2025-03-27,12,4982,0.624
3,75,2025-03,Borate,385.8,256.2,2025-03-15,2025-04-16,32,4982,0.051
3,76,2024-10,NPK 12-12-17-2,12373.3,13041.5,2024-10-15,2024-11-10,26,3976,3.28
3,76,2024-10,Urea,3045.7,2457.8,2024-10-15,2024-10-15,0,3976,0.618
3,76,2024-10,Kieserite,2284.3,1345.0,2024-10-15,2024-11-25,41,3976,0.338
3,76,2024-10,Borate,285.5,319.8,2024-10-15,2024-12-17,63,3976,0.08
3,76,2025-03,NPK 12-12-17-2,12373.3,10210.3,2025-03-15,2025-04-17,33,3976,2.568
3,76,2025-03,Urea,3045.7,3265.9,2025-03-15,2025-03-18,3,3976,0.821
3,76,2025-03,Kieserite,2284.3,1729.6,2025-03-15,2025-03-17,2,3976,0.435
3,76,2025-03,Borate,285.5,221.0,2025-03-15,2025-05-06,52,3976,0.056
3,77,2024-10,NPK 12-12-17-2,12291.6,9426.9,2024-10-15,2024-10-15,0,4004,2.354
3,77,2024-10,Urea,3025.6,2158.1,2024-10-15,2024-11-01,17,4004,0.539
3,77,2024-10,Kieserite,2269.2,1766.5,2024-10-15,2024-11-05,21,4004,0.441
3,77,2024-10,Borate,283.7,245.6,2024-10-15,2024-10-15,0,4004,0.061
3,77,2025-03,NPK 12-12-17-2,12291.6,10534.3,2025-03-15,2025-04-07,23,4004,2.631
3,77,2025-03,Urea,3025.6,3388.7,2025-03-15,2025-04-06,22,4004,0.846
3,77,2025-03,Kieserite,2269.2,1349.9,2025-03-15,2025-04-13,29,4004,0.337
3,77,2025-03,Borate,283.7,247.7,2025-03-15,2025-03-21,6,4004,0.062
3,78,2024-10,NPK 12-12-17-2,13080.9,12680.4,2024-10-15,2024-11-08,24,3962,3.201
3,78,2024-10,Urea,3219.9,2330.3,2024-10-15,2024-10-17,2,3962,0.588
3,78,2024-10,Kieserite,2414.9,2039.5,2024-10-15,2024-11-29,45,3962,0.515
3,78,2024-10,Borate,301.9,278.9,2024-10-15,2024-10-15,0,3962,0.07
3,78,2025-03,NPK 12-12-17-2,13080.9,9360.0,2025-03-15,2025-03-15,0,3962,2.362
3,78,2025-03,Urea,3219.9,3381.3,2025-03-15,2025-03-15,0,3962,0.853
3,78,2025-03,Kieserite,2414.9,2028.7,2025-03-15,2025-04-13,29,3962,0.512
3,78,2025-03,Borate,301.9,246.8,2025-03-15,2025-05-02,48,3962,0.062
3,79,2024-10,NPK 12-12-17-2,8189.5,7943.0,2024-10-15,2024-10-20,5,2545,3.121
3,79,2024-10,Urea,2015.9,1893.6,2024-10-15,2024-10-19,4,2545,0.744
3,79,2024-10,Kieserite,1511.9,1357.9,2024-10-15,2024-11-27,43,2545,0.534
3,79,2024-10,Borate,189.0,186.0,2024-10-15,2024-10-22,7,2545,0.073
3,79,2025-03,NPK 12-12-17-2,8189.5,5465.3,2025-03-15,2025-04-11,27,2545,2.147
3,79,2025-03,Urea,2015.9,1671.9,2025-03-15,2025-03-15,0,2545,0.657
3,79,2025-03,Kieserite,1511.9,1211.3,2025-03-15,2025-04-15,31,2545,0.476
3,79,2025-03,Borate,189.0,157.5,2025-03-15,2025-05-15,61,2545,0.062
3,80,2024-10,NPK 12-12-17-2,5413.8,4944.2,2024-10-15,2024-11-06,22,1673,2.955
3,80,2024-10,Urea,1332.6,1163.1,2024-10-15,2024-11-28,44,1673,0.695
3,80,2024-10,Kieserite,999.5,709.8,2024-10-15,2024-10-31,16,1673,0.424
3,80,2024-10,Borate,124.9,110.7,2024-10-15,2024-11-06,22,1673,0.066
3,80,2025-03,NPK 12-12-17-2,5413.8,4442.6,2025-03-15,2025-03-21,6,1673,2.655
3,80,2025-03,Urea,1332.6,1492.5,2025-03-15,2025-03-15,0,1673,0.892
3,80,2025-03,Kieserite,999.5,999.4,2025-03-15,2025-03-15,0,1673,0.597
3,80,2025-03,Borate,124.9,105.6,2025-03-15,2025-04-23,39,1673,0.063
3,81,2024-10,NPK 12-12-17-2,3588.6,2469.7,2024-10-15,2024-11-24,40,1024,2.412
3,81,2024-10,Urea,883.3,748.5,2024-10-15,2024-10-15,0,1024,0.731
3,81,2024-10,Kieserite,662.5,569.5,2024-10-15,2024-11-18,34,1024,0.556
3,81,2024-10,Borate,82.8,82.9,2024-10-15,2024-11-22,38,1024,0.081
3,81,2025-03,NPK 12-12-17-2,3588.6,2986.3,2025-03-15,2025-05-04,50,1024,2.916
3,81,2025-03,Urea,883.3,522.2,2025-03-15,2025-04-23,39,1024,0.51
3,81,2025-03,Kieserite,662.5,646.2,2025-03-15,2025-03-15,0,1024,0.631
3,81,2025-03,Borate,82.8,50.7,2025-03-15,2025-04-13,29,1024,0.05
3,82,2024-10,NPK 12-12-17-2,1123.1,763.1,2024-10-15,2024-10-15,0,335,2.278
3,82,2024-10,Urea,276.5,298.7,2024-10-15,2024-11-10,26,335,0.892
3,82,2024-10,Kieserite,207.3,201.6,2024-10-15,2024-11-06,22,335,0.602
3,82,2024-10,Borate,25.9,25.1,2024-10-15,2024-11-28,44,335,0.075
3,82,2025-03,NPK 12-12-17-2,1123.1,994.5,2025-03-15,2025-04-02,18,335,2.969
3,82,2025-03,Urea,276.5,189.4,2025-03-15,2025-03-29,14,335,0.566
3,82,2025-03,Kieserite,207.3,218.2,2025-03-15,2025-05-12,58,335,0.651
3,82,2025-03,Borate,25.9,28.4,2025-03-15,2025-05-12,58,335,0.085
3,83,2024-10,NPK 12-12-17-2,16409.5,12898.6,2024-10-15,2024-10-15,0,4965,2.598
3,83,2024-10,Urea,4039.3,4110.9,2024-10-15,2024-10-15,0,4965,0.828
3,83,2024-10,Kieserite,3029.4,2671.4,2024-10-15,2024-12-26,72,4965,0.538
3,83,2024-10,Borate,378.7,258.6,2024-10-15,2024-10-28,13,4965,0.052
3,83,2025-03,NPK 12-12-17-2,16409.5,15766.0,2025-03-15,2025-03-15,0,4965,3.175
3,83,2025-03,Urea,4039.3,3195.1,2025-03-15,2025-03-31,16,4965,0.644
3,83,2025-03,Kieserite,3029.4,3155.7,2025-03-15,2025-03-30,15,4965,0.636
3,83,2025-03,Borate,378.7,292.2,2025-03-15,2025-03-15,0,4965,0.059
3,84,2024-10,NPK 12-12-17-2,14361.0,15066.3,2024-10-15,2024-12-15,61,4547,3.313
3,84,2024-10,Urea,3535.0,2360.1,2024-10-15,2024-11-18,34,4547,0.519
3,84,2024-10,Kieserite,2651.3,2486.7,2024-10-15,2024-10-15,0,4547,0.547
3,84,2024-10,Borate,331.4,303.7,2024-10-15,2024-10-23,8,4547,0.067
3,84,2025-03,NPK 12-12-17-2,14361.0,10759.8,2025-03-15,2025-03-15,0,4547,2.366
3,84,2025-03,Urea,3535.0,3951.6,2025-03-15,2025-04-09,25,4547,0.869
3,84,2025-03,Kieserite,2651.3,1950.9,2025-03-15,2025-04-21,37,4547,0.429
3,84,2025-03,Borate,331.4,369.7,2025-03-15,2025-04-09,25,4547,0.081
3,85,2024-10,NPK 12-12-17-2,10465.6,11001.0,2024-10-15,2024-11-13,29,3171,3.469
3,85,2024-10,Urea,2576.1,2038.8,2024-10-15,2024-10-26,11,3171,0.643
3,85,2024-10,Kieserite,1932.1,2079.2,2024-10-15,2024-11-08,24,3171,0.656
3,85,2024-10,Borate,241.5,270.0,2024-10-15,2024-10-15,0,3171,0.085
3,85,2025-03,NPK 12-12-17-2,10465.6,11721.5,2025-03-15,2025-03-31,16,3171,3.696
3,85,2025-03,Urea,2576.1,2885.3,2025-03-15,2025-03-15,0,3171,0.91
3,85,2025-03,Kieserite,1932.1,1344.5,2025-03-15,2025-03-15,0,3171,0.424
3,85,2025-03,Borate,241.5,251.4,2025-03-15,2025-03-28,13,3171,0.079
3,86,2024-10,NPK 12-12-17-2,16776.3,17430.3,2024-10-15,2024-11-02,18,5011,3.478
3,86,2024-10,Urea,4129.5,3983.7,2024-10-15,2024-11-05,21,5011,0.795
3,86,2024-10,Kieserite,3097.2,2886.4,2024-10-15,2024-11-13,29,5011,0.576
3,86,2024-10,Borate,387.1,325.7,2024-10-15,2024-10-18,3,5011,0.065
3,86,2025-03,NPK 12-12-17-2,16776.3,15007.7,2025-03-15,2025-04-19,35,5011,2.995
3,86,2025-03,Urea,4129.5,2829.5,2025-03-15,2025-05-07,53,5011,0.565
3,86,2025-03,Kieserite,3097.2,2374.9,2025-03-15,2025-04-13,29,5011,0.474
3,86,2025-03,Borate,387.1,264.5,2025-03-15,2025-03-30,15,5011,0.053
3,87,2024-10,NPK 12-12-17-2,13247.5,14284.0,2024-10-15,2024-10-30,15,4214,3.39
3,87,2024-10,Urea,3260.9,2660.6,2024-10-15,2024-10-15,0,4214,0.631
3,87,2024-10,Kieserite,2445.7,1412.1,2024-10-15,2024-11-20,36,4214,0.335
3,87,2024-10,Borate,305.7,290.5,2024-10-15,2024-11-27,43,4214,0.069
3,87,2025-03,NPK 12-12-17-2,13247.5,10456.3,2025-03-15,2025-04-26,42,4214,2.481
3,87,2025-03,Urea,3260.9,3213.8,2025-03-15,2025-04-01,17,4214,0.763
3,87,2025-03,Kieserite,2445.7,2401.4,2025-03-15,2025-05-11,57,4214,0.57
3,87,2025-03,Borate,305.7,285.1,2025-03-15,2025-05-30,76,4214,0.068
3,88,2024-10,NPK 12-12-17-2,12001.5,11795.2,2024-10-15,2024-10-15,0,3650,3.232
3,88,2024-10,Urea,2954.2,2752.6,2024-10-15,2024-11-20,36,3650,0.754
3,88,2024-10,Kieserite,2215.7,1757.2,2024-10-15,2024-10-15,0,3650,0.481
3,88,2024-10,Borate,277.0,215.9,2024-10-15,2024-11-12,28,3650,0.059
3,88,2025-03,NPK 12-12-17-2,12001.5,11671.4,2025-03-15,2025-03-15,0,3650,3.198
3,88,2025-03,Urea,2954.2,3308.7,2025-03-15,2025-03-15,0,3650,0.906
3,88,2025-03,Kieserite,2215.7,2070.0,2025-03-15,2025-04-02,18,3650,0.567
3,88,2025-03,Borate,277.0,220.6,2025-03-15,2025-03-15,0,3650,0.06
3,89,2024-10,NPK 12-12-17-2,13784.4,9065.2,2024-10-15,2024-11-17,33,4020,2.255
3,89,2024-10,Urea,3393.1,3352.3,2024-10-15,2024-10-15,0,4020,0.834
3,89,2024-10,Kieserite,2544.8,1993.8,2024-10-15,2025-01-04,81,4020,0.496
3,89,2024-10,Borate,318.1,234.6,2024-10-15,2024-10-20,5,4020,0.058
3,89,2025-03,NPK 12-12-17-2,13784.4,13107.5,2025-03-15,2025-03-25,10,4020,3.261
3,89,2025-03,Urea,3393.1,2470.3,2025-03-15,2025-04-07,23,4020,0.614
3,89,2025-03,Kieserite,2544.8,2006.8,2025-03-15,2025-03-15,0,4020,0.499
3,89,2025-03,Borate,318.1,294.0,2025-03-15,2025-04-30,46,4020,0.073
3,90,2024-10,NPK 12-12-17-2,12058.0,12073.8,2024-10-15,2024-12-04,50,3666,3.293
3,90,2024-10,Urea,2968.1,2884.9,2024-10-15,2024-11-08,24,3666,0.787
3,90,2024-10,Kieserite,2226.1,1867.3,2024-10-15,2024-10-15,0,3666,0.509
3,90,2024-10,Borate,278.3,288.4,2024-10-15,2024-10-31,16,3666,0.079
3,90,2025-03,NPK 12-12-17-2,12058.0,8893.8,2025-03-15,2025-03-30,15,3666,2.426
3,90,2025-03,Urea,2968.1,2471.3,2025-03-15,2025-03-15,0,3666,0.674
3,90,2025-03,Kieserite,2226.1,1606.7,2025-03-15,2025-04-08,24,3666,0.438
3,90,2025-03,Borate,278.3,181.6,2025-03-15,2025-03-27,12,3666,0.05
3,91,2024-10,NPK 12-12-17-2,7082.6,5309.9,2024-10-15,2024-12-02,48,2256,2.354
3,91,2024-10,Urea,1743.4,1534.5,2024-10-15,2024-10-15,0,2256,0.68
3,91,2024-10,Kieserite,1307.6,1204.7,2024-10-15,2024-12-05,51,2256,0.534
3,91,2024-10,Borate,163.4,145.7,2024-10-15,2025-01-09,86,2256,0.065
3,91,2025-03,NPK 12-12-17-2,7082.6,6092.7,2025-03-15,2025-03-15,0,2256,2.701
3,91,2025-03,Urea,1743.4,1952.6,2025-03-15,2025-03-15,0,2256,0.866
3,91,2025-03,Kieserite,1307.6,1393.0,2025-03-15,2025-05-20,66,2256,0.617
3,91,2025-03,Borate,163.4,177.4,2025-03-15,2025-04-30,46,2256,0.079
3,92,2024-10,NPK 12-12-17-2,14839.6,12901.4,2024-10-15,2024-10-22,7,4234,3.047
3,92,2024-10,Urea,3652.8,2432.6,2024-10-15,2024-10-25,10,4234,0.575
3,92,2024-10,Kieserite,2739.6,2601.5,2024-10-15,2024-11-03,19,4234,0.614
3,92,2024-10,Borate,342.5,330.9,2024-10-15,2024-12-28,74,4234,0.078
3,92,2025-03,NPK 12-12-17-2,14839.6,7266.0,2025-03-15,2025-04-26,42,4234,1.716
3,92,2025-03,Urea,3652.8,2737.5,2025-03-15,2025-04-09,25,4234,0.647
3,92,2025-03,Kieserite,2739.6,2729.8,2025-03-15,2025-05-26,72,4234,0.645
3,92,2025-03,Borate,342.5,328.1,2025-03-15,2025-05-19,65,4234,0.077
3,93,2024-10,NPK 12-12-17-2,17517.2,18596.5,2024-10-15,2024-10-15,0,5196,3.579
3,93,2024-10,Urea,4311.9,3029.1,2024-10-15,2024-10-15,0,5196,0.583
3,93,2024-10,Kieserite,3233.9,2941.8,2024-10-15,2024-11-13,29,5196,0.566
3,93,2024-10,Borate,404.2,343.7,2024-10-15,2024-11-18,34,5196,0.066
3,93,2025-03,NPK 12-12-17-2,17517.2,19090.6,2025-03-15,2025-03-15,0,5196,3.674
3,93,2025-03,Urea,4311.9,2751.1,2025-03-15,2025-04-01,17,5196,0.529
3,93,2025-03,Kieserite,3233.9,3191.6,2025-03-15,2025-03-15,0,5196,0.614
3,93,2025-03,Borate,404.2,259.0,2025-03-15,2025-04-10,26,5196,0.05
3,94,2024-10,NPK 12-12-17-2,9081.9,6827.8,2024-10-15,2024-11-03,19,2746,2.486
3,94,2024-10,Urea,2235.6,2097.1,2024-10-15,2024-10-15,0,2746,0.764
3,94,2024-10,Kieserite,1676.7,1389.3,2024-10-15,2024-12-12,58,2746,0.506
3,94,2024-10,Borate,209.6,231.6,2024-10-15,2024-10-16,1,2746,0.084
3,94,2025-03,NPK 12-12-17-2,9081.9,8836.5,2025-03-15,2025-04-22,38,2746,3.218
3,94,2025-03,Urea,2235.6,1651.1,2025-03-15,2025-03-29,14,2746,0.601
3,94,2025-03,Kieserite,1676.7,1374.0,2025-03-15,2025-03-24,9,2746,0.5
3,94,2025-03,Borate,209.6,167.2,2025-03-15,2025-03-29,14,2746,0.061
3,95,2024-10,NPK 12-12-17-2,13126.0,10182.6,2024-10-15,2024-10-15,0,4193,2.428
3,95,2024-10,Urea,3231.0,2444.7,2024-10-15,2024-11-05,21,4193,0.583
3,95,2024-10,Kieserite,2423.3,1986.9,2024-10-15,2024-11-08,24,4193,0.474
3,95,2024-10,Borate,302.9,323.0,2024-10-15,2024-11-02,18,4193,0.077
3,95,2025-03,NPK 12-12-17-2,13126.0,12229.0,2025-03-15,2025-03-15,0,4193,2.917
3,95,2025-03,Urea,3231.0,3001.6,2025-03-15,2025-03-15,0,4193,0.716
3,95,2025-03,Kieserite,2423.3,1854.7,2025-03-15,2025-04-23,39,4193,0.442
3,95,2025-03,Borate,302.9,320.8,2025-03-15,2025-05-30,76,4193,0.077
3,96,2024-10,NPK 12-12-17-2,15823.4,15214.6,2024-10-15,2024-11-14,30,4885,3.115
3,96,2024-10,Urea,3895.0,2785.9,2024-10-15,2024-11-05,21,4885,0.57
3,96,2024-10,Kieserite,2921.2,3271.8,2024-10-15,2024-10-29,14,4885,0.67
3,96,2024-10,Borate,365.2,360.4,2024-10-15,2024-11-20,36,4885,0.074
3,96,2025-03,NPK 12-12-17-2,15823.4,13122.7,2025-03-15,2025-03-15,0,4885,2.686
3,96,2025-03,Urea,3895.0,1959.2,2025-03-15,2025-03-19,4,4885,0.401
3,96,2025-03,Kieserite,2921.2,2180.8,2025-03-15,2025-03-23,8,4885,0.446
3,96,2025-03,Borate,365.2,299.5,2025-03-15,2025-03-15,0,4885,0.061
3,97,2024-10,NPK 12-12-17-2,9928.7,11120.1,2024-10-15,2024-10-15,0,3018,3.685
3,97,2024-10,Urea,2444.0,2737.3,2024-10-15,2024-10-15,0,3018,0.907
3,97,2024-10,Kieserite,1833.0,1468.2,2024-10-15,2024-10-15,0,3018,0.486
3,97,2024-10,Borate,229.1,137.0,2024-10-15,2024-10-27,12,3018,0.045
3,97,2025-03,NPK 12-12-17-2,9928.7,9450.8,2025-03-15,2025-05-17,63,3018,3.131
3,97,2025-03,Urea,2444.0,1818.1,2025-03-15,2025-03-15,0,3018,0.602
3,97,2025-03,Kieserite,1833.0,927.7,2025-03-15,2025-03-29,14,3018,0.307
3,97,2025-03,Borate,229.1,182.1,2025-03-15,2025-04-12,28,3018,0.06
3,98,2024-10,NPK 12-12-17-2,14160.6,11916.0,2024-10-15,2024-11-02,18,4250,2.804
3,98,2024-10,Urea,3485.7,3066.8,2024-10-15,2024-12-09,55,4250,0.722
3,98,2024-10,Kieserite,2614.3,2338.9,2024-10-15,2024-11-10,26,4250,0.55
3,98,2024-10,Borate,326.8,286.1,2024-10-15,2024-10-29,14,4250,0.067
3,98,2025-03,NPK 12-12-17-2,14160.6,13232.6,2025-03-15,2025-03-18,3,4250,3.114
3,98,2025-03,Urea,3485.7,3146.7,2025-03-15,2025-03-15,0,4250,0.74
3,98,2025-03,Kieserite,2614.3,2082.8,2025-03-15,2025-03-15,0,4250,0.49
3,98,2025-03,Borate,326.8,291.7,2025-03-15,2025-03-15,0,4250,0.069
3,99,2024-10,NPK 12-12-17-2,6213.6,3410.7,2024-10-15,2024-11-27,43,1952,1.747
3,99,2024-10,Urea,1529.5,1163.1,2024-10-15,2024-10-15,0,1952,0.596
3,99,2024-10,Kieserite,1147.1,1284.8,2024-10-15,2024-10-29,14,1952,0.658
3,99,2024-10,Borate,143.4,109.1,2024-10-15,2024-11-01,17,1952,0.056
3,99,2025-03,NPK 12-12-17-2,6213.6,5587.0,2025-03-15,2025-03-30,15,1952,2.862
3,99,2025-03,Urea,1529.5,1504.5,2025-03-15,2025-03-15,0,1952,0.771
3,99,2025-03,Kieserite,1147.1,888.9,2025-03-15,2025-05-05,51,1952,0.455
3,99,2025-03,Borate,143.4,158.9,2025-03-15,2025-04-19,35,1952,0.081
3,100,2024-10,NPK 12-12-17-2,11611.8,11229.9,2024-10-15,2024-11-01,17,3620,3.102
3,100,2024-10,Urea,2858.3,2618.2,2024-10-15,2024-11-04,20,3620,0.723
3,100,2024-10,Kieserite,2143.7,1512.3,2024-10-15,2024-10-17,2,3620,0.418
3,100,2024-10,Borate,268.0,265.3,2024-10-15,2024-10-15,0,3620,0.073
3,100,2025-03,NPK 12-12-17-2,11611.8,9527.1,2025-03-15,2025-04-24,40,3620,2.632
3,100,2025-03,Urea,2858.3,1917.9,2025-03-15,2025-03-15,0,3620,0.53
3,100,2025-03,Kieserite,2143.7,1591.8,2025-03-15,2025-03-22,7,3620,0.44
3,100,2025-03,Borate,268.0,234.2,2025-03-15,2025-04-12,28,3620,0.065
3,101,2024-10,NPK 12-12-17-2,19929.4,19556.4,2024-10-15,2024-11-17,33,5863,3.336
3,101,2024-10,Urea,4905.7,4094.7,2024-10-15,2024-10-15,0,5863,0.698
3,101,2024-10,Kieserite,3679.3,3356.4,2024-10-15,2024-11-19,35,5863,0.572
3,101,2024-10,Borate,459.9,345.0,2024-10-15,2024-12-06,52,5863,0.059
3,101,2025-03,NPK 12-12-17-2,19929.4,17634.3,2025-03-15,2025-04-10,26,5863,3.008
3,101,2025-03,Urea,4905.7,3146.3,2025-03-15,2025-03-25,10,5863,0.537
3,101,2025-03,Kieserite,3679.3,3896.7,2025-03-15,2025-04-22,38,5863,0.665
3,101,2025-03,Borate,459.9,495.4,2025-03-15,2025-03-31,16,5863,0.084
3,102,2024-10,NPK 12-12-17-2,11696.4,10720.8,2024-10-15,2024-10-19,4,3496,3.067
3,102,2024-10,Urea,2879.1,2822.0,2024-10-15,2024-11-18,34,3496,0.807
3,102,2024-10,Kieserite,2159.3,2418.5,2024-10-15,2024-11-20,36,3496,0.692
3,102,2024-10,Borate,269.9,197.0,2024-10-15,2024-11-02,18,3496,0.056
3,102,2025-03,NPK 12-12-17-2,11696.4,8568.1,2025-03-15,2025-04-18,34,3496,2.451
3,102,2025-03,Urea,2879.1,2712.2,2025-03-15,2025-04-05,21,3496,0.776
3,102,2025-03,Kieserite,2159.3,1945.6,2025-03-15,2025-05-14,60,3496,0.557
3,102,2025-03,Borate,269.9,273.8,2025-03-15,2025-03-28,13,3496,0.078
3,103,2024-10,NPK 12-12-17-2,12192.8,12402.3,2024-10-15,2024-10-15,0,3488,3.556
3,103,2024-10,Urea,3001.3,1757.5,2024-10-15,2024-10-15,0,3488,0.504
3,103,2024-10,Kieserite,2251.0,2521.1,2024-10-15,2024-10-15,0,3488,0.723
3,103,2024-10,Borate,281.4,315.1,2024-10-15,2024-10-17,2,3488,0.09
3,103,2025-03,NPK 12-12-17-2,12192.8,9617.8,2025-03-15,2025-03-25,10,3488,2.757
3,103,2025-03,Urea,3001.3,3361.5,2025-03-15,2025-03-20,5,3488,0.964
3,103,2025-03,Kieserite,2251.0,1932.6,2025-03-15,2025-04-05,21,3488,0.554
3,103,2025-03,Borate,281.4,234.7,2025-03-15,2025-03-15,0,3488,0.067
3,104,2024-10,NPK 12-12-17-2,15099.4,11190.0,2024-10-15,2024-10-15,0,4334,2.582
3,104,2024-10,Urea,3716.8,3462.5,2024-10-15,2024-10-21,6,4334,0.799
3,104,2024-10,Kieserite,2787.6,2377.4,2024-10-15,2024-12-06,52,4334,0.549
3,104,2024-10,Borate,348.4,390.3,2024-10-15,2024-10-26,11,4334,0.09
3,104,2025-03,NPK 12-12-17-2,15099.4,12190.6,2025-03-15,2025-04-11,27,4334,2.813
3,104,2025-03,Urea,3716.8,3761.9,2025-03-15,2025-03-15,0,4334,0.868
3,104,2025-03,Kieserite,2787.6,2193.6,2025-03-15,2025-05-07,53,4334,0.506
3,104,2025-03,Borate,348.4,390.3,2025-03-15,2025-03-31,16,4334,0.09
3,105,2024-10,NPK 12-12-17-2,8287.1,7428.6,2024-10-15,2024-11-09,25,2491,2.982
3,105,2024-10,Urea,2039.9,1494.3,2024-10-15,2024-12-07,53,2491,0.6
3,105,2024-10,Kieserite,1529.9,1154.4,2024-10-15,2024-10-15,0,2491,0.463
3,105,2024-10,Borate,191.2,180.3,2024-10-15,2024-11-08,24,2491,0.072
3,105,2025-03,NPK 12-12-17-2,8287.1,6847.7,2025-03-15,2025-03-15,0,2491,2.749
3,105,2025-03,Urea,2039.9,1185.5,2025-03-15,2025-05-01,47,2491,0.476
3,105,2025-03,Kieserite,1529.9,1294.3,2025-03-15,2025-03-15,0,2491,0.52
3,105,2025-03,Borate,191.2,149.4,2025-03-15,2025-04-08,24,2491,0.06
3,106,2024-10,NPK 12-12-17-2,4238.9,3729.3,2024-10-15,2024-11-21,37,1299,2.871
3,106,2024-10,Urea,1043.4,1168.6,2024-10-15,2024-10-28,13,1299,0.9
3,106,2024-10,Kieserite,782.6,650.5,2024-10-15,2025-01-03,80,1299,0.501
3,106,2024-10,Borate,97.8,96.2,2024-10-15,2024-10-15,0,1299,0.074
3,106,2025-03,NPK 12-12-17-2,4238.9,3486.3,2025-03-15,2025-04-20,36,1299,2.684
3,106,2025-03,Urea,1043.4,1042.2,2025-03-15,2025-03-15,0,1299,0.802
3,106,2025-03,Kieserite,782.6,822.9,2025-03-15,2025-03-28,13,1299,0.633
3,106,2025-03,Borate,97.8,83.4,2025-03-15,2025-03-15,0,1299,0.064
3,107,2024-10,NPK 12-12-17-2,14273.8,12775.7,2024-10-15,2024-10-15,0,4267,2.994
3,107,2024-10,Urea,3513.6,2660.9,2024-10-15,2024-11-23,39,4267,0.624
3,107,2024-10,Kieserite,2635.2,2033.4,2024-10-15,2024-10-15,0,4267,0.477
3,107,2024-10,Borate,329.4,337.3,2024-10-15,2024-10-20,5,4267,0.079
3,107,2025-03,NPK 12-12-17-2,14273.8,5142.2,2025-03-15,2025-03-23,8,4267,1.205
3,107,2025-03,Urea,3513.6,3556.5,2025-03-15,2025-03-21,6,4267,0.833
3,107,2025-03,Kieserite,2635.2,1523.5,2025-03-15,2025-04-16,32,4267,0.357
3,107,2025-03,Borate,329.4,283.8,2025-03-15,2025-04-09,25,4267,0.067
3,108,2024-10,NPK 12-12-17-2,18019.0,15608.8,2024-10-15,2024-10-15,0,5309,2.94
3,108,2024-10,Urea,4435.5,4578.5,2024-10-15,2024-11-27,43,5309,0.862
3,108,2024-10,Kieserite,3326.6,2853.2,2024-10-15,2024-10-15,0,5309,0.537
3,108,2024-10,Borate,415.8,352.3,2024-10-15,2024-10-15,0,5309,0.066
3,108,2025-03,NPK 12-12-17-2,18019.0,18954.1,2025-03-15,2025-04-09,25,5309,3.57
3,108,2025-03,Urea,4435.5,4062.6,2025-03-15,2025-03-24,9,5309,0.765
3,108,2025-03,Kieserite,3326.6,2955.4,2025-03-15,2025-04-14,30,5309,0.557
3,108,2025-03,Borate,415.8,369.2,2025-03-15,2025-03-15,0,5309,0.07
3,109,2024-10,NPK 12-12-17-2,11547.1,11857.8,2024-10-15,2024-11-26,42,3437,3.45
3,109,2024-10,Urea,2842.4,2288.4,2024-10-15,2024-11-13,29,3437,0.666
3,109,2024-10,Kieserite,2131.8,2157.4,2024-10-15,2024-11-30,46,3437,0.628
3,109,2024-10,Borate,266.5,232.8,2024-10-15,2024-11-27,43,3437,0.068
3,109,2025-03,NPK 12-12-17-2,11547.1,8753.4,2025-03-15,2025-04-10,26,3437,2.547
3,109,2025-03,Urea,2842.4,2655.9,2025-03-15,2025-03-15,0,3437,0.773
3,109,2025-03,Kieserite,2131.8,2032.3,2025-03-15,2025-05-02,48,3437,0.591
3,109,2025-03,Borate,266.5,215.6,2025-03-15,2025-03-15,0,3437,0.063
3,110,2024-10,NPK 12-12-17-2,11053.2,10795.7,2024-10-15,2024-10-20,5,3372,3.202
3,110,2024-10,Urea,2720.8,2766.7,2024-10-15,2024-10-22,7,3372,0.821
3,110,2024-10,Kieserite,2040.6,1496.8,2024-10-15,2024-11-05,21,3372,0.444
3,110,2024-10,Borate,255.1,204.5,2024-10-15,2024-11-18,34,3372,0.061
3,110,2025-03,NPK 12-12-17-2,11053.2,10155.9,2025-03-15,2025-04-12,28,3372,3.012
3,110,2025-03,Urea,2720.8,2380.9,2025-03-15,2025-03-15,0,3372,0.706
3,110,2025-03,Kieserite,2040.6,1495.5,2025-03-15,2025-03-15,0,3372,0.444
3,110,2025-03,Borate,255.1,172.8,2025-03-15,2025-04-22,38,3372,0.051
3,111,2024-10,NPK 12-12-17-2,18560.2,18301.9,2024-10-15,2024-11-15,31,5351,3.42
3,111,2024-10,Urea,4568.7,3562.5,2024-10-15,2024-12-15,61,5351,0.666
3,111,2024-10,Kieserite,3426.5,3399.1,2024-10-15,2024-10-24,9,5351,0.635
3,111,2024-10,Borate,428.3,336.6,2024-10-15,2024-11-02,18,5351,0.063
3,111,2025-03,NPK 12-12-17-2,18560.2,18775.4,2025-03-15,2025-03-19,4,5351,3.509
3,111,2025-03,Urea,4568.7,4174.8,2025-03-15,2025-04-04,20,5351,0.78
3,111,2025-03,Kieserite,3426.5,3837.7,2025-03-15,2025-03-15,0,5351,0.717
3,111,2025-03,Borate,428.3,330.4,2025-03-15,2025-06-10,87,5351,0.062
3,112,2024-10,NPK 12-12-17-2,9955.0,11149.6,2024-10-15,2024-10-15,0,3064,3.639
3,112,2024-10,Urea,2450.5,2192.7,2024-10-15,2024-10-24,9,3064,0.716
3,112,2024-10,Kieserite,1837.8,1427.8,2024-10-15,2024-11-15,31,3064,0.466
3,112,2024-10,Borate,229.7,206.6,2024-10-15,2024-11-28,44,3064,0.067
3,112,2025-03,NPK 12-12-17-2,9955.0,6925.1,2025-03-15,2025-04-09,25,3064,2.26
3,112,2025-03,Urea,2450.5,2413.2,2025-03-15,2025-03-15,0,3064,0.788
3,112,2025-03,Kieserite,1837.8,1881.9,2025-03-15,2025-03-15,0,3064,0.614
3,112,2025-03,Borate,229.7,203.6,2025-03-15,2025-03-29,14,3064,0.066
3,113,2024-10,NPK 12-12-17-2,12504.6,9028.2,2024-10-15,2024-11-13,29,3712,2.432
3,113,2024-10,Urea,3078.1,2618.6,2024-10-15,2024-11-04,20,3712,0.705
3,113,2024-10,Kieserite,2308.5,2163.4,2024-10-15,2024-10-20,5,3712,0.583
3,113,2024-10,Borate,288.6,234.1,2024-10-15,2024-12-05,51,3712,0.063
3,113,2025-03,NPK 12-12-17-2,12504.6,12191.4,2025-03-15,2025-04-09,25,3712,3.284
3,113,2025-03,Urea,3078.1,2032.6,2025-03-15,2025-04-13,29,3712,0.548
3,113,2025-03,Kieserite,2308.5,1822.9,2025-03-15,2025-03-15,0,3712,0.491
3,113,2025-03,Borate,288.6,225.2,2025-03-15,2025-03-15,0,3712,0.061
3,114,2024-10,NPK 12-12-17-2,8289.1,7103.6,2024-10-15,2024-10-15,0,2427,2.927
3,114,2024-10,Urea,2040.4,2104.1,2024-10-15,2024-11-12,28,2427,0.867
3,114,2024-10,Kieserite,1530.3,1381.8,2024-10-15,2024-10-15,0,2427,0.569
3,114,2024-10,Borate,191.3,143.3,2024-10-15,2024-10-18,3,2427,0.059
3,114,2025-03,NPK 12-12-17-2,8289.1,6298.2,2025-03-15,2025-05-01,47,2427,2.595
3,114,2025-03,Urea,2040.4,1551.8,2025-03-15,2025-04-11,27,2427,0.639
3,114,2025-03,Kieserite,1530.3,1713.9,2025-03-15,2025-03-15,0,2427,0.706
3,114,2025-03,Borate,191.3,142.1,2025-03-15,2025-03-15,0,2427,0.059
3,115,2024-10,NPK 12-12-17-2,10037.0,9605.8,2024-10-15,2024-11-08,24,2889,3.325
3,115,2024-10,Urea,2470.6,2237.4,2024-10-15,2024-11-03,19,2889,0.774
3,115,2024-10,Kieserite,1853.0,1868.3,2024-10-15,2024-10-17,2,2889,0.647
3,115,2024-10,Borate,231.6,199.5,2024-10-15,2024-10-15,0,2889,0.069
3,115,2025-03,NPK 12-12-17-2,10037.0,5839.0,2025-03-15,2025-03-15,0,2889,2.021
3,115,2025-03,Urea,2470.6,2243.3,2025-03-15,2025-04-18,34,2889,0.777
3,115,2025-03,Kieserite,1853.0,1947.4,2025-03-15,2025-04-26,42,2889,0.674
3,115,2025-03,Borate,231.6,218.4,2025-03-15,2025-03-15,0,2889,0.076
3,116,2024-10,NPK 12-12-17-2,6045.3,6700.1,2024-10-15,2024-10-19,4,1650,4.061
3,116,2024-10,Urea,1488.1,1355.7,2024-10-15,2024-10-15,0,1650,0.822
3,116,2024-10,Kieserite,1116.0,1250.0,2024-10-15,2024-11-19,35,1650,0.758
3,116,2024-10,Borate,139.5,120.2,2024-10-15,2024-11-03,19,1650,0.073
3,116,2025-03,NPK 12-12-17-2,6045.3,4871.7,2025-03-15,2025-04-23,39,1650,2.953
3,116,2025-03,Urea,1488.1,1113.9,2025-03-15,2025-03-21,6,1650,0.675
3,116,2025-03,Kieserite,1116.0,907.4,2025-03-15,2025-05-06,52,1650,0.55
3,116,2025-03,Borate,139.5,121.9,2025-03-15,2025-03-22,7,1650,0.074
3,117,2024-10,NPK 12-12-17-2,4653.0,3594.2,2024-10-15,2024-11-18,34,1358,2.647
3,117,2024-10,Urea,1145.3,1217.5,2024-10-15,2024-12-01,47,1358,0.897
3,117,2024-10,Kieserite,859.0,524.2,2024-10-15,2024-10-15,0,1358,0.386
3,117,2024-10,Borate,107.4,81.7,2024-10-15,2024-11-08,24,1358,0.06
3,117,2025-03,NPK 12-12-17-2,4653.0,3707.0,2025-03-15,2025-03-20,5,1358,2.73
3,117,2025-03,Urea,1145.3,1067.0,2025-03-15,2025-03-20,5,1358,0.786
3,117,2025-03,Kieserite,859.0,748.0,2025-03-15,2025-04-09,25,1358,0.551
3,117,2025-03,Borate,107.4,113.7,2025-03-15,2025-05-02,48,1358,0.084
3,118,2024-10,NPK 12-12-17-2,5264.7,4943.5,2024-10-15,2024-11-12,28,1427,3.464
3,118,2024-10,Urea,1295.9,1207.1,2024-10-15,2024-10-15,0,1427,0.846
3,118,2024-10,Kieserite,971.9,1088.6,2024-10-15,2024-10-29,14,1427,0.763
3,118,2024-10,Borate,121.5,117.4,2024-10-15,2024-11-11,27,1427,0.082
3,118,2025-03,NPK 12-12-17-2,5264.7,3752.5,2025-03-15,2025-03-15,0,1427,2.63
3,118,2025-03,Urea,1295.9,1019.5,2025-03-15,2025-03-15,0,1427,0.714
3,118,2025-03,Kieserite,971.9,602.7,2025-03-15,2025-03-15,0,1427,0.422
3,118,2025-03,Borate,121.5,105.4,2025-03-15,2025-03-15,0,1427,0.074
3,119,2024-10,NPK 12-12-17-2,1748.0,1742.1,2024-10-15,2024-10-20,5,502,3.47
3,119,2024-10,Urea,430.3,324.9,2024-10-15,2024-10-27,12,502,0.647
3,119,2024-10,Kieserite,322.7,275.2,2024-10-15,2024-11-08,24,502,0.548
3,119,2024-10,Borate,40.3,27.4,2024-10-15,2024-11-19,35,502,0.055
3,119,2025-03,NPK 12-12-17-2,1748.0,1761.7,2025-03-15,2025-03-21,6,502,3.509
3,119,2025-03,Urea,430.3,450.8,2025-03-15,2025-05-02,48,502,0.898
3,119,2025-03,Kieserite,322.7,347.4,2025-03-15,2025-04-01,17,502,0.692
3,119,2025-03,Borate,40.3,33.8,2025-03-15,2025-05-01,47,502,0.067
3,120,2024-10,NPK 12-12-17-2,5716.9,5432.7,2024-10-15,2024-11-15,31,1680,3.234
3,120,2024-10,Urea,1407.2,1339.7,2024-10-15,2024-12-04,50,1680,0.797
3,120,2024-10,Kieserite,1055.4,995.3,2024-10-15,2024-11-07,23,1680,0.592
3,120,2024-10,Borate,131.9,118.6,2024-10-15,2024-10-15,0,1680,0.071
3,120,2025-03,NPK 12-12-17-2,5716.9,5136.1,2025-03-15,2025-03-15,0,1680,3.057
3,120,2025-03,Urea,1407.2,1343.0,2025-03-15,2025-03-20,5,1680,0.799
3,120,2025-03,Kieserite,1055.4,908.7,2025-03-15,2025-05-10,56,1680,0.541
3,120,2025-03,Borate,131.9,106.2,2025-03-15,2025-03-17,2,1680,0.063
3,121,2024-10,NPK 12-12-17-2,2137.6,2047.1,2024-10-15,2024-10-24,9,622,3.291
3,121,2024-10,Urea,526.2,488.8,2024-10-15,2024-11-02,18,622,0.786
3,121,2024-10,Kieserite,394.6,286.6,2024-10-15,2024-11-07,23,622,0.461
3,121,2024-10,Borate,49.3,46.3,2024-10-15,2024-10-15,0,622,0.074
3,121,2025-03,NPK 12-12-17-2,2137.6,2051.9,2025-03-15,2025-04-10,26,622,3.299
3,121,2025-03,Urea,526.2,349.2,2025-03-15,2025-04-09,25,622,0.561
3,121,2025-03,Kieserite,394.6,415.9,2025-03-15,2025-05-02,48,622,0.669
3,121,2025-03,Borate,49.3,17.3,2025-03-15,2025-03-19,4,622,0.028
3,369,2024-10,NPK 12-12-17-2,1234.6,1262.1,2024-10-15,2024-11-25,41,391,3.228
3,369,2024-10,Urea,303.9,304.6,2024-10-15,2024-10-15,0,391,0.779
3,369,2024-10,Kieserite,227.9,177.8,2024-10-15,2024-11-01,17,391,0.455
3,369,2024-10,Borate,28.5,27.3,2024-10-15,2024-10-16,1,391,0.07
3,369,2025-03,NPK 12-12-17-2,1234.6,1035.0,2025-03-15,2025-03-15,0,391,2.647
3,369,2025-03,Urea,303.9,222.3,2025-03-15,2025-03-24,9,391,0.569
3,369,2025-03,Kieserite,227.9,253.3,2025-03-15,2025-05-07,53,391,0.648
3,369,2025-03,Borate,28.5,25.8,2025-03-15,2025-03-24,9,391,0.066
3,370,2024-10,NPK 12-12-17-2,993.0,1021.0,2024-10-15,2024-10-20,5,292,3.497
3,370,2024-10,Urea,244.4,166.4,2024-10-15,2024-10-15,0,292,0.57
3,370,2024-10,Kieserite,183.3,141.3,2024-10-15,2024-10-15,0,292,0.484
3,370,2024-10,Borate,22.9,19.7,2024-10-15,2024-11-24,40,292,0.068
3,370,2025-03,NPK 12-12-17-2,993.0,925.6,2025-03-15,2025-03-15,0,292,3.17
3,370,2025-03,Urea,244.4,273.8,2025-03-15,2025-03-15,0,292,0.938
3,370,2025-03,Kieserite,183.3,139.2,2025-03-15,2025-03-15,0,292,0.477
3,370,2025-03,Borate,22.9,25.4,2025-03-15,2025-03-15,0,292,0.087
4,122,2024-10,NPK 12-12-17-2,6417.3,5447.5,2024-10-15,2024-10-19,4,1842,2.957
4,122,2024-10,Urea,1579.6,1653.8,2024-10-15,2024-10-24,9,1842,0.898
4,122,2024-10,Kieserite,1184.7,1137.5,2024-10-15,2024-12-07,53,1842,0.618
4,122,2024-10,Borate,148.1,165.9,2024-10-15,2024-10-23,8,1842,0.09
4,122,2025-03,NPK 12-12-17-2,6417.3,4234.6,2025-03-15,2025-04-06,22,1842,2.299
4,122,2025-03,Urea,1579.6,1605.3,2025-03-15,2025-04-08,24,1842,0.871
4,122,2025-03,Kieserite,1184.7,1184.2,2025-03-15,2025-03-15,0,1842,0.643
4,122,2025-03,Borate,148.1,140.1,2025-03-15,2025-05-28,74,1842,0.076
4,123,2024-10,NPK 12-12-17-2,5125.0,5740.0,2024-10-15,2024-10-31,16,1518,3.781
4,123,2024-10,Urea,1261.5,1160.9,2024-10-15,2024-10-19,4,1518,0.765
4,123,2024-10,Kieserite,946.2,850.5,2024-10-15,2024-10-15,0,1518,0.56
4,123,2024-10,Borate,118.3,81.9,2024-10-15,2024-10-15,0,1518,0.054
4,123,2025-03,NPK 12-12-17-2,5125.0,5647.8,2025-03-15,2025-05-11,57,1518,3.721
4,123,2025-03,Urea,1261.5,1009.3,2025-03-15,2025-03-15,0,1518,0.665
4,123,2025-03,Kieserite,946.2,583.6,2025-03-15,2025-05-17,63,1518,0.384
4,123,2025-03,Borate,118.3,106.2,2025-03-15,2025-03-27,12,1518,0.07
4,124,2024-10,NPK 12-12-17-2,4861.2,5152.0,2024-10-15,2024-10-15,0,1503,3.428
4,124,2024-10,Urea,1196.6,1036.8,2024-10-15,2025-01-14,91,1503,0.69
4,124,2024-10,Kieserite,897.5,1005.2,2024-10-15,2024-10-25,10,1503,0.669
4,124,2024-10,Borate,112.2,94.4,2024-10-15,2024-12-19,65,1503,0.063
4,124,2025-03,NPK 12-12-17-2,4861.2,4626.3,2025-03-15,2025-03-15,0,1503,3.078
4,124,2025-03,Urea,1196.6,1272.3,2025-03-15,2025-04-27,43,1503,0.847
4,124,2025-03,Kieserite,897.5,754.1,2025-03-15,2025-03-15,0,1503,0.502
4,124,2025-03,Borate,112.2,105.0,2025-03-15,2025-05-05,51,1503,0.07
4,125,2024-10,NPK 12-12-17-2,2784.3,2581.2,2024-10-15,2024-10-15,0,943,2.737
4,125,2024-10,Urea,685.4,598.5,2024-10-15,2024-11-04,20,943,0.635
4,125,2024-10,Kieserite,514.0,402.4,2024-10-15,2024-11-16,32,943,0.427
4,125,2024-10,Borate,64.3,56.5,2024-10-15,2024-11-08,24,943,0.06
4,125,2025-03,NPK 12-12-17-2,2784.3,2661.6,2025-03-15,2025-04-01,17,943,2.823
4,125,2025-03,Urea,685.4,566.7,2025-03-15,2025-04-04,20,943,0.601
4,125,2025-03,Kieserite,514.0,451.1,2025-03-15,2025-03-29,14,943,0.478
4,125,2025-03,Borate,64.3,61.8,2025-03-15,2025-04-06,22,943,0.066
4,126,2024-10,NPK 12-12-17-2,2872.8,2733.4,2024-10-15,2024-10-25,10,869,3.145
4,126,2024-10,Urea,707.2,712.2,2024-10-15,2024-11-16,32,869,0.82
4,126,2024-10,Kieserite,530.4,431.9,2024-10-15,2024-10-15,0,869,0.497
4,126,2024-10,Borate,66.3,74.3,2024-10-15,2024-10-15,0,869,0.085
4,126,2025-03,NPK 12-12-17-2,2872.8,2399.3,2025-03-15,2025-04-03,19,869,2.761
4,126,2025-03,Urea,707.2,678.0,2025-03-15,2025-03-29,14,869,0.78
4,126,2025-03,Kieserite,530.4,594.0,2025-03-15,2025-03-15,0,869,0.684
4,126,2025-03,Borate,66.3,71.6,2025-03-15,2025-04-01,17,869,0.082
4,127,2024-10,NPK 12-12-17-2,1293.3,1069.5,2024-10-15,2024-11-21,37,417,2.565
4,127,2024-10,Urea,318.4,292.8,2024-10-15,2024-11-05,21,417,0.702
4,127,2024-10,Kieserite,238.8,202.8,2024-10-15,2024-10-15,0,417,0.486
4,127,2024-10,Borate,29.8,16.5,2024-10-15,2024-10-15,0,417,0.04
4,127,2025-03,NPK 12-12-17-2,1293.3,1089.3,2025-03-15,2025-03-27,12,417,2.612
4,127,2025-03,Urea,318.4,261.9,2025-03-15,2025-04-10,26,417,0.628
4,127,2025-03,Kieserite,238.8,202.9,2025-03-15,2025-04-18,34,417,0.487
4,127,2025-03,Borate,29.8,33.4,2025-03-15,2025-05-04,50,417,0.08
4,128,2024-10,NPK 12-12-17-2,12879.4,11678.2,2024-10-15,2024-11-19,35,4246,2.75
4,128,2024-10,Urea,3170.3,2412.4,2024-10-15,2024-10-17,2,4246,0.568
4,128,2024-10,Kieserite,2377.7,2234.8,2024-10-15,2024-12-30,76,4246,0.526
4,128,2024-10,Borate,297.2,310.1,2024-10-15,2024-11-09,25,4246,0.073
4,128,2025-03,NPK 12-12-17-2,12879.4,13079.4,2025-03-15,2025-06-27,104,4246,3.08
4,128,2025-03,Urea,3170.3,2009.1,2025-03-15,2025-03-15,0,4246,0.473
4,128,2025-03,Kieserite,2377.7,1354.8,2025-03-15,2025-03-16,1,4246,0.319
4,128,2025-03,Borate,297.2,268.3,2025-03-15,2025-03-15,0,4246,0.063
4,129,2024-10,NPK 12-12-17-2,9881.5,8698.8,2024-10-15,2024-10-28,13,3176,2.739
4,129,2024-10,Urea,2432.4,1844.2,2024-10-15,2024-11-26,42,3176,0.581
4,129,2024-10,Kieserite,1824.3,1125.9,2024-10-15,2024-10-15,0,3176,0.354
4,129,2024-10,Borate,228.0,207.2,2024-10-15,2024-10-15,0,3176,0.065
4,129,2025-03,NPK 12-12-17-2,9881.5,6562.4,2025-03-15,2025-04-22,38,3176,2.066
4,129,2025-03,Urea,2432.4,1506.1,2025-03-15,2025-04-04,20,3176,0.474
4,129,2025-03,Kieserite,1824.3,1665.8,2025-03-15,2025-04-25,41,3176,0.525
4,129,2025-03,Borate,228.0,241.0,2025-03-15,2025-03-16,1,3176,0.076
4,130,2024-10,NPK 12-12-17-2,13971.2,14050.4,2024-10-15,2024-11-16,32,4465,3.147
4,130,2024-10,Urea,3439.1,3174.3,2024-10-15,2024-10-25,10,4465,0.711
4,130,2024-10,Kieserite,2579.3,1975.5,2024-10-15,2025-01-01,78,4465,0.442
4,130,2024-10,Borate,322.4,220.5,2024-10-15,2024-10-26,11,4465,0.049
4,130,2025-03,NPK 12-12-17-2,13971.2,6031.6,2025-03-15,2025-05-02,48,4465,1.351
4,130,2025-03,Urea,3439.1,3317.6,2025-03-15,2025-03-19,4,4465,0.743
4,130,2025-03,Kieserite,2579.3,2703.1,2025-03-15,2025-04-18,34,4465,0.605
4,130,2025-03,Borate,322.4,250.6,2025-03-15,2025-04-22,38,4465,0.056
4,131,2024-10,NPK 12-12-17-2,14003.8,13535.2,2024-10-15,2024-11-25,41,4497,3.01
4,131,2024-10,Urea,3447.1,2369.3,2024-10-15,2024-11-01,17,4497,0.527
4,131,2024-10,Kieserite,2585.3,2086.8,2024-10-15,2024-10-15,0,4497,0.464
4,131,2024-10,Borate,323.2,248.7,2024-10-15,2024-10-15,0,4497,0.055
4,131,2025-03,NPK 12-12-17-2,14003.8,12103.7,2025-03-15,2025-03-15,0,4497,2.692
4,131,2025-03,Urea,3447.1,2115.7,2025-03-15,2025-04-03,19,4497,0.47
4,131,2025-03,Kieserite,2585.3,2764.5,2025-03-15,2025-03-22,7,4497,0.615
4,131,2025-03,Borate,323.2,213.6,2025-03-15,2025-03-17,2,4497,0.047
4,132,2024-10,NPK 12-12-17-2,15323.0,17161.8,2024-10-15,2024-10-21,6,4827,3.555
4,132,2024-10,Urea,3771.8,3645.9,2024-10-15,2024-10-15,0,4827,0.755
4,132,2024-10,Kieserite,2828.9,2979.3,2024-10-15,2024-10-15,0,4827,0.617
4,132,2024-10,Borate,353.6,318.8,2024-10-15,2024-11-29,45,4827,0.066
4,132,2025-03,NPK 12-12-17-2,15323.0,11971.1,2025-03-15,2025-03-15,0,4827,2.48
4,132,2025-03,Urea,3771.8,2914.0,2025-03-15,2025-03-24,9,4827,0.604
4,132,2025-03,Kieserite,2828.9,1860.0,2025-03-15,2025-04-25,41,4827,0.385
4,132,2025-03,Borate,353.6,312.0,2025-03-15,2025-05-03,49,4827,0.065
4,133,2024-10,NPK 12-12-17-2,10343.3,7038.3,2024-10-15,2024-11-05,21,3830,1.838
4,133,2024-10,Urea,2546.0,2673.8,2024-10-15,2024-11-05,21,3830,0.698
4,133,2024-10,Kieserite,1909.5,1193.7,2024-10-15,2024-10-15,0,3830,0.312
4,133,2024-10,Borate,238.7,267.3,2024-10-15,2024-12-02,48,3830,0.07
4,133,2025-03,NPK 12-12-17-2,10343.3,8002.7,2025-03-15,2025-03-15,0,3830,2.089
4,133,2025-03,Urea,2546.0,2361.3,2025-03-15,2025-03-15,0,3830,0.617
4,133,2025-03,Kieserite,1909.5,1833.0,2025-03-15,2025-03-30,15,3830,0.479
4,133,2025-03,Borate,238.7,197.8,2025-03-15,2025-04-07,23,3830,0.052
4,134,2024-10,NPK 12-12-17-2,15942.8,12471.6,2024-10-15,2024-10-15,0,5064,2.463
4,134,2024-10,Urea,3924.4,3550.1,2024-10-15,2024-10-15,0,5064,0.701
4,134,2024-10,Kieserite,2943.3,2397.4,2024-10-15,2024-12-13,59,5064,0.473
4,134,2024-10,Borate,367.9,412.1,2024-10-15,2024-10-15,0,5064,0.081
4,134,2025-03,NPK 12-12-17-2,15942.8,15975.6,2025-03-15,2025-05-08,54,5064,3.155
4,134,2025-03,Urea,3924.4,2835.1,2025-03-15,2025-04-08,24,5064,0.56
4,134,2025-03,Kieserite,2943.3,2705.3,2025-03-15,2025-04-20,36,5064,0.534
4,134,2025-03,Borate,367.9,412.1,2025-03-15,2025-03-16,1,5064,0.081
4,135,2024-10,NPK 12-12-17-2,12355.4,8968.6,2024-10-15,2024-11-24,40,3879,2.312
4,135,2024-10,Urea,3041.3,3124.3,2024-10-15,2024-10-15,0,3879,0.805
4,135,2024-10,Kieserite,2281.0,1808.0,2024-10-15,2024-10-15,0,3879,0.466
4,135,2024-10,Borate,285.1,235.7,2024-10-15,2024-10-15,0,3879,0.061
4,135,2025-03,NPK 12-12-17-2,12355.4,12868.1,2025-03-15,2025-05-01,47,3879,3.317
4,135,2025-03,Urea,3041.3,2945.3,2025-03-15,2025-03-25,10,3879,0.759
4,135,2025-03,Kieserite,2281.0,1600.1,2025-03-15,2025-04-13,29,3879,0.413
4,135,2025-03,Borate,285.1,254.3,2025-03-15,2025-04-28,44,3879,0.066
4,136,2024-10,NPK 12-12-17-2,14967.3,12767.4,2024-10-15,2024-10-15,0,4573,2.792
4,136,2024-10,Urea,3684.2,2982.0,2024-10-15,2024-10-15,0,4573,0.652
4,136,2024-10,Kieserite,2763.2,2593.1,2024-10-15,2024-10-28,13,4573,0.567
4,136,2024-10,Borate,345.4,386.8,2024-10-15,2024-10-15,0,4573,0.085
4,136,2025-03,NPK 12-12-17-2,14967.3,16763.3,2025-03-15,2025-04-11,27,4573,3.666
4,136,2025-03,Urea,3684.2,3444.0,2025-03-15,2025-03-20,5,4573,0.753
4,136,2025-03,Kieserite,2763.2,2722.2,2025-03-15,2025-04-15,31,4573,0.595
4,136,2025-03,Borate,345.4,217.6,2025-03-15,2025-03-15,0,4573,0.048
4,137,2024-10,NPK 12-12-17-2,13938.8,11237.3,2024-10-15,2024-11-15,31,4181,2.688
4,137,2024-10,Urea,3431.1,2399.7,2024-10-15,2024-11-24,40,4181,0.574
4,137,2024-10,Kieserite,2573.3,2072.7,2024-10-15,2024-10-15,0,4181,0.496
4,137,2024-10,Borate,321.7,334.7,2024-10-15,2024-10-16,1,4181,0.08
4,137,2025-03,NPK 12-12-17-2,13938.8,8643.2,2025-03-15,2025-03-15,0,4181,2.067
4,137,2025-03,Urea,3431.1,3439.2,2025-03-15,2025-03-20,5,4181,0.823
4,137,2025-03,Kieserite,2573.3,2205.2,2025-03-15,2025-03-20,5,4181,0.527
4,137,2025-03,Borate,321.7,255.1,2025-03-15,2025-05-09,55,4181,0.061
4,138,2024-10,NPK 12-12-17-2,17574.5,18659.0,2024-10-15,2024-10-15,0,5357,3.483
4,138,2024-10,Urea,4326.0,4419.8,2024-10-15,2025-01-17,94,5357,0.825
4,138,2024-10,Kieserite,3244.5,2993.0,2024-10-15,2024-10-17,2,5357,0.559
4,138,2024-10,Borate,405.6,452.8,2024-10-15,2024-10-23,8,5357,0.085
4,138,2025-03,NPK 12-12-17-2,17574.5,13441.7,2025-03-15,2025-03-19,4,5357,2.509
4,138,2025-03,Urea,4326.0,4520.4,2025-03-15,2025-05-03,49,5357,0.844
4,138,2025-03,Kieserite,3244.5,2692.1,2025-03-15,2025-03-31,16,5357,0.503
4,138,2025-03,Borate,405.6,310.9,2025-03-15,2025-03-19,4,5357,0.058
4,139,2024-10,NPK 12-12-17-2,10401.3,9967.1,2024-10-15,2024-10-29,14,3636,2.741
4,139,2024-10,Urea,2560.3,1644.8,2024-10-15,2024-10-15,0,3636,0.452
4,139,2024-10,Kieserite,1920.2,2150.7,2024-10-15,2024-10-15,0,3636,0.591
4,139,2024-10,Borate,240.0,176.1,2024-10-15,2024-12-01,47,3636,0.048
4,139,2025-03,NPK 12-12-17-2,10401.3,11649.4,2025-03-15,2025-03-15,0,3636,3.204
4,139,2025-03,Urea,2560.3,2329.9,2025-03-15,2025-03-21,6,3636,0.641
4,139,2025-03,Kieserite,1920.2,2090.6,2025-03-15,2025-03-15,0,3636,0.575
4,139,2025-03,Borate,240.0,200.3,2025-03-15,2025-04-14,30,3636,0.055
4,140,2024-10,NPK 12-12-17-2,12029.1,10852.5,2024-10-15,2024-11-23,39,3921,2.768
4,140,2024-10,Urea,2961.0,2264.8,2024-10-15,2024-10-15,0,3921,0.578
4,140,2024-10,Kieserite,2220.8,1880.6,2024-10-15,2024-10-15,0,3921,0.48
4,140,2024-10,Borate,277.6,199.7,2024-10-15,2024-10-23,8,3921,0.051
4,140,2025-03,NPK 12-12-17-2,12029.1,8947.0,2025-03-15,2025-03-26,11,3921,2.282
4,140,2025-03,Urea,2961.0,2892.6,2025-03-15,2025-05-06,52,3921,0.738
4,140,2025-03,Kieserite,2220.8,2280.5,2025-03-15,2025-03-19,4,3921,0.582
4,140,2025-03,Borate,277.6,174.9,2025-03-15,2025-04-20,36,3921,0.045
4,141,2024-10,NPK 12-12-17-2,12917.8,12246.8,2024-10-15,2024-12-12,58,4127,2.967
4,141,2024-10,Urea,3179.8,2848.2,2024-10-15,2024-12-04,50,4127,0.69
4,141,2024-10,Kieserite,2384.8,2413.8,2024-10-15,2024-11-30,46,4127,0.585
4,141,2024-10,Borate,298.1,295.2,2024-10-15,2024-10-20,5,4127,0.072
4,141,2025-03,NPK 12-12-17-2,12917.8,13393.7,2025-03-15,2025-03-21,6,4127,3.245
4,141,2025-03,Urea,3179.8,2728.9,2025-03-15,2025-03-15,0,4127,0.661
4,141,2025-03,Kieserite,2384.8,2009.5,2025-03-15,2025-03-15,0,4127,0.487
4,141,2025-03,Borate,298.1,318.5,2025-03-15,2025-03-17,2,4127,0.077
4,142,2024-10,NPK 12-12-17-2,11342.9,8594.3,2024-10-15,2024-11-12,28,3642,2.36
4,142,2024-10,Urea,2792.1,3024.9,2024-10-15,2024-11-28,44,3642,0.831
4,142,2024-10,Kieserite,2094.1,2158.9,2024-10-15,2024-10-15,0,3642,0.593
4,142,2024-10,Borate,261.8,114.3,2024-10-15,2024-12-22,68,3642,0.031
4,142,2025-03,NPK 12-12-17-2,11342.9,9172.7,2025-03-15,2025-03-28,13,3642,2.519
4,142,2025-03,Urea,2792.1,2853.6,2025-03-15,2025-03-30,15,3642,0.784
4,142,2025-03,Kieserite,2094.1,2248.9,2025-03-15,2025-04-03,19,3642,0.617
4,142,2025-03,Borate,261.8,214.1,2025-03-15,2025-03-21,6,3642,0.059
4,143,2024-10,NPK 12-12-17-2,11102.8,10172.0,2024-10-15,2024-11-18,34,3572,2.848
4,143,2024-10,Urea,2733.0,2181.6,2024-10-15,2024-12-16,62,3572,0.611
4,143,2024-10,Kieserite,2049.7,1691.7,2024-10-15,2024-10-15,0,3572,0.474
4,143,2024-10,Borate,256.2,258.7,2024-10-15,2024-11-27,43,3572,0.072
4,143,2025-03,NPK 12-12-17-2,11102.8,8582.5,2025-03-15,2025-04-03,19,3572,2.403
4,143,2025-03,Urea,2733.0,1919.4,2025-03-15,2025-03-15,0,3572,0.537
4,143,2025-03,Kieserite,2049.7,1637.1,2025-03-15,2025-04-27,43,3572,0.458
4,143,2025-03,Borate,256.2,269.1,2025-03-15,2025-04-05,21,3572,0.075
4,144,2024-10,NPK 12-12-17-2,11811.5,10697.8,2024-10-15,2024-12-28,74,3484,3.071
4,144,2024-10,Urea,2907.4,2083.3,2024-10-15,2024-10-15,0,3484,0.598
4,144,2024-10,Kieserite,2180.6,1881.3,2024-10-15,2024-11-18,34,3484,0.54
4,144,2024-10,Borate,272.6,173.9,2024-10-15,2024-10-27,12,3484,0.05
4,144,2025-03,NPK 12-12-17-2,11811.5,7399.5,2025-03-15,2025-04-02,18,3484,2.124
4,144,2025-03,Urea,2907.4,3256.3,2025-03-15,2025-04-22,38,3484,0.935
4,144,2025-03,Kieserite,2180.6,1940.7,2025-03-15,2025-04-22,38,3484,0.557
4,144,2025-03,Borate,272.6,262.3,2025-03-15,2025-03-15,0,3484,0.075
4,145,2024-10,NPK 12-12-17-2,17439.6,19532.4,2024-10-15,2024-10-16,1,5029,3.884
4,145,2024-10,Urea,4292.8,2738.2,2024-10-15,2024-11-25,41,5029,0.544
4,145,2024-10,Kieserite,3219.6,2089.6,2024-10-15,2024-10-15,0,5029,0.416
4,145,2024-10,Borate,402.5,437.2,2024-10-15,2024-10-15,0,5029,0.087
4,145,2025-03,NPK 12-12-17-2,17439.6,16066.5,2025-03-15,2025-04-14,30,5029,3.195
4,145,2025-03,Urea,4292.8,4272.0,2025-03-15,2025-04-17,33,5029,0.849
4,145,2025-03,Kieserite,3219.6,3085.6,2025-03-15,2025-03-31,16,5029,0.614
4,145,2025-03,Borate,402.5,326.3,2025-03-15,2025-03-15,0,5029,0.065
4,146,2024-10,NPK 12-12-17-2,12713.6,9642.4,2024-10-15,2024-11-19,35,4014,2.402
4,146,2024-10,Urea,3129.5,2997.3,2024-10-15,2024-11-25,41,4014,0.747
4,146,2024-10,Kieserite,2347.1,1665.0,2024-10-15,2024-10-24,9,4014,0.415
4,146,2024-10,Borate,293.4,278.9,2024-10-15,2024-10-15,0,4014,0.069
4,146,2025-03,NPK 12-12-17-2,12713.6,7561.0,2025-03-15,2025-03-15,0,4014,1.884
4,146,2025-03,Urea,3129.5,2444.2,2025-03-15,2025-04-11,27,4014,0.609
4,146,2025-03,Kieserite,2347.1,1928.9,2025-03-15,2025-03-27,12,4014,0.481
4,146,2025-03,Borate,293.4,326.4,2025-03-15,2025-03-18,3,4014,0.081
4,147,2024-10,NPK 12-12-17-2,12103.1,13555.4,2024-10-15,2024-11-07,23,3647,3.717
4,147,2024-10,Urea,2979.2,2922.2,2024-10-15,2024-10-15,0,3647,0.801
4,147,2024-10,Kieserite,2234.4,2502.5,2024-10-15,2024-10-15,0,3647,0.686
4,147,2024-10,Borate,279.3,292.1,2024-10-15,2024-11-20,36,3647,0.08
4,147,2025-03,NPK 12-12-17-2,12103.1,10917.4,2025-03-15,2025-04-02,18,3647,2.994
4,147,2025-03,Urea,2979.2,2542.5,2025-03-15,2025-03-20,5,3647,0.697
4,147,2025-03,Kieserite,2234.4,2497.9,2025-03-15,2025-03-27,12,3647,0.685
4,147,2025-03,Borate,279.3,238.6,2025-03-15,2025-03-31,16,3647,0.065
4,148,2024-10,NPK 12-12-17-2,15069.4,16714.6,2024-10-15,2024-10-15,0,4599,3.634
4,148,2024-10,Urea,3709.4,3173.6,2024-10-15,2024-11-24,40,4599,0.69
4,148,2024-10,Kieserite,2782.0,2844.7,2024-10-15,2024-11-18,34,4599,0.619
4,148,2024-10,Borate,347.8,296.1,2024-10-15,2024-10-22,7,4599,0.064
4,148,2025-03,NPK 12-12-17-2,15069.4,16877.7,2025-03-15,2025-03-15,0,4599,3.67
4,148,2025-03,Urea,3709.4,3067.9,2025-03-15,2025-03-15,0,4599,0.667
4,148,2025-03,Kieserite,2782.0,2131.5,2025-03-15,2025-04-06,22,4599,0.463
4,148,2025-03,Borate,347.8,364.0,2025-03-15,2025-04-17,33,4599,0.079
4,149,2024-10,NPK 12-12-17-2,11705.9,10782.3,2024-10-15,2024-10-27,12,3652,2.952
4,149,2024-10,Urea,2881.5,2413.3,2024-10-15,2024-10-15,0,3652,0.661
4,149,2024-10,Kieserite,2161.1,2323.4,2024-10-15,2024-11-16,32,3652,0.636
4,149,2024-10,Borate,270.1,243.2,2024-10-15,2024-10-15,0,3652,0.067
4,149,2025-03,NPK 12-12-17-2,11705.9,8415.9,2025-03-15,2025-04-05,21,3652,2.304
4,149,2025-03,Urea,2881.5,2288.9,2025-03-15,2025-03-15,0,3652,0.627
4,149,2025-03,Kieserite,2161.1,1921.3,2025-03-15,2025-04-15,31,3652,0.526
4,149,2025-03,Borate,270.1,189.0,2025-03-15,2025-04-12,28,3652,0.052
4,150,2024-10,NPK 12-12-17-2,13834.5,9494.2,2024-10-15,2024-12-02,48,4328,2.194
4,150,2024-10,Urea,3405.4,2758.0,2024-10-15,2024-10-15,0,4328,0.637
4,150,2024-10,Kieserite,2554.1,2860.6,2024-10-15,2024-11-08,24,4328,0.661
4,150,2024-10,Borate,319.3,301.4,2024-10-15,2024-10-15,0,4328,0.07
4,150,2025-03,NPK 12-12-17-2,13834.5,9397.4,2025-03-15,2025-04-21,37,4328,2.171
4,150,2025-03,Urea,3405.4,3302.8,2025-03-15,2025-04-05,21,4328,0.763
4,150,2025-03,Kieserite,2554.1,1812.8,2025-03-15,2025-03-15,0,4328,0.419
4,150,2025-03,Borate,319.3,287.0,2025-03-15,2025-04-24,40,4328,0.066
4,151,2024-10,NPK 12-12-17-2,13949.7,12479.2,2024-10-15,2024-10-27,12,4293,2.907
4,151,2024-10,Urea,3433.8,3096.2,2024-10-15,2024-10-21,6,4293,0.721
4,151,2024-10,Kieserite,2575.3,1789.6,2024-10-15,2024-10-18,3,4293,0.417
4,151,2024-10,Borate,321.9,299.3,2024-10-15,2024-11-08,24,4293,0.07
4,151,2025-03,NPK 12-12-17-2,13949.7,12341.6,2025-03-15,2025-04-24,40,4293,2.875
4,151,2025-03,Urea,3433.8,3277.5,2025-03-15,2025-04-28,44,4293,0.763
4,151,2025-03,Kieserite,2575.3,2884.4,2025-03-15,2025-03-15,0,4293,0.672
4,151,2025-03,Borate,321.9,341.8,2025-03-15,2025-03-16,1,4293,0.08
4,152,2024-10,NPK 12-12-17-2,12807.3,11167.3,2024-10-15,2024-10-31,16,4261,2.621
4,152,2024-10,Urea,3152.6,3064.3,2024-10-15,2024-11-30,46,4261,0.719
4,152,2024-10,Kieserite,2364.4,2182.3,2024-10-15,2024-11-24,40,4261,0.512
4,152,2024-10,Borate,295.6,273.5,2024-10-15,2024-10-26,11,4261,0.064
4,152,2025-03,NPK 12-12-17-2,12807.3,10030.1,2025-03-15,2025-03-22,7,4261,2.354
4,152,2025-03,Urea,3152.6,2432.0,2025-03-15,2025-04-14,30,4261,0.571
4,152,2025-03,Kieserite,2364.4,2620.6,2025-03-15,2025-03-25,10,4261,0.615
4,152,2025-03,Borate,295.6,256.7,2025-03-15,2025-03-15,0,4261,0.06
4,153,2024-10,NPK 12-12-17-2,15654.9,15388.7,2024-10-15,2024-11-06,22,4870,3.16
4,153,2024-10,Urea,3853.5,3134.2,2024-10-15,2024-11-13,29,4870,0.644
4,153,2024-10,Kieserite,2890.1,2106.6,2024-10-15,2024-12-05,51,4870,0.433
4,153,2024-10,Borate,361.3,280.5,2024-10-15,2024-10-15,0,4870,0.058
4,153,2025-03,NPK 12-12-17-2,15654.9,13969.9,2025-03-15,2025-03-21,6,4870,2.869
4,153,2025-03,Urea,3853.5,3928.7,2025-03-15,2025-04-24,40,4870,0.807
4,153,2025-03,Kieserite,2890.1,2894.6,2025-03-15,2025-05-16,62,4870,0.594
4,153,2025-03,Borate,361.3,337.2,2025-03-15,2025-03-15,0,4870,0.069
4,154,2024-10,NPK 12-12-17-2,820.2,853.1,2024-10-15,2024-10-27,12,263,3.244
4,154,2024-10,Urea,201.9,168.3,2024-10-15,2024-11-04,20,263,0.64
4,154,2024-10,Kieserite,151.4,84.1,2024-10-15,2024-11-26,42,263,0.32
4,154,2024-10,Borate,18.9,17.4,2024-10-15,2024-11-05,21,263,0.066
4,154,2025-03,NPK 12-12-17-2,820.2,547.8,2025-03-15,2025-03-15,0,263,2.083
4,154,2025-03,Urea,201.9,210.3,2025-03-15,2025-04-13,29,263,0.8
4,154,2025-03,Kieserite,151.4,127.3,2025-03-15,2025-03-26,11,263,0.484
4,154,2025-03,Borate,18.9,21.2,2025-03-15,2025-04-03,19,263,0.081
4,155,2024-10,NPK 12-12-17-2,4704.1,4824.4,2024-10-15,2024-11-24,40,1608,3.0
4,155,2024-10,Urea,1157.9,837.8,2024-10-15,2024-11-22,38,1608,0.521
4,155,2024-10,Kieserite,868.4,629.8,2024-10-15,2024-10-15,0,1608,0.392
4,155,2024-10,Borate,108.6,107.8,2024-10-15,2025-01-15,92,1608,0.067
4,155,2025-03,NPK 12-12-17-2,4704.1,3227.8,2025-03-15,2025-03-15,0,1608,2.007
4,155,2025-03,Urea,1157.9,1008.2,2025-03-15,2025-03-24,9,1608,0.627
4,155,2025-03,Kieserite,868.4,920.5,2025-03-15,2025-03-16,1,1608,0.572
4,155,2025-03,Borate,108.6,92.7,2025-03-15,2025-04-28,44,1608,0.058
4,156,2024-10,NPK 12-12-17-2,10204.2,8985.3,2024-10-15,2024-12-09,55,3083,2.914
4,156,2024-10,Urea,2511.8,2208.9,2024-10-15,2024-10-15,0,3083,0.716
4,156,2024-10,Kieserite,1883.8,1761.6,2024-10-15,2024-11-08,24,3083,0.571
4,156,2024-10,Borate,235.5,243.3,2024-10-15,2024-10-15,0,3083,0.079
4,156,2025-03,NPK 12-12-17-2,10204.2,11428.7,2025-03-15,2025-04-12,28,3083,3.707
4,156,2025-03,Urea,2511.8,1808.8,2025-03-15,2025-03-15,0,3083,0.587
4,156,2025-03,Kieserite,1883.8,1903.9,2025-03-15,2025-03-21,6,3083,0.618
4,156,2025-03,Borate,235.5,257.6,2025-03-15,2025-03-29,14,3083,0.084
4,157,2024-10,NPK 12-12-17-2,16003.3,11430.9,2024-10-15,2024-11-23,39,4702,2.431
4,157,2024-10,Urea,3939.3,3508.9,2024-10-15,2024-11-27,43,4702,0.746
4,157,2024-10,Kieserite,2954.5,2135.6,2024-10-15,2024-11-04,20,4702,0.454
4,157,2024-10,Borate,369.3,249.0,2024-10-15,2024-10-15,0,4702,0.053
4,157,2025-03,NPK 12-12-17-2,16003.3,13366.8,2025-03-15,2025-03-15,0,4702,2.843
4,157,2025-03,Urea,3939.3,3343.1,2025-03-15,2025-04-04,20,4702,0.711
4,157,2025-03,Kieserite,2954.5,2118.6,2025-03-15,2025-04-04,20,4702,0.451
4,157,2025-03,Borate,369.3,298.6,2025-03-15,2025-03-15,0,4702,0.064
4,158,2024-10,NPK 12-12-17-2,16163.6,14267.3,2024-10-15,2024-11-18,34,4535,3.146
4,158,2024-10,Urea,3978.7,2549.9,2024-10-15,2024-11-06,22,4535,0.562
4,158,2024-10,Kieserite,2984.1,2243.9,2024-10-15,2024-11-05,21,4535,0.495
4,158,2024-10,Borate,373.0,417.8,2024-10-15,2024-10-15,0,4535,0.092
4,158,2025-03,NPK 12-12-17-2,16163.6,15191.8,2025-03-15,2025-03-19,4,4535,3.35
4,158,2025-03,Urea,3978.7,3436.6,2025-03-15,2025-03-28,13,4535,0.758
4,158,2025-03,Kieserite,2984.1,1958.1,2025-03-15,2025-03-15,0,4535,0.432
4,158,2025-03,Borate,373.0,333.0,2025-03-15,2025-03-19,4,4535,0.073
4,159,2024-10,NPK 12-12-17-2,11075.4,10720.6,2024-10-15,2024-11-08,24,3688,2.907
4,159,2024-10,Urea,2726.2,3053.4,2024-10-15,2024-10-15,0,3688,0.828
4,159,2024-10,Kieserite,2044.7,1262.4,2024-10-15,2024-11-16,32,3688,0.342
4,159,2024-10,Borate,255.6,219.3,2024-10-15,2024-11-02,18,3688,0.059
4,159,2025-03,NPK 12-12-17-2,11075.4,9229.0,2025-03-15,2025-04-02,18,3688,2.502
4,159,2025-03,Urea,2726.2,2241.8,2025-03-15,2025-03-15,0,3688,0.608
4,159,2025-03,Kieserite,2044.7,2103.4,2025-03-15,2025-03-30,15,3688,0.57
4,159,2025-03,Borate,255.6,234.7,2025-03-15,2025-03-15,0,3688,0.064
4,160,2024-10,NPK 12-12-17-2,15735.6,11153.7,2024-10-15,2024-10-25,10,4768,2.339
4,160,2024-10,Urea,3873.4,3846.7,2024-10-15,2024-10-15,0,4768,0.807
4,160,2024-10,Kieserite,2905.0,2274.2,2024-10-15,2024-10-31,16,4768,0.477
4,160,2024-10,Borate,363.1,381.1,2024-10-15,2024-10-19,4,4768,0.08
4,160,2025-03,NPK 12-12-17-2,15735.6,14089.6,2025-03-15,2025-03-15,0,4768,2.955
4,160,2025-03,Urea,3873.4,4338.2,2025-03-15,2025-03-22,7,4768,0.91
4,160,2025-03,Kieserite,2905.0,2317.4,2025-03-15,2025-04-05,21,4768,0.486
4,160,2025-03,Borate,363.1,406.7,2025-03-15,2025-04-02,18,4768,0.085
4,163,2024-10,NPK 12-12-17-2,5999.4,4628.1,2024-10-15,2024-10-21,6,1805,2.564
4,163,2024-10,Urea,1476.8,1373.2,2024-10-15,2024-10-18,3,1805,0.761
4,163,2024-10,Kieserite,1107.6,1090.7,2024-10-15,2024-11-04,20,1805,0.604
4,163,2024-10,Borate,138.4,155.1,2024-10-15,2024-10-15,0,1805,0.086
4,163,2025-03,NPK 12-12-17-2,5999.4,5038.6,2025-03-15,2025-03-15,0,1805,2.791
4,163,2025-03,Urea,1476.8,1017.4,2025-03-15,2025-06-04,81,1805,0.564
4,163,2025-03,Kieserite,1107.6,1240.5,2025-03-15,2025-03-15,0,1805,0.687
4,163,2025-03,Borate,138.4,117.7,2025-03-15,2025-03-15,0,1805,0.065
4,164,2024-10,NPK 12-12-17-2,6275.4,6135.7,2024-10-15,2024-12-03,49,1892,3.243
4,164,2024-10,Urea,1544.7,1325.6,2024-10-15,2024-10-27,12,1892,0.701
4,164,2024-10,Kieserite,1158.5,1297.6,2024-10-15,2024-10-29,14,1892,0.686
4,164,2024-10,Borate,144.8,148.3,2024-10-15,2024-10-15,0,1892,0.078
4,164,2025-03,NPK 12-12-17-2,6275.4,3437.7,2025-03-15,2025-04-08,24,1892,1.817
4,164,2025-03,Urea,1544.7,1047.6,2025-03-15,2025-03-31,16,1892,0.554
4,164,2025-03,Kieserite,1158.5,1297.6,2025-03-15,2025-04-03,19,1892,0.686
4,164,2025-03,Borate,144.8,109.1,2025-03-15,2025-03-15,0,1892,0.058
4,165,2024-10,NPK 12-12-17-2,8315.8,5097.2,2024-10-15,2024-10-15,0,2407,2.118
4,165,2024-10,Urea,2047.0,1511.4,2024-10-15,2024-10-21,6,2407,0.628
4,165,2024-10,Kieserite,1535.2,952.6,2024-10-15,2024-10-18,3,2407,0.396
4,165,2024-10,Borate,191.9,149.8,2024-10-15,2024-11-30,46,2407,0.062
4,165,2025-03,NPK 12-12-17-2,8315.8,5985.8,2025-03-15,2025-04-27,43,2407,2.487
4,165,2025-03,Urea,2047.0,1449.4,2025-03-15,2025-05-05,51,2407,0.602
4,165,2025-03,Kieserite,1535.2,1373.6,2025-03-15,2025-03-15,0,2407,0.571
4,165,2025-03,Borate,191.9,160.7,2025-03-15,2025-03-25,10,2407,0.067
4,166,2024-10,NPK 12-12-17-2,7214.9,7201.3,2024-10-15,2024-11-29,45,2139,3.367
4,166,2024-10,Urea,1776.0,1628.1,2024-10-15,2024-10-15,0,2139,0.761
4,166,2024-10,Kieserite,1332.0,1491.8,2024-10-15,2024-11-10,26,2139,0.697
4,166,2024-10,Borate,166.5,186.5,2024-10-15,2024-10-23,8,2139,0.087
4,166,2025-03,NPK 12-12-17-2,7214.9,5638.8,2025-03-15,2025-03-15,0,2139,2.636
4,166,2025-03,Urea,1776.0,1896.1,2025-03-15,2025-04-11,27,2139,0.886
4,166,2025-03,Kieserite,1332.0,1016.0,2025-03-15,2025-04-01,17,2139,0.475
4,166,2025-03,Borate,166.5,118.7,2025-03-15,2025-03-28,13,2139,0.055
5,168,2024-10,NPK 12-12-17-2,16574.9,17470.9,2024-10-15,2024-10-15,0,5088,3.434
5,168,2024-10,Urea,4080.0,4569.6,2024-10-15,2024-11-20,36,5088,0.898
5,168,2024-10,Kieserite,3060.0,3427.2,2024-10-15,2024-12-21,67,5088,0.674
5,168,2024-10,Borate,382.5,354.1,2024-10-15,2024-11-05,21,5088,0.07
5,168,2025-03,NPK 12-12-17-2,16574.9,18563.9,2025-03-15,2025-03-21,6,5088,3.649
5,168,2025-03,Urea,4080.0,3861.7,2025-03-15,2025-06-08,85,5088,0.759
5,168,2025-03,Kieserite,3060.0,2351.2,2025-03-15,2025-03-15,0,5088,0.462
5,168,2025-03,Borate,382.5,291.1,2025-03-15,2025-04-27,43,5088,0.057
5,169,2024-10,NPK 12-12-17-2,16553.3,16065.2,2024-10-15,2024-11-15,31,4816,3.336
5,169,2024-10,Urea,4074.7,4563.6,2024-10-15,2024-10-15,0,4816,0.948
5,169,2024-10,Kieserite,3056.0,2636.0,2024-10-15,2024-11-18,34,4816,0.547
5,169,2024-10,Borate,382.0,354.5,2024-10-15,2024-10-15,0,4816,0.074
5,169,2025-03,NPK 12-12-17-2,16553.3,12561.1,2025-03-15,2025-04-02,18,4816,2.608
5,169,2025-03,Urea,4074.7,3229.8,2025-03-15,2025-04-09,25,4816,0.671
5,169,2025-03,Kieserite,3056.0,2746.6,2025-03-15,2025-04-22,38,4816,0.57
5,169,2025-03,Borate,382.0,261.8,2025-03-15,2025-04-08,24,4816,0.054
5,170,2024-10,NPK 12-12-17-2,13777.3,8596.5,2024-10-15,2024-12-04,50,4069,2.113
5,170,2024-10,Urea,3391.3,3178.2,2024-10-15,2024-10-26,11,4069,0.781
5,170,2024-10,Kieserite,2543.5,1872.8,2024-10-15,2024-10-15,0,4069,0.46
5,170,2024-10,Borate,317.9,280.1,2024-10-15,2024-11-10,26,4069,0.069
5,170,2025-03,NPK 12-12-17-2,13777.3,10603.3,2025-03-15,2025-04-20,36,4069,2.606
5,170,2025-03,Urea,3391.3,3640.0,2025-03-15,2025-05-19,65,4069,0.895
5,170,2025-03,Kieserite,2543.5,2848.7,2025-03-15,2025-04-15,31,4069,0.7
5,170,2025-03,Borate,317.9,285.1,2025-03-15,2025-03-15,0,4069,0.07
5,171,2024-10,NPK 12-12-17-2,9801.1,9759.1,2024-10-15,2024-11-13,29,3156,3.092
5,171,2024-10,Urea,2412.6,1884.4,2024-10-15,2024-10-23,8,3156,0.597
5,171,2024-10,Kieserite,1809.4,1721.1,2024-10-15,2024-11-01,17,3156,0.545
5,171,2024-10,Borate,226.2,253.3,2024-10-15,2024-11-21,37,3156,0.08
5,171,2025-03,NPK 12-12-17-2,9801.1,7019.7,2025-03-15,2025-03-15,0,3156,2.224
5,171,2025-03,Urea,2412.6,2223.5,2025-03-15,2025-03-19,4,3156,0.705
5,171,2025-03,Kieserite,1809.4,1568.0,2025-03-15,2025-05-10,56,3156,0.497
5,171,2025-03,Borate,226.2,152.6,2025-03-15,2025-03-15,0,3156,0.048
5,172,2024-10,NPK 12-12-17-2,11024.0,8564.5,2024-10-15,2024-12-08,54,3585,2.389
5,172,2024-10,Urea,2713.6,1711.6,2024-10-15,2024-10-31,16,3585,0.477
5,172,2024-10,Kieserite,2035.2,1673.8,2024-10-15,2024-10-30,15,3585,0.467
5,172,2024-10,Borate,254.4,222.8,2024-10-15,2024-11-17,33,3585,0.062
5,172,2025-03,NPK 12-12-17-2,11024.0,10970.4,2025-03-15,2025-03-31,16,3585,3.06
5,172,2025-03,Urea,2713.6,1968.3,2025-03-15,2025-03-15,0,3585,0.549
5,172,2025-03,Kieserite,2035.2,1960.9,2025-03-15,2025-03-24,9,3585,0.547
5,172,2025-03,Borate,254.4,163.9,2025-03-15,2025-05-08,54,3585,0.046
5,173,2024-10,NPK 12-12-17-2,9003.9,7757.5,2024-10-15,2024-11-11,27,2610,2.972
5,173,2024-10,Urea,2216.3,2102.7,2024-10-15,2024-10-15,0,2610,0.806
5,173,2024-10,Kieserite,1662.3,1538.9,2024-10-15,2024-11-08,24,2610,0.59
5,173,2024-10,Borate,207.8,152.8,2024-10-15,2024-10-15,0,2610,0.059
5,173,2025-03,NPK 12-12-17-2,9003.9,7467.8,2025-03-15,2025-04-18,34,2610,2.861
5,173,2025-03,Urea,2216.3,1288.3,2025-03-15,2025-05-06,52,2610,0.494
5,173,2025-03,Kieserite,1662.3,1758.9,2025-03-15,2025-03-17,2,2610,0.674
5,173,2025-03,Borate,207.8,122.4,2025-03-15,2025-03-15,0,2610,0.047
5,174,2024-10,NPK 12-12-17-2,5194.1,4767.1,2024-10-15,2024-10-15,0,1495,3.189
5,174,2024-10,Urea,1278.5,1350.4,2024-10-15,2024-12-02,48,1495,0.903
5,174,2024-10,Kieserite,958.9,957.7,2024-10-15,2024-10-23,8,1495,0.641
5,174,2024-10,Borate,119.9,97.5,2024-10-15,2024-10-24,9,1495,0.065
5,174,2025-03,NPK 12-12-17-2,5194.1,5198.4,2025-03-15,2025-03-22,7,1495,3.477
5,174,2025-03,Urea,1278.5,611.0,2025-03-15,2025-03-15,0,1495,0.409
5,174,2025-03,Kieserite,958.9,835.8,2025-03-15,2025-03-15,0,1495,0.559
5,174,2025-03,Borate,119.9,88.0,2025-03-15,2025-03-15,0,1495,0.059
5,176,2024-10,NPK 12-12-17-2,12555.2,10727.4,2024-10-15,2024-11-04,20,3735,2.872
5,176,2024-10,Urea,3090.5,2358.7,2024-10-15,2024-11-21,37,3735,0.632
5,176,2024-10,Kieserite,2317.9,2051.1,2024-10-15,2024-10-15,0,3735,0.549
5,176,2024-10,Borate,289.7,324.5,2024-10-15,2024-10-20,5,3735,0.087
5,176,2025-03,NPK 12-12-17-2,12555.2,10575.5,2025-03-15,2025-04-27,43,3735,2.831
5,176,2025-03,Urea,3090.5,3378.4,2025-03-15,2025-04-18,34,3735,0.905
5,176,2025-03,Kieserite,2317.9,2284.7,2025-03-15,2025-04-28,44,3735,0.612
5,176,2025-03,Borate,289.7,224.5,2025-03-15,2025-03-28,13,3735,0.06
5,177,2024-10,NPK 12-12-17-2,13008.7,12226.7,2024-10-15,2024-10-15,0,4044,3.023
5,177,2024-10,Urea,3202.2,2037.7,2024-10-15,2024-11-06,22,4044,0.504
5,177,2024-10,Kieserite,2401.6,1697.2,2024-10-15,2024-10-15,0,4044,0.42
5,177,2024-10,Borate,300.2,197.4,2024-10-15,2024-12-06,52,4044,0.049
5,177,2025-03,NPK 12-12-17-2,13008.7,11907.0,2025-03-15,2025-04-23,39,4044,2.944
5,177,2025-03,Urea,3202.2,2760.8,2025-03-15,2025-05-03,49,4044,0.683
5,177,2025-03,Kieserite,2401.6,2528.5,2025-03-15,2025-04-10,26,4044,0.625
5,177,2025-03,Borate,300.2,243.3,2025-03-15,2025-03-15,0,4044,0.06
5,178,2024-10,NPK 12-12-17-2,11920.3,13350.7,2024-10-15,2024-10-21,6,3940,3.389
5,178,2024-10,Urea,2934.2,2688.8,2024-10-15,2024-10-15,0,3940,0.682
5,178,2024-10,Kieserite,2200.7,1992.3,2024-10-15,2024-11-10,26,3940,0.506
5,178,2024-10,Borate,275.1,184.9,2024-10-15,2024-10-23,8,3940,0.047
5,178,2025-03,NPK 12-12-17-2,11920.3,10571.7,2025-03-15,2025-04-22,38,3940,2.683
5,178,2025-03,Urea,2934.2,2487.8,2025-03-15,2025-03-15,0,3940,0.631
5,178,2025-03,Kieserite,2200.7,1906.1,2025-03-15,2025-04-08,24,3940,0.484
5,178,2025-03,Borate,275.1,245.1,2025-03-15,2025-03-15,0,3940,0.062
5,179,2024-10,NPK 12-12-17-2,11275.1,12628.1,2024-10-15,2024-10-18,3,3503,3.605
5,179,2024-10,Urea,2775.4,1622.8,2024-10-15,2024-11-21,37,3503,0.463
5,179,2024-10,Kieserite,2081.6,1740.1,2024-10-15,2024-11-16,32,3503,0.497
5,179,2024-10,Borate,260.2,272.0,2024-10-15,2024-10-16,1,3503,0.078
5,179,2025-03,NPK 12-12-17-2,11275.1,7824.4,2025-03-15,2025-04-01,17,3503,2.234
5,179,2025-03,Urea,2775.4,2570.7,2025-03-15,2025-03-29,14,3503,0.734
5,179,2025-03,Kieserite,2081.6,1675.4,2025-03-15,2025-03-29,14,3503,0.478
5,179,2025-03,Borate,260.2,239.1,2025-03-15,2025-04-05,21,3503,0.068
5,180,2024-10,NPK 12-12-17-2,13092.1,11924.4,2024-10-15,2024-11-14,30,4069,2.931
5,180,2024-10,Urea,3222.7,3200.1,2024-10-15,2024-10-15,0,4069,0.786
5,180,2024-10,Kieserite,2417.0,2014.4,2024-10-15,2024-11-19,35,4069,0.495
5,180,2024-10,Borate,302.1,293.5,2024-10-15,2024-10-25,10,4069,0.072
5,180,2025-03,NPK 12-12-17-2,13092.1,7676.6,2025-03-15,2025-03-30,15,4069,1.887
5,180,2025-03,Urea,3222.7,3589.5,2025-03-15,2025-04-05,21,4069,0.882
5,180,2025-03,Kieserite,2417.0,1797.6,2025-03-15,2025-03-19,4,4069,0.442
5,180,2025-03,Borate,302.1,177.8,2025-03-15,2025-05-02,48,4069,0.044
5,181,2024-10,NPK 12-12-17-2,14211.9,14527.1,2024-10-15,2024-11-22,38,4278,3.396
5,181,2024-10,Urea,3498.3,3918.1,2024-10-15,2024-11-04,20,4278,0.916
5,181,2024-10,Kieserite,2623.7,2291.1,2024-10-15,2024-10-15,0,4278,0.536
5,181,2024-10,Borate,328.0,335.4,2024-10-15,2024-11-09,25,4278,0.078
5,181,2025-03,NPK 12-12-17-2,14211.9,11205.9,2025-03-15,2025-04-18,34,4278,2.619
5,181,2025-03,Urea,3498.3,2675.1,2025-03-15,2025-04-11,27,4278,0.625
5,181,2025-03,Kieserite,2623.7,2195.3,2025-03-15,2025-03-31,16,4278,0.513
5,181,2025-03,Borate,328.0,367.3,2025-03-15,2025-03-15,0,4278,0.086
5,182,2024-10,NPK 12-12-17-2,9639.8,9608.9,2024-10-15,2024-10-24,9,3277,2.932
5,182,2024-10,Urea,2372.9,1699.8,2024-10-15,2024-11-17,33,3277,0.519
5,182,2024-10,Kieserite,1779.7,1689.4,2024-10-15,2024-10-15,0,3277,0.516
5,182,2024-10,Borate,222.5,180.2,2024-10-15,2024-11-14,30,3277,0.055
5,182,2025-03,NPK 12-12-17-2,9639.8,8378.0,2025-03-15,2025-05-01,47,3277,2.557
5,182,2025-03,Urea,2372.9,2039.2,2025-03-15,2025-03-15,0,3277,0.622
5,182,2025-03,Kieserite,1779.7,1487.2,2025-03-15,2025-03-15,0,3277,0.454
5,182,2025-03,Borate,222.5,214.1,2025-03-15,2025-05-10,56,3277,0.065
5,184,2024-10,NPK 12-12-17-2,8518.3,8773.2,2024-10-15,2024-10-15,0,2615,3.355
5,184,2024-10,Urea,2096.8,1473.4,2024-10-15,2024-10-24,9,2615,0.563
5,184,2024-10,Kieserite,1572.6,1407.8,2024-10-15,2024-11-08,24,2615,0.538
5,184,2024-10,Borate,196.6,178.2,2024-10-15,2024-10-23,8,2615,0.068
5,184,2025-03,NPK 12-12-17-2,8518.3,7862.2,2025-03-15,2025-03-15,0,2615,3.007
5,184,2025-03,Urea,2096.8,1478.6,2025-03-15,2025-04-27,43,2615,0.565
5,184,2025-03,Kieserite,1572.6,1732.1,2025-03-15,2025-03-15,0,2615,0.662
5,184,2025-03,Borate,196.6,150.1,2025-03-15,2025-03-15,0,2615,0.057
5,185,2024-10,NPK 12-12-17-2,12579.4,13356.3,2024-10-15,2024-10-16,1,3823,3.494
5,185,2024-10,Urea,3096.5,2313.9,2024-10-15,2024-10-15,0,3823,0.605
5,185,2024-10,Kieserite,2322.4,2287.8,2024-10-15,2024-10-20,5,3823,0.598
5,185,2024-10,Borate,290.3,278.4,2024-10-15,2024-12-29,75,3823,0.073
5,185,2025-03,NPK 12-12-17-2,12579.4,10240.5,2025-03-15,2025-04-02,18,3823,2.679
5,185,2025-03,Urea,3096.5,3468.1,2025-03-15,2025-03-15,0,3823,0.907
5,185,2025-03,Kieserite,2322.4,1582.9,2025-03-15,2025-04-06,22,3823,0.414
5,185,2025-03,Borate,290.3,325.1,2025-03-15,2025-04-18,34,3823,0.085
5,186,2024-10,NPK 12-12-17-2,12680.2,10245.1,2024-10-15,2024-10-15,0,3810,2.689
5,186,2024-10,Urea,3121.3,2455.3,2024-10-15,2024-11-21,37,3810,0.644
5,186,2024-10,Kieserite,2341.0,2525.6,2024-10-15,2024-11-29,45,3810,0.663
5,186,2024-10,Borate,292.6,240.5,2024-10-15,2024-10-19,4,3810,0.063
5,186,2025-03,NPK 12-12-17-2,12680.2,9314.1,2025-03-15,2025-04-28,44,3810,2.445
5,186,2025-03,Urea,3121.3,1694.6,2025-03-15,2025-03-15,0,3810,0.445
5,186,2025-03,Kieserite,2341.0,1745.6,2025-03-15,2025-04-04,20,3810,0.458
5,186,2025-03,Borate,292.6,295.7,2025-03-15,2025-03-15,0,3810,0.078
5,187,2024-10,NPK 12-12-17-2,14839.2,10272.3,2024-10-15,2024-11-17,33,4350,2.361
5,187,2024-10,Urea,3652.7,3916.7,2024-10-15,2024-10-27,12,4350,0.9
5,187,2024-10,Kieserite,2739.5,2100.7,2024-10-15,2024-11-07,23,4350,0.483
5,187,2024-10,Borate,342.4,277.6,2024-10-15,2024-11-22,38,4350,0.064
5,187,2025-03,NPK 12-12-17-2,14839.2,16619.9,2025-03-15,2025-05-05,51,4350,3.821
5,187,2025-03,Urea,3652.7,2908.5,2025-03-15,2025-04-29,45,4350,0.669
5,187,2025-03,Kieserite,2739.5,2420.1,2025-03-15,2025-03-15,0,4350,0.556
5,187,2025-03,Borate,342.4,324.0,2025-03-15,2025-03-17,2,4350,0.074
5,188,2024-10,NPK 12-12-17-2,14222.1,12055.6,2024-10-15,2024-11-05,21,4256,2.833
5,188,2024-10,Urea,3500.8,1648.8,2024-10-15,2024-10-17,2,4256,0.387
5,188,2024-10,Kieserite,2625.6,2783.1,2024-10-15,2024-10-15,0,4256,0.654
5,188,2024-10,Borate,328.2,261.6,2024-10-15,2024-10-25,10,4256,0.061
5,188,2025-03,NPK 12-12-17-2,14222.1,12450.9,2025-03-15,2025-05-21,67,4256,2.925
5,188,2025-03,Urea,3500.8,2345.3,2025-03-15,2025-04-24,40,4256,0.551
5,188,2025-03,Kieserite,2625.6,2940.7,2025-03-15,2025-03-19,4,4256,0.691
5,188,2025-03,Borate,328.2,188.4,2025-03-15,2025-04-28,44,4256,0.044
5,189,2024-10,NPK 12-12-17-2,17280.6,18728.0,2024-10-15,2024-11-07,23,5082,3.685
5,189,2024-10,Urea,4253.7,3830.1,2024-10-15,2024-10-15,0,5082,0.754
5,189,2024-10,Kieserite,3190.3,3573.1,2024-10-15,2024-10-15,0,5082,0.703
5,189,2024-10,Borate,398.8,307.9,2024-10-15,2024-10-20,5,5082,0.061
5,189,2025-03,NPK 12-12-17-2,17280.6,17319.6,2025-03-15,2025-03-27,12,5082,3.408
5,189,2025-03,Urea,4253.7,2894.4,2025-03-15,2025-04-17,33,5082,0.57
5,189,2025-03,Kieserite,3190.3,2923.9,2025-03-15,2025-04-08,24,5082,0.575
5,189,2025-03,Borate,398.8,348.6,2025-03-15,2025-03-15,0,5082,0.069
5,190,2024-10,NPK 12-12-17-2,12200.3,11619.5,2024-10-15,2024-10-15,0,4128,2.815
5,190,2024-10,Urea,3003.2,2118.7,2024-10-15,2024-11-23,39,4128,0.513
5,190,2024-10,Kieserite,2252.4,1991.4,2024-10-15,2024-10-15,0,4128,0.482
5,190,2024-10,Borate,281.5,253.3,2024-10-15,2024-11-24,40,4128,0.061
5,190,2025-03,NPK 12-12-17-2,12200.3,10650.2,2025-03-15,2025-03-30,15,4128,2.58
5,190,2025-03,Urea,3003.2,3167.1,2025-03-15,2025-03-15,0,4128,0.767
5,190,2025-03,Kieserite,2252.4,2178.4,2025-03-15,2025-04-02,18,4128,0.528
5,190,2025-03,Borate,281.5,315.3,2025-03-15,2025-04-14,30,4128,0.076
5,192,2024-10,NPK 12-12-17-2,5151.2,4959.4,2024-10-15,2024-10-23,8,1558,3.183
5,192,2024-10,Urea,1268.0,1043.1,2024-10-15,2024-12-13,59,1558,0.669
5,192,2024-10,Kieserite,951.0,749.3,2024-10-15,2024-12-07,53,1558,0.481
5,192,2024-10,Borate,118.9,121.8,2024-10-15,2024-11-25,41,1558,0.078
5,192,2025-03,NPK 12-12-17-2,5151.2,4952.8,2025-03-15,2025-03-19,4,1558,3.179
5,192,2025-03,Urea,1268.0,1218.1,2025-03-15,2025-03-26,11,1558,0.782
5,192,2025-03,Kieserite,951.0,907.2,2025-03-15,2025-03-15,0,1558,0.582
5,192,2025-03,Borate,118.9,105.8,2025-03-15,2025-03-21,6,1558,0.068
5,193,2024-10,NPK 12-12-17-2,13316.0,13131.4,2024-10-15,2024-10-22,7,4116,3.19
5,193,2024-10,Urea,3277.8,3429.9,2024-10-15,2024-12-11,57,4116,0.833
5,193,2024-10,Kieserite,2458.3,1869.3,2024-10-15,2024-11-19,35,4116,0.454
5,193,2024-10,Borate,307.3,344.2,2024-10-15,2024-11-20,36,4116,0.084
5,193,2025-03,NPK 12-12-17-2,13316.0,14268.4,2025-03-15,2025-05-12,58,4116,3.467
5,193,2025-03,Urea,3277.8,3600.1,2025-03-15,2025-03-22,7,4116,0.875
5,193,2025-03,Kieserite,2458.3,2462.9,2025-03-15,2025-03-15,0,4116,0.598
5,193,2025-03,Borate,307.3,252.4,2025-03-15,2025-04-05,21,4116,0.061
5,194,2024-10,NPK 12-12-17-2,12936.2,12717.7,2024-10-15,2024-12-01,47,4121,3.086
5,194,2024-10,Urea,3184.3,2710.9,2024-10-15,2024-11-12,28,4121,0.658
5,194,2024-10,Kieserite,2388.2,2276.4,2024-10-15,2024-12-17,63,4121,0.552
5,194,2024-10,Borate,298.5,284.6,2024-10-15,2024-10-15,0,4121,0.069
5,194,2025-03,NPK 12-12-17-2,12936.2,12050.2,2025-03-15,2025-04-20,36,4121,2.924
5,194,2025-03,Urea,3184.3,1664.8,2025-03-15,2025-04-27,43,4121,0.404
5,194,2025-03,Kieserite,2388.2,1932.6,2025-03-15,2025-03-23,8,4121,0.469
5,194,2025-03,Borate,298.5,221.7,2025-03-15,2025-05-03,49,4121,0.054
5,195,2024-10,NPK 12-12-17-2,12587.7,10268.0,2024-10-15,2024-10-15,0,3968,2.588
5,195,2024-10,Urea,3098.5,3027.1,2024-10-15,2024-11-28,44,3968,0.763
5,195,2024-10,Kieserite,2323.9,2602.7,2024-10-15,2024-10-15,0,3968,0.656
5,195,2024-10,Borate,290.5,232.2,2024-10-15,2024-11-15,31,3968,0.059
5,195,2025-03,NPK 12-12-17-2,12587.7,7575.9,2025-03-15,2025-04-12,28,3968,1.909
5,195,2025-03,Urea,3098.5,3266.9,2025-03-15,2025-04-11,27,3968,0.823
5,195,2025-03,Kieserite,2323.9,1521.1,2025-03-15,2025-04-12,28,3968,0.383
5,195,2025-03,Borate,290.5,243.9,2025-03-15,2025-03-17,2,3968,0.061
5,196,2024-10,NPK 12-12-17-2,15170.0,14847.0,2024-10-15,2024-10-24,9,4531,3.277
5,196,2024-10,Urea,3734.1,2814.7,2024-10-15,2024-12-18,64,4531,0.621
5,196,2024-10,Kieserite,2800.6,1670.1,2024-10-15,2024-10-22,7,4531,0.369
5,196,2024-10,Borate,350.1,286.0,2024-10-15,2024-10-15,0,4531,0.063
5,196,2025-03,NPK 12-12-17-2,15170.0,11697.5,2025-03-15,2025-04-11,27,4531,2.582
5,196,2025-03,Urea,3734.1,3305.8,2025-03-15,2025-04-25,41,4531,0.73
5,196,2025-03,Kieserite,2800.6,2148.0,2025-03-15,2025-04-29,45,4531,0.474
5,196,2025-03,Borate,350.1,326.1,2025-03-15,2025-04-02,18,4531,0.072
5,197,2024-10,NPK 12-12-17-2,13862.1,9918.3,2024-10-15,2024-10-26,11,4215,2.353
5,197,2024-10,Urea,3412.2,2526.6,2024-10-15,2024-10-27,12,4215,0.599
5,197,2024-10,Kieserite,2559.2,2866.3,2024-10-15,2024-11-11,27,4215,0.68
5,197,2024-10,Borate,319.9,257.3,2024-10-15,2024-10-29,14,4215,0.061
5,197,2025-03,NPK 12-12-17-2,13862.1,13579.1,2025-03-15,2025-04-14,30,4215,3.222
5,197,2025-03,Urea,3412.2,3236.0,2025-03-15,2025-04-29,45,4215,0.768
5,197,2025-03,Kieserite,2559.2,2866.3,2025-03-15,2025-03-15,0,4215,0.68
5,197,2025-03,Borate,319.9,318.5,2025-03-15,2025-04-25,41,4215,0.076
5,198,2024-10,NPK 12-12-17-2,4160.2,3321.8,2024-10-15,2024-10-27,12,1407,2.361
5,198,2024-10,Urea,1024.0,902.8,2024-10-15,2024-10-15,0,1407,0.642
5,198,2024-10,Kieserite,768.0,860.2,2024-10-15,2024-11-07,23,1407,0.611
5,198,2024-10,Borate,96.0,81.0,2024-10-15,2024-10-15,0,1407,0.058
5,198,2025-03,NPK 12-12-17-2,4160.2,3067.1,2025-03-15,2025-03-15,0,1407,2.18
5,198,2025-03,Urea,1024.0,977.5,2025-03-15,2025-03-15,0,1407,0.695
5,198,2025-03,Kieserite,768.0,860.2,2025-03-15,2025-04-16,32,1407,0.611
5,198,2025-03,Borate,96.0,60.1,2025-03-15,2025-04-17,33,1407,0.043
5,199,2024-10,NPK 12-12-17-2,7794.9,4916.2,2024-10-15,2024-11-15,31,2478,1.984
5,199,2024-10,Urea,1918.7,1480.4,2024-10-15,2024-11-17,33,2478,0.597
5,199,2024-10,Kieserite,1439.1,1426.2,2024-10-15,2024-10-15,0,2478,0.576
5,199,2024-10,Borate,179.9,120.8,2024-10-15,2024-10-20,5,2478,0.049
5,199,2025-03,NPK 12-12-17-2,7794.9,6027.6,2025-03-15,2025-03-15,0,2478,2.432
5,199,2025-03,Urea,1918.7,1291.7,2025-03-15,2025-03-16,1,2478,0.521
5,199,2025-03,Kieserite,1439.1,1316.9,2025-03-15,2025-03-31,16,2478,0.531
5,199,2025-03,Borate,179.9,142.4,2025-03-15,2025-03-15,0,2478,0.057
5,200,2024-10,NPK 12-12-17-2,9236.2,6199.8,2024-10-15,2024-11-01,17,2888,2.147
5,200,2024-10,Urea,2273.5,1877.6,2024-10-15,2024-11-17,33,2888,0.65
5,200,2024-10,Kieserite,1705.1,1801.5,2024-10-15,2024-10-23,8,2888,0.624
5,200,2024-10,Borate,213.1,177.0,2024-10-15,2024-11-14,30,2888,0.061
5,200,2025-03,NPK 12-12-17-2,9236.2,9284.9,2025-03-15,2025-03-21,6,2888,3.215
5,200,2025-03,Urea,2273.5,1776.9,2025-03-15,2025-04-15,31,2888,0.615
5,200,2025-03,Kieserite,1705.1,1849.1,2025-03-15,2025-03-15,0,2888,0.64
5,200,2025-03,Borate,213.1,221.6,2025-03-15,2025-04-20,36,2888,0.077
5,201,2024-10,NPK 12-12-17-2,18921.5,16175.6,2024-10-15,2024-12-03,49,5218,3.1
5,201,2024-10,Urea,4657.6,3704.9,2024-10-15,2024-10-15,0,5218,0.71
5,201,2024-10,Kieserite,3493.2,3629.3,2024-10-15,2024-11-03,19,5218,0.696
5,201,2024-10,Borate,436.7,436.2,2024-10-15,2024-11-22,38,5218,0.084
5,201,2025-03,NPK 12-12-17-2,18921.5,21160.9,2025-03-15,2025-03-15,0,5218,4.055
5,201,2025-03,Urea,4657.6,4037.5,2025-03-15,2025-03-15,0,5218,0.774
5,201,2025-03,Kieserite,3493.2,3684.7,2025-03-15,2025-04-08,24,5218,0.706
5,201,2025-03,Borate,436.7,461.1,2025-03-15,2025-05-21,67,5218,0.088
5,202,2024-10,NPK 12-12-17-2,13442.6,12126.5,2024-10-15,2024-10-30,15,4242,2.859
5,202,2024-10,Urea,3308.9,3315.8,2024-10-15,2024-10-15,0,4242,0.782
5,202,2024-10,Kieserite,2481.7,2573.8,2024-10-15,2024-10-15,0,4242,0.607
5,202,2024-10,Borate,310.2,189.2,2024-10-15,2024-10-15,0,4242,0.045
5,202,2025-03,NPK 12-12-17-2,13442.6,11321.3,2025-03-15,2025-05-02,48,4242,2.669
5,202,2025-03,Urea,3308.9,3706.0,2025-03-15,2025-03-15,0,4242,0.874
5,202,2025-03,Kieserite,2481.7,2134.1,2025-03-15,2025-05-02,48,4242,0.503
5,202,2025-03,Borate,310.2,317.5,2025-03-15,2025-03-15,0,4242,0.075
5,373,2024-10,NPK 12-12-17-2,1753.6,1407.0,2024-10-15,2024-10-28,13,472,2.981
5,373,2024-10,Urea,431.7,475.9,2024-10-15,2024-10-21,6,472,1.008
5,373,2024-10,Kieserite,323.7,266.9,2024-10-15,2024-10-28,13,472,0.566
5,373,2024-10,Borate,40.5,31.3,2024-10-15,2024-10-15,0,472,0.066
5,373,2025-03,NPK 12-12-17-2,1753.6,1460.2,2025-03-15,2025-03-15,0,472,3.094
5,373,2025-03,Urea,431.7,424.2,2025-03-15,2025-03-27,12,472,0.899
5,373,2025-03,Kieserite,323.7,282.4,2025-03-15,2025-04-26,42,472,0.598
5,373,2025-03,Borate,40.5,29.9,2025-03-15,2025-04-18,34,472,0.063
6,203,2024-10,NPK 12-12-17-2,21505.6,18834.6,2024-10-15,2024-12-29,75,6142,3.067
6,203,2024-10,Urea,5293.7,4018.9,2024-10-15,2024-11-10,26,6142,0.654
6,203,2024-10,Kieserite,3970.3,4446.7,2024-10-15,2024-10-18,3,6142,0.724
6,203,2024-10,Borate,496.3,454.4,2024-10-15,2024-10-15,0,6142,0.074
6,203,2025-03,NPK 12-12-17-2,21505.6,22028.4,2025-03-15,2025-05-25,71,6142,3.587
6,203,2025-03,Urea,5293.7,3955.6,2025-03-15,2025-04-16,32,6142,0.644
6,203,2025-03,Kieserite,3970.3,3192.5,2025-03-15,2025-05-04,50,6142,0.52
6,203,2025-03,Borate,496.3,319.8,2025-03-15,2025-03-26,11,6142,0.052
6,204,2024-10,NPK 12-12-17-2,15239.2,10856.0,2024-10-15,2024-11-08,24,4638,2.341
6,204,2024-10,Urea,3751.2,4201.3,2024-10-15,2024-10-15,0,4638,0.906
6,204,2024-10,Kieserite,2813.4,2718.6,2024-10-15,2024-10-15,0,4638,0.586
6,204,2024-10,Borate,351.7,291.5,2024-10-15,2024-11-28,44,4638,0.063
6,204,2025-03,NPK 12-12-17-2,15239.2,15346.8,2025-03-15,2025-03-15,0,4638,3.309
6,204,2025-03,Urea,3751.2,4194.5,2025-03-15,2025-03-15,0,4638,0.904
6,204,2025-03,Kieserite,2813.4,2690.4,2025-03-15,2025-03-30,15,4638,0.58
6,204,2025-03,Borate,351.7,332.9,2025-03-15,2025-03-22,7,4638,0.072
6,205,2024-10,NPK 12-12-17-2,11235.8,11002.5,2024-10-15,2024-11-28,44,3432,3.206
6,205,2024-10,Urea,2765.7,2105.9,2024-10-15,2024-11-02,18,3432,0.614
6,205,2024-10,Kieserite,2074.3,2323.2,2024-10-15,2024-10-18,3,3432,0.677
6,205,2024-10,Borate,259.3,278.0,2024-10-15,2024-10-18,3,3432,0.081
6,205,2025-03,NPK 12-12-17-2,11235.8,11410.6,2025-03-15,2025-03-15,0,3432,3.325
6,205,2025-03,Urea,2765.7,2831.9,2025-03-15,2025-04-12,28,3432,0.825
6,205,2025-03,Kieserite,2074.3,1764.8,2025-03-15,2025-03-23,8,3432,0.514
6,205,2025-03,Borate,259.3,225.4,2025-03-15,2025-04-17,33,3432,0.066
6,206,2024-10,NPK 12-12-17-2,11227.4,9411.8,2024-10-15,2024-10-15,0,3368,2.794
6,206,2024-10,Urea,2763.7,1407.1,2024-10-15,2024-10-15,0,3368,0.418
6,206,2024-10,Kieserite,2072.8,2136.7,2024-10-15,2024-11-02,18,3368,0.634
6,206,2024-10,Borate,259.1,242.6,2024-10-15,2024-11-21,37,3368,0.072
6,206,2025-03,NPK 12-12-17-2,11227.4,6436.3,2025-03-15,2025-03-15,0,3368,1.911
6,206,2025-03,Urea,2763.7,2598.7,2025-03-15,2025-04-30,46,3368,0.772
6,206,2025-03,Kieserite,2072.8,2321.5,2025-03-15,2025-03-15,0,3368,0.689
6,206,2025-03,Borate,259.1,275.4,2025-03-15,2025-04-01,17,3368,0.082
6,207,2024-10,NPK 12-12-17-2,12913.3,9104.6,2024-10-15,2024-10-26,11,3903,2.333
6,207,2024-10,Urea,3178.7,2701.5,2024-10-15,2024-11-15,31,3903,0.692
6,207,2024-10,Kieserite,2384.0,2670.1,2024-10-15,2024-11-16,32,3903,0.684
6,207,2024-10,Borate,298.0,265.8,2024-10-15,2024-10-15,0,3903,0.068
6,207,2025-03,NPK 12-12-17-2,12913.3,12099.8,2025-03-15,2025-03-17,2,3903,3.1
6,207,2025-03,Urea,3178.7,2084.7,2025-03-15,2025-03-20,5,3903,0.534
6,207,2025-03,Kieserite,2384.0,2369.8,2025-03-15,2025-03-15,0,3903,0.607
6,207,2025-03,Borate,298.0,306.0,2025-03-15,2025-04-10,26,3903,0.078
6,208,2024-10,NPK 12-12-17-2,12401.5,9554.2,2024-10-15,2024-10-28,13,3458,2.763
6,208,2024-10,Urea,3052.7,1869.5,2024-10-15,2024-11-02,18,3458,0.541
6,208,2024-10,Kieserite,2289.5,2564.3,2024-10-15,2024-12-16,62,3458,0.742
6,208,2024-10,Borate,286.2,256.2,2024-10-15,2024-10-15,0,3458,0.074
6,208,2025-03,NPK 12-12-17-2,12401.5,10585.8,2025-03-15,2025-03-15,0,3458,3.061
6,208,2025-03,Urea,3052.7,2754.9,2025-03-15,2025-03-15,0,3458,0.797
6,208,2025-03,Kieserite,2289.5,2083.4,2025-03-15,2025-03-17,2,3458,0.602
6,208,2025-03,Borate,286.2,245.5,2025-03-15,2025-03-31,16,3458,0.071
6,209,2024-10,NPK 12-12-17-2,12255.5,8128.1,2024-10-15,2024-10-17,2,3465,2.346
6,209,2024-10,Urea,3016.7,2546.7,2024-10-15,2024-11-21,37,3465,0.735
6,209,2024-10,Kieserite,2262.6,1970.4,2024-10-15,2024-10-20,5,3465,0.569
6,209,2024-10,Borate,282.8,316.8,2024-10-15,2024-12-14,60,3465,0.091
6,209,2025-03,NPK 12-12-17-2,12255.5,6886.3,2025-03-15,2025-04-14,30,3465,1.987
6,209,2025-03,Urea,3016.7,1933.4,2025-03-15,2025-04-02,18,3465,0.558
6,209,2025-03,Kieserite,2262.6,2332.6,2025-03-15,2025-04-30,46,3465,0.673
6,209,2025-03,Borate,282.8,262.8,2025-03-15,2025-04-05,21,3465,0.076
6,210,2024-10,NPK 12-12-17-2,14752.7,16523.0,2024-10-15,2024-11-05,21,4466,3.7
6,210,2024-10,Urea,3631.4,3172.0,2024-10-15,2024-10-22,7,4466,0.71
6,210,2024-10,Kieserite,2723.6,2064.0,2024-10-15,2024-10-24,9,4466,0.462
6,210,2024-10,Borate,340.4,381.3,2024-10-15,2024-11-22,38,4466,0.085
6,210,2025-03,NPK 12-12-17-2,14752.7,15892.6,2025-03-15,2025-04-27,43,4466,3.559
6,210,2025-03,Urea,3631.4,2259.7,2025-03-15,2025-03-22,7,4466,0.506
6,210,2025-03,Kieserite,2723.6,2186.3,2025-03-15,2025-04-17,33,4466,0.49
6,210,2025-03,Borate,340.4,338.7,2025-03-15,2025-03-15,0,4466,0.076
6,211,2024-10,NPK 12-12-17-2,12287.8,10722.0,2024-10-15,2024-10-27,12,3859,2.778
6,211,2024-10,Urea,3024.7,2687.6,2024-10-15,2024-10-15,0,3859,0.696
6,211,2024-10,Kieserite,2268.5,1037.3,2024-10-15,2024-12-02,48,3859,0.269
6,211,2024-10,Borate,283.6,300.1,2024-10-15,2024-11-03,19,3859,0.078
6,211,2025-03,NPK 12-12-17-2,12287.8,7849.0,2025-03-15,2025-03-29,14,3859,2.034
6,211,2025-03,Urea,3024.7,2901.8,2025-03-15,2025-04-20,36,3859,0.752
6,211,2025-03,Kieserite,2268.5,2261.9,2025-03-15,2025-03-25,10,3859,0.586
6,211,2025-03,Borate,283.6,186.2,2025-03-15,2025-03-20,5,3859,0.048
6,212,2024-10,NPK 12-12-17-2,12127.1,9897.3,2024-10-15,2024-12-02,48,3842,2.576
6,212,2024-10,Urea,2985.1,3056.4,2024-10-15,2024-10-15,0,3842,0.796
6,212,2024-10,Kieserite,2238.8,1924.1,2024-10-15,2024-11-28,44,3842,0.501
6,212,2024-10,Borate,279.9,246.9,2024-10-15,2024-10-15,0,3842,0.064
6,212,2025-03,NPK 12-12-17-2,12127.1,11889.3,2025-03-15,2025-04-11,27,3842,3.095
6,212,2025-03,Urea,2985.1,2687.7,2025-03-15,2025-03-15,0,3842,0.7
6,212,2025-03,Kieserite,2238.8,1519.0,2025-03-15,2025-03-15,0,3842,0.395
6,212,2025-03,Borate,279.9,227.0,2025-03-15,2025-03-28,13,3842,0.059
6,213,2024-10,NPK 12-12-17-2,12906.5,10650.5,2024-10-15,2024-10-15,0,3897,2.733
6,213,2024-10,Urea,3177.0,2280.0,2024-10-15,2024-11-12,28,3897,0.585
6,213,2024-10,Kieserite,2382.7,2524.5,2024-10-15,2024-10-15,0,3897,0.648
6,213,2024-10,Borate,297.8,320.5,2024-10-15,2024-11-14,30,3897,0.082
6,213,2025-03,NPK 12-12-17-2,12906.5,10356.9,2025-03-15,2025-04-02,18,3897,2.658
6,213,2025-03,Urea,3177.0,3558.2,2025-03-15,2025-03-15,0,3897,0.913
6,213,2025-03,Kieserite,2382.7,2204.4,2025-03-15,2025-03-15,0,3897,0.566
6,213,2025-03,Borate,297.8,263.8,2025-03-15,2025-04-03,19,3897,0.068
6,214,2024-10,NPK 12-12-17-2,15622.3,16728.7,2024-10-15,2024-10-15,0,4523,3.699
6,214,2024-10,Urea,3845.5,3406.1,2024-10-15,2024-10-15,0,4523,0.753
6,214,2024-10,Kieserite,2884.1,2470.2,2024-10-15,2024-10-27,12,4523,0.546
6,214,2024-10,Borate,360.5,343.8,2024-10-15,2024-11-19,35,4523,0.076
6,214,2025-03,NPK 12-12-17-2,15622.3,11349.3,2025-03-15,2025-04-24,40,4523,2.509
6,214,2025-03,Urea,3845.5,3034.6,2025-03-15,2025-04-11,27,4523,0.671
6,214,2025-03,Kieserite,2884.1,3221.4,2025-03-15,2025-03-15,0,4523,0.712
6,214,2025-03,Borate,360.5,358.2,2025-03-15,2025-03-15,0,4523,0.079
6,215,2024-10,NPK 12-12-17-2,13398.0,9953.5,2024-10-15,2024-12-02,48,4069,2.446
6,215,2024-10,Urea,3298.0,3002.8,2024-10-15,2024-11-16,32,4069,0.738
6,215,2024-10,Kieserite,2473.5,2172.5,2024-10-15,2024-12-16,62,4069,0.534
6,215,2024-10,Borate,309.2,246.4,2024-10-15,2024-10-16,1,4069,0.061
6,215,2025-03,NPK 12-12-17-2,13398.0,9952.5,2025-03-15,2025-03-15,0,4069,2.446
6,215,2025-03,Urea,3298.0,1835.6,2025-03-15,2025-04-14,30,4069,0.451
6,215,2025-03,Kieserite,2473.5,1319.9,2025-03-15,2025-04-09,25,4069,0.324
6,215,2025-03,Borate,309.2,188.2,2025-03-15,2025-03-15,0,4069,0.046
6,216,2024-10,NPK 12-12-17-2,14181.6,14349.6,2024-10-15,2024-10-16,1,4164,3.446
6,216,2024-10,Urea,3490.8,3155.0,2024-10-15,2024-10-15,0,4164,0.758
6,216,2024-10,Kieserite,2618.1,1847.1,2024-10-15,2024-10-15,0,4164,0.444
6,216,2024-10,Borate,327.3,298.0,2024-10-15,2024-10-15,0,4164,0.072
6,216,2025-03,NPK 12-12-17-2,14181.6,12087.9,2025-03-15,2025-05-05,51,4164,2.903
6,216,2025-03,Urea,3490.8,2221.4,2025-03-15,2025-04-05,21,4164,0.533
6,216,2025-03,Kieserite,2618.1,2530.3,2025-03-15,2025-03-15,0,4164,0.608
6,216,2025-03,Borate,327.3,351.4,2025-03-15,2025-04-17,33,4164,0.084
6,222,2024-10,NPK 12-12-17-2,13600.3,9517.5,2024-10-15,2024-10-15,0,3851,2.471
6,222,2024-10,Urea,3347.8,3215.0,2024-10-15,2024-10-17,2,3851,0.835
6,222,2024-10,Kieserite,2510.8,2812.1,2024-10-15,2024-10-21,6,3851,0.73
6,222,2024-10,Borate,313.9,299.9,2024-10-15,2024-11-02,18,3851,0.078
6,222,2025-03,NPK 12-12-17-2,13600.3,9874.8,2025-03-15,2025-04-03,19,3851,2.564
6,222,2025-03,Urea,3347.8,3067.0,2025-03-15,2025-03-27,12,3851,0.796
6,222,2025-03,Kieserite,2510.8,1615.9,2025-03-15,2025-03-25,10,3851,0.42
6,222,2025-03,Borate,313.9,281.3,2025-03-15,2025-03-15,0,3851,0.073
6,223,2024-10,NPK 12-12-17-2,12804.8,8905.2,2024-10-15,2024-10-15,0,3914,2.275
6,223,2024-10,Urea,3152.0,2366.1,2024-10-15,2024-12-05,51,3914,0.605
6,223,2024-10,Kieserite,2364.0,1617.1,2024-10-15,2024-10-15,0,3914,0.413
6,223,2024-10,Borate,295.5,216.7,2024-10-15,2024-11-06,22,3914,0.055
6,223,2025-03,NPK 12-12-17-2,12804.8,10057.6,2025-03-15,2025-03-16,1,3914,2.57
6,223,2025-03,Urea,3152.0,2022.0,2025-03-15,2025-04-05,21,3914,0.517
6,223,2025-03,Kieserite,2364.0,1758.5,2025-03-15,2025-03-15,0,3914,0.449
6,223,2025-03,Borate,295.5,236.4,2025-03-15,2025-04-07,23,3914,0.06
6,230,2024-10,NPK 12-12-17-2,12358.9,10047.2,2024-10-15,2024-10-15,0,3775,2.662
6,230,2024-10,Urea,3042.2,2939.6,2024-10-15,2024-11-11,27,3775,0.779
6,230,2024-10,Kieserite,2281.6,2315.5,2024-10-15,2024-11-05,21,3775,0.613
6,230,2024-10,Borate,285.2,264.6,2024-10-15,2024-11-06,22,3775,0.07
6,230,2025-03,NPK 12-12-17-2,12358.9,4781.4,2025-03-15,2025-04-10,26,3775,1.267
6,230,2025-03,Urea,3042.2,1862.4,2025-03-15,2025-03-15,0,3775,0.493
6,230,2025-03,Kieserite,2281.6,1747.5,2025-03-15,2025-04-24,40,3775,0.463
6,230,2025-03,Borate,285.2,225.7,2025-03-15,2025-03-25,10,3775,0.06
6,245,2024-10,NPK 12-12-17-2,13199.3,8165.2,2024-10-15,2024-11-10,26,3819,2.138
6,245,2024-10,Urea,3249.1,3594.6,2024-10-15,2024-11-17,33,3819,0.941
6,245,2024-10,Kieserite,2436.8,2523.4,2024-10-15,2024-10-15,0,3819,0.661
6,245,2024-10,Borate,304.6,276.5,2024-10-15,2024-11-11,27,3819,0.072
6,245,2025-03,NPK 12-12-17-2,13199.3,14783.2,2025-03-15,2025-03-31,16,3819,3.871
6,245,2025-03,Urea,3249.1,3638.9,2025-03-15,2025-04-11,27,3819,0.953
6,245,2025-03,Kieserite,2436.8,2568.7,2025-03-15,2025-03-15,0,3819,0.673
6,245,2025-03,Borate,304.6,313.8,2025-03-15,2025-05-04,50,3819,0.082
6,246,2024-10,NPK 12-12-17-2,10100.8,6311.2,2024-10-15,2024-10-15,0,2825,2.234
6,246,2024-10,Urea,2486.4,2295.7,2024-10-15,2024-12-07,53,2825,0.813
6,246,2024-10,Kieserite,1864.8,1774.1,2024-10-15,2024-12-03,49,2825,0.628
6,246,2024-10,Borate,233.1,160.7,2024-10-15,2024-11-07,23,2825,0.057
6,246,2025-03,NPK 12-12-17-2,10100.8,7376.9,2025-03-15,2025-03-26,11,2825,2.611
6,246,2025-03,Urea,2486.4,2375.1,2025-03-15,2025-04-17,33,2825,0.841
6,246,2025-03,Kieserite,1864.8,2059.5,2025-03-15,2025-04-02,18,2825,0.729
6,246,2025-03,Borate,233.1,212.9,2025-03-15,2025-03-15,0,2825,0.075
6,247,2024-10,NPK 12-12-17-2,7045.7,7891.2,2024-10-15,2024-10-15,0,2012,3.922
6,247,2024-10,Urea,1734.3,1309.8,2024-10-15,2024-10-25,10,2012,0.651
6,247,2024-10,Kieserite,1300.7,976.9,2024-10-15,2024-11-07,23,2012,0.486
6,247,2024-10,Borate,162.6,166.2,2024-10-15,2024-11-20,36,2012,0.083
6,247,2025-03,NPK 12-12-17-2,7045.7,5042.6,2025-03-15,2025-04-08,24,2012,2.506
6,247,2025-03,Urea,1734.3,1662.9,2025-03-15,2025-05-06,52,2012,0.826
6,247,2025-03,Kieserite,1300.7,666.1,2025-03-15,2025-03-15,0,2012,0.331
6,247,2025-03,Borate,162.6,137.6,2025-03-15,2025-03-15,0,2012,0.068
6,248,2024-10,NPK 12-12-17-2,15186.3,12504.2,2024-10-15,2024-10-15,0,4222,2.962
6,248,2024-10,Urea,3738.2,3357.8,2024-10-15,2024-10-28,13,4222,0.795
6,248,2024-10,Kieserite,2803.6,2972.6,2024-10-15,2024-10-22,7,4222,0.704
6,248,2024-10,Borate,350.5,351.4,2024-10-15,2024-12-15,61,4222,0.083
6,248,2025-03,NPK 12-12-17-2,15186.3,9563.0,2025-03-15,2025-03-21,6,4222,2.265
6,248,2025-03,Urea,3738.2,3708.4,2025-03-15,2025-03-22,7,4222,0.878
6,248,2025-03,Kieserite,2803.6,2349.1,2025-03-15,2025-05-24,70,4222,0.556
6,248,2025-03,Borate,350.5,259.0,2025-03-15,2025-03-15,0,4222,0.061
6,249,2024-10,NPK 12-12-17-2,11889.1,7006.0,2024-10-15,2024-10-27,12,3487,2.009
6,249,2024-10,Urea,2926.6,3167.2,2024-10-15,2024-11-22,38,3487,0.908
6,249,2024-10,Kieserite,2194.9,1748.1,2024-10-15,2024-11-02,18,3487,0.501
6,249,2024-10,Borate,274.4,235.9,2024-10-15,2024-11-04,20,3487,0.068
6,249,2025-03,NPK 12-12-17-2,11889.1,9197.7,2025-03-15,2025-03-21,6,3487,2.638
6,249,2025-03,Urea,2926.6,2513.1,2025-03-15,2025-05-13,59,3487,0.721
6,249,2025-03,Kieserite,2194.9,1663.4,2025-03-15,2025-03-28,13,3487,0.477
6,249,2025-03,Borate,274.4,226.4,2025-03-15,2025-03-24,9,3487,0.065
6,250,2024-10,NPK 12-12-17-2,12038.2,9806.7,2024-10-15,2024-11-02,18,3470,2.826
6,250,2024-10,Urea,2963.3,2182.8,2024-10-15,2024-11-14,30,3470,0.629
6,250,2024-10,Kieserite,2222.4,1947.6,2024-10-15,2024-11-12,28,3470,0.561
6,250,2024-10,Borate,277.8,265.7,2024-10-15,2024-11-17,33,3470,0.077
6,250,2025-03,NPK 12-12-17-2,12038.2,10971.0,2025-03-15,2025-03-23,8,3470,3.162
6,250,2025-03,Urea,2963.3,2985.0,2025-03-15,2025-03-21,6,3470,0.86
6,250,2025-03,Kieserite,2222.4,2400.6,2025-03-15,2025-04-13,29,3470,0.692
6,250,2025-03,Borate,277.8,308.0,2025-03-15,2025-03-31,16,3470,0.089
6,251,2024-10,NPK 12-12-17-2,11607.6,11357.1,2024-10-15,2024-11-08,24,3347,3.393
6,251,2024-10,Urea,2857.3,1981.3,2024-10-15,2024-10-15,0,3347,0.592
6,251,2024-10,Kieserite,2142.9,1677.9,2024-10-15,2024-11-14,30,3347,0.501
6,251,2024-10,Borate,267.9,227.2,2024-10-15,2024-11-09,25,3347,0.068
6,251,2025-03,NPK 12-12-17-2,11607.6,5117.7,2025-03-15,2025-03-31,16,3347,1.529
6,251,2025-03,Urea,2857.3,1779.9,2025-03-15,2025-04-20,36,3347,0.532
6,251,2025-03,Kieserite,2142.9,1793.9,2025-03-15,2025-03-15,0,3347,0.536
6,251,2025-03,Borate,267.9,300.0,2025-03-15,2025-04-03,19,3347,0.09
6,252,2024-10,NPK 12-12-17-2,13376.9,12815.7,2024-10-15,2024-11-08,24,4169,3.074
6,252,2024-10,Urea,3292.8,2779.5,2024-10-15,2024-10-15,0,4169,0.667
6,252,2024-10,Kieserite,2469.6,1825.3,2024-10-15,2024-10-25,10,4169,0.438
6,252,2024-10,Borate,308.7,327.3,2024-10-15,2024-11-26,42,4169,0.079
6,252,2025-03,NPK 12-12-17-2,13376.9,11892.6,2025-03-15,2025-03-15,0,4169,2.853
6,252,2025-03,Urea,3292.8,2169.2,2025-03-15,2025-03-15,0,4169,0.52
6,252,2025-03,Kieserite,2469.6,1781.5,2025-03-15,2025-04-19,35,4169,0.427
6,252,2025-03,Borate,308.7,260.9,2025-03-15,2025-03-15,0,4169,0.063
6,253,2024-10,NPK 12-12-17-2,8308.1,7953.8,2024-10-15,2024-11-27,43,2770,2.871
6,253,2024-10,Urea,2045.1,1510.6,2024-10-15,2024-12-12,58,2770,0.545
6,253,2024-10,Kieserite,1533.8,1531.3,2024-10-15,2024-10-15,0,2770,0.553
6,253,2024-10,Borate,191.7,184.2,2024-10-15,2024-11-16,32,2770,0.066
6,253,2025-03,NPK 12-12-17-2,8308.1,6603.5,2025-03-15,2025-03-15,0,2770,2.384
6,253,2025-03,Urea,2045.1,1355.7,2025-03-15,2025-04-30,46,2770,0.489
6,253,2025-03,Kieserite,1533.8,1679.3,2025-03-15,2025-04-27,43,2770,0.606
6,253,2025-03,Borate,191.7,166.7,2025-03-15,2025-04-13,29,2770,0.06
6,254,2024-10,NPK 12-12-17-2,8914.3,4170.7,2024-10-15,2024-11-23,39,2702,1.544
6,254,2024-10,Urea,2194.3,1587.6,2024-10-15,2024-10-15,0,2702,0.588
6,254,2024-10,Kieserite,1645.7,923.6,2024-10-15,2024-12-14,60,2702,0.342
6,254,2024-10,Borate,205.7,181.1,2024-10-15,2024-11-30,46,2702,0.067
6,254,2025-03,NPK 12-12-17-2,8914.3,8306.9,2025-03-15,2025-03-15,0,2702,3.074
6,254,2025-03,Urea,2194.3,1607.6,2025-03-15,2025-04-07,23,2702,0.595
6,254,2025-03,Kieserite,1645.7,960.0,2025-03-15,2025-03-18,3,2702,0.355
6,254,2025-03,Borate,205.7,124.9,2025-03-15,2025-04-03,19,2702,0.046
6,255,2024-10,NPK 12-12-17-2,14121.9,15816.6,2024-10-15,2024-10-18,3,3854,4.104
6,255,2024-10,Urea,3476.2,2438.7,2024-10-15,2024-10-16,1,3854,0.633
6,255,2024-10,Kieserite,2607.1,2670.8,2024-10-15,2024-11-12,28,3854,0.693
6,255,2024-10,Borate,325.9,359.3,2024-10-15,2024-11-11,27,3854,0.093
6,255,2025-03,NPK 12-12-17-2,14121.9,10745.8,2025-03-15,2025-04-11,27,3854,2.788
6,255,2025-03,Urea,3476.2,2011.2,2025-03-15,2025-04-10,26,3854,0.522
6,255,2025-03,Kieserite,2607.1,2402.1,2025-03-15,2025-05-03,49,3854,0.623
6,255,2025-03,Borate,325.9,220.0,2025-03-15,2025-03-18,3,3854,0.057
6,256,2024-10,NPK 12-12-17-2,15022.9,12042.4,2024-10-15,2024-11-10,26,3984,3.023
6,256,2024-10,Urea,3697.9,3655.3,2024-10-15,2024-11-16,32,3984,0.918
6,256,2024-10,Kieserite,2773.4,2937.2,2024-10-15,2024-10-25,10,3984,0.737
6,256,2024-10,Borate,346.7,388.3,2024-10-15,2024-10-15,0,3984,0.097
6,256,2025-03,NPK 12-12-17-2,15022.9,11949.9,2025-03-15,2025-03-15,0,3984,2.999
6,256,2025-03,Urea,3697.9,3242.6,2025-03-15,2025-03-15,0,3984,0.814
6,256,2025-03,Kieserite,2773.4,1581.4,2025-03-15,2025-05-12,58,3984,0.397
6,256,2025-03,Borate,346.7,338.5,2025-03-15,2025-03-28,13,3984,0.085
6,257,2024-10,NPK 12-12-17-2,12807.8,12621.1,2024-10-15,2024-10-15,0,3717,3.396
6,257,2024-10,Urea,3152.7,2805.0,2024-10-15,2024-10-17,2,3717,0.755
6,257,2024-10,Kieserite,2364.5,1756.9,2024-10-15,2024-11-20,36,3717,0.473
6,257,2024-10,Borate,295.6,331.0,2024-10-15,2024-12-05,51,3717,0.089
6,257,2025-03,NPK 12-12-17-2,12807.8,10371.6,2025-03-15,2025-03-15,0,3717,2.79
6,257,2025-03,Urea,3152.7,3074.0,2025-03-15,2025-04-09,25,3717,0.827
6,257,2025-03,Kieserite,2364.5,2287.8,2025-03-15,2025-03-15,0,3717,0.616
6,257,2025-03,Borate,295.6,276.4,2025-03-15,2025-04-26,42,3717,0.074
6,258,2024-10,NPK 12-12-17-2,5357.3,5180.2,2024-10-15,2024-11-20,36,1503,3.447
6,258,2024-10,Urea,1318.7,1266.2,2024-10-15,2024-11-27,43,1503,0.842
6,258,2024-10,Kieserite,989.0,657.9,2024-10-15,2024-11-19,35,1503,0.438
6,258,2024-10,Borate,123.6,138.5,2024-10-15,2024-11-29,45,1503,0.092
6,258,2025-03,NPK 12-12-17-2,5357.3,4913.2,2025-03-15,2025-05-03,49,1503,3.269
6,258,2025-03,Urea,1318.7,919.9,2025-03-15,2025-03-21,6,1503,0.612
6,258,2025-03,Kieserite,989.0,859.3,2025-03-15,2025-03-15,0,1503,0.572
6,258,2025-03,Borate,123.6,124.7,2025-03-15,2025-05-07,53,1503,0.083
6,259,2024-10,NPK 12-12-17-2,13637.5,14052.8,2024-10-15,2024-11-24,40,4048,3.472
6,259,2024-10,Urea,3356.9,2501.7,2024-10-15,2024-10-15,0,4048,0.618
6,259,2024-10,Kieserite,2517.7,2762.7,2024-10-15,2024-12-23,69,4048,0.682
6,259,2024-10,Borate,314.7,315.7,2024-10-15,2024-11-18,34,4048,0.078
6,259,2025-03,NPK 12-12-17-2,13637.5,11044.7,2025-03-15,2025-04-06,22,4048,2.728
6,259,2025-03,Urea,3356.9,3235.9,2025-03-15,2025-03-15,0,4048,0.799
6,259,2025-03,Kieserite,2517.7,2819.8,2025-03-15,2025-03-15,0,4048,0.697
6,259,2025-03,Borate,314.7,352.5,2025-03-15,2025-04-18,34,4048,0.087
6,260,2024-10,NPK 12-12-17-2,6795.4,4489.1,2024-10-15,2024-11-27,43,2145,2.093
6,260,2024-10,Urea,1672.7,1693.9,2024-10-15,2024-12-20,66,2145,0.79
6,260,2024-10,Kieserite,1254.5,850.3,2024-10-15,2024-12-24,70,2145,0.396
6,260,2024-10,Borate,156.8,158.2,2024-10-15,2024-11-09,25,2145,0.074
6,260,2025-03,NPK 12-12-17-2,6795.4,5778.2,2025-03-15,2025-04-15,31,2145,2.694
6,260,2025-03,Urea,1672.7,1496.4,2025-03-15,2025-04-27,43,2145,0.698
6,260,2025-03,Kieserite,1254.5,1253.7,2025-03-15,2025-04-25,41,2145,0.584
6,260,2025-03,Borate,156.8,130.0,2025-03-15,2025-03-15,0,2145,0.061
6,261,2024-10,NPK 12-12-17-2,8950.0,9031.3,2024-10-15,2024-10-15,0,2699,3.346
6,261,2024-10,Urea,2203.1,1428.3,2024-10-15,2024-11-01,17,2699,0.529
6,261,2024-10,Kieserite,1652.3,1778.7,2024-10-15,2024-11-05,21,2699,0.659
6,261,2024-10,Borate,206.5,204.8,2024-10-15,2024-11-22,38,2699,0.076
6,261,2025-03,NPK 12-12-17-2,8950.0,9062.7,2025-03-15,2025-03-29,14,2699,3.358
6,261,2025-03,Urea,2203.1,2166.0,2025-03-15,2025-03-15,0,2699,0.803
6,261,2025-03,Kieserite,1652.3,1285.0,2025-03-15,2025-04-08,24,2699,0.476
6,261,2025-03,Borate,206.5,187.5,2025-03-15,2025-03-15,0,2699,0.069
6,262,2024-10,NPK 12-12-17-2,12675.6,9948.0,2024-10-15,2024-10-15,0,3619,2.749
6,262,2024-10,Urea,3120.2,3072.2,2024-10-15,2024-12-04,50,3619,0.849
6,262,2024-10,Kieserite,2340.1,1829.8,2024-10-15,2024-12-20,66,3619,0.506
6,262,2024-10,Borate,292.5,244.1,2024-10-15,2024-11-13,29,3619,0.067
6,262,2025-03,NPK 12-12-17-2,12675.6,9088.2,2025-03-15,2025-04-01,17,3619,2.511
6,262,2025-03,Urea,3120.2,3475.4,2025-03-15,2025-03-15,0,3619,0.96
6,262,2025-03,Kieserite,2340.1,2350.2,2025-03-15,2025-06-08,85,3619,0.649
6,262,2025-03,Borate,292.5,311.9,2025-03-15,2025-04-12,28,3619,0.086
6,263,2024-10,NPK 12-12-17-2,13268.5,11143.0,2024-10-15,2024-10-15,0,3887,2.867
6,263,2024-10,Urea,3266.1,3658.0,2024-10-15,2024-11-28,44,3887,0.941
6,263,2024-10,Kieserite,2449.6,1846.2,2024-10-15,2024-11-15,31,3887,0.475
6,263,2024-10,Borate,306.2,328.1,2024-10-15,2024-10-15,0,3887,0.084
6,263,2025-03,NPK 12-12-17-2,13268.5,12207.7,2025-03-15,2025-03-15,0,3887,3.141
6,263,2025-03,Urea,3266.1,2966.4,2025-03-15,2025-03-15,0,3887,0.763
6,263,2025-03,Kieserite,2449.6,2717.3,2025-03-15,2025-03-15,0,3887,0.699
6,263,2025-03,Borate,306.2,280.8,2025-03-15,2025-05-02,48,3887,0.072
6,264,2024-10,NPK 12-12-17-2,5670.1,3467.5,2024-10-15,2024-11-09,25,1610,2.154
6,264,2024-10,Urea,1395.7,1326.4,2024-10-15,2024-10-15,0,1610,0.824
6,264,2024-10,Kieserite,1046.8,1172.4,2024-10-15,2024-11-22,38,1610,0.728
6,264,2024-10,Borate,130.8,113.3,2024-10-15,2024-10-31,16,1610,0.07
6,264,2025-03,NPK 12-12-17-2,5670.1,4379.1,2025-03-15,2025-05-08,54,1610,2.72
6,264,2025-03,Urea,1395.7,1399.5,2025-03-15,2025-05-20,66,1610,0.869
6,264,2025-03,Kieserite,1046.8,1172.4,2025-03-15,2025-03-15,0,1610,0.728
6,264,2025-03,Borate,130.8,110.8,2025-03-15,2025-03-15,0,1610,0.069
6,265,2024-10,NPK 12-12-17-2,7554.7,7245.0,2024-10-15,2024-10-15,0,2332,3.107
6,265,2024-10,Urea,1859.6,1724.4,2024-10-15,2024-11-03,19,2332,0.739
6,265,2024-10,Kieserite,1394.7,1244.9,2024-10-15,2024-12-02,48,2332,0.534
6,265,2024-10,Borate,174.3,133.7,2024-10-15,2024-10-19,4,2332,0.057
6,265,2025-03,NPK 12-12-17-2,7554.7,6302.5,2025-03-15,2025-03-18,3,2332,2.703
6,265,2025-03,Urea,1859.6,1551.4,2025-03-15,2025-04-01,17,2332,0.665
6,265,2025-03,Kieserite,1394.7,1015.0,2025-03-15,2025-04-14,30,2332,0.435
6,265,2025-03,Borate,174.3,118.7,2025-03-15,2025-04-26,42,2332,0.051
6,266,2024-10,NPK 12-12-17-2,12729.7,9097.9,2024-10-15,2024-10-15,0,3832,2.374
6,266,2024-10,Urea,3133.5,3230.4,2024-10-15,2024-11-14,30,3832,0.843
6,266,2024-10,Kieserite,2350.1,1864.0,2024-10-15,2024-11-11,27,3832,0.486
6,266,2024-10,Borate,293.8,317.0,2024-10-15,2024-10-23,8,3832,0.083
6,266,2025-03,NPK 12-12-17-2,12729.7,11434.3,2025-03-15,2025-03-29,14,3832,2.984
6,266,2025-03,Urea,3133.5,2739.8,2025-03-15,2025-03-15,0,3832,0.715
6,266,2025-03,Kieserite,2350.1,2277.3,2025-03-15,2025-05-14,60,3832,0.594
6,266,2025-03,Borate,293.8,219.9,2025-03-15,2025-03-15,0,3832,0.057
6,267,2024-10,NPK 12-12-17-2,8047.3,7421.8,2024-10-15,2024-10-16,1,2409,3.081
6,267,2024-10,Urea,1980.9,1978.9,2024-10-15,2024-10-24,9,2409,0.821
6,267,2024-10,Kieserite,1485.7,1610.3,2024-10-15,2024-10-23,8,2409,0.668
6,267,2024-10,Borate,185.7,192.3,2024-10-15,2024-10-15,0,2409,0.08
6,267,2025-03,NPK 12-12-17-2,8047.3,5287.3,2025-03-15,2025-03-29,14,2409,2.195
6,267,2025-03,Urea,1980.9,1214.1,2025-03-15,2025-03-15,0,2409,0.504
6,267,2025-03,Kieserite,1485.7,1356.5,2025-03-15,2025-03-15,0,2409,0.563
6,267,2025-03,Borate,185.7,153.5,2025-03-15,2025-03-18,3,2409,0.064
6,268,2024-10,NPK 12-12-17-2,8974.8,6678.3,2024-10-15,2024-10-31,16,2581,2.587
6,268,2024-10,Urea,2209.2,2220.2,2024-10-15,2024-10-21,6,2581,0.86
6,268,2024-10,Kieserite,1656.9,1399.3,2024-10-15,2024-10-15,0,2581,0.542
6,268,2024-10,Borate,207.1,132.7,2024-10-15,2024-11-21,37,2581,0.051
6,268,2025-03,NPK 12-12-17-2,8974.8,7780.6,2025-03-15,2025-03-15,0,2581,3.015
6,268,2025-03,Urea,2209.2,2244.1,2025-03-15,2025-05-02,48,2581,0.869
6,268,2025-03,Kieserite,1656.9,1548.7,2025-03-15,2025-03-15,0,2581,0.6
6,268,2025-03,Borate,207.1,198.6,2025-03-15,2025-04-11,27,2581,0.077
6,269,2024-10,NPK 12-12-17-2,9188.5,5452.1,2024-10-15,2024-11-10,26,2736,1.993
6,269,2024-10,Urea,2261.8,1301.2,2024-10-15,2024-10-15,0,2736,0.476
6,269,2024-10,Kieserite,1696.3,1089.8,2024-10-15,2024-10-15,0,2736,0.398
6,269,2024-10,Borate,212.0,200.2,2024-10-15,2024-11-27,43,2736,0.073
6,269,2025-03,NPK 12-12-17-2,9188.5,8541.9,2025-03-15,2025-04-10,26,2736,3.122
6,269,2025-03,Urea,2261.8,1490.2,2025-03-15,2025-03-16,1,2736,0.545
6,269,2025-03,Kieserite,1696.3,1592.2,2025-03-15,2025-04-12,28,2736,0.582
6,269,2025-03,Borate,212.0,162.0,2025-03-15,2025-03-15,0,2736,0.059
6,270,2024-10,NPK 12-12-17-2,6407.2,5705.1,2024-10-15,2024-10-30,15,1903,2.998
6,270,2024-10,Urea,1577.2,814.2,2024-10-15,2024-10-22,7,1903,0.428
6,270,2024-10,Kieserite,1182.9,914.0,2024-10-15,2024-10-15,0,1903,0.48
6,270,2024-10,Borate,147.9,102.3,2024-10-15,2024-10-15,0,1903,0.054
6,270,2025-03,NPK 12-12-17-2,6407.2,5544.6,2025-03-15,2025-03-27,12,1903,2.914
6,270,2025-03,Urea,1577.2,1352.2,2025-03-15,2025-04-05,21,1903,0.711
6,270,2025-03,Kieserite,1182.9,982.4,2025-03-15,2025-04-13,29,1903,0.516
6,270,2025-03,Borate,147.9,123.1,2025-03-15,2025-05-13,59,1903,0.065
6,271,2024-10,NPK 12-12-17-2,9404.2,10532.7,2024-10-15,2024-10-20,5,2796,3.767
6,271,2024-10,Urea,2314.9,1868.1,2024-10-15,2024-10-22,7,2796,0.668
6,271,2024-10,Kieserite,1736.2,1675.7,2024-10-15,2024-10-16,1,2796,0.599
6,271,2024-10,Borate,217.0,157.0,2024-10-15,2024-10-15,0,2796,0.056
6,271,2025-03,NPK 12-12-17-2,9404.2,7628.7,2025-03-15,2025-04-23,39,2796,2.728
6,271,2025-03,Urea,2314.9,2093.3,2025-03-15,2025-04-01,17,2796,0.749
6,271,2025-03,Kieserite,1736.2,1363.3,2025-03-15,2025-04-03,19,2796,0.488
6,271,2025-03,Borate,217.0,218.3,2025-03-15,2025-03-16,1,2796,0.078
6,272,2024-10,NPK 12-12-17-2,11552.6,9092.1,2024-10-15,2024-11-06,22,3285,2.768
6,272,2024-10,Urea,2843.7,2208.1,2024-10-15,2024-10-31,16,3285,0.672
6,272,2024-10,Kieserite,2132.8,2278.6,2024-10-15,2024-10-18,3,3285,0.694
6,272,2024-10,Borate,266.6,194.4,2024-10-15,2024-10-21,6,3285,0.059
6,272,2025-03,NPK 12-12-17-2,11552.6,10792.4,2025-03-15,2025-03-15,0,3285,3.285
6,272,2025-03,Urea,2843.7,1786.9,2025-03-15,2025-05-21,67,3285,0.544
6,272,2025-03,Kieserite,2132.8,1650.9,2025-03-15,2025-04-15,31,3285,0.503
6,272,2025-03,Borate,266.6,184.1,2025-03-15,2025-04-24,40,3285,0.056
6,379,2024-10,NPK 12-12-17-2,17943.7,17899.5,2024-10-15,2024-11-04,20,5372,3.332
6,379,2024-10,Urea,4416.9,1820.8,2024-10-15,2024-12-04,50,5372,0.339
6,379,2024-10,Kieserite,3312.7,3036.9,2024-10-15,2024-11-09,25,5372,0.565
6,379,2024-10,Borate,414.1,392.9,2024-10-15,2024-10-15,0,5372,0.073
6,379,2025-03,NPK 12-12-17-2,17943.7,17739.3,2025-03-15,2025-04-05,21,5372,3.302
6,379,2025-03,Urea,4416.9,3609.4,2025-03-15,2025-04-03,19,5372,0.672
6,379,2025-03,Kieserite,3312.7,3600.2,2025-03-15,2025-03-15,0,5372,0.67
6,379,2025-03,Borate,414.1,334.4,2025-03-15,2025-04-10,26,5372,0.062
6,380,2024-10,NPK 12-12-17-2,12846.2,12639.3,2024-10-15,2024-11-13,29,4207,3.004
6,380,2024-10,Urea,3162.1,2484.9,2024-10-15,2024-11-03,19,4207,0.591
6,380,2024-10,Kieserite,2371.6,2120.1,2024-10-15,2024-11-18,34,4207,0.504
6,380,2024-10,Borate,296.5,259.3,2024-10-15,2024-12-08,54,4207,0.062
6,380,2025-03,NPK 12-12-17-2,12846.2,11602.5,2025-03-15,2025-03-31,16,4207,2.758
6,380,2025-03,Urea,3162.1,2994.7,2025-03-15,2025-03-15,0,4207,0.712
6,380,2025-03,Kieserite,2371.6,2656.2,2025-03-15,2025-04-15,31,4207,0.631
6,380,2025-03,Borate,296.5,301.9,2025-03-15,2025-04-04,20,4207,0.072
7,287,2024-10,NPK 12-12-17-2,6292.2,5188.6,2024-10-15,2024-10-31,16,1843,2.815
7,287,2024-10,Urea,1548.8,1423.7,2024-10-15,2024-11-11,27,1843,0.772
7,287,2024-10,Kieserite,1161.6,1092.1,2024-10-15,2024-10-15,0,1843,0.593
7,287,2024-10,Borate,145.2,107.5,2024-10-15,2024-11-03,19,1843,0.058
7,287,2025-03,NPK 12-12-17-2,6292.2,6855.7,2025-03-15,2025-03-15,0,1843,3.72
7,287,2025-03,Urea,1548.8,1240.4,2025-03-15,2025-03-31,16,1843,0.673
7,287,2025-03,Kieserite,1161.6,1110.4,2025-03-15,2025-04-05,21,1843,0.602
7,287,2025-03,Borate,145.2,126.3,2025-03-15,2025-03-30,15,1843,0.069
7,288,2024-10,NPK 12-12-17-2,2797.2,2368.4,2024-10-15,2024-10-27,12,900,2.632
7,288,2024-10,Urea,688.6,564.7,2024-10-15,2024-10-15,0,900,0.627
7,288,2024-10,Kieserite,516.4,578.4,2024-10-15,2024-11-16,32,900,0.643
7,288,2024-10,Borate,64.6,57.0,2024-10-15,2024-10-27,12,900,0.063
7,288,2025-03,NPK 12-12-17-2,2797.2,2119.2,2025-03-15,2025-04-15,31,900,2.355
7,288,2025-03,Urea,688.6,648.6,2025-03-15,2025-03-15,0,900,0.721
7,288,2025-03,Kieserite,516.4,567.9,2025-03-15,2025-03-21,6,900,0.631
7,288,2025-03,Borate,64.6,60.8,2025-03-15,2025-03-24,9,900,0.068
7,289,2024-10,NPK 12-12-17-2,8290.5,7415.6,2024-10-15,2024-11-28,44,2379,3.117
7,289,2024-10,Urea,2040.7,1748.9,2024-10-15,2024-10-15,0,2379,0.735
7,289,2024-10,Kieserite,1530.6,1714.2,2024-10-15,2024-11-04,20,2379,0.721
7,289,2024-10,Borate,191.3,173.1,2024-10-15,2024-10-15,0,2379,0.073
7,289,2025-03,NPK 12-12-17-2,8290.5,8125.3,2025-03-15,2025-03-15,0,2379,3.415
7,289,2025-03,Urea,2040.7,1711.1,2025-03-15,2025-04-28,44,2379,0.719
7,289,2025-03,Kieserite,1530.6,1221.0,2025-03-15,2025-04-06,22,2379,0.513
7,289,2025-03,Borate,191.3,117.3,2025-03-15,2025-03-15,0,2379,0.049
7,290,2024-10,NPK 12-12-17-2,10683.7,8649.7,2024-10-15,2024-11-20,36,2977,2.906
7,290,2024-10,Urea,2629.8,2402.6,2024-10-15,2024-10-23,8,2977,0.807
7,290,2024-10,Kieserite,1972.4,1993.3,2024-10-15,2024-10-26,11,2977,0.67
7,290,2024-10,Borate,246.5,276.1,2024-10-15,2024-11-07,23,2977,0.093
7,290,2025-03,NPK 12-12-17-2,10683.7,11965.8,2025-03-15,2025-04-23,39,2977,4.019
7,290,2025-03,Urea,2629.8,2030.3,2025-03-15,2025-04-02,18,2977,0.682
7,290,2025-03,Kieserite,1972.4,1516.0,2025-03-15,2025-04-03,19,2977,0.509
7,290,2025-03,Borate,246.5,276.1,2025-03-15,2025-04-13,29,2977,0.093
7,291,2024-10,NPK 12-12-17-2,12381.6,11349.5,2024-10-15,2024-10-15,0,3505,3.238
7,291,2024-10,Urea,3047.8,3413.5,2024-10-15,2024-11-12,28,3505,0.974
7,291,2024-10,Kieserite,2285.8,2120.2,2024-10-15,2024-10-15,0,3505,0.605
7,291,2024-10,Borate,285.7,207.6,2024-10-15,2024-11-14,30,3505,0.059
7,291,2025-03,NPK 12-12-17-2,12381.6,12325.2,2025-03-15,2025-04-21,37,3505,3.516
7,291,2025-03,Urea,3047.8,3123.9,2025-03-15,2025-04-03,19,3505,0.891
7,291,2025-03,Kieserite,2285.8,1566.7,2025-03-15,2025-03-25,10,3505,0.447
7,291,2025-03,Borate,285.7,200.5,2025-03-15,2025-03-15,0,3505,0.057
7,292,2024-10,NPK 12-12-17-2,8465.0,4831.8,2024-10-15,2024-10-30,15,2599,1.859
7,292,2024-10,Urea,2083.7,1827.5,2024-10-15,2024-10-15,0,2599,0.703
7,292,2024-10,Kieserite,1562.8,1521.3,2024-10-15,2024-10-15,0,2599,0.585
7,292,2024-10,Borate,195.3,194.3,2024-10-15,2024-12-10,56,2599,0.075
7,292,2025-03,NPK 12-12-17-2,8465.0,8959.3,2025-03-15,2025-04-02,18,2599,3.447
7,292,2025-03,Urea,2083.7,2333.7,2025-03-15,2025-04-23,39,2599,0.898
7,292,2025-03,Kieserite,1562.8,1286.7,2025-03-15,2025-03-15,0,2599,0.495
7,292,2025-03,Borate,195.3,181.6,2025-03-15,2025-05-07,53,2599,0.07
7,293,2024-10,NPK 12-12-17-2,11419.4,9914.3,2024-10-15,2024-10-29,14,3360,2.951
7,293,2024-10,Urea,2810.9,1714.0,2024-10-15,2024-10-15,0,3360,0.51
7,293,2024-10,Kieserite,2108.2,1188.5,2024-10-15,2024-10-15,0,3360,0.354
7,293,2024-10,Borate,263.5,245.1,2024-10-15,2024-11-11,27,3360,0.073
7,293,2025-03,NPK 12-12-17-2,11419.4,12789.8,2025-03-15,2025-05-01,47,3360,3.806
7,293,2025-03,Urea,2810.9,2673.6,2025-03-15,2025-03-15,0,3360,0.796
7,293,2025-03,Kieserite,2108.2,1761.5,2025-03-15,2025-03-15,0,3360,0.524
7,293,2025-03,Borate,263.5,207.1,2025-03-15,2025-05-25,71,3360,0.062
7,294,2024-10,NPK 12-12-17-2,5417.6,5389.0,2024-10-15,2024-10-15,0,1634,3.298
7,294,2024-10,Urea,1333.6,913.5,2024-10-15,2024-10-29,14,1634,0.559
7,294,2024-10,Kieserite,1000.2,890.2,2024-10-15,2024-11-05,21,1634,0.545
7,294,2024-10,Borate,125.0,105.8,2024-10-15,2024-10-15,0,1634,0.065
7,294,2025-03,NPK 12-12-17-2,5417.6,4350.8,2025-03-15,2025-03-21,6,1634,2.663
7,294,2025-03,Urea,1333.6,1272.2,2025-03-15,2025-03-15,0,1634,0.779
7,294,2025-03,Kieserite,1000.2,869.3,2025-03-15,2025-03-15,0,1634,0.532
7,294,2025-03,Borate,125.0,103.4,2025-03-15,2025-03-29,14,1634,0.063
7,295,2024-10,NPK 12-12-17-2,5215.0,5363.7,2024-10-15,2024-11-13,29,1725,3.109
7,295,2024-10,Urea,1283.7,966.5,2024-10-15,2024-10-15,0,1725,0.56
7,295,2024-10,Kieserite,962.8,779.1,2024-10-15,2024-11-08,24,1725,0.452
7,295,2024-10,Borate,120.3,118.2,2024-10-15,2024-10-19,4,1725,0.069
7,295,2025-03,NPK 12-12-17-2,5215.0,4786.3,2025-03-15,2025-05-06,52,1725,2.775
7,295,2025-03,Urea,1283.7,1254.1,2025-03-15,2025-04-30,46,1725,0.727
7,295,2025-03,Kieserite,962.8,757.3,2025-03-15,2025-04-06,22,1725,0.439
7,295,2025-03,Borate,120.3,115.4,2025-03-15,2025-03-27,12,1725,0.067
7,296,2024-10,NPK 12-12-17-2,11640.9,8117.4,2024-10-15,2024-12-06,52,3632,2.235
7,296,2024-10,Urea,2865.5,2714.3,2024-10-15,2024-12-22,68,3632,0.747
7,296,2024-10,Kieserite,2149.1,2256.0,2024-10-15,2024-11-04,20,3632,0.621
7,296,2024-10,Borate,268.6,210.9,2024-10-15,2024-10-15,0,3632,0.058
7,296,2025-03,NPK 12-12-17-2,11640.9,11605.6,2025-03-15,2025-04-27,43,3632,3.195
7,296,2025-03,Urea,2865.5,2367.9,2025-03-15,2025-03-15,0,3632,0.652
7,296,2025-03,Kieserite,2149.1,1727.1,2025-03-15,2025-03-15,0,3632,0.476
7,296,2025-03,Borate,268.6,249.2,2025-03-15,2025-04-14,30,3632,0.069
7,297,2024-10,NPK 12-12-17-2,13677.1,10921.4,2024-10-15,2024-10-15,0,3945,2.768
7,297,2024-10,Urea,3366.7,2219.5,2024-10-15,2024-10-25,10,3945,0.563
7,297,2024-10,Kieserite,2525.0,2032.4,2024-10-15,2024-11-13,29,3945,0.515
7,297,2024-10,Borate,315.6,283.6,2024-10-15,2024-11-24,40,3945,0.072
7,297,2025-03,NPK 12-12-17-2,13677.1,11453.3,2025-03-15,2025-05-11,57,3945,2.903
7,297,2025-03,Urea,3366.7,3083.6,2025-03-15,2025-05-04,50,3945,0.782
7,297,2025-03,Kieserite,2525.0,2303.8,2025-03-15,2025-03-15,0,3945,0.584
7,297,2025-03,Borate,315.6,290.8,2025-03-15,2025-03-15,0,3945,0.074
7,298,2024-10,NPK 12-12-17-2,12361.9,13845.3,2024-10-15,2024-10-15,0,3585,3.862
7,298,2024-10,Urea,3042.9,2770.0,2024-10-15,2024-10-15,0,3585,0.773
7,298,2024-10,Kieserite,2282.2,1908.8,2024-10-15,2024-10-16,1,3585,0.532
7,298,2024-10,Borate,285.3,299.9,2024-10-15,2024-10-15,0,3585,0.084
7,298,2025-03,NPK 12-12-17-2,12361.9,10910.6,2025-03-15,2025-04-18,34,3585,3.043
7,298,2025-03,Urea,3042.9,2974.9,2025-03-15,2025-04-08,24,3585,0.83
7,298,2025-03,Kieserite,2282.2,2556.1,2025-03-15,2025-03-15,0,3585,0.713
7,298,2025-03,Borate,285.3,293.1,2025-03-15,2025-03-15,0,3585,0.082
7,299,2024-10,NPK 12-12-17-2,11775.7,7652.2,2024-10-15,2024-10-25,10,3548,2.157
7,299,2024-10,Urea,2898.6,3010.6,2024-10-15,2024-10-15,0,3548,0.849
7,299,2024-10,Kieserite,2174.0,1948.5,2024-10-15,2024-10-15,0,3548,0.549
7,299,2024-10,Borate,271.7,210.6,2024-10-15,2024-11-27,43,3548,0.059
7,299,2025-03,NPK 12-12-17-2,11775.7,7735.9,2025-03-15,2025-03-15,0,3548,2.18
7,299,2025-03,Urea,2898.6,1870.0,2025-03-15,2025-03-15,0,3548,0.527
7,299,2025-03,Kieserite,2174.0,2389.0,2025-03-15,2025-04-25,41,3548,0.673
7,299,2025-03,Borate,271.7,224.0,2025-03-15,2025-03-24,9,3548,0.063
7,300,2024-10,NPK 12-12-17-2,9262.2,7200.6,2024-10-15,2024-11-21,37,2719,2.648
7,300,2024-10,Urea,2279.9,1429.8,2024-10-15,2024-11-05,21,2719,0.526
7,300,2024-10,Kieserite,1710.0,1462.6,2024-10-15,2024-10-22,7,2719,0.538
7,300,2024-10,Borate,213.7,213.3,2024-10-15,2024-10-15,0,2719,0.078
7,300,2025-03,NPK 12-12-17-2,9262.2,7222.5,2025-03-15,2025-03-15,0,2719,2.656
7,300,2025-03,Urea,2279.9,2304.7,2025-03-15,2025-03-27,12,2719,0.848
7,300,2025-03,Kieserite,1710.0,1661.3,2025-03-15,2025-04-21,37,2719,0.611
7,300,2025-03,Borate,213.7,232.1,2025-03-15,2025-04-05,21,2719,0.085
7,301,2024-10,NPK 12-12-17-2,4477.4,4302.2,2024-10-15,2024-11-27,43,1414,3.043
7,301,2024-10,Urea,1102.1,804.7,2024-10-15,2024-11-01,17,1414,0.569
7,301,2024-10,Kieserite,826.6,778.0,2024-10-15,2024-12-15,61,1414,0.55
7,301,2024-10,Borate,103.3,84.5,2024-10-15,2024-10-15,0,1414,0.06
7,301,2025-03,NPK 12-12-17-2,4477.4,4067.8,2025-03-15,2025-04-09,25,1414,2.877
7,301,2025-03,Urea,1102.1,1135.9,2025-03-15,2025-04-03,19,1414,0.803
7,301,2025-03,Kieserite,826.6,803.8,2025-03-15,2025-04-21,37,1414,0.568
7,301,2025-03,Borate,103.3,91.0,2025-03-15,2025-04-06,22,1414,0.064
7,302,2024-10,NPK 12-12-17-2,13512.5,10704.4,2024-10-15,2024-10-25,10,3949,2.711
7,302,2024-10,Urea,3326.1,3725.3,2024-10-15,2024-10-15,0,3949,0.943
7,302,2024-10,Kieserite,2494.6,2518.3,2024-10-15,2024-11-19,35,3949,0.638
7,302,2024-10,Borate,311.8,273.1,2024-10-15,2024-11-02,18,3949,0.069
7,302,2025-03,NPK 12-12-17-2,13512.5,12438.9,2025-03-15,2025-04-14,30,3949,3.15
7,302,2025-03,Urea,3326.1,3665.3,2025-03-15,2025-03-15,0,3949,0.928
7,302,2025-03,Kieserite,2494.6,2427.0,2025-03-15,2025-03-17,2,3949,0.615
7,302,2025-03,Borate,311.8,291.2,2025-03-15,2025-03-15,0,3949,0.074
7,303,2024-10,NPK 12-12-17-2,16601.7,15882.9,2024-10-15,2024-10-16,1,4841,3.281
7,303,2024-10,Urea,4086.6,4577.0,2024-10-15,2024-11-14,30,4841,0.945
7,303,2024-10,Kieserite,3064.9,3103.5,2024-10-15,2024-10-15,0,4841,0.641
7,303,2024-10,Borate,383.1,429.1,2024-10-15,2024-10-29,14,4841,0.089
7,303,2025-03,NPK 12-12-17-2,16601.7,15298.8,2025-03-15,2025-05-20,66,4841,3.16
7,303,2025-03,Urea,4086.6,4196.6,2025-03-15,2025-04-30,46,4841,0.867
7,303,2025-03,Kieserite,3064.9,2413.3,2025-03-15,2025-04-09,25,4841,0.499
7,303,2025-03,Borate,383.1,233.2,2025-03-15,2025-03-15,0,4841,0.048
7,304,2024-10,NPK 12-12-17-2,12690.7,12741.8,2024-10-15,2024-11-03,19,3910,3.259
7,304,2024-10,Urea,3123.9,3143.3,2024-10-15,2024-11-12,28,3910,0.804
7,304,2024-10,Kieserite,2342.9,2227.2,2024-10-15,2024-11-02,18,3910,0.57
7,304,2024-10,Borate,292.9,219.2,2024-10-15,2024-11-07,23,3910,0.056
7,304,2025-03,NPK 12-12-17-2,12690.7,12288.4,2025-03-15,2025-04-10,26,3910,3.143
7,304,2025-03,Urea,3123.9,1874.6,2025-03-15,2025-03-23,8,3910,0.479
7,304,2025-03,Kieserite,2342.9,2359.6,2025-03-15,2025-04-04,20,3910,0.603
7,304,2025-03,Borate,292.9,328.0,2025-03-15,2025-03-16,1,3910,0.084
7,305,2024-10,NPK 12-12-17-2,11761.6,12080.9,2024-10-15,2024-10-15,0,3613,3.344
7,305,2024-10,Urea,2895.2,2177.9,2024-10-15,2024-10-23,8,3613,0.603
7,305,2024-10,Kieserite,2171.4,2235.3,2024-10-15,2024-11-26,42,3613,0.619
7,305,2024-10,Borate,271.4,188.6,2024-10-15,2024-10-31,16,3613,0.052
7,305,2025-03,NPK 12-12-17-2,11761.6,8712.7,2025-03-15,2025-04-04,20,3613,2.411
7,305,2025-03,Urea,2895.2,2195.7,2025-03-15,2025-03-15,0,3613,0.608
7,305,2025-03,Kieserite,2171.4,1585.8,2025-03-15,2025-04-11,27,3613,0.439
7,305,2025-03,Borate,271.4,259.6,2025-03-15,2025-04-03,19,3613,0.072
7,306,2024-10,NPK 12-12-17-2,10154.2,11372.7,2024-10-15,2024-10-15,0,3172,3.585
7,306,2024-10,Urea,2499.5,2799.4,2024-10-15,2024-11-24,40,3172,0.883
7,306,2024-10,Kieserite,1874.6,1225.6,2024-10-15,2024-10-17,2,3172,0.386
7,306,2024-10,Borate,234.3,170.5,2024-10-15,2024-12-04,50,3172,0.054
7,306,2025-03,NPK 12-12-17-2,10154.2,8318.9,2025-03-15,2025-03-26,11,3172,2.623
7,306,2025-03,Urea,2499.5,2329.4,2025-03-15,2025-04-11,27,3172,0.734
7,306,2025-03,Kieserite,1874.6,1254.5,2025-03-15,2025-04-17,33,3172,0.395
7,306,2025-03,Borate,234.3,191.6,2025-03-15,2025-03-27,12,3172,0.06
7,307,2024-10,NPK 12-12-17-2,4673.9,3587.4,2024-10-15,2024-10-28,13,1463,2.452
7,307,2024-10,Urea,1150.5,1130.5,2024-10-15,2024-12-07,53,1463,0.773
7,307,2024-10,Kieserite,862.9,595.3,2024-10-15,2024-10-27,12,1463,0.407
7,307,2024-10,Borate,107.9,91.4,2024-10-15,2024-12-04,50,1463,0.063
7,307,2025-03,NPK 12-12-17-2,4673.9,3597.6,2025-03-15,2025-03-25,10,1463,2.459
7,307,2025-03,Urea,1150.5,1288.6,2025-03-15,2025-04-07,23,1463,0.881
7,307,2025-03,Kieserite,862.9,691.9,2025-03-15,2025-03-17,2,1463,0.473
7,307,2025-03,Borate,107.9,120.8,2025-03-15,2025-03-26,11,1463,0.083
7,308,2024-10,NPK 12-12-17-2,7160.8,8020.1,2024-10-15,2024-10-15,0,2160,3.713
7,308,2024-10,Urea,1762.7,1342.8,2024-10-15,2024-11-10,26,2160,0.622
7,308,2024-10,Kieserite,1322.0,1215.9,2024-10-15,2024-11-25,41,2160,0.563
7,308,2024-10,Borate,165.2,122.0,2024-10-15,2024-10-15,0,2160,0.056
7,308,2025-03,NPK 12-12-17-2,7160.8,6068.5,2025-03-15,2025-04-03,19,2160,2.809
7,308,2025-03,Urea,1762.7,1628.2,2025-03-15,2025-03-30,15,2160,0.754
7,308,2025-03,Kieserite,1322.0,1440.1,2025-03-15,2025-03-22,7,2160,0.667
7,308,2025-03,Borate,165.2,166.2,2025-03-15,2025-05-09,55,2160,0.077
7,309,2024-10,NPK 12-12-17-2,11269.2,12137.0,2024-10-15,2024-11-26,42,3378,3.593
7,309,2024-10,Urea,2773.9,2043.9,2024-10-15,2024-11-24,40,3378,0.605
7,309,2024-10,Kieserite,2080.5,1387.1,2024-10-15,2024-10-15,0,3378,0.411
7,309,2024-10,Borate,260.1,256.3,2024-10-15,2024-10-15,0,3378,0.076
7,309,2025-03,NPK 12-12-17-2,11269.2,7666.9,2025-03-15,2025-05-04,50,3378,2.27
7,309,2025-03,Urea,2773.9,1586.0,2025-03-15,2025-03-16,1,3378,0.47
7,309,2025-03,Kieserite,2080.5,1850.9,2025-03-15,2025-03-24,9,3378,0.548
7,309,2025-03,Borate,260.1,275.0,2025-03-15,2025-04-05,21,3378,0.081
7,310,2024-10,NPK 12-12-17-2,13848.6,11357.5,2024-10-15,2024-11-01,17,4148,2.738
7,310,2024-10,Urea,3408.9,3004.9,2024-10-15,2024-10-20,5,4148,0.724
7,310,2024-10,Kieserite,2556.7,2221.3,2024-10-15,2024-10-29,14,4148,0.536
7,310,2024-10,Borate,319.6,287.2,2024-10-15,2024-10-17,2,4148,0.069
7,310,2025-03,NPK 12-12-17-2,13848.6,12503.5,2025-03-15,2025-04-16,32,4148,3.014
7,310,2025-03,Urea,3408.9,2346.3,2025-03-15,2025-04-21,37,4148,0.566
7,310,2025-03,Kieserite,2556.7,2156.8,2025-03-15,2025-03-15,0,4148,0.52
7,310,2025-03,Borate,319.6,239.0,2025-03-15,2025-05-05,51,4148,0.058
7,311,2024-10,NPK 12-12-17-2,15792.9,14058.9,2024-10-15,2024-11-08,24,4913,2.862
7,311,2024-10,Urea,3887.5,3694.8,2024-10-15,2024-10-15,0,4913,0.752
7,311,2024-10,Kieserite,2915.6,2343.4,2024-10-15,2024-10-15,0,4913,0.477
7,311,2024-10,Borate,364.5,320.2,2024-10-15,2024-10-15,0,4913,0.065
7,311,2025-03,NPK 12-12-17-2,15792.9,17688.0,2025-03-15,2025-03-15,0,4913,3.6
7,311,2025-03,Urea,3887.5,4227.6,2025-03-15,2025-03-15,0,4913,0.861
7,311,2025-03,Kieserite,2915.6,1921.7,2025-03-15,2025-04-27,43,4913,0.391
7,311,2025-03,Borate,364.5,310.3,2025-03-15,2025-05-08,54,4913,0.063
7,328,2024-10,NPK 12-12-17-2,9795.7,7987.8,2024-10-15,2024-10-15,0,3040,2.628
7,328,2024-10,Urea,2411.2,1866.1,2024-10-15,2024-11-04,20,3040,0.614
7,328,2024-10,Kieserite,1808.4,810.8,2024-10-15,2024-10-15,0,3040,0.267
7,328,2024-10,Borate,226.1,200.4,2024-10-15,2024-11-13,29,3040,0.066
7,328,2025-03,NPK 12-12-17-2,9795.7,6454.9,2025-03-15,2025-04-19,35,3040,2.123
7,328,2025-03,Urea,2411.2,2700.6,2025-03-15,2025-03-20,5,3040,0.888
7,328,2025-03,Kieserite,1808.4,1517.0,2025-03-15,2025-03-18,3,3040,0.499
7,328,2025-03,Borate,226.1,214.8,2025-03-15,2025-03-15,0,3040,0.071
7,329,2024-10,NPK 12-12-17-2,8221.5,5475.8,2024-10-15,2024-11-03,19,2563,2.136
7,329,2024-10,Urea,2023.8,2266.6,2024-10-15,2024-11-06,22,2563,0.884
7,329,2024-10,Kieserite,1517.8,848.1,2024-10-15,2024-11-11,27,2563,0.331
7,329,2024-10,Borate,189.7,159.9,2024-10-15,2024-10-15,0,2563,0.062
7,329,2025-03,NPK 12-12-17-2,8221.5,6442.6,2025-03-15,2025-03-21,6,2563,2.514
7,329,2025-03,Urea,2023.8,1918.3,2025-03-15,2025-03-31,16,2563,0.748
7,329,2025-03,Kieserite,1517.8,930.9,2025-03-15,2025-03-22,7,2563,0.363
7,329,2025-03,Borate,189.7,191.6,2025-03-15,2025-03-15,0,2563,0.075
7,330,2024-10,NPK 12-12-17-2,7628.7,5704.0,2024-10-15,2024-11-23,39,2487,2.294
7,330,2024-10,Urea,1877.8,1809.3,2024-10-15,2024-10-15,0,2487,0.727
7,330,2024-10,Kieserite,1408.4,1502.4,2024-10-15,2024-10-15,0,2487,0.604
7,330,2024-10,Borate,176.0,99.6,2024-10-15,2024-10-15,0,2487,0.04
7,330,2025-03,NPK 12-12-17-2,7628.7,6166.7,2025-03-15,2025-03-30,15,2487,2.48
7,330,2025-03,Urea,1877.8,1735.8,2025-03-15,2025-03-15,0,2487,0.698
7,330,2025-03,Kieserite,1408.4,1293.5,2025-03-15,2025-05-02,48,2487,0.52
7,330,2025-03,Borate,176.0,142.0,2025-03-15,2025-04-14,30,2487,0.057
7,331,2024-10,NPK 12-12-17-2,9789.7,8269.4,2024-10-15,2024-10-15,0,3002,2.755
7,331,2024-10,Urea,2409.8,2011.2,2024-10-15,2024-10-28,13,3002,0.67
7,331,2024-10,Kieserite,1807.3,2024.2,2024-10-15,2024-10-25,10,3002,0.674
7,331,2024-10,Borate,225.9,174.6,2024-10-15,2024-11-30,46,3002,0.058
7,331,2025-03,NPK 12-12-17-2,9789.7,6383.1,2025-03-15,2025-03-15,0,3002,2.126
7,331,2025-03,Urea,2409.8,1511.0,2025-03-15,2025-04-10,26,3002,0.503
7,331,2025-03,Kieserite,1807.3,1288.8,2025-03-15,2025-04-15,31,3002,0.429
7,331,2025-03,Borate,225.9,217.6,2025-03-15,2025-04-19,35,3002,0.072
7,332,2024-10,NPK 12-12-17-2,9908.0,7526.9,2024-10-15,2024-10-15,0,3084,2.441
7,332,2024-10,Urea,2438.9,2479.2,2024-10-15,2024-10-15,0,3084,0.804
7,332,2024-10,Kieserite,1829.2,1847.8,2024-10-15,2025-01-04,81,3084,0.599
7,332,2024-10,Borate,228.6,256.1,2024-10-15,2024-10-15,0,3084,0.083
7,332,2025-03,NPK 12-12-17-2,9908.0,5749.3,2025-03-15,2025-05-10,56,3084,1.864
7,332,2025-03,Urea,2438.9,1793.0,2025-03-15,2025-03-15,0,3084,0.581
7,332,2025-03,Kieserite,1829.2,1879.7,2025-03-15,2025-04-04,20,3084,0.61
7,332,2025-03,Borate,228.6,235.8,2025-03-15,2025-05-03,49,3084,0.076
7,333,2024-10,NPK 12-12-17-2,9358.8,10181.1,2024-10-15,2024-10-30,15,3012,3.38
7,333,2024-10,Urea,2303.7,2050.1,2024-10-15,2024-11-30,46,3012,0.681
7,333,2024-10,Kieserite,1727.8,1484.8,2024-10-15,2024-11-01,17,3012,0.493
7,333,2024-10,Borate,216.0,220.3,2024-10-15,2024-10-15,0,3012,0.073
7,333,2025-03,NPK 12-12-17-2,9358.8,7527.8,2025-03-15,2025-03-15,0,3012,2.499
7,333,2025-03,Urea,2303.7,1961.9,2025-03-15,2025-05-18,64,3012,0.651
7,333,2025-03,Kieserite,1727.8,1265.6,2025-03-15,2025-03-15,0,3012,0.42
7,333,2025-03,Borate,216.0,167.3,2025-03-15,2025-04-30,46,3012,0.056
7,334,2024-10,NPK 12-12-17-2,12320.5,11881.3,2024-10-15,2024-11-23,39,3671,3.237
7,334,2024-10,Urea,3032.7,3068.7,2024-10-15,2024-10-20,5,3671,0.836
7,334,2024-10,Kieserite,2274.6,1947.4,2024-10-15,2024-10-15,0,3671,0.53
7,334,2024-10,Borate,284.3,267.7,2024-10-15,2024-11-09,25,3671,0.073
7,334,2025-03,NPK 12-12-17-2,12320.5,10112.7,2025-03-15,2025-03-15,0,3671,2.755
7,334,2025-03,Urea,3032.7,2946.4,2025-03-15,2025-03-23,8,3671,0.803
7,334,2025-03,Kieserite,2274.6,1158.4,2025-03-15,2025-03-15,0,3671,0.316
7,334,2025-03,Borate,284.3,195.9,2025-03-15,2025-04-05,21,3671,0.053
7,335,2024-10,NPK 12-12-17-2,11751.2,9431.0,2024-10-15,2024-10-20,5,3592,2.626
7,335,2024-10,Urea,2892.6,2344.7,2024-10-15,2024-11-25,41,3592,0.653
7,335,2024-10,Kieserite,2169.5,2348.8,2024-10-15,2024-10-15,0,3592,0.654
7,335,2024-10,Borate,271.2,243.1,2024-10-15,2024-11-11,27,3592,0.068
7,335,2025-03,NPK 12-12-17-2,11751.2,11876.4,2025-03-15,2025-04-02,18,3592,3.306
7,335,2025-03,Urea,2892.6,2571.9,2025-03-15,2025-04-20,36,3592,0.716
7,335,2025-03,Kieserite,2169.5,1542.4,2025-03-15,2025-03-15,0,3592,0.429
7,335,2025-03,Borate,271.2,293.1,2025-03-15,2025-04-08,24,3592,0.082
7,336,2024-10,NPK 12-12-17-2,11362.8,11382.3,2024-10-15,2024-11-18,34,3594,3.167
7,336,2024-10,Urea,2797.0,2491.5,2024-10-15,2024-10-15,0,3594,0.693
7,336,2024-10,Kieserite,2097.8,2056.7,2024-10-15,2025-01-03,80,3594,0.572
7,336,2024-10,Borate,262.2,158.3,2024-10-15,2024-11-28,44,3594,0.044
7,336,2025-03,NPK 12-12-17-2,11362.8,9642.0,2025-03-15,2025-03-15,0,3594,2.683
7,336,2025-03,Urea,2797.0,2516.4,2025-03-15,2025-03-15,0,3594,0.7
7,336,2025-03,Kieserite,2097.8,1783.3,2025-03-15,2025-04-06,22,3594,0.496
7,336,2025-03,Borate,262.2,267.2,2025-03-15,2025-05-01,47,3594,0.074
7,337,2024-10,NPK 12-12-17-2,13012.1,12371.8,2024-10-15,2024-11-05,21,3824,3.235
7,337,2024-10,Urea,3203.0,3055.7,2024-10-15,2024-10-31,16,3824,0.799
7,337,2024-10,Kieserite,2402.2,2215.0,2024-10-15,2024-11-17,33,3824,0.579
7,337,2024-10,Borate,300.3,226.5,2024-10-15,2024-11-26,42,3824,0.059
7,337,2025-03,NPK 12-12-17-2,13012.1,11867.0,2025-03-15,2025-04-11,27,3824,3.103
7,337,2025-03,Urea,3203.0,3530.2,2025-03-15,2025-03-15,0,3824,0.923
7,337,2025-03,Kieserite,2402.2,1535.1,2025-03-15,2025-04-01,17,3824,0.401
7,337,2025-03,Borate,300.3,271.8,2025-03-15,2025-03-15,0,3824,0.071
7,338,2024-10,NPK 12-12-17-2,10777.6,10210.6,2024-10-15,2024-10-22,7,3211,3.18
7,338,2024-10,Urea,2653.0,2040.6,2024-10-15,2024-10-19,4,3211,0.635
7,338,2024-10,Kieserite,1989.7,1526.3,2024-10-15,2024-11-02,18,3211,0.475
7,338,2024-10,Borate,248.7,227.4,2024-10-15,2024-12-14,60,3211,0.071
7,338,2025-03,NPK 12-12-17-2,10777.6,9233.3,2025-03-15,2025-03-15,0,3211,2.876
7,338,2025-03,Urea,2653.0,2635.0,2025-03-15,2025-04-28,44,3211,0.821
7,338,2025-03,Kieserite,1989.7,1462.9,2025-03-15,2025-03-15,0,3211,0.456
7,338,2025-03,Borate,248.7,167.6,2025-03-15,2025-03-30,15,3211,0.052
7,339,2024-10,NPK 12-12-17-2,13678.4,14054.1,2024-10-15,2024-11-22,38,3998,3.515
7,339,2024-10,Urea,3367.0,2791.4,2024-10-15,2024-10-15,0,3998,0.698
7,339,2024-10,Kieserite,2525.2,1893.8,2024-10-15,2024-10-28,13,3998,0.474
7,339,2024-10,Borate,315.7,223.2,2024-10-15,2024-12-11,57,3998,0.056
7,339,2025-03,NPK 12-12-17-2,13678.4,11774.3,2025-03-15,2025-03-27,12,3998,2.945
7,339,2025-03,Urea,3367.0,3731.3,2025-03-15,2025-03-18,3,3998,0.933
7,339,2025-03,Kieserite,2525.2,2827.5,2025-03-15,2025-03-15,0,3998,0.707
7,339,2025-03,Borate,315.7,183.9,2025-03-15,2025-04-15,31,3998,0.046
7,340,2024-10,NPK 12-12-17-2,14068.2,13041.9,2024-10-15,2024-11-15,31,4199,3.106
7,340,2024-10,Urea,3462.9,2560.2,2024-10-15,2024-10-15,0,4199,0.61
7,340,2024-10,Kieserite,2597.2,2908.5,2024-10-15,2024-10-15,0,4199,0.693
7,340,2024-10,Borate,324.7,295.5,2024-10-15,2024-11-19,35,4199,0.07
7,340,2025-03,NPK 12-12-17-2,14068.2,14098.7,2025-03-15,2025-04-17,33,4199,3.358
7,340,2025-03,Urea,3462.9,2661.0,2025-03-15,2025-03-15,0,4199,0.634
7,340,2025-03,Kieserite,2597.2,2253.8,2025-03-15,2025-04-14,30,4199,0.537
7,340,2025-03,Borate,324.7,268.6,2025-03-15,2025-04-06,22,4199,0.064
7,341,2024-10,NPK 12-12-17-2,14010.6,13037.7,2024-10-15,2024-10-27,12,4316,3.021
7,341,2024-10,Urea,3448.8,3474.8,2024-10-15,2024-10-16,1,4316,0.805
7,341,2024-10,Kieserite,2586.6,2508.0,2024-10-15,2024-11-20,36,4316,0.581
7,341,2024-10,Borate,323.3,188.7,2024-10-15,2024-10-28,13,4316,0.044
7,341,2025-03,NPK 12-12-17-2,14010.6,14346.5,2025-03-15,2025-03-15,0,4316,3.324
7,341,2025-03,Urea,3448.8,3036.8,2025-03-15,2025-04-18,34,4316,0.704
7,341,2025-03,Kieserite,2586.6,2454.5,2025-03-15,2025-03-15,0,4316,0.569
7,341,2025-03,Borate,323.3,249.6,2025-03-15,2025-03-29,14,4316,0.058
7,342,2024-10,NPK 12-12-17-2,13886.9,12755.7,2024-10-15,2024-12-03,49,4108,3.105
7,342,2024-10,Urea,3418.3,2967.0,2024-10-15,2024-10-31,16,4108,0.722
7,342,2024-10,Kieserite,2563.7,1450.6,2024-10-15,2024-11-15,31,4108,0.353
7,342,2024-10,Borate,320.5,205.9,2024-10-15,2024-11-18,34,4108,0.05
7,342,2025-03,NPK 12-12-17-2,13886.9,13029.9,2025-03-15,2025-04-11,27,4108,3.172
7,342,2025-03,Urea,3418.3,3251.2,2025-03-15,2025-03-28,13,4108,0.791
7,342,2025-03,Kieserite,2563.7,2033.5,2025-03-15,2025-03-15,0,4108,0.495
7,342,2025-03,Borate,320.5,275.6,2025-03-15,2025-03-15,0,4108,0.067
7,343,2024-10,NPK 12-12-17-2,13018.4,9114.1,2024-10-15,2024-11-09,25,3763,2.422
7,343,2024-10,Urea,3204.5,3251.5,2024-10-15,2024-12-02,48,3763,0.864
7,343,2024-10,Kieserite,2403.4,1926.3,2024-10-15,2024-12-01,47,3763,0.512
7,343,2024-10,Borate,300.4,170.5,2024-10-15,2024-10-15,0,3763,0.045
7,343,2025-03,NPK 12-12-17-2,13018.4,12309.8,2025-03-15,2025-04-23,39,3763,3.271
7,343,2025-03,Urea,3204.5,3081.7,2025-03-15,2025-03-15,0,3763,0.819
7,343,2025-03,Kieserite,2403.4,2324.6,2025-03-15,2025-04-24,40,3763,0.618
7,343,2025-03,Borate,300.4,145.7,2025-03-15,2025-04-16,32,3763,0.039
7,344,2024-10,NPK 12-12-17-2,10271.8,7034.4,2024-10-15,2024-10-15,0,3336,2.109
7,344,2024-10,Urea,2528.4,1402.8,2024-10-15,2024-12-15,61,3336,0.42
7,344,2024-10,Kieserite,1896.3,1117.2,2024-10-15,2024-10-24,9,3336,0.335
7,344,2024-10,Borate,237.0,265.5,2024-10-15,2024-11-09,25,3336,0.08
7,344,2025-03,NPK 12-12-17-2,10271.8,8237.8,2025-03-15,2025-03-28,13,3336,2.469
7,344,2025-03,Urea,2528.4,2099.4,2025-03-15,2025-03-15,0,3336,0.629
7,344,2025-03,Kieserite,1896.3,2014.9,2025-03-15,2025-05-17,63,3336,0.604
7,344,2025-03,Borate,237.0,265.5,2025-03-15,2025-04-17,33,3336,0.08
7,345,2024-10,NPK 12-12-17-2,11349.3,8098.3,2024-10-15,2024-10-15,0,3793,2.135
7,345,2024-10,Urea,2793.7,2437.2,2024-10-15,2024-10-30,15,3793,0.643
7,345,2024-10,Kieserite,2095.2,1929.6,2024-10-15,2024-10-30,15,3793,0.509
7,345,2024-10,Borate,261.9,268.1,2024-10-15,2024-10-15,0,3793,0.071
7,345,2025-03,NPK 12-12-17-2,11349.3,7460.6,2025-03-15,2025-03-15,0,3793,1.967
7,345,2025-03,Urea,2793.7,2119.8,2025-03-15,2025-04-21,37,3793,0.559
7,345,2025-03,Kieserite,2095.2,2304.4,2025-03-15,2025-03-15,0,3793,0.608
7,345,2025-03,Borate,261.9,293.3,2025-03-15,2025-03-15,0,3793,0.077
7,346,2024-10,NPK 12-12-17-2,10704.6,9914.6,2024-10-15,2024-11-12,28,3374,2.939
7,346,2024-10,Urea,2635.0,2087.5,2024-10-15,2024-11-07,23,3374,0.619
7,346,2024-10,Kieserite,1976.2,1962.7,2024-10-15,2024-10-23,8,3374,0.582
7,346,2024-10,Borate,247.0,245.3,2024-10-15,2024-12-14,60,3374,0.073
7,346,2025-03,NPK 12-12-17-2,10704.6,6822.3,2025-03-15,2025-04-01,17,3374,2.022
7,346,2025-03,Urea,2635.0,2951.2,2025-03-15,2025-04-24,40,3374,0.875
7,346,2025-03,Kieserite,1976.2,2213.4,2025-03-15,2025-03-30,15,3374,0.656
7,346,2025-03,Borate,247.0,167.8,2025-03-15,2025-03-15,0,3374,0.05
7,347,2024-10,NPK 12-12-17-2,13200.2,13880.1,2024-10-15,2024-10-24,9,4257,3.261
7,347,2024-10,Urea,3249.3,2834.9,2024-10-15,2024-11-02,18,4257,0.666
7,347,2024-10,Kieserite,2437.0,2064.8,2024-10-15,2024-12-01,47,4257,0.485
7,347,2024-10,Borate,304.6,341.2,2024-10-15,2024-11-15,31,4257,0.08
7,347,2025-03,NPK 12-12-17-2,13200.2,13483.7,2025-03-15,2025-03-20,5,4257,3.167
7,347,2025-03,Urea,3249.3,2877.4,2025-03-15,2025-03-15,0,4257,0.676
7,347,2025-03,Kieserite,2437.0,1729.0,2025-03-15,2025-03-15,0,4257,0.406
7,347,2025-03,Borate,304.6,254.4,2025-03-15,2025-03-15,0,4257,0.06
7,348,2024-10,NPK 12-12-17-2,12820.4,10207.7,2024-10-15,2024-10-15,0,4086,2.498
7,348,2024-10,Urea,3155.8,2802.1,2024-10-15,2024-11-15,31,4086,0.686
7,348,2024-10,Kieserite,2366.8,2270.4,2024-10-15,2024-10-21,6,4086,0.556
7,348,2024-10,Borate,295.9,239.3,2024-10-15,2024-10-15,0,4086,0.059
7,348,2025-03,NPK 12-12-17-2,12820.4,12183.6,2025-03-15,2025-03-15,0,4086,2.982
7,348,2025-03,Urea,3155.8,2802.5,2025-03-15,2025-04-06,22,4086,0.686
7,348,2025-03,Kieserite,2366.8,1727.8,2025-03-15,2025-04-20,36,4086,0.423
7,348,2025-03,Borate,295.9,264.8,2025-03-15,2025-04-03,19,4086,0.065
