# SYNTHETIC. Harvest work orders, one per block per cutting day. actual_qty is the sum of the per-worker rows on that block that day and reconciles to the client's REAL block-month bunch counts. The plan is generated: backed out through an adherence model driven by real daily rainfall, road condition and gang attendance, calibrated to a 78% bunch-weighted mean. Stands in for EPMS t_harvesting_plan / t_harvester_assignment.
order_id,date,operation,activity,division_code,block_code,crew_code,headcount_plan,headcount_actual,planned_qty,actual_qty,unit,man_days_plan,man_days_actual,status,started,finished,carried_to
WO-2025-0101-H-001,2025-01-01,harvest,harvest,1,2,G1-01,6,5,562,512,bunches,6.0,5.0,completed,07:07,13:22,
WO-2025-0101-H-002,2025-01-01,harvest,harvest,1,3,G1-01,4,4,429,402,bunches,4.0,4.0,completed,07:10,14:07,
WO-2025-0101-H-003,2025-01-01,harvest,harvest,1,9,G1-01,8,7,779,696,bunches,8.0,7.0,completed,07:19,13:58,
WO-2025-0101-H-004,2025-01-01,harvest,harvest,1,14,G1-02,8,7,832,708,bunches,8.0,7.0,completed,07:07,13:17,
WO-2025-0101-H-005,2025-01-01,harvest,harvest,1,16,G1-02,6,6,583,637,bunches,6.0,6.0,completed,06:50,14:40,
WO-2025-0101-H-006,2025-01-01,harvest,harvest,1,20,G1-02,4,5,436,487,bunches,4.0,5.0,completed,06:50,14:56,
WO-2025-0101-H-007,2025-01-01,harvest,harvest,1,31,G1-04,6,5,663,572,bunches,6.0,5.0,completed,06:46,12:57,
WO-2025-0101-H-008,2025-01-01,harvest,harvest,1,33,G1-04,8,6,844,638,bunches,8.0,6.0,partial,07:09,12:42,WO-2025-0104-H-008
WO-2025-0101-H-009,2025-01-01,harvest,harvest,2,41,G2-01,11,9,1124,1099,bunches,11.0,9.0,completed,07:20,14:43,
WO-2025-0101-H-010,2025-01-01,harvest,harvest,2,47,G2-01,11,9,1067,883,bunches,11.0,9.0,partial,06:54,12:57,WO-2025-0103-H-019
WO-2025-0101-H-011,2025-01-01,harvest,harvest,2,50,G2-02,8,6,754,610,bunches,8.0,6.0,partial,07:07,12:43,WO-2025-0106-H-014
WO-2025-0101-H-012,2025-01-01,harvest,harvest,2,53,G2-02,5,6,554,633,bunches,5.0,6.0,completed,06:56,15:08,
WO-2025-0101-H-013,2025-01-01,harvest,harvest,2,60,G2-03,13,9,1355,1328,bunches,13.0,9.0,completed,07:08,14:19,
WO-2025-0101-H-014,2025-01-01,harvest,harvest,2,63,G2-03,10,9,962,967,bunches,10.0,9.0,completed,07:04,14:30,
WO-2025-0101-H-015,2025-01-01,harvest,harvest,2,65,G2-03,6,5,565,493,bunches,6.0,5.0,completed,06:50,13:30,
WO-2025-0101-H-016,2025-01-01,harvest,harvest,2,67,G2-03,7,8,740,830,bunches,7.0,8.0,completed,07:02,14:43,
WO-2025-0101-H-017,2025-01-01,harvest,harvest,2,69,G2-04,12,9,1134,938,bunches,12.0,9.0,partial,06:49,12:31,
WO-2025-0101-H-018,2025-01-01,harvest,harvest,3,79,G3-01,6,7,636,687,bunches,6.0,7.0,completed,07:15,15:13,
WO-2025-0101-H-019,2025-01-01,harvest,harvest,3,82,G3-01,1,1,123,114,bunches,1.0,1.0,completed,07:07,13:41,
WO-2025-0101-H-020,2025-01-01,harvest,harvest,3,90,G3-02,12,9,1153,1068,bunches,12.0,9.0,completed,07:03,13:23,
WO-2025-0101-H-021,2025-01-01,harvest,harvest,3,93,G3-02,7,8,743,818,bunches,7.0,8.0,completed,07:13,15:01,
WO-2025-0101-H-022,2025-01-01,harvest,harvest,3,94,G3-02,8,8,800,828,bunches,8.0,8.0,completed,06:51,13:55,
WO-2025-0101-H-023,2025-01-01,harvest,harvest,3,107,G3-03,12,9,1232,1229,bunches,12.0,9.0,completed,07:06,13:57,
WO-2025-0101-H-024,2025-01-01,harvest,harvest,3,108,G3-03,12,9,1287,1155,bunches,12.0,9.0,completed,07:11,13:35,
WO-2025-0101-H-025,2025-01-01,harvest,harvest,3,109,G3-03,8,6,846,670,bunches,8.0,6.0,partial,06:52,12:52,WO-2025-0103-H-034
WO-2025-0101-H-026,2025-01-01,harvest,harvest,3,111,G3-03,9,9,963,1026,bunches,9.0,9.0,completed,06:59,14:29,
WO-2025-0101-H-027,2025-01-01,harvest,harvest,3,115,G3-04,10,9,988,911,bunches,10.0,9.0,completed,07:10,13:34,
WO-2025-0101-H-028,2025-01-01,harvest,harvest,3,370,G3-04,2,2,210,176,bunches,2.0,2.0,partial,06:47,12:57,
WO-2025-0101-H-029,2025-01-01,harvest,harvest,4,132,G4-01,16,9,1754,1427,bunches,16.0,9.0,partial,07:20,13:36,WO-2025-0106-H-030
WO-2025-0101-H-030,2025-01-01,harvest,harvest,4,140,G4-02,13,9,1373,1270,bunches,13.0,9.0,completed,07:18,13:47,
WO-2025-0101-H-031,2025-01-01,harvest,harvest,4,148,G4-03,11,9,1189,1043,bunches,11.0,9.0,completed,07:10,13:17,
WO-2025-0101-H-032,2025-01-01,harvest,harvest,4,157,G4-04,20,9,2026,1474,bunches,20.0,9.0,partial,07:20,12:10,WO-2025-0106-H-035
WO-2025-0101-H-033,2025-01-01,harvest,harvest,4,158,G4-04,13,9,1360,1011,bunches,13.0,9.0,partial,06:49,11:46,
WO-2025-0101-H-034,2025-01-01,harvest,harvest,5,168,G5-01,11,9,1175,1208,bunches,11.0,9.0,completed,07:20,14:46,
WO-2025-0101-H-035,2025-01-01,harvest,harvest,5,171,G5-01,12,9,1279,1129,bunches,12.0,9.0,completed,06:54,12:59,
WO-2025-0101-H-036,2025-01-01,harvest,harvest,5,177,G5-01,13,9,1381,1403,bunches,13.0,9.0,completed,07:09,14:28,
WO-2025-0101-H-037,2025-01-01,harvest,harvest,5,186,G5-02,14,9,1437,1443,bunches,14.0,9.0,completed,07:07,14:42,
WO-2025-0101-H-038,2025-01-01,harvest,harvest,5,192,G5-02,4,4,407,429,bunches,4.0,4.0,completed,06:52,14:19,
WO-2025-0101-H-039,2025-01-01,harvest,harvest,5,194,G5-03,7,8,723,832,bunches,7.0,8.0,completed,07:10,15:26,
WO-2025-0101-H-040,2025-01-01,harvest,harvest,5,195,G5-03,11,9,1131,1035,bunches,11.0,9.0,completed,07:03,13:23,
WO-2025-0101-H-041,2025-01-01,harvest,harvest,5,200,G5-03,8,8,803,765,bunches,8.0,8.0,completed,07:05,13:39,
WO-2025-0101-H-042,2025-01-01,harvest,harvest,5,201,G5-03,13,9,1256,1153,bunches,13.0,9.0,completed,07:15,13:34,
WO-2025-0101-H-043,2025-01-01,harvest,harvest,5,202,G5-03,13,9,1337,1129,bunches,13.0,9.0,partial,07:18,13:07,WO-2025-0106-H-044
WO-2025-0101-H-044,2025-01-01,harvest,harvest,6,206,G6-01,10,9,1052,961,bunches,10.0,9.0,completed,07:09,13:59,
WO-2025-0101-H-045,2025-01-01,harvest,harvest,6,207,G6-01,13,9,1428,1239,bunches,13.0,9.0,completed,06:57,13:07,
WO-2025-0101-H-046,2025-01-01,harvest,harvest,6,213,G6-02,19,9,2014,1834,bunches,19.0,9.0,completed,07:08,13:34,
WO-2025-0101-H-047,2025-01-01,harvest,harvest,6,214,G6-02,9,9,970,1115,bunches,9.0,9.0,completed,07:19,15:49,
WO-2025-0101-H-048,2025-01-01,harvest,harvest,6,222,G6-02,17,9,1638,1371,bunches,17.0,9.0,partial,07:08,12:54,
WO-2025-0101-H-049,2025-01-01,harvest,harvest,6,223,G6-02,11,9,1136,1092,bunches,11.0,9.0,completed,07:08,14:04,
WO-2025-0101-H-050,2025-01-01,harvest,harvest,6,249,G6-03,14,9,1422,1117,bunches,14.0,9.0,partial,07:12,12:47,WO-2025-0106-H-047
WO-2025-0101-H-051,2025-01-01,harvest,harvest,6,250,G6-03,8,9,848,924,bunches,8.0,9.0,completed,07:04,14:57,
WO-2025-0101-H-052,2025-01-01,harvest,harvest,6,255,G6-03,11,9,1034,1072,bunches,11.0,9.0,completed,06:47,14:36,
WO-2025-0101-H-053,2025-01-01,harvest,harvest,6,259,G6-04,15,9,1525,1370,bunches,15.0,9.0,completed,06:00,13:28,
WO-2025-0101-H-054,2025-01-01,harvest,harvest,6,262,G6-04,20,9,1890,1513,bunches,20.0,9.0,partial,06:52,12:45,
WO-2025-0101-H-055,2025-01-01,harvest,harvest,6,264,G6-04,8,6,803,697,bunches,8.0,6.0,completed,07:07,13:26,
WO-2025-0101-H-056,2025-01-01,harvest,harvest,7,294,G7-01,7,6,663,620,bunches,7.0,6.0,completed,07:08,13:42,
WO-2025-0101-H-057,2025-01-01,harvest,harvest,7,297,G7-01,11,9,1034,957,bunches,11.0,9.0,completed,06:58,13:53,
WO-2025-0101-H-058,2025-01-01,harvest,harvest,7,298,G7-01,11,9,1093,1003,bunches,11.0,9.0,completed,06:45,13:32,
WO-2025-0101-H-059,2025-01-01,harvest,harvest,7,299,G7-02,9,9,913,876,bunches,9.0,9.0,completed,07:10,14:25,
WO-2025-0101-H-060,2025-01-01,harvest,harvest,7,306,G7-02,20,9,1972,2070,bunches,20.0,9.0,completed,07:20,15:17,
WO-2025-0101-H-061,2025-01-01,harvest,harvest,7,307,G7-02,9,9,926,1011,bunches,9.0,9.0,completed,07:15,15:29,
WO-2025-0101-H-062,2025-01-01,harvest,harvest,7,310,G7-02,16,9,1602,1594,bunches,16.0,9.0,completed,07:11,14:29,
WO-2025-0101-H-063,2025-01-01,harvest,harvest,7,329,G7-03,6,7,650,712,bunches,6.0,7.0,completed,07:04,15:09,
WO-2025-0101-H-064,2025-01-01,harvest,harvest,7,334,G7-03,9,9,863,953,bunches,9.0,9.0,completed,07:20,15:19,
WO-2025-0101-H-065,2025-01-01,harvest,harvest,7,337,G7-03,10,9,1021,907,bunches,10.0,9.0,completed,07:02,13:10,
WO-2025-0101-H-066,2025-01-01,harvest,harvest,7,338,G7-03,12,9,1222,892,bunches,12.0,9.0,partial,07:07,12:19,WO-2025-0104-H-050
WO-2025-0101-H-067,2025-01-01,harvest,harvest,7,341,G7-04,9,7,883,704,bunches,9.0,7.0,partial,06:53,12:59,WO-2025-0103-H-065
WO-2025-0101-H-068,2025-01-01,harvest,harvest,7,347,G7-04,16,9,1779,1934,bunches,16.0,9.0,completed,06:47,14:19,
WO-2025-0102-H-001,2025-01-02,harvest,harvest,1,4,G1-01,4,4,358,412,bunches,4.0,4.0,completed,06:46,14:55,
WO-2025-0102-H-002,2025-01-02,harvest,harvest,1,15,G1-02,10,9,1054,967,bunches,10.0,9.0,completed,07:06,13:59,
WO-2025-0102-H-003,2025-01-02,harvest,harvest,1,19,G1-02,7,6,678,629,bunches,7.0,6.0,completed,07:20,14:02,
WO-2025-0102-H-004,2025-01-02,harvest,harvest,1,22,G1-03,9,7,885,741,bunches,9.0,7.0,partial,06:00,13:17,WO-2025-0106-H-007
WO-2025-0102-H-005,2025-01-02,harvest,harvest,1,23,G1-03,10,8,934,824,bunches,10.0,8.0,completed,07:20,13:34,
WO-2025-0102-H-006,2025-01-02,harvest,harvest,1,26,G1-03,7,8,707,788,bunches,7.0,8.0,completed,06:53,14:40,
WO-2025-0102-H-007,2025-01-02,harvest,harvest,1,28,G1-03,8,8,849,774,bunches,8.0,8.0,completed,06:49,13:05,
WO-2025-0102-H-008,2025-01-02,harvest,harvest,1,30,G1-03,5,5,546,550,bunches,5.0,5.0,completed,06:45,14:03,
WO-2025-0102-H-009,2025-01-02,harvest,harvest,1,38,G1-04,6,5,608,516,bunches,6.0,5.0,partial,07:04,13:18,WO-2025-0107-H-011
WO-2025-0102-H-010,2025-01-02,harvest,harvest,2,42,G2-01,8,8,800,776,bunches,8.0,8.0,completed,06:55,13:52,
WO-2025-0102-H-011,2025-01-02,harvest,harvest,2,43,G2-01,7,0,687,0,bunches,7.0,0.0,not_started,07:08,,WO-2025-0103-H-016
WO-2025-0102-H-012,2025-01-02,harvest,harvest,2,55,G2-02,9,7,861,728,bunches,9.0,7.0,partial,07:09,13:02,WO-2025-0107-H-013
WO-2025-0102-H-013,2025-01-02,harvest,harvest,2,56,G2-02,12,9,1196,1073,bunches,12.0,9.0,completed,07:01,13:30,
WO-2025-0102-H-014,2025-01-02,harvest,harvest,2,66,G2-03,13,9,1278,1070,bunches,13.0,9.0,partial,06:48,12:35,WO-2025-0107-H-015
WO-2025-0102-H-015,2025-01-02,harvest,harvest,2,70,G2-04,10,9,1030,936,bunches,10.0,9.0,completed,07:04,13:48,
WO-2025-0102-H-016,2025-01-02,harvest,harvest,2,73,G2-04,6,6,591,639,bunches,6.0,6.0,completed,07:06,15:10,
WO-2025-0102-H-017,2025-01-02,harvest,harvest,2,74,G2-04,11,9,1098,1069,bunches,11.0,9.0,completed,06:59,13:50,
WO-2025-0102-H-018,2025-01-02,harvest,harvest,3,77,G3-01,17,9,1762,1443,bunches,17.0,9.0,partial,06:45,12:52,
WO-2025-0102-H-019,2025-01-02,harvest,harvest,3,85,G3-01,9,9,959,919,bunches,9.0,9.0,completed,06:54,13:59,
WO-2025-0102-H-020,2025-01-02,harvest,harvest,3,92,G3-02,10,9,1025,947,bunches,10.0,9.0,completed,07:13,14:11,
WO-2025-0102-H-021,2025-01-02,harvest,harvest,3,96,G3-02,16,9,1548,1395,bunches,16.0,9.0,completed,07:09,13:26,
WO-2025-0102-H-022,2025-01-02,harvest,harvest,3,97,G3-02,11,9,1124,1041,bunches,11.0,9.0,completed,06:54,13:53,
WO-2025-0102-H-023,2025-01-02,harvest,harvest,3,103,G3-03,7,8,718,777,bunches,7.0,8.0,completed,07:14,15:21,
WO-2025-0102-H-024,2025-01-02,harvest,harvest,3,108,G3-03,12,9,1233,1155,bunches,12.0,9.0,completed,06:52,13:50,
WO-2025-0102-H-025,2025-01-02,harvest,harvest,3,110,G3-03,16,9,1621,1210,bunches,16.0,9.0,partial,07:20,12:37,WO-2025-0106-H-023
WO-2025-0102-H-026,2025-01-02,harvest,harvest,3,116,G3-04,6,6,610,568,bunches,6.0,6.0,completed,06:47,13:39,
WO-2025-0102-H-027,2025-01-02,harvest,harvest,3,117,G3-04,4,4,405,362,bunches,4.0,4.0,completed,07:14,13:54,
WO-2025-0102-H-028,2025-01-02,harvest,harvest,4,127,G4-01,1,2,157,163,bunches,1.0,2.0,completed,07:11,14:38,
WO-2025-0102-H-029,2025-01-02,harvest,harvest,4,134,G4-02,14,9,1536,1581,bunches,14.0,9.0,completed,07:14,14:40,
WO-2025-0102-H-030,2025-01-02,harvest,harvest,4,135,G4-02,14,9,1518,1478,bunches,14.0,9.0,completed,07:11,14:31,
WO-2025-0102-H-031,2025-01-02,harvest,harvest,4,141,G4-02,16,9,1615,1423,bunches,16.0,9.0,completed,07:17,13:37,
WO-2025-0102-H-032,2025-01-02,harvest,harvest,4,145,G4-03,13,9,1344,1472,bunches,13.0,9.0,completed,06:56,15:01,
WO-2025-0102-H-033,2025-01-02,harvest,harvest,4,149,G4-03,14,9,1457,1271,bunches,14.0,9.0,completed,07:14,13:24,
WO-2025-0102-H-034,2025-01-02,harvest,harvest,4,150,G4-03,17,9,1791,1539,bunches,17.0,9.0,completed,06:56,13:13,
WO-2025-0102-H-035,2025-01-02,harvest,harvest,4,154,G4-03,5,3,524,370,bunches,5.0,3.0,partial,06:00,11:54,
WO-2025-0102-H-036,2025-01-02,harvest,harvest,4,163,G4-04,13,9,1386,1187,bunches,13.0,9.0,completed,07:03,13:30,
WO-2025-0102-H-037,2025-01-02,harvest,harvest,4,164,G4-04,8,8,813,807,bunches,8.0,8.0,completed,06:48,13:47,
WO-2025-0102-H-038,2025-01-02,harvest,harvest,4,166,G4-04,9,9,908,867,bunches,9.0,9.0,completed,07:15,14:05,
WO-2025-0102-H-039,2025-01-02,harvest,harvest,5,178,G5-01,17,9,1721,1613,bunches,17.0,9.0,completed,06:47,13:26,
WO-2025-0102-H-040,2025-01-02,harvest,harvest,5,180,G5-02,12,9,1239,1221,bunches,12.0,9.0,completed,06:55,14:17,
WO-2025-0102-H-041,2025-01-02,harvest,harvest,5,182,G5-02,11,9,1137,1307,bunches,11.0,9.0,completed,07:11,15:25,
WO-2025-0102-H-042,2025-01-02,harvest,harvest,5,187,G5-02,18,9,1803,1609,bunches,18.0,9.0,completed,07:00,13:41,
WO-2025-0102-H-043,2025-01-02,harvest,harvest,5,188,G5-02,12,9,1156,1004,bunches,12.0,9.0,completed,06:57,12:58,
WO-2025-0102-H-044,2025-01-02,harvest,harvest,5,199,G5-03,10,8,1007,798,bunches,10.0,8.0,partial,07:16,12:44,
WO-2025-0102-H-045,2025-01-02,harvest,harvest,6,205,G6-01,8,8,844,799,bunches,8.0,8.0,completed,06:56,13:43,
WO-2025-0102-H-046,2025-01-02,harvest,harvest,6,211,G6-01,10,9,1170,1147,bunches,10.0,9.0,completed,07:13,14:04,
WO-2025-0102-H-047,2025-01-02,harvest,harvest,6,212,G6-01,10,9,1112,1175,bunches,10.0,9.0,completed,06:57,14:54,
WO-2025-0102-H-048,2025-01-02,harvest,harvest,6,215,G6-02,15,9,1593,1636,bunches,15.0,9.0,completed,06:50,14:30,
WO-2025-0102-H-049,2025-01-02,harvest,harvest,6,245,G6-02,11,9,1084,953,bunches,11.0,9.0,completed,07:11,13:45,
WO-2025-0102-H-050,2025-01-02,harvest,harvest,6,248,G6-03,9,8,893,734,bunches,9.0,8.0,partial,06:56,12:39,WO-2025-0107-H-050
WO-2025-0102-H-051,2025-01-02,harvest,harvest,6,256,G6-03,9,7,905,678,bunches,9.0,7.0,partial,07:16,12:43,
WO-2025-0102-H-052,2025-01-02,harvest,harvest,6,379,G6-05,10,9,1000,1063,bunches,10.0,9.0,completed,07:13,14:57,
WO-2025-0102-H-053,2025-01-02,harvest,harvest,6,380,G6-05,12,9,1363,1333,bunches,12.0,9.0,completed,07:07,14:10,
WO-2025-0102-H-054,2025-01-02,harvest,harvest,7,291,G7-01,13,9,1316,1157,bunches,13.0,9.0,completed,06:48,12:53,
WO-2025-0102-H-055,2025-01-02,harvest,harvest,7,292,G7-01,16,9,1578,1220,bunches,16.0,9.0,partial,07:10,12:43,WO-2025-0105-H-034
WO-2025-0102-H-056,2025-01-02,harvest,harvest,7,293,G7-01,11,9,1169,1138,bunches,11.0,9.0,completed,07:08,14:03,
WO-2025-0102-H-057,2025-01-02,harvest,harvest,7,305,G7-02,15,9,1515,1293,bunches,15.0,9.0,completed,07:01,12:00,
WO-2025-0102-H-058,2025-01-02,harvest,harvest,7,308,G7-02,10,8,1131,888,bunches,10.0,8.0,partial,07:07,12:33,
WO-2025-0102-H-059,2025-01-02,harvest,harvest,7,332,G7-03,22,9,2172,1502,bunches,22.0,9.0,partial,07:20,12:31,
WO-2025-0102-H-060,2025-01-02,harvest,harvest,7,333,G7-03,11,9,1094,1009,bunches,11.0,9.0,completed,06:55,13:57,
WO-2025-0102-H-061,2025-01-02,harvest,harvest,7,336,G7-03,14,9,1489,1511,bunches,14.0,9.0,completed,06:45,14:20,
WO-2025-0102-H-062,2025-01-02,harvest,harvest,7,339,G7-04,11,9,1088,1141,bunches,11.0,9.0,completed,06:46,14:22,
WO-2025-0102-H-063,2025-01-02,harvest,harvest,7,340,G7-04,16,9,1623,1504,bunches,16.0,9.0,completed,07:18,14:03,
WO-2025-0102-H-064,2025-01-02,harvest,harvest,7,344,G7-04,15,9,1562,1247,bunches,15.0,9.0,partial,07:13,12:55,
WO-2025-0103-H-001,2025-01-03,harvest,harvest,1,1,G1-01,2,2,171,181,bunches,2.0,2.0,completed,06:47,14:19,
WO-2025-0103-H-002,2025-01-03,harvest,harvest,1,7,G1-01,5,4,485,426,bunches,5.0,4.0,completed,07:14,13:51,
WO-2025-0103-H-003,2025-01-03,harvest,harvest,1,8,G1-01,12,9,1190,1038,bunches,12.0,9.0,completed,07:11,13:18,
WO-2025-0103-H-004,2025-01-03,harvest,harvest,1,9,G1-01,8,7,764,696,bunches,8.0,7.0,completed,07:20,14:05,
WO-2025-0103-H-005,2025-01-03,harvest,harvest,1,10,G1-01,12,9,1164,875,bunches,12.0,9.0,partial,06:57,12:12,WO-2025-0107-H-005
WO-2025-0103-H-006,2025-01-03,harvest,harvest,1,17,G1-02,6,6,560,573,bunches,6.0,6.0,completed,07:11,14:10,
WO-2025-0103-H-007,2025-01-03,harvest,harvest,1,18,G1-02,4,4,435,408,bunches,4.0,4.0,completed,06:57,13:49,
WO-2025-0103-H-008,2025-01-03,harvest,harvest,1,20,G1-02,5,5,505,487,bunches,5.0,5.0,completed,07:16,13:54,
WO-2025-0103-H-009,2025-01-03,harvest,harvest,1,21,G1-03,9,8,851,814,bunches,9.0,8.0,completed,07:17,14:12,
WO-2025-0103-H-010,2025-01-03,harvest,harvest,1,29,G1-03,9,8,960,872,bunches,9.0,8.0,completed,06:46,13:08,
WO-2025-0103-H-011,2025-01-03,harvest,harvest,1,32,G1-04,5,5,492,540,bunches,5.0,5.0,completed,06:50,14:39,
WO-2025-0103-H-012,2025-01-03,harvest,harvest,1,34,G1-04,8,7,802,719,bunches,8.0,7.0,completed,06:51,13:32,
WO-2025-0103-H-013,2025-01-03,harvest,harvest,1,35,G1-04,10,8,1069,838,bunches,10.0,8.0,partial,07:08,12:43,
WO-2025-0103-H-014,2025-01-03,harvest,harvest,1,37,G1-04,6,6,607,574,bunches,6.0,6.0,completed,07:17,14:13,
WO-2025-0103-H-015,2025-01-03,harvest,harvest,2,40,G2-01,15,9,1498,1386,bunches,15.0,9.0,completed,07:07,13:44,
WO-2025-0103-H-016,2025-01-03,harvest,harvest,2,43,G2-01,7,6,687,614,bunches,7.0,6.0,completed,06:56,13:02,
WO-2025-0103-H-017,2025-01-03,harvest,harvest,2,44,G2-01,6,7,579,664,bunches,6.0,7.0,completed,07:03,15:10,
WO-2025-0103-H-018,2025-01-03,harvest,harvest,2,46,G2-01,9,9,855,983,bunches,9.0,9.0,completed,06:57,15:14,
WO-2025-0103-H-019,2025-01-03,harvest,harvest,2,47,G2-01,9,9,924,883,bunches,9.0,9.0,completed,06:45,13:50,
WO-2025-0103-H-020,2025-01-03,harvest,harvest,2,64,G2-03,8,7,810,740,bunches,8.0,7.0,completed,06:46,13:39,
WO-2025-0103-H-021,2025-01-03,harvest,harvest,2,382,G2-04,7,8,797,865,bunches,7.0,8.0,completed,07:02,14:44,
WO-2025-0103-H-022,2025-01-03,harvest,harvest,3,75,G3-01,10,9,1081,1153,bunches,10.0,9.0,completed,06:54,14:13,
WO-2025-0103-H-023,2025-01-03,harvest,harvest,3,76,G3-01,13,9,1303,1098,bunches,13.0,9.0,partial,06:51,12:49,WO-2025-0108-H-017
WO-2025-0103-H-024,2025-01-03,harvest,harvest,3,78,G3-01,13,9,1248,1162,bunches,13.0,9.0,completed,07:20,13:47,
WO-2025-0103-H-025,2025-01-03,harvest,harvest,3,80,G3-01,7,7,623,703,bunches,7.0,7.0,completed,06:52,14:47,
WO-2025-0103-H-026,2025-01-03,harvest,harvest,3,83,G3-01,14,9,1492,1515,bunches,14.0,9.0,completed,06:56,14:33,
WO-2025-0103-H-027,2025-01-03,harvest,harvest,3,87,G3-01,18,9,1768,1576,bunches,18.0,9.0,completed,06:59,13:11,
WO-2025-0103-H-028,2025-01-03,harvest,harvest,3,89,G3-02,9,9,880,961,bunches,9.0,9.0,completed,07:07,14:47,
WO-2025-0103-H-029,2025-01-03,harvest,harvest,3,91,G3-02,10,9,991,883,bunches,10.0,9.0,completed,06:47,13:23,
WO-2025-0103-H-030,2025-01-03,harvest,harvest,3,93,G3-02,8,8,835,818,bunches,8.0,8.0,completed,07:09,14:17,
WO-2025-0103-H-031,2025-01-03,harvest,harvest,3,101,G3-03,13,9,1312,1308,bunches,13.0,9.0,completed,06:46,13:50,
WO-2025-0103-H-032,2025-01-03,harvest,harvest,3,102,G3-03,8,8,862,812,bunches,8.0,8.0,completed,07:14,14:03,
WO-2025-0103-H-033,2025-01-03,harvest,harvest,3,104,G3-03,9,8,944,817,bunches,9.0,8.0,completed,06:49,12:56,
WO-2025-0103-H-034,2025-01-03,harvest,harvest,3,109,G3-03,6,6,631,670,bunches,6.0,6.0,completed,06:52,14:40,
WO-2025-0103-H-035,2025-01-03,harvest,harvest,3,369,G3-04,2,2,206,185,bunches,2.0,2.0,completed,07:10,13:59,
WO-2025-0103-H-036,2025-01-03,harvest,harvest,4,122,G4-01,7,7,741,717,bunches,7.0,7.0,completed,07:13,13:54,
WO-2025-0103-H-037,2025-01-03,harvest,harvest,4,123,G4-01,4,4,364,386,bunches,4.0,4.0,completed,07:02,14:41,
WO-2025-0103-H-038,2025-01-03,harvest,harvest,4,130,G4-01,15,9,1604,1358,bunches,15.0,9.0,partial,06:50,13:12,
WO-2025-0103-H-039,2025-01-03,harvest,harvest,4,140,G4-02,17,0,1733,0,bunches,17.0,0.0,not_started,07:08,,WO-2025-0104-H-031
WO-2025-0103-H-040,2025-01-03,harvest,harvest,4,142,G4-02,11,9,1178,998,bunches,11.0,9.0,partial,06:59,13:21,WO-2025-0106-H-033
WO-2025-0103-H-041,2025-01-03,harvest,harvest,4,144,G4-03,9,9,841,957,bunches,9.0,9.0,completed,07:07,14:55,
WO-2025-0103-H-042,2025-01-03,harvest,harvest,4,152,G4-03,17,9,1787,2043,bunches,17.0,9.0,completed,06:46,15:13,
WO-2025-0103-H-043,2025-01-03,harvest,harvest,4,155,G4-04,15,9,1482,1625,bunches,15.0,9.0,completed,06:53,14:49,
WO-2025-0103-H-044,2025-01-03,harvest,harvest,4,159,G4-04,19,0,1934,0,bunches,19.0,0.0,not_started,07:10,,WO-2025-0104-H-034
WO-2025-0103-H-045,2025-01-03,harvest,harvest,5,168,G5-01,10,9,1050,1208,bunches,10.0,9.0,completed,06:53,15:12,
WO-2025-0103-H-046,2025-01-03,harvest,harvest,5,179,G5-01,11,9,1142,1189,bunches,11.0,9.0,completed,06:57,14:48,
WO-2025-0103-H-047,2025-01-03,harvest,harvest,5,181,G5-02,13,9,1343,1315,bunches,13.0,9.0,completed,06:46,13:45,
WO-2025-0103-H-048,2025-01-03,harvest,harvest,5,189,G5-02,12,9,1280,1194,bunches,12.0,9.0,completed,07:09,13:42,
WO-2025-0103-H-049,2025-01-03,harvest,harvest,5,193,G5-03,13,9,1307,1198,bunches,13.0,9.0,completed,07:20,14:06,
WO-2025-0103-H-050,2025-01-03,harvest,harvest,6,204,G6-01,13,9,1386,1501,bunches,13.0,9.0,completed,07:03,14:57,
WO-2025-0103-H-051,2025-01-03,harvest,harvest,6,210,G6-01,12,9,1261,1317,bunches,12.0,9.0,completed,06:57,14:27,
WO-2025-0103-H-052,2025-01-03,harvest,harvest,6,230,G6-02,13,9,1393,1027,bunches,13.0,9.0,partial,06:54,12:03,WO-2025-0107-H-049
WO-2025-0103-H-053,2025-01-03,harvest,harvest,6,251,G6-03,9,9,886,942,bunches,9.0,9.0,completed,07:03,14:31,
WO-2025-0103-H-054,2025-01-03,harvest,harvest,6,252,G6-03,18,9,1863,1784,bunches,18.0,9.0,completed,07:08,14:22,
WO-2025-0103-H-055,2025-01-03,harvest,harvest,6,253,G6-03,8,9,839,960,bunches,8.0,9.0,completed,07:08,15:27,
WO-2025-0103-H-056,2025-01-03,harvest,harvest,6,254,G6-03,12,9,1183,1019,bunches,12.0,9.0,completed,07:07,13:23,
WO-2025-0103-H-057,2025-01-03,harvest,harvest,6,265,G6-04,9,8,932,904,bunches,9.0,8.0,completed,07:15,13:59,
WO-2025-0103-H-058,2025-01-03,harvest,harvest,6,266,G6-04,18,9,1822,1454,bunches,18.0,9.0,partial,07:16,12:54,WO-2025-0107-H-051
WO-2025-0103-H-059,2025-01-03,harvest,harvest,6,268,G6-05,24,9,2524,2027,bunches,24.0,9.0,partial,07:04,12:42,
WO-2025-0103-H-060,2025-01-03,harvest,harvest,7,300,G7-02,6,7,642,630,bunches,6.0,7.0,completed,07:18,14:31,
WO-2025-0103-H-061,2025-01-03,harvest,harvest,7,302,G7-02,8,9,803,924,bunches,8.0,9.0,completed,06:58,15:28,
WO-2025-0103-H-062,2025-01-03,harvest,harvest,7,311,G7-03,14,9,1449,1503,bunches,14.0,9.0,completed,06:56,14:12,
WO-2025-0103-H-063,2025-01-03,harvest,harvest,7,328,G7-03,10,9,1037,974,bunches,10.0,9.0,completed,06:54,13:59,
WO-2025-0103-H-064,2025-01-03,harvest,harvest,7,330,G7-03,8,9,757,853,bunches,8.0,9.0,completed,07:12,14:56,
WO-2025-0103-H-065,2025-01-03,harvest,harvest,7,341,G7-04,9,7,942,704,bunches,9.0,7.0,partial,07:14,12:36,WO-2025-0105-H-038
WO-2025-0103-H-066,2025-01-03,harvest,harvest,7,342,G7-04,12,9,1272,931,bunches,12.0,9.0,partial,07:11,12:38,WO-2025-0108-H-057
WO-2025-0104-H-001,2025-01-04,harvest,harvest,1,6,G1-01,3,2,344,240,bunches,3.0,2.0,partial,07:18,12:26,
WO-2025-0104-H-002,2025-01-04,harvest,harvest,1,11,G1-02,8,8,826,836,bunches,8.0,8.0,completed,07:19,14:36,
WO-2025-0104-H-003,2025-01-04,harvest,harvest,1,12,G1-02,10,9,1016,1077,bunches,10.0,9.0,completed,06:45,14:17,
WO-2025-0104-H-004,2025-01-04,harvest,harvest,1,13,G1-02,11,9,1082,944,bunches,11.0,9.0,completed,06:50,13:30,
WO-2025-0104-H-005,2025-01-04,harvest,harvest,1,24,G1-03,9,8,890,770,bunches,9.0,8.0,completed,06:48,12:58,
WO-2025-0104-H-006,2025-01-04,harvest,harvest,1,25,G1-03,12,9,1227,1082,bunches,12.0,9.0,completed,07:18,13:36,
WO-2025-0104-H-007,2025-01-04,harvest,harvest,1,27,G1-03,8,8,789,764,bunches,8.0,8.0,completed,06:47,13:47,
WO-2025-0104-H-008,2025-01-04,harvest,harvest,1,33,G1-04,8,6,878,638,bunches,8.0,6.0,partial,06:46,12:15,WO-2025-0107-H-010
WO-2025-0104-H-009,2025-01-04,harvest,harvest,1,36,G1-04,10,7,991,709,bunches,10.0,7.0,partial,07:06,11:52,WO-2025-0108-H-007
WO-2025-0104-H-010,2025-01-04,harvest,harvest,1,39,G1-04,12,8,1133,823,bunches,12.0,8.0,partial,07:18,12:36,WO-2025-0106-H-012
WO-2025-0104-H-011,2025-01-04,harvest,harvest,2,45,G2-01,10,8,995,736,bunches,10.0,8.0,partial,07:18,12:22,
WO-2025-0104-H-012,2025-01-04,harvest,harvest,2,49,G2-01,11,9,1111,948,bunches,11.0,9.0,completed,06:55,13:09,
WO-2025-0104-H-013,2025-01-04,harvest,harvest,2,54,G2-02,13,9,1248,926,bunches,13.0,9.0,partial,07:01,12:38,WO-2025-0109-H-010
WO-2025-0104-H-014,2025-01-04,harvest,harvest,2,57,G2-02,11,9,1101,971,bunches,11.0,9.0,completed,07:14,13:40,
WO-2025-0104-H-015,2025-01-04,harvest,harvest,2,58,G2-02,10,8,981,822,bunches,10.0,8.0,partial,06:54,12:57,
WO-2025-0104-H-016,2025-01-04,harvest,harvest,2,59,G2-03,14,9,1404,1103,bunches,14.0,9.0,partial,06:49,12:33,WO-2025-0109-H-013
WO-2025-0104-H-017,2025-01-04,harvest,harvest,2,63,G2-03,9,9,923,967,bunches,9.0,9.0,completed,07:20,15:08,
WO-2025-0104-H-018,2025-01-04,harvest,harvest,2,71,G2-04,7,8,701,789,bunches,7.0,8.0,completed,06:56,15:05,
WO-2025-0104-H-019,2025-01-04,harvest,harvest,2,72,G2-04,8,7,790,656,bunches,8.0,7.0,partial,07:01,12:39,WO-2025-0108-H-016
WO-2025-0104-H-020,2025-01-04,harvest,harvest,3,84,G3-01,22,9,2241,1650,bunches,22.0,9.0,partial,07:09,12:12,WO-2025-0108-H-018
WO-2025-0104-H-021,2025-01-04,harvest,harvest,3,88,G3-02,12,9,1197,997,bunches,12.0,9.0,partial,06:52,12:33,WO-2025-0109-H-019
WO-2025-0104-H-022,2025-01-04,harvest,harvest,3,95,G3-02,14,9,1483,1367,bunches,14.0,9.0,completed,06:49,13:15,
WO-2025-0104-H-023,2025-01-04,harvest,harvest,3,105,G3-03,9,7,916,638,bunches,9.0,7.0,partial,06:47,11:58,WO-2025-0108-H-022
WO-2025-0104-H-024,2025-01-04,harvest,harvest,3,106,G3-03,4,4,409,404,bunches,4.0,4.0,completed,07:02,14:13,
WO-2025-0104-H-025,2025-01-04,harvest,harvest,3,112,G3-03,13,9,1342,1079,bunches,13.0,9.0,partial,07:10,12:50,
WO-2025-0104-H-026,2025-01-04,harvest,harvest,3,114,G3-04,8,7,838,725,bunches,8.0,7.0,completed,07:04,12:54,
WO-2025-0104-H-027,2025-01-04,harvest,harvest,3,118,G3-04,5,4,482,423,bunches,5.0,4.0,completed,07:07,13:08,
WO-2025-0104-H-028,2025-01-04,harvest,harvest,4,128,G4-01,19,9,1971,1359,bunches,19.0,9.0,partial,06:58,12:06,
WO-2025-0104-H-029,2025-01-04,harvest,harvest,4,131,G4-01,19,9,2043,1884,bunches,19.0,9.0,completed,06:48,13:28,
WO-2025-0104-H-030,2025-01-04,harvest,harvest,4,138,G4-02,12,9,1265,1036,bunches,12.0,9.0,partial,06:54,12:46,WO-2025-0107-H-033
WO-2025-0104-H-031,2025-01-04,harvest,harvest,4,140,G4-02,17,9,1733,1270,bunches,17.0,9.0,partial,06:59,12:01,WO-2025-0105-H-018
WO-2025-0104-H-032,2025-01-04,harvest,harvest,4,143,G4-02,19,9,1981,1709,bunches,19.0,9.0,completed,06:55,13:21,
WO-2025-0104-H-033,2025-01-04,harvest,harvest,4,151,G4-03,17,9,1773,1531,bunches,17.0,9.0,completed,07:16,13:25,
WO-2025-0104-H-034,2025-01-04,harvest,harvest,4,159,G4-04,19,9,1934,1547,bunches,19.0,9.0,partial,07:05,12:33,WO-2025-0109-H-030
WO-2025-0104-H-035,2025-01-04,harvest,harvest,4,160,G4-04,25,9,2524,2173,bunches,25.0,9.0,completed,06:59,12:58,
WO-2025-0104-H-036,2025-01-04,harvest,harvest,5,172,G5-01,13,9,1342,1203,bunches,13.0,9.0,completed,06:50,13:01,
WO-2025-0104-H-037,2025-01-04,harvest,harvest,5,173,G5-01,10,9,1018,900,bunches,10.0,9.0,completed,06:48,13:30,
WO-2025-0104-H-038,2025-01-04,harvest,harvest,5,190,G5-02,18,9,1970,1637,bunches,18.0,9.0,partial,07:08,13:14,WO-2025-0109-H-035
WO-2025-0104-H-039,2025-01-04,harvest,harvest,5,196,G5-03,11,9,1158,1112,bunches,11.0,9.0,completed,07:16,14:05,
WO-2025-0104-H-040,2025-01-04,harvest,harvest,6,208,G6-01,13,9,1308,870,bunches,13.0,9.0,partial,06:55,11:52,
WO-2025-0104-H-041,2025-01-04,harvest,harvest,6,257,G6-03,14,9,1396,1433,bunches,14.0,9.0,completed,07:12,14:13,
WO-2025-0104-H-042,2025-01-04,harvest,harvest,6,260,G6-04,10,9,998,992,bunches,10.0,9.0,completed,07:20,14:27,
WO-2025-0104-H-043,2025-01-04,harvest,harvest,6,263,G6-04,16,0,1557,0,bunches,16.0,0.0,not_started,07:10,,WO-2025-0105-H-031
WO-2025-0104-H-044,2025-01-04,harvest,harvest,6,267,G6-04,11,9,1136,1059,bunches,11.0,9.0,completed,07:12,13:59,
WO-2025-0104-H-045,2025-01-04,harvest,harvest,6,272,G6-05,16,9,1643,1442,bunches,16.0,9.0,completed,07:09,13:19,
WO-2025-0104-H-046,2025-01-04,harvest,harvest,7,295,G7-01,9,9,901,865,bunches,9.0,9.0,completed,06:48,13:30,
WO-2025-0104-H-047,2025-01-04,harvest,harvest,7,296,G7-01,10,9,1007,935,bunches,10.0,9.0,completed,07:04,13:54,
WO-2025-0104-H-048,2025-01-04,harvest,harvest,7,297,G7-01,12,9,1123,957,bunches,12.0,9.0,completed,07:02,13:23,
WO-2025-0104-H-049,2025-01-04,harvest,harvest,7,309,G7-02,11,7,1136,764,bunches,11.0,7.0,partial,06:49,11:40,WO-2025-0109-H-048
WO-2025-0104-H-050,2025-01-04,harvest,harvest,7,338,G7-03,14,9,1387,892,bunches,14.0,9.0,partial,07:16,12:11,
WO-2025-0105-H-001,2025-01-05,harvest,harvest,1,3,G1-01,9,4,897,402,bunches,9.0,4.0,partial,06:00,09:52,
WO-2025-0105-H-002,2025-01-05,harvest,harvest,1,4,G1-01,9,4,920,412,bunches,9.0,4.0,partial,07:06,10:27,
WO-2025-0105-H-003,2025-01-05,harvest,harvest,1,14,G1-02,10,7,1065,708,bunches,10.0,7.0,partial,07:18,11:43,WO-2025-0109-H-002
WO-2025-0105-H-004,2025-01-05,harvest,harvest,2,52,G2-02,14,8,1442,801,bunches,14.0,8.0,partial,07:18,11:35,
WO-2025-0105-H-005,2025-01-05,harvest,harvest,2,65,G2-03,9,5,899,493,bunches,9.0,5.0,partial,07:18,11:33,WO-2025-0110-H-018
WO-2025-0105-H-006,2025-01-05,harvest,harvest,2,67,G2-03,17,8,1729,830,bunches,17.0,8.0,partial,07:04,10:24,WO-2025-0108-H-013
WO-2025-0105-H-007,2025-01-05,harvest,harvest,2,73,G2-04,11,6,1062,639,bunches,11.0,6.0,partial,06:51,11:15,WO-2025-0107-H-017
WO-2025-0105-H-008,2025-01-05,harvest,harvest,2,74,G2-04,15,9,1562,1069,bunches,15.0,9.0,partial,07:00,11:41,
WO-2025-0105-H-009,2025-01-05,harvest,harvest,3,98,G3-02,21,9,2083,1332,bunches,21.0,9.0,partial,07:09,11:56,
WO-2025-0105-H-010,2025-01-05,harvest,harvest,3,100,G3-02,17,9,1788,1127,bunches,17.0,9.0,partial,06:51,11:06,WO-2025-0110-H-025
WO-2025-0105-H-011,2025-01-05,harvest,harvest,3,103,G3-03,9,8,952,777,bunches,9.0,8.0,partial,07:14,13:17,
WO-2025-0105-H-012,2025-01-05,harvest,harvest,3,107,G3-03,17,9,1811,1229,bunches,17.0,9.0,partial,07:20,12:18,WO-2025-0109-H-021
WO-2025-0105-H-013,2025-01-05,harvest,harvest,4,129,G4-01,16,9,1740,992,bunches,16.0,9.0,partial,06:53,11:15,
WO-2025-0105-H-014,2025-01-05,harvest,harvest,4,133,G4-02,16,9,1754,1447,bunches,16.0,9.0,partial,07:04,13:21,WO-2025-0109-H-026
WO-2025-0105-H-015,2025-01-05,harvest,harvest,4,134,G4-02,16,9,1692,1581,bunches,16.0,9.0,completed,07:06,13:34,
WO-2025-0105-H-016,2025-01-05,harvest,harvest,4,136,G4-02,13,9,1354,1439,bunches,13.0,9.0,completed,07:15,14:48,
WO-2025-0105-H-017,2025-01-05,harvest,harvest,4,137,G4-02,15,9,1518,1542,bunches,15.0,9.0,completed,07:01,14:30,
WO-2025-0105-H-018,2025-01-05,harvest,harvest,4,140,G4-02,15,9,1567,1270,bunches,15.0,9.0,partial,07:03,12:38,WO-2025-0110-H-034
WO-2025-0105-H-019,2025-01-05,harvest,harvest,4,148,G4-03,19,9,2016,1043,bunches,19.0,9.0,partial,06:48,10:26,WO-2025-0110-H-035
WO-2025-0105-H-020,2025-01-05,harvest,harvest,5,169,G5-01,15,9,1493,1029,bunches,15.0,9.0,partial,07:13,12:06,WO-2025-0109-H-033
WO-2025-0105-H-021,2025-01-05,harvest,harvest,5,176,G5-01,16,9,1650,1095,bunches,16.0,9.0,partial,07:09,11:35,
WO-2025-0105-H-022,2025-01-05,harvest,harvest,5,189,G5-02,22,9,2236,1194,bunches,22.0,9.0,partial,06:54,10:28,
WO-2025-0105-H-023,2025-01-05,harvest,harvest,5,198,G5-03,12,6,1206,565,bunches,12.0,6.0,partial,06:59,10:43,
WO-2025-0105-H-024,2025-01-05,harvest,harvest,6,203,G6-01,22,9,2304,1401,bunches,22.0,9.0,partial,07:20,11:22,WO-2025-0108-H-038
WO-2025-0105-H-025,2025-01-05,harvest,harvest,6,205,G6-01,11,8,1112,799,bunches,11.0,8.0,partial,07:15,12:16,
WO-2025-0105-H-026,2025-01-05,harvest,harvest,6,223,G6-02,13,9,1302,1092,bunches,13.0,9.0,partial,06:47,12:28,
WO-2025-0105-H-027,2025-01-05,harvest,harvest,6,246,G6-02,11,9,1121,890,bunches,11.0,9.0,partial,06:49,12:45,WO-2025-0109-H-040
WO-2025-0105-H-028,2025-01-05,harvest,harvest,6,250,G6-03,11,9,1170,924,bunches,11.0,9.0,partial,06:56,12:34,
WO-2025-0105-H-029,2025-01-05,harvest,harvest,6,253,G6-03,14,9,1434,960,bunches,14.0,9.0,partial,07:14,11:45,WO-2025-0109-H-043
WO-2025-0105-H-030,2025-01-05,harvest,harvest,6,261,G6-04,21,9,2013,1723,bunches,21.0,9.0,completed,07:05,13:31,
WO-2025-0105-H-031,2025-01-05,harvest,harvest,6,263,G6-04,16,9,1557,1459,bunches,16.0,9.0,completed,06:46,13:26,
WO-2025-0105-H-032,2025-01-05,harvest,harvest,6,380,G6-05,21,9,2260,1333,bunches,21.0,9.0,partial,06:51,11:01,WO-2025-0108-H-048
WO-2025-0105-H-033,2025-01-05,harvest,harvest,7,289,G7-01,13,7,1347,745,bunches,13.0,7.0,partial,07:11,11:12,
WO-2025-0105-H-034,2025-01-05,harvest,harvest,7,292,G7-01,19,9,1957,1220,bunches,19.0,9.0,partial,07:14,11:29,
WO-2025-0105-H-035,2025-01-05,harvest,harvest,7,303,G7-02,20,9,2010,1075,bunches,20.0,9.0,partial,06:55,10:23,
WO-2025-0105-H-036,2025-01-05,harvest,harvest,7,331,G7-03,22,9,2214,1297,bunches,22.0,9.0,partial,06:51,11:16,
WO-2025-0105-H-037,2025-01-05,harvest,harvest,7,339,G7-04,15,9,1466,1141,bunches,15.0,9.0,partial,06:51,12:25,
WO-2025-0105-H-038,2025-01-05,harvest,harvest,7,341,G7-04,7,7,738,704,bunches,7.0,7.0,completed,07:14,14:04,
WO-2025-0105-H-039,2025-01-05,harvest,harvest,7,343,G7-04,11,9,1075,1009,bunches,11.0,9.0,completed,06:50,13:45,
WO-2025-0105-H-040,2025-01-05,harvest,harvest,7,345,G7-04,12,9,1236,1399,bunches,12.0,9.0,completed,06:59,15:24,
WO-2025-0105-H-041,2025-01-05,harvest,harvest,7,348,G7-04,15,9,1615,1720,bunches,15.0,9.0,completed,06:52,14:22,
WO-2025-0106-H-001,2025-01-06,harvest,harvest,1,5,G1-01,2,3,235,255,bunches,2.0,3.0,completed,07:01,15:10,
WO-2025-0106-H-002,2025-01-06,harvest,harvest,1,11,G1-02,7,8,738,836,bunches,7.0,8.0,completed,06:53,14:46,
WO-2025-0106-H-003,2025-01-06,harvest,harvest,1,15,G1-02,11,9,1086,967,bunches,11.0,9.0,completed,07:18,13:22,
WO-2025-0106-H-004,2025-01-06,harvest,harvest,1,16,G1-02,6,6,635,637,bunches,6.0,6.0,completed,07:02,13:52,
WO-2025-0106-H-005,2025-01-06,harvest,harvest,1,17,G1-02,5,6,539,573,bunches,5.0,6.0,completed,06:50,14:45,
WO-2025-0106-H-006,2025-01-06,harvest,harvest,1,21,G1-03,8,8,814,814,bunches,8.0,8.0,completed,07:08,14:30,
WO-2025-0106-H-007,2025-01-06,harvest,harvest,1,22,G1-03,7,7,727,741,bunches,7.0,7.0,completed,07:02,14:05,
WO-2025-0106-H-008,2025-01-06,harvest,harvest,1,29,G1-03,12,8,1228,872,bunches,12.0,8.0,partial,07:08,12:13,WO-2025-0111-H-008
WO-2025-0106-H-009,2025-01-06,harvest,harvest,1,30,G1-03,6,5,569,550,bunches,6.0,5.0,completed,07:10,14:04,
WO-2025-0106-H-010,2025-01-06,harvest,harvest,1,31,G1-04,7,5,726,572,bunches,7.0,5.0,partial,06:55,12:39,WO-2025-0107-H-009
WO-2025-0106-H-011,2025-01-06,harvest,harvest,1,32,G1-04,6,5,618,540,bunches,6.0,5.0,completed,07:13,13:22,
WO-2025-0106-H-012,2025-01-06,harvest,harvest,1,39,G1-04,10,8,949,823,bunches,10.0,8.0,completed,06:51,13:04,
WO-2025-0106-H-013,2025-01-06,harvest,harvest,2,42,G2-01,8,8,805,776,bunches,8.0,8.0,completed,07:03,13:50,
WO-2025-0106-H-014,2025-01-06,harvest,harvest,2,50,G2-02,6,6,604,610,bunches,6.0,6.0,completed,06:46,13:51,
WO-2025-0106-H-015,2025-01-06,harvest,harvest,2,51,G2-02,10,9,1032,896,bunches,10.0,9.0,completed,07:05,13:04,
WO-2025-0106-H-016,2025-01-06,harvest,harvest,2,53,G2-02,6,6,636,633,bunches,6.0,6.0,completed,07:01,13:51,
WO-2025-0106-H-017,2025-01-06,harvest,harvest,2,62,G2-03,22,9,2326,1699,bunches,22.0,9.0,partial,07:11,12:48,
WO-2025-0106-H-018,2025-01-06,harvest,harvest,3,75,G3-01,13,9,1402,1153,bunches,13.0,9.0,partial,06:45,12:30,WO-2025-0111-H-012
WO-2025-0106-H-019,2025-01-06,harvest,harvest,3,78,G3-01,14,9,1418,1162,bunches,14.0,9.0,partial,07:18,13:09,WO-2025-0111-H-013
WO-2025-0106-H-020,2025-01-06,harvest,harvest,3,92,G3-02,12,9,1211,947,bunches,12.0,9.0,partial,06:57,12:29,WO-2025-0110-H-021
WO-2025-0106-H-021,2025-01-06,harvest,harvest,3,94,G3-02,9,0,903,0,bunches,9.0,0.0,not_started,07:12,,WO-2025-0107-H-027
WO-2025-0106-H-022,2025-01-06,harvest,harvest,3,101,G3-03,14,9,1398,1308,bunches,14.0,9.0,completed,07:07,13:51,
WO-2025-0106-H-023,2025-01-06,harvest,harvest,3,110,G3-03,12,9,1242,1210,bunches,12.0,9.0,completed,07:12,14:33,
WO-2025-0106-H-024,2025-01-06,harvest,harvest,3,111,G3-03,9,9,918,1026,bunches,9.0,9.0,completed,07:10,15:11,
WO-2025-0106-H-025,2025-01-06,harvest,harvest,3,113,G3-03,11,9,1124,960,bunches,11.0,9.0,completed,06:53,13:06,
WO-2025-0106-H-026,2025-01-06,harvest,harvest,3,117,G3-04,5,4,452,362,bunches,5.0,4.0,partial,07:13,13:12,
WO-2025-0106-H-027,2025-01-06,harvest,harvest,3,121,G3-04,2,2,242,217,bunches,2.0,2.0,completed,06:54,13:02,
WO-2025-0106-H-028,2025-01-06,harvest,harvest,4,124,G4-01,4,4,468,426,bunches,4.0,4.0,completed,06:53,13:32,
WO-2025-0106-H-029,2025-01-06,harvest,harvest,4,126,G4-01,4,4,435,371,bunches,4.0,4.0,completed,06:51,12:00,
WO-2025-0106-H-030,2025-01-06,harvest,harvest,4,132,G4-01,14,9,1520,1427,bunches,14.0,9.0,completed,06:48,13:32,
WO-2025-0106-H-031,2025-01-06,harvest,harvest,4,139,G4-02,11,9,1223,1276,bunches,11.0,9.0,completed,06:54,14:06,
WO-2025-0106-H-032,2025-01-06,harvest,harvest,4,141,G4-02,13,9,1300,1423,bunches,13.0,9.0,completed,06:53,14:27,
WO-2025-0106-H-033,2025-01-06,harvest,harvest,4,142,G4-02,9,9,987,998,bunches,9.0,9.0,completed,06:51,14:25,
WO-2025-0106-H-034,2025-01-06,harvest,harvest,4,153,G4-03,24,9,2584,2102,bunches,24.0,9.0,partial,06:48,12:29,WO-2025-0111-H-026
WO-2025-0106-H-035,2025-01-06,harvest,harvest,4,157,G4-04,18,9,1819,1474,bunches,18.0,9.0,partial,07:15,12:49,
WO-2025-0106-H-036,2025-01-06,harvest,harvest,5,170,G5-01,19,9,1934,1802,bunches,19.0,9.0,completed,07:17,14:19,
WO-2025-0106-H-037,2025-01-06,harvest,harvest,5,180,G5-02,11,9,1211,1221,bunches,11.0,9.0,completed,06:52,14:22,
WO-2025-0106-H-038,2025-01-06,harvest,harvest,5,185,G5-02,15,9,1604,1436,bunches,15.0,9.0,completed,06:50,13:03,
WO-2025-0106-H-039,2025-01-06,harvest,harvest,5,193,G5-03,14,9,1390,1198,bunches,14.0,9.0,completed,06:49,12:53,
WO-2025-0106-H-040,2025-01-06,harvest,harvest,5,194,G5-03,8,8,800,832,bunches,8.0,8.0,completed,07:08,14:30,
WO-2025-0106-H-041,2025-01-06,harvest,harvest,5,195,G5-03,9,9,972,1035,bunches,9.0,9.0,completed,07:16,15:18,
WO-2025-0106-H-042,2025-01-06,harvest,harvest,5,196,G5-03,11,9,1107,1112,bunches,11.0,9.0,completed,06:00,14:36,
WO-2025-0106-H-043,2025-01-06,harvest,harvest,5,197,G5-03,16,9,1648,1323,bunches,16.0,9.0,partial,06:00,12:56,
WO-2025-0106-H-044,2025-01-06,harvest,harvest,5,202,G5-03,12,9,1178,1129,bunches,12.0,9.0,completed,06:46,13:42,
WO-2025-0106-H-045,2025-01-06,harvest,harvest,6,209,G6-01,9,9,892,868,bunches,9.0,9.0,completed,07:14,13:59,
WO-2025-0106-H-046,2025-01-06,harvest,harvest,6,211,G6-01,13,9,1504,1147,bunches,13.0,9.0,partial,06:46,12:08,WO-2025-0111-H-031
WO-2025-0106-H-047,2025-01-06,harvest,harvest,6,249,G6-03,11,9,1088,1117,bunches,11.0,9.0,completed,06:51,13:56,
WO-2025-0106-H-048,2025-01-06,harvest,harvest,6,254,G6-03,9,9,939,1019,bunches,9.0,9.0,completed,07:11,15:19,
WO-2025-0106-H-049,2025-01-06,harvest,harvest,6,259,G6-04,18,9,1829,1370,bunches,18.0,9.0,partial,07:07,12:31,WO-2025-0108-H-045
WO-2025-0106-H-050,2025-01-06,harvest,harvest,6,379,G6-05,11,9,1177,1063,bunches,11.0,9.0,completed,07:09,13:51,
WO-2025-0106-H-051,2025-01-06,harvest,harvest,7,288,G7-01,9,9,978,1003,bunches,9.0,9.0,completed,06:58,13:00,
WO-2025-0106-H-052,2025-01-06,harvest,harvest,7,294,G7-01,6,6,632,620,bunches,6.0,6.0,completed,07:16,14:13,
WO-2025-0106-H-053,2025-01-06,harvest,harvest,7,304,G7-02,12,9,1221,1151,bunches,12.0,9.0,completed,07:18,14:23,
WO-2025-0106-H-054,2025-01-06,harvest,harvest,7,337,G7-03,10,9,981,907,bunches,10.0,9.0,completed,07:12,13:57,
WO-2025-0107-H-001,2025-01-07,harvest,harvest,1,1,G1-01,2,2,183,181,bunches,2.0,2.0,completed,06:45,14:13,
WO-2025-0107-H-002,2025-01-07,harvest,harvest,1,7,G1-01,4,4,379,426,bunches,4.0,4.0,completed,07:20,15:08,
WO-2025-0107-H-003,2025-01-07,harvest,harvest,1,8,G1-01,12,9,1224,1038,bunches,12.0,9.0,partial,06:45,12:53,WO-2025-0112-H-001
WO-2025-0107-H-004,2025-01-07,harvest,harvest,1,9,G1-01,8,7,773,696,bunches,8.0,7.0,completed,06:53,13:29,
WO-2025-0107-H-005,2025-01-07,harvest,harvest,1,10,G1-01,8,9,817,875,bunches,8.0,9.0,completed,06:45,14:11,
WO-2025-0107-H-006,2025-01-07,harvest,harvest,1,12,G1-02,13,9,1286,1077,bunches,13.0,9.0,partial,06:53,13:13,
WO-2025-0107-H-007,2025-01-07,harvest,harvest,1,18,G1-02,4,4,358,408,bunches,4.0,4.0,completed,07:12,15:25,
WO-2025-0107-H-008,2025-01-07,harvest,harvest,1,26,G1-03,7,8,728,788,bunches,7.0,8.0,completed,07:17,15:21,
WO-2025-0107-H-009,2025-01-07,harvest,harvest,1,31,G1-04,6,5,611,572,bunches,6.0,5.0,completed,07:03,13:57,
WO-2025-0107-H-010,2025-01-07,harvest,harvest,1,33,G1-04,7,6,699,638,bunches,7.0,6.0,completed,07:04,13:30,
WO-2025-0107-H-011,2025-01-07,harvest,harvest,1,38,G1-04,6,5,550,516,bunches,6.0,5.0,completed,07:08,14:08,
WO-2025-0107-H-012,2025-01-07,harvest,harvest,2,41,G2-01,14,9,1450,1099,bunches,14.0,9.0,partial,07:03,12:46,
WO-2025-0107-H-013,2025-01-07,harvest,harvest,2,55,G2-02,8,7,828,728,bunches,8.0,7.0,completed,06:53,13:04,
WO-2025-0107-H-014,2025-01-07,harvest,harvest,2,64,G2-03,8,7,833,740,bunches,8.0,7.0,completed,07:15,13:46,
WO-2025-0107-H-015,2025-01-07,harvest,harvest,2,66,G2-03,9,9,944,1070,bunches,9.0,9.0,completed,06:59,15:09,
WO-2025-0107-H-016,2025-01-07,harvest,harvest,2,68,G2-03,9,9,871,900,bunches,9.0,9.0,completed,06:48,14:08,
WO-2025-0107-H-017,2025-01-07,harvest,harvest,2,73,G2-04,6,6,599,639,bunches,6.0,6.0,completed,07:08,15:09,
WO-2025-0107-H-018,2025-01-07,harvest,harvest,2,382,G2-04,7,8,771,865,bunches,7.0,8.0,completed,07:05,15:25,
WO-2025-0107-H-019,2025-01-07,harvest,harvest,3,79,G3-01,8,7,775,687,bunches,8.0,7.0,completed,07:12,13:57,
WO-2025-0107-H-020,2025-01-07,harvest,harvest,3,81,G3-01,3,3,289,267,bunches,3.0,3.0,completed,06:52,13:54,
WO-2025-0107-H-021,2025-01-07,harvest,harvest,3,82,G3-01,1,1,117,114,bunches,1.0,1.0,completed,06:59,13:54,
WO-2025-0107-H-022,2025-01-07,harvest,harvest,3,86,G3-01,17,9,1722,1477,bunches,17.0,9.0,completed,07:20,13:41,
WO-2025-0107-H-023,2025-01-07,harvest,harvest,3,87,G3-01,21,9,2036,1576,bunches,21.0,9.0,partial,06:59,12:22,
WO-2025-0107-H-024,2025-01-07,harvest,harvest,3,89,G3-02,12,9,1135,961,bunches,12.0,9.0,partial,07:06,12:51,
WO-2025-0107-H-025,2025-01-07,harvest,harvest,3,90,G3-02,10,9,976,1068,bunches,10.0,9.0,completed,06:50,14:57,
WO-2025-0107-H-026,2025-01-07,harvest,harvest,3,93,G3-02,8,8,835,818,bunches,8.0,8.0,completed,07:06,14:24,
WO-2025-0107-H-027,2025-01-07,harvest,harvest,3,94,G3-02,9,8,903,828,bunches,9.0,8.0,completed,07:05,14:01,
WO-2025-0107-H-028,2025-01-07,harvest,harvest,3,96,G3-02,14,9,1399,1395,bunches,14.0,9.0,completed,07:04,14:01,
WO-2025-0107-H-029,2025-01-07,harvest,harvest,3,104,G3-03,15,0,1503,0,bunches,15.0,0.0,not_started,06:48,,WO-2025-0108-H-021
WO-2025-0107-H-030,2025-01-07,harvest,harvest,3,108,G3-03,14,9,1453,1155,bunches,14.0,9.0,partial,06:48,12:44,WO-2025-0108-H-024
WO-2025-0107-H-031,2025-01-07,harvest,harvest,3,109,G3-03,10,6,1016,670,bunches,10.0,6.0,partial,07:19,12:22,WO-2025-0109-H-022
WO-2025-0107-H-032,2025-01-07,harvest,harvest,3,370,G3-04,2,2,164,176,bunches,2.0,2.0,completed,06:55,14:46,
WO-2025-0107-H-033,2025-01-07,harvest,harvest,4,138,G4-02,11,9,1190,1036,bunches,11.0,9.0,completed,06:57,13:28,
WO-2025-0107-H-034,2025-01-07,harvest,harvest,4,146,G4-03,14,9,1542,1500,bunches,14.0,9.0,completed,06:57,13:34,
WO-2025-0107-H-035,2025-01-07,harvest,harvest,4,147,G4-03,12,9,1199,1151,bunches,12.0,9.0,completed,06:58,13:43,
WO-2025-0107-H-036,2025-01-07,harvest,harvest,4,150,G4-03,15,9,1586,1539,bunches,15.0,9.0,completed,07:08,13:48,
WO-2025-0107-H-037,2025-01-07,harvest,harvest,4,156,G4-04,9,8,922,838,bunches,9.0,8.0,completed,06:51,13:25,
WO-2025-0107-H-038,2025-01-07,harvest,harvest,4,164,G4-04,8,8,830,807,bunches,8.0,8.0,completed,06:58,13:59,
WO-2025-0107-H-039,2025-01-07,harvest,harvest,5,168,G5-01,10,9,1092,1208,bunches,10.0,9.0,completed,06:47,14:48,
WO-2025-0107-H-040,2025-01-07,harvest,harvest,5,171,G5-01,12,9,1290,1129,bunches,12.0,9.0,completed,07:17,13:31,
WO-2025-0107-H-041,2025-01-07,harvest,harvest,5,177,G5-01,12,9,1254,1403,bunches,12.0,9.0,completed,06:57,14:38,
WO-2025-0107-H-042,2025-01-07,harvest,harvest,5,178,G5-01,17,9,1802,1613,bunches,17.0,9.0,completed,07:09,13:56,
WO-2025-0107-H-043,2025-01-07,harvest,harvest,5,181,G5-02,12,9,1222,1315,bunches,12.0,9.0,completed,06:59,14:56,
WO-2025-0107-H-044,2025-01-07,harvest,harvest,5,188,G5-02,10,9,957,1004,bunches,10.0,9.0,completed,07:09,14:53,
WO-2025-0107-H-045,2025-01-07,harvest,harvest,5,200,G5-03,8,8,768,765,bunches,8.0,8.0,completed,06:51,13:48,
WO-2025-0107-H-046,2025-01-07,harvest,harvest,5,201,G5-03,15,9,1514,1153,bunches,15.0,9.0,partial,07:16,12:00,
WO-2025-0107-H-047,2025-01-07,harvest,harvest,6,206,G6-01,11,9,1132,961,bunches,11.0,9.0,partial,07:07,13:06,
WO-2025-0107-H-048,2025-01-07,harvest,harvest,6,222,G6-02,15,9,1433,1371,bunches,15.0,9.0,completed,06:51,14:07,
WO-2025-0107-H-049,2025-01-07,harvest,harvest,6,230,G6-02,10,9,1005,1027,bunches,10.0,9.0,completed,07:15,14:49,
WO-2025-0107-H-050,2025-01-07,harvest,harvest,6,248,G6-03,9,8,898,734,bunches,9.0,8.0,partial,07:09,12:45,WO-2025-0112-H-045
WO-2025-0107-H-051,2025-01-07,harvest,harvest,6,266,G6-04,16,9,1632,1454,bunches,16.0,9.0,completed,07:08,13:18,
WO-2025-0107-H-052,2025-01-07,harvest,harvest,7,290,G7-01,7,7,656,660,bunches,7.0,7.0,completed,06:58,13:52,
WO-2025-0107-H-053,2025-01-07,harvest,harvest,7,299,G7-02,8,9,863,876,bunches,8.0,9.0,completed,07:08,14:33,
WO-2025-0107-H-054,2025-01-07,harvest,harvest,7,302,G7-02,9,9,940,924,bunches,9.0,9.0,completed,06:50,13:44,
WO-2025-0107-H-055,2025-01-07,harvest,harvest,7,305,G7-02,16,9,1642,1293,bunches,16.0,9.0,partial,07:00,12:38,WO-2025-0111-H-038
WO-2025-0107-H-056,2025-01-07,harvest,harvest,7,311,G7-03,14,9,1501,1503,bunches,14.0,9.0,completed,07:06,14:23,
WO-2025-0107-H-057,2025-01-07,harvest,harvest,7,329,G7-03,7,7,688,712,bunches,7.0,7.0,completed,07:13,14:17,
WO-2025-0107-H-058,2025-01-07,harvest,harvest,7,334,G7-03,11,9,1102,953,bunches,11.0,9.0,completed,07:08,13:05,
WO-2025-0107-H-059,2025-01-07,harvest,harvest,7,335,G7-03,14,9,1386,1304,bunches,14.0,9.0,completed,06:49,13:17,
WO-2025-0108-H-001,2025-01-08,harvest,harvest,1,2,G1-01,8,5,766,512,bunches,8.0,5.0,partial,06:50,11:30,WO-2025-0111-H-001
WO-2025-0108-H-002,2025-01-08,harvest,harvest,1,16,G1-02,11,6,1049,637,bunches,11.0,6.0,partial,07:05,11:12,
WO-2025-0108-H-003,2025-01-08,harvest,harvest,1,23,G1-03,12,8,1189,824,bunches,12.0,8.0,partial,06:47,11:51,WO-2025-0113-H-009
WO-2025-0108-H-004,2025-01-08,harvest,harvest,1,24,G1-03,10,8,1024,770,bunches,10.0,8.0,partial,06:51,12:34,WO-2025-0113-H-010
WO-2025-0108-H-005,2025-01-08,harvest,harvest,1,27,G1-03,10,8,992,764,bunches,10.0,8.0,partial,07:04,12:15,WO-2025-0113-H-011
WO-2025-0108-H-006,2025-01-08,harvest,harvest,1,28,G1-03,10,8,1019,774,bunches,10.0,8.0,partial,07:14,12:33,WO-2025-0113-H-012
WO-2025-0108-H-007,2025-01-08,harvest,harvest,1,36,G1-04,14,7,1470,709,bunches,14.0,7.0,partial,06:53,10:27,WO-2025-0113-H-015
WO-2025-0108-H-008,2025-01-08,harvest,harvest,1,37,G1-04,9,6,950,574,bunches,9.0,6.0,partial,06:52,11:06,WO-2025-0111-H-009
WO-2025-0108-H-009,2025-01-08,harvest,harvest,2,44,G2-01,8,7,816,664,bunches,8.0,7.0,partial,07:17,13:16,WO-2025-0113-H-017
WO-2025-0108-H-010,2025-01-08,harvest,harvest,2,47,G2-01,12,9,1229,883,bunches,12.0,9.0,partial,07:11,12:02,WO-2025-0112-H-008
WO-2025-0108-H-011,2025-01-08,harvest,harvest,2,49,G2-01,12,9,1140,948,bunches,12.0,9.0,partial,06:54,12:43,WO-2025-0111-H-010
WO-2025-0108-H-012,2025-01-08,harvest,harvest,2,60,G2-03,22,9,2223,1328,bunches,22.0,9.0,partial,07:14,11:33,
WO-2025-0108-H-013,2025-01-08,harvest,harvest,2,67,G2-03,18,8,1817,830,bunches,18.0,8.0,partial,07:05,10:40,
WO-2025-0108-H-014,2025-01-08,harvest,harvest,2,69,G2-04,13,9,1229,938,bunches,13.0,9.0,partial,06:52,12:28,
WO-2025-0108-H-015,2025-01-08,harvest,harvest,2,71,G2-04,9,8,969,789,bunches,9.0,8.0,partial,07:17,13:29,
WO-2025-0108-H-016,2025-01-08,harvest,harvest,2,72,G2-04,14,7,1387,656,bunches,14.0,7.0,partial,07:19,10:23,WO-2025-0110-H-020
WO-2025-0108-H-017,2025-01-08,harvest,harvest,3,76,G3-01,15,9,1582,1098,bunches,15.0,9.0,partial,07:09,12:05,WO-2025-0113-H-023
WO-2025-0108-H-018,2025-01-08,harvest,harvest,3,84,G3-01,24,9,2398,1650,bunches,24.0,9.0,partial,06:55,11:59,WO-2025-0113-H-024
WO-2025-0108-H-019,2025-01-08,harvest,harvest,3,99,G3-02,16,9,1591,855,bunches,16.0,9.0,partial,07:05,11:07,
WO-2025-0108-H-020,2025-01-08,harvest,harvest,3,102,G3-03,9,8,960,812,bunches,9.0,8.0,partial,07:04,12:51,WO-2025-0112-H-020
WO-2025-0108-H-021,2025-01-08,harvest,harvest,3,104,G3-03,15,8,1503,817,bunches,15.0,8.0,partial,07:06,11:12,WO-2025-0111-H-016
WO-2025-0108-H-022,2025-01-08,harvest,harvest,3,105,G3-03,13,7,1249,638,bunches,13.0,7.0,partial,07:10,10:44,WO-2025-0112-H-021
WO-2025-0108-H-023,2025-01-08,harvest,harvest,3,106,G3-03,5,4,477,404,bunches,5.0,4.0,partial,07:14,13:34,WO-2025-0111-H-017
WO-2025-0108-H-024,2025-01-08,harvest,harvest,3,108,G3-03,13,9,1308,1155,bunches,13.0,9.0,completed,07:19,13:34,
WO-2025-0108-H-025,2025-01-08,harvest,harvest,3,115,G3-04,14,9,1435,911,bunches,14.0,9.0,partial,06:47,11:26,WO-2025-0113-H-032
WO-2025-0108-H-026,2025-01-08,harvest,harvest,3,116,G3-04,15,6,1483,568,bunches,15.0,6.0,partial,06:46,09:27,WO-2025-0112-H-024
WO-2025-0108-H-027,2025-01-08,harvest,harvest,3,119,G3-04,6,3,542,282,bunches,6.0,3.0,partial,07:06,10:30,
WO-2025-0108-H-028,2025-01-08,harvest,harvest,4,136,G4-02,21,9,2207,1439,bunches,21.0,9.0,partial,07:07,12:03,WO-2025-0113-H-035
WO-2025-0108-H-029,2025-01-08,harvest,harvest,4,149,G4-03,21,9,2218,1271,bunches,21.0,9.0,partial,07:12,11:31,
WO-2025-0108-H-030,2025-01-08,harvest,harvest,4,151,G4-03,24,9,2490,1531,bunches,24.0,9.0,partial,07:05,11:47,
WO-2025-0108-H-031,2025-01-08,harvest,harvest,4,152,G4-03,29,9,2963,2043,bunches,29.0,9.0,partial,06:53,11:51,WO-2025-0112-H-032
WO-2025-0108-H-032,2025-01-08,harvest,harvest,4,158,G4-04,22,9,2286,1011,bunches,22.0,9.0,partial,07:07,10:18,WO-2025-0112-H-034
WO-2025-0108-H-033,2025-01-08,harvest,harvest,5,182,G5-02,22,9,2381,1307,bunches,22.0,9.0,partial,07:21,11:40,
WO-2025-0108-H-034,2025-01-08,harvest,harvest,5,184,G5-02,24,9,2616,1226,bunches,24.0,9.0,partial,07:04,10:27,
WO-2025-0108-H-035,2025-01-08,harvest,harvest,5,192,G5-02,8,4,789,429,bunches,8.0,4.0,partial,07:03,10:47,WO-2025-0112-H-043
WO-2025-0108-H-036,2025-01-08,harvest,harvest,5,199,G5-03,12,8,1156,798,bunches,12.0,8.0,partial,07:19,12:03,WO-2025-0113-H-045
WO-2025-0108-H-037,2025-01-08,harvest,harvest,5,373,G5-03,5,2,494,214,bunches,5.0,2.0,partial,07:21,10:04,
WO-2025-0108-H-038,2025-01-08,harvest,harvest,6,203,G6-01,21,9,2209,1401,bunches,21.0,9.0,partial,07:16,12:07,WO-2025-0113-H-047
WO-2025-0108-H-039,2025-01-08,harvest,harvest,6,204,G6-01,20,9,2057,1501,bunches,20.0,9.0,partial,07:21,12:30,WO-2025-0111-H-030
WO-2025-0108-H-040,2025-01-08,harvest,harvest,6,212,G6-01,15,9,1623,1175,bunches,15.0,9.0,partial,06:55,11:58,WO-2025-0113-H-051
WO-2025-0108-H-041,2025-01-08,harvest,harvest,6,213,G6-02,25,9,2750,1834,bunches,25.0,9.0,partial,07:18,11:58,
WO-2025-0108-H-042,2025-01-08,harvest,harvest,6,216,G6-02,34,9,3418,2578,bunches,34.0,9.0,partial,07:15,12:30,
WO-2025-0108-H-043,2025-01-08,harvest,harvest,6,245,G6-02,12,9,1192,953,bunches,12.0,9.0,partial,07:17,13:04,
WO-2025-0108-H-044,2025-01-08,harvest,harvest,6,256,G6-03,18,7,1752,678,bunches,18.0,7.0,partial,06:51,09:00,
WO-2025-0108-H-045,2025-01-08,harvest,harvest,6,259,G6-04,31,9,3115,1370,bunches,31.0,9.0,partial,07:09,10:05,WO-2025-0113-H-054
WO-2025-0108-H-046,2025-01-08,harvest,harvest,6,269,G6-05,20,9,2089,1283,bunches,20.0,9.0,partial,06:56,11:30,
WO-2025-0108-H-047,2025-01-08,harvest,harvest,6,271,G6-05,15,9,1589,1184,bunches,15.0,9.0,partial,06:55,12:36,
WO-2025-0108-H-048,2025-01-08,harvest,harvest,6,380,G6-05,18,9,1955,1333,bunches,18.0,9.0,partial,06:55,12:03,
WO-2025-0108-H-049,2025-01-08,harvest,harvest,7,293,G7-01,18,9,1808,1138,bunches,18.0,9.0,partial,06:50,11:04,
WO-2025-0108-H-050,2025-01-08,harvest,harvest,7,295,G7-01,11,9,1102,865,bunches,11.0,9.0,partial,06:50,12:17,
WO-2025-0108-H-051,2025-01-08,harvest,harvest,7,297,G7-01,18,9,1803,957,bunches,18.0,9.0,partial,06:52,10:56,
WO-2025-0108-H-052,2025-01-08,harvest,harvest,7,298,G7-01,15,9,1491,1003,bunches,15.0,9.0,partial,06:51,11:51,WO-2025-0110-H-053
WO-2025-0108-H-053,2025-01-08,harvest,harvest,7,299,G7-02,15,9,1518,876,bunches,15.0,9.0,partial,07:10,11:17,WO-2025-0113-H-058
WO-2025-0108-H-054,2025-01-08,harvest,harvest,7,301,G7-02,8,6,862,614,bunches,8.0,6.0,partial,07:00,12:06,WO-2025-0113-H-059
WO-2025-0108-H-055,2025-01-08,harvest,harvest,7,340,G7-04,19,9,1942,1504,bunches,19.0,9.0,partial,06:54,12:10,
WO-2025-0108-H-056,2025-01-08,harvest,harvest,7,341,G7-04,10,7,1058,704,bunches,10.0,7.0,partial,07:09,11:47,WO-2025-0112-H-053
WO-2025-0108-H-057,2025-01-08,harvest,harvest,7,342,G7-04,16,9,1598,931,bunches,16.0,9.0,partial,06:00,11:15,WO-2025-0113-H-064
WO-2025-0108-H-058,2025-01-08,harvest,harvest,7,346,G7-04,17,9,1836,1297,bunches,17.0,9.0,partial,06:49,12:12,
WO-2025-0109-H-001,2025-01-09,harvest,harvest,1,13,G1-02,10,9,1011,944,bunches,10.0,9.0,completed,06:48,13:51,
WO-2025-0109-H-002,2025-01-09,harvest,harvest,1,14,G1-02,7,7,695,708,bunches,7.0,7.0,completed,07:20,14:21,
WO-2025-0109-H-003,2025-01-09,harvest,harvest,1,20,G1-02,5,5,532,487,bunches,5.0,5.0,completed,07:08,13:48,
WO-2025-0109-H-004,2025-01-09,harvest,harvest,1,25,G1-03,9,9,941,1082,bunches,9.0,9.0,completed,07:07,15:27,
WO-2025-0109-H-005,2025-01-09,harvest,harvest,1,34,G1-04,10,7,1010,719,bunches,10.0,7.0,partial,07:20,12:20,WO-2025-0113-H-013
WO-2025-0109-H-006,2025-01-09,harvest,harvest,1,35,G1-04,9,8,960,838,bunches,9.0,8.0,completed,07:10,13:45,
WO-2025-0109-H-007,2025-01-09,harvest,harvest,2,42,G2-01,8,8,788,776,bunches,8.0,8.0,completed,07:16,14:25,
WO-2025-0109-H-008,2025-01-09,harvest,harvest,2,46,G2-01,9,9,855,983,bunches,9.0,9.0,completed,06:56,15:26,
WO-2025-0109-H-009,2025-01-09,harvest,harvest,2,50,G2-02,6,0,573,0,bunches,6.0,0.0,not_started,07:05,,WO-2025-0110-H-013
WO-2025-0109-H-010,2025-01-09,harvest,harvest,2,54,G2-02,10,9,923,926,bunches,10.0,9.0,completed,07:11,14:02,
WO-2025-0109-H-011,2025-01-09,harvest,harvest,2,56,G2-02,13,9,1271,1073,bunches,13.0,9.0,partial,06:55,13:09,WO-2025-0114-H-010
WO-2025-0109-H-012,2025-01-09,harvest,harvest,2,57,G2-02,11,9,1062,971,bunches,11.0,9.0,completed,07:18,14:10,
WO-2025-0109-H-013,2025-01-09,harvest,harvest,2,59,G2-03,10,9,959,1103,bunches,10.0,9.0,completed,07:04,15:22,
WO-2025-0109-H-014,2025-01-09,harvest,harvest,2,382,G2-04,8,8,886,865,bunches,8.0,8.0,completed,07:08,14:19,
WO-2025-0109-H-015,2025-01-09,harvest,harvest,3,77,G3-01,18,9,1828,1443,bunches,18.0,9.0,partial,07:12,12:38,
WO-2025-0109-H-016,2025-01-09,harvest,harvest,3,80,G3-01,7,7,701,703,bunches,7.0,7.0,completed,07:16,14:33,
WO-2025-0109-H-017,2025-01-09,harvest,harvest,3,83,G3-01,17,9,1764,1515,bunches,17.0,9.0,completed,07:11,13:08,
WO-2025-0109-H-018,2025-01-09,harvest,harvest,3,85,G3-01,10,9,996,919,bunches,10.0,9.0,completed,06:49,13:10,
WO-2025-0109-H-019,2025-01-09,harvest,harvest,3,88,G3-02,15,9,1435,997,bunches,15.0,9.0,partial,06:49,11:38,WO-2025-0113-H-025
WO-2025-0109-H-020,2025-01-09,harvest,harvest,3,95,G3-02,17,9,1700,1367,bunches,17.0,9.0,partial,07:21,13:23,WO-2025-0113-H-028
WO-2025-0109-H-021,2025-01-09,harvest,harvest,3,107,G3-03,16,9,1623,1229,bunches,16.0,9.0,partial,07:07,12:33,WO-2025-0114-H-016
WO-2025-0109-H-022,2025-01-09,harvest,harvest,3,109,G3-03,9,6,893,670,bunches,9.0,6.0,partial,06:55,12:15,WO-2025-0112-H-022
WO-2025-0109-H-023,2025-01-09,harvest,harvest,4,125,G4-01,3,4,330,380,bunches,3.0,4.0,completed,06:53,15:03,
WO-2025-0109-H-024,2025-01-09,harvest,harvest,4,130,G4-01,13,9,1443,1358,bunches,13.0,9.0,completed,07:03,13:32,
WO-2025-0109-H-025,2025-01-09,harvest,harvest,4,131,G4-01,16,9,1774,1884,bunches,16.0,9.0,completed,07:04,14:33,
WO-2025-0109-H-026,2025-01-09,harvest,harvest,4,133,G4-02,13,9,1396,1447,bunches,13.0,9.0,completed,07:04,14:28,
WO-2025-0109-H-027,2025-01-09,harvest,harvest,4,135,G4-02,12,9,1313,1478,bunches,12.0,9.0,completed,06:58,15:12,
WO-2025-0109-H-028,2025-01-09,harvest,harvest,4,143,G4-02,16,9,1682,1709,bunches,16.0,9.0,completed,07:17,14:28,
WO-2025-0109-H-029,2025-01-09,harvest,harvest,4,144,G4-03,10,9,982,957,bunches,10.0,9.0,completed,07:13,14:21,
WO-2025-0109-H-030,2025-01-09,harvest,harvest,4,159,G4-04,15,9,1526,1547,bunches,15.0,9.0,completed,07:15,14:24,
WO-2025-0109-H-031,2025-01-09,harvest,harvest,4,163,G4-04,13,9,1407,1187,bunches,13.0,9.0,partial,06:48,13:01,
WO-2025-0109-H-032,2025-01-09,harvest,harvest,4,165,G4-04,10,9,990,1032,bunches,10.0,9.0,completed,07:20,14:38,
WO-2025-0109-H-033,2025-01-09,harvest,harvest,5,169,G5-01,12,9,1218,1029,bunches,12.0,9.0,partial,07:12,13:18,WO-2025-0114-H-030
WO-2025-0109-H-034,2025-01-09,harvest,harvest,5,186,G5-02,16,9,1628,1443,bunches,16.0,9.0,completed,07:16,13:19,
WO-2025-0109-H-035,2025-01-09,harvest,harvest,5,190,G5-02,14,9,1561,1637,bunches,14.0,9.0,completed,06:50,14:17,
WO-2025-0109-H-036,2025-01-09,harvest,harvest,5,195,G5-03,9,9,938,1035,bunches,9.0,9.0,completed,07:03,14:54,
WO-2025-0109-H-037,2025-01-09,harvest,harvest,5,202,G5-03,11,9,1124,1129,bunches,11.0,9.0,completed,06:53,14:17,
WO-2025-0109-H-038,2025-01-09,harvest,harvest,6,207,G6-01,11,9,1162,1239,bunches,11.0,9.0,completed,06:50,14:41,
WO-2025-0109-H-039,2025-01-09,harvest,harvest,6,210,G6-01,13,9,1369,1317,bunches,13.0,9.0,completed,07:08,13:41,
WO-2025-0109-H-040,2025-01-09,harvest,harvest,6,246,G6-02,10,9,1002,890,bunches,10.0,9.0,completed,06:50,13:08,
WO-2025-0109-H-041,2025-01-09,harvest,harvest,6,247,G6-02,16,9,1638,1321,bunches,16.0,9.0,partial,07:08,12:43,
WO-2025-0109-H-042,2025-01-09,harvest,harvest,6,251,G6-03,11,9,1082,942,bunches,11.0,9.0,completed,07:21,13:44,
WO-2025-0109-H-043,2025-01-09,harvest,harvest,6,253,G6-03,9,9,956,960,bunches,9.0,9.0,completed,07:03,13:57,
WO-2025-0109-H-044,2025-01-09,harvest,harvest,6,255,G6-03,10,9,1003,1072,bunches,10.0,9.0,completed,06:58,14:20,
WO-2025-0109-H-045,2025-01-09,harvest,harvest,6,379,G6-05,11,9,1110,1063,bunches,11.0,9.0,completed,07:01,13:41,
WO-2025-0109-H-046,2025-01-09,harvest,harvest,7,296,G7-01,12,9,1187,935,bunches,12.0,9.0,partial,07:18,13:12,
WO-2025-0109-H-047,2025-01-09,harvest,harvest,7,304,G7-02,11,9,1083,1151,bunches,11.0,9.0,completed,06:54,14:35,
WO-2025-0109-H-048,2025-01-09,harvest,harvest,7,309,G7-02,8,7,804,764,bunches,8.0,7.0,completed,06:54,13:38,
WO-2025-0109-H-049,2025-01-09,harvest,harvest,7,310,G7-02,14,9,1416,1594,bunches,14.0,9.0,completed,06:47,14:40,
WO-2025-0109-H-050,2025-01-09,harvest,harvest,7,344,G7-04,13,9,1378,1247,bunches,13.0,9.0,completed,07:21,13:38,
WO-2025-0109-H-051,2025-01-09,harvest,harvest,7,347,G7-04,21,9,2248,1934,bunches,21.0,9.0,completed,07:18,13:47,
WO-2025-0110-H-001,2025-01-10,harvest,harvest,1,6,G1-01,2,2,246,240,bunches,2.0,2.0,completed,06:54,13:57,
WO-2025-0110-H-002,2025-01-10,harvest,harvest,1,7,G1-01,5,4,516,426,bunches,5.0,4.0,partial,06:59,13:14,WO-2025-0115-H-001
WO-2025-0110-H-003,2025-01-10,harvest,harvest,1,9,G1-01,8,7,807,696,bunches,8.0,7.0,completed,07:19,13:29,
WO-2025-0110-H-004,2025-01-10,harvest,harvest,1,10,G1-01,10,9,975,875,bunches,10.0,9.0,completed,06:56,13:28,
WO-2025-0110-H-005,2025-01-10,harvest,harvest,1,15,G1-02,10,9,974,967,bunches,10.0,9.0,completed,07:15,14:25,
WO-2025-0110-H-006,2025-01-10,harvest,harvest,1,21,G1-03,9,8,939,814,bunches,9.0,8.0,completed,07:13,13:47,
WO-2025-0110-H-007,2025-01-10,harvest,harvest,1,22,G1-03,8,7,822,741,bunches,8.0,7.0,completed,07:19,14:08,
WO-2025-0110-H-008,2025-01-10,harvest,harvest,1,30,G1-03,6,5,614,550,bunches,6.0,5.0,completed,07:05,13:40,
WO-2025-0110-H-009,2025-01-10,harvest,harvest,1,32,G1-04,5,5,570,540,bunches,5.0,5.0,completed,06:54,13:45,
WO-2025-0110-H-010,2025-01-10,harvest,harvest,1,33,G1-04,6,6,626,638,bunches,6.0,6.0,completed,07:11,14:11,
WO-2025-0110-H-011,2025-01-10,harvest,harvest,2,43,G2-01,7,6,719,614,bunches,7.0,6.0,completed,06:51,13:21,
WO-2025-0110-H-012,2025-01-10,harvest,harvest,2,45,G2-01,9,8,859,736,bunches,9.0,8.0,completed,07:17,13:23,
WO-2025-0110-H-013,2025-01-10,harvest,harvest,2,50,G2-02,6,6,573,610,bunches,6.0,6.0,completed,06:56,14:14,
WO-2025-0110-H-014,2025-01-10,harvest,harvest,2,53,G2-02,5,6,550,633,bunches,5.0,6.0,completed,07:04,14:58,
WO-2025-0110-H-015,2025-01-10,harvest,harvest,2,55,G2-02,9,0,954,0,bunches,9.0,0.0,not_started,07:09,,WO-2025-0111-H-011
WO-2025-0110-H-016,2025-01-10,harvest,harvest,2,58,G2-02,10,8,978,822,bunches,10.0,8.0,partial,06:50,12:40,
WO-2025-0110-H-017,2025-01-10,harvest,harvest,2,63,G2-03,14,9,1362,967,bunches,14.0,9.0,partial,06:49,11:59,WO-2025-0115-H-015
WO-2025-0110-H-018,2025-01-10,harvest,harvest,2,65,G2-03,5,5,548,493,bunches,5.0,5.0,completed,06:45,13:12,
WO-2025-0110-H-019,2025-01-10,harvest,harvest,2,70,G2-04,15,9,1451,936,bunches,15.0,9.0,partial,07:09,11:53,WO-2025-0113-H-020
WO-2025-0110-H-020,2025-01-10,harvest,harvest,2,72,G2-04,7,7,690,656,bunches,7.0,7.0,completed,07:07,13:44,
WO-2025-0110-H-021,2025-01-10,harvest,harvest,3,92,G3-02,13,9,1267,947,bunches,13.0,9.0,partial,07:02,12:16,WO-2025-0112-H-018
WO-2025-0110-H-022,2025-01-10,harvest,harvest,3,93,G3-02,9,8,907,818,bunches,9.0,8.0,completed,07:09,13:36,
WO-2025-0110-H-023,2025-01-10,harvest,harvest,3,94,G3-02,10,8,1054,828,bunches,10.0,8.0,partial,07:04,12:20,WO-2025-0114-H-013
WO-2025-0110-H-024,2025-01-10,harvest,harvest,3,97,G3-02,12,9,1198,1041,bunches,12.0,9.0,completed,06:46,12:49,
WO-2025-0110-H-025,2025-01-10,harvest,harvest,3,100,G3-02,10,9,1073,1127,bunches,10.0,9.0,completed,06:52,14:42,
WO-2025-0110-H-026,2025-01-10,harvest,harvest,3,101,G3-03,15,9,1506,1308,bunches,15.0,9.0,completed,07:12,13:30,
WO-2025-0110-H-027,2025-01-10,harvest,harvest,3,110,G3-03,10,9,1052,1210,bunches,10.0,9.0,completed,06:46,14:49,
WO-2025-0110-H-028,2025-01-10,harvest,harvest,3,111,G3-03,13,9,1342,1026,bunches,13.0,9.0,partial,07:09,12:24,WO-2025-0112-H-023
WO-2025-0110-H-029,2025-01-10,harvest,harvest,3,112,G3-03,9,9,938,1079,bunches,9.0,9.0,completed,07:07,15:20,
WO-2025-0110-H-030,2025-01-10,harvest,harvest,3,114,G3-04,11,7,1051,725,bunches,11.0,7.0,partial,07:03,11:47,
WO-2025-0110-H-031,2025-01-10,harvest,harvest,3,369,G3-04,2,2,196,185,bunches,2.0,2.0,completed,06:52,13:56,
WO-2025-0110-H-032,2025-01-10,harvest,harvest,4,123,G4-01,4,0,446,0,bunches,4.0,0.0,not_started,06:54,,WO-2025-0111-H-020
WO-2025-0110-H-033,2025-01-10,harvest,harvest,4,128,G4-01,16,9,1651,1359,bunches,16.0,9.0,partial,06:50,12:34,WO-2025-0115-H-029
WO-2025-0110-H-034,2025-01-10,harvest,harvest,4,140,G4-02,12,9,1278,1270,bunches,12.0,9.0,completed,07:07,14:37,
WO-2025-0110-H-035,2025-01-10,harvest,harvest,4,148,G4-03,10,9,1022,1043,bunches,10.0,9.0,completed,06:51,14:08,
WO-2025-0110-H-036,2025-01-10,harvest,harvest,5,172,G5-01,14,9,1500,1203,bunches,14.0,9.0,partial,06:49,12:41,WO-2025-0115-H-038
WO-2025-0110-H-037,2025-01-10,harvest,harvest,5,174,G5-01,11,9,1099,987,bunches,11.0,9.0,completed,06:59,13:50,
WO-2025-0110-H-038,2025-01-10,harvest,harvest,5,187,G5-02,22,9,2275,1609,bunches,22.0,9.0,partial,07:20,12:48,
WO-2025-0110-H-039,2025-01-10,harvest,harvest,5,188,G5-02,14,0,1406,0,bunches,14.0,0.0,not_started,07:07,,WO-2025-0111-H-027
WO-2025-0110-H-040,2025-01-10,harvest,harvest,5,193,G5-03,12,9,1243,1198,bunches,12.0,9.0,completed,07:12,14:04,
WO-2025-0110-H-041,2025-01-10,harvest,harvest,5,194,G5-03,8,8,885,832,bunches,8.0,8.0,completed,06:50,13:48,
WO-2025-0110-H-042,2025-01-10,harvest,harvest,5,200,G5-03,7,8,695,765,bunches,7.0,8.0,completed,06:47,15:00,
WO-2025-0110-H-043,2025-01-10,harvest,harvest,6,208,G6-01,8,9,802,870,bunches,8.0,9.0,completed,07:16,15:04,
WO-2025-0110-H-044,2025-01-10,harvest,harvest,6,209,G6-01,8,9,782,868,bunches,8.0,9.0,completed,07:04,15:10,
WO-2025-0110-H-045,2025-01-10,harvest,harvest,6,214,G6-02,11,9,1130,1115,bunches,11.0,9.0,completed,07:06,14:06,
WO-2025-0110-H-046,2025-01-10,harvest,harvest,6,223,G6-02,15,0,1491,0,bunches,15.0,0.0,not_started,06:53,,WO-2025-0111-H-032
WO-2025-0110-H-047,2025-01-10,harvest,harvest,6,249,G6-03,10,9,1005,1117,bunches,10.0,9.0,completed,07:19,15:22,
WO-2025-0110-H-048,2025-01-10,harvest,harvest,6,262,G6-04,18,9,1721,1513,bunches,18.0,9.0,completed,06:48,13:19,
WO-2025-0110-H-049,2025-01-10,harvest,harvest,6,263,G6-04,13,9,1342,1459,bunches,13.0,9.0,completed,06:47,14:26,
WO-2025-0110-H-050,2025-01-10,harvest,harvest,6,264,G6-04,8,6,876,697,bunches,8.0,6.0,partial,07:19,13:23,WO-2025-0115-H-050
WO-2025-0110-H-051,2025-01-10,harvest,harvest,6,265,G6-04,8,8,809,904,bunches,8.0,8.0,completed,07:03,15:20,
WO-2025-0110-H-052,2025-01-10,harvest,harvest,7,287,G7-01,16,9,1656,1405,bunches,16.0,9.0,partial,07:08,13:03,
WO-2025-0110-H-053,2025-01-10,harvest,harvest,7,298,G7-01,12,9,1268,1003,bunches,12.0,9.0,partial,07:17,13:06,
WO-2025-0110-H-054,2025-01-10,harvest,harvest,7,328,G7-03,9,9,904,974,bunches,9.0,9.0,completed,07:06,14:54,
WO-2025-0110-H-055,2025-01-10,harvest,harvest,7,333,G7-03,10,9,1039,1009,bunches,10.0,9.0,completed,06:47,13:27,
WO-2025-0111-H-001,2025-01-11,harvest,harvest,1,2,G1-01,8,5,767,512,bunches,8.0,5.0,partial,07:20,12:21,
WO-2025-0111-H-002,2025-01-11,harvest,harvest,1,3,G1-01,5,4,476,402,bunches,5.0,4.0,partial,07:07,13:09,WO-2025-0116-H-001
WO-2025-0111-H-003,2025-01-11,harvest,harvest,1,4,G1-01,5,4,519,412,bunches,5.0,4.0,partial,06:54,12:37,WO-2025-0113-H-001
WO-2025-0111-H-004,2025-01-11,harvest,harvest,1,14,G1-02,9,7,962,708,bunches,9.0,7.0,partial,07:06,12:40,WO-2025-0113-H-006
WO-2025-0111-H-005,2025-01-11,harvest,harvest,1,17,G1-02,8,6,758,573,bunches,8.0,6.0,partial,07:01,12:18,WO-2025-0115-H-004
WO-2025-0111-H-006,2025-01-11,harvest,harvest,1,19,G1-02,8,6,850,629,bunches,8.0,6.0,partial,07:10,12:42,WO-2025-0116-H-005
WO-2025-0111-H-007,2025-01-11,harvest,harvest,1,26,G1-03,9,8,906,788,bunches,9.0,8.0,completed,07:12,13:33,
WO-2025-0111-H-008,2025-01-11,harvest,harvest,1,29,G1-03,7,8,758,872,bunches,7.0,8.0,completed,06:52,15:22,
WO-2025-0111-H-009,2025-01-11,harvest,harvest,1,37,G1-04,6,6,653,574,bunches,6.0,6.0,completed,06:58,13:41,
WO-2025-0111-H-010,2025-01-11,harvest,harvest,2,49,G2-01,13,9,1277,948,bunches,13.0,9.0,partial,06:48,12:04,WO-2025-0115-H-012
WO-2025-0111-H-011,2025-01-11,harvest,harvest,2,55,G2-02,9,7,954,728,bunches,9.0,7.0,partial,06:59,12:24,WO-2025-0115-H-013
WO-2025-0111-H-012,2025-01-11,harvest,harvest,3,75,G3-01,12,9,1293,1153,bunches,12.0,9.0,completed,07:10,13:36,
WO-2025-0111-H-013,2025-01-11,harvest,harvest,3,78,G3-01,15,9,1504,1162,bunches,15.0,9.0,partial,07:02,12:35,
WO-2025-0111-H-014,2025-01-11,harvest,harvest,3,79,G3-01,11,0,1132,0,bunches,11.0,0.0,not_started,06:51,,WO-2025-0112-H-015
WO-2025-0111-H-015,2025-01-11,harvest,harvest,3,103,G3-03,10,8,1042,777,bunches,10.0,8.0,partial,06:52,11:51,WO-2025-0113-H-029
WO-2025-0111-H-016,2025-01-11,harvest,harvest,3,104,G3-03,10,8,1002,817,bunches,10.0,8.0,partial,06:57,13:00,WO-2025-0113-H-030
WO-2025-0111-H-017,2025-01-11,harvest,harvest,3,106,G3-03,5,4,528,404,bunches,5.0,4.0,partial,07:16,13:09,WO-2025-0113-H-031
WO-2025-0111-H-018,2025-01-11,harvest,harvest,3,113,G3-03,15,9,1484,960,bunches,15.0,9.0,partial,07:17,12:14,WO-2025-0114-H-020
WO-2025-0111-H-019,2025-01-11,harvest,harvest,3,120,G3-04,10,8,1051,823,bunches,10.0,8.0,partial,06:49,12:44,
WO-2025-0111-H-020,2025-01-11,harvest,harvest,4,123,G4-01,4,4,446,386,bunches,4.0,4.0,completed,07:08,13:39,
WO-2025-0111-H-021,2025-01-11,harvest,harvest,4,132,G4-01,18,9,1905,1427,bunches,18.0,9.0,partial,07:18,13:00,WO-2025-0115-H-030
WO-2025-0111-H-022,2025-01-11,harvest,harvest,4,137,G4-02,19,9,1981,1542,bunches,19.0,9.0,partial,07:03,12:48,WO-2025-0114-H-024
WO-2025-0111-H-023,2025-01-11,harvest,harvest,4,138,G4-02,10,9,1104,1036,bunches,10.0,9.0,completed,07:14,14:12,
WO-2025-0111-H-024,2025-01-11,harvest,harvest,4,139,G4-02,12,9,1271,1276,bunches,12.0,9.0,completed,06:50,14:10,
WO-2025-0111-H-025,2025-01-11,harvest,harvest,4,145,G4-03,18,9,1886,1472,bunches,18.0,9.0,partial,07:07,12:52,
WO-2025-0111-H-026,2025-01-11,harvest,harvest,4,153,G4-03,22,9,2337,2102,bunches,22.0,9.0,completed,07:16,13:40,
WO-2025-0111-H-027,2025-01-11,harvest,harvest,5,188,G5-02,14,9,1406,1004,bunches,14.0,9.0,partial,06:54,12:07,WO-2025-0115-H-041
WO-2025-0111-H-028,2025-01-11,harvest,harvest,5,189,G5-02,20,9,2065,1194,bunches,20.0,9.0,partial,07:05,11:13,WO-2025-0114-H-034
WO-2025-0111-H-029,2025-01-11,harvest,harvest,5,198,G5-03,7,6,738,565,bunches,7.0,6.0,partial,07:20,13:11,
WO-2025-0111-H-030,2025-01-11,harvest,harvest,6,204,G6-01,17,9,1811,1501,bunches,17.0,9.0,partial,07:17,13:13,
WO-2025-0111-H-031,2025-01-11,harvest,harvest,6,211,G6-01,11,9,1234,1147,bunches,11.0,9.0,completed,07:17,14:18,
WO-2025-0111-H-032,2025-01-11,harvest,harvest,6,223,G6-02,15,9,1491,1092,bunches,15.0,9.0,partial,06:47,12:16,WO-2025-0116-H-039
WO-2025-0111-H-033,2025-01-11,harvest,harvest,6,254,G6-03,13,9,1290,1019,bunches,13.0,9.0,partial,07:19,13:01,
WO-2025-0111-H-034,2025-01-11,harvest,harvest,6,272,G6-05,17,9,1684,1442,bunches,17.0,9.0,completed,06:46,12:46,
WO-2025-0111-H-035,2025-01-11,harvest,harvest,7,290,G7-01,9,7,926,660,bunches,9.0,7.0,partial,06:52,11:41,
WO-2025-0111-H-036,2025-01-11,harvest,harvest,7,291,G7-01,15,9,1498,1157,bunches,15.0,9.0,partial,07:05,12:36,
WO-2025-0111-H-037,2025-01-11,harvest,harvest,7,292,G7-01,16,9,1605,1220,bunches,16.0,9.0,partial,07:05,12:24,
WO-2025-0111-H-038,2025-01-11,harvest,harvest,7,305,G7-02,20,9,2090,1293,bunches,20.0,9.0,partial,07:04,11:32,
WO-2025-0111-H-039,2025-01-11,harvest,harvest,7,308,G7-02,10,8,1104,888,bunches,10.0,8.0,partial,06:59,13:03,
WO-2025-0111-H-040,2025-01-11,harvest,harvest,7,329,G7-03,9,7,939,712,bunches,9.0,7.0,partial,07:03,12:52,
WO-2025-0111-H-041,2025-01-11,harvest,harvest,7,339,G7-04,14,9,1452,1141,bunches,14.0,9.0,partial,07:08,12:24,WO-2025-0113-H-063
WO-2025-0111-H-042,2025-01-11,harvest,harvest,7,343,G7-04,14,9,1440,1009,bunches,14.0,9.0,partial,07:18,12:03,
WO-2025-0111-H-043,2025-01-11,harvest,harvest,7,345,G7-04,14,9,1466,1399,bunches,14.0,9.0,completed,07:01,13:57,
WO-2025-0112-H-001,2025-01-12,harvest,harvest,1,8,G1-01,18,9,1744,1038,bunches,18.0,9.0,partial,07:01,11:35,WO-2025-0115-H-002
WO-2025-0112-H-002,2025-01-12,harvest,harvest,1,20,G1-02,12,5,1195,487,bunches,12.0,5.0,partial,07:10,09:51,
WO-2025-0112-H-003,2025-01-12,harvest,harvest,1,31,G1-04,7,5,732,572,bunches,7.0,5.0,partial,06:55,12:50,WO-2025-0115-H-006
WO-2025-0112-H-004,2025-01-12,harvest,harvest,1,32,G1-04,7,5,683,540,bunches,7.0,5.0,partial,06:51,12:15,WO-2025-0117-H-006
WO-2025-0112-H-005,2025-01-12,harvest,harvest,1,38,G1-04,6,5,586,516,bunches,6.0,5.0,completed,07:07,13:43,
WO-2025-0112-H-006,2025-01-12,harvest,harvest,1,39,G1-04,13,8,1273,823,bunches,13.0,8.0,partial,07:19,11:39,WO-2025-0115-H-009
WO-2025-0112-H-007,2025-01-12,harvest,harvest,2,40,G2-01,22,9,2253,1386,bunches,22.0,9.0,partial,06:45,11:09,
WO-2025-0112-H-008,2025-01-12,harvest,harvest,2,47,G2-01,12,9,1159,883,bunches,12.0,9.0,partial,07:03,12:24,WO-2025-0115-H-011
WO-2025-0112-H-009,2025-01-12,harvest,harvest,2,51,G2-02,11,9,1053,896,bunches,11.0,9.0,completed,06:51,12:50,
WO-2025-0112-H-010,2025-01-12,harvest,harvest,2,52,G2-02,11,8,1139,801,bunches,11.0,8.0,partial,06:46,11:47,
WO-2025-0112-H-011,2025-01-12,harvest,harvest,2,64,G2-03,14,7,1396,740,bunches,14.0,7.0,partial,07:15,10:49,
WO-2025-0112-H-012,2025-01-12,harvest,harvest,2,66,G2-03,14,9,1377,1070,bunches,14.0,9.0,partial,07:04,12:58,
WO-2025-0112-H-013,2025-01-12,harvest,harvest,2,73,G2-04,12,6,1191,639,bunches,12.0,6.0,partial,07:20,11:10,WO-2025-0115-H-017
WO-2025-0112-H-014,2025-01-12,harvest,harvest,2,382,G2-04,15,8,1558,865,bunches,15.0,8.0,partial,06:52,11:14,WO-2025-0116-H-017
WO-2025-0112-H-015,2025-01-12,harvest,harvest,3,79,G3-01,11,7,1132,687,bunches,11.0,7.0,partial,07:14,11:48,WO-2025-0117-H-015
WO-2025-0112-H-016,2025-01-12,harvest,harvest,3,83,G3-01,23,9,2384,1515,bunches,23.0,9.0,partial,06:00,11:11,
WO-2025-0112-H-017,2025-01-12,harvest,harvest,3,91,G3-02,12,9,1162,883,bunches,12.0,9.0,partial,07:12,12:53,
WO-2025-0112-H-018,2025-01-12,harvest,harvest,3,92,G3-02,14,9,1370,947,bunches,14.0,9.0,partial,06:49,11:39,WO-2025-0115-H-022
WO-2025-0112-H-019,2025-01-12,harvest,harvest,3,98,G3-02,20,9,1978,1332,bunches,20.0,9.0,partial,06:48,11:33,
WO-2025-0112-H-020,2025-01-12,harvest,harvest,3,102,G3-03,9,8,948,812,bunches,9.0,8.0,completed,06:49,12:45,
WO-2025-0112-H-021,2025-01-12,harvest,harvest,3,105,G3-03,8,7,760,638,bunches,8.0,7.0,partial,06:54,12:52,WO-2025-0115-H-026
WO-2025-0112-H-022,2025-01-12,harvest,harvest,3,109,G3-03,11,6,1161,670,bunches,11.0,6.0,partial,07:04,11:12,WO-2025-0114-H-018
WO-2025-0112-H-023,2025-01-12,harvest,harvest,3,111,G3-03,11,9,1170,1026,bunches,11.0,9.0,completed,07:12,13:32,
WO-2025-0112-H-024,2025-01-12,harvest,harvest,3,116,G3-04,14,6,1352,568,bunches,14.0,6.0,partial,07:11,09:50,
WO-2025-0112-H-025,2025-01-12,harvest,harvest,3,118,G3-04,12,4,1159,423,bunches,12.0,4.0,partial,07:09,09:34,WO-2025-0117-H-020
WO-2025-0112-H-026,2025-01-12,harvest,harvest,4,122,G4-01,14,7,1499,717,bunches,14.0,7.0,partial,07:20,10:59,
WO-2025-0112-H-027,2025-01-12,harvest,harvest,4,129,G4-01,19,9,2047,992,bunches,19.0,9.0,partial,06:57,10:39,WO-2025-0117-H-022
WO-2025-0112-H-028,2025-01-12,harvest,harvest,4,134,G4-02,22,9,2324,1581,bunches,22.0,9.0,partial,07:14,12:22,WO-2025-0114-H-022
WO-2025-0112-H-029,2025-01-12,harvest,harvest,4,140,G4-02,15,9,1578,1270,bunches,15.0,9.0,partial,07:10,13:13,WO-2025-0116-H-027
WO-2025-0112-H-030,2025-01-12,harvest,harvest,4,141,G4-02,17,9,1800,1423,bunches,17.0,9.0,partial,07:11,13:03,WO-2025-0116-H-028
WO-2025-0112-H-031,2025-01-12,harvest,harvest,4,142,G4-02,10,9,1058,998,bunches,10.0,9.0,completed,07:09,13:53,
WO-2025-0112-H-032,2025-01-12,harvest,harvest,4,152,G4-03,34,9,3505,2043,bunches,34.0,9.0,partial,06:55,10:48,WO-2025-0116-H-032
WO-2025-0112-H-033,2025-01-12,harvest,harvest,4,155,G4-04,19,9,1899,1625,bunches,19.0,9.0,completed,07:16,13:29,
WO-2025-0112-H-034,2025-01-12,harvest,harvest,4,158,G4-04,14,9,1416,1011,bunches,14.0,9.0,partial,06:48,12:03,
WO-2025-0112-H-035,2025-01-12,harvest,harvest,4,160,G4-04,30,9,3120,2173,bunches,30.0,9.0,partial,07:21,12:20,
WO-2025-0112-H-036,2025-01-12,harvest,harvest,4,164,G4-04,12,8,1273,807,bunches,12.0,8.0,partial,07:19,11:53,
WO-2025-0112-H-037,2025-01-12,harvest,harvest,5,168,G5-01,13,9,1396,1208,bunches,13.0,9.0,completed,06:50,13:06,
WO-2025-0112-H-038,2025-01-12,harvest,harvest,5,170,G5-01,20,0,2077,0,bunches,20.0,0.0,not_started,06:54,,WO-2025-0113-H-040
WO-2025-0112-H-039,2025-01-12,harvest,harvest,5,171,G5-01,14,9,1484,1129,bunches,14.0,9.0,partial,07:17,12:00,
WO-2025-0112-H-040,2025-01-12,harvest,harvest,5,173,G5-01,10,9,1074,900,bunches,10.0,9.0,partial,07:18,13:34,
WO-2025-0112-H-041,2025-01-12,harvest,harvest,5,176,G5-01,13,9,1389,1095,bunches,13.0,9.0,partial,07:07,12:35,WO-2025-0116-H-035
WO-2025-0112-H-042,2025-01-12,harvest,harvest,5,179,G5-01,13,9,1378,1189,bunches,13.0,9.0,completed,06:55,13:26,
WO-2025-0112-H-043,2025-01-12,harvest,harvest,5,192,G5-02,8,4,808,429,bunches,8.0,4.0,partial,07:06,10:49,
WO-2025-0112-H-044,2025-01-12,harvest,harvest,5,197,G5-03,25,9,2557,1323,bunches,25.0,9.0,partial,07:02,10:25,
WO-2025-0112-H-045,2025-01-12,harvest,harvest,6,248,G6-03,13,8,1305,734,bunches,13.0,8.0,partial,07:13,10:56,
WO-2025-0112-H-046,2025-01-12,harvest,harvest,6,257,G6-03,27,9,2709,1433,bunches,27.0,9.0,partial,07:12,11:02,
WO-2025-0112-H-047,2025-01-12,harvest,harvest,6,258,G6-04,36,9,3829,1328,bunches,36.0,9.0,partial,07:05,09:40,
WO-2025-0112-H-048,2025-01-12,harvest,harvest,7,294,G7-01,11,6,1126,620,bunches,11.0,6.0,partial,06:46,10:48,
WO-2025-0112-H-049,2025-01-12,harvest,harvest,7,332,G7-03,19,9,1929,1502,bunches,19.0,9.0,partial,06:57,12:30,
WO-2025-0112-H-050,2025-01-12,harvest,harvest,7,336,G7-03,16,9,1631,1511,bunches,16.0,9.0,completed,07:06,13:56,
WO-2025-0112-H-051,2025-01-12,harvest,harvest,7,337,G7-03,10,9,1036,907,bunches,10.0,9.0,completed,07:19,13:15,
WO-2025-0112-H-052,2025-01-12,harvest,harvest,7,338,G7-03,11,9,1096,892,bunches,11.0,9.0,partial,07:07,12:47,WO-2025-0115-H-059
WO-2025-0112-H-053,2025-01-12,harvest,harvest,7,341,G7-04,14,7,1454,704,bunches,14.0,7.0,partial,07:09,10:59,WO-2025-0115-H-060
WO-2025-0113-H-001,2025-01-13,harvest,harvest,1,4,G1-01,5,4,475,412,bunches,5.0,4.0,completed,07:19,13:45,
WO-2025-0113-H-002,2025-01-13,harvest,harvest,1,5,G1-01,3,3,275,255,bunches,3.0,3.0,completed,07:17,14:16,
WO-2025-0113-H-003,2025-01-13,harvest,harvest,1,11,G1-02,9,8,888,836,bunches,9.0,8.0,completed,06:59,14:08,
WO-2025-0113-H-004,2025-01-13,harvest,harvest,1,12,G1-02,9,9,969,1077,bunches,9.0,9.0,completed,06:51,14:55,
WO-2025-0113-H-005,2025-01-13,harvest,harvest,1,13,G1-02,11,9,1141,944,bunches,11.0,9.0,partial,07:04,13:06,
WO-2025-0113-H-006,2025-01-13,harvest,harvest,1,14,G1-02,8,7,776,708,bunches,8.0,7.0,completed,06:50,13:16,
WO-2025-0113-H-007,2025-01-13,harvest,harvest,1,18,G1-02,4,4,355,408,bunches,4.0,4.0,completed,06:46,15:01,
WO-2025-0113-H-008,2025-01-13,harvest,harvest,1,21,G1-03,10,8,975,814,bunches,10.0,8.0,partial,06:59,12:59,WO-2025-0116-H-006
WO-2025-0113-H-009,2025-01-13,harvest,harvest,1,23,G1-03,8,8,792,824,bunches,8.0,8.0,completed,06:57,14:43,
WO-2025-0113-H-010,2025-01-13,harvest,harvest,1,24,G1-03,7,8,748,770,bunches,7.0,8.0,completed,07:17,14:41,
WO-2025-0113-H-011,2025-01-13,harvest,harvest,1,27,G1-03,8,8,837,764,bunches,8.0,8.0,completed,07:03,13:31,
WO-2025-0113-H-012,2025-01-13,harvest,harvest,1,28,G1-03,7,8,673,774,bunches,7.0,8.0,completed,06:49,15:03,
WO-2025-0113-H-013,2025-01-13,harvest,harvest,1,34,G1-04,7,7,709,719,bunches,7.0,7.0,completed,06:49,14:07,
WO-2025-0113-H-014,2025-01-13,harvest,harvest,1,35,G1-04,8,8,863,838,bunches,8.0,8.0,completed,07:18,14:31,
WO-2025-0113-H-015,2025-01-13,harvest,harvest,1,36,G1-04,7,7,702,709,bunches,7.0,7.0,completed,07:03,14:15,
WO-2025-0113-H-016,2025-01-13,harvest,harvest,1,37,G1-04,6,6,615,574,bunches,6.0,6.0,completed,07:14,13:36,
WO-2025-0113-H-017,2025-01-13,harvest,harvest,2,44,G2-01,8,7,739,664,bunches,8.0,7.0,completed,06:58,13:40,
WO-2025-0113-H-018,2025-01-13,harvest,harvest,2,50,G2-02,6,6,616,610,bunches,6.0,6.0,completed,07:05,14:06,
WO-2025-0113-H-019,2025-01-13,harvest,harvest,2,65,G2-03,5,5,476,493,bunches,5.0,5.0,completed,06:54,14:07,
WO-2025-0113-H-020,2025-01-13,harvest,harvest,2,70,G2-04,9,9,898,936,bunches,9.0,9.0,completed,06:56,14:30,
WO-2025-0113-H-021,2025-01-13,harvest,harvest,2,72,G2-04,8,7,807,656,bunches,8.0,7.0,partial,06:46,12:56,WO-2025-0117-H-013
WO-2025-0113-H-022,2025-01-13,harvest,harvest,2,74,G2-04,12,9,1236,1069,bunches,12.0,9.0,completed,06:54,13:21,
WO-2025-0113-H-023,2025-01-13,harvest,harvest,3,76,G3-01,10,9,990,1098,bunches,10.0,9.0,completed,06:57,14:50,
WO-2025-0113-H-024,2025-01-13,harvest,harvest,3,84,G3-01,17,9,1687,1650,bunches,17.0,9.0,completed,06:49,13:34,
WO-2025-0113-H-025,2025-01-13,harvest,harvest,3,88,G3-02,10,9,927,997,bunches,10.0,9.0,completed,06:52,14:35,
WO-2025-0113-H-026,2025-01-13,harvest,harvest,3,89,G3-02,11,9,1104,961,bunches,11.0,9.0,completed,07:12,13:17,
WO-2025-0113-H-027,2025-01-13,harvest,harvest,3,90,G3-02,10,9,929,1068,bunches,10.0,9.0,completed,06:58,15:28,
WO-2025-0113-H-028,2025-01-13,harvest,harvest,3,95,G3-02,13,9,1361,1367,bunches,13.0,9.0,completed,06:47,14:20,
WO-2025-0113-H-029,2025-01-13,harvest,harvest,3,103,G3-03,9,8,955,777,bunches,9.0,8.0,partial,07:10,12:53,WO-2025-0118-H-026
WO-2025-0113-H-030,2025-01-13,harvest,harvest,3,104,G3-03,11,8,1081,817,bunches,11.0,8.0,partial,07:11,12:15,WO-2025-0117-H-017
WO-2025-0113-H-031,2025-01-13,harvest,harvest,3,106,G3-03,5,4,457,404,bunches,5.0,4.0,completed,06:55,13:26,
WO-2025-0113-H-032,2025-01-13,harvest,harvest,3,115,G3-04,12,9,1182,911,bunches,12.0,9.0,partial,07:02,12:50,WO-2025-0118-H-030
WO-2025-0113-H-033,2025-01-13,harvest,harvest,3,117,G3-04,5,4,509,362,bunches,5.0,4.0,partial,06:57,12:13,WO-2025-0116-H-025
WO-2025-0113-H-034,2025-01-13,harvest,harvest,4,127,G4-01,2,2,201,163,bunches,2.0,2.0,partial,06:57,13:03,
WO-2025-0113-H-035,2025-01-13,harvest,harvest,4,136,G4-02,14,9,1482,1439,bunches,14.0,9.0,completed,06:51,13:43,
WO-2025-0113-H-036,2025-01-13,harvest,harvest,4,146,G4-03,15,9,1587,1500,bunches,15.0,9.0,completed,07:05,14:07,
WO-2025-0113-H-037,2025-01-13,harvest,harvest,4,150,G4-03,14,9,1445,1539,bunches,14.0,9.0,completed,07:01,14:45,
WO-2025-0113-H-038,2025-01-13,harvest,harvest,4,157,G4-04,16,9,1646,1474,bunches,16.0,9.0,completed,06:48,13:39,
WO-2025-0113-H-039,2025-01-13,harvest,harvest,5,168,G5-01,12,9,1228,1208,bunches,12.0,9.0,completed,07:06,14:23,
WO-2025-0113-H-040,2025-01-13,harvest,harvest,5,170,G5-01,20,9,2077,1802,bunches,20.0,9.0,completed,06:55,12:52,
WO-2025-0113-H-041,2025-01-13,harvest,harvest,5,180,G5-02,15,9,1561,1221,bunches,15.0,9.0,partial,07:10,12:52,WO-2025-0117-H-026
WO-2025-0113-H-042,2025-01-13,harvest,harvest,5,186,G5-02,13,9,1326,1443,bunches,13.0,9.0,completed,07:05,15:05,
WO-2025-0113-H-043,2025-01-13,harvest,harvest,5,194,G5-03,8,8,800,832,bunches,8.0,8.0,completed,07:02,14:17,
WO-2025-0113-H-044,2025-01-13,harvest,harvest,5,196,G5-03,11,9,1134,1112,bunches,11.0,9.0,completed,07:03,13:51,
WO-2025-0113-H-045,2025-01-13,harvest,harvest,5,199,G5-03,10,8,959,798,bunches,10.0,8.0,partial,07:15,13:25,
WO-2025-0113-H-046,2025-01-13,harvest,harvest,5,200,G5-03,8,8,811,765,bunches,8.0,8.0,completed,07:09,14:19,
WO-2025-0113-H-047,2025-01-13,harvest,harvest,6,203,G6-01,15,9,1540,1401,bunches,15.0,9.0,completed,06:55,13:42,
WO-2025-0113-H-048,2025-01-13,harvest,harvest,6,205,G6-01,8,8,840,799,bunches,8.0,8.0,completed,06:47,13:22,
WO-2025-0113-H-049,2025-01-13,harvest,harvest,6,206,G6-01,8,9,839,961,bunches,8.0,9.0,completed,07:02,15:25,
WO-2025-0113-H-050,2025-01-13,harvest,harvest,6,211,G6-01,11,9,1279,1147,bunches,11.0,9.0,completed,06:55,13:20,
WO-2025-0113-H-051,2025-01-13,harvest,harvest,6,212,G6-01,11,9,1235,1175,bunches,11.0,9.0,completed,07:06,13:34,
WO-2025-0113-H-052,2025-01-13,harvest,harvest,6,222,G6-02,13,9,1253,1371,bunches,13.0,9.0,completed,07:17,15:29,
WO-2025-0113-H-053,2025-01-13,harvest,harvest,6,250,G6-03,14,9,1498,924,bunches,14.0,9.0,partial,07:19,11:45,WO-2025-0116-H-040
WO-2025-0113-H-054,2025-01-13,harvest,harvest,6,259,G6-04,15,9,1517,1370,bunches,15.0,9.0,completed,07:21,13:34,
WO-2025-0113-H-055,2025-01-13,harvest,harvest,6,267,G6-04,10,9,1112,1059,bunches,10.0,9.0,completed,06:56,13:27,
WO-2025-0113-H-056,2025-01-13,harvest,harvest,6,379,G6-05,10,9,990,1063,bunches,10.0,9.0,completed,06:51,14:43,
WO-2025-0113-H-057,2025-01-13,harvest,harvest,7,289,G7-01,10,7,966,745,bunches,10.0,7.0,partial,06:52,12:45,WO-2025-0117-H-039
WO-2025-0113-H-058,2025-01-13,harvest,harvest,7,299,G7-02,9,9,888,876,bunches,9.0,9.0,completed,06:50,13:49,
WO-2025-0113-H-059,2025-01-13,harvest,harvest,7,301,G7-02,6,6,623,614,bunches,6.0,6.0,completed,06:54,13:55,
WO-2025-0113-H-060,2025-01-13,harvest,harvest,7,303,G7-02,15,9,1553,1075,bunches,15.0,9.0,partial,07:13,12:06,WO-2025-0117-H-045
WO-2025-0113-H-061,2025-01-13,harvest,harvest,7,330,G7-03,8,9,792,853,bunches,8.0,9.0,completed,07:14,14:44,
WO-2025-0113-H-062,2025-01-13,harvest,harvest,7,334,G7-03,11,9,1099,953,bunches,11.0,9.0,completed,07:07,13:04,
WO-2025-0113-H-063,2025-01-13,harvest,harvest,7,339,G7-04,10,9,1025,1141,bunches,10.0,9.0,completed,06:46,14:46,
WO-2025-0113-H-064,2025-01-13,harvest,harvest,7,342,G7-04,10,9,1034,931,bunches,10.0,9.0,completed,07:15,13:45,
WO-2025-0113-H-065,2025-01-13,harvest,harvest,7,348,G7-04,15,9,1659,1720,bunches,15.0,9.0,completed,06:52,14:42,
WO-2025-0114-H-001,2025-01-14,harvest,harvest,1,1,G1-01,2,2,220,181,bunches,2.0,2.0,partial,07:12,13:07,WO-2025-0117-H-001
WO-2025-0114-H-002,2025-01-14,harvest,harvest,1,9,G1-01,10,7,1001,696,bunches,10.0,7.0,partial,06:54,11:42,WO-2025-0116-H-003
WO-2025-0114-H-003,2025-01-14,harvest,harvest,1,16,G1-02,9,6,854,637,bunches,9.0,6.0,partial,06:55,11:58,WO-2025-0118-H-003
WO-2025-0114-H-004,2025-01-14,harvest,harvest,1,22,G1-03,8,7,801,741,bunches,8.0,7.0,completed,07:13,13:41,
WO-2025-0114-H-005,2025-01-14,harvest,harvest,1,29,G1-03,8,8,838,872,bunches,8.0,8.0,completed,07:18,15:07,
WO-2025-0114-H-006,2025-01-14,harvest,harvest,1,30,G1-03,7,5,662,550,bunches,7.0,5.0,partial,06:00,12:47,WO-2025-0117-H-005
WO-2025-0114-H-007,2025-01-14,harvest,harvest,1,38,G1-04,7,5,708,516,bunches,7.0,5.0,partial,07:05,12:31,WO-2025-0119-H-010
WO-2025-0114-H-008,2025-01-14,harvest,harvest,2,42,G2-01,11,8,1069,776,bunches,11.0,8.0,partial,06:45,12:18,WO-2025-0118-H-011
WO-2025-0114-H-009,2025-01-14,harvest,harvest,2,43,G2-01,8,6,801,614,bunches,8.0,6.0,partial,06:59,12:35,WO-2025-0116-H-010
WO-2025-0114-H-010,2025-01-14,harvest,harvest,2,56,G2-02,12,9,1231,1073,bunches,12.0,9.0,completed,06:46,12:55,
WO-2025-0114-H-011,2025-01-14,harvest,harvest,2,69,G2-04,10,9,961,938,bunches,10.0,9.0,completed,07:09,14:27,
WO-2025-0114-H-012,2025-01-14,harvest,harvest,2,71,G2-04,8,8,856,789,bunches,8.0,8.0,completed,07:03,13:25,
WO-2025-0114-H-013,2025-01-14,harvest,harvest,3,94,G3-02,7,8,756,828,bunches,7.0,8.0,completed,06:56,14:37,
WO-2025-0114-H-014,2025-01-14,harvest,harvest,3,96,G3-02,13,9,1241,1395,bunches,13.0,9.0,completed,06:56,15:06,
WO-2025-0114-H-015,2025-01-14,harvest,harvest,3,99,G3-02,9,9,924,855,bunches,9.0,9.0,completed,07:03,13:45,
WO-2025-0114-H-016,2025-01-14,harvest,harvest,3,107,G3-03,12,9,1241,1229,bunches,12.0,9.0,completed,06:55,13:42,
WO-2025-0114-H-017,2025-01-14,harvest,harvest,3,108,G3-03,16,9,1612,1155,bunches,16.0,9.0,partial,07:13,12:03,WO-2025-0117-H-018
WO-2025-0114-H-018,2025-01-14,harvest,harvest,3,109,G3-03,7,6,691,670,bunches,7.0,6.0,completed,06:51,13:42,
WO-2025-0114-H-019,2025-01-14,harvest,harvest,3,112,G3-03,12,9,1276,1079,bunches,12.0,9.0,partial,06:47,13:06,WO-2025-0118-H-029
WO-2025-0114-H-020,2025-01-14,harvest,harvest,3,113,G3-03,15,9,1489,960,bunches,15.0,9.0,partial,07:03,11:57,
WO-2025-0114-H-021,2025-01-14,harvest,harvest,4,133,G4-02,14,9,1482,1447,bunches,14.0,9.0,completed,06:53,14:09,
WO-2025-0114-H-022,2025-01-14,harvest,harvest,4,134,G4-02,14,9,1505,1581,bunches,14.0,9.0,completed,07:01,14:15,
WO-2025-0114-H-023,2025-01-14,harvest,harvest,4,135,G4-02,16,9,1684,1478,bunches,16.0,9.0,completed,07:05,13:41,
WO-2025-0114-H-024,2025-01-14,harvest,harvest,4,137,G4-02,17,9,1782,1542,bunches,17.0,9.0,completed,07:07,13:25,
WO-2025-0114-H-025,2025-01-14,harvest,harvest,4,139,G4-02,11,9,1229,1276,bunches,11.0,9.0,completed,06:56,14:18,
WO-2025-0114-H-026,2025-01-14,harvest,harvest,4,151,G4-03,23,9,2379,1531,bunches,23.0,9.0,partial,07:03,11:17,WO-2025-0116-H-031
WO-2025-0114-H-027,2025-01-14,harvest,harvest,4,153,G4-03,20,9,2089,2102,bunches,20.0,9.0,completed,07:01,14:03,
WO-2025-0114-H-028,2025-01-14,harvest,harvest,4,156,G4-04,9,8,981,838,bunches,9.0,8.0,completed,07:14,13:21,
WO-2025-0114-H-029,2025-01-14,harvest,harvest,4,166,G4-04,11,9,1102,867,bunches,11.0,9.0,partial,06:46,12:47,
WO-2025-0114-H-030,2025-01-14,harvest,harvest,5,169,G5-01,12,9,1222,1029,bunches,12.0,9.0,partial,07:14,13:20,WO-2025-0119-H-035
WO-2025-0114-H-031,2025-01-14,harvest,harvest,5,181,G5-02,11,9,1143,1315,bunches,11.0,9.0,completed,07:07,15:32,
WO-2025-0114-H-032,2025-01-14,harvest,harvest,5,184,G5-02,14,9,1499,1226,bunches,14.0,9.0,partial,07:16,13:04,
WO-2025-0114-H-033,2025-01-14,harvest,harvest,5,185,G5-02,16,9,1680,1436,bunches,16.0,9.0,completed,07:05,13:14,
WO-2025-0114-H-034,2025-01-14,harvest,harvest,5,189,G5-02,16,9,1654,1194,bunches,16.0,9.0,partial,06:45,11:49,WO-2025-0119-H-039
WO-2025-0114-H-035,2025-01-14,harvest,harvest,5,190,G5-02,16,9,1732,1637,bunches,16.0,9.0,completed,06:47,13:27,
WO-2025-0114-H-036,2025-01-14,harvest,harvest,5,201,G5-03,13,9,1328,1153,bunches,13.0,9.0,completed,07:03,13:35,
WO-2025-0114-H-037,2025-01-14,harvest,harvest,5,202,G5-03,13,9,1262,1129,bunches,13.0,9.0,completed,06:49,13:04,
WO-2025-0114-H-038,2025-01-14,harvest,harvest,6,215,G6-02,20,9,2099,1636,bunches,20.0,9.0,partial,06:58,12:50,
WO-2025-0114-H-039,2025-01-14,harvest,harvest,6,230,G6-02,10,9,1065,1027,bunches,10.0,9.0,completed,06:53,13:55,
WO-2025-0114-H-040,2025-01-14,harvest,harvest,6,245,G6-02,11,9,1159,953,bunches,11.0,9.0,partial,07:11,12:55,
WO-2025-0114-H-041,2025-01-14,harvest,harvest,6,249,G6-03,12,9,1193,1117,bunches,12.0,9.0,completed,06:48,13:26,
WO-2025-0114-H-042,2025-01-14,harvest,harvest,6,253,G6-03,8,9,835,960,bunches,8.0,9.0,completed,07:12,15:07,
WO-2025-0114-H-043,2025-01-14,harvest,harvest,6,260,G6-04,13,9,1296,992,bunches,13.0,9.0,partial,07:02,12:12,
WO-2025-0114-H-044,2025-01-14,harvest,harvest,6,270,G6-05,18,9,1974,1486,bunches,18.0,9.0,partial,07:01,12:39,
WO-2025-0114-H-045,2025-01-14,harvest,harvest,6,379,G6-05,11,9,1183,1063,bunches,11.0,9.0,completed,06:00,13:47,
WO-2025-0114-H-046,2025-01-14,harvest,harvest,7,297,G7-01,11,9,1058,957,bunches,11.0,9.0,completed,06:58,13:15,
WO-2025-0114-H-047,2025-01-14,harvest,harvest,7,299,G7-02,10,0,979,0,bunches,10.0,0.0,not_started,07:13,,WO-2025-0115-H-054
WO-2025-0114-H-048,2025-01-14,harvest,harvest,7,300,G7-02,8,7,800,630,bunches,8.0,7.0,partial,07:17,13:15,
WO-2025-0114-H-049,2025-01-14,harvest,harvest,7,302,G7-02,9,9,880,924,bunches,9.0,9.0,completed,07:15,14:40,
WO-2025-0114-H-050,2025-01-14,harvest,harvest,7,309,G7-02,8,7,834,764,bunches,8.0,7.0,completed,07:06,13:29,
WO-2025-0115-H-001,2025-01-15,harvest,harvest,1,7,G1-01,4,4,371,426,bunches,4.0,4.0,completed,07:10,15:38,
WO-2025-0115-H-002,2025-01-15,harvest,harvest,1,8,G1-01,12,9,1150,1038,bunches,12.0,9.0,completed,06:56,13:39,
WO-2025-0115-H-003,2025-01-15,harvest,harvest,1,15,G1-02,11,9,1143,967,bunches,11.0,9.0,partial,07:03,12:55,WO-2025-0120-H-006
WO-2025-0115-H-004,2025-01-15,harvest,harvest,1,17,G1-02,8,6,748,573,bunches,8.0,6.0,partial,07:10,12:35,WO-2025-0118-H-004
WO-2025-0115-H-005,2025-01-15,harvest,harvest,1,26,G1-03,9,8,977,788,bunches,9.0,8.0,partial,06:46,12:52,WO-2025-0119-H-008
WO-2025-0115-H-006,2025-01-15,harvest,harvest,1,31,G1-04,6,5,595,572,bunches,6.0,5.0,completed,07:02,13:34,
WO-2025-0115-H-007,2025-01-15,harvest,harvest,1,33,G1-04,7,6,719,638,bunches,7.0,6.0,completed,06:46,13:24,
WO-2025-0115-H-008,2025-01-15,harvest,harvest,1,35,G1-04,10,8,1054,838,bunches,10.0,8.0,partial,07:10,12:34,
WO-2025-0115-H-009,2025-01-15,harvest,harvest,1,39,G1-04,8,8,800,823,bunches,8.0,8.0,completed,06:50,14:27,
WO-2025-0115-H-010,2025-01-15,harvest,harvest,2,45,G2-01,8,8,749,736,bunches,8.0,8.0,completed,07:17,14:16,
WO-2025-0115-H-011,2025-01-15,harvest,harvest,2,47,G2-01,10,9,1016,883,bunches,10.0,9.0,completed,07:10,13:18,
WO-2025-0115-H-012,2025-01-15,harvest,harvest,2,49,G2-01,11,9,1043,948,bunches,11.0,9.0,completed,07:10,13:38,
WO-2025-0115-H-013,2025-01-15,harvest,harvest,2,55,G2-02,9,7,917,728,bunches,9.0,7.0,partial,07:18,13:10,WO-2025-0120-H-010
WO-2025-0115-H-014,2025-01-15,harvest,harvest,2,57,G2-02,11,9,1070,971,bunches,11.0,9.0,completed,06:58,13:40,
WO-2025-0115-H-015,2025-01-15,harvest,harvest,2,63,G2-03,11,9,1120,967,bunches,11.0,9.0,completed,06:48,12:42,
WO-2025-0115-H-016,2025-01-15,harvest,harvest,2,67,G2-03,10,8,968,830,bunches,10.0,8.0,completed,07:08,13:03,
WO-2025-0115-H-017,2025-01-15,harvest,harvest,2,73,G2-04,6,6,637,639,bunches,6.0,6.0,completed,07:04,14:31,
WO-2025-0115-H-018,2025-01-15,harvest,harvest,3,77,G3-01,14,9,1441,1443,bunches,14.0,9.0,completed,07:20,14:39,
WO-2025-0115-H-019,2025-01-15,harvest,harvest,3,82,G3-01,1,1,113,114,bunches,1.0,1.0,completed,07:06,14:22,
WO-2025-0115-H-020,2025-01-15,harvest,harvest,3,85,G3-01,11,9,1090,919,bunches,11.0,9.0,partial,07:12,13:18,
WO-2025-0115-H-021,2025-01-15,harvest,harvest,3,87,G3-01,17,9,1653,1576,bunches,17.0,9.0,completed,06:53,14:07,
WO-2025-0115-H-022,2025-01-15,harvest,harvest,3,92,G3-02,10,9,998,947,bunches,10.0,9.0,completed,07:17,14:07,
WO-2025-0115-H-023,2025-01-15,harvest,harvest,3,93,G3-02,8,8,767,818,bunches,8.0,8.0,completed,07:20,15:14,
WO-2025-0115-H-024,2025-01-15,harvest,harvest,3,97,G3-02,13,9,1294,1041,bunches,13.0,9.0,partial,06:46,12:35,WO-2025-0119-H-022
WO-2025-0115-H-025,2025-01-15,harvest,harvest,3,100,G3-02,11,9,1177,1127,bunches,11.0,9.0,completed,06:55,13:47,
WO-2025-0115-H-026,2025-01-15,harvest,harvest,3,105,G3-03,9,7,899,638,bunches,9.0,7.0,partial,07:00,12:17,WO-2025-0119-H-027
WO-2025-0115-H-027,2025-01-15,harvest,harvest,3,110,G3-03,14,9,1408,1210,bunches,14.0,9.0,completed,06:55,13:12,
WO-2025-0115-H-028,2025-01-15,harvest,harvest,4,124,G4-01,5,4,533,426,bunches,5.0,4.0,partial,07:13,12:47,
WO-2025-0115-H-029,2025-01-15,harvest,harvest,4,128,G4-01,16,9,1700,1359,bunches,16.0,9.0,partial,06:49,12:53,WO-2025-0119-H-028
WO-2025-0115-H-030,2025-01-15,harvest,harvest,4,132,G4-01,13,9,1353,1427,bunches,13.0,9.0,completed,07:02,14:57,
WO-2025-0115-H-031,2025-01-15,harvest,harvest,4,138,G4-02,10,9,1110,1036,bunches,10.0,9.0,completed,07:20,13:55,
WO-2025-0115-H-032,2025-01-15,harvest,harvest,4,142,G4-02,10,9,1089,998,bunches,10.0,9.0,completed,07:16,13:50,
WO-2025-0115-H-033,2025-01-15,harvest,harvest,4,143,G4-02,21,9,2112,1709,bunches,21.0,9.0,partial,07:04,13:03,
WO-2025-0115-H-034,2025-01-15,harvest,harvest,4,147,G4-03,13,9,1264,1151,bunches,13.0,9.0,completed,07:12,13:56,
WO-2025-0115-H-035,2025-01-15,harvest,harvest,4,148,G4-03,10,9,1016,1043,bunches,10.0,9.0,completed,07:19,14:21,
WO-2025-0115-H-036,2025-01-15,harvest,harvest,4,149,G4-03,13,9,1329,1271,bunches,13.0,9.0,completed,07:08,13:46,
WO-2025-0115-H-037,2025-01-15,harvest,harvest,4,150,G4-03,16,0,1607,0,bunches,16.0,0.0,not_started,06:58,,WO-2025-0116-H-030
WO-2025-0115-H-038,2025-01-15,harvest,harvest,5,172,G5-01,11,9,1211,1203,bunches,11.0,9.0,completed,06:49,14:20,
WO-2025-0115-H-039,2025-01-15,harvest,harvest,5,177,G5-01,13,9,1411,1403,bunches,13.0,9.0,completed,06:45,14:11,
WO-2025-0115-H-040,2025-01-15,harvest,harvest,5,178,G5-01,15,9,1528,1613,bunches,15.0,9.0,completed,07:05,15:03,
WO-2025-0115-H-041,2025-01-15,harvest,harvest,5,188,G5-02,13,9,1300,1004,bunches,13.0,9.0,partial,07:20,13:05,WO-2025-0119-H-038
WO-2025-0115-H-042,2025-01-15,harvest,harvest,5,193,G5-03,17,9,1687,1198,bunches,17.0,9.0,partial,06:47,12:17,WO-2025-0120-H-038
WO-2025-0115-H-043,2025-01-15,harvest,harvest,5,195,G5-03,12,9,1201,1035,bunches,12.0,9.0,completed,07:05,13:23,
WO-2025-0115-H-044,2025-01-15,harvest,harvest,6,209,G6-01,12,9,1183,868,bunches,12.0,9.0,partial,06:50,12:29,
WO-2025-0115-H-045,2025-01-15,harvest,harvest,6,210,G6-01,17,9,1832,1317,bunches,17.0,9.0,partial,07:19,12:38,WO-2025-0118-H-048
WO-2025-0115-H-046,2025-01-15,harvest,harvest,6,251,G6-03,13,9,1283,942,bunches,13.0,9.0,partial,07:20,12:58,
WO-2025-0115-H-047,2025-01-15,harvest,harvest,6,252,G6-03,15,9,1610,1784,bunches,15.0,9.0,completed,06:48,15:07,
WO-2025-0115-H-048,2025-01-15,harvest,harvest,6,255,G6-03,16,9,1542,1072,bunches,16.0,9.0,partial,07:19,11:57,
WO-2025-0115-H-049,2025-01-15,harvest,harvest,6,256,G6-03,8,7,730,678,bunches,8.0,7.0,completed,07:04,13:29,
WO-2025-0115-H-050,2025-01-15,harvest,harvest,6,264,G6-04,7,6,738,697,bunches,7.0,6.0,completed,07:02,13:51,
WO-2025-0115-H-051,2025-01-15,harvest,harvest,6,265,G6-04,10,8,1047,904,bunches,10.0,8.0,completed,06:55,12:57,
WO-2025-0115-H-052,2025-01-15,harvest,harvest,6,266,G6-04,17,9,1730,1454,bunches,17.0,9.0,partial,07:09,13:01,WO-2025-0120-H-047
WO-2025-0115-H-053,2025-01-15,harvest,harvest,6,380,G6-05,12,9,1324,1333,bunches,12.0,9.0,completed,07:04,14:26,
WO-2025-0115-H-054,2025-01-15,harvest,harvest,7,299,G7-02,10,9,979,876,bunches,10.0,9.0,completed,07:04,13:14,
WO-2025-0115-H-055,2025-01-15,harvest,harvest,7,311,G7-03,15,9,1596,1503,bunches,15.0,9.0,completed,07:00,14:09,
WO-2025-0115-H-056,2025-01-15,harvest,harvest,7,328,G7-03,11,9,1065,974,bunches,11.0,9.0,completed,07:13,13:58,
WO-2025-0115-H-057,2025-01-15,harvest,harvest,7,331,G7-03,13,9,1252,1297,bunches,13.0,9.0,completed,06:54,14:04,
WO-2025-0115-H-058,2025-01-15,harvest,harvest,7,335,G7-03,16,9,1671,1304,bunches,16.0,9.0,partial,07:10,12:00,
WO-2025-0115-H-059,2025-01-15,harvest,harvest,7,338,G7-03,9,9,957,892,bunches,9.0,9.0,completed,06:47,13:31,
WO-2025-0115-H-060,2025-01-15,harvest,harvest,7,341,G7-04,6,7,621,704,bunches,6.0,7.0,completed,06:50,14:55,
WO-2025-0115-H-061,2025-01-15,harvest,harvest,7,344,G7-04,10,9,1104,1247,bunches,10.0,9.0,completed,07:07,15:23,
WO-2025-0115-H-062,2025-01-15,harvest,harvest,7,345,G7-04,11,9,1217,1399,bunches,11.0,9.0,completed,06:49,14:42,
WO-2025-0116-H-001,2025-01-16,harvest,harvest,1,3,G1-01,5,4,504,402,bunches,5.0,4.0,partial,07:11,13:14,WO-2025-0120-H-001
WO-2025-0116-H-002,2025-01-16,harvest,harvest,1,6,G1-01,2,2,247,240,bunches,2.0,2.0,completed,07:11,13:57,
WO-2025-0116-H-003,2025-01-16,harvest,harvest,1,9,G1-01,8,7,765,696,bunches,8.0,7.0,completed,07:04,14:00,
WO-2025-0116-H-004,2025-01-16,harvest,harvest,1,11,G1-02,10,8,1034,836,bunches,10.0,8.0,partial,06:57,12:44,WO-2025-0119-H-004
WO-2025-0116-H-005,2025-01-16,harvest,harvest,1,19,G1-02,8,6,763,629,bunches,8.0,6.0,partial,06:58,12:39,
WO-2025-0116-H-006,2025-01-16,harvest,harvest,1,21,G1-03,9,8,858,814,bunches,9.0,8.0,completed,07:20,14:15,
WO-2025-0116-H-007,2025-01-16,harvest,harvest,1,25,G1-03,10,9,1051,1082,bunches,10.0,9.0,completed,07:00,14:23,
WO-2025-0116-H-008,2025-01-16,harvest,harvest,1,36,G1-04,8,7,823,709,bunches,8.0,7.0,completed,07:11,13:09,
WO-2025-0116-H-009,2025-01-16,harvest,harvest,2,41,G2-01,12,9,1227,1099,bunches,12.0,9.0,completed,06:51,13:28,
WO-2025-0116-H-010,2025-01-16,harvest,harvest,2,43,G2-01,7,6,652,614,bunches,7.0,6.0,completed,06:53,13:33,
WO-2025-0116-H-011,2025-01-16,harvest,harvest,2,46,G2-01,10,9,1016,983,bunches,10.0,9.0,completed,07:16,14:34,
WO-2025-0116-H-012,2025-01-16,harvest,harvest,2,50,G2-02,6,6,644,610,bunches,6.0,6.0,completed,07:09,13:57,
WO-2025-0116-H-013,2025-01-16,harvest,harvest,2,53,G2-02,7,6,672,633,bunches,7.0,6.0,completed,06:53,13:00,
WO-2025-0116-H-014,2025-01-16,harvest,harvest,2,59,G2-03,16,9,1621,1103,bunches,16.0,9.0,partial,07:06,12:23,WO-2025-0121-H-014
WO-2025-0116-H-015,2025-01-16,harvest,harvest,2,73,G2-04,7,6,662,639,bunches,7.0,6.0,completed,07:14,14:19,
WO-2025-0116-H-016,2025-01-16,harvest,harvest,2,74,G2-04,12,9,1187,1069,bunches,12.0,9.0,completed,07:17,14:07,
WO-2025-0116-H-017,2025-01-16,harvest,harvest,2,382,G2-04,7,8,752,865,bunches,7.0,8.0,completed,06:58,15:28,
WO-2025-0116-H-018,2025-01-16,harvest,harvest,3,75,G3-01,12,9,1234,1153,bunches,12.0,9.0,completed,07:01,13:55,
WO-2025-0116-H-019,2025-01-16,harvest,harvest,3,81,G3-01,3,3,283,267,bunches,3.0,3.0,completed,06:46,13:56,
WO-2025-0116-H-020,2025-01-16,harvest,harvest,3,86,G3-01,14,9,1349,1477,bunches,14.0,9.0,completed,07:15,15:15,
WO-2025-0116-H-021,2025-01-16,harvest,harvest,3,101,G3-03,14,9,1355,1308,bunches,14.0,9.0,completed,07:04,13:46,
WO-2025-0116-H-022,2025-01-16,harvest,harvest,3,102,G3-03,9,8,961,812,bunches,9.0,8.0,partial,06:45,12:51,WO-2025-0118-H-025
WO-2025-0116-H-023,2025-01-16,harvest,harvest,3,111,G3-03,11,9,1161,1026,bunches,11.0,9.0,completed,06:51,12:59,
WO-2025-0116-H-024,2025-01-16,harvest,harvest,3,114,G3-04,9,7,884,725,bunches,9.0,7.0,partial,07:21,13:05,WO-2025-0120-H-027
WO-2025-0116-H-025,2025-01-16,harvest,harvest,3,117,G3-04,5,4,478,362,bunches,5.0,4.0,partial,06:50,12:20,WO-2025-0121-H-023
WO-2025-0116-H-026,2025-01-16,harvest,harvest,3,370,G3-04,2,2,193,176,bunches,2.0,2.0,completed,06:58,13:28,
WO-2025-0116-H-027,2025-01-16,harvest,harvest,4,140,G4-02,11,9,1104,1270,bunches,11.0,9.0,completed,07:04,15:18,
WO-2025-0116-H-028,2025-01-16,harvest,harvest,4,141,G4-02,14,9,1461,1423,bunches,14.0,9.0,completed,06:56,13:35,
WO-2025-0116-H-029,2025-01-16,harvest,harvest,4,144,G4-03,13,9,1290,957,bunches,13.0,9.0,partial,07:16,12:49,WO-2025-0121-H-027
WO-2025-0116-H-030,2025-01-16,harvest,harvest,4,150,G4-03,16,9,1607,1539,bunches,16.0,9.0,completed,07:12,14:18,
WO-2025-0116-H-031,2025-01-16,harvest,harvest,4,151,G4-03,18,9,1913,1531,bunches,18.0,9.0,partial,07:03,12:53,
WO-2025-0116-H-032,2025-01-16,harvest,harvest,4,152,G4-03,17,9,1777,2043,bunches,17.0,9.0,completed,06:48,14:46,
WO-2025-0116-H-033,2025-01-16,harvest,harvest,4,159,G4-04,19,9,1939,1547,bunches,19.0,9.0,partial,07:05,12:39,
WO-2025-0116-H-034,2025-01-16,harvest,harvest,4,163,G4-04,12,9,1297,1187,bunches,12.0,9.0,completed,06:58,13:51,
WO-2025-0116-H-035,2025-01-16,harvest,harvest,5,176,G5-01,11,9,1187,1095,bunches,11.0,9.0,completed,06:55,13:54,
WO-2025-0116-H-036,2025-01-16,harvest,harvest,5,179,G5-01,15,9,1641,1189,bunches,15.0,9.0,partial,07:11,12:36,
WO-2025-0116-H-037,2025-01-16,harvest,harvest,6,205,G6-01,10,8,1012,799,bunches,10.0,8.0,partial,07:16,12:55,WO-2025-0121-H-038
WO-2025-0116-H-038,2025-01-16,harvest,harvest,6,207,G6-01,14,9,1478,1239,bunches,14.0,9.0,partial,07:05,13:05,
WO-2025-0116-H-039,2025-01-16,harvest,harvest,6,223,G6-02,12,9,1284,1092,bunches,12.0,9.0,completed,06:52,13:05,
WO-2025-0116-H-040,2025-01-16,harvest,harvest,6,250,G6-03,12,9,1225,924,bunches,12.0,9.0,partial,07:03,12:33,WO-2025-0121-H-040
WO-2025-0116-H-041,2025-01-16,harvest,harvest,7,293,G7-01,12,9,1244,1138,bunches,12.0,9.0,completed,06:49,13:22,
WO-2025-0116-H-042,2025-01-16,harvest,harvest,7,296,G7-01,11,9,1107,935,bunches,11.0,9.0,partial,07:12,13:15,WO-2025-0121-H-045
WO-2025-0116-H-043,2025-01-16,harvest,harvest,7,304,G7-02,10,9,1060,1151,bunches,10.0,9.0,completed,07:12,15:08,
WO-2025-0116-H-044,2025-01-16,harvest,harvest,7,340,G7-04,20,9,2073,1504,bunches,20.0,9.0,partial,07:19,12:22,WO-2025-0121-H-049
WO-2025-0116-H-045,2025-01-16,harvest,harvest,7,346,G7-04,15,9,1572,1297,bunches,15.0,9.0,partial,07:18,13:29,
WO-2025-0117-H-001,2025-01-17,harvest,harvest,1,1,G1-01,2,2,217,181,bunches,2.0,2.0,partial,06:51,12:53,
WO-2025-0117-H-002,2025-01-17,harvest,harvest,1,10,G1-01,10,9,959,875,bunches,10.0,9.0,completed,07:05,13:41,
WO-2025-0117-H-003,2025-01-17,harvest,harvest,1,12,G1-02,10,9,1066,1077,bunches,10.0,9.0,completed,07:16,14:53,
WO-2025-0117-H-004,2025-01-17,harvest,harvest,1,27,G1-03,8,8,796,764,bunches,8.0,8.0,completed,06:47,13:40,
WO-2025-0117-H-005,2025-01-17,harvest,harvest,1,30,G1-03,6,5,645,550,bunches,6.0,5.0,completed,06:52,13:17,
WO-2025-0117-H-006,2025-01-17,harvest,harvest,1,32,G1-04,4,5,470,540,bunches,4.0,5.0,completed,07:14,15:11,
WO-2025-0117-H-007,2025-01-17,harvest,harvest,1,33,G1-04,7,6,732,638,bunches,7.0,6.0,completed,06:51,13:02,
WO-2025-0117-H-008,2025-01-17,harvest,harvest,1,37,G1-04,5,6,544,574,bunches,5.0,6.0,completed,06:58,14:34,
WO-2025-0117-H-009,2025-01-17,harvest,harvest,2,44,G2-01,7,7,675,664,bunches,7.0,7.0,completed,07:09,13:54,
WO-2025-0117-H-010,2025-01-17,harvest,harvest,2,60,G2-03,15,9,1523,1328,bunches,15.0,9.0,completed,07:08,13:06,
WO-2025-0117-H-011,2025-01-17,harvest,harvest,2,62,G2-03,21,9,2192,1699,bunches,21.0,9.0,partial,07:05,12:55,
WO-2025-0117-H-012,2025-01-17,harvest,harvest,2,71,G2-04,9,8,872,789,bunches,9.0,8.0,completed,06:59,13:16,
WO-2025-0117-H-013,2025-01-17,harvest,harvest,2,72,G2-04,8,7,842,656,bunches,8.0,7.0,partial,07:19,13:13,WO-2025-0121-H-015
WO-2025-0117-H-014,2025-01-17,harvest,harvest,3,76,G3-01,15,9,1515,1098,bunches,15.0,9.0,partial,07:02,12:27,WO-2025-0121-H-016
WO-2025-0117-H-015,2025-01-17,harvest,harvest,3,79,G3-01,8,7,807,687,bunches,8.0,7.0,completed,07:16,13:39,
WO-2025-0117-H-016,2025-01-17,harvest,harvest,3,93,G3-02,9,8,886,818,bunches,9.0,8.0,completed,07:03,13:37,
WO-2025-0117-H-017,2025-01-17,harvest,harvest,3,104,G3-03,8,8,838,817,bunches,8.0,8.0,completed,07:06,14:08,
WO-2025-0117-H-018,2025-01-17,harvest,harvest,3,108,G3-03,15,9,1503,1155,bunches,15.0,9.0,partial,07:00,12:35,WO-2025-0120-H-025
WO-2025-0117-H-019,2025-01-17,harvest,harvest,3,109,G3-03,7,6,712,670,bunches,7.0,6.0,completed,07:08,13:57,
WO-2025-0117-H-020,2025-01-17,harvest,harvest,3,118,G3-04,4,4,424,423,bunches,4.0,4.0,completed,07:15,14:10,
WO-2025-0117-H-021,2025-01-17,harvest,harvest,3,121,G3-04,2,2,214,217,bunches,2.0,2.0,completed,07:16,14:33,
WO-2025-0117-H-022,2025-01-17,harvest,harvest,4,129,G4-01,9,9,913,992,bunches,9.0,9.0,completed,06:53,14:27,
WO-2025-0117-H-023,2025-01-17,harvest,harvest,4,131,G4-01,15,9,1638,1884,bunches,15.0,9.0,completed,07:18,15:48,
WO-2025-0117-H-024,2025-01-17,harvest,harvest,4,145,G4-03,17,9,1797,1472,bunches,17.0,9.0,partial,07:05,12:46,
WO-2025-0117-H-025,2025-01-17,harvest,harvest,4,148,G4-03,10,9,1045,1043,bunches,10.0,9.0,completed,07:01,14:23,
WO-2025-0117-H-026,2025-01-17,harvest,harvest,5,180,G5-02,14,9,1508,1221,bunches,14.0,9.0,partial,06:57,12:46,WO-2025-0122-H-040
WO-2025-0117-H-027,2025-01-17,harvest,harvest,5,182,G5-02,15,9,1568,1307,bunches,15.0,9.0,partial,06:59,12:47,
WO-2025-0117-H-028,2025-01-17,harvest,harvest,5,196,G5-03,10,9,1049,1112,bunches,10.0,9.0,completed,07:02,14:30,
WO-2025-0117-H-029,2025-01-17,harvest,harvest,5,202,G5-03,14,9,1393,1129,bunches,14.0,9.0,partial,07:05,13:06,WO-2025-0122-H-043
WO-2025-0117-H-030,2025-01-17,harvest,harvest,5,373,G5-03,2,2,255,214,bunches,2.0,2.0,partial,06:59,13:14,
WO-2025-0117-H-031,2025-01-17,harvest,harvest,6,203,G6-01,18,9,1899,1401,bunches,18.0,9.0,partial,07:06,12:33,
WO-2025-0117-H-032,2025-01-17,harvest,harvest,6,204,G6-01,20,9,2085,1501,bunches,20.0,9.0,partial,07:20,12:13,
WO-2025-0117-H-033,2025-01-17,harvest,harvest,6,213,G6-02,20,9,2153,1834,bunches,20.0,9.0,completed,07:21,13:06,
WO-2025-0117-H-034,2025-01-17,harvest,harvest,6,230,G6-02,9,9,977,1027,bunches,9.0,9.0,completed,07:04,14:50,
WO-2025-0117-H-035,2025-01-17,harvest,harvest,6,246,G6-02,10,9,1014,890,bunches,10.0,9.0,completed,07:09,13:49,
WO-2025-0117-H-036,2025-01-17,harvest,harvest,6,253,G6-03,10,9,1065,960,bunches,10.0,9.0,completed,07:05,13:47,
WO-2025-0117-H-037,2025-01-17,harvest,harvest,6,254,G6-03,12,9,1174,1019,bunches,12.0,9.0,completed,06:53,13:23,
WO-2025-0117-H-038,2025-01-17,harvest,harvest,6,262,G6-04,15,9,1496,1513,bunches,15.0,9.0,completed,07:14,14:29,
WO-2025-0117-H-039,2025-01-17,harvest,harvest,7,289,G7-01,8,7,800,745,bunches,8.0,7.0,completed,07:20,13:53,
WO-2025-0117-H-040,2025-01-17,harvest,harvest,7,291,G7-01,13,9,1297,1157,bunches,13.0,9.0,completed,07:21,13:28,
WO-2025-0117-H-041,2025-01-17,harvest,harvest,7,292,G7-01,14,9,1380,1220,bunches,14.0,9.0,completed,07:15,13:54,
WO-2025-0117-H-042,2025-01-17,harvest,harvest,7,295,G7-01,8,9,816,865,bunches,8.0,9.0,completed,07:11,14:46,
WO-2025-0117-H-043,2025-01-17,harvest,harvest,7,297,G7-01,12,9,1185,957,bunches,12.0,9.0,partial,06:59,12:44,
WO-2025-0117-H-044,2025-01-17,harvest,harvest,7,298,G7-01,11,9,1088,1003,bunches,11.0,9.0,completed,06:56,13:23,
WO-2025-0117-H-045,2025-01-17,harvest,harvest,7,303,G7-02,14,9,1379,1075,bunches,14.0,9.0,partial,07:09,13:01,
WO-2025-0117-H-046,2025-01-17,harvest,harvest,7,306,G7-02,19,9,1893,2071,bunches,19.0,9.0,completed,06:49,14:21,
WO-2025-0117-H-047,2025-01-17,harvest,harvest,7,310,G7-02,18,9,1844,1594,bunches,18.0,9.0,completed,07:10,13:42,
WO-2025-0117-H-048,2025-01-17,harvest,harvest,7,329,G7-03,9,7,863,712,bunches,9.0,7.0,partial,07:21,13:29,
WO-2025-0117-H-049,2025-01-17,harvest,harvest,7,343,G7-04,12,9,1213,1009,bunches,12.0,9.0,partial,06:53,12:46,WO-2025-0121-H-051
WO-2025-0117-H-050,2025-01-17,harvest,harvest,7,347,G7-04,18,9,1951,1934,bunches,18.0,9.0,completed,07:12,14:27,
WO-2025-0118-H-001,2025-01-18,harvest,harvest,1,2,G1-01,6,5,581,512,bunches,6.0,5.0,completed,06:49,13:01,
WO-2025-0118-H-002,2025-01-18,harvest,harvest,1,14,G1-02,7,7,706,708,bunches,7.0,7.0,completed,07:02,14:16,
WO-2025-0118-H-003,2025-01-18,harvest,harvest,1,16,G1-02,7,6,673,637,bunches,7.0,6.0,completed,07:19,14:10,
WO-2025-0118-H-004,2025-01-18,harvest,harvest,1,17,G1-02,5,6,498,573,bunches,5.0,6.0,completed,06:47,15:14,
WO-2025-0118-H-005,2025-01-18,harvest,harvest,1,18,G1-02,5,4,491,408,bunches,5.0,4.0,partial,06:58,12:35,WO-2025-0122-H-006
WO-2025-0118-H-006,2025-01-18,harvest,harvest,1,20,G1-02,4,5,429,487,bunches,4.0,5.0,completed,07:21,15:50,
WO-2025-0118-H-007,2025-01-18,harvest,harvest,1,24,G1-03,7,8,670,770,bunches,7.0,8.0,completed,07:17,15:47,
WO-2025-0118-H-008,2025-01-18,harvest,harvest,1,28,G1-03,8,8,806,774,bunches,8.0,8.0,completed,07:15,14:08,
WO-2025-0118-H-009,2025-01-18,harvest,harvest,1,31,G1-04,8,5,793,572,bunches,8.0,5.0,partial,06:47,11:43,WO-2025-0120-H-008
WO-2025-0118-H-010,2025-01-18,harvest,harvest,1,34,G1-04,10,7,1006,719,bunches,10.0,7.0,partial,07:03,12:10,WO-2025-0122-H-012
WO-2025-0118-H-011,2025-01-18,harvest,harvest,2,42,G2-01,7,8,746,776,bunches,7.0,8.0,completed,07:03,14:51,
WO-2025-0118-H-012,2025-01-18,harvest,harvest,2,47,G2-01,9,9,927,883,bunches,9.0,9.0,completed,06:47,13:54,
WO-2025-0118-H-013,2025-01-18,harvest,harvest,2,52,G2-02,11,8,1087,801,bunches,11.0,8.0,partial,06:45,12:14,
WO-2025-0118-H-014,2025-01-18,harvest,harvest,2,54,G2-02,14,9,1382,926,bunches,14.0,9.0,partial,07:17,11:47,WO-2025-0123-H-011
WO-2025-0118-H-015,2025-01-18,harvest,harvest,2,56,G2-02,12,0,1166,0,bunches,12.0,0.0,not_started,06:48,,WO-2025-0119-H-014
WO-2025-0118-H-016,2025-01-18,harvest,harvest,2,63,G2-03,11,9,1082,967,bunches,11.0,9.0,completed,07:05,13:44,
WO-2025-0118-H-017,2025-01-18,harvest,harvest,2,67,G2-03,8,8,838,830,bunches,8.0,8.0,completed,07:08,14:07,
WO-2025-0118-H-018,2025-01-18,harvest,harvest,2,68,G2-03,8,9,828,900,bunches,8.0,9.0,completed,07:10,15:18,
WO-2025-0118-H-019,2025-01-18,harvest,harvest,2,73,G2-04,8,6,778,639,bunches,8.0,6.0,partial,06:52,12:27,WO-2025-0123-H-015
WO-2025-0118-H-020,2025-01-18,harvest,harvest,3,78,G3-01,13,9,1260,1162,bunches,13.0,9.0,completed,06:58,13:53,
WO-2025-0118-H-021,2025-01-18,harvest,harvest,3,80,G3-01,8,7,779,703,bunches,8.0,7.0,completed,07:10,13:29,
WO-2025-0118-H-022,2025-01-18,harvest,harvest,3,83,G3-01,15,9,1640,1515,bunches,15.0,9.0,completed,06:56,13:32,
WO-2025-0118-H-023,2025-01-18,harvest,harvest,3,88,G3-02,13,9,1219,997,bunches,13.0,9.0,partial,06:59,12:41,WO-2025-0122-H-026
WO-2025-0118-H-024,2025-01-18,harvest,harvest,3,94,G3-02,10,8,977,828,bunches,10.0,8.0,partial,07:08,12:56,WO-2025-0123-H-021
WO-2025-0118-H-025,2025-01-18,harvest,harvest,3,102,G3-03,7,8,706,812,bunches,7.0,8.0,completed,07:17,15:26,
WO-2025-0118-H-026,2025-01-18,harvest,harvest,3,103,G3-03,7,8,696,777,bunches,7.0,8.0,completed,07:09,15:01,
WO-2025-0118-H-027,2025-01-18,harvest,harvest,3,106,G3-03,5,4,489,404,bunches,5.0,4.0,partial,06:52,12:43,WO-2025-0123-H-026
WO-2025-0118-H-028,2025-01-18,harvest,harvest,3,107,G3-03,13,9,1355,1229,bunches,13.0,9.0,completed,07:07,13:28,
WO-2025-0118-H-029,2025-01-18,harvest,harvest,3,112,G3-03,12,9,1241,1079,bunches,12.0,9.0,completed,06:56,13:01,
WO-2025-0118-H-030,2025-01-18,harvest,harvest,3,115,G3-04,8,9,841,911,bunches,8.0,9.0,completed,07:01,14:40,
WO-2025-0118-H-031,2025-01-18,harvest,harvest,3,116,G3-04,7,6,656,568,bunches,7.0,6.0,completed,07:07,13:27,
WO-2025-0118-H-032,2025-01-18,harvest,harvest,3,119,G3-04,3,3,263,282,bunches,3.0,3.0,completed,07:08,14:50,
WO-2025-0118-H-033,2025-01-18,harvest,harvest,3,369,G3-04,1,2,161,185,bunches,1.0,2.0,completed,07:13,15:35,
WO-2025-0118-H-034,2025-01-18,harvest,harvest,4,122,G4-01,9,7,964,717,bunches,9.0,7.0,partial,06:51,12:32,
WO-2025-0118-H-035,2025-01-18,harvest,harvest,4,126,G4-01,3,4,346,371,bunches,3.0,4.0,completed,07:03,15:02,
WO-2025-0118-H-036,2025-01-18,harvest,harvest,4,130,G4-01,13,9,1362,1358,bunches,13.0,9.0,completed,06:56,14:14,
WO-2025-0118-H-037,2025-01-18,harvest,harvest,4,141,G4-02,14,9,1418,1423,bunches,14.0,9.0,completed,07:18,14:42,
WO-2025-0118-H-038,2025-01-18,harvest,harvest,4,154,G4-03,4,3,407,371,bunches,4.0,3.0,completed,07:11,13:44,
WO-2025-0118-H-039,2025-01-18,harvest,harvest,4,157,G4-04,17,9,1732,1474,bunches,17.0,9.0,completed,07:15,13:02,
WO-2025-0118-H-040,2025-01-18,harvest,harvest,4,158,G4-04,9,9,931,1011,bunches,9.0,9.0,completed,07:11,15:22,
WO-2025-0118-H-041,2025-01-18,harvest,harvest,5,168,G5-01,11,9,1107,1208,bunches,11.0,9.0,completed,07:15,14:45,
WO-2025-0118-H-042,2025-01-18,harvest,harvest,5,181,G5-02,11,9,1143,1315,bunches,11.0,9.0,completed,07:02,15:03,
WO-2025-0118-H-043,2025-01-18,harvest,harvest,5,190,G5-02,14,9,1456,1637,bunches,14.0,9.0,completed,06:59,15:27,
WO-2025-0118-H-044,2025-01-18,harvest,harvest,5,194,G5-03,13,0,1327,0,bunches,13.0,0.0,not_started,07:18,,WO-2025-0119-H-040
WO-2025-0118-H-045,2025-01-18,harvest,harvest,5,197,G5-03,13,9,1334,1323,bunches,13.0,9.0,completed,06:45,13:35,
WO-2025-0118-H-046,2025-01-18,harvest,harvest,5,200,G5-03,7,8,746,765,bunches,7.0,8.0,completed,06:56,14:16,
WO-2025-0118-H-047,2025-01-18,harvest,harvest,6,208,G6-01,8,9,824,870,bunches,8.0,9.0,completed,07:00,14:32,
WO-2025-0118-H-048,2025-01-18,harvest,harvest,6,210,G6-01,11,9,1256,1317,bunches,11.0,9.0,completed,06:53,14:18,
WO-2025-0118-H-049,2025-01-18,harvest,harvest,6,211,G6-01,9,9,1033,1147,bunches,9.0,9.0,completed,07:12,15:07,
WO-2025-0118-H-050,2025-01-18,harvest,harvest,6,212,G6-01,11,9,1159,1175,bunches,11.0,9.0,completed,07:13,14:39,
WO-2025-0118-H-051,2025-01-18,harvest,harvest,6,214,G6-02,12,9,1246,1115,bunches,12.0,9.0,completed,07:19,13:23,
WO-2025-0118-H-052,2025-01-18,harvest,harvest,6,248,G6-03,11,8,1067,734,bunches,11.0,8.0,partial,06:47,11:41,WO-2025-0122-H-044
WO-2025-0118-H-053,2025-01-18,harvest,harvest,6,259,G6-04,16,9,1661,1370,bunches,16.0,9.0,partial,07:20,13:26,WO-2025-0123-H-051
WO-2025-0118-H-054,2025-01-18,harvest,harvest,6,263,G6-04,14,9,1387,1459,bunches,14.0,9.0,completed,07:13,14:55,
WO-2025-0118-H-055,2025-01-18,harvest,harvest,6,265,G6-04,8,8,854,904,bunches,8.0,8.0,completed,06:47,14:18,
WO-2025-0118-H-056,2025-01-18,harvest,harvest,6,269,G6-05,10,9,1116,1283,bunches,10.0,9.0,completed,07:19,15:20,
WO-2025-0118-H-057,2025-01-18,harvest,harvest,6,272,G6-05,17,9,1680,1442,bunches,17.0,9.0,completed,07:12,13:25,
WO-2025-0118-H-058,2025-01-18,harvest,harvest,6,379,G6-05,12,9,1211,1063,bunches,12.0,9.0,completed,06:52,13:31,
WO-2025-0118-H-059,2025-01-18,harvest,harvest,6,380,G6-05,11,9,1218,1333,bunches,11.0,9.0,completed,06:54,14:58,
WO-2025-0118-H-060,2025-01-18,harvest,harvest,7,290,G7-01,7,7,697,660,bunches,7.0,7.0,completed,06:48,13:26,
WO-2025-0118-H-061,2025-01-18,harvest,harvest,7,305,G7-02,14,9,1447,1293,bunches,14.0,9.0,completed,07:02,13:29,
WO-2025-0118-H-062,2025-01-18,harvest,harvest,7,307,G7-02,10,9,1069,1011,bunches,10.0,9.0,completed,06:55,14:01,
WO-2025-0118-H-063,2025-01-18,harvest,harvest,7,334,G7-03,11,9,1103,953,bunches,11.0,9.0,completed,06:50,13:23,
WO-2025-0118-H-064,2025-01-18,harvest,harvest,7,337,G7-03,10,9,1004,907,bunches,10.0,9.0,completed,06:55,13:34,
WO-2025-0118-H-065,2025-01-18,harvest,harvest,7,341,G7-04,8,7,827,704,bunches,8.0,7.0,completed,07:01,12:55,
WO-2025-0118-H-066,2025-01-18,harvest,harvest,7,342,G7-04,12,9,1199,931,bunches,12.0,9.0,partial,06:46,12:21,
WO-2025-0119-H-001,2025-01-19,harvest,harvest,1,7,G1-01,5,4,528,426,bunches,5.0,4.0,partial,06:47,12:22,WO-2025-0120-H-003
WO-2025-0119-H-002,2025-01-19,harvest,harvest,1,8,G1-01,13,9,1286,1038,bunches,13.0,9.0,partial,07:09,12:53,WO-2025-0123-H-003
WO-2025-0119-H-003,2025-01-19,harvest,harvest,1,9,G1-01,11,7,1059,696,bunches,11.0,7.0,partial,07:07,11:40,WO-2025-0122-H-004
WO-2025-0119-H-004,2025-01-19,harvest,harvest,1,11,G1-02,10,8,983,836,bunches,10.0,8.0,completed,07:03,13:30,
WO-2025-0119-H-005,2025-01-19,harvest,harvest,1,13,G1-02,14,9,1398,944,bunches,14.0,9.0,partial,07:16,12:03,WO-2025-0122-H-005
WO-2025-0119-H-006,2025-01-19,harvest,harvest,1,22,G1-03,8,7,837,741,bunches,8.0,7.0,completed,07:13,13:21,
WO-2025-0119-H-007,2025-01-19,harvest,harvest,1,23,G1-03,8,8,767,824,bunches,8.0,8.0,completed,07:18,15:03,
WO-2025-0119-H-008,2025-01-19,harvest,harvest,1,26,G1-03,9,8,896,788,bunches,9.0,8.0,completed,07:09,13:17,
WO-2025-0119-H-009,2025-01-19,harvest,harvest,1,29,G1-03,8,8,845,872,bunches,8.0,8.0,completed,07:19,14:58,
WO-2025-0119-H-010,2025-01-19,harvest,harvest,1,38,G1-04,12,5,1173,516,bunches,12.0,5.0,partial,07:02,10:19,WO-2025-0123-H-007
WO-2025-0119-H-011,2025-01-19,harvest,harvest,1,39,G1-04,16,8,1581,823,bunches,16.0,8.0,partial,06:52,10:21,WO-2025-0123-H-008
WO-2025-0119-H-012,2025-01-19,harvest,harvest,2,50,G2-02,7,6,657,610,bunches,7.0,6.0,completed,07:04,14:01,
WO-2025-0119-H-013,2025-01-19,harvest,harvest,2,51,G2-02,10,9,1018,896,bunches,10.0,9.0,completed,06:54,13:35,
WO-2025-0119-H-014,2025-01-19,harvest,harvest,2,56,G2-02,12,9,1166,1073,bunches,12.0,9.0,completed,07:18,13:39,
WO-2025-0119-H-015,2025-01-19,harvest,harvest,2,64,G2-03,11,7,1116,740,bunches,11.0,7.0,partial,06:59,11:31,WO-2025-0124-H-010
WO-2025-0119-H-016,2025-01-19,harvest,harvest,2,69,G2-04,9,0,892,0,bunches,9.0,0.0,not_started,06:49,,WO-2025-0120-H-015
WO-2025-0119-H-017,2025-01-19,harvest,harvest,2,382,G2-04,14,8,1502,865,bunches,14.0,8.0,partial,06:52,10:57,WO-2025-0122-H-024
WO-2025-0119-H-018,2025-01-19,harvest,harvest,3,75,G3-01,21,9,2149,1153,bunches,21.0,9.0,partial,06:53,11:07,
WO-2025-0119-H-019,2025-01-19,harvest,harvest,3,91,G3-02,9,9,857,883,bunches,9.0,9.0,completed,06:54,14:09,
WO-2025-0119-H-020,2025-01-19,harvest,harvest,3,92,G3-02,10,9,986,947,bunches,10.0,9.0,completed,06:54,13:47,
WO-2025-0119-H-021,2025-01-19,harvest,harvest,3,95,G3-02,14,9,1481,1367,bunches,14.0,9.0,completed,06:47,13:36,
WO-2025-0119-H-022,2025-01-19,harvest,harvest,3,97,G3-02,13,9,1322,1041,bunches,13.0,9.0,partial,06:49,12:21,WO-2025-0124-H-014
WO-2025-0119-H-023,2025-01-19,harvest,harvest,3,98,G3-02,14,9,1341,1332,bunches,14.0,9.0,completed,07:21,14:48,
WO-2025-0119-H-024,2025-01-19,harvest,harvest,3,100,G3-02,10,9,1098,1127,bunches,10.0,9.0,completed,06:50,14:16,
WO-2025-0119-H-025,2025-01-19,harvest,harvest,3,101,G3-03,16,9,1587,1308,bunches,16.0,9.0,partial,06:46,12:21,
WO-2025-0119-H-026,2025-01-19,harvest,harvest,3,104,G3-03,10,8,958,817,bunches,10.0,8.0,completed,06:51,13:04,
WO-2025-0119-H-027,2025-01-19,harvest,harvest,3,105,G3-03,8,7,762,638,bunches,8.0,7.0,partial,07:15,13:18,WO-2025-0122-H-027
WO-2025-0119-H-028,2025-01-19,harvest,harvest,4,128,G4-01,24,9,2540,1359,bunches,24.0,9.0,partial,07:01,10:37,WO-2025-0124-H-021
WO-2025-0119-H-029,2025-01-19,harvest,harvest,4,134,G4-02,16,9,1670,1581,bunches,16.0,9.0,completed,06:46,13:50,
WO-2025-0119-H-030,2025-01-19,harvest,harvest,4,136,G4-02,15,9,1591,1439,bunches,15.0,9.0,completed,07:06,13:33,
WO-2025-0119-H-031,2025-01-19,harvest,harvest,4,138,G4-02,10,9,1109,1036,bunches,10.0,9.0,completed,06:59,14:04,
WO-2025-0119-H-032,2025-01-19,harvest,harvest,4,139,G4-02,11,9,1230,1276,bunches,11.0,9.0,completed,07:20,14:32,
WO-2025-0119-H-033,2025-01-19,harvest,harvest,4,142,G4-02,9,9,976,998,bunches,9.0,9.0,completed,07:07,14:28,
WO-2025-0119-H-034,2025-01-19,harvest,harvest,4,164,G4-04,14,8,1500,807,bunches,14.0,8.0,partial,07:09,10:52,WO-2025-0124-H-027
WO-2025-0119-H-035,2025-01-19,harvest,harvest,5,169,G5-01,16,9,1653,1029,bunches,16.0,9.0,partial,07:05,11:27,WO-2025-0123-H-036
WO-2025-0119-H-036,2025-01-19,harvest,harvest,5,173,G5-01,13,9,1356,900,bunches,13.0,9.0,partial,06:46,11:35,
WO-2025-0119-H-037,2025-01-19,harvest,harvest,5,187,G5-02,15,9,1534,1609,bunches,15.0,9.0,completed,07:09,14:28,
WO-2025-0119-H-038,2025-01-19,harvest,harvest,5,188,G5-02,11,9,1126,1004,bunches,11.0,9.0,completed,06:56,13:23,
WO-2025-0119-H-039,2025-01-19,harvest,harvest,5,189,G5-02,11,9,1104,1194,bunches,11.0,9.0,completed,07:09,14:33,
WO-2025-0119-H-040,2025-01-19,harvest,harvest,5,194,G5-03,13,8,1327,832,bunches,13.0,8.0,partial,06:48,11:14,WO-2025-0122-H-042
WO-2025-0119-H-041,2025-01-19,harvest,harvest,5,198,G5-03,7,6,738,565,bunches,7.0,6.0,partial,06:55,12:35,
WO-2025-0119-H-042,2025-01-19,harvest,harvest,6,223,G6-02,12,9,1264,1092,bunches,12.0,9.0,completed,06:00,13:02,
WO-2025-0119-H-043,2025-01-19,harvest,harvest,6,247,G6-02,16,9,1642,1321,bunches,16.0,9.0,partial,07:01,12:28,
WO-2025-0119-H-044,2025-01-19,harvest,harvest,6,249,G6-03,24,9,2398,1117,bunches,24.0,9.0,partial,06:55,09:55,WO-2025-0123-H-048
WO-2025-0119-H-045,2025-01-19,harvest,harvest,6,268,G6-05,23,9,2397,2027,bunches,23.0,9.0,partial,07:15,13:04,
WO-2025-0119-H-046,2025-01-19,harvest,harvest,6,271,G6-05,12,9,1294,1184,bunches,12.0,9.0,completed,06:57,13:29,
WO-2025-0119-H-047,2025-01-19,harvest,harvest,7,294,G7-01,11,6,1107,620,bunches,11.0,6.0,partial,06:51,10:45,
WO-2025-0119-H-048,2025-01-19,harvest,harvest,7,308,G7-02,18,8,1948,888,bunches,18.0,8.0,partial,06:54,10:30,
WO-2025-0119-H-049,2025-01-19,harvest,harvest,7,333,G7-03,10,9,973,1009,bunches,10.0,9.0,completed,06:45,14:28,
WO-2025-0119-H-050,2025-01-19,harvest,harvest,7,336,G7-03,16,9,1667,1511,bunches,16.0,9.0,completed,06:50,13:15,
WO-2025-0119-H-051,2025-01-19,harvest,harvest,7,344,G7-04,18,9,1899,1247,bunches,18.0,9.0,partial,07:19,11:44,WO-2025-0124-H-055
WO-2025-0120-H-001,2025-01-20,harvest,harvest,1,3,G1-01,4,4,421,402,bunches,4.0,4.0,completed,06:56,13:54,
WO-2025-0120-H-002,2025-01-20,harvest,harvest,1,4,G1-01,5,4,447,412,bunches,5.0,4.0,completed,07:15,13:56,
WO-2025-0120-H-003,2025-01-20,harvest,harvest,1,7,G1-01,5,4,472,426,bunches,5.0,4.0,completed,06:57,13:47,
WO-2025-0120-H-004,2025-01-20,harvest,harvest,1,10,G1-01,10,9,994,875,bunches,10.0,9.0,completed,07:20,13:19,
WO-2025-0120-H-005,2025-01-20,harvest,harvest,1,14,G1-02,7,7,687,708,bunches,7.0,7.0,completed,07:16,14:19,
WO-2025-0120-H-006,2025-01-20,harvest,harvest,1,15,G1-02,10,9,1056,967,bunches,10.0,9.0,completed,07:19,14:08,
WO-2025-0120-H-007,2025-01-20,harvest,harvest,1,30,G1-03,7,5,731,550,bunches,7.0,5.0,partial,07:11,12:52,
WO-2025-0120-H-008,2025-01-20,harvest,harvest,1,31,G1-04,6,5,647,572,bunches,6.0,5.0,completed,07:06,13:50,
WO-2025-0120-H-009,2025-01-20,harvest,harvest,2,49,G2-01,9,9,910,948,bunches,9.0,9.0,completed,06:51,14:23,
WO-2025-0120-H-010,2025-01-20,harvest,harvest,2,55,G2-02,7,7,672,728,bunches,7.0,7.0,completed,06:56,14:24,
WO-2025-0120-H-011,2025-01-20,harvest,harvest,2,58,G2-02,9,8,962,822,bunches,9.0,8.0,completed,06:55,13:03,
WO-2025-0120-H-012,2025-01-20,harvest,harvest,2,59,G2-03,15,0,1510,0,bunches,15.0,0.0,not_started,06:48,,WO-2025-0121-H-014
WO-2025-0120-H-013,2025-01-20,harvest,harvest,2,65,G2-03,5,5,511,493,bunches,5.0,5.0,completed,06:49,13:57,
WO-2025-0120-H-014,2025-01-20,harvest,harvest,2,66,G2-03,11,9,1169,1070,bunches,11.0,9.0,completed,07:10,14:06,
WO-2025-0120-H-015,2025-01-20,harvest,harvest,2,69,G2-04,9,9,892,938,bunches,9.0,9.0,completed,06:48,14:14,
WO-2025-0120-H-016,2025-01-20,harvest,harvest,2,70,G2-04,8,9,814,936,bunches,8.0,9.0,completed,06:55,15:12,
WO-2025-0120-H-017,2025-01-20,harvest,harvest,2,71,G2-04,10,8,1022,789,bunches,10.0,8.0,partial,07:08,12:37,
WO-2025-0120-H-018,2025-01-20,harvest,harvest,3,77,G3-01,13,9,1311,1443,bunches,13.0,9.0,completed,07:15,15:26,
WO-2025-0120-H-019,2025-01-20,harvest,harvest,3,79,G3-01,7,7,703,687,bunches,7.0,7.0,completed,07:17,14:24,
WO-2025-0120-H-020,2025-01-20,harvest,harvest,3,84,G3-01,14,9,1435,1650,bunches,14.0,9.0,completed,07:11,15:28,
WO-2025-0120-H-021,2025-01-20,harvest,harvest,3,89,G3-02,11,9,1054,961,bunches,11.0,9.0,completed,06:52,13:14,
WO-2025-0120-H-022,2025-01-20,harvest,harvest,3,90,G3-02,11,9,1095,1068,bunches,11.0,9.0,completed,06:54,13:38,
WO-2025-0120-H-023,2025-01-20,harvest,harvest,3,93,G3-02,11,8,1052,818,bunches,11.0,8.0,partial,06:57,12:24,WO-2025-0124-H-013
WO-2025-0120-H-024,2025-01-20,harvest,harvest,3,96,G3-02,13,9,1255,1395,bunches,13.0,9.0,completed,07:08,15:01,
WO-2025-0120-H-025,2025-01-20,harvest,harvest,3,108,G3-03,16,9,1614,1155,bunches,16.0,9.0,partial,06:58,12:03,WO-2025-0121-H-019
WO-2025-0120-H-026,2025-01-20,harvest,harvest,3,111,G3-03,11,9,1172,1026,bunches,11.0,9.0,completed,07:12,13:12,
WO-2025-0120-H-027,2025-01-20,harvest,harvest,3,114,G3-04,6,7,643,725,bunches,6.0,7.0,completed,07:18,15:24,
WO-2025-0120-H-028,2025-01-20,harvest,harvest,4,132,G4-01,13,9,1347,1427,bunches,13.0,9.0,completed,07:10,15:10,
WO-2025-0120-H-029,2025-01-20,harvest,harvest,4,133,G4-02,14,9,1515,1447,bunches,14.0,9.0,completed,06:50,13:46,
WO-2025-0120-H-030,2025-01-20,harvest,harvest,4,135,G4-02,14,9,1513,1478,bunches,14.0,9.0,completed,07:00,13:58,
WO-2025-0120-H-031,2025-01-20,harvest,harvest,4,140,G4-02,12,9,1252,1270,bunches,12.0,9.0,completed,07:04,14:14,
WO-2025-0120-H-032,2025-01-20,harvest,harvest,4,146,G4-03,19,9,2000,1500,bunches,19.0,9.0,partial,07:17,12:22,
WO-2025-0120-H-033,2025-01-20,harvest,harvest,5,171,G5-01,11,9,1199,1129,bunches,11.0,9.0,completed,07:11,13:48,
WO-2025-0120-H-034,2025-01-20,harvest,harvest,5,177,G5-01,12,9,1246,1403,bunches,12.0,9.0,completed,06:55,15:05,
WO-2025-0120-H-035,2025-01-20,harvest,harvest,5,178,G5-01,15,9,1515,1613,bunches,15.0,9.0,completed,07:03,14:25,
WO-2025-0120-H-036,2025-01-20,harvest,harvest,5,186,G5-02,22,9,2266,1443,bunches,22.0,9.0,partial,07:18,11:56,
WO-2025-0120-H-037,2025-01-20,harvest,harvest,5,192,G5-02,5,4,510,429,bunches,5.0,4.0,partial,07:01,13:23,
WO-2025-0120-H-038,2025-01-20,harvest,harvest,5,193,G5-03,15,9,1541,1198,bunches,15.0,9.0,partial,06:57,12:23,
WO-2025-0120-H-039,2025-01-20,harvest,harvest,5,195,G5-03,14,9,1395,1035,bunches,14.0,9.0,partial,07:11,12:16,WO-2025-0124-H-037
WO-2025-0120-H-040,2025-01-20,harvest,harvest,5,199,G5-03,7,8,715,798,bunches,7.0,8.0,completed,07:07,15:31,
WO-2025-0120-H-041,2025-01-20,harvest,harvest,5,201,G5-03,14,9,1378,1153,bunches,14.0,9.0,partial,07:01,12:49,
WO-2025-0120-H-042,2025-01-20,harvest,harvest,6,206,G6-01,9,9,916,961,bunches,9.0,9.0,completed,06:45,14:27,
WO-2025-0120-H-043,2025-01-20,harvest,harvest,6,222,G6-02,15,9,1508,1371,bunches,15.0,9.0,completed,07:19,13:53,
WO-2025-0120-H-044,2025-01-20,harvest,harvest,6,245,G6-02,10,9,1037,953,bunches,10.0,9.0,completed,06:49,13:09,
WO-2025-0120-H-045,2025-01-20,harvest,harvest,6,257,G6-03,18,9,1804,1433,bunches,18.0,9.0,partial,07:13,12:41,
WO-2025-0120-H-046,2025-01-20,harvest,harvest,6,260,G6-04,10,9,1057,992,bunches,10.0,9.0,completed,07:11,13:57,
WO-2025-0120-H-047,2025-01-20,harvest,harvest,6,266,G6-04,13,9,1372,1454,bunches,13.0,9.0,completed,07:09,14:46,
WO-2025-0120-H-048,2025-01-20,harvest,harvest,6,267,G6-04,10,9,1027,1059,bunches,10.0,9.0,completed,06:51,14:04,
WO-2025-0120-H-049,2025-01-20,harvest,harvest,7,293,G7-01,13,9,1336,1138,bunches,13.0,9.0,completed,07:02,13:09,
WO-2025-0120-H-050,2025-01-20,harvest,harvest,7,298,G7-01,11,9,1145,1003,bunches,11.0,9.0,completed,06:55,13:10,
WO-2025-0120-H-051,2025-01-20,harvest,harvest,7,299,G7-02,10,9,1004,876,bunches,10.0,9.0,completed,07:01,13:29,
WO-2025-0120-H-052,2025-01-20,harvest,harvest,7,302,G7-02,8,9,803,924,bunches,8.0,9.0,completed,07:12,15:19,
WO-2025-0120-H-053,2025-01-20,harvest,harvest,7,304,G7-02,11,9,1122,1151,bunches,11.0,9.0,completed,07:02,14:37,
WO-2025-0120-H-054,2025-01-20,harvest,harvest,7,311,G7-03,15,9,1555,1503,bunches,15.0,9.0,completed,06:55,13:30,
WO-2025-0120-H-055,2025-01-20,harvest,harvest,7,330,G7-03,8,9,788,853,bunches,8.0,9.0,completed,07:00,15:07,
WO-2025-0120-H-056,2025-01-20,harvest,harvest,7,338,G7-03,11,9,1137,892,bunches,11.0,9.0,partial,06:53,12:33,
WO-2025-0120-H-057,2025-01-20,harvest,harvest,7,339,G7-04,11,9,1064,1141,bunches,11.0,9.0,completed,07:14,14:34,
WO-2025-0120-H-058,2025-01-20,harvest,harvest,7,343,G7-04,9,0,959,0,bunches,9.0,0.0,not_started,07:01,,WO-2025-0121-H-051
WO-2025-0121-H-001,2025-01-21,harvest,harvest,1,12,G1-02,16,9,1601,1077,bunches,16.0,9.0,partial,07:17,12:18,WO-2025-0126-H-002
WO-2025-0121-H-002,2025-01-21,harvest,harvest,1,17,G1-02,6,6,579,573,bunches,6.0,6.0,completed,06:56,14:04,
WO-2025-0121-H-003,2025-01-21,harvest,harvest,1,20,G1-02,5,5,455,487,bunches,5.0,5.0,completed,07:15,14:46,
WO-2025-0121-H-004,2025-01-21,harvest,harvest,1,22,G1-03,6,7,644,741,bunches,6.0,7.0,completed,07:19,15:49,
WO-2025-0121-H-005,2025-01-21,harvest,harvest,1,25,G1-03,10,9,1055,1082,bunches,10.0,9.0,completed,07:02,14:37,
WO-2025-0121-H-006,2025-01-21,harvest,harvest,1,32,G1-04,5,5,555,540,bunches,5.0,5.0,completed,07:16,14:26,
WO-2025-0121-H-007,2025-01-21,harvest,harvest,1,33,G1-04,7,6,721,638,bunches,7.0,6.0,completed,06:50,12:50,
WO-2025-0121-H-008,2025-01-21,harvest,harvest,1,37,G1-04,5,6,499,574,bunches,5.0,6.0,completed,06:57,15:27,
WO-2025-0121-H-009,2025-01-21,harvest,harvest,2,44,G2-01,9,7,849,664,bunches,9.0,7.0,partial,06:46,12:39,WO-2025-0126-H-014
WO-2025-0121-H-010,2025-01-21,harvest,harvest,2,45,G2-01,7,8,665,736,bunches,7.0,8.0,completed,07:01,15:21,
WO-2025-0121-H-011,2025-01-21,harvest,harvest,2,46,G2-01,9,9,929,983,bunches,9.0,9.0,completed,07:09,14:56,
WO-2025-0121-H-012,2025-01-21,harvest,harvest,2,53,G2-02,7,6,698,633,bunches,7.0,6.0,completed,06:49,13:09,
WO-2025-0121-H-013,2025-01-21,harvest,harvest,2,57,G2-02,10,9,1012,971,bunches,10.0,9.0,completed,06:47,14:02,
WO-2025-0121-H-014,2025-01-21,harvest,harvest,2,59,G2-03,15,9,1510,1103,bunches,15.0,9.0,partial,07:00,12:18,
WO-2025-0121-H-015,2025-01-21,harvest,harvest,2,72,G2-04,8,7,762,656,bunches,8.0,7.0,completed,06:53,12:44,
WO-2025-0121-H-016,2025-01-21,harvest,harvest,3,76,G3-01,11,9,1089,1098,bunches,11.0,9.0,completed,07:21,14:22,
WO-2025-0121-H-017,2025-01-21,harvest,harvest,3,85,G3-01,9,9,949,919,bunches,9.0,9.0,completed,07:12,13:48,
WO-2025-0121-H-018,2025-01-21,harvest,harvest,3,87,G3-01,16,9,1590,1576,bunches,16.0,9.0,completed,07:18,14:45,
WO-2025-0121-H-019,2025-01-21,harvest,harvest,3,108,G3-03,14,9,1462,1155,bunches,14.0,9.0,partial,07:11,12:50,WO-2025-0126-H-029
WO-2025-0121-H-020,2025-01-21,harvest,harvest,3,109,G3-03,7,6,710,670,bunches,7.0,6.0,completed,06:49,13:57,
WO-2025-0121-H-021,2025-01-21,harvest,harvest,3,113,G3-03,11,9,1104,960,bunches,11.0,9.0,completed,07:21,13:59,
WO-2025-0121-H-022,2025-01-21,harvest,harvest,3,115,G3-04,10,9,1006,911,bunches,10.0,9.0,completed,06:58,13:19,
WO-2025-0121-H-023,2025-01-21,harvest,harvest,3,117,G3-04,4,4,446,362,bunches,4.0,4.0,partial,07:19,13:29,WO-2025-0126-H-032
WO-2025-0121-H-024,2025-01-21,harvest,harvest,3,120,G3-04,12,8,1210,823,bunches,12.0,8.0,partial,07:14,12:16,
WO-2025-0121-H-025,2025-01-21,harvest,harvest,4,123,G4-01,3,4,350,386,bunches,3.0,4.0,completed,07:13,15:33,
WO-2025-0121-H-026,2025-01-21,harvest,harvest,4,137,G4-02,16,9,1638,1542,bunches,16.0,9.0,completed,07:17,13:53,
WO-2025-0121-H-027,2025-01-21,harvest,harvest,4,144,G4-03,11,9,1062,957,bunches,11.0,9.0,completed,07:14,14:03,
WO-2025-0121-H-028,2025-01-21,harvest,harvest,4,150,G4-03,17,9,1730,1539,bunches,17.0,9.0,completed,07:14,13:37,
WO-2025-0121-H-029,2025-01-21,harvest,harvest,4,153,G4-03,20,9,2126,2102,bunches,20.0,9.0,completed,06:54,14:22,
WO-2025-0121-H-030,2025-01-21,harvest,harvest,4,157,G4-04,18,9,1837,1474,bunches,18.0,9.0,partial,06:54,12:56,
WO-2025-0121-H-031,2025-01-21,harvest,harvest,4,158,G4-04,12,9,1264,1011,bunches,12.0,9.0,partial,07:06,12:32,
WO-2025-0121-H-032,2025-01-21,harvest,harvest,4,160,G4-04,22,9,2312,2173,bunches,22.0,9.0,completed,06:52,13:27,
WO-2025-0121-H-033,2025-01-21,harvest,harvest,4,165,G4-04,10,9,1018,1032,bunches,10.0,9.0,completed,06:52,13:47,
WO-2025-0121-H-034,2025-01-21,harvest,harvest,5,168,G5-01,12,9,1304,1208,bunches,12.0,9.0,completed,07:13,13:55,
WO-2025-0121-H-035,2025-01-21,harvest,harvest,5,172,G5-01,12,9,1278,1203,bunches,12.0,9.0,completed,07:12,14:22,
WO-2025-0121-H-036,2025-01-21,harvest,harvest,5,185,G5-02,17,9,1814,1436,bunches,17.0,9.0,partial,07:10,13:06,
WO-2025-0121-H-037,2025-01-21,harvest,harvest,5,196,G5-03,12,9,1189,1112,bunches,12.0,9.0,completed,07:06,14:03,
WO-2025-0121-H-038,2025-01-21,harvest,harvest,6,205,G6-01,9,8,958,799,bunches,9.0,8.0,partial,07:12,13:12,
WO-2025-0121-H-039,2025-01-21,harvest,harvest,6,209,G6-01,10,9,1001,868,bunches,10.0,9.0,completed,06:57,13:13,
WO-2025-0121-H-040,2025-01-21,harvest,harvest,6,250,G6-03,11,9,1134,924,bunches,11.0,9.0,partial,07:10,12:43,WO-2025-0126-H-048
WO-2025-0121-H-041,2025-01-21,harvest,harvest,6,253,G6-03,9,9,881,960,bunches,9.0,9.0,completed,06:57,15:09,
WO-2025-0121-H-042,2025-01-21,harvest,harvest,6,256,G6-03,9,7,851,678,bunches,9.0,7.0,partial,07:18,12:58,
WO-2025-0121-H-043,2025-01-21,harvest,harvest,6,261,G6-04,17,9,1609,1723,bunches,17.0,9.0,completed,06:50,14:36,
WO-2025-0121-H-044,2025-01-21,harvest,harvest,7,292,G7-01,11,9,1165,1220,bunches,11.0,9.0,completed,07:12,14:24,
WO-2025-0121-H-045,2025-01-21,harvest,harvest,7,296,G7-01,8,9,836,935,bunches,8.0,9.0,completed,07:12,15:06,
WO-2025-0121-H-046,2025-01-21,harvest,harvest,7,301,G7-02,6,6,642,614,bunches,6.0,6.0,completed,06:55,13:25,
WO-2025-0121-H-047,2025-01-21,harvest,harvest,7,309,G7-02,8,7,883,764,bunches,8.0,7.0,completed,07:08,13:26,
WO-2025-0121-H-048,2025-01-21,harvest,harvest,7,335,G7-03,14,0,1412,0,bunches,14.0,0.0,not_started,07:16,,WO-2025-0122-H-050
WO-2025-0121-H-049,2025-01-21,harvest,harvest,7,340,G7-04,16,9,1617,1504,bunches,16.0,9.0,completed,07:03,13:34,
WO-2025-0121-H-050,2025-01-21,harvest,harvest,7,341,G7-04,7,7,683,704,bunches,7.0,7.0,completed,07:19,14:58,
WO-2025-0121-H-051,2025-01-21,harvest,harvest,7,343,G7-04,9,9,959,1009,bunches,9.0,9.0,completed,06:59,14:50,
WO-2025-0122-H-001,2025-01-22,harvest,harvest,1,2,G1-01,4,5,445,512,bunches,4.0,5.0,completed,07:12,15:40,
WO-2025-0122-H-002,2025-01-22,harvest,harvest,1,5,G1-01,3,3,332,255,bunches,3.0,3.0,partial,06:50,12:08,
WO-2025-0122-H-003,2025-01-22,harvest,harvest,1,6,G1-01,2,2,261,240,bunches,2.0,2.0,completed,06:51,13:09,
WO-2025-0122-H-004,2025-01-22,harvest,harvest,1,9,G1-01,8,7,767,696,bunches,8.0,7.0,completed,07:14,14:06,
WO-2025-0122-H-005,2025-01-22,harvest,harvest,1,13,G1-02,12,9,1192,944,bunches,12.0,9.0,partial,07:01,12:57,WO-2025-0126-H-003
WO-2025-0122-H-006,2025-01-22,harvest,harvest,1,18,G1-02,6,4,601,408,bunches,6.0,4.0,partial,07:07,12:19,WO-2025-0126-H-005
WO-2025-0122-H-007,2025-01-22,harvest,harvest,1,21,G1-03,7,8,727,814,bunches,7.0,8.0,completed,07:09,15:34,
WO-2025-0122-H-008,2025-01-22,harvest,harvest,1,23,G1-03,10,8,981,824,bunches,10.0,8.0,partial,06:49,12:59,
WO-2025-0122-H-009,2025-01-22,harvest,harvest,1,24,G1-03,7,8,686,770,bunches,7.0,8.0,completed,07:05,15:29,
WO-2025-0122-H-010,2025-01-22,harvest,harvest,1,27,G1-03,10,8,988,764,bunches,10.0,8.0,partial,06:53,12:33,WO-2025-0127-H-008
WO-2025-0122-H-011,2025-01-22,harvest,harvest,1,29,G1-03,11,8,1137,872,bunches,11.0,8.0,partial,07:13,12:23,WO-2025-0127-H-009
WO-2025-0122-H-012,2025-01-22,harvest,harvest,1,34,G1-04,8,7,766,719,bunches,8.0,7.0,completed,06:54,13:53,
WO-2025-0122-H-013,2025-01-22,harvest,harvest,1,35,G1-04,9,8,937,838,bunches,9.0,8.0,completed,07:16,13:57,
WO-2025-0122-H-014,2025-01-22,harvest,harvest,1,36,G1-04,8,7,861,709,bunches,8.0,7.0,partial,06:54,12:39,WO-2025-0126-H-011
WO-2025-0122-H-015,2025-01-22,harvest,harvest,2,41,G2-01,11,9,1152,1100,bunches,11.0,9.0,completed,07:05,14:09,
WO-2025-0122-H-016,2025-01-22,harvest,harvest,2,42,G2-01,9,8,889,776,bunches,9.0,8.0,completed,07:09,13:07,
WO-2025-0122-H-017,2025-01-22,harvest,harvest,2,47,G2-01,9,9,854,883,bunches,9.0,9.0,completed,06:54,14:10,
WO-2025-0122-H-018,2025-01-22,harvest,harvest,2,49,G2-01,8,9,824,948,bunches,8.0,9.0,completed,07:01,15:24,
WO-2025-0122-H-019,2025-01-22,harvest,harvest,2,50,G2-02,6,6,607,610,bunches,6.0,6.0,completed,07:18,14:25,
WO-2025-0122-H-020,2025-01-22,harvest,harvest,2,55,G2-02,8,7,780,728,bunches,8.0,7.0,completed,06:49,13:40,
WO-2025-0122-H-021,2025-01-22,harvest,harvest,2,63,G2-03,11,9,1064,967,bunches,11.0,9.0,completed,07:17,13:42,
WO-2025-0122-H-022,2025-01-22,harvest,harvest,2,65,G2-03,7,5,709,493,bunches,7.0,5.0,partial,07:00,11:59,
WO-2025-0122-H-023,2025-01-22,harvest,harvest,2,67,G2-03,9,8,916,830,bunches,9.0,8.0,completed,07:17,13:38,
WO-2025-0122-H-024,2025-01-22,harvest,harvest,2,382,G2-04,12,8,1249,865,bunches,12.0,8.0,partial,06:46,12:04,WO-2025-0125-H-013
WO-2025-0122-H-025,2025-01-22,harvest,harvest,3,78,G3-01,12,9,1235,1162,bunches,12.0,9.0,completed,07:14,13:51,
WO-2025-0122-H-026,2025-01-22,harvest,harvest,3,88,G3-02,12,9,1188,997,bunches,12.0,9.0,partial,07:12,13:25,
WO-2025-0122-H-027,2025-01-22,harvest,harvest,3,105,G3-03,9,7,830,638,bunches,9.0,7.0,partial,06:00,12:27,WO-2025-0127-H-017
WO-2025-0122-H-028,2025-01-22,harvest,harvest,3,110,G3-03,16,9,1687,1210,bunches,16.0,9.0,partial,07:04,11:57,WO-2025-0127-H-020
WO-2025-0122-H-029,2025-01-22,harvest,harvest,4,125,G4-01,4,4,359,380,bunches,4.0,4.0,completed,07:11,14:48,
WO-2025-0122-H-030,2025-01-22,harvest,harvest,4,132,G4-01,14,9,1543,1427,bunches,14.0,9.0,completed,06:48,13:19,
WO-2025-0122-H-031,2025-01-22,harvest,harvest,4,138,G4-02,10,9,1044,1036,bunches,10.0,9.0,completed,06:50,14:04,
WO-2025-0122-H-032,2025-01-22,harvest,harvest,4,140,G4-02,11,9,1185,1270,bunches,11.0,9.0,completed,06:49,14:09,
WO-2025-0122-H-033,2025-01-22,harvest,harvest,4,141,G4-02,13,9,1328,1423,bunches,13.0,9.0,completed,07:06,14:45,
WO-2025-0122-H-034,2025-01-22,harvest,harvest,4,143,G4-02,18,9,1828,1709,bunches,18.0,9.0,completed,06:54,13:53,
WO-2025-0122-H-035,2025-01-22,harvest,harvest,4,149,G4-03,14,9,1476,1271,bunches,14.0,9.0,completed,06:54,13:01,
WO-2025-0122-H-036,2025-01-22,harvest,harvest,4,151,G4-03,17,9,1749,1531,bunches,17.0,9.0,completed,07:08,13:15,
WO-2025-0122-H-037,2025-01-22,harvest,harvest,4,156,G4-04,10,8,1031,838,bunches,10.0,8.0,partial,06:57,12:35,
WO-2025-0122-H-038,2025-01-22,harvest,harvest,4,159,G4-04,16,9,1690,1547,bunches,16.0,9.0,completed,07:09,13:42,
WO-2025-0122-H-039,2025-01-22,harvest,harvest,5,170,G5-01,21,9,2211,1802,bunches,21.0,9.0,partial,06:53,12:45,
WO-2025-0122-H-040,2025-01-22,harvest,harvest,5,180,G5-02,13,9,1367,1221,bunches,13.0,9.0,completed,07:20,14:05,
WO-2025-0122-H-041,2025-01-22,harvest,harvest,5,181,G5-02,14,9,1476,1315,bunches,14.0,9.0,completed,07:06,13:22,
WO-2025-0122-H-042,2025-01-22,harvest,harvest,5,194,G5-03,8,8,848,832,bunches,8.0,8.0,completed,06:00,14:24,
WO-2025-0122-H-043,2025-01-22,harvest,harvest,5,202,G5-03,15,9,1522,1129,bunches,15.0,9.0,partial,06:56,11:59,WO-2025-0127-H-038
WO-2025-0122-H-044,2025-01-22,harvest,harvest,6,248,G6-03,11,8,1114,734,bunches,11.0,8.0,partial,07:20,12:16,WO-2025-0127-H-041
WO-2025-0122-H-045,2025-01-22,harvest,harvest,6,379,G6-05,13,9,1378,1063,bunches,13.0,9.0,partial,06:49,12:16,WO-2025-0127-H-047
WO-2025-0122-H-046,2025-01-22,harvest,harvest,7,288,G7-01,8,9,873,1004,bunches,8.0,9.0,completed,07:09,15:26,
WO-2025-0122-H-047,2025-01-22,harvest,harvest,7,295,G7-01,9,9,893,865,bunches,9.0,9.0,completed,07:04,13:53,
WO-2025-0122-H-048,2025-01-22,harvest,harvest,7,305,G7-02,17,9,1731,1293,bunches,17.0,9.0,partial,06:50,12:34,
WO-2025-0122-H-049,2025-01-22,harvest,harvest,7,328,G7-03,10,9,1020,974,bunches,10.0,9.0,completed,07:02,14:17,
WO-2025-0122-H-050,2025-01-22,harvest,harvest,7,335,G7-03,14,9,1412,1304,bunches,14.0,9.0,completed,07:15,13:39,
WO-2025-0122-H-051,2025-01-22,harvest,harvest,7,337,G7-03,12,9,1142,907,bunches,12.0,9.0,partial,06:53,12:38,
WO-2025-0122-H-052,2025-01-22,harvest,harvest,7,345,G7-04,14,9,1504,1399,bunches,14.0,9.0,completed,06:57,13:33,
WO-2025-0123-H-001,2025-01-23,harvest,harvest,1,1,G1-01,2,2,181,181,bunches,2.0,2.0,completed,07:07,14:34,
WO-2025-0123-H-002,2025-01-23,harvest,harvest,1,4,G1-01,4,4,358,412,bunches,4.0,4.0,completed,06:52,15:07,
WO-2025-0123-H-003,2025-01-23,harvest,harvest,1,8,G1-01,10,9,1036,1038,bunches,10.0,9.0,completed,07:03,14:30,
WO-2025-0123-H-004,2025-01-23,harvest,harvest,1,15,G1-02,11,9,1146,967,bunches,11.0,9.0,partial,07:13,13:17,WO-2025-0127-H-004
WO-2025-0123-H-005,2025-01-23,harvest,harvest,1,16,G1-02,8,6,806,637,bunches,8.0,6.0,partial,06:49,12:33,WO-2025-0127-H-005
WO-2025-0123-H-006,2025-01-23,harvest,harvest,1,19,G1-02,6,6,636,629,bunches,6.0,6.0,completed,07:02,14:11,
WO-2025-0123-H-007,2025-01-23,harvest,harvest,1,38,G1-04,5,5,502,516,bunches,5.0,5.0,completed,07:11,14:48,
WO-2025-0123-H-008,2025-01-23,harvest,harvest,1,39,G1-04,9,8,913,823,bunches,9.0,8.0,completed,07:10,13:24,
WO-2025-0123-H-009,2025-01-23,harvest,harvest,2,43,G2-01,7,6,686,614,bunches,7.0,6.0,completed,06:51,13:18,
WO-2025-0123-H-010,2025-01-23,harvest,harvest,2,51,G2-02,10,9,1000,896,bunches,10.0,9.0,completed,07:18,13:52,
WO-2025-0123-H-011,2025-01-23,harvest,harvest,2,54,G2-02,10,9,963,926,bunches,10.0,9.0,completed,07:19,14:24,
WO-2025-0123-H-012,2025-01-23,harvest,harvest,2,56,G2-02,9,9,933,1073,bunches,9.0,9.0,completed,06:55,15:23,
WO-2025-0123-H-013,2025-01-23,harvest,harvest,2,60,G2-03,12,9,1171,1328,bunches,12.0,9.0,completed,07:07,14:00,
WO-2025-0123-H-014,2025-01-23,harvest,harvest,2,70,G2-04,8,9,814,936,bunches,8.0,9.0,completed,06:49,15:19,
WO-2025-0123-H-015,2025-01-23,harvest,harvest,2,73,G2-04,6,6,556,639,bunches,6.0,6.0,completed,07:18,15:47,
WO-2025-0123-H-016,2025-01-23,harvest,harvest,2,74,G2-04,10,9,1037,1069,bunches,10.0,9.0,completed,07:16,14:50,
WO-2025-0123-H-017,2025-01-23,harvest,harvest,3,81,G3-01,4,3,341,267,bunches,4.0,3.0,partial,07:11,13:05,
WO-2025-0123-H-018,2025-01-23,harvest,harvest,3,83,G3-01,14,9,1435,1515,bunches,14.0,9.0,completed,07:11,14:31,
WO-2025-0123-H-019,2025-01-23,harvest,harvest,3,84,G3-01,14,9,1435,1650,bunches,14.0,9.0,completed,06:48,15:01,
WO-2025-0123-H-020,2025-01-23,harvest,harvest,3,86,G3-01,13,9,1284,1477,bunches,13.0,9.0,completed,06:52,15:18,
WO-2025-0123-H-021,2025-01-23,harvest,harvest,3,94,G3-02,8,8,846,828,bunches,8.0,8.0,completed,06:53,14:11,
WO-2025-0123-H-022,2025-01-23,harvest,harvest,3,96,G3-02,12,9,1213,1395,bunches,12.0,9.0,completed,06:58,15:28,
WO-2025-0123-H-023,2025-01-23,harvest,harvest,3,98,G3-02,15,9,1497,1332,bunches,15.0,9.0,completed,07:00,13:38,
WO-2025-0123-H-024,2025-01-23,harvest,harvest,3,99,G3-02,9,9,901,855,bunches,9.0,9.0,completed,06:54,13:25,
WO-2025-0123-H-025,2025-01-23,harvest,harvest,3,102,G3-03,7,8,741,812,bunches,7.0,8.0,completed,07:19,14:51,
WO-2025-0123-H-026,2025-01-23,harvest,harvest,3,106,G3-03,4,4,389,404,bunches,4.0,4.0,completed,06:45,14:36,
WO-2025-0123-H-027,2025-01-23,harvest,harvest,3,107,G3-03,15,9,1527,1229,bunches,15.0,9.0,partial,07:07,12:52,WO-2025-0128-H-022
WO-2025-0123-H-028,2025-01-23,harvest,harvest,3,370,G3-04,3,2,256,179,bunches,3.0,2.0,partial,07:04,12:11,
WO-2025-0123-H-029,2025-01-23,harvest,harvest,4,127,G4-01,1,2,163,164,bunches,1.0,2.0,completed,07:04,14:36,
WO-2025-0123-H-030,2025-01-23,harvest,harvest,4,131,G4-01,17,9,1870,1884,bunches,17.0,9.0,completed,07:13,14:17,
WO-2025-0123-H-031,2025-01-23,harvest,harvest,4,135,G4-02,14,9,1531,1478,bunches,14.0,9.0,completed,06:54,14:06,
WO-2025-0123-H-032,2025-01-23,harvest,harvest,4,147,G4-03,11,9,1151,1151,bunches,11.0,9.0,completed,07:07,13:59,
WO-2025-0123-H-033,2025-01-23,harvest,harvest,4,152,G4-03,17,9,1777,2043,bunches,17.0,9.0,completed,07:16,15:19,
WO-2025-0123-H-034,2025-01-23,harvest,harvest,4,155,G4-04,18,9,1785,1625,bunches,18.0,9.0,completed,07:14,13:59,
WO-2025-0123-H-035,2025-01-23,harvest,harvest,4,163,G4-04,12,9,1229,1187,bunches,12.0,9.0,completed,06:50,13:52,
WO-2025-0123-H-036,2025-01-23,harvest,harvest,5,169,G5-01,9,9,928,1029,bunches,9.0,9.0,completed,07:18,15:27,
WO-2025-0123-H-037,2025-01-23,harvest,harvest,5,184,G5-02,17,9,1847,1226,bunches,17.0,9.0,partial,06:59,11:37,
WO-2025-0123-H-038,2025-01-23,harvest,harvest,5,190,G5-02,15,9,1648,1637,bunches,15.0,9.0,completed,07:11,14:24,
WO-2025-0123-H-039,2025-01-23,harvest,harvest,5,199,G5-03,8,8,827,798,bunches,8.0,8.0,completed,07:09,14:01,
WO-2025-0123-H-040,2025-01-23,harvest,harvest,6,203,G6-01,17,9,1825,1401,bunches,17.0,9.0,partial,07:15,12:35,WO-2025-0126-H-046
WO-2025-0123-H-041,2025-01-23,harvest,harvest,6,204,G6-01,14,9,1464,1501,bunches,14.0,9.0,completed,07:20,14:34,
WO-2025-0123-H-042,2025-01-23,harvest,harvest,6,207,G6-01,14,9,1530,1240,bunches,14.0,9.0,partial,07:06,13:17,
WO-2025-0123-H-043,2025-01-23,harvest,harvest,6,211,G6-01,9,9,997,1147,bunches,9.0,9.0,completed,06:52,15:22,
WO-2025-0123-H-044,2025-01-23,harvest,harvest,6,213,G6-02,19,9,2063,1835,bunches,19.0,9.0,completed,06:51,13:31,
WO-2025-0123-H-045,2025-01-23,harvest,harvest,6,223,G6-02,12,9,1275,1092,bunches,12.0,9.0,completed,06:52,12:57,
WO-2025-0123-H-046,2025-01-23,harvest,harvest,6,230,G6-02,9,9,893,1027,bunches,9.0,9.0,completed,06:54,15:24,
WO-2025-0123-H-047,2025-01-23,harvest,harvest,6,246,G6-02,12,9,1235,890,bunches,12.0,9.0,partial,06:46,11:38,WO-2025-0128-H-047
WO-2025-0123-H-048,2025-01-23,harvest,harvest,6,249,G6-03,10,9,1063,1117,bunches,10.0,9.0,completed,06:59,14:31,
WO-2025-0123-H-049,2025-01-23,harvest,harvest,6,251,G6-03,9,9,938,942,bunches,9.0,9.0,completed,06:58,14:20,
WO-2025-0123-H-050,2025-01-23,harvest,harvest,6,254,G6-03,10,9,1044,1019,bunches,10.0,9.0,completed,06:56,13:47,
WO-2025-0123-H-051,2025-01-23,harvest,harvest,6,259,G6-04,15,9,1487,1370,bunches,15.0,9.0,completed,06:51,13:41,
WO-2025-0123-H-052,2025-01-23,harvest,harvest,6,262,G6-04,16,9,1584,1515,bunches,16.0,9.0,completed,06:54,13:57,
WO-2025-0123-H-053,2025-01-23,harvest,harvest,6,263,G6-04,14,9,1390,1459,bunches,14.0,9.0,completed,06:47,14:10,
WO-2025-0123-H-054,2025-01-23,harvest,harvest,6,380,G6-05,13,9,1455,1333,bunches,13.0,9.0,completed,06:54,13:53,
WO-2025-0123-H-055,2025-01-23,harvest,harvest,7,329,G7-03,9,7,858,712,bunches,9.0,7.0,partial,06:59,13:08,WO-2025-0126-H-057
WO-2025-0123-H-056,2025-01-23,harvest,harvest,7,332,G7-03,17,9,1737,1502,bunches,17.0,9.0,completed,07:09,13:23,
WO-2025-0123-H-057,2025-01-23,harvest,harvest,7,339,G7-04,13,9,1308,1141,bunches,13.0,9.0,completed,07:10,13:04,
WO-2025-0123-H-058,2025-01-23,harvest,harvest,7,346,G7-04,12,9,1290,1297,bunches,12.0,9.0,completed,06:52,13:46,
WO-2025-0123-H-059,2025-01-23,harvest,harvest,7,348,G7-04,15,9,1578,1720,bunches,15.0,9.0,completed,07:20,15:17,
WO-2025-0124-H-001,2025-01-24,harvest,harvest,1,3,G1-01,7,4,647,402,bunches,7.0,4.0,partial,07:05,11:50,WO-2025-0128-H-001
WO-2025-0124-H-002,2025-01-24,harvest,harvest,1,10,G1-01,15,9,1528,875,bunches,15.0,9.0,partial,07:19,11:17,WO-2025-0128-H-003
WO-2025-0124-H-003,2025-01-24,harvest,harvest,1,11,G1-02,11,8,1087,836,bunches,11.0,8.0,partial,06:55,12:14,WO-2025-0129-H-005
WO-2025-0124-H-004,2025-01-24,harvest,harvest,1,17,G1-02,8,6,794,573,bunches,8.0,6.0,partial,06:46,11:39,WO-2025-0129-H-006
WO-2025-0124-H-005,2025-01-24,harvest,harvest,1,26,G1-03,12,8,1229,788,bunches,12.0,8.0,partial,07:18,11:53,WO-2025-0128-H-004
WO-2025-0124-H-006,2025-01-24,harvest,harvest,1,31,G1-04,8,5,875,572,bunches,8.0,5.0,partial,07:15,11:44,WO-2025-0125-H-004
WO-2025-0124-H-007,2025-01-24,harvest,harvest,1,35,G1-04,12,8,1280,838,bunches,12.0,8.0,partial,06:46,11:10,WO-2025-0129-H-015
WO-2025-0124-H-008,2025-01-24,harvest,harvest,2,40,G2-01,28,9,2868,1386,bunches,28.0,9.0,partial,06:54,10:15,
WO-2025-0124-H-009,2025-01-24,harvest,harvest,2,50,G2-02,9,6,918,610,bunches,9.0,6.0,partial,07:20,11:59,WO-2025-0128-H-009
WO-2025-0124-H-010,2025-01-24,harvest,harvest,2,64,G2-03,14,7,1371,740,bunches,14.0,7.0,partial,07:10,11:14,WO-2025-0129-H-021
WO-2025-0124-H-011,2025-01-24,harvest,harvest,3,76,G3-01,12,0,1245,0,bunches,12.0,0.0,not_started,07:18,,WO-2025-0125-H-014
WO-2025-0124-H-012,2025-01-24,harvest,harvest,3,92,G3-02,19,9,1925,947,bunches,19.0,9.0,partial,06:58,10:32,WO-2025-0128-H-019
WO-2025-0124-H-013,2025-01-24,harvest,harvest,3,93,G3-02,11,8,1121,818,bunches,11.0,8.0,partial,06:54,12:05,WO-2025-0127-H-016
WO-2025-0124-H-014,2025-01-24,harvest,harvest,3,97,G3-02,21,9,2116,1041,bunches,21.0,9.0,partial,06:51,10:25,WO-2025-0129-H-028
WO-2025-0124-H-015,2025-01-24,harvest,harvest,3,103,G3-03,11,8,1151,777,bunches,11.0,8.0,partial,06:51,11:26,WO-2025-0129-H-031
WO-2025-0124-H-016,2025-01-24,harvest,harvest,3,104,G3-03,17,8,1696,817,bunches,17.0,8.0,partial,06:54,10:26,WO-2025-0128-H-021
WO-2025-0124-H-017,2025-01-24,harvest,harvest,3,109,G3-03,10,6,996,670,bunches,10.0,6.0,partial,07:12,12:06,WO-2025-0126-H-030
WO-2025-0124-H-018,2025-01-24,harvest,harvest,3,111,G3-03,21,9,2152,1026,bunches,21.0,9.0,partial,07:11,10:29,WO-2025-0128-H-023
WO-2025-0124-H-019,2025-01-24,harvest,harvest,3,112,G3-03,17,9,1720,1079,bunches,17.0,9.0,partial,07:08,11:25,WO-2025-0129-H-034
WO-2025-0124-H-020,2025-01-24,harvest,harvest,3,118,G3-04,8,4,805,423,bunches,8.0,4.0,partial,06:58,10:27,
WO-2025-0124-H-021,2025-01-24,harvest,harvest,4,128,G4-01,22,9,2284,1359,bunches,22.0,9.0,partial,07:19,11:30,
WO-2025-0124-H-022,2025-01-24,harvest,harvest,4,129,G4-01,12,9,1250,992,bunches,12.0,9.0,partial,07:06,13:02,
WO-2025-0124-H-023,2025-01-24,harvest,harvest,4,140,G4-02,19,9,1972,1270,bunches,19.0,9.0,partial,06:55,11:25,WO-2025-0129-H-040
WO-2025-0124-H-024,2025-01-24,harvest,harvest,4,142,G4-02,16,9,1657,998,bunches,16.0,9.0,partial,06:47,11:24,WO-2025-0128-H-028
WO-2025-0124-H-025,2025-01-24,harvest,harvest,4,148,G4-03,16,9,1682,1043,bunches,16.0,9.0,partial,06:52,11:34,WO-2025-0127-H-029
WO-2025-0124-H-026,2025-01-24,harvest,harvest,4,150,G4-03,23,9,2338,1539,bunches,23.0,9.0,partial,06:54,11:29,WO-2025-0129-H-042
WO-2025-0124-H-027,2025-01-24,harvest,harvest,4,164,G4-04,17,8,1770,807,bunches,17.0,8.0,partial,07:01,10:12,WO-2025-0128-H-032
WO-2025-0124-H-028,2025-01-24,harvest,harvest,4,166,G4-04,19,9,1910,867,bunches,19.0,9.0,partial,06:56,10:12,
WO-2025-0124-H-029,2025-01-24,harvest,harvest,5,168,G5-01,10,0,1050,0,bunches,10.0,0.0,not_started,07:11,,WO-2025-0125-H-026
WO-2025-0124-H-030,2025-01-24,harvest,harvest,5,171,G5-01,18,9,1952,1133,bunches,18.0,9.0,partial,06:48,10:54,
WO-2025-0124-H-031,2025-01-24,harvest,harvest,5,174,G5-01,14,9,1411,987,bunches,14.0,9.0,partial,06:49,11:42,
WO-2025-0124-H-032,2025-01-24,harvest,harvest,5,176,G5-01,13,9,1363,1095,bunches,13.0,9.0,partial,06:51,12:56,WO-2025-0128-H-035
WO-2025-0124-H-033,2025-01-24,harvest,harvest,5,178,G5-01,22,9,2277,1613,bunches,22.0,9.0,partial,06:47,11:35,
WO-2025-0124-H-034,2025-01-24,harvest,harvest,5,179,G5-01,17,9,1780,1189,bunches,17.0,9.0,partial,06:54,11:58,
WO-2025-0124-H-035,2025-01-24,harvest,harvest,5,182,G5-02,19,9,2031,1309,bunches,19.0,9.0,partial,06:00,11:18,
WO-2025-0124-H-036,2025-01-24,harvest,harvest,5,188,G5-02,17,9,1657,1004,bunches,17.0,9.0,partial,07:21,11:53,WO-2025-0128-H-039
WO-2025-0124-H-037,2025-01-24,harvest,harvest,5,195,G5-03,15,9,1499,1035,bunches,15.0,9.0,partial,07:03,12:05,WO-2025-0127-H-037
WO-2025-0124-H-038,2025-01-24,harvest,harvest,5,196,G5-03,16,9,1673,1112,bunches,16.0,9.0,partial,07:02,11:26,
WO-2025-0124-H-039,2025-01-24,harvest,harvest,5,197,G5-03,20,9,2033,1323,bunches,20.0,9.0,partial,06:56,11:56,
WO-2025-0124-H-040,2025-01-24,harvest,harvest,5,200,G5-03,10,8,989,765,bunches,10.0,8.0,partial,06:46,12:41,WO-2025-0129-H-047
WO-2025-0124-H-041,2025-01-24,harvest,harvest,6,212,G6-01,19,9,2027,1175,bunches,19.0,9.0,partial,07:06,11:28,WO-2025-0128-H-045
WO-2025-0124-H-042,2025-01-24,harvest,harvest,6,214,G6-02,16,9,1693,1117,bunches,16.0,9.0,partial,07:18,11:55,
WO-2025-0124-H-043,2025-01-24,harvest,harvest,6,215,G6-02,28,9,2855,1638,bunches,28.0,9.0,partial,07:02,11:24,
WO-2025-0124-H-044,2025-01-24,harvest,harvest,6,216,G6-02,29,9,2938,2579,bunches,29.0,9.0,completed,07:11,13:35,
WO-2025-0124-H-045,2025-01-24,harvest,harvest,6,222,G6-02,22,9,2179,1371,bunches,22.0,9.0,partial,06:53,11:24,
WO-2025-0124-H-046,2025-01-24,harvest,harvest,6,253,G6-03,16,9,1639,960,bunches,16.0,9.0,partial,07:15,11:46,
WO-2025-0124-H-047,2025-01-24,harvest,harvest,6,255,G6-03,24,9,2313,1075,bunches,24.0,9.0,partial,07:12,10:14,
WO-2025-0124-H-048,2025-01-24,harvest,harvest,7,287,G7-01,25,9,2620,1405,bunches,25.0,9.0,partial,06:47,10:38,
WO-2025-0124-H-049,2025-01-24,harvest,harvest,7,289,G7-01,11,7,1148,745,bunches,11.0,7.0,partial,06:55,11:35,
WO-2025-0124-H-050,2025-01-24,harvest,harvest,7,297,G7-01,21,9,2041,957,bunches,21.0,9.0,partial,07:13,10:54,WO-2025-0127-H-052
WO-2025-0124-H-051,2025-01-24,harvest,harvest,7,299,G7-02,16,9,1650,876,bunches,16.0,9.0,partial,06:51,10:43,WO-2025-0127-H-053
WO-2025-0124-H-052,2025-01-24,harvest,harvest,7,300,G7-02,9,7,904,630,bunches,9.0,7.0,partial,07:15,12:12,
WO-2025-0124-H-053,2025-01-24,harvest,harvest,7,310,G7-02,20,9,2074,1597,bunches,20.0,9.0,partial,06:53,12:15,
WO-2025-0124-H-054,2025-01-24,harvest,harvest,7,341,G7-04,8,7,863,704,bunches,8.0,7.0,partial,06:53,13:07,WO-2025-0125-H-039
WO-2025-0124-H-055,2025-01-24,harvest,harvest,7,344,G7-04,18,9,1952,1247,bunches,18.0,9.0,partial,06:58,11:29,WO-2025-0128-H-058
WO-2025-0125-H-001,2025-01-25,harvest,harvest,1,9,G1-01,8,7,843,696,bunches,8.0,7.0,partial,07:09,13:15,WO-2025-0127-H-002
WO-2025-0125-H-002,2025-01-25,harvest,harvest,1,21,G1-03,9,8,904,814,bunches,9.0,8.0,completed,07:16,13:51,
WO-2025-0125-H-003,2025-01-25,harvest,harvest,1,28,G1-03,8,8,797,774,bunches,8.0,8.0,completed,06:49,13:33,
WO-2025-0125-H-004,2025-01-25,harvest,harvest,1,31,G1-04,7,5,695,572,bunches,7.0,5.0,partial,07:03,12:50,WO-2025-0130-H-006
WO-2025-0125-H-005,2025-01-25,harvest,harvest,1,33,G1-04,7,6,678,638,bunches,7.0,6.0,completed,06:54,13:18,
WO-2025-0125-H-006,2025-01-25,harvest,harvest,1,36,G1-04,8,0,827,0,bunches,8.0,0.0,not_started,07:14,,WO-2025-0126-H-011
WO-2025-0125-H-007,2025-01-25,harvest,harvest,1,37,G1-04,6,6,635,574,bunches,6.0,6.0,completed,07:02,13:10,
WO-2025-0125-H-008,2025-01-25,harvest,harvest,2,42,G2-01,10,8,965,776,bunches,10.0,8.0,partial,07:12,12:42,WO-2025-0128-H-007
WO-2025-0125-H-009,2025-01-25,harvest,harvest,2,47,G2-01,10,9,947,883,bunches,10.0,9.0,completed,07:12,13:53,
WO-2025-0125-H-010,2025-01-25,harvest,harvest,2,52,G2-02,9,8,892,801,bunches,9.0,8.0,completed,06:49,12:59,
WO-2025-0125-H-011,2025-01-25,harvest,harvest,2,53,G2-02,6,6,609,633,bunches,6.0,6.0,completed,06:45,14:06,
WO-2025-0125-H-012,2025-01-25,harvest,harvest,2,73,G2-04,8,6,817,639,bunches,8.0,6.0,partial,06:51,12:19,WO-2025-0128-H-014
WO-2025-0125-H-013,2025-01-25,harvest,harvest,2,382,G2-04,12,8,1285,865,bunches,12.0,8.0,partial,06:58,12:10,
WO-2025-0125-H-014,2025-01-25,harvest,harvest,3,76,G3-01,12,9,1245,1098,bunches,12.0,9.0,completed,06:49,12:49,
WO-2025-0125-H-015,2025-01-25,harvest,harvest,3,80,G3-01,7,7,659,703,bunches,7.0,7.0,completed,07:12,14:51,
WO-2025-0125-H-016,2025-01-25,harvest,harvest,3,82,G3-01,1,1,120,116,bunches,1.0,1.0,completed,07:01,14:16,
WO-2025-0125-H-017,2025-01-25,harvest,harvest,3,95,G3-02,16,9,1604,1367,bunches,16.0,9.0,completed,06:46,12:41,
WO-2025-0125-H-018,2025-01-25,harvest,harvest,3,100,G3-02,14,0,1486,0,bunches,14.0,0.0,not_started,07:12,,WO-2025-0126-H-027
WO-2025-0125-H-019,2025-01-25,harvest,harvest,3,101,G3-03,16,9,1632,1308,bunches,16.0,9.0,partial,06:59,12:45,WO-2025-0129-H-029
WO-2025-0125-H-020,2025-01-25,harvest,harvest,3,114,G3-04,8,7,798,725,bunches,8.0,7.0,completed,06:53,13:08,
WO-2025-0125-H-021,2025-01-25,harvest,harvest,3,116,G3-04,6,6,583,570,bunches,6.0,6.0,completed,06:46,13:52,
WO-2025-0125-H-022,2025-01-25,harvest,harvest,4,134,G4-02,15,9,1663,1581,bunches,15.0,9.0,completed,07:02,13:59,
WO-2025-0125-H-023,2025-01-25,harvest,harvest,4,136,G4-02,16,9,1742,1439,bunches,16.0,9.0,partial,07:13,13:33,WO-2025-0129-H-038
WO-2025-0125-H-024,2025-01-25,harvest,harvest,4,137,G4-02,18,9,1929,1542,bunches,18.0,9.0,partial,07:21,13:25,
WO-2025-0125-H-025,2025-01-25,harvest,harvest,4,141,G4-02,13,9,1358,1423,bunches,13.0,9.0,completed,07:06,14:49,
WO-2025-0125-H-026,2025-01-25,harvest,harvest,5,168,G5-01,10,9,1050,1208,bunches,10.0,9.0,completed,06:49,14:55,
WO-2025-0125-H-027,2025-01-25,harvest,harvest,5,189,G5-02,12,9,1281,1194,bunches,12.0,9.0,completed,06:52,13:39,
WO-2025-0125-H-028,2025-01-25,harvest,harvest,5,190,G5-02,21,9,2280,1637,bunches,21.0,9.0,partial,07:05,12:31,WO-2025-0130-H-034
WO-2025-0125-H-029,2025-01-25,harvest,harvest,6,208,G6-01,8,9,851,870,bunches,8.0,9.0,completed,07:15,14:18,
WO-2025-0125-H-030,2025-01-25,harvest,harvest,6,210,G6-01,11,9,1257,1317,bunches,11.0,9.0,completed,06:49,14:35,
WO-2025-0125-H-031,2025-01-25,harvest,harvest,6,252,G6-03,17,9,1720,1786,bunches,17.0,9.0,completed,06:47,13:53,
WO-2025-0125-H-032,2025-01-25,harvest,harvest,6,264,G6-04,6,6,629,697,bunches,6.0,6.0,completed,07:16,14:56,
WO-2025-0125-H-033,2025-01-25,harvest,harvest,6,265,G6-04,9,8,1009,904,bunches,9.0,8.0,completed,07:01,13:23,
WO-2025-0125-H-034,2025-01-25,harvest,harvest,7,294,G7-01,7,6,729,622,bunches,7.0,6.0,completed,07:19,13:35,
WO-2025-0125-H-035,2025-01-25,harvest,harvest,7,303,G7-02,11,9,1083,1075,bunches,11.0,9.0,completed,07:11,14:25,
WO-2025-0125-H-036,2025-01-25,harvest,harvest,7,311,G7-03,14,9,1434,1505,bunches,14.0,9.0,completed,07:01,14:11,
WO-2025-0125-H-037,2025-01-25,harvest,harvest,7,331,G7-03,12,9,1204,1297,bunches,12.0,9.0,completed,06:53,14:00,
WO-2025-0125-H-038,2025-01-25,harvest,harvest,7,334,G7-03,9,9,917,953,bunches,9.0,9.0,completed,06:55,14:32,
WO-2025-0125-H-039,2025-01-25,harvest,harvest,7,341,G7-04,8,7,856,704,bunches,8.0,7.0,partial,07:03,13:18,WO-2025-0130-H-045
WO-2025-0125-H-040,2025-01-25,harvest,harvest,7,342,G7-04,14,9,1391,931,bunches,14.0,9.0,partial,06:53,11:25,WO-2025-0129-H-056
WO-2025-0126-H-001,2025-01-26,harvest,harvest,1,7,G1-01,7,4,696,426,bunches,7.0,4.0,partial,06:00,11:11,WO-2025-0129-H-004
WO-2025-0126-H-002,2025-01-26,harvest,harvest,1,12,G1-02,10,9,1054,1077,bunches,10.0,9.0,completed,06:58,14:15,
WO-2025-0126-H-003,2025-01-26,harvest,harvest,1,13,G1-02,11,9,1114,944,bunches,11.0,9.0,partial,07:03,13:29,WO-2025-0131-H-002
WO-2025-0126-H-004,2025-01-26,harvest,harvest,1,14,G1-02,6,7,616,708,bunches,6.0,7.0,completed,06:46,15:06,
WO-2025-0126-H-005,2025-01-26,harvest,harvest,1,18,G1-02,4,4,358,408,bunches,4.0,4.0,completed,07:10,15:28,
WO-2025-0126-H-006,2025-01-26,harvest,harvest,1,20,G1-02,5,5,447,490,bunches,5.0,5.0,completed,07:14,15:02,
WO-2025-0126-H-007,2025-01-26,harvest,harvest,1,22,G1-03,14,7,1426,741,bunches,14.0,7.0,partial,07:16,11:14,WO-2025-0129-H-009
WO-2025-0126-H-008,2025-01-26,harvest,harvest,1,30,G1-03,9,5,947,550,bunches,9.0,5.0,partial,07:08,10:57,WO-2025-0129-H-013
WO-2025-0126-H-009,2025-01-26,harvest,harvest,1,32,G1-04,7,5,764,540,bunches,7.0,5.0,partial,06:50,11:46,WO-2025-0130-H-007
WO-2025-0126-H-010,2025-01-26,harvest,harvest,1,34,G1-04,9,7,877,719,bunches,9.0,7.0,partial,07:00,13:09,WO-2025-0131-H-004
WO-2025-0126-H-011,2025-01-26,harvest,harvest,1,36,G1-04,8,7,827,709,bunches,8.0,7.0,completed,07:10,13:07,
WO-2025-0126-H-012,2025-01-26,harvest,harvest,1,39,G1-04,8,8,785,823,bunches,8.0,8.0,completed,06:49,14:34,
WO-2025-0126-H-013,2025-01-26,harvest,harvest,2,43,G2-01,6,6,633,614,bunches,6.0,6.0,completed,07:10,14:13,
WO-2025-0126-H-014,2025-01-26,harvest,harvest,2,44,G2-01,8,7,741,664,bunches,8.0,7.0,completed,07:09,13:24,
WO-2025-0126-H-015,2025-01-26,harvest,harvest,2,45,G2-01,9,8,942,736,bunches,9.0,8.0,partial,06:58,12:49,WO-2025-0131-H-007
WO-2025-0126-H-016,2025-01-26,harvest,harvest,2,46,G2-01,9,9,921,983,bunches,9.0,9.0,completed,06:53,14:13,
WO-2025-0126-H-017,2025-01-26,harvest,harvest,2,58,G2-02,16,8,1654,823,bunches,16.0,8.0,partial,07:19,10:32,
WO-2025-0126-H-018,2025-01-26,harvest,harvest,2,63,G2-03,15,9,1520,969,bunches,15.0,9.0,partial,07:05,11:46,
WO-2025-0126-H-019,2025-01-26,harvest,harvest,2,67,G2-03,11,8,1064,836,bunches,11.0,8.0,partial,07:04,12:41,
WO-2025-0126-H-020,2025-01-26,harvest,harvest,2,69,G2-04,17,9,1654,941,bunches,17.0,9.0,partial,07:18,11:37,
WO-2025-0126-H-021,2025-01-26,harvest,harvest,2,74,G2-04,16,9,1604,1073,bunches,16.0,9.0,partial,06:57,11:34,
WO-2025-0126-H-022,2025-01-26,harvest,harvest,3,75,G3-01,15,9,1582,1153,bunches,15.0,9.0,partial,06:51,12:14,WO-2025-0130-H-015
WO-2025-0126-H-023,2025-01-26,harvest,harvest,3,77,G3-01,16,9,1602,1444,bunches,16.0,9.0,completed,07:18,13:55,
WO-2025-0126-H-024,2025-01-26,harvest,harvest,3,79,G3-01,9,7,864,692,bunches,9.0,7.0,partial,06:59,13:02,
WO-2025-0126-H-025,2025-01-26,harvest,harvest,3,90,G3-02,13,9,1219,1072,bunches,13.0,9.0,completed,07:13,13:39,
WO-2025-0126-H-026,2025-01-26,harvest,harvest,3,91,G3-02,13,9,1283,886,bunches,13.0,9.0,partial,07:03,12:19,
WO-2025-0126-H-027,2025-01-26,harvest,harvest,3,100,G3-02,14,9,1486,1127,bunches,14.0,9.0,partial,06:59,12:17,WO-2025-0131-H-016
WO-2025-0126-H-028,2025-01-26,harvest,harvest,3,102,G3-03,8,8,818,812,bunches,8.0,8.0,completed,07:10,14:15,
WO-2025-0126-H-029,2025-01-26,harvest,harvest,3,108,G3-03,12,9,1237,1155,bunches,12.0,9.0,completed,06:56,13:38,
WO-2025-0126-H-030,2025-01-26,harvest,harvest,3,109,G3-03,9,6,949,670,bunches,9.0,6.0,partial,07:07,12:18,WO-2025-0129-H-033
WO-2025-0126-H-031,2025-01-26,harvest,harvest,3,113,G3-03,13,9,1250,960,bunches,13.0,9.0,partial,06:52,12:29,WO-2025-0130-H-020
WO-2025-0126-H-032,2025-01-26,harvest,harvest,3,117,G3-04,7,4,688,363,bunches,7.0,4.0,partial,06:54,10:37,
WO-2025-0126-H-033,2025-01-26,harvest,harvest,4,122,G4-01,21,7,2148,720,bunches,21.0,7.0,partial,06:47,09:03,
WO-2025-0126-H-034,2025-01-26,harvest,harvest,4,133,G4-02,14,9,1478,1447,bunches,14.0,9.0,completed,06:49,13:48,
WO-2025-0126-H-035,2025-01-26,harvest,harvest,4,138,G4-02,11,9,1160,1036,bunches,11.0,9.0,completed,06:47,13:30,
WO-2025-0126-H-036,2025-01-26,harvest,harvest,4,139,G4-02,10,9,1120,1276,bunches,10.0,9.0,completed,07:20,15:22,
WO-2025-0126-H-037,2025-01-26,harvest,harvest,4,145,G4-03,15,9,1603,1475,bunches,15.0,9.0,completed,06:50,13:12,
WO-2025-0126-H-038,2025-01-26,harvest,harvest,4,149,G4-03,11,9,1189,1274,bunches,11.0,9.0,completed,06:54,14:49,
WO-2025-0126-H-039,2025-01-26,harvest,harvest,4,151,G4-03,19,9,2012,1531,bunches,19.0,9.0,partial,07:09,12:48,WO-2025-0130-H-028
WO-2025-0126-H-040,2025-01-26,harvest,harvest,4,153,G4-03,19,9,1979,2102,bunches,19.0,9.0,completed,07:04,15:04,
WO-2025-0126-H-041,2025-01-26,harvest,harvest,4,157,G4-04,16,0,1623,0,bunches,16.0,0.0,not_started,06:50,,WO-2025-0127-H-031
WO-2025-0126-H-042,2025-01-26,harvest,harvest,5,186,G5-02,22,9,2227,1445,bunches,22.0,9.0,partial,07:19,12:22,
WO-2025-0126-H-043,2025-01-26,harvest,harvest,5,187,G5-02,34,9,3465,1609,bunches,34.0,9.0,partial,07:03,10:46,
WO-2025-0126-H-044,2025-01-26,harvest,harvest,5,193,G5-03,14,9,1455,1198,bunches,14.0,9.0,partial,07:18,13:34,WO-2025-0130-H-035
WO-2025-0126-H-045,2025-01-26,harvest,harvest,5,201,G5-03,13,9,1263,1155,bunches,13.0,9.0,completed,07:21,13:37,
WO-2025-0126-H-046,2025-01-26,harvest,harvest,6,203,G6-01,22,9,2304,1401,bunches,22.0,9.0,partial,07:04,11:25,WO-2025-0131-H-026
WO-2025-0126-H-047,2025-01-26,harvest,harvest,6,209,G6-01,10,9,1027,868,bunches,10.0,9.0,partial,07:13,13:31,WO-2025-0131-H-027
WO-2025-0126-H-048,2025-01-26,harvest,harvest,6,250,G6-03,11,9,1169,927,bunches,11.0,9.0,partial,06:52,12:39,
WO-2025-0126-H-049,2025-01-26,harvest,harvest,6,257,G6-03,20,9,1999,1434,bunches,20.0,9.0,partial,07:06,12:38,
WO-2025-0126-H-050,2025-01-26,harvest,harvest,6,272,G6-05,32,9,3172,1443,bunches,32.0,9.0,partial,06:48,09:44,
WO-2025-0126-H-051,2025-01-26,harvest,harvest,7,290,G7-01,12,7,1198,660,bunches,12.0,7.0,partial,06:59,11:03,WO-2025-0131-H-031
WO-2025-0126-H-052,2025-01-26,harvest,harvest,7,298,G7-01,13,9,1355,1003,bunches,13.0,9.0,partial,07:16,12:24,WO-2025-0130-H-043
WO-2025-0126-H-053,2025-01-26,harvest,harvest,7,302,G7-02,10,9,1001,927,bunches,10.0,9.0,completed,07:11,13:45,
WO-2025-0126-H-054,2025-01-26,harvest,harvest,7,304,G7-02,11,9,1097,1151,bunches,11.0,9.0,completed,07:14,14:31,
WO-2025-0126-H-055,2025-01-26,harvest,harvest,7,308,G7-02,8,8,908,890,bunches,8.0,8.0,completed,07:15,13:58,
WO-2025-0126-H-056,2025-01-26,harvest,harvest,7,309,G7-02,10,7,996,764,bunches,10.0,7.0,partial,06:59,12:41,WO-2025-0131-H-035
WO-2025-0126-H-057,2025-01-26,harvest,harvest,7,329,G7-03,8,7,788,717,bunches,8.0,7.0,completed,06:49,13:00,
WO-2025-0126-H-058,2025-01-26,harvest,harvest,7,336,G7-03,14,9,1423,1512,bunches,14.0,9.0,completed,06:56,14:11,
WO-2025-0126-H-059,2025-01-26,harvest,harvest,7,338,G7-03,10,9,993,895,bunches,10.0,9.0,completed,06:48,13:09,
WO-2025-0126-H-060,2025-01-26,harvest,harvest,7,347,G7-04,27,9,2967,1937,bunches,27.0,9.0,partial,07:01,11:57,
WO-2025-0127-H-001,2025-01-27,harvest,harvest,1,8,G1-01,12,9,1220,1040,bunches,12.0,9.0,completed,06:52,13:23,
WO-2025-0127-H-002,2025-01-27,harvest,harvest,1,9,G1-01,7,7,725,705,bunches,7.0,7.0,completed,07:10,14:29,
WO-2025-0127-H-003,2025-01-27,harvest,harvest,1,14,G1-02,6,7,646,711,bunches,6.0,7.0,completed,07:16,14:56,
WO-2025-0127-H-004,2025-01-27,harvest,harvest,1,15,G1-02,10,9,989,973,bunches,10.0,9.0,completed,06:54,13:57,
WO-2025-0127-H-005,2025-01-27,harvest,harvest,1,16,G1-02,6,6,558,641,bunches,6.0,6.0,completed,07:01,15:10,
WO-2025-0127-H-006,2025-01-27,harvest,harvest,1,24,G1-03,9,8,860,770,bunches,9.0,8.0,completed,07:15,13:41,
WO-2025-0127-H-007,2025-01-27,harvest,harvest,1,25,G1-03,12,9,1164,1082,bunches,12.0,9.0,completed,06:48,13:32,
WO-2025-0127-H-008,2025-01-27,harvest,harvest,1,27,G1-03,7,8,682,764,bunches,7.0,8.0,completed,06:47,14:39,
WO-2025-0127-H-009,2025-01-27,harvest,harvest,1,29,G1-03,11,8,1145,872,bunches,11.0,8.0,partial,06:45,12:24,WO-2025-0129-H-012
WO-2025-0127-H-010,2025-01-27,harvest,harvest,2,49,G2-01,11,9,1064,948,bunches,11.0,9.0,completed,06:58,13:22,
WO-2025-0127-H-011,2025-01-27,harvest,harvest,2,55,G2-02,7,7,727,728,bunches,7.0,7.0,completed,07:07,14:11,
WO-2025-0127-H-012,2025-01-27,harvest,harvest,2,66,G2-03,14,9,1382,1070,bunches,14.0,9.0,partial,07:06,12:55,WO-2025-0201-H-019
WO-2025-0127-H-013,2025-01-27,harvest,harvest,2,71,G2-04,8,8,866,789,bunches,8.0,8.0,completed,07:17,14:07,
WO-2025-0127-H-014,2025-01-27,harvest,harvest,2,72,G2-04,7,7,730,656,bunches,7.0,7.0,completed,07:01,13:26,
WO-2025-0127-H-015,2025-01-27,harvest,harvest,3,89,G3-02,11,9,1034,962,bunches,11.0,9.0,completed,06:55,13:53,
WO-2025-0127-H-016,2025-01-27,harvest,harvest,3,93,G3-02,7,8,734,820,bunches,7.0,8.0,completed,07:11,15:24,
WO-2025-0127-H-017,2025-01-27,harvest,harvest,3,105,G3-03,7,7,666,638,bunches,7.0,7.0,completed,07:14,14:07,
WO-2025-0127-H-018,2025-01-27,harvest,harvest,3,106,G3-03,4,4,415,404,bunches,4.0,4.0,completed,07:02,13:40,
WO-2025-0127-H-019,2025-01-27,harvest,harvest,3,108,G3-03,10,9,1008,1159,bunches,10.0,9.0,completed,07:10,15:36,
WO-2025-0127-H-020,2025-01-27,harvest,harvest,3,110,G3-03,12,9,1236,1211,bunches,12.0,9.0,completed,07:09,13:49,
WO-2025-0127-H-021,2025-01-27,harvest,harvest,3,115,G3-04,11,9,1136,913,bunches,11.0,9.0,partial,07:16,13:15,WO-2025-0201-H-032
WO-2025-0127-H-022,2025-01-27,harvest,harvest,3,121,G3-04,3,2,267,218,bunches,3.0,2.0,partial,07:07,12:48,
WO-2025-0127-H-023,2025-01-27,harvest,harvest,4,123,G4-01,4,4,384,388,bunches,4.0,4.0,completed,07:08,14:26,
WO-2025-0127-H-024,2025-01-27,harvest,harvest,4,124,G4-01,4,4,438,426,bunches,4.0,4.0,completed,06:52,13:59,
WO-2025-0127-H-025,2025-01-27,harvest,harvest,4,126,G4-01,4,4,379,371,bunches,4.0,4.0,completed,06:47,13:31,
WO-2025-0127-H-026,2025-01-27,harvest,harvest,4,130,G4-01,13,9,1450,1360,bunches,13.0,9.0,completed,06:50,13:37,
WO-2025-0127-H-027,2025-01-27,harvest,harvest,4,132,G4-01,15,0,1624,0,bunches,15.0,0.0,not_started,06:46,,WO-2025-0128-H-026
WO-2025-0127-H-028,2025-01-27,harvest,harvest,4,143,G4-02,21,9,2107,1713,bunches,21.0,9.0,partial,06:49,13:02,
WO-2025-0127-H-029,2025-01-27,harvest,harvest,4,148,G4-03,10,9,1015,1043,bunches,10.0,9.0,completed,07:17,14:48,
WO-2025-0127-H-030,2025-01-27,harvest,harvest,4,152,G4-03,18,9,1852,2045,bunches,18.0,9.0,completed,06:48,15:08,
WO-2025-0127-H-031,2025-01-27,harvest,harvest,4,157,G4-04,16,9,1623,1479,bunches,16.0,9.0,completed,07:10,13:45,
WO-2025-0127-H-032,2025-01-27,harvest,harvest,5,172,G5-01,12,9,1251,1206,bunches,12.0,9.0,completed,06:52,13:54,
WO-2025-0127-H-033,2025-01-27,harvest,harvest,5,173,G5-01,11,9,1105,903,bunches,11.0,9.0,partial,06:48,12:34,
WO-2025-0127-H-034,2025-01-27,harvest,harvest,5,189,G5-02,13,9,1332,1198,bunches,13.0,9.0,completed,06:51,13:25,
WO-2025-0127-H-035,2025-01-27,harvest,harvest,5,192,G5-02,4,4,388,432,bunches,4.0,4.0,completed,07:02,15:19,
WO-2025-0127-H-036,2025-01-27,harvest,harvest,5,194,G5-03,8,8,803,838,bunches,8.0,8.0,completed,07:21,15:13,
WO-2025-0127-H-037,2025-01-27,harvest,harvest,5,195,G5-03,10,9,1043,1036,bunches,10.0,9.0,completed,07:00,14:18,
WO-2025-0127-H-038,2025-01-27,harvest,harvest,5,202,G5-03,11,9,1073,1131,bunches,11.0,9.0,completed,07:20,14:45,
WO-2025-0127-H-039,2025-01-27,harvest,harvest,6,206,G6-01,11,9,1124,964,bunches,11.0,9.0,completed,07:07,13:18,
WO-2025-0127-H-040,2025-01-27,harvest,harvest,6,245,G6-02,11,9,1077,957,bunches,11.0,9.0,completed,07:12,13:52,
WO-2025-0127-H-041,2025-01-27,harvest,harvest,6,248,G6-03,8,8,797,736,bunches,8.0,8.0,completed,07:21,13:41,
WO-2025-0127-H-042,2025-01-27,harvest,harvest,6,251,G6-03,8,9,841,943,bunches,8.0,9.0,completed,07:11,15:24,
WO-2025-0127-H-043,2025-01-27,harvest,harvest,6,256,G6-03,9,7,909,679,bunches,9.0,7.0,partial,07:02,12:06,
WO-2025-0127-H-044,2025-01-27,harvest,harvest,6,258,G6-04,11,9,1155,1328,bunches,11.0,9.0,completed,06:53,15:20,
WO-2025-0127-H-045,2025-01-27,harvest,harvest,6,259,G6-04,18,9,1866,1375,bunches,18.0,9.0,partial,07:17,12:27,
WO-2025-0127-H-046,2025-01-27,harvest,harvest,6,260,G6-04,10,0,1053,0,bunches,10.0,0.0,not_started,07:03,,WO-2025-0128-H-049
WO-2025-0127-H-047,2025-01-27,harvest,harvest,6,379,G6-05,13,9,1395,1063,bunches,13.0,9.0,partial,07:12,12:22,WO-2025-0130-H-041
WO-2025-0127-H-048,2025-01-27,harvest,harvest,7,291,G7-01,14,9,1350,1157,bunches,14.0,9.0,completed,07:04,13:06,
WO-2025-0127-H-049,2025-01-27,harvest,harvest,7,292,G7-01,10,9,1062,1221,bunches,10.0,9.0,completed,07:07,15:36,
WO-2025-0127-H-050,2025-01-27,harvest,harvest,7,293,G7-01,13,9,1370,1140,bunches,13.0,9.0,partial,06:00,12:57,
WO-2025-0127-H-051,2025-01-27,harvest,harvest,7,296,G7-01,10,9,1006,939,bunches,10.0,9.0,completed,06:48,13:48,
WO-2025-0127-H-052,2025-01-27,harvest,harvest,7,297,G7-01,11,9,1085,960,bunches,11.0,9.0,completed,07:01,13:37,
WO-2025-0127-H-053,2025-01-27,harvest,harvest,7,299,G7-02,8,9,848,876,bunches,8.0,9.0,completed,07:06,14:42,
WO-2025-0127-H-054,2025-01-27,harvest,harvest,7,333,G7-03,10,9,1039,1012,bunches,10.0,9.0,completed,06:57,13:45,
WO-2025-0127-H-055,2025-01-27,harvest,harvest,7,339,G7-04,15,9,1471,1142,bunches,15.0,9.0,partial,07:07,12:47,
WO-2025-0128-H-001,2025-01-28,harvest,harvest,1,3,G1-01,5,4,441,406,bunches,5.0,4.0,completed,06:49,13:44,
WO-2025-0128-H-002,2025-01-28,harvest,harvest,1,5,G1-01,3,3,263,257,bunches,3.0,3.0,completed,07:05,14:00,
WO-2025-0128-H-003,2025-01-28,harvest,harvest,1,10,G1-01,10,9,1002,875,bunches,10.0,9.0,completed,06:54,13:31,
WO-2025-0128-H-004,2025-01-28,harvest,harvest,1,26,G1-03,7,8,743,788,bunches,7.0,8.0,completed,07:11,14:41,
WO-2025-0128-H-005,2025-01-28,harvest,harvest,1,37,G1-04,7,6,744,574,bunches,7.0,6.0,partial,06:54,12:15,WO-2025-0130-H-009
WO-2025-0128-H-006,2025-01-28,harvest,harvest,1,38,G1-04,6,5,609,516,bunches,6.0,5.0,partial,07:15,13:32,WO-2025-0131-H-005
WO-2025-0128-H-007,2025-01-28,harvest,harvest,2,42,G2-01,10,8,1041,780,bunches,10.0,8.0,partial,07:13,12:58,WO-2025-0201-H-013
WO-2025-0128-H-008,2025-01-28,harvest,harvest,2,49,G2-01,13,0,1297,0,bunches,13.0,0.0,not_started,07:05,,WO-2025-0129-H-017
WO-2025-0128-H-009,2025-01-28,harvest,harvest,2,50,G2-02,7,6,687,610,bunches,7.0,6.0,completed,07:15,13:17,
WO-2025-0128-H-010,2025-01-28,harvest,harvest,2,56,G2-02,13,9,1320,1076,bunches,13.0,9.0,partial,07:03,13:13,WO-2025-0202-H-017
WO-2025-0128-H-011,2025-01-28,harvest,harvest,2,59,G2-03,10,9,1010,1106,bunches,10.0,9.0,completed,06:50,14:50,
WO-2025-0128-H-012,2025-01-28,harvest,harvest,2,65,G2-03,6,5,565,496,bunches,6.0,5.0,completed,07:10,13:24,
WO-2025-0128-H-013,2025-01-28,harvest,harvest,2,70,G2-04,11,9,1120,936,bunches,11.0,9.0,partial,06:51,12:58,
WO-2025-0128-H-014,2025-01-28,harvest,harvest,2,73,G2-04,7,6,689,639,bunches,7.0,6.0,completed,06:50,13:31,
WO-2025-0128-H-015,2025-01-28,harvest,harvest,3,83,G3-01,13,9,1398,1516,bunches,13.0,9.0,completed,06:48,14:14,
WO-2025-0128-H-016,2025-01-28,harvest,harvest,3,85,G3-01,9,9,959,923,bunches,9.0,9.0,completed,06:52,14:06,
WO-2025-0128-H-017,2025-01-28,harvest,harvest,3,87,G3-01,17,9,1638,1576,bunches,17.0,9.0,completed,07:17,14:25,
WO-2025-0128-H-018,2025-01-28,harvest,harvest,3,88,G3-02,10,0,944,0,bunches,10.0,0.0,not_started,06:54,,WO-2025-0129-H-025
WO-2025-0128-H-019,2025-01-28,harvest,harvest,3,92,G3-02,13,9,1343,947,bunches,13.0,9.0,partial,06:55,12:16,WO-2025-0129-H-026
WO-2025-0128-H-020,2025-01-28,harvest,harvest,3,96,G3-02,14,9,1394,1395,bunches,14.0,9.0,completed,06:57,14:10,
WO-2025-0128-H-021,2025-01-28,harvest,harvest,3,104,G3-03,8,8,770,817,bunches,8.0,8.0,completed,07:13,14:38,
WO-2025-0128-H-022,2025-01-28,harvest,harvest,3,107,G3-03,12,9,1254,1234,bunches,12.0,9.0,completed,06:49,13:52,
WO-2025-0128-H-023,2025-01-28,harvest,harvest,3,111,G3-03,10,9,1068,1027,bunches,10.0,9.0,completed,06:56,14:11,
WO-2025-0128-H-024,2025-01-28,harvest,harvest,3,119,G3-04,4,3,357,282,bunches,4.0,3.0,partial,06:58,12:58,
WO-2025-0128-H-025,2025-01-28,harvest,harvest,3,369,G3-04,2,2,182,185,bunches,2.0,2.0,completed,07:04,14:18,
WO-2025-0128-H-026,2025-01-28,harvest,harvest,4,132,G4-01,15,9,1624,1429,bunches,15.0,9.0,completed,07:20,13:46,
WO-2025-0128-H-027,2025-01-28,harvest,harvest,4,134,G4-02,14,9,1505,1585,bunches,14.0,9.0,completed,06:51,14:47,
WO-2025-0128-H-028,2025-01-28,harvest,harvest,4,142,G4-02,9,9,961,1004,bunches,9.0,9.0,completed,07:18,14:41,
WO-2025-0128-H-029,2025-01-28,harvest,harvest,4,146,G4-03,17,9,1810,1503,bunches,17.0,9.0,partial,06:54,12:37,
WO-2025-0128-H-030,2025-01-28,harvest,harvest,4,158,G4-04,10,9,1005,1013,bunches,10.0,9.0,completed,07:11,14:15,
WO-2025-0128-H-031,2025-01-28,harvest,harvest,4,159,G4-04,14,9,1459,1551,bunches,14.0,9.0,completed,07:20,15:07,
WO-2025-0128-H-032,2025-01-28,harvest,harvest,4,164,G4-04,9,8,993,812,bunches,9.0,8.0,partial,07:12,12:43,
WO-2025-0128-H-033,2025-01-28,harvest,harvest,5,168,G5-01,13,9,1338,1210,bunches,13.0,9.0,completed,07:09,13:35,
WO-2025-0128-H-034,2025-01-28,harvest,harvest,5,169,G5-01,11,9,1155,1029,bunches,11.0,9.0,completed,06:00,13:40,
WO-2025-0128-H-035,2025-01-28,harvest,harvest,5,176,G5-01,10,9,1104,1099,bunches,10.0,9.0,completed,07:13,14:01,
WO-2025-0128-H-036,2025-01-28,harvest,harvest,5,177,G5-01,14,9,1451,1406,bunches,14.0,9.0,completed,06:56,13:40,
WO-2025-0128-H-037,2025-01-28,harvest,harvest,5,180,G5-02,15,9,1598,1225,bunches,15.0,9.0,partial,07:06,12:47,
WO-2025-0128-H-038,2025-01-28,harvest,harvest,5,181,G5-02,15,9,1521,1316,bunches,15.0,9.0,completed,07:04,13:21,
WO-2025-0128-H-039,2025-01-28,harvest,harvest,5,188,G5-02,9,9,873,1004,bunches,9.0,9.0,completed,07:09,15:03,
WO-2025-0128-H-040,2025-01-28,harvest,harvest,5,198,G5-03,7,6,723,566,bunches,7.0,6.0,partial,06:48,12:21,
WO-2025-0128-H-041,2025-01-28,harvest,harvest,5,373,G5-03,2,2,247,215,bunches,2.0,2.0,completed,07:21,14:00,
WO-2025-0128-H-042,2025-01-28,harvest,harvest,6,204,G6-01,15,9,1602,1501,bunches,15.0,9.0,completed,06:50,13:14,
WO-2025-0128-H-043,2025-01-28,harvest,harvest,6,205,G6-01,7,8,697,802,bunches,7.0,8.0,completed,07:11,15:41,
WO-2025-0128-H-044,2025-01-28,harvest,harvest,6,211,G6-01,14,9,1541,1147,bunches,14.0,9.0,partial,06:46,11:46,WO-2025-0201-H-054
WO-2025-0128-H-045,2025-01-28,harvest,harvest,6,212,G6-01,10,9,1098,1176,bunches,10.0,9.0,completed,06:56,14:43,
WO-2025-0128-H-046,2025-01-28,harvest,harvest,6,223,G6-02,12,9,1275,1096,bunches,12.0,9.0,completed,07:14,13:04,
WO-2025-0128-H-047,2025-01-28,harvest,harvest,6,246,G6-02,8,9,777,893,bunches,8.0,9.0,completed,07:11,15:28,
WO-2025-0128-H-048,2025-01-28,harvest,harvest,6,249,G6-03,12,9,1226,1118,bunches,12.0,9.0,completed,07:14,14:02,
WO-2025-0128-H-049,2025-01-28,harvest,harvest,6,260,G6-04,10,9,1053,995,bunches,10.0,9.0,completed,07:01,13:29,
WO-2025-0128-H-050,2025-01-28,harvest,harvest,6,263,G6-04,18,9,1813,1463,bunches,18.0,9.0,partial,06:46,12:22,
WO-2025-0128-H-051,2025-01-28,harvest,harvest,6,266,G6-04,13,9,1367,1458,bunches,13.0,9.0,completed,07:14,14:55,
WO-2025-0128-H-052,2025-01-28,harvest,harvest,6,267,G6-04,10,9,1102,1061,bunches,10.0,9.0,completed,07:04,13:51,
WO-2025-0128-H-053,2025-01-28,harvest,harvest,6,380,G6-05,13,9,1422,1337,bunches,13.0,9.0,completed,07:10,13:51,
WO-2025-0128-H-054,2025-01-28,harvest,harvest,7,305,G7-02,17,9,1710,1298,bunches,17.0,9.0,partial,07:19,12:28,
WO-2025-0128-H-055,2025-01-28,harvest,harvest,7,330,G7-03,8,9,831,855,bunches,8.0,9.0,completed,07:05,14:19,
WO-2025-0128-H-056,2025-01-28,harvest,harvest,7,337,G7-03,9,9,843,909,bunches,9.0,9.0,completed,07:01,15:02,
WO-2025-0128-H-057,2025-01-28,harvest,harvest,7,340,G7-04,17,9,1761,1505,bunches,17.0,9.0,completed,07:15,13:07,
WO-2025-0128-H-058,2025-01-28,harvest,harvest,7,344,G7-04,20,9,2087,1248,bunches,20.0,9.0,partial,07:14,11:33,
WO-2025-0129-H-001,2025-01-29,harvest,harvest,1,2,G1-01,5,5,450,517,bunches,5.0,5.0,completed,06:51,15:21,
WO-2025-0129-H-002,2025-01-29,harvest,harvest,1,4,G1-01,6,4,583,418,bunches,6.0,4.0,partial,07:01,11:57,WO-2025-0202-H-002
WO-2025-0129-H-003,2025-01-29,harvest,harvest,1,6,G1-01,3,2,280,243,bunches,3.0,2.0,completed,07:08,13:40,
WO-2025-0129-H-004,2025-01-29,harvest,harvest,1,7,G1-01,4,4,415,433,bunches,4.0,4.0,completed,07:03,14:31,
WO-2025-0129-H-005,2025-01-29,harvest,harvest,1,11,G1-02,9,8,868,840,bunches,9.0,8.0,completed,07:13,14:18,
WO-2025-0129-H-006,2025-01-29,harvest,harvest,1,17,G1-02,6,6,610,577,bunches,6.0,6.0,completed,07:16,13:59,
WO-2025-0129-H-007,2025-01-29,harvest,harvest,1,19,G1-02,6,6,604,632,bunches,6.0,6.0,completed,07:08,14:17,
WO-2025-0129-H-008,2025-01-29,harvest,harvest,1,21,G1-03,8,8,785,821,bunches,8.0,8.0,completed,06:49,13:00,
WO-2025-0129-H-009,2025-01-29,harvest,harvest,1,22,G1-03,9,7,858,742,bunches,9.0,7.0,completed,07:17,13:29,
WO-2025-0129-H-010,2025-01-29,harvest,harvest,1,23,G1-03,9,8,872,826,bunches,9.0,8.0,completed,06:53,14:04,
WO-2025-0129-H-011,2025-01-29,harvest,harvest,1,28,G1-03,7,8,733,775,bunches,7.0,8.0,completed,07:05,14:18,
WO-2025-0129-H-012,2025-01-29,harvest,harvest,1,29,G1-03,10,8,978,874,bunches,10.0,8.0,completed,06:59,13:22,
WO-2025-0129-H-013,2025-01-29,harvest,harvest,1,30,G1-03,5,5,484,557,bunches,5.0,5.0,completed,07:03,15:18,
WO-2025-0129-H-014,2025-01-29,harvest,harvest,1,33,G1-04,7,6,736,643,bunches,7.0,6.0,completed,06:52,13:07,
WO-2025-0129-H-015,2025-01-29,harvest,harvest,1,35,G1-04,7,8,731,841,bunches,7.0,8.0,completed,06:56,15:26,
WO-2025-0129-H-016,2025-01-29,harvest,harvest,2,47,G2-01,8,9,775,891,bunches,8.0,9.0,completed,07:02,15:03,
WO-2025-0129-H-017,2025-01-29,harvest,harvest,2,49,G2-01,13,9,1297,954,bunches,13.0,9.0,partial,06:51,12:29,WO-2025-0202-H-015
WO-2025-0129-H-018,2025-01-29,harvest,harvest,2,55,G2-02,8,7,767,730,bunches,8.0,7.0,completed,07:02,14:10,
WO-2025-0129-H-019,2025-01-29,harvest,harvest,2,57,G2-02,12,9,1175,972,bunches,12.0,9.0,partial,06:47,12:54,
WO-2025-0129-H-020,2025-01-29,harvest,harvest,2,62,G2-03,16,9,1690,1699,bunches,16.0,9.0,completed,06:47,14:07,
WO-2025-0129-H-021,2025-01-29,harvest,harvest,2,64,G2-03,9,7,889,743,bunches,9.0,7.0,partial,06:49,12:41,WO-2025-0201-H-017
WO-2025-0129-H-022,2025-01-29,harvest,harvest,2,68,G2-03,8,9,863,901,bunches,8.0,9.0,completed,06:48,13:59,
WO-2025-0129-H-023,2025-01-29,harvest,harvest,2,71,G2-04,10,8,1010,795,bunches,10.0,8.0,partial,06:56,12:17,WO-2025-0203-H-020
WO-2025-0129-H-024,2025-01-29,harvest,harvest,3,78,G3-01,16,9,1637,1162,bunches,16.0,9.0,partial,07:07,12:25,WO-2025-0202-H-021
WO-2025-0129-H-025,2025-01-29,harvest,harvest,3,88,G3-02,10,9,944,998,bunches,10.0,9.0,completed,06:54,14:32,
WO-2025-0129-H-026,2025-01-29,harvest,harvest,3,92,G3-02,13,9,1265,952,bunches,13.0,9.0,partial,06:49,12:13,WO-2025-0202-H-025
WO-2025-0129-H-027,2025-01-29,harvest,harvest,3,94,G3-02,11,8,1160,832,bunches,11.0,8.0,partial,07:12,12:20,WO-2025-0202-H-026
WO-2025-0129-H-028,2025-01-29,harvest,harvest,3,97,G3-02,11,9,1111,1046,bunches,11.0,9.0,completed,06:55,13:26,
WO-2025-0129-H-029,2025-01-29,harvest,harvest,3,101,G3-03,17,9,1691,1308,bunches,17.0,9.0,partial,06:54,12:11,WO-2025-0203-H-028
WO-2025-0129-H-030,2025-01-29,harvest,harvest,3,102,G3-03,8,8,812,814,bunches,8.0,8.0,completed,07:05,14:08,
WO-2025-0129-H-031,2025-01-29,harvest,harvest,3,103,G3-03,8,8,859,782,bunches,8.0,8.0,completed,06:00,13:37,
WO-2025-0129-H-032,2025-01-29,harvest,harvest,3,105,G3-03,8,7,753,642,bunches,8.0,7.0,completed,06:49,12:59,
WO-2025-0129-H-033,2025-01-29,harvest,harvest,3,109,G3-03,8,6,810,680,bunches,8.0,6.0,partial,06:56,13:01,WO-2025-0202-H-028
WO-2025-0129-H-034,2025-01-29,harvest,harvest,3,112,G3-03,11,9,1103,1082,bunches,11.0,9.0,completed,06:54,14:19,
WO-2025-0129-H-035,2025-01-29,harvest,harvest,4,131,G4-01,20,9,2178,1885,bunches,20.0,9.0,completed,06:55,13:14,
WO-2025-0129-H-036,2025-01-29,harvest,harvest,4,133,G4-02,14,9,1489,1448,bunches,14.0,9.0,completed,07:03,13:45,
WO-2025-0129-H-037,2025-01-29,harvest,harvest,4,135,G4-02,14,9,1557,1479,bunches,14.0,9.0,completed,06:59,13:30,
WO-2025-0129-H-038,2025-01-29,harvest,harvest,4,136,G4-02,14,9,1495,1441,bunches,14.0,9.0,completed,07:17,14:32,
WO-2025-0129-H-039,2025-01-29,harvest,harvest,4,138,G4-02,9,9,997,1038,bunches,9.0,9.0,completed,06:53,14:27,
WO-2025-0129-H-040,2025-01-29,harvest,harvest,4,140,G4-02,12,9,1270,1275,bunches,12.0,9.0,completed,07:17,14:21,
WO-2025-0129-H-041,2025-01-29,harvest,harvest,4,141,G4-02,12,9,1272,1425,bunches,12.0,9.0,completed,07:04,15:15,
WO-2025-0129-H-042,2025-01-29,harvest,harvest,4,150,G4-03,15,9,1511,1544,bunches,15.0,9.0,completed,07:11,14:15,
WO-2025-0129-H-043,2025-01-29,harvest,harvest,4,153,G4-03,21,0,2259,0,bunches,21.0,0.0,not_started,07:11,,WO-2025-0130-H-029
WO-2025-0129-H-044,2025-01-29,harvest,harvest,4,165,G4-04,10,9,1003,1034,bunches,10.0,9.0,completed,07:19,14:35,
WO-2025-0129-H-045,2025-01-29,harvest,harvest,5,184,G5-02,13,9,1355,1226,bunches,13.0,9.0,completed,07:10,14:02,
WO-2025-0129-H-046,2025-01-29,harvest,harvest,5,185,G5-02,16,9,1717,1439,bunches,16.0,9.0,partial,07:02,13:04,
WO-2025-0129-H-047,2025-01-29,harvest,harvest,5,200,G5-03,8,8,828,768,bunches,8.0,8.0,completed,07:07,14:01,
WO-2025-0129-H-048,2025-01-29,harvest,harvest,6,208,G6-01,11,9,1158,870,bunches,11.0,9.0,partial,07:13,12:37,
WO-2025-0129-H-049,2025-01-29,harvest,harvest,6,247,G6-02,19,9,1913,1322,bunches,19.0,9.0,partial,07:01,12:19,
WO-2025-0129-H-050,2025-01-29,harvest,harvest,6,254,G6-03,12,9,1185,1021,bunches,12.0,9.0,completed,06:51,13:22,
WO-2025-0129-H-051,2025-01-29,harvest,harvest,6,269,G6-05,15,9,1586,1283,bunches,15.0,9.0,partial,07:14,12:57,
WO-2025-0129-H-052,2025-01-29,harvest,harvest,6,270,G6-05,18,9,1953,1486,bunches,18.0,9.0,partial,07:01,12:27,
WO-2025-0129-H-053,2025-01-29,harvest,harvest,7,295,G7-01,9,9,917,866,bunches,9.0,9.0,completed,06:59,14:02,
WO-2025-0129-H-054,2025-01-29,harvest,harvest,7,328,G7-03,9,9,870,978,bunches,9.0,9.0,completed,07:21,15:05,
WO-2025-0129-H-055,2025-01-29,harvest,harvest,7,335,G7-03,16,9,1587,1307,bunches,16.0,9.0,partial,06:58,12:33,
WO-2025-0129-H-056,2025-01-29,harvest,harvest,7,342,G7-04,9,9,968,935,bunches,9.0,9.0,completed,07:12,14:03,
WO-2025-0129-H-057,2025-01-29,harvest,harvest,7,343,G7-04,11,9,1139,1012,bunches,11.0,9.0,completed,07:20,13:37,
WO-2025-0129-H-058,2025-01-29,harvest,harvest,7,345,G7-04,17,9,1818,1401,bunches,17.0,9.0,partial,06:46,12:15,WO-2025-0202-H-057
WO-2025-0130-H-001,2025-01-30,harvest,harvest,1,1,G1-01,3,2,260,182,bunches,3.0,2.0,partial,07:03,12:21,WO-2025-0203-H-001
WO-2025-0130-H-002,2025-01-30,harvest,harvest,1,24,G1-03,8,8,836,771,bunches,8.0,8.0,completed,06:48,13:30,
WO-2025-0130-H-003,2025-01-30,harvest,harvest,1,25,G1-03,10,9,969,1082,bunches,10.0,9.0,completed,07:01,14:41,
WO-2025-0130-H-004,2025-01-30,harvest,harvest,1,26,G1-03,8,8,848,789,bunches,8.0,8.0,completed,06:50,13:24,
WO-2025-0130-H-005,2025-01-30,harvest,harvest,1,27,G1-03,7,8,708,767,bunches,7.0,8.0,completed,06:46,14:14,
WO-2025-0130-H-006,2025-01-30,harvest,harvest,1,31,G1-04,7,5,719,580,bunches,7.0,5.0,partial,07:08,12:42,WO-2025-0203-H-011
WO-2025-0130-H-007,2025-01-30,harvest,harvest,1,32,G1-04,5,5,560,543,bunches,5.0,5.0,completed,06:47,13:52,
WO-2025-0130-H-008,2025-01-30,harvest,harvest,1,36,G1-04,8,7,781,711,bunches,8.0,7.0,completed,06:51,13:09,
WO-2025-0130-H-009,2025-01-30,harvest,harvest,1,37,G1-04,5,6,546,579,bunches,5.0,6.0,completed,07:01,14:42,
WO-2025-0130-H-010,2025-01-30,harvest,harvest,2,43,G2-01,6,6,624,617,bunches,6.0,6.0,completed,07:05,14:23,
WO-2025-0130-H-011,2025-01-30,harvest,harvest,2,44,G2-01,8,7,755,665,bunches,8.0,7.0,completed,07:08,13:42,
WO-2025-0130-H-012,2025-01-30,harvest,harvest,2,50,G2-02,6,6,565,619,bunches,6.0,6.0,completed,06:46,14:26,
WO-2025-0130-H-013,2025-01-30,harvest,harvest,2,51,G2-02,10,9,966,897,bunches,10.0,9.0,completed,06:59,13:17,
WO-2025-0130-H-014,2025-01-30,harvest,harvest,2,54,G2-02,10,9,934,928,bunches,10.0,9.0,completed,06:57,13:47,
WO-2025-0130-H-015,2025-01-30,harvest,harvest,3,75,G3-01,10,9,1013,1156,bunches,10.0,9.0,completed,06:54,15:16,
WO-2025-0130-H-016,2025-01-30,harvest,harvest,3,84,G3-01,15,9,1497,1655,bunches,15.0,9.0,completed,07:08,14:55,
WO-2025-0130-H-017,2025-01-30,harvest,harvest,3,86,G3-01,14,9,1421,1480,bunches,14.0,9.0,completed,07:06,14:38,
WO-2025-0130-H-018,2025-01-30,harvest,harvest,3,95,G3-02,14,9,1447,1372,bunches,14.0,9.0,completed,06:56,13:24,
WO-2025-0130-H-019,2025-01-30,harvest,harvest,3,98,G3-02,13,9,1307,1336,bunches,13.0,9.0,completed,06:54,14:36,
WO-2025-0130-H-020,2025-01-30,harvest,harvest,3,113,G3-03,10,9,967,965,bunches,10.0,9.0,completed,06:59,14:18,
WO-2025-0130-H-021,2025-01-30,harvest,harvest,3,118,G3-04,6,4,589,426,bunches,6.0,4.0,partial,06:52,12:14,
WO-2025-0130-H-022,2025-01-30,harvest,harvest,3,120,G3-04,11,8,1074,825,bunches,11.0,8.0,partial,07:08,12:35,
WO-2025-0130-H-023,2025-01-30,harvest,harvest,4,128,G4-01,11,9,1183,1360,bunches,11.0,9.0,completed,06:46,14:57,
WO-2025-0130-H-024,2025-01-30,harvest,harvest,4,129,G4-01,10,9,1034,994,bunches,10.0,9.0,completed,07:16,14:14,
WO-2025-0130-H-025,2025-01-30,harvest,harvest,4,139,G4-02,12,9,1267,1279,bunches,12.0,9.0,completed,07:02,14:01,
WO-2025-0130-H-026,2025-01-30,harvest,harvest,4,144,G4-03,10,9,971,961,bunches,10.0,9.0,completed,06:51,14:08,
WO-2025-0130-H-027,2025-01-30,harvest,harvest,4,147,G4-03,10,9,1001,1151,bunches,10.0,9.0,completed,06:52,15:22,
WO-2025-0130-H-028,2025-01-30,harvest,harvest,4,151,G4-03,16,9,1707,1533,bunches,16.0,9.0,completed,06:45,13:33,
WO-2025-0130-H-029,2025-01-30,harvest,harvest,4,153,G4-03,21,9,2259,2107,bunches,21.0,9.0,completed,07:16,13:39,
WO-2025-0130-H-030,2025-01-30,harvest,harvest,4,160,G4-04,21,9,2154,2175,bunches,21.0,9.0,completed,07:20,14:17,
WO-2025-0130-H-031,2025-01-30,harvest,harvest,5,170,G5-01,20,9,2125,1803,bunches,20.0,9.0,partial,06:48,12:31,WO-2025-0204-H-030
WO-2025-0130-H-032,2025-01-30,harvest,harvest,5,178,G5-01,14,9,1464,1614,bunches,14.0,9.0,completed,06:00,14:52,
WO-2025-0130-H-033,2025-01-30,harvest,harvest,5,179,G5-01,11,9,1186,1193,bunches,11.0,9.0,completed,07:01,14:06,
WO-2025-0130-H-034,2025-01-30,harvest,harvest,5,190,G5-02,18,9,1959,1643,bunches,18.0,9.0,partial,06:52,13:09,WO-2025-0204-H-036
WO-2025-0130-H-035,2025-01-30,harvest,harvest,5,193,G5-03,16,9,1596,1198,bunches,16.0,9.0,partial,06:50,12:04,WO-2025-0204-H-037
WO-2025-0130-H-036,2025-01-30,harvest,harvest,5,196,G5-03,11,9,1111,1113,bunches,11.0,9.0,completed,07:16,14:13,
WO-2025-0130-H-037,2025-01-30,harvest,harvest,5,199,G5-03,10,8,943,799,bunches,10.0,8.0,partial,07:03,12:54,
WO-2025-0130-H-038,2025-01-30,harvest,harvest,6,230,G6-02,13,9,1353,1032,bunches,13.0,9.0,partial,06:54,12:35,
WO-2025-0130-H-039,2025-01-30,harvest,harvest,6,253,G6-03,12,9,1194,963,bunches,12.0,9.0,partial,06:53,12:25,
WO-2025-0130-H-040,2025-01-30,harvest,harvest,6,271,G6-05,10,9,1075,1184,bunches,10.0,9.0,completed,06:47,14:29,
WO-2025-0130-H-041,2025-01-30,harvest,harvest,6,379,G6-05,11,9,1164,1063,bunches,11.0,9.0,completed,06:49,13:17,
WO-2025-0130-H-042,2025-01-30,harvest,harvest,7,289,G7-01,10,7,967,746,bunches,10.0,7.0,partial,07:12,12:57,
WO-2025-0130-H-043,2025-01-30,harvest,harvest,7,298,G7-01,10,9,1039,1004,bunches,10.0,9.0,completed,07:08,14:04,
WO-2025-0130-H-044,2025-01-30,harvest,harvest,7,301,G7-02,7,6,692,617,bunches,7.0,6.0,completed,07:02,13:45,
WO-2025-0130-H-045,2025-01-30,harvest,harvest,7,341,G7-04,6,7,616,708,bunches,6.0,7.0,completed,06:53,14:50,
WO-2025-0130-H-046,2025-01-30,harvest,harvest,7,346,G7-04,11,9,1130,1299,bunches,11.0,9.0,completed,07:00,15:03,
WO-2025-0130-H-047,2025-01-30,harvest,harvest,7,348,G7-04,17,9,1776,1722,bunches,17.0,9.0,completed,06:53,13:37,
WO-2025-0131-H-001,2025-01-31,harvest,harvest,1,12,G1-02,11,9,1081,1078,bunches,11.0,9.0,completed,06:00,14:11,
WO-2025-0131-H-002,2025-01-31,harvest,harvest,1,13,G1-02,11,9,1129,944,bunches,11.0,9.0,partial,06:49,12:45,WO-2025-0202-H-005
WO-2025-0131-H-003,2025-01-31,harvest,harvest,1,18,G1-02,4,4,433,408,bunches,4.0,4.0,completed,07:20,14:26,
WO-2025-0131-H-004,2025-01-31,harvest,harvest,1,34,G1-04,8,7,767,721,bunches,8.0,7.0,completed,07:08,14:08,
WO-2025-0131-H-005,2025-01-31,harvest,harvest,1,38,G1-04,5,5,450,518,bunches,5.0,5.0,completed,07:05,14:00,
WO-2025-0131-H-006,2025-01-31,harvest,harvest,1,39,G1-04,8,8,767,828,bunches,8.0,8.0,completed,07:07,15:10,
WO-2025-0131-H-007,2025-01-31,harvest,harvest,2,45,G2-01,9,8,933,737,bunches,9.0,8.0,partial,07:18,12:58,WO-2025-0202-H-013
WO-2025-0131-H-008,2025-01-31,harvest,harvest,2,46,G2-01,12,9,1169,988,bunches,12.0,9.0,partial,07:13,13:23,
WO-2025-0131-H-009,2025-01-31,harvest,harvest,2,52,G2-02,9,8,922,801,bunches,9.0,8.0,completed,07:19,13:43,
WO-2025-0131-H-010,2025-01-31,harvest,harvest,2,72,G2-04,6,7,603,660,bunches,6.0,7.0,completed,06:51,14:43,
WO-2025-0131-H-011,2025-01-31,harvest,harvest,2,73,G2-04,7,6,690,649,bunches,7.0,6.0,completed,06:58,13:55,
WO-2025-0131-H-012,2025-01-31,harvest,harvest,2,382,G2-04,8,8,816,868,bunches,8.0,8.0,completed,07:02,14:25,
WO-2025-0131-H-013,2025-01-31,harvest,harvest,3,76,G3-01,12,9,1190,1099,bunches,12.0,9.0,completed,07:19,13:39,
WO-2025-0131-H-014,2025-01-31,harvest,harvest,3,81,G3-01,3,3,313,268,bunches,3.0,3.0,completed,07:10,13:11,
WO-2025-0131-H-015,2025-01-31,harvest,harvest,3,99,G3-02,11,9,1063,857,bunches,11.0,9.0,partial,06:49,12:43,
WO-2025-0131-H-016,2025-01-31,harvest,harvest,3,100,G3-02,12,9,1290,1129,bunches,12.0,9.0,completed,06:48,12:49,
WO-2025-0131-H-017,2025-01-31,harvest,harvest,3,104,G3-03,11,8,1052,824,bunches,11.0,8.0,partial,07:20,12:44,WO-2025-0204-H-019
WO-2025-0131-H-018,2025-01-31,harvest,harvest,3,106,G3-03,4,4,409,410,bunches,4.0,4.0,completed,07:04,14:37,
WO-2025-0131-H-019,2025-01-31,harvest,harvest,3,110,G3-03,8,0,879,0,bunches,8.0,0.0,not_started,07:02,,WO-2025-0201-H-030
WO-2025-0131-H-020,2025-01-31,harvest,harvest,3,114,G3-04,7,7,683,729,bunches,7.0,7.0,completed,07:02,14:50,
WO-2025-0131-H-021,2025-01-31,harvest,harvest,4,125,G4-01,3,4,331,380,bunches,3.0,4.0,completed,07:07,15:11,
WO-2025-0131-H-022,2025-01-31,harvest,harvest,4,137,G4-02,22,9,2250,1543,bunches,22.0,9.0,partial,06:57,11:30,
WO-2025-0131-H-023,2025-01-31,harvest,harvest,4,156,G4-04,7,8,753,840,bunches,7.0,8.0,completed,06:55,15:12,
WO-2025-0131-H-024,2025-01-31,harvest,harvest,5,169,G5-01,12,9,1205,1034,bunches,12.0,9.0,completed,07:20,13:36,
WO-2025-0131-H-025,2025-01-31,harvest,harvest,5,197,G5-03,13,9,1295,1326,bunches,13.0,9.0,completed,06:48,14:22,
WO-2025-0131-H-026,2025-01-31,harvest,harvest,6,203,G6-01,17,9,1830,1401,bunches,17.0,9.0,partial,07:21,13:04,
WO-2025-0131-H-027,2025-01-31,harvest,harvest,6,209,G6-01,8,9,756,869,bunches,8.0,9.0,completed,07:20,15:43,
WO-2025-0131-H-028,2025-01-31,harvest,harvest,6,210,G6-01,16,9,1718,1318,bunches,16.0,9.0,partial,07:15,12:26,WO-2025-0205-H-045
WO-2025-0131-H-029,2025-01-31,harvest,harvest,6,265,G6-04,11,8,1147,908,bunches,11.0,8.0,partial,07:01,12:29,WO-2025-0204-H-046
WO-2025-0131-H-030,2025-01-31,harvest,harvest,6,380,G6-05,12,0,1334,0,bunches,12.0,0.0,not_started,06:50,,WO-2025-0201-H-064
WO-2025-0131-H-031,2025-01-31,harvest,harvest,7,290,G7-01,8,7,764,661,bunches,8.0,7.0,completed,07:00,13:38,
WO-2025-0131-H-032,2025-01-31,harvest,harvest,7,299,G7-02,8,9,842,876,bunches,8.0,9.0,completed,07:18,14:46,
WO-2025-0131-H-033,2025-01-31,harvest,harvest,7,303,G7-02,13,9,1306,1077,bunches,13.0,9.0,partial,07:13,13:17,WO-2025-0204-H-050
WO-2025-0131-H-034,2025-01-31,harvest,harvest,7,304,G7-02,12,9,1198,1156,bunches,12.0,9.0,completed,07:09,13:59,
WO-2025-0131-H-035,2025-01-31,harvest,harvest,7,309,G7-02,9,7,907,769,bunches,9.0,7.0,partial,07:03,13:22,
WO-2025-0131-H-036,2025-01-31,harvest,harvest,7,333,G7-03,7,0,714,0,bunches,7.0,0.0,not_started,06:51,,WO-2025-0201-H-073
WO-2025-0201-H-001,2025-02-01,harvest,harvest,1,2,G1-01,5,5,511,460,bunches,5.0,5.0,completed,07:07,13:15,
WO-2025-0201-H-002,2025-02-01,harvest,harvest,1,9,G1-01,5,5,465,509,bunches,5.0,5.0,completed,06:47,14:47,
WO-2025-0201-H-003,2025-02-01,harvest,harvest,1,14,G1-02,11,8,1087,803,bunches,11.0,8.0,partial,07:21,12:50,WO-2025-0204-H-003
WO-2025-0201-H-004,2025-02-01,harvest,harvest,1,16,G1-02,7,5,669,510,bunches,7.0,5.0,partial,07:04,12:52,WO-2025-0204-H-004
WO-2025-0201-H-005,2025-02-01,harvest,harvest,1,20,G1-02,8,7,813,697,bunches,8.0,7.0,completed,07:19,13:10,
WO-2025-0201-H-006,2025-02-01,harvest,harvest,1,21,G1-03,7,7,742,727,bunches,7.0,7.0,completed,06:47,13:58,
WO-2025-0201-H-007,2025-02-01,harvest,harvest,1,23,G1-03,6,6,629,601,bunches,6.0,6.0,completed,06:48,14:02,
WO-2025-0201-H-008,2025-02-01,harvest,harvest,1,28,G1-03,8,9,818,895,bunches,8.0,9.0,completed,07:03,14:37,
WO-2025-0201-H-009,2025-02-01,harvest,harvest,1,30,G1-03,5,5,540,523,bunches,5.0,5.0,completed,06:59,14:10,
WO-2025-0201-H-010,2025-02-01,harvest,harvest,1,32,G1-04,7,6,730,670,bunches,7.0,6.0,completed,07:05,13:26,
WO-2025-0201-H-011,2025-02-01,harvest,harvest,1,33,G1-04,9,7,974,701,bunches,9.0,7.0,partial,06:00,11:50,WO-2025-0205-H-008
WO-2025-0201-H-012,2025-02-01,harvest,harvest,2,41,G2-01,9,9,894,856,bunches,9.0,9.0,completed,06:53,13:39,
WO-2025-0201-H-013,2025-02-01,harvest,harvest,2,42,G2-01,10,8,1006,779,bunches,10.0,8.0,partial,06:57,12:54,WO-2025-0203-H-014
WO-2025-0201-H-014,2025-02-01,harvest,harvest,2,53,G2-02,7,7,740,705,bunches,7.0,7.0,completed,06:58,13:43,
WO-2025-0201-H-015,2025-02-01,harvest,harvest,2,60,G2-03,15,9,1513,1378,bunches,15.0,9.0,completed,07:14,13:29,
WO-2025-0201-H-016,2025-02-01,harvest,harvest,2,63,G2-03,13,9,1293,1233,bunches,13.0,9.0,completed,07:19,14:13,
WO-2025-0201-H-017,2025-02-01,harvest,harvest,2,64,G2-03,5,6,533,613,bunches,5.0,6.0,completed,07:17,15:41,
WO-2025-0201-H-018,2025-02-01,harvest,harvest,2,65,G2-03,5,6,498,569,bunches,5.0,6.0,completed,07:07,15:03,
WO-2025-0201-H-019,2025-02-01,harvest,harvest,2,66,G2-03,14,9,1460,1140,bunches,14.0,9.0,partial,07:05,12:52,
WO-2025-0201-H-020,2025-02-01,harvest,harvest,2,67,G2-03,7,7,703,661,bunches,7.0,7.0,completed,06:57,13:00,
WO-2025-0201-H-021,2025-02-01,harvest,harvest,2,72,G2-04,6,6,653,643,bunches,6.0,6.0,completed,06:50,13:54,
WO-2025-0201-H-022,2025-02-01,harvest,harvest,3,79,G3-01,10,9,974,1039,bunches,10.0,9.0,completed,07:13,14:56,
WO-2025-0201-H-023,2025-02-01,harvest,harvest,3,82,G3-01,3,3,252,254,bunches,3.0,3.0,completed,07:15,14:19,
WO-2025-0201-H-024,2025-02-01,harvest,harvest,3,88,G3-02,13,9,1282,1474,bunches,13.0,9.0,completed,07:14,15:44,
WO-2025-0201-H-025,2025-02-01,harvest,harvest,3,89,G3-02,12,9,1157,921,bunches,12.0,9.0,partial,06:59,12:47,WO-2025-0206-H-024
WO-2025-0201-H-026,2025-02-01,harvest,harvest,3,93,G3-02,14,9,1357,1319,bunches,14.0,9.0,completed,06:53,14:01,
WO-2025-0201-H-027,2025-02-01,harvest,harvest,3,103,G3-03,11,9,1171,991,bunches,11.0,9.0,partial,06:58,12:40,
WO-2025-0201-H-028,2025-02-01,harvest,harvest,3,107,G3-03,18,9,1838,1708,bunches,18.0,9.0,completed,07:11,13:53,
WO-2025-0201-H-029,2025-02-01,harvest,harvest,3,108,G3-03,13,9,1319,1283,bunches,13.0,9.0,completed,07:05,14:10,
WO-2025-0201-H-030,2025-02-01,harvest,harvest,3,110,G3-03,8,9,879,883,bunches,8.0,9.0,completed,07:07,14:30,
WO-2025-0201-H-031,2025-02-01,harvest,harvest,3,111,G3-03,11,9,1080,1150,bunches,11.0,9.0,completed,07:05,15:02,
WO-2025-0201-H-032,2025-02-01,harvest,harvest,3,115,G3-04,13,8,1292,848,bunches,13.0,8.0,partial,06:52,11:48,WO-2025-0206-H-030
WO-2025-0201-H-033,2025-02-01,harvest,harvest,3,116,G3-04,7,7,652,670,bunches,7.0,7.0,completed,07:10,14:32,
WO-2025-0201-H-034,2025-02-01,harvest,harvest,3,370,G3-04,1,1,130,99,bunches,1.0,1.0,partial,07:09,12:49,
WO-2025-0201-H-035,2025-02-01,harvest,harvest,4,127,G4-01,1,1,136,153,bunches,1.0,1.0,completed,06:57,15:02,
WO-2025-0201-H-036,2025-02-01,harvest,harvest,4,130,G4-01,30,9,3245,2940,bunches,30.0,9.0,completed,07:21,13:50,
WO-2025-0201-H-037,2025-02-01,harvest,harvest,4,132,G4-01,21,9,2216,1503,bunches,21.0,9.0,partial,06:54,12:03,WO-2025-0205-H-033
WO-2025-0201-H-038,2025-02-01,harvest,harvest,4,140,G4-02,11,9,1099,1129,bunches,11.0,9.0,completed,06:57,14:17,
WO-2025-0201-H-039,2025-02-01,harvest,harvest,4,145,G4-03,14,9,1451,1511,bunches,14.0,9.0,completed,06:55,14:26,
WO-2025-0201-H-040,2025-02-01,harvest,harvest,4,148,G4-03,17,9,1744,1562,bunches,17.0,9.0,completed,06:55,13:39,
WO-2025-0201-H-041,2025-02-01,harvest,harvest,4,149,G4-03,11,9,1177,1217,bunches,11.0,9.0,completed,07:04,14:30,
WO-2025-0201-H-042,2025-02-01,harvest,harvest,4,155,G4-04,6,6,636,590,bunches,6.0,6.0,completed,06:00,13:28,
WO-2025-0201-H-043,2025-02-01,harvest,harvest,4,163,G4-04,20,9,2093,1795,bunches,20.0,9.0,completed,07:03,13:15,
WO-2025-0201-H-044,2025-02-01,harvest,harvest,4,166,G4-04,10,9,1004,892,bunches,10.0,9.0,completed,06:48,13:08,
WO-2025-0201-H-045,2025-02-01,harvest,harvest,5,168,G5-01,16,9,1679,1522,bunches,16.0,9.0,completed,07:17,14:00,
WO-2025-0201-H-046,2025-02-01,harvest,harvest,5,171,G5-01,18,9,1901,1344,bunches,18.0,9.0,partial,06:54,11:36,WO-2025-0206-H-040
WO-2025-0201-H-047,2025-02-01,harvest,harvest,5,186,G5-02,13,9,1303,1217,bunches,13.0,9.0,completed,06:58,13:28,
WO-2025-0201-H-048,2025-02-01,harvest,harvest,5,187,G5-02,12,9,1267,1133,bunches,12.0,9.0,completed,07:04,13:48,
WO-2025-0201-H-049,2025-02-01,harvest,harvest,5,194,G5-03,19,9,1993,2198,bunches,19.0,9.0,completed,07:06,14:41,
WO-2025-0201-H-050,2025-02-01,harvest,harvest,5,195,G5-03,13,9,1336,1293,bunches,13.0,9.0,completed,07:21,14:05,
WO-2025-0201-H-051,2025-02-01,harvest,harvest,5,200,G5-03,12,9,1209,1181,bunches,12.0,9.0,completed,06:48,13:30,
WO-2025-0201-H-052,2025-02-01,harvest,harvest,5,202,G5-03,13,9,1339,1540,bunches,13.0,9.0,completed,06:49,14:50,
WO-2025-0201-H-053,2025-02-01,harvest,harvest,6,207,G6-01,12,9,1240,1158,bunches,12.0,9.0,completed,06:56,13:49,
WO-2025-0201-H-054,2025-02-01,harvest,harvest,6,211,G6-01,28,9,3100,2674,bunches,28.0,9.0,completed,06:54,12:44,
WO-2025-0201-H-055,2025-02-01,harvest,harvest,6,213,G6-02,15,9,1658,1504,bunches,15.0,9.0,completed,07:04,13:17,
WO-2025-0201-H-056,2025-02-01,harvest,harvest,6,214,G6-02,26,9,2797,2400,bunches,26.0,9.0,completed,06:46,12:46,
WO-2025-0201-H-057,2025-02-01,harvest,harvest,6,222,G6-02,26,9,2501,1953,bunches,26.0,9.0,partial,06:56,12:27,WO-2025-0206-H-049
WO-2025-0201-H-058,2025-02-01,harvest,harvest,6,245,G6-02,13,9,1335,1242,bunches,13.0,9.0,completed,07:20,14:13,
WO-2025-0201-H-059,2025-02-01,harvest,harvest,6,249,G6-03,14,9,1461,1378,bunches,14.0,9.0,completed,07:08,14:17,
WO-2025-0201-H-060,2025-02-01,harvest,harvest,6,250,G6-03,13,9,1330,1524,bunches,13.0,9.0,completed,06:51,14:56,
WO-2025-0201-H-061,2025-02-01,harvest,harvest,6,255,G6-03,11,9,1080,901,bunches,11.0,9.0,partial,07:18,12:59,
WO-2025-0201-H-062,2025-02-01,harvest,harvest,6,262,G6-04,23,9,2240,1480,bunches,23.0,9.0,partial,07:18,12:19,
WO-2025-0201-H-063,2025-02-01,harvest,harvest,6,264,G6-04,12,9,1295,1045,bunches,12.0,9.0,partial,06:47,12:56,
WO-2025-0201-H-064,2025-02-01,harvest,harvest,6,380,G6-05,12,9,1334,1107,bunches,12.0,9.0,partial,06:56,13:08,WO-2025-0206-H-053
WO-2025-0201-H-065,2025-02-01,harvest,harvest,7,296,G7-01,13,9,1335,1296,bunches,13.0,9.0,completed,07:19,14:02,
WO-2025-0201-H-066,2025-02-01,harvest,harvest,7,297,G7-01,11,9,1106,1074,bunches,11.0,9.0,completed,07:17,14:33,
WO-2025-0201-H-067,2025-02-01,harvest,harvest,7,302,G7-02,10,9,997,1146,bunches,10.0,9.0,completed,07:11,15:10,
WO-2025-0201-H-068,2025-02-01,harvest,harvest,7,306,G7-02,11,9,1091,1147,bunches,11.0,9.0,completed,06:46,14:24,
WO-2025-0201-H-069,2025-02-01,harvest,harvest,7,307,G7-02,13,9,1401,1375,bunches,13.0,9.0,completed,06:00,14:19,
WO-2025-0201-H-070,2025-02-01,harvest,harvest,7,310,G7-02,14,9,1416,1507,bunches,14.0,9.0,completed,07:11,14:42,
WO-2025-0201-H-071,2025-02-01,harvest,harvest,7,311,G7-03,14,9,1481,1489,bunches,14.0,9.0,completed,07:16,14:41,
WO-2025-0201-H-072,2025-02-01,harvest,harvest,7,332,G7-03,10,9,1040,1033,bunches,10.0,9.0,completed,06:55,14:16,
WO-2025-0201-H-073,2025-02-01,harvest,harvest,7,333,G7-03,7,7,714,673,bunches,7.0,7.0,completed,06:50,13:39,
WO-2025-0201-H-074,2025-02-01,harvest,harvest,7,334,G7-03,11,9,1150,961,bunches,11.0,9.0,partial,06:58,12:39,
WO-2025-0201-H-075,2025-02-01,harvest,harvest,7,336,G7-03,13,9,1400,1350,bunches,13.0,9.0,completed,07:03,14:12,
WO-2025-0201-H-076,2025-02-01,harvest,harvest,7,337,G7-03,10,9,1003,1153,bunches,10.0,9.0,completed,07:07,15:15,
WO-2025-0201-H-077,2025-02-01,harvest,harvest,7,338,G7-03,9,8,960,840,bunches,9.0,8.0,completed,06:58,12:58,
WO-2025-0201-H-078,2025-02-01,harvest,harvest,7,347,G7-04,13,9,1384,1592,bunches,13.0,9.0,completed,07:09,15:21,
WO-2025-0202-H-001,2025-02-02,harvest,harvest,1,3,G1-01,6,4,555,418,bunches,6.0,4.0,partial,06:48,11:55,WO-2025-0206-H-001
WO-2025-0202-H-002,2025-02-02,harvest,harvest,1,4,G1-01,5,4,510,354,bunches,5.0,4.0,partial,06:54,12:12,WO-2025-0206-H-002
WO-2025-0202-H-003,2025-02-02,harvest,harvest,1,7,G1-01,6,4,606,370,bunches,6.0,4.0,partial,06:50,11:22,WO-2025-0204-H-002
WO-2025-0202-H-004,2025-02-02,harvest,harvest,1,8,G1-01,12,7,1170,746,bunches,12.0,7.0,partial,06:58,11:28,WO-2025-0205-H-001
WO-2025-0202-H-005,2025-02-02,harvest,harvest,1,13,G1-02,8,9,837,899,bunches,8.0,9.0,completed,06:56,14:46,
WO-2025-0202-H-006,2025-02-02,harvest,harvest,1,15,G1-02,7,8,718,796,bunches,7.0,8.0,completed,06:50,14:35,
WO-2025-0202-H-007,2025-02-02,harvest,harvest,1,17,G1-02,6,5,582,531,bunches,6.0,5.0,completed,07:18,13:33,
WO-2025-0202-H-008,2025-02-02,harvest,harvest,1,19,G1-02,8,5,781,556,bunches,8.0,5.0,partial,07:18,12:46,WO-2025-0205-H-003
WO-2025-0202-H-009,2025-02-02,harvest,harvest,1,22,G1-03,10,7,995,755,bunches,10.0,7.0,partial,06:00,12:04,WO-2025-0205-H-006
WO-2025-0202-H-010,2025-02-02,harvest,harvest,1,34,G1-04,9,9,958,916,bunches,9.0,9.0,completed,06:47,13:50,
WO-2025-0202-H-011,2025-02-02,harvest,harvest,1,36,G1-04,7,5,665,464,bunches,7.0,5.0,partial,07:10,12:25,WO-2025-0205-H-011
WO-2025-0202-H-012,2025-02-02,harvest,harvest,1,39,G1-04,13,9,1255,890,bunches,13.0,9.0,partial,06:47,12:07,
WO-2025-0202-H-013,2025-02-02,harvest,harvest,2,45,G2-01,9,9,926,1006,bunches,9.0,9.0,completed,06:52,14:54,
WO-2025-0202-H-014,2025-02-02,harvest,harvest,2,47,G2-01,12,9,1153,1222,bunches,12.0,9.0,completed,06:45,14:43,
WO-2025-0202-H-015,2025-02-02,harvest,harvest,2,49,G2-01,6,6,636,611,bunches,6.0,6.0,completed,07:19,14:13,
WO-2025-0202-H-016,2025-02-02,harvest,harvest,2,55,G2-02,11,9,1081,981,bunches,11.0,9.0,completed,07:06,13:32,
WO-2025-0202-H-017,2025-02-02,harvest,harvest,2,56,G2-02,9,8,880,818,bunches,9.0,8.0,completed,07:13,14:15,
WO-2025-0202-H-018,2025-02-02,harvest,harvest,2,69,G2-04,13,9,1236,1020,bunches,13.0,9.0,partial,06:48,13:01,WO-2025-0206-H-016
WO-2025-0202-H-019,2025-02-02,harvest,harvest,2,74,G2-04,10,9,1081,975,bunches,10.0,9.0,completed,07:06,13:24,
WO-2025-0202-H-020,2025-02-02,harvest,harvest,3,77,G3-01,12,9,1255,1078,bunches,12.0,9.0,completed,07:13,13:44,
WO-2025-0202-H-021,2025-02-02,harvest,harvest,3,78,G3-01,7,7,740,680,bunches,7.0,7.0,completed,06:56,13:36,
WO-2025-0202-H-022,2025-02-02,harvest,harvest,3,83,G3-01,22,9,2287,1777,bunches,22.0,9.0,partial,07:07,12:33,
WO-2025-0202-H-023,2025-02-02,harvest,harvest,3,87,G3-01,13,0,1294,0,bunches,13.0,0.0,not_started,06:49,,WO-2025-0203-H-025
WO-2025-0202-H-024,2025-02-02,harvest,harvest,3,90,G3-02,13,9,1266,1251,bunches,13.0,9.0,completed,06:57,13:46,
WO-2025-0202-H-025,2025-02-02,harvest,harvest,3,92,G3-02,9,8,929,831,bunches,9.0,8.0,completed,07:21,13:27,
WO-2025-0202-H-026,2025-02-02,harvest,harvest,3,94,G3-02,9,9,895,907,bunches,9.0,9.0,completed,07:17,14:47,
WO-2025-0202-H-027,2025-02-02,harvest,harvest,3,102,G3-03,8,8,810,836,bunches,8.0,8.0,completed,06:57,14:35,
WO-2025-0202-H-028,2025-02-02,harvest,harvest,3,109,G3-03,13,9,1329,1288,bunches,13.0,9.0,completed,07:13,13:51,
WO-2025-0202-H-029,2025-02-02,harvest,harvest,3,110,G3-03,11,9,1160,883,bunches,11.0,9.0,partial,07:04,12:55,WO-2025-0206-H-028
WO-2025-0202-H-030,2025-02-02,harvest,harvest,3,117,G3-04,8,4,806,436,bunches,8.0,4.0,partial,07:18,11:06,WO-2025-0207-H-030
WO-2025-0202-H-031,2025-02-02,harvest,harvest,4,138,G4-02,27,9,2880,2221,bunches,27.0,9.0,partial,06:54,12:21,WO-2025-0207-H-033
WO-2025-0202-H-032,2025-02-02,harvest,harvest,4,143,G4-02,22,9,2232,1649,bunches,22.0,9.0,partial,07:12,12:12,WO-2025-0207-H-034
WO-2025-0202-H-033,2025-02-02,harvest,harvest,4,150,G4-03,29,9,2965,1776,bunches,29.0,9.0,partial,07:03,11:44,
WO-2025-0202-H-034,2025-02-02,harvest,harvest,4,158,G4-04,35,9,3566,1693,bunches,35.0,9.0,partial,07:20,10:52,WO-2025-0207-H-036
WO-2025-0202-H-035,2025-02-02,harvest,harvest,5,172,G5-01,17,9,1849,1485,bunches,17.0,9.0,partial,07:04,13:13,
WO-2025-0202-H-036,2025-02-02,harvest,harvest,5,177,G5-01,14,9,1518,989,bunches,14.0,9.0,partial,06:47,11:18,WO-2025-0205-H-038
WO-2025-0202-H-037,2025-02-02,harvest,harvest,5,182,G5-02,14,9,1499,1328,bunches,14.0,9.0,completed,07:05,13:12,
WO-2025-0202-H-038,2025-02-02,harvest,harvest,5,189,G5-02,12,9,1255,1181,bunches,12.0,9.0,completed,07:18,14:04,
WO-2025-0202-H-039,2025-02-02,harvest,harvest,5,192,G5-02,10,9,1023,907,bunches,10.0,9.0,completed,07:18,13:23,
WO-2025-0202-H-040,2025-02-02,harvest,harvest,5,201,G5-03,30,9,2983,1407,bunches,30.0,9.0,partial,07:05,10:35,WO-2025-0206-H-046
WO-2025-0202-H-041,2025-02-02,harvest,harvest,6,204,G6-01,15,9,1548,1447,bunches,15.0,9.0,completed,07:16,14:23,
WO-2025-0202-H-042,2025-02-02,harvest,harvest,6,205,G6-01,13,9,1385,1130,bunches,13.0,9.0,partial,07:00,12:36,WO-2025-0204-H-039
WO-2025-0202-H-043,2025-02-02,harvest,harvest,6,206,G6-01,9,9,984,876,bunches,9.0,9.0,completed,07:15,13:36,
WO-2025-0202-H-044,2025-02-02,harvest,harvest,6,223,G6-02,15,9,1523,1379,bunches,15.0,9.0,completed,07:02,13:43,
WO-2025-0202-H-045,2025-02-02,harvest,harvest,6,246,G6-02,13,9,1294,1285,bunches,13.0,9.0,completed,07:18,14:40,
WO-2025-0202-H-046,2025-02-02,harvest,harvest,6,248,G6-03,16,9,1622,1021,bunches,16.0,9.0,partial,07:19,11:37,WO-2025-0205-H-049
WO-2025-0202-H-047,2025-02-02,harvest,harvest,6,257,G6-03,17,9,1716,1199,bunches,17.0,9.0,partial,06:57,12:13,
WO-2025-0202-H-048,2025-02-02,harvest,harvest,6,259,G6-04,25,9,2533,995,bunches,25.0,9.0,partial,07:01,09:47,
WO-2025-0202-H-049,2025-02-02,harvest,harvest,6,272,G6-05,22,9,2243,1250,bunches,22.0,9.0,partial,06:58,11:09,
WO-2025-0202-H-050,2025-02-02,harvest,harvest,7,291,G7-01,30,9,2967,1789,bunches,30.0,9.0,partial,07:17,12:01,
WO-2025-0202-H-051,2025-02-02,harvest,harvest,7,294,G7-01,11,6,1072,647,bunches,11.0,6.0,partial,07:06,11:22,WO-2025-0207-H-047
WO-2025-0202-H-052,2025-02-02,harvest,harvest,7,300,G7-02,20,9,1977,1201,bunches,20.0,9.0,partial,06:47,11:13,
WO-2025-0202-H-053,2025-02-02,harvest,harvest,7,329,G7-03,16,8,1567,827,bunches,16.0,8.0,partial,07:03,10:28,WO-2025-0207-H-052
WO-2025-0202-H-054,2025-02-02,harvest,harvest,7,339,G7-04,17,9,1729,1466,bunches,17.0,9.0,partial,06:52,13:03,WO-2025-0207-H-054
WO-2025-0202-H-055,2025-02-02,harvest,harvest,7,341,G7-04,12,9,1188,1236,bunches,12.0,9.0,completed,06:56,14:37,
WO-2025-0202-H-056,2025-02-02,harvest,harvest,7,342,G7-04,10,9,1018,931,bunches,10.0,9.0,completed,07:18,13:34,
WO-2025-0202-H-057,2025-02-02,harvest,harvest,7,345,G7-04,10,9,1068,1003,bunches,10.0,9.0,completed,06:53,13:44,
WO-2025-0203-H-001,2025-02-03,harvest,harvest,1,1,G1-01,2,2,229,205,bunches,2.0,2.0,completed,06:51,13:25,
WO-2025-0203-H-002,2025-02-03,harvest,harvest,1,5,G1-01,3,2,306,249,bunches,3.0,2.0,partial,07:17,13:27,WO-2025-0207-H-001
WO-2025-0203-H-003,2025-02-03,harvest,harvest,1,6,G1-01,4,3,393,315,bunches,4.0,3.0,partial,07:15,13:21,WO-2025-0208-H-004
WO-2025-0203-H-004,2025-02-03,harvest,harvest,1,9,G1-01,5,5,501,509,bunches,5.0,5.0,completed,07:13,14:52,
WO-2025-0203-H-005,2025-02-03,harvest,harvest,1,10,G1-01,11,9,1094,917,bunches,11.0,9.0,partial,06:56,12:35,WO-2025-0207-H-004
WO-2025-0203-H-006,2025-02-03,harvest,harvest,1,11,G1-02,9,9,908,919,bunches,9.0,9.0,completed,07:20,14:15,
WO-2025-0203-H-007,2025-02-03,harvest,harvest,1,12,G1-02,9,7,896,768,bunches,9.0,7.0,completed,06:58,13:22,
WO-2025-0203-H-008,2025-02-03,harvest,harvest,1,18,G1-02,4,5,423,475,bunches,4.0,5.0,completed,06:52,14:48,
WO-2025-0203-H-009,2025-02-03,harvest,harvest,1,26,G1-03,7,8,751,784,bunches,7.0,8.0,completed,07:10,14:20,
WO-2025-0203-H-010,2025-02-03,harvest,harvest,1,29,G1-03,8,7,865,689,bunches,8.0,7.0,partial,07:19,12:43,WO-2025-0208-H-011
WO-2025-0203-H-011,2025-02-03,harvest,harvest,1,31,G1-04,7,6,760,642,bunches,7.0,6.0,partial,06:51,12:35,WO-2025-0207-H-010
WO-2025-0203-H-012,2025-02-03,harvest,harvest,1,35,G1-04,9,7,929,761,bunches,9.0,7.0,partial,07:14,12:51,WO-2025-0205-H-010
WO-2025-0203-H-013,2025-02-03,harvest,harvest,2,40,G2-01,16,9,1657,1212,bunches,16.0,9.0,partial,07:10,12:39,
WO-2025-0203-H-014,2025-02-03,harvest,harvest,2,42,G2-01,9,8,952,779,bunches,9.0,8.0,partial,06:56,13:06,WO-2025-0205-H-012
WO-2025-0203-H-015,2025-02-03,harvest,harvest,2,50,G2-02,7,7,727,665,bunches,7.0,7.0,completed,07:19,13:37,
WO-2025-0203-H-016,2025-02-03,harvest,harvest,2,51,G2-02,8,8,842,781,bunches,8.0,8.0,completed,07:11,13:34,
WO-2025-0203-H-017,2025-02-03,harvest,harvest,2,58,G2-02,9,9,962,927,bunches,9.0,9.0,completed,07:16,13:52,
WO-2025-0203-H-018,2025-02-03,harvest,harvest,2,59,G2-03,15,9,1453,1005,bunches,15.0,9.0,partial,07:14,12:06,WO-2025-0208-H-019
WO-2025-0203-H-019,2025-02-03,harvest,harvest,2,70,G2-04,8,7,787,718,bunches,8.0,7.0,completed,07:17,13:54,
WO-2025-0203-H-020,2025-02-03,harvest,harvest,2,71,G2-04,8,7,838,669,bunches,8.0,7.0,partial,06:57,12:39,WO-2025-0206-H-017
WO-2025-0203-H-021,2025-02-03,harvest,harvest,2,382,G2-04,11,9,1179,1058,bunches,11.0,9.0,completed,07:13,13:37,
WO-2025-0203-H-022,2025-02-03,harvest,harvest,3,75,G3-01,13,9,1316,1354,bunches,13.0,9.0,completed,07:19,14:31,
WO-2025-0203-H-023,2025-02-03,harvest,harvest,3,80,G3-01,6,7,538,619,bunches,6.0,7.0,completed,07:13,15:09,
WO-2025-0203-H-024,2025-02-03,harvest,harvest,3,85,G3-01,12,9,1268,998,bunches,12.0,9.0,partial,06:58,12:00,WO-2025-0206-H-023
WO-2025-0203-H-025,2025-02-03,harvest,harvest,3,87,G3-01,13,9,1294,1073,bunches,13.0,9.0,partial,07:00,13:15,WO-2025-0207-H-019
WO-2025-0203-H-026,2025-02-03,harvest,harvest,3,91,G3-02,9,9,905,866,bunches,9.0,9.0,completed,07:09,13:45,
WO-2025-0203-H-027,2025-02-03,harvest,harvest,3,100,G3-02,11,9,1153,1125,bunches,11.0,9.0,completed,07:19,14:23,
WO-2025-0203-H-028,2025-02-03,harvest,harvest,3,101,G3-03,13,9,1321,1148,bunches,13.0,9.0,completed,06:49,12:50,
WO-2025-0203-H-029,2025-02-03,harvest,harvest,3,111,G3-03,12,9,1184,1150,bunches,12.0,9.0,completed,07:12,13:56,
WO-2025-0203-H-030,2025-02-03,harvest,harvest,3,114,G3-04,7,6,667,579,bunches,7.0,6.0,completed,07:09,13:03,
WO-2025-0203-H-031,2025-02-03,harvest,harvest,3,369,G3-04,3,2,371,257,bunches,3.0,2.0,partial,07:16,11:53,
WO-2025-0203-H-032,2025-02-03,harvest,harvest,4,129,G4-01,10,0,1022,0,bunches,10.0,0.0,not_started,06:49,,WO-2025-0204-H-024
WO-2025-0203-H-033,2025-02-03,harvest,harvest,4,131,G4-01,15,9,1587,1523,bunches,15.0,9.0,completed,07:06,13:45,
WO-2025-0203-H-034,2025-02-03,harvest,harvest,4,133,G4-02,14,9,1522,1628,bunches,14.0,9.0,completed,07:01,14:32,
WO-2025-0203-H-035,2025-02-03,harvest,harvest,4,134,G4-02,12,9,1291,1290,bunches,12.0,9.0,completed,06:57,14:27,
WO-2025-0203-H-036,2025-02-03,harvest,harvest,4,136,G4-02,19,9,2049,1736,bunches,19.0,9.0,partial,06:53,13:09,
WO-2025-0203-H-037,2025-02-03,harvest,harvest,4,142,G4-02,12,9,1302,1181,bunches,12.0,9.0,completed,06:52,13:37,
WO-2025-0203-H-038,2025-02-03,harvest,harvest,4,154,G4-03,4,3,441,337,bunches,4.0,3.0,partial,07:18,12:56,
WO-2025-0203-H-039,2025-02-03,harvest,harvest,4,157,G4-04,11,9,1113,1160,bunches,11.0,9.0,completed,07:05,14:56,
WO-2025-0203-H-040,2025-02-03,harvest,harvest,4,159,G4-04,13,9,1392,1601,bunches,13.0,9.0,completed,07:07,15:27,
WO-2025-0203-H-041,2025-02-03,harvest,harvest,5,169,G5-01,12,9,1188,1122,bunches,12.0,9.0,completed,07:11,14:22,
WO-2025-0203-H-042,2025-02-03,harvest,harvest,5,176,G5-01,10,9,1081,1047,bunches,10.0,9.0,completed,06:53,13:44,
WO-2025-0203-H-043,2025-02-03,harvest,harvest,5,180,G5-02,17,9,1766,1701,bunches,17.0,9.0,completed,06:56,13:47,
WO-2025-0203-H-044,2025-02-03,harvest,harvest,5,196,G5-03,15,9,1550,1544,bunches,15.0,9.0,completed,07:03,13:56,
WO-2025-0203-H-045,2025-02-03,harvest,harvest,6,215,G6-02,18,9,1875,1817,bunches,18.0,9.0,completed,07:02,14:09,
WO-2025-0203-H-046,2025-02-03,harvest,harvest,6,256,G6-03,14,9,1391,1375,bunches,14.0,9.0,completed,07:07,14:37,
WO-2025-0203-H-047,2025-02-03,harvest,harvest,6,268,G6-05,17,9,1795,1235,bunches,17.0,9.0,partial,06:50,11:46,
WO-2025-0203-H-048,2025-02-03,harvest,harvest,7,292,G7-01,8,9,792,894,bunches,8.0,9.0,completed,07:11,15:31,
WO-2025-0203-H-049,2025-02-03,harvest,harvest,7,293,G7-01,13,9,1284,1103,bunches,13.0,9.0,completed,07:11,13:45,
WO-2025-0203-H-050,2025-02-03,harvest,harvest,7,295,G7-01,6,6,566,651,bunches,6.0,6.0,completed,07:07,15:37,
WO-2025-0203-H-051,2025-02-03,harvest,harvest,7,299,G7-02,14,0,1406,0,bunches,14.0,0.0,not_started,07:11,,WO-2025-0204-H-049
WO-2025-0203-H-052,2025-02-03,harvest,harvest,7,305,G7-02,14,9,1425,1285,bunches,14.0,9.0,completed,07:19,14:08,
WO-2025-0203-H-053,2025-02-03,harvest,harvest,7,331,G7-03,11,9,1049,1082,bunches,11.0,9.0,completed,06:54,14:39,
WO-2025-0203-H-054,2025-02-03,harvest,harvest,7,340,G7-04,8,9,835,888,bunches,8.0,9.0,completed,07:01,14:53,
WO-2025-0203-H-055,2025-02-03,harvest,harvest,7,346,G7-04,8,9,884,1017,bunches,8.0,9.0,completed,07:18,15:11,
WO-2025-0204-H-001,2025-02-04,harvest,harvest,1,2,G1-01,5,5,510,460,bunches,5.0,5.0,completed,07:01,13:33,
WO-2025-0204-H-002,2025-02-04,harvest,harvest,1,7,G1-01,5,4,473,370,bunches,5.0,4.0,partial,06:58,12:52,WO-2025-0208-H-005
WO-2025-0204-H-003,2025-02-04,harvest,harvest,1,14,G1-02,10,8,997,803,bunches,10.0,8.0,partial,07:02,12:27,WO-2025-0207-H-005
WO-2025-0204-H-004,2025-02-04,harvest,harvest,1,16,G1-02,6,5,601,510,bunches,6.0,5.0,partial,06:57,13:04,
WO-2025-0204-H-005,2025-02-04,harvest,harvest,1,23,G1-03,6,6,630,601,bunches,6.0,6.0,completed,07:17,14:06,
WO-2025-0204-H-006,2025-02-04,harvest,harvest,1,24,G1-03,9,8,888,829,bunches,9.0,8.0,completed,06:58,13:42,
WO-2025-0204-H-007,2025-02-04,harvest,harvest,1,27,G1-03,9,8,929,785,bunches,9.0,8.0,partial,07:03,13:16,WO-2025-0209-H-008
WO-2025-0204-H-008,2025-02-04,harvest,harvest,1,37,G1-04,6,6,626,626,bunches,6.0,6.0,completed,07:19,14:37,
WO-2025-0204-H-009,2025-02-04,harvest,harvest,1,38,G1-04,8,7,846,650,bunches,8.0,7.0,partial,06:50,12:24,WO-2025-0206-H-009
WO-2025-0204-H-010,2025-02-04,harvest,harvest,2,43,G2-01,9,9,871,1002,bunches,9.0,9.0,completed,07:10,15:39,
WO-2025-0204-H-011,2025-02-04,harvest,harvest,2,53,G2-02,8,7,811,705,bunches,8.0,7.0,completed,07:01,13:27,
WO-2025-0204-H-012,2025-02-04,harvest,harvest,2,54,G2-02,5,6,475,543,bunches,5.0,6.0,completed,07:19,15:22,
WO-2025-0204-H-013,2025-02-04,harvest,harvest,2,57,G2-02,11,9,1078,1066,bunches,11.0,9.0,completed,07:11,14:25,
WO-2025-0204-H-014,2025-02-04,harvest,harvest,2,62,G2-03,8,8,870,822,bunches,8.0,8.0,completed,06:54,13:51,
WO-2025-0204-H-015,2025-02-04,harvest,harvest,2,67,G2-03,7,7,682,661,bunches,7.0,7.0,completed,07:05,13:54,
WO-2025-0204-H-016,2025-02-04,harvest,harvest,3,84,G3-01,16,9,1628,1643,bunches,16.0,9.0,completed,07:11,14:08,
WO-2025-0204-H-017,2025-02-04,harvest,harvest,3,95,G3-02,15,9,1504,1234,bunches,15.0,9.0,partial,07:11,13:23,WO-2025-0207-H-021
WO-2025-0204-H-018,2025-02-04,harvest,harvest,3,96,G3-02,11,9,1079,1107,bunches,11.0,9.0,completed,07:18,15:04,
WO-2025-0204-H-019,2025-02-04,harvest,harvest,3,104,G3-03,12,9,1153,1100,bunches,12.0,9.0,completed,07:13,13:53,
WO-2025-0204-H-020,2025-02-04,harvest,harvest,3,106,G3-03,7,7,716,655,bunches,7.0,7.0,completed,06:48,13:34,
WO-2025-0204-H-021,2025-02-04,harvest,harvest,3,109,G3-03,13,9,1349,1288,bunches,13.0,9.0,completed,07:03,13:49,
WO-2025-0204-H-022,2025-02-04,harvest,harvest,3,112,G3-03,11,9,1118,939,bunches,11.0,9.0,partial,06:56,13:12,WO-2025-0208-H-032
WO-2025-0204-H-023,2025-02-04,harvest,harvest,4,122,G4-01,8,7,860,777,bunches,8.0,7.0,completed,06:47,13:10,
WO-2025-0204-H-024,2025-02-04,harvest,harvest,4,129,G4-01,10,9,1022,1147,bunches,10.0,9.0,completed,07:05,15:26,
WO-2025-0204-H-025,2025-02-04,harvest,harvest,4,135,G4-02,13,9,1364,1336,bunches,13.0,9.0,completed,06:45,13:27,
WO-2025-0204-H-026,2025-02-04,harvest,harvest,4,139,G4-02,13,9,1441,1494,bunches,13.0,9.0,completed,06:56,14:18,
WO-2025-0204-H-027,2025-02-04,harvest,harvest,4,140,G4-02,11,9,1178,1129,bunches,11.0,9.0,completed,07:05,13:51,
WO-2025-0204-H-028,2025-02-04,harvest,harvest,4,146,G4-03,19,9,2101,1655,bunches,19.0,9.0,partial,07:01,12:21,
WO-2025-0204-H-029,2025-02-04,harvest,harvest,4,152,G4-03,15,9,1552,1213,bunches,15.0,9.0,partial,06:55,12:18,WO-2025-0209-H-035
WO-2025-0204-H-030,2025-02-04,harvest,harvest,5,170,G5-01,12,9,1218,977,bunches,12.0,9.0,partial,07:10,13:12,
WO-2025-0204-H-031,2025-02-04,harvest,harvest,5,174,G5-01,3,3,286,329,bunches,3.0,3.0,completed,06:58,15:28,
WO-2025-0204-H-032,2025-02-04,harvest,harvest,5,177,G5-01,9,0,996,0,bunches,9.0,0.0,not_started,07:02,,WO-2025-0205-H-038
WO-2025-0204-H-033,2025-02-04,harvest,harvest,5,178,G5-01,16,9,1700,1710,bunches,16.0,9.0,completed,07:11,14:39,
WO-2025-0204-H-034,2025-02-04,harvest,harvest,5,187,G5-02,11,9,1131,1133,bunches,11.0,9.0,completed,06:45,13:50,
WO-2025-0204-H-035,2025-02-04,harvest,harvest,5,188,G5-02,10,9,988,1031,bunches,10.0,9.0,completed,07:03,14:27,
WO-2025-0204-H-036,2025-02-04,harvest,harvest,5,190,G5-02,18,9,1913,1737,bunches,18.0,9.0,completed,06:52,13:39,
WO-2025-0204-H-037,2025-02-04,harvest,harvest,5,193,G5-03,18,9,1843,1619,bunches,18.0,9.0,completed,07:00,13:10,
WO-2025-0204-H-038,2025-02-04,harvest,harvest,5,197,G5-03,17,9,1799,1692,bunches,17.0,9.0,completed,06:52,13:49,
WO-2025-0204-H-039,2025-02-04,harvest,harvest,6,205,G6-01,12,9,1249,1130,bunches,12.0,9.0,completed,07:20,13:54,
WO-2025-0204-H-040,2025-02-04,harvest,harvest,6,207,G6-01,14,9,1462,1158,bunches,14.0,9.0,partial,07:12,12:56,WO-2025-0206-H-048
WO-2025-0204-H-041,2025-02-04,harvest,harvest,6,213,G6-02,14,9,1498,1504,bunches,14.0,9.0,completed,07:19,14:39,
WO-2025-0204-H-042,2025-02-04,harvest,harvest,6,216,G6-02,15,9,1580,1630,bunches,15.0,9.0,completed,06:46,14:31,
WO-2025-0204-H-043,2025-02-04,harvest,harvest,6,251,G6-03,12,9,1254,1173,bunches,12.0,9.0,completed,07:06,13:45,
WO-2025-0204-H-044,2025-02-04,harvest,harvest,6,254,G6-03,15,9,1528,1590,bunches,15.0,9.0,completed,06:50,14:22,
WO-2025-0204-H-045,2025-02-04,harvest,harvest,6,261,G6-04,19,9,1856,1592,bunches,19.0,9.0,completed,07:16,13:31,
WO-2025-0204-H-046,2025-02-04,harvest,harvest,6,265,G6-04,14,9,1518,1323,bunches,14.0,9.0,completed,07:11,13:31,
WO-2025-0204-H-047,2025-02-04,harvest,harvest,6,269,G6-05,13,0,1364,0,bunches,13.0,0.0,not_started,07:18,,WO-2025-0205-H-053
WO-2025-0204-H-048,2025-02-04,harvest,harvest,6,379,G6-05,18,9,1824,1526,bunches,18.0,9.0,partial,06:49,12:36,
WO-2025-0204-H-049,2025-02-04,harvest,harvest,7,299,G7-02,14,9,1406,1249,bunches,14.0,9.0,completed,06:57,13:19,
WO-2025-0204-H-050,2025-02-04,harvest,harvest,7,303,G7-02,9,8,918,764,bunches,9.0,8.0,partial,07:16,13:25,WO-2025-0208-H-056
WO-2025-0204-H-051,2025-02-04,harvest,harvest,7,304,G7-02,14,9,1432,1260,bunches,14.0,9.0,completed,07:10,13:43,
WO-2025-0204-H-052,2025-02-04,harvest,harvest,7,308,G7-02,8,8,868,808,bunches,8.0,8.0,completed,06:46,13:13,
WO-2025-0204-H-053,2025-02-04,harvest,harvest,7,328,G7-03,13,9,1299,948,bunches,13.0,9.0,partial,06:47,12:11,WO-2025-0207-H-051
WO-2025-0204-H-054,2025-02-04,harvest,harvest,7,330,G7-03,10,9,1031,1005,bunches,10.0,9.0,completed,07:07,14:25,
WO-2025-0204-H-055,2025-02-04,harvest,harvest,7,344,G7-04,9,9,1006,1157,bunches,9.0,9.0,completed,07:03,14:59,
WO-2025-0205-H-001,2025-02-05,harvest,harvest,1,8,G1-01,9,7,901,746,bunches,9.0,7.0,partial,07:17,13:29,WO-2025-0207-H-002
WO-2025-0205-H-002,2025-02-05,harvest,harvest,1,13,G1-02,11,9,1100,899,bunches,11.0,9.0,partial,07:20,13:22,WO-2025-0210-H-002
WO-2025-0205-H-003,2025-02-05,harvest,harvest,1,19,G1-02,8,5,754,556,bunches,8.0,5.0,partial,07:16,12:34,WO-2025-0209-H-005
WO-2025-0205-H-004,2025-02-05,harvest,harvest,1,20,G1-02,10,7,976,697,bunches,10.0,7.0,partial,06:51,11:48,WO-2025-0207-H-007
WO-2025-0205-H-005,2025-02-05,harvest,harvest,1,21,G1-03,7,7,703,727,bunches,7.0,7.0,completed,07:13,14:34,
WO-2025-0205-H-006,2025-02-05,harvest,harvest,1,22,G1-03,9,7,910,755,bunches,9.0,7.0,partial,06:56,12:35,WO-2025-0209-H-006
WO-2025-0205-H-007,2025-02-05,harvest,harvest,1,30,G1-03,5,5,545,523,bunches,5.0,5.0,completed,07:11,14:14,
WO-2025-0205-H-008,2025-02-05,harvest,harvest,1,33,G1-04,8,7,872,701,bunches,8.0,7.0,partial,07:04,12:43,WO-2025-0209-H-009
WO-2025-0205-H-009,2025-02-05,harvest,harvest,1,34,G1-04,8,9,797,916,bunches,8.0,9.0,completed,07:13,15:40,
WO-2025-0205-H-010,2025-02-05,harvest,harvest,1,35,G1-04,8,7,822,761,bunches,8.0,7.0,completed,07:21,14:03,
WO-2025-0205-H-011,2025-02-05,harvest,harvest,1,36,G1-04,5,5,497,464,bunches,5.0,5.0,completed,06:46,13:23,
WO-2025-0205-H-012,2025-02-05,harvest,harvest,2,42,G2-01,8,8,805,779,bunches,8.0,8.0,completed,07:04,13:52,
WO-2025-0205-H-013,2025-02-05,harvest,harvest,2,44,G2-01,10,9,966,957,bunches,10.0,9.0,completed,06:50,14:16,
WO-2025-0205-H-014,2025-02-05,harvest,harvest,2,47,G2-01,15,9,1457,1222,bunches,15.0,9.0,partial,06:50,13:10,
WO-2025-0205-H-015,2025-02-05,harvest,harvest,2,49,G2-01,7,6,713,611,bunches,7.0,6.0,completed,07:06,13:40,
WO-2025-0205-H-016,2025-02-05,harvest,harvest,2,60,G2-03,13,9,1308,1378,bunches,13.0,9.0,completed,07:04,14:16,
WO-2025-0205-H-017,2025-02-05,harvest,harvest,2,63,G2-03,13,9,1305,1233,bunches,13.0,9.0,completed,07:03,13:42,
WO-2025-0205-H-018,2025-02-05,harvest,harvest,2,64,G2-03,7,6,659,613,bunches,7.0,6.0,completed,07:13,13:44,
WO-2025-0205-H-019,2025-02-05,harvest,harvest,2,72,G2-04,9,6,939,643,bunches,9.0,6.0,partial,07:10,12:26,WO-2025-0210-H-013
WO-2025-0205-H-020,2025-02-05,harvest,harvest,3,76,G3-01,14,9,1438,1191,bunches,14.0,9.0,partial,07:15,13:24,WO-2025-0207-H-018
WO-2025-0205-H-021,2025-02-05,harvest,harvest,3,81,G3-01,4,4,385,349,bunches,4.0,4.0,completed,07:20,13:48,
WO-2025-0205-H-022,2025-02-05,harvest,harvest,3,86,G3-01,17,9,1689,1501,bunches,17.0,9.0,completed,06:48,13:34,
WO-2025-0205-H-023,2025-02-05,harvest,harvest,3,93,G3-02,14,9,1371,1319,bunches,14.0,9.0,completed,07:05,13:58,
WO-2025-0205-H-024,2025-02-05,harvest,harvest,3,97,G3-02,13,9,1315,1281,bunches,13.0,9.0,completed,06:47,13:39,
WO-2025-0205-H-025,2025-02-05,harvest,harvest,3,98,G3-02,13,9,1319,1262,bunches,13.0,9.0,completed,06:48,13:24,
WO-2025-0205-H-026,2025-02-05,harvest,harvest,3,108,G3-03,13,9,1329,1283,bunches,13.0,9.0,completed,06:54,14:06,
WO-2025-0205-H-027,2025-02-05,harvest,harvest,3,111,G3-03,11,9,1116,1150,bunches,11.0,9.0,completed,07:17,14:43,
WO-2025-0205-H-028,2025-02-05,harvest,harvest,3,118,G3-04,4,4,405,406,bunches,4.0,4.0,completed,07:15,14:47,
WO-2025-0205-H-029,2025-02-05,harvest,harvest,3,121,G3-04,3,3,343,335,bunches,3.0,3.0,completed,07:05,14:25,
WO-2025-0205-H-030,2025-02-05,harvest,harvest,4,124,G4-01,7,6,774,618,bunches,7.0,6.0,partial,06:54,12:57,
WO-2025-0205-H-031,2025-02-05,harvest,harvest,4,126,G4-01,2,2,190,210,bunches,2.0,2.0,completed,06:45,15:07,
WO-2025-0205-H-032,2025-02-05,harvest,harvest,4,128,G4-01,17,9,1852,1745,bunches,17.0,9.0,completed,06:47,13:41,
WO-2025-0205-H-033,2025-02-05,harvest,harvest,4,132,G4-01,15,9,1633,1503,bunches,15.0,9.0,completed,06:58,13:23,
WO-2025-0205-H-034,2025-02-05,harvest,harvest,4,144,G4-03,12,9,1183,1125,bunches,12.0,9.0,completed,07:13,14:13,
WO-2025-0205-H-035,2025-02-05,harvest,harvest,4,149,G4-03,13,9,1379,1217,bunches,13.0,9.0,completed,07:03,13:17,
WO-2025-0205-H-036,2025-02-05,harvest,harvest,4,151,G4-03,11,9,1178,981,bunches,11.0,9.0,partial,07:14,13:22,WO-2025-0210-H-025
WO-2025-0205-H-037,2025-02-05,harvest,harvest,5,168,G5-01,14,9,1493,1522,bunches,14.0,9.0,completed,06:45,14:06,
WO-2025-0205-H-038,2025-02-05,harvest,harvest,5,177,G5-01,9,9,996,989,bunches,9.0,9.0,completed,06:49,14:20,
WO-2025-0205-H-039,2025-02-05,harvest,harvest,5,179,G5-01,14,9,1511,1340,bunches,14.0,9.0,completed,06:50,12:57,
WO-2025-0205-H-040,2025-02-05,harvest,harvest,5,181,G5-02,17,9,1817,1598,bunches,17.0,9.0,completed,07:15,13:19,
WO-2025-0205-H-041,2025-02-05,harvest,harvest,5,182,G5-02,13,9,1372,1328,bunches,13.0,9.0,completed,07:04,14:15,
WO-2025-0205-H-042,2025-02-05,harvest,harvest,5,185,G5-02,10,9,1035,1154,bunches,10.0,9.0,completed,07:06,15:21,
WO-2025-0205-H-043,2025-02-05,harvest,harvest,5,202,G5-03,15,9,1470,1540,bunches,15.0,9.0,completed,07:05,14:40,
WO-2025-0205-H-044,2025-02-05,harvest,harvest,6,208,G6-01,13,9,1371,1114,bunches,13.0,9.0,partial,07:01,13:10,WO-2025-0209-H-046
WO-2025-0205-H-045,2025-02-05,harvest,harvest,6,210,G6-01,16,9,1803,1469,bunches,16.0,9.0,partial,06:54,12:55,WO-2025-0210-H-035
WO-2025-0205-H-046,2025-02-05,harvest,harvest,6,212,G6-01,22,9,2370,2351,bunches,22.0,9.0,completed,06:56,14:12,
WO-2025-0205-H-047,2025-02-05,harvest,harvest,6,230,G6-02,14,9,1483,1706,bunches,14.0,9.0,completed,06:53,15:02,
WO-2025-0205-H-048,2025-02-05,harvest,harvest,6,247,G6-02,9,9,938,899,bunches,9.0,9.0,completed,07:11,14:05,
WO-2025-0205-H-049,2025-02-05,harvest,harvest,6,248,G6-03,12,9,1201,1021,bunches,12.0,9.0,completed,06:55,13:03,
WO-2025-0205-H-050,2025-02-05,harvest,harvest,6,253,G6-03,23,9,2302,1725,bunches,23.0,9.0,partial,07:20,12:30,
WO-2025-0205-H-051,2025-02-05,harvest,harvest,6,263,G6-04,14,9,1365,1440,bunches,14.0,9.0,completed,07:05,14:33,
WO-2025-0205-H-052,2025-02-05,harvest,harvest,6,266,G6-04,15,9,1595,1444,bunches,15.0,9.0,completed,07:13,13:51,
WO-2025-0205-H-053,2025-02-05,harvest,harvest,6,269,G6-05,13,9,1364,1137,bunches,13.0,9.0,partial,07:20,13:15,WO-2025-0208-H-052
WO-2025-0205-H-054,2025-02-05,harvest,harvest,6,271,G6-05,17,9,1805,1689,bunches,17.0,9.0,completed,06:54,13:40,
WO-2025-0205-H-055,2025-02-05,harvest,harvest,7,288,G7-01,6,7,615,685,bunches,6.0,7.0,completed,07:02,14:43,
WO-2025-0205-H-056,2025-02-05,harvest,harvest,7,289,G7-01,8,7,816,707,bunches,8.0,7.0,completed,07:12,13:50,
WO-2025-0205-H-057,2025-02-05,harvest,harvest,7,296,G7-01,12,9,1173,1296,bunches,12.0,9.0,completed,07:12,15:33,
WO-2025-0205-H-058,2025-02-05,harvest,harvest,7,297,G7-01,11,9,1105,1074,bunches,11.0,9.0,completed,06:49,13:31,
WO-2025-0205-H-059,2025-02-05,harvest,harvest,7,306,G7-02,12,9,1160,1147,bunches,12.0,9.0,completed,06:50,14:01,
WO-2025-0205-H-060,2025-02-05,harvest,harvest,7,335,G7-03,8,9,823,936,bunches,8.0,9.0,completed,07:17,15:15,
WO-2025-0205-H-061,2025-02-05,harvest,harvest,7,337,G7-03,11,9,1066,1153,bunches,11.0,9.0,completed,07:08,15:10,
WO-2025-0205-H-062,2025-02-05,harvest,harvest,7,338,G7-03,10,8,983,840,bunches,10.0,8.0,completed,07:15,13:23,
WO-2025-0206-H-001,2025-02-06,harvest,harvest,1,3,G1-01,6,4,547,418,bunches,6.0,4.0,partial,07:01,12:17,WO-2025-0209-H-001
WO-2025-0206-H-002,2025-02-06,harvest,harvest,1,4,G1-01,4,4,432,354,bunches,4.0,4.0,partial,06:47,12:43,WO-2025-0208-H-003
WO-2025-0206-H-003,2025-02-06,harvest,harvest,1,11,G1-02,8,9,825,919,bunches,8.0,9.0,completed,06:54,15:06,
WO-2025-0206-H-004,2025-02-06,harvest,harvest,1,12,G1-02,7,7,668,768,bunches,7.0,7.0,completed,06:59,15:12,
WO-2025-0206-H-005,2025-02-06,harvest,harvest,1,15,G1-02,8,8,826,796,bunches,8.0,8.0,completed,07:15,14:23,
WO-2025-0206-H-006,2025-02-06,harvest,harvest,1,17,G1-02,5,5,513,531,bunches,5.0,5.0,completed,07:17,14:42,
WO-2025-0206-H-007,2025-02-06,harvest,harvest,1,24,G1-03,8,8,852,829,bunches,8.0,8.0,completed,07:00,13:59,
WO-2025-0206-H-008,2025-02-06,harvest,harvest,1,25,G1-03,8,8,837,802,bunches,8.0,8.0,completed,07:04,13:52,
WO-2025-0206-H-009,2025-02-06,harvest,harvest,1,38,G1-04,7,7,697,650,bunches,7.0,7.0,completed,07:17,13:44,
WO-2025-0206-H-010,2025-02-06,harvest,harvest,2,41,G2-01,11,9,1081,856,bunches,11.0,9.0,partial,07:10,12:42,WO-2025-0211-H-014
WO-2025-0206-H-011,2025-02-06,harvest,harvest,2,43,G2-01,10,9,988,1002,bunches,10.0,9.0,completed,07:09,14:20,
WO-2025-0206-H-012,2025-02-06,harvest,harvest,2,50,G2-02,7,7,662,665,bunches,7.0,7.0,completed,07:18,14:25,
WO-2025-0206-H-013,2025-02-06,harvest,harvest,2,53,G2-02,7,7,761,705,bunches,7.0,7.0,completed,07:18,13:58,
WO-2025-0206-H-014,2025-02-06,harvest,harvest,2,55,G2-02,9,9,909,981,bunches,9.0,9.0,completed,06:57,15:04,
WO-2025-0206-H-015,2025-02-06,harvest,harvest,2,68,G2-03,12,9,1171,1126,bunches,12.0,9.0,completed,06:50,13:36,
WO-2025-0206-H-016,2025-02-06,harvest,harvest,2,69,G2-04,10,9,995,1020,bunches,10.0,9.0,completed,06:53,14:39,
WO-2025-0206-H-017,2025-02-06,harvest,harvest,2,71,G2-04,7,7,717,669,bunches,7.0,7.0,completed,07:10,13:49,
WO-2025-0206-H-018,2025-02-06,harvest,harvest,2,73,G2-04,14,9,1419,1302,bunches,14.0,9.0,completed,06:53,13:13,
WO-2025-0206-H-019,2025-02-06,harvest,harvest,2,382,G2-04,9,9,983,1058,bunches,9.0,9.0,completed,06:55,14:34,
WO-2025-0206-H-020,2025-02-06,harvest,harvest,3,75,G3-01,12,9,1287,1354,bunches,12.0,9.0,completed,06:56,14:19,
WO-2025-0206-H-021,2025-02-06,harvest,harvest,3,77,G3-01,10,9,1013,1078,bunches,10.0,9.0,completed,06:52,14:29,
WO-2025-0206-H-022,2025-02-06,harvest,harvest,3,78,G3-01,8,7,756,680,bunches,8.0,7.0,completed,06:49,13:34,
WO-2025-0206-H-023,2025-02-06,harvest,harvest,3,85,G3-01,10,9,1038,998,bunches,10.0,9.0,completed,06:46,13:22,
WO-2025-0206-H-024,2025-02-06,harvest,harvest,3,89,G3-02,12,9,1211,921,bunches,12.0,9.0,partial,06:57,12:07,
WO-2025-0206-H-025,2025-02-06,harvest,harvest,3,96,G3-02,12,9,1145,1107,bunches,12.0,9.0,completed,06:59,14:10,
WO-2025-0206-H-026,2025-02-06,harvest,harvest,3,105,G3-03,10,9,971,1027,bunches,10.0,9.0,completed,07:01,14:37,
WO-2025-0206-H-027,2025-02-06,harvest,harvest,3,107,G3-03,18,0,1901,0,bunches,18.0,0.0,not_started,07:17,,WO-2025-0207-H-028
WO-2025-0206-H-028,2025-02-06,harvest,harvest,3,110,G3-03,10,9,1069,883,bunches,10.0,9.0,partial,07:11,12:46,WO-2025-0208-H-031
WO-2025-0206-H-029,2025-02-06,harvest,harvest,3,113,G3-03,14,9,1419,1153,bunches,14.0,9.0,partial,06:54,12:28,WO-2025-0211-H-032
WO-2025-0206-H-030,2025-02-06,harvest,harvest,3,115,G3-04,9,8,878,848,bunches,9.0,8.0,completed,06:56,14:03,
WO-2025-0206-H-031,2025-02-06,harvest,harvest,4,133,G4-02,13,9,1416,1628,bunches,13.0,9.0,completed,06:59,15:11,
WO-2025-0206-H-032,2025-02-06,harvest,harvest,4,137,G4-02,19,9,1962,2045,bunches,19.0,9.0,completed,07:20,14:54,
WO-2025-0206-H-033,2025-02-06,harvest,harvest,4,141,G4-02,12,9,1239,1126,bunches,12.0,9.0,completed,06:50,13:35,
WO-2025-0206-H-034,2025-02-06,harvest,harvest,4,147,G4-03,12,9,1233,1157,bunches,12.0,9.0,completed,07:09,14:12,
WO-2025-0206-H-035,2025-02-06,harvest,harvest,4,148,G4-03,15,9,1594,1562,bunches,15.0,9.0,completed,07:03,14:17,
WO-2025-0206-H-036,2025-02-06,harvest,harvest,4,157,G4-04,11,9,1080,1160,bunches,11.0,9.0,completed,07:03,15:08,
WO-2025-0206-H-037,2025-02-06,harvest,harvest,4,160,G4-04,17,9,1703,1583,bunches,17.0,9.0,completed,06:59,13:23,
WO-2025-0206-H-038,2025-02-06,harvest,harvest,4,165,G4-04,10,8,995,761,bunches,10.0,8.0,partial,06:56,12:12,
WO-2025-0206-H-039,2025-02-06,harvest,harvest,4,166,G4-04,10,9,979,892,bunches,10.0,9.0,completed,07:11,14:07,
WO-2025-0206-H-040,2025-02-06,harvest,harvest,5,171,G5-01,11,9,1169,1344,bunches,11.0,9.0,completed,07:01,15:17,
WO-2025-0206-H-041,2025-02-06,harvest,harvest,5,186,G5-02,12,9,1236,1217,bunches,12.0,9.0,completed,06:48,13:39,
WO-2025-0206-H-042,2025-02-06,harvest,harvest,5,189,G5-02,14,9,1469,1181,bunches,14.0,9.0,partial,07:09,12:32,WO-2025-0209-H-043
WO-2025-0206-H-043,2025-02-06,harvest,harvest,5,195,G5-03,11,9,1152,1293,bunches,11.0,9.0,completed,07:01,15:28,
WO-2025-0206-H-044,2025-02-06,harvest,harvest,5,198,G5-03,9,9,854,929,bunches,9.0,9.0,completed,06:58,14:36,
WO-2025-0206-H-045,2025-02-06,harvest,harvest,5,199,G5-03,15,9,1465,1262,bunches,15.0,9.0,completed,07:21,13:53,
WO-2025-0206-H-046,2025-02-06,harvest,harvest,5,201,G5-03,15,9,1484,1407,bunches,15.0,9.0,completed,06:53,13:21,
WO-2025-0206-H-047,2025-02-06,harvest,harvest,6,206,G6-01,10,9,1009,876,bunches,10.0,9.0,completed,07:21,13:19,
WO-2025-0206-H-048,2025-02-06,harvest,harvest,6,207,G6-01,10,9,1038,1158,bunches,10.0,9.0,completed,07:08,15:09,
WO-2025-0206-H-049,2025-02-06,harvest,harvest,6,222,G6-02,26,9,2548,1953,bunches,26.0,9.0,partial,07:14,12:55,
WO-2025-0206-H-050,2025-02-06,harvest,harvest,6,249,G6-03,12,9,1231,1378,bunches,12.0,9.0,completed,07:16,15:30,
WO-2025-0206-H-051,2025-02-06,harvest,harvest,6,258,G6-04,3,3,328,311,bunches,3.0,3.0,completed,06:56,13:46,
WO-2025-0206-H-052,2025-02-06,harvest,harvest,6,260,G6-04,10,9,1024,1007,bunches,10.0,9.0,completed,07:16,14:42,
WO-2025-0206-H-053,2025-02-06,harvest,harvest,6,380,G6-05,9,9,963,1107,bunches,9.0,9.0,completed,07:05,15:19,
WO-2025-0206-H-054,2025-02-06,harvest,harvest,7,287,G7-01,12,9,1210,1023,bunches,12.0,9.0,partial,06:54,12:39,
WO-2025-0206-H-055,2025-02-06,harvest,harvest,7,309,G7-02,10,9,1083,982,bunches,10.0,9.0,completed,07:21,14:00,
WO-2025-0206-H-056,2025-02-06,harvest,harvest,7,340,G7-04,13,9,1290,888,bunches,13.0,9.0,partial,07:07,12:23,WO-2025-0210-H-054
WO-2025-0206-H-057,2025-02-06,harvest,harvest,7,345,G7-04,15,9,1616,1003,bunches,15.0,9.0,partial,06:48,11:22,
WO-2025-0207-H-001,2025-02-07,harvest,harvest,1,5,G1-01,2,2,217,249,bunches,2.0,2.0,completed,06:47,14:58,
WO-2025-0207-H-002,2025-02-07,harvest,harvest,1,8,G1-01,8,7,823,746,bunches,8.0,7.0,completed,06:47,13:25,
WO-2025-0207-H-003,2025-02-07,harvest,harvest,1,9,G1-01,5,5,501,509,bunches,5.0,5.0,completed,06:56,14:16,
WO-2025-0207-H-004,2025-02-07,harvest,harvest,1,10,G1-01,9,9,892,917,bunches,9.0,9.0,completed,06:54,13:54,
WO-2025-0207-H-005,2025-02-07,harvest,harvest,1,14,G1-02,9,8,884,803,bunches,9.0,8.0,completed,07:15,13:28,
WO-2025-0207-H-006,2025-02-07,harvest,harvest,1,18,G1-02,6,5,631,475,bunches,6.0,5.0,partial,06:52,12:04,WO-2025-0210-H-003
WO-2025-0207-H-007,2025-02-07,harvest,harvest,1,20,G1-02,9,7,925,697,bunches,9.0,7.0,partial,06:49,12:10,WO-2025-0211-H-005
WO-2025-0207-H-008,2025-02-07,harvest,harvest,1,21,G1-03,9,7,892,727,bunches,9.0,7.0,partial,07:04,12:56,WO-2025-0211-H-006
WO-2025-0207-H-009,2025-02-07,harvest,harvest,1,28,G1-03,9,9,894,895,bunches,9.0,9.0,completed,06:57,14:29,
WO-2025-0207-H-010,2025-02-07,harvest,harvest,1,31,G1-04,5,6,558,642,bunches,5.0,6.0,completed,07:09,15:20,
WO-2025-0207-H-011,2025-02-07,harvest,harvest,2,42,G2-01,7,8,677,779,bunches,7.0,8.0,completed,06:54,14:50,
WO-2025-0207-H-012,2025-02-07,harvest,harvest,2,45,G2-01,12,9,1178,1006,bunches,12.0,9.0,completed,07:17,13:19,
WO-2025-0207-H-013,2025-02-07,harvest,harvest,2,52,G2-02,8,8,843,747,bunches,8.0,8.0,completed,07:04,13:37,
WO-2025-0207-H-014,2025-02-07,harvest,harvest,2,58,G2-02,9,9,969,927,bunches,9.0,9.0,completed,07:16,13:59,
WO-2025-0207-H-015,2025-02-07,harvest,harvest,2,64,G2-03,7,6,687,613,bunches,7.0,6.0,completed,07:18,13:32,
WO-2025-0207-H-016,2025-02-07,harvest,harvest,2,65,G2-03,6,6,596,569,bunches,6.0,6.0,completed,06:57,13:52,
WO-2025-0207-H-017,2025-02-07,harvest,harvest,2,74,G2-04,8,9,848,975,bunches,8.0,9.0,completed,07:03,15:33,
WO-2025-0207-H-018,2025-02-07,harvest,harvest,3,76,G3-01,13,9,1285,1191,bunches,13.0,9.0,completed,07:08,13:42,
WO-2025-0207-H-019,2025-02-07,harvest,harvest,3,87,G3-01,13,9,1264,1073,bunches,13.0,9.0,partial,07:20,13:44,
WO-2025-0207-H-020,2025-02-07,harvest,harvest,3,90,G3-02,13,9,1225,1251,bunches,13.0,9.0,completed,06:51,13:54,
WO-2025-0207-H-021,2025-02-07,harvest,harvest,3,95,G3-02,12,9,1235,1234,bunches,12.0,9.0,completed,07:03,14:35,
WO-2025-0207-H-022,2025-02-07,harvest,harvest,3,99,G3-02,10,9,969,870,bunches,10.0,9.0,completed,07:03,13:28,
WO-2025-0207-H-023,2025-02-07,harvest,harvest,3,100,G3-02,12,9,1325,1125,bunches,12.0,9.0,partial,06:53,13:14,WO-2025-0210-H-016
WO-2025-0207-H-024,2025-02-07,harvest,harvest,3,101,G3-03,13,9,1290,1148,bunches,13.0,9.0,completed,07:14,13:31,
WO-2025-0207-H-025,2025-02-07,harvest,harvest,3,102,G3-03,9,8,878,836,bunches,9.0,8.0,completed,06:54,13:33,
WO-2025-0207-H-026,2025-02-07,harvest,harvest,3,103,G3-03,10,9,1049,991,bunches,10.0,9.0,completed,06:50,13:44,
WO-2025-0207-H-027,2025-02-07,harvest,harvest,3,104,G3-03,12,9,1213,1100,bunches,12.0,9.0,completed,07:11,13:53,
WO-2025-0207-H-028,2025-02-07,harvest,harvest,3,107,G3-03,18,9,1901,1708,bunches,18.0,9.0,completed,07:11,13:51,
WO-2025-0207-H-029,2025-02-07,harvest,harvest,3,108,G3-03,11,9,1154,1283,bunches,11.0,9.0,completed,06:46,14:48,
WO-2025-0207-H-030,2025-02-07,harvest,harvest,3,117,G3-04,6,4,555,436,bunches,6.0,4.0,partial,06:55,12:35,WO-2025-0212-H-031
WO-2025-0207-H-031,2025-02-07,harvest,harvest,4,132,G4-01,13,9,1340,1503,bunches,13.0,9.0,completed,07:14,15:31,
WO-2025-0207-H-032,2025-02-07,harvest,harvest,4,135,G4-02,11,9,1210,1336,bunches,11.0,9.0,completed,06:58,15:02,
WO-2025-0207-H-033,2025-02-07,harvest,harvest,4,138,G4-02,27,9,2905,2221,bunches,27.0,9.0,partial,06:54,12:06,
WO-2025-0207-H-034,2025-02-07,harvest,harvest,4,143,G4-02,20,9,2012,1649,bunches,20.0,9.0,partial,07:03,12:37,
WO-2025-0207-H-035,2025-02-07,harvest,harvest,4,156,G4-04,17,9,1720,1419,bunches,17.0,9.0,partial,07:14,12:48,WO-2025-0212-H-033
WO-2025-0207-H-036,2025-02-07,harvest,harvest,4,158,G4-04,17,9,1807,1693,bunches,17.0,9.0,completed,06:52,13:29,
WO-2025-0207-H-037,2025-02-07,harvest,harvest,4,159,G4-04,15,9,1531,1601,bunches,15.0,9.0,completed,07:02,14:48,
WO-2025-0207-H-038,2025-02-07,harvest,harvest,5,173,G5-01,11,9,1169,978,bunches,11.0,9.0,partial,06:00,12:43,
WO-2025-0207-H-039,2025-02-07,harvest,harvest,5,196,G5-03,14,9,1463,1544,bunches,14.0,9.0,completed,06:49,14:47,
WO-2025-0207-H-040,2025-02-07,harvest,harvest,5,200,G5-03,13,9,1339,1181,bunches,13.0,9.0,completed,06:55,13:11,
WO-2025-0207-H-041,2025-02-07,harvest,harvest,5,202,G5-03,17,9,1640,1540,bunches,17.0,9.0,completed,06:49,13:58,
WO-2025-0207-H-042,2025-02-07,harvest,harvest,5,373,G5-03,2,2,251,194,bunches,2.0,2.0,partial,07:08,12:38,
WO-2025-0207-H-043,2025-02-07,harvest,harvest,6,203,G6-01,20,9,2079,2349,bunches,20.0,9.0,completed,07:04,15:05,
WO-2025-0207-H-044,2025-02-07,harvest,harvest,6,252,G6-03,21,9,2209,2010,bunches,21.0,9.0,completed,06:50,13:41,
WO-2025-0207-H-045,2025-02-07,harvest,harvest,6,255,G6-03,10,9,931,901,bunches,10.0,9.0,completed,06:58,13:44,
WO-2025-0207-H-046,2025-02-07,harvest,harvest,6,257,G6-03,11,0,1152,0,bunches,11.0,0.0,not_started,07:14,,WO-2025-0208-H-050
WO-2025-0207-H-047,2025-02-07,harvest,harvest,7,294,G7-01,7,6,654,647,bunches,7.0,6.0,completed,06:47,13:00,
WO-2025-0207-H-048,2025-02-07,harvest,harvest,7,298,G7-01,22,9,2255,1796,bunches,22.0,9.0,partial,07:09,12:57,
WO-2025-0207-H-049,2025-02-07,harvest,harvest,7,304,G7-02,11,9,1128,1260,bunches,11.0,9.0,completed,07:16,15:18,
WO-2025-0207-H-050,2025-02-07,harvest,harvest,7,305,G7-02,14,9,1455,1285,bunches,14.0,9.0,completed,06:46,13:01,
WO-2025-0207-H-051,2025-02-07,harvest,harvest,7,328,G7-03,10,9,1002,948,bunches,10.0,9.0,completed,06:53,13:40,
WO-2025-0207-H-052,2025-02-07,harvest,harvest,7,329,G7-03,7,8,751,827,bunches,7.0,8.0,completed,07:04,14:39,
WO-2025-0207-H-053,2025-02-07,harvest,harvest,7,333,G7-03,9,7,944,673,bunches,9.0,7.0,partial,07:03,12:28,WO-2025-0212-H-055
WO-2025-0207-H-054,2025-02-07,harvest,harvest,7,339,G7-04,16,9,1600,1466,bunches,16.0,9.0,completed,07:15,13:30,
WO-2025-0207-H-055,2025-02-07,harvest,harvest,7,341,G7-04,12,0,1179,0,bunches,12.0,0.0,not_started,07:05,,WO-2025-0208-H-059
WO-2025-0207-H-056,2025-02-07,harvest,harvest,7,348,G7-04,17,9,1803,2074,bunches,17.0,9.0,completed,06:57,15:17,
WO-2025-0208-H-001,2025-02-08,harvest,harvest,1,1,G1-01,2,2,188,205,bunches,2.0,2.0,completed,07:04,14:42,
WO-2025-0208-H-002,2025-02-08,harvest,harvest,1,2,G1-01,5,5,464,460,bunches,5.0,5.0,completed,07:16,14:11,
WO-2025-0208-H-003,2025-02-08,harvest,harvest,1,4,G1-01,4,4,355,354,bunches,4.0,4.0,completed,06:50,14:05,
WO-2025-0208-H-004,2025-02-08,harvest,harvest,1,6,G1-01,3,3,352,315,bunches,3.0,3.0,completed,06:56,13:38,
WO-2025-0208-H-005,2025-02-08,harvest,harvest,1,7,G1-01,5,4,488,370,bunches,5.0,4.0,partial,07:02,12:19,WO-2025-0212-H-003
WO-2025-0208-H-006,2025-02-08,harvest,harvest,1,8,G1-01,7,7,715,746,bunches,7.0,7.0,completed,07:21,14:40,
WO-2025-0208-H-007,2025-02-08,harvest,harvest,1,11,G1-02,10,9,1026,919,bunches,10.0,9.0,completed,07:15,13:47,
WO-2025-0208-H-008,2025-02-08,harvest,harvest,1,23,G1-03,8,6,755,601,bunches,8.0,6.0,partial,07:12,13:03,WO-2025-0211-H-007
WO-2025-0208-H-009,2025-02-08,harvest,harvest,1,25,G1-03,7,8,709,802,bunches,7.0,8.0,completed,07:06,15:35,
WO-2025-0208-H-010,2025-02-08,harvest,harvest,1,28,G1-03,9,9,939,895,bunches,9.0,9.0,completed,07:00,13:49,
WO-2025-0208-H-011,2025-02-08,harvest,harvest,1,29,G1-03,6,7,637,689,bunches,6.0,7.0,completed,07:11,14:58,
WO-2025-0208-H-012,2025-02-08,harvest,harvest,1,32,G1-04,7,6,776,670,bunches,7.0,6.0,completed,06:54,13:27,
WO-2025-0208-H-013,2025-02-08,harvest,harvest,1,37,G1-04,6,6,659,626,bunches,6.0,6.0,completed,07:21,14:12,
WO-2025-0208-H-014,2025-02-08,harvest,harvest,2,49,G2-01,7,6,668,611,bunches,7.0,6.0,completed,07:09,13:21,
WO-2025-0208-H-015,2025-02-08,harvest,harvest,2,51,G2-02,10,8,994,781,bunches,10.0,8.0,partial,06:55,12:37,WO-2025-0213-H-010
WO-2025-0208-H-016,2025-02-08,harvest,harvest,2,54,G2-02,5,6,472,543,bunches,5.0,6.0,completed,07:19,15:39,
WO-2025-0208-H-017,2025-02-08,harvest,harvest,2,56,G2-02,7,8,741,818,bunches,7.0,8.0,completed,07:12,15:24,
WO-2025-0208-H-018,2025-02-08,harvest,harvest,2,57,G2-02,12,9,1246,1066,bunches,12.0,9.0,completed,06:48,13:01,
WO-2025-0208-H-019,2025-02-08,harvest,harvest,2,59,G2-03,12,9,1179,1005,bunches,12.0,9.0,completed,07:06,12:52,
WO-2025-0208-H-020,2025-02-08,harvest,harvest,2,62,G2-03,8,8,880,822,bunches,8.0,8.0,completed,07:06,13:33,
WO-2025-0208-H-021,2025-02-08,harvest,harvest,2,66,G2-03,12,9,1250,1140,bunches,12.0,9.0,completed,07:10,13:42,
WO-2025-0208-H-022,2025-02-08,harvest,harvest,2,70,G2-04,9,7,845,718,bunches,9.0,7.0,partial,07:10,13:10,WO-2025-0211-H-022
WO-2025-0208-H-023,2025-02-08,harvest,harvest,3,75,G3-01,14,9,1477,1354,bunches,14.0,9.0,completed,06:47,13:23,
WO-2025-0208-H-024,2025-02-08,harvest,harvest,3,83,G3-01,19,9,1967,1777,bunches,19.0,9.0,completed,07:02,13:13,
WO-2025-0208-H-025,2025-02-08,harvest,harvest,3,84,G3-01,14,9,1462,1643,bunches,14.0,9.0,completed,06:58,14:46,
WO-2025-0208-H-026,2025-02-08,harvest,harvest,3,86,G3-01,16,9,1572,1501,bunches,16.0,9.0,completed,06:53,13:27,
WO-2025-0208-H-027,2025-02-08,harvest,harvest,3,88,G3-02,16,9,1555,1474,bunches,16.0,9.0,completed,07:09,13:44,
WO-2025-0208-H-028,2025-02-08,harvest,harvest,3,91,G3-02,8,9,804,866,bunches,8.0,9.0,completed,07:02,14:37,
WO-2025-0208-H-029,2025-02-08,harvest,harvest,3,92,G3-02,9,8,907,831,bunches,9.0,8.0,completed,06:54,13:20,
WO-2025-0208-H-030,2025-02-08,harvest,harvest,3,101,G3-03,11,9,1057,1148,bunches,11.0,9.0,completed,06:00,14:52,
WO-2025-0208-H-031,2025-02-08,harvest,harvest,3,110,G3-03,9,9,958,883,bunches,9.0,9.0,completed,06:58,13:26,
WO-2025-0208-H-032,2025-02-08,harvest,harvest,3,112,G3-03,8,9,817,939,bunches,8.0,9.0,completed,07:14,15:38,
WO-2025-0208-H-033,2025-02-08,harvest,harvest,4,125,G4-01,5,5,473,450,bunches,5.0,5.0,completed,06:56,13:36,
WO-2025-0208-H-034,2025-02-08,harvest,harvest,4,128,G4-01,16,9,1672,1745,bunches,16.0,9.0,completed,07:17,14:50,
WO-2025-0208-H-035,2025-02-08,harvest,harvest,4,131,G4-01,14,9,1463,1523,bunches,14.0,9.0,completed,06:49,14:03,
WO-2025-0208-H-036,2025-02-08,harvest,harvest,4,139,G4-02,12,9,1299,1494,bunches,12.0,9.0,completed,06:53,15:11,
WO-2025-0208-H-037,2025-02-08,harvest,harvest,4,145,G4-03,17,0,1782,0,bunches,17.0,0.0,not_started,06:57,,WO-2025-0209-H-033
WO-2025-0208-H-038,2025-02-08,harvest,harvest,4,150,G4-03,21,9,2196,1776,bunches,21.0,9.0,partial,07:02,13:10,WO-2025-0213-H-033
WO-2025-0208-H-039,2025-02-08,harvest,harvest,5,169,G5-01,10,9,1044,1122,bunches,10.0,9.0,completed,06:56,14:53,
WO-2025-0208-H-040,2025-02-08,harvest,harvest,5,172,G5-01,12,9,1291,1485,bunches,12.0,9.0,completed,06:00,15:20,
WO-2025-0208-H-041,2025-02-08,harvest,harvest,5,177,G5-01,11,9,1167,989,bunches,11.0,9.0,partial,06:51,13:21,WO-2025-0213-H-037
WO-2025-0208-H-042,2025-02-08,harvest,harvest,5,184,G5-02,6,8,681,783,bunches,6.0,8.0,completed,06:46,15:16,
WO-2025-0208-H-043,2025-02-08,harvest,harvest,5,187,G5-02,13,9,1321,1133,bunches,13.0,9.0,completed,06:57,12:52,
WO-2025-0208-H-044,2025-02-08,harvest,harvest,5,195,G5-03,11,9,1131,1293,bunches,11.0,9.0,completed,06:59,14:51,
WO-2025-0208-H-045,2025-02-08,harvest,harvest,6,205,G6-01,15,9,1537,1130,bunches,15.0,9.0,partial,07:14,12:22,WO-2025-0212-H-043
WO-2025-0208-H-046,2025-02-08,harvest,harvest,6,209,G6-01,22,9,2187,1841,bunches,22.0,9.0,partial,06:48,13:00,
WO-2025-0208-H-047,2025-02-08,harvest,harvest,6,213,G6-02,15,9,1628,1504,bunches,15.0,9.0,completed,06:50,13:08,
WO-2025-0208-H-048,2025-02-08,harvest,harvest,6,223,G6-02,16,9,1675,1379,bunches,16.0,9.0,partial,06:47,12:33,
WO-2025-0208-H-049,2025-02-08,harvest,harvest,6,251,G6-03,15,9,1458,1173,bunches,15.0,9.0,partial,07:05,12:39,
WO-2025-0208-H-050,2025-02-08,harvest,harvest,6,257,G6-03,11,9,1152,1199,bunches,11.0,9.0,completed,07:10,14:54,
WO-2025-0208-H-051,2025-02-08,harvest,harvest,6,259,G6-04,10,9,1024,995,bunches,10.0,9.0,completed,07:03,14:24,
WO-2025-0208-H-052,2025-02-08,harvest,harvest,6,269,G6-05,11,9,1152,1137,bunches,11.0,9.0,completed,07:09,13:59,
WO-2025-0208-H-053,2025-02-08,harvest,harvest,6,272,G6-05,16,9,1548,1250,bunches,16.0,9.0,partial,07:11,12:37,WO-2025-0213-H-050
WO-2025-0208-H-054,2025-02-08,harvest,harvest,7,301,G7-02,10,9,1077,1024,bunches,10.0,9.0,completed,06:52,13:29,
WO-2025-0208-H-055,2025-02-08,harvest,harvest,7,302,G7-02,14,9,1461,1146,bunches,14.0,9.0,partial,06:50,12:35,
WO-2025-0208-H-056,2025-02-08,harvest,harvest,7,303,G7-02,7,8,732,764,bunches,7.0,8.0,completed,07:16,14:27,
WO-2025-0208-H-057,2025-02-08,harvest,harvest,7,311,G7-03,19,9,2037,1489,bunches,19.0,9.0,partial,07:07,12:17,
WO-2025-0208-H-058,2025-02-08,harvest,harvest,7,332,G7-03,10,9,1001,1033,bunches,10.0,9.0,completed,07:10,14:30,
WO-2025-0208-H-059,2025-02-08,harvest,harvest,7,341,G7-04,12,9,1179,1236,bunches,12.0,9.0,completed,06:47,14:16,
WO-2025-0208-H-060,2025-02-08,harvest,harvest,7,342,G7-04,13,9,1323,931,bunches,13.0,9.0,partial,07:04,12:04,WO-2025-0211-H-056
WO-2025-0208-H-061,2025-02-08,harvest,harvest,7,346,G7-04,9,9,988,1017,bunches,9.0,9.0,completed,07:11,14:50,
WO-2025-0208-H-062,2025-02-08,harvest,harvest,7,347,G7-04,15,9,1610,1592,bunches,15.0,9.0,completed,07:17,14:03,
WO-2025-0209-H-001,2025-02-09,harvest,harvest,1,3,G1-01,9,4,885,418,bunches,9.0,4.0,partial,07:05,10:35,WO-2025-0214-H-002
WO-2025-0209-H-002,2025-02-09,harvest,harvest,1,10,G1-01,18,9,1857,917,bunches,18.0,9.0,partial,07:09,10:39,
WO-2025-0209-H-003,2025-02-09,harvest,harvest,1,12,G1-02,7,7,723,768,bunches,7.0,7.0,completed,06:46,14:09,
WO-2025-0209-H-004,2025-02-09,harvest,harvest,1,15,G1-02,11,8,1110,796,bunches,11.0,8.0,partial,07:19,12:47,WO-2025-0213-H-003
WO-2025-0209-H-005,2025-02-09,harvest,harvest,1,19,G1-02,7,5,656,556,bunches,7.0,5.0,partial,07:20,13:44,WO-2025-0214-H-005
WO-2025-0209-H-006,2025-02-09,harvest,harvest,1,22,G1-03,8,7,760,755,bunches,8.0,7.0,completed,07:13,14:30,
WO-2025-0209-H-007,2025-02-09,harvest,harvest,1,26,G1-03,8,8,811,784,bunches,8.0,8.0,completed,06:47,13:22,
WO-2025-0209-H-008,2025-02-09,harvest,harvest,1,27,G1-03,8,8,778,785,bunches,8.0,8.0,completed,06:50,14:02,
WO-2025-0209-H-009,2025-02-09,harvest,harvest,1,33,G1-04,6,7,610,701,bunches,6.0,7.0,completed,06:46,14:55,
WO-2025-0209-H-010,2025-02-09,harvest,harvest,1,34,G1-04,8,9,861,916,bunches,8.0,9.0,completed,06:00,14:31,
WO-2025-0209-H-011,2025-02-09,harvest,harvest,1,35,G1-04,9,7,961,761,bunches,9.0,7.0,partial,07:03,12:42,WO-2025-0210-H-005
WO-2025-0209-H-012,2025-02-09,harvest,harvest,1,36,G1-04,5,5,481,464,bunches,5.0,5.0,completed,06:54,13:48,
WO-2025-0209-H-013,2025-02-09,harvest,harvest,1,38,G1-04,7,0,689,0,bunches,7.0,0.0,not_started,07:08,,WO-2025-0210-H-006
WO-2025-0209-H-014,2025-02-09,harvest,harvest,1,39,G1-04,8,9,774,890,bunches,8.0,9.0,completed,06:55,15:13,
WO-2025-0209-H-015,2025-02-09,harvest,harvest,2,45,G2-01,11,0,1058,0,bunches,11.0,0.0,not_started,07:10,,WO-2025-0210-H-010
WO-2025-0209-H-016,2025-02-09,harvest,harvest,2,46,G2-01,17,9,1698,1166,bunches,17.0,9.0,partial,06:49,11:39,
WO-2025-0209-H-017,2025-02-09,harvest,harvest,2,65,G2-03,10,6,1011,569,bunches,10.0,6.0,partial,07:07,10:53,
WO-2025-0209-H-018,2025-02-09,harvest,harvest,2,67,G2-03,12,7,1182,661,bunches,12.0,7.0,partial,07:01,10:44,WO-2025-0211-H-021
WO-2025-0209-H-019,2025-02-09,harvest,harvest,3,79,G3-01,18,9,1810,1039,bunches,18.0,9.0,partial,07:04,11:21,WO-2025-0214-H-017
WO-2025-0209-H-020,2025-02-09,harvest,harvest,3,80,G3-01,8,7,789,619,bunches,8.0,7.0,partial,07:13,12:51,WO-2025-0213-H-019
WO-2025-0209-H-021,2025-02-09,harvest,harvest,3,93,G3-02,24,9,2384,1319,bunches,24.0,9.0,partial,07:11,10:55,WO-2025-0214-H-020
WO-2025-0209-H-022,2025-02-09,harvest,harvest,3,103,G3-03,11,9,1162,991,bunches,11.0,9.0,completed,07:18,13:33,
WO-2025-0209-H-023,2025-02-09,harvest,harvest,3,109,G3-03,18,9,1880,1288,bunches,18.0,9.0,partial,07:05,11:53,
WO-2025-0209-H-024,2025-02-09,harvest,harvest,3,111,G3-03,14,9,1427,1150,bunches,14.0,9.0,partial,07:21,13:02,WO-2025-0213-H-025
WO-2025-0209-H-025,2025-02-09,harvest,harvest,3,114,G3-04,9,6,933,579,bunches,9.0,6.0,partial,07:07,11:38,WO-2025-0213-H-026
WO-2025-0209-H-026,2025-02-09,harvest,harvest,3,116,G3-04,14,7,1346,670,bunches,14.0,7.0,partial,07:01,10:17,
WO-2025-0209-H-027,2025-02-09,harvest,harvest,4,123,G4-01,14,9,1459,1070,bunches,14.0,9.0,partial,06:51,11:51,
WO-2025-0209-H-028,2025-02-09,harvest,harvest,4,129,G4-01,13,9,1354,1147,bunches,13.0,9.0,partial,06:50,12:57,
WO-2025-0209-H-029,2025-02-09,harvest,harvest,4,134,G4-02,12,9,1292,1290,bunches,12.0,9.0,completed,07:20,14:39,
WO-2025-0209-H-030,2025-02-09,harvest,harvest,4,136,G4-02,15,9,1571,1736,bunches,15.0,9.0,completed,07:15,14:55,
WO-2025-0209-H-031,2025-02-09,harvest,harvest,4,141,G4-02,9,9,979,1126,bunches,9.0,9.0,completed,07:05,15:05,
WO-2025-0209-H-032,2025-02-09,harvest,harvest,4,142,G4-02,12,9,1205,1181,bunches,12.0,9.0,completed,07:18,14:08,
WO-2025-0209-H-033,2025-02-09,harvest,harvest,4,145,G4-03,17,9,1782,1511,bunches,17.0,9.0,partial,06:49,12:41,
WO-2025-0209-H-034,2025-02-09,harvest,harvest,4,147,G4-03,13,9,1305,1157,bunches,13.0,9.0,completed,07:07,13:17,
WO-2025-0209-H-035,2025-02-09,harvest,harvest,4,152,G4-03,13,9,1305,1213,bunches,13.0,9.0,completed,06:47,13:40,
WO-2025-0209-H-036,2025-02-09,harvest,harvest,4,164,G4-04,9,6,958,564,bunches,9.0,6.0,partial,06:58,11:34,
WO-2025-0209-H-037,2025-02-09,harvest,harvest,4,166,G4-04,13,9,1340,892,bunches,13.0,9.0,partial,07:10,11:58,
WO-2025-0209-H-038,2025-02-09,harvest,harvest,5,168,G5-01,22,9,2334,1522,bunches,22.0,9.0,partial,06:52,11:28,WO-2025-0214-H-032
WO-2025-0209-H-039,2025-02-09,harvest,harvest,5,179,G5-01,16,0,1693,0,bunches,16.0,0.0,not_started,06:49,,WO-2025-0210-H-028
WO-2025-0209-H-040,2025-02-09,harvest,harvest,5,180,G5-02,17,9,1768,1701,bunches,17.0,9.0,completed,07:15,14:25,
WO-2025-0209-H-041,2025-02-09,harvest,harvest,5,186,G5-02,13,9,1361,1217,bunches,13.0,9.0,completed,07:05,13:50,
WO-2025-0209-H-042,2025-02-09,harvest,harvest,5,188,G5-02,12,9,1227,1031,bunches,12.0,9.0,partial,07:05,13:04,WO-2025-0212-H-040
WO-2025-0209-H-043,2025-02-09,harvest,harvest,5,189,G5-02,13,9,1317,1181,bunches,13.0,9.0,completed,06:53,13:39,
WO-2025-0209-H-044,2025-02-09,harvest,harvest,6,204,G6-01,15,9,1623,1447,bunches,15.0,9.0,completed,06:00,13:09,
WO-2025-0209-H-045,2025-02-09,harvest,harvest,6,206,G6-01,9,9,948,876,bunches,9.0,9.0,completed,06:52,13:27,
WO-2025-0209-H-046,2025-02-09,harvest,harvest,6,208,G6-01,11,9,1164,1114,bunches,11.0,9.0,completed,07:03,14:12,
WO-2025-0209-H-047,2025-02-09,harvest,harvest,6,262,G6-04,20,9,1959,1480,bunches,20.0,9.0,partial,07:08,12:31,
WO-2025-0209-H-048,2025-02-09,harvest,harvest,6,267,G6-04,14,9,1511,1060,bunches,14.0,9.0,partial,06:50,11:43,
WO-2025-0209-H-049,2025-02-09,harvest,harvest,6,270,G6-05,26,9,2805,1394,bunches,26.0,9.0,partial,06:49,10:40,
WO-2025-0209-H-050,2025-02-09,harvest,harvest,7,300,G7-02,21,9,2114,1201,bunches,21.0,9.0,partial,07:00,10:48,
WO-2025-0209-H-051,2025-02-09,harvest,harvest,7,334,G7-03,9,9,874,961,bunches,9.0,9.0,completed,07:10,15:24,
WO-2025-0209-H-052,2025-02-09,harvest,harvest,7,336,G7-03,13,9,1394,1350,bunches,13.0,9.0,completed,07:05,13:44,
WO-2025-0209-H-053,2025-02-09,harvest,harvest,7,337,G7-03,10,9,1003,1153,bunches,10.0,9.0,completed,07:00,14:54,
WO-2025-0209-H-054,2025-02-09,harvest,harvest,7,343,G7-04,31,9,3199,1904,bunches,31.0,9.0,partial,07:15,11:24,
WO-2025-0209-H-055,2025-02-09,harvest,harvest,7,344,G7-04,16,9,1680,1157,bunches,16.0,9.0,partial,07:18,12:01,WO-2025-0214-H-053
WO-2025-0210-H-001,2025-02-10,harvest,harvest,1,9,G1-01,5,5,528,509,bunches,5.0,5.0,completed,07:12,14:17,
WO-2025-0210-H-002,2025-02-10,harvest,harvest,1,13,G1-02,9,9,882,899,bunches,9.0,9.0,completed,07:12,14:26,
WO-2025-0210-H-003,2025-02-10,harvest,harvest,1,18,G1-02,6,5,608,475,bunches,6.0,5.0,partial,06:54,12:31,
WO-2025-0210-H-004,2025-02-10,harvest,harvest,1,22,G1-03,7,7,725,755,bunches,7.0,7.0,completed,06:45,14:03,
WO-2025-0210-H-005,2025-02-10,harvest,harvest,1,35,G1-04,9,7,963,761,bunches,9.0,7.0,partial,07:05,13:07,WO-2025-0212-H-008
WO-2025-0210-H-006,2025-02-10,harvest,harvest,1,38,G1-04,7,7,689,650,bunches,7.0,7.0,completed,06:51,13:36,
WO-2025-0210-H-007,2025-02-10,harvest,harvest,2,42,G2-01,9,8,936,779,bunches,9.0,8.0,partial,06:48,12:24,WO-2025-0211-H-015
WO-2025-0210-H-008,2025-02-10,harvest,harvest,2,43,G2-01,10,9,956,1002,bunches,10.0,9.0,completed,07:19,14:37,
WO-2025-0210-H-009,2025-02-10,harvest,harvest,2,44,G2-01,11,9,1085,957,bunches,11.0,9.0,completed,07:13,13:19,
WO-2025-0210-H-010,2025-02-10,harvest,harvest,2,45,G2-01,11,9,1058,1006,bunches,11.0,9.0,completed,07:14,13:55,
WO-2025-0210-H-011,2025-02-10,harvest,harvest,2,53,G2-02,8,7,868,705,bunches,8.0,7.0,partial,06:57,13:10,WO-2025-0213-H-012
WO-2025-0210-H-012,2025-02-10,harvest,harvest,2,64,G2-03,6,6,586,613,bunches,6.0,6.0,completed,07:06,14:45,
WO-2025-0210-H-013,2025-02-10,harvest,harvest,2,72,G2-04,7,6,701,643,bunches,7.0,6.0,completed,06:53,13:44,
WO-2025-0210-H-014,2025-02-10,harvest,harvest,3,92,G3-02,8,8,782,831,bunches,8.0,8.0,completed,07:01,14:32,
WO-2025-0210-H-015,2025-02-10,harvest,harvest,3,95,G3-02,13,9,1347,1234,bunches,13.0,9.0,completed,06:55,13:20,
WO-2025-0210-H-016,2025-02-10,harvest,harvest,3,100,G3-02,10,9,1105,1125,bunches,10.0,9.0,completed,06:54,14:05,
WO-2025-0210-H-017,2025-02-10,harvest,harvest,3,102,G3-03,8,8,858,836,bunches,8.0,8.0,completed,06:51,13:58,
WO-2025-0210-H-018,2025-02-10,harvest,harvest,3,105,G3-03,12,9,1197,1027,bunches,12.0,9.0,completed,06:56,13:31,
WO-2025-0210-H-019,2025-02-10,harvest,harvest,3,112,G3-03,10,9,984,939,bunches,10.0,9.0,completed,07:20,14:16,
WO-2025-0210-H-020,2025-02-10,harvest,harvest,4,130,G4-01,29,9,3121,2940,bunches,29.0,9.0,completed,07:11,13:35,
WO-2025-0210-H-021,2025-02-10,harvest,harvest,4,132,G4-01,18,9,1884,1503,bunches,18.0,9.0,partial,07:06,12:31,WO-2025-0214-H-027
WO-2025-0210-H-022,2025-02-10,harvest,harvest,4,133,G4-02,18,9,1927,1628,bunches,18.0,9.0,partial,07:19,13:11,WO-2025-0214-H-028
WO-2025-0210-H-023,2025-02-10,harvest,harvest,4,137,G4-02,25,9,2658,2045,bunches,25.0,9.0,partial,07:20,12:48,
WO-2025-0210-H-024,2025-02-10,harvest,harvest,4,149,G4-03,14,9,1500,1217,bunches,14.0,9.0,partial,06:59,12:37,WO-2025-0214-H-030
WO-2025-0210-H-025,2025-02-10,harvest,harvest,4,151,G4-03,14,9,1469,981,bunches,14.0,9.0,partial,06:45,11:50,WO-2025-0212-H-032
WO-2025-0210-H-026,2025-02-10,harvest,harvest,4,155,G4-04,5,6,513,590,bunches,5.0,6.0,completed,07:00,14:00,
WO-2025-0210-H-027,2025-02-10,harvest,harvest,5,178,G5-01,20,9,2047,1710,bunches,20.0,9.0,partial,06:53,12:40,WO-2025-0214-H-034
WO-2025-0210-H-028,2025-02-10,harvest,harvest,5,179,G5-01,16,9,1693,1340,bunches,16.0,9.0,partial,07:09,12:38,WO-2025-0215-H-038
WO-2025-0210-H-029,2025-02-10,harvest,harvest,5,181,G5-02,16,9,1679,1598,bunches,16.0,9.0,completed,07:12,14:21,
WO-2025-0210-H-030,2025-02-10,harvest,harvest,5,182,G5-02,12,9,1286,1328,bunches,12.0,9.0,completed,06:59,14:19,
WO-2025-0210-H-031,2025-02-10,harvest,harvest,5,190,G5-02,16,9,1764,1737,bunches,16.0,9.0,completed,06:53,13:42,
WO-2025-0210-H-032,2025-02-10,harvest,harvest,5,196,G5-03,17,9,1752,1544,bunches,17.0,9.0,completed,07:17,13:23,
WO-2025-0210-H-033,2025-02-10,harvest,harvest,5,201,G5-03,19,9,1899,1407,bunches,19.0,9.0,partial,07:12,12:50,WO-2025-0215-H-041
WO-2025-0210-H-034,2025-02-10,harvest,harvest,6,207,G6-01,11,9,1207,1158,bunches,11.0,9.0,completed,06:57,14:05,
WO-2025-0210-H-035,2025-02-10,harvest,harvest,6,210,G6-01,14,9,1479,1469,bunches,14.0,9.0,completed,07:04,13:54,
WO-2025-0210-H-036,2025-02-10,harvest,harvest,6,211,G6-01,27,9,3061,2674,bunches,27.0,9.0,completed,07:14,13:35,
WO-2025-0210-H-037,2025-02-10,harvest,harvest,6,212,G6-01,23,9,2472,2351,bunches,23.0,9.0,completed,07:10,13:48,
WO-2025-0210-H-038,2025-02-10,harvest,harvest,6,214,G6-02,25,9,2678,2400,bunches,25.0,9.0,completed,07:03,13:22,
WO-2025-0210-H-039,2025-02-10,harvest,harvest,6,215,G6-02,18,9,1832,1817,bunches,18.0,9.0,completed,06:00,14:12,
WO-2025-0210-H-040,2025-02-10,harvest,harvest,6,246,G6-02,15,9,1491,1285,bunches,15.0,9.0,completed,07:09,13:17,
WO-2025-0210-H-041,2025-02-10,harvest,harvest,6,248,G6-03,15,9,1430,1021,bunches,15.0,9.0,partial,06:52,11:52,WO-2025-0214-H-043
WO-2025-0210-H-042,2025-02-10,harvest,harvest,6,250,G6-03,16,9,1676,1524,bunches,16.0,9.0,completed,06:49,13:10,
WO-2025-0210-H-043,2025-02-10,harvest,harvest,6,258,G6-04,3,3,356,311,bunches,3.0,3.0,completed,07:14,13:11,
WO-2025-0210-H-044,2025-02-10,harvest,harvest,6,263,G6-04,14,9,1395,1440,bunches,14.0,9.0,completed,07:13,14:20,
WO-2025-0210-H-045,2025-02-10,harvest,harvest,6,264,G6-04,10,9,1102,1045,bunches,10.0,9.0,completed,07:12,14:17,
WO-2025-0210-H-046,2025-02-10,harvest,harvest,6,379,G6-05,18,9,1851,1526,bunches,18.0,9.0,partial,07:21,13:07,
WO-2025-0210-H-047,2025-02-10,harvest,harvest,7,290,G7-01,8,8,839,747,bunches,8.0,8.0,completed,06:52,13:31,
WO-2025-0210-H-048,2025-02-10,harvest,harvest,7,292,G7-01,11,9,1072,894,bunches,11.0,9.0,partial,06:58,12:48,
WO-2025-0210-H-049,2025-02-10,harvest,harvest,7,295,G7-01,8,6,827,651,bunches,8.0,6.0,partial,06:52,12:44,WO-2025-0213-H-054
WO-2025-0210-H-050,2025-02-10,harvest,harvest,7,296,G7-01,11,9,1127,1296,bunches,11.0,9.0,completed,07:05,15:35,
WO-2025-0210-H-051,2025-02-10,harvest,harvest,7,309,G7-02,13,9,1366,982,bunches,13.0,9.0,partial,06:46,11:59,
WO-2025-0210-H-052,2025-02-10,harvest,harvest,7,310,G7-02,13,9,1310,1507,bunches,13.0,9.0,completed,06:46,14:45,
WO-2025-0210-H-053,2025-02-10,harvest,harvest,7,330,G7-03,9,9,874,1005,bunches,9.0,9.0,completed,06:47,14:41,
WO-2025-0210-H-054,2025-02-10,harvest,harvest,7,340,G7-04,11,9,1124,888,bunches,11.0,9.0,partial,06:52,12:33,WO-2025-0212-H-058
WO-2025-0211-H-001,2025-02-11,harvest,harvest,1,2,G1-01,5,5,500,460,bunches,5.0,5.0,completed,06:51,13:42,
WO-2025-0211-H-002,2025-02-11,harvest,harvest,1,8,G1-01,8,7,830,746,bunches,8.0,7.0,completed,07:02,13:32,
WO-2025-0211-H-003,2025-02-11,harvest,harvest,1,14,G1-02,10,8,1010,803,bunches,10.0,8.0,partial,07:08,12:59,WO-2025-0216-H-002
WO-2025-0211-H-004,2025-02-11,harvest,harvest,1,16,G1-02,7,5,698,510,bunches,7.0,5.0,partial,07:08,12:01,WO-2025-0214-H-004
WO-2025-0211-H-005,2025-02-11,harvest,harvest,1,20,G1-02,6,7,639,697,bunches,6.0,7.0,completed,06:56,14:30,
WO-2025-0211-H-006,2025-02-11,harvest,harvest,1,21,G1-03,8,7,814,727,bunches,8.0,7.0,completed,07:03,13:18,
WO-2025-0211-H-007,2025-02-11,harvest,harvest,1,23,G1-03,7,6,657,601,bunches,7.0,6.0,completed,06:47,13:42,
WO-2025-0211-H-008,2025-02-11,harvest,harvest,1,24,G1-03,10,8,973,829,bunches,10.0,8.0,completed,07:05,13:31,
WO-2025-0211-H-009,2025-02-11,harvest,harvest,1,30,G1-03,6,5,644,523,bunches,6.0,5.0,partial,07:09,13:17,WO-2025-0215-H-008
WO-2025-0211-H-010,2025-02-11,harvest,harvest,1,31,G1-04,7,6,731,642,bunches,7.0,6.0,completed,07:14,13:29,
WO-2025-0211-H-011,2025-02-11,harvest,harvest,1,35,G1-04,9,0,910,0,bunches,9.0,0.0,not_started,06:48,,WO-2025-0212-H-008
WO-2025-0211-H-012,2025-02-11,harvest,harvest,1,37,G1-04,7,6,697,626,bunches,7.0,6.0,completed,06:00,13:13,
WO-2025-0211-H-013,2025-02-11,harvest,harvest,2,40,G2-01,13,9,1370,1212,bunches,13.0,9.0,completed,07:00,13:43,
WO-2025-0211-H-014,2025-02-11,harvest,harvest,2,41,G2-01,9,9,935,856,bunches,9.0,9.0,completed,07:13,13:50,
WO-2025-0211-H-015,2025-02-11,harvest,harvest,2,42,G2-01,9,8,923,779,bunches,9.0,8.0,partial,06:49,13:04,WO-2025-0216-H-014
WO-2025-0211-H-016,2025-02-11,harvest,harvest,2,47,G2-01,13,9,1293,1222,bunches,13.0,9.0,completed,07:10,13:46,
WO-2025-0211-H-017,2025-02-11,harvest,harvest,2,56,G2-02,8,8,810,818,bunches,8.0,8.0,completed,06:47,13:56,
WO-2025-0211-H-018,2025-02-11,harvest,harvest,2,59,G2-03,11,9,1056,1005,bunches,11.0,9.0,completed,07:07,14:20,
WO-2025-0211-H-019,2025-02-11,harvest,harvest,2,60,G2-03,16,0,1595,0,bunches,16.0,0.0,not_started,07:19,,WO-2025-0212-H-015
WO-2025-0211-H-020,2025-02-11,harvest,harvest,2,63,G2-03,13,9,1316,1233,bunches,13.0,9.0,completed,07:19,13:48,
WO-2025-0211-H-021,2025-02-11,harvest,harvest,2,67,G2-03,6,7,653,661,bunches,6.0,7.0,completed,06:48,14:05,
WO-2025-0211-H-022,2025-02-11,harvest,harvest,2,70,G2-04,8,7,741,718,bunches,8.0,7.0,completed,07:17,14:21,
WO-2025-0211-H-023,2025-02-11,harvest,harvest,2,382,G2-04,13,9,1405,1058,bunches,13.0,9.0,partial,07:16,12:45,WO-2025-0215-H-016
WO-2025-0211-H-024,2025-02-11,harvest,harvest,3,77,G3-01,12,9,1278,1078,bunches,12.0,9.0,partial,07:10,13:33,
WO-2025-0211-H-025,2025-02-11,harvest,harvest,3,78,G3-01,9,7,856,680,bunches,9.0,7.0,partial,07:09,12:53,WO-2025-0215-H-017
WO-2025-0211-H-026,2025-02-11,harvest,harvest,3,88,G3-02,14,9,1364,1474,bunches,14.0,9.0,completed,07:01,14:38,
WO-2025-0211-H-027,2025-02-11,harvest,harvest,3,97,G3-02,18,9,1799,1281,bunches,18.0,9.0,partial,07:14,12:22,
WO-2025-0211-H-028,2025-02-11,harvest,harvest,3,98,G3-02,13,9,1279,1262,bunches,13.0,9.0,completed,06:49,14:19,
WO-2025-0211-H-029,2025-02-11,harvest,harvest,3,102,G3-03,10,8,991,836,bunches,10.0,8.0,partial,07:18,13:13,WO-2025-0215-H-023
WO-2025-0211-H-030,2025-02-11,harvest,harvest,3,104,G3-03,12,9,1217,1100,bunches,12.0,9.0,completed,06:46,12:58,
WO-2025-0211-H-031,2025-02-11,harvest,harvest,3,108,G3-03,16,0,1652,0,bunches,16.0,0.0,not_started,07:09,,WO-2025-0212-H-027
WO-2025-0211-H-032,2025-02-11,harvest,harvest,3,113,G3-03,14,9,1364,1153,bunches,14.0,9.0,partial,07:13,13:14,
WO-2025-0211-H-033,2025-02-11,harvest,harvest,3,119,G3-04,3,2,264,218,bunches,3.0,2.0,partial,07:16,13:18,
WO-2025-0211-H-034,2025-02-11,harvest,harvest,3,369,G3-04,3,2,346,257,bunches,3.0,2.0,partial,07:12,12:20,WO-2025-0216-H-030
WO-2025-0211-H-035,2025-02-11,harvest,harvest,3,370,G3-04,1,1,102,99,bunches,1.0,1.0,completed,07:13,14:19,
WO-2025-0211-H-036,2025-02-11,harvest,harvest,4,127,G4-01,1,1,133,153,bunches,1.0,1.0,completed,06:46,14:59,
WO-2025-0211-H-037,2025-02-11,harvest,harvest,4,131,G4-01,13,9,1444,1523,bunches,13.0,9.0,completed,07:12,15:07,
WO-2025-0211-H-038,2025-02-11,harvest,harvest,4,135,G4-02,14,9,1487,1336,bunches,14.0,9.0,completed,07:15,13:50,
WO-2025-0211-H-039,2025-02-11,harvest,harvest,4,140,G4-02,13,9,1299,1129,bunches,13.0,9.0,completed,07:09,13:29,
WO-2025-0211-H-040,2025-02-11,harvest,harvest,4,148,G4-03,19,9,2037,1562,bunches,19.0,9.0,partial,06:46,12:09,WO-2025-0213-H-032
WO-2025-0211-H-041,2025-02-11,harvest,harvest,4,159,G4-04,15,0,1584,0,bunches,15.0,0.0,not_started,07:12,,WO-2025-0212-H-035
WO-2025-0211-H-042,2025-02-11,harvest,harvest,4,160,G4-04,16,9,1607,1583,bunches,16.0,9.0,completed,06:50,14:19,
WO-2025-0211-H-043,2025-02-11,harvest,harvest,5,169,G5-01,12,9,1223,1122,bunches,12.0,9.0,completed,07:18,14:03,
WO-2025-0211-H-044,2025-02-11,harvest,harvest,5,170,G5-01,10,9,1056,977,bunches,10.0,9.0,completed,06:51,13:12,
WO-2025-0211-H-045,2025-02-11,harvest,harvest,5,174,G5-01,3,3,288,329,bunches,3.0,3.0,completed,06:55,15:00,
WO-2025-0211-H-046,2025-02-11,harvest,harvest,5,176,G5-01,12,9,1240,1047,bunches,12.0,9.0,partial,06:54,13:06,WO-2025-0214-H-033
WO-2025-0211-H-047,2025-02-11,harvest,harvest,5,185,G5-02,12,9,1307,1154,bunches,12.0,9.0,completed,07:13,13:24,
WO-2025-0211-H-048,2025-02-11,harvest,harvest,6,208,G6-01,16,0,1586,0,bunches,16.0,0.0,not_started,07:15,,WO-2025-0212-H-044
WO-2025-0211-H-049,2025-02-11,harvest,harvest,6,254,G6-03,18,9,1842,1590,bunches,18.0,9.0,completed,07:03,13:11,
WO-2025-0211-H-050,2025-02-11,harvest,harvest,6,260,G6-04,10,9,1000,1007,bunches,10.0,9.0,completed,07:15,14:08,
WO-2025-0211-H-051,2025-02-11,harvest,harvest,6,261,G6-04,18,9,1762,1592,bunches,18.0,9.0,completed,07:04,13:41,
WO-2025-0211-H-052,2025-02-11,harvest,harvest,6,380,G6-05,10,9,1111,1107,bunches,10.0,9.0,completed,07:20,14:40,
WO-2025-0211-H-053,2025-02-11,harvest,harvest,7,296,G7-01,17,9,1663,1296,bunches,17.0,9.0,partial,06:56,12:55,WO-2025-0215-H-049
WO-2025-0211-H-054,2025-02-11,harvest,harvest,7,303,G7-02,9,8,949,764,bunches,9.0,8.0,partial,07:16,12:54,WO-2025-0213-H-056
WO-2025-0211-H-055,2025-02-11,harvest,harvest,7,306,G7-02,11,9,1054,1147,bunches,11.0,9.0,completed,07:20,15:14,
WO-2025-0211-H-056,2025-02-11,harvest,harvest,7,342,G7-04,11,9,1163,931,bunches,11.0,9.0,partial,06:58,12:56,
WO-2025-0212-H-001,2025-02-12,harvest,harvest,1,4,G1-01,4,4,404,354,bunches,4.0,4.0,completed,07:17,13:44,
WO-2025-0212-H-002,2025-02-12,harvest,harvest,1,5,G1-01,3,2,325,249,bunches,3.0,2.0,partial,07:01,12:24,WO-2025-0217-H-003
WO-2025-0212-H-003,2025-02-12,harvest,harvest,1,7,G1-01,4,4,377,370,bunches,4.0,4.0,completed,06:45,13:48,
WO-2025-0212-H-004,2025-02-12,harvest,harvest,1,13,G1-02,12,9,1188,899,bunches,12.0,9.0,partial,06:53,11:59,WO-2025-0215-H-005
WO-2025-0212-H-005,2025-02-12,harvest,harvest,1,17,G1-02,10,5,960,531,bunches,10.0,5.0,partial,07:06,11:26,
WO-2025-0212-H-006,2025-02-12,harvest,harvest,1,32,G1-04,7,6,730,670,bunches,7.0,6.0,completed,07:11,13:59,
WO-2025-0212-H-007,2025-02-12,harvest,harvest,1,34,G1-04,8,9,857,916,bunches,8.0,9.0,completed,07:01,14:28,
WO-2025-0212-H-008,2025-02-12,harvest,harvest,1,35,G1-04,9,7,910,761,bunches,9.0,7.0,partial,07:08,12:59,WO-2025-0216-H-011
WO-2025-0212-H-009,2025-02-12,harvest,harvest,1,36,G1-04,6,5,584,464,bunches,6.0,5.0,partial,06:56,12:50,WO-2025-0216-H-012
WO-2025-0212-H-010,2025-02-12,harvest,harvest,2,44,G2-01,13,9,1325,957,bunches,13.0,9.0,partial,07:12,12:33,WO-2025-0217-H-010
WO-2025-0212-H-011,2025-02-12,harvest,harvest,2,50,G2-02,7,7,656,665,bunches,7.0,7.0,completed,07:02,14:17,
WO-2025-0212-H-012,2025-02-12,harvest,harvest,2,54,G2-02,6,6,599,543,bunches,6.0,6.0,completed,06:53,13:21,
WO-2025-0212-H-013,2025-02-12,harvest,harvest,2,55,G2-02,9,9,872,981,bunches,9.0,9.0,completed,06:53,15:07,
WO-2025-0212-H-014,2025-02-12,harvest,harvest,2,58,G2-02,11,9,1155,927,bunches,11.0,9.0,partial,07:06,12:48,WO-2025-0216-H-017
WO-2025-0212-H-015,2025-02-12,harvest,harvest,2,60,G2-03,16,9,1595,1378,bunches,16.0,9.0,completed,07:06,13:19,
WO-2025-0212-H-016,2025-02-12,harvest,harvest,2,62,G2-03,9,8,957,822,bunches,9.0,8.0,completed,06:59,13:16,
WO-2025-0212-H-017,2025-02-12,harvest,harvest,2,69,G2-04,11,9,1037,1020,bunches,11.0,9.0,completed,06:45,13:40,
WO-2025-0212-H-018,2025-02-12,harvest,harvest,2,71,G2-04,7,7,742,669,bunches,7.0,7.0,completed,06:59,13:52,
WO-2025-0212-H-019,2025-02-12,harvest,harvest,2,73,G2-04,11,0,1132,0,bunches,11.0,0.0,not_started,07:06,,WO-2025-0213-H-016
WO-2025-0212-H-020,2025-02-12,harvest,harvest,2,74,G2-04,10,0,1048,0,bunches,10.0,0.0,not_started,06:58,,WO-2025-0213-H-017
WO-2025-0212-H-021,2025-02-12,harvest,harvest,3,81,G3-01,5,4,482,349,bunches,5.0,4.0,partial,07:03,12:29,
WO-2025-0212-H-022,2025-02-12,harvest,harvest,3,89,G3-02,14,9,1409,921,bunches,14.0,9.0,partial,07:05,11:40,WO-2025-0216-H-022
WO-2025-0212-H-023,2025-02-12,harvest,harvest,3,94,G3-02,10,9,1003,907,bunches,10.0,9.0,completed,06:50,13:34,
WO-2025-0212-H-024,2025-02-12,harvest,harvest,3,96,G3-02,11,9,1091,1107,bunches,11.0,9.0,completed,06:59,14:33,
WO-2025-0212-H-025,2025-02-12,harvest,harvest,3,106,G3-03,8,7,769,655,bunches,8.0,7.0,completed,06:56,12:45,
WO-2025-0212-H-026,2025-02-12,harvest,harvest,3,107,G3-03,23,9,2390,1708,bunches,23.0,9.0,partial,06:55,11:48,
WO-2025-0212-H-027,2025-02-12,harvest,harvest,3,108,G3-03,16,9,1652,1283,bunches,16.0,9.0,partial,06:52,12:47,WO-2025-0213-H-024
WO-2025-0212-H-028,2025-02-12,harvest,harvest,3,110,G3-03,10,9,1008,883,bunches,10.0,9.0,completed,06:53,12:56,
WO-2025-0212-H-029,2025-02-12,harvest,harvest,3,111,G3-03,11,0,1174,0,bunches,11.0,0.0,not_started,06:52,,WO-2025-0213-H-025
WO-2025-0212-H-030,2025-02-12,harvest,harvest,3,115,G3-04,11,8,1111,848,bunches,11.0,8.0,partial,07:11,12:27,WO-2025-0216-H-028
WO-2025-0212-H-031,2025-02-12,harvest,harvest,3,117,G3-04,5,4,510,436,bunches,5.0,4.0,completed,06:49,12:45,
WO-2025-0212-H-032,2025-02-12,harvest,harvest,4,151,G4-03,10,9,1062,981,bunches,10.0,9.0,completed,07:19,13:48,
WO-2025-0212-H-033,2025-02-12,harvest,harvest,4,156,G4-04,16,9,1687,1419,bunches,16.0,9.0,partial,07:04,13:13,
WO-2025-0212-H-034,2025-02-12,harvest,harvest,4,157,G4-04,11,9,1171,1160,bunches,11.0,9.0,completed,07:11,14:27,
WO-2025-0212-H-035,2025-02-12,harvest,harvest,4,159,G4-04,15,9,1584,1601,bunches,15.0,9.0,completed,06:54,14:25,
WO-2025-0212-H-036,2025-02-12,harvest,harvest,5,172,G5-01,17,9,1794,1485,bunches,17.0,9.0,partial,06:47,12:54,WO-2025-0216-H-037
WO-2025-0212-H-037,2025-02-12,harvest,harvest,5,180,G5-02,17,9,1827,1701,bunches,17.0,9.0,completed,06:58,13:42,
WO-2025-0212-H-038,2025-02-12,harvest,harvest,5,186,G5-02,18,9,1899,1217,bunches,18.0,9.0,partial,06:55,11:25,WO-2025-0216-H-040
WO-2025-0212-H-039,2025-02-12,harvest,harvest,5,187,G5-02,16,9,1623,1133,bunches,16.0,9.0,partial,07:19,12:09,WO-2025-0217-H-031
WO-2025-0212-H-040,2025-02-12,harvest,harvest,5,188,G5-02,14,9,1377,1031,bunches,14.0,9.0,partial,07:21,13:07,WO-2025-0217-H-032
WO-2025-0212-H-041,2025-02-12,harvest,harvest,5,194,G5-03,32,9,3321,2198,bunches,32.0,9.0,partial,06:57,11:23,
WO-2025-0212-H-042,2025-02-12,harvest,harvest,5,197,G5-03,16,9,1595,1692,bunches,16.0,9.0,completed,07:09,15:04,
WO-2025-0212-H-043,2025-02-12,harvest,harvest,6,205,G6-01,11,9,1167,1130,bunches,11.0,9.0,completed,06:56,13:53,
WO-2025-0212-H-044,2025-02-12,harvest,harvest,6,208,G6-01,16,9,1586,1114,bunches,16.0,9.0,partial,06:53,12:03,WO-2025-0217-H-037
WO-2025-0212-H-045,2025-02-12,harvest,harvest,6,249,G6-03,15,9,1480,1378,bunches,15.0,9.0,completed,07:07,13:50,
WO-2025-0212-H-046,2025-02-12,harvest,harvest,6,256,G6-03,16,9,1562,1375,bunches,16.0,9.0,completed,07:17,13:14,
WO-2025-0212-H-047,2025-02-12,harvest,harvest,6,257,G6-03,14,9,1355,1199,bunches,14.0,9.0,completed,07:13,13:56,
WO-2025-0212-H-048,2025-02-12,harvest,harvest,6,265,G6-04,13,9,1425,1323,bunches,13.0,9.0,completed,06:54,13:25,
WO-2025-0212-H-049,2025-02-12,harvest,harvest,6,268,G6-05,13,9,1346,1235,bunches,13.0,9.0,completed,06:49,13:10,
WO-2025-0212-H-050,2025-02-12,harvest,harvest,7,293,G7-01,13,9,1316,1103,bunches,13.0,9.0,partial,06:56,12:52,
WO-2025-0212-H-051,2025-02-12,harvest,harvest,7,299,G7-02,17,9,1733,1249,bunches,17.0,9.0,partial,07:11,12:16,
WO-2025-0212-H-052,2025-02-12,harvest,harvest,7,304,G7-02,14,9,1405,1260,bunches,14.0,9.0,completed,06:52,13:41,
WO-2025-0212-H-053,2025-02-12,harvest,harvest,7,331,G7-03,17,9,1675,1082,bunches,17.0,9.0,partial,06:49,11:26,
WO-2025-0212-H-054,2025-02-12,harvest,harvest,7,332,G7-03,11,9,1093,1033,bunches,11.0,9.0,completed,06:50,13:48,
WO-2025-0212-H-055,2025-02-12,harvest,harvest,7,333,G7-03,7,7,723,673,bunches,7.0,7.0,completed,07:13,13:47,
WO-2025-0212-H-056,2025-02-12,harvest,harvest,7,335,G7-03,10,9,967,936,bunches,10.0,9.0,completed,07:18,14:22,
WO-2025-0212-H-057,2025-02-12,harvest,harvest,7,338,G7-03,9,8,903,840,bunches,9.0,8.0,completed,07:11,14:05,
WO-2025-0212-H-058,2025-02-12,harvest,harvest,7,340,G7-04,14,9,1432,888,bunches,14.0,9.0,partial,06:51,11:33,WO-2025-0217-H-050
WO-2025-0212-H-059,2025-02-12,harvest,harvest,7,348,G7-04,25,9,2630,2074,bunches,25.0,9.0,partial,06:51,12:12,
WO-2025-0213-H-001,2025-02-13,harvest,harvest,1,9,G1-01,6,5,587,509,bunches,6.0,5.0,completed,07:07,13:15,
WO-2025-0213-H-002,2025-02-13,harvest,harvest,1,11,G1-02,9,9,932,919,bunches,9.0,9.0,completed,07:10,14:21,
WO-2025-0213-H-003,2025-02-13,harvest,harvest,1,15,G1-02,7,8,700,796,bunches,7.0,8.0,completed,07:15,15:23,
WO-2025-0213-H-004,2025-02-13,harvest,harvest,1,20,G1-02,8,7,749,697,bunches,8.0,7.0,completed,06:47,13:45,
WO-2025-0213-H-005,2025-02-13,harvest,harvest,1,26,G1-03,10,8,1013,784,bunches,10.0,8.0,partial,06:54,12:51,WO-2025-0215-H-007
WO-2025-0213-H-006,2025-02-13,harvest,harvest,1,27,G1-03,7,8,753,785,bunches,7.0,8.0,completed,06:56,14:44,
WO-2025-0213-H-007,2025-02-13,harvest,harvest,1,39,G1-04,10,9,967,890,bunches,10.0,9.0,completed,06:49,13:15,
WO-2025-0213-H-008,2025-02-13,harvest,harvest,2,43,G2-01,12,9,1179,1002,bunches,12.0,9.0,partial,07:10,13:36,WO-2025-0218-H-013
WO-2025-0213-H-009,2025-02-13,harvest,harvest,2,49,G2-01,7,6,712,611,bunches,7.0,6.0,completed,06:48,13:06,
WO-2025-0213-H-010,2025-02-13,harvest,harvest,2,51,G2-02,7,8,687,781,bunches,7.0,8.0,completed,06:47,15:09,
WO-2025-0213-H-011,2025-02-13,harvest,harvest,2,52,G2-02,6,8,650,747,bunches,6.0,8.0,completed,07:06,14:59,
WO-2025-0213-H-012,2025-02-13,harvest,harvest,2,53,G2-02,8,7,815,705,bunches,8.0,7.0,completed,06:46,13:18,
WO-2025-0213-H-013,2025-02-13,harvest,harvest,2,57,G2-02,12,9,1156,1066,bunches,12.0,9.0,completed,06:50,13:12,
WO-2025-0213-H-014,2025-02-13,harvest,harvest,2,64,G2-03,6,6,613,613,bunches,6.0,6.0,completed,06:46,13:39,
WO-2025-0213-H-015,2025-02-13,harvest,harvest,2,72,G2-04,9,6,936,643,bunches,9.0,6.0,partial,06:54,12:01,WO-2025-0217-H-016
WO-2025-0213-H-016,2025-02-13,harvest,harvest,2,73,G2-04,11,9,1132,1302,bunches,11.0,9.0,completed,07:03,14:59,
WO-2025-0213-H-017,2025-02-13,harvest,harvest,2,74,G2-04,10,9,1048,975,bunches,10.0,9.0,completed,06:50,13:15,
WO-2025-0213-H-018,2025-02-13,harvest,harvest,3,76,G3-01,11,9,1107,1191,bunches,11.0,9.0,completed,07:01,14:58,
WO-2025-0213-H-019,2025-02-13,harvest,harvest,3,80,G3-01,7,7,662,619,bunches,7.0,7.0,completed,07:05,14:08,
WO-2025-0213-H-020,2025-02-13,harvest,harvest,3,84,G3-01,15,9,1538,1643,bunches,15.0,9.0,completed,06:57,14:59,
WO-2025-0213-H-021,2025-02-13,harvest,harvest,3,85,G3-01,10,9,1067,998,bunches,10.0,9.0,completed,06:54,13:30,
WO-2025-0213-H-022,2025-02-13,harvest,harvest,3,87,G3-01,10,9,933,1073,bunches,10.0,9.0,completed,07:09,15:02,
WO-2025-0213-H-023,2025-02-13,harvest,harvest,3,101,G3-03,14,9,1413,1148,bunches,14.0,9.0,partial,07:01,13:01,WO-2025-0215-H-022
WO-2025-0213-H-024,2025-02-13,harvest,harvest,3,108,G3-03,14,9,1458,1283,bunches,14.0,9.0,completed,06:48,13:24,
WO-2025-0213-H-025,2025-02-13,harvest,harvest,3,111,G3-03,11,9,1174,1150,bunches,11.0,9.0,completed,06:50,14:08,
WO-2025-0213-H-026,2025-02-13,harvest,harvest,3,114,G3-04,6,6,572,579,bunches,6.0,6.0,completed,07:03,13:00,
WO-2025-0213-H-027,2025-02-13,harvest,harvest,3,120,G3-04,11,9,1147,1012,bunches,11.0,9.0,completed,07:10,13:08,
WO-2025-0213-H-028,2025-02-13,harvest,harvest,4,134,G4-02,13,9,1399,1290,bunches,13.0,9.0,completed,06:51,13:21,
WO-2025-0213-H-029,2025-02-13,harvest,harvest,4,136,G4-02,18,9,1934,1736,bunches,18.0,9.0,completed,07:15,13:19,
WO-2025-0213-H-030,2025-02-13,harvest,harvest,4,138,G4-02,19,9,2094,2221,bunches,19.0,9.0,completed,07:02,14:34,
WO-2025-0213-H-031,2025-02-13,harvest,harvest,4,146,G4-03,16,9,1733,1655,bunches,16.0,9.0,completed,07:00,13:48,
WO-2025-0213-H-032,2025-02-13,harvest,harvest,4,148,G4-03,16,9,1649,1562,bunches,16.0,9.0,completed,06:51,13:58,
WO-2025-0213-H-033,2025-02-13,harvest,harvest,4,150,G4-03,17,9,1796,1776,bunches,17.0,9.0,completed,07:11,14:25,
WO-2025-0213-H-034,2025-02-13,harvest,harvest,4,153,G4-03,16,9,1662,1454,bunches,16.0,9.0,completed,07:13,13:21,
WO-2025-0213-H-035,2025-02-13,harvest,harvest,4,158,G4-04,20,9,2104,1693,bunches,20.0,9.0,partial,07:02,12:41,WO-2025-0218-H-037
WO-2025-0213-H-036,2025-02-13,harvest,harvest,5,171,G5-01,13,9,1422,1344,bunches,13.0,9.0,completed,07:20,14:29,
WO-2025-0213-H-037,2025-02-13,harvest,harvest,5,177,G5-01,10,9,1032,989,bunches,10.0,9.0,completed,06:48,13:36,
WO-2025-0213-H-038,2025-02-13,harvest,harvest,5,189,G5-02,13,9,1314,1181,bunches,13.0,9.0,completed,07:03,13:16,
WO-2025-0213-H-039,2025-02-13,harvest,harvest,5,200,G5-03,15,9,1519,1181,bunches,15.0,9.0,partial,07:15,12:29,
WO-2025-0213-H-040,2025-02-13,harvest,harvest,5,202,G5-03,14,9,1411,1540,bunches,14.0,9.0,completed,07:09,15:21,
WO-2025-0213-H-041,2025-02-13,harvest,harvest,6,207,G6-01,11,9,1113,1158,bunches,11.0,9.0,completed,06:56,14:06,
WO-2025-0213-H-042,2025-02-13,harvest,harvest,6,213,G6-02,13,9,1450,1504,bunches,13.0,9.0,completed,07:20,15:02,
WO-2025-0213-H-043,2025-02-13,harvest,harvest,6,222,G6-02,23,9,2232,1953,bunches,23.0,9.0,completed,07:08,13:31,
WO-2025-0213-H-044,2025-02-13,harvest,harvest,6,230,G6-02,16,9,1658,1706,bunches,16.0,9.0,completed,07:10,14:36,
WO-2025-0213-H-045,2025-02-13,harvest,harvest,6,245,G6-02,12,9,1248,1242,bunches,12.0,9.0,completed,07:05,14:27,
WO-2025-0213-H-046,2025-02-13,harvest,harvest,6,246,G6-02,11,9,1117,1285,bunches,11.0,9.0,completed,06:51,14:44,
WO-2025-0213-H-047,2025-02-13,harvest,harvest,6,247,G6-02,12,0,1167,0,bunches,12.0,0.0,not_started,07:08,,WO-2025-0214-H-042
WO-2025-0213-H-048,2025-02-13,harvest,harvest,6,253,G6-03,18,9,1801,1725,bunches,18.0,9.0,completed,07:01,14:04,
WO-2025-0213-H-049,2025-02-13,harvest,harvest,6,255,G6-03,12,9,1114,901,bunches,12.0,9.0,partial,06:56,12:37,WO-2025-0217-H-040
WO-2025-0213-H-050,2025-02-13,harvest,harvest,6,272,G6-05,14,9,1384,1250,bunches,14.0,9.0,completed,06:50,13:37,
WO-2025-0213-H-051,2025-02-13,harvest,harvest,7,287,G7-01,10,9,989,1023,bunches,10.0,9.0,completed,07:17,14:55,
WO-2025-0213-H-052,2025-02-13,harvest,harvest,7,289,G7-01,7,7,760,707,bunches,7.0,7.0,completed,06:46,13:23,
WO-2025-0213-H-053,2025-02-13,harvest,harvest,7,291,G7-01,22,9,2194,1789,bunches,22.0,9.0,partial,06:56,12:34,
WO-2025-0213-H-054,2025-02-13,harvest,harvest,7,295,G7-01,7,6,695,651,bunches,7.0,6.0,completed,07:12,13:56,
WO-2025-0213-H-055,2025-02-13,harvest,harvest,7,297,G7-01,14,9,1394,1074,bunches,14.0,9.0,partial,06:57,12:53,
WO-2025-0213-H-056,2025-02-13,harvest,harvest,7,303,G7-02,9,8,905,764,bunches,9.0,8.0,partial,07:13,12:58,WO-2025-0217-H-047
WO-2025-0213-H-057,2025-02-13,harvest,harvest,7,329,G7-03,9,8,857,827,bunches,9.0,8.0,completed,07:08,14:06,
WO-2025-0213-H-058,2025-02-13,harvest,harvest,7,337,G7-03,14,9,1335,1153,bunches,14.0,9.0,completed,07:16,13:36,
WO-2025-0213-H-059,2025-02-13,harvest,harvest,7,339,G7-04,13,9,1275,1466,bunches,13.0,9.0,completed,07:10,15:34,
WO-2025-0213-H-060,2025-02-13,harvest,harvest,7,345,G7-04,9,9,933,1003,bunches,9.0,9.0,completed,07:18,15:26,
WO-2025-0214-H-001,2025-02-14,harvest,harvest,1,2,G1-01,5,5,489,460,bunches,5.0,5.0,completed,06:59,13:52,
WO-2025-0214-H-002,2025-02-14,harvest,harvest,1,3,G1-01,5,4,483,418,bunches,5.0,4.0,completed,06:52,12:56,
WO-2025-0214-H-003,2025-02-14,harvest,harvest,1,6,G1-01,3,3,291,315,bunches,3.0,3.0,completed,07:17,15:27,
WO-2025-0214-H-004,2025-02-14,harvest,harvest,1,16,G1-02,7,5,712,510,bunches,7.0,5.0,partial,06:53,12:17,WO-2025-0219-H-007
WO-2025-0214-H-005,2025-02-14,harvest,harvest,1,19,G1-02,7,5,733,556,bunches,7.0,5.0,partial,07:05,12:21,WO-2025-0218-H-006
WO-2025-0214-H-006,2025-02-14,harvest,harvest,1,21,G1-03,8,7,819,727,bunches,8.0,7.0,completed,06:45,13:20,
WO-2025-0214-H-007,2025-02-14,harvest,harvest,1,24,G1-03,7,8,721,829,bunches,7.0,8.0,completed,07:20,15:50,
WO-2025-0214-H-008,2025-02-14,harvest,harvest,1,25,G1-03,8,8,846,802,bunches,8.0,8.0,completed,06:53,13:27,
WO-2025-0214-H-009,2025-02-14,harvest,harvest,1,28,G1-03,11,9,1138,895,bunches,11.0,9.0,partial,06:57,12:46,WO-2025-0216-H-008
WO-2025-0214-H-010,2025-02-14,harvest,harvest,1,29,G1-03,6,7,599,689,bunches,6.0,7.0,completed,06:50,15:20,
WO-2025-0214-H-011,2025-02-14,harvest,harvest,2,45,G2-01,11,9,1113,1006,bunches,11.0,9.0,completed,07:03,13:25,
WO-2025-0214-H-012,2025-02-14,harvest,harvest,2,55,G2-02,8,9,853,981,bunches,8.0,9.0,completed,07:03,15:17,
WO-2025-0214-H-013,2025-02-14,harvest,harvest,2,66,G2-03,12,9,1176,1140,bunches,12.0,9.0,completed,07:19,14:05,
WO-2025-0214-H-014,2025-02-14,harvest,harvest,2,70,G2-04,6,7,624,718,bunches,6.0,7.0,completed,07:16,15:41,
WO-2025-0214-H-015,2025-02-14,harvest,harvest,2,71,G2-04,7,7,679,669,bunches,7.0,7.0,completed,07:18,14:20,
WO-2025-0214-H-016,2025-02-14,harvest,harvest,3,75,G3-01,15,9,1614,1354,bunches,15.0,9.0,partial,06:47,12:57,WO-2025-0217-H-017
WO-2025-0214-H-017,2025-02-14,harvest,harvest,3,79,G3-01,13,9,1338,1039,bunches,13.0,9.0,partial,07:18,12:58,
WO-2025-0214-H-018,2025-02-14,harvest,harvest,3,82,G3-01,3,3,322,254,bunches,3.0,3.0,partial,06:47,12:27,
WO-2025-0214-H-019,2025-02-14,harvest,harvest,3,92,G3-02,8,8,763,831,bunches,8.0,8.0,completed,07:08,15:09,
WO-2025-0214-H-020,2025-02-14,harvest,harvest,3,93,G3-02,15,9,1485,1319,bunches,15.0,9.0,completed,06:57,13:04,
WO-2025-0214-H-021,2025-02-14,harvest,harvest,3,99,G3-02,11,9,1102,870,bunches,11.0,9.0,partial,07:11,12:43,
WO-2025-0214-H-022,2025-02-14,harvest,harvest,3,100,G3-02,10,9,1051,1125,bunches,10.0,9.0,completed,06:59,14:50,
WO-2025-0214-H-023,2025-02-14,harvest,harvest,3,110,G3-03,9,9,937,883,bunches,9.0,9.0,completed,07:04,14:05,
WO-2025-0214-H-024,2025-02-14,harvest,harvest,3,112,G3-03,9,9,887,939,bunches,9.0,9.0,completed,07:01,14:21,
WO-2025-0214-H-025,2025-02-14,harvest,harvest,3,118,G3-04,5,4,525,406,bunches,5.0,4.0,partial,07:09,12:58,
WO-2025-0214-H-026,2025-02-14,harvest,harvest,4,122,G4-01,9,7,979,777,bunches,9.0,7.0,partial,07:17,12:40,
WO-2025-0214-H-027,2025-02-14,harvest,harvest,4,132,G4-01,16,9,1695,1503,bunches,16.0,9.0,completed,07:13,13:45,
WO-2025-0214-H-028,2025-02-14,harvest,harvest,4,133,G4-02,17,9,1868,1628,bunches,17.0,9.0,completed,07:08,13:09,
WO-2025-0214-H-029,2025-02-14,harvest,harvest,4,140,G4-02,11,9,1135,1129,bunches,11.0,9.0,completed,07:10,14:11,
WO-2025-0214-H-030,2025-02-14,harvest,harvest,4,149,G4-03,10,9,1101,1217,bunches,10.0,9.0,completed,06:57,14:00,
WO-2025-0214-H-031,2025-02-14,harvest,harvest,4,165,G4-04,7,8,702,761,bunches,7.0,8.0,completed,07:08,15:19,
WO-2025-0214-H-032,2025-02-14,harvest,harvest,5,168,G5-01,15,9,1545,1522,bunches,15.0,9.0,completed,06:50,13:42,
WO-2025-0214-H-033,2025-02-14,harvest,harvest,5,176,G5-01,11,9,1120,1047,bunches,11.0,9.0,completed,06:57,13:41,
WO-2025-0214-H-034,2025-02-14,harvest,harvest,5,178,G5-01,16,9,1624,1710,bunches,16.0,9.0,completed,07:06,14:18,
WO-2025-0214-H-035,2025-02-14,harvest,harvest,5,182,G5-02,13,9,1432,1328,bunches,13.0,9.0,completed,07:18,14:10,
WO-2025-0214-H-036,2025-02-14,harvest,harvest,5,193,G5-03,18,9,1832,1619,bunches,18.0,9.0,completed,07:11,13:51,
WO-2025-0214-H-037,2025-02-14,harvest,harvest,5,195,G5-03,13,9,1334,1293,bunches,13.0,9.0,completed,06:47,14:09,
WO-2025-0214-H-038,2025-02-14,harvest,harvest,5,196,G5-03,19,9,1891,1544,bunches,19.0,9.0,partial,07:11,13:10,WO-2025-0219-H-045
WO-2025-0214-H-039,2025-02-14,harvest,harvest,5,198,G5-03,8,9,808,929,bunches,8.0,9.0,completed,06:59,14:53,
WO-2025-0214-H-040,2025-02-14,harvest,harvest,6,203,G6-01,28,9,2966,2349,bunches,28.0,9.0,partial,06:52,12:12,WO-2025-0219-H-048
WO-2025-0214-H-041,2025-02-14,harvest,harvest,6,204,G6-01,19,9,1950,1447,bunches,19.0,9.0,partial,06:00,12:14,WO-2025-0219-H-049
WO-2025-0214-H-042,2025-02-14,harvest,harvest,6,247,G6-02,12,9,1167,899,bunches,12.0,9.0,partial,07:08,12:26,
WO-2025-0214-H-043,2025-02-14,harvest,harvest,6,248,G6-03,13,9,1244,1021,bunches,13.0,9.0,partial,07:04,13:14,WO-2025-0217-H-039
WO-2025-0214-H-044,2025-02-14,harvest,harvest,6,251,G6-03,15,9,1540,1173,bunches,15.0,9.0,partial,07:00,12:33,WO-2025-0219-H-053
WO-2025-0214-H-045,2025-02-14,harvest,harvest,6,263,G6-04,14,9,1424,1440,bunches,14.0,9.0,completed,06:49,13:55,
WO-2025-0214-H-046,2025-02-14,harvest,harvest,6,271,G6-05,17,9,1873,1689,bunches,17.0,9.0,completed,06:58,13:12,
WO-2025-0214-H-047,2025-02-14,harvest,harvest,7,294,G7-01,6,6,628,647,bunches,6.0,6.0,completed,06:55,14:35,
WO-2025-0214-H-048,2025-02-14,harvest,harvest,7,305,G7-02,11,9,1168,1285,bunches,11.0,9.0,completed,07:09,15:09,
WO-2025-0214-H-049,2025-02-14,harvest,harvest,7,307,G7-02,15,9,1586,1375,bunches,15.0,9.0,completed,07:02,13:14,
WO-2025-0214-H-050,2025-02-14,harvest,harvest,7,328,G7-03,14,9,1427,948,bunches,14.0,9.0,partial,07:18,11:45,WO-2025-0219-H-061
WO-2025-0214-H-051,2025-02-14,harvest,harvest,7,336,G7-03,13,9,1319,1350,bunches,13.0,9.0,completed,06:46,14:11,
WO-2025-0214-H-052,2025-02-14,harvest,harvest,7,341,G7-04,11,9,1136,1236,bunches,11.0,9.0,completed,06:52,14:53,
WO-2025-0214-H-053,2025-02-14,harvest,harvest,7,344,G7-04,11,9,1193,1157,bunches,11.0,9.0,completed,07:17,14:22,
WO-2025-0214-H-054,2025-02-14,harvest,harvest,7,347,G7-04,15,9,1655,1592,bunches,15.0,9.0,completed,07:17,14:33,
WO-2025-0215-H-001,2025-02-15,harvest,harvest,1,1,G1-01,3,2,241,205,bunches,3.0,2.0,completed,06:58,12:48,
WO-2025-0215-H-002,2025-02-15,harvest,harvest,1,10,G1-01,10,9,1028,917,bunches,10.0,9.0,completed,07:16,13:23,
WO-2025-0215-H-003,2025-02-15,harvest,harvest,1,11,G1-02,11,9,1117,919,bunches,11.0,9.0,partial,06:53,13:08,WO-2025-0220-H-004
WO-2025-0215-H-004,2025-02-15,harvest,harvest,1,12,G1-02,8,7,819,768,bunches,8.0,7.0,completed,06:49,13:31,
WO-2025-0215-H-005,2025-02-15,harvest,harvest,1,13,G1-02,9,9,958,899,bunches,9.0,9.0,completed,06:51,13:31,
WO-2025-0215-H-006,2025-02-15,harvest,harvest,1,23,G1-03,8,6,773,601,bunches,8.0,6.0,partial,07:01,12:53,WO-2025-0216-H-006
WO-2025-0215-H-007,2025-02-15,harvest,harvest,1,26,G1-03,9,8,950,784,bunches,9.0,8.0,partial,06:56,13:06,WO-2025-0219-H-009
WO-2025-0215-H-008,2025-02-15,harvest,harvest,1,30,G1-03,6,5,655,523,bunches,6.0,5.0,partial,06:48,12:26,
WO-2025-0215-H-009,2025-02-15,harvest,harvest,1,33,G1-04,9,7,914,701,bunches,9.0,7.0,partial,07:19,12:55,WO-2025-0218-H-010
WO-2025-0215-H-010,2025-02-15,harvest,harvest,1,38,G1-04,7,7,746,650,bunches,7.0,7.0,completed,07:12,13:16,
WO-2025-0215-H-011,2025-02-15,harvest,harvest,2,50,G2-02,8,0,795,0,bunches,8.0,0.0,not_started,06:56,,WO-2025-0216-H-016
WO-2025-0215-H-012,2025-02-15,harvest,harvest,2,54,G2-02,5,6,472,543,bunches,5.0,6.0,completed,06:55,15:25,
WO-2025-0215-H-013,2025-02-15,harvest,harvest,2,56,G2-02,10,8,984,818,bunches,10.0,8.0,partial,07:15,13:27,WO-2025-0220-H-013
WO-2025-0215-H-014,2025-02-15,harvest,harvest,2,63,G2-03,14,9,1349,1233,bunches,14.0,9.0,completed,06:56,13:42,
WO-2025-0215-H-015,2025-02-15,harvest,harvest,2,65,G2-03,6,6,599,569,bunches,6.0,6.0,completed,07:07,13:59,
WO-2025-0215-H-016,2025-02-15,harvest,harvest,2,382,G2-04,12,9,1315,1058,bunches,12.0,9.0,partial,07:05,12:55,WO-2025-0219-H-021
WO-2025-0215-H-017,2025-02-15,harvest,harvest,3,78,G3-01,8,7,830,680,bunches,8.0,7.0,partial,06:57,12:37,
WO-2025-0215-H-018,2025-02-15,harvest,harvest,3,83,G3-01,21,9,2208,1777,bunches,21.0,9.0,partial,07:16,13:18,WO-2025-0220-H-019
WO-2025-0215-H-019,2025-02-15,harvest,harvest,3,86,G3-01,15,9,1524,1501,bunches,15.0,9.0,completed,07:12,14:18,
WO-2025-0215-H-020,2025-02-15,harvest,harvest,3,88,G3-02,16,9,1506,1474,bunches,16.0,9.0,completed,07:07,14:21,
WO-2025-0215-H-021,2025-02-15,harvest,harvest,3,90,G3-02,13,9,1219,1251,bunches,13.0,9.0,completed,07:20,14:31,
WO-2025-0215-H-022,2025-02-15,harvest,harvest,3,101,G3-03,13,9,1327,1148,bunches,13.0,9.0,completed,07:02,12:56,
WO-2025-0215-H-023,2025-02-15,harvest,harvest,3,102,G3-03,8,8,861,836,bunches,8.0,8.0,completed,07:07,14:16,
WO-2025-0215-H-024,2025-02-15,harvest,harvest,3,103,G3-03,10,9,1045,991,bunches,10.0,9.0,completed,06:53,13:28,
WO-2025-0215-H-025,2025-02-15,harvest,harvest,3,104,G3-03,12,9,1224,1100,bunches,12.0,9.0,completed,07:00,13:49,
WO-2025-0215-H-026,2025-02-15,harvest,harvest,3,109,G3-03,12,9,1244,1288,bunches,12.0,9.0,completed,06:45,14:36,
WO-2025-0215-H-027,2025-02-15,harvest,harvest,4,124,G4-01,6,6,658,618,bunches,6.0,6.0,completed,07:10,13:49,
WO-2025-0215-H-028,2025-02-15,harvest,harvest,4,128,G4-01,19,9,2060,1745,bunches,19.0,9.0,partial,06:54,13:08,
WO-2025-0215-H-029,2025-02-15,harvest,harvest,4,129,G4-01,9,9,1000,1147,bunches,9.0,9.0,completed,07:11,15:10,
WO-2025-0215-H-030,2025-02-15,harvest,harvest,4,135,G4-02,12,9,1315,1336,bunches,12.0,9.0,completed,07:06,14:29,
WO-2025-0215-H-031,2025-02-15,harvest,harvest,4,139,G4-02,12,9,1329,1494,bunches,12.0,9.0,completed,06:50,14:56,
WO-2025-0215-H-032,2025-02-15,harvest,harvest,4,141,G4-02,11,9,1173,1126,bunches,11.0,9.0,completed,07:16,14:17,
WO-2025-0215-H-033,2025-02-15,harvest,harvest,4,142,G4-02,11,9,1102,1181,bunches,11.0,9.0,completed,07:11,14:47,
WO-2025-0215-H-034,2025-02-15,harvest,harvest,4,143,G4-02,15,9,1554,1649,bunches,15.0,9.0,completed,07:19,14:57,
WO-2025-0215-H-035,2025-02-15,harvest,harvest,4,144,G4-03,10,9,978,1125,bunches,10.0,9.0,completed,07:21,15:51,
WO-2025-0215-H-036,2025-02-15,harvest,harvest,4,145,G4-03,18,9,1885,1511,bunches,18.0,9.0,partial,06:55,12:43,
WO-2025-0215-H-037,2025-02-15,harvest,harvest,4,147,G4-03,13,9,1305,1157,bunches,13.0,9.0,completed,06:56,13:17,
WO-2025-0215-H-038,2025-02-15,harvest,harvest,5,179,G5-01,14,9,1515,1340,bunches,14.0,9.0,completed,07:15,13:41,
WO-2025-0215-H-039,2025-02-15,harvest,harvest,5,192,G5-02,10,9,1022,908,bunches,10.0,9.0,completed,07:15,13:58,
WO-2025-0215-H-040,2025-02-15,harvest,harvest,5,199,G5-03,13,9,1325,1262,bunches,13.0,9.0,completed,07:10,13:39,
WO-2025-0215-H-041,2025-02-15,harvest,harvest,5,201,G5-03,17,9,1701,1407,bunches,17.0,9.0,partial,06:57,12:59,WO-2025-0219-H-047
WO-2025-0215-H-042,2025-02-15,harvest,harvest,5,202,G5-03,15,9,1442,1540,bunches,15.0,9.0,completed,06:58,14:39,
WO-2025-0215-H-043,2025-02-15,harvest,harvest,6,206,G6-01,11,9,1110,876,bunches,11.0,9.0,partial,06:55,12:28,WO-2025-0220-H-045
WO-2025-0215-H-044,2025-02-15,harvest,harvest,6,216,G6-02,18,9,1826,1630,bunches,18.0,9.0,completed,07:05,13:33,
WO-2025-0215-H-045,2025-02-15,harvest,harvest,6,223,G6-02,14,9,1422,1379,bunches,14.0,9.0,completed,07:14,14:25,
WO-2025-0215-H-046,2025-02-15,harvest,harvest,6,259,G6-04,11,9,1133,995,bunches,11.0,9.0,completed,06:58,13:32,
WO-2025-0215-H-047,2025-02-15,harvest,harvest,6,262,G6-04,17,9,1643,1480,bunches,17.0,9.0,completed,07:02,13:37,
WO-2025-0215-H-048,2025-02-15,harvest,harvest,6,269,G6-05,13,9,1390,1137,bunches,13.0,9.0,partial,06:46,12:22,
WO-2025-0215-H-049,2025-02-15,harvest,harvest,7,296,G7-01,14,9,1451,1296,bunches,14.0,9.0,completed,07:13,13:51,
WO-2025-0215-H-050,2025-02-15,harvest,harvest,7,300,G7-02,13,9,1270,1201,bunches,13.0,9.0,completed,06:48,13:23,
WO-2025-0215-H-051,2025-02-15,harvest,harvest,7,302,G7-02,12,9,1179,1146,bunches,12.0,9.0,completed,07:19,14:29,
WO-2025-0215-H-052,2025-02-15,harvest,harvest,7,311,G7-03,16,9,1631,1489,bunches,16.0,9.0,completed,07:11,13:34,
WO-2025-0215-H-053,2025-02-15,harvest,harvest,7,330,G7-03,10,9,953,1005,bunches,10.0,9.0,completed,07:19,15:14,
WO-2025-0215-H-054,2025-02-15,harvest,harvest,7,334,G7-03,9,9,928,961,bunches,9.0,9.0,completed,06:50,13:55,
WO-2025-0215-H-055,2025-02-15,harvest,harvest,7,346,G7-04,11,9,1179,1017,bunches,11.0,9.0,completed,07:13,13:16,
WO-2025-0216-H-001,2025-02-16,harvest,harvest,1,8,G1-01,10,7,1042,746,bunches,10.0,7.0,partial,06:59,11:52,WO-2025-0218-H-002
WO-2025-0216-H-002,2025-02-16,harvest,harvest,1,14,G1-02,10,8,1047,803,bunches,10.0,8.0,partial,06:59,12:17,WO-2025-0219-H-006
WO-2025-0216-H-003,2025-02-16,harvest,harvest,1,18,G1-02,8,5,737,475,bunches,8.0,5.0,partial,07:02,11:39,WO-2025-0219-H-008
WO-2025-0216-H-004,2025-02-16,harvest,harvest,1,21,G1-03,7,7,738,727,bunches,7.0,7.0,completed,07:18,14:42,
WO-2025-0216-H-005,2025-02-16,harvest,harvest,1,22,G1-03,9,7,859,755,bunches,9.0,7.0,completed,06:56,12:59,
WO-2025-0216-H-006,2025-02-16,harvest,harvest,1,23,G1-03,6,6,596,601,bunches,6.0,6.0,completed,07:19,14:57,
WO-2025-0216-H-007,2025-02-16,harvest,harvest,1,24,G1-03,10,8,996,829,bunches,10.0,8.0,partial,06:53,12:36,WO-2025-0221-H-007
WO-2025-0216-H-008,2025-02-16,harvest,harvest,1,28,G1-03,8,9,823,895,bunches,8.0,9.0,completed,07:13,15:02,
WO-2025-0216-H-009,2025-02-16,harvest,harvest,1,31,G1-04,7,6,715,642,bunches,7.0,6.0,completed,07:11,14:01,
WO-2025-0216-H-010,2025-02-16,harvest,harvest,1,32,G1-04,6,6,583,670,bunches,6.0,6.0,completed,07:15,15:33,
WO-2025-0216-H-011,2025-02-16,harvest,harvest,1,35,G1-04,9,7,961,761,bunches,9.0,7.0,partial,07:05,12:44,WO-2025-0220-H-009
WO-2025-0216-H-012,2025-02-16,harvest,harvest,1,36,G1-04,5,5,507,464,bunches,5.0,5.0,completed,07:01,13:31,
WO-2025-0216-H-013,2025-02-16,harvest,harvest,2,41,G2-01,9,9,873,856,bunches,9.0,9.0,completed,07:01,14:00,
WO-2025-0216-H-014,2025-02-16,harvest,harvest,2,42,G2-01,8,8,828,779,bunches,8.0,8.0,completed,07:13,13:38,
WO-2025-0216-H-015,2025-02-16,harvest,harvest,2,49,G2-01,6,6,614,611,bunches,6.0,6.0,completed,06:51,13:45,
WO-2025-0216-H-016,2025-02-16,harvest,harvest,2,50,G2-02,8,7,795,665,bunches,8.0,7.0,partial,07:17,13:28,WO-2025-0218-H-016
WO-2025-0216-H-017,2025-02-16,harvest,harvest,2,58,G2-02,11,9,1136,927,bunches,11.0,9.0,partial,06:55,12:57,WO-2025-0219-H-016
WO-2025-0216-H-018,2025-02-16,harvest,harvest,2,60,G2-03,20,9,2012,1378,bunches,20.0,9.0,partial,07:14,12:32,
WO-2025-0216-H-019,2025-02-16,harvest,harvest,3,76,G3-01,10,9,1036,1191,bunches,10.0,9.0,completed,06:51,14:49,
WO-2025-0216-H-020,2025-02-16,harvest,harvest,3,84,G3-01,18,9,1852,1643,bunches,18.0,9.0,completed,07:20,13:58,
WO-2025-0216-H-021,2025-02-16,harvest,harvest,3,85,G3-01,12,9,1250,998,bunches,12.0,9.0,partial,07:00,13:03,WO-2025-0220-H-020
WO-2025-0216-H-022,2025-02-16,harvest,harvest,3,89,G3-02,9,9,916,921,bunches,9.0,9.0,completed,07:06,14:03,
WO-2025-0216-H-023,2025-02-16,harvest,harvest,3,91,G3-02,9,9,871,866,bunches,9.0,9.0,completed,06:49,14:13,
WO-2025-0216-H-024,2025-02-16,harvest,harvest,3,95,G3-02,11,9,1157,1234,bunches,11.0,9.0,completed,07:09,15:01,
WO-2025-0216-H-025,2025-02-16,harvest,harvest,3,98,G3-02,12,9,1228,1262,bunches,12.0,9.0,completed,07:03,14:27,
WO-2025-0216-H-026,2025-02-16,harvest,harvest,3,110,G3-03,11,9,1115,883,bunches,11.0,9.0,partial,07:13,13:12,WO-2025-0221-H-022
WO-2025-0216-H-027,2025-02-16,harvest,harvest,3,111,G3-03,16,9,1635,1150,bunches,16.0,9.0,partial,06:46,11:28,WO-2025-0221-H-023
WO-2025-0216-H-028,2025-02-16,harvest,harvest,3,115,G3-04,16,8,1625,848,bunches,16.0,8.0,partial,06:52,10:38,WO-2025-0219-H-032
WO-2025-0216-H-029,2025-02-16,harvest,harvest,3,121,G3-04,6,3,664,335,bunches,6.0,3.0,partial,07:10,10:34,
WO-2025-0216-H-030,2025-02-16,harvest,harvest,3,369,G3-04,5,2,516,257,bunches,5.0,2.0,partial,06:54,10:51,
WO-2025-0216-H-031,2025-02-16,harvest,harvest,4,131,G4-01,25,9,2730,1523,bunches,25.0,9.0,partial,07:08,11:23,WO-2025-0219-H-035
WO-2025-0216-H-032,2025-02-16,harvest,harvest,4,133,G4-02,22,9,2356,1628,bunches,22.0,9.0,partial,06:59,11:40,WO-2025-0220-H-033
WO-2025-0216-H-033,2025-02-16,harvest,harvest,4,152,G4-03,15,9,1502,1213,bunches,15.0,9.0,partial,06:52,13:01,
WO-2025-0216-H-034,2025-02-16,harvest,harvest,4,166,G4-04,17,9,1712,892,bunches,17.0,9.0,partial,07:18,11:05,WO-2025-0221-H-032
WO-2025-0216-H-035,2025-02-16,harvest,harvest,5,169,G5-01,12,9,1219,1122,bunches,12.0,9.0,completed,07:01,13:50,
WO-2025-0216-H-036,2025-02-16,harvest,harvest,5,170,G5-01,12,9,1285,977,bunches,12.0,9.0,partial,07:01,12:29,WO-2025-0221-H-034
WO-2025-0216-H-037,2025-02-16,harvest,harvest,5,172,G5-01,17,9,1805,1485,bunches,17.0,9.0,partial,07:10,13:14,WO-2025-0220-H-040
WO-2025-0216-H-038,2025-02-16,harvest,harvest,5,173,G5-01,10,9,1003,978,bunches,10.0,9.0,completed,07:18,14:03,
WO-2025-0216-H-039,2025-02-16,harvest,harvest,5,177,G5-01,10,9,1096,989,bunches,10.0,9.0,completed,07:15,14:08,
WO-2025-0216-H-040,2025-02-16,harvest,harvest,5,186,G5-02,17,9,1776,1217,bunches,17.0,9.0,partial,07:15,12:32,
WO-2025-0216-H-041,2025-02-16,harvest,harvest,5,190,G5-02,20,9,2159,1737,bunches,20.0,9.0,partial,06:53,12:29,
WO-2025-0216-H-042,2025-02-16,harvest,harvest,6,214,G6-02,30,9,3141,2400,bunches,30.0,9.0,partial,06:48,12:34,
WO-2025-0216-H-043,2025-02-16,harvest,harvest,6,215,G6-02,21,9,2152,1817,bunches,21.0,9.0,partial,06:56,13:17,
WO-2025-0216-H-044,2025-02-16,harvest,harvest,6,250,G6-03,16,9,1681,1524,bunches,16.0,9.0,completed,07:09,13:23,
WO-2025-0216-H-045,2025-02-16,harvest,harvest,6,254,G6-03,17,9,1711,1590,bunches,17.0,9.0,completed,06:55,13:14,
WO-2025-0216-H-046,2025-02-16,harvest,harvest,6,257,G6-03,13,9,1344,1199,bunches,13.0,9.0,completed,07:17,13:41,
WO-2025-0216-H-047,2025-02-16,harvest,harvest,6,380,G6-05,12,0,1278,0,bunches,12.0,0.0,not_started,07:12,,WO-2025-0217-H-044
WO-2025-0216-H-048,2025-02-16,harvest,harvest,7,301,G7-02,11,0,1160,0,bunches,11.0,0.0,not_started,06:59,,WO-2025-0217-H-046
WO-2025-0216-H-049,2025-02-16,harvest,harvest,7,304,G7-02,13,9,1325,1260,bunches,13.0,9.0,completed,07:19,13:59,
WO-2025-0216-H-050,2025-02-16,harvest,harvest,7,309,G7-02,10,9,1029,982,bunches,10.0,9.0,completed,06:50,13:53,
WO-2025-0216-H-051,2025-02-16,harvest,harvest,7,333,G7-03,6,7,651,673,bunches,6.0,7.0,completed,07:16,14:52,
WO-2025-0216-H-052,2025-02-16,harvest,harvest,7,337,G7-03,11,9,1095,1153,bunches,11.0,9.0,completed,06:48,14:26,
WO-2025-0216-H-053,2025-02-16,harvest,harvest,7,338,G7-03,8,8,794,840,bunches,8.0,8.0,completed,07:19,14:57,
WO-2025-0217-H-001,2025-02-17,harvest,harvest,1,3,G1-01,5,0,473,0,bunches,5.0,0.0,not_started,06:54,,WO-2025-0218-H-001
WO-2025-0217-H-002,2025-02-17,harvest,harvest,1,4,G1-01,4,4,387,354,bunches,4.0,4.0,completed,06:51,13:38,
WO-2025-0217-H-003,2025-02-17,harvest,harvest,1,5,G1-01,3,2,314,249,bunches,3.0,2.0,partial,07:19,12:55,
WO-2025-0217-H-004,2025-02-17,harvest,harvest,1,7,G1-01,5,4,515,370,bunches,5.0,4.0,partial,07:10,12:06,WO-2025-0219-H-002
WO-2025-0217-H-005,2025-02-17,harvest,harvest,1,9,G1-01,5,5,475,509,bunches,5.0,5.0,completed,06:59,14:35,
WO-2025-0217-H-006,2025-02-17,harvest,harvest,1,22,G1-03,7,7,670,755,bunches,7.0,7.0,completed,07:14,15:07,
WO-2025-0217-H-007,2025-02-17,harvest,harvest,1,29,G1-03,10,7,1023,689,bunches,10.0,7.0,partial,07:03,11:49,WO-2025-0221-H-008
WO-2025-0217-H-008,2025-02-17,harvest,harvest,1,34,G1-04,10,9,1036,916,bunches,10.0,9.0,completed,07:18,13:41,
WO-2025-0217-H-009,2025-02-17,harvest,harvest,1,37,G1-04,8,6,854,626,bunches,8.0,6.0,partial,06:53,11:52,WO-2025-0219-H-011
WO-2025-0217-H-010,2025-02-17,harvest,harvest,2,44,G2-01,10,9,992,957,bunches,10.0,9.0,completed,06:46,14:03,
WO-2025-0217-H-011,2025-02-17,harvest,harvest,2,47,G2-01,11,9,1063,1222,bunches,11.0,9.0,completed,07:18,15:19,
WO-2025-0217-H-012,2025-02-17,harvest,harvest,2,49,G2-01,5,6,531,611,bunches,5.0,6.0,completed,06:55,15:25,
WO-2025-0217-H-013,2025-02-17,harvest,harvest,2,64,G2-03,7,6,665,613,bunches,7.0,6.0,completed,07:17,13:37,
WO-2025-0217-H-014,2025-02-17,harvest,harvest,2,67,G2-03,6,7,575,661,bunches,6.0,7.0,completed,06:46,15:02,
WO-2025-0217-H-015,2025-02-17,harvest,harvest,2,68,G2-03,12,9,1201,1126,bunches,12.0,9.0,completed,07:17,14:10,
WO-2025-0217-H-016,2025-02-17,harvest,harvest,2,72,G2-04,7,6,696,643,bunches,7.0,6.0,completed,07:18,13:34,
WO-2025-0217-H-017,2025-02-17,harvest,harvest,3,75,G3-01,17,9,1759,1354,bunches,17.0,9.0,partial,06:55,12:44,WO-2025-0219-H-022
WO-2025-0217-H-018,2025-02-17,harvest,harvest,3,77,G3-01,11,9,1172,1078,bunches,11.0,9.0,completed,07:11,14:10,
WO-2025-0217-H-019,2025-02-17,harvest,harvest,3,96,G3-02,12,9,1227,1107,bunches,12.0,9.0,completed,06:46,13:31,
WO-2025-0217-H-020,2025-02-17,harvest,harvest,3,100,G3-02,13,9,1397,1125,bunches,13.0,9.0,partial,06:48,12:24,WO-2025-0220-H-025
WO-2025-0217-H-021,2025-02-17,harvest,harvest,3,105,G3-03,12,9,1217,1027,bunches,12.0,9.0,partial,07:12,13:31,WO-2025-0222-H-024
WO-2025-0217-H-022,2025-02-17,harvest,harvest,3,114,G3-04,8,6,784,579,bunches,8.0,6.0,partial,07:06,12:48,WO-2025-0222-H-026
WO-2025-0217-H-023,2025-02-17,harvest,harvest,4,126,G4-01,2,2,259,210,bunches,2.0,2.0,partial,06:57,12:33,
WO-2025-0217-H-024,2025-02-17,harvest,harvest,4,130,G4-01,26,9,2761,2940,bunches,26.0,9.0,completed,07:04,14:39,
WO-2025-0217-H-025,2025-02-17,harvest,harvest,4,137,G4-02,23,9,2405,2045,bunches,23.0,9.0,completed,06:53,13:18,
WO-2025-0217-H-026,2025-02-17,harvest,harvest,4,138,G4-02,22,9,2369,2221,bunches,22.0,9.0,completed,07:05,13:40,
WO-2025-0217-H-027,2025-02-17,harvest,harvest,4,150,G4-03,17,9,1785,1776,bunches,17.0,9.0,completed,06:58,14:31,
WO-2025-0217-H-028,2025-02-17,harvest,harvest,4,154,G4-03,3,3,343,338,bunches,3.0,3.0,completed,06:48,13:53,
WO-2025-0217-H-029,2025-02-17,harvest,harvest,5,174,G5-01,4,3,369,329,bunches,4.0,3.0,completed,07:00,13:24,
WO-2025-0217-H-030,2025-02-17,harvest,harvest,5,185,G5-02,12,9,1318,1154,bunches,12.0,9.0,completed,07:07,13:12,
WO-2025-0217-H-031,2025-02-17,harvest,harvest,5,187,G5-02,16,9,1664,1133,bunches,16.0,9.0,partial,06:54,11:51,WO-2025-0221-H-039
WO-2025-0217-H-032,2025-02-17,harvest,harvest,5,188,G5-02,11,9,1070,1031,bunches,11.0,9.0,completed,07:03,14:03,
WO-2025-0217-H-033,2025-02-17,harvest,harvest,5,195,G5-03,17,9,1703,1293,bunches,17.0,9.0,partial,07:00,12:50,WO-2025-0220-H-043
WO-2025-0217-H-034,2025-02-17,harvest,harvest,5,197,G5-03,14,9,1474,1692,bunches,14.0,9.0,completed,07:11,15:39,
WO-2025-0217-H-035,2025-02-17,harvest,harvest,5,373,G5-03,2,2,198,194,bunches,2.0,2.0,completed,07:04,13:00,
WO-2025-0217-H-036,2025-02-17,harvest,harvest,6,205,G6-01,11,9,1168,1130,bunches,11.0,9.0,completed,06:56,14:13,
WO-2025-0217-H-037,2025-02-17,harvest,harvest,6,208,G6-01,13,9,1303,1114,bunches,13.0,9.0,completed,07:10,13:22,
WO-2025-0217-H-038,2025-02-17,harvest,harvest,6,210,G6-01,15,9,1629,1469,bunches,15.0,9.0,completed,06:46,13:18,
WO-2025-0217-H-039,2025-02-17,harvest,harvest,6,248,G6-03,19,9,1823,1021,bunches,19.0,9.0,partial,07:12,11:25,
WO-2025-0217-H-040,2025-02-17,harvest,harvest,6,255,G6-03,12,9,1112,901,bunches,12.0,9.0,partial,06:56,12:44,
WO-2025-0217-H-041,2025-02-17,harvest,harvest,6,256,G6-03,18,9,1715,1375,bunches,18.0,9.0,partial,07:05,12:53,
WO-2025-0217-H-042,2025-02-17,harvest,harvest,6,258,G6-04,4,3,380,311,bunches,4.0,3.0,partial,06:56,12:00,WO-2025-0222-H-043
WO-2025-0217-H-043,2025-02-17,harvest,harvest,6,270,G6-05,17,9,1864,1394,bunches,17.0,9.0,partial,06:56,12:37,
WO-2025-0217-H-044,2025-02-17,harvest,harvest,6,380,G6-05,12,9,1278,1107,bunches,12.0,9.0,completed,07:20,13:27,
WO-2025-0217-H-045,2025-02-17,harvest,harvest,7,290,G7-01,12,8,1246,747,bunches,12.0,8.0,partial,07:06,11:32,
WO-2025-0217-H-046,2025-02-17,harvest,harvest,7,301,G7-02,11,9,1160,1024,bunches,11.0,9.0,completed,07:16,13:21,
WO-2025-0217-H-047,2025-02-17,harvest,harvest,7,303,G7-02,7,8,674,764,bunches,7.0,8.0,completed,07:05,15:26,
WO-2025-0217-H-048,2025-02-17,harvest,harvest,7,310,G7-02,16,9,1608,1507,bunches,16.0,9.0,completed,07:10,14:15,
WO-2025-0217-H-049,2025-02-17,harvest,harvest,7,332,G7-03,14,9,1382,1033,bunches,14.0,9.0,partial,07:19,12:59,
WO-2025-0217-H-050,2025-02-17,harvest,harvest,7,340,G7-04,9,9,890,888,bunches,9.0,9.0,completed,06:57,14:22,
WO-2025-0217-H-051,2025-02-17,harvest,harvest,7,341,G7-04,12,9,1238,1236,bunches,12.0,9.0,completed,07:18,14:45,
WO-2025-0217-H-052,2025-02-17,harvest,harvest,7,346,G7-04,10,9,1109,1017,bunches,10.0,9.0,completed,06:58,13:50,
WO-2025-0217-H-053,2025-02-17,harvest,harvest,7,347,G7-04,16,9,1755,1592,bunches,16.0,9.0,completed,07:02,13:18,
WO-2025-0218-H-001,2025-02-18,harvest,harvest,1,3,G1-01,5,4,473,418,bunches,5.0,4.0,completed,07:10,13:36,
WO-2025-0218-H-002,2025-02-18,harvest,harvest,1,8,G1-01,8,7,766,746,bunches,8.0,7.0,completed,06:46,13:50,
WO-2025-0218-H-003,2025-02-18,harvest,harvest,1,12,G1-02,8,7,847,768,bunches,8.0,7.0,completed,07:18,13:41,
WO-2025-0218-H-004,2025-02-18,harvest,harvest,1,15,G1-02,7,8,758,796,bunches,7.0,8.0,completed,07:17,14:40,
WO-2025-0218-H-005,2025-02-18,harvest,harvest,1,17,G1-02,5,5,490,531,bunches,5.0,5.0,completed,06:47,14:56,
WO-2025-0218-H-006,2025-02-18,harvest,harvest,1,19,G1-02,6,5,567,556,bunches,6.0,5.0,completed,07:07,14:18,
WO-2025-0218-H-007,2025-02-18,harvest,harvest,1,20,G1-02,7,7,696,697,bunches,7.0,7.0,completed,06:53,13:53,
WO-2025-0218-H-008,2025-02-18,harvest,harvest,1,25,G1-03,8,8,841,802,bunches,8.0,8.0,completed,06:46,13:49,
WO-2025-0218-H-009,2025-02-18,harvest,harvest,1,27,G1-03,8,8,853,785,bunches,8.0,8.0,completed,06:57,13:31,
WO-2025-0218-H-010,2025-02-18,harvest,harvest,1,33,G1-04,9,7,898,701,bunches,9.0,7.0,partial,06:48,12:02,
WO-2025-0218-H-011,2025-02-18,harvest,harvest,1,39,G1-04,12,9,1189,890,bunches,12.0,9.0,partial,06:53,12:09,WO-2025-0223-H-013
WO-2025-0218-H-012,2025-02-18,harvest,harvest,2,42,G2-01,8,8,796,779,bunches,8.0,8.0,completed,07:11,14:17,
WO-2025-0218-H-013,2025-02-18,harvest,harvest,2,43,G2-01,9,9,883,1002,bunches,9.0,9.0,completed,07:03,15:04,
WO-2025-0218-H-014,2025-02-18,harvest,harvest,2,45,G2-01,12,9,1196,1006,bunches,12.0,9.0,partial,07:19,13:03,
WO-2025-0218-H-015,2025-02-18,harvest,harvest,2,46,G2-01,11,9,1079,1166,bunches,11.0,9.0,completed,06:58,14:48,
WO-2025-0218-H-016,2025-02-18,harvest,harvest,2,50,G2-02,6,7,636,665,bunches,6.0,7.0,completed,06:48,14:29,
WO-2025-0218-H-017,2025-02-18,harvest,harvest,2,55,G2-02,9,9,882,981,bunches,9.0,9.0,completed,07:15,15:07,
WO-2025-0218-H-018,2025-02-18,harvest,harvest,2,59,G2-03,11,9,1117,1005,bunches,11.0,9.0,completed,06:57,13:18,
WO-2025-0218-H-019,2025-02-18,harvest,harvest,2,62,G2-03,8,8,837,822,bunches,8.0,8.0,completed,06:00,14:20,
WO-2025-0218-H-020,2025-02-18,harvest,harvest,2,69,G2-04,11,9,1052,1020,bunches,11.0,9.0,completed,07:00,13:51,
WO-2025-0218-H-021,2025-02-18,harvest,harvest,2,70,G2-04,8,7,766,718,bunches,8.0,7.0,completed,06:45,13:18,
WO-2025-0218-H-022,2025-02-18,harvest,harvest,2,72,G2-04,7,0,669,0,bunches,7.0,0.0,not_started,07:05,,WO-2025-0219-H-019
WO-2025-0218-H-023,2025-02-18,harvest,harvest,2,73,G2-04,13,0,1323,0,bunches,13.0,0.0,not_started,07:01,,WO-2025-0219-H-020
WO-2025-0218-H-024,2025-02-18,harvest,harvest,2,74,G2-04,10,9,980,975,bunches,10.0,9.0,completed,06:50,14:18,
WO-2025-0218-H-025,2025-02-18,harvest,harvest,3,93,G3-02,12,9,1193,1319,bunches,12.0,9.0,completed,06:59,15:20,
WO-2025-0218-H-026,2025-02-18,harvest,harvest,3,102,G3-03,8,8,864,836,bunches,8.0,8.0,completed,06:53,13:36,
WO-2025-0218-H-027,2025-02-18,harvest,harvest,3,107,G3-03,17,9,1810,1708,bunches,17.0,9.0,completed,07:09,13:49,
WO-2025-0218-H-028,2025-02-18,harvest,harvest,3,113,G3-03,13,9,1258,1153,bunches,13.0,9.0,completed,06:48,13:07,
WO-2025-0218-H-029,2025-02-18,harvest,harvest,3,370,G3-04,1,1,123,100,bunches,1.0,1.0,partial,07:15,13:16,
WO-2025-0218-H-030,2025-02-18,harvest,harvest,4,125,G4-01,5,5,547,450,bunches,5.0,5.0,partial,06:55,12:31,
WO-2025-0218-H-031,2025-02-18,harvest,harvest,4,129,G4-01,12,9,1280,1147,bunches,12.0,9.0,completed,06:55,13:37,
WO-2025-0218-H-032,2025-02-18,harvest,harvest,4,134,G4-02,12,9,1326,1290,bunches,12.0,9.0,completed,07:20,14:35,
WO-2025-0218-H-033,2025-02-18,harvest,harvest,4,136,G4-02,16,9,1679,1736,bunches,16.0,9.0,completed,07:02,14:10,
WO-2025-0218-H-034,2025-02-18,harvest,harvest,4,139,G4-02,15,9,1611,1494,bunches,15.0,9.0,completed,07:20,14:05,
WO-2025-0218-H-035,2025-02-18,harvest,harvest,4,143,G4-02,16,9,1690,1649,bunches,16.0,9.0,completed,06:45,14:02,
WO-2025-0218-H-036,2025-02-18,harvest,harvest,4,151,G4-03,11,0,1187,0,bunches,11.0,0.0,not_started,07:20,,WO-2025-0219-H-038
WO-2025-0218-H-037,2025-02-18,harvest,harvest,4,158,G4-04,18,9,1852,1693,bunches,18.0,9.0,completed,07:08,13:43,
WO-2025-0218-H-038,2025-02-18,harvest,harvest,4,159,G4-04,17,9,1733,1601,bunches,17.0,9.0,completed,07:15,14:09,
WO-2025-0218-H-039,2025-02-18,harvest,harvest,5,180,G5-02,16,9,1748,1701,bunches,16.0,9.0,completed,06:59,13:36,
WO-2025-0218-H-040,2025-02-18,harvest,harvest,5,184,G5-02,9,8,942,783,bunches,9.0,8.0,partial,07:17,13:04,
WO-2025-0218-H-041,2025-02-18,harvest,harvest,5,189,G5-02,14,9,1414,1181,bunches,14.0,9.0,partial,06:45,13:07,WO-2025-0221-H-041
WO-2025-0218-H-042,2025-02-18,harvest,harvest,6,207,G6-01,13,9,1388,1158,bunches,13.0,9.0,partial,06:46,12:27,WO-2025-0220-H-046
WO-2025-0218-H-043,2025-02-18,harvest,harvest,6,209,G6-01,23,9,2353,1841,bunches,23.0,9.0,partial,07:05,12:59,
WO-2025-0218-H-044,2025-02-18,harvest,harvest,6,249,G6-03,12,9,1198,1378,bunches,12.0,9.0,completed,06:49,15:15,
WO-2025-0218-H-045,2025-02-18,harvest,harvest,6,266,G6-04,14,0,1434,0,bunches,14.0,0.0,not_started,07:08,,WO-2025-0219-H-057
WO-2025-0218-H-046,2025-02-18,harvest,harvest,6,379,G6-05,15,9,1566,1526,bunches,15.0,9.0,completed,07:16,14:02,
WO-2025-0218-H-047,2025-02-18,harvest,harvest,7,288,G7-01,6,7,680,685,bunches,6.0,7.0,completed,06:49,13:56,
WO-2025-0218-H-048,2025-02-18,harvest,harvest,7,299,G7-02,16,9,1630,1249,bunches,16.0,9.0,partial,07:05,12:17,
WO-2025-0218-H-049,2025-02-18,harvest,harvest,7,306,G7-02,14,9,1365,1147,bunches,14.0,9.0,partial,06:47,12:50,
WO-2025-0218-H-050,2025-02-18,harvest,harvest,7,331,G7-03,14,9,1432,1082,bunches,14.0,9.0,partial,06:55,12:26,
WO-2025-0218-H-051,2025-02-18,harvest,harvest,7,342,G7-04,12,9,1254,931,bunches,12.0,9.0,partial,07:21,12:56,WO-2025-0222-H-054
WO-2025-0218-H-052,2025-02-18,harvest,harvest,7,345,G7-04,8,9,872,1003,bunches,8.0,9.0,completed,07:16,15:30,
WO-2025-0219-H-001,2025-02-19,harvest,harvest,1,6,G1-01,3,3,358,315,bunches,3.0,3.0,completed,07:20,13:50,
WO-2025-0219-H-002,2025-02-19,harvest,harvest,1,7,G1-01,4,4,450,370,bunches,4.0,4.0,partial,07:04,12:53,WO-2025-0222-H-002
WO-2025-0219-H-003,2025-02-19,harvest,harvest,1,9,G1-01,6,5,619,509,bunches,6.0,5.0,partial,07:02,13:01,WO-2025-0221-H-003
WO-2025-0219-H-004,2025-02-19,harvest,harvest,1,10,G1-01,11,9,1074,917,bunches,11.0,9.0,completed,06:47,13:15,
WO-2025-0219-H-005,2025-02-19,harvest,harvest,1,13,G1-02,9,9,948,899,bunches,9.0,9.0,completed,07:18,13:45,
WO-2025-0219-H-006,2025-02-19,harvest,harvest,1,14,G1-02,8,8,800,803,bunches,8.0,8.0,completed,07:12,14:35,
WO-2025-0219-H-007,2025-02-19,harvest,harvest,1,16,G1-02,5,5,496,510,bunches,5.0,5.0,completed,06:52,13:55,
WO-2025-0219-H-008,2025-02-19,harvest,harvest,1,18,G1-02,7,5,644,475,bunches,7.0,5.0,partial,06:56,11:54,WO-2025-0224-H-003
WO-2025-0219-H-009,2025-02-19,harvest,harvest,1,26,G1-03,7,8,704,784,bunches,7.0,8.0,completed,06:55,14:57,
WO-2025-0219-H-010,2025-02-19,harvest,harvest,1,36,G1-04,6,5,572,464,bunches,6.0,5.0,partial,06:52,12:39,WO-2025-0220-H-010
WO-2025-0219-H-011,2025-02-19,harvest,harvest,1,37,G1-04,6,6,646,626,bunches,6.0,6.0,completed,07:21,14:05,
WO-2025-0219-H-012,2025-02-19,harvest,harvest,2,42,G2-01,10,8,1005,779,bunches,10.0,8.0,partial,06:55,12:08,WO-2025-0223-H-014
WO-2025-0219-H-013,2025-02-19,harvest,harvest,2,51,G2-02,9,8,908,781,bunches,9.0,8.0,completed,07:09,13:19,
WO-2025-0219-H-014,2025-02-19,harvest,harvest,2,53,G2-02,6,7,613,705,bunches,6.0,7.0,completed,06:55,15:20,
WO-2025-0219-H-015,2025-02-19,harvest,harvest,2,57,G2-02,12,9,1245,1066,bunches,12.0,9.0,completed,07:09,13:04,
WO-2025-0219-H-016,2025-02-19,harvest,harvest,2,58,G2-02,10,9,1046,927,bunches,10.0,9.0,completed,06:54,12:53,
WO-2025-0219-H-017,2025-02-19,harvest,harvest,2,63,G2-03,14,9,1401,1233,bunches,14.0,9.0,completed,07:11,13:09,
WO-2025-0219-H-018,2025-02-19,harvest,harvest,2,64,G2-03,7,6,739,613,bunches,7.0,6.0,partial,07:12,13:13,WO-2025-0222-H-016
WO-2025-0219-H-019,2025-02-19,harvest,harvest,2,72,G2-04,7,6,669,643,bunches,7.0,6.0,completed,06:49,13:37,
WO-2025-0219-H-020,2025-02-19,harvest,harvest,2,73,G2-04,13,9,1323,1302,bunches,13.0,9.0,completed,07:20,14:29,
WO-2025-0219-H-021,2025-02-19,harvest,harvest,2,382,G2-04,12,9,1241,1058,bunches,12.0,9.0,completed,06:46,13:11,
WO-2025-0219-H-022,2025-02-19,harvest,harvest,3,75,G3-01,16,9,1714,1354,bunches,16.0,9.0,partial,06:49,12:53,WO-2025-0224-H-021
WO-2025-0219-H-023,2025-02-19,harvest,harvest,3,76,G3-01,10,9,1036,1191,bunches,10.0,9.0,completed,06:59,15:11,
WO-2025-0219-H-024,2025-02-19,harvest,harvest,3,80,G3-01,7,7,675,619,bunches,7.0,7.0,completed,06:51,13:40,
WO-2025-0219-H-025,2025-02-19,harvest,harvest,3,86,G3-01,14,9,1345,1501,bunches,14.0,9.0,completed,06:47,14:32,
WO-2025-0219-H-026,2025-02-19,harvest,harvest,3,87,G3-01,12,9,1198,1073,bunches,12.0,9.0,completed,07:18,14:04,
WO-2025-0219-H-027,2025-02-19,harvest,harvest,3,92,G3-02,10,8,996,831,bunches,10.0,8.0,partial,06:56,13:14,WO-2025-0224-H-022
WO-2025-0219-H-028,2025-02-19,harvest,harvest,3,97,G3-02,13,9,1295,1281,bunches,13.0,9.0,completed,06:53,14:19,
WO-2025-0219-H-029,2025-02-19,harvest,harvest,3,104,G3-03,14,9,1427,1100,bunches,14.0,9.0,partial,07:16,12:35,
WO-2025-0219-H-030,2025-02-19,harvest,harvest,3,108,G3-03,11,9,1185,1283,bunches,11.0,9.0,completed,07:14,14:39,
WO-2025-0219-H-031,2025-02-19,harvest,harvest,3,112,G3-03,10,9,1014,939,bunches,10.0,9.0,completed,07:16,13:53,
WO-2025-0219-H-032,2025-02-19,harvest,harvest,3,115,G3-04,8,8,834,848,bunches,8.0,8.0,completed,06:58,14:16,
WO-2025-0219-H-033,2025-02-19,harvest,harvest,3,117,G3-04,6,4,617,436,bunches,6.0,4.0,partial,07:16,12:21,WO-2025-0223-H-028
WO-2025-0219-H-034,2025-02-19,harvest,harvest,4,127,G4-01,1,1,143,155,bunches,1.0,1.0,completed,06:51,14:27,
WO-2025-0219-H-035,2025-02-19,harvest,harvest,4,131,G4-01,19,9,2017,1523,bunches,19.0,9.0,partial,07:07,12:48,WO-2025-0222-H-030
WO-2025-0219-H-036,2025-02-19,harvest,harvest,4,132,G4-01,22,9,2396,1503,bunches,22.0,9.0,partial,07:05,11:25,WO-2025-0222-H-031
WO-2025-0219-H-037,2025-02-19,harvest,harvest,4,148,G4-03,15,9,1592,1562,bunches,15.0,9.0,completed,07:18,14:05,
WO-2025-0219-H-038,2025-02-19,harvest,harvest,4,151,G4-03,11,9,1187,981,bunches,11.0,9.0,partial,06:49,13:09,WO-2025-0224-H-032
WO-2025-0219-H-039,2025-02-19,harvest,harvest,4,155,G4-04,7,6,658,591,bunches,7.0,6.0,completed,07:12,13:40,
WO-2025-0219-H-040,2025-02-19,harvest,harvest,4,157,G4-04,14,9,1446,1160,bunches,14.0,9.0,partial,07:10,12:52,WO-2025-0224-H-034
WO-2025-0219-H-041,2025-02-19,harvest,harvest,5,168,G5-01,15,9,1581,1522,bunches,15.0,9.0,completed,06:55,14:10,
WO-2025-0219-H-042,2025-02-19,harvest,harvest,5,181,G5-02,19,9,1993,1598,bunches,19.0,9.0,partial,07:04,12:46,
WO-2025-0219-H-043,2025-02-19,harvest,harvest,5,182,G5-02,15,9,1607,1328,bunches,15.0,9.0,partial,07:20,13:40,WO-2025-0224-H-040
WO-2025-0219-H-044,2025-02-19,harvest,harvest,5,194,G5-03,19,9,2000,2199,bunches,19.0,9.0,completed,07:04,15:16,
WO-2025-0219-H-045,2025-02-19,harvest,harvest,5,196,G5-03,14,9,1379,1544,bunches,14.0,9.0,completed,07:16,15:40,
WO-2025-0219-H-046,2025-02-19,harvest,harvest,5,200,G5-03,11,9,1144,1181,bunches,11.0,9.0,completed,06:55,14:01,
WO-2025-0219-H-047,2025-02-19,harvest,harvest,5,201,G5-03,19,9,1877,1407,bunches,19.0,9.0,partial,06:45,11:50,WO-2025-0224-H-043
WO-2025-0219-H-048,2025-02-19,harvest,harvest,6,203,G6-01,27,9,2891,2349,bunches,27.0,9.0,partial,07:20,13:21,
WO-2025-0219-H-049,2025-02-19,harvest,harvest,6,204,G6-01,13,9,1351,1447,bunches,13.0,9.0,completed,06:58,14:52,
WO-2025-0219-H-050,2025-02-19,harvest,harvest,6,212,G6-01,27,9,2937,2351,bunches,27.0,9.0,partial,07:00,12:53,
WO-2025-0219-H-051,2025-02-19,harvest,harvest,6,213,G6-02,18,9,1906,1504,bunches,18.0,9.0,partial,07:15,12:35,WO-2025-0223-H-040
WO-2025-0219-H-052,2025-02-19,harvest,harvest,6,246,G6-02,14,9,1412,1285,bunches,14.0,9.0,completed,06:55,13:26,
WO-2025-0219-H-053,2025-02-19,harvest,harvest,6,251,G6-03,14,9,1452,1173,bunches,14.0,9.0,partial,07:17,12:51,WO-2025-0224-H-047
WO-2025-0219-H-054,2025-02-19,harvest,harvest,6,252,G6-03,25,9,2576,2010,bunches,25.0,9.0,partial,06:57,12:51,
WO-2025-0219-H-055,2025-02-19,harvest,harvest,6,260,G6-04,9,9,945,1007,bunches,9.0,9.0,completed,07:04,14:51,
WO-2025-0219-H-056,2025-02-19,harvest,harvest,6,265,G6-04,13,9,1338,1323,bunches,13.0,9.0,completed,07:12,14:11,
WO-2025-0219-H-057,2025-02-19,harvest,harvest,6,266,G6-04,14,9,1434,1445,bunches,14.0,9.0,completed,06:59,13:59,
WO-2025-0219-H-058,2025-02-19,harvest,harvest,7,289,G7-01,7,7,705,707,bunches,7.0,7.0,completed,07:07,14:19,
WO-2025-0219-H-059,2025-02-19,harvest,harvest,7,297,G7-01,13,9,1288,1074,bunches,13.0,9.0,partial,06:55,12:53,WO-2025-0223-H-051
WO-2025-0219-H-060,2025-02-19,harvest,harvest,7,308,G7-02,9,8,1009,809,bunches,9.0,8.0,partial,07:08,12:57,
WO-2025-0219-H-061,2025-02-19,harvest,harvest,7,328,G7-03,11,9,1094,948,bunches,11.0,9.0,completed,07:15,13:06,
WO-2025-0219-H-062,2025-02-19,harvest,harvest,7,329,G7-03,11,8,1065,827,bunches,11.0,8.0,partial,06:56,12:53,WO-2025-0224-H-055
WO-2025-0219-H-063,2025-02-19,harvest,harvest,7,339,G7-04,16,9,1609,1466,bunches,16.0,9.0,completed,06:51,13:23,
WO-2025-0220-H-001,2025-02-20,harvest,harvest,1,1,G1-01,3,2,290,205,bunches,3.0,2.0,partial,06:49,11:30,
WO-2025-0220-H-002,2025-02-20,harvest,harvest,1,2,G1-01,5,5,538,460,bunches,5.0,5.0,completed,06:54,13:17,
WO-2025-0220-H-003,2025-02-20,harvest,harvest,1,8,G1-01,11,7,1112,746,bunches,11.0,7.0,partial,07:11,12:11,WO-2025-0222-H-003
WO-2025-0220-H-004,2025-02-20,harvest,harvest,1,11,G1-02,8,9,831,919,bunches,8.0,9.0,completed,07:21,15:23,
WO-2025-0220-H-005,2025-02-20,harvest,harvest,1,17,G1-02,6,5,592,531,bunches,6.0,5.0,completed,06:58,13:05,
WO-2025-0220-H-006,2025-02-20,harvest,harvest,1,21,G1-03,9,7,940,727,bunches,9.0,7.0,partial,07:01,12:32,WO-2025-0223-H-006
WO-2025-0220-H-007,2025-02-20,harvest,harvest,1,28,G1-03,10,9,992,895,bunches,10.0,9.0,completed,07:15,13:25,
WO-2025-0220-H-008,2025-02-20,harvest,harvest,1,34,G1-04,11,9,1081,916,bunches,11.0,9.0,partial,07:07,13:31,WO-2025-0221-H-012
WO-2025-0220-H-009,2025-02-20,harvest,harvest,1,35,G1-04,9,7,938,761,bunches,9.0,7.0,partial,06:56,13:00,WO-2025-0221-H-013
WO-2025-0220-H-010,2025-02-20,harvest,harvest,1,36,G1-04,5,5,525,464,bunches,5.0,5.0,completed,06:52,13:18,
WO-2025-0220-H-011,2025-02-20,harvest,harvest,1,38,G1-04,6,7,590,650,bunches,6.0,7.0,completed,06:46,14:27,
WO-2025-0220-H-012,2025-02-20,harvest,harvest,2,54,G2-02,9,6,860,543,bunches,9.0,6.0,partial,07:21,11:58,WO-2025-0222-H-014
WO-2025-0220-H-013,2025-02-20,harvest,harvest,2,56,G2-02,12,8,1174,818,bunches,12.0,8.0,partial,07:02,11:56,WO-2025-0225-H-013
WO-2025-0220-H-014,2025-02-20,harvest,harvest,2,59,G2-03,11,9,1093,1005,bunches,11.0,9.0,completed,07:05,13:39,
WO-2025-0220-H-015,2025-02-20,harvest,harvest,2,65,G2-03,7,6,687,569,bunches,7.0,6.0,partial,07:16,13:38,WO-2025-0225-H-016
WO-2025-0220-H-016,2025-02-20,harvest,harvest,2,71,G2-04,8,7,832,669,bunches,8.0,7.0,partial,07:12,13:12,WO-2025-0224-H-019
WO-2025-0220-H-017,2025-02-20,harvest,harvest,3,78,G3-01,9,0,942,0,bunches,9.0,0.0,not_started,06:49,,WO-2025-0221-H-018
WO-2025-0220-H-018,2025-02-20,harvest,harvest,3,81,G3-01,4,4,364,349,bunches,4.0,4.0,completed,06:51,13:44,
WO-2025-0220-H-019,2025-02-20,harvest,harvest,3,83,G3-01,16,9,1649,1777,bunches,16.0,9.0,completed,06:53,14:17,
WO-2025-0220-H-020,2025-02-20,harvest,harvest,3,85,G3-01,10,9,1031,998,bunches,10.0,9.0,completed,07:14,14:16,
WO-2025-0220-H-021,2025-02-20,harvest,harvest,3,88,G3-02,15,9,1492,1474,bunches,15.0,9.0,completed,07:03,14:12,
WO-2025-0220-H-022,2025-02-20,harvest,harvest,3,89,G3-02,11,9,1069,921,bunches,11.0,9.0,completed,06:48,12:39,
WO-2025-0220-H-023,2025-02-20,harvest,harvest,3,95,G3-02,11,9,1177,1234,bunches,11.0,9.0,completed,06:54,14:43,
WO-2025-0220-H-024,2025-02-20,harvest,harvest,3,99,G3-02,11,9,1041,870,bunches,11.0,9.0,partial,07:08,12:50,
WO-2025-0220-H-025,2025-02-20,harvest,harvest,3,100,G3-02,12,9,1330,1125,bunches,12.0,9.0,partial,07:09,13:27,WO-2025-0225-H-023
WO-2025-0220-H-026,2025-02-20,harvest,harvest,3,101,G3-03,15,9,1464,1148,bunches,15.0,9.0,partial,07:14,13:06,WO-2025-0224-H-023
WO-2025-0220-H-027,2025-02-20,harvest,harvest,3,103,G3-03,10,9,1022,991,bunches,10.0,9.0,completed,06:46,13:24,
WO-2025-0220-H-028,2025-02-20,harvest,harvest,3,106,G3-03,7,7,702,655,bunches,7.0,7.0,completed,07:05,13:46,
WO-2025-0220-H-029,2025-02-20,harvest,harvest,3,108,G3-03,14,9,1457,1283,bunches,14.0,9.0,completed,06:53,12:59,
WO-2025-0220-H-030,2025-02-20,harvest,harvest,3,109,G3-03,15,9,1578,1288,bunches,15.0,9.0,partial,06:56,12:37,WO-2025-0223-H-024
WO-2025-0220-H-031,2025-02-20,harvest,harvest,3,116,G3-04,10,7,926,672,bunches,10.0,7.0,partial,06:50,11:59,
WO-2025-0220-H-032,2025-02-20,harvest,harvest,3,118,G3-04,5,4,443,406,bunches,5.0,4.0,completed,07:13,13:44,
WO-2025-0220-H-033,2025-02-20,harvest,harvest,4,133,G4-02,14,9,1514,1628,bunches,14.0,9.0,completed,06:53,14:45,
WO-2025-0220-H-034,2025-02-20,harvest,harvest,4,135,G4-02,11,9,1206,1336,bunches,11.0,9.0,completed,07:15,15:12,
WO-2025-0220-H-035,2025-02-20,harvest,harvest,4,140,G4-02,10,9,1076,1129,bunches,10.0,9.0,completed,06:52,14:24,
WO-2025-0220-H-036,2025-02-20,harvest,harvest,4,142,G4-02,14,9,1449,1181,bunches,14.0,9.0,partial,06:47,12:30,WO-2025-0225-H-031
WO-2025-0220-H-037,2025-02-20,harvest,harvest,4,146,G4-03,18,9,1887,1655,bunches,18.0,9.0,completed,06:47,13:20,
WO-2025-0220-H-038,2025-02-20,harvest,harvest,4,160,G4-04,19,9,1917,1583,bunches,19.0,9.0,partial,06:00,12:46,
WO-2025-0220-H-039,2025-02-20,harvest,harvest,4,165,G4-04,9,8,928,761,bunches,9.0,8.0,partial,07:12,13:14,
WO-2025-0220-H-040,2025-02-20,harvest,harvest,5,172,G5-01,14,9,1475,1485,bunches,14.0,9.0,completed,07:08,14:35,
WO-2025-0220-H-041,2025-02-20,harvest,harvest,5,178,G5-01,16,0,1701,0,bunches,16.0,0.0,not_started,07:03,,WO-2025-0221-H-036
WO-2025-0220-H-042,2025-02-20,harvest,harvest,5,187,G5-02,13,0,1314,0,bunches,13.0,0.0,not_started,07:15,,WO-2025-0221-H-039
WO-2025-0220-H-043,2025-02-20,harvest,harvest,5,195,G5-03,15,9,1523,1293,bunches,15.0,9.0,partial,06:50,12:39,WO-2025-0225-H-036
WO-2025-0220-H-044,2025-02-20,harvest,harvest,6,205,G6-01,10,9,985,1130,bunches,10.0,9.0,completed,07:12,15:13,
WO-2025-0220-H-045,2025-02-20,harvest,harvest,6,206,G6-01,11,9,1105,876,bunches,11.0,9.0,partial,07:03,13:01,WO-2025-0225-H-044
WO-2025-0220-H-046,2025-02-20,harvest,harvest,6,207,G6-01,13,9,1348,1158,bunches,13.0,9.0,completed,07:16,13:39,
WO-2025-0220-H-047,2025-02-20,harvest,harvest,6,211,G6-01,25,9,2820,2675,bunches,25.0,9.0,completed,06:57,13:52,
WO-2025-0220-H-048,2025-02-20,harvest,harvest,6,247,G6-02,14,9,1446,899,bunches,14.0,9.0,partial,06:46,11:22,
WO-2025-0220-H-049,2025-02-20,harvest,harvest,6,268,G6-05,12,9,1304,1237,bunches,12.0,9.0,completed,07:07,13:51,
WO-2025-0220-H-050,2025-02-20,harvest,harvest,6,271,G6-05,19,9,2038,1689,bunches,19.0,9.0,partial,07:13,12:54,
WO-2025-0220-H-051,2025-02-20,harvest,harvest,6,272,G6-05,13,9,1343,1250,bunches,13.0,9.0,completed,06:57,13:50,
WO-2025-0220-H-052,2025-02-20,harvest,harvest,7,292,G7-01,12,9,1175,896,bunches,12.0,9.0,partial,07:01,12:54,
WO-2025-0220-H-053,2025-02-20,harvest,harvest,7,295,G7-01,8,6,825,651,bunches,8.0,6.0,partial,07:15,13:12,WO-2025-0224-H-050
WO-2025-0220-H-054,2025-02-20,harvest,harvest,7,296,G7-01,15,9,1514,1296,bunches,15.0,9.0,completed,06:48,13:08,
WO-2025-0220-H-055,2025-02-20,harvest,harvest,7,305,G7-02,17,9,1804,1285,bunches,17.0,9.0,partial,07:12,12:07,WO-2025-0223-H-052
WO-2025-0220-H-056,2025-02-20,harvest,harvest,7,330,G7-03,10,9,973,1005,bunches,10.0,9.0,completed,06:52,14:29,
WO-2025-0220-H-057,2025-02-20,harvest,harvest,7,335,G7-03,9,9,957,936,bunches,9.0,9.0,completed,06:58,13:46,
WO-2025-0220-H-058,2025-02-20,harvest,harvest,7,336,G7-03,13,9,1358,1350,bunches,13.0,9.0,completed,06:46,13:48,
WO-2025-0220-H-059,2025-02-20,harvest,harvest,7,337,G7-03,12,9,1197,1153,bunches,12.0,9.0,completed,06:57,13:38,
WO-2025-0220-H-060,2025-02-20,harvest,harvest,7,340,G7-04,10,9,1011,888,bunches,10.0,9.0,completed,06:59,12:58,
WO-2025-0221-H-001,2025-02-21,harvest,harvest,1,2,G1-01,6,5,565,460,bunches,6.0,5.0,partial,06:47,12:37,WO-2025-0226-H-001
WO-2025-0221-H-002,2025-02-21,harvest,harvest,1,4,G1-01,4,4,415,354,bunches,4.0,4.0,completed,06:48,12:56,
WO-2025-0221-H-003,2025-02-21,harvest,harvest,1,9,G1-01,6,5,552,509,bunches,6.0,5.0,completed,07:05,14:00,
WO-2025-0221-H-004,2025-02-21,harvest,harvest,1,10,G1-01,11,9,1073,917,bunches,11.0,9.0,completed,06:53,12:40,
WO-2025-0221-H-005,2025-02-21,harvest,harvest,1,22,G1-03,7,7,740,755,bunches,7.0,7.0,completed,07:20,14:17,
WO-2025-0221-H-006,2025-02-21,harvest,harvest,1,23,G1-03,5,6,523,601,bunches,5.0,6.0,completed,07:09,15:38,
WO-2025-0221-H-007,2025-02-21,harvest,harvest,1,24,G1-03,9,8,862,829,bunches,9.0,8.0,completed,07:19,14:35,
WO-2025-0221-H-008,2025-02-21,harvest,harvest,1,29,G1-03,9,7,960,689,bunches,9.0,7.0,partial,07:21,12:52,
WO-2025-0221-H-009,2025-02-21,harvest,harvest,1,30,G1-03,7,5,656,523,bunches,7.0,5.0,partial,07:18,13:14,WO-2025-0225-H-008
WO-2025-0221-H-010,2025-02-21,harvest,harvest,1,31,G1-04,8,6,867,642,bunches,8.0,6.0,partial,06:50,11:51,WO-2025-0225-H-009
WO-2025-0221-H-011,2025-02-21,harvest,harvest,1,32,G1-04,6,6,643,670,bunches,6.0,6.0,completed,06:47,14:31,
WO-2025-0221-H-012,2025-02-21,harvest,harvest,1,34,G1-04,10,9,1051,916,bunches,10.0,9.0,completed,06:57,13:35,
WO-2025-0221-H-013,2025-02-21,harvest,harvest,1,35,G1-04,9,7,985,761,bunches,9.0,7.0,partial,07:08,12:46,WO-2025-0224-H-008
WO-2025-0221-H-014,2025-02-21,harvest,harvest,2,52,G2-02,10,8,1018,747,bunches,10.0,8.0,partial,06:46,12:05,
WO-2025-0221-H-015,2025-02-21,harvest,harvest,2,53,G2-02,10,7,1050,705,bunches,10.0,7.0,partial,07:13,11:49,WO-2025-0226-H-012
WO-2025-0221-H-016,2025-02-21,harvest,harvest,2,62,G2-03,8,8,819,822,bunches,8.0,8.0,completed,07:18,14:29,
WO-2025-0221-H-017,2025-02-21,harvest,harvest,2,67,G2-03,7,7,693,661,bunches,7.0,7.0,completed,06:51,13:32,
WO-2025-0221-H-018,2025-02-21,harvest,harvest,3,78,G3-01,9,7,942,680,bunches,9.0,7.0,partial,06:00,12:21,WO-2025-0226-H-016
WO-2025-0221-H-019,2025-02-21,harvest,harvest,3,90,G3-02,16,9,1606,1252,bunches,16.0,9.0,partial,06:45,12:24,
WO-2025-0221-H-020,2025-02-21,harvest,harvest,3,96,G3-02,15,9,1460,1107,bunches,15.0,9.0,partial,07:08,12:35,WO-2025-0225-H-022
WO-2025-0221-H-021,2025-02-21,harvest,harvest,3,102,G3-03,9,8,929,836,bunches,9.0,8.0,completed,06:51,13:01,
WO-2025-0221-H-022,2025-02-21,harvest,harvest,3,110,G3-03,8,9,874,883,bunches,8.0,9.0,completed,06:48,13:51,
WO-2025-0221-H-023,2025-02-21,harvest,harvest,3,111,G3-03,14,9,1402,1150,bunches,14.0,9.0,partial,06:53,12:38,WO-2025-0223-H-026
WO-2025-0221-H-024,2025-02-21,harvest,harvest,4,123,G4-01,14,9,1450,1070,bunches,14.0,9.0,partial,06:59,12:27,
WO-2025-0221-H-025,2025-02-21,harvest,harvest,4,128,G4-01,19,9,1996,1745,bunches,19.0,9.0,completed,06:48,13:06,
WO-2025-0221-H-026,2025-02-21,harvest,harvest,4,138,G4-02,20,9,2125,2221,bunches,20.0,9.0,completed,07:19,14:35,
WO-2025-0221-H-027,2025-02-21,harvest,harvest,4,141,G4-02,9,9,979,1126,bunches,9.0,9.0,completed,06:57,14:51,
WO-2025-0221-H-028,2025-02-21,harvest,harvest,4,147,G4-03,12,9,1184,1157,bunches,12.0,9.0,completed,07:18,14:00,
WO-2025-0221-H-029,2025-02-21,harvest,harvest,4,149,G4-03,15,9,1583,1217,bunches,15.0,9.0,partial,07:14,13:06,WO-2025-0226-H-034
WO-2025-0221-H-030,2025-02-21,harvest,harvest,4,156,G4-04,13,9,1313,1419,bunches,13.0,9.0,completed,07:15,14:51,
WO-2025-0221-H-031,2025-02-21,harvest,harvest,4,159,G4-04,17,9,1752,1601,bunches,17.0,9.0,completed,06:59,13:32,
WO-2025-0221-H-032,2025-02-21,harvest,harvest,4,166,G4-04,10,9,1002,892,bunches,10.0,9.0,completed,07:16,13:49,
WO-2025-0221-H-033,2025-02-21,harvest,harvest,5,169,G5-01,13,9,1343,1122,bunches,13.0,9.0,partial,06:59,12:54,WO-2025-0224-H-036
WO-2025-0221-H-034,2025-02-21,harvest,harvest,5,170,G5-01,11,9,1112,977,bunches,11.0,9.0,completed,06:45,12:41,
WO-2025-0221-H-035,2025-02-21,harvest,harvest,5,171,G5-01,16,9,1688,1345,bunches,16.0,9.0,partial,06:54,12:45,
WO-2025-0221-H-036,2025-02-21,harvest,harvest,5,178,G5-01,16,9,1701,1710,bunches,16.0,9.0,completed,06:46,13:56,
WO-2025-0221-H-037,2025-02-21,harvest,harvest,5,179,G5-01,18,9,1886,1340,bunches,18.0,9.0,partial,07:18,12:46,WO-2025-0226-H-039
WO-2025-0221-H-038,2025-02-21,harvest,harvest,5,185,G5-02,10,9,1072,1154,bunches,10.0,9.0,completed,07:20,14:57,
WO-2025-0221-H-039,2025-02-21,harvest,harvest,5,187,G5-02,13,9,1314,1133,bunches,13.0,9.0,completed,07:01,13:22,
WO-2025-0221-H-040,2025-02-21,harvest,harvest,5,188,G5-02,12,9,1147,1031,bunches,12.0,9.0,completed,06:53,13:40,
WO-2025-0221-H-041,2025-02-21,harvest,harvest,5,189,G5-02,11,9,1157,1181,bunches,11.0,9.0,completed,06:57,13:57,
WO-2025-0221-H-042,2025-02-21,harvest,harvest,5,202,G5-03,14,9,1421,1540,bunches,14.0,9.0,completed,07:20,15:02,
WO-2025-0221-H-043,2025-02-21,harvest,harvest,6,210,G6-01,13,9,1445,1469,bunches,13.0,9.0,completed,06:49,14:11,
WO-2025-0221-H-044,2025-02-21,harvest,harvest,6,257,G6-03,17,9,1673,1199,bunches,17.0,9.0,partial,06:49,11:39,WO-2025-0225-H-047
WO-2025-0221-H-045,2025-02-21,harvest,harvest,6,259,G6-04,11,9,1126,996,bunches,11.0,9.0,completed,06:51,13:37,
WO-2025-0221-H-046,2025-02-21,harvest,harvest,6,263,G6-04,17,9,1655,1440,bunches,17.0,9.0,completed,06:59,13:14,
WO-2025-0221-H-047,2025-02-21,harvest,harvest,6,264,G6-04,13,9,1361,1046,bunches,13.0,9.0,partial,06:56,12:12,
WO-2025-0221-H-048,2025-02-21,harvest,harvest,6,269,G6-05,16,9,1663,1137,bunches,16.0,9.0,partial,07:02,11:45,WO-2025-0226-H-045
WO-2025-0221-H-049,2025-02-21,harvest,harvest,7,298,G7-01,19,9,1918,1797,bunches,19.0,9.0,completed,07:03,14:02,
WO-2025-0221-H-050,2025-02-21,harvest,harvest,7,304,G7-02,19,9,1956,1260,bunches,19.0,9.0,partial,07:18,12:13,WO-2025-0224-H-053
WO-2025-0221-H-051,2025-02-21,harvest,harvest,7,333,G7-03,7,7,720,673,bunches,7.0,7.0,completed,07:06,13:58,
WO-2025-0221-H-052,2025-02-21,harvest,harvest,7,334,G7-03,10,9,1058,961,bunches,10.0,9.0,completed,06:52,13:30,
WO-2025-0221-H-053,2025-02-21,harvest,harvest,7,344,G7-04,11,9,1120,1157,bunches,11.0,9.0,completed,07:19,14:27,
WO-2025-0221-H-054,2025-02-21,harvest,harvest,7,345,G7-04,10,9,1095,1003,bunches,10.0,9.0,completed,06:55,13:42,
WO-2025-0221-H-055,2025-02-21,harvest,harvest,7,348,G7-04,19,9,1984,2074,bunches,19.0,9.0,completed,07:07,14:36,
WO-2025-0222-H-001,2025-02-22,harvest,harvest,1,3,G1-01,7,4,645,418,bunches,7.0,4.0,partial,07:03,11:33,WO-2025-0226-H-002
WO-2025-0222-H-002,2025-02-22,harvest,harvest,1,7,G1-01,4,4,434,370,bunches,4.0,4.0,completed,07:09,13:01,
WO-2025-0222-H-003,2025-02-22,harvest,harvest,1,8,G1-01,9,7,865,746,bunches,9.0,7.0,completed,07:09,13:08,
WO-2025-0222-H-004,2025-02-22,harvest,harvest,1,12,G1-02,7,7,755,768,bunches,7.0,7.0,completed,07:20,14:58,
WO-2025-0222-H-005,2025-02-22,harvest,harvest,1,13,G1-02,9,9,900,899,bunches,9.0,9.0,completed,07:13,14:04,
WO-2025-0222-H-006,2025-02-22,harvest,harvest,1,15,G1-02,10,8,1023,796,bunches,10.0,8.0,partial,06:48,12:37,WO-2025-0224-H-001
WO-2025-0222-H-007,2025-02-22,harvest,harvest,1,20,G1-02,7,7,670,697,bunches,7.0,7.0,completed,07:01,14:11,
WO-2025-0222-H-008,2025-02-22,harvest,harvest,1,23,G1-03,10,6,943,601,bunches,10.0,6.0,partial,06:53,11:45,WO-2025-0227-H-004
WO-2025-0222-H-009,2025-02-22,harvest,harvest,1,28,G1-03,9,9,954,895,bunches,9.0,9.0,completed,07:06,14:07,
WO-2025-0222-H-010,2025-02-22,harvest,harvest,2,40,G2-01,11,9,1092,1212,bunches,11.0,9.0,completed,07:13,15:15,
WO-2025-0222-H-011,2025-02-22,harvest,harvest,2,43,G2-01,11,9,1048,1002,bunches,11.0,9.0,completed,06:00,13:29,
WO-2025-0222-H-012,2025-02-22,harvest,harvest,2,49,G2-01,8,6,756,611,bunches,8.0,6.0,partial,06:55,13:01,WO-2025-0224-H-015
WO-2025-0222-H-013,2025-02-22,harvest,harvest,2,50,G2-02,9,7,871,665,bunches,9.0,7.0,partial,07:15,12:47,WO-2025-0227-H-017
WO-2025-0222-H-014,2025-02-22,harvest,harvest,2,54,G2-02,6,6,558,543,bunches,6.0,6.0,completed,06:46,14:10,
WO-2025-0222-H-015,2025-02-22,harvest,harvest,2,60,G2-03,13,9,1355,1381,bunches,13.0,9.0,completed,06:51,14:32,
WO-2025-0222-H-016,2025-02-22,harvest,harvest,2,64,G2-03,7,6,744,613,bunches,7.0,6.0,partial,07:02,13:22,WO-2025-0226-H-013
WO-2025-0222-H-017,2025-02-22,harvest,harvest,2,382,G2-04,16,9,1680,1058,bunches,16.0,9.0,partial,07:16,11:33,WO-2025-0227-H-021
WO-2025-0222-H-018,2025-02-22,harvest,harvest,3,77,G3-01,11,9,1119,1078,bunches,11.0,9.0,completed,07:01,14:03,
WO-2025-0222-H-019,2025-02-22,harvest,harvest,3,79,G3-01,10,9,967,1040,bunches,10.0,9.0,completed,07:10,14:50,
WO-2025-0222-H-020,2025-02-22,harvest,harvest,3,86,G3-01,14,9,1430,1501,bunches,14.0,9.0,completed,06:54,14:08,
WO-2025-0222-H-021,2025-02-22,harvest,harvest,3,91,G3-02,8,9,764,866,bunches,8.0,9.0,completed,07:15,15:18,
WO-2025-0222-H-022,2025-02-22,harvest,harvest,3,94,G3-02,11,9,1093,909,bunches,11.0,9.0,partial,07:06,12:53,
WO-2025-0222-H-023,2025-02-22,harvest,harvest,3,95,G3-02,10,9,1073,1234,bunches,10.0,9.0,completed,07:15,15:35,
WO-2025-0222-H-024,2025-02-22,harvest,harvest,3,105,G3-03,12,9,1175,1027,bunches,12.0,9.0,completed,07:02,13:07,
WO-2025-0222-H-025,2025-02-22,harvest,harvest,3,112,G3-03,13,9,1368,939,bunches,13.0,9.0,partial,07:19,12:36,
WO-2025-0222-H-026,2025-02-22,harvest,harvest,3,114,G3-04,8,6,748,579,bunches,8.0,6.0,partial,07:18,13:03,
WO-2025-0222-H-027,2025-02-22,harvest,harvest,4,124,G4-01,6,6,643,618,bunches,6.0,6.0,completed,07:05,13:55,
WO-2025-0222-H-028,2025-02-22,harvest,harvest,4,129,G4-01,12,9,1259,1147,bunches,12.0,9.0,completed,06:57,13:29,
WO-2025-0222-H-029,2025-02-22,harvest,harvest,4,130,G4-01,33,9,3594,2943,bunches,33.0,9.0,partial,07:15,12:51,
WO-2025-0222-H-030,2025-02-22,harvest,harvest,4,131,G4-01,15,9,1595,1523,bunches,15.0,9.0,completed,06:55,13:59,
WO-2025-0222-H-031,2025-02-22,harvest,harvest,4,132,G4-01,13,9,1441,1503,bunches,13.0,9.0,completed,07:01,14:19,
WO-2025-0222-H-032,2025-02-22,harvest,harvest,4,150,G4-03,20,9,2034,1776,bunches,20.0,9.0,completed,07:18,13:36,
WO-2025-0222-H-033,2025-02-22,harvest,harvest,5,176,G5-01,13,9,1412,1047,bunches,13.0,9.0,partial,06:47,12:04,WO-2025-0227-H-035
WO-2025-0222-H-034,2025-02-22,harvest,harvest,5,177,G5-01,13,9,1319,989,bunches,13.0,9.0,partial,06:45,12:28,WO-2025-0226-H-038
WO-2025-0222-H-035,2025-02-22,harvest,harvest,5,186,G5-02,15,9,1534,1217,bunches,15.0,9.0,partial,06:46,12:28,WO-2025-0226-H-040
WO-2025-0222-H-036,2025-02-22,harvest,harvest,5,196,G5-03,16,9,1625,1544,bunches,16.0,9.0,completed,07:00,13:32,
WO-2025-0222-H-037,2025-02-22,harvest,harvest,5,197,G5-03,14,9,1471,1692,bunches,14.0,9.0,completed,06:53,14:57,
WO-2025-0222-H-038,2025-02-22,harvest,harvest,6,208,G6-01,12,9,1218,1114,bunches,12.0,9.0,completed,07:09,13:59,
WO-2025-0222-H-039,2025-02-22,harvest,harvest,6,216,G6-02,16,9,1631,1630,bunches,16.0,9.0,completed,06:51,14:02,
WO-2025-0222-H-040,2025-02-22,harvest,harvest,6,222,G6-02,23,9,2270,1956,bunches,23.0,9.0,completed,06:46,12:46,
WO-2025-0222-H-041,2025-02-22,harvest,harvest,6,245,G6-02,15,9,1520,1244,bunches,15.0,9.0,partial,07:07,12:58,
WO-2025-0222-H-042,2025-02-22,harvest,harvest,6,253,G6-03,17,9,1701,1726,bunches,17.0,9.0,completed,07:13,14:34,
WO-2025-0222-H-043,2025-02-22,harvest,harvest,6,258,G6-04,3,3,350,311,bunches,3.0,3.0,completed,06:46,13:10,
WO-2025-0222-H-044,2025-02-22,harvest,harvest,6,261,G6-04,16,9,1522,1593,bunches,16.0,9.0,completed,06:52,14:27,
WO-2025-0222-H-045,2025-02-22,harvest,harvest,6,262,G6-04,18,9,1760,1483,bunches,18.0,9.0,partial,06:59,12:43,
WO-2025-0222-H-046,2025-02-22,harvest,harvest,7,291,G7-01,22,9,2206,1791,bunches,22.0,9.0,partial,06:46,12:18,
WO-2025-0222-H-047,2025-02-22,harvest,harvest,7,294,G7-01,7,6,738,648,bunches,7.0,6.0,completed,07:18,13:14,
WO-2025-0222-H-048,2025-02-22,harvest,harvest,7,300,G7-02,11,9,1150,1201,bunches,11.0,9.0,completed,06:58,14:12,
WO-2025-0222-H-049,2025-02-22,harvest,harvest,7,303,G7-02,8,8,853,764,bunches,8.0,8.0,completed,07:09,13:43,
WO-2025-0222-H-050,2025-02-22,harvest,harvest,7,309,G7-02,10,9,1049,982,bunches,10.0,9.0,completed,07:04,13:58,
WO-2025-0222-H-051,2025-02-22,harvest,harvest,7,310,G7-02,17,9,1762,1507,bunches,17.0,9.0,completed,07:09,13:17,
WO-2025-0222-H-052,2025-02-22,harvest,harvest,7,338,G7-03,9,8,901,841,bunches,9.0,8.0,completed,06:51,13:28,
WO-2025-0222-H-053,2025-02-22,harvest,harvest,7,340,G7-04,11,9,1083,888,bunches,11.0,9.0,partial,06:45,12:39,WO-2025-0227-H-045
WO-2025-0222-H-054,2025-02-22,harvest,harvest,7,342,G7-04,11,9,1155,931,bunches,11.0,9.0,partial,07:14,13:07,WO-2025-0227-H-046
WO-2025-0223-H-001,2025-02-23,harvest,harvest,1,5,G1-01,4,2,454,249,bunches,4.0,2.0,partial,06:56,10:57,WO-2025-0225-H-002
WO-2025-0223-H-002,2025-02-23,harvest,harvest,1,11,G1-02,10,9,1000,919,bunches,10.0,9.0,completed,07:05,13:38,
WO-2025-0223-H-003,2025-02-23,harvest,harvest,1,12,G1-02,7,7,729,768,bunches,7.0,7.0,completed,07:03,14:20,
WO-2025-0223-H-004,2025-02-23,harvest,harvest,1,14,G1-02,8,8,784,803,bunches,8.0,8.0,completed,06:49,14:10,
WO-2025-0223-H-005,2025-02-23,harvest,harvest,1,19,G1-02,6,5,567,556,bunches,6.0,5.0,completed,07:12,13:57,
WO-2025-0223-H-006,2025-02-23,harvest,harvest,1,21,G1-03,8,7,767,727,bunches,8.0,7.0,completed,07:21,14:24,
WO-2025-0223-H-007,2025-02-23,harvest,harvest,1,25,G1-03,10,8,985,802,bunches,10.0,8.0,partial,06:46,12:33,WO-2025-0227-H-005
WO-2025-0223-H-008,2025-02-23,harvest,harvest,1,26,G1-03,9,8,947,784,bunches,9.0,8.0,partial,06:54,12:41,WO-2025-0227-H-006
WO-2025-0223-H-009,2025-02-23,harvest,harvest,1,27,G1-03,8,8,816,785,bunches,8.0,8.0,completed,06:46,13:28,
WO-2025-0223-H-010,2025-02-23,harvest,harvest,1,35,G1-04,9,0,975,0,bunches,9.0,0.0,not_started,06:56,,WO-2025-0224-H-008
WO-2025-0223-H-011,2025-02-23,harvest,harvest,1,37,G1-04,7,0,735,0,bunches,7.0,0.0,not_started,06:50,,WO-2025-0224-H-009
WO-2025-0223-H-012,2025-02-23,harvest,harvest,1,38,G1-04,12,7,1177,650,bunches,12.0,7.0,partial,07:10,11:27,WO-2025-0228-H-005
WO-2025-0223-H-013,2025-02-23,harvest,harvest,1,39,G1-04,17,9,1645,890,bunches,17.0,9.0,partial,06:46,10:38,WO-2025-0227-H-012
WO-2025-0223-H-014,2025-02-23,harvest,harvest,2,42,G2-01,10,8,971,779,bunches,10.0,8.0,partial,07:18,12:57,WO-2025-0224-H-011
WO-2025-0223-H-015,2025-02-23,harvest,harvest,2,47,G2-01,19,9,1847,1225,bunches,19.0,9.0,partial,06:57,11:56,
WO-2025-0223-H-016,2025-02-23,harvest,harvest,2,51,G2-02,14,8,1376,781,bunches,14.0,8.0,partial,07:08,10:51,WO-2025-0228-H-007
WO-2025-0223-H-017,2025-02-23,harvest,harvest,2,66,G2-03,23,9,2379,1143,bunches,23.0,9.0,partial,06:47,10:05,
WO-2025-0223-H-018,2025-02-23,harvest,harvest,2,69,G2-04,20,9,1877,1023,bunches,20.0,9.0,partial,07:10,10:54,
WO-2025-0223-H-019,2025-02-23,harvest,harvest,2,70,G2-04,12,7,1192,718,bunches,12.0,7.0,partial,06:48,10:54,WO-2025-0228-H-011
WO-2025-0223-H-020,2025-02-23,harvest,harvest,3,84,G3-01,30,9,3094,1643,bunches,30.0,9.0,partial,07:02,10:51,WO-2025-0226-H-019
WO-2025-0223-H-021,2025-02-23,harvest,harvest,3,87,G3-01,21,9,2068,1074,bunches,21.0,9.0,partial,07:17,11:10,
WO-2025-0223-H-022,2025-02-23,harvest,harvest,3,93,G3-02,18,9,1795,1324,bunches,18.0,9.0,partial,07:16,12:32,
WO-2025-0223-H-023,2025-02-23,harvest,harvest,3,98,G3-02,22,9,2197,1262,bunches,22.0,9.0,partial,07:17,11:14,WO-2025-0227-H-024
WO-2025-0223-H-024,2025-02-23,harvest,harvest,3,109,G3-03,17,9,1720,1288,bunches,17.0,9.0,partial,06:56,12:10,
WO-2025-0223-H-025,2025-02-23,harvest,harvest,3,110,G3-03,8,9,879,883,bunches,8.0,9.0,completed,06:55,14:24,
WO-2025-0223-H-026,2025-02-23,harvest,harvest,3,111,G3-03,13,9,1296,1150,bunches,13.0,9.0,completed,06:46,12:55,
WO-2025-0223-H-027,2025-02-23,harvest,harvest,3,113,G3-03,17,9,1692,1153,bunches,17.0,9.0,partial,07:12,12:19,WO-2025-0227-H-029
WO-2025-0223-H-028,2025-02-23,harvest,harvest,3,117,G3-04,11,4,1105,439,bunches,11.0,4.0,partial,07:03,10:09,
WO-2025-0223-H-029,2025-02-23,harvest,harvest,3,119,G3-04,5,2,441,218,bunches,5.0,2.0,partial,06:52,10:14,
WO-2025-0223-H-030,2025-02-23,harvest,harvest,4,135,G4-02,15,9,1659,1336,bunches,15.0,9.0,partial,07:00,12:46,WO-2025-0226-H-029
WO-2025-0223-H-031,2025-02-23,harvest,harvest,4,136,G4-02,19,9,2018,1736,bunches,19.0,9.0,completed,07:17,13:29,
WO-2025-0223-H-032,2025-02-23,harvest,harvest,4,137,G4-02,23,9,2391,2045,bunches,23.0,9.0,completed,07:07,13:10,
WO-2025-0223-H-033,2025-02-23,harvest,harvest,4,139,G4-02,15,9,1640,1494,bunches,15.0,9.0,completed,07:14,13:27,
WO-2025-0223-H-034,2025-02-23,harvest,harvest,4,144,G4-03,17,9,1691,1126,bunches,17.0,9.0,partial,06:54,11:43,
WO-2025-0223-H-035,2025-02-23,harvest,harvest,4,145,G4-03,21,9,2143,1512,bunches,21.0,9.0,partial,06:55,12:01,
WO-2025-0223-H-036,2025-02-23,harvest,harvest,4,158,G4-04,24,9,2454,1695,bunches,24.0,9.0,partial,07:11,12:20,
WO-2025-0223-H-037,2025-02-23,harvest,harvest,4,164,G4-04,8,6,849,564,bunches,8.0,6.0,partial,07:11,12:02,
WO-2025-0223-H-038,2025-02-23,harvest,harvest,5,168,G5-01,26,9,2748,1522,bunches,26.0,9.0,partial,07:03,10:49,
WO-2025-0223-H-039,2025-02-23,harvest,harvest,5,190,G5-02,36,9,3844,1737,bunches,36.0,9.0,partial,07:14,10:06,WO-2025-0228-H-031
WO-2025-0223-H-040,2025-02-23,harvest,harvest,6,213,G6-02,18,9,1969,1504,bunches,18.0,9.0,partial,07:21,13:09,
WO-2025-0223-H-041,2025-02-23,harvest,harvest,6,214,G6-02,24,9,2542,2403,bunches,24.0,9.0,completed,07:04,13:43,
WO-2025-0223-H-042,2025-02-23,harvest,harvest,6,215,G6-02,29,9,2952,1818,bunches,29.0,9.0,partial,07:06,11:22,
WO-2025-0223-H-043,2025-02-23,harvest,harvest,6,223,G6-02,17,9,1755,1382,bunches,17.0,9.0,partial,07:13,12:37,
WO-2025-0223-H-044,2025-02-23,harvest,harvest,6,248,G6-03,13,9,1308,1021,bunches,13.0,9.0,partial,07:05,13:05,WO-2025-0227-H-039
WO-2025-0223-H-045,2025-02-23,harvest,harvest,6,250,G6-03,20,9,2056,1526,bunches,20.0,9.0,partial,06:59,12:02,
WO-2025-0223-H-046,2025-02-23,harvest,harvest,6,254,G6-03,20,9,2056,1591,bunches,20.0,9.0,partial,07:03,12:24,
WO-2025-0223-H-047,2025-02-23,harvest,harvest,6,255,G6-03,12,9,1145,902,bunches,12.0,9.0,partial,06:53,12:52,
WO-2025-0223-H-048,2025-02-23,harvest,harvest,6,267,G6-04,21,9,2247,1061,bunches,21.0,9.0,partial,07:00,10:13,
WO-2025-0223-H-049,2025-02-23,harvest,harvest,6,380,G6-05,19,9,2041,1110,bunches,19.0,9.0,partial,07:16,11:05,
WO-2025-0223-H-050,2025-02-23,harvest,harvest,7,293,G7-01,22,9,2235,1103,bunches,22.0,9.0,partial,07:12,10:28,
WO-2025-0223-H-051,2025-02-23,harvest,harvest,7,297,G7-01,21,9,2036,1078,bunches,21.0,9.0,partial,07:05,11:00,
WO-2025-0223-H-052,2025-02-23,harvest,harvest,7,305,G7-02,20,9,2054,1289,bunches,20.0,9.0,partial,06:47,11:00,
WO-2025-0223-H-053,2025-02-23,harvest,harvest,7,311,G7-03,15,9,1551,1492,bunches,15.0,9.0,completed,06:57,13:56,
WO-2025-0223-H-054,2025-02-23,harvest,harvest,7,332,G7-03,15,9,1496,1037,bunches,15.0,9.0,partial,07:01,11:47,
WO-2025-0223-H-055,2025-02-23,harvest,harvest,7,339,G7-04,19,9,1878,1467,bunches,19.0,9.0,partial,06:57,12:25,
WO-2025-0223-H-056,2025-02-23,harvest,harvest,7,341,G7-04,14,9,1477,1240,bunches,14.0,9.0,partial,07:05,13:31,
WO-2025-0223-H-057,2025-02-23,harvest,harvest,7,343,G7-04,25,9,2603,1904,bunches,25.0,9.0,partial,07:09,12:09,
WO-2025-0224-H-001,2025-02-24,harvest,harvest,1,15,G1-02,8,8,837,799,bunches,8.0,8.0,completed,06:49,13:56,
WO-2025-0224-H-002,2025-02-24,harvest,harvest,1,16,G1-02,5,5,466,510,bunches,5.0,5.0,completed,06:51,14:48,
WO-2025-0224-H-003,2025-02-24,harvest,harvest,1,18,G1-02,5,5,459,475,bunches,5.0,5.0,completed,07:20,14:33,
WO-2025-0224-H-004,2025-02-24,harvest,harvest,1,20,G1-02,10,7,970,699,bunches,10.0,7.0,partial,06:51,12:16,WO-2025-0301-H-005
WO-2025-0224-H-005,2025-02-24,harvest,harvest,1,22,G1-03,8,7,809,755,bunches,8.0,7.0,completed,06:46,13:11,
WO-2025-0224-H-006,2025-02-24,harvest,harvest,1,24,G1-03,9,8,860,829,bunches,9.0,8.0,completed,07:12,14:29,
WO-2025-0224-H-007,2025-02-24,harvest,harvest,1,34,G1-04,9,9,961,916,bunches,9.0,9.0,completed,06:51,13:47,
WO-2025-0224-H-008,2025-02-24,harvest,harvest,1,35,G1-04,9,7,975,761,bunches,9.0,7.0,partial,07:05,12:26,WO-2025-0226-H-009
WO-2025-0224-H-009,2025-02-24,harvest,harvest,1,37,G1-04,7,6,735,626,bunches,7.0,6.0,completed,07:10,13:35,
WO-2025-0224-H-010,2025-02-24,harvest,harvest,2,41,G2-01,11,9,1123,858,bunches,11.0,9.0,partial,06:56,12:34,WO-2025-0301-H-009
WO-2025-0224-H-011,2025-02-24,harvest,harvest,2,42,G2-01,7,8,704,779,bunches,7.0,8.0,completed,07:20,15:05,
WO-2025-0224-H-012,2025-02-24,harvest,harvest,2,43,G2-01,10,9,961,1002,bunches,10.0,9.0,completed,06:54,14:22,
WO-2025-0224-H-013,2025-02-24,harvest,harvest,2,44,G2-01,9,9,919,957,bunches,9.0,9.0,completed,07:19,14:34,
WO-2025-0224-H-014,2025-02-24,harvest,harvest,2,45,G2-01,13,9,1300,1006,bunches,13.0,9.0,partial,07:15,12:50,WO-2025-0226-H-010
WO-2025-0224-H-015,2025-02-24,harvest,harvest,2,49,G2-01,6,6,619,611,bunches,6.0,6.0,completed,07:09,14:35,
WO-2025-0224-H-016,2025-02-24,harvest,harvest,2,55,G2-02,11,9,1098,981,bunches,11.0,9.0,completed,07:18,14:03,
WO-2025-0224-H-017,2025-02-24,harvest,harvest,2,58,G2-02,10,9,1068,927,bunches,10.0,9.0,completed,07:14,13:14,
WO-2025-0224-H-018,2025-02-24,harvest,harvest,2,63,G2-03,13,9,1322,1233,bunches,13.0,9.0,completed,07:16,13:51,
WO-2025-0224-H-019,2025-02-24,harvest,harvest,2,71,G2-04,8,7,842,669,bunches,8.0,7.0,partial,07:05,12:41,WO-2025-0227-H-019
WO-2025-0224-H-020,2025-02-24,harvest,harvest,2,72,G2-04,8,6,821,643,bunches,8.0,6.0,partial,07:05,12:32,WO-2025-0226-H-015
WO-2025-0224-H-021,2025-02-24,harvest,harvest,3,75,G3-01,16,9,1721,1354,bunches,16.0,9.0,partial,07:13,13:06,WO-2025-0228-H-012
WO-2025-0224-H-022,2025-02-24,harvest,harvest,3,92,G3-02,11,8,1099,831,bunches,11.0,8.0,partial,07:01,12:18,WO-2025-0226-H-022
WO-2025-0224-H-023,2025-02-24,harvest,harvest,3,101,G3-03,18,9,1771,1148,bunches,18.0,9.0,partial,07:00,11:23,WO-2025-0228-H-016
WO-2025-0224-H-024,2025-02-24,harvest,harvest,3,107,G3-03,19,9,2021,1712,bunches,19.0,9.0,partial,07:11,13:18,
WO-2025-0224-H-025,2025-02-24,harvest,harvest,3,115,G3-04,10,8,956,852,bunches,10.0,8.0,completed,07:17,13:40,
WO-2025-0224-H-026,2025-02-24,harvest,harvest,3,121,G3-04,4,3,452,337,bunches,4.0,3.0,partial,06:50,12:25,
WO-2025-0224-H-027,2025-02-24,harvest,harvest,4,122,G4-01,9,7,911,779,bunches,9.0,7.0,completed,07:04,13:31,
WO-2025-0224-H-028,2025-02-24,harvest,harvest,4,126,G4-01,2,2,245,212,bunches,2.0,2.0,completed,07:05,13:38,
WO-2025-0224-H-029,2025-02-24,harvest,harvest,4,134,G4-02,12,9,1251,1293,bunches,12.0,9.0,completed,07:04,14:11,
WO-2025-0224-H-030,2025-02-24,harvest,harvest,4,140,G4-02,12,9,1232,1132,bunches,12.0,9.0,completed,06:57,13:32,
WO-2025-0224-H-031,2025-02-24,harvest,harvest,4,148,G4-03,19,9,2024,1562,bunches,19.0,9.0,partial,07:03,12:39,WO-2025-0301-H-031
WO-2025-0224-H-032,2025-02-24,harvest,harvest,4,151,G4-03,14,9,1437,981,bunches,14.0,9.0,partial,06:47,11:51,WO-2025-0228-H-027
WO-2025-0224-H-033,2025-02-24,harvest,harvest,4,152,G4-03,10,9,1057,1215,bunches,10.0,9.0,completed,06:50,14:44,
WO-2025-0224-H-034,2025-02-24,harvest,harvest,4,157,G4-04,13,9,1337,1160,bunches,13.0,9.0,completed,06:51,12:51,
WO-2025-0224-H-035,2025-02-24,harvest,harvest,4,166,G4-04,10,9,1003,892,bunches,10.0,9.0,completed,07:14,13:17,
WO-2025-0224-H-036,2025-02-24,harvest,harvest,5,169,G5-01,13,9,1291,1122,bunches,13.0,9.0,completed,07:02,13:27,
WO-2025-0224-H-037,2025-02-24,harvest,harvest,5,173,G5-01,12,9,1256,980,bunches,12.0,9.0,partial,07:06,12:55,
WO-2025-0224-H-038,2025-02-24,harvest,harvest,5,174,G5-01,4,3,371,331,bunches,4.0,3.0,completed,06:59,13:02,
WO-2025-0224-H-039,2025-02-24,harvest,harvest,5,180,G5-02,20,9,2102,1704,bunches,20.0,9.0,partial,06:48,12:35,
WO-2025-0224-H-040,2025-02-24,harvest,harvest,5,182,G5-02,13,9,1335,1332,bunches,13.0,9.0,completed,06:53,13:43,
WO-2025-0224-H-041,2025-02-24,harvest,harvest,5,187,G5-02,14,9,1485,1134,bunches,14.0,9.0,partial,07:15,12:26,WO-2025-0301-H-037
WO-2025-0224-H-042,2025-02-24,harvest,harvest,5,193,G5-03,17,9,1695,1620,bunches,17.0,9.0,completed,07:18,14:09,
WO-2025-0224-H-043,2025-02-24,harvest,harvest,5,201,G5-03,21,9,2091,1412,bunches,21.0,9.0,partial,06:47,11:16,
WO-2025-0224-H-044,2025-02-24,harvest,harvest,6,207,G6-01,15,9,1549,1159,bunches,15.0,9.0,partial,07:07,12:34,WO-2025-0301-H-043
WO-2025-0224-H-045,2025-02-24,harvest,harvest,6,230,G6-02,22,9,2239,1707,bunches,22.0,9.0,partial,07:16,12:51,
WO-2025-0224-H-046,2025-02-24,harvest,harvest,6,249,G6-03,16,9,1630,1378,bunches,16.0,9.0,partial,07:16,13:40,
WO-2025-0224-H-047,2025-02-24,harvest,harvest,6,251,G6-03,17,9,1664,1176,bunches,17.0,9.0,partial,07:10,11:58,
WO-2025-0224-H-048,2025-02-24,harvest,harvest,6,379,G6-05,16,9,1612,1526,bunches,16.0,9.0,completed,06:54,13:52,
WO-2025-0224-H-049,2025-02-24,harvest,harvest,7,287,G7-01,14,9,1466,1025,bunches,14.0,9.0,partial,06:48,11:54,
WO-2025-0224-H-050,2025-02-24,harvest,harvest,7,295,G7-01,8,6,825,652,bunches,8.0,6.0,partial,06:47,12:12,
WO-2025-0224-H-051,2025-02-24,harvest,harvest,7,296,G7-01,14,9,1438,1296,bunches,14.0,9.0,completed,07:12,13:39,
WO-2025-0224-H-052,2025-02-24,harvest,harvest,7,302,G7-02,14,9,1469,1146,bunches,14.0,9.0,partial,07:10,12:28,
WO-2025-0224-H-053,2025-02-24,harvest,harvest,7,304,G7-02,14,9,1478,1260,bunches,14.0,9.0,completed,06:46,12:34,
WO-2025-0224-H-054,2025-02-24,harvest,harvest,7,306,G7-02,15,9,1530,1148,bunches,15.0,9.0,partial,07:20,12:23,WO-2025-0301-H-054
WO-2025-0224-H-055,2025-02-24,harvest,harvest,7,329,G7-03,9,8,882,827,bunches,9.0,8.0,completed,07:05,14:02,
WO-2025-0224-H-056,2025-02-24,harvest,harvest,7,331,G7-03,10,9,1001,1084,bunches,10.0,9.0,completed,06:58,15:03,
WO-2025-0224-H-057,2025-02-24,harvest,harvest,7,336,G7-03,14,9,1477,1352,bunches,14.0,9.0,completed,07:19,13:48,
WO-2025-0224-H-058,2025-02-24,harvest,harvest,7,346,G7-04,13,9,1358,1017,bunches,13.0,9.0,partial,07:18,12:46,WO-2025-0228-H-043
WO-2025-0224-H-059,2025-02-24,harvest,harvest,7,347,G7-04,16,9,1716,1596,bunches,16.0,9.0,completed,06:50,13:08,
WO-2025-0225-H-001,2025-02-25,harvest,harvest,1,4,G1-01,4,4,353,357,bunches,4.0,4.0,completed,06:47,14:20,
WO-2025-0225-H-002,2025-02-25,harvest,harvest,1,5,G1-01,2,2,247,249,bunches,2.0,2.0,completed,07:21,14:44,
WO-2025-0225-H-003,2025-02-25,harvest,harvest,1,6,G1-01,3,3,349,318,bunches,3.0,3.0,completed,07:02,13:58,
WO-2025-0225-H-004,2025-02-25,harvest,harvest,1,8,G1-01,8,7,811,753,bunches,8.0,7.0,completed,06:49,13:33,
WO-2025-0225-H-005,2025-02-25,harvest,harvest,1,9,G1-01,6,5,590,514,bunches,6.0,5.0,completed,06:51,13:12,
WO-2025-0225-H-006,2025-02-25,harvest,harvest,1,17,G1-02,7,5,645,533,bunches,7.0,5.0,partial,07:09,13:17,
WO-2025-0225-H-007,2025-02-25,harvest,harvest,1,19,G1-02,6,5,638,559,bunches,6.0,5.0,completed,06:59,12:57,
WO-2025-0225-H-008,2025-02-25,harvest,harvest,1,30,G1-03,6,5,604,523,bunches,6.0,5.0,completed,07:06,13:43,
WO-2025-0225-H-009,2025-02-25,harvest,harvest,1,31,G1-04,8,6,827,645,bunches,8.0,6.0,partial,07:04,12:27,
WO-2025-0225-H-010,2025-02-25,harvest,harvest,1,32,G1-04,7,6,773,673,bunches,7.0,6.0,completed,06:46,12:57,
WO-2025-0225-H-011,2025-02-25,harvest,harvest,1,33,G1-04,8,7,847,705,bunches,8.0,7.0,partial,06:57,12:44,WO-2025-0301-H-008
WO-2025-0225-H-012,2025-02-25,harvest,harvest,1,36,G1-04,6,5,655,464,bunches,6.0,5.0,partial,07:19,12:36,WO-2025-0227-H-010
WO-2025-0225-H-013,2025-02-25,harvest,harvest,2,56,G2-02,9,8,943,822,bunches,9.0,8.0,completed,07:03,13:42,
WO-2025-0225-H-014,2025-02-25,harvest,harvest,2,57,G2-02,13,9,1317,1069,bunches,13.0,9.0,partial,07:03,12:54,WO-2025-0301-H-013
WO-2025-0225-H-015,2025-02-25,harvest,harvest,2,59,G2-03,11,9,1104,1008,bunches,11.0,9.0,completed,07:20,13:32,
WO-2025-0225-H-016,2025-02-25,harvest,harvest,2,65,G2-03,6,6,587,574,bunches,6.0,6.0,completed,07:08,14:05,
WO-2025-0225-H-017,2025-02-25,harvest,harvest,2,67,G2-03,8,7,801,667,bunches,8.0,7.0,partial,06:51,12:48,WO-2025-0301-H-016
WO-2025-0225-H-018,2025-02-25,harvest,harvest,2,74,G2-04,12,9,1240,976,bunches,12.0,9.0,partial,07:17,12:52,WO-2025-0302-H-014
WO-2025-0225-H-019,2025-02-25,harvest,harvest,3,76,G3-01,14,9,1446,1191,bunches,14.0,9.0,partial,06:59,12:39,WO-2025-0228-H-013
WO-2025-0225-H-020,2025-02-25,harvest,harvest,3,77,G3-01,11,9,1147,1082,bunches,11.0,9.0,completed,07:17,14:05,
WO-2025-0225-H-021,2025-02-25,harvest,harvest,3,80,G3-01,7,7,662,622,bunches,7.0,7.0,completed,07:09,14:06,
WO-2025-0225-H-022,2025-02-25,harvest,harvest,3,96,G3-02,13,9,1257,1111,bunches,13.0,9.0,completed,06:57,13:01,
WO-2025-0225-H-023,2025-02-25,harvest,harvest,3,100,G3-02,12,9,1244,1125,bunches,12.0,9.0,completed,06:53,13:18,
WO-2025-0225-H-024,2025-02-25,harvest,harvest,3,102,G3-03,9,8,904,836,bunches,9.0,8.0,completed,07:02,13:46,
WO-2025-0225-H-025,2025-02-25,harvest,harvest,3,103,G3-03,11,9,1105,994,bunches,11.0,9.0,completed,07:08,13:34,
WO-2025-0225-H-026,2025-02-25,harvest,harvest,3,104,G3-03,13,9,1302,1100,bunches,13.0,9.0,partial,07:19,13:44,WO-2025-0228-H-017
WO-2025-0225-H-027,2025-02-25,harvest,harvest,3,369,G3-04,3,2,372,259,bunches,3.0,2.0,partial,06:46,12:09,
WO-2025-0225-H-028,2025-02-25,harvest,harvest,4,128,G4-01,18,9,1935,1746,bunches,18.0,9.0,completed,07:10,14:03,
WO-2025-0225-H-029,2025-02-25,harvest,harvest,4,133,G4-02,16,9,1769,1628,bunches,16.0,9.0,completed,07:15,13:29,
WO-2025-0225-H-030,2025-02-25,harvest,harvest,4,138,G4-02,25,9,2705,2225,bunches,25.0,9.0,partial,07:09,13:17,
WO-2025-0225-H-031,2025-02-25,harvest,harvest,4,142,G4-02,15,9,1568,1182,bunches,15.0,9.0,partial,06:52,12:09,WO-2025-0302-H-028
WO-2025-0225-H-032,2025-02-25,harvest,harvest,4,160,G4-04,19,0,1935,0,bunches,19.0,0.0,not_started,06:57,,WO-2025-0226-H-036
WO-2025-0225-H-033,2025-02-25,harvest,harvest,5,181,G5-02,15,9,1598,1598,bunches,15.0,9.0,completed,06:52,14:28,
WO-2025-0225-H-034,2025-02-25,harvest,harvest,5,188,G5-02,11,9,1081,1032,bunches,11.0,9.0,completed,06:52,13:29,
WO-2025-0225-H-035,2025-02-25,harvest,harvest,5,189,G5-02,12,9,1285,1183,bunches,12.0,9.0,completed,07:03,13:26,
WO-2025-0225-H-036,2025-02-25,harvest,harvest,5,195,G5-03,15,9,1581,1298,bunches,15.0,9.0,partial,06:57,12:54,WO-2025-0302-H-037
WO-2025-0225-H-037,2025-02-25,harvest,harvest,5,198,G5-03,11,9,1100,931,bunches,11.0,9.0,partial,07:14,13:37,
WO-2025-0225-H-038,2025-02-25,harvest,harvest,5,199,G5-03,15,9,1513,1262,bunches,15.0,9.0,partial,07:04,13:13,
WO-2025-0225-H-039,2025-02-25,harvest,harvest,5,200,G5-03,12,9,1235,1184,bunches,12.0,9.0,completed,06:46,13:40,
WO-2025-0225-H-040,2025-02-25,harvest,harvest,5,202,G5-03,16,9,1591,1542,bunches,16.0,9.0,completed,07:01,13:42,
WO-2025-0225-H-041,2025-02-25,harvest,harvest,5,373,G5-03,2,2,256,195,bunches,2.0,2.0,partial,06:52,12:36,
WO-2025-0225-H-042,2025-02-25,harvest,harvest,6,204,G6-01,21,9,2186,1447,bunches,21.0,9.0,partial,07:01,11:48,WO-2025-0301-H-042
WO-2025-0225-H-043,2025-02-25,harvest,harvest,6,205,G6-01,10,9,986,1130,bunches,10.0,9.0,completed,07:06,15:36,
WO-2025-0225-H-044,2025-02-25,harvest,harvest,6,206,G6-01,10,9,1077,880,bunches,10.0,9.0,partial,06:48,12:00,WO-2025-0302-H-039
WO-2025-0225-H-045,2025-02-25,harvest,harvest,6,246,G6-02,17,9,1658,1288,bunches,17.0,9.0,partial,06:59,12:39,
WO-2025-0225-H-046,2025-02-25,harvest,harvest,6,256,G6-03,19,9,1858,1375,bunches,19.0,9.0,partial,06:53,12:24,
WO-2025-0225-H-047,2025-02-25,harvest,harvest,6,257,G6-03,13,9,1342,1203,bunches,13.0,9.0,completed,07:14,13:25,
WO-2025-0225-H-048,2025-02-25,harvest,harvest,6,272,G6-05,17,9,1684,1254,bunches,17.0,9.0,partial,06:54,12:17,
WO-2025-0225-H-049,2025-02-25,harvest,harvest,7,303,G7-02,10,8,996,764,bunches,10.0,8.0,partial,06:45,12:03,WO-2025-0228-H-039
WO-2025-0225-H-050,2025-02-25,harvest,harvest,7,328,G7-03,9,9,904,952,bunches,9.0,9.0,completed,07:05,14:57,
WO-2025-0225-H-051,2025-02-25,harvest,harvest,7,345,G7-04,10,9,1113,1007,bunches,10.0,9.0,completed,06:54,13:29,
WO-2025-0226-H-001,2025-02-26,harvest,harvest,1,2,G1-01,5,5,464,467,bunches,5.0,5.0,completed,07:11,14:28,
WO-2025-0226-H-002,2025-02-26,harvest,harvest,1,3,G1-01,4,4,366,421,bunches,4.0,4.0,completed,06:56,15:02,
WO-2025-0226-H-003,2025-02-26,harvest,harvest,1,7,G1-01,4,4,412,370,bunches,4.0,4.0,completed,07:03,13:45,
WO-2025-0226-H-004,2025-02-26,harvest,harvest,1,10,G1-01,10,9,957,918,bunches,10.0,9.0,completed,06:57,14:01,
WO-2025-0226-H-005,2025-02-26,harvest,harvest,1,11,G1-02,10,9,985,925,bunches,10.0,9.0,completed,07:02,13:00,
WO-2025-0226-H-006,2025-02-26,harvest,harvest,1,13,G1-02,9,9,957,899,bunches,9.0,9.0,completed,07:06,13:43,
WO-2025-0226-H-007,2025-02-26,harvest,harvest,1,14,G1-02,8,8,877,808,bunches,8.0,8.0,completed,07:08,14:05,
WO-2025-0226-H-008,2025-02-26,harvest,harvest,1,28,G1-03,10,9,1023,899,bunches,10.0,9.0,completed,07:09,13:14,
WO-2025-0226-H-009,2025-02-26,harvest,harvest,1,35,G1-04,8,7,877,761,bunches,8.0,7.0,completed,07:09,13:31,
WO-2025-0226-H-010,2025-02-26,harvest,harvest,2,45,G2-01,14,9,1385,1011,bunches,14.0,9.0,partial,06:47,11:55,
WO-2025-0226-H-011,2025-02-26,harvest,harvest,2,49,G2-01,7,0,716,0,bunches,7.0,0.0,not_started,06:52,,WO-2025-0227-H-016
WO-2025-0226-H-012,2025-02-26,harvest,harvest,2,53,G2-02,9,7,904,712,bunches,9.0,7.0,partial,07:01,12:20,WO-2025-0301-H-012
WO-2025-0226-H-013,2025-02-26,harvest,harvest,2,64,G2-03,6,6,646,613,bunches,6.0,6.0,completed,07:12,13:48,
WO-2025-0226-H-014,2025-02-26,harvest,harvest,2,68,G2-03,10,9,1051,1126,bunches,10.0,9.0,completed,06:55,14:47,
WO-2025-0226-H-015,2025-02-26,harvest,harvest,2,72,G2-04,11,6,1090,650,bunches,11.0,6.0,partial,06:47,11:11,WO-2025-0303-H-019
WO-2025-0226-H-016,2025-02-26,harvest,harvest,3,78,G3-01,8,7,756,680,bunches,8.0,7.0,completed,06:47,13:36,
WO-2025-0226-H-017,2025-02-26,harvest,harvest,3,81,G3-01,4,4,405,351,bunches,4.0,4.0,completed,07:07,13:39,
WO-2025-0226-H-018,2025-02-26,harvest,harvest,3,83,G3-01,19,9,1994,1778,bunches,19.0,9.0,completed,06:52,13:33,
WO-2025-0226-H-019,2025-02-26,harvest,harvest,3,84,G3-01,16,9,1605,1643,bunches,16.0,9.0,completed,06:59,14:42,
WO-2025-0226-H-020,2025-02-26,harvest,harvest,3,85,G3-01,9,9,914,1003,bunches,9.0,9.0,completed,06:50,14:54,
WO-2025-0226-H-021,2025-02-26,harvest,harvest,3,89,G3-02,12,9,1153,925,bunches,12.0,9.0,partial,07:09,13:18,WO-2025-0302-H-019
WO-2025-0226-H-022,2025-02-26,harvest,harvest,3,92,G3-02,9,8,863,834,bunches,9.0,8.0,completed,06:49,13:34,
WO-2025-0226-H-023,2025-02-26,harvest,harvest,3,97,G3-02,15,9,1559,1281,bunches,15.0,9.0,partial,07:02,12:47,
WO-2025-0226-H-024,2025-02-26,harvest,harvest,3,105,G3-03,11,9,1051,1030,bunches,11.0,9.0,completed,06:48,13:59,
WO-2025-0226-H-025,2025-02-26,harvest,harvest,3,108,G3-03,13,9,1294,1283,bunches,13.0,9.0,completed,07:16,14:12,
WO-2025-0226-H-026,2025-02-26,harvest,harvest,3,110,G3-03,9,9,983,889,bunches,9.0,9.0,completed,06:55,13:36,
WO-2025-0226-H-027,2025-02-26,harvest,harvest,4,131,G4-01,14,9,1534,1528,bunches,14.0,9.0,completed,06:56,13:46,
WO-2025-0226-H-028,2025-02-26,harvest,harvest,4,132,G4-01,18,9,1946,1509,bunches,18.0,9.0,partial,07:17,12:53,WO-2025-0302-H-027
WO-2025-0226-H-029,2025-02-26,harvest,harvest,4,135,G4-02,13,9,1402,1336,bunches,13.0,9.0,completed,07:11,13:49,
WO-2025-0226-H-030,2025-02-26,harvest,harvest,4,136,G4-02,18,9,1904,1738,bunches,18.0,9.0,completed,07:04,13:26,
WO-2025-0226-H-031,2025-02-26,harvest,harvest,4,143,G4-02,17,9,1758,1652,bunches,17.0,9.0,completed,07:21,13:58,
WO-2025-0226-H-032,2025-02-26,harvest,harvest,4,146,G4-03,16,9,1717,1655,bunches,16.0,9.0,completed,07:12,14:13,
WO-2025-0226-H-033,2025-02-26,harvest,harvest,4,147,G4-03,15,9,1485,1160,bunches,15.0,9.0,partial,07:20,12:39,
WO-2025-0226-H-034,2025-02-26,harvest,harvest,4,149,G4-03,15,9,1591,1220,bunches,15.0,9.0,partial,06:55,12:33,WO-2025-0303-H-026
WO-2025-0226-H-035,2025-02-26,harvest,harvest,4,156,G4-04,14,9,1460,1420,bunches,14.0,9.0,completed,07:03,14:22,
WO-2025-0226-H-036,2025-02-26,harvest,harvest,4,160,G4-04,19,9,1935,1584,bunches,19.0,9.0,partial,07:08,13:06,WO-2025-0302-H-032
WO-2025-0226-H-037,2025-02-26,harvest,harvest,5,172,G5-01,13,9,1363,1489,bunches,13.0,9.0,completed,07:20,15:01,
WO-2025-0226-H-038,2025-02-26,harvest,harvest,5,177,G5-01,9,9,967,991,bunches,9.0,9.0,completed,07:00,14:45,
WO-2025-0226-H-039,2025-02-26,harvest,harvest,5,179,G5-01,11,9,1168,1343,bunches,11.0,9.0,completed,07:09,15:39,
WO-2025-0226-H-040,2025-02-26,harvest,harvest,5,186,G5-02,13,9,1372,1220,bunches,13.0,9.0,completed,07:10,13:11,
WO-2025-0226-H-041,2025-02-26,harvest,harvest,6,203,G6-01,22,9,2293,2352,bunches,22.0,9.0,completed,07:03,14:34,
WO-2025-0226-H-042,2025-02-26,harvest,harvest,6,210,G6-01,13,9,1385,1473,bunches,13.0,9.0,completed,07:07,14:23,
WO-2025-0226-H-043,2025-02-26,harvest,harvest,6,212,G6-01,22,9,2416,2351,bunches,22.0,9.0,completed,06:53,13:59,
WO-2025-0226-H-044,2025-02-26,harvest,harvest,6,265,G6-04,11,9,1186,1325,bunches,11.0,9.0,completed,06:57,14:46,
WO-2025-0226-H-045,2025-02-26,harvest,harvest,6,269,G6-05,11,9,1197,1137,bunches,11.0,9.0,completed,07:14,14:09,
WO-2025-0226-H-046,2025-02-26,harvest,harvest,6,270,G6-05,12,9,1303,1394,bunches,12.0,9.0,completed,06:54,14:14,
WO-2025-0226-H-047,2025-02-26,harvest,harvest,6,271,G6-05,17,9,1850,1692,bunches,17.0,9.0,completed,07:04,13:58,
WO-2025-0226-H-048,2025-02-26,harvest,harvest,7,299,G7-02,14,9,1452,1249,bunches,14.0,9.0,completed,06:56,13:05,
WO-2025-0226-H-049,2025-02-26,harvest,harvest,7,333,G7-03,7,7,694,677,bunches,7.0,7.0,completed,07:14,14:31,
WO-2025-0226-H-050,2025-02-26,harvest,harvest,7,335,G7-03,11,9,1157,937,bunches,11.0,9.0,partial,07:07,12:47,
WO-2025-0226-H-051,2025-02-26,harvest,harvest,7,337,G7-03,11,9,1046,1154,bunches,11.0,9.0,completed,07:04,15:04,
WO-2025-0226-H-052,2025-02-26,harvest,harvest,7,344,G7-04,11,9,1169,1159,bunches,11.0,9.0,completed,06:47,13:50,
WO-2025-0226-H-053,2025-02-26,harvest,harvest,7,348,G7-04,19,9,2046,2074,bunches,19.0,9.0,completed,07:09,14:33,
WO-2025-0227-H-001,2025-02-27,harvest,harvest,1,1,G1-01,3,2,243,206,bunches,3.0,2.0,partial,07:18,13:41,WO-2025-0303-H-001
WO-2025-0227-H-002,2025-02-27,harvest,harvest,1,18,G1-02,5,5,475,477,bunches,5.0,5.0,completed,06:47,13:49,
WO-2025-0227-H-003,2025-02-27,harvest,harvest,1,21,G1-03,7,7,684,729,bunches,7.0,7.0,completed,07:04,14:44,
WO-2025-0227-H-004,2025-02-27,harvest,harvest,1,23,G1-03,5,6,524,603,bunches,5.0,6.0,completed,06:52,14:57,
WO-2025-0227-H-005,2025-02-27,harvest,harvest,1,25,G1-03,9,8,879,805,bunches,9.0,8.0,completed,07:01,13:27,
WO-2025-0227-H-006,2025-02-27,harvest,harvest,1,26,G1-03,7,8,692,789,bunches,7.0,8.0,completed,07:14,15:37,
WO-2025-0227-H-007,2025-02-27,harvest,harvest,1,27,G1-03,7,8,698,790,bunches,7.0,8.0,completed,07:06,15:09,
WO-2025-0227-H-008,2025-02-27,harvest,harvest,1,29,G1-03,6,7,658,693,bunches,6.0,7.0,completed,06:55,14:29,
WO-2025-0227-H-009,2025-02-27,harvest,harvest,1,34,G1-04,12,9,1178,923,bunches,12.0,9.0,partial,06:55,12:29,
WO-2025-0227-H-010,2025-02-27,harvest,harvest,1,36,G1-04,6,5,577,471,bunches,6.0,5.0,partial,07:07,12:53,WO-2025-0304-H-010
WO-2025-0227-H-011,2025-02-27,harvest,harvest,1,37,G1-04,6,6,654,630,bunches,6.0,6.0,completed,06:54,13:41,
WO-2025-0227-H-012,2025-02-27,harvest,harvest,1,39,G1-04,9,9,911,891,bunches,9.0,9.0,completed,06:59,14:09,
WO-2025-0227-H-013,2025-02-27,harvest,harvest,2,42,G2-01,8,8,843,782,bunches,8.0,8.0,completed,07:12,13:49,
WO-2025-0227-H-014,2025-02-27,harvest,harvest,2,44,G2-01,11,9,1124,962,bunches,11.0,9.0,completed,06:56,12:51,
WO-2025-0227-H-015,2025-02-27,harvest,harvest,2,46,G2-01,10,9,1014,1166,bunches,10.0,9.0,completed,06:46,15:10,
WO-2025-0227-H-016,2025-02-27,harvest,harvest,2,49,G2-01,7,6,716,616,bunches,7.0,6.0,completed,07:15,13:41,
WO-2025-0227-H-017,2025-02-27,harvest,harvest,2,50,G2-02,8,7,755,666,bunches,8.0,7.0,completed,06:52,13:33,
WO-2025-0227-H-018,2025-02-27,harvest,harvest,2,55,G2-02,11,9,1094,982,bunches,11.0,9.0,completed,07:09,13:33,
WO-2025-0227-H-019,2025-02-27,harvest,harvest,2,71,G2-04,6,7,617,672,bunches,6.0,7.0,completed,07:04,14:38,
WO-2025-0227-H-020,2025-02-27,harvest,harvest,2,73,G2-04,14,9,1385,1303,bunches,14.0,9.0,completed,06:54,13:24,
WO-2025-0227-H-021,2025-02-27,harvest,harvest,2,382,G2-04,12,9,1277,1064,bunches,12.0,9.0,partial,07:01,13:08,WO-2025-0301-H-017
WO-2025-0227-H-022,2025-02-27,harvest,harvest,3,88,G3-02,18,9,1778,1477,bunches,18.0,9.0,partial,06:54,12:51,WO-2025-0302-H-018
WO-2025-0227-H-023,2025-02-27,harvest,harvest,3,95,G3-02,11,9,1162,1236,bunches,11.0,9.0,completed,06:00,14:59,
WO-2025-0227-H-024,2025-02-27,harvest,harvest,3,98,G3-02,15,9,1434,1266,bunches,15.0,9.0,completed,06:46,12:49,
WO-2025-0227-H-025,2025-02-27,harvest,harvest,3,99,G3-02,10,9,1009,872,bunches,10.0,9.0,completed,06:00,13:28,
WO-2025-0227-H-026,2025-02-27,harvest,harvest,3,102,G3-03,8,8,794,844,bunches,8.0,8.0,completed,07:18,14:39,
WO-2025-0227-H-027,2025-02-27,harvest,harvest,3,106,G3-03,7,7,707,655,bunches,7.0,7.0,completed,06:58,13:57,
WO-2025-0227-H-028,2025-02-27,harvest,harvest,3,111,G3-03,13,9,1326,1151,bunches,13.0,9.0,completed,07:19,13:17,
WO-2025-0227-H-029,2025-02-27,harvest,harvest,3,113,G3-03,17,9,1626,1156,bunches,17.0,9.0,partial,07:09,12:29,
WO-2025-0227-H-030,2025-02-27,harvest,harvest,3,118,G3-04,5,4,475,407,bunches,5.0,4.0,completed,07:14,13:23,
WO-2025-0227-H-031,2025-02-27,harvest,harvest,4,150,G4-03,22,9,2260,1779,bunches,22.0,9.0,partial,07:05,12:55,
WO-2025-0227-H-032,2025-02-27,harvest,harvest,4,159,G4-04,15,9,1545,1604,bunches,15.0,9.0,completed,06:51,14:15,
WO-2025-0227-H-033,2025-02-27,harvest,harvest,4,165,G4-04,12,8,1216,763,bunches,12.0,8.0,partial,07:09,11:49,
WO-2025-0227-H-034,2025-02-27,harvest,harvest,5,170,G5-01,11,9,1125,979,bunches,11.0,9.0,completed,06:50,13:12,
WO-2025-0227-H-035,2025-02-27,harvest,harvest,5,176,G5-01,11,9,1169,1048,bunches,11.0,9.0,completed,07:11,13:48,
WO-2025-0227-H-036,2025-02-27,harvest,harvest,5,178,G5-01,18,9,1817,1711,bunches,18.0,9.0,completed,06:46,13:47,
WO-2025-0227-H-037,2025-02-27,harvest,harvest,5,184,G5-02,9,8,983,784,bunches,9.0,8.0,partial,07:12,12:46,
WO-2025-0227-H-038,2025-02-27,harvest,harvest,5,196,G5-03,14,9,1464,1548,bunches,14.0,9.0,completed,07:01,14:49,
WO-2025-0227-H-039,2025-02-27,harvest,harvest,6,248,G6-03,11,9,1074,1027,bunches,11.0,9.0,completed,07:08,13:45,
WO-2025-0227-H-040,2025-02-27,harvest,harvest,6,258,G6-04,3,3,341,314,bunches,3.0,3.0,completed,06:50,13:04,
WO-2025-0227-H-041,2025-02-27,harvest,harvest,6,260,G6-04,9,9,878,1010,bunches,9.0,9.0,completed,07:18,15:13,
WO-2025-0227-H-042,2025-02-27,harvest,harvest,6,263,G6-04,19,9,1907,1441,bunches,19.0,9.0,partial,06:00,12:08,
WO-2025-0227-H-043,2025-02-27,harvest,harvest,7,296,G7-01,18,9,1845,1303,bunches,18.0,9.0,partial,07:12,12:04,WO-2025-0303-H-042
WO-2025-0227-H-044,2025-02-27,harvest,harvest,7,330,G7-03,10,9,985,1006,bunches,10.0,9.0,completed,07:09,14:45,
WO-2025-0227-H-045,2025-02-27,harvest,harvest,7,340,G7-04,10,9,975,893,bunches,10.0,9.0,completed,06:59,13:25,
WO-2025-0227-H-046,2025-02-27,harvest,harvest,7,342,G7-04,9,9,911,931,bunches,9.0,9.0,completed,07:03,14:19,
WO-2025-0228-H-001,2025-02-28,harvest,harvest,1,12,G1-02,8,7,851,773,bunches,8.0,7.0,completed,06:49,13:29,
WO-2025-0228-H-002,2025-02-28,harvest,harvest,1,13,G1-02,15,9,1547,903,bunches,15.0,9.0,partial,07:09,11:26,WO-2025-0305-H-002
WO-2025-0228-H-003,2025-02-28,harvest,harvest,1,22,G1-03,9,7,905,760,bunches,9.0,7.0,partial,06:54,12:47,WO-2025-0303-H-006
WO-2025-0228-H-004,2025-02-28,harvest,harvest,1,24,G1-03,13,8,1345,835,bunches,13.0,8.0,partial,07:10,11:35,WO-2025-0305-H-005
WO-2025-0228-H-005,2025-02-28,harvest,harvest,1,38,G1-04,10,7,1020,656,bunches,10.0,7.0,partial,07:04,11:57,WO-2025-0304-H-011
WO-2025-0228-H-006,2025-02-28,harvest,harvest,2,43,G2-01,14,9,1380,1002,bunches,14.0,9.0,partial,06:51,12:01,WO-2025-0304-H-012
WO-2025-0228-H-007,2025-02-28,harvest,harvest,2,51,G2-02,11,8,1108,782,bunches,11.0,8.0,partial,07:03,12:11,
WO-2025-0228-H-008,2025-02-28,harvest,harvest,2,52,G2-02,9,8,936,749,bunches,9.0,8.0,partial,06:46,12:40,
WO-2025-0228-H-009,2025-02-28,harvest,harvest,2,54,G2-02,6,6,621,546,bunches,6.0,6.0,completed,07:01,13:39,
WO-2025-0228-H-010,2025-02-28,harvest,harvest,2,62,G2-03,14,8,1466,827,bunches,14.0,8.0,partial,06:50,11:17,WO-2025-0303-H-017
WO-2025-0228-H-011,2025-02-28,harvest,harvest,2,70,G2-04,13,7,1281,721,bunches,13.0,7.0,partial,07:02,11:05,WO-2025-0304-H-014
WO-2025-0228-H-012,2025-02-28,harvest,harvest,3,75,G3-01,19,9,2007,1354,bunches,19.0,9.0,partial,06:53,11:32,WO-2025-0304-H-016
WO-2025-0228-H-013,2025-02-28,harvest,harvest,3,76,G3-01,14,9,1450,1196,bunches,14.0,9.0,partial,07:16,13:00,
WO-2025-0228-H-014,2025-02-28,harvest,harvest,3,86,G3-01,15,9,1495,1506,bunches,15.0,9.0,completed,07:15,14:17,
WO-2025-0228-H-015,2025-02-28,harvest,harvest,3,100,G3-02,20,9,2089,1131,bunches,20.0,9.0,partial,06:48,10:46,WO-2025-0305-H-026
WO-2025-0228-H-016,2025-02-28,harvest,harvest,3,101,G3-03,22,9,2197,1150,bunches,22.0,9.0,partial,07:10,10:41,WO-2025-0303-H-023
WO-2025-0228-H-017,2025-02-28,harvest,harvest,3,104,G3-03,18,9,1805,1106,bunches,18.0,9.0,partial,07:10,11:50,
WO-2025-0228-H-018,2025-02-28,harvest,harvest,3,112,G3-03,12,9,1267,939,bunches,12.0,9.0,partial,07:15,12:23,WO-2025-0304-H-023
WO-2025-0228-H-019,2025-02-28,harvest,harvest,3,114,G3-04,8,6,756,580,bunches,8.0,6.0,partial,07:15,12:36,
WO-2025-0228-H-020,2025-02-28,harvest,harvest,3,120,G3-04,16,9,1569,1012,bunches,16.0,9.0,partial,06:54,11:46,
WO-2025-0228-H-021,2025-02-28,harvest,harvest,4,125,G4-01,5,5,549,452,bunches,5.0,5.0,partial,07:14,13:08,
WO-2025-0228-H-022,2025-02-28,harvest,harvest,4,129,G4-01,17,9,1791,1150,bunches,17.0,9.0,partial,07:20,11:34,
WO-2025-0228-H-023,2025-02-28,harvest,harvest,4,133,G4-02,18,9,1965,1629,bunches,18.0,9.0,partial,07:00,12:37,WO-2025-0305-H-032
WO-2025-0228-H-024,2025-02-28,harvest,harvest,4,137,G4-02,25,9,2585,2046,bunches,25.0,9.0,partial,07:13,13:18,
WO-2025-0228-H-025,2025-02-28,harvest,harvest,4,139,G4-02,17,9,1900,1494,bunches,17.0,9.0,partial,06:47,12:29,
WO-2025-0228-H-026,2025-02-28,harvest,harvest,4,141,G4-02,14,9,1484,1126,bunches,14.0,9.0,partial,07:11,13:01,
WO-2025-0228-H-027,2025-02-28,harvest,harvest,4,151,G4-03,14,9,1465,983,bunches,14.0,9.0,partial,07:10,11:56,WO-2025-0305-H-035
WO-2025-0228-H-028,2025-02-28,harvest,harvest,4,153,G4-03,20,9,2128,1454,bunches,20.0,9.0,partial,06:00,12:03,WO-2025-0304-H-030
WO-2025-0228-H-029,2025-02-28,harvest,harvest,5,169,G5-01,16,9,1672,1126,bunches,16.0,9.0,partial,06:46,11:15,
WO-2025-0228-H-030,2025-02-28,harvest,harvest,5,185,G5-02,16,9,1695,1155,bunches,16.0,9.0,partial,06:56,11:35,WO-2025-0304-H-032
WO-2025-0228-H-031,2025-02-28,harvest,harvest,5,190,G5-02,25,9,2680,1739,bunches,25.0,9.0,partial,07:04,11:29,WO-2025-0305-H-041
WO-2025-0228-H-032,2025-02-28,harvest,harvest,5,197,G5-03,22,9,2242,1695,bunches,22.0,9.0,partial,06:57,12:06,
WO-2025-0228-H-033,2025-02-28,harvest,harvest,6,208,G6-01,18,9,1865,1119,bunches,18.0,9.0,partial,06:56,11:01,
WO-2025-0228-H-034,2025-02-28,harvest,harvest,6,209,G6-01,23,9,2323,1842,bunches,23.0,9.0,partial,07:08,12:27,
WO-2025-0228-H-035,2025-02-28,harvest,harvest,6,247,G6-02,15,9,1521,899,bunches,15.0,9.0,partial,07:15,11:15,
WO-2025-0228-H-036,2025-02-28,harvest,harvest,7,289,G7-01,14,7,1384,709,bunches,14.0,7.0,partial,06:46,10:44,WO-2025-0304-H-038
WO-2025-0228-H-037,2025-02-28,harvest,harvest,7,290,G7-01,15,8,1471,747,bunches,15.0,8.0,partial,06:56,10:18,WO-2025-0304-H-039
WO-2025-0228-H-038,2025-02-28,harvest,harvest,7,301,G7-02,12,9,1255,1025,bunches,12.0,9.0,partial,07:12,12:45,
WO-2025-0228-H-039,2025-02-28,harvest,harvest,7,303,G7-02,12,8,1222,771,bunches,12.0,8.0,partial,06:55,11:14,WO-2025-0305-H-056
WO-2025-0228-H-040,2025-02-28,harvest,harvest,7,304,G7-02,17,9,1740,1261,bunches,17.0,9.0,partial,07:13,12:26,
WO-2025-0228-H-041,2025-02-28,harvest,harvest,7,307,G7-02,6,0,624,0,bunches,6.0,0.0,not_started,06:49,,WO-2025-0301-H-055
WO-2025-0228-H-042,2025-02-28,harvest,harvest,7,309,G7-02,14,9,1479,983,bunches,14.0,9.0,partial,07:12,12:10,
WO-2025-0228-H-043,2025-02-28,harvest,harvest,7,346,G7-04,14,9,1506,1019,bunches,14.0,9.0,partial,06:59,12:03,WO-2025-0305-H-060
WO-2025-0301-H-001,2025-03-01,harvest,harvest,1,9,G1-01,11,7,1055,695,bunches,11.0,7.0,partial,06:52,11:54,WO-2025-0304-H-002
WO-2025-0301-H-002,2025-03-01,harvest,harvest,1,10,G1-01,14,8,1426,765,bunches,14.0,8.0,partial,07:16,10:46,
WO-2025-0301-H-003,2025-03-01,harvest,harvest,1,15,G1-02,12,9,1170,897,bunches,12.0,9.0,partial,07:13,12:54,WO-2025-0305-H-003
WO-2025-0301-H-004,2025-03-01,harvest,harvest,1,16,G1-02,11,7,1099,656,bunches,11.0,7.0,partial,07:14,11:51,WO-2025-0306-H-002
WO-2025-0301-H-005,2025-03-01,harvest,harvest,1,20,G1-02,10,8,949,734,bunches,10.0,8.0,partial,06:50,12:44,
WO-2025-0301-H-006,2025-03-01,harvest,harvest,1,21,G1-03,16,9,1573,951,bunches,16.0,9.0,partial,06:50,11:14,WO-2025-0306-H-003
WO-2025-0301-H-007,2025-03-01,harvest,harvest,1,30,G1-03,13,6,1360,607,bunches,13.0,6.0,partial,07:03,10:16,WO-2025-0303-H-009
WO-2025-0301-H-008,2025-03-01,harvest,harvest,1,33,G1-04,9,5,905,567,bunches,9.0,5.0,partial,07:02,11:56,WO-2025-0304-H-009
WO-2025-0301-H-009,2025-03-01,harvest,harvest,2,41,G2-01,13,9,1291,1022,bunches,13.0,9.0,partial,07:11,12:32,WO-2025-0306-H-006
WO-2025-0301-H-010,2025-03-01,harvest,harvest,2,42,G2-01,9,6,936,589,bunches,9.0,6.0,partial,07:01,11:11,
WO-2025-0301-H-011,2025-03-01,harvest,harvest,2,47,G2-01,15,9,1449,891,bunches,15.0,9.0,partial,07:12,11:42,WO-2025-0305-H-010
WO-2025-0301-H-012,2025-03-01,harvest,harvest,2,53,G2-02,11,9,1173,906,bunches,11.0,9.0,partial,07:01,12:56,WO-2025-0306-H-009
WO-2025-0301-H-013,2025-03-01,harvest,harvest,2,57,G2-02,7,6,701,553,bunches,7.0,6.0,partial,07:12,12:40,WO-2025-0305-H-015
WO-2025-0301-H-014,2025-03-01,harvest,harvest,2,58,G2-02,12,6,1250,631,bunches,12.0,6.0,partial,06:56,10:12,WO-2025-0305-H-016
WO-2025-0301-H-015,2025-03-01,harvest,harvest,2,60,G2-03,13,9,1333,883,bunches,13.0,9.0,partial,07:09,12:16,WO-2025-0303-H-016
WO-2025-0301-H-016,2025-03-01,harvest,harvest,2,67,G2-03,8,6,851,620,bunches,8.0,6.0,partial,07:11,12:10,WO-2025-0305-H-018
WO-2025-0301-H-017,2025-03-01,harvest,harvest,2,382,G2-04,13,8,1374,859,bunches,13.0,8.0,partial,06:48,11:02,WO-2025-0305-H-020
WO-2025-0301-H-018,2025-03-01,harvest,harvest,3,78,G3-01,21,9,2132,1202,bunches,21.0,9.0,partial,06:57,10:56,
WO-2025-0301-H-019,2025-03-01,harvest,harvest,3,82,G3-01,2,1,203,149,bunches,2.0,1.0,partial,06:48,11:50,
WO-2025-0301-H-020,2025-03-01,harvest,harvest,3,87,G3-01,25,9,2442,1327,bunches,25.0,9.0,partial,07:09,10:55,WO-2025-0304-H-017
WO-2025-0301-H-021,2025-03-01,harvest,harvest,3,90,G3-02,21,9,2060,1028,bunches,21.0,9.0,partial,07:10,10:50,
WO-2025-0301-H-022,2025-03-01,harvest,harvest,3,93,G3-02,24,9,2366,1517,bunches,24.0,9.0,partial,06:55,11:35,WO-2025-0306-H-017
WO-2025-0301-H-023,2025-03-01,harvest,harvest,3,103,G3-03,11,8,1113,772,bunches,11.0,8.0,partial,06:49,11:53,
WO-2025-0301-H-024,2025-03-01,harvest,harvest,3,108,G3-03,14,9,1442,1242,bunches,14.0,9.0,completed,06:58,13:08,
WO-2025-0301-H-025,2025-03-01,harvest,harvest,3,111,G3-03,21,9,2191,1271,bunches,21.0,9.0,partial,07:07,11:19,WO-2025-0306-H-021
WO-2025-0301-H-026,2025-03-01,harvest,harvest,3,115,G3-04,12,9,1210,899,bunches,12.0,9.0,partial,07:14,12:59,
WO-2025-0301-H-027,2025-03-01,harvest,harvest,3,370,G3-04,2,1,140,120,bunches,2.0,1.0,completed,07:21,13:51,
WO-2025-0301-H-028,2025-03-01,harvest,harvest,4,134,G4-02,16,9,1751,1447,bunches,16.0,9.0,partial,07:03,13:09,
WO-2025-0301-H-029,2025-03-01,harvest,harvest,4,140,G4-02,20,9,2088,1447,bunches,20.0,9.0,partial,06:50,11:36,WO-2025-0304-H-025
WO-2025-0301-H-030,2025-03-01,harvest,harvest,4,145,G4-03,15,9,1514,1164,bunches,15.0,9.0,partial,07:05,12:35,WO-2025-0304-H-027
WO-2025-0301-H-031,2025-03-01,harvest,harvest,4,148,G4-03,36,9,3744,2462,bunches,36.0,9.0,partial,07:04,11:51,WO-2025-0306-H-027
WO-2025-0301-H-032,2025-03-01,harvest,harvest,4,152,G4-03,21,9,2143,1640,bunches,21.0,9.0,partial,07:10,12:23,WO-2025-0304-H-029
WO-2025-0301-H-033,2025-03-01,harvest,harvest,4,157,G4-04,31,9,3109,1659,bunches,31.0,9.0,partial,07:16,11:02,
WO-2025-0301-H-034,2025-03-01,harvest,harvest,5,171,G5-01,15,9,1625,1070,bunches,15.0,9.0,partial,07:08,12:16,WO-2025-0305-H-037
WO-2025-0301-H-035,2025-03-01,harvest,harvest,5,172,G5-01,17,9,1858,1246,bunches,17.0,9.0,partial,07:14,12:15,
WO-2025-0301-H-036,2025-03-01,harvest,harvest,5,182,G5-02,29,9,3109,2315,bunches,29.0,9.0,partial,06:53,12:04,
WO-2025-0301-H-037,2025-03-01,harvest,harvest,5,187,G5-02,20,9,2049,1213,bunches,20.0,9.0,partial,06:49,10:43,
WO-2025-0301-H-038,2025-03-01,harvest,harvest,5,192,G5-02,9,7,907,702,bunches,9.0,7.0,partial,07:16,12:56,
WO-2025-0301-H-039,2025-03-01,harvest,harvest,5,194,G5-03,19,9,1961,1433,bunches,19.0,9.0,partial,07:13,12:26,WO-2025-0305-H-043
WO-2025-0301-H-040,2025-03-01,harvest,harvest,5,200,G5-03,17,9,1760,1292,bunches,17.0,9.0,partial,06:54,12:14,
WO-2025-0301-H-041,2025-03-01,harvest,harvest,5,202,G5-03,24,9,2407,1536,bunches,24.0,9.0,partial,06:46,10:59,WO-2025-0306-H-034
WO-2025-0301-H-042,2025-03-01,harvest,harvest,6,204,G6-01,28,9,2976,1859,bunches,28.0,9.0,partial,06:54,11:41,
WO-2025-0301-H-043,2025-03-01,harvest,harvest,6,207,G6-01,27,9,2858,1661,bunches,27.0,9.0,partial,07:10,11:01,
WO-2025-0301-H-044,2025-03-01,harvest,harvest,6,222,G6-02,33,9,3243,1849,bunches,33.0,9.0,partial,07:15,11:28,
WO-2025-0301-H-045,2025-03-01,harvest,harvest,6,245,G6-02,21,9,2165,1451,bunches,21.0,9.0,partial,07:04,11:58,
WO-2025-0301-H-046,2025-03-01,harvest,harvest,6,255,G6-03,20,9,1891,995,bunches,20.0,9.0,partial,07:01,10:44,
WO-2025-0301-H-047,2025-03-01,harvest,harvest,6,264,G6-04,17,9,1789,966,bunches,17.0,9.0,partial,07:15,10:57,
WO-2025-0301-H-048,2025-03-01,harvest,harvest,6,380,G6-05,24,9,2590,1886,bunches,24.0,9.0,partial,07:03,11:58,
WO-2025-0301-H-049,2025-03-01,harvest,harvest,7,291,G7-01,17,8,1661,766,bunches,17.0,8.0,partial,06:47,10:00,WO-2025-0305-H-053
WO-2025-0301-H-050,2025-03-01,harvest,harvest,7,292,G7-01,9,8,958,777,bunches,9.0,8.0,partial,07:16,12:53,
WO-2025-0301-H-051,2025-03-01,harvest,harvest,7,294,G7-01,9,6,857,598,bunches,9.0,6.0,partial,07:06,12:22,
WO-2025-0301-H-052,2025-03-01,harvest,harvest,7,297,G7-01,14,8,1386,737,bunches,14.0,8.0,partial,07:03,11:16,
WO-2025-0301-H-053,2025-03-01,harvest,harvest,7,305,G7-02,18,9,1887,975,bunches,18.0,9.0,partial,06:50,10:11,
WO-2025-0301-H-054,2025-03-01,harvest,harvest,7,306,G7-02,12,9,1154,879,bunches,12.0,9.0,partial,06:58,12:21,WO-2025-0306-H-042
WO-2025-0301-H-055,2025-03-01,harvest,harvest,7,307,G7-02,6,4,624,463,bunches,6.0,4.0,partial,06:51,12:03,
WO-2025-0301-H-056,2025-03-01,harvest,harvest,7,310,G7-02,12,8,1252,806,bunches,12.0,8.0,partial,06:54,11:11,WO-2025-0304-H-042
WO-2025-0301-H-057,2025-03-01,harvest,harvest,7,311,G7-03,21,9,2245,1181,bunches,21.0,9.0,partial,06:58,10:34,WO-2025-0305-H-057
WO-2025-0301-H-058,2025-03-01,harvest,harvest,7,332,G7-03,9,5,917,510,bunches,9.0,5.0,partial,06:58,10:41,
WO-2025-0301-H-059,2025-03-01,harvest,harvest,7,337,G7-03,11,7,1069,705,bunches,11.0,7.0,partial,07:10,11:57,
WO-2025-0301-H-060,2025-03-01,harvest,harvest,7,338,G7-03,13,9,1341,887,bunches,13.0,9.0,partial,07:16,12:26,
WO-2025-0301-H-061,2025-03-01,harvest,harvest,7,341,G7-04,16,9,1604,1321,bunches,16.0,9.0,partial,07:11,12:56,
WO-2025-0302-H-001,2025-03-02,harvest,harvest,1,4,G1-01,9,6,924,635,bunches,9.0,6.0,partial,06:59,12:04,
WO-2025-0302-H-002,2025-03-02,harvest,harvest,1,7,G1-01,5,4,457,367,bunches,5.0,4.0,partial,06:54,12:27,WO-2025-0307-H-002
WO-2025-0302-H-003,2025-03-02,harvest,harvest,1,8,G1-01,13,8,1313,789,bunches,13.0,8.0,partial,06:59,11:41,WO-2025-0306-H-001
WO-2025-0302-H-004,2025-03-02,harvest,harvest,1,14,G1-02,10,8,1014,853,bunches,10.0,8.0,partial,07:07,12:46,WO-2025-0304-H-005
WO-2025-0302-H-005,2025-03-02,harvest,harvest,1,19,G1-02,8,5,840,519,bunches,8.0,5.0,partial,07:13,12:01,
WO-2025-0302-H-006,2025-03-02,harvest,harvest,1,23,G1-03,15,8,1449,782,bunches,15.0,8.0,partial,07:04,11:02,
WO-2025-0302-H-007,2025-03-02,harvest,harvest,1,39,G1-04,15,7,1467,648,bunches,15.0,7.0,partial,06:49,10:20,WO-2025-0306-H-005
WO-2025-0302-H-008,2025-03-02,harvest,harvest,2,40,G2-01,15,6,1579,626,bunches,15.0,6.0,partial,06:49,09:58,WO-2025-0307-H-011
WO-2025-0302-H-009,2025-03-02,harvest,harvest,2,56,G2-02,14,7,1397,658,bunches,14.0,7.0,partial,07:13,10:52,
WO-2025-0302-H-010,2025-03-02,harvest,harvest,2,63,G2-03,15,9,1435,1225,bunches,15.0,9.0,completed,07:12,13:05,
WO-2025-0302-H-011,2025-03-02,harvest,harvest,2,65,G2-03,7,5,705,512,bunches,7.0,5.0,partial,07:09,12:42,
WO-2025-0302-H-012,2025-03-02,harvest,harvest,2,66,G2-03,8,9,770,885,bunches,8.0,9.0,completed,07:06,15:04,
WO-2025-0302-H-013,2025-03-02,harvest,harvest,2,69,G2-04,7,8,716,757,bunches,7.0,8.0,completed,07:17,14:44,
WO-2025-0302-H-014,2025-03-02,harvest,harvest,2,74,G2-04,12,8,1207,874,bunches,12.0,8.0,partial,06:46,11:47,WO-2025-0305-H-019
WO-2025-0302-H-015,2025-03-02,harvest,harvest,3,77,G3-01,14,9,1473,1326,bunches,14.0,9.0,completed,07:04,13:54,
WO-2025-0302-H-016,2025-03-02,harvest,harvest,3,79,G3-01,12,9,1167,968,bunches,12.0,9.0,partial,06:54,12:55,
WO-2025-0302-H-017,2025-03-02,harvest,harvest,3,80,G3-01,9,8,878,709,bunches,9.0,8.0,partial,06:54,12:47,
WO-2025-0302-H-018,2025-03-02,harvest,harvest,3,88,G3-02,10,9,992,887,bunches,10.0,9.0,completed,07:16,13:43,
WO-2025-0302-H-019,2025-03-02,harvest,harvest,3,89,G3-02,13,9,1265,958,bunches,13.0,9.0,partial,07:17,13:04,WO-2025-0306-H-016
WO-2025-0302-H-020,2025-03-02,harvest,harvest,3,94,G3-02,15,9,1491,1167,bunches,15.0,9.0,partial,07:16,13:05,
WO-2025-0302-H-021,2025-03-02,harvest,harvest,3,107,G3-03,15,9,1583,1217,bunches,15.0,9.0,partial,07:09,12:20,WO-2025-0307-H-020
WO-2025-0302-H-022,2025-03-02,harvest,harvest,3,109,G3-03,10,7,1021,757,bunches,10.0,7.0,partial,06:53,11:59,WO-2025-0304-H-022
WO-2025-0302-H-023,2025-03-02,harvest,harvest,3,110,G3-03,13,9,1321,1010,bunches,13.0,9.0,partial,07:10,12:19,WO-2025-0307-H-021
WO-2025-0302-H-024,2025-03-02,harvest,harvest,3,116,G3-04,10,4,919,370,bunches,10.0,4.0,partial,07:04,09:48,WO-2025-0307-H-023
WO-2025-0302-H-025,2025-03-02,harvest,harvest,4,127,G4-01,4,3,391,334,bunches,4.0,3.0,completed,07:09,13:20,
WO-2025-0302-H-026,2025-03-02,harvest,harvest,4,130,G4-01,20,9,2173,2175,bunches,20.0,9.0,completed,06:59,14:08,
WO-2025-0302-H-027,2025-03-02,harvest,harvest,4,132,G4-01,21,9,2278,1762,bunches,21.0,9.0,partial,07:18,12:58,
WO-2025-0302-H-028,2025-03-02,harvest,harvest,4,142,G4-02,18,9,1912,1543,bunches,18.0,9.0,partial,06:50,12:51,
WO-2025-0302-H-029,2025-03-02,harvest,harvest,4,143,G4-02,23,9,2312,1924,bunches,23.0,9.0,partial,06:51,12:50,
WO-2025-0302-H-030,2025-03-02,harvest,harvest,4,155,G4-04,6,6,577,596,bunches,6.0,6.0,completed,06:53,14:01,
WO-2025-0302-H-031,2025-03-02,harvest,harvest,4,158,G4-04,13,9,1311,1067,bunches,13.0,9.0,partial,07:12,12:47,
WO-2025-0302-H-032,2025-03-02,harvest,harvest,4,160,G4-04,20,9,2067,1705,bunches,20.0,9.0,partial,07:11,13:01,WO-2025-0307-H-031
WO-2025-0302-H-033,2025-03-02,harvest,harvest,4,163,G4-04,13,9,1342,1110,bunches,13.0,9.0,partial,07:02,12:53,
WO-2025-0302-H-034,2025-03-02,harvest,harvest,4,166,G4-04,7,6,676,640,bunches,7.0,6.0,completed,06:46,13:24,
WO-2025-0302-H-035,2025-03-02,harvest,harvest,5,168,G5-01,32,9,3331,2833,bunches,32.0,9.0,completed,07:06,13:23,
WO-2025-0302-H-036,2025-03-02,harvest,harvest,5,177,G5-01,18,9,1878,1398,bunches,18.0,9.0,partial,07:14,12:44,
WO-2025-0302-H-037,2025-03-02,harvest,harvest,5,195,G5-03,16,9,1647,1449,bunches,16.0,9.0,completed,07:20,13:00,
WO-2025-0302-H-038,2025-03-02,harvest,harvest,5,201,G5-03,24,9,2426,1886,bunches,24.0,9.0,partial,07:12,12:33,
WO-2025-0302-H-039,2025-03-02,harvest,harvest,6,206,G6-01,26,9,2718,1295,bunches,26.0,9.0,partial,07:07,10:40,
WO-2025-0302-H-040,2025-03-02,harvest,harvest,6,213,G6-02,86,9,9274,4181,bunches,86.0,9.0,partial,06:00,10:35,
WO-2025-0302-H-041,2025-03-02,harvest,harvest,6,249,G6-03,16,9,1660,1355,bunches,16.0,9.0,partial,07:09,13:02,
WO-2025-0302-H-042,2025-03-02,harvest,harvest,6,250,G6-03,13,9,1398,1013,bunches,13.0,9.0,partial,06:55,11:49,
WO-2025-0302-H-043,2025-03-02,harvest,harvest,6,253,G6-03,13,9,1293,946,bunches,13.0,9.0,partial,07:12,12:18,
WO-2025-0302-H-044,2025-03-02,harvest,harvest,6,259,G6-04,28,9,2892,2047,bunches,28.0,9.0,partial,07:09,12:10,
WO-2025-0302-H-045,2025-03-02,harvest,harvest,6,262,G6-04,17,9,1606,974,bunches,17.0,9.0,partial,06:58,11:39,WO-2025-0305-H-050
WO-2025-0302-H-046,2025-03-02,harvest,harvest,6,266,G6-04,14,9,1423,1102,bunches,14.0,9.0,partial,07:19,13:17,WO-2025-0306-H-039
WO-2025-0302-H-047,2025-03-02,harvest,harvest,7,293,G7-01,18,9,1814,936,bunches,18.0,9.0,partial,07:04,10:26,
WO-2025-0302-H-048,2025-03-02,harvest,harvest,7,302,G7-02,12,9,1254,1032,bunches,12.0,9.0,partial,06:47,12:49,WO-2025-0307-H-043
WO-2025-0302-H-049,2025-03-02,harvest,harvest,7,308,G7-02,13,9,1407,991,bunches,13.0,9.0,partial,06:48,11:42,WO-2025-0307-H-045
WO-2025-0302-H-050,2025-03-02,harvest,harvest,7,333,G7-03,11,8,1149,818,bunches,11.0,8.0,partial,06:46,11:30,
WO-2025-0302-H-051,2025-03-02,harvest,harvest,7,334,G7-03,9,8,905,790,bunches,9.0,8.0,completed,06:55,13:13,
WO-2025-0302-H-052,2025-03-02,harvest,harvest,7,340,G7-04,14,9,1379,992,bunches,14.0,9.0,partial,07:10,11:57,
WO-2025-0302-H-053,2025-03-02,harvest,harvest,7,343,G7-04,12,9,1202,881,bunches,12.0,9.0,partial,07:17,12:43,WO-2025-0307-H-050
WO-2025-0303-H-001,2025-03-03,harvest,harvest,1,1,G1-01,2,2,223,196,bunches,2.0,2.0,completed,07:15,13:27,
WO-2025-0303-H-002,2025-03-03,harvest,harvest,1,2,G1-01,7,6,695,593,bunches,7.0,6.0,completed,06:50,12:58,
WO-2025-0303-H-003,2025-03-03,harvest,harvest,1,3,G1-01,6,6,565,536,bunches,6.0,6.0,completed,07:08,14:10,
WO-2025-0303-H-004,2025-03-03,harvest,harvest,1,17,G1-02,6,6,585,593,bunches,6.0,6.0,completed,06:51,14:29,
WO-2025-0303-H-005,2025-03-03,harvest,harvest,1,18,G1-02,4,5,426,449,bunches,4.0,5.0,completed,07:15,14:35,
WO-2025-0303-H-006,2025-03-03,harvest,harvest,1,22,G1-03,7,8,681,783,bunches,7.0,8.0,completed,06:00,15:14,
WO-2025-0303-H-007,2025-03-03,harvest,harvest,1,25,G1-03,13,9,1331,1088,bunches,13.0,9.0,partial,06:47,12:19,
WO-2025-0303-H-008,2025-03-03,harvest,harvest,1,29,G1-03,8,6,797,596,bunches,8.0,6.0,partial,06:00,12:43,WO-2025-0306-H-004
WO-2025-0303-H-009,2025-03-03,harvest,harvest,1,30,G1-03,7,6,752,607,bunches,7.0,6.0,partial,07:17,13:15,WO-2025-0307-H-005
WO-2025-0303-H-010,2025-03-03,harvest,harvest,1,31,G1-04,6,6,614,591,bunches,6.0,6.0,completed,06:45,13:32,
WO-2025-0303-H-011,2025-03-03,harvest,harvest,1,32,G1-04,7,6,751,674,bunches,7.0,6.0,completed,06:49,13:08,
WO-2025-0303-H-012,2025-03-03,harvest,harvest,2,44,G2-01,7,7,707,690,bunches,7.0,7.0,completed,06:59,13:40,
WO-2025-0303-H-013,2025-03-03,harvest,harvest,2,46,G2-01,6,7,615,707,bunches,6.0,7.0,completed,06:52,15:00,
WO-2025-0303-H-014,2025-03-03,harvest,harvest,2,49,G2-01,5,6,468,538,bunches,5.0,6.0,completed,07:08,15:17,
WO-2025-0303-H-015,2025-03-03,harvest,harvest,2,59,G2-03,6,6,588,623,bunches,6.0,6.0,completed,06:52,14:09,
WO-2025-0303-H-016,2025-03-03,harvest,harvest,2,60,G2-03,8,9,799,883,bunches,8.0,9.0,completed,06:57,14:40,
WO-2025-0303-H-017,2025-03-03,harvest,harvest,2,62,G2-03,9,8,965,894,bunches,9.0,8.0,completed,07:18,13:58,
WO-2025-0303-H-018,2025-03-03,harvest,harvest,2,71,G2-04,6,5,615,472,bunches,6.0,5.0,partial,07:01,12:34,WO-2025-0307-H-015
WO-2025-0303-H-019,2025-03-03,harvest,harvest,2,72,G2-04,7,6,686,644,bunches,7.0,6.0,completed,06:54,13:24,
WO-2025-0303-H-020,2025-03-03,harvest,harvest,3,85,G3-01,10,9,1004,890,bunches,10.0,9.0,completed,07:12,13:18,
WO-2025-0303-H-021,2025-03-03,harvest,harvest,3,91,G3-02,10,8,986,817,bunches,10.0,8.0,partial,07:08,13:12,
WO-2025-0303-H-022,2025-03-03,harvest,harvest,3,96,G3-02,16,9,1594,1431,bunches,16.0,9.0,completed,07:17,14:07,
WO-2025-0303-H-023,2025-03-03,harvest,harvest,3,101,G3-03,11,9,1098,1120,bunches,11.0,9.0,completed,07:14,14:30,
WO-2025-0303-H-024,2025-03-03,harvest,harvest,3,102,G3-03,8,7,826,701,bunches,8.0,7.0,partial,07:10,12:56,WO-2025-0305-H-027
WO-2025-0303-H-025,2025-03-03,harvest,harvest,4,124,G4-01,5,5,516,537,bunches,5.0,5.0,completed,07:09,14:27,
WO-2025-0303-H-026,2025-03-03,harvest,harvest,4,149,G4-03,24,9,2551,2318,bunches,24.0,9.0,completed,07:12,13:25,
WO-2025-0303-H-027,2025-03-03,harvest,harvest,4,154,G4-03,4,3,430,341,bunches,4.0,3.0,partial,06:46,12:32,
WO-2025-0303-H-028,2025-03-03,harvest,harvest,5,173,G5-01,9,9,909,935,bunches,9.0,9.0,completed,07:10,14:39,
WO-2025-0303-H-029,2025-03-03,harvest,harvest,5,178,G5-01,8,9,817,872,bunches,8.0,9.0,completed,07:11,14:36,
WO-2025-0303-H-030,2025-03-03,harvest,harvest,5,181,G5-02,14,9,1471,1274,bunches,14.0,9.0,completed,06:57,13:01,
WO-2025-0303-H-031,2025-03-03,harvest,harvest,5,186,G5-02,11,9,1165,1219,bunches,11.0,9.0,completed,07:14,15:09,
WO-2025-0303-H-032,2025-03-03,harvest,harvest,5,188,G5-02,13,9,1287,1028,bunches,13.0,9.0,partial,07:02,12:50,
WO-2025-0303-H-033,2025-03-03,harvest,harvest,5,189,G5-02,9,9,978,1025,bunches,9.0,9.0,completed,07:02,14:44,
WO-2025-0303-H-034,2025-03-03,harvest,harvest,6,205,G6-01,13,9,1314,1142,bunches,13.0,9.0,completed,06:49,13:26,
WO-2025-0303-H-035,2025-03-03,harvest,harvest,6,211,G6-01,15,9,1680,1395,bunches,15.0,9.0,partial,07:07,12:51,
WO-2025-0303-H-036,2025-03-03,harvest,harvest,6,214,G6-02,15,9,1571,1515,bunches,15.0,9.0,completed,06:52,14:02,
WO-2025-0303-H-037,2025-03-03,harvest,harvest,6,230,G6-02,18,9,1843,1515,bunches,18.0,9.0,partial,06:54,13:02,
WO-2025-0303-H-038,2025-03-03,harvest,harvest,6,252,G6-03,24,9,2497,2411,bunches,24.0,9.0,completed,06:50,13:51,
WO-2025-0303-H-039,2025-03-03,harvest,harvest,6,254,G6-03,15,9,1510,1577,bunches,15.0,9.0,completed,07:20,15:12,
WO-2025-0303-H-040,2025-03-03,harvest,harvest,6,379,G6-05,25,9,2554,2219,bunches,25.0,9.0,completed,07:13,13:23,
WO-2025-0303-H-041,2025-03-03,harvest,harvest,7,288,G7-01,6,7,671,772,bunches,6.0,7.0,completed,06:54,15:24,
WO-2025-0303-H-042,2025-03-03,harvest,harvest,7,296,G7-01,10,9,1003,959,bunches,10.0,9.0,completed,07:10,13:54,
WO-2025-0303-H-043,2025-03-03,harvest,harvest,7,329,G7-03,13,9,1285,1028,bunches,13.0,9.0,partial,07:01,13:04,
WO-2025-0303-H-044,2025-03-03,harvest,harvest,7,339,G7-04,9,9,906,885,bunches,9.0,9.0,completed,06:56,13:57,
WO-2025-0303-H-045,2025-03-03,harvest,harvest,7,345,G7-04,9,9,921,1054,bunches,9.0,9.0,completed,06:55,14:55,
WO-2025-0303-H-046,2025-03-03,harvest,harvest,7,347,G7-04,12,9,1344,1214,bunches,12.0,9.0,completed,06:55,13:05,
WO-2025-0304-H-001,2025-03-04,harvest,harvest,1,6,G1-01,2,2,246,169,bunches,2.0,2.0,partial,06:55,12:07,
WO-2025-0304-H-002,2025-03-04,harvest,harvest,1,9,G1-01,9,7,866,695,bunches,9.0,7.0,partial,07:07,12:51,WO-2025-0308-H-002
WO-2025-0304-H-003,2025-03-04,harvest,harvest,1,11,G1-02,15,9,1483,1187,bunches,15.0,9.0,partial,07:17,12:42,WO-2025-0308-H-003
WO-2025-0304-H-004,2025-03-04,harvest,harvest,1,12,G1-02,8,9,828,925,bunches,8.0,9.0,completed,06:49,15:06,
WO-2025-0304-H-005,2025-03-04,harvest,harvest,1,14,G1-02,11,8,1124,853,bunches,11.0,8.0,partial,07:05,12:12,WO-2025-0309-H-002
WO-2025-0304-H-006,2025-03-04,harvest,harvest,1,26,G1-03,8,9,826,950,bunches,8.0,9.0,completed,07:04,15:23,
WO-2025-0304-H-007,2025-03-04,harvest,harvest,1,27,G1-03,10,8,1013,851,bunches,10.0,8.0,partial,06:59,13:07,
WO-2025-0304-H-008,2025-03-04,harvest,harvest,1,28,G1-03,9,9,905,893,bunches,9.0,9.0,completed,07:09,14:22,
WO-2025-0304-H-009,2025-03-04,harvest,harvest,1,33,G1-04,6,5,667,567,bunches,6.0,5.0,partial,06:45,12:39,WO-2025-0307-H-008
WO-2025-0304-H-010,2025-03-04,harvest,harvest,1,36,G1-04,7,6,739,641,bunches,7.0,6.0,completed,07:16,13:32,
WO-2025-0304-H-011,2025-03-04,harvest,harvest,1,38,G1-04,9,7,947,680,bunches,9.0,7.0,partial,07:17,12:45,WO-2025-0307-H-010
WO-2025-0304-H-012,2025-03-04,harvest,harvest,2,43,G2-01,6,6,609,531,bunches,6.0,6.0,completed,06:48,13:28,
WO-2025-0304-H-013,2025-03-04,harvest,harvest,2,50,G2-02,6,6,602,588,bunches,6.0,6.0,completed,06:54,14:19,
WO-2025-0304-H-014,2025-03-04,harvest,harvest,2,70,G2-04,7,5,668,472,bunches,7.0,5.0,partial,06:00,11:50,WO-2025-0308-H-011
WO-2025-0304-H-015,2025-03-04,harvest,harvest,2,73,G2-04,8,6,765,586,bunches,8.0,6.0,partial,07:05,12:31,WO-2025-0308-H-012
WO-2025-0304-H-016,2025-03-04,harvest,harvest,3,75,G3-01,13,9,1400,1179,bunches,13.0,9.0,partial,06:00,12:48,
WO-2025-0304-H-017,2025-03-04,harvest,harvest,3,87,G3-01,15,9,1476,1327,bunches,15.0,9.0,completed,06:48,13:37,
WO-2025-0304-H-018,2025-03-04,harvest,harvest,3,95,G3-02,11,9,1155,946,bunches,11.0,9.0,partial,07:05,13:00,WO-2025-0305-H-024
WO-2025-0304-H-019,2025-03-04,harvest,harvest,3,98,G3-02,12,9,1155,1160,bunches,12.0,9.0,completed,06:46,14:23,
WO-2025-0304-H-020,2025-03-04,harvest,harvest,3,101,G3-03,13,9,1270,1120,bunches,13.0,9.0,completed,07:18,13:36,
WO-2025-0304-H-021,2025-03-04,harvest,harvest,3,108,G3-03,13,9,1368,1242,bunches,13.0,9.0,completed,07:20,13:56,
WO-2025-0304-H-022,2025-03-04,harvest,harvest,3,109,G3-03,7,7,756,757,bunches,7.0,7.0,completed,07:19,14:42,
WO-2025-0304-H-023,2025-03-04,harvest,harvest,3,112,G3-03,4,5,425,489,bunches,4.0,5.0,completed,06:52,15:22,
WO-2025-0304-H-024,2025-03-04,harvest,harvest,3,117,G3-04,8,7,794,695,bunches,8.0,7.0,completed,06:46,12:49,
WO-2025-0304-H-025,2025-03-04,harvest,harvest,4,140,G4-02,17,9,1779,1447,bunches,17.0,9.0,partial,06:55,13:02,
WO-2025-0304-H-026,2025-03-04,harvest,harvest,4,144,G4-03,21,9,2019,1952,bunches,21.0,9.0,completed,07:17,14:05,
WO-2025-0304-H-027,2025-03-04,harvest,harvest,4,145,G4-03,12,9,1294,1164,bunches,12.0,9.0,completed,07:20,14:07,
WO-2025-0304-H-028,2025-03-04,harvest,harvest,4,146,G4-03,16,9,1676,1334,bunches,16.0,9.0,partial,06:49,12:41,WO-2025-0308-H-019
WO-2025-0304-H-029,2025-03-04,harvest,harvest,4,152,G4-03,14,9,1428,1640,bunches,14.0,9.0,completed,07:18,15:42,
WO-2025-0304-H-030,2025-03-04,harvest,harvest,4,153,G4-03,23,9,2429,1932,bunches,23.0,9.0,partial,07:12,12:48,WO-2025-0308-H-020
WO-2025-0304-H-031,2025-03-04,harvest,harvest,4,155,G4-04,7,6,692,596,bunches,7.0,6.0,completed,06:57,13:02,
WO-2025-0304-H-032,2025-03-04,harvest,harvest,5,185,G5-02,16,9,1749,1309,bunches,16.0,9.0,partial,06:51,11:57,
WO-2025-0304-H-033,2025-03-04,harvest,harvest,6,215,G6-02,21,9,2109,2147,bunches,21.0,9.0,completed,07:02,14:42,
WO-2025-0304-H-034,2025-03-04,harvest,harvest,6,248,G6-03,21,9,2032,1491,bunches,21.0,9.0,partial,07:10,12:46,
WO-2025-0304-H-035,2025-03-04,harvest,harvest,6,257,G6-03,14,9,1413,1478,bunches,14.0,9.0,completed,07:10,14:50,
WO-2025-0304-H-036,2025-03-04,harvest,harvest,6,261,G6-04,18,9,1729,1638,bunches,18.0,9.0,completed,06:58,13:27,
WO-2025-0304-H-037,2025-03-04,harvest,harvest,6,268,G6-05,9,9,917,1054,bunches,9.0,9.0,completed,07:10,15:22,
WO-2025-0304-H-038,2025-03-04,harvest,harvest,7,289,G7-01,10,8,1039,800,bunches,10.0,8.0,partial,07:15,12:33,
WO-2025-0304-H-039,2025-03-04,harvest,harvest,7,290,G7-01,12,9,1168,904,bunches,12.0,9.0,partial,07:02,12:16,
WO-2025-0304-H-040,2025-03-04,harvest,harvest,7,299,G7-02,8,8,838,777,bunches,8.0,8.0,completed,07:09,14:06,
WO-2025-0304-H-041,2025-03-04,harvest,harvest,7,300,G7-02,18,9,1794,1684,bunches,18.0,9.0,completed,07:05,13:32,
WO-2025-0304-H-042,2025-03-04,harvest,harvest,7,310,G7-02,9,8,922,806,bunches,9.0,8.0,completed,07:16,13:31,
WO-2025-0304-H-043,2025-03-04,harvest,harvest,7,328,G7-03,8,8,757,800,bunches,8.0,8.0,completed,06:49,14:26,
WO-2025-0304-H-044,2025-03-04,harvest,harvest,7,336,G7-03,11,9,1165,1020,bunches,11.0,9.0,completed,07:15,13:46,
WO-2025-0304-H-045,2025-03-04,harvest,harvest,7,342,G7-04,6,6,664,596,bunches,6.0,6.0,completed,07:14,13:29,
WO-2025-0305-H-001,2025-03-05,harvest,harvest,1,5,G1-01,4,3,386,318,bunches,4.0,3.0,partial,07:19,13:38,
WO-2025-0305-H-002,2025-03-05,harvest,harvest,1,13,G1-02,10,9,1004,944,bunches,10.0,9.0,completed,07:07,13:51,
WO-2025-0305-H-003,2025-03-05,harvest,harvest,1,15,G1-02,8,9,781,897,bunches,8.0,9.0,completed,06:51,15:17,
WO-2025-0305-H-004,2025-03-05,harvest,harvest,1,17,G1-02,6,6,623,593,bunches,6.0,6.0,completed,07:05,14:05,
WO-2025-0305-H-005,2025-03-05,harvest,harvest,1,24,G1-03,5,4,492,432,bunches,5.0,4.0,completed,07:02,13:04,
WO-2025-0305-H-006,2025-03-05,harvest,harvest,1,35,G1-04,9,9,968,956,bunches,9.0,9.0,completed,07:12,14:32,
WO-2025-0305-H-007,2025-03-05,harvest,harvest,1,37,G1-04,4,4,403,433,bunches,4.0,4.0,completed,06:54,14:23,
WO-2025-0305-H-008,2025-03-05,harvest,harvest,2,45,G2-01,7,8,669,769,bunches,7.0,8.0,completed,07:13,15:32,
WO-2025-0305-H-009,2025-03-05,harvest,harvest,2,46,G2-01,7,7,681,707,bunches,7.0,7.0,completed,07:03,14:23,
WO-2025-0305-H-010,2025-03-05,harvest,harvest,2,47,G2-01,8,9,824,891,bunches,8.0,9.0,completed,07:18,15:22,
WO-2025-0305-H-011,2025-03-05,harvest,harvest,2,49,G2-01,6,6,543,538,bunches,6.0,6.0,completed,06:52,13:37,
WO-2025-0305-H-012,2025-03-05,harvest,harvest,2,50,G2-02,6,6,629,588,bunches,6.0,6.0,completed,06:48,13:45,
WO-2025-0305-H-013,2025-03-05,harvest,harvest,2,52,G2-02,5,0,557,0,bunches,5.0,0.0,not_started,06:57,,WO-2025-0306-H-008
WO-2025-0305-H-014,2025-03-05,harvest,harvest,2,54,G2-02,9,9,893,907,bunches,9.0,9.0,completed,06:52,13:57,
WO-2025-0305-H-015,2025-03-05,harvest,harvest,2,57,G2-02,6,6,597,553,bunches,6.0,6.0,completed,07:18,14:09,
WO-2025-0305-H-016,2025-03-05,harvest,harvest,2,58,G2-02,5,6,557,631,bunches,5.0,6.0,completed,07:07,15:05,
WO-2025-0305-H-017,2025-03-05,harvest,harvest,2,59,G2-03,6,6,606,623,bunches,6.0,6.0,completed,06:55,14:27,
WO-2025-0305-H-018,2025-03-05,harvest,harvest,2,67,G2-03,7,6,690,620,bunches,7.0,6.0,completed,06:59,13:32,
WO-2025-0305-H-019,2025-03-05,harvest,harvest,2,74,G2-04,10,8,991,874,bunches,10.0,8.0,completed,06:56,13:34,
WO-2025-0305-H-020,2025-03-05,harvest,harvest,2,382,G2-04,10,8,1081,859,bunches,10.0,8.0,partial,06:59,12:55,WO-2025-0310-H-015
WO-2025-0305-H-021,2025-03-05,harvest,harvest,3,86,G3-01,20,9,1946,1526,bunches,20.0,9.0,partial,07:06,12:51,WO-2025-0308-H-013
WO-2025-0305-H-022,2025-03-05,harvest,harvest,3,89,G3-02,11,0,1031,0,bunches,11.0,0.0,not_started,06:52,,WO-2025-0306-H-016
WO-2025-0305-H-023,2025-03-05,harvest,harvest,3,92,G3-02,20,9,2072,1582,bunches,20.0,9.0,partial,07:00,12:46,
WO-2025-0305-H-024,2025-03-05,harvest,harvest,3,95,G3-02,8,9,823,946,bunches,8.0,9.0,completed,07:01,14:00,
WO-2025-0305-H-025,2025-03-05,harvest,harvest,3,97,G3-02,11,9,1086,907,bunches,11.0,9.0,partial,07:06,13:10,WO-2025-0310-H-020
WO-2025-0305-H-026,2025-03-05,harvest,harvest,3,100,G3-02,10,9,1099,1005,bunches,10.0,9.0,completed,06:49,13:25,
WO-2025-0305-H-027,2025-03-05,harvest,harvest,3,102,G3-03,7,7,751,701,bunches,7.0,7.0,completed,06:57,13:27,
WO-2025-0305-H-028,2025-03-05,harvest,harvest,3,106,G3-03,3,3,298,291,bunches,3.0,3.0,completed,07:09,14:27,
WO-2025-0305-H-029,2025-03-05,harvest,harvest,3,121,G3-04,3,3,306,278,bunches,3.0,3.0,completed,07:00,13:14,
WO-2025-0305-H-030,2025-03-05,harvest,harvest,4,122,G4-01,6,5,662,554,bunches,6.0,5.0,partial,07:20,12:58,
WO-2025-0305-H-031,2025-03-05,harvest,harvest,4,128,G4-01,20,9,2145,2013,bunches,20.0,9.0,completed,07:07,13:57,
WO-2025-0305-H-032,2025-03-05,harvest,harvest,4,133,G4-02,12,9,1257,1445,bunches,12.0,9.0,completed,06:53,14:49,
WO-2025-0305-H-033,2025-03-05,harvest,harvest,4,148,G4-03,24,0,2516,0,bunches,24.0,0.0,not_started,07:02,,WO-2025-0306-H-027
WO-2025-0305-H-034,2025-03-05,harvest,harvest,4,150,G4-03,17,9,1699,1515,bunches,17.0,9.0,completed,06:47,12:57,
WO-2025-0305-H-035,2025-03-05,harvest,harvest,4,151,G4-03,15,9,1536,1576,bunches,15.0,9.0,completed,06:55,14:07,
WO-2025-0305-H-036,2025-03-05,harvest,harvest,5,170,G5-01,15,9,1537,1309,bunches,15.0,9.0,completed,07:02,13:23,
WO-2025-0305-H-037,2025-03-05,harvest,harvest,5,171,G5-01,11,9,1218,1070,bunches,11.0,9.0,completed,06:52,13:23,
WO-2025-0305-H-038,2025-03-05,harvest,harvest,5,174,G5-01,5,6,533,577,bunches,5.0,6.0,completed,06:45,14:44,
WO-2025-0305-H-039,2025-03-05,harvest,harvest,5,176,G5-01,15,9,1616,1604,bunches,15.0,9.0,completed,06:47,13:34,
WO-2025-0305-H-040,2025-03-05,harvest,harvest,5,180,G5-02,12,9,1263,1284,bunches,12.0,9.0,completed,07:05,14:45,
WO-2025-0305-H-041,2025-03-05,harvest,harvest,5,190,G5-02,9,9,965,1054,bunches,9.0,9.0,completed,06:50,14:46,
WO-2025-0305-H-042,2025-03-05,harvest,harvest,5,193,G5-03,18,9,1787,1511,bunches,18.0,9.0,partial,06:45,12:49,WO-2025-0310-H-036
WO-2025-0305-H-043,2025-03-05,harvest,harvest,5,194,G5-03,14,9,1502,1433,bunches,14.0,9.0,completed,07:03,13:33,
WO-2025-0305-H-044,2025-03-05,harvest,harvest,5,199,G5-03,13,9,1298,1334,bunches,13.0,9.0,completed,07:09,14:45,
WO-2025-0305-H-045,2025-03-05,harvest,harvest,6,203,G6-01,19,9,2048,1554,bunches,19.0,9.0,partial,07:07,12:29,WO-2025-0310-H-037
WO-2025-0305-H-046,2025-03-05,harvest,harvest,6,210,G6-01,19,9,2080,1771,bunches,19.0,9.0,completed,07:00,12:45,
WO-2025-0305-H-047,2025-03-05,harvest,harvest,6,216,G6-02,38,9,3904,2568,bunches,38.0,9.0,partial,06:53,11:35,
WO-2025-0305-H-048,2025-03-05,harvest,harvest,6,251,G6-03,16,9,1639,1355,bunches,16.0,9.0,partial,06:56,12:49,
WO-2025-0305-H-049,2025-03-05,harvest,harvest,6,256,G6-03,20,9,1909,1258,bunches,20.0,9.0,partial,06:47,11:16,
WO-2025-0305-H-050,2025-03-05,harvest,harvest,6,262,G6-04,14,9,1391,974,bunches,14.0,9.0,partial,07:12,12:27,
WO-2025-0305-H-051,2025-03-05,harvest,harvest,6,263,G6-04,15,9,1459,1471,bunches,15.0,9.0,completed,07:15,14:07,
WO-2025-0305-H-052,2025-03-05,harvest,harvest,7,287,G7-01,8,7,845,676,bunches,8.0,7.0,partial,07:19,12:56,
WO-2025-0305-H-053,2025-03-05,harvest,harvest,7,291,G7-01,8,8,814,766,bunches,8.0,8.0,completed,07:20,13:48,
WO-2025-0305-H-054,2025-03-05,harvest,harvest,7,295,G7-01,7,7,742,718,bunches,7.0,7.0,completed,06:59,14:14,
WO-2025-0305-H-055,2025-03-05,harvest,harvest,7,298,G7-01,10,9,1030,1026,bunches,10.0,9.0,completed,06:55,13:53,
WO-2025-0305-H-056,2025-03-05,harvest,harvest,7,303,G7-02,12,9,1214,1111,bunches,12.0,9.0,completed,07:09,13:24,
WO-2025-0305-H-057,2025-03-05,harvest,harvest,7,311,G7-03,12,9,1284,1181,bunches,12.0,9.0,completed,07:00,13:46,
WO-2025-0305-H-058,2025-03-05,harvest,harvest,7,330,G7-03,8,8,774,789,bunches,8.0,8.0,completed,07:21,14:17,
WO-2025-0305-H-059,2025-03-05,harvest,harvest,7,331,G7-03,7,8,688,755,bunches,7.0,8.0,completed,07:17,15:22,
WO-2025-0305-H-060,2025-03-05,harvest,harvest,7,346,G7-04,9,7,917,711,bunches,9.0,7.0,partial,06:53,12:49,
WO-2025-0306-H-001,2025-03-06,harvest,harvest,1,8,G1-01,8,8,821,789,bunches,8.0,8.0,completed,06:52,13:29,
WO-2025-0306-H-002,2025-03-06,harvest,harvest,1,16,G1-02,8,7,763,656,bunches,8.0,7.0,completed,07:03,13:12,
WO-2025-0306-H-003,2025-03-06,harvest,harvest,1,21,G1-03,8,9,830,951,bunches,8.0,9.0,completed,07:18,15:25,
WO-2025-0306-H-004,2025-03-06,harvest,harvest,1,29,G1-03,7,6,679,596,bunches,7.0,6.0,completed,07:11,13:07,
WO-2025-0306-H-005,2025-03-06,harvest,harvest,1,39,G1-04,7,7,729,648,bunches,7.0,7.0,completed,07:13,13:32,
WO-2025-0306-H-006,2025-03-06,harvest,harvest,2,41,G2-01,10,9,974,1022,bunches,10.0,9.0,completed,07:12,14:47,
WO-2025-0306-H-007,2025-03-06,harvest,harvest,2,51,G2-02,15,9,1497,1396,bunches,15.0,9.0,completed,07:13,13:58,
WO-2025-0306-H-008,2025-03-06,harvest,harvest,2,52,G2-02,5,5,557,496,bunches,5.0,5.0,completed,06:47,12:48,
WO-2025-0306-H-009,2025-03-06,harvest,harvest,2,53,G2-02,8,9,827,906,bunches,8.0,9.0,completed,06:49,14:38,
WO-2025-0306-H-010,2025-03-06,harvest,harvest,2,55,G2-02,10,9,963,1002,bunches,10.0,9.0,completed,06:53,14:19,
WO-2025-0306-H-011,2025-03-06,harvest,harvest,2,64,G2-03,13,9,1287,1181,bunches,13.0,9.0,completed,07:17,13:35,
WO-2025-0306-H-012,2025-03-06,harvest,harvest,3,76,G3-01,10,9,1074,1046,bunches,10.0,9.0,completed,06:52,13:37,
WO-2025-0306-H-013,2025-03-06,harvest,harvest,3,77,G3-01,12,9,1282,1326,bunches,12.0,9.0,completed,06:55,14:26,
WO-2025-0306-H-014,2025-03-06,harvest,harvest,3,81,G3-01,4,4,409,340,bunches,4.0,4.0,partial,07:08,12:52,
WO-2025-0306-H-015,2025-03-06,harvest,harvest,3,84,G3-01,16,9,1583,1580,bunches,16.0,9.0,completed,06:57,13:57,
WO-2025-0306-H-016,2025-03-06,harvest,harvest,3,89,G3-02,11,9,1031,958,bunches,11.0,9.0,completed,06:50,13:26,
WO-2025-0306-H-017,2025-03-06,harvest,harvest,3,93,G3-02,14,9,1419,1517,bunches,14.0,9.0,completed,07:15,14:53,
WO-2025-0306-H-018,2025-03-06,harvest,harvest,3,96,G3-02,14,9,1373,1431,bunches,14.0,9.0,completed,07:02,14:23,
WO-2025-0306-H-019,2025-03-06,harvest,harvest,3,99,G3-02,6,6,561,599,bunches,6.0,6.0,completed,07:07,14:37,
WO-2025-0306-H-020,2025-03-06,harvest,harvest,3,104,G3-03,11,9,1057,952,bunches,11.0,9.0,completed,07:17,13:54,
WO-2025-0306-H-021,2025-03-06,harvest,harvest,3,111,G3-03,12,9,1248,1271,bunches,12.0,9.0,completed,07:13,14:31,
WO-2025-0306-H-022,2025-03-06,harvest,harvest,3,114,G3-04,6,6,567,551,bunches,6.0,6.0,completed,07:15,14:02,
WO-2025-0306-H-023,2025-03-06,harvest,harvest,4,123,G4-01,7,6,708,582,bunches,7.0,6.0,partial,07:17,13:14,
WO-2025-0306-H-024,2025-03-06,harvest,harvest,4,131,G4-01,14,9,1519,1452,bunches,14.0,9.0,completed,06:59,14:04,
WO-2025-0306-H-025,2025-03-06,harvest,harvest,4,139,G4-02,12,9,1341,1542,bunches,12.0,9.0,completed,07:12,15:22,
WO-2025-0306-H-026,2025-03-06,harvest,harvest,4,141,G4-02,20,9,2029,1875,bunches,20.0,9.0,completed,07:20,13:38,
WO-2025-0306-H-027,2025-03-06,harvest,harvest,4,148,G4-03,24,9,2516,2462,bunches,24.0,9.0,completed,06:52,14:06,
WO-2025-0306-H-028,2025-03-06,harvest,harvest,4,156,G4-04,17,9,1737,1660,bunches,17.0,9.0,completed,06:54,13:25,
WO-2025-0306-H-029,2025-03-06,harvest,harvest,4,164,G4-04,9,9,952,953,bunches,9.0,9.0,completed,06:47,13:37,
WO-2025-0306-H-030,2025-03-06,harvest,harvest,4,165,G4-04,9,8,880,811,bunches,9.0,8.0,completed,07:17,13:54,
WO-2025-0306-H-031,2025-03-06,harvest,harvest,5,184,G5-02,15,9,1576,1375,bunches,15.0,9.0,completed,06:54,13:34,
WO-2025-0306-H-032,2025-03-06,harvest,harvest,5,186,G5-02,12,9,1246,1219,bunches,12.0,9.0,completed,06:57,13:00,
WO-2025-0306-H-033,2025-03-06,harvest,harvest,5,198,G5-03,13,9,1248,1204,bunches,13.0,9.0,completed,06:48,14:01,
WO-2025-0306-H-034,2025-03-06,harvest,harvest,5,202,G5-03,15,9,1530,1536,bunches,15.0,9.0,completed,06:51,14:11,
WO-2025-0306-H-035,2025-03-06,harvest,harvest,6,209,G6-01,16,9,1638,1273,bunches,16.0,9.0,partial,07:19,12:39,
WO-2025-0306-H-036,2025-03-06,harvest,harvest,6,246,G6-02,13,9,1335,1156,bunches,13.0,9.0,completed,06:58,13:23,
WO-2025-0306-H-037,2025-03-06,harvest,harvest,6,247,G6-02,5,6,526,571,bunches,5.0,6.0,completed,07:08,14:41,
WO-2025-0306-H-038,2025-03-06,harvest,harvest,6,260,G6-04,13,9,1287,1287,bunches,13.0,9.0,completed,07:17,14:41,
WO-2025-0306-H-039,2025-03-06,harvest,harvest,6,266,G6-04,11,9,1145,1102,bunches,11.0,9.0,completed,07:02,14:02,
WO-2025-0306-H-040,2025-03-06,harvest,harvest,6,272,G6-05,13,9,1338,1195,bunches,13.0,9.0,completed,06:53,12:56,
WO-2025-0306-H-041,2025-03-06,harvest,harvest,7,301,G7-02,4,4,447,435,bunches,4.0,4.0,completed,07:13,13:56,
WO-2025-0306-H-042,2025-03-06,harvest,harvest,7,306,G7-02,10,9,944,879,bunches,10.0,9.0,completed,07:13,13:32,
WO-2025-0306-H-043,2025-03-06,harvest,harvest,7,307,G7-02,4,0,424,0,bunches,4.0,0.0,not_started,06:53,,WO-2025-0307-H-044
WO-2025-0307-H-001,2025-03-07,harvest,harvest,1,3,G1-01,6,6,545,536,bunches,6.0,6.0,completed,07:04,14:27,
WO-2025-0307-H-002,2025-03-07,harvest,harvest,1,7,G1-01,4,4,366,367,bunches,4.0,4.0,completed,06:58,14:22,
WO-2025-0307-H-003,2025-03-07,harvest,harvest,1,10,G1-01,9,8,925,765,bunches,9.0,8.0,partial,06:52,12:40,WO-2025-0311-H-003
WO-2025-0307-H-004,2025-03-07,harvest,harvest,1,18,G1-02,6,5,599,449,bunches,6.0,5.0,partial,07:01,12:19,WO-2025-0311-H-005
WO-2025-0307-H-005,2025-03-07,harvest,harvest,1,30,G1-03,7,6,751,607,bunches,7.0,6.0,partial,06:48,12:52,WO-2025-0310-H-005
WO-2025-0307-H-006,2025-03-07,harvest,harvest,1,31,G1-04,6,6,583,591,bunches,6.0,6.0,completed,07:06,14:43,
WO-2025-0307-H-007,2025-03-07,harvest,harvest,1,32,G1-04,7,6,716,674,bunches,7.0,6.0,completed,07:19,14:20,
WO-2025-0307-H-008,2025-03-07,harvest,harvest,1,33,G1-04,5,5,539,567,bunches,5.0,5.0,completed,07:08,14:37,
WO-2025-0307-H-009,2025-03-07,harvest,harvest,1,34,G1-04,9,9,899,945,bunches,9.0,9.0,completed,06:50,14:41,
WO-2025-0307-H-010,2025-03-07,harvest,harvest,1,38,G1-04,7,7,745,680,bunches,7.0,7.0,completed,07:09,13:42,
WO-2025-0307-H-011,2025-03-07,harvest,harvest,2,40,G2-01,7,6,710,626,bunches,7.0,6.0,completed,07:17,13:17,
WO-2025-0307-H-012,2025-03-07,harvest,harvest,2,42,G2-01,5,6,552,589,bunches,5.0,6.0,completed,07:14,15:14,
WO-2025-0307-H-013,2025-03-07,harvest,harvest,2,59,G2-03,7,6,716,623,bunches,7.0,6.0,completed,06:54,13:28,
WO-2025-0307-H-014,2025-03-07,harvest,harvest,2,63,G2-03,13,9,1325,1225,bunches,13.0,9.0,completed,06:52,13:51,
WO-2025-0307-H-015,2025-03-07,harvest,harvest,2,71,G2-04,5,5,516,472,bunches,5.0,5.0,completed,07:16,13:49,
WO-2025-0307-H-016,2025-03-07,harvest,harvest,2,72,G2-04,8,6,788,644,bunches,8.0,6.0,partial,07:09,13:06,WO-2025-0310-H-013
WO-2025-0307-H-017,2025-03-07,harvest,harvest,3,78,G3-01,12,9,1226,1202,bunches,12.0,9.0,completed,07:17,14:04,
WO-2025-0307-H-018,2025-03-07,harvest,harvest,3,90,G3-02,10,9,1020,1028,bunches,10.0,9.0,completed,06:50,14:13,
WO-2025-0307-H-019,2025-03-07,harvest,harvest,3,103,G3-03,9,8,918,772,bunches,9.0,8.0,partial,06:47,13:08,
WO-2025-0307-H-020,2025-03-07,harvest,harvest,3,107,G3-03,11,9,1098,1217,bunches,11.0,9.0,completed,07:17,15:29,
WO-2025-0307-H-021,2025-03-07,harvest,harvest,3,110,G3-03,12,9,1222,1010,bunches,12.0,9.0,partial,06:48,12:45,WO-2025-0310-H-025
WO-2025-0307-H-022,2025-03-07,harvest,harvest,3,113,G3-03,13,9,1242,980,bunches,13.0,9.0,partial,07:12,12:41,
WO-2025-0307-H-023,2025-03-07,harvest,harvest,3,116,G3-04,4,4,370,370,bunches,4.0,4.0,completed,07:09,14:15,
WO-2025-0307-H-024,2025-03-07,harvest,harvest,3,118,G3-04,6,6,613,562,bunches,6.0,6.0,completed,07:08,13:48,
WO-2025-0307-H-025,2025-03-07,harvest,harvest,3,119,G3-04,2,3,228,259,bunches,2.0,3.0,completed,07:16,15:46,
WO-2025-0307-H-026,2025-03-07,harvest,harvest,3,369,G3-04,1,1,147,158,bunches,1.0,1.0,completed,07:15,15:17,
WO-2025-0307-H-027,2025-03-07,harvest,harvest,4,134,G4-02,12,9,1258,1447,bunches,12.0,9.0,completed,07:10,15:32,
WO-2025-0307-H-028,2025-03-07,harvest,harvest,4,136,G4-02,12,9,1225,1262,bunches,12.0,9.0,completed,06:52,14:04,
WO-2025-0307-H-029,2025-03-07,harvest,harvest,4,157,G4-04,17,9,1686,1659,bunches,17.0,9.0,completed,06:56,14:00,
WO-2025-0307-H-030,2025-03-07,harvest,harvest,4,159,G4-04,19,9,1979,2161,bunches,19.0,9.0,completed,07:16,14:53,
WO-2025-0307-H-031,2025-03-07,harvest,harvest,4,160,G4-04,18,9,1894,1705,bunches,18.0,9.0,completed,07:10,13:26,
WO-2025-0307-H-032,2025-03-07,harvest,harvest,4,166,G4-04,7,6,664,640,bunches,7.0,6.0,completed,07:04,14:05,
WO-2025-0307-H-033,2025-03-07,harvest,harvest,5,178,G5-01,11,9,1134,872,bunches,11.0,9.0,partial,07:06,12:43,
WO-2025-0307-H-034,2025-03-07,harvest,harvest,5,182,G5-02,26,9,2763,2315,bunches,26.0,9.0,partial,06:57,13:21,
WO-2025-0307-H-035,2025-03-07,harvest,harvest,5,187,G5-02,12,9,1224,1213,bunches,12.0,9.0,completed,06:56,14:28,
WO-2025-0307-H-036,2025-03-07,harvest,harvest,5,189,G5-02,10,9,1079,1025,bunches,10.0,9.0,completed,07:07,13:44,
WO-2025-0307-H-037,2025-03-07,harvest,harvest,5,197,G5-03,20,9,2052,1661,bunches,20.0,9.0,partial,06:48,12:33,
WO-2025-0307-H-038,2025-03-07,harvest,harvest,6,255,G6-03,14,9,1325,995,bunches,14.0,9.0,partial,07:18,12:25,WO-2025-0312-H-029
WO-2025-0307-H-039,2025-03-07,harvest,harvest,6,267,G6-04,15,9,1642,1782,bunches,15.0,9.0,completed,06:48,14:40,
WO-2025-0307-H-040,2025-03-07,harvest,harvest,6,380,G6-05,15,9,1640,1886,bunches,15.0,9.0,completed,07:02,15:32,
WO-2025-0307-H-041,2025-03-07,harvest,harvest,7,292,G7-01,8,8,843,777,bunches,8.0,8.0,completed,06:55,13:44,
WO-2025-0307-H-042,2025-03-07,harvest,harvest,7,294,G7-01,6,6,611,598,bunches,6.0,6.0,completed,06:57,14:09,
WO-2025-0307-H-043,2025-03-07,harvest,harvest,7,302,G7-02,10,9,1022,1032,bunches,10.0,9.0,completed,06:53,13:57,
WO-2025-0307-H-044,2025-03-07,harvest,harvest,7,307,G7-02,4,4,424,463,bunches,4.0,4.0,completed,06:53,14:42,
WO-2025-0307-H-045,2025-03-07,harvest,harvest,7,308,G7-02,11,9,1195,991,bunches,11.0,9.0,partial,07:04,12:56,
WO-2025-0307-H-046,2025-03-07,harvest,harvest,7,309,G7-02,13,9,1376,1275,bunches,13.0,9.0,completed,06:51,13:09,
WO-2025-0307-H-047,2025-03-07,harvest,harvest,7,337,G7-03,7,7,663,705,bunches,7.0,7.0,completed,07:02,14:55,
WO-2025-0307-H-048,2025-03-07,harvest,harvest,7,339,G7-04,8,9,834,885,bunches,8.0,9.0,completed,07:05,14:41,
WO-2025-0307-H-049,2025-03-07,harvest,harvest,7,342,G7-04,6,6,599,596,bunches,6.0,6.0,completed,06:47,13:54,
WO-2025-0307-H-050,2025-03-07,harvest,harvest,7,343,G7-04,10,9,1064,881,bunches,10.0,9.0,partial,07:17,13:03,
WO-2025-0307-H-051,2025-03-07,harvest,harvest,7,344,G7-04,16,9,1712,1715,bunches,16.0,9.0,completed,06:45,14:20,
WO-2025-0307-H-052,2025-03-07,harvest,harvest,7,348,G7-04,11,9,1214,1324,bunches,11.0,9.0,completed,07:07,15:12,
WO-2025-0308-H-001,2025-03-08,harvest,harvest,1,4,G1-01,8,6,740,635,bunches,8.0,6.0,completed,07:19,13:06,
WO-2025-0308-H-002,2025-03-08,harvest,harvest,1,9,G1-01,9,7,888,695,bunches,9.0,7.0,partial,07:05,13:03,WO-2025-0312-H-003
WO-2025-0308-H-003,2025-03-08,harvest,harvest,1,11,G1-02,17,9,1708,1187,bunches,17.0,9.0,partial,07:19,12:32,WO-2025-0312-H-004
WO-2025-0308-H-004,2025-03-08,harvest,harvest,1,20,G1-02,10,8,1026,734,bunches,10.0,8.0,partial,06:50,11:49,
WO-2025-0308-H-005,2025-03-08,harvest,harvest,1,29,G1-03,5,6,561,596,bunches,5.0,6.0,completed,07:17,14:33,
WO-2025-0308-H-006,2025-03-08,harvest,harvest,2,44,G2-01,9,7,847,690,bunches,9.0,7.0,partial,07:15,13:31,WO-2025-0312-H-007
WO-2025-0308-H-007,2025-03-08,harvest,harvest,2,60,G2-03,10,9,968,883,bunches,10.0,9.0,completed,06:55,13:26,
WO-2025-0308-H-008,2025-03-08,harvest,harvest,2,62,G2-03,10,8,1049,894,bunches,10.0,8.0,completed,07:09,13:01,
WO-2025-0308-H-009,2025-03-08,harvest,harvest,2,66,G2-03,9,9,937,885,bunches,9.0,9.0,completed,07:15,14:04,
WO-2025-0308-H-010,2025-03-08,harvest,harvest,2,68,G2-03,18,9,1788,1357,bunches,18.0,9.0,partial,07:03,12:17,
WO-2025-0308-H-011,2025-03-08,harvest,harvest,2,70,G2-04,6,5,564,472,bunches,6.0,5.0,partial,07:10,12:59,WO-2025-0312-H-011
WO-2025-0308-H-012,2025-03-08,harvest,harvest,2,73,G2-04,7,6,702,586,bunches,7.0,6.0,partial,07:06,12:46,WO-2025-0312-H-013
WO-2025-0308-H-013,2025-03-08,harvest,harvest,3,86,G3-01,16,9,1590,1526,bunches,16.0,9.0,completed,06:52,13:23,
WO-2025-0308-H-014,2025-03-08,harvest,harvest,3,94,G3-02,15,9,1519,1167,bunches,15.0,9.0,partial,07:16,12:51,
WO-2025-0308-H-015,2025-03-08,harvest,harvest,3,109,G3-03,10,7,1086,757,bunches,10.0,7.0,partial,06:00,11:53,WO-2025-0313-H-031
WO-2025-0308-H-016,2025-03-08,harvest,harvest,4,129,G4-01,30,9,3222,2066,bunches,30.0,9.0,partial,07:05,11:56,
WO-2025-0308-H-017,2025-03-08,harvest,harvest,4,132,G4-01,49,0,5301,0,bunches,49.0,0.0,not_started,06:49,,WO-2025-0309-H-047
WO-2025-0308-H-018,2025-03-08,harvest,harvest,4,138,G4-02,13,9,1407,1181,bunches,13.0,9.0,partial,07:20,13:43,
WO-2025-0308-H-019,2025-03-08,harvest,harvest,4,146,G4-03,17,9,1831,1334,bunches,17.0,9.0,partial,06:53,12:06,WO-2025-0313-H-036
WO-2025-0308-H-020,2025-03-08,harvest,harvest,4,153,G4-03,20,9,2127,1932,bunches,20.0,9.0,completed,06:49,13:08,
WO-2025-0308-H-021,2025-03-08,harvest,harvest,4,158,G4-04,14,9,1461,1067,bunches,14.0,9.0,partial,06:58,12:29,
WO-2025-0308-H-022,2025-03-08,harvest,harvest,5,172,G5-01,14,9,1468,1246,bunches,14.0,9.0,partial,06:53,12:49,WO-2025-0311-H-026
WO-2025-0308-H-023,2025-03-08,harvest,harvest,5,173,G5-01,13,9,1333,935,bunches,13.0,9.0,partial,07:03,12:02,
WO-2025-0308-H-024,2025-03-08,harvest,harvest,5,177,G5-01,14,9,1485,1398,bunches,14.0,9.0,completed,07:12,14:02,
WO-2025-0308-H-025,2025-03-08,harvest,harvest,5,192,G5-02,6,7,665,702,bunches,6.0,7.0,completed,07:17,14:54,
WO-2025-0308-H-026,2025-03-08,harvest,harvest,5,200,G5-03,13,9,1285,1292,bunches,13.0,9.0,completed,07:04,13:58,
WO-2025-0308-H-027,2025-03-08,harvest,harvest,5,201,G5-03,22,9,2205,1886,bunches,22.0,9.0,completed,07:10,13:08,
WO-2025-0308-H-028,2025-03-08,harvest,harvest,6,204,G6-01,22,9,2295,1859,bunches,22.0,9.0,partial,06:58,12:51,
WO-2025-0308-H-029,2025-03-08,harvest,harvest,6,212,G6-01,28,9,3115,2498,bunches,28.0,9.0,partial,07:05,12:30,
WO-2025-0308-H-030,2025-03-08,harvest,harvest,6,379,G6-05,29,9,2980,2219,bunches,29.0,9.0,partial,06:54,12:35,
WO-2025-0308-H-031,2025-03-08,harvest,harvest,7,293,G7-01,11,9,1070,936,bunches,11.0,9.0,completed,07:02,13:02,
WO-2025-0308-H-032,2025-03-08,harvest,harvest,7,297,G7-01,8,8,759,737,bunches,8.0,8.0,completed,07:01,14:01,
WO-2025-0308-H-033,2025-03-08,harvest,harvest,7,305,G7-02,13,9,1376,975,bunches,13.0,9.0,partial,07:18,12:42,WO-2025-0313-H-052
WO-2025-0308-H-034,2025-03-08,harvest,harvest,7,332,G7-03,5,5,544,510,bunches,5.0,5.0,completed,06:49,13:41,
WO-2025-0308-H-035,2025-03-08,harvest,harvest,7,335,G7-03,13,9,1345,1185,bunches,13.0,9.0,completed,06:54,12:53,
WO-2025-0308-H-036,2025-03-08,harvest,harvest,7,345,G7-04,12,9,1309,1054,bunches,12.0,9.0,partial,06:53,12:34,WO-2025-0313-H-058
WO-2025-0309-H-001,2025-03-09,harvest,harvest,1,2,G1-01,24,6,2348,593,bunches,24.0,6.0,weathered_off,06:00,09:01,
WO-2025-0309-H-002,2025-03-09,harvest,harvest,1,14,G1-02,12,8,1251,853,bunches,12.0,8.0,partial,07:18,12:05,
WO-2025-0309-H-003,2025-03-09,harvest,harvest,1,16,G1-02,16,7,1559,656,bunches,16.0,7.0,weathered_off,06:53,08:53,
WO-2025-0309-H-004,2025-03-09,harvest,harvest,1,19,G1-02,12,5,1198,519,bunches,12.0,5.0,weathered_off,06:47,09:19,
WO-2025-0309-H-005,2025-03-09,harvest,harvest,1,22,G1-03,14,8,1383,783,bunches,14.0,8.0,partial,06:56,10:40,WO-2025-0314-H-002
WO-2025-0309-H-006,2025-03-09,harvest,harvest,1,23,G1-03,10,10,966,0,bunches,10.0,3.0,weathered_off,06:47,09:01,WO-2025-0310-H-003
WO-2025-0309-H-007,2025-03-09,harvest,harvest,1,25,G1-03,21,9,2085,1088,bunches,21.0,9.0,weathered_off,06:57,09:13,
WO-2025-0309-H-008,2025-03-09,harvest,harvest,1,26,G1-03,20,9,2091,950,bunches,20.0,9.0,weathered_off,07:10,10:10,
WO-2025-0309-H-009,2025-03-09,harvest,harvest,1,27,G1-03,8,8,795,0,bunches,8.0,2.4,weathered_off,06:56,09:58,WO-2025-0310-H-004
WO-2025-0309-H-010,2025-03-09,harvest,harvest,1,28,G1-03,13,9,1307,893,bunches,13.0,9.0,partial,06:52,11:56,
WO-2025-0309-H-011,2025-03-09,harvest,harvest,1,30,G1-03,7,7,720,0,bunches,7.0,2.1,weathered_off,07:09,09:20,WO-2025-0310-H-005
WO-2025-0309-H-012,2025-03-09,harvest,harvest,1,31,G1-04,15,6,1515,591,bunches,15.0,6.0,weathered_off,07:15,10:12,
WO-2025-0309-H-013,2025-03-09,harvest,harvest,1,32,G1-04,19,6,1974,674,bunches,19.0,6.0,weathered_off,07:18,10:23,
WO-2025-0309-H-014,2025-03-09,harvest,harvest,2,42,G2-01,13,6,1320,589,bunches,13.0,6.0,weathered_off,06:56,09:22,
WO-2025-0309-H-015,2025-03-09,harvest,harvest,2,43,G2-01,7,7,677,0,bunches,7.0,2.1,weathered_off,07:15,10:21,WO-2025-0310-H-007
WO-2025-0309-H-016,2025-03-09,harvest,harvest,2,46,G2-01,11,11,1079,0,bunches,11.0,3.3,weathered_off,06:49,09:26,WO-2025-0310-H-008
WO-2025-0309-H-017,2025-03-09,harvest,harvest,2,47,G2-01,16,9,1574,891,bunches,16.0,9.0,partial,07:19,11:24,WO-2025-0314-H-010
WO-2025-0309-H-018,2025-03-09,harvest,harvest,2,50,G2-02,10,6,984,588,bunches,10.0,6.0,partial,07:11,11:44,WO-2025-0313-H-014
WO-2025-0309-H-019,2025-03-09,harvest,harvest,2,52,G2-02,6,6,576,0,bunches,6.0,1.8,weathered_off,07:18,10:02,WO-2025-0310-H-009
WO-2025-0309-H-020,2025-03-09,harvest,harvest,2,56,G2-02,13,7,1259,658,bunches,13.0,7.0,weathered_off,07:18,09:52,
WO-2025-0309-H-021,2025-03-09,harvest,harvest,2,57,G2-02,7,7,729,0,bunches,7.0,2.1,weathered_off,06:00,10:15,WO-2025-0310-H-010
WO-2025-0309-H-022,2025-03-09,harvest,harvest,2,58,G2-02,12,6,1231,631,bunches,12.0,6.0,weathered_off,06:53,08:45,
WO-2025-0309-H-023,2025-03-09,harvest,harvest,2,65,G2-03,19,5,1885,512,bunches,19.0,5.0,weathered_off,06:47,09:19,
WO-2025-0309-H-024,2025-03-09,harvest,harvest,2,67,G2-03,8,8,825,0,bunches,8.0,2.4,weathered_off,06:49,10:03,WO-2025-0310-H-011
WO-2025-0309-H-025,2025-03-09,harvest,harvest,2,71,G2-04,5,5,544,0,bunches,5.0,1.5,weathered_off,07:18,10:36,WO-2025-0310-H-012
WO-2025-0309-H-026,2025-03-09,harvest,harvest,2,72,G2-04,7,7,724,0,bunches,7.0,2.1,weathered_off,07:14,08:44,WO-2025-0310-H-013
WO-2025-0309-H-027,2025-03-09,harvest,harvest,2,382,G2-04,10,10,1106,0,bunches,10.0,3.0,weathered_off,07:18,09:51,WO-2025-0310-H-015
WO-2025-0309-H-028,2025-03-09,harvest,harvest,3,79,G3-01,12,12,1187,0,bunches,12.0,3.6,weathered_off,07:17,10:20,WO-2025-0310-H-016
WO-2025-0309-H-029,2025-03-09,harvest,harvest,3,80,G3-01,7,7,620,0,bunches,7.0,2.1,weathered_off,07:01,08:56,WO-2025-0310-H-017
WO-2025-0309-H-030,2025-03-09,harvest,harvest,3,82,G3-01,5,1,467,149,bunches,5.0,1.0,weathered_off,07:19,09:18,
WO-2025-0309-H-031,2025-03-09,harvest,harvest,3,87,G3-01,65,9,6298,1327,bunches,65.0,9.0,weathered_off,06:51,09:58,
WO-2025-0309-H-032,2025-03-09,harvest,harvest,3,88,G3-02,17,9,1612,887,bunches,17.0,9.0,partial,07:14,11:36,WO-2025-0313-H-025
WO-2025-0309-H-033,2025-03-09,harvest,harvest,3,91,G3-02,14,8,1332,817,bunches,14.0,8.0,partial,06:47,11:07,WO-2025-0314-H-018
WO-2025-0309-H-034,2025-03-09,harvest,harvest,3,93,G3-02,17,17,1747,0,bunches,17.0,5.1,weathered_off,06:58,09:28,WO-2025-0310-H-019
WO-2025-0309-H-035,2025-03-09,harvest,harvest,3,95,G3-02,18,9,1865,946,bunches,18.0,9.0,weathered_off,06:59,09:35,
WO-2025-0309-H-036,2025-03-09,harvest,harvest,3,97,G3-02,14,14,1370,0,bunches,14.0,4.2,weathered_off,06:49,09:06,WO-2025-0310-H-020
WO-2025-0309-H-037,2025-03-09,harvest,harvest,3,98,G3-02,19,9,1920,1160,bunches,19.0,9.0,partial,07:09,11:52,
WO-2025-0309-H-038,2025-03-09,harvest,harvest,3,100,G3-02,17,9,1769,1005,bunches,17.0,9.0,partial,06:48,11:01,WO-2025-0313-H-026
WO-2025-0309-H-039,2025-03-09,harvest,harvest,3,101,G3-03,33,9,3295,1120,bunches,33.0,9.0,weathered_off,07:07,10:34,
WO-2025-0309-H-040,2025-03-09,harvest,harvest,3,104,G3-03,13,13,1300,0,bunches,13.0,3.9,weathered_off,07:09,09:12,WO-2025-0310-H-021
WO-2025-0309-H-041,2025-03-09,harvest,harvest,3,106,G3-03,3,3,287,0,bunches,3.0,0.9,weathered_off,07:20,09:08,WO-2025-0310-H-023
WO-2025-0309-H-042,2025-03-09,harvest,harvest,3,110,G3-03,13,13,1372,0,bunches,13.0,3.9,weathered_off,07:16,09:10,WO-2025-0310-H-025
WO-2025-0309-H-043,2025-03-09,harvest,harvest,3,112,G3-03,7,7,682,0,bunches,7.0,2.1,weathered_off,06:48,08:33,WO-2025-0310-H-026
WO-2025-0309-H-044,2025-03-09,harvest,harvest,3,115,G3-04,25,9,2503,899,bunches,25.0,9.0,weathered_off,06:51,09:52,
WO-2025-0309-H-045,2025-03-09,harvest,harvest,3,120,G3-04,17,9,1725,898,bunches,17.0,9.0,weathered_off,07:19,09:05,
WO-2025-0309-H-046,2025-03-09,harvest,harvest,4,126,G4-01,16,5,1721,563,bunches,16.0,5.0,weathered_off,07:01,08:35,
WO-2025-0309-H-047,2025-03-09,harvest,harvest,4,132,G4-01,49,9,5301,1762,bunches,49.0,9.0,weathered_off,07:05,09:44,
WO-2025-0309-H-048,2025-03-09,harvest,harvest,4,133,G4-02,14,14,1512,0,bunches,14.0,4.2,weathered_off,07:04,08:54,WO-2025-0310-H-027
WO-2025-0309-H-049,2025-03-09,harvest,harvest,4,135,G4-02,48,9,5135,2457,bunches,48.0,9.0,weathered_off,07:09,09:11,
WO-2025-0309-H-050,2025-03-09,harvest,harvest,4,142,G4-02,18,18,1879,0,bunches,18.0,5.4,weathered_off,06:55,08:46,WO-2025-0310-H-029
WO-2025-0309-H-051,2025-03-09,harvest,harvest,4,143,G4-02,42,9,4341,1924,bunches,42.0,9.0,weathered_off,06:51,08:47,
WO-2025-0309-H-052,2025-03-09,harvest,harvest,4,145,G4-03,11,11,1107,0,bunches,11.0,3.3,weathered_off,07:07,09:41,WO-2025-0310-H-030
WO-2025-0309-H-053,2025-03-09,harvest,harvest,4,147,G4-03,74,9,7461,2559,bunches,74.0,9.0,weathered_off,07:07,09:14,
WO-2025-0309-H-054,2025-03-09,harvest,harvest,4,155,G4-04,7,7,715,0,bunches,7.0,2.1,weathered_off,07:07,10:23,WO-2025-0310-H-033
WO-2025-0309-H-055,2025-03-09,harvest,harvest,4,160,G4-04,17,17,1707,0,bunches,17.0,5.1,weathered_off,07:02,08:47,WO-2025-0310-H-034
WO-2025-0309-H-056,2025-03-09,harvest,harvest,5,169,G5-01,33,9,3383,1697,bunches,33.0,9.0,weathered_off,06:56,08:28,
WO-2025-0309-H-057,2025-03-09,harvest,harvest,5,170,G5-01,25,9,2604,1309,bunches,25.0,9.0,weathered_off,07:19,10:11,
WO-2025-0309-H-058,2025-03-09,harvest,harvest,5,171,G5-01,19,9,2006,1070,bunches,19.0,9.0,weathered_off,06:49,09:24,
WO-2025-0309-H-059,2025-03-09,harvest,harvest,5,188,G5-02,28,9,2820,1028,bunches,28.0,9.0,weathered_off,06:56,08:31,
WO-2025-0309-H-060,2025-03-09,harvest,harvest,5,193,G5-03,21,21,2106,0,bunches,21.0,6.3,weathered_off,07:12,08:00,WO-2025-0310-H-036
WO-2025-0309-H-061,2025-03-09,harvest,harvest,5,196,G5-03,59,9,5949,2196,bunches,59.0,9.0,weathered_off,07:04,10:16,
WO-2025-0309-H-062,2025-03-09,harvest,harvest,6,203,G6-01,19,19,2004,0,bunches,19.0,5.7,weathered_off,06:59,09:05,WO-2025-0310-H-037
WO-2025-0309-H-063,2025-03-09,harvest,harvest,6,208,G6-01,49,9,5006,1044,bunches,49.0,9.0,weathered_off,06:48,08:49,
WO-2025-0309-H-064,2025-03-09,harvest,harvest,6,223,G6-02,98,9,10081,4280,bunches,98.0,9.0,weathered_off,06:52,09:52,
WO-2025-0309-H-065,2025-03-09,harvest,harvest,6,230,G6-02,16,16,1658,0,bunches,16.0,4.8,weathered_off,06:00,10:08,WO-2025-0310-H-038
WO-2025-0309-H-066,2025-03-09,harvest,harvest,6,245,G6-02,29,9,2946,1451,bunches,29.0,9.0,weathered_off,07:12,08:53,
WO-2025-0309-H-067,2025-03-09,harvest,harvest,6,252,G6-03,43,9,4447,2411,bunches,43.0,9.0,weathered_off,06:47,10:14,
WO-2025-0309-H-068,2025-03-09,harvest,harvest,6,253,G6-03,18,9,1874,946,bunches,18.0,9.0,weathered_off,06:54,10:20,
WO-2025-0309-H-069,2025-03-09,harvest,harvest,6,258,G6-04,9,4,943,395,bunches,9.0,4.0,weathered_off,06:55,09:16,
WO-2025-0309-H-070,2025-03-09,harvest,harvest,6,259,G6-04,50,9,5073,2047,bunches,50.0,9.0,weathered_off,06:49,09:30,
WO-2025-0309-H-071,2025-03-09,harvest,harvest,6,261,G6-04,30,9,2963,1638,bunches,30.0,9.0,partial,06:46,11:07,
WO-2025-0309-H-072,2025-03-09,harvest,harvest,6,263,G6-04,24,9,2363,1471,bunches,24.0,9.0,partial,06:48,10:58,
WO-2025-0309-H-073,2025-03-09,harvest,harvest,6,266,G6-04,12,12,1186,0,bunches,12.0,3.6,weathered_off,07:08,08:41,WO-2025-0310-H-039
WO-2025-0309-H-074,2025-03-09,harvest,harvest,7,288,G7-01,9,9,997,0,bunches,9.0,2.7,weathered_off,06:48,08:26,WO-2025-0310-H-040
WO-2025-0309-H-075,2025-03-09,harvest,harvest,7,291,G7-01,26,8,2588,766,bunches,26.0,8.0,weathered_off,07:20,09:43,
WO-2025-0309-H-076,2025-03-09,harvest,harvest,7,296,G7-01,20,9,2027,959,bunches,20.0,9.0,weathered_off,07:07,08:46,
WO-2025-0309-H-077,2025-03-09,harvest,harvest,7,299,G7-02,35,8,3527,777,bunches,35.0,8.0,weathered_off,07:19,10:08,
WO-2025-0309-H-078,2025-03-09,harvest,harvest,7,333,G7-03,15,8,1489,818,bunches,15.0,8.0,weathered_off,07:13,08:55,
WO-2025-0309-H-079,2025-03-09,harvest,harvest,7,334,G7-03,16,8,1588,790,bunches,16.0,8.0,weathered_off,07:10,10:06,
WO-2025-0309-H-080,2025-03-09,harvest,harvest,7,336,G7-03,16,9,1698,1020,bunches,16.0,9.0,partial,06:55,11:38,WO-2025-0314-H-052
WO-2025-0309-H-081,2025-03-09,harvest,harvest,7,337,G7-03,13,7,1252,705,bunches,13.0,7.0,partial,07:19,11:11,
WO-2025-0309-H-082,2025-03-09,harvest,harvest,7,338,G7-03,18,9,1852,887,bunches,18.0,9.0,weathered_off,06:46,08:52,
WO-2025-0309-H-083,2025-03-09,harvest,harvest,7,340,G7-04,19,9,1886,992,bunches,19.0,9.0,weathered_off,07:07,10:14,
WO-2025-0309-H-084,2025-03-09,harvest,harvest,7,347,G7-04,23,9,2510,1214,bunches,23.0,9.0,weathered_off,06:49,09:43,
WO-2025-0310-H-001,2025-03-10,harvest,harvest,1,15,G1-02,11,9,1126,897,bunches,11.0,9.0,partial,06:48,12:38,WO-2025-0315-H-005
WO-2025-0310-H-002,2025-03-10,harvest,harvest,1,17,G1-02,7,6,704,593,bunches,7.0,6.0,partial,07:13,13:23,WO-2025-0313-H-005
WO-2025-0310-H-003,2025-03-10,harvest,harvest,1,23,G1-03,10,8,966,782,bunches,10.0,8.0,partial,07:17,12:00,
WO-2025-0310-H-004,2025-03-10,harvest,harvest,1,27,G1-03,8,8,795,851,bunches,8.0,8.0,completed,06:56,14:50,
WO-2025-0310-H-005,2025-03-10,harvest,harvest,1,30,G1-03,7,6,720,607,bunches,7.0,6.0,partial,06:56,13:20,WO-2025-0313-H-008
WO-2025-0310-H-006,2025-03-10,harvest,harvest,1,36,G1-04,8,6,845,641,bunches,8.0,6.0,partial,07:09,12:19,
WO-2025-0310-H-007,2025-03-10,harvest,harvest,2,43,G2-01,7,6,677,531,bunches,7.0,6.0,partial,06:56,12:29,WO-2025-0313-H-012
WO-2025-0310-H-008,2025-03-10,harvest,harvest,2,46,G2-01,11,7,1079,707,bunches,11.0,7.0,partial,07:03,12:10,WO-2025-0312-H-008
WO-2025-0310-H-009,2025-03-10,harvest,harvest,2,52,G2-02,6,5,576,496,bunches,6.0,5.0,completed,07:08,13:30,
WO-2025-0310-H-010,2025-03-10,harvest,harvest,2,57,G2-02,7,6,729,553,bunches,7.0,6.0,partial,06:56,12:30,WO-2025-0315-H-010
WO-2025-0310-H-011,2025-03-10,harvest,harvest,2,67,G2-03,8,6,825,620,bunches,8.0,6.0,partial,07:09,12:17,
WO-2025-0310-H-012,2025-03-10,harvest,harvest,2,71,G2-04,5,5,544,472,bunches,5.0,5.0,completed,07:04,13:27,
WO-2025-0310-H-013,2025-03-10,harvest,harvest,2,72,G2-04,7,6,724,644,bunches,7.0,6.0,completed,07:06,13:35,
WO-2025-0310-H-014,2025-03-10,harvest,harvest,2,74,G2-04,10,8,988,874,bunches,10.0,8.0,completed,06:51,12:56,
WO-2025-0310-H-015,2025-03-10,harvest,harvest,2,382,G2-04,10,8,1106,859,bunches,10.0,8.0,partial,07:16,12:47,WO-2025-0313-H-021
WO-2025-0310-H-016,2025-03-10,harvest,harvest,3,79,G3-01,12,9,1187,968,bunches,12.0,9.0,partial,06:49,12:59,
WO-2025-0310-H-017,2025-03-10,harvest,harvest,3,80,G3-01,7,8,620,709,bunches,7.0,8.0,completed,06:50,15:17,
WO-2025-0310-H-018,2025-03-10,harvest,harvest,3,83,G3-01,30,9,3131,2655,bunches,30.0,9.0,partial,06:55,12:43,
WO-2025-0310-H-019,2025-03-10,harvest,harvest,3,93,G3-02,17,9,1747,1517,bunches,17.0,9.0,completed,07:11,13:24,
WO-2025-0310-H-020,2025-03-10,harvest,harvest,3,97,G3-02,14,9,1370,907,bunches,14.0,9.0,partial,07:12,12:17,
WO-2025-0310-H-021,2025-03-10,harvest,harvest,3,104,G3-03,13,9,1300,952,bunches,13.0,9.0,partial,07:03,12:35,WO-2025-0314-H-022
WO-2025-0310-H-022,2025-03-10,harvest,harvest,3,105,G3-03,8,7,764,611,bunches,8.0,7.0,partial,07:06,13:11,
WO-2025-0310-H-023,2025-03-10,harvest,harvest,3,106,G3-03,3,3,287,291,bunches,3.0,3.0,completed,06:57,13:55,
WO-2025-0310-H-024,2025-03-10,harvest,harvest,3,108,G3-03,14,9,1496,1242,bunches,14.0,9.0,partial,07:02,13:19,WO-2025-0313-H-030
WO-2025-0310-H-025,2025-03-10,harvest,harvest,3,110,G3-03,13,9,1372,1010,bunches,13.0,9.0,partial,07:08,12:33,
WO-2025-0310-H-026,2025-03-10,harvest,harvest,3,112,G3-03,7,5,682,489,bunches,7.0,5.0,partial,07:09,12:26,
WO-2025-0310-H-027,2025-03-10,harvest,harvest,4,133,G4-02,14,9,1512,1445,bunches,14.0,9.0,completed,07:08,13:37,
WO-2025-0310-H-028,2025-03-10,harvest,harvest,4,137,G4-02,17,9,1805,1331,bunches,17.0,9.0,partial,07:10,12:08,
WO-2025-0310-H-029,2025-03-10,harvest,harvest,4,142,G4-02,18,9,1879,1543,bunches,18.0,9.0,partial,07:11,13:07,WO-2025-0314-H-026
WO-2025-0310-H-030,2025-03-10,harvest,harvest,4,145,G4-03,11,9,1107,1164,bunches,11.0,9.0,completed,07:20,14:50,
WO-2025-0310-H-031,2025-03-10,harvest,harvest,4,151,G4-03,21,9,2230,1576,bunches,21.0,9.0,partial,06:48,11:00,
WO-2025-0310-H-032,2025-03-10,harvest,harvest,4,152,G4-03,17,9,1732,1640,bunches,17.0,9.0,completed,07:08,13:45,
WO-2025-0310-H-033,2025-03-10,harvest,harvest,4,155,G4-04,7,6,715,596,bunches,7.0,6.0,partial,06:58,13:18,WO-2025-0313-H-039
WO-2025-0310-H-034,2025-03-10,harvest,harvest,4,160,G4-04,17,9,1707,1705,bunches,17.0,9.0,completed,06:00,14:05,
WO-2025-0310-H-035,2025-03-10,harvest,harvest,5,179,G5-01,18,9,1932,1389,bunches,18.0,9.0,partial,07:16,12:19,
WO-2025-0310-H-036,2025-03-10,harvest,harvest,5,193,G5-03,21,9,2106,1511,bunches,21.0,9.0,partial,07:15,12:40,
WO-2025-0310-H-037,2025-03-10,harvest,harvest,6,203,G6-01,19,9,2004,1554,bunches,19.0,9.0,partial,06:52,12:40,WO-2025-0315-H-033
WO-2025-0310-H-038,2025-03-10,harvest,harvest,6,230,G6-02,16,9,1658,1515,bunches,16.0,9.0,completed,06:52,13:15,
WO-2025-0310-H-039,2025-03-10,harvest,harvest,6,266,G6-04,12,9,1186,1102,bunches,12.0,9.0,completed,06:52,13:49,
WO-2025-0310-H-040,2025-03-10,harvest,harvest,7,288,G7-01,9,7,997,772,bunches,9.0,7.0,partial,07:12,13:09,
WO-2025-0310-H-041,2025-03-10,harvest,harvest,7,290,G7-01,12,0,1235,0,bunches,12.0,0.0,not_started,07:04,,WO-2025-0311-H-038
WO-2025-0310-H-042,2025-03-10,harvest,harvest,7,310,G7-02,9,8,963,806,bunches,9.0,8.0,partial,06:47,12:52,WO-2025-0313-H-055
WO-2025-0311-H-001,2025-03-11,harvest,harvest,1,1,G1-01,2,2,206,196,bunches,2.0,2.0,completed,06:58,13:55,
WO-2025-0311-H-002,2025-03-11,harvest,harvest,1,8,G1-01,10,8,957,789,bunches,10.0,8.0,partial,06:50,12:38,WO-2025-0315-H-003
WO-2025-0311-H-003,2025-03-11,harvest,harvest,1,10,G1-01,7,8,665,765,bunches,7.0,8.0,completed,07:12,15:21,
WO-2025-0311-H-004,2025-03-11,harvest,harvest,1,12,G1-02,9,9,921,925,bunches,9.0,9.0,completed,06:48,13:44,
WO-2025-0311-H-005,2025-03-11,harvest,harvest,1,18,G1-02,5,5,438,449,bunches,5.0,5.0,completed,07:01,14:43,
WO-2025-0311-H-006,2025-03-11,harvest,harvest,1,24,G1-03,7,4,661,432,bunches,7.0,4.0,partial,07:04,12:03,WO-2025-0316-H-003
WO-2025-0311-H-007,2025-03-11,harvest,harvest,1,29,G1-03,6,6,601,596,bunches,6.0,6.0,completed,06:46,13:53,
WO-2025-0311-H-008,2025-03-11,harvest,harvest,1,37,G1-04,4,4,389,433,bunches,4.0,4.0,completed,06:57,14:46,
WO-2025-0311-H-009,2025-03-11,harvest,harvest,1,39,G1-04,9,7,901,648,bunches,9.0,7.0,partial,07:05,11:57,WO-2025-0315-H-008
WO-2025-0311-H-010,2025-03-11,harvest,harvest,2,40,G2-01,6,6,655,626,bunches,6.0,6.0,completed,07:05,13:51,
WO-2025-0311-H-011,2025-03-11,harvest,harvest,2,49,G2-01,7,6,684,538,bunches,7.0,6.0,partial,06:52,12:27,WO-2025-0313-H-013
WO-2025-0311-H-012,2025-03-11,harvest,harvest,2,53,G2-02,8,9,838,906,bunches,8.0,9.0,completed,06:47,14:37,
WO-2025-0311-H-013,2025-03-11,harvest,harvest,2,59,G2-03,7,6,723,623,bunches,7.0,6.0,completed,07:18,13:31,
WO-2025-0311-H-014,2025-03-11,harvest,harvest,2,69,G2-04,8,8,804,757,bunches,8.0,8.0,completed,07:04,14:06,
WO-2025-0311-H-015,2025-03-11,harvest,harvest,3,75,G3-01,12,9,1283,1179,bunches,12.0,9.0,completed,07:05,14:00,
WO-2025-0311-H-016,2025-03-11,harvest,harvest,3,77,G3-01,11,9,1153,1326,bunches,11.0,9.0,completed,07:01,15:31,
WO-2025-0311-H-017,2025-03-11,harvest,harvest,3,89,G3-02,11,9,1031,958,bunches,11.0,9.0,completed,07:09,13:46,
WO-2025-0311-H-018,2025-03-11,harvest,harvest,3,102,G3-03,7,7,711,701,bunches,7.0,7.0,completed,07:14,14:37,
WO-2025-0311-H-019,2025-03-11,harvest,harvest,3,107,G3-03,16,9,1664,1217,bunches,16.0,9.0,partial,07:15,12:34,
WO-2025-0311-H-020,2025-03-11,harvest,harvest,3,111,G3-03,14,9,1419,1271,bunches,14.0,9.0,completed,06:46,13:03,
WO-2025-0311-H-021,2025-03-11,harvest,harvest,3,114,G3-04,6,6,569,551,bunches,6.0,6.0,completed,06:48,14:08,
WO-2025-0311-H-022,2025-03-11,harvest,harvest,4,134,G4-02,13,0,1362,0,bunches,13.0,0.0,not_started,06:55,,WO-2025-0312-H-019
WO-2025-0311-H-023,2025-03-11,harvest,harvest,4,140,G4-02,15,9,1547,1447,bunches,15.0,9.0,completed,06:50,13:32,
WO-2025-0311-H-024,2025-03-11,harvest,harvest,4,149,G4-03,30,9,3198,2318,bunches,30.0,9.0,partial,06:46,11:41,
WO-2025-0311-H-025,2025-03-11,harvest,harvest,4,165,G4-04,9,8,929,811,bunches,9.0,8.0,completed,07:04,13:11,
WO-2025-0311-H-026,2025-03-11,harvest,harvest,5,172,G5-01,14,9,1465,1246,bunches,14.0,9.0,completed,07:17,13:24,
WO-2025-0311-H-027,2025-03-11,harvest,harvest,5,185,G5-02,12,9,1276,1309,bunches,12.0,9.0,completed,07:09,14:22,
WO-2025-0311-H-028,2025-03-11,harvest,harvest,5,189,G5-02,12,9,1188,1025,bunches,12.0,9.0,completed,07:15,13:06,
WO-2025-0311-H-029,2025-03-11,harvest,harvest,5,190,G5-02,10,9,1057,1054,bunches,10.0,9.0,completed,07:03,14:00,
WO-2025-0311-H-030,2025-03-11,harvest,harvest,5,194,G5-03,13,9,1405,1433,bunches,13.0,9.0,completed,07:14,14:42,
WO-2025-0311-H-031,2025-03-11,harvest,harvest,5,373,G5-03,4,3,420,353,bunches,4.0,3.0,partial,07:20,12:59,
WO-2025-0311-H-032,2025-03-11,harvest,harvest,6,249,G6-03,12,9,1178,1355,bunches,12.0,9.0,completed,07:14,15:44,
WO-2025-0311-H-033,2025-03-11,harvest,harvest,6,250,G6-03,11,9,1093,1013,bunches,11.0,9.0,completed,06:49,13:14,
WO-2025-0311-H-034,2025-03-11,harvest,harvest,6,255,G6-03,11,0,1051,0,bunches,11.0,0.0,not_started,07:10,,WO-2025-0312-H-029
WO-2025-0311-H-035,2025-03-11,harvest,harvest,6,265,G6-04,12,9,1279,1394,bunches,12.0,9.0,completed,06:59,14:28,
WO-2025-0311-H-036,2025-03-11,harvest,harvest,6,269,G6-05,12,9,1318,1180,bunches,12.0,9.0,completed,06:49,13:20,
WO-2025-0311-H-037,2025-03-11,harvest,harvest,7,289,G7-01,8,8,822,800,bunches,8.0,8.0,completed,06:55,13:56,
WO-2025-0311-H-038,2025-03-11,harvest,harvest,7,290,G7-01,12,9,1235,904,bunches,12.0,9.0,partial,06:54,12:30,WO-2025-0315-H-039
WO-2025-0311-H-039,2025-03-11,harvest,harvest,7,303,G7-02,13,9,1305,1111,bunches,13.0,9.0,completed,06:54,12:55,
WO-2025-0311-H-040,2025-03-11,harvest,harvest,7,304,G7-02,10,9,1034,1189,bunches,10.0,9.0,completed,06:55,15:20,
WO-2025-0311-H-041,2025-03-11,harvest,harvest,7,311,G7-03,11,9,1124,1181,bunches,11.0,9.0,completed,07:17,14:33,
WO-2025-0311-H-042,2025-03-11,harvest,harvest,7,341,G7-04,11,9,1175,1321,bunches,11.0,9.0,completed,07:07,15:27,
WO-2025-0312-H-001,2025-03-12,harvest,harvest,1,6,G1-01,2,2,184,169,bunches,2.0,2.0,completed,07:15,13:36,
WO-2025-0312-H-002,2025-03-12,harvest,harvest,1,7,G1-01,3,4,332,367,bunches,3.0,4.0,completed,07:16,15:25,
WO-2025-0312-H-003,2025-03-12,harvest,harvest,1,9,G1-01,6,7,611,695,bunches,6.0,7.0,completed,07:05,14:56,
WO-2025-0312-H-004,2025-03-12,harvest,harvest,1,11,G1-02,12,9,1210,1187,bunches,12.0,9.0,completed,07:11,14:23,
WO-2025-0312-H-005,2025-03-12,harvest,harvest,1,33,G1-04,5,5,529,567,bunches,5.0,5.0,completed,07:08,14:45,
WO-2025-0312-H-006,2025-03-12,harvest,harvest,1,38,G1-04,8,7,764,680,bunches,8.0,7.0,completed,07:04,13:37,
WO-2025-0312-H-007,2025-03-12,harvest,harvest,2,44,G2-01,7,7,678,690,bunches,7.0,7.0,completed,06:57,14:23,
WO-2025-0312-H-008,2025-03-12,harvest,harvest,2,46,G2-01,7,7,667,707,bunches,7.0,7.0,completed,07:14,14:39,
WO-2025-0312-H-009,2025-03-12,harvest,harvest,2,54,G2-02,10,9,977,907,bunches,10.0,9.0,completed,06:59,13:24,
WO-2025-0312-H-010,2025-03-12,harvest,harvest,2,63,G2-03,14,9,1356,1225,bunches,14.0,9.0,completed,07:19,14:09,
WO-2025-0312-H-011,2025-03-12,harvest,harvest,2,70,G2-04,6,5,560,472,bunches,6.0,5.0,partial,06:50,12:34,WO-2025-0315-H-013
WO-2025-0312-H-012,2025-03-12,harvest,harvest,2,71,G2-04,4,5,446,472,bunches,4.0,5.0,completed,06:52,14:35,
WO-2025-0312-H-013,2025-03-12,harvest,harvest,2,73,G2-04,6,6,574,586,bunches,6.0,6.0,completed,06:52,14:32,
WO-2025-0312-H-014,2025-03-12,harvest,harvest,3,92,G3-02,16,9,1613,1582,bunches,16.0,9.0,completed,06:57,14:03,
WO-2025-0312-H-015,2025-03-12,harvest,harvest,3,95,G3-02,10,9,1063,946,bunches,10.0,9.0,completed,07:03,13:33,
WO-2025-0312-H-016,2025-03-12,harvest,harvest,3,96,G3-02,16,9,1623,1431,bunches,16.0,9.0,completed,06:53,13:32,
WO-2025-0312-H-017,2025-03-12,harvest,harvest,3,100,G3-02,11,0,1149,0,bunches,11.0,0.0,not_started,06:48,,WO-2025-0313-H-026
WO-2025-0312-H-018,2025-03-12,harvest,harvest,4,124,G4-01,5,5,553,537,bunches,5.0,5.0,completed,07:18,14:21,
WO-2025-0312-H-019,2025-03-12,harvest,harvest,4,134,G4-02,13,9,1362,1447,bunches,13.0,9.0,completed,06:48,14:32,
WO-2025-0312-H-020,2025-03-12,harvest,harvest,4,148,G4-03,25,9,2617,2462,bunches,25.0,9.0,completed,07:18,13:47,
WO-2025-0312-H-021,2025-03-12,harvest,harvest,4,150,G4-03,15,9,1549,1515,bunches,15.0,9.0,completed,06:53,13:59,
WO-2025-0312-H-022,2025-03-12,harvest,harvest,4,163,G4-04,11,9,1203,1110,bunches,11.0,9.0,completed,07:01,13:33,
WO-2025-0312-H-023,2025-03-12,harvest,harvest,5,176,G5-01,15,9,1573,1604,bunches,15.0,9.0,completed,06:47,14:20,
WO-2025-0312-H-024,2025-03-12,harvest,harvest,5,184,G5-02,15,9,1604,1375,bunches,15.0,9.0,completed,06:59,13:32,
WO-2025-0312-H-025,2025-03-12,harvest,harvest,5,186,G5-02,10,9,1060,1219,bunches,10.0,9.0,completed,07:15,15:14,
WO-2025-0312-H-026,2025-03-12,harvest,harvest,6,214,G6-02,18,9,1895,1515,bunches,18.0,9.0,partial,07:08,12:54,
WO-2025-0312-H-027,2025-03-12,harvest,harvest,6,248,G6-03,17,9,1630,1491,bunches,17.0,9.0,completed,07:06,13:45,
WO-2025-0312-H-028,2025-03-12,harvest,harvest,6,254,G6-03,16,9,1583,1577,bunches,16.0,9.0,completed,07:07,14:40,
WO-2025-0312-H-029,2025-03-12,harvest,harvest,6,255,G6-03,11,9,1051,995,bunches,11.0,9.0,completed,06:53,13:20,
WO-2025-0312-H-030,2025-03-12,harvest,harvest,6,262,G6-04,11,9,1029,974,bunches,11.0,9.0,completed,07:06,14:19,
WO-2025-0312-H-031,2025-03-12,harvest,harvest,6,264,G6-04,11,9,1128,966,bunches,11.0,9.0,completed,07:17,13:13,
WO-2025-0312-H-032,2025-03-12,harvest,harvest,6,380,G6-05,20,9,2155,1886,bunches,20.0,9.0,completed,07:08,13:12,
WO-2025-0312-H-033,2025-03-12,harvest,harvest,7,287,G7-01,7,7,729,676,bunches,7.0,7.0,completed,07:18,14:05,
WO-2025-0312-H-034,2025-03-12,harvest,harvest,7,295,G7-01,7,7,703,718,bunches,7.0,7.0,completed,07:20,14:23,
WO-2025-0312-H-035,2025-03-12,harvest,harvest,7,298,G7-01,11,9,1167,1026,bunches,11.0,9.0,completed,07:07,13:50,
WO-2025-0312-H-036,2025-03-12,harvest,harvest,7,306,G7-02,11,9,1136,879,bunches,11.0,9.0,partial,07:03,12:54,WO-2025-0316-H-035
WO-2025-0312-H-037,2025-03-12,harvest,harvest,7,328,G7-03,7,8,712,800,bunches,7.0,8.0,completed,07:11,14:59,
WO-2025-0312-H-038,2025-03-12,harvest,harvest,7,329,G7-03,10,9,1011,1028,bunches,10.0,9.0,completed,07:18,14:24,
WO-2025-0312-H-039,2025-03-12,harvest,harvest,7,330,G7-03,8,8,751,789,bunches,8.0,8.0,completed,07:11,14:38,
WO-2025-0312-H-040,2025-03-12,harvest,harvest,7,331,G7-03,7,8,710,755,bunches,7.0,8.0,completed,07:06,14:30,
WO-2025-0312-H-041,2025-03-12,harvest,harvest,7,346,G7-04,7,7,765,711,bunches,7.0,7.0,completed,07:13,13:52,
WO-2025-0313-H-001,2025-03-13,harvest,harvest,1,3,G1-01,9,6,844,536,bunches,9.0,6.0,partial,06:52,11:29,
WO-2025-0313-H-002,2025-03-13,harvest,harvest,1,5,G1-01,5,3,521,318,bunches,5.0,3.0,partial,07:05,11:06,
WO-2025-0313-H-003,2025-03-13,harvest,harvest,1,10,G1-01,11,8,1099,765,bunches,11.0,8.0,partial,07:08,12:29,WO-2025-0317-H-002
WO-2025-0313-H-004,2025-03-13,harvest,harvest,1,13,G1-02,10,9,1038,944,bunches,10.0,9.0,completed,06:54,13:19,
WO-2025-0313-H-005,2025-03-13,harvest,harvest,1,17,G1-02,9,6,924,593,bunches,9.0,6.0,partial,07:17,11:43,WO-2025-0317-H-004
WO-2025-0313-H-006,2025-03-13,harvest,harvest,1,19,G1-02,7,5,688,519,bunches,7.0,5.0,partial,07:10,12:32,
WO-2025-0313-H-007,2025-03-13,harvest,harvest,1,27,G1-03,10,8,1027,851,bunches,10.0,8.0,partial,06:46,13:02,WO-2025-0317-H-008
WO-2025-0313-H-008,2025-03-13,harvest,harvest,1,30,G1-03,10,6,1047,607,bunches,10.0,6.0,partial,07:16,11:33,WO-2025-0318-H-005
WO-2025-0313-H-009,2025-03-13,harvest,harvest,1,31,G1-04,7,6,719,591,bunches,7.0,6.0,partial,07:08,12:49,WO-2025-0317-H-009
WO-2025-0313-H-010,2025-03-13,harvest,harvest,1,34,G1-04,11,9,1136,945,bunches,11.0,9.0,partial,07:12,12:50,
WO-2025-0313-H-011,2025-03-13,harvest,harvest,2,41,G2-01,15,9,1490,1022,bunches,15.0,9.0,partial,06:51,12:10,
WO-2025-0313-H-012,2025-03-13,harvest,harvest,2,43,G2-01,6,6,617,531,bunches,6.0,6.0,completed,06:59,12:56,
WO-2025-0313-H-013,2025-03-13,harvest,harvest,2,49,G2-01,6,6,615,538,bunches,6.0,6.0,completed,07:09,13:30,
WO-2025-0313-H-014,2025-03-13,harvest,harvest,2,50,G2-02,6,6,643,588,bunches,6.0,6.0,completed,07:13,14:01,
WO-2025-0313-H-015,2025-03-13,harvest,harvest,2,51,G2-02,15,9,1516,1396,bunches,15.0,9.0,completed,07:09,13:50,
WO-2025-0313-H-016,2025-03-13,harvest,harvest,2,58,G2-02,8,6,821,631,bunches,8.0,6.0,partial,07:18,12:41,WO-2025-0316-H-007
WO-2025-0313-H-017,2025-03-13,harvest,harvest,2,60,G2-03,11,9,1152,883,bunches,11.0,9.0,partial,07:11,12:50,WO-2025-0317-H-014
WO-2025-0313-H-018,2025-03-13,harvest,harvest,2,66,G2-03,11,9,1071,885,bunches,11.0,9.0,partial,06:57,12:36,
WO-2025-0313-H-019,2025-03-13,harvest,harvest,2,72,G2-04,9,6,927,644,bunches,9.0,6.0,partial,07:18,12:14,WO-2025-0317-H-016
WO-2025-0313-H-020,2025-03-13,harvest,harvest,2,74,G2-04,9,8,943,874,bunches,9.0,8.0,completed,06:54,13:49,
WO-2025-0313-H-021,2025-03-13,harvest,harvest,2,382,G2-04,10,8,1110,859,bunches,10.0,8.0,partial,06:54,12:07,WO-2025-0317-H-017
WO-2025-0313-H-022,2025-03-13,harvest,harvest,3,84,G3-01,20,9,1996,1580,bunches,20.0,9.0,partial,07:10,12:52,
WO-2025-0313-H-023,2025-03-13,harvest,harvest,3,85,G3-01,10,9,996,890,bunches,10.0,9.0,completed,06:48,13:19,
WO-2025-0313-H-024,2025-03-13,harvest,harvest,3,86,G3-01,18,9,1752,1526,bunches,18.0,9.0,completed,07:08,13:03,
WO-2025-0313-H-025,2025-03-13,harvest,harvest,3,88,G3-02,12,9,1201,887,bunches,12.0,9.0,partial,07:14,12:41,WO-2025-0318-H-022
WO-2025-0313-H-026,2025-03-13,harvest,harvest,3,100,G3-02,11,9,1149,1005,bunches,11.0,9.0,completed,07:11,13:35,
WO-2025-0313-H-027,2025-03-13,harvest,harvest,3,101,G3-03,15,9,1537,1120,bunches,15.0,9.0,partial,07:20,12:15,WO-2025-0315-H-017
WO-2025-0313-H-028,2025-03-13,harvest,harvest,3,103,G3-03,10,8,1003,772,bunches,10.0,8.0,partial,06:46,12:14,WO-2025-0318-H-026
WO-2025-0313-H-029,2025-03-13,harvest,harvest,3,106,G3-03,4,3,341,291,bunches,4.0,3.0,completed,06:47,12:59,
WO-2025-0313-H-030,2025-03-13,harvest,harvest,3,108,G3-03,13,9,1389,1242,bunches,13.0,9.0,completed,07:00,13:11,
WO-2025-0313-H-031,2025-03-13,harvest,harvest,3,109,G3-03,12,7,1212,757,bunches,12.0,7.0,partial,07:12,11:49,WO-2025-0317-H-022
WO-2025-0313-H-032,2025-03-13,harvest,harvest,3,116,G3-04,6,4,567,370,bunches,6.0,4.0,partial,07:12,12:05,
WO-2025-0313-H-033,2025-03-13,harvest,harvest,4,128,G4-01,21,9,2233,2013,bunches,21.0,9.0,completed,06:46,13:02,
WO-2025-0313-H-034,2025-03-13,harvest,harvest,4,130,G4-01,22,9,2350,2175,bunches,22.0,9.0,completed,07:07,13:42,
WO-2025-0313-H-035,2025-03-13,harvest,harvest,4,144,G4-03,23,9,2234,1952,bunches,23.0,9.0,completed,07:01,13:37,
WO-2025-0313-H-036,2025-03-13,harvest,harvest,4,146,G4-03,15,9,1586,1334,bunches,15.0,9.0,partial,07:18,13:39,
WO-2025-0313-H-037,2025-03-13,harvest,harvest,4,152,G4-03,19,9,1949,1640,bunches,19.0,9.0,partial,07:06,13:17,WO-2025-0317-H-027
WO-2025-0313-H-038,2025-03-13,harvest,harvest,4,153,G4-03,18,9,1863,1932,bunches,18.0,9.0,completed,07:10,14:46,
WO-2025-0313-H-039,2025-03-13,harvest,harvest,4,155,G4-04,7,6,716,596,bunches,7.0,6.0,partial,07:16,12:58,WO-2025-0318-H-031
WO-2025-0313-H-040,2025-03-13,harvest,harvest,4,160,G4-04,16,9,1685,1705,bunches,16.0,9.0,completed,06:52,14:04,
WO-2025-0313-H-041,2025-03-13,harvest,harvest,5,174,G5-01,6,6,657,577,bunches,6.0,6.0,completed,06:47,13:23,
WO-2025-0313-H-042,2025-03-13,harvest,harvest,5,178,G5-01,10,9,1025,872,bunches,10.0,9.0,completed,06:57,12:50,
WO-2025-0313-H-043,2025-03-13,harvest,harvest,5,181,G5-02,14,9,1465,1274,bunches,14.0,9.0,completed,07:14,13:32,
WO-2025-0313-H-044,2025-03-13,harvest,harvest,5,202,G5-03,26,9,2574,1536,bunches,26.0,9.0,partial,07:07,11:05,
WO-2025-0313-H-045,2025-03-13,harvest,harvest,6,209,G6-01,18,9,1788,1273,bunches,18.0,9.0,partial,06:50,11:36,WO-2025-0318-H-037
WO-2025-0313-H-046,2025-03-13,harvest,harvest,6,251,G6-03,17,9,1751,1355,bunches,17.0,9.0,partial,07:06,12:39,
WO-2025-0313-H-047,2025-03-13,harvest,harvest,6,256,G6-03,17,9,1612,1258,bunches,17.0,9.0,partial,07:09,12:59,
WO-2025-0313-H-048,2025-03-13,harvest,harvest,6,260,G6-04,20,9,2066,1287,bunches,20.0,9.0,partial,06:51,11:10,
WO-2025-0313-H-049,2025-03-13,harvest,harvest,7,292,G7-01,9,8,899,777,bunches,9.0,8.0,completed,06:46,13:15,
WO-2025-0313-H-050,2025-03-13,harvest,harvest,7,297,G7-01,10,8,926,737,bunches,10.0,8.0,partial,07:09,13:17,
WO-2025-0313-H-051,2025-03-13,harvest,harvest,7,301,G7-02,5,0,565,0,bunches,5.0,0.0,not_started,07:11,,WO-2025-0314-H-048
WO-2025-0313-H-052,2025-03-13,harvest,harvest,7,305,G7-02,13,9,1392,975,bunches,13.0,9.0,partial,07:10,11:52,
WO-2025-0313-H-053,2025-03-13,harvest,harvest,7,307,G7-02,5,4,497,463,bunches,5.0,4.0,completed,07:17,13:45,
WO-2025-0313-H-054,2025-03-13,harvest,harvest,7,308,G7-02,12,9,1252,991,bunches,12.0,9.0,partial,07:19,12:56,
WO-2025-0313-H-055,2025-03-13,harvest,harvest,7,310,G7-02,11,8,1159,806,bunches,11.0,8.0,partial,06:46,12:05,WO-2025-0316-H-036
WO-2025-0313-H-056,2025-03-13,harvest,harvest,7,311,G7-03,17,9,1822,1181,bunches,17.0,9.0,partial,07:02,12:02,WO-2025-0318-H-049
WO-2025-0313-H-057,2025-03-13,harvest,harvest,7,343,G7-04,12,9,1221,881,bunches,12.0,9.0,partial,06:48,11:57,WO-2025-0317-H-044
WO-2025-0313-H-058,2025-03-13,harvest,harvest,7,345,G7-04,13,9,1396,1054,bunches,13.0,9.0,partial,07:09,12:21,
WO-2025-0314-H-001,2025-03-14,harvest,harvest,1,21,G1-03,10,9,1029,951,bunches,10.0,9.0,completed,06:54,13:19,
WO-2025-0314-H-002,2025-03-14,harvest,harvest,1,22,G1-03,8,8,784,783,bunches,8.0,8.0,completed,06:54,13:55,
WO-2025-0314-H-003,2025-03-14,harvest,harvest,1,25,G1-03,10,9,1057,1088,bunches,10.0,9.0,completed,07:10,14:43,
WO-2025-0314-H-004,2025-03-14,harvest,harvest,1,26,G1-03,9,9,974,950,bunches,9.0,9.0,completed,06:47,13:55,
WO-2025-0314-H-005,2025-03-14,harvest,harvest,1,32,G1-04,6,6,661,674,bunches,6.0,6.0,completed,06:52,14:31,
WO-2025-0314-H-006,2025-03-14,harvest,harvest,1,33,G1-04,6,5,627,567,bunches,6.0,5.0,completed,06:53,13:43,
WO-2025-0314-H-007,2025-03-14,harvest,harvest,1,35,G1-04,11,9,1174,956,bunches,11.0,9.0,partial,06:54,12:40,
WO-2025-0314-H-008,2025-03-14,harvest,harvest,1,37,G1-04,4,4,393,433,bunches,4.0,4.0,completed,07:00,14:36,
WO-2025-0314-H-009,2025-03-14,harvest,harvest,2,45,G2-01,10,8,982,769,bunches,10.0,8.0,partial,06:00,12:36,
WO-2025-0314-H-010,2025-03-14,harvest,harvest,2,47,G2-01,10,9,1038,891,bunches,10.0,9.0,completed,07:11,13:36,
WO-2025-0314-H-011,2025-03-14,harvest,harvest,2,52,G2-02,5,5,498,496,bunches,5.0,5.0,completed,07:06,14:23,
WO-2025-0314-H-012,2025-03-14,harvest,harvest,2,55,G2-02,9,9,933,1002,bunches,9.0,9.0,completed,07:07,14:28,
WO-2025-0314-H-013,2025-03-14,harvest,harvest,2,59,G2-03,6,6,570,623,bunches,6.0,6.0,completed,07:16,15:23,
WO-2025-0314-H-014,2025-03-14,harvest,harvest,3,76,G3-01,10,9,1078,1046,bunches,10.0,9.0,completed,07:20,14:12,
WO-2025-0314-H-015,2025-03-14,harvest,harvest,3,78,G3-01,14,9,1438,1202,bunches,14.0,9.0,partial,06:54,12:44,
WO-2025-0314-H-016,2025-03-14,harvest,harvest,3,87,G3-01,17,9,1673,1327,bunches,17.0,9.0,partial,07:13,13:19,WO-2025-0316-H-013
WO-2025-0314-H-017,2025-03-14,harvest,harvest,3,90,G3-02,12,9,1187,1028,bunches,12.0,9.0,completed,07:16,13:23,
WO-2025-0314-H-018,2025-03-14,harvest,harvest,3,91,G3-02,7,8,713,817,bunches,7.0,8.0,completed,07:08,15:08,
WO-2025-0314-H-019,2025-03-14,harvest,harvest,3,93,G3-02,14,9,1370,1517,bunches,14.0,9.0,completed,07:08,15:04,
WO-2025-0314-H-020,2025-03-14,harvest,harvest,3,94,G3-02,11,9,1102,1167,bunches,11.0,9.0,completed,07:03,14:22,
WO-2025-0314-H-021,2025-03-14,harvest,harvest,3,102,G3-03,8,7,797,701,bunches,8.0,7.0,completed,07:10,13:08,
WO-2025-0314-H-022,2025-03-14,harvest,harvest,3,104,G3-03,13,9,1284,952,bunches,13.0,9.0,partial,06:54,11:54,
WO-2025-0314-H-023,2025-03-14,harvest,harvest,3,113,G3-03,11,9,1085,980,bunches,11.0,9.0,completed,07:03,13:39,
WO-2025-0314-H-024,2025-03-14,harvest,harvest,4,122,G4-01,6,5,627,554,bunches,6.0,5.0,completed,06:48,13:17,
WO-2025-0314-H-025,2025-03-14,harvest,harvest,4,134,G4-02,15,9,1588,1447,bunches,15.0,9.0,completed,07:13,13:35,
WO-2025-0314-H-026,2025-03-14,harvest,harvest,4,142,G4-02,14,9,1423,1543,bunches,14.0,9.0,completed,07:18,15:22,
WO-2025-0314-H-027,2025-03-14,harvest,harvest,4,143,G4-02,22,9,2234,1924,bunches,22.0,9.0,completed,07:13,13:30,
WO-2025-0314-H-028,2025-03-14,harvest,harvest,4,156,G4-04,17,9,1720,1660,bunches,17.0,9.0,completed,06:59,13:37,
WO-2025-0314-H-029,2025-03-14,harvest,harvest,4,157,G4-04,16,9,1632,1659,bunches,16.0,9.0,completed,07:06,14:13,
WO-2025-0314-H-030,2025-03-14,harvest,harvest,4,166,G4-04,7,6,702,640,bunches,7.0,6.0,completed,06:48,13:38,
WO-2025-0314-H-031,2025-03-14,harvest,harvest,5,170,G5-01,16,9,1622,1309,bunches,16.0,9.0,partial,07:05,12:00,
WO-2025-0314-H-032,2025-03-14,harvest,harvest,5,180,G5-02,13,9,1396,1284,bunches,13.0,9.0,completed,07:10,13:42,
WO-2025-0314-H-033,2025-03-14,harvest,harvest,5,182,G5-02,22,9,2345,2315,bunches,22.0,9.0,completed,06:52,13:58,
WO-2025-0314-H-034,2025-03-14,harvest,harvest,5,188,G5-02,14,9,1356,1028,bunches,14.0,9.0,partial,06:48,12:03,
WO-2025-0314-H-035,2025-03-14,harvest,harvest,5,195,G5-03,16,9,1693,1449,bunches,16.0,9.0,completed,06:57,13:15,
WO-2025-0314-H-036,2025-03-14,harvest,harvest,5,197,G5-03,18,9,1828,1661,bunches,18.0,9.0,completed,07:20,13:48,
WO-2025-0314-H-037,2025-03-14,harvest,harvest,5,199,G5-03,14,9,1384,1334,bunches,14.0,9.0,completed,07:07,13:42,
WO-2025-0314-H-038,2025-03-14,harvest,harvest,5,201,G5-03,25,9,2474,1886,bunches,25.0,9.0,partial,07:05,12:17,WO-2025-0319-H-043
WO-2025-0314-H-039,2025-03-14,harvest,harvest,6,204,G6-01,17,9,1785,1859,bunches,17.0,9.0,completed,06:53,14:44,
WO-2025-0314-H-040,2025-03-14,harvest,harvest,6,205,G6-01,12,9,1185,1142,bunches,12.0,9.0,completed,06:54,13:58,
WO-2025-0314-H-041,2025-03-14,harvest,harvest,6,215,G6-02,23,9,2359,2147,bunches,23.0,9.0,completed,06:51,13:13,
WO-2025-0314-H-042,2025-03-14,harvest,harvest,6,216,G6-02,34,9,3430,2568,bunches,34.0,9.0,partial,07:10,12:23,
WO-2025-0314-H-043,2025-03-14,harvest,harvest,6,252,G6-03,26,9,2683,2411,bunches,26.0,9.0,completed,07:14,13:00,
WO-2025-0314-H-044,2025-03-14,harvest,harvest,6,253,G6-03,10,9,1042,946,bunches,10.0,9.0,completed,06:55,13:12,
WO-2025-0314-H-045,2025-03-14,harvest,harvest,6,271,G6-05,10,9,1123,957,bunches,10.0,9.0,completed,06:57,13:04,
WO-2025-0314-H-046,2025-03-14,harvest,harvest,6,379,G6-05,24,9,2543,2219,bunches,24.0,9.0,completed,06:55,13:15,
WO-2025-0314-H-047,2025-03-14,harvest,harvest,7,294,G7-01,6,6,614,598,bunches,6.0,6.0,completed,06:52,14:03,
WO-2025-0314-H-048,2025-03-14,harvest,harvest,7,301,G7-02,5,4,565,435,bunches,5.0,4.0,partial,07:02,12:22,
WO-2025-0314-H-049,2025-03-14,harvest,harvest,7,303,G7-02,17,9,1732,1111,bunches,17.0,9.0,partial,07:02,11:56,
WO-2025-0314-H-050,2025-03-14,harvest,harvest,7,309,G7-02,13,9,1363,1275,bunches,13.0,9.0,completed,06:46,13:22,
WO-2025-0314-H-051,2025-03-14,harvest,harvest,7,332,G7-03,6,5,589,510,bunches,6.0,5.0,completed,07:19,13:26,
WO-2025-0314-H-052,2025-03-14,harvest,harvest,7,336,G7-03,13,9,1365,1020,bunches,13.0,9.0,partial,06:52,12:38,
WO-2025-0314-H-053,2025-03-14,harvest,harvest,7,342,G7-04,7,6,674,596,bunches,7.0,6.0,completed,07:13,13:14,
WO-2025-0315-H-001,2025-03-15,harvest,harvest,1,2,G1-01,7,6,676,593,bunches,7.0,6.0,completed,07:18,13:36,
WO-2025-0315-H-002,2025-03-15,harvest,harvest,1,4,G1-01,7,6,734,635,bunches,7.0,6.0,completed,07:11,13:23,
WO-2025-0315-H-003,2025-03-15,harvest,harvest,1,8,G1-01,8,8,839,789,bunches,8.0,8.0,completed,06:57,13:27,
WO-2025-0315-H-004,2025-03-15,harvest,harvest,1,14,G1-02,11,8,1144,853,bunches,11.0,8.0,partial,06:54,12:32,WO-2025-0319-H-003
WO-2025-0315-H-005,2025-03-15,harvest,harvest,1,15,G1-02,8,9,780,897,bunches,8.0,9.0,completed,06:46,15:16,
WO-2025-0315-H-006,2025-03-15,harvest,harvest,1,16,G1-02,8,7,840,656,bunches,8.0,7.0,partial,06:46,12:33,WO-2025-0318-H-002
WO-2025-0315-H-007,2025-03-15,harvest,harvest,1,28,G1-03,8,9,850,893,bunches,8.0,9.0,completed,06:55,14:28,
WO-2025-0315-H-008,2025-03-15,harvest,harvest,1,39,G1-04,9,7,841,648,bunches,9.0,7.0,partial,06:49,12:44,WO-2025-0318-H-009
WO-2025-0315-H-009,2025-03-15,harvest,harvest,2,42,G2-01,6,6,648,589,bunches,6.0,6.0,completed,07:16,13:50,
WO-2025-0315-H-010,2025-03-15,harvest,harvest,2,57,G2-02,6,6,609,553,bunches,6.0,6.0,completed,07:21,13:55,
WO-2025-0315-H-011,2025-03-15,harvest,harvest,2,62,G2-03,9,8,952,894,bunches,9.0,8.0,completed,06:54,13:47,
WO-2025-0315-H-012,2025-03-15,harvest,harvest,2,64,G2-03,12,9,1236,1181,bunches,12.0,9.0,completed,07:16,13:59,
WO-2025-0315-H-013,2025-03-15,harvest,harvest,2,70,G2-04,4,5,429,472,bunches,4.0,5.0,completed,07:21,15:29,
WO-2025-0315-H-014,2025-03-15,harvest,harvest,3,81,G3-01,5,4,458,340,bunches,5.0,4.0,partial,07:13,12:27,
WO-2025-0315-H-015,2025-03-15,harvest,harvest,3,95,G3-02,9,9,935,946,bunches,9.0,9.0,completed,07:07,14:16,
WO-2025-0315-H-016,2025-03-15,harvest,harvest,3,99,G3-02,6,6,609,599,bunches,6.0,6.0,completed,07:00,13:57,
WO-2025-0315-H-017,2025-03-15,harvest,harvest,3,101,G3-03,13,9,1303,1120,bunches,13.0,9.0,completed,07:20,13:16,
WO-2025-0315-H-018,2025-03-15,harvest,harvest,3,114,G3-04,7,6,699,551,bunches,7.0,6.0,partial,07:16,13:12,WO-2025-0320-H-020
WO-2025-0315-H-019,2025-03-15,harvest,harvest,4,123,G4-01,7,6,725,582,bunches,7.0,6.0,partial,06:52,12:59,
WO-2025-0315-H-020,2025-03-15,harvest,harvest,4,125,G4-01,7,7,709,690,bunches,7.0,7.0,completed,07:03,13:48,
WO-2025-0315-H-021,2025-03-15,harvest,harvest,4,133,G4-02,15,9,1656,1445,bunches,15.0,9.0,completed,06:52,13:15,
WO-2025-0315-H-022,2025-03-15,harvest,harvest,4,141,G4-02,18,9,1917,1875,bunches,18.0,9.0,completed,07:01,14:16,
WO-2025-0315-H-023,2025-03-15,harvest,harvest,4,145,G4-03,13,9,1321,1164,bunches,13.0,9.0,completed,07:18,13:26,
WO-2025-0315-H-024,2025-03-15,harvest,harvest,4,153,G4-03,21,9,2242,1932,bunches,21.0,9.0,completed,07:08,13:32,
WO-2025-0315-H-025,2025-03-15,harvest,harvest,4,158,G4-04,12,9,1209,1067,bunches,12.0,9.0,completed,06:59,12:59,
WO-2025-0315-H-026,2025-03-15,harvest,harvest,5,171,G5-01,10,9,1020,1070,bunches,10.0,9.0,completed,06:55,14:38,
WO-2025-0315-H-027,2025-03-15,harvest,harvest,5,173,G5-01,12,9,1199,935,bunches,12.0,9.0,partial,07:21,13:08,WO-2025-0319-H-037
WO-2025-0315-H-028,2025-03-15,harvest,harvest,5,177,G5-01,17,9,1799,1398,bunches,17.0,9.0,partial,07:08,12:24,
WO-2025-0315-H-029,2025-03-15,harvest,harvest,5,187,G5-02,12,9,1225,1213,bunches,12.0,9.0,completed,06:48,13:35,
WO-2025-0315-H-030,2025-03-15,harvest,harvest,5,190,G5-02,11,9,1165,1054,bunches,11.0,9.0,completed,06:00,13:53,
WO-2025-0315-H-031,2025-03-15,harvest,harvest,5,194,G5-03,12,9,1246,1433,bunches,12.0,9.0,completed,06:51,14:52,
WO-2025-0315-H-032,2025-03-15,harvest,harvest,5,200,G5-03,16,9,1578,1292,bunches,16.0,9.0,partial,07:00,13:17,WO-2025-0320-H-035
WO-2025-0315-H-033,2025-03-15,harvest,harvest,6,203,G6-01,17,9,1749,1554,bunches,17.0,9.0,completed,06:55,13:43,
WO-2025-0315-H-034,2025-03-15,harvest,harvest,6,210,G6-01,19,9,2030,1771,bunches,19.0,9.0,completed,06:47,13:15,
WO-2025-0315-H-035,2025-03-15,harvest,harvest,6,222,G6-02,26,9,2528,1849,bunches,26.0,9.0,partial,07:10,12:37,
WO-2025-0315-H-036,2025-03-15,harvest,harvest,6,247,G6-02,7,6,715,571,bunches,7.0,6.0,partial,06:56,13:01,
WO-2025-0315-H-037,2025-03-15,harvest,harvest,6,257,G6-03,16,9,1568,1478,bunches,16.0,9.0,completed,07:09,13:35,
WO-2025-0315-H-038,2025-03-15,harvest,harvest,6,266,G6-04,13,9,1290,1102,bunches,13.0,9.0,completed,07:04,12:57,
WO-2025-0315-H-039,2025-03-15,harvest,harvest,7,290,G7-01,10,9,981,904,bunches,10.0,9.0,completed,07:19,14:04,
WO-2025-0315-H-040,2025-03-15,harvest,harvest,7,299,G7-02,11,0,1132,0,bunches,11.0,0.0,not_started,06:52,,WO-2025-0316-H-034
WO-2025-0315-H-041,2025-03-15,harvest,harvest,7,302,G7-02,11,9,1138,1032,bunches,11.0,9.0,completed,06:57,13:34,
WO-2025-0315-H-042,2025-03-15,harvest,harvest,7,339,G7-04,9,9,890,885,bunches,9.0,9.0,completed,07:06,14:21,
WO-2025-0315-H-043,2025-03-15,harvest,harvest,7,348,G7-04,14,9,1516,1324,bunches,14.0,9.0,completed,07:19,13:46,
WO-2025-0316-H-001,2025-03-16,harvest,harvest,1,9,G1-01,14,7,1429,695,bunches,14.0,7.0,partial,06:48,10:18,WO-2025-0321-H-003
WO-2025-0316-H-002,2025-03-16,harvest,harvest,1,20,G1-02,10,8,966,734,bunches,10.0,8.0,partial,07:14,12:58,
WO-2025-0316-H-003,2025-03-16,harvest,harvest,1,24,G1-03,6,4,645,432,bunches,6.0,4.0,partial,06:53,11:43,WO-2025-0321-H-005
WO-2025-0316-H-004,2025-03-16,harvest,harvest,1,29,G1-03,9,6,922,596,bunches,9.0,6.0,partial,06:48,11:47,WO-2025-0318-H-004
WO-2025-0316-H-005,2025-03-16,harvest,harvest,2,49,G2-01,8,6,757,538,bunches,8.0,6.0,partial,07:09,12:32,WO-2025-0320-H-008
WO-2025-0316-H-006,2025-03-16,harvest,harvest,2,50,G2-02,7,6,740,588,bunches,7.0,6.0,partial,06:47,12:39,WO-2025-0321-H-009
WO-2025-0316-H-007,2025-03-16,harvest,harvest,2,58,G2-02,10,6,1035,631,bunches,10.0,6.0,partial,07:03,11:38,WO-2025-0321-H-013
WO-2025-0316-H-008,2025-03-16,harvest,harvest,2,69,G2-04,8,8,770,757,bunches,8.0,8.0,completed,06:54,13:48,
WO-2025-0316-H-009,2025-03-16,harvest,harvest,2,71,G2-04,4,5,426,472,bunches,4.0,5.0,completed,07:09,15:03,
WO-2025-0316-H-010,2025-03-16,harvest,harvest,2,73,G2-04,6,6,630,586,bunches,6.0,6.0,completed,07:06,13:54,
WO-2025-0316-H-011,2025-03-16,harvest,harvest,3,75,G3-01,10,9,1074,1179,bunches,10.0,9.0,completed,06:47,14:33,
WO-2025-0316-H-012,2025-03-16,harvest,harvest,3,79,G3-01,10,9,978,968,bunches,10.0,9.0,completed,06:58,14:03,
WO-2025-0316-H-013,2025-03-16,harvest,harvest,3,87,G3-01,15,9,1480,1327,bunches,15.0,9.0,completed,07:09,13:24,
WO-2025-0316-H-014,2025-03-16,harvest,harvest,3,89,G3-02,11,9,1039,958,bunches,11.0,9.0,completed,06:53,13:25,
WO-2025-0316-H-015,2025-03-16,harvest,harvest,3,98,G3-02,12,9,1164,1160,bunches,12.0,9.0,completed,07:04,14:25,
WO-2025-0316-H-016,2025-03-16,harvest,harvest,3,102,G3-03,7,7,689,701,bunches,7.0,7.0,completed,06:54,14:26,
WO-2025-0316-H-017,2025-03-16,harvest,harvest,3,110,G3-03,11,9,1121,1010,bunches,11.0,9.0,completed,06:55,13:09,
WO-2025-0316-H-018,2025-03-16,harvest,harvest,3,112,G3-03,4,5,459,489,bunches,4.0,5.0,completed,07:20,14:43,
WO-2025-0316-H-019,2025-03-16,harvest,harvest,3,121,G3-04,6,3,575,278,bunches,6.0,3.0,partial,06:53,09:58,
WO-2025-0316-H-020,2025-03-16,harvest,harvest,4,131,G4-01,12,9,1263,1452,bunches,12.0,9.0,completed,07:16,15:34,
WO-2025-0316-H-021,2025-03-16,harvest,harvest,4,132,G4-01,19,9,2051,1762,bunches,19.0,9.0,completed,06:57,13:29,
WO-2025-0316-H-022,2025-03-16,harvest,harvest,4,139,G4-02,22,9,2406,1542,bunches,22.0,9.0,partial,07:18,11:45,
WO-2025-0316-H-023,2025-03-16,harvest,harvest,4,151,G4-03,22,9,2332,1576,bunches,22.0,9.0,partial,06:58,11:51,WO-2025-0320-H-026
WO-2025-0316-H-024,2025-03-16,harvest,harvest,4,164,G4-04,19,9,1998,953,bunches,19.0,9.0,partial,07:13,10:42,
WO-2025-0316-H-025,2025-03-16,harvest,harvest,5,168,G5-01,27,9,2866,2833,bunches,27.0,9.0,completed,07:07,14:05,
WO-2025-0316-H-026,2025-03-16,harvest,harvest,5,178,G5-01,10,9,1007,872,bunches,10.0,9.0,completed,07:21,13:36,
WO-2025-0316-H-027,2025-03-16,harvest,harvest,5,185,G5-02,26,9,2715,1309,bunches,26.0,9.0,partial,07:03,10:17,WO-2025-0319-H-041
WO-2025-0316-H-028,2025-03-16,harvest,harvest,6,262,G6-04,10,9,950,974,bunches,10.0,9.0,completed,07:04,14:13,
WO-2025-0316-H-029,2025-03-16,harvest,harvest,6,263,G6-04,17,9,1749,1471,bunches,17.0,9.0,partial,07:13,13:20,
WO-2025-0316-H-030,2025-03-16,harvest,harvest,6,267,G6-04,18,9,1941,1782,bunches,18.0,9.0,completed,07:16,14:15,
WO-2025-0316-H-031,2025-03-16,harvest,harvest,7,288,G7-01,8,7,841,772,bunches,8.0,7.0,completed,07:05,13:30,
WO-2025-0316-H-032,2025-03-16,harvest,harvest,7,291,G7-01,8,8,748,766,bunches,8.0,8.0,completed,06:59,14:22,
WO-2025-0316-H-033,2025-03-16,harvest,harvest,7,293,G7-01,9,9,953,936,bunches,9.0,9.0,completed,07:04,13:50,
WO-2025-0316-H-034,2025-03-16,harvest,harvest,7,299,G7-02,11,8,1132,777,bunches,11.0,8.0,partial,07:03,12:05,
WO-2025-0316-H-035,2025-03-16,harvest,harvest,7,306,G7-02,9,9,933,879,bunches,9.0,9.0,completed,07:15,13:41,
WO-2025-0316-H-036,2025-03-16,harvest,harvest,7,310,G7-02,7,8,773,806,bunches,7.0,8.0,completed,06:54,14:44,
WO-2025-0316-H-037,2025-03-16,harvest,harvest,7,337,G7-03,16,7,1595,705,bunches,16.0,7.0,partial,07:02,10:09,WO-2025-0320-H-043
WO-2025-0316-H-038,2025-03-16,harvest,harvest,7,340,G7-04,9,9,921,992,bunches,9.0,9.0,completed,07:06,15:02,
WO-2025-0316-H-039,2025-03-16,harvest,harvest,7,341,G7-04,14,9,1441,1321,bunches,14.0,9.0,completed,07:00,13:33,
WO-2025-0317-H-001,2025-03-17,harvest,harvest,1,1,G1-01,4,2,354,196,bunches,4.0,2.0,partial,06:50,10:53,
WO-2025-0317-H-002,2025-03-17,harvest,harvest,1,10,G1-01,13,8,1283,765,bunches,13.0,8.0,partial,07:08,11:17,WO-2025-0322-H-003
WO-2025-0317-H-003,2025-03-17,harvest,harvest,1,13,G1-02,12,9,1214,944,bunches,12.0,9.0,partial,07:03,12:34,
WO-2025-0317-H-004,2025-03-17,harvest,harvest,1,17,G1-02,7,6,692,593,bunches,7.0,6.0,completed,06:55,12:46,
WO-2025-0317-H-005,2025-03-17,harvest,harvest,1,18,G1-02,8,5,765,449,bunches,8.0,5.0,partial,06:53,11:27,WO-2025-0322-H-005
WO-2025-0317-H-006,2025-03-17,harvest,harvest,1,21,G1-03,13,9,1295,951,bunches,13.0,9.0,partial,07:18,12:58,WO-2025-0322-H-007
WO-2025-0317-H-007,2025-03-17,harvest,harvest,1,25,G1-03,13,9,1346,1088,bunches,13.0,9.0,partial,07:13,12:59,
WO-2025-0317-H-008,2025-03-17,harvest,harvest,1,27,G1-03,12,8,1218,851,bunches,12.0,8.0,partial,07:02,11:47,WO-2025-0322-H-009
WO-2025-0317-H-009,2025-03-17,harvest,harvest,1,31,G1-04,7,6,718,591,bunches,7.0,6.0,partial,07:08,12:50,WO-2025-0321-H-006
WO-2025-0317-H-010,2025-03-17,harvest,harvest,1,32,G1-04,10,6,1076,674,bunches,10.0,6.0,partial,07:06,11:13,WO-2025-0320-H-005
WO-2025-0317-H-011,2025-03-17,harvest,harvest,2,46,G2-01,9,7,863,707,bunches,9.0,7.0,partial,06:47,12:23,WO-2025-0319-H-010
WO-2025-0317-H-012,2025-03-17,harvest,harvest,2,56,G2-02,12,7,1181,658,bunches,12.0,7.0,partial,07:14,11:13,WO-2025-0322-H-017
WO-2025-0317-H-013,2025-03-17,harvest,harvest,2,59,G2-03,9,6,864,623,bunches,9.0,6.0,partial,07:11,12:25,WO-2025-0318-H-016
WO-2025-0317-H-014,2025-03-17,harvest,harvest,2,60,G2-03,10,9,1036,883,bunches,10.0,9.0,completed,07:20,13:04,
WO-2025-0317-H-015,2025-03-17,harvest,harvest,2,67,G2-03,7,6,735,620,bunches,7.0,6.0,partial,07:07,13:09,WO-2025-0322-H-019
WO-2025-0317-H-016,2025-03-17,harvest,harvest,2,72,G2-04,10,6,973,644,bunches,10.0,6.0,partial,07:09,11:47,WO-2025-0322-H-020
WO-2025-0317-H-017,2025-03-17,harvest,harvest,2,382,G2-04,10,8,1063,859,bunches,10.0,8.0,partial,06:55,12:21,WO-2025-0319-H-016
WO-2025-0317-H-018,2025-03-17,harvest,harvest,3,82,G3-01,2,1,220,149,bunches,2.0,1.0,partial,07:11,12:03,
WO-2025-0317-H-019,2025-03-17,harvest,harvest,3,86,G3-01,22,9,2193,1526,bunches,22.0,9.0,partial,07:06,12:17,
WO-2025-0317-H-020,2025-03-17,harvest,harvest,3,96,G3-02,24,9,2327,1431,bunches,24.0,9.0,partial,07:00,11:27,WO-2025-0321-H-017
WO-2025-0317-H-021,2025-03-17,harvest,harvest,3,107,G3-03,21,9,2221,1217,bunches,21.0,9.0,partial,07:08,10:52,WO-2025-0322-H-026
WO-2025-0317-H-022,2025-03-17,harvest,harvest,3,109,G3-03,16,7,1618,757,bunches,16.0,7.0,partial,07:16,10:17,WO-2025-0320-H-019
WO-2025-0317-H-023,2025-03-17,harvest,harvest,3,115,G3-04,15,9,1463,899,bunches,15.0,9.0,partial,06:48,11:11,
WO-2025-0317-H-024,2025-03-17,harvest,harvest,4,136,G4-02,15,9,1616,1262,bunches,15.0,9.0,partial,06:56,12:12,
WO-2025-0317-H-025,2025-03-17,harvest,harvest,4,138,G4-02,13,9,1451,1181,bunches,13.0,9.0,partial,06:00,13:06,
WO-2025-0317-H-026,2025-03-17,harvest,harvest,4,140,G4-02,19,9,1994,1447,bunches,19.0,9.0,partial,06:56,12:18,WO-2025-0322-H-030
WO-2025-0317-H-027,2025-03-17,harvest,harvest,4,152,G4-03,23,9,2318,1640,bunches,23.0,9.0,partial,06:49,11:46,WO-2025-0322-H-031
WO-2025-0317-H-028,2025-03-17,harvest,harvest,5,172,G5-01,14,9,1528,1246,bunches,14.0,9.0,partial,06:46,12:50,WO-2025-0321-H-029
WO-2025-0317-H-029,2025-03-17,harvest,harvest,5,176,G5-01,19,9,1984,1604,bunches,19.0,9.0,partial,06:59,12:57,
WO-2025-0317-H-030,2025-03-17,harvest,harvest,5,186,G5-02,16,9,1659,1219,bunches,16.0,9.0,partial,07:04,12:02,
WO-2025-0317-H-031,2025-03-17,harvest,harvest,5,189,G5-02,12,9,1278,1025,bunches,12.0,9.0,partial,07:06,12:30,
WO-2025-0317-H-032,2025-03-17,harvest,harvest,5,193,G5-03,24,9,2425,1511,bunches,24.0,9.0,partial,06:52,11:15,
WO-2025-0317-H-033,2025-03-17,harvest,harvest,5,198,G5-03,15,9,1520,1204,bunches,15.0,9.0,partial,07:09,12:40,
WO-2025-0317-H-034,2025-03-17,harvest,harvest,6,207,G6-01,19,9,1996,1662,bunches,19.0,9.0,partial,06:54,13:03,
WO-2025-0317-H-035,2025-03-17,harvest,harvest,6,230,G6-02,16,9,1666,1515,bunches,16.0,9.0,completed,07:06,13:51,
WO-2025-0317-H-036,2025-03-17,harvest,harvest,6,246,G6-02,16,9,1562,1156,bunches,16.0,9.0,partial,07:19,12:29,
WO-2025-0317-H-037,2025-03-17,harvest,harvest,6,254,G6-03,27,9,2719,1577,bunches,27.0,9.0,partial,07:20,11:44,
WO-2025-0317-H-038,2025-03-17,harvest,harvest,6,380,G6-05,25,9,2751,1886,bunches,25.0,9.0,partial,06:49,11:56,WO-2025-0320-H-037
WO-2025-0317-H-039,2025-03-17,harvest,harvest,7,289,G7-01,13,8,1302,800,bunches,13.0,8.0,partial,07:10,11:17,
WO-2025-0317-H-040,2025-03-17,harvest,harvest,7,296,G7-01,12,9,1222,959,bunches,12.0,9.0,partial,07:08,12:25,
WO-2025-0317-H-041,2025-03-17,harvest,harvest,7,333,G7-03,10,8,1007,818,bunches,10.0,8.0,partial,07:01,12:31,
WO-2025-0317-H-042,2025-03-17,harvest,harvest,7,334,G7-03,10,8,1043,790,bunches,10.0,8.0,partial,06:46,12:35,
WO-2025-0317-H-043,2025-03-17,harvest,harvest,7,338,G7-03,13,9,1308,887,bunches,13.0,9.0,partial,06:51,11:38,
WO-2025-0317-H-044,2025-03-17,harvest,harvest,7,343,G7-04,12,9,1235,881,bunches,12.0,9.0,partial,07:06,11:50,
WO-2025-0317-H-045,2025-03-17,harvest,harvest,7,346,G7-04,9,7,943,711,bunches,9.0,7.0,partial,07:12,12:31,
WO-2025-0318-H-001,2025-03-18,harvest,harvest,1,12,G1-02,14,9,1397,925,bunches,14.0,9.0,partial,07:02,11:51,
WO-2025-0318-H-002,2025-03-18,harvest,harvest,1,16,G1-02,14,7,1362,656,bunches,14.0,7.0,partial,06:52,10:03,WO-2025-0323-H-004
WO-2025-0318-H-003,2025-03-18,harvest,harvest,1,26,G1-03,13,9,1313,950,bunches,13.0,9.0,partial,07:20,12:44,WO-2025-0322-H-008
WO-2025-0318-H-004,2025-03-18,harvest,harvest,1,29,G1-03,9,6,920,596,bunches,9.0,6.0,partial,06:48,11:17,WO-2025-0322-H-010
WO-2025-0318-H-005,2025-03-18,harvest,harvest,1,30,G1-03,10,6,987,607,bunches,10.0,6.0,partial,06:45,10:59,WO-2025-0319-H-008
WO-2025-0318-H-006,2025-03-18,harvest,harvest,1,33,G1-04,7,5,683,567,bunches,7.0,5.0,partial,07:14,13:23,WO-2025-0320-H-006
WO-2025-0318-H-007,2025-03-18,harvest,harvest,1,36,G1-04,11,6,1158,641,bunches,11.0,6.0,partial,07:04,10:51,WO-2025-0323-H-009
WO-2025-0318-H-008,2025-03-18,harvest,harvest,1,38,G1-04,7,7,746,680,bunches,7.0,7.0,completed,06:53,13:23,
WO-2025-0318-H-009,2025-03-18,harvest,harvest,1,39,G1-04,9,7,856,648,bunches,9.0,7.0,partial,07:12,12:57,WO-2025-0322-H-014
WO-2025-0318-H-010,2025-03-18,harvest,harvest,2,40,G2-01,10,6,1011,626,bunches,10.0,6.0,partial,06:59,11:18,WO-2025-0321-H-007
WO-2025-0318-H-011,2025-03-18,harvest,harvest,2,42,G2-01,7,6,747,589,bunches,7.0,6.0,partial,07:17,12:59,
WO-2025-0318-H-012,2025-03-18,harvest,harvest,2,43,G2-01,6,6,634,531,bunches,6.0,6.0,partial,07:13,13:29,WO-2025-0322-H-015
WO-2025-0318-H-013,2025-03-18,harvest,harvest,2,44,G2-01,10,7,1031,690,bunches,10.0,7.0,partial,07:13,11:42,WO-2025-0323-H-010
WO-2025-0318-H-014,2025-03-18,harvest,harvest,2,47,G2-01,12,9,1164,891,bunches,12.0,9.0,partial,07:20,12:36,WO-2025-0323-H-011
WO-2025-0318-H-015,2025-03-18,harvest,harvest,2,51,G2-02,20,9,1980,1396,bunches,20.0,9.0,partial,06:47,12:01,
WO-2025-0318-H-016,2025-03-18,harvest,harvest,2,59,G2-03,10,6,995,623,bunches,10.0,6.0,partial,07:06,11:17,WO-2025-0322-H-018
WO-2025-0318-H-017,2025-03-18,harvest,harvest,2,65,G2-03,9,5,868,512,bunches,9.0,5.0,partial,07:11,11:12,
WO-2025-0318-H-018,2025-03-18,harvest,harvest,2,73,G2-04,9,6,875,586,bunches,9.0,6.0,partial,07:11,11:38,WO-2025-0322-H-021
WO-2025-0318-H-019,2025-03-18,harvest,harvest,2,74,G2-04,13,8,1360,874,bunches,13.0,8.0,partial,06:52,11:36,
WO-2025-0318-H-020,2025-03-18,harvest,harvest,3,77,G3-01,19,9,1978,1326,bunches,19.0,9.0,partial,06:52,11:25,WO-2025-0323-H-015
WO-2025-0318-H-021,2025-03-18,harvest,harvest,3,85,G3-01,14,9,1399,890,bunches,14.0,9.0,partial,07:07,11:38,
WO-2025-0318-H-022,2025-03-18,harvest,harvest,3,88,G3-02,13,9,1260,887,bunches,13.0,9.0,partial,07:12,12:15,WO-2025-0322-H-024
WO-2025-0318-H-023,2025-03-18,harvest,harvest,3,90,G3-02,12,9,1135,1028,bunches,12.0,9.0,completed,06:51,13:24,
WO-2025-0318-H-024,2025-03-18,harvest,harvest,3,97,G3-02,12,9,1257,907,bunches,12.0,9.0,partial,06:46,12:16,
WO-2025-0318-H-025,2025-03-18,harvest,harvest,3,100,G3-02,12,9,1244,1005,bunches,12.0,9.0,partial,06:57,12:46,WO-2025-0321-H-018
WO-2025-0318-H-026,2025-03-18,harvest,harvest,3,103,G3-03,13,8,1334,772,bunches,13.0,8.0,partial,07:21,11:45,WO-2025-0323-H-020
WO-2025-0318-H-027,2025-03-18,harvest,harvest,3,111,G3-03,21,9,2154,1271,bunches,21.0,9.0,partial,07:12,11:24,WO-2025-0322-H-027
WO-2025-0318-H-028,2025-03-18,harvest,harvest,3,117,G3-04,12,7,1236,695,bunches,12.0,7.0,partial,06:52,10:37,
WO-2025-0318-H-029,2025-03-18,harvest,harvest,4,127,G4-01,4,3,415,335,bunches,4.0,3.0,partial,07:18,12:58,
WO-2025-0318-H-030,2025-03-18,harvest,harvest,4,154,G4-03,7,3,773,342,bunches,7.0,3.0,partial,06:47,09:38,
WO-2025-0318-H-031,2025-03-18,harvest,harvest,4,155,G4-04,9,6,868,596,bunches,9.0,6.0,partial,07:04,11:38,WO-2025-0322-H-032
WO-2025-0318-H-032,2025-03-18,harvest,harvest,4,159,G4-04,28,9,2900,2161,bunches,28.0,9.0,partial,07:18,12:46,
WO-2025-0318-H-033,2025-03-18,harvest,harvest,4,160,G4-04,18,9,1843,1705,bunches,18.0,9.0,completed,07:02,13:30,
WO-2025-0318-H-034,2025-03-18,harvest,harvest,4,165,G4-04,11,8,1133,811,bunches,11.0,8.0,partial,07:04,11:57,WO-2025-0323-H-027
WO-2025-0318-H-035,2025-03-18,harvest,harvest,5,184,G5-02,26,9,2816,1375,bunches,26.0,9.0,partial,07:10,10:44,
WO-2025-0318-H-036,2025-03-18,harvest,harvest,5,192,G5-02,8,7,870,702,bunches,8.0,7.0,partial,07:04,13:13,WO-2025-0323-H-033
WO-2025-0318-H-037,2025-03-18,harvest,harvest,6,209,G6-01,15,9,1510,1273,bunches,15.0,9.0,partial,07:19,13:33,
WO-2025-0318-H-038,2025-03-18,harvest,harvest,6,211,G6-01,21,9,2366,1395,bunches,21.0,9.0,partial,07:05,11:13,
WO-2025-0318-H-039,2025-03-18,harvest,harvest,6,245,G6-02,16,9,1602,1451,bunches,16.0,9.0,completed,06:58,13:14,
WO-2025-0318-H-040,2025-03-18,harvest,harvest,6,248,G6-03,34,9,3334,1491,bunches,34.0,9.0,partial,07:01,10:25,
WO-2025-0318-H-041,2025-03-18,harvest,harvest,6,249,G6-03,17,9,1754,1355,bunches,17.0,9.0,partial,06:53,12:27,
WO-2025-0318-H-042,2025-03-18,harvest,harvest,6,250,G6-03,20,9,2113,1013,bunches,20.0,9.0,partial,07:13,10:47,
WO-2025-0318-H-043,2025-03-18,harvest,harvest,6,253,G6-03,13,9,1294,946,bunches,13.0,9.0,partial,07:07,12:42,
WO-2025-0318-H-044,2025-03-18,harvest,harvest,6,259,G6-04,40,9,4127,2047,bunches,40.0,9.0,partial,07:11,10:36,
WO-2025-0318-H-045,2025-03-18,harvest,harvest,6,261,G6-04,26,9,2502,1638,bunches,26.0,9.0,partial,07:16,11:56,
WO-2025-0318-H-046,2025-03-18,harvest,harvest,6,266,G6-04,12,9,1249,1102,bunches,12.0,9.0,completed,07:03,13:09,
WO-2025-0318-H-047,2025-03-18,harvest,harvest,7,291,G7-01,17,8,1682,766,bunches,17.0,8.0,partial,07:02,10:22,
WO-2025-0318-H-048,2025-03-18,harvest,harvest,7,307,G7-02,7,4,743,463,bunches,7.0,4.0,partial,06:00,11:19,
WO-2025-0318-H-049,2025-03-18,harvest,harvest,7,311,G7-03,22,9,2303,1181,bunches,22.0,9.0,partial,07:17,10:52,
WO-2025-0318-H-050,2025-03-18,harvest,harvest,7,344,G7-04,22,9,2367,1715,bunches,22.0,9.0,partial,07:12,12:39,
WO-2025-0318-H-051,2025-03-18,harvest,harvest,7,347,G7-04,17,9,1865,1214,bunches,17.0,9.0,partial,07:21,11:44,
WO-2025-0319-H-001,2025-03-19,harvest,harvest,1,7,G1-01,5,4,492,367,bunches,5.0,4.0,partial,07:17,12:19,WO-2025-0322-H-002
WO-2025-0319-H-002,2025-03-19,harvest,harvest,1,8,G1-01,10,8,959,789,bunches,10.0,8.0,partial,07:16,13:22,WO-2025-0323-H-002
WO-2025-0319-H-003,2025-03-19,harvest,harvest,1,14,G1-02,8,8,841,853,bunches,8.0,8.0,completed,07:01,14:31,
WO-2025-0319-H-004,2025-03-19,harvest,harvest,1,19,G1-02,5,5,528,519,bunches,5.0,5.0,completed,07:18,14:06,
WO-2025-0319-H-005,2025-03-19,harvest,harvest,1,22,G1-03,10,8,990,783,bunches,10.0,8.0,partial,07:19,12:59,
WO-2025-0319-H-006,2025-03-19,harvest,harvest,1,23,G1-03,8,8,797,782,bunches,8.0,8.0,completed,06:49,14:11,
WO-2025-0319-H-007,2025-03-19,harvest,harvest,1,28,G1-03,8,9,795,893,bunches,8.0,9.0,completed,06:50,14:38,
WO-2025-0319-H-008,2025-03-19,harvest,harvest,1,30,G1-03,7,6,673,607,bunches,7.0,6.0,completed,06:59,13:14,
WO-2025-0319-H-009,2025-03-19,harvest,harvest,2,41,G2-01,11,9,1129,1022,bunches,11.0,9.0,completed,06:49,13:04,
WO-2025-0319-H-010,2025-03-19,harvest,harvest,2,46,G2-01,7,7,729,707,bunches,7.0,7.0,completed,07:13,14:11,
WO-2025-0319-H-011,2025-03-19,harvest,harvest,2,53,G2-02,8,9,788,906,bunches,8.0,9.0,completed,06:59,15:29,
WO-2025-0319-H-012,2025-03-19,harvest,harvest,2,62,G2-03,10,8,1020,894,bunches,10.0,8.0,completed,07:20,13:59,
WO-2025-0319-H-013,2025-03-19,harvest,harvest,2,63,G2-03,16,9,1604,1225,bunches,16.0,9.0,partial,06:54,12:29,WO-2025-0324-H-017
WO-2025-0319-H-014,2025-03-19,harvest,harvest,2,66,G2-03,9,9,889,885,bunches,9.0,9.0,completed,06:57,14:09,
WO-2025-0319-H-015,2025-03-19,harvest,harvest,2,68,G2-03,15,9,1499,1357,bunches,15.0,9.0,completed,07:15,13:25,
WO-2025-0319-H-016,2025-03-19,harvest,harvest,2,382,G2-04,8,8,862,859,bunches,8.0,8.0,completed,06:45,13:45,
WO-2025-0319-H-017,2025-03-19,harvest,harvest,3,80,G3-01,9,8,842,709,bunches,9.0,8.0,partial,06:55,13:05,
WO-2025-0319-H-018,2025-03-19,harvest,harvest,3,87,G3-01,15,9,1480,1327,bunches,15.0,9.0,completed,06:54,13:12,
WO-2025-0319-H-019,2025-03-19,harvest,harvest,3,93,G3-02,19,9,1917,1517,bunches,19.0,9.0,partial,07:10,12:40,WO-2025-0323-H-018
WO-2025-0319-H-020,2025-03-19,harvest,harvest,3,95,G3-02,10,9,1069,946,bunches,10.0,9.0,completed,07:11,13:15,
WO-2025-0319-H-021,2025-03-19,harvest,harvest,3,98,G3-02,15,9,1434,1160,bunches,15.0,9.0,partial,07:16,13:09,WO-2025-0324-H-027
WO-2025-0319-H-022,2025-03-19,harvest,harvest,3,101,G3-03,12,9,1148,1120,bunches,12.0,9.0,completed,07:09,14:17,
WO-2025-0319-H-023,2025-03-19,harvest,harvest,3,102,G3-03,8,7,838,701,bunches,8.0,7.0,partial,07:04,13:06,WO-2025-0324-H-029
WO-2025-0319-H-024,2025-03-19,harvest,harvest,3,106,G3-03,4,3,361,291,bunches,4.0,3.0,partial,07:07,12:39,WO-2025-0324-H-030
WO-2025-0319-H-025,2025-03-19,harvest,harvest,3,108,G3-03,15,9,1537,1242,bunches,15.0,9.0,partial,07:06,12:49,WO-2025-0321-H-019
WO-2025-0319-H-026,2025-03-19,harvest,harvest,3,118,G3-04,8,6,741,562,bunches,8.0,6.0,partial,06:53,11:59,
WO-2025-0319-H-027,2025-03-19,harvest,harvest,3,119,G3-04,3,3,280,259,bunches,3.0,3.0,completed,07:17,14:00,
WO-2025-0319-H-028,2025-03-19,harvest,harvest,3,120,G3-04,10,9,1002,898,bunches,10.0,9.0,completed,07:13,13:53,
WO-2025-0319-H-029,2025-03-19,harvest,harvest,4,124,G4-01,5,5,557,537,bunches,5.0,5.0,completed,06:51,13:59,
WO-2025-0319-H-030,2025-03-19,harvest,harvest,4,134,G4-02,18,9,1943,1447,bunches,18.0,9.0,partial,07:20,12:30,WO-2025-0324-H-035
WO-2025-0319-H-031,2025-03-19,harvest,harvest,4,146,G4-03,13,9,1397,1334,bunches,13.0,9.0,completed,07:03,14:17,
WO-2025-0319-H-032,2025-03-19,harvest,harvest,4,147,G4-03,27,9,2709,2559,bunches,27.0,9.0,completed,07:21,13:56,
WO-2025-0319-H-033,2025-03-19,harvest,harvest,4,148,G4-03,23,9,2364,2462,bunches,23.0,9.0,completed,06:54,14:07,
WO-2025-0319-H-034,2025-03-19,harvest,harvest,4,149,G4-03,29,9,3069,2318,bunches,29.0,9.0,partial,07:03,12:16,
WO-2025-0319-H-035,2025-03-19,harvest,harvest,4,158,G4-04,13,9,1313,1067,bunches,13.0,9.0,partial,06:56,12:46,
WO-2025-0319-H-036,2025-03-19,harvest,harvest,5,171,G5-01,10,9,1095,1070,bunches,10.0,9.0,completed,07:21,14:33,
WO-2025-0319-H-037,2025-03-19,harvest,harvest,5,173,G5-01,9,9,886,935,bunches,9.0,9.0,completed,07:08,14:50,
WO-2025-0319-H-038,2025-03-19,harvest,harvest,5,174,G5-01,5,6,561,577,bunches,5.0,6.0,completed,07:06,14:32,
WO-2025-0319-H-039,2025-03-19,harvest,harvest,5,181,G5-02,11,9,1114,1274,bunches,11.0,9.0,completed,06:55,14:50,
WO-2025-0319-H-040,2025-03-19,harvest,harvest,5,182,G5-02,19,9,2033,2315,bunches,19.0,9.0,completed,07:02,15:23,
WO-2025-0319-H-041,2025-03-19,harvest,harvest,5,185,G5-02,12,9,1292,1309,bunches,12.0,9.0,completed,07:17,14:52,
WO-2025-0319-H-042,2025-03-19,harvest,harvest,5,199,G5-03,15,9,1427,1334,bunches,15.0,9.0,completed,06:56,13:19,
WO-2025-0319-H-043,2025-03-19,harvest,harvest,5,201,G5-03,22,9,2206,1886,bunches,22.0,9.0,completed,07:16,13:38,
WO-2025-0319-H-044,2025-03-19,harvest,harvest,5,202,G5-03,16,9,1627,1536,bunches,16.0,9.0,completed,07:18,14:19,
WO-2025-0319-H-045,2025-03-19,harvest,harvest,6,203,G6-01,19,9,1981,1554,bunches,19.0,9.0,partial,06:00,12:28,
WO-2025-0319-H-046,2025-03-19,harvest,harvest,6,206,G6-01,13,9,1383,1296,bunches,13.0,9.0,completed,06:54,13:50,
WO-2025-0319-H-047,2025-03-19,harvest,harvest,6,208,G6-01,15,9,1548,1044,bunches,15.0,9.0,partial,07:08,11:51,
WO-2025-0319-H-048,2025-03-19,harvest,harvest,6,255,G6-03,13,9,1209,995,bunches,13.0,9.0,partial,06:56,12:57,
WO-2025-0319-H-049,2025-03-19,harvest,harvest,7,294,G7-01,5,6,520,598,bunches,5.0,6.0,completed,07:15,15:21,
WO-2025-0319-H-050,2025-03-19,harvest,harvest,7,295,G7-01,8,7,793,718,bunches,8.0,7.0,completed,07:13,13:24,
WO-2025-0319-H-051,2025-03-19,harvest,harvest,7,297,G7-01,8,8,783,737,bunches,8.0,8.0,completed,07:02,13:48,
WO-2025-0319-H-052,2025-03-19,harvest,harvest,7,298,G7-01,12,9,1253,1026,bunches,12.0,9.0,partial,06:51,12:24,
WO-2025-0319-H-053,2025-03-19,harvest,harvest,7,300,G7-02,16,9,1584,1685,bunches,16.0,9.0,completed,07:01,14:28,
WO-2025-0319-H-054,2025-03-19,harvest,harvest,7,310,G7-02,8,8,858,806,bunches,8.0,8.0,completed,07:08,13:33,
WO-2025-0319-H-055,2025-03-19,harvest,harvest,7,328,G7-03,9,8,860,800,bunches,9.0,8.0,completed,07:01,13:37,
WO-2025-0319-H-056,2025-03-19,harvest,harvest,7,331,G7-03,9,8,891,755,bunches,9.0,8.0,partial,06:49,12:40,
WO-2025-0319-H-057,2025-03-19,harvest,harvest,7,332,G7-03,6,5,575,510,bunches,6.0,5.0,completed,06:00,13:46,
WO-2025-0319-H-058,2025-03-19,harvest,harvest,7,335,G7-03,13,9,1368,1185,bunches,13.0,9.0,completed,06:59,13:20,
WO-2025-0319-H-059,2025-03-19,harvest,harvest,7,339,G7-04,11,9,1068,885,bunches,11.0,9.0,partial,07:09,13:17,
WO-2025-0319-H-060,2025-03-19,harvest,harvest,7,342,G7-04,8,6,770,596,bunches,8.0,6.0,partial,07:15,12:58,WO-2025-0324-H-058
WO-2025-0320-H-001,2025-03-20,harvest,harvest,1,3,G1-01,6,6,555,536,bunches,6.0,6.0,completed,07:07,14:19,
WO-2025-0320-H-002,2025-03-20,harvest,harvest,1,6,G1-01,2,2,188,169,bunches,2.0,2.0,completed,07:17,13:31,
WO-2025-0320-H-003,2025-03-20,harvest,harvest,1,11,G1-02,13,9,1286,1187,bunches,13.0,9.0,completed,07:19,14:14,
WO-2025-0320-H-004,2025-03-20,harvest,harvest,1,15,G1-02,8,9,780,897,bunches,8.0,9.0,completed,07:00,14:55,
WO-2025-0320-H-005,2025-03-20,harvest,harvest,1,32,G1-04,6,6,636,674,bunches,6.0,6.0,completed,06:47,14:18,
WO-2025-0320-H-006,2025-03-20,harvest,harvest,1,33,G1-04,7,5,711,567,bunches,7.0,5.0,partial,06:45,12:18,WO-2025-0325-H-009
WO-2025-0320-H-007,2025-03-20,harvest,harvest,1,37,G1-04,5,4,516,433,bunches,5.0,4.0,partial,07:06,13:20,
WO-2025-0320-H-008,2025-03-20,harvest,harvest,2,49,G2-01,5,6,516,538,bunches,5.0,6.0,completed,07:15,15:03,
WO-2025-0320-H-009,2025-03-20,harvest,harvest,2,54,G2-02,11,9,1079,907,bunches,11.0,9.0,partial,06:58,13:14,
WO-2025-0320-H-010,2025-03-20,harvest,harvest,2,60,G2-03,10,9,1047,883,bunches,10.0,9.0,partial,06:49,12:00,WO-2025-0324-H-015
WO-2025-0320-H-011,2025-03-20,harvest,harvest,2,70,G2-04,5,5,458,472,bunches,5.0,5.0,completed,07:20,15:08,
WO-2025-0320-H-012,2025-03-20,harvest,harvest,3,78,G3-01,13,9,1282,1202,bunches,13.0,9.0,completed,07:04,13:28,
WO-2025-0320-H-013,2025-03-20,harvest,harvest,3,84,G3-01,16,9,1661,1580,bunches,16.0,9.0,completed,07:15,13:51,
WO-2025-0320-H-014,2025-03-20,harvest,harvest,3,89,G3-02,12,0,1132,0,bunches,12.0,0.0,not_started,07:12,,WO-2025-0321-H-015
WO-2025-0320-H-015,2025-03-20,harvest,harvest,3,91,G3-02,10,0,955,0,bunches,10.0,0.0,not_started,06:50,,WO-2025-0321-H-016
WO-2025-0320-H-016,2025-03-20,harvest,harvest,3,94,G3-02,14,9,1377,1167,bunches,14.0,9.0,partial,07:14,13:30,
WO-2025-0320-H-017,2025-03-20,harvest,harvest,3,104,G3-03,12,9,1209,952,bunches,12.0,9.0,partial,07:03,13:04,WO-2025-0325-H-023
WO-2025-0320-H-018,2025-03-20,harvest,harvest,3,105,G3-03,7,7,723,611,bunches,7.0,7.0,partial,07:01,12:00,
WO-2025-0320-H-019,2025-03-20,harvest,harvest,3,109,G3-03,7,7,757,757,bunches,7.0,7.0,completed,07:01,13:57,
WO-2025-0320-H-020,2025-03-20,harvest,harvest,3,114,G3-04,5,6,479,551,bunches,5.0,6.0,completed,07:00,15:30,
WO-2025-0320-H-021,2025-03-20,harvest,harvest,3,116,G3-04,5,4,463,370,bunches,5.0,4.0,partial,07:13,12:39,
WO-2025-0320-H-022,2025-03-20,harvest,harvest,4,129,G4-01,21,9,2280,2066,bunches,21.0,9.0,completed,06:56,13:18,
WO-2025-0320-H-023,2025-03-20,harvest,harvest,4,137,G4-02,11,9,1157,1331,bunches,11.0,9.0,completed,07:01,15:23,
WO-2025-0320-H-024,2025-03-20,harvest,harvest,4,145,G4-03,13,9,1302,1164,bunches,13.0,9.0,completed,06:52,13:19,
WO-2025-0320-H-025,2025-03-20,harvest,harvest,4,150,G4-03,15,9,1551,1515,bunches,15.0,9.0,completed,07:05,14:02,
WO-2025-0320-H-026,2025-03-20,harvest,harvest,4,151,G4-03,16,9,1634,1576,bunches,16.0,9.0,completed,07:10,14:00,
WO-2025-0320-H-027,2025-03-20,harvest,harvest,4,153,G4-03,17,9,1834,1932,bunches,17.0,9.0,completed,06:53,14:41,
WO-2025-0320-H-028,2025-03-20,harvest,harvest,4,163,G4-04,14,9,1474,1111,bunches,14.0,9.0,partial,07:08,12:48,
WO-2025-0320-H-029,2025-03-20,harvest,harvest,4,166,G4-04,7,6,731,640,bunches,7.0,6.0,completed,07:05,13:22,
WO-2025-0320-H-030,2025-03-20,harvest,harvest,5,169,G5-01,17,9,1712,1697,bunches,17.0,9.0,completed,07:11,14:23,
WO-2025-0320-H-031,2025-03-20,harvest,harvest,5,170,G5-01,14,9,1421,1309,bunches,14.0,9.0,completed,07:18,13:36,
WO-2025-0320-H-032,2025-03-20,harvest,harvest,5,187,G5-02,12,9,1266,1213,bunches,12.0,9.0,completed,07:20,13:56,
WO-2025-0320-H-033,2025-03-20,harvest,harvest,5,188,G5-02,13,9,1254,1028,bunches,13.0,9.0,partial,06:59,12:51,WO-2025-0323-H-031
WO-2025-0320-H-034,2025-03-20,harvest,harvest,5,190,G5-02,9,9,1001,1054,bunches,9.0,9.0,completed,07:20,14:48,
WO-2025-0320-H-035,2025-03-20,harvest,harvest,5,200,G5-03,14,9,1381,1292,bunches,14.0,9.0,completed,06:52,13:55,
WO-2025-0320-H-036,2025-03-20,harvest,harvest,6,258,G6-04,6,4,672,395,bunches,6.0,4.0,partial,07:13,11:37,
WO-2025-0320-H-037,2025-03-20,harvest,harvest,6,380,G6-05,17,9,1864,1886,bunches,17.0,9.0,completed,06:54,14:24,
WO-2025-0320-H-038,2025-03-20,harvest,harvest,7,292,G7-01,7,8,676,777,bunches,7.0,8.0,completed,07:19,15:49,
WO-2025-0320-H-039,2025-03-20,harvest,harvest,7,303,G7-02,11,9,1091,1111,bunches,11.0,9.0,completed,07:05,14:30,
WO-2025-0320-H-040,2025-03-20,harvest,harvest,7,306,G7-02,9,9,852,879,bunches,9.0,9.0,completed,07:16,15:02,
WO-2025-0320-H-041,2025-03-20,harvest,harvest,7,330,G7-03,7,8,686,789,bunches,7.0,8.0,completed,06:46,14:53,
WO-2025-0320-H-042,2025-03-20,harvest,harvest,7,336,G7-03,12,9,1262,1020,bunches,12.0,9.0,partial,07:08,13:20,
WO-2025-0320-H-043,2025-03-20,harvest,harvest,7,337,G7-03,6,7,639,705,bunches,6.0,7.0,completed,07:21,15:32,
WO-2025-0320-H-044,2025-03-20,harvest,harvest,7,345,G7-04,12,9,1286,1054,bunches,12.0,9.0,partial,06:48,12:36,WO-2025-0324-H-059
WO-2025-0321-H-001,2025-03-21,harvest,harvest,1,2,G1-01,6,6,632,593,bunches,6.0,6.0,completed,07:15,14:16,
WO-2025-0321-H-002,2025-03-21,harvest,harvest,1,4,G1-01,8,6,787,635,bunches,8.0,6.0,partial,06:56,12:41,WO-2025-0326-H-001
WO-2025-0321-H-003,2025-03-21,harvest,harvest,1,9,G1-01,8,7,807,695,bunches,8.0,7.0,completed,06:51,13:12,
WO-2025-0321-H-004,2025-03-21,harvest,harvest,1,17,G1-02,9,6,908,593,bunches,9.0,6.0,partial,06:55,11:13,WO-2025-0325-H-003
WO-2025-0321-H-005,2025-03-21,harvest,harvest,1,24,G1-03,6,4,573,432,bunches,6.0,4.0,partial,07:10,12:34,
WO-2025-0321-H-006,2025-03-21,harvest,harvest,1,31,G1-04,8,6,794,591,bunches,8.0,6.0,partial,07:07,12:32,WO-2025-0324-H-006
WO-2025-0321-H-007,2025-03-21,harvest,harvest,2,40,G2-01,7,6,723,626,bunches,7.0,6.0,completed,07:00,13:15,
WO-2025-0321-H-008,2025-03-21,harvest,harvest,2,45,G2-01,10,8,991,769,bunches,10.0,8.0,partial,07:03,12:36,
WO-2025-0321-H-009,2025-03-21,harvest,harvest,2,50,G2-02,6,6,616,588,bunches,6.0,6.0,completed,07:10,13:42,
WO-2025-0321-H-010,2025-03-21,harvest,harvest,2,52,G2-02,6,5,567,496,bunches,6.0,5.0,completed,07:06,13:48,
WO-2025-0321-H-011,2025-03-21,harvest,harvest,2,55,G2-02,12,9,1190,1002,bunches,12.0,9.0,partial,07:21,13:12,
WO-2025-0321-H-012,2025-03-21,harvest,harvest,2,57,G2-02,6,6,582,553,bunches,6.0,6.0,completed,06:59,13:50,
WO-2025-0321-H-013,2025-03-21,harvest,harvest,2,58,G2-02,8,6,831,631,bunches,8.0,6.0,partial,06:45,12:35,WO-2025-0325-H-015
WO-2025-0321-H-014,2025-03-21,harvest,harvest,2,71,G2-04,5,5,558,472,bunches,5.0,5.0,partial,07:01,12:57,WO-2025-0323-H-014
WO-2025-0321-H-015,2025-03-21,harvest,harvest,3,89,G3-02,12,9,1132,958,bunches,12.0,9.0,partial,06:56,13:03,
WO-2025-0321-H-016,2025-03-21,harvest,harvest,3,91,G3-02,10,8,955,817,bunches,10.0,8.0,completed,06:59,13:01,
WO-2025-0321-H-017,2025-03-21,harvest,harvest,3,96,G3-02,16,9,1609,1431,bunches,16.0,9.0,completed,07:04,13:27,
WO-2025-0321-H-018,2025-03-21,harvest,harvest,3,100,G3-02,12,9,1237,1005,bunches,12.0,9.0,partial,06:58,12:38,WO-2025-0326-H-024
WO-2025-0321-H-019,2025-03-21,harvest,harvest,3,108,G3-03,16,9,1662,1242,bunches,16.0,9.0,partial,06:47,11:54,
WO-2025-0321-H-020,2025-03-21,harvest,harvest,3,110,G3-03,12,9,1261,1010,bunches,12.0,9.0,partial,07:17,13:19,
WO-2025-0321-H-021,2025-03-21,harvest,harvest,4,133,G4-02,16,9,1766,1445,bunches,16.0,9.0,partial,07:07,12:59,WO-2025-0325-H-030
WO-2025-0321-H-022,2025-03-21,harvest,harvest,4,141,G4-02,23,9,2388,1875,bunches,23.0,9.0,partial,07:07,13:02,
WO-2025-0321-H-023,2025-03-21,harvest,harvest,4,142,G4-02,16,9,1650,1543,bunches,16.0,9.0,completed,07:09,13:47,
WO-2025-0321-H-024,2025-03-21,harvest,harvest,4,143,G4-02,20,9,2049,1924,bunches,20.0,9.0,completed,06:54,13:46,
WO-2025-0321-H-025,2025-03-21,harvest,harvest,4,144,G4-03,22,9,2102,1952,bunches,22.0,9.0,completed,07:07,13:55,
WO-2025-0321-H-026,2025-03-21,harvest,harvest,4,157,G4-04,21,9,2104,1659,bunches,21.0,9.0,partial,07:17,13:08,
WO-2025-0321-H-027,2025-03-21,harvest,harvest,4,160,G4-04,23,9,2373,1705,bunches,23.0,9.0,partial,06:55,11:50,WO-2025-0326-H-038
WO-2025-0321-H-028,2025-03-21,harvest,harvest,5,171,G5-01,10,9,1120,1070,bunches,10.0,9.0,completed,07:12,13:43,
WO-2025-0321-H-029,2025-03-21,harvest,harvest,5,172,G5-01,13,9,1386,1246,bunches,13.0,9.0,completed,07:07,13:27,
WO-2025-0321-H-030,2025-03-21,harvest,harvest,5,177,G5-01,17,9,1812,1398,bunches,17.0,9.0,partial,07:21,13:16,
WO-2025-0321-H-031,2025-03-21,harvest,harvest,5,178,G5-01,12,9,1233,872,bunches,12.0,9.0,partial,06:57,12:03,WO-2025-0326-H-041
WO-2025-0321-H-032,2025-03-21,harvest,harvest,5,194,G5-03,13,9,1353,1433,bunches,13.0,9.0,completed,06:56,14:55,
WO-2025-0321-H-033,2025-03-21,harvest,harvest,6,210,G6-01,18,9,1940,1771,bunches,18.0,9.0,completed,07:07,14:00,
WO-2025-0321-H-034,2025-03-21,harvest,harvest,6,251,G6-03,14,9,1418,1355,bunches,14.0,9.0,completed,07:01,13:38,
WO-2025-0321-H-035,2025-03-21,harvest,harvest,6,252,G6-03,32,9,3329,2411,bunches,32.0,9.0,partial,06:46,11:56,WO-2025-0326-H-056
WO-2025-0321-H-036,2025-03-21,harvest,harvest,6,256,G6-03,21,9,1987,1258,bunches,21.0,9.0,partial,06:53,11:34,
WO-2025-0321-H-037,2025-03-21,harvest,harvest,6,262,G6-04,13,9,1287,974,bunches,13.0,9.0,partial,07:16,13:06,
WO-2025-0321-H-038,2025-03-21,harvest,harvest,6,268,G6-05,13,9,1370,1055,bunches,13.0,9.0,partial,07:19,12:52,
WO-2025-0321-H-039,2025-03-21,harvest,harvest,6,379,G6-05,24,9,2489,2219,bunches,24.0,9.0,completed,07:15,13:42,
WO-2025-0321-H-040,2025-03-21,harvest,harvest,7,287,G7-01,10,7,1021,676,bunches,10.0,7.0,partial,06:56,11:54,
WO-2025-0321-H-041,2025-03-21,harvest,harvest,7,293,G7-01,13,9,1351,936,bunches,13.0,9.0,partial,07:09,12:17,
WO-2025-0321-H-042,2025-03-21,harvest,harvest,7,304,G7-02,12,9,1253,1189,bunches,12.0,9.0,completed,06:49,13:32,
WO-2025-0321-H-043,2025-03-21,harvest,harvest,7,305,G7-02,11,9,1139,975,bunches,11.0,9.0,completed,07:09,13:05,
WO-2025-0321-H-044,2025-03-21,harvest,harvest,7,308,G7-02,11,9,1225,991,bunches,11.0,9.0,partial,06:59,12:25,WO-2025-0326-H-068
WO-2025-0321-H-045,2025-03-21,harvest,harvest,7,340,G7-04,9,9,959,992,bunches,9.0,9.0,completed,07:15,14:43,
WO-2025-0322-H-001,2025-03-22,harvest,harvest,1,5,G1-01,5,3,495,318,bunches,5.0,3.0,partial,07:12,11:35,
WO-2025-0322-H-002,2025-03-22,harvest,harvest,1,7,G1-01,5,4,513,367,bunches,5.0,4.0,partial,07:02,12:24,
WO-2025-0322-H-003,2025-03-22,harvest,harvest,1,10,G1-01,13,8,1271,765,bunches,13.0,8.0,partial,06:49,11:16,WO-2025-0325-H-002
WO-2025-0322-H-004,2025-03-22,harvest,harvest,1,14,G1-02,10,8,1043,853,bunches,10.0,8.0,partial,07:07,13:19,WO-2025-0327-H-003
WO-2025-0322-H-005,2025-03-22,harvest,harvest,1,18,G1-02,5,5,527,449,bunches,5.0,5.0,completed,07:03,13:19,
WO-2025-0322-H-006,2025-03-22,harvest,harvest,1,20,G1-02,10,8,951,734,bunches,10.0,8.0,partial,07:18,12:45,
WO-2025-0322-H-007,2025-03-22,harvest,harvest,1,21,G1-03,14,9,1385,951,bunches,14.0,9.0,partial,07:21,12:21,WO-2025-0327-H-005
WO-2025-0322-H-008,2025-03-22,harvest,harvest,1,26,G1-03,12,9,1219,950,bunches,12.0,9.0,partial,07:18,12:48,WO-2025-0325-H-006
WO-2025-0322-H-009,2025-03-22,harvest,harvest,1,27,G1-03,11,8,1131,851,bunches,11.0,8.0,partial,06:54,12:27,WO-2025-0325-H-007
WO-2025-0322-H-010,2025-03-22,harvest,harvest,1,29,G1-03,8,6,810,596,bunches,8.0,6.0,partial,07:03,12:39,WO-2025-0324-H-005
WO-2025-0322-H-011,2025-03-22,harvest,harvest,1,30,G1-03,10,6,1024,607,bunches,10.0,6.0,partial,06:54,10:56,WO-2025-0326-H-004
WO-2025-0322-H-012,2025-03-22,harvest,harvest,1,35,G1-04,12,9,1210,956,bunches,12.0,9.0,partial,06:47,12:33,
WO-2025-0322-H-013,2025-03-22,harvest,harvest,1,38,G1-04,9,7,872,680,bunches,9.0,7.0,partial,07:18,13:18,WO-2025-0327-H-008
WO-2025-0322-H-014,2025-03-22,harvest,harvest,1,39,G1-04,8,7,759,648,bunches,8.0,7.0,completed,07:01,12:53,
WO-2025-0322-H-015,2025-03-22,harvest,harvest,2,43,G2-01,9,6,895,531,bunches,9.0,6.0,partial,07:16,11:13,WO-2025-0325-H-012
WO-2025-0322-H-016,2025-03-22,harvest,harvest,2,44,G2-01,6,0,611,0,bunches,6.0,0.0,not_started,06:48,,WO-2025-0323-H-010
WO-2025-0322-H-017,2025-03-22,harvest,harvest,2,56,G2-02,10,7,1036,658,bunches,10.0,7.0,partial,07:14,11:33,WO-2025-0327-H-016
WO-2025-0322-H-018,2025-03-22,harvest,harvest,2,59,G2-03,7,6,735,623,bunches,7.0,6.0,partial,07:20,13:10,WO-2025-0323-H-013
WO-2025-0322-H-019,2025-03-22,harvest,harvest,2,67,G2-03,10,6,967,620,bunches,10.0,6.0,partial,07:07,11:49,WO-2025-0327-H-017
WO-2025-0322-H-020,2025-03-22,harvest,harvest,2,72,G2-04,11,6,1146,644,bunches,11.0,6.0,partial,07:19,11:39,WO-2025-0327-H-018
WO-2025-0322-H-021,2025-03-22,harvest,harvest,2,73,G2-04,8,6,800,586,bunches,8.0,6.0,partial,07:19,12:56,WO-2025-0327-H-019
WO-2025-0322-H-022,2025-03-22,harvest,harvest,2,382,G2-04,7,8,747,859,bunches,7.0,8.0,completed,06:54,15:06,
WO-2025-0322-H-023,2025-03-22,harvest,harvest,3,75,G3-01,17,9,1787,1179,bunches,17.0,9.0,partial,06:55,11:24,
WO-2025-0322-H-024,2025-03-22,harvest,harvest,3,88,G3-02,11,9,1095,887,bunches,11.0,9.0,partial,06:53,12:52,WO-2025-0327-H-025
WO-2025-0322-H-025,2025-03-22,harvest,harvest,3,92,G3-02,22,9,2207,1582,bunches,22.0,9.0,partial,07:16,12:06,
WO-2025-0322-H-026,2025-03-22,harvest,harvest,3,107,G3-03,15,9,1601,1217,bunches,15.0,9.0,partial,07:09,12:49,
WO-2025-0322-H-027,2025-03-22,harvest,harvest,3,111,G3-03,18,9,1855,1271,bunches,18.0,9.0,partial,07:19,11:51,
WO-2025-0322-H-028,2025-03-22,harvest,harvest,3,112,G3-03,6,5,653,489,bunches,6.0,5.0,partial,07:07,12:42,
WO-2025-0322-H-029,2025-03-22,harvest,harvest,4,128,G4-01,26,9,2708,2013,bunches,26.0,9.0,partial,07:08,12:45,
WO-2025-0322-H-030,2025-03-22,harvest,harvest,4,140,G4-02,20,9,2035,1447,bunches,20.0,9.0,partial,06:51,12:18,WO-2025-0326-H-031
WO-2025-0322-H-031,2025-03-22,harvest,harvest,4,152,G4-03,25,9,2549,1640,bunches,25.0,9.0,partial,07:11,11:36,WO-2025-0324-H-037
WO-2025-0322-H-032,2025-03-22,harvest,harvest,4,155,G4-04,7,6,712,596,bunches,7.0,6.0,partial,07:05,12:44,WO-2025-0327-H-041
WO-2025-0322-H-033,2025-03-22,harvest,harvest,6,204,G6-01,25,9,2606,1859,bunches,25.0,9.0,partial,06:45,11:47,WO-2025-0326-H-052
WO-2025-0322-H-034,2025-03-22,harvest,harvest,6,205,G6-01,15,9,1525,1143,bunches,15.0,9.0,partial,06:58,12:11,
WO-2025-0322-H-035,2025-03-22,harvest,harvest,6,230,G6-02,19,9,1977,1515,bunches,19.0,9.0,partial,06:48,12:36,WO-2025-0327-H-050
WO-2025-0322-H-036,2025-03-22,harvest,harvest,6,247,G6-02,8,6,831,571,bunches,8.0,6.0,partial,07:08,11:51,
WO-2025-0322-H-037,2025-03-22,harvest,harvest,6,260,G6-04,14,9,1444,1287,bunches,14.0,9.0,completed,07:18,13:50,
WO-2025-0322-H-038,2025-03-22,harvest,harvest,7,288,G7-01,11,7,1135,772,bunches,11.0,7.0,partial,07:02,11:56,WO-2025-0327-H-057
WO-2025-0322-H-039,2025-03-22,harvest,harvest,7,290,G7-01,16,9,1627,904,bunches,16.0,9.0,partial,07:14,11:17,WO-2025-0326-H-061
WO-2025-0322-H-040,2025-03-22,harvest,harvest,7,299,G7-02,14,8,1471,777,bunches,14.0,8.0,partial,06:00,10:25,
WO-2025-0322-H-041,2025-03-22,harvest,harvest,7,302,G7-02,14,9,1440,1032,bunches,14.0,9.0,partial,06:50,11:52,WO-2025-0326-H-065
WO-2025-0322-H-042,2025-03-22,harvest,harvest,7,348,G7-04,13,9,1420,1324,bunches,13.0,9.0,completed,07:05,13:33,
WO-2025-0323-H-001,2025-03-23,harvest,harvest,1,1,G1-01,3,2,318,196,bunches,3.0,2.0,partial,06:51,11:33,WO-2025-0327-H-001
WO-2025-0323-H-002,2025-03-23,harvest,harvest,1,8,G1-01,12,8,1176,789,bunches,12.0,8.0,partial,06:56,11:38,
WO-2025-0323-H-003,2025-03-23,harvest,harvest,1,11,G1-02,12,9,1215,1187,bunches,12.0,9.0,completed,06:49,13:45,
WO-2025-0323-H-004,2025-03-23,harvest,harvest,1,16,G1-02,7,7,655,656,bunches,7.0,7.0,completed,06:58,13:57,
WO-2025-0323-H-005,2025-03-23,harvest,harvest,1,19,G1-02,6,5,590,519,bunches,6.0,5.0,completed,06:47,12:54,
WO-2025-0323-H-006,2025-03-23,harvest,harvest,1,25,G1-03,10,9,1015,1088,bunches,10.0,9.0,completed,07:07,14:44,
WO-2025-0323-H-007,2025-03-23,harvest,harvest,1,28,G1-03,10,9,1032,893,bunches,10.0,9.0,completed,06:55,13:13,
WO-2025-0323-H-008,2025-03-23,harvest,harvest,1,34,G1-04,12,9,1166,945,bunches,12.0,9.0,partial,06:46,12:34,
WO-2025-0323-H-009,2025-03-23,harvest,harvest,1,36,G1-04,8,6,829,641,bunches,8.0,6.0,partial,07:00,12:24,
WO-2025-0323-H-010,2025-03-23,harvest,harvest,2,44,G2-01,6,7,611,690,bunches,6.0,7.0,completed,07:21,15:24,
WO-2025-0323-H-011,2025-03-23,harvest,harvest,2,47,G2-01,10,9,1037,891,bunches,10.0,9.0,completed,07:02,13:17,
WO-2025-0323-H-012,2025-03-23,harvest,harvest,2,49,G2-01,5,6,480,538,bunches,5.0,6.0,completed,07:13,14:00,
WO-2025-0323-H-013,2025-03-23,harvest,harvest,2,59,G2-03,8,6,799,623,bunches,8.0,6.0,partial,07:12,13:08,WO-2025-0328-H-015
WO-2025-0323-H-014,2025-03-23,harvest,harvest,2,71,G2-04,7,5,764,472,bunches,7.0,5.0,partial,07:07,11:27,WO-2025-0328-H-017
WO-2025-0323-H-015,2025-03-23,harvest,harvest,3,77,G3-01,12,9,1261,1326,bunches,12.0,9.0,completed,06:58,14:36,
WO-2025-0323-H-016,2025-03-23,harvest,harvest,3,81,G3-01,3,4,320,340,bunches,3.0,4.0,completed,07:18,14:59,
WO-2025-0323-H-017,2025-03-23,harvest,harvest,3,86,G3-01,16,9,1595,1526,bunches,16.0,9.0,completed,06:58,13:56,
WO-2025-0323-H-018,2025-03-23,harvest,harvest,3,93,G3-02,19,9,1912,1517,bunches,19.0,9.0,partial,06:57,12:35,WO-2025-0326-H-021
WO-2025-0323-H-019,2025-03-23,harvest,harvest,3,99,G3-02,8,6,785,599,bunches,8.0,6.0,partial,07:16,12:57,
WO-2025-0323-H-020,2025-03-23,harvest,harvest,3,103,G3-03,13,8,1369,772,bunches,13.0,8.0,partial,06:53,11:15,WO-2025-0327-H-030
WO-2025-0323-H-021,2025-03-23,harvest,harvest,3,369,G3-04,2,1,176,158,bunches,2.0,1.0,completed,07:13,13:40,
WO-2025-0323-H-022,2025-03-23,harvest,harvest,4,130,G4-01,36,9,3844,2176,bunches,36.0,9.0,partial,06:57,11:20,
WO-2025-0323-H-023,2025-03-23,harvest,harvest,4,139,G4-02,27,9,2954,1542,bunches,27.0,9.0,partial,06:55,10:38,
WO-2025-0323-H-024,2025-03-23,harvest,harvest,4,145,G4-03,10,9,1087,1164,bunches,10.0,9.0,completed,07:04,14:51,
WO-2025-0323-H-025,2025-03-23,harvest,harvest,4,146,G4-03,16,9,1743,1334,bunches,16.0,9.0,partial,07:07,12:35,
WO-2025-0323-H-026,2025-03-23,harvest,harvest,4,153,G4-03,22,9,2302,1932,bunches,22.0,9.0,partial,06:48,12:46,WO-2025-0326-H-036
WO-2025-0323-H-027,2025-03-23,harvest,harvest,4,165,G4-04,14,8,1412,811,bunches,14.0,8.0,partial,06:55,11:18,
WO-2025-0323-H-028,2025-03-23,harvest,harvest,5,172,G5-01,10,9,1083,1246,bunches,10.0,9.0,completed,07:09,15:33,
WO-2025-0323-H-029,2025-03-23,harvest,harvest,5,173,G5-01,11,9,1155,935,bunches,11.0,9.0,partial,07:15,12:47,
WO-2025-0323-H-030,2025-03-23,harvest,harvest,5,186,G5-02,13,9,1298,1219,bunches,13.0,9.0,completed,07:05,14:06,
WO-2025-0323-H-031,2025-03-23,harvest,harvest,5,188,G5-02,11,9,1096,1028,bunches,11.0,9.0,completed,06:54,13:42,
WO-2025-0323-H-032,2025-03-23,harvest,harvest,5,189,G5-02,11,9,1169,1025,bunches,11.0,9.0,completed,06:57,13:34,
WO-2025-0323-H-033,2025-03-23,harvest,harvest,5,192,G5-02,7,7,754,702,bunches,7.0,7.0,completed,06:00,13:24,
WO-2025-0323-H-034,2025-03-23,harvest,harvest,5,193,G5-03,26,9,2653,1511,bunches,26.0,9.0,partial,06:00,11:12,WO-2025-0328-H-040
WO-2025-0323-H-035,2025-03-23,harvest,harvest,5,202,G5-03,17,0,1723,0,bunches,17.0,0.0,not_started,06:58,,WO-2025-0324-H-044
WO-2025-0323-H-036,2025-03-23,harvest,harvest,6,264,G6-04,15,9,1634,966,bunches,15.0,9.0,partial,06:55,11:17,
WO-2025-0323-H-037,2025-03-23,harvest,harvest,6,272,G6-05,27,9,2679,1195,bunches,27.0,9.0,partial,06:56,09:47,
WO-2025-0323-H-038,2025-03-23,harvest,harvest,7,296,G7-01,18,9,1765,959,bunches,18.0,9.0,partial,07:05,11:01,WO-2025-0328-H-048
WO-2025-0323-H-039,2025-03-23,harvest,harvest,7,301,G7-02,5,4,546,435,bunches,5.0,4.0,partial,07:19,13:19,
WO-2025-0323-H-040,2025-03-23,harvest,harvest,7,309,G7-02,18,9,1836,1275,bunches,18.0,9.0,partial,07:16,12:20,
WO-2025-0323-H-041,2025-03-23,harvest,harvest,7,329,G7-03,11,9,1078,1029,bunches,11.0,9.0,completed,07:01,14:16,
WO-2025-0323-H-042,2025-03-23,harvest,harvest,7,334,G7-03,7,8,743,792,bunches,7.0,8.0,completed,07:13,15:04,
WO-2025-0323-H-043,2025-03-23,harvest,harvest,7,338,G7-03,9,9,939,887,bunches,9.0,9.0,completed,07:15,14:04,
WO-2025-0323-H-044,2025-03-23,harvest,harvest,7,343,G7-04,12,9,1185,881,bunches,12.0,9.0,partial,06:47,12:03,
WO-2025-0323-H-045,2025-03-23,harvest,harvest,7,346,G7-04,8,7,884,711,bunches,8.0,7.0,partial,06:46,12:53,
WO-2025-0324-H-001,2025-03-24,harvest,harvest,1,12,G1-02,9,9,892,925,bunches,9.0,9.0,completed,07:06,14:21,
WO-2025-0324-H-002,2025-03-24,harvest,harvest,1,13,G1-02,11,9,1102,944,bunches,11.0,9.0,completed,07:00,13:28,
WO-2025-0324-H-003,2025-03-24,harvest,harvest,1,15,G1-02,9,9,884,897,bunches,9.0,9.0,completed,06:48,13:49,
WO-2025-0324-H-004,2025-03-24,harvest,harvest,1,22,G1-03,9,0,917,0,bunches,9.0,0.0,not_started,06:51,,WO-2025-0325-H-004
WO-2025-0324-H-005,2025-03-24,harvest,harvest,1,29,G1-03,10,6,992,596,bunches,10.0,6.0,partial,06:47,11:14,WO-2025-0327-H-007
WO-2025-0324-H-006,2025-03-24,harvest,harvest,1,31,G1-04,9,6,969,591,bunches,9.0,6.0,partial,07:17,11:56,WO-2025-0326-H-005
WO-2025-0324-H-007,2025-03-24,harvest,harvest,1,32,G1-04,9,6,952,674,bunches,9.0,6.0,partial,07:09,12:00,WO-2025-0328-H-010
WO-2025-0324-H-008,2025-03-24,harvest,harvest,2,42,G2-01,8,0,772,0,bunches,8.0,0.0,not_started,06:50,,WO-2025-0325-H-011
WO-2025-0324-H-009,2025-03-24,harvest,harvest,2,43,G2-01,5,0,539,0,bunches,5.0,0.0,not_started,07:18,,WO-2025-0325-H-012
WO-2025-0324-H-010,2025-03-24,harvest,harvest,2,50,G2-02,7,6,653,588,bunches,7.0,6.0,completed,07:08,13:55,
WO-2025-0324-H-011,2025-03-24,harvest,harvest,2,51,G2-02,16,9,1613,1396,bunches,16.0,9.0,completed,07:21,13:25,
WO-2025-0324-H-012,2025-03-24,harvest,harvest,2,53,G2-02,9,9,968,910,bunches,9.0,9.0,completed,07:14,13:37,
WO-2025-0324-H-013,2025-03-24,harvest,harvest,2,57,G2-02,8,0,758,0,bunches,8.0,0.0,not_started,06:59,,WO-2025-0325-H-014
WO-2025-0324-H-014,2025-03-24,harvest,harvest,2,58,G2-02,7,0,736,0,bunches,7.0,0.0,not_started,07:17,,WO-2025-0325-H-015
WO-2025-0324-H-015,2025-03-24,harvest,harvest,2,60,G2-03,8,9,804,883,bunches,8.0,9.0,completed,07:05,14:45,
WO-2025-0324-H-016,2025-03-24,harvest,harvest,2,62,G2-03,10,8,1063,894,bunches,10.0,8.0,partial,06:47,12:31,WO-2025-0329-H-014
WO-2025-0324-H-017,2025-03-24,harvest,harvest,2,63,G2-03,12,9,1206,1229,bunches,12.0,9.0,completed,06:48,14:27,
WO-2025-0324-H-018,2025-03-24,harvest,harvest,2,69,G2-04,11,8,1056,760,bunches,11.0,8.0,partial,06:47,11:56,
WO-2025-0324-H-019,2025-03-24,harvest,harvest,2,70,G2-04,7,0,657,0,bunches,7.0,0.0,not_started,06:51,,WO-2025-0325-H-018
WO-2025-0324-H-020,2025-03-24,harvest,harvest,2,74,G2-04,10,8,1069,874,bunches,10.0,8.0,partial,06:47,12:18,WO-2025-0328-H-018
WO-2025-0324-H-021,2025-03-24,harvest,harvest,3,76,G3-01,12,9,1194,1046,bunches,12.0,9.0,completed,07:02,13:31,
WO-2025-0324-H-022,2025-03-24,harvest,harvest,3,87,G3-01,21,9,2047,1327,bunches,21.0,9.0,partial,07:12,11:41,WO-2025-0329-H-022
WO-2025-0324-H-023,2025-03-24,harvest,harvest,3,90,G3-02,11,9,1049,1032,bunches,11.0,9.0,completed,06:45,13:48,
WO-2025-0324-H-024,2025-03-24,harvest,harvest,3,95,G3-02,10,9,1006,946,bunches,10.0,9.0,completed,07:02,13:47,
WO-2025-0324-H-025,2025-03-24,harvest,harvest,3,96,G3-02,17,9,1638,1431,bunches,17.0,9.0,completed,07:17,13:15,
WO-2025-0324-H-026,2025-03-24,harvest,harvest,3,97,G3-02,12,9,1198,907,bunches,12.0,9.0,partial,06:50,12:09,WO-2025-0329-H-024
WO-2025-0324-H-027,2025-03-24,harvest,harvest,3,98,G3-02,13,9,1242,1160,bunches,13.0,9.0,completed,07:15,13:40,
WO-2025-0324-H-028,2025-03-24,harvest,harvest,3,101,G3-03,15,9,1486,1120,bunches,15.0,9.0,partial,06:46,12:03,WO-2025-0327-H-029
WO-2025-0324-H-029,2025-03-24,harvest,harvest,3,102,G3-03,7,7,716,701,bunches,7.0,7.0,completed,07:21,14:02,
WO-2025-0324-H-030,2025-03-24,harvest,harvest,3,106,G3-03,4,3,374,291,bunches,4.0,3.0,partial,07:12,12:27,WO-2025-0329-H-027
WO-2025-0324-H-031,2025-03-24,harvest,harvest,3,113,G3-03,14,9,1337,980,bunches,14.0,9.0,partial,06:55,12:19,
WO-2025-0324-H-032,2025-03-24,harvest,harvest,3,114,G3-04,7,0,734,0,bunches,7.0,0.0,not_started,06:55,,WO-2025-0325-H-025
WO-2025-0324-H-033,2025-03-24,harvest,harvest,3,115,G3-04,14,9,1410,901,bunches,14.0,9.0,partial,07:05,11:30,
WO-2025-0324-H-034,2025-03-24,harvest,harvest,4,132,G4-01,23,0,2464,0,bunches,23.0,0.0,not_started,07:11,,WO-2025-0325-H-029
WO-2025-0324-H-035,2025-03-24,harvest,harvest,4,134,G4-02,18,9,1891,1447,bunches,18.0,9.0,partial,07:19,12:41,WO-2025-0329-H-030
WO-2025-0324-H-036,2025-03-24,harvest,harvest,4,151,G4-03,19,0,2011,0,bunches,19.0,0.0,not_started,06:57,,WO-2025-0325-H-032
WO-2025-0324-H-037,2025-03-24,harvest,harvest,4,152,G4-03,27,9,2825,1640,bunches,27.0,9.0,partial,06:53,10:56,
WO-2025-0324-H-038,2025-03-24,harvest,harvest,4,156,G4-04,23,9,2419,1660,bunches,23.0,9.0,partial,07:06,12:11,
WO-2025-0324-H-039,2025-03-24,harvest,harvest,5,176,G5-01,21,9,2196,1604,bunches,21.0,9.0,partial,06:48,12:15,WO-2025-0329-H-039
WO-2025-0324-H-040,2025-03-24,harvest,harvest,5,180,G5-02,13,9,1377,1284,bunches,13.0,9.0,completed,07:11,14:02,
WO-2025-0324-H-041,2025-03-24,harvest,harvest,5,184,G5-02,14,9,1523,1375,bunches,14.0,9.0,completed,07:07,13:57,
WO-2025-0324-H-042,2025-03-24,harvest,harvest,5,195,G5-03,15,9,1501,1449,bunches,15.0,9.0,completed,07:18,14:36,
WO-2025-0324-H-043,2025-03-24,harvest,harvest,5,197,G5-03,19,9,1905,1661,bunches,19.0,9.0,completed,07:20,13:23,
WO-2025-0324-H-044,2025-03-24,harvest,harvest,5,202,G5-03,17,9,1723,1539,bunches,17.0,9.0,completed,07:21,13:58,
WO-2025-0324-H-045,2025-03-24,harvest,harvest,6,214,G6-02,22,9,2305,1516,bunches,22.0,9.0,partial,07:16,11:46,
WO-2025-0324-H-046,2025-03-24,harvest,harvest,6,215,G6-02,28,0,2900,0,bunches,28.0,0.0,not_started,07:04,,WO-2025-0325-H-040
WO-2025-0324-H-047,2025-03-24,harvest,harvest,6,249,G6-03,15,9,1535,1355,bunches,15.0,9.0,completed,06:47,12:50,
WO-2025-0324-H-048,2025-03-24,harvest,harvest,6,250,G6-03,11,9,1190,1014,bunches,11.0,9.0,completed,06:51,12:49,
WO-2025-0324-H-049,2025-03-24,harvest,harvest,6,253,G6-03,10,9,974,946,bunches,10.0,9.0,completed,07:17,14:15,
WO-2025-0324-H-050,2025-03-24,harvest,harvest,6,255,G6-03,13,0,1215,0,bunches,13.0,0.0,not_started,07:05,,WO-2025-0325-H-042
WO-2025-0324-H-051,2025-03-24,harvest,harvest,6,257,G6-03,17,9,1714,1478,bunches,17.0,9.0,completed,06:55,13:23,
WO-2025-0324-H-052,2025-03-24,harvest,harvest,6,263,G6-04,17,9,1664,1471,bunches,17.0,9.0,completed,07:01,13:04,
WO-2025-0324-H-053,2025-03-24,harvest,harvest,6,266,G6-04,12,9,1243,1102,bunches,12.0,9.0,completed,07:19,13:24,
WO-2025-0324-H-054,2025-03-24,harvest,harvest,7,289,G7-01,10,0,1035,0,bunches,10.0,0.0,not_started,06:55,,WO-2025-0325-H-044
WO-2025-0324-H-055,2025-03-24,harvest,harvest,7,307,G7-02,7,4,715,465,bunches,7.0,4.0,partial,06:52,11:44,
WO-2025-0324-H-056,2025-03-24,harvest,harvest,7,310,G7-02,15,8,1521,806,bunches,15.0,8.0,partial,06:58,10:31,WO-2025-0327-H-061
WO-2025-0324-H-057,2025-03-24,harvest,harvest,7,311,G7-03,19,9,2021,1181,bunches,19.0,9.0,partial,06:50,10:59,WO-2025-0327-H-062
WO-2025-0324-H-058,2025-03-24,harvest,harvest,7,342,G7-04,10,6,1040,596,bunches,10.0,6.0,partial,07:02,10:52,WO-2025-0328-H-051
WO-2025-0324-H-059,2025-03-24,harvest,harvest,7,345,G7-04,13,9,1368,1054,bunches,13.0,9.0,partial,07:16,12:34,WO-2025-0329-H-055
WO-2025-0325-H-001,2025-03-25,harvest,harvest,1,9,G1-01,11,7,1091,695,bunches,11.0,7.0,partial,07:02,11:17,WO-2025-0326-H-002
WO-2025-0325-H-002,2025-03-25,harvest,harvest,1,10,G1-01,10,8,1027,765,bunches,10.0,8.0,partial,07:10,12:35,WO-2025-0329-H-002
WO-2025-0325-H-003,2025-03-25,harvest,harvest,1,17,G1-02,11,6,1051,593,bunches,11.0,6.0,partial,07:02,11:10,WO-2025-0328-H-007
WO-2025-0325-H-004,2025-03-25,harvest,harvest,1,22,G1-03,9,8,917,783,bunches,9.0,8.0,completed,06:54,13:03,
WO-2025-0325-H-005,2025-03-25,harvest,harvest,1,23,G1-03,9,8,874,784,bunches,9.0,8.0,completed,07:12,13:21,
WO-2025-0325-H-006,2025-03-25,harvest,harvest,1,26,G1-03,9,9,920,950,bunches,9.0,9.0,completed,06:00,14:15,
WO-2025-0325-H-007,2025-03-25,harvest,harvest,1,27,G1-03,10,8,984,851,bunches,10.0,8.0,completed,07:01,12:55,
WO-2025-0325-H-008,2025-03-25,harvest,harvest,1,30,G1-03,12,0,1206,0,bunches,12.0,0.0,not_started,07:15,,WO-2025-0326-H-004
WO-2025-0325-H-009,2025-03-25,harvest,harvest,1,33,G1-04,9,5,942,567,bunches,9.0,5.0,partial,06:53,10:59,WO-2025-0329-H-007
WO-2025-0325-H-010,2025-03-25,harvest,harvest,1,39,G1-04,9,0,854,0,bunches,9.0,0.0,not_started,06:46,,WO-2025-0326-H-008
WO-2025-0325-H-011,2025-03-25,harvest,harvest,2,42,G2-01,8,6,772,589,bunches,8.0,6.0,partial,07:01,12:39,WO-2025-0328-H-012
WO-2025-0325-H-012,2025-03-25,harvest,harvest,2,43,G2-01,5,6,539,531,bunches,5.0,6.0,completed,07:15,14:11,
WO-2025-0325-H-013,2025-03-25,harvest,harvest,2,46,G2-01,8,7,819,707,bunches,8.0,7.0,completed,06:56,13:03,
WO-2025-0325-H-014,2025-03-25,harvest,harvest,2,57,G2-02,8,6,758,553,bunches,8.0,6.0,partial,07:09,12:16,WO-2025-0328-H-014
WO-2025-0325-H-015,2025-03-25,harvest,harvest,2,58,G2-02,7,6,736,631,bunches,7.0,6.0,completed,07:07,12:54,
WO-2025-0325-H-016,2025-03-25,harvest,harvest,2,60,G2-03,13,0,1319,0,bunches,13.0,0.0,not_started,07:09,,WO-2025-0326-H-014
WO-2025-0325-H-017,2025-03-25,harvest,harvest,2,66,G2-03,14,9,1441,888,bunches,14.0,9.0,partial,07:17,11:53,
WO-2025-0325-H-018,2025-03-25,harvest,harvest,2,70,G2-04,7,5,657,472,bunches,7.0,5.0,partial,07:19,12:53,WO-2025-0329-H-016
WO-2025-0325-H-019,2025-03-25,harvest,harvest,3,79,G3-01,12,9,1215,968,bunches,12.0,9.0,partial,06:56,12:44,
WO-2025-0325-H-020,2025-03-25,harvest,harvest,3,82,G3-01,2,1,229,152,bunches,2.0,1.0,partial,07:11,12:10,
WO-2025-0325-H-021,2025-03-25,harvest,harvest,3,83,G3-01,40,9,4212,2656,bunches,40.0,9.0,partial,06:49,11:08,
WO-2025-0325-H-022,2025-03-25,harvest,harvest,3,100,G3-02,13,0,1350,0,bunches,13.0,0.0,not_started,07:09,,WO-2025-0326-H-024
WO-2025-0325-H-023,2025-03-25,harvest,harvest,3,104,G3-03,15,9,1452,952,bunches,15.0,9.0,partial,07:04,12:04,
WO-2025-0325-H-024,2025-03-25,harvest,harvest,3,109,G3-03,11,7,1173,757,bunches,11.0,7.0,partial,06:47,11:34,WO-2025-0328-H-025
WO-2025-0325-H-025,2025-03-25,harvest,harvest,3,114,G3-04,7,6,734,551,bunches,7.0,6.0,partial,07:06,12:28,WO-2025-0330-H-019
WO-2025-0325-H-026,2025-03-25,harvest,harvest,3,116,G3-04,11,0,1105,0,bunches,11.0,0.0,not_started,06:52,,WO-2025-0326-H-026
WO-2025-0325-H-027,2025-03-25,harvest,harvest,3,121,G3-04,5,0,563,0,bunches,5.0,0.0,not_started,07:11,,WO-2025-0326-H-027
WO-2025-0325-H-028,2025-03-25,harvest,harvest,4,122,G4-01,9,5,934,556,bunches,9.0,5.0,partial,07:06,11:45,
WO-2025-0325-H-029,2025-03-25,harvest,harvest,4,132,G4-01,23,9,2464,1762,bunches,23.0,9.0,partial,07:05,12:01,
WO-2025-0325-H-030,2025-03-25,harvest,harvest,4,133,G4-02,18,9,1897,1445,bunches,18.0,9.0,partial,07:17,12:55,WO-2025-0329-H-029
WO-2025-0325-H-031,2025-03-25,harvest,harvest,4,135,G4-02,27,9,2857,2457,bunches,27.0,9.0,completed,07:10,13:24,
WO-2025-0325-H-032,2025-03-25,harvest,harvest,4,151,G4-03,19,9,2011,1576,bunches,19.0,9.0,partial,07:18,13:03,WO-2025-0329-H-035
WO-2025-0325-H-033,2025-03-25,harvest,harvest,4,164,G4-04,17,0,1745,0,bunches,17.0,0.0,not_started,07:08,,WO-2025-0326-H-039
WO-2025-0325-H-034,2025-03-25,harvest,harvest,5,170,G5-01,20,9,2064,1309,bunches,20.0,9.0,partial,07:16,12:11,WO-2025-0329-H-036
WO-2025-0325-H-035,2025-03-25,harvest,harvest,5,187,G5-02,23,9,2355,1216,bunches,23.0,9.0,partial,06:49,10:40,
WO-2025-0325-H-036,2025-03-25,harvest,harvest,5,200,G5-03,15,0,1525,0,bunches,15.0,0.0,not_started,07:09,,WO-2025-0326-H-048
WO-2025-0325-H-037,2025-03-25,harvest,harvest,5,373,G5-03,5,0,507,0,bunches,5.0,0.0,not_started,07:20,,WO-2025-0326-H-050
WO-2025-0325-H-038,2025-03-25,harvest,harvest,6,209,G6-01,18,9,1826,1273,bunches,18.0,9.0,partial,07:14,11:57,WO-2025-0330-H-032
WO-2025-0325-H-039,2025-03-25,harvest,harvest,6,212,G6-01,31,0,3386,0,bunches,31.0,0.0,not_started,07:03,,WO-2025-0326-H-053
WO-2025-0325-H-040,2025-03-25,harvest,harvest,6,215,G6-02,28,9,2900,2149,bunches,28.0,9.0,partial,07:11,12:08,
WO-2025-0325-H-041,2025-03-25,harvest,harvest,6,254,G6-03,13,9,1372,1578,bunches,13.0,9.0,completed,06:59,15:29,
WO-2025-0325-H-042,2025-03-25,harvest,harvest,6,255,G6-03,13,9,1215,999,bunches,13.0,9.0,partial,07:20,13:22,
WO-2025-0325-H-043,2025-03-25,harvest,harvest,6,259,G6-04,35,9,3555,2049,bunches,35.0,9.0,partial,07:10,11:22,
WO-2025-0325-H-044,2025-03-25,harvest,harvest,7,289,G7-01,10,8,1035,800,bunches,10.0,8.0,partial,07:19,12:29,
WO-2025-0325-H-045,2025-03-25,harvest,harvest,7,291,G7-01,9,8,866,766,bunches,9.0,8.0,completed,07:11,13:38,
WO-2025-0325-H-046,2025-03-25,harvest,harvest,7,294,G7-01,7,6,667,600,bunches,7.0,6.0,completed,06:50,13:12,
WO-2025-0325-H-047,2025-03-25,harvest,harvest,7,297,G7-01,10,8,960,740,bunches,10.0,8.0,partial,07:13,12:59,
WO-2025-0325-H-048,2025-03-25,harvest,harvest,7,305,G7-02,17,0,1726,0,bunches,17.0,0.0,not_started,07:05,,WO-2025-0326-H-067
WO-2025-0325-H-049,2025-03-25,harvest,harvest,7,332,G7-03,7,5,673,511,bunches,7.0,5.0,partial,06:55,12:43,
WO-2025-0325-H-050,2025-03-25,harvest,harvest,7,337,G7-03,10,7,976,705,bunches,10.0,7.0,partial,07:09,12:34,WO-2025-0327-H-065
WO-2025-0325-H-051,2025-03-25,harvest,harvest,7,341,G7-04,19,9,1954,1324,bunches,19.0,9.0,partial,07:05,11:56,
WO-2025-0326-H-001,2025-03-26,harvest,harvest,1,4,G1-01,12,6,1192,636,bunches,12.0,6.0,partial,06:52,10:53,
WO-2025-0326-H-002,2025-03-26,harvest,harvest,1,9,G1-01,11,7,1142,700,bunches,11.0,7.0,partial,07:09,11:52,
WO-2025-0326-H-003,2025-03-26,harvest,harvest,1,18,G1-02,10,5,944,449,bunches,10.0,5.0,partial,06:55,10:23,WO-2025-0330-H-002
WO-2025-0326-H-004,2025-03-26,harvest,harvest,1,30,G1-03,12,6,1206,607,bunches,12.0,6.0,partial,07:12,10:37,WO-2025-0329-H-005
WO-2025-0326-H-005,2025-03-26,harvest,harvest,1,31,G1-04,7,6,776,591,bunches,7.0,6.0,partial,07:01,12:11,WO-2025-0329-H-006
WO-2025-0326-H-006,2025-03-26,harvest,harvest,1,37,G1-04,6,4,591,433,bunches,6.0,4.0,partial,07:16,12:30,WO-2025-0331-H-009
WO-2025-0326-H-007,2025-03-26,harvest,harvest,1,38,G1-04,8,0,824,0,bunches,8.0,0.0,not_started,07:17,,WO-2025-0327-H-008
WO-2025-0326-H-008,2025-03-26,harvest,harvest,1,39,G1-04,9,7,854,648,bunches,9.0,7.0,partial,07:19,13:10,WO-2025-0330-H-006
WO-2025-0326-H-009,2025-03-26,harvest,harvest,2,41,G2-01,18,9,1803,1026,bunches,18.0,9.0,partial,06:56,10:59,
WO-2025-0326-H-010,2025-03-26,harvest,harvest,2,46,G2-01,7,0,718,0,bunches,7.0,0.0,not_started,07:06,,WO-2025-0327-H-013
WO-2025-0326-H-011,2025-03-26,harvest,harvest,2,49,G2-01,6,0,629,0,bunches,6.0,0.0,not_started,07:13,,WO-2025-0327-H-015
WO-2025-0326-H-012,2025-03-26,harvest,harvest,2,50,G2-02,11,6,1123,588,bunches,11.0,6.0,partial,07:00,10:40,WO-2025-0329-H-011
WO-2025-0326-H-013,2025-03-26,harvest,harvest,2,52,G2-02,8,5,795,496,bunches,8.0,5.0,partial,06:53,11:29,WO-2025-0331-H-013
WO-2025-0326-H-014,2025-03-26,harvest,harvest,2,60,G2-03,13,9,1319,883,bunches,13.0,9.0,partial,07:08,12:18,
WO-2025-0326-H-015,2025-03-26,harvest,harvest,2,64,G2-03,13,9,1286,1183,bunches,13.0,9.0,completed,07:21,13:52,
WO-2025-0326-H-016,2025-03-26,harvest,harvest,2,65,G2-03,6,5,605,514,bunches,6.0,5.0,partial,07:14,13:40,
WO-2025-0326-H-017,2025-03-26,harvest,harvest,2,67,G2-03,7,0,746,0,bunches,7.0,0.0,not_started,07:17,,WO-2025-0327-H-017
WO-2025-0326-H-018,2025-03-26,harvest,harvest,2,73,G2-04,5,0,548,0,bunches,5.0,0.0,not_started,07:11,,WO-2025-0327-H-019
WO-2025-0326-H-019,2025-03-26,harvest,harvest,2,382,G2-04,8,0,856,0,bunches,8.0,0.0,not_started,07:21,,WO-2025-0327-H-020
WO-2025-0326-H-020,2025-03-26,harvest,harvest,3,78,G3-01,31,9,3122,1206,bunches,31.0,9.0,partial,07:07,09:43,
WO-2025-0326-H-021,2025-03-26,harvest,harvest,3,93,G3-02,16,9,1572,1521,bunches,16.0,9.0,completed,07:19,14:15,
WO-2025-0326-H-022,2025-03-26,harvest,harvest,3,94,G3-02,12,9,1261,1168,bunches,12.0,9.0,completed,06:56,13:48,
WO-2025-0326-H-023,2025-03-26,harvest,harvest,3,95,G3-02,10,0,1057,0,bunches,10.0,0.0,not_started,07:17,,WO-2025-0327-H-028
WO-2025-0326-H-024,2025-03-26,harvest,harvest,3,100,G3-02,13,9,1350,1005,bunches,13.0,9.0,partial,07:07,12:15,WO-2025-0330-H-017
WO-2025-0326-H-025,2025-03-26,harvest,harvest,3,103,G3-03,9,0,954,0,bunches,9.0,0.0,not_started,07:18,,WO-2025-0327-H-030
WO-2025-0326-H-026,2025-03-26,harvest,harvest,3,116,G3-04,11,4,1105,374,bunches,11.0,4.0,partial,07:13,10:02,
WO-2025-0326-H-027,2025-03-26,harvest,harvest,3,121,G3-04,5,3,563,280,bunches,5.0,3.0,partial,06:00,10:45,
WO-2025-0326-H-028,2025-03-26,harvest,harvest,4,123,G4-01,11,6,1089,582,bunches,11.0,6.0,partial,07:13,11:11,
WO-2025-0326-H-029,2025-03-26,harvest,harvest,4,124,G4-01,10,5,1011,538,bunches,10.0,5.0,partial,06:53,11:04,
WO-2025-0326-H-030,2025-03-26,harvest,harvest,4,136,G4-02,25,0,2616,0,bunches,25.0,0.0,not_started,07:08,,WO-2025-0327-H-038
WO-2025-0326-H-031,2025-03-26,harvest,harvest,4,140,G4-02,18,9,1879,1447,bunches,18.0,9.0,partial,06:46,12:34,
WO-2025-0326-H-032,2025-03-26,harvest,harvest,4,143,G4-02,22,9,2246,1928,bunches,22.0,9.0,completed,07:11,13:15,
WO-2025-0326-H-033,2025-03-26,harvest,harvest,4,145,G4-03,14,0,1436,0,bunches,14.0,0.0,not_started,07:17,,WO-2025-0327-H-040
WO-2025-0326-H-034,2025-03-26,harvest,harvest,4,148,G4-03,29,9,3086,2463,bunches,29.0,9.0,partial,07:08,13:10,
WO-2025-0326-H-035,2025-03-26,harvest,harvest,4,149,G4-03,38,9,3985,2318,bunches,38.0,9.0,partial,07:02,11:32,
WO-2025-0326-H-036,2025-03-26,harvest,harvest,4,153,G4-03,19,9,2036,1932,bunches,19.0,9.0,completed,07:17,13:50,
WO-2025-0326-H-037,2025-03-26,harvest,harvest,4,155,G4-04,6,0,632,0,bunches,6.0,0.0,not_started,07:05,,WO-2025-0327-H-041
WO-2025-0326-H-038,2025-03-26,harvest,harvest,4,160,G4-04,21,9,2115,1705,bunches,21.0,9.0,partial,07:13,12:39,WO-2025-0331-H-033
WO-2025-0326-H-039,2025-03-26,harvest,harvest,4,164,G4-04,17,9,1745,954,bunches,17.0,9.0,partial,06:47,10:41,
WO-2025-0326-H-040,2025-03-26,harvest,harvest,4,166,G4-04,9,6,909,640,bunches,9.0,6.0,partial,06:56,12:13,
WO-2025-0326-H-041,2025-03-26,harvest,harvest,5,178,G5-01,10,9,1043,872,bunches,10.0,9.0,partial,06:51,12:39,WO-2025-0328-H-038
WO-2025-0326-H-042,2025-03-26,harvest,harvest,5,179,G5-01,16,9,1713,1389,bunches,16.0,9.0,partial,06:52,12:45,
WO-2025-0326-H-043,2025-03-26,harvest,harvest,5,181,G5-02,15,9,1554,1274,bunches,15.0,9.0,partial,07:13,13:28,
WO-2025-0326-H-044,2025-03-26,harvest,harvest,5,185,G5-02,14,9,1506,1309,bunches,14.0,9.0,completed,07:16,13:53,
WO-2025-0326-H-045,2025-03-26,harvest,harvest,5,186,G5-02,13,0,1324,0,bunches,13.0,0.0,not_started,06:49,,WO-2025-0327-H-046
WO-2025-0326-H-046,2025-03-26,harvest,harvest,5,190,G5-02,12,9,1304,1054,bunches,12.0,9.0,partial,07:07,12:37,WO-2025-0331-H-041
WO-2025-0326-H-047,2025-03-26,harvest,harvest,5,196,G5-03,28,9,2885,2197,bunches,28.0,9.0,partial,06:48,12:33,
WO-2025-0326-H-048,2025-03-26,harvest,harvest,5,200,G5-03,15,9,1525,1294,bunches,15.0,9.0,partial,07:06,13:14,
WO-2025-0326-H-049,2025-03-26,harvest,harvest,5,201,G5-03,21,0,2148,0,bunches,21.0,0.0,not_started,07:17,,WO-2025-0327-H-048
WO-2025-0326-H-050,2025-03-26,harvest,harvest,5,373,G5-03,5,3,507,354,bunches,5.0,3.0,partial,06:49,11:56,
WO-2025-0326-H-051,2025-03-26,harvest,harvest,6,203,G6-01,22,9,2358,1554,bunches,22.0,9.0,partial,07:17,11:50,WO-2025-0331-H-042
WO-2025-0326-H-052,2025-03-26,harvest,harvest,6,204,G6-01,25,9,2572,1859,bunches,25.0,9.0,partial,06:48,12:06,
WO-2025-0326-H-053,2025-03-26,harvest,harvest,6,212,G6-01,31,9,3386,2498,bunches,31.0,9.0,partial,07:10,12:48,
WO-2025-0326-H-054,2025-03-26,harvest,harvest,6,245,G6-02,22,9,2244,1454,bunches,22.0,9.0,partial,07:01,11:35,
WO-2025-0326-H-055,2025-03-26,harvest,harvest,6,246,G6-02,15,9,1467,1157,bunches,15.0,9.0,partial,06:48,12:45,
WO-2025-0326-H-056,2025-03-26,harvest,harvest,6,252,G6-03,43,9,4507,2412,bunches,43.0,9.0,partial,07:11,11:10,
WO-2025-0326-H-057,2025-03-26,harvest,harvest,6,261,G6-04,31,9,3067,1639,bunches,31.0,9.0,partial,07:19,11:29,
WO-2025-0326-H-058,2025-03-26,harvest,harvest,6,262,G6-04,14,0,1345,0,bunches,14.0,0.0,not_started,07:16,,WO-2025-0327-H-053
WO-2025-0326-H-059,2025-03-26,harvest,harvest,6,269,G6-05,17,9,1852,1180,bunches,17.0,9.0,partial,06:46,11:26,
WO-2025-0326-H-060,2025-03-26,harvest,harvest,6,380,G6-05,15,0,1643,0,bunches,15.0,0.0,not_started,06:55,,WO-2025-0327-H-056
WO-2025-0326-H-061,2025-03-26,harvest,harvest,7,290,G7-01,14,9,1431,904,bunches,14.0,9.0,partial,06:57,11:43,WO-2025-0330-H-034
WO-2025-0326-H-062,2025-03-26,harvest,harvest,7,292,G7-01,9,8,886,778,bunches,9.0,8.0,completed,07:03,13:38,
WO-2025-0326-H-063,2025-03-26,harvest,harvest,7,295,G7-01,12,0,1200,0,bunches,12.0,0.0,not_started,07:05,,WO-2025-0327-H-059
WO-2025-0326-H-064,2025-03-26,harvest,harvest,7,298,G7-01,11,9,1113,1026,bunches,11.0,9.0,completed,06:58,13:45,
WO-2025-0326-H-065,2025-03-26,harvest,harvest,7,302,G7-02,13,9,1324,1035,bunches,13.0,9.0,partial,07:14,13:07,
WO-2025-0326-H-066,2025-03-26,harvest,harvest,7,303,G7-02,25,9,2567,1111,bunches,25.0,9.0,partial,07:18,10:17,WO-2025-0331-H-051
WO-2025-0326-H-067,2025-03-26,harvest,harvest,7,305,G7-02,17,9,1726,977,bunches,17.0,9.0,partial,06:45,10:41,
WO-2025-0326-H-068,2025-03-26,harvest,harvest,7,308,G7-02,12,9,1346,993,bunches,12.0,9.0,partial,07:19,12:57,
WO-2025-0326-H-069,2025-03-26,harvest,harvest,7,311,G7-03,16,0,1724,0,bunches,16.0,0.0,not_started,07:14,,WO-2025-0327-H-062
WO-2025-0326-H-070,2025-03-26,harvest,harvest,7,328,G7-03,8,0,822,0,bunches,8.0,0.0,not_started,07:19,,WO-2025-0327-H-063
WO-2025-0326-H-071,2025-03-26,harvest,harvest,7,333,G7-03,8,8,854,818,bunches,8.0,8.0,completed,07:10,13:42,
WO-2025-0326-H-072,2025-03-26,harvest,harvest,7,336,G7-03,13,9,1330,1020,bunches,13.0,9.0,partial,06:53,12:06,
WO-2025-0326-H-073,2025-03-26,harvest,harvest,7,347,G7-04,21,9,2243,1217,bunches,21.0,9.0,partial,07:15,11:21,
WO-2025-0327-H-001,2025-03-27,harvest,harvest,1,1,G1-01,4,2,382,196,bunches,4.0,2.0,partial,07:20,10:42,
WO-2025-0327-H-002,2025-03-27,harvest,harvest,1,6,G1-01,2,2,257,170,bunches,2.0,2.0,partial,07:14,11:56,
WO-2025-0327-H-003,2025-03-27,harvest,harvest,1,14,G1-02,8,8,854,857,bunches,8.0,8.0,completed,06:53,13:50,
WO-2025-0327-H-004,2025-03-27,harvest,harvest,1,16,G1-02,12,7,1159,661,bunches,12.0,7.0,partial,07:13,11:20,WO-2025-0401-H-009
WO-2025-0327-H-005,2025-03-27,harvest,harvest,1,21,G1-03,10,9,1018,951,bunches,10.0,9.0,completed,07:06,13:56,
WO-2025-0327-H-006,2025-03-27,harvest,harvest,1,24,G1-03,5,4,476,432,bunches,5.0,4.0,completed,06:49,13:14,
WO-2025-0327-H-007,2025-03-27,harvest,harvest,1,29,G1-03,7,6,715,596,bunches,7.0,6.0,partial,07:09,12:57,WO-2025-0330-H-005
WO-2025-0327-H-008,2025-03-27,harvest,harvest,1,38,G1-04,8,7,824,680,bunches,8.0,7.0,partial,07:18,13:33,WO-2025-0331-H-010
WO-2025-0327-H-009,2025-03-27,harvest,harvest,2,40,G2-01,9,0,948,0,bunches,9.0,0.0,not_started,06:57,,WO-2025-0328-H-011
WO-2025-0327-H-010,2025-03-27,harvest,harvest,2,42,G2-01,5,0,532,0,bunches,5.0,0.0,not_started,07:13,,WO-2025-0328-H-012
WO-2025-0327-H-011,2025-03-27,harvest,harvest,2,44,G2-01,7,7,643,690,bunches,7.0,7.0,completed,07:13,15:20,
WO-2025-0327-H-012,2025-03-27,harvest,harvest,2,45,G2-01,10,0,957,0,bunches,10.0,0.0,not_started,07:12,,WO-2025-0328-H-013
WO-2025-0327-H-013,2025-03-27,harvest,harvest,2,46,G2-01,7,7,718,707,bunches,7.0,7.0,completed,06:52,14:20,
WO-2025-0327-H-014,2025-03-27,harvest,harvest,2,47,G2-01,11,9,1120,891,bunches,11.0,9.0,partial,07:04,12:26,WO-2025-0401-H-023
WO-2025-0327-H-015,2025-03-27,harvest,harvest,2,49,G2-01,6,6,629,538,bunches,6.0,6.0,completed,06:47,13:12,
WO-2025-0327-H-016,2025-03-27,harvest,harvest,2,56,G2-02,10,7,1028,662,bunches,10.0,7.0,partial,06:46,11:21,
WO-2025-0327-H-017,2025-03-27,harvest,harvest,2,67,G2-03,7,6,746,622,bunches,7.0,6.0,partial,07:12,13:28,WO-2025-0401-H-027
WO-2025-0327-H-018,2025-03-27,harvest,harvest,2,72,G2-04,6,6,611,644,bunches,6.0,6.0,completed,07:16,14:31,
WO-2025-0327-H-019,2025-03-27,harvest,harvest,2,73,G2-04,5,6,548,586,bunches,5.0,6.0,completed,07:10,14:32,
WO-2025-0327-H-020,2025-03-27,harvest,harvest,2,382,G2-04,8,8,856,859,bunches,8.0,8.0,completed,07:09,14:32,
WO-2025-0327-H-021,2025-03-27,harvest,harvest,3,75,G3-01,15,0,1592,0,bunches,15.0,0.0,not_started,06:49,,WO-2025-0328-H-019
WO-2025-0327-H-022,2025-03-27,harvest,harvest,3,80,G3-01,12,8,1177,710,bunches,12.0,8.0,partial,07:12,11:37,WO-2025-0401-H-034
WO-2025-0327-H-023,2025-03-27,harvest,harvest,3,85,G3-01,10,0,994,0,bunches,10.0,0.0,not_started,07:20,,WO-2025-0328-H-021
WO-2025-0327-H-024,2025-03-27,harvest,harvest,3,86,G3-01,24,9,2358,1526,bunches,24.0,9.0,partial,07:15,11:40,WO-2025-0331-H-021
WO-2025-0327-H-025,2025-03-27,harvest,harvest,3,88,G3-02,8,9,776,892,bunches,8.0,9.0,completed,06:48,15:18,
WO-2025-0327-H-026,2025-03-27,harvest,harvest,3,89,G3-02,12,9,1141,959,bunches,12.0,9.0,partial,06:46,12:41,
WO-2025-0327-H-027,2025-03-27,harvest,harvest,3,91,G3-02,8,8,814,819,bunches,8.0,8.0,completed,06:50,13:50,
WO-2025-0327-H-028,2025-03-27,harvest,harvest,3,95,G3-02,10,9,1057,946,bunches,10.0,9.0,completed,06:55,13:07,
WO-2025-0327-H-029,2025-03-27,harvest,harvest,3,101,G3-03,13,9,1272,1120,bunches,13.0,9.0,completed,06:54,13:17,
WO-2025-0327-H-030,2025-03-27,harvest,harvest,3,103,G3-03,9,8,954,777,bunches,9.0,8.0,partial,06:54,12:53,
WO-2025-0327-H-031,2025-03-27,harvest,harvest,3,109,G3-03,7,0,691,0,bunches,7.0,0.0,not_started,07:00,,WO-2025-0328-H-025
WO-2025-0327-H-032,2025-03-27,harvest,harvest,3,110,G3-03,11,0,1102,0,bunches,11.0,0.0,not_started,07:12,,WO-2025-0328-H-026
WO-2025-0327-H-033,2025-03-27,harvest,harvest,3,111,G3-03,12,0,1215,0,bunches,12.0,0.0,not_started,07:11,,WO-2025-0328-H-027
WO-2025-0327-H-034,2025-03-27,harvest,harvest,3,118,G3-04,11,0,1101,0,bunches,11.0,0.0,not_started,07:17,,WO-2025-0328-H-029
WO-2025-0327-H-035,2025-03-27,harvest,harvest,4,126,G4-01,8,5,830,563,bunches,8.0,5.0,partial,06:59,12:02,
WO-2025-0327-H-036,2025-03-27,harvest,harvest,4,128,G4-01,26,0,2767,0,bunches,26.0,0.0,not_started,06:48,,WO-2025-0328-H-031
WO-2025-0327-H-037,2025-03-27,harvest,harvest,4,131,G4-01,15,9,1584,1452,bunches,15.0,9.0,completed,07:18,14:14,
WO-2025-0327-H-038,2025-03-27,harvest,harvest,4,136,G4-02,25,9,2616,1263,bunches,25.0,9.0,partial,07:17,10:36,
WO-2025-0327-H-039,2025-03-27,harvest,harvest,4,144,G4-03,22,9,2169,1955,bunches,22.0,9.0,completed,07:01,13:31,
WO-2025-0327-H-040,2025-03-27,harvest,harvest,4,145,G4-03,14,9,1436,1164,bunches,14.0,9.0,partial,06:51,13:04,WO-2025-0401-H-053
WO-2025-0327-H-041,2025-03-27,harvest,harvest,4,155,G4-04,6,6,632,598,bunches,6.0,6.0,completed,07:06,13:53,
WO-2025-0327-H-042,2025-03-27,harvest,harvest,4,157,G4-04,19,9,1912,1662,bunches,19.0,9.0,completed,07:10,13:14,
WO-2025-0327-H-043,2025-03-27,harvest,harvest,4,158,G4-04,14,9,1399,1067,bunches,14.0,9.0,partial,07:14,12:25,
WO-2025-0327-H-044,2025-03-27,harvest,harvest,5,177,G5-01,12,0,1223,0,bunches,12.0,0.0,not_started,06:55,,WO-2025-0328-H-037
WO-2025-0327-H-045,2025-03-27,harvest,harvest,5,182,G5-02,26,9,2736,2315,bunches,26.0,9.0,partial,07:10,13:29,WO-2025-0401-H-063
WO-2025-0327-H-046,2025-03-27,harvest,harvest,5,186,G5-02,13,9,1324,1223,bunches,13.0,9.0,completed,07:19,13:54,
WO-2025-0327-H-047,2025-03-27,harvest,harvest,5,198,G5-03,12,9,1148,1204,bunches,12.0,9.0,completed,07:01,14:49,
WO-2025-0327-H-048,2025-03-27,harvest,harvest,5,201,G5-03,21,9,2148,1886,bunches,21.0,9.0,completed,06:50,13:16,
WO-2025-0327-H-049,2025-03-27,harvest,harvest,6,216,G6-02,26,9,2685,2569,bunches,26.0,9.0,completed,07:19,14:24,
WO-2025-0327-H-050,2025-03-27,harvest,harvest,6,230,G6-02,16,9,1623,1515,bunches,16.0,9.0,completed,06:48,13:48,
WO-2025-0327-H-051,2025-03-27,harvest,harvest,6,248,G6-03,17,9,1643,1493,bunches,17.0,9.0,completed,07:03,13:58,
WO-2025-0327-H-052,2025-03-27,harvest,harvest,6,256,G6-03,15,9,1450,1259,bunches,15.0,9.0,completed,06:54,12:49,
WO-2025-0327-H-053,2025-03-27,harvest,harvest,6,262,G6-04,14,9,1345,976,bunches,14.0,9.0,partial,06:49,12:06,WO-2025-0401-H-084
WO-2025-0327-H-054,2025-03-27,harvest,harvest,6,267,G6-04,19,9,2000,1782,bunches,19.0,9.0,completed,07:18,13:43,
WO-2025-0327-H-055,2025-03-27,harvest,harvest,6,270,G6-05,14,9,1507,1685,bunches,14.0,9.0,completed,06:56,14:57,
WO-2025-0327-H-056,2025-03-27,harvest,harvest,6,380,G6-05,15,9,1643,1890,bunches,15.0,9.0,completed,07:03,15:33,
WO-2025-0327-H-057,2025-03-27,harvest,harvest,7,288,G7-01,11,7,1142,775,bunches,11.0,7.0,partial,07:08,12:12,
WO-2025-0327-H-058,2025-03-27,harvest,harvest,7,291,G7-01,10,0,1038,0,bunches,10.0,0.0,not_started,06:00,,WO-2025-0328-H-047
WO-2025-0327-H-059,2025-03-27,harvest,harvest,7,295,G7-01,12,7,1200,719,bunches,12.0,7.0,partial,06:55,10:59,
WO-2025-0327-H-060,2025-03-27,harvest,harvest,7,306,G7-02,10,0,1019,0,bunches,10.0,0.0,not_started,06:57,,WO-2025-0328-H-049
WO-2025-0327-H-061,2025-03-27,harvest,harvest,7,310,G7-02,11,8,1090,807,bunches,11.0,8.0,partial,06:47,11:48,WO-2025-0401-H-092
WO-2025-0327-H-062,2025-03-27,harvest,harvest,7,311,G7-03,16,9,1724,1183,bunches,16.0,9.0,partial,07:16,12:20,
WO-2025-0327-H-063,2025-03-27,harvest,harvest,7,328,G7-03,8,8,822,801,bunches,8.0,8.0,completed,07:20,14:44,
WO-2025-0327-H-064,2025-03-27,harvest,harvest,7,331,G7-03,10,0,986,0,bunches,10.0,0.0,not_started,06:59,,WO-2025-0328-H-050
WO-2025-0327-H-065,2025-03-27,harvest,harvest,7,337,G7-03,8,7,802,710,bunches,8.0,7.0,completed,06:46,13:09,
WO-2025-0327-H-066,2025-03-27,harvest,harvest,7,339,G7-04,13,9,1319,888,bunches,13.0,9.0,partial,06:49,11:24,
WO-2025-0328-H-001,2025-03-28,harvest,harvest,1,2,G1-01,6,6,588,593,bunches,6.0,6.0,completed,06:58,14:37,
WO-2025-0328-H-002,2025-03-28,harvest,harvest,1,3,G1-01,6,6,557,538,bunches,6.0,6.0,completed,07:07,14:07,
WO-2025-0328-H-003,2025-03-28,harvest,harvest,1,5,G1-01,4,3,416,318,bunches,4.0,3.0,partial,06:57,12:45,WO-2025-0402-H-002
WO-2025-0328-H-004,2025-03-28,harvest,harvest,1,7,G1-01,3,4,332,372,bunches,3.0,4.0,completed,07:11,14:57,
WO-2025-0328-H-005,2025-03-28,harvest,harvest,1,10,G1-01,10,0,1026,0,bunches,10.0,0.0,not_started,06:52,,WO-2025-0329-H-002
WO-2025-0328-H-006,2025-03-28,harvest,harvest,1,11,G1-02,13,9,1332,1191,bunches,13.0,9.0,completed,07:14,13:48,
WO-2025-0328-H-007,2025-03-28,harvest,harvest,1,17,G1-02,9,6,841,598,bunches,9.0,6.0,partial,06:57,12:08,
WO-2025-0328-H-008,2025-03-28,harvest,harvest,1,22,G1-03,9,8,874,788,bunches,9.0,8.0,completed,07:21,13:31,
WO-2025-0328-H-009,2025-03-28,harvest,harvest,1,25,G1-03,9,9,946,1088,bunches,9.0,9.0,completed,06:53,15:15,
WO-2025-0328-H-010,2025-03-28,harvest,harvest,1,32,G1-04,9,6,948,675,bunches,9.0,6.0,partial,07:13,12:22,
WO-2025-0328-H-011,2025-03-28,harvest,harvest,2,40,G2-01,9,6,948,626,bunches,9.0,6.0,partial,07:12,12:18,WO-2025-0401-H-020
WO-2025-0328-H-012,2025-03-28,harvest,harvest,2,42,G2-01,5,6,532,591,bunches,5.0,6.0,completed,07:07,15:04,
WO-2025-0328-H-013,2025-03-28,harvest,harvest,2,45,G2-01,10,8,957,771,bunches,10.0,8.0,partial,06:59,12:25,
WO-2025-0328-H-014,2025-03-28,harvest,harvest,2,57,G2-02,9,6,861,557,bunches,9.0,6.0,partial,06:53,11:37,
WO-2025-0328-H-015,2025-03-28,harvest,harvest,2,59,G2-03,7,6,655,623,bunches,7.0,6.0,completed,07:02,13:50,
WO-2025-0328-H-016,2025-03-28,harvest,harvest,2,70,G2-04,7,0,664,0,bunches,7.0,0.0,not_started,06:52,,WO-2025-0329-H-016
WO-2025-0328-H-017,2025-03-28,harvest,harvest,2,71,G2-04,8,5,793,472,bunches,8.0,5.0,partial,06:58,10:54,WO-2025-0330-H-011
WO-2025-0328-H-018,2025-03-28,harvest,harvest,2,74,G2-04,12,8,1268,875,bunches,12.0,8.0,partial,06:58,11:59,WO-2025-0402-H-018
WO-2025-0328-H-019,2025-03-28,harvest,harvest,3,75,G3-01,15,9,1592,1182,bunches,15.0,9.0,partial,07:17,12:44,WO-2025-0402-H-019
WO-2025-0328-H-020,2025-03-28,harvest,harvest,3,84,G3-01,14,0,1451,0,bunches,14.0,0.0,not_started,07:12,,WO-2025-0329-H-021
WO-2025-0328-H-021,2025-03-28,harvest,harvest,3,85,G3-01,10,9,994,892,bunches,10.0,9.0,completed,06:00,13:18,
WO-2025-0328-H-022,2025-03-28,harvest,harvest,3,102,G3-03,6,7,610,701,bunches,6.0,7.0,completed,06:52,15:21,
WO-2025-0328-H-023,2025-03-28,harvest,harvest,3,107,G3-03,15,9,1576,1221,bunches,15.0,9.0,partial,07:02,12:27,WO-2025-0402-H-031
WO-2025-0328-H-024,2025-03-28,harvest,harvest,3,108,G3-03,13,9,1310,1247,bunches,13.0,9.0,completed,07:06,13:44,
WO-2025-0328-H-025,2025-03-28,harvest,harvest,3,109,G3-03,7,7,691,759,bunches,7.0,7.0,completed,07:16,15:14,
WO-2025-0328-H-026,2025-03-28,harvest,harvest,3,110,G3-03,11,9,1102,1014,bunches,11.0,9.0,completed,07:17,13:38,
WO-2025-0328-H-027,2025-03-28,harvest,harvest,3,111,G3-03,12,9,1215,1273,bunches,12.0,9.0,completed,07:08,14:52,
WO-2025-0328-H-028,2025-03-28,harvest,harvest,3,112,G3-03,5,5,557,489,bunches,5.0,5.0,completed,06:46,12:48,
WO-2025-0328-H-029,2025-03-28,harvest,harvest,3,118,G3-04,11,6,1101,564,bunches,11.0,6.0,partial,07:17,10:46,
WO-2025-0328-H-030,2025-03-28,harvest,harvest,3,119,G3-04,3,0,333,0,bunches,3.0,0.0,not_started,06:58,,WO-2025-0329-H-028
WO-2025-0328-H-031,2025-03-28,harvest,harvest,4,128,G4-01,26,9,2767,2013,bunches,26.0,9.0,partial,07:01,12:11,
WO-2025-0328-H-032,2025-03-28,harvest,harvest,4,138,G4-02,12,9,1331,1181,bunches,12.0,9.0,completed,07:19,13:19,
WO-2025-0328-H-033,2025-03-28,harvest,harvest,4,150,G4-03,16,0,1684,0,bunches,16.0,0.0,not_started,07:00,,WO-2025-0329-H-034
WO-2025-0328-H-034,2025-03-28,harvest,harvest,4,159,G4-04,23,9,2342,2161,bunches,23.0,9.0,completed,07:19,13:37,
WO-2025-0328-H-035,2025-03-28,harvest,harvest,5,171,G5-01,10,9,1118,1075,bunches,10.0,9.0,completed,06:48,14:04,
WO-2025-0328-H-036,2025-03-28,harvest,harvest,5,174,G5-01,5,0,504,0,bunches,5.0,0.0,not_started,06:48,,WO-2025-0329-H-038
WO-2025-0328-H-037,2025-03-28,harvest,harvest,5,177,G5-01,12,9,1223,1402,bunches,12.0,9.0,completed,06:54,15:24,
WO-2025-0328-H-038,2025-03-28,harvest,harvest,5,178,G5-01,9,9,949,872,bunches,9.0,9.0,completed,06:57,13:28,
WO-2025-0328-H-039,2025-03-28,harvest,harvest,5,188,G5-02,16,9,1594,1029,bunches,16.0,9.0,partial,07:06,12:01,
WO-2025-0328-H-040,2025-03-28,harvest,harvest,5,193,G5-03,19,9,1979,1511,bunches,19.0,9.0,partial,06:58,12:38,
WO-2025-0328-H-041,2025-03-28,harvest,harvest,5,194,G5-03,13,9,1388,1436,bunches,13.0,9.0,completed,07:19,15:10,
WO-2025-0328-H-042,2025-03-28,harvest,harvest,5,199,G5-03,17,9,1665,1337,bunches,17.0,9.0,partial,06:52,12:20,
WO-2025-0328-H-043,2025-03-28,harvest,harvest,6,251,G6-03,19,9,1891,1358,bunches,19.0,9.0,partial,06:46,12:14,
WO-2025-0328-H-044,2025-03-28,harvest,harvest,6,253,G6-03,13,0,1311,0,bunches,13.0,0.0,not_started,07:17,,WO-2025-0329-H-044
WO-2025-0328-H-045,2025-03-28,harvest,harvest,6,263,G6-04,14,9,1413,1471,bunches,14.0,9.0,completed,07:01,14:34,
WO-2025-0328-H-046,2025-03-28,harvest,harvest,6,265,G6-04,13,9,1375,1395,bunches,13.0,9.0,completed,07:08,14:50,
WO-2025-0328-H-047,2025-03-28,harvest,harvest,7,291,G7-01,10,8,1038,770,bunches,10.0,8.0,partial,07:03,12:26,
WO-2025-0328-H-048,2025-03-28,harvest,harvest,7,296,G7-01,10,9,989,961,bunches,10.0,9.0,completed,06:58,13:58,
WO-2025-0328-H-049,2025-03-28,harvest,harvest,7,306,G7-02,10,9,1019,880,bunches,10.0,9.0,completed,07:12,13:30,
WO-2025-0328-H-050,2025-03-28,harvest,harvest,7,331,G7-03,10,8,986,757,bunches,10.0,8.0,partial,07:07,12:24,WO-2025-0401-H-095
WO-2025-0328-H-051,2025-03-28,harvest,harvest,7,342,G7-04,8,6,815,601,bunches,8.0,6.0,partial,07:05,12:17,WO-2025-0402-H-065
WO-2025-0328-H-052,2025-03-28,harvest,harvest,7,344,G7-04,21,9,2235,1716,bunches,21.0,9.0,partial,06:50,12:05,WO-2025-0402-H-067
WO-2025-0329-H-001,2025-03-29,harvest,harvest,1,8,G1-01,10,8,998,794,bunches,10.0,8.0,partial,07:19,13:05,WO-2025-0402-H-004
WO-2025-0329-H-002,2025-03-29,harvest,harvest,1,10,G1-01,10,8,1026,768,bunches,10.0,8.0,partial,07:10,12:18,WO-2025-0402-H-005
WO-2025-0329-H-003,2025-03-29,harvest,harvest,1,15,G1-02,11,9,1127,901,bunches,11.0,9.0,partial,07:06,13:15,WO-2025-0401-H-008
WO-2025-0329-H-004,2025-03-29,harvest,harvest,1,19,G1-02,7,5,687,519,bunches,7.0,5.0,partial,06:47,12:09,WO-2025-0401-H-010
WO-2025-0329-H-005,2025-03-29,harvest,harvest,1,30,G1-03,9,6,904,613,bunches,9.0,6.0,partial,06:57,11:28,
WO-2025-0329-H-006,2025-03-29,harvest,harvest,1,31,G1-04,6,6,647,595,bunches,6.0,6.0,completed,07:18,14:03,
WO-2025-0329-H-007,2025-03-29,harvest,harvest,1,33,G1-04,6,5,663,568,bunches,6.0,5.0,completed,07:05,13:29,
WO-2025-0329-H-008,2025-03-29,harvest,harvest,1,34,G1-04,10,9,1063,948,bunches,10.0,9.0,completed,06:58,13:13,
WO-2025-0329-H-009,2025-03-29,harvest,harvest,1,35,G1-04,9,9,971,959,bunches,9.0,9.0,completed,06:51,14:02,
WO-2025-0329-H-010,2025-03-29,harvest,harvest,2,49,G2-01,8,6,769,540,bunches,8.0,6.0,partial,07:07,12:06,WO-2025-0403-H-013
WO-2025-0329-H-011,2025-03-29,harvest,harvest,2,50,G2-02,7,6,659,591,bunches,7.0,6.0,completed,06:00,13:10,
WO-2025-0329-H-012,2025-03-29,harvest,harvest,2,51,G2-02,16,9,1593,1400,bunches,16.0,9.0,completed,07:03,13:12,
WO-2025-0329-H-013,2025-03-29,harvest,harvest,2,58,G2-02,10,6,1028,638,bunches,10.0,6.0,partial,07:02,11:15,WO-2025-0403-H-018
WO-2025-0329-H-014,2025-03-29,harvest,harvest,2,62,G2-03,9,8,1007,895,bunches,9.0,8.0,completed,07:01,13:37,
WO-2025-0329-H-015,2025-03-29,harvest,harvest,2,68,G2-03,12,9,1202,1357,bunches,12.0,9.0,completed,06:46,14:36,
WO-2025-0329-H-016,2025-03-29,harvest,harvest,2,70,G2-04,7,5,664,476,bunches,7.0,5.0,partial,06:54,12:03,WO-2025-0401-H-029
WO-2025-0329-H-017,2025-03-29,harvest,harvest,2,71,G2-04,7,0,732,0,bunches,7.0,0.0,not_started,06:51,,WO-2025-0330-H-011
WO-2025-0329-H-018,2025-03-29,harvest,harvest,3,76,G3-01,12,9,1238,1046,bunches,12.0,9.0,partial,06:51,13:13,
WO-2025-0329-H-019,2025-03-29,harvest,harvest,3,77,G3-01,11,9,1154,1327,bunches,11.0,9.0,completed,06:45,14:38,
WO-2025-0329-H-020,2025-03-29,harvest,harvest,3,81,G3-01,4,4,383,342,bunches,4.0,4.0,completed,07:19,13:48,
WO-2025-0329-H-021,2025-03-29,harvest,harvest,3,84,G3-01,14,9,1451,1581,bunches,14.0,9.0,completed,06:52,14:48,
WO-2025-0329-H-022,2025-03-29,harvest,harvest,3,87,G3-01,14,9,1369,1334,bunches,14.0,9.0,completed,07:09,13:52,
WO-2025-0329-H-023,2025-03-29,harvest,harvest,3,92,G3-02,22,9,2256,1582,bunches,22.0,9.0,partial,07:16,12:35,WO-2025-0403-H-025
WO-2025-0329-H-024,2025-03-29,harvest,harvest,3,97,G3-02,13,9,1298,908,bunches,13.0,9.0,partial,07:05,11:49,
WO-2025-0329-H-025,2025-03-29,harvest,harvest,3,101,G3-03,16,9,1541,1122,bunches,16.0,9.0,partial,07:19,12:26,WO-2025-0402-H-028
WO-2025-0329-H-026,2025-03-29,harvest,harvest,3,105,G3-03,13,0,1284,0,bunches,13.0,0.0,not_started,06:51,,WO-2025-0330-H-018
WO-2025-0329-H-027,2025-03-29,harvest,harvest,3,106,G3-03,4,3,382,296,bunches,4.0,3.0,partial,07:12,12:43,
WO-2025-0329-H-028,2025-03-29,harvest,harvest,3,119,G3-04,3,3,333,261,bunches,3.0,3.0,partial,06:51,12:05,
WO-2025-0329-H-029,2025-03-29,harvest,harvest,4,133,G4-02,13,9,1361,1450,bunches,13.0,9.0,completed,06:52,14:44,
WO-2025-0329-H-030,2025-03-29,harvest,harvest,4,134,G4-02,14,9,1482,1448,bunches,14.0,9.0,completed,06:53,13:42,
WO-2025-0329-H-031,2025-03-29,harvest,harvest,4,142,G4-02,23,9,2365,1547,bunches,23.0,9.0,partial,07:20,12:05,WO-2025-0402-H-038
WO-2025-0329-H-032,2025-03-29,harvest,harvest,4,146,G4-03,14,9,1527,1339,bunches,14.0,9.0,completed,07:17,13:27,
WO-2025-0329-H-033,2025-03-29,harvest,harvest,4,147,G4-03,24,9,2403,2561,bunches,24.0,9.0,completed,07:20,15:08,
WO-2025-0329-H-034,2025-03-29,harvest,harvest,4,150,G4-03,16,9,1684,1515,bunches,16.0,9.0,completed,07:08,13:43,
WO-2025-0329-H-035,2025-03-29,harvest,harvest,4,151,G4-03,21,9,2195,1579,bunches,21.0,9.0,partial,06:58,12:28,
WO-2025-0329-H-036,2025-03-29,harvest,harvest,5,170,G5-01,14,9,1499,1312,bunches,14.0,9.0,completed,06:56,13:31,
WO-2025-0329-H-037,2025-03-29,harvest,harvest,5,173,G5-01,12,9,1189,935,bunches,12.0,9.0,partial,07:19,12:49,
WO-2025-0329-H-038,2025-03-29,harvest,harvest,5,174,G5-01,5,6,504,577,bunches,5.0,6.0,completed,06:51,15:21,
WO-2025-0329-H-039,2025-03-29,harvest,harvest,5,176,G5-01,17,9,1811,1606,bunches,17.0,9.0,completed,07:19,13:22,
WO-2025-0329-H-040,2025-03-29,harvest,harvest,5,184,G5-02,27,0,2895,0,bunches,27.0,0.0,not_started,06:45,,WO-2025-0330-H-029
WO-2025-0329-H-041,2025-03-29,harvest,harvest,5,189,G5-02,13,9,1358,1025,bunches,13.0,9.0,partial,07:04,12:17,WO-2025-0402-H-044
WO-2025-0329-H-042,2025-03-29,harvest,harvest,5,197,G5-03,23,9,2331,1662,bunches,23.0,9.0,partial,06:56,11:59,
WO-2025-0329-H-043,2025-03-29,harvest,harvest,6,210,G6-01,23,9,2529,1771,bunches,23.0,9.0,partial,06:58,12:20,
WO-2025-0329-H-044,2025-03-29,harvest,harvest,6,253,G6-03,13,9,1311,948,bunches,13.0,9.0,partial,06:57,12:12,WO-2025-0403-H-054
WO-2025-0329-H-045,2025-03-29,harvest,harvest,6,258,G6-04,5,4,484,396,bunches,5.0,4.0,partial,07:15,13:12,
WO-2025-0329-H-046,2025-03-29,harvest,harvest,6,260,G6-04,15,9,1479,1290,bunches,15.0,9.0,completed,07:15,13:22,
WO-2025-0329-H-047,2025-03-29,harvest,harvest,6,266,G6-04,12,9,1281,1106,bunches,12.0,9.0,completed,07:09,13:29,
WO-2025-0329-H-048,2025-03-29,harvest,harvest,6,379,G6-05,38,9,3976,2223,bunches,38.0,9.0,partial,07:10,11:13,
WO-2025-0329-H-049,2025-03-29,harvest,harvest,7,287,G7-01,10,7,986,676,bunches,10.0,7.0,partial,07:15,11:57,
WO-2025-0329-H-050,2025-03-29,harvest,harvest,7,293,G7-01,12,9,1245,939,bunches,12.0,9.0,partial,07:10,12:25,WO-2025-0403-H-058
WO-2025-0329-H-051,2025-03-29,harvest,harvest,7,299,G7-02,15,8,1510,779,bunches,15.0,8.0,partial,07:20,10:44,WO-2025-0403-H-059
WO-2025-0329-H-052,2025-03-29,harvest,harvest,7,330,G7-03,10,8,1030,790,bunches,10.0,8.0,partial,07:03,12:36,WO-2025-0403-H-062
WO-2025-0329-H-053,2025-03-29,harvest,harvest,7,340,G7-04,12,9,1247,994,bunches,12.0,9.0,partial,07:05,12:43,WO-2025-0403-H-064
WO-2025-0329-H-054,2025-03-29,harvest,harvest,7,343,G7-04,10,9,973,881,bunches,10.0,9.0,completed,07:03,13:22,
WO-2025-0329-H-055,2025-03-29,harvest,harvest,7,345,G7-04,11,9,1158,1055,bunches,11.0,9.0,completed,07:06,13:54,
WO-2025-0329-H-056,2025-03-29,harvest,harvest,7,348,G7-04,13,9,1377,1327,bunches,13.0,9.0,completed,06:55,13:31,
WO-2025-0330-H-001,2025-03-30,harvest,harvest,1,12,G1-02,11,9,1132,926,bunches,11.0,9.0,partial,06:48,12:29,WO-2025-0404-H-002
WO-2025-0330-H-002,2025-03-30,harvest,harvest,1,18,G1-02,8,5,733,449,bunches,8.0,5.0,partial,07:11,11:29,
WO-2025-0330-H-003,2025-03-30,harvest,harvest,1,25,G1-03,11,9,1109,1092,bunches,11.0,9.0,completed,06:49,14:15,
WO-2025-0330-H-004,2025-03-30,harvest,harvest,1,28,G1-03,9,9,912,898,bunches,9.0,9.0,completed,07:11,14:13,
WO-2025-0330-H-005,2025-03-30,harvest,harvest,1,29,G1-03,6,6,638,597,bunches,6.0,6.0,completed,06:59,13:40,
WO-2025-0330-H-006,2025-03-30,harvest,harvest,1,39,G1-04,13,7,1307,653,bunches,13.0,7.0,partial,06:52,10:31,WO-2025-0402-H-012
WO-2025-0330-H-007,2025-03-30,harvest,harvest,2,43,G2-01,8,0,803,0,bunches,8.0,0.0,not_started,07:09,,WO-2025-0331-H-011
WO-2025-0330-H-008,2025-03-30,harvest,harvest,2,44,G2-01,16,7,1580,692,bunches,16.0,7.0,partial,07:10,10:17,WO-2025-0403-H-012
WO-2025-0330-H-009,2025-03-30,harvest,harvest,2,54,G2-02,11,9,1038,910,bunches,11.0,9.0,completed,07:13,13:49,
WO-2025-0330-H-010,2025-03-30,harvest,harvest,2,55,G2-02,10,9,1009,1002,bunches,10.0,9.0,completed,06:51,13:56,
WO-2025-0330-H-011,2025-03-30,harvest,harvest,2,71,G2-04,7,5,732,475,bunches,7.0,5.0,partial,07:16,11:50,WO-2025-0403-H-019
WO-2025-0330-H-012,2025-03-30,harvest,harvest,2,382,G2-04,15,8,1586,860,bunches,15.0,8.0,partial,07:18,10:51,WO-2025-0403-H-020
WO-2025-0330-H-013,2025-03-30,harvest,harvest,3,95,G3-02,10,9,1042,953,bunches,10.0,9.0,completed,07:03,14:02,
WO-2025-0330-H-014,2025-03-30,harvest,harvest,3,96,G3-02,17,9,1632,1432,bunches,17.0,9.0,completed,06:55,13:07,
WO-2025-0330-H-015,2025-03-30,harvest,harvest,3,98,G3-02,11,9,1052,1164,bunches,11.0,9.0,completed,07:11,15:13,
WO-2025-0330-H-016,2025-03-30,harvest,harvest,3,99,G3-02,6,6,634,602,bunches,6.0,6.0,completed,07:03,13:47,
WO-2025-0330-H-017,2025-03-30,harvest,harvest,3,100,G3-02,9,9,969,1007,bunches,9.0,9.0,completed,07:10,14:52,
WO-2025-0330-H-018,2025-03-30,harvest,harvest,3,105,G3-03,13,7,1284,612,bunches,13.0,7.0,partial,06:48,10:25,WO-2025-0404-H-026
WO-2025-0330-H-019,2025-03-30,harvest,harvest,3,114,G3-04,8,6,787,553,bunches,8.0,6.0,partial,06:52,11:34,WO-2025-0403-H-030
WO-2025-0330-H-020,2025-03-30,harvest,harvest,3,120,G3-04,13,9,1356,900,bunches,13.0,9.0,partial,07:10,12:16,
WO-2025-0330-H-021,2025-03-30,harvest,harvest,4,125,G4-01,13,7,1271,690,bunches,13.0,7.0,partial,07:03,10:54,
WO-2025-0330-H-022,2025-03-30,harvest,harvest,4,129,G4-01,41,0,4380,0,bunches,41.0,0.0,not_started,06:00,,WO-2025-0331-H-027
WO-2025-0330-H-023,2025-03-30,harvest,harvest,4,137,G4-02,14,9,1454,1332,bunches,14.0,9.0,completed,07:16,14:01,
WO-2025-0330-H-024,2025-03-30,harvest,harvest,4,139,G4-02,28,0,3110,0,bunches,28.0,0.0,not_started,07:06,,WO-2025-0331-H-029
WO-2025-0330-H-025,2025-03-30,harvest,harvest,4,141,G4-02,18,9,1837,1876,bunches,18.0,9.0,completed,07:01,14:34,
WO-2025-0330-H-026,2025-03-30,harvest,harvest,4,152,G4-03,16,9,1695,1645,bunches,16.0,9.0,completed,07:07,14:10,
WO-2025-0330-H-027,2025-03-30,harvest,harvest,4,153,G4-03,17,9,1844,1933,bunches,17.0,9.0,completed,07:21,15:05,
WO-2025-0330-H-028,2025-03-30,harvest,harvest,5,172,G5-01,26,9,2762,1248,bunches,26.0,9.0,partial,07:12,10:18,WO-2025-0404-H-046
WO-2025-0330-H-029,2025-03-30,harvest,harvest,5,184,G5-02,27,9,2895,1375,bunches,27.0,9.0,partial,06:46,09:48,
WO-2025-0330-H-030,2025-03-30,harvest,harvest,6,203,G6-01,33,0,3480,0,bunches,33.0,0.0,not_started,07:11,,WO-2025-0331-H-042
WO-2025-0330-H-031,2025-03-30,harvest,harvest,6,208,G6-01,9,9,941,1046,bunches,9.0,9.0,completed,06:57,14:44,
WO-2025-0330-H-032,2025-03-30,harvest,harvest,6,209,G6-01,17,9,1723,1275,bunches,17.0,9.0,partial,06:59,12:13,
WO-2025-0330-H-033,2025-03-30,harvest,harvest,6,247,G6-02,10,6,1039,572,bunches,10.0,6.0,partial,06:45,10:35,
WO-2025-0330-H-034,2025-03-30,harvest,harvest,7,290,G7-01,19,9,1884,904,bunches,19.0,9.0,partial,06:51,10:32,
WO-2025-0330-H-035,2025-03-30,harvest,harvest,7,301,G7-02,5,4,564,436,bunches,5.0,4.0,partial,07:13,13:08,WO-2025-0403-H-061
WO-2025-0330-H-036,2025-03-30,harvest,harvest,7,304,G7-02,15,9,1512,1190,bunches,15.0,9.0,partial,07:01,12:36,WO-2025-0404-H-066
WO-2025-0330-H-037,2025-03-30,harvest,harvest,7,309,G7-02,19,0,2023,0,bunches,19.0,0.0,not_started,07:10,,WO-2025-0331-H-052
WO-2025-0330-H-038,2025-03-30,harvest,harvest,7,335,G7-03,21,9,2151,1185,bunches,21.0,9.0,partial,06:53,11:14,WO-2025-0404-H-067
WO-2025-0330-H-039,2025-03-30,harvest,harvest,7,346,G7-04,12,7,1237,715,bunches,12.0,7.0,partial,06:58,11:04,
WO-2025-0331-H-001,2025-03-31,harvest,harvest,1,2,G1-01,10,0,970,0,bunches,10.0,0.0,not_started,06:50,,WO-2025-0401-H-001
WO-2025-0331-H-002,2025-03-31,harvest,harvest,1,9,G1-01,9,0,866,0,bunches,9.0,0.0,not_started,06:57,,WO-2025-0401-H-005
WO-2025-0331-H-003,2025-03-31,harvest,harvest,1,13,G1-02,19,9,1947,946,bunches,19.0,9.0,partial,07:10,10:28,WO-2025-0402-H-006
WO-2025-0331-H-004,2025-03-31,harvest,harvest,1,20,G1-02,11,0,1036,0,bunches,11.0,0.0,not_started,06:58,,WO-2025-0401-H-011
WO-2025-0331-H-005,2025-03-31,harvest,harvest,1,24,G1-03,5,4,473,436,bunches,5.0,4.0,completed,06:52,13:14,
WO-2025-0331-H-006,2025-03-31,harvest,harvest,1,26,G1-03,9,9,963,951,bunches,9.0,9.0,completed,07:03,14:02,
WO-2025-0331-H-007,2025-03-31,harvest,harvest,1,27,G1-03,10,8,982,852,bunches,10.0,8.0,completed,06:52,12:46,
WO-2025-0331-H-008,2025-03-31,harvest,harvest,1,36,G1-04,11,6,1135,645,bunches,11.0,6.0,partial,06:54,11:09,WO-2025-0401-H-018
WO-2025-0331-H-009,2025-03-31,harvest,harvest,1,37,G1-04,6,4,568,436,bunches,6.0,4.0,partial,06:52,12:20,WO-2025-0402-H-011
WO-2025-0331-H-010,2025-03-31,harvest,harvest,1,38,G1-04,11,7,1076,684,bunches,11.0,7.0,partial,07:00,11:36,WO-2025-0404-H-011
WO-2025-0331-H-011,2025-03-31,harvest,harvest,2,43,G2-01,8,6,803,531,bunches,8.0,6.0,partial,07:19,12:11,WO-2025-0401-H-022
WO-2025-0331-H-012,2025-03-31,harvest,harvest,2,46,G2-01,13,7,1348,710,bunches,13.0,7.0,partial,06:52,10:46,
WO-2025-0331-H-013,2025-03-31,harvest,harvest,2,52,G2-02,10,5,998,497,bunches,10.0,5.0,partial,06:58,10:23,
WO-2025-0331-H-014,2025-03-31,harvest,harvest,2,59,G2-03,12,6,1159,624,bunches,12.0,6.0,partial,07:15,11:11,WO-2025-0405-H-011
WO-2025-0331-H-015,2025-03-31,harvest,harvest,2,60,G2-03,16,0,1633,0,bunches,16.0,0.0,not_started,07:10,,WO-2025-0401-H-025
WO-2025-0331-H-016,2025-03-31,harvest,harvest,2,70,G2-04,12,0,1190,0,bunches,12.0,0.0,not_started,07:03,,WO-2025-0401-H-029
WO-2025-0331-H-017,2025-03-31,harvest,harvest,2,72,G2-04,15,6,1557,644,bunches,15.0,6.0,partial,07:16,10:23,WO-2025-0404-H-019
WO-2025-0331-H-018,2025-03-31,harvest,harvest,2,73,G2-04,11,6,1141,587,bunches,11.0,6.0,partial,06:54,10:49,
WO-2025-0331-H-019,2025-03-31,harvest,harvest,3,83,G3-01,22,0,2286,0,bunches,22.0,0.0,not_started,06:50,,WO-2025-0401-H-036
WO-2025-0331-H-020,2025-03-31,harvest,harvest,3,85,G3-01,15,0,1574,0,bunches,15.0,0.0,not_started,07:20,,WO-2025-0401-H-037
WO-2025-0331-H-021,2025-03-31,harvest,harvest,3,86,G3-01,31,9,3019,1527,bunches,31.0,9.0,partial,07:20,11:05,WO-2025-0403-H-023
WO-2025-0331-H-022,2025-03-31,harvest,harvest,3,90,G3-02,14,0,1386,0,bunches,14.0,0.0,not_started,07:06,,WO-2025-0401-H-039
WO-2025-0331-H-023,2025-03-31,harvest,harvest,3,102,G3-03,11,7,1116,702,bunches,11.0,7.0,partial,06:51,11:46,WO-2025-0403-H-028
WO-2025-0331-H-024,2025-03-31,harvest,harvest,3,104,G3-03,17,9,1653,953,bunches,17.0,9.0,partial,07:05,11:12,
WO-2025-0331-H-025,2025-03-31,harvest,harvest,3,113,G3-03,16,9,1597,980,bunches,16.0,9.0,partial,06:52,11:17,
WO-2025-0331-H-026,2025-03-31,harvest,harvest,3,370,G3-04,4,0,370,0,bunches,4.0,0.0,not_started,07:00,,WO-2025-0401-H-049
WO-2025-0331-H-027,2025-03-31,harvest,harvest,4,129,G4-01,41,9,4380,2067,bunches,41.0,9.0,partial,06:47,09:48,WO-2025-0404-H-032
WO-2025-0331-H-028,2025-03-31,harvest,harvest,4,132,G4-01,43,0,4640,0,bunches,43.0,0.0,not_started,06:54,,WO-2025-0401-H-051
WO-2025-0331-H-029,2025-03-31,harvest,harvest,4,139,G4-02,28,9,3110,1542,bunches,28.0,9.0,partial,07:15,11:04,
WO-2025-0331-H-030,2025-03-31,harvest,harvest,4,140,G4-02,22,0,2293,0,bunches,22.0,0.0,not_started,07:10,,WO-2025-0401-H-052
WO-2025-0331-H-031,2025-03-31,harvest,harvest,4,145,G4-03,22,0,2302,0,bunches,22.0,0.0,not_started,06:46,,WO-2025-0401-H-053
WO-2025-0331-H-032,2025-03-31,harvest,harvest,4,156,G4-04,21,9,2144,1662,bunches,21.0,9.0,partial,06:52,12:42,
WO-2025-0331-H-033,2025-03-31,harvest,harvest,4,160,G4-04,22,9,2276,1706,bunches,22.0,9.0,partial,07:17,12:37,
WO-2025-0331-H-034,2025-03-31,harvest,harvest,4,165,G4-04,13,8,1320,812,bunches,13.0,8.0,partial,06:50,11:21,WO-2025-0405-H-042
WO-2025-0331-H-035,2025-03-31,harvest,harvest,4,166,G4-04,16,0,1610,0,bunches,16.0,0.0,not_started,06:47,,WO-2025-0401-H-057
WO-2025-0331-H-036,2025-03-31,harvest,harvest,5,168,G5-01,13,0,1377,0,bunches,13.0,0.0,not_started,07:17,,WO-2025-0401-H-058
WO-2025-0331-H-037,2025-03-31,harvest,harvest,5,169,G5-01,29,9,2950,1698,bunches,29.0,9.0,partial,06:48,10:45,
WO-2025-0331-H-038,2025-03-31,harvest,harvest,5,180,G5-02,22,0,2347,0,bunches,22.0,0.0,not_started,06:55,,WO-2025-0401-H-061
WO-2025-0331-H-039,2025-03-31,harvest,harvest,5,185,G5-02,16,9,1708,1309,bunches,16.0,9.0,partial,07:02,12:49,
WO-2025-0331-H-040,2025-03-31,harvest,harvest,5,187,G5-02,11,0,1127,0,bunches,11.0,0.0,not_started,07:04,,WO-2025-0401-H-065
WO-2025-0331-H-041,2025-03-31,harvest,harvest,5,190,G5-02,13,9,1408,1057,bunches,13.0,9.0,partial,07:20,12:31,WO-2025-0404-H-050
WO-2025-0331-H-042,2025-03-31,harvest,harvest,6,203,G6-01,33,9,3480,1558,bunches,33.0,9.0,partial,07:09,10:38,
WO-2025-0331-H-043,2025-03-31,harvest,harvest,6,207,G6-01,17,0,1759,0,bunches,17.0,0.0,not_started,06:46,,WO-2025-0401-H-071
WO-2025-0331-H-044,2025-03-31,harvest,harvest,6,245,G6-02,24,0,2458,0,bunches,24.0,0.0,not_started,06:46,,WO-2025-0401-H-078
WO-2025-0331-H-045,2025-03-31,harvest,harvest,6,255,G6-03,40,0,3862,0,bunches,40.0,0.0,not_started,07:02,,WO-2025-0401-H-080
WO-2025-0331-H-046,2025-03-31,harvest,harvest,6,257,G6-03,20,0,2006,0,bunches,20.0,0.0,not_started,07:16,,WO-2025-0401-H-081
WO-2025-0331-H-047,2025-03-31,harvest,harvest,6,261,G6-04,14,0,1362,0,bunches,14.0,0.0,not_started,07:01,,WO-2025-0401-H-083
WO-2025-0331-H-048,2025-03-31,harvest,harvest,6,271,G6-05,15,9,1687,957,bunches,15.0,9.0,partial,07:20,11:47,
WO-2025-0331-H-049,2025-03-31,harvest,harvest,7,289,G7-01,18,8,1799,800,bunches,18.0,8.0,partial,07:03,10:06,
WO-2025-0331-H-050,2025-03-31,harvest,harvest,7,297,G7-01,22,0,2141,0,bunches,22.0,0.0,not_started,06:55,,WO-2025-0401-H-088
WO-2025-0331-H-051,2025-03-31,harvest,harvest,7,303,G7-02,18,9,1837,1116,bunches,18.0,9.0,partial,07:14,11:26,WO-2025-0404-H-065
WO-2025-0331-H-052,2025-03-31,harvest,harvest,7,309,G7-02,19,9,2023,1277,bunches,19.0,9.0,partial,06:58,11:40,
WO-2025-0331-H-053,2025-03-31,harvest,harvest,7,310,G7-02,19,0,1948,0,bunches,19.0,0.0,not_started,07:03,,WO-2025-0401-H-092
WO-2025-0401-H-001,2025-04-01,harvest,harvest,1,2,G1-01,10,5,970,516,bunches,10.0,5.0,partial,06:55,10:50,
WO-2025-0401-H-002,2025-04-01,harvest,harvest,1,3,G1-01,12,6,1133,604,bunches,12.0,6.0,partial,06:51,10:26,
WO-2025-0401-H-003,2025-04-01,harvest,harvest,1,4,G1-01,5,0,449,0,bunches,5.0,0.0,not_started,06:50,,WO-2025-0402-H-001
WO-2025-0401-H-004,2025-04-01,harvest,harvest,1,5,G1-01,4,0,387,0,bunches,4.0,0.0,not_started,06:55,,WO-2025-0402-H-002
WO-2025-0401-H-005,2025-04-01,harvest,harvest,1,9,G1-01,9,5,866,505,bunches,9.0,5.0,partial,07:01,11:00,WO-2025-0403-H-001
WO-2025-0401-H-006,2025-04-01,harvest,harvest,1,13,G1-02,21,0,2108,0,bunches,21.0,0.0,not_started,07:04,,WO-2025-0402-H-006
WO-2025-0401-H-007,2025-04-01,harvest,harvest,1,14,G1-02,11,9,1140,1071,bunches,11.0,9.0,completed,07:10,14:05,
WO-2025-0401-H-008,2025-04-01,harvest,harvest,1,15,G1-02,10,9,1057,986,bunches,10.0,9.0,completed,07:05,14:04,
WO-2025-0401-H-009,2025-04-01,harvest,harvest,1,16,G1-02,10,9,970,893,bunches,10.0,9.0,completed,06:53,13:22,
WO-2025-0401-H-010,2025-04-01,harvest,harvest,1,19,G1-02,4,4,417,366,bunches,4.0,4.0,completed,07:16,13:49,
WO-2025-0401-H-011,2025-04-01,harvest,harvest,1,20,G1-02,11,8,1036,793,bunches,11.0,8.0,partial,07:10,12:28,WO-2025-0405-H-003
WO-2025-0401-H-012,2025-04-01,harvest,harvest,1,21,G1-03,8,7,840,685,bunches,8.0,7.0,partial,06:59,12:56,WO-2025-0406-H-007
WO-2025-0401-H-013,2025-04-01,harvest,harvest,1,23,G1-03,10,8,967,780,bunches,10.0,8.0,partial,07:00,12:28,WO-2025-0404-H-005
WO-2025-0401-H-014,2025-04-01,harvest,harvest,1,26,G1-03,11,9,1099,1091,bunches,11.0,9.0,completed,07:16,14:27,
WO-2025-0401-H-015,2025-04-01,harvest,harvest,1,33,G1-04,8,7,813,706,bunches,8.0,7.0,completed,07:19,13:30,
WO-2025-0401-H-016,2025-04-01,harvest,harvest,1,34,G1-04,10,9,974,923,bunches,10.0,9.0,completed,06:56,13:43,
WO-2025-0401-H-017,2025-04-01,harvest,harvest,1,35,G1-04,12,9,1296,959,bunches,12.0,9.0,partial,06:49,12:20,WO-2025-0405-H-007
WO-2025-0401-H-018,2025-04-01,harvest,harvest,1,36,G1-04,9,6,967,679,bunches,9.0,6.0,partial,07:09,12:29,WO-2025-0405-H-008
WO-2025-0401-H-019,2025-04-01,harvest,harvest,1,39,G1-04,8,0,830,0,bunches,8.0,0.0,not_started,07:15,,WO-2025-0402-H-012
WO-2025-0401-H-020,2025-04-01,harvest,harvest,2,40,G2-01,9,8,936,783,bunches,9.0,8.0,partial,07:02,12:53,
WO-2025-0401-H-021,2025-04-01,harvest,harvest,2,41,G2-01,9,7,853,678,bunches,9.0,7.0,partial,07:04,12:40,WO-2025-0404-H-012
WO-2025-0401-H-022,2025-04-01,harvest,harvest,2,43,G2-01,10,8,944,834,bunches,10.0,8.0,completed,06:50,13:01,
WO-2025-0401-H-023,2025-04-01,harvest,harvest,2,47,G2-01,13,9,1265,994,bunches,13.0,9.0,partial,06:58,12:38,WO-2025-0405-H-010
WO-2025-0401-H-024,2025-04-01,harvest,harvest,2,53,G2-02,34,9,3523,2028,bunches,34.0,9.0,partial,07:15,11:03,WO-2025-0404-H-015
WO-2025-0401-H-025,2025-04-01,harvest,harvest,2,60,G2-03,16,9,1633,1203,bunches,16.0,9.0,partial,06:00,12:20,
WO-2025-0401-H-026,2025-04-01,harvest,harvest,2,66,G2-03,22,9,2209,1741,bunches,22.0,9.0,partial,07:12,13:00,
WO-2025-0401-H-027,2025-04-01,harvest,harvest,2,67,G2-03,13,9,1328,1278,bunches,13.0,9.0,completed,06:50,14:03,
WO-2025-0401-H-028,2025-04-01,harvest,harvest,2,69,G2-04,20,9,1945,1354,bunches,20.0,9.0,partial,06:58,11:44,WO-2025-0406-H-020
WO-2025-0401-H-029,2025-04-01,harvest,harvest,2,70,G2-04,12,8,1190,835,bunches,12.0,8.0,partial,06:00,12:11,WO-2025-0405-H-015
WO-2025-0401-H-030,2025-04-01,harvest,harvest,2,74,G2-04,23,0,2380,0,bunches,23.0,0.0,not_started,07:09,,WO-2025-0402-H-018
WO-2025-0401-H-031,2025-04-01,harvest,harvest,3,77,G3-01,14,9,1466,1374,bunches,14.0,9.0,completed,07:02,13:59,
WO-2025-0401-H-032,2025-04-01,harvest,harvest,3,78,G3-01,14,9,1388,1061,bunches,14.0,9.0,partial,07:02,12:11,WO-2025-0402-H-020
WO-2025-0401-H-033,2025-04-01,harvest,harvest,3,79,G3-01,10,9,989,920,bunches,10.0,9.0,completed,06:58,13:18,
WO-2025-0401-H-034,2025-04-01,harvest,harvest,3,80,G3-01,9,8,840,715,bunches,9.0,8.0,completed,07:03,13:14,
WO-2025-0401-H-035,2025-04-01,harvest,harvest,3,82,G3-01,4,3,367,333,bunches,4.0,3.0,completed,07:18,13:45,
WO-2025-0401-H-036,2025-04-01,harvest,harvest,3,83,G3-01,22,9,2286,1774,bunches,22.0,9.0,partial,06:58,12:56,
WO-2025-0401-H-037,2025-04-01,harvest,harvest,3,85,G3-01,15,9,1574,1313,bunches,15.0,9.0,partial,07:15,12:58,
WO-2025-0401-H-038,2025-04-01,harvest,harvest,3,87,G3-01,17,9,1703,1408,bunches,17.0,9.0,partial,06:50,12:32,WO-2025-0404-H-023
WO-2025-0401-H-039,2025-04-01,harvest,harvest,3,90,G3-02,14,9,1386,1194,bunches,14.0,9.0,completed,06:55,13:29,
WO-2025-0401-H-040,2025-04-01,harvest,harvest,3,93,G3-02,21,9,2110,1555,bunches,21.0,9.0,partial,06:46,12:21,WO-2025-0403-H-026
WO-2025-0401-H-041,2025-04-01,harvest,harvest,3,108,G3-03,23,9,2357,1980,bunches,23.0,9.0,partial,06:50,12:00,WO-2025-0405-H-025
WO-2025-0401-H-042,2025-04-01,harvest,harvest,3,109,G3-03,18,9,1861,1384,bunches,18.0,9.0,partial,06:58,12:01,
WO-2025-0401-H-043,2025-04-01,harvest,harvest,3,110,G3-03,13,9,1353,1132,bunches,13.0,9.0,partial,06:48,13:05,WO-2025-0406-H-033
WO-2025-0401-H-044,2025-04-01,harvest,harvest,3,111,G3-03,15,0,1549,0,bunches,15.0,0.0,not_started,07:05,,WO-2025-0402-H-032
WO-2025-0401-H-045,2025-04-01,harvest,harvest,3,115,G3-04,10,8,1044,854,bunches,10.0,8.0,partial,06:50,12:38,WO-2025-0405-H-027
WO-2025-0401-H-046,2025-04-01,harvest,harvest,3,116,G3-04,7,5,697,540,bunches,7.0,5.0,partial,07:03,12:21,WO-2025-0404-H-028
WO-2025-0401-H-047,2025-04-01,harvest,harvest,3,117,G3-04,8,7,826,666,bunches,8.0,7.0,partial,07:02,13:08,WO-2025-0405-H-028
WO-2025-0401-H-048,2025-04-01,harvest,harvest,3,121,G3-04,6,0,650,0,bunches,6.0,0.0,not_started,06:53,,WO-2025-0402-H-034
WO-2025-0401-H-049,2025-04-01,harvest,harvest,3,370,G3-04,4,4,370,345,bunches,4.0,4.0,completed,07:05,13:35,
WO-2025-0401-H-050,2025-04-01,harvest,harvest,4,127,G4-01,6,3,686,371,bunches,6.0,3.0,partial,06:48,10:39,WO-2025-0406-H-039
WO-2025-0401-H-051,2025-04-01,harvest,harvest,4,132,G4-01,43,9,4640,1693,bunches,43.0,9.0,partial,06:55,09:31,WO-2025-0404-H-033
WO-2025-0401-H-052,2025-04-01,harvest,harvest,4,140,G4-02,22,9,2293,1830,bunches,22.0,9.0,partial,07:16,12:50,
WO-2025-0401-H-053,2025-04-01,harvest,harvest,4,145,G4-03,22,9,2302,1648,bunches,22.0,9.0,partial,06:53,11:48,WO-2025-0406-H-043
WO-2025-0401-H-054,2025-04-01,harvest,harvest,4,148,G4-03,10,9,1077,976,bunches,10.0,9.0,completed,07:18,14:03,
WO-2025-0401-H-055,2025-04-01,harvest,harvest,4,149,G4-03,13,9,1339,1046,bunches,13.0,9.0,partial,07:10,12:49,
WO-2025-0401-H-056,2025-04-01,harvest,harvest,4,163,G4-04,17,0,1769,0,bunches,17.0,0.0,not_started,07:04,,WO-2025-0402-H-042
WO-2025-0401-H-057,2025-04-01,harvest,harvest,4,166,G4-04,16,8,1610,813,bunches,16.0,8.0,partial,07:14,10:41,WO-2025-0405-H-043
WO-2025-0401-H-058,2025-04-01,harvest,harvest,5,168,G5-01,13,9,1377,1189,bunches,13.0,9.0,completed,07:12,13:14,
WO-2025-0401-H-059,2025-04-01,harvest,harvest,5,171,G5-01,16,9,1674,1316,bunches,16.0,9.0,partial,07:05,12:54,
WO-2025-0401-H-060,2025-04-01,harvest,harvest,5,177,G5-01,17,9,1768,1438,bunches,17.0,9.0,partial,06:47,12:53,WO-2025-0405-H-046
WO-2025-0401-H-061,2025-04-01,harvest,harvest,5,180,G5-02,22,9,2347,2060,bunches,22.0,9.0,completed,07:07,13:46,
WO-2025-0401-H-062,2025-04-01,harvest,harvest,5,181,G5-02,15,0,1547,0,bunches,15.0,0.0,not_started,07:18,,WO-2025-0402-H-043
WO-2025-0401-H-063,2025-04-01,harvest,harvest,5,182,G5-02,12,9,1256,1157,bunches,12.0,9.0,completed,07:15,14:02,
WO-2025-0401-H-064,2025-04-01,harvest,harvest,5,186,G5-02,10,9,1071,871,bunches,10.0,9.0,partial,06:56,12:57,
WO-2025-0401-H-065,2025-04-01,harvest,harvest,5,187,G5-02,11,9,1127,1098,bunches,11.0,9.0,completed,07:18,14:33,
WO-2025-0401-H-066,2025-04-01,harvest,harvest,5,192,G5-02,9,7,942,752,bunches,9.0,7.0,partial,07:16,13:02,
WO-2025-0401-H-067,2025-04-01,harvest,harvest,5,194,G5-03,25,9,2634,2107,bunches,25.0,9.0,partial,07:00,12:30,WO-2025-0405-H-047
WO-2025-0401-H-068,2025-04-01,harvest,harvest,5,202,G5-03,25,9,2484,2004,bunches,25.0,9.0,partial,07:11,13:01,
WO-2025-0401-H-069,2025-04-01,harvest,harvest,6,205,G6-01,27,0,2823,0,bunches,27.0,0.0,not_started,06:58,,WO-2025-0402-H-049
WO-2025-0401-H-070,2025-04-01,harvest,harvest,6,206,G6-01,20,0,2110,0,bunches,20.0,0.0,not_started,07:05,,WO-2025-0402-H-050
WO-2025-0401-H-071,2025-04-01,harvest,harvest,6,207,G6-01,17,9,1759,1352,bunches,17.0,9.0,partial,07:02,12:50,
WO-2025-0401-H-072,2025-04-01,harvest,harvest,6,211,G6-01,25,9,2736,2385,bunches,25.0,9.0,completed,07:16,13:14,
WO-2025-0401-H-073,2025-04-01,harvest,harvest,6,213,G6-02,13,9,1398,1161,bunches,13.0,9.0,partial,06:59,12:37,WO-2025-0406-H-062
WO-2025-0401-H-074,2025-04-01,harvest,harvest,6,214,G6-02,24,9,2531,1967,bunches,24.0,9.0,partial,06:46,12:16,
WO-2025-0401-H-075,2025-04-01,harvest,harvest,6,215,G6-02,15,9,1565,1351,bunches,15.0,9.0,completed,07:11,13:37,
WO-2025-0401-H-076,2025-04-01,harvest,harvest,6,222,G6-02,22,9,2199,1958,bunches,22.0,9.0,completed,06:50,13:11,
WO-2025-0401-H-077,2025-04-01,harvest,harvest,6,223,G6-02,24,9,2458,2279,bunches,24.0,9.0,completed,06:59,13:28,
WO-2025-0401-H-078,2025-04-01,harvest,harvest,6,245,G6-02,24,9,2458,1767,bunches,24.0,9.0,partial,06:56,12:30,
WO-2025-0401-H-079,2025-04-01,harvest,harvest,6,250,G6-03,12,0,1268,0,bunches,12.0,0.0,not_started,06:57,,WO-2025-0402-H-053
WO-2025-0401-H-080,2025-04-01,harvest,harvest,6,255,G6-03,40,9,3862,2599,bunches,40.0,9.0,partial,06:53,12:04,
WO-2025-0401-H-081,2025-04-01,harvest,harvest,6,257,G6-03,20,9,2006,1494,bunches,20.0,9.0,partial,06:47,11:50,
WO-2025-0401-H-082,2025-04-01,harvest,harvest,6,259,G6-04,20,9,2073,1482,bunches,20.0,9.0,partial,07:08,12:18,WO-2025-0406-H-063
WO-2025-0401-H-083,2025-04-01,harvest,harvest,6,261,G6-04,14,9,1362,1222,bunches,14.0,9.0,completed,07:14,14:02,
WO-2025-0401-H-084,2025-04-01,harvest,harvest,6,262,G6-04,19,9,1843,1890,bunches,19.0,9.0,completed,06:53,13:59,
WO-2025-0401-H-085,2025-04-01,harvest,harvest,6,264,G6-04,5,3,503,332,bunches,5.0,3.0,partial,07:01,11:36,
WO-2025-0401-H-086,2025-04-01,harvest,harvest,6,380,G6-05,21,9,2266,1649,bunches,21.0,9.0,partial,07:11,12:10,
WO-2025-0401-H-087,2025-04-01,harvest,harvest,7,294,G7-01,7,5,719,480,bunches,7.0,5.0,partial,07:13,11:38,
WO-2025-0401-H-088,2025-04-01,harvest,harvest,7,297,G7-01,22,9,2141,1027,bunches,22.0,9.0,partial,06:49,09:55,WO-2025-0406-H-070
WO-2025-0401-H-089,2025-04-01,harvest,harvest,7,302,G7-02,16,9,1671,1450,bunches,16.0,9.0,completed,06:52,12:58,
WO-2025-0401-H-090,2025-04-01,harvest,harvest,7,305,G7-02,29,9,3039,1799,bunches,29.0,9.0,partial,07:04,11:07,
WO-2025-0401-H-091,2025-04-01,harvest,harvest,7,306,G7-02,25,9,2468,1872,bunches,25.0,9.0,partial,06:49,12:21,WO-2025-0406-H-072
WO-2025-0401-H-092,2025-04-01,harvest,harvest,7,310,G7-02,19,9,1948,1836,bunches,19.0,9.0,completed,06:49,13:59,
WO-2025-0401-H-093,2025-04-01,harvest,harvest,7,311,G7-03,17,0,1768,0,bunches,17.0,0.0,not_started,06:56,,WO-2025-0402-H-060
WO-2025-0401-H-094,2025-04-01,harvest,harvest,7,329,G7-03,11,9,1116,872,bunches,11.0,9.0,partial,07:14,13:15,WO-2025-0406-H-074
WO-2025-0401-H-095,2025-04-01,harvest,harvest,7,331,G7-03,10,9,988,1061,bunches,10.0,9.0,completed,07:03,14:52,
WO-2025-0401-H-096,2025-04-01,harvest,harvest,7,332,G7-03,12,9,1188,1054,bunches,12.0,9.0,completed,06:53,13:22,
WO-2025-0401-H-097,2025-04-01,harvest,harvest,7,333,G7-03,11,9,1131,1028,bunches,11.0,9.0,completed,06:55,13:15,
WO-2025-0401-H-098,2025-04-01,harvest,harvest,7,334,G7-03,21,9,2163,1423,bunches,21.0,9.0,partial,07:12,11:36,
WO-2025-0401-H-099,2025-04-01,harvest,harvest,7,337,G7-03,18,9,1808,1230,bunches,18.0,9.0,partial,06:48,11:37,
WO-2025-0401-H-100,2025-04-01,harvest,harvest,7,338,G7-03,28,9,2790,1807,bunches,28.0,9.0,partial,07:10,11:39,
WO-2025-0401-H-101,2025-04-01,harvest,harvest,7,339,G7-04,27,0,2689,0,bunches,27.0,0.0,not_started,07:02,,WO-2025-0402-H-063
WO-2025-0402-H-001,2025-04-02,harvest,harvest,1,4,G1-01,5,4,449,428,bunches,5.0,4.0,completed,06:54,13:53,
WO-2025-0402-H-002,2025-04-02,harvest,harvest,1,5,G1-01,4,3,387,341,bunches,4.0,3.0,completed,07:20,13:26,
WO-2025-0402-H-003,2025-04-02,harvest,harvest,1,6,G1-01,2,2,260,252,bunches,2.0,2.0,completed,07:01,14:04,
WO-2025-0402-H-004,2025-04-02,harvest,harvest,1,8,G1-01,8,8,828,786,bunches,8.0,8.0,completed,06:53,13:42,
WO-2025-0402-H-005,2025-04-02,harvest,harvest,1,10,G1-01,13,9,1331,1150,bunches,13.0,9.0,completed,06:51,13:16,
WO-2025-0402-H-006,2025-04-02,harvest,harvest,1,13,G1-02,21,9,2108,1120,bunches,21.0,9.0,partial,07:06,10:49,WO-2025-0406-H-004
WO-2025-0402-H-007,2025-04-02,harvest,harvest,1,15,G1-02,14,0,1410,0,bunches,14.0,0.0,not_started,07:19,,WO-2025-0403-H-004
WO-2025-0402-H-008,2025-04-02,harvest,harvest,1,25,G1-03,15,0,1503,0,bunches,15.0,0.0,not_started,06:47,,WO-2025-0403-H-007
WO-2025-0402-H-009,2025-04-02,harvest,harvest,1,29,G1-03,14,8,1410,820,bunches,14.0,8.0,partial,06:45,10:59,
WO-2025-0402-H-010,2025-04-02,harvest,harvest,1,31,G1-04,7,7,680,667,bunches,7.0,7.0,completed,07:09,14:17,
WO-2025-0402-H-011,2025-04-02,harvest,harvest,1,37,G1-04,13,9,1383,1021,bunches,13.0,9.0,partial,07:12,12:35,WO-2025-0407-H-014
WO-2025-0402-H-012,2025-04-02,harvest,harvest,1,39,G1-04,8,6,830,592,bunches,8.0,6.0,partial,06:50,11:43,WO-2025-0406-H-011
WO-2025-0402-H-013,2025-04-02,harvest,harvest,2,42,G2-01,13,7,1304,725,bunches,13.0,7.0,partial,06:46,10:47,WO-2025-0404-H-013
WO-2025-0402-H-014,2025-04-02,harvest,harvest,2,55,G2-02,13,0,1278,0,bunches,13.0,0.0,not_started,07:13,,WO-2025-0403-H-015
WO-2025-0402-H-015,2025-04-02,harvest,harvest,2,56,G2-02,11,0,1111,0,bunches,11.0,0.0,not_started,07:08,,WO-2025-0403-H-016
WO-2025-0402-H-016,2025-04-02,harvest,harvest,2,63,G2-03,24,9,2341,1795,bunches,24.0,9.0,partial,07:08,12:32,
WO-2025-0402-H-017,2025-04-02,harvest,harvest,2,65,G2-03,10,8,1045,858,bunches,10.0,8.0,partial,07:11,12:46,
WO-2025-0402-H-018,2025-04-02,harvest,harvest,2,74,G2-04,23,9,2380,1484,bunches,23.0,9.0,partial,07:16,12:02,
WO-2025-0402-H-019,2025-04-02,harvest,harvest,3,75,G3-01,15,9,1526,1326,bunches,15.0,9.0,completed,06:49,13:04,
WO-2025-0402-H-020,2025-04-02,harvest,harvest,3,78,G3-01,14,9,1394,1061,bunches,14.0,9.0,partial,07:02,12:12,WO-2025-0405-H-017
WO-2025-0402-H-021,2025-04-02,harvest,harvest,3,79,G3-01,10,9,996,920,bunches,10.0,9.0,completed,07:19,13:56,
WO-2025-0402-H-022,2025-04-02,harvest,harvest,3,81,G3-01,9,0,869,0,bunches,9.0,0.0,not_started,06:54,,WO-2025-0403-H-022
WO-2025-0402-H-023,2025-04-02,harvest,harvest,3,86,G3-01,27,0,2638,0,bunches,27.0,0.0,not_started,07:05,,WO-2025-0403-H-023
WO-2025-0402-H-024,2025-04-02,harvest,harvest,3,88,G3-02,15,9,1402,1084,bunches,15.0,9.0,partial,06:51,12:45,
WO-2025-0402-H-025,2025-04-02,harvest,harvest,3,89,G3-02,13,9,1282,1185,bunches,13.0,9.0,completed,07:18,14:19,
WO-2025-0402-H-026,2025-04-02,harvest,harvest,3,92,G3-02,21,0,2088,0,bunches,21.0,0.0,not_started,07:16,,WO-2025-0403-H-025
WO-2025-0402-H-027,2025-04-02,harvest,harvest,3,94,G3-02,14,9,1423,1006,bunches,14.0,9.0,partial,06:48,12:02,WO-2025-0405-H-020
WO-2025-0402-H-028,2025-04-02,harvest,harvest,3,101,G3-03,20,9,1959,1474,bunches,20.0,9.0,partial,06:47,12:31,WO-2025-0406-H-032
WO-2025-0402-H-029,2025-04-02,harvest,harvest,3,102,G3-03,11,0,1141,0,bunches,11.0,0.0,not_started,07:11,,WO-2025-0403-H-028
WO-2025-0402-H-030,2025-04-02,harvest,harvest,3,103,G3-03,18,0,1826,0,bunches,18.0,0.0,not_started,07:03,,WO-2025-0403-H-029
WO-2025-0402-H-031,2025-04-02,harvest,harvest,3,107,G3-03,19,9,1941,1580,bunches,19.0,9.0,partial,06:56,13:02,WO-2025-0405-H-024
WO-2025-0402-H-032,2025-04-02,harvest,harvest,3,111,G3-03,15,9,1549,1330,bunches,15.0,9.0,completed,06:54,13:17,
WO-2025-0402-H-033,2025-04-02,harvest,harvest,3,112,G3-03,13,9,1364,960,bunches,13.0,9.0,partial,07:12,12:23,
WO-2025-0402-H-034,2025-04-02,harvest,harvest,3,121,G3-04,6,3,650,344,bunches,6.0,3.0,partial,06:52,10:38,
WO-2025-0402-H-035,2025-04-02,harvest,harvest,4,130,G4-01,25,9,2737,1937,bunches,25.0,9.0,partial,06:55,12:01,WO-2025-0406-H-040
WO-2025-0402-H-036,2025-04-02,harvest,harvest,4,135,G4-02,12,0,1278,0,bunches,12.0,0.0,not_started,06:58,,WO-2025-0403-H-036
WO-2025-0402-H-037,2025-04-02,harvest,harvest,4,138,G4-02,26,0,2772,0,bunches,26.0,0.0,not_started,06:57,,WO-2025-0403-H-038
WO-2025-0402-H-038,2025-04-02,harvest,harvest,4,142,G4-02,30,9,3118,2094,bunches,30.0,9.0,partial,07:08,11:59,
WO-2025-0402-H-039,2025-04-02,harvest,harvest,4,155,G4-04,14,9,1357,1112,bunches,14.0,9.0,partial,07:09,13:14,
WO-2025-0402-H-040,2025-04-02,harvest,harvest,4,157,G4-04,24,9,2449,1703,bunches,24.0,9.0,partial,06:55,11:41,
WO-2025-0402-H-041,2025-04-02,harvest,harvest,4,158,G4-04,20,0,2098,0,bunches,20.0,0.0,not_started,07:10,,WO-2025-0403-H-042
WO-2025-0402-H-042,2025-04-02,harvest,harvest,4,163,G4-04,17,9,1769,1664,bunches,17.0,9.0,completed,07:05,13:34,
WO-2025-0402-H-043,2025-04-02,harvest,harvest,5,181,G5-02,15,9,1547,1309,bunches,15.0,9.0,partial,07:06,13:29,WO-2025-0407-H-045
WO-2025-0402-H-044,2025-04-02,harvest,harvest,5,189,G5-02,19,9,2011,1422,bunches,19.0,9.0,partial,07:21,12:08,WO-2025-0406-H-050
WO-2025-0402-H-045,2025-04-02,harvest,harvest,5,195,G5-03,14,9,1413,1316,bunches,14.0,9.0,completed,06:49,13:32,
WO-2025-0402-H-046,2025-04-02,harvest,harvest,5,200,G5-03,23,0,2293,0,bunches,23.0,0.0,not_started,07:12,,WO-2025-0403-H-048
WO-2025-0402-H-047,2025-04-02,harvest,harvest,5,201,G5-03,24,9,2441,2039,bunches,24.0,9.0,partial,06:59,12:59,
WO-2025-0402-H-048,2025-04-02,harvest,harvest,6,204,G6-01,21,0,2168,0,bunches,21.0,0.0,not_started,07:17,,WO-2025-0403-H-049
WO-2025-0402-H-049,2025-04-02,harvest,harvest,6,205,G6-01,27,9,2823,1815,bunches,27.0,9.0,partial,07:21,11:37,WO-2025-0406-H-057
WO-2025-0402-H-050,2025-04-02,harvest,harvest,6,206,G6-01,20,9,2110,1624,bunches,20.0,9.0,partial,06:50,12:43,
WO-2025-0402-H-051,2025-04-02,harvest,harvest,6,216,G6-02,19,9,1893,1389,bunches,19.0,9.0,partial,06:00,11:59,
WO-2025-0402-H-052,2025-04-02,harvest,harvest,6,249,G6-03,23,9,2373,2022,bunches,23.0,9.0,completed,07:15,13:05,
WO-2025-0402-H-053,2025-04-02,harvest,harvest,6,250,G6-03,12,9,1268,1044,bunches,12.0,9.0,partial,06:51,13:08,WO-2025-0407-H-052
WO-2025-0402-H-054,2025-04-02,harvest,harvest,7,292,G7-01,23,9,2366,1528,bunches,23.0,9.0,partial,06:59,11:21,
WO-2025-0402-H-055,2025-04-02,harvest,harvest,7,293,G7-01,17,0,1740,0,bunches,17.0,0.0,not_started,06:57,,WO-2025-0403-H-058
WO-2025-0402-H-056,2025-04-02,harvest,harvest,7,296,G7-01,18,9,1790,1359,bunches,18.0,9.0,partial,06:48,12:35,WO-2025-0405-H-057
WO-2025-0402-H-057,2025-04-02,harvest,harvest,7,299,G7-02,23,0,2358,0,bunches,23.0,0.0,not_started,06:46,,WO-2025-0403-H-059
WO-2025-0402-H-058,2025-04-02,harvest,harvest,7,307,G7-02,10,9,1100,1073,bunches,10.0,9.0,completed,06:49,13:50,
WO-2025-0402-H-059,2025-04-02,harvest,harvest,7,308,G7-02,14,9,1474,1210,bunches,14.0,9.0,partial,06:53,12:50,
WO-2025-0402-H-060,2025-04-02,harvest,harvest,7,311,G7-03,17,9,1768,1458,bunches,17.0,9.0,partial,07:16,13:02,
WO-2025-0402-H-061,2025-04-02,harvest,harvest,7,328,G7-03,26,9,2618,1718,bunches,26.0,9.0,partial,06:50,11:41,
WO-2025-0402-H-062,2025-04-02,harvest,harvest,7,330,G7-03,26,0,2553,0,bunches,26.0,0.0,not_started,06:52,,WO-2025-0403-H-062
WO-2025-0402-H-063,2025-04-02,harvest,harvest,7,339,G7-04,27,9,2689,1938,bunches,27.0,9.0,partial,06:49,11:37,
WO-2025-0402-H-064,2025-04-02,harvest,harvest,7,341,G7-04,13,9,1306,1214,bunches,13.0,9.0,completed,07:01,13:49,
WO-2025-0402-H-065,2025-04-02,harvest,harvest,7,342,G7-04,16,9,1597,1354,bunches,16.0,9.0,partial,06:56,13:15,
WO-2025-0402-H-066,2025-04-02,harvest,harvest,7,343,G7-04,13,0,1314,0,bunches,13.0,0.0,not_started,07:05,,WO-2025-0403-H-065
WO-2025-0402-H-067,2025-04-02,harvest,harvest,7,344,G7-04,10,9,1099,1192,bunches,10.0,9.0,completed,07:16,15:26,
WO-2025-0403-H-001,2025-04-03,harvest,harvest,1,9,G1-01,12,5,1205,505,bunches,12.0,5.0,partial,07:00,10:08,WO-2025-0407-H-002
WO-2025-0403-H-002,2025-04-03,harvest,harvest,1,11,G1-02,12,9,1204,926,bunches,12.0,9.0,partial,06:47,12:10,WO-2025-0406-H-003
WO-2025-0403-H-003,2025-04-03,harvest,harvest,1,14,G1-02,12,9,1234,1071,bunches,12.0,9.0,completed,07:00,13:38,
WO-2025-0403-H-004,2025-04-03,harvest,harvest,1,15,G1-02,14,9,1410,986,bunches,14.0,9.0,partial,06:52,11:40,WO-2025-0405-H-002
WO-2025-0403-H-005,2025-04-03,harvest,harvest,1,17,G1-02,15,9,1432,1104,bunches,15.0,9.0,partial,07:05,12:55,WO-2025-0408-H-005
WO-2025-0403-H-006,2025-04-03,harvest,harvest,1,23,G1-03,10,0,962,0,bunches,10.0,0.0,not_started,06:51,,WO-2025-0404-H-005
WO-2025-0403-H-007,2025-04-03,harvest,harvest,1,25,G1-03,15,9,1503,895,bunches,15.0,9.0,partial,07:16,11:27,WO-2025-0406-H-008
WO-2025-0403-H-008,2025-04-03,harvest,harvest,1,28,G1-03,14,7,1469,739,bunches,14.0,7.0,partial,07:12,10:57,WO-2025-0406-H-009
WO-2025-0403-H-009,2025-04-03,harvest,harvest,1,32,G1-04,15,8,1614,853,bunches,15.0,8.0,partial,07:16,10:48,WO-2025-0405-H-006
WO-2025-0403-H-010,2025-04-03,harvest,harvest,1,38,G1-04,16,0,1638,0,bunches,16.0,0.0,not_started,06:58,,WO-2025-0404-H-011
WO-2025-0403-H-011,2025-04-03,harvest,harvest,2,41,G2-01,8,0,840,0,bunches,8.0,0.0,not_started,07:15,,WO-2025-0404-H-012
WO-2025-0403-H-012,2025-04-03,harvest,harvest,2,44,G2-01,16,9,1563,955,bunches,16.0,9.0,partial,06:54,11:39,WO-2025-0406-H-013
WO-2025-0403-H-013,2025-04-03,harvest,harvest,2,49,G2-01,9,7,922,649,bunches,9.0,7.0,partial,07:04,12:15,WO-2025-0408-H-017
WO-2025-0403-H-014,2025-04-03,harvest,harvest,2,54,G2-02,19,0,1888,0,bunches,19.0,0.0,not_started,07:09,,WO-2025-0404-H-016
WO-2025-0403-H-015,2025-04-03,harvest,harvest,2,55,G2-02,13,9,1278,1172,bunches,13.0,9.0,completed,07:09,13:46,
WO-2025-0403-H-016,2025-04-03,harvest,harvest,2,56,G2-02,11,9,1111,983,bunches,11.0,9.0,completed,06:56,13:22,
WO-2025-0403-H-017,2025-04-03,harvest,harvest,2,57,G2-02,8,7,834,652,bunches,8.0,7.0,partial,06:52,12:43,WO-2025-0406-H-019
WO-2025-0403-H-018,2025-04-03,harvest,harvest,2,58,G2-02,11,9,1168,882,bunches,11.0,9.0,partial,07:05,12:49,WO-2025-0407-H-019
WO-2025-0403-H-019,2025-04-03,harvest,harvest,2,71,G2-04,11,8,1105,792,bunches,11.0,8.0,partial,07:13,12:42,WO-2025-0404-H-018
WO-2025-0403-H-020,2025-04-03,harvest,harvest,2,382,G2-04,17,9,1804,1331,bunches,17.0,9.0,partial,07:09,12:04,
WO-2025-0403-H-021,2025-04-03,harvest,harvest,3,77,G3-01,16,0,1691,0,bunches,16.0,0.0,not_started,07:06,,WO-2025-0404-H-021
WO-2025-0403-H-022,2025-04-03,harvest,harvest,3,81,G3-01,9,3,869,329,bunches,9.0,3.0,partial,07:08,09:30,WO-2025-0408-H-026
WO-2025-0403-H-023,2025-04-03,harvest,harvest,3,86,G3-01,27,9,2638,1397,bunches,27.0,9.0,partial,07:16,11:09,WO-2025-0406-H-027
WO-2025-0403-H-024,2025-04-03,harvest,harvest,3,87,G3-01,20,0,1955,0,bunches,20.0,0.0,not_started,07:05,,WO-2025-0404-H-023
WO-2025-0403-H-025,2025-04-03,harvest,harvest,3,92,G3-02,21,9,2088,1072,bunches,21.0,9.0,partial,07:20,10:56,WO-2025-0406-H-029
WO-2025-0403-H-026,2025-04-03,harvest,harvest,3,93,G3-02,17,9,1717,1555,bunches,17.0,9.0,completed,06:58,13:19,
WO-2025-0403-H-027,2025-04-03,harvest,harvest,3,95,G3-02,16,9,1638,1363,bunches,16.0,9.0,partial,07:19,13:42,
WO-2025-0403-H-028,2025-04-03,harvest,harvest,3,102,G3-03,11,9,1141,997,bunches,11.0,9.0,completed,06:46,13:15,
WO-2025-0403-H-029,2025-04-03,harvest,harvest,3,103,G3-03,18,9,1826,1387,bunches,18.0,9.0,partial,07:03,12:26,
WO-2025-0403-H-030,2025-04-03,harvest,harvest,3,114,G3-04,16,8,1606,825,bunches,16.0,8.0,partial,06:56,10:29,WO-2025-0406-H-035
WO-2025-0403-H-031,2025-04-03,harvest,harvest,3,119,G3-04,7,0,627,0,bunches,7.0,0.0,not_started,06:47,,WO-2025-0404-H-030
WO-2025-0403-H-032,2025-04-03,harvest,harvest,3,369,G3-04,5,2,562,173,bunches,5.0,2.0,partial,06:57,09:29,WO-2025-0406-H-038
WO-2025-0403-H-033,2025-04-03,harvest,harvest,4,122,G4-01,9,7,973,682,bunches,9.0,7.0,partial,06:57,12:20,
WO-2025-0403-H-034,2025-04-03,harvest,harvest,4,124,G4-01,8,7,824,726,bunches,8.0,7.0,completed,06:58,13:02,
WO-2025-0403-H-035,2025-04-03,harvest,harvest,4,131,G4-01,22,9,2420,2008,bunches,22.0,9.0,partial,07:04,13:03,WO-2025-0407-H-033
WO-2025-0403-H-036,2025-04-03,harvest,harvest,4,135,G4-02,12,9,1278,1253,bunches,12.0,9.0,completed,07:17,14:24,
WO-2025-0403-H-037,2025-04-03,harvest,harvest,4,136,G4-02,22,9,2364,1534,bunches,22.0,9.0,partial,07:18,12:17,WO-2025-0407-H-035
WO-2025-0403-H-038,2025-04-03,harvest,harvest,4,138,G4-02,26,9,2772,2114,bunches,26.0,9.0,partial,07:20,12:32,WO-2025-0408-H-039
WO-2025-0403-H-039,2025-04-03,harvest,harvest,4,143,G4-02,23,0,2413,0,bunches,23.0,0.0,not_started,07:17,,WO-2025-0404-H-036
WO-2025-0403-H-040,2025-04-03,harvest,harvest,4,151,G4-03,17,0,1739,0,bunches,17.0,0.0,not_started,07:02,,WO-2025-0404-H-040
WO-2025-0403-H-041,2025-04-03,harvest,harvest,4,152,G4-03,37,9,3759,1804,bunches,37.0,9.0,partial,07:17,10:26,WO-2025-0407-H-037
WO-2025-0403-H-042,2025-04-03,harvest,harvest,4,158,G4-04,20,9,2098,1124,bunches,20.0,9.0,partial,07:15,10:53,WO-2025-0408-H-044
WO-2025-0403-H-043,2025-04-03,harvest,harvest,4,159,G4-04,43,0,4441,0,bunches,43.0,0.0,not_started,07:17,,WO-2025-0404-H-043
WO-2025-0403-H-044,2025-04-03,harvest,harvest,4,164,G4-04,18,9,1873,1271,bunches,18.0,9.0,partial,07:11,12:23,
WO-2025-0403-H-045,2025-04-03,harvest,harvest,5,188,G5-02,28,9,2789,1761,bunches,28.0,9.0,partial,07:04,11:43,WO-2025-0408-H-050
WO-2025-0403-H-046,2025-04-03,harvest,harvest,5,193,G5-03,17,9,1763,1456,bunches,17.0,9.0,partial,07:08,13:27,WO-2025-0406-H-052
WO-2025-0403-H-047,2025-04-03,harvest,harvest,5,195,G5-03,24,0,2505,0,bunches,24.0,0.0,not_started,06:48,,WO-2025-0404-H-052
WO-2025-0403-H-048,2025-04-03,harvest,harvest,5,200,G5-03,23,9,2293,1733,bunches,23.0,9.0,partial,06:49,12:03,
WO-2025-0403-H-049,2025-04-03,harvest,harvest,6,204,G6-01,21,9,2168,1882,bunches,21.0,9.0,completed,06:45,12:44,
WO-2025-0403-H-050,2025-04-03,harvest,harvest,6,212,G6-01,15,9,1633,1638,bunches,15.0,9.0,completed,07:10,14:44,
WO-2025-0403-H-051,2025-04-03,harvest,harvest,6,230,G6-02,33,0,3407,0,bunches,33.0,0.0,not_started,06:59,,WO-2025-0404-H-053
WO-2025-0403-H-052,2025-04-03,harvest,harvest,6,248,G6-03,34,9,3355,1997,bunches,34.0,9.0,partial,06:49,10:45,
WO-2025-0403-H-053,2025-04-03,harvest,harvest,6,252,G6-03,16,9,1714,1245,bunches,16.0,9.0,partial,06:47,11:50,WO-2025-0404-H-055
WO-2025-0403-H-054,2025-04-03,harvest,harvest,6,253,G6-03,35,9,3566,2224,bunches,35.0,9.0,partial,06:56,11:45,
WO-2025-0403-H-055,2025-04-03,harvest,harvest,6,254,G6-03,12,0,1193,0,bunches,12.0,0.0,not_started,07:00,,WO-2025-0404-H-056
WO-2025-0403-H-056,2025-04-03,harvest,harvest,6,266,G6-04,45,9,4622,2008,bunches,45.0,9.0,partial,06:56,10:12,
WO-2025-0403-H-057,2025-04-03,harvest,harvest,7,291,G7-01,22,0,2220,0,bunches,22.0,0.0,not_started,07:15,,WO-2025-0404-H-062
WO-2025-0403-H-058,2025-04-03,harvest,harvest,7,293,G7-01,17,9,1740,1160,bunches,17.0,9.0,partial,07:10,11:38,
WO-2025-0403-H-059,2025-04-03,harvest,harvest,7,299,G7-02,23,9,2358,1417,bunches,23.0,9.0,partial,07:09,11:28,
WO-2025-0403-H-060,2025-04-03,harvest,harvest,7,300,G7-02,21,9,2108,1637,bunches,21.0,9.0,partial,07:13,12:57,
WO-2025-0403-H-061,2025-04-03,harvest,harvest,7,301,G7-02,9,7,942,753,bunches,9.0,7.0,partial,07:01,12:59,
WO-2025-0403-H-062,2025-04-03,harvest,harvest,7,330,G7-03,26,9,2553,1252,bunches,26.0,9.0,partial,06:49,10:28,
WO-2025-0403-H-063,2025-04-03,harvest,harvest,7,335,G7-03,12,0,1213,0,bunches,12.0,0.0,not_started,06:53,,WO-2025-0404-H-067
WO-2025-0403-H-064,2025-04-03,harvest,harvest,7,340,G7-04,15,9,1547,1283,bunches,15.0,9.0,partial,07:16,13:03,WO-2025-0406-H-075
WO-2025-0403-H-065,2025-04-03,harvest,harvest,7,343,G7-04,13,9,1314,1073,bunches,13.0,9.0,partial,07:17,13:08,
WO-2025-0403-H-066,2025-04-03,harvest,harvest,7,345,G7-04,23,0,2415,0,bunches,23.0,0.0,not_started,07:18,,WO-2025-0404-H-069
WO-2025-0403-H-067,2025-04-03,harvest,harvest,7,347,G7-04,14,9,1525,1632,bunches,14.0,9.0,completed,06:49,14:47,
WO-2025-0404-H-001,2025-04-04,harvest,harvest,1,1,G1-01,5,3,471,259,bunches,5.0,3.0,partial,07:05,10:49,
WO-2025-0404-H-002,2025-04-04,harvest,harvest,1,12,G1-02,12,9,1217,896,bunches,12.0,9.0,partial,06:55,12:18,WO-2025-0407-H-003
WO-2025-0404-H-003,2025-04-04,harvest,harvest,1,16,G1-02,16,9,1608,893,bunches,16.0,9.0,partial,07:15,10:52,WO-2025-0407-H-005
WO-2025-0404-H-004,2025-04-04,harvest,harvest,1,22,G1-03,11,9,1117,1032,bunches,11.0,9.0,completed,06:46,13:11,
WO-2025-0404-H-005,2025-04-04,harvest,harvest,1,23,G1-03,10,8,962,780,bunches,10.0,8.0,partial,07:16,12:51,WO-2025-0407-H-009
WO-2025-0404-H-006,2025-04-04,harvest,harvest,1,24,G1-03,12,9,1221,890,bunches,12.0,9.0,partial,07:08,12:40,WO-2025-0408-H-006
WO-2025-0404-H-007,2025-04-04,harvest,harvest,1,27,G1-03,10,8,980,872,bunches,10.0,8.0,completed,07:17,13:29,
WO-2025-0404-H-008,2025-04-04,harvest,harvest,1,30,G1-03,12,9,1255,948,bunches,12.0,9.0,partial,07:14,13:04,WO-2025-0409-H-009
WO-2025-0404-H-009,2025-04-04,harvest,harvest,1,33,G1-04,8,7,816,706,bunches,8.0,7.0,completed,07:20,13:19,
WO-2025-0404-H-010,2025-04-04,harvest,harvest,1,34,G1-04,12,9,1202,923,bunches,12.0,9.0,partial,07:20,12:55,WO-2025-0409-H-011
WO-2025-0404-H-011,2025-04-04,harvest,harvest,1,38,G1-04,16,9,1638,1182,bunches,16.0,9.0,partial,07:05,12:10,WO-2025-0406-H-010
WO-2025-0404-H-012,2025-04-04,harvest,harvest,2,41,G2-01,8,7,840,678,bunches,8.0,7.0,partial,07:19,12:45,WO-2025-0409-H-013
WO-2025-0404-H-013,2025-04-04,harvest,harvest,2,42,G2-01,10,7,1041,725,bunches,10.0,7.0,partial,06:47,11:37,WO-2025-0406-H-012
WO-2025-0404-H-014,2025-04-04,harvest,harvest,2,43,G2-01,12,8,1144,834,bunches,12.0,8.0,partial,06:55,11:55,WO-2025-0407-H-015
WO-2025-0404-H-015,2025-04-04,harvest,harvest,2,53,G2-02,22,9,2296,2028,bunches,22.0,9.0,completed,07:20,13:21,
WO-2025-0404-H-016,2025-04-04,harvest,harvest,2,54,G2-02,19,9,1888,1516,bunches,19.0,9.0,partial,06:52,12:49,WO-2025-0408-H-018
WO-2025-0404-H-017,2025-04-04,harvest,harvest,2,70,G2-04,11,0,1047,0,bunches,11.0,0.0,not_started,07:01,,WO-2025-0405-H-015
WO-2025-0404-H-018,2025-04-04,harvest,harvest,2,71,G2-04,11,8,1172,792,bunches,11.0,8.0,partial,07:12,12:04,WO-2025-0407-H-020
WO-2025-0404-H-019,2025-04-04,harvest,harvest,2,72,G2-04,20,9,1993,1412,bunches,20.0,9.0,partial,07:20,12:43,WO-2025-0408-H-021
WO-2025-0404-H-020,2025-04-04,harvest,harvest,3,76,G3-01,20,9,2023,1665,bunches,20.0,9.0,partial,07:13,12:55,WO-2025-0406-H-024
WO-2025-0404-H-021,2025-04-04,harvest,harvest,3,77,G3-01,16,9,1691,1374,bunches,16.0,9.0,partial,07:14,12:58,WO-2025-0407-H-022
WO-2025-0404-H-022,2025-04-04,harvest,harvest,3,78,G3-01,14,0,1362,0,bunches,14.0,0.0,not_started,06:51,,WO-2025-0405-H-017
WO-2025-0404-H-023,2025-04-04,harvest,harvest,3,87,G3-01,20,9,1955,1408,bunches,20.0,9.0,partial,07:17,12:25,WO-2025-0407-H-026
WO-2025-0404-H-024,2025-04-04,harvest,harvest,3,91,G3-02,9,9,917,957,bunches,9.0,9.0,completed,06:57,14:24,
WO-2025-0404-H-025,2025-04-04,harvest,harvest,3,96,G3-02,16,9,1601,1470,bunches,16.0,9.0,completed,06:57,13:11,
WO-2025-0404-H-026,2025-04-04,harvest,harvest,3,105,G3-03,15,9,1487,1110,bunches,15.0,9.0,partial,07:03,12:32,
WO-2025-0404-H-027,2025-04-04,harvest,harvest,3,106,G3-03,11,9,1095,819,bunches,11.0,9.0,partial,07:21,13:03,
WO-2025-0404-H-028,2025-04-04,harvest,harvest,3,116,G3-04,13,5,1253,540,bunches,13.0,5.0,partial,07:12,10:14,WO-2025-0409-H-030
WO-2025-0404-H-029,2025-04-04,harvest,harvest,3,117,G3-04,9,0,859,0,bunches,9.0,0.0,not_started,06:46,,WO-2025-0405-H-028
WO-2025-0404-H-030,2025-04-04,harvest,harvest,3,119,G3-04,7,3,627,308,bunches,7.0,3.0,partial,07:14,10:26,
WO-2025-0404-H-031,2025-04-04,harvest,harvest,4,126,G4-01,4,0,437,0,bunches,4.0,0.0,not_started,06:46,,WO-2025-0405-H-032
WO-2025-0404-H-032,2025-04-04,harvest,harvest,4,129,G4-01,21,9,2225,1602,bunches,21.0,9.0,partial,06:56,11:46,
WO-2025-0404-H-033,2025-04-04,harvest,harvest,4,132,G4-01,21,9,2222,1693,bunches,21.0,9.0,partial,07:14,12:30,WO-2025-0408-H-037
WO-2025-0404-H-034,2025-04-04,harvest,harvest,4,134,G4-02,27,9,2904,2036,bunches,27.0,9.0,partial,06:51,12:06,
WO-2025-0404-H-035,2025-04-04,harvest,harvest,4,141,G4-02,26,0,2748,0,bunches,26.0,0.0,not_started,06:47,,WO-2025-0405-H-036
WO-2025-0404-H-036,2025-04-04,harvest,harvest,4,143,G4-02,23,9,2413,1815,bunches,23.0,9.0,partial,07:03,12:51,
WO-2025-0404-H-037,2025-04-04,harvest,harvest,4,144,G4-03,13,9,1283,1476,bunches,13.0,9.0,completed,06:55,15:17,
WO-2025-0404-H-038,2025-04-04,harvest,harvest,4,146,G4-03,17,9,1829,1550,bunches,17.0,9.0,partial,07:07,13:14,WO-2025-0406-H-044
WO-2025-0404-H-039,2025-04-04,harvest,harvest,4,148,G4-03,10,9,997,976,bunches,10.0,9.0,completed,07:15,14:36,
WO-2025-0404-H-040,2025-04-04,harvest,harvest,4,151,G4-03,17,9,1739,1436,bunches,17.0,9.0,partial,06:57,13:06,
WO-2025-0404-H-041,2025-04-04,harvest,harvest,4,153,G4-03,18,9,1865,1509,bunches,18.0,9.0,partial,06:47,12:14,WO-2025-0407-H-038
WO-2025-0404-H-042,2025-04-04,harvest,harvest,4,154,G4-03,3,0,305,0,bunches,3.0,0.0,not_started,07:09,,WO-2025-0405-H-041
WO-2025-0404-H-043,2025-04-04,harvest,harvest,4,159,G4-04,43,9,4441,2096,bunches,43.0,9.0,partial,07:13,10:59,WO-2025-0409-H-037
WO-2025-0404-H-044,2025-04-04,harvest,harvest,4,165,G4-04,12,0,1263,0,bunches,12.0,0.0,not_started,06:55,,WO-2025-0405-H-042
WO-2025-0404-H-045,2025-04-04,harvest,harvest,5,170,G5-01,9,0,982,0,bunches,9.0,0.0,not_started,06:49,,WO-2025-0405-H-045
WO-2025-0404-H-046,2025-04-04,harvest,harvest,5,172,G5-01,11,9,1181,1107,bunches,11.0,9.0,completed,06:55,13:37,
WO-2025-0404-H-047,2025-04-04,harvest,harvest,5,176,G5-01,15,9,1536,1280,bunches,15.0,9.0,partial,06:46,12:51,WO-2025-0408-H-047
WO-2025-0404-H-048,2025-04-04,harvest,harvest,5,178,G5-01,19,9,1926,1310,bunches,19.0,9.0,partial,06:54,11:35,WO-2025-0406-H-049
WO-2025-0404-H-049,2025-04-04,harvest,harvest,5,179,G5-01,16,9,1724,1530,bunches,16.0,9.0,completed,07:03,13:03,
WO-2025-0404-H-050,2025-04-04,harvest,harvest,5,190,G5-02,17,9,1812,1388,bunches,17.0,9.0,partial,06:54,12:19,WO-2025-0407-H-049
WO-2025-0404-H-051,2025-04-04,harvest,harvest,5,194,G5-03,18,0,1898,0,bunches,18.0,0.0,not_started,07:02,,WO-2025-0405-H-047
WO-2025-0404-H-052,2025-04-04,harvest,harvest,5,195,G5-03,24,9,2505,1316,bunches,24.0,9.0,partial,07:16,10:50,WO-2025-0406-H-053
WO-2025-0404-H-053,2025-04-04,harvest,harvest,6,230,G6-02,33,9,3407,2049,bunches,33.0,9.0,partial,07:10,11:25,
WO-2025-0404-H-054,2025-04-04,harvest,harvest,6,251,G6-03,47,0,4710,0,bunches,47.0,0.0,not_started,07:15,,WO-2025-0405-H-052
WO-2025-0404-H-055,2025-04-04,harvest,harvest,6,252,G6-03,14,9,1429,1245,bunches,14.0,9.0,completed,06:45,12:39,
WO-2025-0404-H-056,2025-04-04,harvest,harvest,6,254,G6-03,12,9,1193,965,bunches,12.0,9.0,partial,07:16,12:57,
WO-2025-0404-H-057,2025-04-04,harvest,harvest,6,256,G6-03,15,9,1434,850,bunches,15.0,9.0,partial,07:18,11:33,WO-2025-0408-H-054
WO-2025-0404-H-058,2025-04-04,harvest,harvest,6,260,G6-04,15,9,1508,1127,bunches,15.0,9.0,partial,06:48,12:07,
WO-2025-0404-H-059,2025-04-04,harvest,harvest,6,268,G6-05,19,9,2008,1453,bunches,19.0,9.0,partial,07:18,12:26,
WO-2025-0404-H-060,2025-04-04,harvest,harvest,6,379,G6-05,25,9,2549,1962,bunches,25.0,9.0,partial,06:47,12:23,
WO-2025-0404-H-061,2025-04-04,harvest,harvest,7,287,G7-01,19,9,1971,1358,bunches,19.0,9.0,partial,06:55,11:32,
WO-2025-0404-H-062,2025-04-04,harvest,harvest,7,291,G7-01,22,9,2220,1949,bunches,22.0,9.0,completed,07:08,13:19,
WO-2025-0404-H-063,2025-04-04,harvest,harvest,7,296,G7-01,13,0,1308,0,bunches,13.0,0.0,not_started,07:02,,WO-2025-0405-H-057
WO-2025-0404-H-064,2025-04-04,harvest,harvest,7,298,G7-01,15,9,1573,1206,bunches,15.0,9.0,partial,07:04,12:35,WO-2025-0408-H-059
WO-2025-0404-H-065,2025-04-04,harvest,harvest,7,303,G7-02,26,9,2643,1713,bunches,26.0,9.0,partial,07:10,12:11,WO-2025-0407-H-058
WO-2025-0404-H-066,2025-04-04,harvest,harvest,7,304,G7-02,17,9,1722,1332,bunches,17.0,9.0,partial,07:02,12:40,WO-2025-0408-H-061
WO-2025-0404-H-067,2025-04-04,harvest,harvest,7,335,G7-03,12,9,1213,1052,bunches,12.0,9.0,completed,07:12,13:19,
WO-2025-0404-H-068,2025-04-04,harvest,harvest,7,336,G7-03,21,9,2180,2134,bunches,21.0,9.0,completed,06:59,13:54,
WO-2025-0404-H-069,2025-04-04,harvest,harvest,7,345,G7-04,23,9,2415,1482,bunches,23.0,9.0,partial,06:56,10:59,WO-2025-0409-H-063
WO-2025-0405-H-001,2025-04-05,harvest,harvest,1,11,G1-02,9,0,891,0,bunches,9.0,0.0,not_started,06:56,,WO-2025-0406-H-003
WO-2025-0405-H-002,2025-04-05,harvest,harvest,1,15,G1-02,11,9,1133,986,bunches,11.0,9.0,completed,06:54,13:32,
WO-2025-0405-H-003,2025-04-05,harvest,harvest,1,20,G1-02,9,8,913,793,bunches,9.0,8.0,completed,06:48,12:50,
WO-2025-0405-H-004,2025-04-05,harvest,harvest,1,22,G1-03,10,9,1023,1032,bunches,10.0,9.0,completed,07:01,13:55,
WO-2025-0405-H-005,2025-04-05,harvest,harvest,1,26,G1-03,10,9,1014,1091,bunches,10.0,9.0,completed,07:01,14:25,
WO-2025-0405-H-006,2025-04-05,harvest,harvest,1,32,G1-04,8,8,875,853,bunches,8.0,8.0,completed,06:59,14:10,
WO-2025-0405-H-007,2025-04-05,harvest,harvest,1,35,G1-04,12,9,1259,959,bunches,12.0,9.0,partial,07:10,12:56,WO-2025-0409-H-012
WO-2025-0405-H-008,2025-04-05,harvest,harvest,1,36,G1-04,7,6,718,679,bunches,7.0,6.0,completed,06:47,13:12,
WO-2025-0405-H-009,2025-04-05,harvest,harvest,2,46,G2-01,22,0,2163,0,bunches,22.0,0.0,not_started,07:03,,WO-2025-0406-H-015
WO-2025-0405-H-010,2025-04-05,harvest,harvest,2,47,G2-01,17,9,1654,994,bunches,17.0,9.0,partial,06:53,11:16,WO-2025-0409-H-014
WO-2025-0405-H-011,2025-04-05,harvest,harvest,2,59,G2-03,14,9,1372,1319,bunches,14.0,9.0,completed,07:16,14:27,
WO-2025-0405-H-012,2025-04-05,harvest,harvest,2,62,G2-03,6,6,675,675,bunches,6.0,6.0,completed,07:04,14:13,
WO-2025-0405-H-013,2025-04-05,harvest,harvest,2,64,G2-03,10,9,1047,1064,bunches,10.0,9.0,completed,07:00,14:33,
WO-2025-0405-H-014,2025-04-05,harvest,harvest,2,69,G2-04,14,0,1370,0,bunches,14.0,0.0,not_started,06:59,,WO-2025-0406-H-020
WO-2025-0405-H-015,2025-04-05,harvest,harvest,2,70,G2-04,11,8,1047,835,bunches,11.0,8.0,partial,06:46,12:27,WO-2025-0406-H-021
WO-2025-0405-H-016,2025-04-05,harvest,harvest,3,76,G3-01,18,0,1843,0,bunches,18.0,0.0,not_started,07:11,,WO-2025-0406-H-024
WO-2025-0405-H-017,2025-04-05,harvest,harvest,3,78,G3-01,14,9,1362,1061,bunches,14.0,9.0,partial,07:09,12:36,WO-2025-0409-H-021
WO-2025-0405-H-018,2025-04-05,harvest,harvest,3,84,G3-01,18,9,1836,1909,bunches,18.0,9.0,completed,07:09,14:15,
WO-2025-0405-H-019,2025-04-05,harvest,harvest,3,90,G3-02,12,9,1215,1194,bunches,12.0,9.0,completed,07:11,14:06,
WO-2025-0405-H-020,2025-04-05,harvest,harvest,3,94,G3-02,9,9,875,1006,bunches,9.0,9.0,completed,06:45,15:15,
WO-2025-0405-H-021,2025-04-05,harvest,harvest,3,98,G3-02,12,9,1233,1201,bunches,12.0,9.0,completed,07:10,14:10,
WO-2025-0405-H-022,2025-04-05,harvest,harvest,3,100,G3-02,13,9,1354,1557,bunches,13.0,9.0,completed,07:20,15:34,
WO-2025-0405-H-023,2025-04-05,harvest,harvest,3,101,G3-03,13,0,1327,0,bunches,13.0,0.0,not_started,07:12,,WO-2025-0406-H-032
WO-2025-0405-H-024,2025-04-05,harvest,harvest,3,107,G3-03,17,9,1769,1580,bunches,17.0,9.0,completed,07:19,13:25,
WO-2025-0405-H-025,2025-04-05,harvest,harvest,3,108,G3-03,23,9,2375,1980,bunches,23.0,9.0,partial,06:58,12:36,
WO-2025-0405-H-026,2025-04-05,harvest,harvest,3,114,G3-04,8,0,785,0,bunches,8.0,0.0,not_started,06:47,,WO-2025-0406-H-035
WO-2025-0405-H-027,2025-04-05,harvest,harvest,3,115,G3-04,10,8,1010,854,bunches,10.0,8.0,partial,07:07,12:49,WO-2025-0407-H-031
WO-2025-0405-H-028,2025-04-05,harvest,harvest,3,117,G3-04,9,7,859,666,bunches,9.0,7.0,partial,07:09,12:49,
WO-2025-0405-H-029,2025-04-05,harvest,harvest,3,118,G3-04,5,0,457,0,bunches,5.0,0.0,not_started,06:47,,WO-2025-0406-H-036
WO-2025-0405-H-030,2025-04-05,harvest,harvest,3,369,G3-04,1,0,156,0,bunches,1.0,0.0,not_started,07:16,,WO-2025-0406-H-038
WO-2025-0405-H-031,2025-04-05,harvest,harvest,4,123,G4-01,7,6,693,588,bunches,7.0,6.0,partial,07:05,12:00,
WO-2025-0405-H-032,2025-04-05,harvest,harvest,4,126,G4-01,4,4,437,403,bunches,4.0,4.0,completed,07:18,14:12,
WO-2025-0405-H-033,2025-04-05,harvest,harvest,4,128,G4-01,20,9,2091,1990,bunches,20.0,9.0,completed,07:00,13:43,
WO-2025-0405-H-034,2025-04-05,harvest,harvest,4,133,G4-02,21,9,2312,2210,bunches,21.0,9.0,completed,06:52,14:02,
WO-2025-0405-H-035,2025-04-05,harvest,harvest,4,137,G4-02,36,0,3726,0,bunches,36.0,0.0,not_started,06:54,,WO-2025-0406-H-041
WO-2025-0405-H-036,2025-04-05,harvest,harvest,4,141,G4-02,26,9,2748,2100,bunches,26.0,9.0,partial,07:16,12:47,
WO-2025-0405-H-037,2025-04-05,harvest,harvest,4,145,G4-03,16,0,1620,0,bunches,16.0,0.0,not_started,06:50,,WO-2025-0406-H-043
WO-2025-0405-H-038,2025-04-05,harvest,harvest,4,146,G4-03,15,0,1600,0,bunches,15.0,0.0,not_started,07:12,,WO-2025-0406-H-044
WO-2025-0405-H-039,2025-04-05,harvest,harvest,4,147,G4-03,24,9,2416,1611,bunches,24.0,9.0,partial,07:09,12:06,
WO-2025-0405-H-040,2025-04-05,harvest,harvest,4,150,G4-03,10,9,981,1006,bunches,10.0,9.0,completed,07:10,14:10,
WO-2025-0405-H-041,2025-04-05,harvest,harvest,4,154,G4-03,3,3,305,253,bunches,3.0,3.0,partial,06:59,13:12,
WO-2025-0405-H-042,2025-04-05,harvest,harvest,4,165,G4-04,12,9,1263,1171,bunches,12.0,9.0,completed,07:14,14:12,
WO-2025-0405-H-043,2025-04-05,harvest,harvest,4,166,G4-04,10,8,1018,813,bunches,10.0,8.0,partial,07:08,12:52,
WO-2025-0405-H-044,2025-04-05,harvest,harvest,5,168,G5-01,11,0,1183,0,bunches,11.0,0.0,not_started,07:18,,WO-2025-0406-H-047
WO-2025-0405-H-045,2025-04-05,harvest,harvest,5,170,G5-01,9,9,982,902,bunches,9.0,9.0,completed,07:17,13:37,
WO-2025-0405-H-046,2025-04-05,harvest,harvest,5,177,G5-01,15,9,1559,1438,bunches,15.0,9.0,completed,07:08,13:51,
WO-2025-0405-H-047,2025-04-05,harvest,harvest,5,194,G5-03,18,9,1898,2107,bunches,18.0,9.0,completed,07:06,15:13,
WO-2025-0405-H-048,2025-04-05,harvest,harvest,5,196,G5-03,24,9,2437,2508,bunches,24.0,9.0,completed,06:49,14:36,
WO-2025-0405-H-049,2025-04-05,harvest,harvest,6,208,G6-01,9,0,908,0,bunches,9.0,0.0,not_started,06:55,,WO-2025-0406-H-059
WO-2025-0405-H-050,2025-04-05,harvest,harvest,6,213,G6-02,19,0,2056,0,bunches,19.0,0.0,not_started,06:51,,WO-2025-0406-H-062
WO-2025-0405-H-051,2025-04-05,harvest,harvest,6,215,G6-02,19,9,1958,1351,bunches,19.0,9.0,partial,06:45,11:40,
WO-2025-0405-H-052,2025-04-05,harvest,harvest,6,251,G6-03,47,9,4710,2213,bunches,47.0,9.0,partial,07:12,10:48,
WO-2025-0405-H-053,2025-04-05,harvest,harvest,6,269,G6-05,12,0,1294,0,bunches,12.0,0.0,not_started,07:14,,WO-2025-0406-H-066
WO-2025-0405-H-054,2025-04-05,harvest,harvest,7,288,G7-01,5,4,489,435,bunches,5.0,4.0,completed,07:04,13:29,
WO-2025-0405-H-055,2025-04-05,harvest,harvest,7,290,G7-01,11,8,1121,839,bunches,11.0,8.0,partial,07:11,12:30,
WO-2025-0405-H-056,2025-04-05,harvest,harvest,7,295,G7-01,7,6,685,565,bunches,7.0,6.0,partial,07:05,12:49,
WO-2025-0405-H-057,2025-04-05,harvest,harvest,7,296,G7-01,13,9,1308,1359,bunches,13.0,9.0,completed,06:54,14:09,
WO-2025-0405-H-058,2025-04-05,harvest,harvest,7,297,G7-01,14,0,1331,0,bunches,14.0,0.0,not_started,07:14,,WO-2025-0406-H-070
WO-2025-0405-H-059,2025-04-05,harvest,harvest,7,302,G7-02,23,9,2301,1450,bunches,23.0,9.0,partial,06:53,11:41,
WO-2025-0405-H-060,2025-04-05,harvest,harvest,7,306,G7-02,25,0,2501,0,bunches,25.0,0.0,not_started,06:57,,WO-2025-0406-H-072
WO-2025-0405-H-061,2025-04-05,harvest,harvest,7,332,G7-03,21,9,2154,1054,bunches,21.0,9.0,partial,07:02,10:22,
WO-2025-0405-H-062,2025-04-05,harvest,harvest,7,341,G7-04,15,9,1532,1214,bunches,15.0,9.0,partial,07:17,13:03,WO-2025-0408-H-066
WO-2025-0405-H-063,2025-04-05,harvest,harvest,7,346,G7-04,18,9,1892,1383,bunches,18.0,9.0,partial,06:46,12:17,
WO-2025-0406-H-001,2025-04-06,harvest,harvest,1,7,G1-01,17,9,1725,1421,bunches,17.0,9.0,partial,07:02,12:58,
WO-2025-0406-H-002,2025-04-06,harvest,harvest,1,8,G1-01,10,8,962,786,bunches,10.0,8.0,partial,07:03,13:20,WO-2025-0411-H-002
WO-2025-0406-H-003,2025-04-06,harvest,harvest,1,11,G1-02,9,9,891,926,bunches,9.0,9.0,completed,06:59,14:08,
WO-2025-0406-H-004,2025-04-06,harvest,harvest,1,13,G1-02,11,9,1092,1120,bunches,11.0,9.0,completed,07:02,14:18,
WO-2025-0406-H-005,2025-04-06,harvest,harvest,1,14,G1-02,11,9,1088,1071,bunches,11.0,9.0,completed,06:50,13:49,
WO-2025-0406-H-006,2025-04-06,harvest,harvest,1,18,G1-02,9,0,918,0,bunches,9.0,0.0,not_started,06:56,,WO-2025-0407-H-007
WO-2025-0406-H-007,2025-04-06,harvest,harvest,1,21,G1-03,7,7,721,685,bunches,7.0,7.0,completed,06:49,13:55,
WO-2025-0406-H-008,2025-04-06,harvest,harvest,1,25,G1-03,9,9,865,895,bunches,9.0,9.0,completed,06:45,14:19,
WO-2025-0406-H-009,2025-04-06,harvest,harvest,1,28,G1-03,8,7,833,739,bunches,8.0,7.0,completed,06:48,13:27,
WO-2025-0406-H-010,2025-04-06,harvest,harvest,1,38,G1-04,15,9,1488,1182,bunches,15.0,9.0,partial,06:55,12:23,WO-2025-0411-H-013
WO-2025-0406-H-011,2025-04-06,harvest,harvest,1,39,G1-04,9,6,848,592,bunches,9.0,6.0,partial,06:46,11:50,
WO-2025-0406-H-012,2025-04-06,harvest,harvest,2,42,G2-01,8,7,815,725,bunches,8.0,7.0,completed,06:55,13:39,
WO-2025-0406-H-013,2025-04-06,harvest,harvest,2,44,G2-01,10,9,1023,955,bunches,10.0,9.0,completed,06:48,13:42,
WO-2025-0406-H-014,2025-04-06,harvest,harvest,2,45,G2-01,14,9,1406,1388,bunches,14.0,9.0,completed,06:57,13:42,
WO-2025-0406-H-015,2025-04-06,harvest,harvest,2,46,G2-01,22,9,2163,1933,bunches,22.0,9.0,completed,07:02,13:21,
WO-2025-0406-H-016,2025-04-06,harvest,harvest,2,51,G2-02,16,9,1568,1650,bunches,16.0,9.0,completed,07:10,14:35,
WO-2025-0406-H-017,2025-04-06,harvest,harvest,2,52,G2-02,10,9,1061,1140,bunches,10.0,9.0,completed,07:12,15:00,
WO-2025-0406-H-018,2025-04-06,harvest,harvest,2,56,G2-02,13,9,1294,983,bunches,13.0,9.0,partial,07:20,12:39,WO-2025-0407-H-018
WO-2025-0406-H-019,2025-04-06,harvest,harvest,2,57,G2-02,7,7,670,652,bunches,7.0,7.0,completed,07:04,14:06,
WO-2025-0406-H-020,2025-04-06,harvest,harvest,2,69,G2-04,14,9,1370,1354,bunches,14.0,9.0,completed,07:19,14:03,
WO-2025-0406-H-021,2025-04-06,harvest,harvest,2,70,G2-04,11,8,1077,835,bunches,11.0,8.0,partial,06:50,12:29,WO-2025-0411-H-024
WO-2025-0406-H-022,2025-04-06,harvest,harvest,2,71,G2-04,10,0,1072,0,bunches,10.0,0.0,not_started,07:08,,WO-2025-0407-H-020
WO-2025-0406-H-023,2025-04-06,harvest,harvest,2,73,G2-04,16,9,1642,1202,bunches,16.0,9.0,partial,06:55,12:05,
WO-2025-0406-H-024,2025-04-06,harvest,harvest,3,76,G3-01,18,9,1843,1665,bunches,18.0,9.0,completed,07:12,13:36,
WO-2025-0406-H-025,2025-04-06,harvest,harvest,3,80,G3-01,9,8,856,715,bunches,9.0,8.0,partial,06:48,12:25,
WO-2025-0406-H-026,2025-04-06,harvest,harvest,3,85,G3-01,13,0,1367,0,bunches,13.0,0.0,not_started,07:17,,WO-2025-0407-H-025
WO-2025-0406-H-027,2025-04-06,harvest,harvest,3,86,G3-01,13,9,1275,1397,bunches,13.0,9.0,completed,06:54,15:01,
WO-2025-0406-H-028,2025-04-06,harvest,harvest,3,87,G3-01,25,0,2431,0,bunches,25.0,0.0,not_started,07:20,,WO-2025-0407-H-026
WO-2025-0406-H-029,2025-04-06,harvest,harvest,3,92,G3-02,11,9,1124,1072,bunches,11.0,9.0,completed,06:53,13:47,
WO-2025-0406-H-030,2025-04-06,harvest,harvest,3,97,G3-02,12,9,1170,1101,bunches,12.0,9.0,completed,07:01,14:05,
WO-2025-0406-H-031,2025-04-06,harvest,harvest,3,99,G3-02,11,9,1095,963,bunches,11.0,9.0,completed,07:13,13:10,
WO-2025-0406-H-032,2025-04-06,harvest,harvest,3,101,G3-03,13,9,1327,1474,bunches,13.0,9.0,completed,06:47,15:05,
WO-2025-0406-H-033,2025-04-06,harvest,harvest,3,110,G3-03,12,9,1250,1132,bunches,12.0,9.0,completed,06:51,13:05,
WO-2025-0406-H-034,2025-04-06,harvest,harvest,3,113,G3-03,14,9,1424,1335,bunches,14.0,9.0,completed,06:56,13:48,
WO-2025-0406-H-035,2025-04-06,harvest,harvest,3,114,G3-04,8,8,785,825,bunches,8.0,8.0,completed,07:03,14:42,
WO-2025-0406-H-036,2025-04-06,harvest,harvest,3,118,G3-04,5,5,457,524,bunches,5.0,5.0,completed,06:57,15:27,
WO-2025-0406-H-037,2025-04-06,harvest,harvest,3,120,G3-04,10,9,971,935,bunches,10.0,9.0,completed,07:18,14:19,
WO-2025-0406-H-038,2025-04-06,harvest,harvest,3,369,G3-04,1,2,156,173,bunches,1.0,2.0,completed,06:48,14:40,
WO-2025-0406-H-039,2025-04-06,harvest,harvest,4,127,G4-01,6,3,645,371,bunches,6.0,3.0,partial,07:12,11:17,
WO-2025-0406-H-040,2025-04-06,harvest,harvest,4,130,G4-01,33,9,3602,1937,bunches,33.0,9.0,partial,06:53,10:00,
WO-2025-0406-H-041,2025-04-06,harvest,harvest,4,137,G4-02,36,9,3726,1769,bunches,36.0,9.0,partial,07:01,10:42,
WO-2025-0406-H-042,2025-04-06,harvest,harvest,4,139,G4-02,26,0,2860,0,bunches,26.0,0.0,not_started,06:45,,WO-2025-0407-H-036
WO-2025-0406-H-043,2025-04-06,harvest,harvest,4,145,G4-03,16,9,1620,1648,bunches,16.0,9.0,completed,06:50,14:18,
WO-2025-0406-H-044,2025-04-06,harvest,harvest,4,146,G4-03,15,9,1600,1550,bunches,15.0,9.0,completed,06:00,14:21,
WO-2025-0406-H-045,2025-04-06,harvest,harvest,4,152,G4-03,19,0,1938,0,bunches,19.0,0.0,not_started,06:47,,WO-2025-0407-H-037
WO-2025-0406-H-046,2025-04-06,harvest,harvest,4,160,G4-04,35,9,3595,2099,bunches,35.0,9.0,partial,07:12,11:10,
WO-2025-0406-H-047,2025-04-06,harvest,harvest,5,168,G5-01,11,9,1183,1189,bunches,11.0,9.0,completed,07:14,14:50,
WO-2025-0406-H-048,2025-04-06,harvest,harvest,5,171,G5-01,16,0,1703,0,bunches,16.0,0.0,not_started,07:01,,WO-2025-0407-H-040
WO-2025-0406-H-049,2025-04-06,harvest,harvest,5,178,G5-01,16,9,1651,1310,bunches,16.0,9.0,partial,06:51,12:34,
WO-2025-0406-H-050,2025-04-06,harvest,harvest,5,189,G5-02,29,9,2956,1422,bunches,29.0,9.0,partial,06:59,10:21,WO-2025-0411-H-051
WO-2025-0406-H-051,2025-04-06,harvest,harvest,5,192,G5-02,6,0,654,0,bunches,6.0,0.0,not_started,06:46,,WO-2025-0407-H-050
WO-2025-0406-H-052,2025-04-06,harvest,harvest,5,193,G5-03,19,9,1911,1456,bunches,19.0,9.0,partial,06:00,12:43,WO-2025-0411-H-053
WO-2025-0406-H-053,2025-04-06,harvest,harvest,5,195,G5-03,11,9,1183,1316,bunches,11.0,9.0,completed,07:15,15:09,
WO-2025-0406-H-054,2025-04-06,harvest,harvest,5,197,G5-03,17,9,1748,1705,bunches,17.0,9.0,completed,06:52,13:57,
WO-2025-0406-H-055,2025-04-06,harvest,harvest,5,199,G5-03,18,9,1794,1602,bunches,18.0,9.0,completed,07:13,13:15,
WO-2025-0406-H-056,2025-04-06,harvest,harvest,6,203,G6-01,19,9,2048,1685,bunches,19.0,9.0,partial,07:19,13:22,WO-2025-0411-H-055
WO-2025-0406-H-057,2025-04-06,harvest,harvest,6,205,G6-01,17,9,1782,1815,bunches,17.0,9.0,completed,07:03,14:45,
WO-2025-0406-H-058,2025-04-06,harvest,harvest,6,207,G6-01,19,0,2007,0,bunches,19.0,0.0,not_started,07:13,,WO-2025-0407-H-051
WO-2025-0406-H-059,2025-04-06,harvest,harvest,6,208,G6-01,9,9,908,1000,bunches,9.0,9.0,completed,06:55,15:11,
WO-2025-0406-H-060,2025-04-06,harvest,harvest,6,209,G6-01,9,8,877,821,bunches,9.0,8.0,completed,07:19,14:14,
WO-2025-0406-H-061,2025-04-06,harvest,harvest,6,210,G6-01,21,9,2265,2087,bunches,21.0,9.0,completed,07:18,14:01,
WO-2025-0406-H-062,2025-04-06,harvest,harvest,6,213,G6-02,19,9,2056,1161,bunches,19.0,9.0,partial,07:05,10:58,WO-2025-0410-H-035
WO-2025-0406-H-063,2025-04-06,harvest,harvest,6,259,G6-04,14,9,1409,1482,bunches,14.0,9.0,completed,07:20,14:44,
WO-2025-0406-H-064,2025-04-06,harvest,harvest,6,264,G6-04,7,0,701,0,bunches,7.0,0.0,not_started,06:52,,WO-2025-0407-H-056
WO-2025-0406-H-065,2025-04-06,harvest,harvest,6,267,G6-04,12,9,1334,1253,bunches,12.0,9.0,completed,07:10,13:48,
WO-2025-0406-H-066,2025-04-06,harvest,harvest,6,269,G6-05,12,9,1294,1280,bunches,12.0,9.0,completed,07:14,14:08,
WO-2025-0406-H-067,2025-04-06,harvest,harvest,6,272,G6-05,21,9,2128,2169,bunches,21.0,9.0,completed,07:07,14:40,
WO-2025-0406-H-068,2025-04-06,harvest,harvest,6,380,G6-05,24,0,2677,0,bunches,24.0,0.0,not_started,06:58,,WO-2025-0407-H-057
WO-2025-0406-H-069,2025-04-06,harvest,harvest,7,289,G7-01,11,9,1133,961,bunches,11.0,9.0,partial,06:53,13:05,
WO-2025-0406-H-070,2025-04-06,harvest,harvest,7,297,G7-01,14,9,1331,1027,bunches,14.0,9.0,partial,07:10,12:24,WO-2025-0409-H-055
WO-2025-0406-H-071,2025-04-06,harvest,harvest,7,303,G7-02,24,0,2403,0,bunches,24.0,0.0,not_started,07:20,,WO-2025-0407-H-058
WO-2025-0406-H-072,2025-04-06,harvest,harvest,7,306,G7-02,25,9,2501,1872,bunches,25.0,9.0,partial,07:00,12:45,WO-2025-0411-H-064
WO-2025-0406-H-073,2025-04-06,harvest,harvest,7,309,G7-02,14,9,1413,1083,bunches,14.0,9.0,partial,06:48,12:43,WO-2025-0409-H-058
WO-2025-0406-H-074,2025-04-06,harvest,harvest,7,329,G7-03,16,9,1619,872,bunches,16.0,9.0,partial,07:15,10:50,WO-2025-0410-H-043
WO-2025-0406-H-075,2025-04-06,harvest,harvest,7,340,G7-04,12,9,1218,1283,bunches,12.0,9.0,completed,07:14,15:10,
WO-2025-0406-H-076,2025-04-06,harvest,harvest,7,348,G7-04,19,9,2039,1836,bunches,19.0,9.0,completed,07:09,13:58,
WO-2025-0407-H-001,2025-04-07,harvest,harvest,1,6,G1-01,3,2,295,252,bunches,3.0,2.0,completed,07:09,13:14,
WO-2025-0407-H-002,2025-04-07,harvest,harvest,1,9,G1-01,7,5,721,505,bunches,7.0,5.0,partial,06:51,11:31,WO-2025-0409-H-002
WO-2025-0407-H-003,2025-04-07,harvest,harvest,1,12,G1-02,11,9,1112,896,bunches,11.0,9.0,partial,06:56,12:27,
WO-2025-0407-H-004,2025-04-07,harvest,harvest,1,15,G1-02,13,0,1303,0,bunches,13.0,0.0,not_started,07:15,,WO-2025-0408-H-004
WO-2025-0407-H-005,2025-04-07,harvest,harvest,1,16,G1-02,10,9,1002,893,bunches,10.0,9.0,completed,06:47,12:59,
WO-2025-0407-H-006,2025-04-07,harvest,harvest,1,17,G1-02,18,0,1774,0,bunches,18.0,0.0,not_started,07:07,,WO-2025-0408-H-005
WO-2025-0407-H-007,2025-04-07,harvest,harvest,1,18,G1-02,9,9,918,850,bunches,9.0,9.0,completed,07:17,14:19,
WO-2025-0407-H-008,2025-04-07,harvest,harvest,1,19,G1-02,4,4,389,366,bunches,4.0,4.0,completed,07:21,13:47,
WO-2025-0407-H-009,2025-04-07,harvest,harvest,1,23,G1-03,10,8,1002,780,bunches,10.0,8.0,partial,07:01,12:46,WO-2025-0411-H-007
WO-2025-0407-H-010,2025-04-07,harvest,harvest,1,25,G1-03,10,9,1020,895,bunches,10.0,9.0,completed,07:13,13:25,
WO-2025-0407-H-011,2025-04-07,harvest,harvest,1,26,G1-03,11,9,1132,1091,bunches,11.0,9.0,completed,06:52,13:58,
WO-2025-0407-H-012,2025-04-07,harvest,harvest,1,27,G1-03,12,8,1176,872,bunches,12.0,8.0,partial,06:50,12:18,WO-2025-0408-H-007
WO-2025-0407-H-013,2025-04-07,harvest,harvest,1,36,G1-04,11,6,1137,679,bunches,11.0,6.0,partial,06:00,10:59,WO-2025-0408-H-012
WO-2025-0407-H-014,2025-04-07,harvest,harvest,1,37,G1-04,15,9,1587,1021,bunches,15.0,9.0,partial,07:04,11:43,WO-2025-0408-H-013
WO-2025-0407-H-015,2025-04-07,harvest,harvest,2,43,G2-01,10,8,1022,834,bunches,10.0,8.0,partial,07:02,13:15,WO-2025-0410-H-008
WO-2025-0407-H-016,2025-04-07,harvest,harvest,2,44,G2-01,16,0,1598,0,bunches,16.0,0.0,not_started,07:17,,WO-2025-0408-H-015
WO-2025-0407-H-017,2025-04-07,harvest,harvest,2,50,G2-02,13,9,1333,1262,bunches,13.0,9.0,completed,07:01,13:35,
WO-2025-0407-H-018,2025-04-07,harvest,harvest,2,56,G2-02,11,9,1122,983,bunches,11.0,9.0,completed,07:08,13:27,
WO-2025-0407-H-019,2025-04-07,harvest,harvest,2,58,G2-02,11,9,1112,882,bunches,11.0,9.0,partial,07:20,12:45,
WO-2025-0407-H-020,2025-04-07,harvest,harvest,2,71,G2-04,10,8,1072,792,bunches,10.0,8.0,partial,06:52,12:33,WO-2025-0410-H-013
WO-2025-0407-H-021,2025-04-07,harvest,harvest,2,72,G2-04,35,0,3526,0,bunches,35.0,0.0,not_started,07:10,,WO-2025-0408-H-021
WO-2025-0407-H-022,2025-04-07,harvest,harvest,3,77,G3-01,16,9,1592,1374,bunches,16.0,9.0,completed,07:21,13:42,
WO-2025-0407-H-023,2025-04-07,harvest,harvest,3,79,G3-01,11,9,1126,920,bunches,11.0,9.0,partial,06:53,12:52,WO-2025-0409-H-022
WO-2025-0407-H-024,2025-04-07,harvest,harvest,3,83,G3-01,22,9,2311,1774,bunches,22.0,9.0,partial,06:00,12:53,WO-2025-0410-H-017
WO-2025-0407-H-025,2025-04-07,harvest,harvest,3,85,G3-01,13,9,1367,1313,bunches,13.0,9.0,completed,07:09,14:10,
WO-2025-0407-H-026,2025-04-07,harvest,harvest,3,87,G3-01,25,9,2431,1408,bunches,25.0,9.0,partial,07:03,11:04,WO-2025-0411-H-028
WO-2025-0407-H-027,2025-04-07,harvest,harvest,3,89,G3-02,17,0,1668,0,bunches,17.0,0.0,not_started,07:10,,WO-2025-0408-H-028
WO-2025-0407-H-028,2025-04-07,harvest,harvest,3,104,G3-03,20,9,2036,1254,bunches,20.0,9.0,partial,07:14,11:41,WO-2025-0412-H-025
WO-2025-0407-H-029,2025-04-07,harvest,harvest,3,109,G3-03,16,9,1638,1384,bunches,16.0,9.0,partial,06:57,13:20,WO-2025-0412-H-026
WO-2025-0407-H-030,2025-04-07,harvest,harvest,3,111,G3-03,23,0,2354,0,bunches,23.0,0.0,not_started,07:01,,WO-2025-0408-H-031
WO-2025-0407-H-031,2025-04-07,harvest,harvest,3,115,G3-04,16,8,1568,854,bunches,16.0,8.0,partial,07:14,11:00,WO-2025-0410-H-022
WO-2025-0407-H-032,2025-04-07,harvest,harvest,4,125,G4-01,7,7,686,675,bunches,7.0,7.0,completed,06:50,13:46,
WO-2025-0407-H-033,2025-04-07,harvest,harvest,4,131,G4-01,26,9,2786,2008,bunches,26.0,9.0,partial,07:15,12:20,WO-2025-0412-H-036
WO-2025-0407-H-034,2025-04-07,harvest,harvest,4,133,G4-02,27,0,2932,0,bunches,27.0,0.0,not_started,07:10,,WO-2025-0408-H-038
WO-2025-0407-H-035,2025-04-07,harvest,harvest,4,136,G4-02,21,9,2181,1534,bunches,21.0,9.0,partial,06:56,12:04,WO-2025-0411-H-040
WO-2025-0407-H-036,2025-04-07,harvest,harvest,4,139,G4-02,26,9,2860,2526,bunches,26.0,9.0,completed,07:05,13:45,
WO-2025-0407-H-037,2025-04-07,harvest,harvest,4,152,G4-03,19,9,1938,1804,bunches,19.0,9.0,completed,07:20,14:14,
WO-2025-0407-H-038,2025-04-07,harvest,harvest,4,153,G4-03,19,9,2020,1509,bunches,19.0,9.0,partial,06:52,12:34,WO-2025-0411-H-044
WO-2025-0407-H-039,2025-04-07,harvest,harvest,5,169,G5-01,21,9,2179,1515,bunches,21.0,9.0,partial,06:45,11:41,WO-2025-0411-H-049
WO-2025-0407-H-040,2025-04-07,harvest,harvest,5,171,G5-01,16,9,1703,1316,bunches,16.0,9.0,partial,07:18,13:04,WO-2025-0412-H-044
WO-2025-0407-H-041,2025-04-07,harvest,harvest,5,173,G5-01,14,9,1466,1042,bunches,14.0,9.0,partial,07:02,12:15,
WO-2025-0407-H-042,2025-04-07,harvest,harvest,5,174,G5-01,9,0,921,0,bunches,9.0,0.0,not_started,07:02,,WO-2025-0408-H-046
WO-2025-0407-H-043,2025-04-07,harvest,harvest,5,176,G5-01,16,0,1689,0,bunches,16.0,0.0,not_started,06:50,,WO-2025-0408-H-047
WO-2025-0407-H-044,2025-04-07,harvest,harvest,5,179,G5-01,20,0,2099,0,bunches,20.0,0.0,not_started,07:06,,WO-2025-0408-H-048
WO-2025-0407-H-045,2025-04-07,harvest,harvest,5,181,G5-02,14,9,1440,1309,bunches,14.0,9.0,completed,07:20,14:03,
WO-2025-0407-H-046,2025-04-07,harvest,harvest,5,182,G5-02,12,9,1243,1157,bunches,12.0,9.0,completed,06:52,13:41,
WO-2025-0407-H-047,2025-04-07,harvest,harvest,5,184,G5-02,14,9,1444,979,bunches,14.0,9.0,partial,07:01,11:55,WO-2025-0411-H-050
WO-2025-0407-H-048,2025-04-07,harvest,harvest,5,187,G5-02,13,9,1380,1098,bunches,13.0,9.0,partial,07:03,12:59,
WO-2025-0407-H-049,2025-04-07,harvest,harvest,5,190,G5-02,14,9,1458,1388,bunches,14.0,9.0,completed,06:54,13:36,
WO-2025-0407-H-050,2025-04-07,harvest,harvest,5,192,G5-02,6,7,654,752,bunches,6.0,7.0,completed,07:15,15:09,
WO-2025-0407-H-051,2025-04-07,harvest,harvest,6,207,G6-01,19,9,2007,1352,bunches,19.0,9.0,partial,07:09,11:59,WO-2025-0412-H-050
WO-2025-0407-H-052,2025-04-07,harvest,harvest,6,250,G6-03,11,9,1190,1044,bunches,11.0,9.0,completed,07:01,13:10,
WO-2025-0407-H-053,2025-04-07,harvest,harvest,6,255,G6-03,54,0,5220,0,bunches,54.0,0.0,not_started,06:00,,WO-2025-0408-H-053
WO-2025-0407-H-054,2025-04-07,harvest,harvest,6,257,G6-03,18,9,1814,1494,bunches,18.0,9.0,partial,07:09,13:25,
WO-2025-0407-H-055,2025-04-07,harvest,harvest,6,263,G6-04,39,9,3927,2357,bunches,39.0,9.0,partial,06:51,10:55,
WO-2025-0407-H-056,2025-04-07,harvest,harvest,6,264,G6-04,7,3,701,332,bunches,7.0,3.0,partial,07:14,10:16,
WO-2025-0407-H-057,2025-04-07,harvest,harvest,6,380,G6-05,24,9,2677,1649,bunches,24.0,9.0,partial,06:48,10:52,
WO-2025-0407-H-058,2025-04-07,harvest,harvest,7,303,G7-02,24,9,2403,1713,bunches,24.0,9.0,partial,06:46,11:49,WO-2025-0412-H-058
WO-2025-0407-H-059,2025-04-07,harvest,harvest,7,304,G7-02,18,0,1905,0,bunches,18.0,0.0,not_started,07:17,,WO-2025-0408-H-061
WO-2025-0407-H-060,2025-04-07,harvest,harvest,7,307,G7-02,11,9,1198,1073,bunches,11.0,9.0,completed,07:05,13:11,
WO-2025-0407-H-061,2025-04-07,harvest,harvest,7,331,G7-03,18,9,1759,1061,bunches,18.0,9.0,partial,06:53,11:24,WO-2025-0410-H-044
WO-2025-0407-H-062,2025-04-07,harvest,harvest,7,341,G7-04,21,0,2158,0,bunches,21.0,0.0,not_started,07:04,,WO-2025-0408-H-066
WO-2025-0407-H-063,2025-04-07,harvest,harvest,7,344,G7-04,22,9,2321,1192,bunches,22.0,9.0,partial,06:53,10:19,WO-2025-0410-H-048
WO-2025-0407-H-064,2025-04-07,harvest,harvest,7,347,G7-04,24,0,2579,0,bunches,24.0,0.0,not_started,07:06,,WO-2025-0408-H-068
WO-2025-0408-H-001,2025-04-08,harvest,harvest,1,2,G1-01,12,5,1203,516,bunches,12.0,5.0,partial,07:21,10:10,
WO-2025-0408-H-002,2025-04-08,harvest,harvest,1,5,G1-01,6,0,624,0,bunches,6.0,0.0,not_started,07:15,,WO-2025-0409-H-001
WO-2025-0408-H-003,2025-04-08,harvest,harvest,1,9,G1-01,9,0,947,0,bunches,9.0,0.0,not_started,07:19,,WO-2025-0409-H-002
WO-2025-0408-H-004,2025-04-08,harvest,harvest,1,15,G1-02,13,9,1303,986,bunches,13.0,9.0,partial,07:02,12:39,WO-2025-0412-H-002
WO-2025-0408-H-005,2025-04-08,harvest,harvest,1,17,G1-02,18,9,1774,1104,bunches,18.0,9.0,partial,07:08,11:29,
WO-2025-0408-H-006,2025-04-08,harvest,harvest,1,24,G1-03,15,9,1546,890,bunches,15.0,9.0,partial,06:50,10:00,WO-2025-0410-H-003
WO-2025-0408-H-007,2025-04-08,harvest,harvest,1,27,G1-03,11,8,1079,872,bunches,11.0,8.0,partial,07:18,13:26,WO-2025-0412-H-006
WO-2025-0408-H-008,2025-04-08,harvest,harvest,1,28,G1-03,9,0,887,0,bunches,9.0,0.0,not_started,07:07,,WO-2025-0409-H-008
WO-2025-0408-H-009,2025-04-08,harvest,harvest,1,29,G1-03,11,8,1143,820,bunches,11.0,8.0,partial,07:19,12:26,WO-2025-0411-H-010
WO-2025-0408-H-010,2025-04-08,harvest,harvest,1,34,G1-04,12,0,1214,0,bunches,12.0,0.0,not_started,06:00,,WO-2025-0409-H-011
WO-2025-0408-H-011,2025-04-08,harvest,harvest,1,35,G1-04,10,0,1016,0,bunches,10.0,0.0,not_started,07:18,,WO-2025-0409-H-012
WO-2025-0408-H-012,2025-04-08,harvest,harvest,1,36,G1-04,17,6,1737,679,bunches,17.0,6.0,partial,07:02,09:48,WO-2025-0410-H-005
WO-2025-0408-H-013,2025-04-08,harvest,harvest,1,37,G1-04,20,9,2093,1021,bunches,20.0,9.0,partial,06:48,10:02,WO-2025-0412-H-010
WO-2025-0408-H-014,2025-04-08,harvest,harvest,2,41,G2-01,8,0,777,0,bunches,8.0,0.0,not_started,07:01,,WO-2025-0409-H-013
WO-2025-0408-H-015,2025-04-08,harvest,harvest,2,44,G2-01,16,9,1598,955,bunches,16.0,9.0,partial,06:53,11:23,WO-2025-0411-H-017
WO-2025-0408-H-016,2025-04-08,harvest,harvest,2,47,G2-01,15,0,1507,0,bunches,15.0,0.0,not_started,07:20,,WO-2025-0409-H-014
WO-2025-0408-H-017,2025-04-08,harvest,harvest,2,49,G2-01,10,7,1011,649,bunches,10.0,7.0,partial,07:18,11:36,WO-2025-0413-H-015
WO-2025-0408-H-018,2025-04-08,harvest,harvest,2,54,G2-02,19,9,1813,1516,bunches,19.0,9.0,partial,07:06,13:28,
WO-2025-0408-H-019,2025-04-08,harvest,harvest,2,55,G2-02,18,9,1788,1172,bunches,18.0,9.0,partial,06:52,11:50,WO-2025-0412-H-014
WO-2025-0408-H-020,2025-04-08,harvest,harvest,2,63,G2-03,37,9,3653,1795,bunches,37.0,9.0,partial,07:05,10:20,
WO-2025-0408-H-021,2025-04-08,harvest,harvest,2,72,G2-04,35,9,3526,1412,bunches,35.0,9.0,partial,06:54,09:27,
WO-2025-0408-H-022,2025-04-08,harvest,harvest,2,382,G2-04,29,0,3122,0,bunches,29.0,0.0,not_started,06:54,,WO-2025-0409-H-020
WO-2025-0408-H-023,2025-04-08,harvest,harvest,3,75,G3-01,23,9,2428,1326,bunches,23.0,9.0,partial,06:50,10:47,WO-2025-0410-H-014
WO-2025-0408-H-024,2025-04-08,harvest,harvest,3,78,G3-01,25,0,2460,0,bunches,25.0,0.0,not_started,06:49,,WO-2025-0409-H-021
WO-2025-0408-H-025,2025-04-08,harvest,harvest,3,79,G3-01,13,0,1312,0,bunches,13.0,0.0,not_started,07:21,,WO-2025-0409-H-022
WO-2025-0408-H-026,2025-04-08,harvest,harvest,3,81,G3-01,9,3,865,329,bunches,9.0,3.0,partial,07:01,09:27,
WO-2025-0408-H-027,2025-04-08,harvest,harvest,3,88,G3-02,15,9,1480,1084,bunches,15.0,9.0,partial,07:18,12:56,WO-2025-0411-H-029
WO-2025-0408-H-028,2025-04-08,harvest,harvest,3,89,G3-02,17,9,1668,1185,bunches,17.0,9.0,partial,06:00,11:49,
WO-2025-0408-H-029,2025-04-08,harvest,harvest,3,93,G3-02,25,9,2476,1555,bunches,25.0,9.0,partial,07:16,11:59,WO-2025-0412-H-021
WO-2025-0408-H-030,2025-04-08,harvest,harvest,3,98,G3-02,14,9,1342,1201,bunches,14.0,9.0,completed,07:06,13:31,
WO-2025-0408-H-031,2025-04-08,harvest,harvest,3,111,G3-03,23,9,2354,1330,bunches,23.0,9.0,partial,07:03,10:46,WO-2025-0412-H-028
WO-2025-0408-H-032,2025-04-08,harvest,harvest,3,112,G3-03,16,9,1672,960,bunches,16.0,9.0,partial,07:19,11:21,WO-2025-0413-H-024
WO-2025-0408-H-033,2025-04-08,harvest,harvest,3,113,G3-03,22,0,2195,0,bunches,22.0,0.0,not_started,07:14,,WO-2025-0409-H-029
WO-2025-0408-H-034,2025-04-08,harvest,harvest,3,116,G3-04,17,0,1634,0,bunches,17.0,0.0,not_started,07:12,,WO-2025-0409-H-030
WO-2025-0408-H-035,2025-04-08,harvest,harvest,3,121,G3-04,12,3,1272,344,bunches,12.0,3.0,partial,07:21,09:27,
WO-2025-0408-H-036,2025-04-08,harvest,harvest,4,124,G4-01,14,7,1475,726,bunches,14.0,7.0,partial,06:53,10:41,
WO-2025-0408-H-037,2025-04-08,harvest,harvest,4,132,G4-01,22,9,2400,1693,bunches,22.0,9.0,partial,06:53,11:38,
WO-2025-0408-H-038,2025-04-08,harvest,harvest,4,133,G4-02,27,9,2932,2210,bunches,27.0,9.0,partial,07:09,12:48,
WO-2025-0408-H-039,2025-04-08,harvest,harvest,4,138,G4-02,31,9,3329,2114,bunches,31.0,9.0,partial,07:12,11:50,WO-2025-0412-H-038
WO-2025-0408-H-040,2025-04-08,harvest,harvest,4,142,G4-02,26,9,2682,2094,bunches,26.0,9.0,partial,06:50,12:27,
WO-2025-0408-H-041,2025-04-08,harvest,harvest,4,148,G4-03,15,0,1542,0,bunches,15.0,0.0,not_started,07:01,,WO-2025-0409-H-035
WO-2025-0408-H-042,2025-04-08,harvest,harvest,4,149,G4-03,33,9,3487,1046,bunches,33.0,9.0,partial,06:49,08:49,
WO-2025-0408-H-043,2025-04-08,harvest,harvest,4,157,G4-04,22,0,2231,0,bunches,22.0,0.0,not_started,06:55,,WO-2025-0409-H-036
WO-2025-0408-H-044,2025-04-08,harvest,harvest,4,158,G4-04,26,9,2709,1124,bunches,26.0,9.0,partial,07:13,09:54,
WO-2025-0408-H-045,2025-04-08,harvest,harvest,5,170,G5-01,13,0,1383,0,bunches,13.0,0.0,not_started,06:51,,WO-2025-0409-H-038
WO-2025-0408-H-046,2025-04-08,harvest,harvest,5,174,G5-01,9,7,921,683,bunches,9.0,7.0,partial,06:49,11:58,
WO-2025-0408-H-047,2025-04-08,harvest,harvest,5,176,G5-01,16,9,1689,1280,bunches,16.0,9.0,partial,07:15,13:03,WO-2025-0413-H-032
WO-2025-0408-H-048,2025-04-08,harvest,harvest,5,179,G5-01,20,9,2099,1530,bunches,20.0,9.0,partial,06:57,12:29,WO-2025-0413-H-034
WO-2025-0408-H-049,2025-04-08,harvest,harvest,5,185,G5-02,24,9,2555,1456,bunches,24.0,9.0,partial,07:02,11:06,
WO-2025-0408-H-050,2025-04-08,harvest,harvest,5,188,G5-02,26,9,2631,1761,bunches,26.0,9.0,partial,07:02,11:34,
WO-2025-0408-H-051,2025-04-08,harvest,harvest,6,214,G6-02,20,9,2148,1967,bunches,20.0,9.0,completed,07:04,13:24,
WO-2025-0408-H-052,2025-04-08,harvest,harvest,6,216,G6-02,19,9,1946,1389,bunches,19.0,9.0,partial,07:14,12:37,
WO-2025-0408-H-053,2025-04-08,harvest,harvest,6,255,G6-03,54,9,5220,2599,bunches,54.0,9.0,partial,07:15,10:49,
WO-2025-0408-H-054,2025-04-08,harvest,harvest,6,256,G6-03,17,9,1653,850,bunches,17.0,9.0,partial,07:11,10:38,WO-2025-0412-H-052
WO-2025-0408-H-055,2025-04-08,harvest,harvest,6,258,G6-04,10,0,1054,0,bunches,10.0,0.0,not_started,06:46,,WO-2025-0409-H-051
WO-2025-0408-H-056,2025-04-08,harvest,harvest,6,271,G6-05,22,9,2373,1239,bunches,22.0,9.0,partial,07:12,10:45,
WO-2025-0408-H-057,2025-04-08,harvest,harvest,7,294,G7-01,10,5,1033,480,bunches,10.0,5.0,partial,07:10,10:17,
WO-2025-0408-H-058,2025-04-08,harvest,harvest,7,297,G7-01,19,0,1804,0,bunches,19.0,0.0,not_started,07:05,,WO-2025-0409-H-055
WO-2025-0408-H-059,2025-04-08,harvest,harvest,7,298,G7-01,27,9,2777,1206,bunches,27.0,9.0,partial,07:03,09:56,
WO-2025-0408-H-060,2025-04-08,harvest,harvest,7,301,G7-02,10,0,1062,0,bunches,10.0,0.0,not_started,06:45,,WO-2025-0409-H-056
WO-2025-0408-H-061,2025-04-08,harvest,harvest,7,304,G7-02,18,9,1905,1332,bunches,18.0,9.0,partial,06:59,11:38,WO-2025-0412-H-059
WO-2025-0408-H-062,2025-04-08,harvest,harvest,7,310,G7-02,26,9,2680,1836,bunches,26.0,9.0,partial,07:06,11:47,
WO-2025-0408-H-063,2025-04-08,harvest,harvest,7,333,G7-03,18,9,1845,1028,bunches,18.0,9.0,partial,07:13,11:31,WO-2025-0412-H-061
WO-2025-0408-H-064,2025-04-08,harvest,harvest,7,337,G7-03,18,9,1814,1230,bunches,18.0,9.0,partial,06:52,11:29,
WO-2025-0408-H-065,2025-04-08,harvest,harvest,7,338,G7-03,28,9,2845,1807,bunches,28.0,9.0,partial,06:45,11:10,
WO-2025-0408-H-066,2025-04-08,harvest,harvest,7,341,G7-04,21,9,2158,1214,bunches,21.0,9.0,partial,07:05,10:44,WO-2025-0412-H-062
WO-2025-0408-H-067,2025-04-08,harvest,harvest,7,345,G7-04,20,0,2176,0,bunches,20.0,0.0,not_started,07:03,,WO-2025-0409-H-063
WO-2025-0408-H-068,2025-04-08,harvest,harvest,7,347,G7-04,24,9,2579,1632,bunches,24.0,9.0,partial,07:04,11:58,
WO-2025-0409-H-001,2025-04-09,harvest,harvest,1,5,G1-01,6,3,624,341,bunches,6.0,3.0,partial,06:55,10:43,WO-2025-0413-H-002
WO-2025-0409-H-002,2025-04-09,harvest,harvest,1,9,G1-01,9,5,947,505,bunches,9.0,5.0,partial,06:48,10:41,WO-2025-0414-H-001
WO-2025-0409-H-003,2025-04-09,harvest,harvest,1,10,G1-01,22,9,2208,1150,bunches,22.0,9.0,partial,07:12,10:43,WO-2025-0414-H-002
WO-2025-0409-H-004,2025-04-09,harvest,harvest,1,13,G1-02,15,9,1567,1120,bunches,15.0,9.0,partial,07:15,12:47,WO-2025-0412-H-001
WO-2025-0409-H-005,2025-04-09,harvest,harvest,1,14,G1-02,15,9,1551,1071,bunches,15.0,9.0,partial,07:07,12:09,WO-2025-0411-H-004
WO-2025-0409-H-006,2025-04-09,harvest,harvest,1,21,G1-03,10,7,1021,685,bunches,10.0,7.0,partial,06:47,11:54,WO-2025-0410-H-002
WO-2025-0409-H-007,2025-04-09,harvest,harvest,1,24,G1-03,9,0,896,0,bunches,9.0,0.0,not_started,07:03,,WO-2025-0410-H-003
WO-2025-0409-H-008,2025-04-09,harvest,harvest,1,28,G1-03,9,7,887,739,bunches,9.0,7.0,partial,06:54,12:37,WO-2025-0413-H-009
WO-2025-0409-H-009,2025-04-09,harvest,harvest,1,30,G1-03,16,9,1602,948,bunches,16.0,9.0,partial,07:19,11:45,
WO-2025-0409-H-010,2025-04-09,harvest,harvest,1,31,G1-04,8,7,825,667,bunches,8.0,7.0,partial,06:46,12:23,WO-2025-0413-H-010
WO-2025-0409-H-011,2025-04-09,harvest,harvest,1,34,G1-04,12,9,1214,923,bunches,12.0,9.0,partial,07:07,12:48,WO-2025-0411-H-012
WO-2025-0409-H-012,2025-04-09,harvest,harvest,1,35,G1-04,10,9,1016,959,bunches,10.0,9.0,completed,06:48,13:23,
WO-2025-0409-H-013,2025-04-09,harvest,harvest,2,41,G2-01,8,7,777,678,bunches,8.0,7.0,completed,06:59,13:07,
WO-2025-0409-H-014,2025-04-09,harvest,harvest,2,47,G2-01,15,9,1507,994,bunches,15.0,9.0,partial,06:57,12:06,WO-2025-0413-H-014
WO-2025-0409-H-015,2025-04-09,harvest,harvest,2,60,G2-03,18,9,1804,1203,bunches,18.0,9.0,partial,07:10,11:56,WO-2025-0414-H-012
WO-2025-0409-H-016,2025-04-09,harvest,harvest,2,62,G2-03,11,6,1153,675,bunches,11.0,6.0,partial,07:20,11:28,
WO-2025-0409-H-017,2025-04-09,harvest,harvest,2,65,G2-03,7,0,746,0,bunches,7.0,0.0,not_started,07:00,,WO-2025-0410-H-011
WO-2025-0409-H-018,2025-04-09,harvest,harvest,2,66,G2-03,24,9,2402,1741,bunches,24.0,9.0,partial,06:55,11:51,
WO-2025-0409-H-019,2025-04-09,harvest,harvest,2,71,G2-04,8,0,803,0,bunches,8.0,0.0,not_started,07:16,,WO-2025-0410-H-013
WO-2025-0409-H-020,2025-04-09,harvest,harvest,2,382,G2-04,29,9,3122,1331,bunches,29.0,9.0,partial,07:14,10:25,
WO-2025-0409-H-021,2025-04-09,harvest,harvest,3,78,G3-01,25,9,2460,1061,bunches,25.0,9.0,partial,07:12,09:59,WO-2025-0411-H-026
WO-2025-0409-H-022,2025-04-09,harvest,harvest,3,79,G3-01,13,9,1312,920,bunches,13.0,9.0,partial,06:51,12:09,WO-2025-0411-H-027
WO-2025-0409-H-023,2025-04-09,harvest,harvest,3,82,G3-01,3,0,346,0,bunches,3.0,0.0,not_started,07:01,,WO-2025-0410-H-016
WO-2025-0409-H-024,2025-04-09,harvest,harvest,3,91,G3-02,13,0,1227,0,bunches,13.0,0.0,not_started,06:46,,WO-2025-0410-H-020
WO-2025-0409-H-025,2025-04-09,harvest,harvest,3,95,G3-02,16,9,1597,1363,bunches,16.0,9.0,completed,07:19,13:48,
WO-2025-0409-H-026,2025-04-09,harvest,harvest,3,100,G3-02,18,9,1945,1557,bunches,18.0,9.0,partial,07:10,13:04,WO-2025-0414-H-021
WO-2025-0409-H-027,2025-04-09,harvest,harvest,3,101,G3-03,22,9,2157,1474,bunches,22.0,9.0,partial,06:57,11:34,WO-2025-0411-H-032
WO-2025-0409-H-028,2025-04-09,harvest,harvest,3,102,G3-03,13,9,1374,997,bunches,13.0,9.0,partial,06:53,11:50,WO-2025-0413-H-022
WO-2025-0409-H-029,2025-04-09,harvest,harvest,3,113,G3-03,22,9,2195,1335,bunches,22.0,9.0,partial,07:14,11:19,WO-2025-0414-H-024
WO-2025-0409-H-030,2025-04-09,harvest,harvest,3,116,G3-04,17,5,1634,540,bunches,17.0,5.0,partial,07:06,09:11,WO-2025-0413-H-026
WO-2025-0409-H-031,2025-04-09,harvest,harvest,4,126,G4-01,7,4,721,403,bunches,7.0,4.0,partial,07:03,10:47,
WO-2025-0409-H-032,2025-04-09,harvest,harvest,4,140,G4-02,40,9,4128,1830,bunches,40.0,9.0,partial,07:09,10:02,WO-2025-0414-H-028
WO-2025-0409-H-033,2025-04-09,harvest,harvest,4,145,G4-03,19,9,1931,1648,bunches,19.0,9.0,completed,07:02,13:08,
WO-2025-0409-H-034,2025-04-09,harvest,harvest,4,146,G4-03,16,9,1733,1550,bunches,16.0,9.0,completed,06:48,12:57,
WO-2025-0409-H-035,2025-04-09,harvest,harvest,4,148,G4-03,15,9,1542,976,bunches,15.0,9.0,partial,07:01,11:29,WO-2025-0412-H-041
WO-2025-0409-H-036,2025-04-09,harvest,harvest,4,157,G4-04,22,9,2231,1703,bunches,22.0,9.0,partial,07:07,12:23,
WO-2025-0409-H-037,2025-04-09,harvest,harvest,4,159,G4-04,22,9,2324,2096,bunches,22.0,9.0,completed,07:12,13:40,
WO-2025-0409-H-038,2025-04-09,harvest,harvest,5,170,G5-01,13,9,1383,902,bunches,13.0,9.0,partial,07:09,11:28,
WO-2025-0409-H-039,2025-04-09,harvest,harvest,5,172,G5-01,16,9,1742,1107,bunches,16.0,9.0,partial,06:53,11:49,WO-2025-0414-H-030
WO-2025-0409-H-040,2025-04-09,harvest,harvest,5,177,G5-01,12,0,1305,0,bunches,12.0,0.0,not_started,07:19,,WO-2025-0410-H-029
WO-2025-0409-H-041,2025-04-09,harvest,harvest,5,180,G5-02,29,9,3023,2060,bunches,29.0,9.0,partial,07:07,11:42,
WO-2025-0409-H-042,2025-04-09,harvest,harvest,5,182,G5-02,9,0,1006,0,bunches,9.0,0.0,not_started,07:04,,WO-2025-0410-H-030
WO-2025-0409-H-043,2025-04-09,harvest,harvest,5,186,G5-02,13,9,1384,871,bunches,13.0,9.0,partial,06:57,11:47,
WO-2025-0409-H-044,2025-04-09,harvest,harvest,5,198,G5-03,14,9,1340,1168,bunches,14.0,9.0,completed,06:49,13:00,
WO-2025-0409-H-045,2025-04-09,harvest,harvest,5,202,G5-03,28,9,2821,2004,bunches,28.0,9.0,partial,06:47,11:31,
WO-2025-0409-H-046,2025-04-09,harvest,harvest,6,206,G6-01,31,9,3271,1624,bunches,31.0,9.0,partial,06:59,10:55,
WO-2025-0409-H-047,2025-04-09,harvest,harvest,6,223,G6-02,32,9,3312,2279,bunches,32.0,9.0,partial,07:15,12:32,
WO-2025-0409-H-048,2025-04-09,harvest,harvest,6,245,G6-02,28,9,2847,1767,bunches,28.0,9.0,partial,07:06,11:43,
WO-2025-0409-H-049,2025-04-09,harvest,harvest,6,246,G6-02,17,9,1684,1247,bunches,17.0,9.0,partial,06:58,12:08,
WO-2025-0409-H-050,2025-04-09,harvest,harvest,6,247,G6-02,15,9,1497,968,bunches,15.0,9.0,partial,06:46,11:31,
WO-2025-0409-H-051,2025-04-09,harvest,harvest,6,258,G6-04,10,4,1054,397,bunches,10.0,4.0,partial,06:47,09:38,
WO-2025-0409-H-052,2025-04-09,harvest,harvest,6,261,G6-04,22,9,2122,1222,bunches,22.0,9.0,partial,07:17,11:07,
WO-2025-0409-H-053,2025-04-09,harvest,harvest,6,262,G6-04,24,0,2310,0,bunches,24.0,0.0,not_started,07:04,,WO-2025-0410-H-038
WO-2025-0409-H-054,2025-04-09,harvest,harvest,7,296,G7-01,17,9,1736,1359,bunches,17.0,9.0,partial,06:49,12:48,WO-2025-0414-H-041
WO-2025-0409-H-055,2025-04-09,harvest,harvest,7,297,G7-01,19,9,1804,1027,bunches,19.0,9.0,partial,07:07,11:16,WO-2025-0414-H-042
WO-2025-0409-H-056,2025-04-09,harvest,harvest,7,301,G7-02,10,7,1062,753,bunches,10.0,7.0,partial,06:53,11:49,WO-2025-0413-H-046
WO-2025-0409-H-057,2025-04-09,harvest,harvest,7,305,G7-02,35,9,3567,1799,bunches,35.0,9.0,partial,06:56,10:51,WO-2025-0414-H-045
WO-2025-0409-H-058,2025-04-09,harvest,harvest,7,309,G7-02,15,9,1614,1083,bunches,15.0,9.0,partial,07:19,12:18,
WO-2025-0409-H-059,2025-04-09,harvest,harvest,7,328,G7-03,23,9,2258,1718,bunches,23.0,9.0,partial,06:47,12:29,
WO-2025-0409-H-060,2025-04-09,harvest,harvest,7,330,G7-03,13,9,1336,1252,bunches,13.0,9.0,completed,06:55,13:42,
WO-2025-0409-H-061,2025-04-09,harvest,harvest,7,335,G7-03,12,0,1260,0,bunches,12.0,0.0,not_started,07:13,,WO-2025-0410-H-046
WO-2025-0409-H-062,2025-04-09,harvest,harvest,7,342,G7-04,26,9,2663,1354,bunches,26.0,9.0,partial,07:05,10:48,WO-2025-0413-H-048
WO-2025-0409-H-063,2025-04-09,harvest,harvest,7,345,G7-04,20,9,2176,1482,bunches,20.0,9.0,partial,07:16,11:00,WO-2025-0413-H-049
WO-2025-0410-H-001,2025-04-10,harvest,harvest,1,4,G1-01,5,4,481,428,bunches,5.0,4.0,completed,07:10,13:25,
WO-2025-0410-H-002,2025-04-10,harvest,harvest,1,21,G1-03,8,7,778,685,bunches,8.0,7.0,completed,06:00,13:10,
WO-2025-0410-H-003,2025-04-10,harvest,harvest,1,24,G1-03,9,9,896,890,bunches,9.0,9.0,completed,07:11,14:40,
WO-2025-0410-H-004,2025-04-10,harvest,harvest,1,25,G1-03,11,9,1101,895,bunches,11.0,9.0,partial,07:18,13:20,WO-2025-0411-H-008
WO-2025-0410-H-005,2025-04-10,harvest,harvest,1,36,G1-04,6,6,590,679,bunches,6.0,6.0,completed,06:52,15:16,
WO-2025-0410-H-006,2025-04-10,harvest,harvest,2,40,G2-01,8,8,793,783,bunches,8.0,8.0,completed,06:47,14:15,
WO-2025-0410-H-007,2025-04-10,harvest,harvest,2,42,G2-01,6,7,638,725,bunches,6.0,7.0,completed,06:58,15:21,
WO-2025-0410-H-008,2025-04-10,harvest,harvest,2,43,G2-01,9,8,883,834,bunches,9.0,8.0,completed,06:47,13:41,
WO-2025-0410-H-009,2025-04-10,harvest,harvest,2,45,G2-01,14,9,1351,1388,bunches,14.0,9.0,completed,07:07,14:51,
WO-2025-0410-H-010,2025-04-10,harvest,harvest,2,56,G2-02,17,0,1669,0,bunches,17.0,0.0,not_started,06:58,,WO-2025-0411-H-019
WO-2025-0410-H-011,2025-04-10,harvest,harvest,2,65,G2-03,7,8,746,858,bunches,7.0,8.0,completed,06:48,15:10,
WO-2025-0410-H-012,2025-04-10,harvest,harvest,2,69,G2-04,15,9,1467,1354,bunches,15.0,9.0,completed,06:48,13:29,
WO-2025-0410-H-013,2025-04-10,harvest,harvest,2,71,G2-04,8,8,803,792,bunches,8.0,8.0,completed,06:54,14:22,
WO-2025-0410-H-014,2025-04-10,harvest,harvest,3,75,G3-01,14,9,1457,1326,bunches,14.0,9.0,completed,06:57,13:37,
WO-2025-0410-H-015,2025-04-10,harvest,harvest,3,77,G3-01,14,9,1387,1374,bunches,14.0,9.0,completed,07:19,14:36,
WO-2025-0410-H-016,2025-04-10,harvest,harvest,3,82,G3-01,3,3,346,333,bunches,3.0,3.0,completed,06:51,13:35,
WO-2025-0410-H-017,2025-04-10,harvest,harvest,3,83,G3-01,20,9,2151,1774,bunches,20.0,9.0,partial,07:05,13:03,WO-2025-0415-H-021
WO-2025-0410-H-018,2025-04-10,harvest,harvest,3,84,G3-01,16,9,1660,1909,bunches,16.0,9.0,completed,07:13,15:10,
WO-2025-0410-H-019,2025-04-10,harvest,harvest,3,85,G3-01,14,9,1427,1313,bunches,14.0,9.0,completed,06:53,13:54,
WO-2025-0410-H-020,2025-04-10,harvest,harvest,3,91,G3-02,13,9,1227,957,bunches,13.0,9.0,partial,06:51,12:32,
WO-2025-0410-H-021,2025-04-10,harvest,harvest,3,107,G3-03,17,9,1733,1580,bunches,17.0,9.0,completed,07:06,13:21,
WO-2025-0410-H-022,2025-04-10,harvest,harvest,3,115,G3-04,9,8,897,854,bunches,9.0,8.0,completed,07:00,14:03,
WO-2025-0410-H-023,2025-04-10,harvest,harvest,3,119,G3-04,4,3,411,308,bunches,4.0,3.0,partial,07:19,12:49,
WO-2025-0410-H-024,2025-04-10,harvest,harvest,4,134,G4-02,29,0,3162,0,bunches,29.0,0.0,not_started,06:56,,WO-2025-0411-H-038
WO-2025-0410-H-025,2025-04-10,harvest,harvest,4,143,G4-02,19,9,1929,1815,bunches,19.0,9.0,completed,07:10,14:10,
WO-2025-0410-H-026,2025-04-10,harvest,harvest,4,151,G4-03,15,9,1573,1436,bunches,15.0,9.0,completed,06:52,13:10,
WO-2025-0410-H-027,2025-04-10,harvest,harvest,4,156,G4-04,17,9,1732,1992,bunches,17.0,9.0,completed,06:56,15:15,
WO-2025-0410-H-028,2025-04-10,harvest,harvest,5,168,G5-01,13,9,1404,1189,bunches,13.0,9.0,partial,07:17,13:01,WO-2025-0415-H-037
WO-2025-0410-H-029,2025-04-10,harvest,harvest,5,177,G5-01,12,9,1305,1438,bunches,12.0,9.0,completed,06:46,14:42,
WO-2025-0410-H-030,2025-04-10,harvest,harvest,5,182,G5-02,9,9,1006,1157,bunches,9.0,9.0,completed,06:56,15:26,
WO-2025-0410-H-031,2025-04-10,harvest,harvest,5,190,G5-02,13,9,1347,1388,bunches,13.0,9.0,completed,07:17,14:21,
WO-2025-0410-H-032,2025-04-10,harvest,harvest,5,194,G5-03,24,9,2490,2107,bunches,24.0,9.0,partial,07:10,12:55,
WO-2025-0410-H-033,2025-04-10,harvest,harvest,6,204,G6-01,17,9,1814,1882,bunches,17.0,9.0,completed,07:05,14:50,
WO-2025-0410-H-034,2025-04-10,harvest,harvest,6,211,G6-01,22,9,2422,2385,bunches,22.0,9.0,completed,07:08,14:04,
WO-2025-0410-H-035,2025-04-10,harvest,harvest,6,213,G6-02,11,9,1209,1161,bunches,11.0,9.0,completed,06:00,13:00,
WO-2025-0410-H-036,2025-04-10,harvest,harvest,6,230,G6-02,19,9,2027,2049,bunches,19.0,9.0,completed,07:08,14:35,
WO-2025-0410-H-037,2025-04-10,harvest,harvest,6,252,G6-03,10,9,1083,1245,bunches,10.0,9.0,completed,06:47,15:11,
WO-2025-0410-H-038,2025-04-10,harvest,harvest,6,262,G6-04,24,9,2310,1890,bunches,24.0,9.0,partial,07:14,12:59,
WO-2025-0410-H-039,2025-04-10,harvest,harvest,6,266,G6-04,21,9,2200,2008,bunches,21.0,9.0,completed,07:03,13:33,
WO-2025-0410-H-040,2025-04-10,harvest,harvest,6,379,G6-05,24,9,2461,1962,bunches,24.0,9.0,partial,07:02,12:00,
WO-2025-0410-H-041,2025-04-10,harvest,harvest,7,299,G7-02,15,9,1501,1417,bunches,15.0,9.0,completed,06:52,13:53,
WO-2025-0410-H-042,2025-04-10,harvest,harvest,7,311,G7-03,14,9,1453,1458,bunches,14.0,9.0,completed,06:59,13:56,
WO-2025-0410-H-043,2025-04-10,harvest,harvest,7,329,G7-03,8,9,828,872,bunches,8.0,9.0,completed,07:18,14:36,
WO-2025-0410-H-044,2025-04-10,harvest,harvest,7,331,G7-03,11,9,1068,1061,bunches,11.0,9.0,completed,07:05,14:13,
WO-2025-0410-H-045,2025-04-10,harvest,harvest,7,334,G7-03,15,9,1515,1423,bunches,15.0,9.0,completed,07:18,14:23,
WO-2025-0410-H-046,2025-04-10,harvest,harvest,7,335,G7-03,12,9,1260,1052,bunches,12.0,9.0,partial,07:12,13:07,
WO-2025-0410-H-047,2025-04-10,harvest,harvest,7,343,G7-04,10,9,1041,1073,bunches,10.0,9.0,completed,07:05,14:33,
WO-2025-0410-H-048,2025-04-10,harvest,harvest,7,344,G7-04,12,9,1295,1192,bunches,12.0,9.0,completed,07:04,13:47,
WO-2025-0411-H-001,2025-04-11,harvest,harvest,1,3,G1-01,13,6,1293,604,bunches,13.0,6.0,partial,07:17,10:52,WO-2025-0416-H-001
WO-2025-0411-H-002,2025-04-11,harvest,harvest,1,8,G1-01,12,8,1181,786,bunches,12.0,8.0,partial,06:58,11:59,WO-2025-0416-H-003
WO-2025-0411-H-003,2025-04-11,harvest,harvest,1,11,G1-02,17,9,1721,926,bunches,17.0,9.0,partial,07:12,10:56,WO-2025-0416-H-004
WO-2025-0411-H-004,2025-04-11,harvest,harvest,1,14,G1-02,14,9,1473,1071,bunches,14.0,9.0,partial,07:07,12:31,WO-2025-0414-H-003
WO-2025-0411-H-005,2025-04-11,harvest,harvest,1,19,G1-02,8,4,755,366,bunches,8.0,4.0,partial,06:54,10:38,WO-2025-0413-H-007
WO-2025-0411-H-006,2025-04-11,harvest,harvest,1,22,G1-03,18,9,1750,1032,bunches,18.0,9.0,partial,06:56,11:29,WO-2025-0415-H-005
WO-2025-0411-H-007,2025-04-11,harvest,harvest,1,23,G1-03,13,8,1300,780,bunches,13.0,8.0,partial,06:47,10:52,WO-2025-0415-H-006
WO-2025-0411-H-008,2025-04-11,harvest,harvest,1,25,G1-03,19,9,1932,895,bunches,19.0,9.0,partial,06:59,10:33,WO-2025-0413-H-008
WO-2025-0411-H-009,2025-04-11,harvest,harvest,1,26,G1-03,16,9,1654,1091,bunches,16.0,9.0,partial,07:20,12:24,WO-2025-0415-H-008
WO-2025-0411-H-010,2025-04-11,harvest,harvest,1,29,G1-03,11,8,1125,820,bunches,11.0,8.0,partial,07:21,12:47,WO-2025-0416-H-009
WO-2025-0411-H-011,2025-04-11,harvest,harvest,1,33,G1-04,11,7,1099,706,bunches,11.0,7.0,partial,06:59,11:55,WO-2025-0414-H-004
WO-2025-0411-H-012,2025-04-11,harvest,harvest,1,34,G1-04,14,9,1462,923,bunches,14.0,9.0,partial,07:16,11:45,WO-2025-0414-H-005
WO-2025-0411-H-013,2025-04-11,harvest,harvest,1,38,G1-04,20,9,1972,1182,bunches,20.0,9.0,partial,07:12,11:48,WO-2025-0414-H-007
WO-2025-0411-H-014,2025-04-11,harvest,harvest,1,39,G1-04,6,0,632,0,bunches,6.0,0.0,not_started,07:20,,WO-2025-0412-H-011
WO-2025-0411-H-015,2025-04-11,harvest,harvest,2,42,G2-01,12,7,1214,725,bunches,12.0,7.0,partial,06:46,11:25,WO-2025-0415-H-013
WO-2025-0411-H-016,2025-04-11,harvest,harvest,2,43,G2-01,16,8,1558,834,bunches,16.0,8.0,partial,07:09,11:19,WO-2025-0413-H-012
WO-2025-0411-H-017,2025-04-11,harvest,harvest,2,44,G2-01,17,9,1671,955,bunches,17.0,9.0,partial,07:02,11:13,WO-2025-0412-H-013
WO-2025-0411-H-018,2025-04-11,harvest,harvest,2,53,G2-02,32,9,3303,2028,bunches,32.0,9.0,partial,06:52,11:38,WO-2025-0414-H-009
WO-2025-0411-H-019,2025-04-11,harvest,harvest,2,56,G2-02,17,9,1669,983,bunches,17.0,9.0,partial,07:14,11:43,WO-2025-0414-H-011
WO-2025-0411-H-020,2025-04-11,harvest,harvest,2,59,G2-03,22,9,2163,1319,bunches,22.0,9.0,partial,07:07,11:14,
WO-2025-0411-H-021,2025-04-11,harvest,harvest,2,64,G2-03,23,9,2319,1064,bunches,23.0,9.0,partial,07:12,10:52,
WO-2025-0411-H-022,2025-04-11,harvest,harvest,2,67,G2-03,21,9,2158,1278,bunches,21.0,9.0,partial,07:16,11:09,
WO-2025-0411-H-023,2025-04-11,harvest,harvest,2,68,G2-03,17,9,1708,1499,bunches,17.0,9.0,completed,06:46,13:10,
WO-2025-0411-H-024,2025-04-11,harvest,harvest,2,70,G2-04,13,8,1324,835,bunches,13.0,8.0,partial,07:15,11:34,WO-2025-0413-H-018
WO-2025-0411-H-025,2025-04-11,harvest,harvest,3,76,G3-01,19,9,1994,1665,bunches,19.0,9.0,partial,07:14,13:07,WO-2025-0414-H-015
WO-2025-0411-H-026,2025-04-11,harvest,harvest,3,78,G3-01,21,9,2061,1061,bunches,21.0,9.0,partial,07:20,10:57,WO-2025-0412-H-018
WO-2025-0411-H-027,2025-04-11,harvest,harvest,3,79,G3-01,14,9,1366,920,bunches,14.0,9.0,partial,07:03,11:44,WO-2025-0416-H-021
WO-2025-0411-H-028,2025-04-11,harvest,harvest,3,87,G3-01,26,9,2505,1408,bunches,26.0,9.0,partial,07:02,11:10,WO-2025-0414-H-017
WO-2025-0411-H-029,2025-04-11,harvest,harvest,3,88,G3-02,17,9,1661,1084,bunches,17.0,9.0,partial,07:19,11:39,WO-2025-0416-H-022
WO-2025-0411-H-030,2025-04-11,harvest,harvest,3,92,G3-02,24,9,2455,1072,bunches,24.0,9.0,partial,07:12,10:24,
WO-2025-0411-H-031,2025-04-11,harvest,harvest,3,94,G3-02,17,9,1747,1006,bunches,17.0,9.0,partial,07:20,11:40,WO-2025-0414-H-019
WO-2025-0411-H-032,2025-04-11,harvest,harvest,3,101,G3-03,29,9,2929,1474,bunches,29.0,9.0,partial,07:11,10:41,WO-2025-0414-H-022
WO-2025-0411-H-033,2025-04-11,harvest,harvest,3,105,G3-03,21,9,2057,1110,bunches,21.0,9.0,partial,06:46,11:03,WO-2025-0416-H-025
WO-2025-0411-H-034,2025-04-11,harvest,harvest,3,108,G3-03,33,9,3419,1980,bunches,33.0,9.0,partial,06:55,11:03,WO-2025-0415-H-026
WO-2025-0411-H-035,2025-04-11,harvest,harvest,3,118,G3-04,9,5,928,524,bunches,9.0,5.0,partial,07:07,11:23,WO-2025-0416-H-027
WO-2025-0411-H-036,2025-04-11,harvest,harvest,3,369,G3-04,3,2,377,173,bunches,3.0,2.0,partial,06:53,09:48,WO-2025-0416-H-028
WO-2025-0411-H-037,2025-04-11,harvest,harvest,4,128,G4-01,41,9,4337,1990,bunches,41.0,9.0,partial,07:15,10:25,
WO-2025-0411-H-038,2025-04-11,harvest,harvest,4,134,G4-02,29,9,3162,2036,bunches,29.0,9.0,partial,06:58,11:44,
WO-2025-0411-H-039,2025-04-11,harvest,harvest,4,135,G4-02,16,9,1725,1253,bunches,16.0,9.0,partial,07:09,12:06,WO-2025-0415-H-032
WO-2025-0411-H-040,2025-04-11,harvest,harvest,4,136,G4-02,22,9,2311,1534,bunches,22.0,9.0,partial,06:00,11:53,WO-2025-0416-H-032
WO-2025-0411-H-041,2025-04-11,harvest,harvest,4,144,G4-03,27,9,2601,1476,bunches,27.0,9.0,partial,06:56,11:14,
WO-2025-0411-H-042,2025-04-11,harvest,harvest,4,147,G4-03,24,9,2414,1611,bunches,24.0,9.0,partial,07:04,11:56,
WO-2025-0411-H-043,2025-04-11,harvest,harvest,4,150,G4-03,17,9,1718,1006,bunches,17.0,9.0,partial,07:20,11:17,
WO-2025-0411-H-044,2025-04-11,harvest,harvest,4,153,G4-03,31,9,3259,1509,bunches,31.0,9.0,partial,07:13,10:57,WO-2025-0416-H-036
WO-2025-0411-H-045,2025-04-11,harvest,harvest,4,155,G4-04,13,9,1313,1112,bunches,13.0,9.0,partial,07:15,13:44,
WO-2025-0411-H-046,2025-04-11,harvest,harvest,4,163,G4-04,20,9,2112,1664,bunches,20.0,9.0,partial,06:48,12:28,
WO-2025-0411-H-047,2025-04-11,harvest,harvest,4,165,G4-04,17,9,1714,1171,bunches,17.0,9.0,partial,06:59,11:31,WO-2025-0416-H-037
WO-2025-0411-H-048,2025-04-11,harvest,harvest,4,166,G4-04,13,8,1285,813,bunches,13.0,8.0,partial,06:58,11:33,
WO-2025-0411-H-049,2025-04-11,harvest,harvest,5,169,G5-01,24,9,2514,1515,bunches,24.0,9.0,partial,07:17,11:39,
WO-2025-0411-H-050,2025-04-11,harvest,harvest,5,184,G5-02,18,9,1874,979,bunches,18.0,9.0,partial,07:07,11:02,
WO-2025-0411-H-051,2025-04-11,harvest,harvest,5,189,G5-02,21,9,2142,1422,bunches,21.0,9.0,partial,07:12,11:57,WO-2025-0413-H-035
WO-2025-0411-H-052,2025-04-11,harvest,harvest,5,192,G5-02,11,7,1171,752,bunches,11.0,7.0,partial,06:57,11:38,WO-2025-0415-H-041
WO-2025-0411-H-053,2025-04-11,harvest,harvest,5,193,G5-03,33,9,3363,1456,bunches,33.0,9.0,partial,07:11,10:39,WO-2025-0413-H-036
WO-2025-0411-H-054,2025-04-11,harvest,harvest,5,196,G5-03,39,9,3926,2508,bunches,39.0,9.0,partial,07:19,12:10,
WO-2025-0411-H-055,2025-04-11,harvest,harvest,6,203,G6-01,32,9,3400,1685,bunches,32.0,9.0,partial,07:02,10:29,
WO-2025-0411-H-056,2025-04-11,harvest,harvest,6,215,G6-02,18,9,1879,1351,bunches,18.0,9.0,partial,07:16,12:45,WO-2025-0414-H-036
WO-2025-0411-H-057,2025-04-11,harvest,harvest,6,222,G6-02,40,9,3949,1958,bunches,40.0,9.0,partial,07:07,10:55,
WO-2025-0411-H-058,2025-04-11,harvest,harvest,6,249,G6-03,28,9,2857,2022,bunches,28.0,9.0,partial,07:11,12:06,
WO-2025-0411-H-059,2025-04-11,harvest,harvest,6,253,G6-03,24,9,2465,2224,bunches,24.0,9.0,completed,06:52,13:19,
WO-2025-0411-H-060,2025-04-11,harvest,harvest,6,254,G6-03,18,9,1812,965,bunches,18.0,9.0,partial,07:02,10:29,
WO-2025-0411-H-061,2025-04-11,harvest,harvest,7,287,G7-01,26,9,2702,1358,bunches,26.0,9.0,partial,07:20,11:07,
WO-2025-0411-H-062,2025-04-11,harvest,harvest,7,290,G7-01,23,8,2322,839,bunches,23.0,8.0,partial,07:03,09:30,
WO-2025-0411-H-063,2025-04-11,harvest,harvest,7,302,G7-02,21,9,2154,1450,bunches,21.0,9.0,partial,06:57,11:48,WO-2025-0415-H-053
WO-2025-0411-H-064,2025-04-11,harvest,harvest,7,306,G7-02,32,9,3164,1872,bunches,32.0,9.0,partial,07:11,11:39,
WO-2025-0411-H-065,2025-04-11,harvest,harvest,7,308,G7-02,27,9,2962,1210,bunches,27.0,9.0,partial,07:20,10:13,
WO-2025-0411-H-066,2025-04-11,harvest,harvest,7,332,G7-03,30,9,2994,1054,bunches,30.0,9.0,partial,06:52,09:13,
WO-2025-0411-H-067,2025-04-11,harvest,harvest,7,339,G7-04,37,9,3753,1938,bunches,37.0,9.0,partial,06:57,10:48,
WO-2025-0411-H-068,2025-04-11,harvest,harvest,7,346,G7-04,22,9,2350,1383,bunches,22.0,9.0,partial,07:16,11:51,WO-2025-0416-H-058
WO-2025-0412-H-001,2025-04-12,harvest,harvest,1,13,G1-02,12,9,1238,1120,bunches,12.0,9.0,completed,06:56,13:35,
WO-2025-0412-H-002,2025-04-12,harvest,harvest,1,15,G1-02,11,9,1082,986,bunches,11.0,9.0,completed,07:14,13:37,
WO-2025-0412-H-003,2025-04-12,harvest,harvest,1,16,G1-02,9,9,929,893,bunches,9.0,9.0,completed,07:13,13:44,
WO-2025-0412-H-004,2025-04-12,harvest,harvest,1,20,G1-02,9,8,916,793,bunches,9.0,8.0,completed,07:18,13:50,
WO-2025-0412-H-005,2025-04-12,harvest,harvest,1,24,G1-03,10,9,961,890,bunches,10.0,9.0,completed,06:57,14:00,
WO-2025-0412-H-006,2025-04-12,harvest,harvest,1,27,G1-03,10,8,1046,872,bunches,10.0,8.0,partial,07:10,12:52,WO-2025-0415-H-009
WO-2025-0412-H-007,2025-04-12,harvest,harvest,1,32,G1-04,9,8,937,853,bunches,9.0,8.0,completed,07:00,13:55,
WO-2025-0412-H-008,2025-04-12,harvest,harvest,1,35,G1-04,10,9,1005,959,bunches,10.0,9.0,completed,06:59,13:40,
WO-2025-0412-H-009,2025-04-12,harvest,harvest,1,36,G1-04,7,6,720,679,bunches,7.0,6.0,completed,07:19,13:50,
WO-2025-0412-H-010,2025-04-12,harvest,harvest,1,37,G1-04,11,9,1180,1021,bunches,11.0,9.0,completed,07:18,13:28,
WO-2025-0412-H-011,2025-04-12,harvest,harvest,1,39,G1-04,6,6,632,592,bunches,6.0,6.0,completed,06:53,13:30,
WO-2025-0412-H-012,2025-04-12,harvest,harvest,2,41,G2-01,7,7,700,678,bunches,7.0,7.0,completed,06:54,13:37,
WO-2025-0412-H-013,2025-04-12,harvest,harvest,2,44,G2-01,11,9,1050,955,bunches,11.0,9.0,completed,06:58,13:20,
WO-2025-0412-H-014,2025-04-12,harvest,harvest,2,55,G2-02,16,9,1629,1172,bunches,16.0,9.0,partial,07:19,12:39,WO-2025-0415-H-015
WO-2025-0412-H-015,2025-04-12,harvest,harvest,2,57,G2-02,8,7,801,652,bunches,8.0,7.0,partial,06:47,12:44,WO-2025-0416-H-016
WO-2025-0412-H-016,2025-04-12,harvest,harvest,2,74,G2-04,15,9,1498,1484,bunches,15.0,9.0,completed,07:02,13:59,
WO-2025-0412-H-017,2025-04-12,harvest,harvest,3,77,G3-01,12,9,1269,1374,bunches,12.0,9.0,completed,06:56,14:39,
WO-2025-0412-H-018,2025-04-12,harvest,harvest,3,78,G3-01,14,9,1374,1061,bunches,14.0,9.0,partial,07:07,12:59,WO-2025-0417-H-016
WO-2025-0412-H-019,2025-04-12,harvest,harvest,3,86,G3-01,16,9,1588,1397,bunches,16.0,9.0,completed,07:14,13:49,
WO-2025-0412-H-020,2025-04-12,harvest,harvest,3,90,G3-02,16,9,1555,1194,bunches,16.0,9.0,partial,07:13,12:00,
WO-2025-0412-H-021,2025-04-12,harvest,harvest,3,93,G3-02,15,9,1536,1555,bunches,15.0,9.0,completed,07:21,14:23,
WO-2025-0412-H-022,2025-04-12,harvest,harvest,3,95,G3-02,15,9,1561,1363,bunches,15.0,9.0,completed,07:14,13:36,
WO-2025-0412-H-023,2025-04-12,harvest,harvest,3,96,G3-02,14,9,1352,1470,bunches,14.0,9.0,completed,07:10,15:05,
WO-2025-0412-H-024,2025-04-12,harvest,harvest,3,99,G3-02,11,9,1071,963,bunches,11.0,9.0,completed,07:18,14:00,
WO-2025-0412-H-025,2025-04-12,harvest,harvest,3,104,G3-03,15,9,1489,1254,bunches,15.0,9.0,partial,06:46,12:29,WO-2025-0417-H-021
WO-2025-0412-H-026,2025-04-12,harvest,harvest,3,109,G3-03,19,9,2011,1384,bunches,19.0,9.0,partial,06:46,12:07,WO-2025-0417-H-022
WO-2025-0412-H-027,2025-04-12,harvest,harvest,3,110,G3-03,12,9,1231,1132,bunches,12.0,9.0,completed,07:01,13:50,
WO-2025-0412-H-028,2025-04-12,harvest,harvest,3,111,G3-03,15,9,1563,1330,bunches,15.0,9.0,completed,07:19,13:12,
WO-2025-0412-H-029,2025-04-12,harvest,harvest,3,114,G3-04,12,8,1188,825,bunches,12.0,8.0,partial,06:51,12:13,WO-2025-0415-H-029
WO-2025-0412-H-030,2025-04-12,harvest,harvest,3,117,G3-04,7,7,694,666,bunches,7.0,7.0,completed,06:54,14:04,
WO-2025-0412-H-031,2025-04-12,harvest,harvest,4,122,G4-01,6,7,659,682,bunches,6.0,7.0,completed,07:19,15:05,
WO-2025-0412-H-032,2025-04-12,harvest,harvest,4,125,G4-01,6,7,626,675,bunches,6.0,7.0,completed,07:20,15:24,
WO-2025-0412-H-033,2025-04-12,harvest,harvest,4,127,G4-01,3,3,342,371,bunches,3.0,3.0,completed,07:14,15:18,
WO-2025-0412-H-034,2025-04-12,harvest,harvest,4,129,G4-01,17,9,1775,1602,bunches,17.0,9.0,completed,06:57,13:25,
WO-2025-0412-H-035,2025-04-12,harvest,harvest,4,130,G4-01,18,9,1922,1937,bunches,18.0,9.0,completed,06:49,13:57,
WO-2025-0412-H-036,2025-04-12,harvest,harvest,4,131,G4-01,20,9,2181,2008,bunches,20.0,9.0,completed,06:55,13:13,
WO-2025-0412-H-037,2025-04-12,harvest,harvest,4,137,G4-02,19,9,2026,1769,bunches,19.0,9.0,completed,07:08,13:27,
WO-2025-0412-H-038,2025-04-12,harvest,harvest,4,138,G4-02,23,9,2450,2114,bunches,23.0,9.0,completed,07:18,13:50,
WO-2025-0412-H-039,2025-04-12,harvest,harvest,4,139,G4-02,23,9,2565,2526,bunches,23.0,9.0,completed,07:05,14:02,
WO-2025-0412-H-040,2025-04-12,harvest,harvest,4,141,G4-02,30,9,3106,2100,bunches,30.0,9.0,partial,06:47,11:30,WO-2025-0416-H-033
WO-2025-0412-H-041,2025-04-12,harvest,harvest,4,148,G4-03,11,9,1165,976,bunches,11.0,9.0,partial,06:52,12:59,WO-2025-0415-H-033
WO-2025-0412-H-042,2025-04-12,harvest,harvest,4,159,G4-04,18,9,1823,2096,bunches,18.0,9.0,completed,07:14,15:44,
WO-2025-0412-H-043,2025-04-12,harvest,harvest,4,160,G4-04,24,9,2437,2099,bunches,24.0,9.0,completed,06:58,13:08,
WO-2025-0412-H-044,2025-04-12,harvest,harvest,5,171,G5-01,17,9,1769,1316,bunches,17.0,9.0,partial,07:14,12:38,
WO-2025-0412-H-045,2025-04-12,harvest,harvest,5,178,G5-01,13,9,1367,1310,bunches,13.0,9.0,completed,07:01,14:10,
WO-2025-0412-H-046,2025-04-12,harvest,harvest,5,195,G5-03,17,9,1742,1316,bunches,17.0,9.0,partial,06:47,12:24,WO-2025-0415-H-042
WO-2025-0412-H-047,2025-04-12,harvest,harvest,5,197,G5-03,19,9,1989,1705,bunches,19.0,9.0,completed,06:50,12:52,
WO-2025-0412-H-048,2025-04-12,harvest,harvest,5,201,G5-03,24,9,2453,2039,bunches,24.0,9.0,partial,06:45,12:22,
WO-2025-0412-H-049,2025-04-12,harvest,harvest,6,205,G6-01,20,9,2064,1815,bunches,20.0,9.0,completed,07:05,13:32,
WO-2025-0412-H-050,2025-04-12,harvest,harvest,6,207,G6-01,19,9,1993,1352,bunches,19.0,9.0,partial,06:55,11:27,
WO-2025-0412-H-051,2025-04-12,harvest,harvest,6,250,G6-03,12,9,1211,1044,bunches,12.0,9.0,completed,06:49,13:16,
WO-2025-0412-H-052,2025-04-12,harvest,harvest,6,256,G6-03,11,9,1048,850,bunches,11.0,9.0,partial,07:07,13:06,
WO-2025-0412-H-053,2025-04-12,harvest,harvest,6,259,G6-04,21,9,2152,1482,bunches,21.0,9.0,partial,07:14,11:57,WO-2025-0415-H-050
WO-2025-0412-H-054,2025-04-12,harvest,harvest,6,265,G6-04,15,9,1557,1365,bunches,15.0,9.0,completed,07:11,13:34,
WO-2025-0412-H-055,2025-04-12,harvest,harvest,6,270,G6-05,17,9,1792,1434,bunches,17.0,9.0,partial,07:13,13:22,
WO-2025-0412-H-056,2025-04-12,harvest,harvest,7,292,G7-01,17,9,1718,1528,bunches,17.0,9.0,completed,07:17,13:52,
WO-2025-0412-H-057,2025-04-12,harvest,harvest,7,295,G7-01,7,6,676,565,bunches,7.0,6.0,partial,07:06,13:00,
WO-2025-0412-H-058,2025-04-12,harvest,harvest,7,303,G7-02,22,9,2232,1713,bunches,22.0,9.0,partial,07:00,12:47,WO-2025-0416-H-049
WO-2025-0412-H-059,2025-04-12,harvest,harvest,7,304,G7-02,17,9,1705,1332,bunches,17.0,9.0,partial,07:16,12:48,WO-2025-0414-H-044
WO-2025-0412-H-060,2025-04-12,harvest,harvest,7,331,G7-03,12,9,1167,1061,bunches,12.0,9.0,completed,07:09,13:29,
WO-2025-0412-H-061,2025-04-12,harvest,harvest,7,333,G7-03,11,9,1092,1028,bunches,11.0,9.0,completed,06:58,13:25,
WO-2025-0412-H-062,2025-04-12,harvest,harvest,7,341,G7-04,14,9,1434,1214,bunches,14.0,9.0,partial,07:09,13:26,WO-2025-0416-H-057
WO-2025-0413-H-001,2025-04-13,harvest,harvest,1,1,G1-01,6,3,604,259,bunches,6.0,3.0,partial,06:00,10:10,
WO-2025-0413-H-002,2025-04-13,harvest,harvest,1,5,G1-01,7,3,737,341,bunches,7.0,3.0,partial,06:57,10:24,WO-2025-0417-H-001
WO-2025-0413-H-003,2025-04-13,harvest,harvest,1,6,G1-01,5,2,559,252,bunches,5.0,2.0,partial,06:54,10:18,WO-2025-0418-H-001
WO-2025-0413-H-004,2025-04-13,harvest,harvest,1,12,G1-02,10,9,1044,896,bunches,10.0,9.0,completed,06:53,13:09,
WO-2025-0413-H-005,2025-04-13,harvest,harvest,1,15,G1-02,11,9,1147,986,bunches,11.0,9.0,completed,06:56,13:28,
WO-2025-0413-H-006,2025-04-13,harvest,harvest,1,16,G1-02,13,9,1329,893,bunches,13.0,9.0,partial,06:53,12:06,WO-2025-0418-H-003
WO-2025-0413-H-007,2025-04-13,harvest,harvest,1,19,G1-02,4,4,436,366,bunches,4.0,4.0,partial,06:58,13:00,WO-2025-0416-H-006
WO-2025-0413-H-008,2025-04-13,harvest,harvest,1,25,G1-03,10,9,1040,895,bunches,10.0,9.0,completed,07:02,12:56,
WO-2025-0413-H-009,2025-04-13,harvest,harvest,1,28,G1-03,10,7,1031,739,bunches,10.0,7.0,partial,06:52,12:22,WO-2025-0416-H-008
WO-2025-0413-H-010,2025-04-13,harvest,harvest,1,31,G1-04,8,7,864,667,bunches,8.0,7.0,partial,07:02,12:15,WO-2025-0417-H-007
WO-2025-0413-H-011,2025-04-13,harvest,harvest,1,35,G1-04,14,9,1411,959,bunches,14.0,9.0,partial,06:48,11:52,WO-2025-0416-H-010
WO-2025-0413-H-012,2025-04-13,harvest,harvest,2,43,G2-01,8,8,759,834,bunches,8.0,8.0,completed,06:52,14:41,
WO-2025-0413-H-013,2025-04-13,harvest,harvest,2,46,G2-01,20,9,2003,1933,bunches,20.0,9.0,completed,06:59,14:15,
WO-2025-0413-H-014,2025-04-13,harvest,harvest,2,47,G2-01,12,9,1157,994,bunches,12.0,9.0,completed,07:11,13:09,
WO-2025-0413-H-015,2025-04-13,harvest,harvest,2,49,G2-01,8,7,759,649,bunches,8.0,7.0,completed,06:53,12:48,
WO-2025-0413-H-016,2025-04-13,harvest,harvest,2,52,G2-02,14,9,1409,1140,bunches,14.0,9.0,partial,07:07,13:11,WO-2025-0417-H-012
WO-2025-0413-H-017,2025-04-13,harvest,harvest,2,58,G2-02,10,9,1037,882,bunches,10.0,9.0,completed,06:57,13:01,
WO-2025-0413-H-018,2025-04-13,harvest,harvest,2,70,G2-04,11,8,1132,835,bunches,11.0,8.0,partial,06:59,12:00,WO-2025-0415-H-019
WO-2025-0413-H-019,2025-04-13,harvest,harvest,2,71,G2-04,10,8,1021,792,bunches,10.0,8.0,partial,06:57,12:40,WO-2025-0416-H-018
WO-2025-0413-H-020,2025-04-13,harvest,harvest,3,80,G3-01,10,8,978,715,bunches,10.0,8.0,partial,07:17,12:32,WO-2025-0417-H-017
WO-2025-0413-H-021,2025-04-13,harvest,harvest,3,84,G3-01,28,9,2828,1909,bunches,28.0,9.0,partial,06:58,12:11,
WO-2025-0413-H-022,2025-04-13,harvest,harvest,3,102,G3-03,13,9,1280,997,bunches,13.0,9.0,partial,06:53,12:50,WO-2025-0417-H-020
WO-2025-0413-H-023,2025-04-13,harvest,harvest,3,103,G3-03,15,9,1557,1387,bunches,15.0,9.0,completed,07:13,13:47,
WO-2025-0413-H-024,2025-04-13,harvest,harvest,3,112,G3-03,9,9,956,960,bunches,9.0,9.0,completed,07:21,14:23,
WO-2025-0413-H-025,2025-04-13,harvest,harvest,3,115,G3-04,12,8,1246,854,bunches,12.0,8.0,partial,06:50,12:09,WO-2025-0418-H-023
WO-2025-0413-H-026,2025-04-13,harvest,harvest,3,116,G3-04,7,5,694,540,bunches,7.0,5.0,partial,07:08,13:03,WO-2025-0414-H-025
WO-2025-0413-H-027,2025-04-13,harvest,harvest,3,120,G3-04,11,9,1101,935,bunches,11.0,9.0,partial,07:10,13:27,WO-2025-0418-H-024
WO-2025-0413-H-028,2025-04-13,harvest,harvest,4,123,G4-01,13,6,1286,588,bunches,13.0,6.0,partial,07:07,10:01,WO-2025-0418-H-025
WO-2025-0413-H-029,2025-04-13,harvest,harvest,4,145,G4-03,19,9,2024,1648,bunches,19.0,9.0,partial,06:55,12:47,WO-2025-0417-H-030
WO-2025-0413-H-030,2025-04-13,harvest,harvest,4,152,G4-03,20,9,2064,1804,bunches,20.0,9.0,completed,07:11,13:05,
WO-2025-0413-H-031,2025-04-13,harvest,harvest,4,164,G4-04,26,9,2706,1271,bunches,26.0,9.0,partial,07:05,10:49,
WO-2025-0413-H-032,2025-04-13,harvest,harvest,5,176,G5-01,17,9,1824,1280,bunches,17.0,9.0,partial,06:56,12:17,WO-2025-0417-H-033
WO-2025-0413-H-033,2025-04-13,harvest,harvest,5,177,G5-01,17,9,1828,1438,bunches,17.0,9.0,partial,07:14,13:04,
WO-2025-0413-H-034,2025-04-13,harvest,harvest,5,179,G5-01,14,9,1457,1530,bunches,14.0,9.0,completed,07:11,15:07,
WO-2025-0413-H-035,2025-04-13,harvest,harvest,5,189,G5-02,31,9,3162,1422,bunches,31.0,9.0,partial,07:18,10:37,
WO-2025-0413-H-036,2025-04-13,harvest,harvest,5,193,G5-03,21,9,2123,1456,bunches,21.0,9.0,partial,07:13,11:48,WO-2025-0417-H-034
WO-2025-0413-H-037,2025-04-13,harvest,harvest,5,199,G5-03,20,9,1984,1602,bunches,20.0,9.0,partial,07:14,13:06,
WO-2025-0413-H-038,2025-04-13,harvest,harvest,5,200,G5-03,17,9,1750,1733,bunches,17.0,9.0,completed,06:56,14:27,
WO-2025-0413-H-039,2025-04-13,harvest,harvest,6,210,G6-01,23,9,2506,2087,bunches,23.0,9.0,partial,06:55,13:15,
WO-2025-0413-H-040,2025-04-13,harvest,harvest,6,212,G6-01,17,9,1902,1638,bunches,17.0,9.0,completed,06:51,12:55,
WO-2025-0413-H-041,2025-04-13,harvest,harvest,6,252,G6-03,28,9,2892,1245,bunches,28.0,9.0,partial,07:18,10:26,WO-2025-0417-H-039
WO-2025-0413-H-042,2025-04-13,harvest,harvest,6,260,G6-04,22,9,2287,1127,bunches,22.0,9.0,partial,07:12,10:51,
WO-2025-0413-H-043,2025-04-13,harvest,harvest,6,268,G6-05,31,9,3254,1453,bunches,31.0,9.0,partial,07:17,10:42,
WO-2025-0413-H-044,2025-04-13,harvest,harvest,7,289,G7-01,27,9,2709,961,bunches,27.0,9.0,partial,06:55,09:38,
WO-2025-0413-H-045,2025-04-13,harvest,harvest,7,300,G7-02,18,9,1849,1637,bunches,18.0,9.0,completed,07:05,13:45,
WO-2025-0413-H-046,2025-04-13,harvest,harvest,7,301,G7-02,8,7,823,753,bunches,8.0,7.0,completed,06:54,13:52,
WO-2025-0413-H-047,2025-04-13,harvest,harvest,7,340,G7-04,13,9,1349,1283,bunches,13.0,9.0,completed,06:49,13:34,
WO-2025-0413-H-048,2025-04-13,harvest,harvest,7,342,G7-04,15,9,1498,1354,bunches,15.0,9.0,completed,07:09,13:53,
WO-2025-0413-H-049,2025-04-13,harvest,harvest,7,345,G7-04,16,9,1707,1482,bunches,16.0,9.0,completed,07:10,13:18,
WO-2025-0414-H-001,2025-04-14,harvest,harvest,1,9,G1-01,9,5,950,505,bunches,9.0,5.0,partial,07:17,11:25,WO-2025-0417-H-002
WO-2025-0414-H-002,2025-04-14,harvest,harvest,1,10,G1-01,28,9,2828,1150,bunches,28.0,9.0,partial,06:51,09:47,
WO-2025-0414-H-003,2025-04-14,harvest,harvest,1,14,G1-02,16,9,1655,1071,bunches,16.0,9.0,partial,07:13,11:42,WO-2025-0415-H-003
WO-2025-0414-H-004,2025-04-14,harvest,harvest,1,33,G1-04,10,7,1024,706,bunches,10.0,7.0,partial,07:03,12:24,
WO-2025-0414-H-005,2025-04-14,harvest,harvest,1,34,G1-04,15,9,1485,923,bunches,15.0,9.0,partial,06:46,11:11,WO-2025-0418-H-006
WO-2025-0414-H-006,2025-04-14,harvest,harvest,1,37,G1-04,16,9,1637,1021,bunches,16.0,9.0,partial,06:47,11:04,WO-2025-0418-H-009
WO-2025-0414-H-007,2025-04-14,harvest,harvest,1,38,G1-04,19,9,1917,1182,bunches,19.0,9.0,partial,06:49,11:26,WO-2025-0418-H-010
WO-2025-0414-H-008,2025-04-14,harvest,harvest,2,50,G2-02,22,9,2141,1262,bunches,22.0,9.0,partial,06:56,11:32,
WO-2025-0414-H-009,2025-04-14,harvest,harvest,2,53,G2-02,27,9,2777,2028,bunches,27.0,9.0,partial,07:03,12:04,
WO-2025-0414-H-010,2025-04-14,harvest,harvest,2,54,G2-02,27,9,2593,1516,bunches,27.0,9.0,partial,07:02,11:13,WO-2025-0418-H-012
WO-2025-0414-H-011,2025-04-14,harvest,harvest,2,56,G2-02,22,9,2169,983,bunches,22.0,9.0,partial,07:10,10:44,WO-2025-0417-H-013
WO-2025-0414-H-012,2025-04-14,harvest,harvest,2,60,G2-03,24,9,2412,1203,bunches,24.0,9.0,partial,06:56,10:32,
WO-2025-0414-H-013,2025-04-14,harvest,harvest,2,72,G2-04,28,9,2807,1412,bunches,28.0,9.0,partial,07:01,10:41,WO-2025-0419-H-016
WO-2025-0414-H-014,2025-04-14,harvest,harvest,2,73,G2-04,16,9,1660,1202,bunches,16.0,9.0,partial,07:05,12:22,
WO-2025-0414-H-015,2025-04-14,harvest,harvest,3,76,G3-01,21,9,2189,1665,bunches,21.0,9.0,partial,06:49,12:14,WO-2025-0418-H-014
WO-2025-0414-H-016,2025-04-14,harvest,harvest,3,86,G3-01,19,9,1844,1397,bunches,19.0,9.0,partial,07:20,12:46,WO-2025-0419-H-020
WO-2025-0414-H-017,2025-04-14,harvest,harvest,3,87,G3-01,29,9,2785,1408,bunches,29.0,9.0,partial,07:18,10:58,WO-2025-0418-H-017
WO-2025-0414-H-018,2025-04-14,harvest,harvest,3,89,G3-02,18,9,1743,1185,bunches,18.0,9.0,partial,07:08,11:55,
WO-2025-0414-H-019,2025-04-14,harvest,harvest,3,94,G3-02,18,9,1856,1006,bunches,18.0,9.0,partial,07:19,11:22,WO-2025-0418-H-018
WO-2025-0414-H-020,2025-04-14,harvest,harvest,3,98,G3-02,15,9,1444,1201,bunches,15.0,9.0,partial,07:13,13:05,WO-2025-0418-H-020
WO-2025-0414-H-021,2025-04-14,harvest,harvest,3,100,G3-02,23,9,2483,1557,bunches,23.0,9.0,partial,07:17,11:44,
WO-2025-0414-H-022,2025-04-14,harvest,harvest,3,101,G3-03,34,9,3357,1474,bunches,34.0,9.0,partial,06:53,09:50,WO-2025-0419-H-023
WO-2025-0414-H-023,2025-04-14,harvest,harvest,3,106,G3-03,11,9,1087,819,bunches,11.0,9.0,partial,06:50,12:26,
WO-2025-0414-H-024,2025-04-14,harvest,harvest,3,113,G3-03,30,9,2964,1335,bunches,30.0,9.0,partial,06:48,10:11,
WO-2025-0414-H-025,2025-04-14,harvest,harvest,3,116,G3-04,15,5,1447,540,bunches,15.0,5.0,partial,06:53,09:47,
WO-2025-0414-H-026,2025-04-14,harvest,harvest,3,121,G3-04,7,3,692,344,bunches,7.0,3.0,partial,06:57,10:24,
WO-2025-0414-H-027,2025-04-14,harvest,harvest,4,124,G4-01,8,7,838,726,bunches,8.0,7.0,completed,07:16,13:44,
WO-2025-0414-H-028,2025-04-14,harvest,harvest,4,140,G4-02,29,9,2961,1830,bunches,29.0,9.0,partial,07:06,11:46,
WO-2025-0414-H-029,2025-04-14,harvest,harvest,4,146,G4-03,20,9,2167,1550,bunches,20.0,9.0,partial,06:55,12:07,WO-2025-0418-H-031
WO-2025-0414-H-030,2025-04-14,harvest,harvest,5,172,G5-01,14,9,1547,1107,bunches,14.0,9.0,partial,07:11,12:28,WO-2025-0418-H-039
WO-2025-0414-H-031,2025-04-14,harvest,harvest,5,181,G5-02,18,9,1883,1309,bunches,18.0,9.0,partial,06:55,11:37,WO-2025-0418-H-040
WO-2025-0414-H-032,2025-04-14,harvest,harvest,5,187,G5-02,20,9,2029,1098,bunches,20.0,9.0,partial,07:20,11:23,
WO-2025-0414-H-033,2025-04-14,harvest,harvest,5,188,G5-02,24,9,2403,1761,bunches,24.0,9.0,partial,06:57,11:53,WO-2025-0418-H-042
WO-2025-0414-H-034,2025-04-14,harvest,harvest,5,190,G5-02,16,9,1752,1388,bunches,16.0,9.0,partial,07:11,12:36,
WO-2025-0414-H-035,2025-04-14,harvest,harvest,6,213,G6-02,24,9,2649,1161,bunches,24.0,9.0,partial,07:19,10:32,
WO-2025-0414-H-036,2025-04-14,harvest,harvest,6,215,G6-02,21,9,2108,1351,bunches,21.0,9.0,partial,07:09,12:02,WO-2025-0418-H-045
WO-2025-0414-H-037,2025-04-14,harvest,harvest,6,257,G6-03,25,9,2550,1494,bunches,25.0,9.0,partial,06:53,10:44,WO-2025-0419-H-041
WO-2025-0414-H-038,2025-04-14,harvest,harvest,6,269,G6-05,16,9,1745,1280,bunches,16.0,9.0,partial,07:04,12:44,WO-2025-0419-H-043
WO-2025-0414-H-039,2025-04-14,harvest,harvest,6,271,G6-05,19,9,2051,1239,bunches,19.0,9.0,partial,07:18,11:26,
WO-2025-0414-H-040,2025-04-14,harvest,harvest,7,293,G7-01,16,9,1624,1160,bunches,16.0,9.0,partial,07:01,11:51,
WO-2025-0414-H-041,2025-04-14,harvest,harvest,7,296,G7-01,21,9,2107,1359,bunches,21.0,9.0,partial,07:08,12:06,WO-2025-0417-H-044
WO-2025-0414-H-042,2025-04-14,harvest,harvest,7,297,G7-01,23,9,2224,1027,bunches,23.0,9.0,partial,06:49,09:49,WO-2025-0417-H-045
WO-2025-0414-H-043,2025-04-14,harvest,harvest,7,298,G7-01,20,9,2073,1206,bunches,20.0,9.0,partial,07:10,11:32,
WO-2025-0414-H-044,2025-04-14,harvest,harvest,7,304,G7-02,21,9,2121,1332,bunches,21.0,9.0,partial,06:53,11:26,WO-2025-0419-H-046
WO-2025-0414-H-045,2025-04-14,harvest,harvest,7,305,G7-02,32,9,3322,1799,bunches,32.0,9.0,partial,07:09,10:46,
WO-2025-0414-H-046,2025-04-14,harvest,harvest,7,343,G7-04,14,9,1431,1073,bunches,14.0,9.0,partial,07:00,12:31,
WO-2025-0415-H-001,2025-04-15,harvest,harvest,1,2,G1-01,6,5,619,516,bunches,6.0,5.0,partial,06:00,12:49,WO-2025-0420-H-001
WO-2025-0415-H-002,2025-04-15,harvest,harvest,1,7,G1-01,17,9,1716,1421,bunches,17.0,9.0,partial,06:54,12:55,
WO-2025-0415-H-003,2025-04-15,harvest,harvest,1,14,G1-02,13,9,1308,1071,bunches,13.0,9.0,partial,07:16,13:16,WO-2025-0419-H-003
WO-2025-0415-H-004,2025-04-15,harvest,harvest,1,17,G1-02,13,9,1317,1104,bunches,13.0,9.0,partial,07:18,13:27,
WO-2025-0415-H-005,2025-04-15,harvest,harvest,1,22,G1-03,12,9,1161,1032,bunches,12.0,9.0,completed,06:55,13:10,
WO-2025-0415-H-006,2025-04-15,harvest,harvest,1,23,G1-03,8,8,817,780,bunches,8.0,8.0,completed,07:03,13:49,
WO-2025-0415-H-007,2025-04-15,harvest,harvest,1,25,G1-03,9,9,949,895,bunches,9.0,9.0,completed,07:18,13:57,
WO-2025-0415-H-008,2025-04-15,harvest,harvest,1,26,G1-03,12,9,1245,1091,bunches,12.0,9.0,completed,06:59,13:41,
WO-2025-0415-H-009,2025-04-15,harvest,harvest,1,27,G1-03,12,8,1246,872,bunches,12.0,8.0,partial,06:54,12:03,WO-2025-0419-H-009
WO-2025-0415-H-010,2025-04-15,harvest,harvest,1,32,G1-04,9,8,989,853,bunches,9.0,8.0,completed,06:59,13:16,
WO-2025-0415-H-011,2025-04-15,harvest,harvest,1,36,G1-04,8,6,793,679,bunches,8.0,6.0,completed,07:08,13:27,
WO-2025-0415-H-012,2025-04-15,harvest,harvest,2,41,G2-01,6,7,634,678,bunches,6.0,7.0,completed,06:50,14:29,
WO-2025-0415-H-013,2025-04-15,harvest,harvest,2,42,G2-01,6,7,630,725,bunches,6.0,7.0,completed,07:06,15:08,
WO-2025-0415-H-014,2025-04-15,harvest,harvest,2,51,G2-02,16,9,1635,1650,bunches,16.0,9.0,completed,07:14,14:07,
WO-2025-0415-H-015,2025-04-15,harvest,harvest,2,55,G2-02,14,9,1390,1172,bunches,14.0,9.0,partial,07:12,13:30,WO-2025-0420-H-014
WO-2025-0415-H-016,2025-04-15,harvest,harvest,2,62,G2-03,8,6,883,675,bunches,8.0,6.0,partial,07:18,12:50,
WO-2025-0415-H-017,2025-04-15,harvest,harvest,2,63,G2-03,19,9,1922,1795,bunches,19.0,9.0,completed,06:47,13:52,
WO-2025-0415-H-018,2025-04-15,harvest,harvest,2,69,G2-04,14,9,1327,1354,bunches,14.0,9.0,completed,07:14,14:42,
WO-2025-0415-H-019,2025-04-15,harvest,harvest,2,70,G2-04,9,8,845,835,bunches,9.0,8.0,completed,06:57,14:08,
WO-2025-0415-H-020,2025-04-15,harvest,harvest,3,81,G3-01,4,3,339,329,bunches,4.0,3.0,completed,07:04,14:07,
WO-2025-0415-H-021,2025-04-15,harvest,harvest,3,83,G3-01,17,9,1838,1774,bunches,17.0,9.0,completed,06:55,14:10,
WO-2025-0415-H-022,2025-04-15,harvest,harvest,3,85,G3-01,12,9,1275,1313,bunches,12.0,9.0,completed,06:49,14:01,
WO-2025-0415-H-023,2025-04-15,harvest,harvest,3,95,G3-02,18,9,1832,1363,bunches,18.0,9.0,partial,06:51,12:25,
WO-2025-0415-H-024,2025-04-15,harvest,harvest,3,105,G3-03,20,0,1908,0,bunches,20.0,0.0,not_started,07:17,,WO-2025-0416-H-025
WO-2025-0415-H-025,2025-04-15,harvest,harvest,3,107,G3-03,17,9,1791,1580,bunches,17.0,9.0,completed,06:49,13:17,
WO-2025-0415-H-026,2025-04-15,harvest,harvest,3,108,G3-03,21,9,2203,1980,bunches,21.0,9.0,completed,06:55,13:12,
WO-2025-0415-H-027,2025-04-15,harvest,harvest,3,110,G3-03,15,9,1526,1132,bunches,15.0,9.0,partial,06:46,12:17,
WO-2025-0415-H-028,2025-04-15,harvest,harvest,3,112,G3-03,10,9,1041,960,bunches,10.0,9.0,completed,07:19,13:45,
WO-2025-0415-H-029,2025-04-15,harvest,harvest,3,114,G3-04,9,8,905,825,bunches,9.0,8.0,completed,07:20,14:17,
WO-2025-0415-H-030,2025-04-15,harvest,harvest,4,132,G4-01,22,9,2406,1693,bunches,22.0,9.0,partial,06:52,12:16,WO-2025-0419-H-026
WO-2025-0415-H-031,2025-04-15,harvest,harvest,4,133,G4-02,19,9,2084,2210,bunches,19.0,9.0,completed,06:59,14:22,
WO-2025-0415-H-032,2025-04-15,harvest,harvest,4,135,G4-02,13,9,1426,1253,bunches,13.0,9.0,completed,07:00,13:38,
WO-2025-0415-H-033,2025-04-15,harvest,harvest,4,148,G4-03,9,9,939,976,bunches,9.0,9.0,completed,06:57,14:23,
WO-2025-0415-H-034,2025-04-15,harvest,harvest,4,149,G4-03,9,9,916,1046,bunches,9.0,9.0,completed,07:01,14:52,
WO-2025-0415-H-035,2025-04-15,harvest,harvest,4,157,G4-04,18,9,1836,1703,bunches,18.0,9.0,completed,06:50,13:43,
WO-2025-0415-H-036,2025-04-15,harvest,harvest,4,158,G4-04,13,9,1350,1124,bunches,13.0,9.0,partial,07:10,13:11,WO-2025-0419-H-029
WO-2025-0415-H-037,2025-04-15,harvest,harvest,5,168,G5-01,11,9,1174,1189,bunches,11.0,9.0,completed,07:09,14:30,
WO-2025-0415-H-038,2025-04-15,harvest,harvest,5,178,G5-01,14,9,1425,1310,bunches,14.0,9.0,completed,06:53,13:44,
WO-2025-0415-H-039,2025-04-15,harvest,harvest,5,180,G5-02,19,9,2047,2060,bunches,19.0,9.0,completed,07:02,13:59,
WO-2025-0415-H-040,2025-04-15,harvest,harvest,5,185,G5-02,15,9,1636,1456,bunches,15.0,9.0,completed,06:51,12:53,
WO-2025-0415-H-041,2025-04-15,harvest,harvest,5,192,G5-02,8,7,801,752,bunches,8.0,7.0,completed,07:18,13:40,
WO-2025-0415-H-042,2025-04-15,harvest,harvest,5,195,G5-03,16,9,1613,1316,bunches,16.0,9.0,partial,07:17,13:24,WO-2025-0417-H-035
WO-2025-0415-H-043,2025-04-15,harvest,harvest,5,202,G5-03,24,9,2360,2004,bunches,24.0,9.0,partial,06:46,12:53,
WO-2025-0415-H-044,2025-04-15,harvest,harvest,6,208,G6-01,11,9,1120,1000,bunches,11.0,9.0,completed,07:12,13:48,
WO-2025-0415-H-045,2025-04-15,harvest,harvest,6,214,G6-02,20,9,2124,1967,bunches,20.0,9.0,completed,06:51,13:13,
WO-2025-0415-H-046,2025-04-15,harvest,harvest,6,216,G6-02,12,9,1235,1389,bunches,12.0,9.0,completed,07:18,15:18,
WO-2025-0415-H-047,2025-04-15,harvest,harvest,6,248,G6-03,23,9,2266,1997,bunches,23.0,9.0,completed,07:13,13:18,
WO-2025-0415-H-048,2025-04-15,harvest,harvest,6,251,G6-03,29,9,2917,2213,bunches,29.0,9.0,partial,07:21,12:31,
WO-2025-0415-H-049,2025-04-15,harvest,harvest,6,255,G6-03,30,9,2896,2599,bunches,30.0,9.0,completed,07:04,13:12,
WO-2025-0415-H-050,2025-04-15,harvest,harvest,6,259,G6-04,15,9,1497,1482,bunches,15.0,9.0,completed,06:52,14:12,
WO-2025-0415-H-051,2025-04-15,harvest,harvest,6,267,G6-04,14,9,1553,1253,bunches,14.0,9.0,partial,07:02,12:28,
WO-2025-0415-H-052,2025-04-15,harvest,harvest,6,380,G6-05,15,9,1689,1649,bunches,15.0,9.0,completed,07:15,14:29,
WO-2025-0415-H-053,2025-04-15,harvest,harvest,7,302,G7-02,18,9,1856,1450,bunches,18.0,9.0,partial,06:55,12:09,WO-2025-0418-H-051
WO-2025-0415-H-054,2025-04-15,harvest,harvest,7,328,G7-03,15,9,1494,1718,bunches,15.0,9.0,completed,07:15,15:39,
WO-2025-0415-H-055,2025-04-15,harvest,harvest,7,336,G7-03,26,9,2702,2134,bunches,26.0,9.0,partial,07:03,13:04,
WO-2025-0415-H-056,2025-04-15,harvest,harvest,7,337,G7-03,15,9,1500,1230,bunches,15.0,9.0,partial,07:02,12:56,
WO-2025-0415-H-057,2025-04-15,harvest,harvest,7,344,G7-04,13,9,1343,1192,bunches,13.0,9.0,completed,07:12,13:59,
WO-2025-0415-H-058,2025-04-15,harvest,harvest,7,347,G7-04,13,9,1419,1632,bunches,13.0,9.0,completed,07:16,15:42,
WO-2025-0415-H-059,2025-04-15,harvest,harvest,7,348,G7-04,19,9,2081,1836,bunches,19.0,9.0,completed,06:59,13:15,
WO-2025-0416-H-001,2025-04-16,harvest,harvest,1,3,G1-01,7,6,672,604,bunches,7.0,6.0,completed,07:13,13:27,
WO-2025-0416-H-002,2025-04-16,harvest,harvest,1,4,G1-01,5,4,528,428,bunches,5.0,4.0,partial,07:12,12:57,
WO-2025-0416-H-003,2025-04-16,harvest,harvest,1,8,G1-01,10,8,987,786,bunches,10.0,8.0,partial,07:09,12:42,WO-2025-0419-H-002
WO-2025-0416-H-004,2025-04-16,harvest,harvest,1,11,G1-02,8,9,805,926,bunches,8.0,9.0,completed,07:05,15:20,
WO-2025-0416-H-005,2025-04-16,harvest,harvest,1,13,G1-02,11,9,1152,1120,bunches,11.0,9.0,completed,06:54,13:39,
WO-2025-0416-H-006,2025-04-16,harvest,harvest,1,19,G1-02,4,4,398,366,bunches,4.0,4.0,completed,07:11,14:12,
WO-2025-0416-H-007,2025-04-16,harvest,harvest,1,21,G1-03,7,7,718,685,bunches,7.0,7.0,completed,06:57,13:54,
WO-2025-0416-H-008,2025-04-16,harvest,harvest,1,28,G1-03,9,7,910,739,bunches,9.0,7.0,partial,06:46,12:48,
WO-2025-0416-H-009,2025-04-16,harvest,harvest,1,29,G1-03,8,8,840,820,bunches,8.0,8.0,completed,07:08,14:12,
WO-2025-0416-H-010,2025-04-16,harvest,harvest,1,35,G1-04,9,9,959,959,bunches,9.0,9.0,completed,07:18,14:41,
WO-2025-0416-H-011,2025-04-16,harvest,harvest,1,39,G1-04,7,6,650,592,bunches,7.0,6.0,completed,06:56,13:46,
WO-2025-0416-H-012,2025-04-16,harvest,harvest,2,40,G2-01,11,8,1098,783,bunches,11.0,8.0,partial,07:10,12:22,
WO-2025-0416-H-013,2025-04-16,harvest,harvest,2,43,G2-01,9,8,887,834,bunches,9.0,8.0,completed,07:03,13:27,
WO-2025-0416-H-014,2025-04-16,harvest,harvest,2,44,G2-01,8,9,832,955,bunches,8.0,9.0,completed,07:12,15:42,
WO-2025-0416-H-015,2025-04-16,harvest,harvest,2,49,G2-01,6,7,564,649,bunches,6.0,7.0,completed,07:08,15:10,
WO-2025-0416-H-016,2025-04-16,harvest,harvest,2,57,G2-02,7,7,653,652,bunches,7.0,7.0,completed,06:54,13:51,
WO-2025-0416-H-017,2025-04-16,harvest,harvest,2,66,G2-03,18,9,1851,1741,bunches,18.0,9.0,completed,06:51,13:31,
WO-2025-0416-H-018,2025-04-16,harvest,harvest,2,71,G2-04,7,8,759,792,bunches,7.0,8.0,completed,07:12,14:40,
WO-2025-0416-H-019,2025-04-16,harvest,harvest,3,75,G3-01,14,9,1482,1326,bunches,14.0,9.0,completed,07:19,13:29,
WO-2025-0416-H-020,2025-04-16,harvest,harvest,3,77,G3-01,15,9,1510,1374,bunches,15.0,9.0,completed,06:51,13:01,
WO-2025-0416-H-021,2025-04-16,harvest,harvest,3,79,G3-01,10,9,986,920,bunches,10.0,9.0,completed,06:48,13:34,
WO-2025-0416-H-022,2025-04-16,harvest,harvest,3,88,G3-02,15,9,1445,1084,bunches,15.0,9.0,partial,07:01,12:23,
WO-2025-0416-H-023,2025-04-16,harvest,harvest,3,93,G3-02,16,9,1615,1555,bunches,16.0,9.0,completed,07:05,13:38,
WO-2025-0416-H-024,2025-04-16,harvest,harvest,3,97,G3-02,12,9,1191,1101,bunches,12.0,9.0,completed,07:19,14:05,
WO-2025-0416-H-025,2025-04-16,harvest,harvest,3,105,G3-03,20,9,1908,1110,bunches,20.0,9.0,partial,07:17,11:26,
WO-2025-0416-H-026,2025-04-16,harvest,harvest,3,117,G3-04,7,7,659,666,bunches,7.0,7.0,completed,07:16,14:45,
WO-2025-0416-H-027,2025-04-16,harvest,harvest,3,118,G3-04,6,5,553,524,bunches,6.0,5.0,completed,06:46,13:31,
WO-2025-0416-H-028,2025-04-16,harvest,harvest,3,369,G3-04,2,2,186,173,bunches,2.0,2.0,completed,07:03,13:54,
WO-2025-0416-H-029,2025-04-16,harvest,harvest,3,370,G3-04,4,4,318,345,bunches,4.0,4.0,completed,07:17,15:25,
WO-2025-0416-H-030,2025-04-16,harvest,harvest,4,126,G4-01,4,4,428,403,bunches,4.0,4.0,completed,06:57,13:27,
WO-2025-0416-H-031,2025-04-16,harvest,harvest,4,129,G4-01,16,9,1681,1602,bunches,16.0,9.0,completed,07:09,14:23,
WO-2025-0416-H-032,2025-04-16,harvest,harvest,4,136,G4-02,13,9,1410,1534,bunches,13.0,9.0,completed,07:10,15:18,
WO-2025-0416-H-033,2025-04-16,harvest,harvest,4,141,G4-02,20,9,2031,2100,bunches,20.0,9.0,completed,07:06,14:14,
WO-2025-0416-H-034,2025-04-16,harvest,harvest,4,142,G4-02,20,9,2116,2094,bunches,20.0,9.0,completed,06:57,14:18,
WO-2025-0416-H-035,2025-04-16,harvest,harvest,4,152,G4-03,16,9,1664,1804,bunches,16.0,9.0,completed,07:06,14:55,
WO-2025-0416-H-036,2025-04-16,harvest,harvest,4,153,G4-03,18,9,1863,1509,bunches,18.0,9.0,partial,06:57,13:11,WO-2025-0419-H-028
WO-2025-0416-H-037,2025-04-16,harvest,harvest,4,165,G4-04,13,9,1312,1171,bunches,13.0,9.0,completed,06:00,13:07,
WO-2025-0416-H-038,2025-04-16,harvest,harvest,5,170,G5-01,8,9,838,902,bunches,8.0,9.0,completed,07:09,14:53,
WO-2025-0416-H-039,2025-04-16,harvest,harvest,5,173,G5-01,9,9,921,1042,bunches,9.0,9.0,completed,07:02,15:09,
WO-2025-0416-H-040,2025-04-16,harvest,harvest,5,179,G5-01,15,9,1612,1530,bunches,15.0,9.0,completed,07:11,13:52,
WO-2025-0416-H-041,2025-04-16,harvest,harvest,5,182,G5-02,10,9,1036,1157,bunches,10.0,9.0,completed,07:16,15:10,
WO-2025-0416-H-042,2025-04-16,harvest,harvest,5,186,G5-02,10,9,991,871,bunches,10.0,9.0,completed,06:59,13:21,
WO-2025-0416-H-043,2025-04-16,harvest,harvest,5,194,G5-03,28,9,2928,2107,bunches,28.0,9.0,partial,07:07,11:56,WO-2025-0421-H-042
WO-2025-0416-H-044,2025-04-16,harvest,harvest,6,206,G6-01,15,9,1545,1624,bunches,15.0,9.0,completed,06:59,14:12,
WO-2025-0416-H-045,2025-04-16,harvest,harvest,6,209,G6-01,8,8,787,821,bunches,8.0,8.0,completed,07:11,14:20,
WO-2025-0416-H-046,2025-04-16,harvest,harvest,6,264,G6-04,5,3,499,332,bunches,5.0,3.0,partial,07:21,11:49,
WO-2025-0416-H-047,2025-04-16,harvest,harvest,7,294,G7-01,5,5,514,480,bunches,5.0,5.0,completed,07:09,13:53,
WO-2025-0416-H-048,2025-04-16,harvest,harvest,7,299,G7-02,16,9,1643,1417,bunches,16.0,9.0,completed,07:15,13:34,
WO-2025-0416-H-049,2025-04-16,harvest,harvest,7,303,G7-02,20,9,2000,1713,bunches,20.0,9.0,completed,07:21,13:37,
WO-2025-0416-H-050,2025-04-16,harvest,harvest,7,307,G7-02,10,9,1028,1073,bunches,10.0,9.0,completed,06:49,14:02,
WO-2025-0416-H-051,2025-04-16,harvest,harvest,7,309,G7-02,11,9,1135,1083,bunches,11.0,9.0,completed,06:55,14:11,
WO-2025-0416-H-052,2025-04-16,harvest,harvest,7,310,G7-02,20,9,2023,1836,bunches,20.0,9.0,completed,07:15,13:43,
WO-2025-0416-H-053,2025-04-16,harvest,harvest,7,329,G7-03,9,9,920,872,bunches,9.0,9.0,completed,07:10,14:07,
WO-2025-0416-H-054,2025-04-16,harvest,harvest,7,330,G7-03,12,9,1214,1252,bunches,12.0,9.0,completed,07:08,14:13,
WO-2025-0416-H-055,2025-04-16,harvest,harvest,7,338,G7-03,15,9,1571,1807,bunches,15.0,9.0,completed,07:15,15:25,
WO-2025-0416-H-056,2025-04-16,harvest,harvest,7,340,G7-04,12,9,1191,1283,bunches,12.0,9.0,completed,07:12,15:05,
WO-2025-0416-H-057,2025-04-16,harvest,harvest,7,341,G7-04,15,9,1518,1214,bunches,15.0,9.0,partial,07:19,12:44,WO-2025-0421-H-059
WO-2025-0416-H-058,2025-04-16,harvest,harvest,7,346,G7-04,12,9,1284,1383,bunches,12.0,9.0,completed,07:06,14:46,
WO-2025-0417-H-001,2025-04-17,harvest,harvest,1,5,G1-01,4,3,368,341,bunches,4.0,3.0,completed,06:00,13:53,
WO-2025-0417-H-002,2025-04-17,harvest,harvest,1,9,G1-01,7,5,654,505,bunches,7.0,5.0,partial,07:16,12:32,WO-2025-0420-H-002
WO-2025-0417-H-003,2025-04-17,harvest,harvest,1,15,G1-02,12,9,1174,986,bunches,12.0,9.0,partial,06:53,13:13,WO-2025-0421-H-001
WO-2025-0417-H-004,2025-04-17,harvest,harvest,1,18,G1-02,11,9,1026,850,bunches,11.0,9.0,partial,07:19,12:55,
WO-2025-0417-H-005,2025-04-17,harvest,harvest,1,20,G1-02,10,8,949,793,bunches,10.0,8.0,partial,06:54,12:44,
WO-2025-0417-H-006,2025-04-17,harvest,harvest,1,24,G1-03,11,9,1078,890,bunches,11.0,9.0,partial,07:10,12:59,WO-2025-0419-H-006
WO-2025-0417-H-007,2025-04-17,harvest,harvest,1,31,G1-04,7,7,780,667,bunches,7.0,7.0,completed,06:58,13:10,
WO-2025-0417-H-008,2025-04-17,harvest,harvest,2,42,G2-01,9,7,874,725,bunches,9.0,7.0,partial,07:09,13:13,WO-2025-0420-H-011
WO-2025-0417-H-009,2025-04-17,harvest,harvest,2,43,G2-01,10,8,1006,834,bunches,10.0,8.0,partial,06:55,12:58,WO-2025-0421-H-010
WO-2025-0417-H-010,2025-04-17,harvest,harvest,2,44,G2-01,13,9,1296,955,bunches,13.0,9.0,partial,07:03,12:13,WO-2025-0419-H-013
WO-2025-0417-H-011,2025-04-17,harvest,harvest,2,45,G2-01,15,9,1505,1388,bunches,15.0,9.0,completed,07:04,13:29,
WO-2025-0417-H-012,2025-04-17,harvest,harvest,2,52,G2-02,12,9,1224,1140,bunches,12.0,9.0,completed,06:47,13:50,
WO-2025-0417-H-013,2025-04-17,harvest,harvest,2,56,G2-02,12,9,1201,983,bunches,12.0,9.0,partial,07:02,13:03,WO-2025-0421-H-013
WO-2025-0417-H-014,2025-04-17,harvest,harvest,2,58,G2-02,10,9,1026,882,bunches,10.0,9.0,completed,07:18,13:41,
WO-2025-0417-H-015,2025-04-17,harvest,harvest,2,382,G2-04,16,9,1753,1331,bunches,16.0,9.0,partial,07:17,13:08,WO-2025-0422-H-018
WO-2025-0417-H-016,2025-04-17,harvest,harvest,3,78,G3-01,12,9,1163,1061,bunches,12.0,9.0,completed,06:58,13:36,
WO-2025-0417-H-017,2025-04-17,harvest,harvest,3,80,G3-01,8,8,803,715,bunches,8.0,8.0,completed,06:54,13:12,
WO-2025-0417-H-018,2025-04-17,harvest,harvest,3,91,G3-02,13,9,1223,957,bunches,13.0,9.0,partial,07:16,12:00,
WO-2025-0417-H-019,2025-04-17,harvest,harvest,3,92,G3-02,13,9,1360,1072,bunches,13.0,9.0,partial,06:51,12:18,WO-2025-0419-H-022
WO-2025-0417-H-020,2025-04-17,harvest,harvest,3,102,G3-03,10,9,1039,997,bunches,10.0,9.0,completed,06:48,13:30,
WO-2025-0417-H-021,2025-04-17,harvest,harvest,3,104,G3-03,16,9,1595,1254,bunches,16.0,9.0,partial,07:12,12:44,
WO-2025-0417-H-022,2025-04-17,harvest,harvest,3,109,G3-03,16,9,1622,1384,bunches,16.0,9.0,completed,06:46,12:58,
WO-2025-0417-H-023,2025-04-17,harvest,harvest,3,119,G3-04,4,3,353,308,bunches,4.0,3.0,completed,06:51,13:21,
WO-2025-0417-H-024,2025-04-17,harvest,harvest,4,122,G4-01,7,7,730,682,bunches,7.0,7.0,completed,07:04,13:34,
WO-2025-0417-H-025,2025-04-17,harvest,harvest,4,125,G4-01,10,7,991,675,bunches,10.0,7.0,partial,07:07,11:41,
WO-2025-0417-H-026,2025-04-17,harvest,harvest,4,128,G4-01,19,9,2046,1990,bunches,19.0,9.0,completed,07:01,13:49,
WO-2025-0417-H-027,2025-04-17,harvest,harvest,4,130,G4-01,21,9,2222,1937,bunches,21.0,9.0,completed,07:05,12:59,
WO-2025-0417-H-028,2025-04-17,harvest,harvest,4,138,G4-02,25,9,2705,2114,bunches,25.0,9.0,partial,07:20,13:01,WO-2025-0421-H-032
WO-2025-0417-H-029,2025-04-17,harvest,harvest,4,144,G4-03,14,9,1342,1476,bunches,14.0,9.0,completed,07:17,14:53,
WO-2025-0417-H-030,2025-04-17,harvest,harvest,4,145,G4-03,19,9,1979,1648,bunches,19.0,9.0,partial,06:45,12:31,WO-2025-0420-H-028
WO-2025-0417-H-031,2025-04-17,harvest,harvest,4,150,G4-03,11,9,1100,1006,bunches,11.0,9.0,completed,07:07,14:03,
WO-2025-0417-H-032,2025-04-17,harvest,harvest,4,166,G4-04,10,8,1063,813,bunches,10.0,8.0,partial,06:46,12:03,WO-2025-0420-H-031
WO-2025-0417-H-033,2025-04-17,harvest,harvest,5,176,G5-01,17,9,1746,1280,bunches,17.0,9.0,partial,07:14,12:24,WO-2025-0422-H-050
WO-2025-0417-H-034,2025-04-17,harvest,harvest,5,193,G5-03,14,9,1462,1456,bunches,14.0,9.0,completed,07:19,14:48,
WO-2025-0417-H-035,2025-04-17,harvest,harvest,5,195,G5-03,14,9,1474,1316,bunches,14.0,9.0,completed,06:57,12:59,
WO-2025-0417-H-036,2025-04-17,harvest,harvest,6,203,G6-01,19,9,1964,1685,bunches,19.0,9.0,completed,07:10,13:03,
WO-2025-0417-H-037,2025-04-17,harvest,harvest,6,211,G6-01,28,9,3142,2385,bunches,28.0,9.0,partial,06:52,12:24,
WO-2025-0417-H-038,2025-04-17,harvest,harvest,6,247,G6-02,13,9,1353,968,bunches,13.0,9.0,partial,07:18,12:47,
WO-2025-0417-H-039,2025-04-17,harvest,harvest,6,252,G6-03,18,9,1870,1245,bunches,18.0,9.0,partial,07:16,11:56,WO-2025-0419-H-037
WO-2025-0417-H-040,2025-04-17,harvest,harvest,6,261,G6-04,16,9,1605,1222,bunches,16.0,9.0,partial,07:13,12:28,
WO-2025-0417-H-041,2025-04-17,harvest,harvest,6,262,G6-04,26,9,2529,1890,bunches,26.0,9.0,partial,07:09,12:14,
WO-2025-0417-H-042,2025-04-17,harvest,harvest,6,263,G6-04,28,9,2768,2357,bunches,28.0,9.0,completed,07:21,13:38,
WO-2025-0417-H-043,2025-04-17,harvest,harvest,6,266,G6-04,22,9,2284,2008,bunches,22.0,9.0,completed,06:52,13:19,
WO-2025-0417-H-044,2025-04-17,harvest,harvest,7,296,G7-01,20,9,2030,1359,bunches,20.0,9.0,partial,07:03,11:46,WO-2025-0422-H-059
WO-2025-0417-H-045,2025-04-17,harvest,harvest,7,297,G7-01,16,9,1559,1027,bunches,16.0,9.0,partial,07:10,11:51,WO-2025-0422-H-060
WO-2025-0417-H-046,2025-04-17,harvest,harvest,7,306,G7-02,28,9,2814,1872,bunches,28.0,9.0,partial,07:08,12:14,WO-2025-0421-H-054
WO-2025-0417-H-047,2025-04-17,harvest,harvest,7,311,G7-03,15,9,1590,1458,bunches,15.0,9.0,completed,06:59,13:51,
WO-2025-0417-H-048,2025-04-17,harvest,harvest,7,332,G7-03,13,9,1293,1054,bunches,13.0,9.0,partial,06:55,12:33,WO-2025-0421-H-056
WO-2025-0418-H-001,2025-04-18,harvest,harvest,1,6,G1-01,2,2,245,252,bunches,2.0,2.0,completed,07:20,15:01,
WO-2025-0418-H-002,2025-04-18,harvest,harvest,1,12,G1-02,8,9,856,896,bunches,8.0,9.0,completed,06:57,14:45,
WO-2025-0418-H-003,2025-04-18,harvest,harvest,1,16,G1-02,9,9,874,893,bunches,9.0,9.0,completed,07:11,14:33,
WO-2025-0418-H-004,2025-04-18,harvest,harvest,1,21,G1-03,7,7,739,685,bunches,7.0,7.0,completed,07:14,13:56,
WO-2025-0418-H-005,2025-04-18,harvest,harvest,1,22,G1-03,11,9,1104,1032,bunches,11.0,9.0,completed,06:52,13:32,
WO-2025-0418-H-006,2025-04-18,harvest,harvest,1,34,G1-04,11,9,1157,923,bunches,11.0,9.0,partial,07:06,12:44,WO-2025-0421-H-008
WO-2025-0418-H-007,2025-04-18,harvest,harvest,1,35,G1-04,10,9,1022,959,bunches,10.0,9.0,completed,07:15,14:05,
WO-2025-0418-H-008,2025-04-18,harvest,harvest,1,36,G1-04,6,6,639,679,bunches,6.0,6.0,completed,07:09,15:08,
WO-2025-0418-H-009,2025-04-18,harvest,harvest,1,37,G1-04,10,9,1046,1021,bunches,10.0,9.0,completed,06:58,13:48,
WO-2025-0418-H-010,2025-04-18,harvest,harvest,1,38,G1-04,12,9,1158,1182,bunches,12.0,9.0,completed,06:51,14:23,
WO-2025-0418-H-011,2025-04-18,harvest,harvest,2,47,G2-01,10,9,992,994,bunches,10.0,9.0,completed,07:01,13:54,
WO-2025-0418-H-012,2025-04-18,harvest,harvest,2,54,G2-02,16,9,1511,1516,bunches,16.0,9.0,completed,06:51,14:25,
WO-2025-0418-H-013,2025-04-18,harvest,harvest,2,65,G2-03,8,8,836,858,bunches,8.0,8.0,completed,07:15,14:40,
WO-2025-0418-H-014,2025-04-18,harvest,harvest,3,76,G3-01,14,9,1448,1665,bunches,14.0,9.0,completed,06:52,14:51,
WO-2025-0418-H-015,2025-04-18,harvest,harvest,3,78,G3-01,12,9,1226,1061,bunches,12.0,9.0,completed,06:46,12:38,
WO-2025-0418-H-016,2025-04-18,harvest,harvest,3,79,G3-01,9,9,943,920,bunches,9.0,9.0,completed,07:07,14:21,
WO-2025-0418-H-017,2025-04-18,harvest,harvest,3,87,G3-01,18,9,1732,1408,bunches,18.0,9.0,partial,06:45,12:58,WO-2025-0421-H-022
WO-2025-0418-H-018,2025-04-18,harvest,harvest,3,94,G3-02,12,9,1170,1006,bunches,12.0,9.0,completed,07:03,13:04,
WO-2025-0418-H-019,2025-04-18,harvest,harvest,3,96,G3-02,19,9,1882,1470,bunches,19.0,9.0,partial,06:48,12:21,
WO-2025-0418-H-020,2025-04-18,harvest,harvest,3,98,G3-02,11,9,1124,1201,bunches,11.0,9.0,completed,07:12,14:00,
WO-2025-0418-H-021,2025-04-18,harvest,harvest,3,99,G3-02,11,9,1046,963,bunches,11.0,9.0,completed,06:51,13:43,
WO-2025-0418-H-022,2025-04-18,harvest,harvest,3,114,G3-04,7,8,717,825,bunches,7.0,8.0,completed,07:20,15:30,
WO-2025-0418-H-023,2025-04-18,harvest,harvest,3,115,G3-04,8,8,838,854,bunches,8.0,8.0,completed,06:56,14:21,
WO-2025-0418-H-024,2025-04-18,harvest,harvest,3,120,G3-04,12,9,1180,935,bunches,12.0,9.0,partial,07:03,12:45,
WO-2025-0418-H-025,2025-04-18,harvest,harvest,4,123,G4-01,6,6,638,588,bunches,6.0,6.0,completed,06:57,13:12,
WO-2025-0418-H-026,2025-04-18,harvest,harvest,4,127,G4-01,4,3,391,371,bunches,4.0,3.0,completed,07:09,14:08,
WO-2025-0418-H-027,2025-04-18,harvest,harvest,4,133,G4-02,18,9,1990,2210,bunches,18.0,9.0,completed,07:13,15:34,
WO-2025-0418-H-028,2025-04-18,harvest,harvest,4,134,G4-02,24,9,2565,2036,bunches,24.0,9.0,partial,06:54,12:53,
WO-2025-0418-H-029,2025-04-18,harvest,harvest,4,137,G4-02,18,9,1891,1769,bunches,18.0,9.0,completed,06:55,13:48,
WO-2025-0418-H-030,2025-04-18,harvest,harvest,4,139,G4-02,25,9,2774,2526,bunches,25.0,9.0,completed,06:57,13:10,
WO-2025-0418-H-031,2025-04-18,harvest,harvest,4,146,G4-03,13,9,1348,1550,bunches,13.0,9.0,completed,07:06,15:36,
WO-2025-0418-H-032,2025-04-18,harvest,harvest,4,147,G4-03,14,9,1401,1611,bunches,14.0,9.0,completed,07:02,15:32,
WO-2025-0418-H-033,2025-04-18,harvest,harvest,4,148,G4-03,8,9,857,976,bunches,8.0,9.0,completed,06:56,15:10,
WO-2025-0418-H-034,2025-04-18,harvest,harvest,4,151,G4-03,14,9,1453,1436,bunches,14.0,9.0,completed,06:54,13:59,
WO-2025-0418-H-035,2025-04-18,harvest,harvest,4,156,G4-04,21,9,2192,1992,bunches,21.0,9.0,completed,06:56,13:14,
WO-2025-0418-H-036,2025-04-18,harvest,harvest,4,159,G4-04,21,9,2171,2096,bunches,21.0,9.0,completed,07:19,14:30,
WO-2025-0418-H-037,2025-04-18,harvest,harvest,5,169,G5-01,15,9,1569,1515,bunches,15.0,9.0,completed,07:17,14:11,
WO-2025-0418-H-038,2025-04-18,harvest,harvest,5,171,G5-01,13,9,1412,1316,bunches,13.0,9.0,completed,07:18,14:23,
WO-2025-0418-H-039,2025-04-18,harvest,harvest,5,172,G5-01,9,9,963,1107,bunches,9.0,9.0,completed,07:16,15:46,
WO-2025-0418-H-040,2025-04-18,harvest,harvest,5,181,G5-02,11,9,1181,1309,bunches,11.0,9.0,completed,07:04,15:02,
WO-2025-0418-H-041,2025-04-18,harvest,harvest,5,184,G5-02,10,9,1048,979,bunches,10.0,9.0,completed,07:02,13:59,
WO-2025-0418-H-042,2025-04-18,harvest,harvest,5,188,G5-02,20,9,1957,1761,bunches,20.0,9.0,completed,07:20,13:38,
WO-2025-0418-H-043,2025-04-18,harvest,harvest,5,197,G5-03,17,9,1707,1705,bunches,17.0,9.0,completed,06:56,14:31,
WO-2025-0418-H-044,2025-04-18,harvest,harvest,6,212,G6-01,13,9,1445,1638,bunches,13.0,9.0,completed,06:58,14:53,
WO-2025-0418-H-045,2025-04-18,harvest,harvest,6,215,G6-02,15,9,1507,1351,bunches,15.0,9.0,completed,07:11,13:53,
WO-2025-0418-H-046,2025-04-18,harvest,harvest,6,223,G6-02,20,9,2034,2279,bunches,20.0,9.0,completed,07:05,15:13,
WO-2025-0418-H-047,2025-04-18,harvest,harvest,6,245,G6-02,18,9,1851,1767,bunches,18.0,9.0,completed,07:16,13:45,
WO-2025-0418-H-048,2025-04-18,harvest,harvest,6,258,G6-04,4,4,389,397,bunches,4.0,4.0,completed,07:06,14:43,
WO-2025-0418-H-049,2025-04-18,harvest,harvest,7,287,G7-01,11,9,1181,1358,bunches,11.0,9.0,completed,06:51,15:21,
WO-2025-0418-H-050,2025-04-18,harvest,harvest,7,290,G7-01,10,8,985,839,bunches,10.0,8.0,completed,06:56,13:21,
WO-2025-0418-H-051,2025-04-18,harvest,harvest,7,302,G7-02,15,9,1514,1450,bunches,15.0,9.0,completed,06:54,13:35,
WO-2025-0418-H-052,2025-04-18,harvest,harvest,7,308,G7-02,11,9,1214,1210,bunches,11.0,9.0,completed,07:13,14:35,
WO-2025-0418-H-053,2025-04-18,harvest,harvest,7,331,G7-03,12,9,1161,1061,bunches,12.0,9.0,completed,07:10,13:42,
WO-2025-0418-H-054,2025-04-18,harvest,harvest,7,333,G7-03,10,9,969,1028,bunches,10.0,9.0,completed,07:02,15:01,
WO-2025-0418-H-055,2025-04-18,harvest,harvest,7,335,G7-03,10,9,995,1052,bunches,10.0,9.0,completed,07:12,15:10,
WO-2025-0419-H-001,2025-04-19,harvest,harvest,1,1,G1-01,2,3,229,259,bunches,2.0,3.0,completed,07:09,15:08,
WO-2025-0419-H-002,2025-04-19,harvest,harvest,1,8,G1-01,8,8,809,786,bunches,8.0,8.0,completed,06:46,13:58,
WO-2025-0419-H-003,2025-04-19,harvest,harvest,1,14,G1-02,10,9,1069,1071,bunches,10.0,9.0,completed,06:47,13:59,
WO-2025-0419-H-004,2025-04-19,harvest,harvest,1,16,G1-02,12,9,1184,893,bunches,12.0,9.0,partial,07:19,12:31,WO-2025-0422-H-005
WO-2025-0419-H-005,2025-04-19,harvest,harvest,1,23,G1-03,7,8,728,780,bunches,7.0,8.0,completed,07:08,14:49,
WO-2025-0419-H-006,2025-04-19,harvest,harvest,1,24,G1-03,8,9,854,890,bunches,8.0,9.0,completed,07:01,14:38,
WO-2025-0419-H-007,2025-04-19,harvest,harvest,1,25,G1-03,8,9,787,895,bunches,8.0,9.0,completed,06:53,14:44,
WO-2025-0419-H-008,2025-04-19,harvest,harvest,1,26,G1-03,9,9,987,1091,bunches,9.0,9.0,completed,07:07,14:49,
WO-2025-0419-H-009,2025-04-19,harvest,harvest,1,27,G1-03,8,8,800,872,bunches,8.0,8.0,completed,07:19,15:07,
WO-2025-0419-H-010,2025-04-19,harvest,harvest,1,30,G1-03,13,9,1263,948,bunches,13.0,9.0,partial,07:14,12:46,WO-2025-0424-H-012
WO-2025-0419-H-011,2025-04-19,harvest,harvest,1,32,G1-04,9,8,917,853,bunches,9.0,8.0,completed,07:16,14:03,
WO-2025-0419-H-012,2025-04-19,harvest,harvest,2,41,G2-01,7,7,682,678,bunches,7.0,7.0,completed,07:05,14:15,
WO-2025-0419-H-013,2025-04-19,harvest,harvest,2,44,G2-01,10,9,1020,955,bunches,10.0,9.0,completed,07:09,13:36,
WO-2025-0419-H-014,2025-04-19,harvest,harvest,2,64,G2-03,12,9,1195,1064,bunches,12.0,9.0,completed,07:11,13:46,
WO-2025-0419-H-015,2025-04-19,harvest,harvest,2,70,G2-04,10,8,1032,835,bunches,10.0,8.0,partial,07:17,12:53,WO-2025-0421-H-017
WO-2025-0419-H-016,2025-04-19,harvest,harvest,2,72,G2-04,16,9,1609,1412,bunches,16.0,9.0,completed,06:53,13:09,
WO-2025-0419-H-017,2025-04-19,harvest,harvest,3,81,G3-01,5,3,441,329,bunches,5.0,3.0,partial,07:19,13:03,WO-2025-0423-H-019
WO-2025-0419-H-018,2025-04-19,harvest,harvest,3,82,G3-01,4,3,385,335,bunches,4.0,3.0,completed,06:50,12:58,
WO-2025-0419-H-019,2025-04-19,harvest,harvest,3,84,G3-01,25,9,2488,1909,bunches,25.0,9.0,partial,06:52,12:27,WO-2025-0424-H-027
WO-2025-0419-H-020,2025-04-19,harvest,harvest,3,86,G3-01,15,9,1472,1397,bunches,15.0,9.0,completed,07:16,13:59,
WO-2025-0419-H-021,2025-04-19,harvest,harvest,3,90,G3-02,13,9,1260,1194,bunches,13.0,9.0,completed,07:15,14:19,
WO-2025-0419-H-022,2025-04-19,harvest,harvest,3,92,G3-02,15,9,1494,1072,bunches,15.0,9.0,partial,06:48,12:16,WO-2025-0424-H-030
WO-2025-0419-H-023,2025-04-19,harvest,harvest,3,101,G3-03,15,9,1521,1474,bunches,15.0,9.0,completed,07:19,14:09,
WO-2025-0419-H-024,2025-04-19,harvest,harvest,3,111,G3-03,16,9,1591,1330,bunches,16.0,9.0,partial,07:08,13:22,
WO-2025-0419-H-025,2025-04-19,harvest,harvest,4,131,G4-01,18,9,1953,2008,bunches,18.0,9.0,completed,07:11,14:34,
WO-2025-0419-H-026,2025-04-19,harvest,harvest,4,132,G4-01,18,9,1982,1693,bunches,18.0,9.0,completed,07:17,13:31,
WO-2025-0419-H-027,2025-04-19,harvest,harvest,4,143,G4-02,16,9,1669,1815,bunches,16.0,9.0,completed,07:05,15:04,
WO-2025-0419-H-028,2025-04-19,harvest,harvest,4,153,G4-03,15,9,1548,1509,bunches,15.0,9.0,completed,07:02,13:59,
WO-2025-0419-H-029,2025-04-19,harvest,harvest,4,158,G4-04,12,9,1208,1124,bunches,12.0,9.0,completed,06:47,13:24,
WO-2025-0419-H-030,2025-04-19,harvest,harvest,4,165,G4-04,12,9,1229,1171,bunches,12.0,9.0,completed,06:57,13:45,
WO-2025-0419-H-031,2025-04-19,harvest,harvest,5,189,G5-02,15,9,1516,1422,bunches,15.0,9.0,completed,07:00,14:09,
WO-2025-0419-H-032,2025-04-19,harvest,harvest,6,204,G6-01,21,9,2222,1882,bunches,21.0,9.0,partial,06:56,13:00,
WO-2025-0419-H-033,2025-04-19,harvest,harvest,6,205,G6-01,15,9,1591,1815,bunches,15.0,9.0,completed,07:08,15:37,
WO-2025-0419-H-034,2025-04-19,harvest,harvest,6,207,G6-01,14,9,1458,1352,bunches,14.0,9.0,completed,06:56,13:40,
WO-2025-0419-H-035,2025-04-19,harvest,harvest,6,230,G6-02,23,9,2442,2049,bunches,23.0,9.0,partial,07:04,12:50,
WO-2025-0419-H-036,2025-04-19,harvest,harvest,6,250,G6-03,12,9,1241,1044,bunches,12.0,9.0,partial,07:16,13:10,WO-2025-0424-H-054
WO-2025-0419-H-037,2025-04-19,harvest,harvest,6,252,G6-03,13,9,1306,1245,bunches,13.0,9.0,completed,07:17,14:14,
WO-2025-0419-H-038,2025-04-19,harvest,harvest,6,253,G6-03,19,9,1938,2224,bunches,19.0,9.0,completed,07:08,15:12,
WO-2025-0419-H-039,2025-04-19,harvest,harvest,6,254,G6-03,9,9,953,965,bunches,9.0,9.0,completed,07:01,14:35,
WO-2025-0419-H-040,2025-04-19,harvest,harvest,6,256,G6-03,11,9,1076,850,bunches,11.0,9.0,partial,06:53,12:50,WO-2025-0422-H-056
WO-2025-0419-H-041,2025-04-19,harvest,harvest,6,257,G6-03,15,9,1483,1494,bunches,15.0,9.0,completed,06:53,14:25,
WO-2025-0419-H-042,2025-04-19,harvest,harvest,6,260,G6-04,10,9,1061,1127,bunches,10.0,9.0,completed,07:21,14:36,
WO-2025-0419-H-043,2025-04-19,harvest,harvest,6,269,G6-05,12,9,1224,1280,bunches,12.0,9.0,completed,07:05,15:00,
WO-2025-0419-H-044,2025-04-19,harvest,harvest,7,291,G7-01,21,9,2126,1950,bunches,21.0,9.0,completed,07:01,13:15,
WO-2025-0419-H-045,2025-04-19,harvest,harvest,7,301,G7-02,6,7,655,753,bunches,6.0,7.0,completed,07:02,15:25,
WO-2025-0419-H-046,2025-04-19,harvest,harvest,7,304,G7-02,13,9,1288,1332,bunches,13.0,9.0,completed,06:51,13:55,
WO-2025-0419-H-047,2025-04-19,harvest,harvest,7,342,G7-04,16,9,1613,1354,bunches,16.0,9.0,partial,07:09,13:20,WO-2025-0422-H-065
WO-2025-0419-H-048,2025-04-19,harvest,harvest,7,345,G7-04,14,9,1452,1482,bunches,14.0,9.0,completed,06:46,14:08,
WO-2025-0420-H-001,2025-04-20,harvest,harvest,1,2,G1-01,6,5,612,516,bunches,6.0,5.0,partial,07:01,13:28,
WO-2025-0420-H-002,2025-04-20,harvest,harvest,1,9,G1-01,5,5,509,505,bunches,5.0,5.0,completed,06:56,14:12,
WO-2025-0420-H-003,2025-04-20,harvest,harvest,1,10,G1-01,11,9,1127,1150,bunches,11.0,9.0,completed,07:07,14:28,
WO-2025-0420-H-004,2025-04-20,harvest,harvest,1,11,G1-02,11,9,1077,926,bunches,11.0,9.0,completed,06:52,13:24,
WO-2025-0420-H-005,2025-04-20,harvest,harvest,1,13,G1-02,14,9,1442,1120,bunches,14.0,9.0,partial,06:00,12:31,WO-2025-0422-H-004
WO-2025-0420-H-006,2025-04-20,harvest,harvest,1,23,G1-03,7,8,702,780,bunches,7.0,8.0,completed,06:53,14:43,
WO-2025-0420-H-007,2025-04-20,harvest,harvest,1,25,G1-03,9,9,933,895,bunches,9.0,9.0,completed,06:48,13:29,
WO-2025-0420-H-008,2025-04-20,harvest,harvest,1,27,G1-03,11,8,1078,872,bunches,11.0,8.0,partial,06:47,12:44,WO-2025-0424-H-010
WO-2025-0420-H-009,2025-04-20,harvest,harvest,1,36,G1-04,12,6,1239,679,bunches,12.0,6.0,partial,06:46,10:20,WO-2025-0424-H-015
WO-2025-0420-H-010,2025-04-20,harvest,harvest,1,39,G1-04,11,6,1103,592,bunches,11.0,6.0,partial,07:21,11:18,
WO-2025-0420-H-011,2025-04-20,harvest,harvest,2,42,G2-01,10,7,1024,725,bunches,10.0,7.0,partial,07:15,12:33,WO-2025-0422-H-013
WO-2025-0420-H-012,2025-04-20,harvest,harvest,2,49,G2-01,10,7,999,649,bunches,10.0,7.0,partial,07:01,11:33,WO-2025-0424-H-017
WO-2025-0420-H-013,2025-04-20,harvest,harvest,2,53,G2-02,22,9,2298,2028,bunches,22.0,9.0,completed,07:08,13:41,
WO-2025-0420-H-014,2025-04-20,harvest,harvest,2,55,G2-02,12,9,1164,1172,bunches,12.0,9.0,completed,06:47,13:53,
WO-2025-0420-H-015,2025-04-20,harvest,harvest,2,69,G2-04,22,9,2076,1354,bunches,22.0,9.0,partial,06:53,11:50,
WO-2025-0420-H-016,2025-04-20,harvest,harvest,2,70,G2-04,9,0,873,0,bunches,9.0,0.0,not_started,07:20,,WO-2025-0421-H-017
WO-2025-0420-H-017,2025-04-20,harvest,harvest,2,71,G2-04,8,8,825,792,bunches,8.0,8.0,completed,06:51,14:05,
WO-2025-0420-H-018,2025-04-20,harvest,harvest,3,75,G3-01,13,9,1336,1326,bunches,13.0,9.0,completed,07:19,14:51,
WO-2025-0420-H-019,2025-04-20,harvest,harvest,3,77,G3-01,12,9,1213,1374,bunches,12.0,9.0,completed,06:46,15:08,
WO-2025-0420-H-020,2025-04-20,harvest,harvest,3,79,G3-01,11,9,1062,920,bunches,11.0,9.0,completed,07:16,13:47,
WO-2025-0420-H-021,2025-04-20,harvest,harvest,3,85,G3-01,13,9,1326,1313,bunches,13.0,9.0,completed,06:56,13:53,
WO-2025-0420-H-022,2025-04-20,harvest,harvest,3,89,G3-02,12,9,1126,1185,bunches,12.0,9.0,completed,07:18,15:15,
WO-2025-0420-H-023,2025-04-20,harvest,harvest,3,100,G3-02,15,9,1636,1557,bunches,15.0,9.0,completed,07:16,13:56,
WO-2025-0420-H-024,2025-04-20,harvest,harvest,3,102,G3-03,11,9,1134,997,bunches,11.0,9.0,completed,06:53,13:15,
WO-2025-0420-H-025,2025-04-20,harvest,harvest,3,113,G3-03,15,9,1460,1335,bunches,15.0,9.0,completed,07:06,13:19,
WO-2025-0420-H-026,2025-04-20,harvest,harvest,3,116,G3-04,10,5,996,540,bunches,10.0,5.0,partial,07:06,10:46,WO-2025-0424-H-036
WO-2025-0420-H-027,2025-04-20,harvest,harvest,4,124,G4-01,8,0,875,0,bunches,8.0,0.0,not_started,06:56,,WO-2025-0421-H-030
WO-2025-0420-H-028,2025-04-20,harvest,harvest,4,145,G4-03,28,9,2924,1648,bunches,28.0,9.0,partial,06:50,10:59,WO-2025-0423-H-026
WO-2025-0420-H-029,2025-04-20,harvest,harvest,4,160,G4-04,18,9,1879,2099,bunches,18.0,9.0,completed,07:08,15:12,
WO-2025-0420-H-030,2025-04-20,harvest,harvest,4,164,G4-04,14,9,1449,1271,bunches,14.0,9.0,completed,06:56,13:18,
WO-2025-0420-H-031,2025-04-20,harvest,harvest,4,166,G4-04,9,8,944,813,bunches,9.0,8.0,completed,06:53,13:07,
WO-2025-0420-H-032,2025-04-20,harvest,harvest,5,177,G5-01,12,9,1258,1438,bunches,12.0,9.0,completed,07:05,15:00,
WO-2025-0420-H-033,2025-04-20,harvest,harvest,5,178,G5-01,16,9,1613,1310,bunches,16.0,9.0,partial,06:56,12:26,WO-2025-0424-H-045
WO-2025-0420-H-034,2025-04-20,harvest,harvest,5,180,G5-02,20,9,2087,2060,bunches,20.0,9.0,completed,06:47,14:13,
WO-2025-0420-H-035,2025-04-20,harvest,harvest,5,187,G5-02,10,9,1003,1098,bunches,10.0,9.0,completed,06:00,15:09,
WO-2025-0420-H-036,2025-04-20,harvest,harvest,5,190,G5-02,12,9,1309,1388,bunches,12.0,9.0,completed,07:16,15:14,
WO-2025-0420-H-037,2025-04-20,harvest,harvest,5,195,G5-03,14,9,1492,1316,bunches,14.0,9.0,completed,07:14,13:22,
WO-2025-0420-H-038,2025-04-20,harvest,harvest,5,199,G5-03,17,9,1635,1602,bunches,17.0,9.0,completed,07:10,14:20,
WO-2025-0420-H-039,2025-04-20,harvest,harvest,6,208,G6-01,21,9,2135,1000,bunches,21.0,9.0,partial,07:20,10:43,
WO-2025-0420-H-040,2025-04-20,harvest,harvest,6,379,G6-05,36,9,3769,1962,bunches,36.0,9.0,partial,07:10,10:40,
WO-2025-0420-H-041,2025-04-20,harvest,harvest,7,295,G7-01,7,6,668,565,bunches,7.0,6.0,partial,06:59,12:53,
WO-2025-0420-H-042,2025-04-20,harvest,harvest,7,298,G7-01,15,9,1551,1206,bunches,15.0,9.0,partial,06:45,12:11,
WO-2025-0420-H-043,2025-04-20,harvest,harvest,7,303,G7-02,18,9,1793,1713,bunches,18.0,9.0,completed,07:08,13:42,
WO-2025-0420-H-044,2025-04-20,harvest,harvest,7,305,G7-02,18,9,1909,1799,bunches,18.0,9.0,completed,06:46,13:48,
WO-2025-0420-H-045,2025-04-20,harvest,harvest,7,309,G7-02,11,9,1098,1083,bunches,11.0,9.0,completed,06:48,14:02,
WO-2025-0420-H-046,2025-04-20,harvest,harvest,7,331,G7-03,16,9,1614,1061,bunches,16.0,9.0,partial,07:08,11:46,WO-2025-0425-H-055
WO-2025-0420-H-047,2025-04-20,harvest,harvest,7,344,G7-04,11,9,1164,1192,bunches,11.0,9.0,completed,07:05,14:49,
WO-2025-0420-H-048,2025-04-20,harvest,harvest,7,347,G7-04,15,9,1630,1632,bunches,15.0,9.0,completed,06:55,14:07,
WO-2025-0421-H-001,2025-04-21,harvest,harvest,1,15,G1-02,10,9,1043,986,bunches,10.0,9.0,completed,06:45,13:28,
WO-2025-0421-H-002,2025-04-21,harvest,harvest,1,17,G1-02,13,9,1253,1104,bunches,13.0,9.0,completed,06:54,13:27,
WO-2025-0421-H-003,2025-04-21,harvest,harvest,1,22,G1-03,11,9,1075,1032,bunches,11.0,9.0,completed,06:54,13:47,
WO-2025-0421-H-004,2025-04-21,harvest,harvest,1,25,G1-03,12,0,1235,0,bunches,12.0,0.0,not_started,07:01,,WO-2025-0422-H-008
WO-2025-0421-H-005,2025-04-21,harvest,harvest,1,26,G1-03,12,9,1265,1091,bunches,12.0,9.0,completed,06:59,13:21,
WO-2025-0421-H-006,2025-04-21,harvest,harvest,1,29,G1-03,9,8,872,820,bunches,9.0,8.0,completed,06:57,13:34,
WO-2025-0421-H-007,2025-04-21,harvest,harvest,1,33,G1-04,9,7,932,706,bunches,9.0,7.0,partial,06:49,12:01,WO-2025-0425-H-006
WO-2025-0421-H-008,2025-04-21,harvest,harvest,1,34,G1-04,9,9,929,923,bunches,9.0,9.0,completed,06:52,14:03,
WO-2025-0421-H-009,2025-04-21,harvest,harvest,1,38,G1-04,12,9,1200,1182,bunches,12.0,9.0,completed,06:56,13:44,
WO-2025-0421-H-010,2025-04-21,harvest,harvest,2,43,G2-01,9,8,896,834,bunches,9.0,8.0,completed,06:45,13:19,
WO-2025-0421-H-011,2025-04-21,harvest,harvest,2,44,G2-01,11,9,1056,955,bunches,11.0,9.0,completed,07:16,13:50,
WO-2025-0421-H-012,2025-04-21,harvest,harvest,2,46,G2-01,23,9,2316,1933,bunches,23.0,9.0,partial,07:15,13:39,
WO-2025-0421-H-013,2025-04-21,harvest,harvest,2,56,G2-02,10,9,987,983,bunches,10.0,9.0,completed,07:05,14:35,
WO-2025-0421-H-014,2025-04-21,harvest,harvest,2,57,G2-02,8,7,788,652,bunches,8.0,7.0,partial,07:05,12:42,
WO-2025-0421-H-015,2025-04-21,harvest,harvest,2,58,G2-02,8,9,807,882,bunches,8.0,9.0,completed,07:18,15:15,
WO-2025-0421-H-016,2025-04-21,harvest,harvest,2,59,G2-03,15,9,1472,1319,bunches,15.0,9.0,completed,07:11,13:38,
WO-2025-0421-H-017,2025-04-21,harvest,harvest,2,70,G2-04,9,8,873,835,bunches,9.0,8.0,completed,07:13,14:17,
WO-2025-0421-H-018,2025-04-21,harvest,harvest,2,71,G2-04,7,8,689,792,bunches,7.0,8.0,completed,07:00,15:27,
WO-2025-0421-H-019,2025-04-21,harvest,harvest,2,73,G2-04,13,9,1335,1202,bunches,13.0,9.0,completed,07:04,13:17,
WO-2025-0421-H-020,2025-04-21,harvest,harvest,3,76,G3-01,17,9,1757,1665,bunches,17.0,9.0,completed,07:04,14:11,
WO-2025-0421-H-021,2025-04-21,harvest,harvest,3,83,G3-01,18,9,1898,1774,bunches,18.0,9.0,completed,07:04,14:08,
WO-2025-0421-H-022,2025-04-21,harvest,harvest,3,87,G3-01,21,9,1998,1408,bunches,21.0,9.0,partial,06:59,11:53,WO-2025-0423-H-020
WO-2025-0421-H-023,2025-04-21,harvest,harvest,3,95,G3-02,20,9,2031,1363,bunches,20.0,9.0,partial,06:57,12:08,WO-2025-0424-H-032
WO-2025-0421-H-024,2025-04-21,harvest,harvest,3,106,G3-03,9,9,881,819,bunches,9.0,9.0,completed,07:18,13:44,
WO-2025-0421-H-025,2025-04-21,harvest,harvest,3,107,G3-03,29,0,2980,0,bunches,29.0,0.0,not_started,06:56,,WO-2025-0422-H-025
WO-2025-0421-H-026,2025-04-21,harvest,harvest,3,108,G3-03,23,9,2336,1980,bunches,23.0,9.0,partial,06:54,12:50,WO-2025-0426-H-017
WO-2025-0421-H-027,2025-04-21,harvest,harvest,3,110,G3-03,19,0,1956,0,bunches,19.0,0.0,not_started,07:14,,WO-2025-0422-H-027
WO-2025-0421-H-028,2025-04-21,harvest,harvest,3,112,G3-03,12,9,1206,960,bunches,12.0,9.0,partial,06:57,12:26,WO-2025-0426-H-019
WO-2025-0421-H-029,2025-04-21,harvest,harvest,3,115,G3-04,12,8,1194,854,bunches,12.0,8.0,partial,06:58,12:24,WO-2025-0425-H-028
WO-2025-0421-H-030,2025-04-21,harvest,harvest,4,124,G4-01,8,7,875,726,bunches,8.0,7.0,partial,07:07,12:43,
WO-2025-0421-H-031,2025-04-21,harvest,harvest,4,136,G4-02,16,9,1698,1534,bunches,16.0,9.0,completed,06:58,13:17,
WO-2025-0421-H-032,2025-04-21,harvest,harvest,4,138,G4-02,19,9,2031,2114,bunches,19.0,9.0,completed,07:04,14:34,
WO-2025-0421-H-033,2025-04-21,harvest,harvest,4,149,G4-03,16,9,1671,1046,bunches,16.0,9.0,partial,07:07,11:55,WO-2025-0426-H-025
WO-2025-0421-H-034,2025-04-21,harvest,harvest,4,150,G4-03,11,9,1081,1006,bunches,11.0,9.0,completed,07:08,14:10,
WO-2025-0421-H-035,2025-04-21,harvest,harvest,4,152,G4-03,20,9,2037,1804,bunches,20.0,9.0,completed,07:01,13:17,
WO-2025-0421-H-036,2025-04-21,harvest,harvest,4,157,G4-04,20,9,1999,1703,bunches,20.0,9.0,completed,06:46,12:58,
WO-2025-0421-H-037,2025-04-21,harvest,harvest,4,163,G4-04,22,0,2282,0,bunches,22.0,0.0,not_started,07:05,,WO-2025-0422-H-048
WO-2025-0421-H-038,2025-04-21,harvest,harvest,5,168,G5-01,12,9,1258,1189,bunches,12.0,9.0,completed,06:58,13:56,
WO-2025-0421-H-039,2025-04-21,harvest,harvest,5,179,G5-01,15,9,1594,1530,bunches,15.0,9.0,completed,07:19,14:29,
WO-2025-0421-H-040,2025-04-21,harvest,harvest,5,182,G5-02,11,9,1217,1157,bunches,11.0,9.0,completed,06:51,13:19,
WO-2025-0421-H-041,2025-04-21,harvest,harvest,5,185,G5-02,22,9,2287,1456,bunches,22.0,9.0,partial,07:04,11:31,
WO-2025-0421-H-042,2025-04-21,harvest,harvest,5,194,G5-03,26,9,2752,2107,bunches,26.0,9.0,partial,07:19,12:59,WO-2025-0426-H-035
WO-2025-0421-H-043,2025-04-21,harvest,harvest,5,196,G5-03,22,9,2215,2508,bunches,22.0,9.0,completed,06:45,14:39,
WO-2025-0421-H-044,2025-04-21,harvest,harvest,5,201,G5-03,20,9,2018,2040,bunches,20.0,9.0,completed,06:49,13:45,
WO-2025-0421-H-045,2025-04-21,harvest,harvest,6,209,G6-01,10,8,984,821,bunches,10.0,8.0,partial,07:12,13:26,
WO-2025-0421-H-046,2025-04-21,harvest,harvest,6,210,G6-01,19,9,2044,2087,bunches,19.0,9.0,completed,06:55,14:05,
WO-2025-0421-H-047,2025-04-21,harvest,harvest,6,213,G6-02,10,9,1130,1161,bunches,10.0,9.0,completed,07:08,14:55,
WO-2025-0421-H-048,2025-04-21,harvest,harvest,6,214,G6-02,19,9,1977,1967,bunches,19.0,9.0,completed,07:05,14:22,
WO-2025-0421-H-049,2025-04-21,harvest,harvest,6,222,G6-02,23,9,2261,1959,bunches,23.0,9.0,completed,06:58,13:00,
WO-2025-0421-H-050,2025-04-21,harvest,harvest,6,249,G6-03,25,9,2565,2024,bunches,25.0,9.0,partial,06:54,12:29,
WO-2025-0421-H-051,2025-04-21,harvest,harvest,7,288,G7-01,4,4,404,435,bunches,4.0,4.0,completed,07:11,15:19,
WO-2025-0421-H-052,2025-04-21,harvest,harvest,7,289,G7-01,10,9,1022,961,bunches,10.0,9.0,completed,06:47,13:46,
WO-2025-0421-H-053,2025-04-21,harvest,harvest,7,292,G7-01,13,9,1372,1528,bunches,13.0,9.0,completed,07:02,15:09,
WO-2025-0421-H-054,2025-04-21,harvest,harvest,7,306,G7-02,22,9,2174,1872,bunches,22.0,9.0,completed,06:59,13:01,
WO-2025-0421-H-055,2025-04-21,harvest,harvest,7,329,G7-03,11,9,1060,872,bunches,11.0,9.0,partial,07:15,13:01,WO-2025-0426-H-052
WO-2025-0421-H-056,2025-04-21,harvest,harvest,7,332,G7-03,15,9,1548,1054,bunches,15.0,9.0,partial,07:15,11:52,WO-2025-0426-H-053
WO-2025-0421-H-057,2025-04-21,harvest,harvest,7,337,G7-03,14,9,1362,1230,bunches,14.0,9.0,completed,07:12,13:00,
WO-2025-0421-H-058,2025-04-21,harvest,harvest,7,340,G7-04,13,9,1283,1283,bunches,13.0,9.0,completed,07:20,14:37,
WO-2025-0421-H-059,2025-04-21,harvest,harvest,7,341,G7-04,13,9,1379,1214,bunches,13.0,9.0,completed,07:00,13:38,
WO-2025-0421-H-060,2025-04-21,harvest,harvest,7,348,G7-04,21,9,2267,1836,bunches,21.0,9.0,partial,07:05,13:13,
WO-2025-0422-H-001,2025-04-22,harvest,harvest,1,5,G1-01,5,3,503,341,bunches,5.0,3.0,partial,06:57,11:37,WO-2025-0427-H-001
WO-2025-0422-H-002,2025-04-22,harvest,harvest,1,8,G1-01,11,8,1051,786,bunches,11.0,8.0,partial,06:45,11:47,WO-2025-0426-H-003
WO-2025-0422-H-003,2025-04-22,harvest,harvest,1,12,G1-02,14,9,1399,896,bunches,14.0,9.0,partial,06:46,11:32,WO-2025-0426-H-004
WO-2025-0422-H-004,2025-04-22,harvest,harvest,1,13,G1-02,15,9,1546,1120,bunches,15.0,9.0,partial,06:00,12:27,
WO-2025-0422-H-005,2025-04-22,harvest,harvest,1,16,G1-02,16,9,1582,893,bunches,16.0,9.0,partial,07:01,10:50,WO-2025-0424-H-005
WO-2025-0422-H-006,2025-04-22,harvest,harvest,1,19,G1-02,6,4,642,366,bunches,6.0,4.0,partial,07:13,11:35,WO-2025-0425-H-002
WO-2025-0422-H-007,2025-04-22,harvest,harvest,1,21,G1-03,8,7,810,685,bunches,8.0,7.0,partial,06:54,12:50,WO-2025-0424-H-007
WO-2025-0422-H-008,2025-04-22,harvest,harvest,1,25,G1-03,12,9,1235,895,bunches,12.0,9.0,partial,06:47,12:02,WO-2025-0425-H-004
WO-2025-0422-H-009,2025-04-22,harvest,harvest,1,28,G1-03,7,7,756,739,bunches,7.0,7.0,completed,07:20,14:22,
WO-2025-0422-H-010,2025-04-22,harvest,harvest,1,32,G1-04,13,8,1400,853,bunches,13.0,8.0,partial,07:17,11:22,
WO-2025-0422-H-011,2025-04-22,harvest,harvest,1,35,G1-04,11,9,1109,959,bunches,11.0,9.0,completed,07:19,13:28,
WO-2025-0422-H-012,2025-04-22,harvest,harvest,1,37,G1-04,16,9,1605,1021,bunches,16.0,9.0,partial,06:58,11:21,WO-2025-0424-H-016
WO-2025-0422-H-013,2025-04-22,harvest,harvest,2,42,G2-01,11,7,1153,725,bunches,11.0,7.0,partial,07:07,11:58,WO-2025-0426-H-009
WO-2025-0422-H-014,2025-04-22,harvest,harvest,2,43,G2-01,11,8,1072,834,bunches,11.0,8.0,partial,07:04,12:28,WO-2025-0423-H-009
WO-2025-0422-H-015,2025-04-22,harvest,harvest,2,50,G2-02,24,9,2434,1262,bunches,24.0,9.0,partial,06:52,10:18,WO-2025-0427-H-014
WO-2025-0422-H-016,2025-04-22,harvest,harvest,2,62,G2-03,13,6,1358,675,bunches,13.0,6.0,partial,07:11,10:57,
WO-2025-0422-H-017,2025-04-22,harvest,harvest,2,67,G2-03,18,9,1851,1278,bunches,18.0,9.0,partial,07:05,12:28,
WO-2025-0422-H-018,2025-04-22,harvest,harvest,2,382,G2-04,18,9,1959,1331,bunches,18.0,9.0,partial,06:45,11:35,WO-2025-0427-H-020
WO-2025-0422-H-019,2025-04-22,harvest,harvest,3,78,G3-01,23,9,2302,1061,bunches,23.0,9.0,partial,06:59,10:09,WO-2025-0424-H-025
WO-2025-0422-H-020,2025-04-22,harvest,harvest,3,80,G3-01,10,8,939,715,bunches,10.0,8.0,partial,07:15,13:07,WO-2025-0427-H-023
WO-2025-0422-H-021,2025-04-22,harvest,harvest,3,86,G3-01,16,9,1581,1397,bunches,16.0,9.0,completed,07:21,13:36,
WO-2025-0422-H-022,2025-04-22,harvest,harvest,3,88,G3-02,18,9,1750,1084,bunches,18.0,9.0,partial,07:06,11:44,
WO-2025-0422-H-023,2025-04-22,harvest,harvest,3,99,G3-02,12,9,1160,963,bunches,12.0,9.0,partial,07:07,12:53,
WO-2025-0422-H-024,2025-04-22,harvest,harvest,3,103,G3-03,18,9,1851,1389,bunches,18.0,9.0,partial,07:08,12:15,
WO-2025-0422-H-025,2025-04-22,harvest,harvest,3,107,G3-03,29,9,2980,1580,bunches,29.0,9.0,partial,06:46,10:56,WO-2025-0425-H-024
WO-2025-0422-H-026,2025-04-22,harvest,harvest,3,109,G3-03,21,9,2233,1384,bunches,21.0,9.0,partial,07:04,11:11,WO-2025-0425-H-025
WO-2025-0422-H-027,2025-04-22,harvest,harvest,3,110,G3-03,19,9,1956,1132,bunches,19.0,9.0,partial,07:04,10:51,WO-2025-0425-H-026
WO-2025-0422-H-028,2025-04-22,harvest,harvest,3,114,G3-04,8,0,815,0,bunches,8.0,0.0,not_started,07:14,,WO-2025-0423-H-023
WO-2025-0422-H-029,2025-04-22,harvest,harvest,3,117,G3-04,12,7,1249,666,bunches,12.0,7.0,partial,07:05,10:59,WO-2025-0427-H-027
WO-2025-0422-H-030,2025-04-22,harvest,harvest,3,118,G3-04,8,5,775,524,bunches,8.0,5.0,partial,07:12,12:16,
WO-2025-0422-H-031,2025-04-22,harvest,harvest,3,119,G3-04,5,3,516,308,bunches,5.0,3.0,partial,06:46,11:00,WO-2025-0427-H-028
WO-2025-0422-H-032,2025-04-22,harvest,harvest,3,121,G3-04,5,3,506,344,bunches,5.0,3.0,partial,06:55,11:39,WO-2025-0427-H-029
WO-2025-0422-H-033,2025-04-22,harvest,harvest,3,369,G3-04,4,2,443,173,bunches,4.0,2.0,partial,06:52,09:21,WO-2025-0427-H-030
WO-2025-0422-H-034,2025-04-22,harvest,harvest,4,126,G4-01,6,4,650,403,bunches,6.0,4.0,partial,06:55,11:33,
WO-2025-0422-H-035,2025-04-22,harvest,harvest,4,128,G4-01,25,9,2691,1990,bunches,25.0,9.0,partial,06:56,12:04,
WO-2025-0422-H-036,2025-04-22,harvest,harvest,4,130,G4-01,23,9,2442,1937,bunches,23.0,9.0,partial,07:11,12:31,WO-2025-0426-H-022
WO-2025-0422-H-037,2025-04-22,harvest,harvest,4,132,G4-01,21,9,2206,1693,bunches,21.0,9.0,partial,06:59,12:40,
WO-2025-0422-H-038,2025-04-22,harvest,harvest,4,135,G4-02,14,9,1489,1253,bunches,14.0,9.0,partial,06:47,12:33,
WO-2025-0422-H-039,2025-04-22,harvest,harvest,4,141,G4-02,34,9,3560,2100,bunches,34.0,9.0,partial,07:02,10:58,
WO-2025-0422-H-040,2025-04-22,harvest,harvest,4,142,G4-02,27,9,2832,2094,bunches,27.0,9.0,partial,07:15,12:22,
WO-2025-0422-H-041,2025-04-22,harvest,harvest,4,144,G4-03,20,9,1916,1476,bunches,20.0,9.0,partial,06:00,12:52,
WO-2025-0422-H-042,2025-04-22,harvest,harvest,4,146,G4-03,19,9,2031,1550,bunches,19.0,9.0,partial,06:55,12:10,WO-2025-0426-H-023
WO-2025-0422-H-043,2025-04-22,harvest,harvest,4,148,G4-03,15,9,1544,976,bunches,15.0,9.0,partial,07:14,11:26,WO-2025-0426-H-024
WO-2025-0422-H-044,2025-04-22,harvest,harvest,4,151,G4-03,34,9,3545,1436,bunches,34.0,9.0,partial,06:51,09:57,
WO-2025-0422-H-045,2025-04-22,harvest,harvest,4,153,G4-03,18,9,1887,1509,bunches,18.0,9.0,partial,07:01,12:51,WO-2025-0426-H-027
WO-2025-0422-H-046,2025-04-22,harvest,harvest,4,155,G4-04,17,9,1690,1114,bunches,17.0,9.0,partial,06:59,11:56,
WO-2025-0422-H-047,2025-04-22,harvest,harvest,4,159,G4-04,25,9,2580,2096,bunches,25.0,9.0,partial,06:45,12:25,
WO-2025-0422-H-048,2025-04-22,harvest,harvest,4,163,G4-04,22,9,2282,1666,bunches,22.0,9.0,partial,07:19,12:13,
WO-2025-0422-H-049,2025-04-22,harvest,harvest,5,170,G5-01,18,9,1833,902,bunches,18.0,9.0,partial,07:17,10:48,
WO-2025-0422-H-050,2025-04-22,harvest,harvest,5,176,G5-01,23,9,2424,1280,bunches,23.0,9.0,partial,07:19,10:57,
WO-2025-0422-H-051,2025-04-22,harvest,harvest,5,190,G5-02,17,9,1842,1388,bunches,17.0,9.0,partial,06:53,12:22,WO-2025-0425-H-039
WO-2025-0422-H-052,2025-04-22,harvest,harvest,5,192,G5-02,9,7,967,752,bunches,9.0,7.0,partial,07:17,12:47,WO-2025-0427-H-034
WO-2025-0422-H-053,2025-04-22,harvest,harvest,5,193,G5-03,27,9,2764,1456,bunches,27.0,9.0,partial,07:20,11:21,WO-2025-0425-H-040
WO-2025-0422-H-054,2025-04-22,harvest,harvest,5,373,G5-03,5,3,471,276,bunches,5.0,3.0,partial,07:17,11:20,
WO-2025-0422-H-055,2025-04-22,harvest,harvest,6,216,G6-02,21,9,2092,1389,bunches,21.0,9.0,partial,07:12,11:49,WO-2025-0427-H-038
WO-2025-0422-H-056,2025-04-22,harvest,harvest,6,256,G6-03,17,9,1688,850,bunches,17.0,9.0,partial,07:13,10:38,
WO-2025-0422-H-057,2025-04-22,harvest,harvest,6,259,G6-04,30,9,3033,1482,bunches,30.0,9.0,partial,06:51,10:16,WO-2025-0426-H-043
WO-2025-0422-H-058,2025-04-22,harvest,harvest,6,271,G6-05,18,9,2002,1239,bunches,18.0,9.0,partial,06:59,11:42,
WO-2025-0422-H-059,2025-04-22,harvest,harvest,7,296,G7-01,19,9,1931,1359,bunches,19.0,9.0,partial,07:12,12:19,WO-2025-0426-H-047
WO-2025-0422-H-060,2025-04-22,harvest,harvest,7,297,G7-01,16,9,1601,1027,bunches,16.0,9.0,partial,07:05,11:21,WO-2025-0427-H-042
WO-2025-0422-H-061,2025-04-22,harvest,harvest,7,299,G7-02,27,9,2786,1417,bunches,27.0,9.0,partial,06:56,10:20,WO-2025-0427-H-043
WO-2025-0422-H-062,2025-04-22,harvest,harvest,7,328,G7-03,23,9,2280,1718,bunches,23.0,9.0,partial,06:52,12:42,
WO-2025-0422-H-063,2025-04-22,harvest,harvest,7,330,G7-03,17,9,1718,1252,bunches,17.0,9.0,partial,06:52,12:27,WO-2025-0427-H-045
WO-2025-0422-H-064,2025-04-22,harvest,harvest,7,334,G7-03,24,9,2459,1423,bunches,24.0,9.0,partial,06:55,11:16,
WO-2025-0422-H-065,2025-04-22,harvest,harvest,7,342,G7-04,31,9,3209,1354,bunches,31.0,9.0,partial,06:57,10:21,
WO-2025-0422-H-066,2025-04-22,harvest,harvest,7,343,G7-04,16,9,1652,1073,bunches,16.0,9.0,partial,06:58,12:02,
WO-2025-0423-H-001,2025-04-23,harvest,harvest,1,4,G1-01,5,4,520,431,bunches,5.0,4.0,partial,07:10,12:57,
WO-2025-0423-H-002,2025-04-23,harvest,harvest,1,6,G1-01,3,2,295,252,bunches,3.0,2.0,completed,07:13,13:08,
WO-2025-0423-H-003,2025-04-23,harvest,harvest,1,14,G1-02,11,9,1130,1071,bunches,11.0,9.0,completed,06:56,13:39,
WO-2025-0423-H-004,2025-04-23,harvest,harvest,1,15,G1-02,11,9,1086,986,bunches,11.0,9.0,completed,07:03,13:55,
WO-2025-0423-H-005,2025-04-23,harvest,harvest,1,26,G1-03,13,9,1314,1091,bunches,13.0,9.0,partial,07:15,12:52,WO-2025-0425-H-005
WO-2025-0423-H-006,2025-04-23,harvest,harvest,1,34,G1-04,12,9,1236,923,bunches,12.0,9.0,partial,07:01,12:40,WO-2025-0425-H-007
WO-2025-0423-H-007,2025-04-23,harvest,harvest,1,35,G1-04,13,9,1367,959,bunches,13.0,9.0,partial,07:04,12:29,WO-2025-0424-H-014
WO-2025-0423-H-008,2025-04-23,harvest,harvest,2,41,G2-01,9,7,875,678,bunches,9.0,7.0,partial,07:10,12:53,WO-2025-0425-H-010
WO-2025-0423-H-009,2025-04-23,harvest,harvest,2,43,G2-01,10,8,989,834,bunches,10.0,8.0,partial,07:19,13:16,WO-2025-0425-H-011
WO-2025-0423-H-010,2025-04-23,harvest,harvest,2,45,G2-01,18,9,1741,1388,bunches,18.0,9.0,partial,06:48,12:15,
WO-2025-0423-H-011,2025-04-23,harvest,harvest,2,47,G2-01,12,9,1149,994,bunches,12.0,9.0,completed,06:00,13:05,
WO-2025-0423-H-012,2025-04-23,harvest,harvest,2,51,G2-02,23,9,2286,1650,bunches,23.0,9.0,partial,06:59,12:12,WO-2025-0428-H-013
WO-2025-0423-H-013,2025-04-23,harvest,harvest,2,52,G2-02,13,9,1347,1140,bunches,13.0,9.0,partial,06:48,13:17,
WO-2025-0423-H-014,2025-04-23,harvest,harvest,2,54,G2-02,16,9,1572,1516,bunches,16.0,9.0,completed,07:19,13:53,
WO-2025-0423-H-015,2025-04-23,harvest,harvest,2,63,G2-03,25,9,2424,1797,bunches,25.0,9.0,partial,07:15,12:57,
WO-2025-0423-H-016,2025-04-23,harvest,harvest,2,72,G2-04,21,9,2118,1412,bunches,21.0,9.0,partial,06:52,12:03,
WO-2025-0423-H-017,2025-04-23,harvest,harvest,3,75,G3-01,15,9,1558,1326,bunches,15.0,9.0,completed,07:07,13:05,
WO-2025-0423-H-018,2025-04-23,harvest,harvest,3,77,G3-01,14,9,1467,1374,bunches,14.0,9.0,completed,07:01,13:35,
WO-2025-0423-H-019,2025-04-23,harvest,harvest,3,81,G3-01,4,3,405,329,bunches,4.0,3.0,partial,06:48,12:53,WO-2025-0428-H-019
WO-2025-0423-H-020,2025-04-23,harvest,harvest,3,87,G3-01,18,9,1735,1408,bunches,18.0,9.0,partial,06:54,12:23,WO-2025-0427-H-025
WO-2025-0423-H-021,2025-04-23,harvest,harvest,3,93,G3-02,29,9,2856,1555,bunches,29.0,9.0,partial,06:49,10:32,WO-2025-0425-H-020
WO-2025-0423-H-022,2025-04-23,harvest,harvest,3,101,G3-03,22,9,2187,1474,bunches,22.0,9.0,partial,07:12,11:41,WO-2025-0425-H-022
WO-2025-0423-H-023,2025-04-23,harvest,harvest,3,114,G3-04,8,8,815,825,bunches,8.0,8.0,completed,06:58,14:13,
WO-2025-0423-H-024,2025-04-23,harvest,harvest,4,125,G4-01,8,7,832,675,bunches,8.0,7.0,partial,06:50,12:27,
WO-2025-0423-H-025,2025-04-23,harvest,harvest,4,140,G4-02,24,9,2504,1833,bunches,24.0,9.0,partial,07:06,12:30,
WO-2025-0423-H-026,2025-04-23,harvest,harvest,4,145,G4-03,17,9,1724,1648,bunches,17.0,9.0,completed,07:16,14:32,
WO-2025-0423-H-027,2025-04-23,harvest,harvest,5,172,G5-01,12,9,1331,1107,bunches,12.0,9.0,partial,06:47,12:35,WO-2025-0427-H-033
WO-2025-0423-H-028,2025-04-23,harvest,harvest,5,174,G5-01,9,7,955,684,bunches,9.0,7.0,partial,06:45,12:11,
WO-2025-0423-H-029,2025-04-23,harvest,harvest,5,177,G5-01,15,9,1595,1438,bunches,15.0,9.0,completed,07:01,13:48,
WO-2025-0423-H-030,2025-04-23,harvest,harvest,5,179,G5-01,18,9,1862,1530,bunches,18.0,9.0,partial,06:51,12:47,WO-2025-0428-H-040
WO-2025-0423-H-031,2025-04-23,harvest,harvest,5,197,G5-03,22,9,2283,1705,bunches,22.0,9.0,partial,06:51,12:20,
WO-2025-0423-H-032,2025-04-23,harvest,harvest,5,198,G5-03,15,9,1459,1169,bunches,15.0,9.0,partial,06:59,12:46,
WO-2025-0423-H-033,2025-04-23,harvest,harvest,5,200,G5-03,23,9,2291,1735,bunches,23.0,9.0,partial,06:48,12:16,
WO-2025-0423-H-034,2025-04-23,harvest,harvest,5,202,G5-03,21,0,2075,0,bunches,21.0,0.0,not_started,06:48,,WO-2025-0424-H-051
WO-2025-0423-H-035,2025-04-23,harvest,harvest,6,203,G6-01,20,9,2068,1685,bunches,20.0,9.0,partial,07:09,13:23,WO-2025-0428-H-042
WO-2025-0423-H-036,2025-04-23,harvest,harvest,6,211,G6-01,28,9,3172,2387,bunches,28.0,9.0,partial,06:53,12:11,
WO-2025-0423-H-037,2025-04-23,harvest,harvest,6,246,G6-02,16,9,1628,1247,bunches,16.0,9.0,partial,07:12,12:47,
WO-2025-0423-H-038,2025-04-23,harvest,harvest,6,248,G6-03,26,9,2541,1998,bunches,26.0,9.0,partial,07:15,12:50,
WO-2025-0423-H-039,2025-04-23,harvest,harvest,6,252,G6-03,17,9,1726,1245,bunches,17.0,9.0,partial,07:03,12:12,WO-2025-0428-H-046
WO-2025-0423-H-040,2025-04-23,harvest,harvest,6,255,G6-03,37,9,3571,2600,bunches,37.0,9.0,partial,07:07,12:24,
WO-2025-0423-H-041,2025-04-23,harvest,harvest,6,272,G6-05,27,9,2740,2169,bunches,27.0,9.0,partial,07:14,13:12,
WO-2025-0423-H-042,2025-04-23,harvest,harvest,6,380,G6-05,18,9,1923,1652,bunches,18.0,9.0,completed,06:48,13:10,
WO-2025-0423-H-043,2025-04-23,harvest,harvest,7,294,G7-01,6,5,625,481,bunches,6.0,5.0,partial,06:47,12:38,
WO-2025-0423-H-044,2025-04-23,harvest,harvest,7,304,G7-02,18,9,1903,1332,bunches,18.0,9.0,partial,07:08,12:24,WO-2025-0427-H-044
WO-2025-0423-H-045,2025-04-23,harvest,harvest,7,333,G7-03,12,9,1177,1028,bunches,12.0,9.0,completed,06:46,12:59,
WO-2025-0423-H-046,2025-04-23,harvest,harvest,7,339,G7-04,22,9,2160,1939,bunches,22.0,9.0,completed,06:59,13:32,
WO-2025-0423-H-047,2025-04-23,harvest,harvest,7,341,G7-04,15,9,1557,1214,bunches,15.0,9.0,partial,07:01,12:28,WO-2025-0427-H-046
WO-2025-0424-H-001,2025-04-24,harvest,harvest,1,9,G1-01,5,5,521,505,bunches,5.0,5.0,completed,07:15,14:03,
WO-2025-0424-H-002,2025-04-24,harvest,harvest,1,11,G1-02,11,9,1111,926,bunches,11.0,9.0,partial,07:10,13:25,WO-2025-0429-H-002
WO-2025-0424-H-003,2025-04-24,harvest,harvest,1,14,G1-02,11,9,1162,1071,bunches,11.0,9.0,completed,07:13,14:13,
WO-2025-0424-H-004,2025-04-24,harvest,harvest,1,15,G1-02,13,9,1361,986,bunches,13.0,9.0,partial,07:01,12:05,WO-2025-0427-H-004
WO-2025-0424-H-005,2025-04-24,harvest,harvest,1,16,G1-02,13,9,1262,893,bunches,13.0,9.0,partial,06:50,11:54,WO-2025-0427-H-005
WO-2025-0424-H-006,2025-04-24,harvest,harvest,1,20,G1-02,7,8,725,797,bunches,7.0,8.0,completed,07:18,15:15,
WO-2025-0424-H-007,2025-04-24,harvest,harvest,1,21,G1-03,9,7,945,685,bunches,9.0,7.0,partial,07:15,12:44,WO-2025-0428-H-006
WO-2025-0424-H-008,2025-04-24,harvest,harvest,1,23,G1-03,10,8,1009,780,bunches,10.0,8.0,partial,06:55,12:17,WO-2025-0428-H-008
WO-2025-0424-H-009,2025-04-24,harvest,harvest,1,24,G1-03,8,9,774,890,bunches,8.0,9.0,completed,06:53,15:23,
WO-2025-0424-H-010,2025-04-24,harvest,harvest,1,27,G1-03,10,8,1021,872,bunches,10.0,8.0,completed,07:12,13:01,
WO-2025-0424-H-011,2025-04-24,harvest,harvest,1,29,G1-03,9,8,926,820,bunches,9.0,8.0,completed,07:08,13:16,
WO-2025-0424-H-012,2025-04-24,harvest,harvest,1,30,G1-03,12,9,1233,950,bunches,12.0,9.0,partial,06:48,12:22,
WO-2025-0424-H-013,2025-04-24,harvest,harvest,1,31,G1-04,7,7,713,667,bunches,7.0,7.0,completed,07:19,13:58,
WO-2025-0424-H-014,2025-04-24,harvest,harvest,1,35,G1-04,10,9,1012,959,bunches,10.0,9.0,completed,07:17,14:17,
WO-2025-0424-H-015,2025-04-24,harvest,harvest,1,36,G1-04,10,6,971,679,bunches,10.0,6.0,partial,07:10,12:27,WO-2025-0427-H-009
WO-2025-0424-H-016,2025-04-24,harvest,harvest,1,37,G1-04,10,9,990,1021,bunches,10.0,9.0,completed,07:10,14:34,
WO-2025-0424-H-017,2025-04-24,harvest,harvest,2,49,G2-01,6,7,615,649,bunches,6.0,7.0,completed,07:03,14:52,
WO-2025-0424-H-018,2025-04-24,harvest,harvest,2,55,G2-02,22,9,2184,1172,bunches,22.0,9.0,partial,06:54,10:34,WO-2025-0428-H-014
WO-2025-0424-H-019,2025-04-24,harvest,harvest,2,60,G2-03,11,9,1159,1205,bunches,11.0,9.0,completed,07:18,14:49,
WO-2025-0424-H-020,2025-04-24,harvest,harvest,2,65,G2-03,10,8,1041,858,bunches,10.0,8.0,partial,06:52,12:54,
WO-2025-0424-H-021,2025-04-24,harvest,harvest,2,66,G2-03,19,9,1949,1743,bunches,19.0,9.0,completed,06:53,13:22,
WO-2025-0424-H-022,2025-04-24,harvest,harvest,2,70,G2-04,11,8,1067,835,bunches,11.0,8.0,partial,07:00,12:54,WO-2025-0427-H-019
WO-2025-0424-H-023,2025-04-24,harvest,harvest,2,71,G2-04,8,8,780,792,bunches,8.0,8.0,completed,06:56,14:13,
WO-2025-0424-H-024,2025-04-24,harvest,harvest,2,74,G2-04,18,9,1815,1486,bunches,18.0,9.0,partial,06:51,12:59,
WO-2025-0424-H-025,2025-04-24,harvest,harvest,3,78,G3-01,13,9,1294,1061,bunches,13.0,9.0,partial,06:51,13:04,WO-2025-0425-H-016
WO-2025-0424-H-026,2025-04-24,harvest,harvest,3,83,G3-01,22,9,2370,1774,bunches,22.0,9.0,partial,06:51,12:27,WO-2025-0429-H-019
WO-2025-0424-H-027,2025-04-24,harvest,harvest,3,84,G3-01,18,9,1864,1909,bunches,18.0,9.0,completed,06:50,14:14,
WO-2025-0424-H-028,2025-04-24,harvest,harvest,3,85,G3-01,18,9,1859,1313,bunches,18.0,9.0,partial,07:02,11:48,WO-2025-0429-H-020
WO-2025-0424-H-029,2025-04-24,harvest,harvest,3,90,G3-02,11,9,1041,1197,bunches,11.0,9.0,completed,06:59,14:53,
WO-2025-0424-H-030,2025-04-24,harvest,harvest,3,92,G3-02,12,9,1238,1072,bunches,12.0,9.0,completed,07:11,13:34,
WO-2025-0424-H-031,2025-04-24,harvest,harvest,3,94,G3-02,11,9,1082,1006,bunches,11.0,9.0,completed,06:59,13:31,
WO-2025-0424-H-032,2025-04-24,harvest,harvest,3,95,G3-02,15,9,1566,1363,bunches,15.0,9.0,completed,06:55,12:53,
WO-2025-0424-H-033,2025-04-24,harvest,harvest,3,104,G3-03,16,9,1622,1254,bunches,16.0,9.0,partial,06:45,12:18,WO-2025-0429-H-025
WO-2025-0424-H-034,2025-04-24,harvest,harvest,3,105,G3-03,15,9,1493,1110,bunches,15.0,9.0,partial,06:51,12:15,
WO-2025-0424-H-035,2025-04-24,harvest,harvest,3,113,G3-03,15,9,1453,1335,bunches,15.0,9.0,completed,07:18,13:52,
WO-2025-0424-H-036,2025-04-24,harvest,harvest,3,116,G3-04,6,5,609,540,bunches,6.0,5.0,completed,06:58,13:17,
WO-2025-0424-H-037,2025-04-24,harvest,harvest,3,120,G3-04,11,9,1127,935,bunches,11.0,9.0,partial,06:54,13:16,
WO-2025-0424-H-038,2025-04-24,harvest,harvest,4,127,G4-01,3,3,374,373,bunches,3.0,3.0,completed,06:45,13:45,
WO-2025-0424-H-039,2025-04-24,harvest,harvest,4,129,G4-01,15,9,1561,1602,bunches,15.0,9.0,completed,06:59,14:02,
WO-2025-0424-H-040,2025-04-24,harvest,harvest,4,131,G4-01,21,9,2287,2008,bunches,21.0,9.0,completed,06:49,12:44,
WO-2025-0424-H-041,2025-04-24,harvest,harvest,4,137,G4-02,18,9,1840,1769,bunches,18.0,9.0,completed,06:56,13:34,
WO-2025-0424-H-042,2025-04-24,harvest,harvest,4,138,G4-02,21,9,2265,2114,bunches,21.0,9.0,completed,07:04,13:38,
WO-2025-0424-H-043,2025-04-24,harvest,harvest,4,139,G4-02,29,9,3212,2526,bunches,29.0,9.0,partial,06:49,12:40,WO-2025-0429-H-033
WO-2025-0424-H-044,2025-04-24,harvest,harvest,4,147,G4-03,17,9,1694,1611,bunches,17.0,9.0,completed,07:19,14:04,
WO-2025-0424-H-045,2025-04-24,harvest,harvest,5,178,G5-01,12,9,1234,1310,bunches,12.0,9.0,completed,07:08,14:51,
WO-2025-0424-H-046,2025-04-24,harvest,harvest,5,181,G5-02,12,9,1247,1309,bunches,12.0,9.0,completed,07:11,14:40,
WO-2025-0424-H-047,2025-04-24,harvest,harvest,5,184,G5-02,10,9,1016,979,bunches,10.0,9.0,completed,07:15,14:22,
WO-2025-0424-H-048,2025-04-24,harvest,harvest,5,188,G5-02,20,9,2042,1761,bunches,20.0,9.0,completed,06:58,12:48,
WO-2025-0424-H-049,2025-04-24,harvest,harvest,5,189,G5-02,17,9,1728,1422,bunches,17.0,9.0,partial,07:02,12:37,WO-2025-0428-H-041
WO-2025-0424-H-050,2025-04-24,harvest,harvest,5,195,G5-03,14,9,1410,1316,bunches,14.0,9.0,completed,06:50,13:31,
WO-2025-0424-H-051,2025-04-24,harvest,harvest,5,202,G5-03,21,9,2075,2007,bunches,21.0,9.0,completed,07:10,14:09,
WO-2025-0424-H-052,2025-04-24,harvest,harvest,6,215,G6-02,14,9,1403,1351,bunches,14.0,9.0,completed,07:01,13:53,
WO-2025-0424-H-053,2025-04-24,harvest,harvest,6,245,G6-02,26,9,2603,1768,bunches,26.0,9.0,partial,06:47,11:17,
WO-2025-0424-H-054,2025-04-24,harvest,harvest,6,250,G6-03,15,9,1591,1045,bunches,15.0,9.0,partial,07:04,11:48,
WO-2025-0424-H-055,2025-04-24,harvest,harvest,6,262,G6-04,23,9,2261,1890,bunches,23.0,9.0,partial,07:11,13:07,
WO-2025-0424-H-056,2025-04-24,harvest,harvest,6,264,G6-04,4,3,418,334,bunches,4.0,3.0,partial,07:15,13:21,
WO-2025-0424-H-057,2025-04-24,harvest,harvest,6,268,G6-05,13,9,1348,1455,bunches,13.0,9.0,completed,06:48,14:46,
WO-2025-0424-H-058,2025-04-24,harvest,harvest,7,290,G7-01,12,8,1167,839,bunches,12.0,8.0,partial,07:09,12:13,
WO-2025-0424-H-059,2025-04-24,harvest,harvest,7,300,G7-02,19,9,1938,1637,bunches,19.0,9.0,partial,07:05,13:04,
WO-2025-0424-H-060,2025-04-24,harvest,harvest,7,302,G7-02,16,9,1611,1450,bunches,16.0,9.0,completed,06:58,13:07,
WO-2025-0424-H-061,2025-04-24,harvest,harvest,7,303,G7-02,20,9,2036,1713,bunches,20.0,9.0,partial,06:48,12:57,
WO-2025-0424-H-062,2025-04-24,harvest,harvest,7,307,G7-02,10,9,1014,1073,bunches,10.0,9.0,completed,06:49,14:25,
WO-2025-0424-H-063,2025-04-24,harvest,harvest,7,308,G7-02,13,9,1371,1212,bunches,13.0,9.0,completed,06:54,13:36,
WO-2025-0424-H-064,2025-04-24,harvest,harvest,7,309,G7-02,12,9,1249,1083,bunches,12.0,9.0,completed,06:54,13:08,
WO-2025-0424-H-065,2025-04-24,harvest,harvest,7,310,G7-02,29,9,2998,1839,bunches,29.0,9.0,partial,06:58,11:19,
WO-2025-0424-H-066,2025-04-24,harvest,harvest,7,335,G7-03,11,9,1085,1052,bunches,11.0,9.0,completed,06:45,14:02,
WO-2025-0424-H-067,2025-04-24,harvest,harvest,7,338,G7-03,15,9,1572,1808,bunches,15.0,9.0,completed,07:06,15:35,
WO-2025-0424-H-068,2025-04-24,harvest,harvest,7,344,G7-04,17,9,1825,1192,bunches,17.0,9.0,partial,07:05,11:52,WO-2025-0427-H-047
WO-2025-0424-H-069,2025-04-24,harvest,harvest,7,345,G7-04,14,9,1474,1482,bunches,14.0,9.0,completed,06:54,14:06,
WO-2025-0424-H-070,2025-04-24,harvest,harvest,7,346,G7-04,14,9,1468,1383,bunches,14.0,9.0,completed,07:17,14:01,
WO-2025-0425-H-001,2025-04-25,harvest,harvest,1,7,G1-01,26,9,2594,1421,bunches,26.0,9.0,partial,07:10,11:27,
WO-2025-0425-H-002,2025-04-25,harvest,harvest,1,19,G1-02,7,4,674,366,bunches,7.0,4.0,partial,07:10,11:01,WO-2025-0429-H-003
WO-2025-0425-H-003,2025-04-25,harvest,harvest,1,22,G1-03,15,9,1476,1032,bunches,15.0,9.0,partial,06:53,12:11,WO-2025-0428-H-007
WO-2025-0425-H-004,2025-04-25,harvest,harvest,1,25,G1-03,12,9,1167,895,bunches,12.0,9.0,partial,07:10,12:41,WO-2025-0429-H-004
WO-2025-0425-H-005,2025-04-25,harvest,harvest,1,26,G1-03,15,9,1545,1091,bunches,15.0,9.0,partial,07:00,12:11,WO-2025-0429-H-005
WO-2025-0425-H-006,2025-04-25,harvest,harvest,1,33,G1-04,10,7,1054,709,bunches,10.0,7.0,partial,06:48,11:52,
WO-2025-0425-H-007,2025-04-25,harvest,harvest,1,34,G1-04,11,9,1096,923,bunches,11.0,9.0,partial,06:48,13:03,WO-2025-0429-H-007
WO-2025-0425-H-008,2025-04-25,harvest,harvest,1,38,G1-04,16,9,1616,1182,bunches,16.0,9.0,partial,07:20,12:46,WO-2025-0428-H-011
WO-2025-0425-H-009,2025-04-25,harvest,harvest,2,40,G2-01,11,8,1153,786,bunches,11.0,8.0,partial,06:57,11:44,
WO-2025-0425-H-010,2025-04-25,harvest,harvest,2,41,G2-01,9,7,906,678,bunches,9.0,7.0,partial,06:48,12:26,
WO-2025-0425-H-011,2025-04-25,harvest,harvest,2,43,G2-01,13,8,1232,834,bunches,13.0,8.0,partial,07:11,12:01,WO-2025-0427-H-011
WO-2025-0425-H-012,2025-04-25,harvest,harvest,2,56,G2-02,16,9,1570,983,bunches,16.0,9.0,partial,07:07,11:43,WO-2025-0429-H-016
WO-2025-0425-H-013,2025-04-25,harvest,harvest,2,68,G2-03,14,0,1444,0,bunches,14.0,0.0,not_started,06:48,,WO-2025-0426-H-013
WO-2025-0425-H-014,2025-04-25,harvest,harvest,3,76,G3-01,19,9,1912,1665,bunches,19.0,9.0,completed,07:05,13:38,
WO-2025-0425-H-015,2025-04-25,harvest,harvest,3,77,G3-01,18,9,1873,1374,bunches,18.0,9.0,partial,06:51,12:15,WO-2025-0427-H-021
WO-2025-0425-H-016,2025-04-25,harvest,harvest,3,78,G3-01,20,9,2004,1061,bunches,20.0,9.0,partial,07:16,11:02,WO-2025-0427-H-022
WO-2025-0425-H-017,2025-04-25,harvest,harvest,3,79,G3-01,12,9,1232,920,bunches,12.0,9.0,partial,07:19,12:28,WO-2025-0426-H-014
WO-2025-0425-H-018,2025-04-25,harvest,harvest,3,89,G3-02,17,9,1609,1186,bunches,17.0,9.0,partial,07:11,12:18,
WO-2025-0425-H-019,2025-04-25,harvest,harvest,3,91,G3-02,14,9,1338,960,bunches,14.0,9.0,partial,07:11,12:16,
WO-2025-0425-H-020,2025-04-25,harvest,harvest,3,93,G3-02,23,9,2251,1561,bunches,23.0,9.0,partial,07:00,11:45,
WO-2025-0425-H-021,2025-04-25,harvest,harvest,3,98,G3-02,19,9,1881,1201,bunches,19.0,9.0,partial,06:59,11:40,WO-2025-0429-H-023
WO-2025-0425-H-022,2025-04-25,harvest,harvest,3,101,G3-03,27,9,2643,1474,bunches,27.0,9.0,partial,06:57,11:20,WO-2025-0428-H-025
WO-2025-0425-H-023,2025-04-25,harvest,harvest,3,102,G3-03,12,9,1193,997,bunches,12.0,9.0,partial,06:53,12:47,WO-2025-0430-H-011
WO-2025-0425-H-024,2025-04-25,harvest,harvest,3,107,G3-03,30,9,3139,1580,bunches,30.0,9.0,partial,07:12,10:43,
WO-2025-0425-H-025,2025-04-25,harvest,harvest,3,109,G3-03,30,9,3172,1386,bunches,30.0,9.0,partial,07:10,10:00,
WO-2025-0425-H-026,2025-04-25,harvest,harvest,3,110,G3-03,20,9,2019,1136,bunches,20.0,9.0,partial,07:17,11:19,
WO-2025-0425-H-027,2025-04-25,harvest,harvest,3,114,G3-04,15,8,1459,825,bunches,15.0,8.0,partial,06:46,10:32,WO-2025-0430-H-015
WO-2025-0425-H-028,2025-04-25,harvest,harvest,3,115,G3-04,13,8,1300,854,bunches,13.0,8.0,partial,06:55,11:40,WO-2025-0428-H-026
WO-2025-0425-H-029,2025-04-25,harvest,harvest,4,133,G4-02,30,9,3255,2210,bunches,30.0,9.0,partial,07:13,11:57,WO-2025-0429-H-031
WO-2025-0425-H-030,2025-04-25,harvest,harvest,4,134,G4-02,27,9,2935,2038,bunches,27.0,9.0,partial,06:55,11:33,
WO-2025-0425-H-031,2025-04-25,harvest,harvest,4,136,G4-02,25,9,2672,1534,bunches,25.0,9.0,partial,07:13,11:15,WO-2025-0430-H-017
WO-2025-0425-H-032,2025-04-25,harvest,harvest,4,143,G4-02,26,9,2697,1818,bunches,26.0,9.0,partial,07:14,11:50,
WO-2025-0425-H-033,2025-04-25,harvest,harvest,4,157,G4-04,28,9,2849,1704,bunches,28.0,9.0,partial,06:00,11:26,
WO-2025-0425-H-034,2025-04-25,harvest,harvest,4,165,G4-04,15,9,1541,1171,bunches,15.0,9.0,partial,06:45,12:07,WO-2025-0430-H-024
WO-2025-0425-H-035,2025-04-25,harvest,harvest,5,169,G5-01,24,9,2492,1515,bunches,24.0,9.0,partial,07:04,11:44,WO-2025-0429-H-036
WO-2025-0425-H-036,2025-04-25,harvest,harvest,5,171,G5-01,18,9,1886,1316,bunches,18.0,9.0,partial,07:09,12:30,
WO-2025-0425-H-037,2025-04-25,harvest,harvest,5,180,G5-02,24,9,2574,2061,bunches,24.0,9.0,partial,07:01,12:58,
WO-2025-0425-H-038,2025-04-25,harvest,harvest,5,182,G5-02,14,9,1524,1162,bunches,14.0,9.0,partial,07:03,12:51,
WO-2025-0425-H-039,2025-04-25,harvest,harvest,5,190,G5-02,19,9,2096,1388,bunches,19.0,9.0,partial,07:18,12:13,WO-2025-0430-H-025
WO-2025-0425-H-040,2025-04-25,harvest,harvest,5,193,G5-03,26,9,2615,1456,bunches,26.0,9.0,partial,07:19,11:20,WO-2025-0427-H-035
WO-2025-0425-H-041,2025-04-25,harvest,harvest,6,206,G6-01,29,9,2991,1627,bunches,29.0,9.0,partial,06:50,10:30,
WO-2025-0425-H-042,2025-04-25,harvest,harvest,6,212,G6-01,13,0,1449,0,bunches,13.0,0.0,not_started,06:55,,WO-2025-0426-H-041
WO-2025-0425-H-043,2025-04-25,harvest,harvest,6,213,G6-02,19,9,2059,1161,bunches,19.0,9.0,partial,06:51,11:10,
WO-2025-0425-H-044,2025-04-25,harvest,harvest,6,230,G6-02,30,9,3121,2050,bunches,30.0,9.0,partial,07:12,12:14,
WO-2025-0425-H-045,2025-04-25,harvest,harvest,6,251,G6-03,48,9,4773,2215,bunches,48.0,9.0,partial,07:20,10:40,
WO-2025-0425-H-046,2025-04-25,harvest,harvest,6,253,G6-03,31,9,3144,2225,bunches,31.0,9.0,partial,06:57,12:11,
WO-2025-0425-H-047,2025-04-25,harvest,harvest,6,254,G6-03,15,9,1488,967,bunches,15.0,9.0,partial,07:07,11:44,
WO-2025-0425-H-048,2025-04-25,harvest,harvest,6,257,G6-03,22,9,2159,1498,bunches,22.0,9.0,partial,06:46,11:29,
WO-2025-0425-H-049,2025-04-25,harvest,harvest,6,261,G6-04,17,9,1627,1222,bunches,17.0,9.0,partial,06:47,12:15,
WO-2025-0425-H-050,2025-04-25,harvest,harvest,6,265,G6-04,19,9,2070,1365,bunches,19.0,9.0,partial,07:07,12:01,
WO-2025-0425-H-051,2025-04-25,harvest,harvest,6,266,G6-04,29,9,3036,2010,bunches,29.0,9.0,partial,06:51,11:31,
WO-2025-0425-H-052,2025-04-25,harvest,harvest,7,293,G7-01,20,9,2028,1161,bunches,20.0,9.0,partial,07:11,11:06,
WO-2025-0425-H-053,2025-04-25,harvest,harvest,7,301,G7-02,13,7,1324,753,bunches,13.0,7.0,partial,06:53,11:09,WO-2025-0428-H-051
WO-2025-0425-H-054,2025-04-25,harvest,harvest,7,329,G7-03,9,0,896,0,bunches,9.0,0.0,not_started,07:14,,WO-2025-0426-H-052
WO-2025-0425-H-055,2025-04-25,harvest,harvest,7,331,G7-03,17,9,1737,1061,bunches,17.0,9.0,partial,06:54,11:12,WO-2025-0428-H-054
WO-2025-0425-H-056,2025-04-25,harvest,harvest,7,336,G7-03,26,9,2698,2134,bunches,26.0,9.0,partial,07:11,12:41,
WO-2025-0426-H-001,2025-04-26,harvest,harvest,1,2,G1-01,5,5,523,517,bunches,5.0,5.0,completed,07:12,14:43,
WO-2025-0426-H-002,2025-04-26,harvest,harvest,1,3,G1-01,8,6,738,605,bunches,8.0,6.0,partial,06:56,12:54,
WO-2025-0426-H-003,2025-04-26,harvest,harvest,1,8,G1-01,10,8,988,792,bunches,10.0,8.0,partial,06:55,12:49,WO-2025-0501-H-002
WO-2025-0426-H-004,2025-04-26,harvest,harvest,1,12,G1-02,9,9,932,896,bunches,9.0,9.0,completed,06:57,13:32,
WO-2025-0426-H-005,2025-04-26,harvest,harvest,1,24,G1-03,11,9,1095,890,bunches,11.0,9.0,partial,06:55,13:03,WO-2025-0430-H-002
WO-2025-0426-H-006,2025-04-26,harvest,harvest,1,27,G1-03,10,8,1042,872,bunches,10.0,8.0,partial,06:51,13:12,WO-2025-0430-H-003
WO-2025-0426-H-007,2025-04-26,harvest,harvest,1,28,G1-03,7,7,758,739,bunches,7.0,7.0,completed,07:03,13:54,
WO-2025-0426-H-008,2025-04-26,harvest,harvest,1,39,G1-04,7,6,702,592,bunches,7.0,6.0,partial,07:14,13:38,WO-2025-0429-H-009
WO-2025-0426-H-009,2025-04-26,harvest,harvest,2,42,G2-01,7,7,725,725,bunches,7.0,7.0,completed,07:03,13:57,
WO-2025-0426-H-010,2025-04-26,harvest,harvest,2,44,G2-01,13,9,1232,955,bunches,13.0,9.0,partial,07:20,12:45,WO-2025-0427-H-012
WO-2025-0426-H-011,2025-04-26,harvest,harvest,2,47,G2-01,11,0,1085,0,bunches,11.0,0.0,not_started,07:00,,WO-2025-0427-H-013
WO-2025-0426-H-012,2025-04-26,harvest,harvest,2,53,G2-02,19,9,1952,2030,bunches,19.0,9.0,completed,07:02,14:39,
WO-2025-0426-H-013,2025-04-26,harvest,harvest,2,68,G2-03,14,9,1444,1499,bunches,14.0,9.0,completed,07:06,14:12,
WO-2025-0426-H-014,2025-04-26,harvest,harvest,3,79,G3-01,11,9,1086,927,bunches,11.0,9.0,completed,06:58,12:51,
WO-2025-0426-H-015,2025-04-26,harvest,harvest,3,96,G3-02,16,9,1532,1473,bunches,16.0,9.0,completed,07:11,14:01,
WO-2025-0426-H-016,2025-04-26,harvest,harvest,3,100,G3-02,13,9,1382,1557,bunches,13.0,9.0,completed,06:56,15:12,
WO-2025-0426-H-017,2025-04-26,harvest,harvest,3,108,G3-03,19,9,1933,1982,bunches,19.0,9.0,completed,07:03,14:28,
WO-2025-0426-H-018,2025-04-26,harvest,harvest,3,111,G3-03,19,9,1975,1330,bunches,19.0,9.0,partial,06:51,11:43,WO-2025-0501-H-030
WO-2025-0426-H-019,2025-04-26,harvest,harvest,3,112,G3-03,9,9,907,960,bunches,9.0,9.0,completed,06:46,14:25,
WO-2025-0426-H-020,2025-04-26,harvest,harvest,4,122,G4-01,6,7,644,685,bunches,6.0,7.0,completed,07:07,14:53,
WO-2025-0426-H-021,2025-04-26,harvest,harvest,4,123,G4-01,6,6,649,589,bunches,6.0,6.0,completed,06:59,13:19,
WO-2025-0426-H-022,2025-04-26,harvest,harvest,4,130,G4-01,17,9,1788,1938,bunches,17.0,9.0,completed,07:21,15:18,
WO-2025-0426-H-023,2025-04-26,harvest,harvest,4,146,G4-03,13,9,1348,1550,bunches,13.0,9.0,completed,06:51,14:58,
WO-2025-0426-H-024,2025-04-26,harvest,harvest,4,148,G4-03,9,9,952,977,bunches,9.0,9.0,completed,07:15,14:16,
WO-2025-0426-H-025,2025-04-26,harvest,harvest,4,149,G4-03,10,9,1041,1049,bunches,10.0,9.0,completed,07:18,14:21,
WO-2025-0426-H-026,2025-04-26,harvest,harvest,4,152,G4-03,20,9,2054,1804,bunches,20.0,9.0,completed,06:46,13:12,
WO-2025-0426-H-027,2025-04-26,harvest,harvest,4,153,G4-03,14,9,1502,1509,bunches,14.0,9.0,completed,06:47,14:11,
WO-2025-0426-H-028,2025-04-26,harvest,harvest,4,164,G4-04,16,9,1667,1271,bunches,16.0,9.0,partial,07:18,13:08,
WO-2025-0426-H-029,2025-04-26,harvest,harvest,4,166,G4-04,9,8,934,814,bunches,9.0,8.0,completed,06:58,13:01,
WO-2025-0426-H-030,2025-04-26,harvest,harvest,5,168,G5-01,10,9,1038,1194,bunches,10.0,9.0,completed,07:02,14:58,
WO-2025-0426-H-031,2025-04-26,harvest,harvest,5,173,G5-01,10,9,978,1042,bunches,10.0,9.0,completed,07:09,15:14,
WO-2025-0426-H-032,2025-04-26,harvest,harvest,5,177,G5-01,14,9,1505,1440,bunches,14.0,9.0,completed,06:55,13:27,
WO-2025-0426-H-033,2025-04-26,harvest,harvest,5,186,G5-02,9,9,953,871,bunches,9.0,9.0,completed,07:16,14:04,
WO-2025-0426-H-034,2025-04-26,harvest,harvest,5,187,G5-02,11,9,1113,1101,bunches,11.0,9.0,completed,07:18,14:32,
WO-2025-0426-H-035,2025-04-26,harvest,harvest,5,194,G5-03,17,9,1834,2109,bunches,17.0,9.0,completed,07:16,15:46,
WO-2025-0426-H-036,2025-04-26,harvest,harvest,5,195,G5-03,15,9,1537,1322,bunches,15.0,9.0,completed,07:08,13:01,
WO-2025-0426-H-037,2025-04-26,harvest,harvest,5,196,G5-03,34,9,3475,2510,bunches,34.0,9.0,partial,06:47,11:41,
WO-2025-0426-H-038,2025-04-26,harvest,harvest,6,204,G6-01,19,9,1954,1884,bunches,19.0,9.0,completed,06:56,14:03,
WO-2025-0426-H-039,2025-04-26,harvest,harvest,6,205,G6-01,17,9,1696,1815,bunches,17.0,9.0,completed,07:02,14:57,
WO-2025-0426-H-040,2025-04-26,harvest,harvest,6,207,G6-01,14,9,1437,1352,bunches,14.0,9.0,completed,07:10,13:42,
WO-2025-0426-H-041,2025-04-26,harvest,harvest,6,212,G6-01,13,9,1449,1639,bunches,13.0,9.0,completed,06:51,15:20,
WO-2025-0426-H-042,2025-04-26,harvest,harvest,6,223,G6-02,25,9,2565,2280,bunches,25.0,9.0,completed,06:54,13:36,
WO-2025-0426-H-043,2025-04-26,harvest,harvest,6,259,G6-04,17,9,1736,1486,bunches,17.0,9.0,completed,07:03,13:31,
WO-2025-0426-H-044,2025-04-26,harvest,harvest,6,379,G6-05,21,9,2139,1964,bunches,21.0,9.0,completed,07:20,13:49,
WO-2025-0426-H-045,2025-04-26,harvest,harvest,7,287,G7-01,15,9,1534,1361,bunches,15.0,9.0,completed,06:57,13:08,
WO-2025-0426-H-046,2025-04-26,harvest,harvest,7,295,G7-01,6,6,581,565,bunches,6.0,6.0,completed,07:14,14:18,
WO-2025-0426-H-047,2025-04-26,harvest,harvest,7,296,G7-01,15,9,1469,1359,bunches,15.0,9.0,completed,07:02,13:26,
WO-2025-0426-H-048,2025-04-26,harvest,harvest,7,298,G7-01,14,9,1463,1207,bunches,14.0,9.0,partial,06:55,13:04,
WO-2025-0426-H-049,2025-04-26,harvest,harvest,7,305,G7-02,19,9,1939,1802,bunches,19.0,9.0,completed,07:00,13:45,
WO-2025-0426-H-050,2025-04-26,harvest,harvest,7,306,G7-02,17,9,1676,1872,bunches,17.0,9.0,completed,07:02,14:50,
WO-2025-0426-H-051,2025-04-26,harvest,harvest,7,311,G7-03,18,9,1882,1460,bunches,18.0,9.0,partial,07:18,13:14,
WO-2025-0426-H-052,2025-04-26,harvest,harvest,7,329,G7-03,9,9,896,876,bunches,9.0,9.0,completed,07:17,14:22,
WO-2025-0426-H-053,2025-04-26,harvest,harvest,7,332,G7-03,11,9,1063,1056,bunches,11.0,9.0,completed,06:00,14:10,
WO-2025-0426-H-054,2025-04-26,harvest,harvest,7,333,G7-03,12,9,1250,1030,bunches,12.0,9.0,partial,06:49,12:42,WO-2025-0501-H-062
WO-2025-0426-H-055,2025-04-26,harvest,harvest,7,337,G7-03,15,9,1475,1230,bunches,15.0,9.0,partial,07:10,13:22,
WO-2025-0427-H-001,2025-04-27,harvest,harvest,1,5,G1-01,6,3,599,344,bunches,6.0,3.0,partial,06:59,10:45,
WO-2025-0427-H-002,2025-04-27,harvest,harvest,1,10,G1-01,18,9,1778,1152,bunches,18.0,9.0,partial,06:46,11:22,WO-2025-0501-H-004
WO-2025-0427-H-003,2025-04-27,harvest,harvest,1,14,G1-02,11,9,1153,1072,bunches,11.0,9.0,completed,07:07,13:41,
WO-2025-0427-H-004,2025-04-27,harvest,harvest,1,15,G1-02,8,9,858,987,bunches,8.0,9.0,completed,07:14,15:44,
WO-2025-0427-H-005,2025-04-27,harvest,harvest,1,16,G1-02,8,9,823,896,bunches,8.0,9.0,completed,06:54,15:00,
WO-2025-0427-H-006,2025-04-27,harvest,harvest,1,18,G1-02,9,9,884,850,bunches,9.0,9.0,completed,07:11,13:54,
WO-2025-0427-H-007,2025-04-27,harvest,harvest,1,31,G1-04,6,7,665,669,bunches,6.0,7.0,completed,07:15,14:53,
WO-2025-0427-H-008,2025-04-27,harvest,harvest,1,35,G1-04,10,9,1047,959,bunches,10.0,9.0,completed,06:57,13:53,
WO-2025-0427-H-009,2025-04-27,harvest,harvest,1,36,G1-04,7,6,722,679,bunches,7.0,6.0,completed,06:52,13:30,
WO-2025-0427-H-010,2025-04-27,harvest,harvest,1,37,G1-04,11,9,1142,1021,bunches,11.0,9.0,completed,07:12,13:18,
WO-2025-0427-H-011,2025-04-27,harvest,harvest,2,43,G2-01,9,8,851,834,bunches,9.0,8.0,completed,07:10,14:20,
WO-2025-0427-H-012,2025-04-27,harvest,harvest,2,44,G2-01,12,9,1202,955,bunches,12.0,9.0,partial,06:50,12:50,WO-2025-0430-H-006
WO-2025-0427-H-013,2025-04-27,harvest,harvest,2,47,G2-01,11,9,1085,999,bunches,11.0,9.0,completed,07:19,14:16,
WO-2025-0427-H-014,2025-04-27,harvest,harvest,2,50,G2-02,12,9,1181,1263,bunches,12.0,9.0,completed,07:03,14:51,
WO-2025-0427-H-015,2025-04-27,harvest,harvest,2,57,G2-02,8,7,786,653,bunches,8.0,7.0,partial,06:53,12:35,
WO-2025-0427-H-016,2025-04-27,harvest,harvest,2,58,G2-02,8,9,777,884,bunches,8.0,9.0,completed,07:07,15:33,
WO-2025-0427-H-017,2025-04-27,harvest,harvest,2,64,G2-03,20,9,2026,1064,bunches,20.0,9.0,partial,07:05,10:55,
WO-2025-0427-H-018,2025-04-27,harvest,harvest,2,69,G2-04,19,9,1843,1358,bunches,19.0,9.0,partial,07:16,12:54,WO-2025-0502-H-010
WO-2025-0427-H-019,2025-04-27,harvest,harvest,2,70,G2-04,11,8,1068,835,bunches,11.0,8.0,partial,07:06,12:51,WO-2025-0430-H-007
WO-2025-0427-H-020,2025-04-27,harvest,harvest,2,382,G2-04,13,9,1392,1331,bunches,13.0,9.0,completed,07:01,13:36,
WO-2025-0427-H-021,2025-04-27,harvest,harvest,3,77,G3-01,12,9,1279,1378,bunches,12.0,9.0,completed,07:16,14:43,
WO-2025-0427-H-022,2025-04-27,harvest,harvest,3,78,G3-01,9,9,925,1064,bunches,9.0,9.0,completed,06:52,14:48,
WO-2025-0427-H-023,2025-04-27,harvest,harvest,3,80,G3-01,7,8,641,720,bunches,7.0,8.0,completed,07:00,15:18,
WO-2025-0427-H-024,2025-04-27,harvest,harvest,3,86,G3-01,15,9,1438,1397,bunches,15.0,9.0,completed,07:04,13:42,
WO-2025-0427-H-025,2025-04-27,harvest,harvest,3,87,G3-01,15,9,1415,1414,bunches,15.0,9.0,completed,07:10,14:14,
WO-2025-0427-H-026,2025-04-27,harvest,harvest,3,94,G3-02,14,9,1445,1009,bunches,14.0,9.0,partial,07:11,12:35,
WO-2025-0427-H-027,2025-04-27,harvest,harvest,3,117,G3-04,10,7,996,671,bunches,10.0,7.0,partial,07:07,12:11,
WO-2025-0427-H-028,2025-04-27,harvest,harvest,3,119,G3-04,4,3,395,311,bunches,4.0,3.0,partial,07:21,12:46,
WO-2025-0427-H-029,2025-04-27,harvest,harvest,3,121,G3-04,4,3,427,344,bunches,4.0,3.0,partial,07:08,12:32,
WO-2025-0427-H-030,2025-04-27,harvest,harvest,3,369,G3-04,2,2,239,178,bunches,2.0,2.0,partial,07:19,12:58,
WO-2025-0427-H-031,2025-04-27,harvest,harvest,4,126,G4-01,4,0,445,0,bunches,4.0,0.0,not_started,06:53,,WO-2025-0428-H-029
WO-2025-0427-H-032,2025-04-27,harvest,harvest,4,158,G4-04,26,9,2640,1127,bunches,26.0,9.0,partial,06:46,09:38,WO-2025-0502-H-020
WO-2025-0427-H-033,2025-04-27,harvest,harvest,5,172,G5-01,14,9,1547,1107,bunches,14.0,9.0,partial,06:56,12:20,
WO-2025-0427-H-034,2025-04-27,harvest,harvest,5,192,G5-02,11,7,1102,754,bunches,11.0,7.0,partial,06:53,12:11,WO-2025-0502-H-024
WO-2025-0427-H-035,2025-04-27,harvest,harvest,5,193,G5-03,16,9,1635,1457,bunches,16.0,9.0,completed,06:47,12:54,
WO-2025-0427-H-036,2025-04-27,harvest,harvest,5,199,G5-03,16,9,1578,1602,bunches,16.0,9.0,completed,06:56,13:53,
WO-2025-0427-H-037,2025-04-27,harvest,harvest,6,214,G6-02,21,9,2207,1970,bunches,21.0,9.0,completed,06:51,12:00,
WO-2025-0427-H-038,2025-04-27,harvest,harvest,6,216,G6-02,15,9,1494,1393,bunches,15.0,9.0,completed,07:05,13:30,
WO-2025-0427-H-039,2025-04-27,harvest,harvest,6,260,G6-04,10,9,1022,1128,bunches,10.0,9.0,completed,06:49,14:44,
WO-2025-0427-H-040,2025-04-27,harvest,harvest,6,267,G6-04,10,9,1090,1254,bunches,10.0,9.0,completed,06:55,15:25,
WO-2025-0427-H-041,2025-04-27,harvest,harvest,6,270,G6-05,24,9,2600,1434,bunches,24.0,9.0,partial,06:59,11:00,
WO-2025-0427-H-042,2025-04-27,harvest,harvest,7,297,G7-01,23,9,2220,1027,bunches,23.0,9.0,partial,06:57,09:58,WO-2025-0502-H-034
WO-2025-0427-H-043,2025-04-27,harvest,harvest,7,299,G7-02,16,9,1580,1420,bunches,16.0,9.0,completed,07:02,13:18,
WO-2025-0427-H-044,2025-04-27,harvest,harvest,7,304,G7-02,13,9,1384,1332,bunches,13.0,9.0,completed,06:57,13:34,
WO-2025-0427-H-045,2025-04-27,harvest,harvest,7,330,G7-03,22,9,2178,1255,bunches,22.0,9.0,partial,07:15,11:21,
WO-2025-0427-H-046,2025-04-27,harvest,harvest,7,341,G7-04,11,9,1085,1221,bunches,11.0,9.0,completed,06:50,14:34,
WO-2025-0427-H-047,2025-04-27,harvest,harvest,7,344,G7-04,12,9,1230,1196,bunches,12.0,9.0,completed,07:17,13:58,
WO-2025-0427-H-048,2025-04-27,harvest,harvest,7,345,G7-04,14,9,1495,1484,bunches,14.0,9.0,completed,07:10,14:27,
WO-2025-0427-H-049,2025-04-27,harvest,harvest,7,347,G7-04,18,9,1946,1634,bunches,18.0,9.0,partial,07:06,12:51,WO-2025-0502-H-041
WO-2025-0428-H-001,2025-04-28,harvest,harvest,1,1,G1-01,3,3,264,261,bunches,3.0,3.0,completed,06:58,14:27,
WO-2025-0428-H-002,2025-04-28,harvest,harvest,1,9,G1-01,5,5,541,511,bunches,5.0,5.0,completed,06:52,13:40,
WO-2025-0428-H-003,2025-04-28,harvest,harvest,1,12,G1-02,9,9,873,896,bunches,9.0,9.0,completed,07:06,14:48,
WO-2025-0428-H-004,2025-04-28,harvest,harvest,1,13,G1-02,11,9,1067,1120,bunches,11.0,9.0,completed,07:08,14:47,
WO-2025-0428-H-005,2025-04-28,harvest,harvest,1,17,G1-02,12,9,1181,1105,bunches,12.0,9.0,completed,07:11,13:58,
WO-2025-0428-H-006,2025-04-28,harvest,harvest,1,21,G1-03,7,7,657,687,bunches,7.0,7.0,completed,07:18,14:45,
WO-2025-0428-H-007,2025-04-28,harvest,harvest,1,22,G1-03,10,9,994,1032,bunches,10.0,9.0,completed,06:46,14:35,
WO-2025-0428-H-008,2025-04-28,harvest,harvest,1,23,G1-03,7,8,705,782,bunches,7.0,8.0,completed,07:09,15:20,
WO-2025-0428-H-009,2025-04-28,harvest,harvest,1,32,G1-04,9,8,896,854,bunches,9.0,8.0,completed,06:51,14:02,
WO-2025-0428-H-010,2025-04-28,harvest,harvest,1,35,G1-04,8,9,862,966,bunches,8.0,9.0,completed,06:49,15:09,
WO-2025-0428-H-011,2025-04-28,harvest,harvest,1,38,G1-04,13,9,1273,1189,bunches,13.0,9.0,completed,06:48,13:11,
WO-2025-0428-H-012,2025-04-28,harvest,harvest,2,46,G2-01,22,9,2222,1933,bunches,22.0,9.0,completed,07:12,13:51,
WO-2025-0428-H-013,2025-04-28,harvest,harvest,2,51,G2-02,18,9,1761,1653,bunches,18.0,9.0,completed,07:10,13:37,
WO-2025-0428-H-014,2025-04-28,harvest,harvest,2,55,G2-02,12,9,1239,1174,bunches,12.0,9.0,completed,07:12,13:57,
WO-2025-0428-H-015,2025-04-28,harvest,harvest,2,59,G2-03,15,9,1526,1322,bunches,15.0,9.0,completed,07:12,13:44,
WO-2025-0428-H-016,2025-04-28,harvest,harvest,2,62,G2-03,6,6,686,677,bunches,6.0,6.0,completed,07:01,14:11,
WO-2025-0428-H-017,2025-04-28,harvest,harvest,2,71,G2-04,8,8,791,792,bunches,8.0,8.0,completed,07:19,14:35,
WO-2025-0428-H-018,2025-04-28,harvest,harvest,3,75,G3-01,17,9,1763,1330,bunches,17.0,9.0,partial,07:11,12:58,
WO-2025-0428-H-019,2025-04-28,harvest,harvest,3,81,G3-01,4,3,357,334,bunches,4.0,3.0,completed,07:16,14:11,
WO-2025-0428-H-020,2025-04-28,harvest,harvest,3,84,G3-01,17,9,1711,1913,bunches,17.0,9.0,completed,07:00,15:14,
WO-2025-0428-H-021,2025-04-28,harvest,harvest,3,88,G3-02,10,9,981,1085,bunches,10.0,9.0,completed,07:20,15:22,
WO-2025-0428-H-022,2025-04-28,harvest,harvest,3,95,G3-02,12,9,1263,1367,bunches,12.0,9.0,completed,07:19,15:05,
WO-2025-0428-H-023,2025-04-28,harvest,harvest,3,97,G3-02,12,9,1198,1102,bunches,12.0,9.0,completed,07:04,13:51,
WO-2025-0428-H-024,2025-04-28,harvest,harvest,3,98,G3-02,19,0,1851,0,bunches,19.0,0.0,not_started,06:49,,WO-2025-0429-H-023
WO-2025-0428-H-025,2025-04-28,harvest,harvest,3,101,G3-03,19,9,1887,1478,bunches,19.0,9.0,partial,07:19,12:47,
WO-2025-0428-H-026,2025-04-28,harvest,harvest,3,115,G3-04,9,8,931,857,bunches,9.0,8.0,completed,07:07,13:36,
WO-2025-0428-H-027,2025-04-28,harvest,harvest,3,116,G3-04,7,5,683,546,bunches,7.0,5.0,partial,07:18,13:07,WO-2025-0503-H-012
WO-2025-0428-H-028,2025-04-28,harvest,harvest,4,124,G4-01,8,7,830,727,bunches,8.0,7.0,completed,07:21,13:57,
WO-2025-0428-H-029,2025-04-28,harvest,harvest,4,126,G4-01,4,4,445,405,bunches,4.0,4.0,completed,06:55,13:38,
WO-2025-0428-H-030,2025-04-28,harvest,harvest,4,129,G4-01,19,9,2078,1602,bunches,19.0,9.0,partial,06:58,12:29,
WO-2025-0428-H-031,2025-04-28,harvest,harvest,4,132,G4-01,15,9,1591,1694,bunches,15.0,9.0,completed,07:21,15:19,
WO-2025-0428-H-032,2025-04-28,harvest,harvest,4,142,G4-02,21,9,2173,2096,bunches,21.0,9.0,completed,06:48,13:50,
WO-2025-0428-H-033,2025-04-28,harvest,harvest,4,144,G4-03,13,9,1308,1480,bunches,13.0,9.0,completed,07:11,15:29,
WO-2025-0428-H-034,2025-04-28,harvest,harvest,4,145,G4-03,20,9,2089,1653,bunches,20.0,9.0,partial,06:47,12:29,WO-2025-0503-H-015
WO-2025-0428-H-035,2025-04-28,harvest,harvest,4,146,G4-03,19,9,2073,1550,bunches,19.0,9.0,partial,07:09,12:23,
WO-2025-0428-H-036,2025-04-28,harvest,harvest,4,150,G4-03,11,9,1158,1010,bunches,11.0,9.0,completed,07:20,13:57,
WO-2025-0428-H-037,2025-04-28,harvest,harvest,4,160,G4-04,18,9,1865,2101,bunches,18.0,9.0,completed,07:21,15:37,
WO-2025-0428-H-038,2025-04-28,harvest,harvest,5,176,G5-01,11,9,1162,1284,bunches,11.0,9.0,completed,07:17,15:08,
WO-2025-0428-H-039,2025-04-28,harvest,harvest,5,178,G5-01,12,9,1230,1315,bunches,12.0,9.0,completed,07:02,14:30,
WO-2025-0428-H-040,2025-04-28,harvest,harvest,5,179,G5-01,13,9,1406,1535,bunches,13.0,9.0,completed,07:13,14:55,
WO-2025-0428-H-041,2025-04-28,harvest,harvest,5,189,G5-02,15,9,1543,1425,bunches,15.0,9.0,completed,06:55,13:13,
WO-2025-0428-H-042,2025-04-28,harvest,harvest,6,203,G6-01,18,9,1845,1685,bunches,18.0,9.0,completed,07:06,13:51,
WO-2025-0428-H-043,2025-04-28,harvest,harvest,6,208,G6-01,11,9,1129,1000,bunches,11.0,9.0,completed,07:11,13:55,
WO-2025-0428-H-044,2025-04-28,harvest,harvest,6,210,G6-01,19,9,2049,2089,bunches,19.0,9.0,completed,06:56,14:07,
WO-2025-0428-H-045,2025-04-28,harvest,harvest,6,215,G6-02,13,9,1298,1357,bunches,13.0,9.0,completed,07:15,15:04,
WO-2025-0428-H-046,2025-04-28,harvest,harvest,6,252,G6-03,14,9,1440,1248,bunches,14.0,9.0,completed,06:53,12:58,
WO-2025-0428-H-047,2025-04-28,harvest,harvest,6,256,G6-03,12,9,1121,854,bunches,12.0,9.0,partial,07:20,13:06,
WO-2025-0428-H-048,2025-04-28,harvest,harvest,6,258,G6-04,4,4,428,398,bunches,4.0,4.0,completed,06:47,13:53,
WO-2025-0428-H-049,2025-04-28,harvest,harvest,6,263,G6-04,25,9,2497,2357,bunches,25.0,9.0,completed,07:09,14:19,
WO-2025-0428-H-050,2025-04-28,harvest,harvest,6,269,G6-05,12,9,1247,1282,bunches,12.0,9.0,completed,07:19,14:39,
WO-2025-0428-H-051,2025-04-28,harvest,harvest,7,301,G7-02,6,7,655,753,bunches,6.0,7.0,completed,06:59,15:29,
WO-2025-0428-H-052,2025-04-28,harvest,harvest,7,302,G7-02,16,9,1638,1455,bunches,16.0,9.0,completed,06:51,13:31,
WO-2025-0428-H-053,2025-04-28,harvest,harvest,7,328,G7-03,24,9,2408,1718,bunches,24.0,9.0,partial,06:46,12:11,
WO-2025-0428-H-054,2025-04-28,harvest,harvest,7,331,G7-03,12,9,1191,1068,bunches,12.0,9.0,completed,07:16,13:29,
WO-2025-0428-H-055,2025-04-28,harvest,harvest,7,340,G7-04,13,9,1313,1288,bunches,13.0,9.0,completed,07:19,14:24,
WO-2025-0428-H-056,2025-04-28,harvest,harvest,7,342,G7-04,15,9,1508,1354,bunches,15.0,9.0,completed,07:16,13:40,
WO-2025-0428-H-057,2025-04-28,harvest,harvest,7,343,G7-04,10,9,973,1077,bunches,10.0,9.0,completed,06:55,15:12,
WO-2025-0428-H-058,2025-04-28,harvest,harvest,7,346,G7-04,15,9,1580,1384,bunches,15.0,9.0,completed,06:55,13:28,
WO-2025-0429-H-001,2025-04-29,harvest,harvest,1,6,G1-01,3,2,322,255,bunches,3.0,2.0,partial,06:48,12:33,WO-2025-0504-H-003
WO-2025-0429-H-002,2025-04-29,harvest,harvest,1,11,G1-02,10,9,1034,931,bunches,10.0,9.0,completed,06:00,13:22,
WO-2025-0429-H-003,2025-04-29,harvest,harvest,1,19,G1-02,4,4,383,366,bunches,4.0,4.0,completed,07:09,13:56,
WO-2025-0429-H-004,2025-04-29,harvest,harvest,1,25,G1-03,8,9,848,899,bunches,8.0,9.0,completed,07:18,14:47,
WO-2025-0429-H-005,2025-04-29,harvest,harvest,1,26,G1-03,10,9,1046,1091,bunches,10.0,9.0,completed,07:01,14:55,
WO-2025-0429-H-006,2025-04-29,harvest,harvest,1,28,G1-03,7,7,753,741,bunches,7.0,7.0,completed,07:17,14:37,
WO-2025-0429-H-007,2025-04-29,harvest,harvest,1,34,G1-04,10,9,979,932,bunches,10.0,9.0,completed,06:59,14:07,
WO-2025-0429-H-008,2025-04-29,harvest,harvest,1,37,G1-04,11,9,1096,1022,bunches,11.0,9.0,completed,07:02,13:37,
WO-2025-0429-H-009,2025-04-29,harvest,harvest,1,39,G1-04,5,6,527,596,bunches,5.0,6.0,completed,07:21,15:20,
WO-2025-0429-H-010,2025-04-29,harvest,harvest,2,42,G2-01,7,7,685,734,bunches,7.0,7.0,completed,06:50,14:10,
WO-2025-0429-H-011,2025-04-29,harvest,harvest,2,43,G2-01,9,8,849,838,bunches,9.0,8.0,completed,07:20,14:12,
WO-2025-0429-H-012,2025-04-29,harvest,harvest,2,45,G2-01,17,9,1713,1388,bunches,17.0,9.0,partial,07:17,12:44,WO-2025-0504-H-011
WO-2025-0429-H-013,2025-04-29,harvest,harvest,2,49,G2-01,7,7,703,654,bunches,7.0,7.0,completed,06:56,13:00,
WO-2025-0429-H-014,2025-04-29,harvest,harvest,2,52,G2-02,12,9,1197,1140,bunches,12.0,9.0,completed,07:12,13:57,
WO-2025-0429-H-015,2025-04-29,harvest,harvest,2,54,G2-02,14,9,1322,1520,bunches,14.0,9.0,completed,07:06,15:26,
WO-2025-0429-H-016,2025-04-29,harvest,harvest,2,56,G2-02,10,9,1017,991,bunches,10.0,9.0,completed,06:59,14:21,
WO-2025-0429-H-017,2025-04-29,harvest,harvest,2,71,G2-04,8,8,792,797,bunches,8.0,8.0,completed,07:05,14:43,
WO-2025-0429-H-018,2025-04-29,harvest,harvest,2,73,G2-04,11,9,1096,1204,bunches,11.0,9.0,completed,06:58,15:02,
WO-2025-0429-H-019,2025-04-29,harvest,harvest,3,83,G3-01,15,9,1574,1779,bunches,15.0,9.0,completed,07:16,15:36,
WO-2025-0429-H-020,2025-04-29,harvest,harvest,3,85,G3-01,13,9,1339,1315,bunches,13.0,9.0,completed,07:11,14:33,
WO-2025-0429-H-021,2025-04-29,harvest,harvest,3,86,G3-01,14,9,1385,1402,bunches,14.0,9.0,completed,07:14,14:35,
WO-2025-0429-H-022,2025-04-29,harvest,harvest,3,92,G3-02,12,9,1180,1072,bunches,12.0,9.0,completed,06:46,13:39,
WO-2025-0429-H-023,2025-04-29,harvest,harvest,3,98,G3-02,19,9,1851,1206,bunches,19.0,9.0,partial,07:17,12:13,
WO-2025-0429-H-024,2025-04-29,harvest,harvest,3,99,G3-02,10,9,961,967,bunches,10.0,9.0,completed,07:00,13:55,
WO-2025-0429-H-025,2025-04-29,harvest,harvest,3,104,G3-03,17,9,1660,1257,bunches,17.0,9.0,partial,06:56,12:12,WO-2025-0504-H-023
WO-2025-0429-H-026,2025-04-29,harvest,harvest,3,106,G3-03,8,9,808,822,bunches,8.0,9.0,completed,06:50,14:18,
WO-2025-0429-H-027,2025-04-29,harvest,harvest,3,118,G3-04,6,5,551,528,bunches,6.0,5.0,completed,07:05,13:48,
WO-2025-0429-H-028,2025-04-29,harvest,harvest,4,125,G4-01,7,7,685,677,bunches,7.0,7.0,completed,07:04,14:28,
WO-2025-0429-H-029,2025-04-29,harvest,harvest,4,128,G4-01,20,9,2089,1992,bunches,20.0,9.0,completed,07:15,14:14,
WO-2025-0429-H-030,2025-04-29,harvest,harvest,4,131,G4-01,17,9,1844,2013,bunches,17.0,9.0,completed,07:18,14:48,
WO-2025-0429-H-031,2025-04-29,harvest,harvest,4,133,G4-02,19,9,2077,2213,bunches,19.0,9.0,completed,07:11,15:05,
WO-2025-0429-H-032,2025-04-29,harvest,harvest,4,135,G4-02,12,9,1256,1253,bunches,12.0,9.0,completed,06:58,14:20,
WO-2025-0429-H-033,2025-04-29,harvest,harvest,4,139,G4-02,20,9,2204,2529,bunches,20.0,9.0,completed,06:52,15:22,
WO-2025-0429-H-034,2025-04-29,harvest,harvest,4,151,G4-03,20,9,2127,1439,bunches,20.0,9.0,partial,06:45,12:02,WO-2025-0504-H-031
WO-2025-0429-H-035,2025-04-29,harvest,harvest,4,159,G4-04,22,9,2327,2099,bunches,22.0,9.0,completed,06:59,13:16,
WO-2025-0429-H-036,2025-04-29,harvest,harvest,5,169,G5-01,18,9,1856,1518,bunches,18.0,9.0,partial,06:46,12:46,WO-2025-0503-H-021
WO-2025-0429-H-037,2025-04-29,harvest,harvest,5,170,G5-01,11,9,1176,902,bunches,11.0,9.0,partial,07:03,12:52,WO-2025-0502-H-021
WO-2025-0429-H-038,2025-04-29,harvest,harvest,5,181,G5-02,14,9,1434,1312,bunches,14.0,9.0,completed,07:19,14:03,
WO-2025-0429-H-039,2025-04-29,harvest,harvest,5,184,G5-02,10,9,1106,982,bunches,10.0,9.0,completed,07:06,13:39,
WO-2025-0429-H-040,2025-04-29,harvest,harvest,5,185,G5-02,16,9,1674,1457,bunches,16.0,9.0,completed,06:52,12:56,
WO-2025-0429-H-041,2025-04-29,harvest,harvest,5,188,G5-02,16,9,1563,1766,bunches,16.0,9.0,completed,06:56,15:04,
WO-2025-0429-H-042,2025-04-29,harvest,harvest,6,209,G6-01,8,8,855,823,bunches,8.0,8.0,completed,07:16,14:22,
WO-2025-0429-H-043,2025-04-29,harvest,harvest,6,247,G6-02,11,9,1098,968,bunches,11.0,9.0,completed,06:52,13:27,
WO-2025-0429-H-044,2025-04-29,harvest,harvest,7,296,G7-01,21,9,2111,1359,bunches,21.0,9.0,partial,07:01,11:58,WO-2025-0504-H-045
WO-2025-0429-H-045,2025-04-29,harvest,harvest,7,335,G7-03,11,9,1156,1054,bunches,11.0,9.0,completed,07:06,13:26,
WO-2025-0429-H-046,2025-04-29,harvest,harvest,7,348,G7-04,17,9,1793,1839,bunches,17.0,9.0,completed,06:56,14:27,
WO-2025-0430-H-001,2025-04-30,harvest,harvest,1,13,G1-02,15,9,1539,1121,bunches,15.0,9.0,partial,07:00,12:33,
WO-2025-0430-H-002,2025-04-30,harvest,harvest,1,24,G1-03,9,9,899,898,bunches,9.0,9.0,completed,06:49,13:56,
WO-2025-0430-H-003,2025-04-30,harvest,harvest,1,27,G1-03,12,8,1215,881,bunches,12.0,8.0,partial,07:07,12:37,
WO-2025-0430-H-004,2025-04-30,harvest,harvest,1,29,G1-03,10,8,1041,826,bunches,10.0,8.0,partial,06:58,13:01,WO-2025-0501-H-009
WO-2025-0430-H-005,2025-04-30,harvest,harvest,1,36,G1-04,13,6,1287,682,bunches,13.0,6.0,partial,06:57,11:01,WO-2025-0505-H-007
WO-2025-0430-H-006,2025-04-30,harvest,harvest,2,44,G2-01,11,9,1089,957,bunches,11.0,9.0,completed,06:57,12:57,
WO-2025-0430-H-007,2025-04-30,harvest,harvest,2,70,G2-04,11,8,1122,839,bunches,11.0,8.0,partial,06:54,12:27,WO-2025-0505-H-011
WO-2025-0430-H-008,2025-04-30,harvest,harvest,2,72,G2-04,22,9,2260,1416,bunches,22.0,9.0,partial,07:05,11:25,
WO-2025-0430-H-009,2025-04-30,harvest,harvest,3,76,G3-01,23,9,2319,1665,bunches,23.0,9.0,partial,07:19,12:43,
WO-2025-0430-H-010,2025-04-30,harvest,harvest,3,100,G3-02,22,9,2352,1559,bunches,22.0,9.0,partial,06:54,11:27,
WO-2025-0430-H-011,2025-04-30,harvest,harvest,3,102,G3-03,16,9,1642,997,bunches,16.0,9.0,partial,07:02,11:19,WO-2025-0505-H-016
WO-2025-0430-H-012,2025-04-30,harvest,harvest,3,105,G3-03,14,9,1375,1114,bunches,14.0,9.0,partial,07:05,13:03,
WO-2025-0430-H-013,2025-04-30,harvest,harvest,3,112,G3-03,13,9,1310,961,bunches,13.0,9.0,partial,06:58,12:04,WO-2025-0503-H-011
WO-2025-0430-H-014,2025-04-30,harvest,harvest,3,113,G3-03,23,9,2234,1339,bunches,23.0,9.0,partial,06:59,10:55,WO-2025-0505-H-018
WO-2025-0430-H-015,2025-04-30,harvest,harvest,3,114,G3-04,11,8,1114,832,bunches,11.0,8.0,partial,06:58,12:38,
WO-2025-0430-H-016,2025-04-30,harvest,harvest,3,120,G3-04,17,9,1664,936,bunches,17.0,9.0,partial,07:12,11:30,
WO-2025-0430-H-017,2025-04-30,harvest,harvest,4,136,G4-02,19,9,2012,1537,bunches,19.0,9.0,partial,07:01,12:23,WO-2025-0505-H-023
WO-2025-0430-H-018,2025-04-30,harvest,harvest,4,137,G4-02,23,9,2359,1773,bunches,23.0,9.0,partial,06:00,12:03,
WO-2025-0430-H-019,2025-04-30,harvest,harvest,4,138,G4-02,26,9,2827,2116,bunches,26.0,9.0,partial,07:21,12:50,WO-2025-0504-H-027
WO-2025-0430-H-020,2025-04-30,harvest,harvest,4,141,G4-02,25,9,2589,2100,bunches,25.0,9.0,partial,07:21,12:48,
WO-2025-0430-H-021,2025-04-30,harvest,harvest,4,147,G4-03,21,9,2096,1612,bunches,21.0,9.0,partial,07:17,12:45,
WO-2025-0430-H-022,2025-04-30,harvest,harvest,4,153,G4-03,18,9,1864,1510,bunches,18.0,9.0,partial,07:21,13:04,
WO-2025-0430-H-023,2025-04-30,harvest,harvest,4,156,G4-04,26,9,2698,1992,bunches,26.0,9.0,partial,07:02,12:08,WO-2025-0504-H-032
WO-2025-0430-H-024,2025-04-30,harvest,harvest,4,165,G4-04,16,9,1651,1172,bunches,16.0,9.0,partial,06:55,11:00,
WO-2025-0430-H-025,2025-04-30,harvest,harvest,5,190,G5-02,16,9,1741,1394,bunches,16.0,9.0,partial,06:57,12:43,
WO-2025-0430-H-026,2025-04-30,harvest,harvest,5,197,G5-03,18,9,1832,1708,bunches,18.0,9.0,completed,06:49,13:22,
WO-2025-0430-H-027,2025-04-30,harvest,harvest,6,264,G6-04,11,0,1133,0,bunches,11.0,0.0,not_started,07:16,,WO-2025-0501-H-054
WO-2025-0430-H-028,2025-04-30,harvest,harvest,6,271,G6-05,21,9,2281,1239,bunches,21.0,9.0,partial,07:04,11:21,
WO-2025-0430-H-029,2025-04-30,harvest,harvest,7,289,G7-01,15,9,1567,963,bunches,15.0,9.0,partial,06:54,11:10,
WO-2025-0430-H-030,2025-04-30,harvest,harvest,7,290,G7-01,12,8,1229,839,bunches,12.0,8.0,partial,07:02,12:18,WO-2025-0505-H-041
WO-2025-0430-H-031,2025-04-30,harvest,harvest,7,303,G7-02,25,9,2496,1714,bunches,25.0,9.0,partial,06:51,11:24,
WO-2025-0430-H-032,2025-04-30,harvest,harvest,7,304,G7-02,16,9,1677,1339,bunches,16.0,9.0,partial,07:14,13:14,
WO-2025-0430-H-033,2025-04-30,harvest,harvest,7,309,G7-02,19,9,1980,1087,bunches,19.0,9.0,partial,06:54,10:51,
WO-2025-0501-H-001,2025-05-01,harvest,harvest,1,4,G1-01,7,0,662,0,bunches,7.0,0.0,not_started,07:09,,WO-2025-0502-H-002
WO-2025-0501-H-002,2025-05-01,harvest,harvest,1,8,G1-01,9,9,934,909,bunches,9.0,9.0,completed,07:13,14:10,
WO-2025-0501-H-003,2025-05-01,harvest,harvest,1,9,G1-01,9,8,929,818,bunches,9.0,8.0,completed,06:52,13:08,
WO-2025-0501-H-004,2025-05-01,harvest,harvest,1,10,G1-01,8,7,757,727,bunches,8.0,7.0,completed,07:18,14:03,
WO-2025-0501-H-005,2025-05-01,harvest,harvest,1,11,G1-02,14,9,1435,1145,bunches,14.0,9.0,partial,07:15,13:14,WO-2025-0506-H-002
WO-2025-0501-H-006,2025-05-01,harvest,harvest,1,14,G1-02,24,9,2438,2414,bunches,24.0,9.0,completed,07:09,14:34,
WO-2025-0501-H-007,2025-05-01,harvest,harvest,1,20,G1-02,10,8,1029,823,bunches,10.0,8.0,partial,06:47,12:44,WO-2025-0506-H-003
WO-2025-0501-H-008,2025-05-01,harvest,harvest,1,21,G1-03,10,8,964,755,bunches,10.0,8.0,partial,06:48,12:25,
WO-2025-0501-H-009,2025-05-01,harvest,harvest,1,29,G1-03,10,7,984,712,bunches,10.0,7.0,partial,07:02,12:09,WO-2025-0504-H-006
WO-2025-0501-H-010,2025-05-01,harvest,harvest,1,33,G1-04,17,9,1742,1487,bunches,17.0,9.0,completed,06:57,13:07,
WO-2025-0501-H-011,2025-05-01,harvest,harvest,2,41,G2-01,13,9,1309,1131,bunches,13.0,9.0,completed,07:15,13:10,
WO-2025-0501-H-012,2025-05-01,harvest,harvest,2,47,G2-01,38,9,3750,3443,bunches,38.0,9.0,completed,06:55,13:48,
WO-2025-0501-H-013,2025-05-01,harvest,harvest,2,53,G2-02,17,9,1734,1516,bunches,17.0,9.0,completed,07:16,13:22,
WO-2025-0501-H-014,2025-05-01,harvest,harvest,2,60,G2-03,31,9,3133,2015,bunches,31.0,9.0,partial,07:03,11:31,WO-2025-0505-H-009
WO-2025-0501-H-015,2025-05-01,harvest,harvest,2,63,G2-03,17,9,1659,1412,bunches,17.0,9.0,completed,06:55,13:10,
WO-2025-0501-H-016,2025-05-01,harvest,harvest,2,65,G2-03,12,9,1269,1207,bunches,12.0,9.0,completed,06:57,14:01,
WO-2025-0501-H-017,2025-05-01,harvest,harvest,2,66,G2-03,12,9,1204,1096,bunches,12.0,9.0,completed,07:12,13:34,
WO-2025-0501-H-018,2025-05-01,harvest,harvest,2,67,G2-03,20,9,2014,1823,bunches,20.0,9.0,completed,07:18,13:42,
WO-2025-0501-H-019,2025-05-01,harvest,harvest,2,74,G2-04,34,9,3451,2607,bunches,34.0,9.0,partial,06:59,12:26,
WO-2025-0501-H-020,2025-05-01,harvest,harvest,3,78,G3-01,15,9,1466,869,bunches,15.0,9.0,partial,07:19,11:54,
WO-2025-0501-H-021,2025-05-01,harvest,harvest,3,79,G3-01,6,4,626,416,bunches,6.0,4.0,partial,06:54,11:42,
WO-2025-0501-H-022,2025-05-01,harvest,harvest,3,89,G3-02,16,9,1602,1355,bunches,16.0,9.0,partial,07:15,13:33,WO-2025-0504-H-018
WO-2025-0501-H-023,2025-05-01,harvest,harvest,3,90,G3-02,16,9,1604,1417,bunches,16.0,9.0,completed,07:14,13:17,
WO-2025-0501-H-024,2025-05-01,harvest,harvest,3,91,G3-02,16,9,1517,1600,bunches,16.0,9.0,completed,07:10,14:36,
WO-2025-0501-H-025,2025-05-01,harvest,harvest,3,93,G3-02,29,9,2851,2879,bunches,29.0,9.0,completed,06:57,14:04,
WO-2025-0501-H-026,2025-05-01,harvest,harvest,3,96,G3-02,21,9,2099,1959,bunches,21.0,9.0,completed,06:51,13:47,
WO-2025-0501-H-027,2025-05-01,harvest,harvest,3,107,G3-03,13,9,1326,1223,bunches,13.0,9.0,completed,07:06,13:37,
WO-2025-0501-H-028,2025-05-01,harvest,harvest,3,108,G3-03,19,9,1961,2090,bunches,19.0,9.0,completed,06:48,14:45,
WO-2025-0501-H-029,2025-05-01,harvest,harvest,3,110,G3-03,17,9,1721,1578,bunches,17.0,9.0,completed,07:08,13:43,
WO-2025-0501-H-030,2025-05-01,harvest,harvest,3,111,G3-03,18,9,1811,1721,bunches,18.0,9.0,completed,07:14,14:22,
WO-2025-0501-H-031,2025-05-01,harvest,harvest,3,370,G3-04,2,2,201,167,bunches,2.0,2.0,partial,06:48,12:47,
WO-2025-0501-H-032,2025-05-01,harvest,harvest,4,130,G4-01,30,9,3196,2573,bunches,30.0,9.0,partial,07:05,13:14,
WO-2025-0501-H-033,2025-05-01,harvest,harvest,4,140,G4-02,16,9,1611,1039,bunches,16.0,9.0,partial,07:17,12:17,WO-2025-0506-H-020
WO-2025-0501-H-034,2025-05-01,harvest,harvest,4,149,G4-03,23,9,2374,1694,bunches,23.0,9.0,partial,06:56,12:27,
WO-2025-0501-H-035,2025-05-01,harvest,harvest,4,154,G4-03,2,2,209,190,bunches,2.0,2.0,completed,07:01,13:18,
WO-2025-0501-H-036,2025-05-01,harvest,harvest,4,155,G4-04,24,9,2315,1874,bunches,24.0,9.0,partial,07:14,13:08,
WO-2025-0501-H-037,2025-05-01,harvest,harvest,4,163,G4-04,18,9,1915,1596,bunches,18.0,9.0,partial,07:04,13:24,
WO-2025-0501-H-038,2025-05-01,harvest,harvest,5,168,G5-01,24,9,2557,2141,bunches,24.0,9.0,partial,07:14,13:12,WO-2025-0506-H-026
WO-2025-0501-H-039,2025-05-01,harvest,harvest,5,171,G5-01,11,9,1153,1095,bunches,11.0,9.0,completed,06:46,13:25,
WO-2025-0501-H-040,2025-05-01,harvest,harvest,5,194,G5-03,28,9,2987,2840,bunches,28.0,9.0,completed,06:56,13:45,
WO-2025-0501-H-041,2025-05-01,harvest,harvest,5,202,G5-03,20,9,1947,2171,bunches,20.0,9.0,completed,07:02,15:12,
WO-2025-0501-H-042,2025-05-01,harvest,harvest,6,206,G6-01,11,9,1132,1015,bunches,11.0,9.0,completed,06:56,13:20,
WO-2025-0501-H-043,2025-05-01,harvest,harvest,6,207,G6-01,11,9,1164,1186,bunches,11.0,9.0,completed,07:01,14:42,
WO-2025-0501-H-044,2025-05-01,harvest,harvest,6,211,G6-01,12,9,1392,1285,bunches,12.0,9.0,completed,07:18,14:09,
WO-2025-0501-H-045,2025-05-01,harvest,harvest,6,212,G6-01,9,9,986,1134,bunches,9.0,9.0,completed,06:53,15:23,
WO-2025-0501-H-046,2025-05-01,harvest,harvest,6,213,G6-02,15,9,1649,1325,bunches,15.0,9.0,partial,07:04,13:04,WO-2025-0506-H-036
WO-2025-0501-H-047,2025-05-01,harvest,harvest,6,214,G6-02,12,9,1294,1172,bunches,12.0,9.0,completed,06:53,13:31,
WO-2025-0501-H-048,2025-05-01,harvest,harvest,6,222,G6-02,5,6,518,589,bunches,5.0,6.0,completed,06:50,15:13,
WO-2025-0501-H-049,2025-05-01,harvest,harvest,6,223,G6-02,31,9,3163,2877,bunches,31.0,9.0,completed,06:58,13:12,
WO-2025-0501-H-050,2025-05-01,harvest,harvest,6,249,G6-03,11,9,1119,1240,bunches,11.0,9.0,completed,07:13,15:01,
WO-2025-0501-H-051,2025-05-01,harvest,harvest,6,250,G6-03,19,9,1935,1662,bunches,19.0,9.0,completed,07:13,13:26,
WO-2025-0501-H-052,2025-05-01,harvest,harvest,6,259,G6-04,9,8,940,762,bunches,9.0,8.0,partial,06:56,12:34,
WO-2025-0501-H-053,2025-05-01,harvest,harvest,6,262,G6-04,15,9,1446,1340,bunches,15.0,9.0,completed,07:19,14:20,
WO-2025-0501-H-054,2025-05-01,harvest,harvest,6,264,G6-04,11,9,1133,1170,bunches,11.0,9.0,completed,07:16,14:34,
WO-2025-0501-H-055,2025-05-01,harvest,harvest,6,268,G6-05,8,6,801,687,bunches,8.0,6.0,completed,06:46,13:14,
WO-2025-0501-H-056,2025-05-01,harvest,harvest,6,380,G6-05,28,9,3078,2358,bunches,28.0,9.0,partial,06:48,12:14,
WO-2025-0501-H-057,2025-05-01,harvest,harvest,7,291,G7-01,15,9,1457,1087,bunches,15.0,9.0,partial,07:04,12:18,WO-2025-0506-H-045
WO-2025-0501-H-058,2025-05-01,harvest,harvest,7,300,G7-02,15,9,1460,1314,bunches,15.0,9.0,completed,06:54,13:15,
WO-2025-0501-H-059,2025-05-01,harvest,harvest,7,306,G7-02,18,9,1758,1452,bunches,18.0,9.0,partial,07:13,13:11,
WO-2025-0501-H-060,2025-05-01,harvest,harvest,7,307,G7-02,7,7,735,725,bunches,7.0,7.0,completed,06:52,14:08,
WO-2025-0501-H-061,2025-05-01,harvest,harvest,7,332,G7-03,10,9,1033,861,bunches,10.0,9.0,partial,07:17,12:57,
WO-2025-0501-H-062,2025-05-01,harvest,harvest,7,333,G7-03,11,9,1150,1070,bunches,11.0,9.0,completed,07:17,14:19,
WO-2025-0501-H-063,2025-05-01,harvest,harvest,7,334,G7-03,19,9,1901,1650,bunches,19.0,9.0,completed,06:48,13:02,
WO-2025-0501-H-064,2025-05-01,harvest,harvest,7,336,G7-03,12,9,1214,1113,bunches,12.0,9.0,completed,07:08,13:54,
WO-2025-0501-H-065,2025-05-01,harvest,harvest,7,338,G7-03,28,9,2884,2099,bunches,28.0,9.0,partial,07:19,12:11,
WO-2025-0502-H-001,2025-05-02,harvest,harvest,1,3,G1-01,9,9,864,844,bunches,9.0,9.0,completed,07:20,14:00,
WO-2025-0502-H-002,2025-05-02,harvest,harvest,1,4,G1-01,7,7,662,646,bunches,7.0,7.0,completed,07:20,14:09,
WO-2025-0502-H-003,2025-05-02,harvest,harvest,1,16,G1-02,19,9,1856,1592,bunches,19.0,9.0,completed,06:59,12:47,
WO-2025-0502-H-004,2025-05-02,harvest,harvest,1,28,G1-03,8,8,850,797,bunches,8.0,8.0,completed,06:46,13:44,
WO-2025-0502-H-005,2025-05-02,harvest,harvest,1,30,G1-03,6,5,639,532,bunches,6.0,5.0,partial,06:59,12:39,WO-2025-0505-H-004
WO-2025-0502-H-006,2025-05-02,harvest,harvest,1,31,G1-04,9,8,961,892,bunches,9.0,8.0,completed,07:10,13:55,
WO-2025-0502-H-007,2025-05-02,harvest,harvest,2,50,G2-02,13,9,1318,1078,bunches,13.0,9.0,partial,07:02,13:11,WO-2025-0507-H-006
WO-2025-0502-H-008,2025-05-02,harvest,harvest,2,56,G2-02,14,9,1431,1236,bunches,14.0,9.0,completed,06:45,12:35,
WO-2025-0502-H-009,2025-05-02,harvest,harvest,2,58,G2-02,16,9,1601,1491,bunches,16.0,9.0,completed,07:08,13:49,
WO-2025-0502-H-010,2025-05-02,harvest,harvest,2,69,G2-04,24,9,2337,1936,bunches,24.0,9.0,partial,07:07,13:10,
WO-2025-0502-H-011,2025-05-02,harvest,harvest,2,382,G2-04,18,9,1947,1455,bunches,18.0,9.0,partial,07:16,12:37,
WO-2025-0502-H-012,2025-05-02,harvest,harvest,3,82,G3-01,1,1,131,126,bunches,1.0,1.0,completed,07:03,13:00,
WO-2025-0502-H-013,2025-05-02,harvest,harvest,3,83,G3-01,16,9,1652,1285,bunches,16.0,9.0,partial,07:01,12:26,
WO-2025-0502-H-014,2025-05-02,harvest,harvest,3,103,G3-03,17,9,1778,1231,bunches,17.0,9.0,partial,07:06,12:11,WO-2025-0507-H-019
WO-2025-0502-H-015,2025-05-02,harvest,harvest,4,122,G4-01,10,9,1052,925,bunches,10.0,9.0,completed,06:47,13:14,
WO-2025-0502-H-016,2025-05-02,harvest,harvest,4,123,G4-01,10,9,1003,885,bunches,10.0,9.0,completed,07:02,13:41,
WO-2025-0502-H-017,2025-05-02,harvest,harvest,4,127,G4-01,3,2,325,246,bunches,3.0,2.0,partial,06:00,12:13,
WO-2025-0502-H-018,2025-05-02,harvest,harvest,4,134,G4-02,14,9,1557,1790,bunches,14.0,9.0,completed,06:55,14:58,
WO-2025-0502-H-019,2025-05-02,harvest,harvest,4,148,G4-03,16,9,1648,1475,bunches,16.0,9.0,completed,06:47,13:33,
WO-2025-0502-H-020,2025-05-02,harvest,harvest,4,158,G4-04,15,9,1582,1641,bunches,15.0,9.0,completed,06:48,14:26,
WO-2025-0502-H-021,2025-05-02,harvest,harvest,5,170,G5-01,11,8,1180,812,bunches,11.0,8.0,partial,06:58,11:42,WO-2025-0505-H-026
WO-2025-0502-H-022,2025-05-02,harvest,harvest,5,182,G5-02,10,9,1088,1028,bunches,10.0,9.0,completed,06:58,13:56,
WO-2025-0502-H-023,2025-05-02,harvest,harvest,5,186,G5-02,8,8,863,780,bunches,8.0,8.0,completed,07:12,13:19,
WO-2025-0502-H-024,2025-05-02,harvest,harvest,5,192,G5-02,11,9,1158,1243,bunches,11.0,9.0,completed,07:05,14:28,
WO-2025-0502-H-025,2025-05-02,harvest,harvest,5,200,G5-03,16,9,1571,1171,bunches,16.0,9.0,partial,07:07,12:22,WO-2025-0507-H-028
WO-2025-0502-H-026,2025-05-02,harvest,harvest,6,204,G6-01,17,9,1775,1580,bunches,17.0,9.0,completed,06:49,13:19,
WO-2025-0502-H-027,2025-05-02,harvest,harvest,6,205,G6-01,23,9,2369,1936,bunches,23.0,9.0,partial,06:53,12:42,
WO-2025-0502-H-028,2025-05-02,harvest,harvest,6,215,G6-02,19,9,1949,1915,bunches,19.0,9.0,completed,06:59,13:56,
WO-2025-0502-H-029,2025-05-02,harvest,harvest,6,248,G6-03,18,9,1745,1468,bunches,18.0,9.0,partial,07:01,13:05,WO-2025-0505-H-033
WO-2025-0502-H-030,2025-05-02,harvest,harvest,6,253,G6-03,16,9,1618,1573,bunches,16.0,9.0,completed,07:01,13:49,
WO-2025-0502-H-031,2025-05-02,harvest,harvest,6,266,G6-04,18,9,1901,1924,bunches,18.0,9.0,completed,07:12,14:48,
WO-2025-0502-H-032,2025-05-02,harvest,harvest,7,292,G7-01,10,9,1039,953,bunches,10.0,9.0,completed,06:49,13:25,
WO-2025-0502-H-033,2025-05-02,harvest,harvest,7,293,G7-01,14,9,1448,1269,bunches,14.0,9.0,completed,07:03,13:20,
WO-2025-0502-H-034,2025-05-02,harvest,harvest,7,297,G7-01,22,9,2133,1514,bunches,22.0,9.0,partial,07:15,12:06,WO-2025-0506-H-047
WO-2025-0502-H-035,2025-05-02,harvest,harvest,7,302,G7-02,16,9,1661,1239,bunches,16.0,9.0,partial,07:05,12:22,
WO-2025-0502-H-036,2025-05-02,harvest,harvest,7,310,G7-02,14,9,1403,1269,bunches,14.0,9.0,completed,06:52,13:34,
WO-2025-0502-H-037,2025-05-02,harvest,harvest,7,311,G7-03,28,9,2945,2035,bunches,28.0,9.0,partial,07:08,12:02,WO-2025-0505-H-046
WO-2025-0502-H-038,2025-05-02,harvest,harvest,7,329,G7-03,5,5,531,469,bunches,5.0,5.0,completed,06:51,13:11,
WO-2025-0502-H-039,2025-05-02,harvest,harvest,7,341,G7-04,18,9,1842,1886,bunches,18.0,9.0,completed,06:57,14:29,
WO-2025-0502-H-040,2025-05-02,harvest,harvest,7,342,G7-04,22,9,2272,1879,bunches,22.0,9.0,partial,06:58,12:38,
WO-2025-0502-H-041,2025-05-02,harvest,harvest,7,347,G7-04,21,9,2264,1969,bunches,21.0,9.0,completed,07:04,12:58,
WO-2025-0503-H-001,2025-05-03,harvest,harvest,1,1,G1-01,3,3,250,288,bunches,3.0,3.0,completed,07:13,15:15,
WO-2025-0503-H-002,2025-05-03,harvest,harvest,1,7,G1-01,7,6,686,667,bunches,7.0,6.0,completed,07:16,14:04,
WO-2025-0503-H-003,2025-05-03,harvest,harvest,1,9,G1-01,8,8,784,818,bunches,8.0,8.0,completed,07:20,14:53,
WO-2025-0503-H-004,2025-05-03,harvest,harvest,1,15,G1-02,39,9,3970,3133,bunches,39.0,9.0,partial,07:04,12:52,
WO-2025-0503-H-005,2025-05-03,harvest,harvest,1,19,G1-02,6,5,622,505,bunches,6.0,5.0,partial,06:59,12:47,WO-2025-0504-H-005
WO-2025-0503-H-006,2025-05-03,harvest,harvest,1,35,G1-04,9,0,925,0,bunches,9.0,0.0,not_started,07:12,,WO-2025-0504-H-008
WO-2025-0503-H-007,2025-05-03,harvest,harvest,2,40,G2-01,14,9,1414,892,bunches,14.0,9.0,partial,06:49,11:06,WO-2025-0508-H-011
WO-2025-0503-H-008,2025-05-03,harvest,harvest,2,59,G2-03,25,9,2511,1746,bunches,25.0,9.0,partial,06:52,11:42,WO-2025-0508-H-016
WO-2025-0503-H-009,2025-05-03,harvest,harvest,2,64,G2-03,14,9,1397,1372,bunches,14.0,9.0,completed,07:02,14:20,
WO-2025-0503-H-010,2025-05-03,harvest,harvest,2,66,G2-03,14,9,1440,1096,bunches,14.0,9.0,partial,07:13,13:05,WO-2025-0508-H-018
WO-2025-0503-H-011,2025-05-03,harvest,harvest,3,112,G3-03,18,9,1893,1531,bunches,18.0,9.0,partial,07:09,12:52,
WO-2025-0503-H-012,2025-05-03,harvest,harvest,3,116,G3-04,6,5,536,479,bunches,6.0,5.0,completed,07:02,13:06,
WO-2025-0503-H-013,2025-05-03,harvest,harvest,3,369,G3-04,2,2,251,196,bunches,2.0,2.0,partial,06:45,12:38,
WO-2025-0503-H-014,2025-05-03,harvest,harvest,4,124,G4-01,11,8,1193,879,bunches,11.0,8.0,partial,07:20,12:19,WO-2025-0508-H-031
WO-2025-0503-H-015,2025-05-03,harvest,harvest,4,145,G4-03,12,9,1211,1052,bunches,12.0,9.0,completed,06:55,13:26,
WO-2025-0503-H-016,2025-05-03,harvest,harvest,4,150,G4-03,18,9,1849,1890,bunches,18.0,9.0,completed,07:16,14:29,
WO-2025-0503-H-017,2025-05-03,harvest,harvest,4,152,G4-03,18,9,1871,1731,bunches,18.0,9.0,completed,06:47,13:16,
WO-2025-0503-H-018,2025-05-03,harvest,harvest,4,157,G4-04,18,9,1873,1834,bunches,18.0,9.0,completed,06:47,13:39,
WO-2025-0503-H-019,2025-05-03,harvest,harvest,4,160,G4-04,12,9,1275,1381,bunches,12.0,9.0,completed,06:48,14:12,
WO-2025-0503-H-020,2025-05-03,harvest,harvest,4,166,G4-04,15,9,1544,1429,bunches,15.0,9.0,completed,06:00,13:33,
WO-2025-0503-H-021,2025-05-03,harvest,harvest,5,169,G5-01,12,9,1244,1142,bunches,12.0,9.0,completed,07:03,13:48,
WO-2025-0503-H-022,2025-05-03,harvest,harvest,5,174,G5-01,8,6,815,649,bunches,8.0,6.0,partial,07:07,12:52,WO-2025-0508-H-040
WO-2025-0503-H-023,2025-05-03,harvest,harvest,5,177,G5-01,22,9,2305,2636,bunches,22.0,9.0,completed,06:54,15:02,
WO-2025-0503-H-024,2025-05-03,harvest,harvest,5,187,G5-02,23,9,2405,2028,bunches,23.0,9.0,partial,07:09,13:28,
WO-2025-0503-H-025,2025-05-03,harvest,harvest,5,189,G5-02,34,9,3547,2572,bunches,34.0,9.0,partial,07:19,12:27,
WO-2025-0503-H-026,2025-05-03,harvest,harvest,5,195,G5-03,33,9,3382,2487,bunches,33.0,9.0,partial,06:53,11:58,
WO-2025-0503-H-027,2025-05-03,harvest,harvest,5,198,G5-03,13,9,1274,1256,bunches,13.0,9.0,completed,06:48,14:02,
WO-2025-0503-H-028,2025-05-03,harvest,harvest,6,206,G6-01,11,9,1131,1015,bunches,11.0,9.0,completed,06:57,13:32,
WO-2025-0503-H-029,2025-05-03,harvest,harvest,6,207,G6-01,14,9,1466,1186,bunches,14.0,9.0,partial,07:02,12:50,WO-2025-0506-H-034
WO-2025-0503-H-030,2025-05-03,harvest,harvest,6,208,G6-01,9,7,940,676,bunches,9.0,7.0,partial,07:16,12:47,WO-2025-0504-H-038
WO-2025-0503-H-031,2025-05-03,harvest,harvest,6,230,G6-02,26,9,2659,1866,bunches,26.0,9.0,partial,07:02,12:18,
WO-2025-0503-H-032,2025-05-03,harvest,harvest,6,245,G6-02,29,9,2918,2889,bunches,29.0,9.0,completed,07:11,14:32,
WO-2025-0503-H-033,2025-05-03,harvest,harvest,6,251,G6-03,11,9,1140,839,bunches,11.0,9.0,partial,06:56,12:15,
WO-2025-0503-H-034,2025-05-03,harvest,harvest,6,261,G6-04,22,9,2120,2029,bunches,22.0,9.0,completed,07:06,13:56,
WO-2025-0503-H-035,2025-05-03,harvest,harvest,6,272,G6-05,11,8,1137,850,bunches,11.0,8.0,partial,06:47,12:13,WO-2025-0505-H-039
WO-2025-0503-H-036,2025-05-03,harvest,harvest,7,330,G7-03,8,9,827,951,bunches,8.0,9.0,completed,07:06,15:36,
WO-2025-0503-H-037,2025-05-03,harvest,harvest,7,337,G7-03,17,9,1689,1311,bunches,17.0,9.0,partial,07:08,12:39,
WO-2025-0503-H-038,2025-05-03,harvest,harvest,7,339,G7-04,19,9,1903,1572,bunches,19.0,9.0,partial,07:20,12:56,
WO-2025-0503-H-039,2025-05-03,harvest,harvest,7,346,G7-04,16,9,1773,1430,bunches,16.0,9.0,partial,06:00,12:27,
WO-2025-0504-H-001,2025-05-04,harvest,harvest,1,2,G1-01,12,8,1196,732,bunches,12.0,8.0,partial,07:01,11:44,
WO-2025-0504-H-002,2025-05-04,harvest,harvest,1,5,G1-01,5,3,524,354,bunches,5.0,3.0,partial,06:49,11:46,WO-2025-0508-H-001
WO-2025-0504-H-003,2025-05-04,harvest,harvest,1,6,G1-01,3,2,297,257,bunches,3.0,2.0,completed,06:49,13:00,
WO-2025-0504-H-004,2025-05-04,harvest,harvest,1,8,G1-01,10,9,1001,909,bunches,10.0,9.0,completed,07:08,13:17,
WO-2025-0504-H-005,2025-05-04,harvest,harvest,1,19,G1-02,10,5,1000,505,bunches,10.0,5.0,partial,06:54,10:53,WO-2025-0509-H-003
WO-2025-0504-H-006,2025-05-04,harvest,harvest,1,29,G1-03,14,7,1410,712,bunches,14.0,7.0,partial,06:57,10:28,WO-2025-0506-H-005
WO-2025-0504-H-007,2025-05-04,harvest,harvest,1,34,G1-04,10,9,1061,877,bunches,10.0,9.0,partial,07:19,13:12,WO-2025-0507-H-004
WO-2025-0504-H-008,2025-05-04,harvest,harvest,1,35,G1-04,9,9,925,868,bunches,9.0,9.0,completed,07:13,14:22,
WO-2025-0504-H-009,2025-05-04,harvest,harvest,1,39,G1-04,10,9,1006,932,bunches,10.0,9.0,completed,07:16,13:33,
WO-2025-0504-H-010,2025-05-04,harvest,harvest,2,42,G2-01,23,9,2312,2558,bunches,23.0,9.0,completed,07:16,15:10,
WO-2025-0504-H-011,2025-05-04,harvest,harvest,2,45,G2-01,14,9,1417,1265,bunches,14.0,9.0,completed,06:48,12:52,
WO-2025-0504-H-012,2025-05-04,harvest,harvest,2,46,G2-01,13,9,1277,1289,bunches,13.0,9.0,completed,07:17,14:54,
WO-2025-0504-H-013,2025-05-04,harvest,harvest,2,57,G2-02,31,9,3126,1985,bunches,31.0,9.0,partial,07:09,11:59,
WO-2025-0504-H-014,2025-05-04,harvest,harvest,2,68,G2-03,18,0,1825,0,bunches,18.0,0.0,not_started,06:57,,WO-2025-0505-H-010
WO-2025-0504-H-015,2025-05-04,harvest,harvest,2,73,G2-04,19,9,1944,1148,bunches,19.0,9.0,partial,07:19,11:21,WO-2025-0509-H-011
WO-2025-0504-H-016,2025-05-04,harvest,harvest,3,77,G3-01,27,9,2746,1610,bunches,27.0,9.0,partial,07:12,11:07,
WO-2025-0504-H-017,2025-05-04,harvest,harvest,3,88,G3-02,14,9,1361,1334,bunches,14.0,9.0,completed,07:14,13:00,
WO-2025-0504-H-018,2025-05-04,harvest,harvest,3,89,G3-02,18,9,1741,1355,bunches,18.0,9.0,partial,07:03,12:33,WO-2025-0508-H-024
WO-2025-0504-H-019,2025-05-04,harvest,harvest,3,90,G3-02,15,9,1492,1417,bunches,15.0,9.0,completed,07:21,14:12,
WO-2025-0504-H-020,2025-05-04,harvest,harvest,3,94,G3-02,8,8,788,787,bunches,8.0,8.0,completed,06:56,14:10,
WO-2025-0504-H-021,2025-05-04,harvest,harvest,3,97,G3-02,13,9,1321,1266,bunches,13.0,9.0,completed,06:55,13:44,
WO-2025-0504-H-022,2025-05-04,harvest,harvest,3,101,G3-03,29,9,2897,1615,bunches,29.0,9.0,partial,07:06,11:30,
WO-2025-0504-H-023,2025-05-04,harvest,harvest,3,104,G3-03,19,9,1865,1233,bunches,19.0,9.0,partial,07:09,12:05,WO-2025-0506-H-014
WO-2025-0504-H-024,2025-05-04,harvest,harvest,3,117,G3-04,13,8,1268,735,bunches,13.0,8.0,partial,07:02,10:59,
WO-2025-0504-H-025,2025-05-04,harvest,harvest,4,129,G4-01,22,9,2366,1334,bunches,22.0,9.0,partial,07:06,11:17,
WO-2025-0504-H-026,2025-05-04,harvest,harvest,4,135,G4-02,17,9,1837,1583,bunches,17.0,9.0,completed,06:53,13:05,
WO-2025-0504-H-027,2025-05-04,harvest,harvest,4,138,G4-02,19,9,2040,2041,bunches,19.0,9.0,completed,06:49,14:03,
WO-2025-0504-H-028,2025-05-04,harvest,harvest,4,139,G4-02,16,9,1723,1642,bunches,16.0,9.0,completed,07:04,14:08,
WO-2025-0504-H-029,2025-05-04,harvest,harvest,4,142,G4-02,14,9,1509,1465,bunches,14.0,9.0,completed,07:00,13:56,
WO-2025-0504-H-030,2025-05-04,harvest,harvest,4,143,G4-02,23,9,2313,2054,bunches,23.0,9.0,completed,06:57,12:00,
WO-2025-0504-H-031,2025-05-04,harvest,harvest,4,151,G4-03,28,9,2918,1502,bunches,28.0,9.0,partial,07:09,10:30,
WO-2025-0504-H-032,2025-05-04,harvest,harvest,4,156,G4-04,22,9,2226,975,bunches,22.0,9.0,partial,06:48,10:01,WO-2025-0508-H-037
WO-2025-0504-H-033,2025-05-04,harvest,harvest,5,172,G5-01,18,9,1954,1382,bunches,18.0,9.0,partial,06:58,11:40,WO-2025-0508-H-039
WO-2025-0504-H-034,2025-05-04,harvest,harvest,5,179,G5-01,9,9,947,964,bunches,9.0,9.0,completed,07:09,14:50,
WO-2025-0504-H-035,2025-05-04,harvest,harvest,5,186,G5-02,14,8,1415,780,bunches,14.0,8.0,partial,06:58,10:38,WO-2025-0508-H-041
WO-2025-0504-H-036,2025-05-04,harvest,harvest,5,201,G5-03,18,9,1847,929,bunches,18.0,9.0,partial,07:09,10:31,
WO-2025-0504-H-037,2025-05-04,harvest,harvest,6,206,G6-01,11,9,1099,1015,bunches,11.0,9.0,completed,07:11,14:02,
WO-2025-0504-H-038,2025-05-04,harvest,harvest,6,208,G6-01,8,7,823,676,bunches,8.0,7.0,partial,07:05,12:57,WO-2025-0509-H-034
WO-2025-0504-H-039,2025-05-04,harvest,harvest,6,211,G6-01,14,9,1608,1285,bunches,14.0,9.0,partial,07:07,12:43,WO-2025-0508-H-046
WO-2025-0504-H-040,2025-05-04,harvest,harvest,6,212,G6-01,9,9,986,1134,bunches,9.0,9.0,completed,06:53,15:23,
WO-2025-0504-H-041,2025-05-04,harvest,harvest,6,216,G6-02,47,9,4818,2209,bunches,47.0,9.0,partial,07:03,10:06,WO-2025-0507-H-032
WO-2025-0504-H-042,2025-05-04,harvest,harvest,6,255,G6-03,30,9,2903,1717,bunches,30.0,9.0,partial,07:05,11:41,
WO-2025-0504-H-043,2025-05-04,harvest,harvest,6,256,G6-03,27,0,2585,0,bunches,27.0,0.0,not_started,07:14,,WO-2025-0505-H-035
WO-2025-0504-H-044,2025-05-04,harvest,harvest,6,269,G6-05,22,9,2311,1290,bunches,22.0,9.0,partial,07:14,11:04,
WO-2025-0504-H-045,2025-05-04,harvest,harvest,7,296,G7-01,17,9,1672,1146,bunches,17.0,9.0,partial,07:05,12:18,
WO-2025-0504-H-046,2025-05-04,harvest,harvest,7,298,G7-01,13,9,1320,1035,bunches,13.0,9.0,partial,06:52,12:36,WO-2025-0506-H-048
WO-2025-0504-H-047,2025-05-04,harvest,harvest,7,305,G7-02,20,9,2088,1270,bunches,20.0,9.0,partial,07:16,11:44,
WO-2025-0504-H-048,2025-05-04,harvest,harvest,7,343,G7-04,27,9,2746,1636,bunches,27.0,9.0,partial,06:51,10:53,
WO-2025-0504-H-049,2025-05-04,harvest,harvest,7,345,G7-04,36,9,3889,2151,bunches,36.0,9.0,partial,06:50,10:37,WO-2025-0509-H-046
WO-2025-0505-H-001,2025-05-05,harvest,harvest,1,7,G1-01,9,6,886,667,bunches,9.0,6.0,partial,07:16,13:00,WO-2025-0510-H-004
WO-2025-0505-H-002,2025-05-05,harvest,harvest,1,10,G1-01,8,7,776,727,bunches,8.0,7.0,completed,07:14,14:12,
WO-2025-0505-H-003,2025-05-05,harvest,harvest,1,23,G1-03,20,9,2011,1940,bunches,20.0,9.0,completed,07:15,13:54,
WO-2025-0505-H-004,2025-05-05,harvest,harvest,1,30,G1-03,5,5,534,532,bunches,5.0,5.0,completed,07:09,14:32,
WO-2025-0505-H-005,2025-05-05,harvest,harvest,1,31,G1-04,9,8,917,892,bunches,9.0,8.0,completed,07:16,13:57,
WO-2025-0505-H-006,2025-05-05,harvest,harvest,1,32,G1-04,17,9,1776,1486,bunches,17.0,9.0,partial,07:19,13:29,WO-2025-0510-H-010
WO-2025-0505-H-007,2025-05-05,harvest,harvest,1,36,G1-04,15,9,1488,1194,bunches,15.0,9.0,partial,07:18,13:25,
WO-2025-0505-H-008,2025-05-05,harvest,harvest,2,49,G2-01,16,9,1555,1526,bunches,16.0,9.0,completed,07:10,14:17,
WO-2025-0505-H-009,2025-05-05,harvest,harvest,2,60,G2-03,21,9,2113,2015,bunches,21.0,9.0,completed,06:53,13:48,
WO-2025-0505-H-010,2025-05-05,harvest,harvest,2,68,G2-03,18,9,1825,1619,bunches,18.0,9.0,completed,07:17,13:20,
WO-2025-0505-H-011,2025-05-05,harvest,harvest,2,70,G2-04,18,9,1794,1633,bunches,18.0,9.0,completed,06:53,13:12,
WO-2025-0505-H-012,2025-05-05,harvest,harvest,3,75,G3-01,13,9,1331,1205,bunches,13.0,9.0,completed,07:07,13:18,
WO-2025-0505-H-013,2025-05-05,harvest,harvest,3,84,G3-01,21,9,2153,1966,bunches,21.0,9.0,completed,07:04,13:57,
WO-2025-0505-H-014,2025-05-05,harvest,harvest,3,85,G3-01,11,9,1117,1255,bunches,11.0,9.0,completed,06:55,14:39,
WO-2025-0505-H-015,2025-05-05,harvest,harvest,3,98,G3-02,18,9,1777,1877,bunches,18.0,9.0,completed,07:06,14:21,
WO-2025-0505-H-016,2025-05-05,harvest,harvest,3,102,G3-03,11,9,1128,1092,bunches,11.0,9.0,completed,06:59,14:18,
WO-2025-0505-H-017,2025-05-05,harvest,harvest,3,109,G3-03,22,9,2243,1874,bunches,22.0,9.0,partial,06:58,12:56,
WO-2025-0505-H-018,2025-05-05,harvest,harvest,3,113,G3-03,17,9,1632,1454,bunches,17.0,9.0,completed,06:57,13:31,
WO-2025-0505-H-019,2025-05-05,harvest,harvest,4,125,G4-01,9,8,871,756,bunches,9.0,8.0,completed,06:49,13:27,
WO-2025-0505-H-020,2025-05-05,harvest,harvest,4,126,G4-01,5,5,546,565,bunches,5.0,5.0,completed,06:58,14:25,
WO-2025-0505-H-021,2025-05-05,harvest,harvest,4,128,G4-01,32,9,3388,3128,bunches,32.0,9.0,completed,07:06,13:54,
WO-2025-0505-H-022,2025-05-05,harvest,harvest,4,132,G4-01,29,9,3138,3483,bunches,29.0,9.0,completed,06:55,14:53,
WO-2025-0505-H-023,2025-05-05,harvest,harvest,4,136,G4-02,21,9,2225,1884,bunches,21.0,9.0,partial,07:17,13:00,
WO-2025-0505-H-024,2025-05-05,harvest,harvest,4,159,G4-04,23,9,2335,2301,bunches,23.0,9.0,completed,06:54,13:59,
WO-2025-0505-H-025,2025-05-05,harvest,harvest,4,164,G4-04,19,9,2011,1881,bunches,19.0,9.0,completed,06:59,13:57,
WO-2025-0505-H-026,2025-05-05,harvest,harvest,5,170,G5-01,9,8,892,812,bunches,9.0,8.0,completed,06:46,13:15,
WO-2025-0505-H-027,2025-05-05,harvest,harvest,5,171,G5-01,11,9,1144,1095,bunches,11.0,9.0,completed,06:55,14:07,
WO-2025-0505-H-028,2025-05-05,harvest,harvest,5,180,G5-02,29,9,3053,3172,bunches,29.0,9.0,completed,07:14,14:26,
WO-2025-0505-H-029,2025-05-05,harvest,harvest,5,182,G5-02,11,9,1172,1028,bunches,11.0,9.0,completed,07:11,13:41,
WO-2025-0505-H-030,2025-05-05,harvest,harvest,5,185,G5-02,12,9,1315,959,bunches,12.0,9.0,partial,07:19,12:36,WO-2025-0510-H-028
WO-2025-0505-H-031,2025-05-05,harvest,harvest,6,204,G6-01,18,9,1896,1580,bunches,18.0,9.0,partial,07:15,13:35,
WO-2025-0505-H-032,2025-05-05,harvest,harvest,6,214,G6-02,12,9,1234,1172,bunches,12.0,9.0,completed,07:13,13:45,
WO-2025-0505-H-033,2025-05-05,harvest,harvest,6,248,G6-03,14,9,1414,1468,bunches,14.0,9.0,completed,06:57,14:40,
WO-2025-0505-H-034,2025-05-05,harvest,harvest,6,252,G6-03,50,9,5194,4419,bunches,50.0,9.0,completed,07:12,13:32,
WO-2025-0505-H-035,2025-05-05,harvest,harvest,6,256,G6-03,27,9,2585,1993,bunches,27.0,9.0,partial,07:02,12:47,
WO-2025-0505-H-036,2025-05-05,harvest,harvest,6,257,G6-03,23,9,2285,2065,bunches,23.0,9.0,completed,06:54,13:28,
WO-2025-0505-H-037,2025-05-05,harvest,harvest,6,267,G6-04,17,9,1801,1521,bunches,17.0,9.0,partial,06:56,13:16,
WO-2025-0505-H-038,2025-05-05,harvest,harvest,6,268,G6-05,8,6,831,687,bunches,8.0,6.0,partial,06:50,12:56,WO-2025-0510-H-037
WO-2025-0505-H-039,2025-05-05,harvest,harvest,6,272,G6-05,9,8,914,850,bunches,9.0,8.0,completed,07:18,13:43,
WO-2025-0505-H-040,2025-05-05,harvest,harvest,7,288,G7-01,10,9,1043,938,bunches,10.0,9.0,completed,07:05,13:43,
WO-2025-0505-H-041,2025-05-05,harvest,harvest,7,290,G7-01,16,9,1649,1106,bunches,16.0,9.0,partial,07:11,12:08,WO-2025-0510-H-039
WO-2025-0505-H-042,2025-05-05,harvest,harvest,7,292,G7-01,9,9,914,953,bunches,9.0,9.0,completed,07:12,14:34,
WO-2025-0505-H-043,2025-05-05,harvest,harvest,7,293,G7-01,13,9,1305,1269,bunches,13.0,9.0,completed,06:50,13:45,
WO-2025-0505-H-044,2025-05-05,harvest,harvest,7,294,G7-01,8,7,765,700,bunches,8.0,7.0,completed,06:46,13:39,
WO-2025-0505-H-045,2025-05-05,harvest,harvest,7,299,G7-02,21,9,2089,1746,bunches,21.0,9.0,partial,06:52,13:02,
WO-2025-0505-H-046,2025-05-05,harvest,harvest,7,311,G7-03,23,9,2430,2035,bunches,23.0,9.0,partial,07:10,13:09,WO-2025-0508-H-052
WO-2025-0505-H-047,2025-05-05,harvest,harvest,7,331,G7-03,6,5,643,454,bunches,6.0,5.0,partial,07:02,12:10,
WO-2025-0505-H-048,2025-05-05,harvest,harvest,7,340,G7-04,14,9,1383,1587,bunches,14.0,9.0,completed,06:52,14:45,
WO-2025-0505-H-049,2025-05-05,harvest,harvest,7,344,G7-04,26,9,2752,2341,bunches,26.0,9.0,completed,07:02,13:24,
WO-2025-0505-H-050,2025-05-05,harvest,harvest,7,348,G7-04,15,9,1599,1724,bunches,15.0,9.0,completed,07:06,14:58,
WO-2025-0506-H-001,2025-05-06,harvest,harvest,1,8,G1-01,9,9,854,909,bunches,9.0,9.0,completed,07:08,14:34,
WO-2025-0506-H-002,2025-05-06,harvest,harvest,1,11,G1-02,14,9,1429,1145,bunches,14.0,9.0,partial,06:47,12:44,WO-2025-0509-H-002
WO-2025-0506-H-003,2025-05-06,harvest,harvest,1,20,G1-02,10,8,1009,823,bunches,10.0,8.0,partial,07:20,13:04,WO-2025-0508-H-006
WO-2025-0506-H-004,2025-05-06,harvest,harvest,1,28,G1-03,9,8,926,797,bunches,9.0,8.0,completed,07:06,13:22,
WO-2025-0506-H-005,2025-05-06,harvest,harvest,1,29,G1-03,8,7,824,712,bunches,8.0,7.0,completed,07:02,12:56,
WO-2025-0506-H-006,2025-05-06,harvest,harvest,1,30,G1-03,7,5,691,532,bunches,7.0,5.0,partial,06:51,12:39,WO-2025-0511-H-006
WO-2025-0506-H-007,2025-05-06,harvest,harvest,1,38,G1-04,16,9,1642,1399,bunches,16.0,9.0,completed,07:02,13:12,
WO-2025-0506-H-008,2025-05-06,harvest,harvest,1,39,G1-04,12,9,1227,932,bunches,12.0,9.0,partial,07:00,12:40,WO-2025-0511-H-008
WO-2025-0506-H-009,2025-05-06,harvest,harvest,2,41,G2-01,12,9,1166,1131,bunches,12.0,9.0,completed,07:08,14:11,
WO-2025-0506-H-010,2025-05-06,harvest,harvest,2,46,G2-01,13,9,1298,1289,bunches,13.0,9.0,completed,07:06,14:03,
WO-2025-0506-H-011,2025-05-06,harvest,harvest,3,92,G3-02,15,9,1549,1317,bunches,15.0,9.0,completed,07:18,13:16,
WO-2025-0506-H-012,2025-05-06,harvest,harvest,3,95,G3-02,19,9,1955,1778,bunches,19.0,9.0,completed,07:06,13:57,
WO-2025-0506-H-013,2025-05-06,harvest,harvest,3,99,G3-02,11,9,1082,1127,bunches,11.0,9.0,completed,07:15,15:05,
WO-2025-0506-H-014,2025-05-06,harvest,harvest,3,104,G3-03,13,9,1305,1233,bunches,13.0,9.0,completed,07:19,14:03,
WO-2025-0506-H-015,2025-05-06,harvest,harvest,3,105,G3-03,19,9,1843,1300,bunches,19.0,9.0,partial,06:57,12:19,WO-2025-0511-H-017
WO-2025-0506-H-016,2025-05-06,harvest,harvest,3,106,G3-03,7,6,670,553,bunches,7.0,6.0,partial,06:51,12:51,
WO-2025-0506-H-017,2025-05-06,harvest,harvest,3,111,G3-03,25,9,2532,1721,bunches,25.0,9.0,partial,07:03,11:53,WO-2025-0507-H-021
WO-2025-0506-H-018,2025-05-06,harvest,harvest,3,121,G3-04,4,4,426,379,bunches,4.0,4.0,completed,06:49,13:25,
WO-2025-0506-H-019,2025-05-06,harvest,harvest,4,134,G4-02,19,9,2031,1790,bunches,19.0,9.0,completed,07:19,13:43,
WO-2025-0506-H-020,2025-05-06,harvest,harvest,4,140,G4-02,10,9,1008,1039,bunches,10.0,9.0,completed,06:57,14:20,
WO-2025-0506-H-021,2025-05-06,harvest,harvest,4,141,G4-02,19,9,1994,1578,bunches,19.0,9.0,partial,07:10,13:13,WO-2025-0511-H-021
WO-2025-0506-H-022,2025-05-06,harvest,harvest,4,144,G4-03,22,9,2190,1659,bunches,22.0,9.0,partial,07:03,12:29,
WO-2025-0506-H-023,2025-05-06,harvest,harvest,4,146,G4-03,27,9,2883,1997,bunches,27.0,9.0,partial,06:58,12:18,
WO-2025-0506-H-024,2025-05-06,harvest,harvest,4,157,G4-04,19,9,1931,1834,bunches,19.0,9.0,completed,07:18,13:51,
WO-2025-0506-H-025,2025-05-06,harvest,harvest,4,158,G4-04,18,9,1882,1641,bunches,18.0,9.0,completed,06:46,12:58,
WO-2025-0506-H-026,2025-05-06,harvest,harvest,5,168,G5-01,23,9,2374,2141,bunches,23.0,9.0,completed,07:16,13:38,
WO-2025-0506-H-027,2025-05-06,harvest,harvest,5,173,G5-01,18,9,1885,1815,bunches,18.0,9.0,completed,06:48,13:54,
WO-2025-0506-H-028,2025-05-06,harvest,harvest,5,178,G5-01,25,9,2561,2712,bunches,25.0,9.0,completed,07:04,14:21,
WO-2025-0506-H-029,2025-05-06,harvest,harvest,5,179,G5-01,11,9,1143,964,bunches,11.0,9.0,partial,07:13,13:07,WO-2025-0510-H-027
WO-2025-0506-H-030,2025-05-06,harvest,harvest,5,196,G5-03,20,9,1996,1958,bunches,20.0,9.0,completed,07:11,14:21,
WO-2025-0506-H-031,2025-05-06,harvest,harvest,5,197,G5-03,23,9,2412,2185,bunches,23.0,9.0,completed,07:09,13:35,
WO-2025-0506-H-032,2025-05-06,harvest,harvest,5,199,G5-03,18,9,1811,1690,bunches,18.0,9.0,completed,07:13,14:01,
WO-2025-0506-H-033,2025-05-06,harvest,harvest,6,206,G6-01,11,9,1171,1015,bunches,11.0,9.0,completed,07:03,13:01,
WO-2025-0506-H-034,2025-05-06,harvest,harvest,6,207,G6-01,13,9,1338,1186,bunches,13.0,9.0,completed,06:54,13:34,
WO-2025-0506-H-035,2025-05-06,harvest,harvest,6,210,G6-01,21,9,2317,2108,bunches,21.0,9.0,completed,07:20,14:04,
WO-2025-0506-H-036,2025-05-06,harvest,harvest,6,213,G6-02,14,9,1465,1325,bunches,14.0,9.0,completed,07:19,14:12,
WO-2025-0506-H-037,2025-05-06,harvest,harvest,6,215,G6-02,23,9,2394,1915,bunches,23.0,9.0,partial,07:03,12:32,
WO-2025-0506-H-038,2025-05-06,harvest,harvest,6,222,G6-02,8,6,765,589,bunches,8.0,6.0,partial,07:14,12:49,WO-2025-0511-H-027
WO-2025-0506-H-039,2025-05-06,harvest,harvest,6,247,G6-02,15,9,1480,1368,bunches,15.0,9.0,completed,07:13,13:52,
WO-2025-0506-H-040,2025-05-06,harvest,harvest,6,249,G6-03,14,9,1372,1240,bunches,14.0,9.0,completed,06:53,13:20,
WO-2025-0506-H-041,2025-05-06,harvest,harvest,6,250,G6-03,17,9,1730,1662,bunches,17.0,9.0,completed,06:59,14:13,
WO-2025-0506-H-042,2025-05-06,harvest,harvest,6,263,G6-04,6,5,599,452,bunches,6.0,5.0,partial,06:55,12:25,
WO-2025-0506-H-043,2025-05-06,harvest,harvest,6,379,G6-05,52,9,5369,4548,bunches,52.0,9.0,partial,06:57,13:03,
WO-2025-0506-H-044,2025-05-06,harvest,harvest,7,289,G7-01,15,9,1503,1089,bunches,15.0,9.0,partial,07:03,12:18,WO-2025-0511-H-033
WO-2025-0506-H-045,2025-05-06,harvest,harvest,7,291,G7-01,13,9,1316,1087,bunches,13.0,9.0,partial,06:56,13:14,WO-2025-0510-H-040
WO-2025-0506-H-046,2025-05-06,harvest,harvest,7,295,G7-01,11,9,1076,1085,bunches,11.0,9.0,completed,06:57,14:35,
WO-2025-0506-H-047,2025-05-06,harvest,harvest,7,297,G7-01,15,9,1477,1514,bunches,15.0,9.0,completed,06:46,14:20,
WO-2025-0506-H-048,2025-05-06,harvest,harvest,7,298,G7-01,9,9,929,1035,bunches,9.0,9.0,completed,07:03,15:15,
WO-2025-0506-H-049,2025-05-06,harvest,harvest,7,328,G7-03,6,7,621,710,bunches,6.0,7.0,completed,07:06,15:07,
WO-2025-0506-H-050,2025-05-06,harvest,harvest,7,329,G7-03,5,5,520,469,bunches,5.0,5.0,completed,06:46,13:15,
WO-2025-0506-H-051,2025-05-06,harvest,harvest,7,333,G7-03,10,9,957,1070,bunches,10.0,9.0,completed,07:00,14:41,
WO-2025-0506-H-052,2025-05-06,harvest,harvest,7,334,G7-03,21,9,2091,1650,bunches,21.0,9.0,partial,06:52,12:23,
WO-2025-0506-H-053,2025-05-06,harvest,harvest,7,335,G7-03,16,9,1591,1724,bunches,16.0,9.0,completed,07:14,14:59,
WO-2025-0506-H-054,2025-05-06,harvest,harvest,7,336,G7-03,12,9,1276,1113,bunches,12.0,9.0,completed,07:16,13:53,
WO-2025-0506-H-055,2025-05-06,harvest,harvest,7,341,G7-04,21,9,2192,1886,bunches,21.0,9.0,completed,07:19,13:45,
WO-2025-0506-H-056,2025-05-06,harvest,harvest,7,347,G7-04,20,9,2170,1969,bunches,20.0,9.0,completed,06:58,13:51,
WO-2025-0507-H-001,2025-05-07,harvest,harvest,1,17,G1-02,20,9,1995,1284,bunches,20.0,9.0,partial,06:49,11:40,
WO-2025-0507-H-002,2025-05-07,harvest,harvest,1,18,G1-02,18,9,1772,1338,bunches,18.0,9.0,partial,06:55,12:08,WO-2025-0512-H-003
WO-2025-0507-H-003,2025-05-07,harvest,harvest,1,25,G1-03,20,9,2002,1812,bunches,20.0,9.0,completed,06:55,13:44,
WO-2025-0507-H-004,2025-05-07,harvest,harvest,1,34,G1-04,12,9,1239,877,bunches,12.0,9.0,partial,07:17,12:35,WO-2025-0510-H-011
WO-2025-0507-H-005,2025-05-07,harvest,harvest,1,37,G1-04,13,0,1318,0,bunches,13.0,0.0,not_started,06:56,,WO-2025-0508-H-010
WO-2025-0507-H-006,2025-05-07,harvest,harvest,2,50,G2-02,11,9,1094,1078,bunches,11.0,9.0,completed,07:01,14:11,
WO-2025-0507-H-007,2025-05-07,harvest,harvest,2,52,G2-02,24,9,2446,2363,bunches,24.0,9.0,completed,06:48,13:52,
WO-2025-0507-H-008,2025-05-07,harvest,harvest,2,55,G2-02,20,9,1977,1748,bunches,20.0,9.0,completed,07:03,13:39,
WO-2025-0507-H-009,2025-05-07,harvest,harvest,2,63,G2-03,19,9,1860,1412,bunches,19.0,9.0,partial,06:46,12:22,WO-2025-0511-H-010
WO-2025-0507-H-010,2025-05-07,harvest,harvest,2,65,G2-03,16,9,1643,1207,bunches,16.0,9.0,partial,07:10,12:36,WO-2025-0512-H-008
WO-2025-0507-H-011,2025-05-07,harvest,harvest,2,67,G2-03,23,9,2313,1823,bunches,23.0,9.0,partial,06:53,12:19,
WO-2025-0507-H-012,2025-05-07,harvest,harvest,3,80,G3-01,23,9,2198,1549,bunches,23.0,9.0,partial,06:48,11:55,
WO-2025-0507-H-013,2025-05-07,harvest,harvest,3,86,G3-01,12,9,1194,1107,bunches,12.0,9.0,completed,06:52,13:38,
WO-2025-0507-H-014,2025-05-07,harvest,harvest,3,87,G3-01,49,9,4805,4221,bunches,49.0,9.0,completed,07:07,13:05,
WO-2025-0507-H-015,2025-05-07,harvest,harvest,3,90,G3-02,17,9,1647,1417,bunches,17.0,9.0,completed,07:18,13:22,
WO-2025-0507-H-016,2025-05-07,harvest,harvest,3,96,G3-02,23,9,2215,1959,bunches,23.0,9.0,completed,06:55,13:26,
WO-2025-0507-H-017,2025-05-07,harvest,harvest,3,97,G3-02,17,9,1761,1266,bunches,17.0,9.0,partial,06:50,11:48,WO-2025-0510-H-021
WO-2025-0507-H-018,2025-05-07,harvest,harvest,3,100,G3-02,15,9,1562,1373,bunches,15.0,9.0,completed,07:03,13:29,
WO-2025-0507-H-019,2025-05-07,harvest,harvest,3,103,G3-03,14,9,1480,1231,bunches,14.0,9.0,partial,07:01,13:02,WO-2025-0509-H-017
WO-2025-0507-H-020,2025-05-07,harvest,harvest,3,107,G3-03,15,9,1617,1223,bunches,15.0,9.0,partial,06:00,12:13,WO-2025-0512-H-012
WO-2025-0507-H-021,2025-05-07,harvest,harvest,3,111,G3-03,21,9,2128,1721,bunches,21.0,9.0,partial,06:48,12:28,WO-2025-0512-H-013
WO-2025-0507-H-022,2025-05-07,harvest,harvest,3,115,G3-04,23,9,2275,2164,bunches,23.0,9.0,completed,06:45,13:58,
WO-2025-0507-H-023,2025-05-07,harvest,harvest,4,134,G4-02,20,9,2196,1790,bunches,20.0,9.0,partial,07:11,13:19,WO-2025-0510-H-023
WO-2025-0507-H-024,2025-05-07,harvest,harvest,4,147,G4-03,23,9,2347,1892,bunches,23.0,9.0,partial,07:01,12:55,
WO-2025-0507-H-025,2025-05-07,harvest,harvest,4,150,G4-03,22,9,2222,1890,bunches,22.0,9.0,completed,07:17,13:11,
WO-2025-0507-H-026,2025-05-07,harvest,harvest,5,181,G5-02,44,9,4619,3278,bunches,44.0,9.0,partial,07:19,12:11,
WO-2025-0507-H-027,2025-05-07,harvest,harvest,5,184,G5-02,18,9,1933,1382,bunches,18.0,9.0,partial,06:48,12:02,
WO-2025-0507-H-028,2025-05-07,harvest,harvest,5,200,G5-03,14,9,1374,1171,bunches,14.0,9.0,completed,06:47,13:14,
WO-2025-0507-H-029,2025-05-07,harvest,harvest,6,203,G6-01,26,9,2745,2059,bunches,26.0,9.0,partial,07:10,12:14,
WO-2025-0507-H-030,2025-05-07,harvest,harvest,6,209,G6-01,16,9,1578,1175,bunches,16.0,9.0,partial,06:51,12:24,WO-2025-0510-H-032
WO-2025-0507-H-031,2025-05-07,harvest,harvest,6,212,G6-01,11,9,1221,1134,bunches,11.0,9.0,completed,07:09,14:13,
WO-2025-0507-H-032,2025-05-07,harvest,harvest,6,216,G6-02,22,9,2241,2209,bunches,22.0,9.0,completed,06:48,13:41,
WO-2025-0507-H-033,2025-05-07,harvest,harvest,6,246,G6-02,21,9,2109,2012,bunches,21.0,9.0,completed,06:52,13:51,
WO-2025-0507-H-034,2025-05-07,harvest,harvest,6,265,G6-04,20,9,2138,1740,bunches,20.0,9.0,partial,07:06,12:47,
WO-2025-0507-H-035,2025-05-07,harvest,harvest,6,271,G6-05,17,9,1824,1947,bunches,17.0,9.0,completed,06:53,14:41,
WO-2025-0507-H-036,2025-05-07,harvest,harvest,6,380,G6-05,23,9,2538,2358,bunches,23.0,9.0,completed,07:03,13:30,
WO-2025-0507-H-037,2025-05-07,harvest,harvest,7,304,G7-02,18,9,1904,1521,bunches,18.0,9.0,partial,07:05,13:02,
WO-2025-0507-H-038,2025-05-07,harvest,harvest,7,332,G7-03,12,9,1163,861,bunches,12.0,9.0,partial,07:16,12:40,WO-2025-0512-H-036
WO-2025-0508-H-001,2025-05-08,harvest,harvest,1,5,G1-01,3,3,324,354,bunches,3.0,3.0,completed,07:03,15:06,
WO-2025-0508-H-002,2025-05-08,harvest,harvest,1,9,G1-01,8,8,805,818,bunches,8.0,8.0,completed,06:49,13:55,
WO-2025-0508-H-003,2025-05-08,harvest,harvest,1,10,G1-01,7,7,687,727,bunches,7.0,7.0,completed,06:50,14:39,
WO-2025-0508-H-004,2025-05-08,harvest,harvest,1,13,G1-02,9,7,862,640,bunches,9.0,7.0,partial,06:48,12:28,
WO-2025-0508-H-005,2025-05-08,harvest,harvest,1,14,G1-02,24,9,2530,2414,bunches,24.0,9.0,completed,07:14,13:48,
WO-2025-0508-H-006,2025-05-08,harvest,harvest,1,20,G1-02,8,8,755,823,bunches,8.0,8.0,completed,07:19,15:26,
WO-2025-0508-H-007,2025-05-08,harvest,harvest,1,21,G1-03,9,8,863,755,bunches,9.0,8.0,completed,06:57,13:16,
WO-2025-0508-H-008,2025-05-08,harvest,harvest,1,22,G1-03,11,9,1051,995,bunches,11.0,9.0,completed,07:05,14:09,
WO-2025-0508-H-009,2025-05-08,harvest,harvest,1,27,G1-03,4,5,438,463,bunches,4.0,5.0,completed,07:18,14:46,
WO-2025-0508-H-010,2025-05-08,harvest,harvest,1,37,G1-04,13,9,1318,1236,bunches,13.0,9.0,completed,06:57,13:51,
WO-2025-0508-H-011,2025-05-08,harvest,harvest,2,40,G2-01,12,9,1190,892,bunches,12.0,9.0,partial,07:21,12:34,
WO-2025-0508-H-012,2025-05-08,harvest,harvest,2,43,G2-01,18,9,1782,1510,bunches,18.0,9.0,partial,07:13,13:40,
WO-2025-0508-H-013,2025-05-08,harvest,harvest,2,51,G2-02,16,9,1568,1303,bunches,16.0,9.0,partial,06:50,12:47,
WO-2025-0508-H-014,2025-05-08,harvest,harvest,2,53,G2-02,16,9,1678,1516,bunches,16.0,9.0,completed,07:02,13:39,
WO-2025-0508-H-015,2025-05-08,harvest,harvest,2,58,G2-02,13,9,1369,1491,bunches,13.0,9.0,completed,07:17,15:01,
WO-2025-0508-H-016,2025-05-08,harvest,harvest,2,59,G2-03,20,9,1944,1746,bunches,20.0,9.0,completed,07:15,13:58,
WO-2025-0508-H-017,2025-05-08,harvest,harvest,2,64,G2-03,15,9,1549,1372,bunches,15.0,9.0,completed,06:00,13:25,
WO-2025-0508-H-018,2025-05-08,harvest,harvest,2,66,G2-03,12,9,1226,1096,bunches,12.0,9.0,completed,06:55,13:03,
WO-2025-0508-H-019,2025-05-08,harvest,harvest,2,72,G2-04,14,9,1409,1074,bunches,14.0,9.0,partial,07:15,12:45,
WO-2025-0508-H-020,2025-05-08,harvest,harvest,2,382,G2-04,16,9,1755,1455,bunches,16.0,9.0,partial,06:00,12:37,WO-2025-0513-H-014
WO-2025-0508-H-021,2025-05-08,harvest,harvest,3,76,G3-01,20,9,2037,1692,bunches,20.0,9.0,partial,06:55,13:11,
WO-2025-0508-H-022,2025-05-08,harvest,harvest,3,79,G3-01,6,4,590,416,bunches,6.0,4.0,partial,06:48,11:48,WO-2025-0511-H-011
WO-2025-0508-H-023,2025-05-08,harvest,harvest,3,83,G3-01,13,9,1362,1285,bunches,13.0,9.0,completed,06:57,13:23,
WO-2025-0508-H-024,2025-05-08,harvest,harvest,3,89,G3-02,19,9,1830,1355,bunches,19.0,9.0,partial,07:14,12:13,
WO-2025-0508-H-025,2025-05-08,harvest,harvest,3,91,G3-02,19,9,1881,1600,bunches,19.0,9.0,completed,06:52,12:59,
WO-2025-0508-H-026,2025-05-08,harvest,harvest,3,110,G3-03,19,9,1928,1578,bunches,19.0,9.0,partial,06:49,13:05,
WO-2025-0508-H-027,2025-05-08,harvest,harvest,3,113,G3-03,16,9,1536,1454,bunches,16.0,9.0,completed,06:49,13:21,
WO-2025-0508-H-028,2025-05-08,harvest,harvest,3,118,G3-04,5,5,500,475,bunches,5.0,5.0,completed,06:59,13:45,
WO-2025-0508-H-029,2025-05-08,harvest,harvest,3,119,G3-04,3,3,325,277,bunches,3.0,3.0,completed,06:45,12:38,
WO-2025-0508-H-030,2025-05-08,harvest,harvest,3,370,G3-04,2,2,175,167,bunches,2.0,2.0,completed,07:19,13:53,
WO-2025-0508-H-031,2025-05-08,harvest,harvest,4,124,G4-01,7,8,764,879,bunches,7.0,8.0,completed,07:05,15:24,
WO-2025-0508-H-032,2025-05-08,harvest,harvest,4,131,G4-01,30,9,3227,3490,bunches,30.0,9.0,completed,06:50,15:01,
WO-2025-0508-H-033,2025-05-08,harvest,harvest,4,140,G4-02,10,9,1083,1039,bunches,10.0,9.0,completed,06:47,14:03,
WO-2025-0508-H-034,2025-05-08,harvest,harvest,4,145,G4-03,9,9,915,1052,bunches,9.0,9.0,completed,07:17,15:19,
WO-2025-0508-H-035,2025-05-08,harvest,harvest,4,149,G4-03,14,9,1473,1694,bunches,14.0,9.0,completed,07:18,15:47,
WO-2025-0508-H-036,2025-05-08,harvest,harvest,4,152,G4-03,18,9,1880,1731,bunches,18.0,9.0,completed,06:48,13:11,
WO-2025-0508-H-037,2025-05-08,harvest,harvest,4,156,G4-04,10,9,988,975,bunches,10.0,9.0,completed,06:55,14:19,
WO-2025-0508-H-038,2025-05-08,harvest,harvest,5,170,G5-01,10,8,1047,812,bunches,10.0,8.0,partial,06:48,12:13,WO-2025-0512-H-025
WO-2025-0508-H-039,2025-05-08,harvest,harvest,5,172,G5-01,11,9,1210,1382,bunches,11.0,9.0,completed,06:58,14:51,
WO-2025-0508-H-040,2025-05-08,harvest,harvest,5,174,G5-01,7,6,679,649,bunches,7.0,6.0,completed,06:52,13:38,
WO-2025-0508-H-041,2025-05-08,harvest,harvest,5,186,G5-02,7,8,714,780,bunches,7.0,8.0,completed,06:56,14:36,
WO-2025-0508-H-042,2025-05-08,harvest,harvest,5,188,G5-02,25,9,2470,2432,bunches,25.0,9.0,completed,06:50,13:46,
WO-2025-0508-H-043,2025-05-08,harvest,harvest,5,190,G5-02,20,9,2174,2500,bunches,20.0,9.0,completed,07:08,15:29,
WO-2025-0508-H-044,2025-05-08,harvest,harvest,5,193,G5-03,19,9,1961,1939,bunches,19.0,9.0,completed,07:03,14:19,
WO-2025-0508-H-045,2025-05-08,harvest,harvest,5,202,G5-03,26,9,2581,2171,bunches,26.0,9.0,partial,07:16,13:19,
WO-2025-0508-H-046,2025-05-08,harvest,harvest,6,211,G6-01,11,9,1252,1285,bunches,11.0,9.0,completed,07:07,14:16,
WO-2025-0508-H-047,2025-05-08,harvest,harvest,6,253,G6-03,16,9,1614,1573,bunches,16.0,9.0,completed,06:54,14:02,
WO-2025-0508-H-048,2025-05-08,harvest,harvest,6,254,G6-03,44,9,4444,3536,bunches,44.0,9.0,partial,07:17,12:42,
WO-2025-0508-H-049,2025-05-08,harvest,harvest,6,272,G6-05,8,8,795,850,bunches,8.0,8.0,completed,07:09,14:41,
WO-2025-0508-H-050,2025-05-08,harvest,harvest,7,300,G7-02,14,9,1457,1314,bunches,14.0,9.0,completed,07:11,13:39,
WO-2025-0508-H-051,2025-05-08,harvest,harvest,7,308,G7-02,19,9,2035,1736,bunches,19.0,9.0,completed,06:45,12:47,
WO-2025-0508-H-052,2025-05-08,harvest,harvest,7,311,G7-03,18,9,1894,2035,bunches,18.0,9.0,completed,07:18,15:26,
WO-2025-0508-H-053,2025-05-08,harvest,harvest,7,348,G7-04,18,9,1928,1724,bunches,18.0,9.0,completed,07:16,13:55,
WO-2025-0509-H-001,2025-05-09,harvest,harvest,1,4,G1-01,7,7,733,646,bunches,7.0,7.0,completed,07:01,13:02,
WO-2025-0509-H-002,2025-05-09,harvest,harvest,1,11,G1-02,16,9,1570,1145,bunches,16.0,9.0,partial,06:53,12:17,WO-2025-0513-H-003
WO-2025-0509-H-003,2025-05-09,harvest,harvest,1,19,G1-02,8,5,785,505,bunches,8.0,5.0,partial,06:56,11:50,WO-2025-0511-H-004
WO-2025-0509-H-004,2025-05-09,harvest,harvest,1,28,G1-03,8,8,822,797,bunches,8.0,8.0,completed,06:50,13:49,
WO-2025-0509-H-005,2025-05-09,harvest,harvest,1,29,G1-03,8,7,848,712,bunches,8.0,7.0,partial,06:54,12:38,WO-2025-0512-H-004
WO-2025-0509-H-006,2025-05-09,harvest,harvest,1,33,G1-04,23,9,2328,1487,bunches,23.0,9.0,partial,07:00,11:17,
WO-2025-0509-H-007,2025-05-09,harvest,harvest,2,50,G2-02,11,9,1125,1078,bunches,11.0,9.0,completed,06:47,13:20,
WO-2025-0509-H-008,2025-05-09,harvest,harvest,2,62,G2-03,28,9,2935,2046,bunches,28.0,9.0,partial,06:56,11:35,
WO-2025-0509-H-009,2025-05-09,harvest,harvest,2,66,G2-03,14,9,1463,1096,bunches,14.0,9.0,partial,07:13,12:57,
WO-2025-0509-H-010,2025-05-09,harvest,harvest,2,71,G2-04,29,9,2930,2305,bunches,29.0,9.0,partial,06:53,12:29,
WO-2025-0509-H-011,2025-05-09,harvest,harvest,2,73,G2-04,13,9,1308,1148,bunches,13.0,9.0,completed,06:00,13:23,
WO-2025-0509-H-012,2025-05-09,harvest,harvest,2,74,G2-04,31,9,3186,2607,bunches,31.0,9.0,partial,07:19,13:07,
WO-2025-0509-H-013,2025-05-09,harvest,harvest,3,78,G3-01,13,9,1245,869,bunches,13.0,9.0,partial,07:16,12:28,WO-2025-0514-H-018
WO-2025-0509-H-014,2025-05-09,harvest,harvest,3,81,G3-01,8,6,741,536,bunches,8.0,6.0,partial,06:52,12:19,
WO-2025-0509-H-015,2025-05-09,harvest,harvest,3,90,G3-02,21,9,2096,1417,bunches,21.0,9.0,partial,07:13,11:59,WO-2025-0514-H-020
WO-2025-0509-H-016,2025-05-09,harvest,harvest,3,94,G3-02,10,8,976,787,bunches,10.0,8.0,partial,07:15,13:04,
WO-2025-0509-H-017,2025-05-09,harvest,harvest,3,103,G3-03,14,9,1433,1231,bunches,14.0,9.0,completed,07:13,13:01,
WO-2025-0509-H-018,2025-05-09,harvest,harvest,3,112,G3-03,24,9,2436,1531,bunches,24.0,9.0,partial,06:48,11:19,WO-2025-0513-H-022
WO-2025-0509-H-019,2025-05-09,harvest,harvest,3,369,G3-04,2,2,264,196,bunches,2.0,2.0,partial,07:12,12:14,WO-2025-0513-H-023
WO-2025-0509-H-020,2025-05-09,harvest,harvest,4,123,G4-01,10,9,1016,885,bunches,10.0,9.0,completed,07:03,12:58,
WO-2025-0509-H-021,2025-05-09,harvest,harvest,4,126,G4-01,6,5,601,565,bunches,6.0,5.0,completed,07:04,13:33,
WO-2025-0509-H-022,2025-05-09,harvest,harvest,4,127,G4-01,3,2,354,246,bunches,3.0,2.0,partial,07:10,12:32,
WO-2025-0509-H-023,2025-05-09,harvest,harvest,4,130,G4-01,26,9,2800,2573,bunches,26.0,9.0,completed,07:21,13:53,
WO-2025-0509-H-024,2025-05-09,harvest,harvest,4,133,G4-02,39,9,4216,3391,bunches,39.0,9.0,partial,07:20,13:08,
WO-2025-0509-H-025,2025-05-09,harvest,harvest,4,139,G4-02,15,9,1659,1642,bunches,15.0,9.0,completed,07:17,14:07,
WO-2025-0509-H-026,2025-05-09,harvest,harvest,4,142,G4-02,21,9,2218,1465,bunches,21.0,9.0,partial,07:20,11:49,
WO-2025-0509-H-027,2025-05-09,harvest,harvest,4,148,G4-03,20,9,2102,1475,bunches,20.0,9.0,partial,07:20,12:40,
WO-2025-0509-H-028,2025-05-09,harvest,harvest,4,160,G4-04,20,9,2052,1381,bunches,20.0,9.0,partial,06:57,11:41,WO-2025-0512-H-023
WO-2025-0509-H-029,2025-05-09,harvest,harvest,5,168,G5-01,26,9,2702,2141,bunches,26.0,9.0,partial,07:03,12:31,
WO-2025-0509-H-030,2025-05-09,harvest,harvest,5,169,G5-01,16,9,1618,1142,bunches,16.0,9.0,partial,07:10,12:07,WO-2025-0512-H-024
WO-2025-0509-H-031,2025-05-09,harvest,harvest,5,182,G5-02,13,9,1401,1028,bunches,13.0,9.0,partial,06:50,11:44,
WO-2025-0509-H-032,2025-05-09,harvest,harvest,5,198,G5-03,16,9,1548,1256,bunches,16.0,9.0,partial,06:46,12:50,
WO-2025-0509-H-033,2025-05-09,harvest,harvest,6,206,G6-01,13,9,1346,1015,bunches,13.0,9.0,partial,07:01,12:42,WO-2025-0511-H-024
WO-2025-0509-H-034,2025-05-09,harvest,harvest,6,208,G6-01,9,7,903,676,bunches,9.0,7.0,partial,06:58,12:34,WO-2025-0512-H-030
WO-2025-0509-H-035,2025-05-09,harvest,harvest,6,214,G6-02,12,9,1224,1172,bunches,12.0,9.0,completed,07:01,14:17,
WO-2025-0509-H-036,2025-05-09,harvest,harvest,6,251,G6-03,12,9,1167,839,bunches,12.0,9.0,partial,07:13,12:13,
WO-2025-0509-H-037,2025-05-09,harvest,harvest,6,259,G6-04,12,8,1177,762,bunches,12.0,8.0,partial,07:20,11:53,
WO-2025-0509-H-038,2025-05-09,harvest,harvest,6,260,G6-04,29,9,2945,1832,bunches,29.0,9.0,partial,07:04,11:20,
WO-2025-0509-H-039,2025-05-09,harvest,harvest,7,292,G7-01,11,9,1167,953,bunches,11.0,9.0,partial,06:46,12:53,
WO-2025-0509-H-040,2025-05-09,harvest,harvest,7,293,G7-01,15,9,1555,1269,bunches,15.0,9.0,partial,07:17,12:58,WO-2025-0512-H-033
WO-2025-0509-H-041,2025-05-09,harvest,harvest,7,296,G7-01,13,0,1277,0,bunches,13.0,0.0,not_started,06:50,,WO-2025-0510-H-041
WO-2025-0509-H-042,2025-05-09,harvest,harvest,7,301,G7-02,12,8,1217,788,bunches,12.0,8.0,partial,06:57,11:24,
WO-2025-0509-H-043,2025-05-09,harvest,harvest,7,310,G7-02,22,9,2224,1269,bunches,22.0,9.0,partial,06:57,11:14,
WO-2025-0509-H-044,2025-05-09,harvest,harvest,7,333,G7-03,11,9,1137,1070,bunches,11.0,9.0,completed,06:49,13:20,
WO-2025-0509-H-045,2025-05-09,harvest,harvest,7,342,G7-04,27,9,2714,1879,bunches,27.0,9.0,partial,06:51,11:37,
WO-2025-0509-H-046,2025-05-09,harvest,harvest,7,345,G7-04,22,9,2367,2151,bunches,22.0,9.0,completed,06:00,13:21,
WO-2025-0510-H-001,2025-05-10,harvest,harvest,1,2,G1-01,10,0,1020,0,bunches,10.0,0.0,not_started,07:03,,WO-2025-0511-H-002
WO-2025-0510-H-002,2025-05-10,harvest,harvest,1,3,G1-01,10,9,1020,844,bunches,10.0,9.0,partial,07:20,13:13,
WO-2025-0510-H-003,2025-05-10,harvest,harvest,1,6,G1-01,4,2,386,257,bunches,4.0,2.0,partial,07:08,12:01,WO-2025-0514-H-001
WO-2025-0510-H-004,2025-05-10,harvest,harvest,1,7,G1-01,8,6,837,667,bunches,8.0,6.0,partial,06:59,12:28,WO-2025-0514-H-002
WO-2025-0510-H-005,2025-05-10,harvest,harvest,1,9,G1-01,12,8,1201,818,bunches,12.0,8.0,partial,07:00,12:06,WO-2025-0512-H-002
WO-2025-0510-H-006,2025-05-10,harvest,harvest,1,10,G1-01,10,7,977,727,bunches,10.0,7.0,partial,07:01,12:23,WO-2025-0513-H-002
WO-2025-0510-H-007,2025-05-10,harvest,harvest,1,12,G1-02,37,9,3772,2864,bunches,37.0,9.0,partial,07:16,13:00,
WO-2025-0510-H-008,2025-05-10,harvest,harvest,1,26,G1-03,19,9,1931,1681,bunches,19.0,9.0,completed,06:50,13:09,
WO-2025-0510-H-009,2025-05-10,harvest,harvest,1,31,G1-04,9,8,906,892,bunches,9.0,8.0,completed,07:06,14:13,
WO-2025-0510-H-010,2025-05-10,harvest,harvest,1,32,G1-04,16,9,1653,1486,bunches,16.0,9.0,completed,07:01,13:38,
WO-2025-0510-H-011,2025-05-10,harvest,harvest,1,34,G1-04,11,9,1102,877,bunches,11.0,9.0,partial,07:16,12:43,WO-2025-0515-H-009
WO-2025-0510-H-012,2025-05-10,harvest,harvest,2,44,G2-01,14,9,1405,1022,bunches,14.0,9.0,partial,07:15,12:22,
WO-2025-0510-H-013,2025-05-10,harvest,harvest,2,45,G2-01,16,9,1563,1265,bunches,16.0,9.0,partial,07:06,12:55,
WO-2025-0510-H-014,2025-05-10,harvest,harvest,2,46,G2-01,14,9,1363,1289,bunches,14.0,9.0,completed,07:02,13:53,
WO-2025-0510-H-015,2025-05-10,harvest,harvest,2,49,G2-01,20,9,1987,1526,bunches,20.0,9.0,partial,06:52,12:15,WO-2025-0515-H-013
WO-2025-0510-H-016,2025-05-10,harvest,harvest,2,56,G2-02,16,9,1577,1236,bunches,16.0,9.0,partial,06:59,12:35,WO-2025-0514-H-015
WO-2025-0510-H-017,2025-05-10,harvest,harvest,2,69,G2-04,24,9,2281,1936,bunches,24.0,9.0,partial,07:11,12:54,
WO-2025-0510-H-018,2025-05-10,harvest,harvest,3,75,G3-01,15,9,1620,1205,bunches,15.0,9.0,partial,06:50,12:18,WO-2025-0514-H-017
WO-2025-0510-H-019,2025-05-10,harvest,harvest,3,77,G3-01,19,9,1924,1610,bunches,19.0,9.0,partial,07:06,13:14,
WO-2025-0510-H-020,2025-05-10,harvest,harvest,3,96,G3-02,23,9,2259,1959,bunches,23.0,9.0,completed,07:00,12:58,
WO-2025-0510-H-021,2025-05-10,harvest,harvest,3,97,G3-02,14,9,1438,1266,bunches,14.0,9.0,completed,06:52,13:34,
WO-2025-0510-H-022,2025-05-10,harvest,harvest,3,101,G3-03,24,9,2426,1615,bunches,24.0,9.0,partial,07:14,12:11,
WO-2025-0510-H-023,2025-05-10,harvest,harvest,4,134,G4-02,19,9,2071,1790,bunches,19.0,9.0,completed,06:52,12:50,
WO-2025-0510-H-024,2025-05-10,harvest,harvest,4,135,G4-02,21,9,2256,1583,bunches,21.0,9.0,partial,07:01,12:26,
WO-2025-0510-H-025,2025-05-10,harvest,harvest,4,143,G4-02,25,9,2527,2054,bunches,25.0,9.0,partial,07:11,13:17,
WO-2025-0510-H-026,2025-05-10,harvest,harvest,4,155,G4-04,17,9,1715,1874,bunches,17.0,9.0,completed,06:58,14:57,
WO-2025-0510-H-027,2025-05-10,harvest,harvest,5,179,G5-01,11,9,1153,964,bunches,11.0,9.0,partial,07:09,13:29,WO-2025-0513-H-030
WO-2025-0510-H-028,2025-05-10,harvest,harvest,5,185,G5-02,10,9,1057,959,bunches,10.0,9.0,completed,07:04,13:48,
WO-2025-0510-H-029,2025-05-10,harvest,harvest,5,187,G5-02,33,9,3356,2028,bunches,33.0,9.0,partial,07:13,11:41,
WO-2025-0510-H-030,2025-05-10,harvest,harvest,6,205,G6-01,23,9,2346,1936,bunches,23.0,9.0,partial,06:46,12:58,
WO-2025-0510-H-031,2025-05-10,harvest,harvest,6,207,G6-01,17,9,1768,1186,bunches,17.0,9.0,partial,07:14,11:43,WO-2025-0513-H-036
WO-2025-0510-H-032,2025-05-10,harvest,harvest,6,209,G6-01,17,9,1676,1175,bunches,17.0,9.0,partial,07:16,12:06,
WO-2025-0510-H-033,2025-05-10,harvest,harvest,6,213,G6-02,17,9,1875,1325,bunches,17.0,9.0,partial,07:03,12:21,WO-2025-0514-H-037
WO-2025-0510-H-034,2025-05-10,harvest,harvest,6,248,G6-03,22,9,2181,1468,bunches,22.0,9.0,partial,07:11,12:08,
WO-2025-0510-H-035,2025-05-10,harvest,harvest,6,261,G6-04,23,9,2243,2029,bunches,23.0,9.0,completed,06:47,13:31,
WO-2025-0510-H-036,2025-05-10,harvest,harvest,6,266,G6-04,22,9,2262,1924,bunches,22.0,9.0,completed,06:59,12:44,
WO-2025-0510-H-037,2025-05-10,harvest,harvest,6,268,G6-05,9,6,988,687,bunches,9.0,6.0,partial,07:17,12:03,WO-2025-0513-H-044
WO-2025-0510-H-038,2025-05-10,harvest,harvest,7,289,G7-01,14,0,1453,0,bunches,14.0,0.0,not_started,06:57,,WO-2025-0511-H-033
WO-2025-0510-H-039,2025-05-10,harvest,harvest,7,290,G7-01,19,9,1883,1106,bunches,19.0,9.0,partial,06:45,10:52,
WO-2025-0510-H-040,2025-05-10,harvest,harvest,7,291,G7-01,13,9,1322,1087,bunches,13.0,9.0,partial,07:02,12:34,WO-2025-0515-H-049
WO-2025-0510-H-041,2025-05-10,harvest,harvest,7,296,G7-01,13,9,1277,1146,bunches,13.0,9.0,completed,07:12,13:28,
WO-2025-0510-H-042,2025-05-10,harvest,harvest,7,302,G7-02,16,9,1610,1239,bunches,16.0,9.0,partial,07:07,12:47,
WO-2025-0510-H-043,2025-05-10,harvest,harvest,7,303,G7-02,18,9,1870,1717,bunches,18.0,9.0,completed,07:08,13:54,
WO-2025-0510-H-044,2025-05-10,harvest,harvest,7,309,G7-02,26,9,2748,2109,bunches,26.0,9.0,partial,07:13,12:53,
WO-2025-0510-H-045,2025-05-10,harvest,harvest,7,335,G7-03,25,9,2494,1724,bunches,25.0,9.0,partial,07:04,11:57,
WO-2025-0510-H-046,2025-05-10,harvest,harvest,7,336,G7-03,13,9,1299,1113,bunches,13.0,9.0,completed,07:07,13:38,
WO-2025-0510-H-047,2025-05-10,harvest,harvest,7,343,G7-04,19,9,1916,1636,bunches,19.0,9.0,completed,06:54,12:46,
WO-2025-0510-H-048,2025-05-10,harvest,harvest,7,346,G7-04,12,9,1269,1430,bunches,12.0,9.0,completed,06:53,14:45,
WO-2025-0511-H-001,2025-05-11,harvest,harvest,1,1,G1-01,5,3,438,288,bunches,5.0,3.0,partial,07:04,11:56,
WO-2025-0511-H-002,2025-05-11,harvest,harvest,1,2,G1-01,10,8,1020,732,bunches,10.0,8.0,partial,06:49,11:41,
WO-2025-0511-H-003,2025-05-11,harvest,harvest,1,8,G1-01,12,9,1215,909,bunches,12.0,9.0,partial,06:49,11:48,WO-2025-0512-H-001
WO-2025-0511-H-004,2025-05-11,harvest,harvest,1,19,G1-02,9,5,863,505,bunches,9.0,5.0,partial,07:18,11:35,WO-2025-0516-H-002
WO-2025-0511-H-005,2025-05-11,harvest,harvest,1,24,G1-03,20,9,2061,1368,bunches,20.0,9.0,partial,07:18,12:23,
WO-2025-0511-H-006,2025-05-11,harvest,harvest,1,30,G1-03,13,5,1284,532,bunches,13.0,5.0,partial,07:09,10:05,WO-2025-0512-H-005
WO-2025-0511-H-007,2025-05-11,harvest,harvest,1,31,G1-04,15,8,1512,892,bunches,15.0,8.0,partial,07:17,11:54,WO-2025-0514-H-009
WO-2025-0511-H-008,2025-05-11,harvest,harvest,1,39,G1-04,14,9,1420,932,bunches,14.0,9.0,partial,06:52,11:49,WO-2025-0515-H-011
WO-2025-0511-H-009,2025-05-11,harvest,harvest,2,57,G2-02,39,9,3867,1985,bunches,39.0,9.0,partial,06:56,10:32,
WO-2025-0511-H-010,2025-05-11,harvest,harvest,2,63,G2-03,25,9,2509,1412,bunches,25.0,9.0,partial,07:03,11:20,
WO-2025-0511-H-011,2025-05-11,harvest,harvest,3,79,G3-01,5,4,460,416,bunches,5.0,4.0,completed,06:56,13:33,
WO-2025-0511-H-012,2025-05-11,harvest,harvest,3,83,G3-01,17,9,1800,1285,bunches,17.0,9.0,partial,06:46,12:16,WO-2025-0515-H-018
WO-2025-0511-H-013,2025-05-11,harvest,harvest,3,86,G3-01,15,9,1451,1107,bunches,15.0,9.0,partial,07:02,12:47,
WO-2025-0511-H-014,2025-05-11,harvest,harvest,3,93,G3-02,35,9,3548,2879,bunches,35.0,9.0,partial,06:53,12:00,
WO-2025-0511-H-015,2025-05-11,harvest,harvest,3,95,G3-02,22,9,2247,1778,bunches,22.0,9.0,partial,07:16,12:40,WO-2025-0515-H-019
WO-2025-0511-H-016,2025-05-11,harvest,harvest,3,104,G3-03,20,9,2015,1233,bunches,20.0,9.0,partial,07:18,11:45,WO-2025-0516-H-015
WO-2025-0511-H-017,2025-05-11,harvest,harvest,3,105,G3-03,20,9,1916,1300,bunches,20.0,9.0,partial,07:16,11:51,WO-2025-0515-H-022
WO-2025-0511-H-018,2025-05-11,harvest,harvest,3,120,G3-04,14,9,1395,998,bunches,14.0,9.0,partial,07:03,11:56,
WO-2025-0511-H-019,2025-05-11,harvest,harvest,4,125,G4-01,10,8,996,756,bunches,10.0,8.0,partial,06:52,12:34,
WO-2025-0511-H-020,2025-05-11,harvest,harvest,4,129,G4-01,19,9,2013,1334,bunches,19.0,9.0,partial,07:20,12:20,WO-2025-0516-H-019
WO-2025-0511-H-021,2025-05-11,harvest,harvest,4,141,G4-02,30,9,3141,1578,bunches,30.0,9.0,partial,06:54,10:40,WO-2025-0515-H-025
WO-2025-0511-H-022,2025-05-11,harvest,harvest,5,171,G5-01,13,9,1413,1095,bunches,13.0,9.0,partial,06:52,12:45,WO-2025-0514-H-032
WO-2025-0511-H-023,2025-05-11,harvest,harvest,5,174,G5-01,11,6,1127,649,bunches,11.0,6.0,partial,07:13,11:07,WO-2025-0515-H-032
WO-2025-0511-H-024,2025-05-11,harvest,harvest,6,206,G6-01,9,9,897,1015,bunches,9.0,9.0,completed,07:09,15:38,
WO-2025-0511-H-025,2025-05-11,harvest,harvest,6,211,G6-01,13,9,1434,1285,bunches,13.0,9.0,completed,07:07,13:42,
WO-2025-0511-H-026,2025-05-11,harvest,harvest,6,212,G6-01,10,9,1043,1134,bunches,10.0,9.0,completed,07:01,14:58,
WO-2025-0511-H-027,2025-05-11,harvest,harvest,6,222,G6-02,6,6,618,589,bunches,6.0,6.0,completed,07:10,13:56,
WO-2025-0511-H-028,2025-05-11,harvest,harvest,6,223,G6-02,28,9,2854,2877,bunches,28.0,9.0,completed,07:07,14:39,
WO-2025-0511-H-029,2025-05-11,harvest,harvest,6,245,G6-02,34,9,3392,2889,bunches,34.0,9.0,completed,07:02,13:02,
WO-2025-0511-H-030,2025-05-11,harvest,harvest,6,269,G6-05,13,9,1391,1290,bunches,13.0,9.0,completed,07:00,13:26,
WO-2025-0511-H-031,2025-05-11,harvest,harvest,6,270,G6-05,19,9,2010,1846,bunches,19.0,9.0,completed,07:14,14:13,
WO-2025-0511-H-032,2025-05-11,harvest,harvest,6,380,G6-05,20,9,2227,2358,bunches,20.0,9.0,completed,06:49,14:13,
WO-2025-0511-H-033,2025-05-11,harvest,harvest,7,289,G7-01,14,9,1453,1089,bunches,14.0,9.0,partial,06:45,11:49,WO-2025-0516-H-034
WO-2025-0511-H-034,2025-05-11,harvest,harvest,7,298,G7-01,19,9,1920,1035,bunches,19.0,9.0,partial,06:50,10:24,
WO-2025-0511-H-035,2025-05-11,harvest,harvest,7,305,G7-02,22,9,2321,1270,bunches,22.0,9.0,partial,06:56,11:12,
WO-2025-0511-H-036,2025-05-11,harvest,harvest,7,340,G7-04,27,9,2688,1587,bunches,27.0,9.0,partial,06:50,10:41,
WO-2025-0512-H-001,2025-05-12,harvest,harvest,1,8,G1-01,8,9,801,909,bunches,8.0,9.0,completed,07:18,15:37,
WO-2025-0512-H-002,2025-05-12,harvest,harvest,1,9,G1-01,9,8,943,818,bunches,9.0,8.0,completed,06:47,13:13,
WO-2025-0512-H-003,2025-05-12,harvest,harvest,1,18,G1-02,17,9,1652,1338,bunches,17.0,9.0,partial,07:03,12:40,
WO-2025-0512-H-004,2025-05-12,harvest,harvest,1,29,G1-03,7,7,707,712,bunches,7.0,7.0,completed,07:14,14:37,
WO-2025-0512-H-005,2025-05-12,harvest,harvest,1,30,G1-03,8,5,787,532,bunches,8.0,5.0,partial,07:12,12:22,WO-2025-0515-H-008
WO-2025-0512-H-006,2025-05-12,harvest,harvest,1,35,G1-04,10,9,1011,868,bunches,10.0,9.0,completed,07:08,13:39,
WO-2025-0512-H-007,2025-05-12,harvest,harvest,2,60,G2-03,25,9,2509,2015,bunches,25.0,9.0,partial,07:05,12:55,WO-2025-0517-H-008
WO-2025-0512-H-008,2025-05-12,harvest,harvest,2,65,G2-03,16,9,1669,1207,bunches,16.0,9.0,partial,06:49,12:03,
WO-2025-0512-H-009,2025-05-12,harvest,harvest,2,70,G2-04,15,9,1443,1633,bunches,15.0,9.0,completed,07:04,15:30,
WO-2025-0512-H-010,2025-05-12,harvest,harvest,3,88,G3-02,12,9,1180,1334,bunches,12.0,9.0,completed,07:18,15:17,
WO-2025-0512-H-011,2025-05-12,harvest,harvest,3,98,G3-02,23,9,2291,1877,bunches,23.0,9.0,partial,06:57,13:09,WO-2025-0515-H-020
WO-2025-0512-H-012,2025-05-12,harvest,harvest,3,107,G3-03,14,9,1466,1223,bunches,14.0,9.0,partial,06:53,13:03,
WO-2025-0512-H-013,2025-05-12,harvest,harvest,3,111,G3-03,18,9,1861,1721,bunches,18.0,9.0,completed,07:11,13:59,
WO-2025-0512-H-014,2025-05-12,harvest,harvest,3,113,G3-03,15,9,1489,1454,bunches,15.0,9.0,completed,06:54,13:50,
WO-2025-0512-H-015,2025-05-12,harvest,harvest,3,114,G3-04,29,9,2855,2196,bunches,29.0,9.0,partial,07:03,12:30,
WO-2025-0512-H-016,2025-05-12,harvest,harvest,4,122,G4-01,13,9,1301,925,bunches,13.0,9.0,partial,06:55,11:40,
WO-2025-0512-H-017,2025-05-12,harvest,harvest,4,136,G4-02,21,9,2274,1884,bunches,21.0,9.0,partial,06:47,13:07,
WO-2025-0512-H-018,2025-05-12,harvest,harvest,4,144,G4-03,19,9,1866,1659,bunches,19.0,9.0,completed,07:04,13:25,
WO-2025-0512-H-019,2025-05-12,harvest,harvest,4,151,G4-03,16,9,1712,1502,bunches,16.0,9.0,completed,07:03,13:35,
WO-2025-0512-H-020,2025-05-12,harvest,harvest,4,156,G4-04,10,9,1024,975,bunches,10.0,9.0,completed,07:04,14:14,
WO-2025-0512-H-021,2025-05-12,harvest,harvest,4,158,G4-04,20,9,2053,1641,bunches,20.0,9.0,partial,06:55,12:48,
WO-2025-0512-H-022,2025-05-12,harvest,harvest,4,159,G4-04,23,9,2333,2301,bunches,23.0,9.0,completed,07:10,13:58,
WO-2025-0512-H-023,2025-05-12,harvest,harvest,4,160,G4-04,13,9,1289,1381,bunches,13.0,9.0,completed,06:52,14:16,
WO-2025-0512-H-024,2025-05-12,harvest,harvest,5,169,G5-01,12,9,1249,1142,bunches,12.0,9.0,completed,06:54,13:52,
WO-2025-0512-H-025,2025-05-12,harvest,harvest,5,170,G5-01,8,8,843,812,bunches,8.0,8.0,completed,07:02,14:06,
WO-2025-0512-H-026,2025-05-12,harvest,harvest,5,185,G5-02,10,9,1084,959,bunches,10.0,9.0,completed,06:57,13:06,
WO-2025-0512-H-027,2025-05-12,harvest,harvest,5,194,G5-03,27,9,2805,2840,bunches,27.0,9.0,completed,07:15,14:50,
WO-2025-0512-H-028,2025-05-12,harvest,harvest,5,199,G5-03,17,9,1661,1690,bunches,17.0,9.0,completed,06:49,14:24,
WO-2025-0512-H-029,2025-05-12,harvest,harvest,6,204,G6-01,19,9,1959,1580,bunches,19.0,9.0,partial,07:01,12:26,WO-2025-0515-H-041
WO-2025-0512-H-030,2025-05-12,harvest,harvest,6,208,G6-01,7,7,736,676,bunches,7.0,7.0,completed,06:45,13:15,
WO-2025-0512-H-031,2025-05-12,harvest,harvest,6,263,G6-04,4,5,422,452,bunches,4.0,5.0,completed,06:48,14:49,
WO-2025-0512-H-032,2025-05-12,harvest,harvest,6,267,G6-04,16,9,1718,1521,bunches,16.0,9.0,completed,06:54,12:58,
WO-2025-0512-H-033,2025-05-12,harvest,harvest,7,293,G7-01,14,9,1429,1269,bunches,14.0,9.0,completed,06:56,13:23,
WO-2025-0512-H-034,2025-05-12,harvest,harvest,7,299,G7-02,20,9,2060,1746,bunches,20.0,9.0,partial,06:49,12:43,
WO-2025-0512-H-035,2025-05-12,harvest,harvest,7,330,G7-03,9,9,906,951,bunches,9.0,9.0,completed,06:53,14:47,
WO-2025-0512-H-036,2025-05-12,harvest,harvest,7,332,G7-03,10,9,1007,861,bunches,10.0,9.0,completed,06:52,13:08,
WO-2025-0512-H-037,2025-05-12,harvest,harvest,7,333,G7-03,11,9,1121,1070,bunches,11.0,9.0,completed,06:56,13:48,
WO-2025-0512-H-038,2025-05-12,harvest,harvest,7,334,G7-03,16,9,1664,1650,bunches,16.0,9.0,completed,07:01,14:13,
WO-2025-0512-H-039,2025-05-12,harvest,harvest,7,338,G7-03,25,0,2531,0,bunches,25.0,0.0,not_started,06:51,,WO-2025-0513-H-049
WO-2025-0512-H-040,2025-05-12,harvest,harvest,7,341,G7-04,21,9,2107,1886,bunches,21.0,9.0,completed,07:11,13:16,
WO-2025-0512-H-041,2025-05-12,harvest,harvest,7,347,G7-04,21,9,2332,1969,bunches,21.0,9.0,partial,07:10,13:14,WO-2025-0514-H-049
WO-2025-0513-H-001,2025-05-13,harvest,harvest,1,5,G1-01,4,3,363,354,bunches,4.0,3.0,completed,06:51,14:12,
WO-2025-0513-H-002,2025-05-13,harvest,harvest,1,10,G1-01,9,7,888,727,bunches,9.0,7.0,partial,07:00,13:09,WO-2025-0515-H-002
WO-2025-0513-H-003,2025-05-13,harvest,harvest,1,11,G1-02,11,9,1100,1145,bunches,11.0,9.0,completed,07:13,14:57,
WO-2025-0513-H-004,2025-05-13,harvest,harvest,1,38,G1-04,17,9,1662,1399,bunches,17.0,9.0,partial,07:00,13:16,
WO-2025-0513-H-005,2025-05-13,harvest,harvest,2,40,G2-01,11,0,1153,0,bunches,11.0,0.0,not_started,06:53,,WO-2025-0514-H-011
WO-2025-0513-H-006,2025-05-13,harvest,harvest,2,41,G2-01,11,9,1132,1131,bunches,11.0,9.0,completed,06:48,13:43,
WO-2025-0513-H-007,2025-05-13,harvest,harvest,2,47,G2-01,40,9,3908,3444,bunches,40.0,9.0,completed,06:57,13:14,
WO-2025-0513-H-008,2025-05-13,harvest,harvest,2,50,G2-02,12,9,1223,1078,bunches,12.0,9.0,completed,07:09,13:51,
WO-2025-0513-H-009,2025-05-13,harvest,harvest,2,55,G2-02,21,9,2115,1748,bunches,21.0,9.0,partial,06:52,13:12,
WO-2025-0513-H-010,2025-05-13,harvest,harvest,2,64,G2-03,14,9,1358,1372,bunches,14.0,9.0,completed,07:09,14:06,
WO-2025-0513-H-011,2025-05-13,harvest,harvest,2,67,G2-03,19,9,1934,1823,bunches,19.0,9.0,completed,07:08,14:02,
WO-2025-0513-H-012,2025-05-13,harvest,harvest,2,68,G2-03,14,9,1443,1619,bunches,14.0,9.0,completed,07:20,15:48,
WO-2025-0513-H-013,2025-05-13,harvest,harvest,2,73,G2-04,13,0,1310,0,bunches,13.0,0.0,not_started,06:54,,WO-2025-0514-H-016
WO-2025-0513-H-014,2025-05-13,harvest,harvest,2,382,G2-04,14,9,1472,1455,bunches,14.0,9.0,completed,06:57,14:13,
WO-2025-0513-H-015,2025-05-13,harvest,harvest,3,84,G3-01,21,9,2088,1966,bunches,21.0,9.0,completed,07:05,13:55,
WO-2025-0513-H-016,2025-05-13,harvest,harvest,3,85,G3-01,12,9,1249,1255,bunches,12.0,9.0,completed,06:50,14:19,
WO-2025-0513-H-017,2025-05-13,harvest,harvest,3,92,G3-02,18,9,1798,1317,bunches,18.0,9.0,partial,07:05,12:25,
WO-2025-0513-H-018,2025-05-13,harvest,harvest,3,96,G3-02,26,9,2604,1959,bunches,26.0,9.0,partial,06:58,12:47,WO-2025-0517-H-015
WO-2025-0513-H-019,2025-05-13,harvest,harvest,3,102,G3-03,13,9,1304,1092,bunches,13.0,9.0,partial,07:03,13:02,
WO-2025-0513-H-020,2025-05-13,harvest,harvest,3,106,G3-03,6,6,586,553,bunches,6.0,6.0,completed,06:51,13:37,
WO-2025-0513-H-021,2025-05-13,harvest,harvest,3,108,G3-03,18,9,1876,2091,bunches,18.0,9.0,completed,06:54,15:05,
WO-2025-0513-H-022,2025-05-13,harvest,harvest,3,112,G3-03,15,9,1562,1531,bunches,15.0,9.0,completed,07:04,14:22,
WO-2025-0513-H-023,2025-05-13,harvest,harvest,3,369,G3-04,2,2,247,196,bunches,2.0,2.0,partial,07:20,13:03,
WO-2025-0513-H-024,2025-05-13,harvest,harvest,4,138,G4-02,19,9,2099,2041,bunches,19.0,9.0,completed,06:56,14:08,
WO-2025-0513-H-025,2025-05-13,harvest,harvest,4,149,G4-03,22,9,2283,1694,bunches,22.0,9.0,partial,07:16,12:47,
WO-2025-0513-H-026,2025-05-13,harvest,harvest,4,150,G4-03,21,9,2193,1890,bunches,21.0,9.0,completed,06:59,13:31,
WO-2025-0513-H-027,2025-05-13,harvest,harvest,4,154,G4-03,3,2,281,191,bunches,3.0,2.0,partial,07:19,11:50,
WO-2025-0513-H-028,2025-05-13,harvest,harvest,4,157,G4-04,20,9,2002,1834,bunches,20.0,9.0,completed,07:07,13:28,
WO-2025-0513-H-029,2025-05-13,harvest,harvest,5,178,G5-01,32,9,3319,2712,bunches,32.0,9.0,partial,07:18,12:48,
WO-2025-0513-H-030,2025-05-13,harvest,harvest,5,179,G5-01,10,9,1082,964,bunches,10.0,9.0,completed,06:00,13:28,
WO-2025-0513-H-031,2025-05-13,harvest,harvest,5,186,G5-02,11,8,1092,780,bunches,11.0,8.0,partial,07:10,11:55,WO-2025-0517-H-020
WO-2025-0513-H-032,2025-05-13,harvest,harvest,5,192,G5-02,17,9,1741,1244,bunches,17.0,9.0,partial,07:06,11:53,
WO-2025-0513-H-033,2025-05-13,harvest,harvest,5,195,G5-03,35,9,3629,2487,bunches,35.0,9.0,partial,06:56,12:12,
WO-2025-0513-H-034,2025-05-13,harvest,harvest,5,200,G5-03,13,9,1272,1171,bunches,13.0,9.0,completed,06:48,13:14,
WO-2025-0513-H-035,2025-05-13,harvest,harvest,6,206,G6-01,9,9,954,1015,bunches,9.0,9.0,completed,07:04,14:36,
WO-2025-0513-H-036,2025-05-13,harvest,harvest,6,207,G6-01,15,9,1630,1186,bunches,15.0,9.0,partial,07:16,12:10,WO-2025-0515-H-042
WO-2025-0513-H-037,2025-05-13,harvest,harvest,6,208,G6-01,8,7,806,676,bunches,8.0,7.0,partial,06:49,12:56,WO-2025-0516-H-031
WO-2025-0513-H-038,2025-05-13,harvest,harvest,6,215,G6-02,16,9,1685,1915,bunches,16.0,9.0,completed,07:17,15:07,
WO-2025-0513-H-039,2025-05-13,harvest,harvest,6,216,G6-02,25,9,2584,2209,bunches,25.0,9.0,completed,07:18,13:34,
WO-2025-0513-H-040,2025-05-13,harvest,harvest,6,230,G6-02,19,9,1997,1866,bunches,19.0,9.0,completed,07:13,14:06,
WO-2025-0513-H-041,2025-05-13,harvest,harvest,6,249,G6-03,12,9,1191,1240,bunches,12.0,9.0,completed,07:18,15:11,
WO-2025-0513-H-042,2025-05-13,harvest,harvest,6,250,G6-03,20,9,2047,1662,bunches,20.0,9.0,partial,06:59,13:11,WO-2025-0518-H-043
WO-2025-0513-H-043,2025-05-13,harvest,harvest,6,262,G6-04,15,9,1495,1340,bunches,15.0,9.0,completed,06:57,13:34,
WO-2025-0513-H-044,2025-05-13,harvest,harvest,6,268,G6-05,7,6,756,687,bunches,7.0,6.0,completed,07:15,13:44,
WO-2025-0513-H-045,2025-05-13,harvest,harvest,7,287,G7-01,11,9,1102,978,bunches,11.0,9.0,completed,06:51,13:27,
WO-2025-0513-H-046,2025-05-13,harvest,harvest,7,297,G7-01,21,9,2048,1514,bunches,21.0,9.0,partial,06:49,12:27,WO-2025-0518-H-047
WO-2025-0513-H-047,2025-05-13,harvest,harvest,7,307,G7-02,8,7,882,725,bunches,8.0,7.0,partial,06:49,12:40,
WO-2025-0513-H-048,2025-05-13,harvest,harvest,7,329,G7-03,4,5,434,469,bunches,4.0,5.0,completed,07:14,14:43,
WO-2025-0513-H-049,2025-05-13,harvest,harvest,7,338,G7-03,25,9,2531,2100,bunches,25.0,9.0,partial,07:02,13:16,
WO-2025-0513-H-050,2025-05-13,harvest,harvest,7,344,G7-04,26,9,2804,2341,bunches,26.0,9.0,partial,06:52,13:00,
WO-2025-0514-H-001,2025-05-14,harvest,harvest,1,6,G1-01,3,2,299,257,bunches,3.0,2.0,completed,06:48,13:01,
WO-2025-0514-H-002,2025-05-14,harvest,harvest,1,7,G1-01,7,6,663,667,bunches,7.0,6.0,completed,07:13,14:25,
WO-2025-0514-H-003,2025-05-14,harvest,harvest,1,16,G1-02,16,9,1597,1592,bunches,16.0,9.0,completed,07:17,14:17,
WO-2025-0514-H-004,2025-05-14,harvest,harvest,1,20,G1-02,8,8,808,823,bunches,8.0,8.0,completed,06:56,14:19,
WO-2025-0514-H-005,2025-05-14,harvest,harvest,1,25,G1-03,19,9,1896,1812,bunches,19.0,9.0,completed,06:49,13:27,
WO-2025-0514-H-006,2025-05-14,harvest,harvest,1,27,G1-03,5,5,491,463,bunches,5.0,5.0,completed,06:54,14:04,
WO-2025-0514-H-007,2025-05-14,harvest,harvest,1,28,G1-03,10,8,1026,797,bunches,10.0,8.0,partial,07:03,12:30,WO-2025-0515-H-007
WO-2025-0514-H-008,2025-05-14,harvest,harvest,1,29,G1-03,7,7,668,712,bunches,7.0,7.0,completed,07:11,14:31,
WO-2025-0514-H-009,2025-05-14,harvest,harvest,1,31,G1-04,9,8,893,892,bunches,9.0,8.0,completed,07:16,14:48,
WO-2025-0514-H-010,2025-05-14,harvest,harvest,1,36,G1-04,13,9,1337,1194,bunches,13.0,9.0,completed,07:19,13:31,
WO-2025-0514-H-011,2025-05-14,harvest,harvest,2,40,G2-01,11,9,1153,892,bunches,11.0,9.0,partial,07:17,12:32,
WO-2025-0514-H-012,2025-05-14,harvest,harvest,2,43,G2-01,13,9,1313,1510,bunches,13.0,9.0,completed,06:59,15:03,
WO-2025-0514-H-013,2025-05-14,harvest,harvest,2,51,G2-02,12,9,1164,1303,bunches,12.0,9.0,completed,06:56,15:04,
WO-2025-0514-H-014,2025-05-14,harvest,harvest,2,52,G2-02,27,9,2702,2363,bunches,27.0,9.0,completed,07:20,13:37,
WO-2025-0514-H-015,2025-05-14,harvest,harvest,2,56,G2-02,11,9,1131,1236,bunches,11.0,9.0,completed,07:02,15:17,
WO-2025-0514-H-016,2025-05-14,harvest,harvest,2,73,G2-04,13,9,1310,1148,bunches,13.0,9.0,completed,06:59,13:28,
WO-2025-0514-H-017,2025-05-14,harvest,harvest,3,75,G3-01,12,9,1229,1205,bunches,12.0,9.0,completed,07:13,14:29,
WO-2025-0514-H-018,2025-05-14,harvest,harvest,3,78,G3-01,10,9,1020,869,bunches,10.0,9.0,completed,07:00,12:52,
WO-2025-0514-H-019,2025-05-14,harvest,harvest,3,89,G3-02,14,9,1393,1355,bunches,14.0,9.0,completed,06:53,14:02,
WO-2025-0514-H-020,2025-05-14,harvest,harvest,3,90,G3-02,13,9,1232,1417,bunches,13.0,9.0,completed,07:06,14:59,
WO-2025-0514-H-021,2025-05-14,harvest,harvest,3,91,G3-02,16,9,1557,1600,bunches,16.0,9.0,completed,06:46,14:13,
WO-2025-0514-H-022,2025-05-14,harvest,harvest,3,97,G3-02,14,9,1404,1266,bunches,14.0,9.0,completed,06:57,13:37,
WO-2025-0514-H-023,2025-05-14,harvest,harvest,3,103,G3-03,14,9,1413,1231,bunches,14.0,9.0,completed,06:59,12:00,
WO-2025-0514-H-024,2025-05-14,harvest,harvest,3,117,G3-04,9,8,939,735,bunches,9.0,8.0,partial,07:12,13:05,
WO-2025-0514-H-025,2025-05-14,harvest,harvest,4,126,G4-01,6,5,679,565,bunches,6.0,5.0,partial,06:59,12:57,
WO-2025-0514-H-026,2025-05-14,harvest,harvest,4,128,G4-01,30,9,3181,3128,bunches,30.0,9.0,completed,07:04,14:27,
WO-2025-0514-H-027,2025-05-14,harvest,harvest,4,134,G4-02,17,9,1802,1790,bunches,17.0,9.0,completed,07:13,14:27,
WO-2025-0514-H-028,2025-05-14,harvest,harvest,4,139,G4-02,14,9,1575,1642,bunches,14.0,9.0,completed,06:50,14:13,
WO-2025-0514-H-029,2025-05-14,harvest,harvest,4,140,G4-02,10,9,1072,1039,bunches,10.0,9.0,completed,06:50,14:05,
WO-2025-0514-H-030,2025-05-14,harvest,harvest,4,146,G4-03,20,9,2130,1997,bunches,20.0,9.0,completed,06:53,13:35,
WO-2025-0514-H-031,2025-05-14,harvest,harvest,4,166,G4-04,17,9,1743,1429,bunches,17.0,9.0,partial,07:20,13:16,
WO-2025-0514-H-032,2025-05-14,harvest,harvest,5,171,G5-01,10,9,1119,1095,bunches,10.0,9.0,completed,07:16,13:56,
WO-2025-0514-H-033,2025-05-14,harvest,harvest,5,172,G5-01,12,9,1296,1382,bunches,12.0,9.0,completed,07:12,14:34,
WO-2025-0514-H-034,2025-05-14,harvest,harvest,5,201,G5-03,9,9,941,929,bunches,9.0,9.0,completed,06:59,14:11,
WO-2025-0514-H-035,2025-05-14,harvest,harvest,6,210,G6-01,22,9,2419,2108,bunches,22.0,9.0,completed,07:20,13:30,
WO-2025-0514-H-036,2025-05-14,harvest,harvest,6,212,G6-01,11,9,1220,1134,bunches,11.0,9.0,completed,06:55,13:18,
WO-2025-0514-H-037,2025-05-14,harvest,harvest,6,213,G6-02,17,9,1807,1325,bunches,17.0,9.0,partial,07:10,12:20,WO-2025-0518-H-041
WO-2025-0514-H-038,2025-05-14,harvest,harvest,6,214,G6-02,13,9,1363,1172,bunches,13.0,9.0,completed,07:15,13:16,
WO-2025-0514-H-039,2025-05-14,harvest,harvest,6,247,G6-02,12,9,1224,1368,bunches,12.0,9.0,completed,07:20,15:34,
WO-2025-0514-H-040,2025-05-14,harvest,harvest,6,265,G6-04,17,9,1769,1740,bunches,17.0,9.0,completed,07:17,14:15,
WO-2025-0514-H-041,2025-05-14,harvest,harvest,6,269,G6-05,12,9,1307,1290,bunches,12.0,9.0,completed,07:08,14:21,
WO-2025-0514-H-042,2025-05-14,harvest,harvest,6,271,G6-05,20,9,2159,1947,bunches,20.0,9.0,completed,07:02,13:25,
WO-2025-0514-H-043,2025-05-14,harvest,harvest,6,272,G6-05,11,8,1090,850,bunches,11.0,8.0,partial,07:03,12:43,WO-2025-0517-H-028
WO-2025-0514-H-044,2025-05-14,harvest,harvest,7,300,G7-02,17,9,1686,1314,bunches,17.0,9.0,partial,07:05,13:03,WO-2025-0519-H-041
WO-2025-0514-H-045,2025-05-14,harvest,harvest,7,306,G7-02,14,9,1356,1453,bunches,14.0,9.0,completed,06:54,14:22,
WO-2025-0514-H-046,2025-05-14,harvest,harvest,7,311,G7-03,20,9,2119,2035,bunches,20.0,9.0,completed,07:06,14:09,
WO-2025-0514-H-047,2025-05-14,harvest,harvest,7,345,G7-04,21,0,2220,0,bunches,21.0,0.0,not_started,07:14,,WO-2025-0515-H-056
WO-2025-0514-H-048,2025-05-14,harvest,harvest,7,346,G7-04,12,9,1305,1430,bunches,12.0,9.0,completed,06:49,14:30,
WO-2025-0514-H-049,2025-05-14,harvest,harvest,7,347,G7-04,18,9,1939,1969,bunches,18.0,9.0,completed,06:00,14:21,
WO-2025-0514-H-050,2025-05-14,harvest,harvest,7,348,G7-04,16,9,1742,1724,bunches,16.0,9.0,completed,06:55,14:08,
WO-2025-0515-H-001,2025-05-15,harvest,harvest,1,8,G1-01,11,9,1056,909,bunches,11.0,9.0,completed,06:55,13:09,
WO-2025-0515-H-002,2025-05-15,harvest,harvest,1,10,G1-01,6,7,640,727,bunches,6.0,7.0,completed,06:53,14:41,
WO-2025-0515-H-003,2025-05-15,harvest,harvest,1,11,G1-02,12,9,1182,1145,bunches,12.0,9.0,completed,06:58,14:03,
WO-2025-0515-H-004,2025-05-15,harvest,harvest,1,13,G1-02,8,7,782,640,bunches,8.0,7.0,partial,07:01,13:15,
WO-2025-0515-H-005,2025-05-15,harvest,harvest,1,15,G1-02,33,9,3365,3133,bunches,33.0,9.0,completed,07:03,13:44,
WO-2025-0515-H-006,2025-05-15,harvest,harvest,1,21,G1-03,10,8,968,755,bunches,10.0,8.0,partial,07:12,12:54,WO-2025-0520-H-002
WO-2025-0515-H-007,2025-05-15,harvest,harvest,1,28,G1-03,9,8,917,797,bunches,9.0,8.0,completed,06:48,13:19,
WO-2025-0515-H-008,2025-05-15,harvest,harvest,1,30,G1-03,7,5,694,532,bunches,7.0,5.0,partial,07:10,12:32,WO-2025-0517-H-006
WO-2025-0515-H-009,2025-05-15,harvest,harvest,1,34,G1-04,12,9,1193,877,bunches,12.0,9.0,partial,07:06,12:24,WO-2025-0518-H-009
WO-2025-0515-H-010,2025-05-15,harvest,harvest,1,37,G1-04,13,9,1333,1236,bunches,13.0,9.0,completed,06:48,13:06,
WO-2025-0515-H-011,2025-05-15,harvest,harvest,1,39,G1-04,10,9,1010,932,bunches,10.0,9.0,completed,07:02,13:32,
WO-2025-0515-H-012,2025-05-15,harvest,harvest,2,42,G2-01,29,9,2931,2559,bunches,29.0,9.0,completed,07:19,13:13,
WO-2025-0515-H-013,2025-05-15,harvest,harvest,2,49,G2-01,15,9,1479,1526,bunches,15.0,9.0,completed,06:51,14:24,
WO-2025-0515-H-014,2025-05-15,harvest,harvest,2,50,G2-02,12,9,1205,1078,bunches,12.0,9.0,completed,07:10,13:18,
WO-2025-0515-H-015,2025-05-15,harvest,harvest,2,53,G2-02,15,9,1577,1516,bunches,15.0,9.0,completed,06:53,14:12,
WO-2025-0515-H-016,2025-05-15,harvest,harvest,2,58,G2-02,16,9,1686,1491,bunches,16.0,9.0,completed,06:54,13:23,
WO-2025-0515-H-017,2025-05-15,harvest,harvest,2,66,G2-03,12,9,1270,1096,bunches,12.0,9.0,completed,06:48,12:51,
WO-2025-0515-H-018,2025-05-15,harvest,harvest,3,83,G3-01,15,9,1591,1285,bunches,15.0,9.0,partial,06:53,12:57,
WO-2025-0515-H-019,2025-05-15,harvest,harvest,3,95,G3-02,16,9,1597,1778,bunches,16.0,9.0,completed,07:10,15:09,
WO-2025-0515-H-020,2025-05-15,harvest,harvest,3,98,G3-02,20,9,2020,1877,bunches,20.0,9.0,completed,06:45,13:36,
WO-2025-0515-H-021,2025-05-15,harvest,harvest,3,99,G3-02,11,9,1108,1127,bunches,11.0,9.0,completed,06:54,14:28,
WO-2025-0515-H-022,2025-05-15,harvest,harvest,3,105,G3-03,15,9,1445,1300,bunches,15.0,9.0,completed,07:12,13:37,
WO-2025-0515-H-023,2025-05-15,harvest,harvest,3,113,G3-03,23,9,2246,1454,bunches,23.0,9.0,partial,06:48,11:51,WO-2025-0518-H-022
WO-2025-0515-H-024,2025-05-15,harvest,harvest,4,124,G4-01,12,8,1204,879,bunches,12.0,8.0,partial,06:53,12:20,
WO-2025-0515-H-025,2025-05-15,harvest,harvest,4,141,G4-02,15,9,1540,1578,bunches,15.0,9.0,completed,06:57,14:35,
WO-2025-0515-H-026,2025-05-15,harvest,harvest,4,142,G4-02,15,9,1525,1465,bunches,15.0,9.0,completed,07:00,14:04,
WO-2025-0515-H-027,2025-05-15,harvest,harvest,4,147,G4-03,20,9,1993,1892,bunches,20.0,9.0,completed,06:55,13:59,
WO-2025-0515-H-028,2025-05-15,harvest,harvest,4,152,G4-03,23,9,2354,1731,bunches,23.0,9.0,partial,06:50,11:52,WO-2025-0519-H-022
WO-2025-0515-H-029,2025-05-15,harvest,harvest,5,168,G5-01,20,9,2075,2141,bunches,20.0,9.0,completed,07:20,14:00,
WO-2025-0515-H-030,2025-05-15,harvest,harvest,5,169,G5-01,13,9,1288,1142,bunches,13.0,9.0,completed,06:50,13:16,
WO-2025-0515-H-031,2025-05-15,harvest,harvest,5,170,G5-01,9,8,943,812,bunches,9.0,8.0,completed,07:15,13:21,
WO-2025-0515-H-032,2025-05-15,harvest,harvest,5,174,G5-01,6,6,616,649,bunches,6.0,6.0,completed,07:14,14:49,
WO-2025-0515-H-033,2025-05-15,harvest,harvest,5,176,G5-01,30,9,3200,2470,bunches,30.0,9.0,partial,06:48,11:59,
WO-2025-0515-H-034,2025-05-15,harvest,harvest,5,182,G5-02,12,9,1254,1028,bunches,12.0,9.0,partial,06:46,12:49,WO-2025-0518-H-036
WO-2025-0515-H-035,2025-05-15,harvest,harvest,5,184,G5-02,17,9,1781,1382,bunches,17.0,9.0,partial,07:05,12:17,
WO-2025-0515-H-036,2025-05-15,harvest,harvest,5,190,G5-02,27,9,2919,2500,bunches,27.0,9.0,completed,07:15,13:45,
WO-2025-0515-H-037,2025-05-15,harvest,harvest,5,197,G5-03,24,9,2450,2185,bunches,24.0,9.0,completed,06:58,13:04,
WO-2025-0515-H-038,2025-05-15,harvest,harvest,5,198,G5-03,14,9,1403,1256,bunches,14.0,9.0,completed,07:11,13:49,
WO-2025-0515-H-039,2025-05-15,harvest,harvest,5,373,G5-03,2,2,254,208,bunches,2.0,2.0,partial,06:58,12:50,
WO-2025-0515-H-040,2025-05-15,harvest,harvest,6,203,G6-01,27,9,2871,2059,bunches,27.0,9.0,partial,06:47,12:14,
WO-2025-0515-H-041,2025-05-15,harvest,harvest,6,204,G6-01,16,9,1695,1580,bunches,16.0,9.0,completed,06:49,13:23,
WO-2025-0515-H-042,2025-05-15,harvest,harvest,6,207,G6-01,16,9,1677,1186,bunches,16.0,9.0,partial,06:47,11:47,WO-2025-0519-H-034
WO-2025-0515-H-043,2025-05-15,harvest,harvest,6,211,G6-01,13,9,1420,1285,bunches,13.0,9.0,completed,06:50,13:09,
WO-2025-0515-H-044,2025-05-15,harvest,harvest,6,251,G6-03,9,9,894,839,bunches,9.0,9.0,completed,06:48,13:26,
WO-2025-0515-H-045,2025-05-15,harvest,harvest,6,253,G6-03,17,9,1759,1573,bunches,17.0,9.0,completed,07:21,13:48,
WO-2025-0515-H-046,2025-05-15,harvest,harvest,6,257,G6-03,23,0,2314,0,bunches,23.0,0.0,not_started,07:13,,WO-2025-0516-H-033
WO-2025-0515-H-047,2025-05-15,harvest,harvest,6,268,G6-05,7,6,711,687,bunches,7.0,6.0,completed,07:08,14:07,
WO-2025-0515-H-048,2025-05-15,harvest,harvest,7,288,G7-01,11,9,1211,938,bunches,11.0,9.0,partial,07:16,12:46,
WO-2025-0515-H-049,2025-05-15,harvest,harvest,7,291,G7-01,12,9,1226,1087,bunches,12.0,9.0,completed,07:11,13:42,
WO-2025-0515-H-050,2025-05-15,harvest,harvest,7,296,G7-01,14,9,1370,1146,bunches,14.0,9.0,partial,07:01,12:54,
WO-2025-0515-H-051,2025-05-15,harvest,harvest,7,304,G7-02,15,9,1512,1521,bunches,15.0,9.0,completed,07:03,13:00,
WO-2025-0515-H-052,2025-05-15,harvest,harvest,7,336,G7-03,11,9,1126,1113,bunches,11.0,9.0,completed,06:55,14:07,
WO-2025-0515-H-053,2025-05-15,harvest,harvest,7,337,G7-03,17,9,1684,1312,bunches,17.0,9.0,partial,07:03,12:54,
WO-2025-0515-H-054,2025-05-15,harvest,harvest,7,339,G7-04,17,9,1688,1573,bunches,17.0,9.0,completed,06:55,13:41,
WO-2025-0515-H-055,2025-05-15,harvest,harvest,7,343,G7-04,15,9,1523,1636,bunches,15.0,9.0,completed,07:06,14:00,
WO-2025-0515-H-056,2025-05-15,harvest,harvest,7,345,G7-04,21,9,2220,2151,bunches,21.0,9.0,completed,07:06,14:07,
WO-2025-0516-H-001,2025-05-16,harvest,harvest,1,4,G1-01,7,7,677,646,bunches,7.0,7.0,completed,06:52,13:26,
WO-2025-0516-H-002,2025-05-16,harvest,harvest,1,19,G1-02,6,5,562,505,bunches,6.0,5.0,completed,07:03,13:34,
WO-2025-0516-H-003,2025-05-16,harvest,harvest,1,23,G1-03,27,9,2664,1941,bunches,27.0,9.0,partial,06:47,12:12,
WO-2025-0516-H-004,2025-05-16,harvest,harvest,1,31,G1-04,8,8,824,892,bunches,8.0,8.0,completed,07:18,14:59,
WO-2025-0516-H-005,2025-05-16,harvest,harvest,1,33,G1-04,17,9,1796,1489,bunches,17.0,9.0,partial,07:02,12:00,
WO-2025-0516-H-006,2025-05-16,harvest,harvest,2,41,G2-01,13,9,1300,1133,bunches,13.0,9.0,completed,07:12,13:19,
WO-2025-0516-H-007,2025-05-16,harvest,harvest,2,45,G2-01,11,9,1100,1265,bunches,11.0,9.0,completed,06:55,15:01,
WO-2025-0516-H-008,2025-05-16,harvest,harvest,2,46,G2-01,11,9,1121,1289,bunches,11.0,9.0,completed,07:07,15:21,
WO-2025-0516-H-009,2025-05-16,harvest,harvest,2,59,G2-03,23,9,2281,1746,bunches,23.0,9.0,partial,07:07,12:19,WO-2025-0521-H-014
WO-2025-0516-H-010,2025-05-16,harvest,harvest,2,69,G2-04,27,9,2629,1936,bunches,27.0,9.0,partial,07:19,12:14,
WO-2025-0516-H-011,2025-05-16,harvest,harvest,3,76,G3-01,17,9,1701,1692,bunches,17.0,9.0,completed,07:21,14:33,
WO-2025-0516-H-012,2025-05-16,harvest,harvest,3,89,G3-02,14,9,1359,1355,bunches,14.0,9.0,completed,07:12,14:19,
WO-2025-0516-H-013,2025-05-16,harvest,harvest,3,100,G3-02,15,9,1650,1373,bunches,15.0,9.0,partial,07:01,12:49,
WO-2025-0516-H-014,2025-05-16,harvest,harvest,3,101,G3-03,19,9,1863,1615,bunches,19.0,9.0,completed,06:53,13:30,
WO-2025-0516-H-015,2025-05-16,harvest,harvest,3,104,G3-03,13,9,1287,1233,bunches,13.0,9.0,completed,07:10,13:55,
WO-2025-0516-H-016,2025-05-16,harvest,harvest,3,370,G3-04,2,2,151,169,bunches,2.0,2.0,completed,07:07,15:23,
WO-2025-0516-H-017,2025-05-16,harvest,harvest,4,123,G4-01,10,9,1042,885,bunches,10.0,9.0,partial,06:56,12:55,WO-2025-0519-H-016
WO-2025-0516-H-018,2025-05-16,harvest,harvest,4,127,G4-01,2,2,246,248,bunches,2.0,2.0,completed,06:51,14:19,
WO-2025-0516-H-019,2025-05-16,harvest,harvest,4,129,G4-01,14,9,1534,1334,bunches,14.0,9.0,completed,07:20,13:27,
WO-2025-0516-H-020,2025-05-16,harvest,harvest,4,135,G4-02,21,9,2234,1583,bunches,21.0,9.0,partial,06:59,11:45,WO-2025-0521-H-025
WO-2025-0516-H-021,2025-05-16,harvest,harvest,4,145,G4-03,9,9,932,1054,bunches,9.0,9.0,completed,07:00,14:46,
WO-2025-0516-H-022,2025-05-16,harvest,harvest,4,151,G4-03,19,9,1940,1502,bunches,19.0,9.0,partial,07:17,12:54,WO-2025-0521-H-029
WO-2025-0516-H-023,2025-05-16,harvest,harvest,4,156,G4-04,9,9,886,975,bunches,9.0,9.0,completed,06:54,15:11,
WO-2025-0516-H-024,2025-05-16,harvest,harvest,4,160,G4-04,15,9,1574,1381,bunches,15.0,9.0,completed,07:18,13:35,
WO-2025-0516-H-025,2025-05-16,harvest,harvest,5,177,G5-01,23,9,2423,2637,bunches,23.0,9.0,completed,07:02,14:43,
WO-2025-0516-H-026,2025-05-16,harvest,harvest,5,180,G5-02,36,9,3790,3173,bunches,36.0,9.0,partial,06:59,13:23,
WO-2025-0516-H-027,2025-05-16,harvest,harvest,5,187,G5-02,26,9,2643,2030,bunches,26.0,9.0,partial,06:46,11:58,
WO-2025-0516-H-028,2025-05-16,harvest,harvest,5,202,G5-03,23,9,2327,2171,bunches,23.0,9.0,completed,07:09,13:38,
WO-2025-0516-H-029,2025-05-16,harvest,harvest,6,205,G6-01,20,9,2021,1937,bunches,20.0,9.0,completed,06:54,14:01,
WO-2025-0516-H-030,2025-05-16,harvest,harvest,6,206,G6-01,10,9,1052,1015,bunches,10.0,9.0,completed,07:13,13:58,
WO-2025-0516-H-031,2025-05-16,harvest,harvest,6,208,G6-01,6,7,601,676,bunches,6.0,7.0,completed,07:04,15:16,
WO-2025-0516-H-032,2025-05-16,harvest,harvest,6,212,G6-01,11,9,1178,1134,bunches,11.0,9.0,completed,07:18,13:59,
WO-2025-0516-H-033,2025-05-16,harvest,harvest,6,257,G6-03,23,9,2314,2065,bunches,23.0,9.0,completed,07:14,13:59,
WO-2025-0516-H-034,2025-05-16,harvest,harvest,7,289,G7-01,14,9,1396,1089,bunches,14.0,9.0,partial,06:48,12:06,
WO-2025-0516-H-035,2025-05-16,harvest,harvest,7,290,G7-01,10,9,962,1106,bunches,10.0,9.0,completed,07:06,15:19,
WO-2025-0516-H-036,2025-05-16,harvest,harvest,7,292,G7-01,10,9,1011,953,bunches,10.0,9.0,completed,06:48,13:21,
WO-2025-0516-H-037,2025-05-16,harvest,harvest,7,293,G7-01,14,9,1396,1269,bunches,14.0,9.0,completed,07:07,13:38,
WO-2025-0516-H-038,2025-05-16,harvest,harvest,7,311,G7-03,17,9,1797,2035,bunches,17.0,9.0,completed,07:13,15:19,
WO-2025-0516-H-039,2025-05-16,harvest,harvest,7,342,G7-04,24,9,2499,1879,bunches,24.0,9.0,partial,06:47,12:18,
WO-2025-0517-H-001,2025-05-17,harvest,harvest,1,3,G1-01,11,9,1080,846,bunches,11.0,9.0,partial,07:01,12:00,
WO-2025-0517-H-002,2025-05-17,harvest,harvest,1,7,G1-01,10,6,997,667,bunches,10.0,6.0,partial,07:00,11:46,WO-2025-0521-H-002
WO-2025-0517-H-003,2025-05-17,harvest,harvest,1,8,G1-01,11,9,1099,909,bunches,11.0,9.0,partial,07:17,12:51,WO-2025-0522-H-002
WO-2025-0517-H-004,2025-05-17,harvest,harvest,1,14,G1-02,22,9,2318,2415,bunches,22.0,9.0,completed,07:20,14:39,
WO-2025-0517-H-005,2025-05-17,harvest,harvest,1,19,G1-02,6,0,640,0,bunches,6.0,0.0,not_started,06:48,,WO-2025-0518-H-004
WO-2025-0517-H-006,2025-05-17,harvest,harvest,1,30,G1-03,6,5,641,532,bunches,6.0,5.0,partial,07:05,12:52,WO-2025-0520-H-005
WO-2025-0517-H-007,2025-05-17,harvest,harvest,2,54,G2-02,27,9,2642,2927,bunches,27.0,9.0,completed,07:09,14:56,
WO-2025-0517-H-008,2025-05-17,harvest,harvest,2,60,G2-03,17,9,1762,2017,bunches,17.0,9.0,completed,07:13,15:43,
WO-2025-0517-H-009,2025-05-17,harvest,harvest,2,63,G2-03,18,9,1766,1412,bunches,18.0,9.0,partial,07:02,13:08,
WO-2025-0517-H-010,2025-05-17,harvest,harvest,2,66,G2-03,10,9,1010,1096,bunches,10.0,9.0,completed,07:07,15:08,
WO-2025-0517-H-011,2025-05-17,harvest,harvest,2,67,G2-03,17,9,1695,1824,bunches,17.0,9.0,completed,06:47,14:35,
WO-2025-0517-H-012,2025-05-17,harvest,harvest,3,79,G3-01,5,4,475,418,bunches,5.0,4.0,completed,06:53,13:10,
WO-2025-0517-H-013,2025-05-17,harvest,harvest,3,90,G3-02,18,9,1732,1417,bunches,18.0,9.0,partial,07:13,12:49,WO-2025-0519-H-012
WO-2025-0517-H-014,2025-05-17,harvest,harvest,3,94,G3-02,9,8,959,788,bunches,9.0,8.0,partial,07:01,12:58,
WO-2025-0517-H-015,2025-05-17,harvest,harvest,3,96,G3-02,19,9,1822,1959,bunches,19.0,9.0,completed,07:20,14:45,
WO-2025-0517-H-016,2025-05-17,harvest,harvest,3,111,G3-03,20,9,2007,1721,bunches,20.0,9.0,completed,07:12,13:32,
WO-2025-0517-H-017,2025-05-17,harvest,harvest,3,121,G3-04,4,4,427,379,bunches,4.0,4.0,completed,06:46,13:08,
WO-2025-0517-H-018,2025-05-17,harvest,harvest,4,148,G4-03,16,9,1632,1475,bunches,16.0,9.0,completed,06:56,13:12,
WO-2025-0517-H-019,2025-05-17,harvest,harvest,5,170,G5-01,8,8,810,812,bunches,8.0,8.0,completed,06:47,13:38,
WO-2025-0517-H-020,2025-05-17,harvest,harvest,5,186,G5-02,10,8,1040,780,bunches,10.0,8.0,partial,07:09,12:42,WO-2025-0519-H-029
WO-2025-0517-H-021,2025-05-17,harvest,harvest,5,189,G5-02,27,9,2789,2572,bunches,27.0,9.0,completed,07:14,13:59,
WO-2025-0517-H-022,2025-05-17,harvest,harvest,6,222,G6-02,7,6,676,590,bunches,7.0,6.0,completed,07:17,13:52,
WO-2025-0517-H-023,2025-05-17,harvest,harvest,6,223,G6-02,33,9,3346,2877,bunches,33.0,9.0,completed,07:00,13:18,
WO-2025-0517-H-024,2025-05-17,harvest,harvest,6,245,G6-02,31,9,3087,2891,bunches,31.0,9.0,completed,07:09,13:57,
WO-2025-0517-H-025,2025-05-17,harvest,harvest,6,248,G6-03,22,9,2169,1468,bunches,22.0,9.0,partial,07:19,11:59,WO-2025-0520-H-037
WO-2025-0517-H-026,2025-05-17,harvest,harvest,6,252,G6-03,50,9,5212,4420,bunches,50.0,9.0,partial,07:13,12:57,
WO-2025-0517-H-027,2025-05-17,harvest,harvest,6,259,G6-04,10,8,1051,763,bunches,10.0,8.0,partial,07:05,12:09,
WO-2025-0517-H-028,2025-05-17,harvest,harvest,6,272,G6-05,7,8,739,850,bunches,7.0,8.0,completed,07:02,15:11,
WO-2025-0517-H-029,2025-05-17,harvest,harvest,6,380,G6-05,19,9,2053,2361,bunches,19.0,9.0,completed,06:45,15:15,
WO-2025-0517-H-030,2025-05-17,harvest,harvest,7,293,G7-01,12,9,1203,1269,bunches,12.0,9.0,completed,06:48,14:19,
WO-2025-0517-H-031,2025-05-17,harvest,harvest,7,298,G7-01,10,9,988,1035,bunches,10.0,9.0,completed,06:59,14:43,
WO-2025-0517-H-032,2025-05-17,harvest,harvest,7,305,G7-02,12,9,1269,1271,bunches,12.0,9.0,completed,07:05,13:58,
WO-2025-0517-H-033,2025-05-17,harvest,harvest,7,310,G7-02,15,9,1533,1271,bunches,15.0,9.0,partial,07:02,13:13,
WO-2025-0517-H-034,2025-05-17,harvest,harvest,7,328,G7-03,7,7,691,710,bunches,7.0,7.0,completed,07:08,14:35,
WO-2025-0517-H-035,2025-05-17,harvest,harvest,7,333,G7-03,10,9,1043,1070,bunches,10.0,9.0,completed,07:05,14:24,
WO-2025-0517-H-036,2025-05-17,harvest,harvest,7,335,G7-03,18,9,1804,1724,bunches,18.0,9.0,completed,07:02,13:32,
WO-2025-0517-H-037,2025-05-17,harvest,harvest,7,346,G7-04,15,9,1624,1430,bunches,15.0,9.0,completed,06:55,13:11,
WO-2025-0518-H-001,2025-05-18,harvest,harvest,1,5,G1-01,6,3,582,354,bunches,6.0,3.0,partial,07:21,11:41,WO-2025-0522-H-001
WO-2025-0518-H-002,2025-05-18,harvest,harvest,1,9,G1-01,17,8,1689,818,bunches,17.0,8.0,partial,07:01,10:33,WO-2025-0519-H-003
WO-2025-0518-H-003,2025-05-18,harvest,harvest,1,17,G1-02,15,9,1524,1285,bunches,15.0,9.0,partial,07:06,12:50,
WO-2025-0518-H-004,2025-05-18,harvest,harvest,1,19,G1-02,6,5,640,505,bunches,6.0,5.0,partial,06:48,12:20,WO-2025-0523-H-002
WO-2025-0518-H-005,2025-05-18,harvest,harvest,1,20,G1-02,10,8,969,826,bunches,10.0,8.0,completed,06:50,13:05,
WO-2025-0518-H-006,2025-05-18,harvest,harvest,1,29,G1-03,15,7,1518,712,bunches,15.0,7.0,partial,07:11,10:23,WO-2025-0520-H-004
WO-2025-0518-H-007,2025-05-18,harvest,harvest,1,31,G1-04,9,8,888,892,bunches,9.0,8.0,completed,07:08,14:20,
WO-2025-0518-H-008,2025-05-18,harvest,harvest,1,32,G1-04,13,9,1391,1488,bunches,13.0,9.0,completed,06:59,14:29,
WO-2025-0518-H-009,2025-05-18,harvest,harvest,1,34,G1-04,10,9,1044,877,bunches,10.0,9.0,partial,07:05,13:13,WO-2025-0523-H-007
WO-2025-0518-H-010,2025-05-18,harvest,harvest,1,39,G1-04,9,9,870,932,bunches,9.0,9.0,completed,07:12,14:43,
WO-2025-0518-H-011,2025-05-18,harvest,harvest,2,46,G2-01,23,9,2323,1289,bunches,23.0,9.0,partial,06:58,11:18,WO-2025-0521-H-010
WO-2025-0518-H-012,2025-05-18,harvest,harvest,2,50,G2-02,20,9,1987,1078,bunches,20.0,9.0,partial,07:06,11:13,WO-2025-0521-H-012
WO-2025-0518-H-013,2025-05-18,harvest,harvest,2,73,G2-04,11,9,1161,1148,bunches,11.0,9.0,completed,06:54,14:08,
WO-2025-0518-H-014,2025-05-18,harvest,harvest,2,74,G2-04,25,9,2553,2607,bunches,25.0,9.0,completed,07:14,14:42,
WO-2025-0518-H-015,2025-05-18,harvest,harvest,2,382,G2-04,14,9,1476,1455,bunches,14.0,9.0,completed,07:11,14:10,
WO-2025-0518-H-016,2025-05-18,harvest,harvest,3,77,G3-01,23,9,2386,1611,bunches,23.0,9.0,partial,06:46,11:39,
WO-2025-0518-H-017,2025-05-18,harvest,harvest,3,86,G3-01,18,9,1779,1107,bunches,18.0,9.0,partial,06:49,11:10,WO-2025-0523-H-015
WO-2025-0518-H-018,2025-05-18,harvest,harvest,3,91,G3-02,21,9,2000,1603,bunches,21.0,9.0,partial,06:46,12:50,
WO-2025-0518-H-019,2025-05-18,harvest,harvest,3,97,G3-02,19,9,1873,1266,bunches,19.0,9.0,partial,07:12,12:13,WO-2025-0523-H-017
WO-2025-0518-H-020,2025-05-18,harvest,harvest,3,110,G3-03,13,9,1374,1580,bunches,13.0,9.0,completed,07:19,15:41,
WO-2025-0518-H-021,2025-05-18,harvest,harvest,3,112,G3-03,16,9,1640,1531,bunches,16.0,9.0,completed,06:50,13:37,
WO-2025-0518-H-022,2025-05-18,harvest,harvest,3,113,G3-03,17,9,1647,1454,bunches,17.0,9.0,completed,07:07,13:49,
WO-2025-0518-H-023,2025-05-18,harvest,harvest,4,125,G4-01,11,8,1105,756,bunches,11.0,8.0,partial,06:51,11:39,WO-2025-0523-H-023
WO-2025-0518-H-024,2025-05-18,harvest,harvest,4,131,G4-01,46,9,4920,3490,bunches,46.0,9.0,partial,06:57,12:12,
WO-2025-0518-H-025,2025-05-18,harvest,harvest,4,133,G4-02,28,0,3007,0,bunches,28.0,0.0,not_started,07:06,,WO-2025-0519-H-018
WO-2025-0518-H-026,2025-05-18,harvest,harvest,4,139,G4-02,23,9,2520,1642,bunches,23.0,9.0,partial,06:53,11:57,WO-2025-0522-H-019
WO-2025-0518-H-027,2025-05-18,harvest,harvest,4,143,G4-02,25,9,2590,2054,bunches,25.0,9.0,partial,06:58,12:48,
WO-2025-0518-H-028,2025-05-18,harvest,harvest,4,150,G4-03,29,9,3032,1890,bunches,29.0,9.0,partial,07:14,11:31,WO-2025-0523-H-025
WO-2025-0518-H-029,2025-05-18,harvest,harvest,4,155,G4-04,23,9,2222,1875,bunches,23.0,9.0,partial,07:20,13:36,
WO-2025-0518-H-030,2025-05-18,harvest,harvest,4,156,G4-04,8,9,874,975,bunches,8.0,9.0,completed,07:01,15:11,
WO-2025-0518-H-031,2025-05-18,harvest,harvest,4,157,G4-04,19,9,1965,1837,bunches,19.0,9.0,completed,06:55,13:35,
WO-2025-0518-H-032,2025-05-18,harvest,harvest,5,169,G5-01,13,9,1287,1142,bunches,13.0,9.0,completed,07:15,13:17,
WO-2025-0518-H-033,2025-05-18,harvest,harvest,5,171,G5-01,10,9,1016,1096,bunches,10.0,9.0,completed,06:00,15:08,
WO-2025-0518-H-034,2025-05-18,harvest,harvest,5,173,G5-01,19,9,1905,1815,bunches,19.0,9.0,completed,06:51,13:46,
WO-2025-0518-H-035,2025-05-18,harvest,harvest,5,181,G5-02,36,9,3799,3278,bunches,36.0,9.0,completed,07:11,13:18,
WO-2025-0518-H-036,2025-05-18,harvest,harvest,5,182,G5-02,11,9,1185,1029,bunches,11.0,9.0,completed,07:21,13:39,
WO-2025-0518-H-037,2025-05-18,harvest,harvest,5,188,G5-02,23,9,2246,2432,bunches,23.0,9.0,completed,07:09,14:48,
WO-2025-0518-H-038,2025-05-18,harvest,harvest,5,193,G5-03,22,0,2250,0,bunches,22.0,0.0,not_started,06:58,,WO-2025-0519-H-030
WO-2025-0518-H-039,2025-05-18,harvest,harvest,5,200,G5-03,12,0,1253,0,bunches,12.0,0.0,not_started,07:04,,WO-2025-0519-H-033
WO-2025-0518-H-040,2025-05-18,harvest,harvest,6,209,G6-01,19,9,1946,1175,bunches,19.0,9.0,partial,06:58,10:59,WO-2025-0523-H-030
WO-2025-0518-H-041,2025-05-18,harvest,harvest,6,213,G6-02,16,9,1723,1327,bunches,16.0,9.0,partial,07:03,12:52,
WO-2025-0518-H-042,2025-05-18,harvest,harvest,6,246,G6-02,21,9,2119,2013,bunches,21.0,9.0,completed,06:48,13:19,
WO-2025-0518-H-043,2025-05-18,harvest,harvest,6,250,G6-03,22,9,2294,1664,bunches,22.0,9.0,partial,07:15,12:21,
WO-2025-0518-H-044,2025-05-18,harvest,harvest,6,256,G6-03,25,9,2466,1994,bunches,25.0,9.0,partial,06:51,12:25,
WO-2025-0518-H-045,2025-05-18,harvest,harvest,6,379,G6-05,84,9,8722,4548,bunches,84.0,9.0,partial,06:53,10:17,
WO-2025-0518-H-046,2025-05-18,harvest,harvest,7,295,G7-01,16,9,1626,1086,bunches,16.0,9.0,partial,06:50,11:50,
WO-2025-0518-H-047,2025-05-18,harvest,harvest,7,297,G7-01,22,9,2160,1516,bunches,22.0,9.0,partial,06:58,12:17,
WO-2025-0518-H-048,2025-05-18,harvest,harvest,7,331,G7-03,5,5,458,455,bunches,5.0,5.0,completed,07:01,13:47,
WO-2025-0518-H-049,2025-05-18,harvest,harvest,7,332,G7-03,11,9,1078,863,bunches,11.0,9.0,partial,07:09,12:43,
WO-2025-0518-H-050,2025-05-18,harvest,harvest,7,334,G7-03,18,9,1772,1650,bunches,18.0,9.0,completed,07:18,13:52,
WO-2025-0519-H-001,2025-05-19,harvest,harvest,1,1,G1-01,4,3,367,289,bunches,4.0,3.0,partial,07:05,12:43,
WO-2025-0519-H-002,2025-05-19,harvest,harvest,1,2,G1-01,7,8,724,734,bunches,7.0,8.0,completed,06:57,14:15,
WO-2025-0519-H-003,2025-05-19,harvest,harvest,1,9,G1-01,9,8,950,822,bunches,9.0,8.0,completed,06:47,13:16,
WO-2025-0519-H-004,2025-05-19,harvest,harvest,1,11,G1-02,13,9,1272,1145,bunches,13.0,9.0,completed,06:50,13:37,
WO-2025-0519-H-005,2025-05-19,harvest,harvest,1,22,G1-03,9,9,935,996,bunches,9.0,9.0,completed,07:14,14:39,
WO-2025-0519-H-006,2025-05-19,harvest,harvest,2,57,G2-02,17,9,1746,1985,bunches,17.0,9.0,completed,07:20,15:09,
WO-2025-0519-H-007,2025-05-19,harvest,harvest,2,65,G2-03,13,9,1355,1208,bunches,13.0,9.0,completed,07:19,13:38,
WO-2025-0519-H-008,2025-05-19,harvest,harvest,2,66,G2-03,11,9,1144,1099,bunches,11.0,9.0,completed,07:06,13:39,
WO-2025-0519-H-009,2025-05-19,harvest,harvest,2,68,G2-03,15,0,1529,0,bunches,15.0,0.0,not_started,06:53,,WO-2025-0520-H-010
WO-2025-0519-H-010,2025-05-19,harvest,harvest,2,382,G2-04,16,0,1681,0,bunches,16.0,0.0,not_started,06:49,,WO-2025-0520-H-014
WO-2025-0519-H-011,2025-05-19,harvest,harvest,3,85,G3-01,12,9,1191,1256,bunches,12.0,9.0,completed,07:15,15:01,
WO-2025-0519-H-012,2025-05-19,harvest,harvest,3,90,G3-02,19,9,1849,1421,bunches,19.0,9.0,partial,07:15,12:38,
WO-2025-0519-H-013,2025-05-19,harvest,harvest,3,103,G3-03,13,9,1305,1232,bunches,13.0,9.0,completed,07:07,13:44,
WO-2025-0519-H-014,2025-05-19,harvest,harvest,3,104,G3-03,15,9,1447,1233,bunches,15.0,9.0,completed,07:14,13:09,
WO-2025-0519-H-015,2025-05-19,harvest,harvest,3,107,G3-03,13,9,1401,1223,bunches,13.0,9.0,completed,07:07,13:42,
WO-2025-0519-H-016,2025-05-19,harvest,harvest,4,123,G4-01,9,9,917,888,bunches,9.0,9.0,completed,06:59,13:53,
WO-2025-0519-H-017,2025-05-19,harvest,harvest,4,130,G4-01,27,9,2935,2573,bunches,27.0,9.0,completed,07:12,13:45,
WO-2025-0519-H-018,2025-05-19,harvest,harvest,4,133,G4-02,28,9,3007,3391,bunches,28.0,9.0,completed,07:20,15:44,
WO-2025-0519-H-019,2025-05-19,harvest,harvest,4,134,G4-02,20,9,2147,1790,bunches,20.0,9.0,partial,06:56,13:14,WO-2025-0522-H-017
WO-2025-0519-H-020,2025-05-19,harvest,harvest,4,144,G4-03,18,9,1768,1659,bunches,18.0,9.0,completed,06:45,13:14,
WO-2025-0519-H-021,2025-05-19,harvest,harvest,4,149,G4-03,16,9,1674,1696,bunches,16.0,9.0,completed,07:10,14:49,
WO-2025-0519-H-022,2025-05-19,harvest,harvest,4,152,G4-03,19,9,1980,1731,bunches,19.0,9.0,completed,06:57,12:52,
WO-2025-0519-H-023,2025-05-19,harvest,harvest,4,159,G4-04,27,9,2821,2301,bunches,27.0,9.0,partial,07:20,13:04,
WO-2025-0519-H-024,2025-05-19,harvest,harvest,4,164,G4-04,26,9,2728,1881,bunches,26.0,9.0,partial,07:17,12:35,
WO-2025-0519-H-025,2025-05-19,harvest,harvest,5,168,G5-01,22,9,2269,2141,bunches,22.0,9.0,completed,07:11,14:13,
WO-2025-0519-H-026,2025-05-19,harvest,harvest,5,170,G5-01,10,8,1017,812,bunches,10.0,8.0,partial,07:12,13:19,WO-2025-0522-H-023
WO-2025-0519-H-027,2025-05-19,harvest,harvest,5,179,G5-01,10,9,1011,964,bunches,10.0,9.0,completed,07:03,13:53,
WO-2025-0519-H-028,2025-05-19,harvest,harvest,5,185,G5-02,8,9,834,959,bunches,8.0,9.0,completed,07:11,15:12,
WO-2025-0519-H-029,2025-05-19,harvest,harvest,5,186,G5-02,9,8,910,783,bunches,9.0,8.0,completed,07:09,13:25,
WO-2025-0519-H-030,2025-05-19,harvest,harvest,5,193,G5-03,22,9,2250,1940,bunches,22.0,9.0,completed,06:50,13:12,
WO-2025-0519-H-031,2025-05-19,harvest,harvest,5,196,G5-03,22,9,2228,1958,bunches,22.0,9.0,completed,07:20,13:30,
WO-2025-0519-H-032,2025-05-19,harvest,harvest,5,198,G5-03,15,9,1468,1257,bunches,15.0,9.0,completed,07:02,13:15,
WO-2025-0519-H-033,2025-05-19,harvest,harvest,5,200,G5-03,12,9,1253,1173,bunches,12.0,9.0,completed,07:19,14:01,
WO-2025-0519-H-034,2025-05-19,harvest,harvest,6,207,G6-01,12,9,1291,1186,bunches,12.0,9.0,completed,07:11,13:44,
WO-2025-0519-H-035,2025-05-19,harvest,harvest,6,212,G6-01,10,9,1110,1134,bunches,10.0,9.0,completed,06:52,14:31,
WO-2025-0519-H-036,2025-05-19,harvest,harvest,6,215,G6-02,22,9,2305,1917,bunches,22.0,9.0,partial,07:07,12:48,
WO-2025-0519-H-037,2025-05-19,harvest,harvest,6,249,G6-03,13,9,1363,1241,bunches,13.0,9.0,completed,06:56,13:29,
WO-2025-0519-H-038,2025-05-19,harvest,harvest,6,260,G6-04,18,9,1823,1833,bunches,18.0,9.0,completed,07:15,14:44,
WO-2025-0519-H-039,2025-05-19,harvest,harvest,6,261,G6-04,20,9,1911,2031,bunches,20.0,9.0,completed,06:58,14:35,
WO-2025-0519-H-040,2025-05-19,harvest,harvest,6,266,G6-04,19,9,2000,1926,bunches,19.0,9.0,completed,06:59,13:35,
WO-2025-0519-H-041,2025-05-19,harvest,harvest,7,300,G7-02,13,9,1290,1316,bunches,13.0,9.0,completed,06:58,14:27,
WO-2025-0519-H-042,2025-05-19,harvest,harvest,7,302,G7-02,15,9,1520,1240,bunches,15.0,9.0,partial,07:02,12:40,
WO-2025-0519-H-043,2025-05-19,harvest,harvest,7,341,G7-04,16,9,1687,1886,bunches,16.0,9.0,completed,06:48,15:13,
WO-2025-0519-H-044,2025-05-19,harvest,harvest,7,344,G7-04,19,9,2037,2342,bunches,19.0,9.0,completed,06:56,15:26,
WO-2025-0519-H-045,2025-05-19,harvest,harvest,7,347,G7-04,22,9,2369,1972,bunches,22.0,9.0,partial,06:53,12:46,
WO-2025-0519-H-046,2025-05-19,harvest,harvest,7,348,G7-04,17,9,1814,1724,bunches,17.0,9.0,completed,07:14,14:06,
WO-2025-0520-H-001,2025-05-20,harvest,harvest,1,10,G1-01,9,7,906,727,bunches,9.0,7.0,partial,07:10,13:11,WO-2025-0523-H-001
WO-2025-0520-H-002,2025-05-20,harvest,harvest,1,21,G1-03,8,8,784,756,bunches,8.0,8.0,completed,06:54,13:40,
WO-2025-0520-H-003,2025-05-20,harvest,harvest,1,28,G1-03,9,8,877,797,bunches,9.0,8.0,completed,06:57,13:36,
WO-2025-0520-H-004,2025-05-20,harvest,harvest,1,29,G1-03,7,7,716,712,bunches,7.0,7.0,completed,07:13,14:25,
WO-2025-0520-H-005,2025-05-20,harvest,harvest,1,30,G1-03,6,5,587,533,bunches,6.0,5.0,completed,07:12,13:44,
WO-2025-0520-H-006,2025-05-20,harvest,harvest,1,35,G1-04,10,9,1094,869,bunches,10.0,9.0,partial,07:09,12:42,
WO-2025-0520-H-007,2025-05-20,harvest,harvest,2,40,G2-01,10,9,1047,893,bunches,10.0,9.0,completed,06:53,13:09,
WO-2025-0520-H-008,2025-05-20,harvest,harvest,2,50,G2-02,14,0,1408,0,bunches,14.0,0.0,not_started,06:58,,WO-2025-0521-H-012
WO-2025-0520-H-009,2025-05-20,harvest,harvest,2,56,G2-02,15,9,1471,1238,bunches,15.0,9.0,partial,07:04,13:08,
WO-2025-0520-H-010,2025-05-20,harvest,harvest,2,68,G2-03,15,9,1529,1621,bunches,15.0,9.0,completed,07:11,14:00,
WO-2025-0520-H-011,2025-05-20,harvest,harvest,2,70,G2-04,16,9,1571,1634,bunches,16.0,9.0,completed,07:02,14:32,
WO-2025-0520-H-012,2025-05-20,harvest,harvest,2,71,G2-04,21,9,2180,2305,bunches,21.0,9.0,completed,07:07,14:37,
WO-2025-0520-H-013,2025-05-20,harvest,harvest,2,72,G2-04,12,9,1177,1074,bunches,12.0,9.0,completed,06:49,13:12,
WO-2025-0520-H-014,2025-05-20,harvest,harvest,2,382,G2-04,16,9,1681,1458,bunches,16.0,9.0,completed,06:45,12:58,
WO-2025-0520-H-015,2025-05-20,harvest,harvest,3,78,G3-01,12,9,1164,872,bunches,12.0,9.0,partial,07:08,12:47,
WO-2025-0520-H-016,2025-05-20,harvest,harvest,3,84,G3-01,29,9,2986,1966,bunches,29.0,9.0,partial,06:46,11:47,
WO-2025-0520-H-017,2025-05-20,harvest,harvest,3,88,G3-02,14,9,1350,1335,bunches,14.0,9.0,completed,07:03,13:47,
WO-2025-0520-H-018,2025-05-20,harvest,harvest,3,89,G3-02,13,9,1261,1357,bunches,13.0,9.0,completed,06:53,14:35,
WO-2025-0520-H-019,2025-05-20,harvest,harvest,3,96,G3-02,21,9,2053,1961,bunches,21.0,9.0,completed,07:08,13:56,
WO-2025-0520-H-020,2025-05-20,harvest,harvest,3,111,G3-03,19,9,1898,1725,bunches,19.0,9.0,completed,07:20,13:38,
WO-2025-0520-H-021,2025-05-20,harvest,harvest,3,119,G3-04,3,3,260,277,bunches,3.0,3.0,completed,06:48,14:19,
WO-2025-0520-H-022,2025-05-20,harvest,harvest,4,122,G4-01,12,9,1250,927,bunches,12.0,9.0,partial,07:08,12:35,
WO-2025-0520-H-023,2025-05-20,harvest,harvest,4,126,G4-01,6,5,624,565,bunches,6.0,5.0,completed,07:15,13:59,
WO-2025-0520-H-024,2025-05-20,harvest,harvest,4,140,G4-02,10,9,1080,1041,bunches,10.0,9.0,completed,06:50,13:49,
WO-2025-0520-H-025,2025-05-20,harvest,harvest,4,146,G4-03,21,9,2212,1999,bunches,21.0,9.0,completed,06:54,13:20,
WO-2025-0520-H-026,2025-05-20,harvest,harvest,4,158,G4-04,19,9,1979,1641,bunches,19.0,9.0,partial,06:54,12:50,
WO-2025-0520-H-027,2025-05-20,harvest,harvest,5,174,G5-01,6,6,662,649,bunches,6.0,6.0,completed,07:05,14:13,
WO-2025-0520-H-028,2025-05-20,harvest,harvest,5,178,G5-01,28,9,2885,2713,bunches,28.0,9.0,completed,06:46,13:27,
WO-2025-0520-H-029,2025-05-20,harvest,harvest,5,199,G5-03,22,9,2159,1692,bunches,22.0,9.0,partial,07:00,12:16,
WO-2025-0520-H-030,2025-05-20,harvest,harvest,6,204,G6-01,15,9,1576,1583,bunches,15.0,9.0,completed,06:55,13:50,
WO-2025-0520-H-031,2025-05-20,harvest,harvest,6,206,G6-01,10,9,1038,1015,bunches,10.0,9.0,completed,07:06,14:11,
WO-2025-0520-H-032,2025-05-20,harvest,harvest,6,210,G6-01,20,9,2191,2109,bunches,20.0,9.0,completed,07:19,14:07,
WO-2025-0520-H-033,2025-05-20,harvest,harvest,6,211,G6-01,13,9,1502,1286,bunches,13.0,9.0,completed,07:05,13:29,
WO-2025-0520-H-034,2025-05-20,harvest,harvest,6,214,G6-02,10,9,1085,1176,bunches,10.0,9.0,completed,06:58,14:54,
WO-2025-0520-H-035,2025-05-20,harvest,harvest,6,216,G6-02,20,9,2069,2210,bunches,20.0,9.0,completed,07:16,15:12,
WO-2025-0520-H-036,2025-05-20,harvest,harvest,6,230,G6-02,20,9,2057,1866,bunches,20.0,9.0,completed,06:49,12:58,
WO-2025-0520-H-037,2025-05-20,harvest,harvest,6,248,G6-03,19,9,1875,1469,bunches,19.0,9.0,partial,06:55,12:41,
WO-2025-0520-H-038,2025-05-20,harvest,harvest,6,251,G6-03,9,9,856,839,bunches,9.0,9.0,completed,07:01,14:03,
WO-2025-0520-H-039,2025-05-20,harvest,harvest,6,253,G6-03,17,9,1698,1575,bunches,17.0,9.0,completed,06:51,13:55,
WO-2025-0520-H-040,2025-05-20,harvest,harvest,6,258,G6-04,33,9,3430,3514,bunches,33.0,9.0,completed,07:03,14:20,
WO-2025-0520-H-041,2025-05-20,harvest,harvest,6,263,G6-04,5,5,508,454,bunches,5.0,5.0,completed,07:20,13:59,
WO-2025-0520-H-042,2025-05-20,harvest,harvest,6,267,G6-04,14,9,1495,1522,bunches,14.0,9.0,completed,07:05,14:17,
WO-2025-0520-H-043,2025-05-20,harvest,harvest,6,269,G6-05,18,9,1914,1293,bunches,18.0,9.0,partial,07:18,12:00,
WO-2025-0520-H-044,2025-05-20,harvest,harvest,6,272,G6-05,11,8,1072,854,bunches,11.0,8.0,partial,07:21,13:06,
WO-2025-0520-H-045,2025-05-20,harvest,harvest,7,292,G7-01,8,9,831,956,bunches,8.0,9.0,completed,06:56,15:11,
WO-2025-0520-H-046,2025-05-20,harvest,harvest,7,293,G7-01,12,9,1258,1271,bunches,12.0,9.0,completed,07:14,14:36,
WO-2025-0520-H-047,2025-05-20,harvest,harvest,7,299,G7-02,22,9,2262,1748,bunches,22.0,9.0,partial,06:55,12:24,
WO-2025-0520-H-048,2025-05-20,harvest,harvest,7,329,G7-03,4,5,452,470,bunches,4.0,5.0,completed,07:13,14:51,
WO-2025-0520-H-049,2025-05-20,harvest,harvest,7,340,G7-04,14,9,1419,1587,bunches,14.0,9.0,completed,07:05,15:24,
WO-2025-0521-H-001,2025-05-21,harvest,harvest,1,6,G1-01,3,2,316,258,bunches,3.0,2.0,partial,06:59,13:00,
WO-2025-0521-H-002,2025-05-21,harvest,harvest,1,7,G1-01,7,6,731,672,bunches,7.0,6.0,completed,07:14,14:05,
WO-2025-0521-H-003,2025-05-21,harvest,harvest,1,11,G1-02,13,9,1263,1147,bunches,13.0,9.0,completed,06:56,13:27,
WO-2025-0521-H-004,2025-05-21,harvest,harvest,1,18,G1-02,21,9,2042,1338,bunches,21.0,9.0,partial,07:09,12:02,
WO-2025-0521-H-005,2025-05-21,harvest,harvest,1,26,G1-03,21,9,2232,1682,bunches,21.0,9.0,partial,06:53,12:28,
WO-2025-0521-H-006,2025-05-21,harvest,harvest,1,31,G1-04,10,8,1082,898,bunches,10.0,8.0,partial,06:46,12:50,
WO-2025-0521-H-007,2025-05-21,harvest,harvest,1,36,G1-04,14,9,1463,1196,bunches,14.0,9.0,partial,06:51,13:03,
WO-2025-0521-H-008,2025-05-21,harvest,harvest,1,37,G1-04,18,9,1901,1238,bunches,18.0,9.0,partial,07:05,11:49,
WO-2025-0521-H-009,2025-05-21,harvest,harvest,1,38,G1-04,16,9,1548,1401,bunches,16.0,9.0,completed,07:01,13:51,
WO-2025-0521-H-010,2025-05-21,harvest,harvest,2,46,G2-01,17,9,1677,1291,bunches,17.0,9.0,partial,06:55,12:49,
WO-2025-0521-H-011,2025-05-21,harvest,harvest,2,49,G2-01,17,9,1672,1529,bunches,17.0,9.0,completed,07:03,13:51,
WO-2025-0521-H-012,2025-05-21,harvest,harvest,2,50,G2-02,14,9,1408,1083,bunches,14.0,9.0,partial,06:55,12:05,
WO-2025-0521-H-013,2025-05-21,harvest,harvest,2,58,G2-02,16,9,1663,1492,bunches,16.0,9.0,completed,07:12,13:38,
WO-2025-0521-H-014,2025-05-21,harvest,harvest,2,59,G2-03,20,9,2028,1748,bunches,20.0,9.0,completed,07:02,13:07,
WO-2025-0521-H-015,2025-05-21,harvest,harvest,2,62,G2-03,28,9,2934,2047,bunches,28.0,9.0,partial,07:00,11:42,
WO-2025-0521-H-016,2025-05-21,harvest,harvest,2,64,G2-03,18,9,1777,1372,bunches,18.0,9.0,partial,06:56,12:07,
WO-2025-0521-H-017,2025-05-21,harvest,harvest,3,76,G3-01,18,9,1874,1693,bunches,18.0,9.0,completed,06:47,13:37,
WO-2025-0521-H-018,2025-05-21,harvest,harvest,3,83,G3-01,14,9,1466,1288,bunches,14.0,9.0,completed,07:14,13:29,
WO-2025-0521-H-019,2025-05-21,harvest,harvest,3,92,G3-02,17,9,1719,1319,bunches,17.0,9.0,partial,07:01,12:56,
WO-2025-0521-H-020,2025-05-21,harvest,harvest,3,101,G3-03,23,9,2316,1617,bunches,23.0,9.0,partial,06:50,11:32,
WO-2025-0521-H-021,2025-05-21,harvest,harvest,3,112,G3-03,20,9,2056,1535,bunches,20.0,9.0,partial,07:15,12:43,
WO-2025-0521-H-022,2025-05-21,harvest,harvest,3,118,G3-04,6,5,612,476,bunches,6.0,5.0,partial,06:56,12:09,
WO-2025-0521-H-023,2025-05-21,harvest,harvest,3,369,G3-04,3,2,357,199,bunches,3.0,2.0,partial,07:14,11:31,
WO-2025-0521-H-024,2025-05-21,harvest,harvest,4,124,G4-01,11,8,1143,880,bunches,11.0,8.0,partial,07:08,12:39,
WO-2025-0521-H-025,2025-05-21,harvest,harvest,4,135,G4-02,17,9,1775,1585,bunches,17.0,9.0,completed,07:15,13:58,
WO-2025-0521-H-026,2025-05-21,harvest,harvest,4,136,G4-02,17,9,1786,1884,bunches,17.0,9.0,completed,07:14,14:58,
WO-2025-0521-H-027,2025-05-21,harvest,harvest,4,138,G4-02,25,9,2650,2041,bunches,25.0,9.0,partial,06:56,12:24,
WO-2025-0521-H-028,2025-05-21,harvest,harvest,4,142,G4-02,18,9,1879,1466,bunches,18.0,9.0,partial,07:04,12:51,
WO-2025-0521-H-029,2025-05-21,harvest,harvest,4,151,G4-03,21,9,2162,1503,bunches,21.0,9.0,partial,06:51,11:36,
WO-2025-0521-H-030,2025-05-21,harvest,harvest,4,160,G4-04,17,9,1778,1381,bunches,17.0,9.0,partial,07:10,12:31,
WO-2025-0521-H-031,2025-05-21,harvest,harvest,5,172,G5-01,16,9,1715,1383,bunches,16.0,9.0,partial,07:08,12:55,
WO-2025-0521-H-032,2025-05-21,harvest,harvest,5,184,G5-02,17,9,1827,1382,bunches,17.0,9.0,partial,06:45,12:08,
WO-2025-0521-H-033,2025-05-21,harvest,harvest,5,197,G5-03,35,9,3601,2185,bunches,35.0,9.0,partial,07:03,11:19,
WO-2025-0521-H-034,2025-05-21,harvest,harvest,6,206,G6-01,10,9,1070,1015,bunches,10.0,9.0,completed,06:58,13:57,
WO-2025-0521-H-035,2025-05-21,harvest,harvest,6,207,G6-01,13,9,1418,1188,bunches,13.0,9.0,partial,06:48,12:28,
WO-2025-0521-H-036,2025-05-21,harvest,harvest,6,208,G6-01,10,7,1009,676,bunches,10.0,7.0,partial,07:20,11:46,WO-2025-0523-H-029
WO-2025-0521-H-037,2025-05-21,harvest,harvest,6,268,G6-05,9,6,945,688,bunches,9.0,6.0,partial,07:14,12:12,
WO-2025-0521-H-038,2025-05-21,harvest,harvest,6,270,G6-05,23,9,2432,1846,bunches,23.0,9.0,partial,06:46,11:56,
WO-2025-0521-H-039,2025-05-21,harvest,harvest,7,291,G7-01,14,9,1435,1087,bunches,14.0,9.0,partial,06:56,12:23,
WO-2025-0521-H-040,2025-05-21,harvest,harvest,7,296,G7-01,14,9,1439,1149,bunches,14.0,9.0,partial,06:51,12:35,
WO-2025-0521-H-041,2025-05-21,harvest,harvest,7,301,G7-02,8,8,794,789,bunches,8.0,8.0,completed,07:03,13:58,
WO-2025-0521-H-042,2025-05-21,harvest,harvest,7,303,G7-02,29,9,2921,1718,bunches,29.0,9.0,partial,07:15,11:39,
WO-2025-0521-H-043,2025-05-21,harvest,harvest,7,311,G7-03,22,9,2262,2037,bunches,22.0,9.0,completed,07:16,13:59,
WO-2025-0521-H-044,2025-05-21,harvest,harvest,7,330,G7-03,9,9,906,952,bunches,9.0,9.0,completed,06:58,14:55,
WO-2025-0521-H-045,2025-05-21,harvest,harvest,7,333,G7-03,11,9,1081,1071,bunches,11.0,9.0,completed,07:04,14:02,
WO-2025-0521-H-046,2025-05-21,harvest,harvest,7,336,G7-03,15,9,1578,1116,bunches,15.0,9.0,partial,07:06,12:26,
WO-2025-0521-H-047,2025-05-21,harvest,harvest,7,345,G7-04,22,9,2341,2151,bunches,22.0,9.0,completed,07:20,14:08,
WO-2025-0522-H-001,2025-05-22,harvest,harvest,1,5,G1-01,4,3,383,356,bunches,4.0,3.0,completed,06:58,13:19,
WO-2025-0522-H-002,2025-05-22,harvest,harvest,1,8,G1-01,13,9,1295,909,bunches,13.0,9.0,partial,07:20,12:12,
WO-2025-0522-H-003,2025-05-22,harvest,harvest,1,12,G1-02,36,9,3661,2864,bunches,36.0,9.0,partial,06:46,12:36,
WO-2025-0522-H-004,2025-05-22,harvest,harvest,1,13,G1-02,10,7,1022,640,bunches,10.0,7.0,partial,06:45,11:22,
WO-2025-0522-H-005,2025-05-22,harvest,harvest,1,25,G1-03,27,9,2744,1813,bunches,27.0,9.0,partial,07:07,11:43,
WO-2025-0522-H-006,2025-05-22,harvest,harvest,2,44,G2-01,14,9,1349,1023,bunches,14.0,9.0,partial,07:20,12:37,
WO-2025-0522-H-007,2025-05-22,harvest,harvest,3,75,G3-01,14,9,1446,1208,bunches,14.0,9.0,partial,07:01,13:19,
WO-2025-0522-H-008,2025-05-22,harvest,harvest,3,81,G3-01,7,6,667,537,bunches,7.0,6.0,partial,07:03,12:50,
WO-2025-0522-H-009,2025-05-22,harvest,harvest,3,98,G3-02,20,0,1992,0,bunches,20.0,0.0,not_started,07:09,,WO-2025-0523-H-018
WO-2025-0522-H-010,2025-05-22,harvest,harvest,3,102,G3-03,14,9,1441,1092,bunches,14.0,9.0,partial,06:53,12:01,
WO-2025-0522-H-011,2025-05-22,harvest,harvest,3,104,G3-03,15,9,1537,1233,bunches,15.0,9.0,partial,06:46,12:55,
WO-2025-0522-H-012,2025-05-22,harvest,harvest,3,105,G3-03,16,9,1582,1303,bunches,16.0,9.0,partial,06:54,12:54,
WO-2025-0522-H-013,2025-05-22,harvest,harvest,3,106,G3-03,7,6,645,554,bunches,7.0,6.0,completed,06:50,12:56,
WO-2025-0522-H-014,2025-05-22,harvest,harvest,3,114,G3-04,28,9,2821,2197,bunches,28.0,9.0,partial,07:18,12:46,
WO-2025-0522-H-015,2025-05-22,harvest,harvest,4,128,G4-01,43,9,4547,3130,bunches,43.0,9.0,partial,06:52,11:44,
WO-2025-0522-H-016,2025-05-22,harvest,harvest,4,129,G4-01,17,9,1872,1335,bunches,17.0,9.0,partial,07:04,11:52,
WO-2025-0522-H-017,2025-05-22,harvest,harvest,4,134,G4-02,23,9,2522,1796,bunches,23.0,9.0,partial,06:58,11:50,
WO-2025-0522-H-018,2025-05-22,harvest,harvest,4,137,G4-02,23,9,2414,1688,bunches,23.0,9.0,partial,07:20,12:24,
WO-2025-0522-H-019,2025-05-22,harvest,harvest,4,139,G4-02,15,9,1690,1642,bunches,15.0,9.0,completed,06:54,14:17,
WO-2025-0522-H-020,2025-05-22,harvest,harvest,4,147,G4-03,24,9,2464,1894,bunches,24.0,9.0,partial,06:50,12:22,
WO-2025-0522-H-021,2025-05-22,harvest,harvest,4,156,G4-04,10,9,1044,980,bunches,10.0,9.0,completed,06:52,13:29,
WO-2025-0522-H-022,2025-05-22,harvest,harvest,4,165,G4-04,27,9,2720,2467,bunches,27.0,9.0,completed,06:47,13:21,
WO-2025-0522-H-023,2025-05-22,harvest,harvest,5,170,G5-01,9,8,957,812,bunches,9.0,8.0,partial,07:09,13:17,
WO-2025-0522-H-024,2025-05-22,harvest,harvest,5,179,G5-01,12,9,1244,965,bunches,12.0,9.0,partial,06:50,12:35,
WO-2025-0522-H-025,2025-05-22,harvest,harvest,5,185,G5-02,15,9,1633,959,bunches,15.0,9.0,partial,06:53,10:57,
WO-2025-0522-H-026,2025-05-22,harvest,harvest,6,203,G6-01,31,9,3273,2060,bunches,31.0,9.0,partial,06:47,11:43,
WO-2025-0522-H-027,2025-05-22,harvest,harvest,6,212,G6-01,15,9,1588,1136,bunches,15.0,9.0,partial,07:01,12:19,
WO-2025-0522-H-028,2025-05-22,harvest,harvest,6,247,G6-02,17,9,1724,1370,bunches,17.0,9.0,partial,06:48,12:22,
WO-2025-0522-H-029,2025-05-22,harvest,harvest,6,265,G6-04,19,9,2071,1742,bunches,19.0,9.0,partial,07:02,13:09,
WO-2025-0522-H-030,2025-05-22,harvest,harvest,7,289,G7-01,15,9,1529,1089,bunches,15.0,9.0,partial,06:49,12:17,
WO-2025-0522-H-031,2025-05-22,harvest,harvest,7,298,G7-01,15,9,1493,1036,bunches,15.0,9.0,partial,07:17,12:36,
WO-2025-0522-H-032,2025-05-22,harvest,harvest,7,304,G7-02,20,9,2030,1521,bunches,20.0,9.0,partial,07:01,12:24,
WO-2025-0522-H-033,2025-05-22,harvest,harvest,7,335,G7-03,20,9,2059,1727,bunches,20.0,9.0,partial,06:46,12:27,
WO-2025-0522-H-034,2025-05-22,harvest,harvest,7,342,G7-04,27,9,2777,1881,bunches,27.0,9.0,partial,06:52,12:08,
WO-2025-0522-H-035,2025-05-22,harvest,harvest,7,343,G7-04,24,9,2419,1639,bunches,24.0,9.0,partial,07:09,11:59,
WO-2025-0523-H-001,2025-05-23,harvest,harvest,1,10,G1-01,9,7,869,727,bunches,9.0,7.0,partial,07:15,13:29,
WO-2025-0523-H-002,2025-05-23,harvest,harvest,1,19,G1-02,5,5,489,505,bunches,5.0,5.0,completed,06:54,14:27,
WO-2025-0523-H-003,2025-05-23,harvest,harvest,1,24,G1-03,12,9,1190,1368,bunches,12.0,9.0,completed,07:05,14:59,
WO-2025-0523-H-004,2025-05-23,harvest,harvest,1,27,G1-03,4,5,436,465,bunches,4.0,5.0,completed,07:20,15:19,
WO-2025-0523-H-005,2025-05-23,harvest,harvest,1,28,G1-03,9,8,923,803,bunches,9.0,8.0,completed,06:55,13:25,
WO-2025-0523-H-006,2025-05-23,harvest,harvest,1,29,G1-03,8,7,786,720,bunches,8.0,7.0,completed,06:56,13:15,
WO-2025-0523-H-007,2025-05-23,harvest,harvest,1,34,G1-04,9,9,886,877,bunches,9.0,9.0,completed,07:09,14:02,
WO-2025-0523-H-008,2025-05-23,harvest,harvest,1,39,G1-04,10,9,960,932,bunches,10.0,9.0,completed,07:07,13:53,
WO-2025-0523-H-009,2025-05-23,harvest,harvest,2,43,G2-01,16,9,1559,1511,bunches,16.0,9.0,completed,07:05,14:11,
WO-2025-0523-H-010,2025-05-23,harvest,harvest,2,45,G2-01,16,9,1593,1268,bunches,16.0,9.0,partial,07:19,13:03,
WO-2025-0523-H-011,2025-05-23,harvest,harvest,2,51,G2-02,14,9,1423,1304,bunches,14.0,9.0,completed,07:12,13:33,
WO-2025-0523-H-012,2025-05-23,harvest,harvest,2,52,G2-02,25,9,2495,2365,bunches,25.0,9.0,completed,06:57,13:41,
WO-2025-0523-H-013,2025-05-23,harvest,harvest,2,55,G2-02,18,9,1804,1749,bunches,18.0,9.0,completed,07:07,14:26,
WO-2025-0523-H-014,2025-05-23,harvest,harvest,2,73,G2-04,13,9,1295,1149,bunches,13.0,9.0,completed,06:55,13:30,
WO-2025-0523-H-015,2025-05-23,harvest,harvest,3,86,G3-01,14,9,1409,1110,bunches,14.0,9.0,partial,07:05,12:41,
WO-2025-0523-H-016,2025-05-23,harvest,harvest,3,95,G3-02,21,9,2138,1780,bunches,21.0,9.0,partial,06:49,12:48,
WO-2025-0523-H-017,2025-05-23,harvest,harvest,3,97,G3-02,13,9,1330,1266,bunches,13.0,9.0,completed,07:17,14:04,
WO-2025-0523-H-018,2025-05-23,harvest,harvest,3,98,G3-02,20,9,1992,1880,bunches,20.0,9.0,completed,07:11,14:21,
WO-2025-0523-H-019,2025-05-23,harvest,harvest,3,99,G3-02,14,9,1341,1128,bunches,14.0,9.0,partial,07:08,13:03,
WO-2025-0523-H-020,2025-05-23,harvest,harvest,3,100,G3-02,12,9,1303,1374,bunches,12.0,9.0,completed,07:09,14:51,
WO-2025-0523-H-021,2025-05-23,harvest,harvest,3,113,G3-03,20,9,1970,1456,bunches,20.0,9.0,partial,07:01,12:02,
WO-2025-0523-H-022,2025-05-23,harvest,harvest,3,120,G3-04,12,9,1160,998,bunches,12.0,9.0,completed,07:17,13:42,
WO-2025-0523-H-023,2025-05-23,harvest,harvest,4,125,G4-01,7,8,742,758,bunches,7.0,8.0,completed,07:20,14:41,
WO-2025-0523-H-024,2025-05-23,harvest,harvest,4,141,G4-02,16,9,1676,1580,bunches,16.0,9.0,completed,06:51,13:16,
WO-2025-0523-H-025,2025-05-23,harvest,harvest,4,150,G4-03,24,9,2454,1891,bunches,24.0,9.0,partial,07:00,12:54,
WO-2025-0523-H-026,2025-05-23,harvest,harvest,4,153,G4-03,32,9,3356,3269,bunches,32.0,9.0,completed,07:16,14:10,
WO-2025-0523-H-027,2025-05-23,harvest,harvest,5,169,G5-01,14,9,1443,1145,bunches,14.0,9.0,partial,07:20,13:14,
WO-2025-0523-H-028,2025-05-23,harvest,harvest,5,190,G5-02,29,9,3087,2501,bunches,29.0,9.0,partial,07:01,12:52,
WO-2025-0523-H-029,2025-05-23,harvest,harvest,6,208,G6-01,9,7,963,679,bunches,9.0,7.0,partial,07:00,12:05,
WO-2025-0523-H-030,2025-05-23,harvest,harvest,6,209,G6-01,15,9,1513,1177,bunches,15.0,9.0,partial,06:54,12:46,
WO-2025-0523-H-031,2025-05-23,harvest,harvest,6,271,G6-05,20,9,2214,1947,bunches,20.0,9.0,completed,06:46,12:42,
WO-2025-0523-H-032,2025-05-23,harvest,harvest,7,290,G7-01,14,9,1431,1107,bunches,14.0,9.0,partial,06:59,12:54,
WO-2025-0523-H-033,2025-05-23,harvest,harvest,7,309,G7-02,23,9,2444,2110,bunches,23.0,9.0,completed,06:50,12:41,
WO-2025-0523-H-034,2025-05-23,harvest,harvest,7,346,G7-04,16,9,1773,1434,bunches,16.0,9.0,partial,07:03,12:35,
WO-2025-0523-H-035,2025-05-23,harvest,harvest,7,348,G7-04,21,9,2213,1727,bunches,21.0,9.0,partial,07:06,12:44,
