# SYNTHETIC. 36 months of block-level harvest, 2022-06 to 2025-05. The 5 months flagged observed=1 are the client's REAL recorded figures. The rest are back-cast from them using REAL rainfall at the agronomic lags (sex determination 20-24 months, abortion 8-10 months), a seasonal term and an age trend. EPMS holds the real history; the export was cut to five months.
division_code,block_code,month,bunches,planted_ha,palm_age_years,observed
1,1,2022-06,860,6.4,8.08,0
1,1,2022-07,866,6.4,8.17,0
1,1,2022-08,806,6.4,8.25,0
1,1,2022-09,811,6.4,8.33,0
1,1,2022-10,784,6.4,8.42,0
1,1,2022-11,840,6.4,8.5,0
1,1,2022-12,761,6.4,8.58,0
1,1,2023-01,721,6.4,8.67,0
1,1,2023-02,726,6.4,8.75,0
1,1,2023-03,859,6.4,8.83,0
1,1,2023-04,881,6.4,8.92,0
1,1,2023-05,848,6.4,9.0,0
1,1,2023-06,863,6.4,9.08,0
1,1,2023-07,930,6.4,9.17,0
1,1,2023-08,805,6.4,9.25,0
1,1,2023-09,858,6.4,9.33,0
1,1,2023-10,859,6.4,9.42,0
1,1,2023-11,821,6.4,9.5,0
1,1,2023-12,834,6.4,9.58,0
1,1,2024-01,764,6.4,9.67,0
1,1,2024-02,809,6.4,9.75,0
1,1,2024-03,843,6.4,9.83,0
1,1,2024-04,807,6.4,9.92,0
1,1,2024-05,836,6.4,10.0,0
1,1,2024-06,949,6.4,10.08,0
1,1,2024-07,981,6.4,10.17,0
1,1,2024-08,933,6.4,10.25,0
1,1,2024-09,899,6.4,10.33,0
1,1,2024-10,835,6.4,10.42,0
1,1,2024-11,821,6.4,10.5,0
1,1,2024-12,842,6.4,10.58,0
1,1,2025-01,1087,6.4,10.67,1
1,1,2025-02,1026,6.4,10.75,1
1,1,2025-03,980,6.4,10.83,1
1,1,2025-04,1038,6.4,10.92,1
1,1,2025-05,865,6.4,11.0,1
1,2,2022-06,2248,17.49,8.08,0
1,2,2022-07,2182,17.49,8.17,0
1,2,2022-08,2635,17.49,8.25,0
1,2,2022-09,2278,17.49,8.33,0
1,2,2022-10,2239,17.49,8.42,0
1,2,2022-11,2321,17.49,8.5,0
1,2,2022-12,2212,17.49,8.58,0
1,2,2023-01,2292,17.49,8.67,0
1,2,2023-02,2394,17.49,8.75,0
1,2,2023-03,2399,17.49,8.83,0
1,2,2023-04,2597,17.49,8.92,0
1,2,2023-05,2498,17.49,9.0,0
1,2,2023-06,2779,17.49,9.08,0
1,2,2023-07,2770,17.49,9.17,0
1,2,2023-08,2355,17.49,9.25,0
1,2,2023-09,2628,17.49,9.33,0
1,2,2023-10,2636,17.49,9.42,0
1,2,2023-11,2384,17.49,9.5,0
1,2,2023-12,2197,17.49,9.58,0
1,2,2024-01,2559,17.49,9.67,0
1,2,2024-02,2375,17.49,9.75,0
1,2,2024-03,2497,17.49,9.83,0
1,2,2024-04,2578,17.49,9.92,0
1,2,2024-05,2418,17.49,10.0,0
1,2,2024-06,2666,17.49,10.08,0
1,2,2024-07,2599,17.49,10.17,0
1,2,2024-08,2590,17.49,10.25,0
1,2,2024-09,2342,17.49,10.33,0
1,2,2024-10,2553,17.49,10.42,0
1,2,2024-11,2301,17.49,10.5,0
1,2,2024-12,2399,17.49,10.58,0
1,2,2025-01,3077,17.49,10.67,1
1,2,2025-02,3687,17.49,10.75,1
1,2,2025-03,2965,17.49,10.83,1
1,2,2025-04,2581,17.49,10.92,1
1,2,2025-05,2198,17.49,11.0,1
1,3,2022-06,2344,13.82,8.08,0
1,3,2022-07,2169,13.82,8.17,0
1,3,2022-08,2435,13.82,8.25,0
1,3,2022-09,2457,13.82,8.33,0
1,3,2022-10,2251,13.82,8.42,0
1,3,2022-11,2046,13.82,8.5,0
1,3,2022-12,2100,13.82,8.58,0
1,3,2023-01,1905,13.82,8.67,0
1,3,2023-02,2198,13.82,8.75,0
1,3,2023-03,2112,13.82,8.83,0
1,3,2023-04,2231,13.82,8.92,0
1,3,2023-05,2171,13.82,9.0,0
1,3,2023-06,2586,13.82,9.08,0
1,3,2023-07,2690,13.82,9.17,0
1,3,2023-08,2226,13.82,9.25,0
1,3,2023-09,2473,13.82,9.33,0
1,3,2023-10,2391,13.82,9.42,0
1,3,2023-11,2248,13.82,9.5,0
1,3,2023-12,2343,13.82,9.58,0
1,3,2024-01,2441,13.82,9.67,0
1,3,2024-02,2089,13.82,9.75,0
1,3,2024-03,2099,13.82,9.83,0
1,3,2024-04,2350,13.82,9.92,0
1,3,2024-05,2468,13.82,10.0,0
1,3,2024-06,2617,13.82,10.08,0
1,3,2024-07,2494,13.82,10.17,0
1,3,2024-08,2621,13.82,10.25,0
1,3,2024-09,2407,13.82,10.33,0
1,3,2024-10,2226,13.82,10.42,0
1,3,2024-11,2254,13.82,10.5,0
1,3,2024-12,2178,13.82,10.58,0
1,3,2025-01,2818,13.82,10.67,1
1,3,2025-02,2929,13.82,10.75,1
1,3,2025-03,2682,13.82,10.83,1
1,3,2025-04,2417,13.82,10.92,1
1,3,2025-05,2534,13.82,11.0,1
1,4,2022-06,2071,13.46,8.08,0
1,4,2022-07,2043,13.46,8.17,0
1,4,2022-08,1875,13.46,8.25,0
1,4,2022-09,1877,13.46,8.33,0
1,4,2022-10,2105,13.46,8.42,0
1,4,2022-11,1744,13.46,8.5,0
1,4,2022-12,1807,13.46,8.58,0
1,4,2023-01,1737,13.46,8.67,0
1,4,2023-02,1697,13.46,8.75,0
1,4,2023-03,1892,13.46,8.83,0
1,4,2023-04,2206,13.46,8.92,0
1,4,2023-05,2142,13.46,9.0,0
1,4,2023-06,2290,13.46,9.08,0
1,4,2023-07,2058,13.46,9.17,0
1,4,2023-08,2387,13.46,9.25,0
1,4,2023-09,2001,13.46,9.33,0
1,4,2023-10,2016,13.46,9.42,0
1,4,2023-11,2043,13.46,9.5,0
1,4,2023-12,2175,13.46,9.58,0
1,4,2024-01,2174,13.46,9.67,0
1,4,2024-02,2038,13.46,9.75,0
1,4,2024-03,1960,13.46,9.83,0
1,4,2024-04,2206,13.46,9.92,0
1,4,2024-05,2112,13.46,10.0,0
1,4,2024-06,2176,13.46,10.08,0
1,4,2024-07,2095,13.46,10.17,0
1,4,2024-08,2211,13.46,10.25,0
1,4,2024-09,2359,13.46,10.33,0
1,4,2024-10,1948,13.46,10.42,0
1,4,2024-11,1908,13.46,10.5,0
1,4,2024-12,1911,13.46,10.58,0
1,4,2025-01,2890,13.46,10.67,1
1,4,2025-02,2481,13.46,10.75,1
1,4,2025-03,3176,13.46,10.83,1
1,4,2025-04,1715,13.46,10.92,1
1,4,2025-05,1938,13.46,11.0,1
1,5,2022-06,1317,8.77,8.08,0
1,5,2022-07,1170,8.77,8.17,0
1,5,2022-08,1234,8.77,8.25,0
1,5,2022-09,1157,8.77,8.33,0
1,5,2022-10,1129,8.77,8.42,0
1,5,2022-11,1123,8.77,8.5,0
1,5,2022-12,1242,8.77,8.58,0
1,5,2023-01,1221,8.77,8.67,0
1,5,2023-02,1114,8.77,8.75,0
1,5,2023-03,1248,8.77,8.83,0
1,5,2023-04,1256,8.77,8.92,0
1,5,2023-05,1206,8.77,9.0,0
1,5,2023-06,1313,8.77,9.08,0
1,5,2023-07,1300,8.77,9.17,0
1,5,2023-08,1424,8.77,9.25,0
1,5,2023-09,1368,8.77,9.33,0
1,5,2023-10,1178,8.77,9.42,0
1,5,2023-11,1127,8.77,9.5,0
1,5,2023-12,1154,8.77,9.58,0
1,5,2024-01,1374,8.77,9.67,0
1,5,2024-02,1289,8.77,9.75,0
1,5,2024-03,1367,8.77,9.83,0
1,5,2024-04,1214,8.77,9.92,0
1,5,2024-05,1436,8.77,10.0,0
1,5,2024-06,1244,8.77,10.08,0
1,5,2024-07,1334,8.77,10.17,0
1,5,2024-08,1372,8.77,10.25,0
1,5,2024-09,1357,8.77,10.33,0
1,5,2024-10,1295,8.77,10.42,0
1,5,2024-11,1192,8.77,10.5,0
1,5,2024-12,1176,8.77,10.58,0
1,5,2025-01,1022,8.77,10.67,1
1,5,2025-02,1494,8.77,10.75,1
1,5,2025-03,1272,8.77,10.83,1
1,5,2025-04,2049,8.77,10.92,1
1,5,2025-05,1772,8.77,11.0,1
1,6,2022-06,1035,7.03,8.08,0
1,6,2022-07,940,7.03,8.17,0
1,6,2022-08,973,7.03,8.25,0
1,6,2022-09,993,7.03,8.33,0
1,6,2022-10,936,7.03,8.42,0
1,6,2022-11,1008,7.03,8.5,0
1,6,2022-12,881,7.03,8.58,0
1,6,2023-01,879,7.03,8.67,0
1,6,2023-02,852,7.03,8.75,0
1,6,2023-03,1072,7.03,8.83,0
1,6,2023-04,1111,7.03,8.92,0
1,6,2023-05,1039,7.03,9.0,0
1,6,2023-06,1095,7.03,9.08,0
1,6,2023-07,1180,7.03,9.17,0
1,6,2023-08,1138,7.03,9.25,0
1,6,2023-09,1023,7.03,9.33,0
1,6,2023-10,997,7.03,9.42,0
1,6,2023-11,924,7.03,9.5,0
1,6,2023-12,990,7.03,9.58,0
1,6,2024-01,900,7.03,9.67,0
1,6,2024-02,943,7.03,9.75,0
1,6,2024-03,954,7.03,9.83,0
1,6,2024-04,955,7.03,9.92,0
1,6,2024-05,1062,7.03,10.0,0
1,6,2024-06,1055,7.03,10.08,0
1,6,2024-07,1067,7.03,10.17,0
1,6,2024-08,1094,7.03,10.25,0
1,6,2024-09,1142,7.03,10.33,0
1,6,2024-10,955,7.03,10.42,0
1,6,2024-11,1077,7.03,10.5,0
1,6,2024-12,999,7.03,10.58,0
1,6,2025-01,1203,7.03,10.67,1
1,6,2025-02,1578,7.03,10.75,1
1,6,2025-03,677,7.03,10.83,1
1,6,2025-04,1515,7.03,10.92,1
1,6,2025-05,1029,7.03,11.0,1
1,7,2022-06,2803,16.14,8.08,0
1,7,2022-07,3118,16.14,8.17,0
1,7,2022-08,2905,16.14,8.25,0
1,7,2022-09,3007,16.14,8.33,0
1,7,2022-10,2745,16.14,8.42,0
1,7,2022-11,2675,16.14,8.5,0
1,7,2022-12,2402,16.14,8.58,0
1,7,2023-01,2375,16.14,8.67,0
1,7,2023-02,2545,16.14,8.75,0
1,7,2023-03,2971,16.14,8.83,0
1,7,2023-04,2994,16.14,8.92,0
1,7,2023-05,2919,16.14,9.0,0
1,7,2023-06,2981,16.14,9.08,0
1,7,2023-07,2874,16.14,9.17,0
1,7,2023-08,3344,16.14,9.25,0
1,7,2023-09,3269,16.14,9.33,0
1,7,2023-10,3047,16.14,9.42,0
1,7,2023-11,2589,16.14,9.5,0
1,7,2023-12,2536,16.14,9.58,0
1,7,2024-01,3005,16.14,9.67,0
1,7,2024-02,2834,16.14,9.75,0
1,7,2024-03,2922,16.14,9.83,0
1,7,2024-04,2936,16.14,9.92,0
1,7,2024-05,2905,16.14,10.0,0
1,7,2024-06,2854,16.14,10.08,0
1,7,2024-07,3063,16.14,10.17,0
1,7,2024-08,3363,16.14,10.25,0
1,7,2024-09,3119,16.14,10.33,0
1,7,2024-10,2723,16.14,10.42,0
1,7,2024-11,2793,16.14,10.5,0
1,7,2024-12,3132,16.14,10.58,0
1,7,2025-01,3415,16.14,10.67,1
1,7,2025-02,2960,16.14,10.75,1
1,7,2025-03,2207,16.14,10.83,1
1,7,2025-04,4263,16.14,10.92,1
1,7,2025-05,4007,16.14,11.0,1
1,8,2022-06,5251,31.62,8.08,0
1,8,2022-07,6125,31.62,8.17,0
1,8,2022-08,6161,31.62,8.25,0
1,8,2022-09,5584,31.62,8.33,0
1,8,2022-10,5032,31.62,8.42,0
1,8,2022-11,4773,31.62,8.5,0
1,8,2022-12,5593,31.62,8.58,0
1,8,2023-01,5340,31.62,8.67,0
1,8,2023-02,5101,31.62,8.75,0
1,8,2023-03,6014,31.62,8.83,0
1,8,2023-04,5385,31.62,8.92,0
1,8,2023-05,6397,31.62,9.0,0
1,8,2023-06,5483,31.62,9.08,0
1,8,2023-07,5629,31.62,9.17,0
1,8,2023-08,6198,31.62,9.25,0
1,8,2023-09,5422,31.62,9.33,0
1,8,2023-10,5372,31.62,9.42,0
1,8,2023-11,5312,31.62,9.5,0
1,8,2023-12,5076,31.62,9.58,0
1,8,2024-01,5860,31.62,9.67,0
1,8,2024-02,5497,31.62,9.75,0
1,8,2024-03,5947,31.62,9.83,0
1,8,2024-04,5570,31.62,9.92,0
1,8,2024-05,6026,31.62,10.0,0
1,8,2024-06,6297,31.62,10.08,0
1,8,2024-07,6121,31.62,10.17,0
1,8,2024-08,6100,31.62,10.25,0
1,8,2024-09,6018,31.62,10.33,0
1,8,2024-10,5697,31.62,10.42,0
1,8,2024-11,6068,31.62,10.5,0
1,8,2024-12,6023,31.62,10.58,0
1,8,2025-01,7268,31.62,10.67,1
1,8,2025-02,7467,31.62,10.75,1
1,8,2025-03,5528,31.62,10.83,1
1,8,2025-04,5508,31.62,10.92,1
1,8,2025-05,7272,31.62,11.0,1
1,9,2022-06,4817,25.87,8.08,0
1,9,2022-07,4417,25.87,8.17,0
1,9,2022-08,4470,25.87,8.25,0
1,9,2022-09,4987,25.87,8.33,0
1,9,2022-10,4508,25.87,8.42,0
1,9,2022-11,4794,25.87,8.5,0
1,9,2022-12,4715,25.87,8.58,0
1,9,2023-01,3988,25.87,8.67,0
1,9,2023-02,4529,25.87,8.75,0
1,9,2023-03,4441,25.87,8.83,0
1,9,2023-04,4379,25.87,8.92,0
1,9,2023-05,4514,25.87,9.0,0
1,9,2023-06,4726,25.87,9.08,0
1,9,2023-07,5074,25.87,9.17,0
1,9,2023-08,4597,25.87,9.25,0
1,9,2023-09,5304,25.87,9.33,0
1,9,2023-10,4573,25.87,9.42,0
1,9,2023-11,4821,25.87,9.5,0
1,9,2023-12,4117,25.87,9.58,0
1,9,2024-01,5015,25.87,9.67,0
1,9,2024-02,4975,25.87,9.75,0
1,9,2024-03,4829,25.87,9.83,0
1,9,2024-04,4397,25.87,9.92,0
1,9,2024-05,5243,25.87,10.0,0
1,9,2024-06,4633,25.87,10.08,0
1,9,2024-07,5229,25.87,10.17,0
1,9,2024-08,5203,25.87,10.25,0
1,9,2024-09,4607,25.87,10.33,0
1,9,2024-10,4467,25.87,10.42,0
1,9,2024-11,4282,25.87,10.5,0
1,9,2024-12,4739,25.87,10.58,0
1,9,2025-01,6969,25.87,10.67,1
1,9,2025-02,4586,25.87,10.75,1
1,9,2025-03,5565,25.87,10.83,1
1,9,2025-04,4551,25.87,10.92,1
1,9,2025-05,5730,25.87,11.0,1
1,10,2022-06,4878,29.71,8.08,0
1,10,2022-07,5217,29.71,8.17,0
1,10,2022-08,5546,29.71,8.25,0
1,10,2022-09,5503,29.71,8.33,0
1,10,2022-10,4946,29.71,8.42,0
1,10,2022-11,5147,29.71,8.5,0
1,10,2022-12,5148,29.71,8.58,0
1,10,2023-01,4545,29.71,8.67,0
1,10,2023-02,4384,29.71,8.75,0
1,10,2023-03,5145,29.71,8.83,0
1,10,2023-04,4776,29.71,8.92,0
1,10,2023-05,5607,29.71,9.0,0
1,10,2023-06,5462,29.71,9.08,0
1,10,2023-07,5997,29.71,9.17,0
1,10,2023-08,5113,29.71,9.25,0
1,10,2023-09,5757,29.71,9.33,0
1,10,2023-10,5300,29.71,9.42,0
1,10,2023-11,4922,29.71,9.5,0
1,10,2023-12,5087,29.71,9.58,0
1,10,2024-01,5405,29.71,9.67,0
1,10,2024-02,4713,29.71,9.75,0
1,10,2024-03,5093,29.71,9.83,0
1,10,2024-04,5321,29.71,9.92,0
1,10,2024-05,4791,29.71,10.0,0
1,10,2024-06,5984,29.71,10.08,0
1,10,2024-07,6045,29.71,10.17,0
1,10,2024-08,5379,29.71,10.25,0
1,10,2024-09,4891,29.71,10.33,0
1,10,2024-10,4703,29.71,10.42,0
1,10,2024-11,5365,29.71,10.5,0
1,10,2024-12,4715,29.71,10.58,0
1,10,2025-01,6125,29.71,10.67,1
1,10,2025-02,6420,29.71,10.75,1
1,10,2025-03,6123,29.71,10.83,1
1,10,2025-04,5752,29.71,10.92,1
1,10,2025-05,5816,29.71,11.0,1
1,11,2022-06,5179,33.14,8.08,0
1,11,2022-07,5691,33.14,8.17,0
1,11,2022-08,5727,33.14,8.25,0
1,11,2022-09,6227,33.14,8.33,0
1,11,2022-10,5451,33.14,8.42,0
1,11,2022-11,5771,33.14,8.5,0
1,11,2022-12,5120,33.14,8.58,0
1,11,2023-01,5782,33.14,8.67,0
1,11,2023-02,5748,33.14,8.75,0
1,11,2023-03,6178,33.14,8.83,0
1,11,2023-04,6396,33.14,8.92,0
1,11,2023-05,6478,33.14,9.0,0
1,11,2023-06,6946,33.14,9.08,0
1,11,2023-07,7010,33.14,9.17,0
1,11,2023-08,6926,33.14,9.25,0
1,11,2023-09,6390,33.14,9.33,0
1,11,2023-10,6501,33.14,9.42,0
1,11,2023-11,6272,33.14,9.5,0
1,11,2023-12,5302,33.14,9.58,0
1,11,2024-01,5894,33.14,9.67,0
1,11,2024-02,5813,33.14,9.75,0
1,11,2024-03,6393,33.14,9.83,0
1,11,2024-04,5673,33.14,9.92,0
1,11,2024-05,6707,33.14,10.0,0
1,11,2024-06,6509,33.14,10.08,0
1,11,2024-07,6511,33.14,10.17,0
1,11,2024-08,6658,33.14,10.25,0
1,11,2024-09,5760,33.14,10.33,0
1,11,2024-10,6522,33.14,10.42,0
1,11,2024-11,5959,33.14,10.5,0
1,11,2024-12,6094,33.14,10.58,0
1,11,2025-01,5856,33.14,10.67,1
1,11,2025-02,7358,33.14,10.75,1
1,11,2025-03,7126,33.14,10.83,1
1,11,2025-04,6487,33.14,10.92,1
1,11,2025-05,8017,33.14,11.0,1
1,12,2022-06,4648,26.2,8.08,0
1,12,2022-07,4848,26.2,8.17,0
1,12,2022-08,5271,26.2,8.25,0
1,12,2022-09,5341,26.2,8.33,0
1,12,2022-10,4615,26.2,8.42,0
1,12,2022-11,5073,26.2,8.5,0
1,12,2022-12,4715,26.2,8.58,0
1,12,2023-01,4332,26.2,8.67,0
1,12,2023-02,4808,26.2,8.75,0
1,12,2023-03,5293,26.2,8.83,0
1,12,2023-04,5726,26.2,8.92,0
1,12,2023-05,5468,26.2,9.0,0
1,12,2023-06,5283,26.2,9.08,0
1,12,2023-07,6182,26.2,9.17,0
1,12,2023-08,5996,26.2,9.25,0
1,12,2023-09,5226,26.2,9.33,0
1,12,2023-10,5454,26.2,9.42,0
1,12,2023-11,4725,26.2,9.5,0
1,12,2023-12,5577,26.2,9.58,0
1,12,2024-01,5344,26.2,9.67,0
1,12,2024-02,4758,26.2,9.75,0
1,12,2024-03,5459,26.2,9.83,0
1,12,2024-04,5229,26.2,9.92,0
1,12,2024-05,5035,26.2,10.0,0
1,12,2024-06,5196,26.2,10.08,0
1,12,2024-07,5612,26.2,10.17,0
1,12,2024-08,6037,26.2,10.25,0
1,12,2024-09,5033,26.2,10.33,0
1,12,2024-10,4967,26.2,10.42,0
1,12,2024-11,5507,26.2,10.5,0
1,12,2024-12,5108,26.2,10.58,0
1,12,2025-01,7540,26.2,10.67,1
1,12,2025-02,6149,26.2,10.75,1
1,12,2025-03,4626,26.2,10.83,1
1,12,2025-04,6272,26.2,10.92,1
1,12,2025-05,5728,26.2,11.0,1
1,13,2022-06,4623,32.1,8.08,0
1,13,2022-07,4950,32.1,8.17,0
1,13,2022-08,5293,32.1,8.25,0
1,13,2022-09,5693,32.1,8.33,0
1,13,2022-10,4820,32.1,8.42,0
1,13,2022-11,5004,32.1,8.5,0
1,13,2022-12,5265,32.1,8.58,0
1,13,2023-01,4720,32.1,8.67,0
1,13,2023-02,4418,32.1,8.75,0
1,13,2023-03,4922,32.1,8.83,0
1,13,2023-04,5547,32.1,8.92,0
1,13,2023-05,5526,32.1,9.0,0
1,13,2023-06,5590,32.1,9.08,0
1,13,2023-07,5602,32.1,9.17,0
1,13,2023-08,5523,32.1,9.25,0
1,13,2023-09,6039,32.1,9.33,0
1,13,2023-10,5669,32.1,9.42,0
1,13,2023-11,5044,32.1,9.5,0
1,13,2023-12,5410,32.1,9.58,0
1,13,2024-01,5270,32.1,9.67,0
1,13,2024-02,5127,32.1,9.75,0
1,13,2024-03,4871,32.1,9.83,0
1,13,2024-04,5046,32.1,9.92,0
1,13,2024-05,5882,32.1,10.0,0
1,13,2024-06,5407,32.1,10.08,0
1,13,2024-07,5695,32.1,10.17,0
1,13,2024-08,5930,32.1,10.25,0
1,13,2024-09,6008,32.1,10.33,0
1,13,2024-10,5349,32.1,10.42,0
1,13,2024-11,5616,32.1,10.5,0
1,13,2024-12,5748,32.1,10.58,0
1,13,2025-01,6608,32.1,10.67,1
1,13,2025-02,8095,32.1,10.75,1
1,13,2025-03,4722,32.1,10.83,1
1,13,2025-04,10081,32.1,10.92,1
1,13,2025-05,1920,32.1,11.0,1
1,14,2022-06,6399,34.23,8.08,0
1,14,2022-07,6921,34.23,8.17,0
1,14,2022-08,6060,34.23,8.25,0
1,14,2022-09,6698,34.23,8.33,0
1,14,2022-10,6686,34.23,8.42,0
1,14,2022-11,6109,34.23,8.5,0
1,14,2022-12,6091,34.23,8.58,0
1,14,2023-01,5909,34.23,8.67,0
1,14,2023-02,5628,34.23,8.75,0
1,14,2023-03,5707,34.23,8.83,0
1,14,2023-04,7058,34.23,8.92,0
1,14,2023-05,7162,34.23,9.0,0
1,14,2023-06,6754,34.23,9.08,0
1,14,2023-07,7098,34.23,9.17,0
1,14,2023-08,7359,34.23,9.25,0
1,14,2023-09,6218,34.23,9.33,0
1,14,2023-10,6735,34.23,9.42,0
1,14,2023-11,6438,34.23,9.5,0
1,14,2023-12,6305,34.23,9.58,0
1,14,2024-01,6542,34.23,9.67,0
1,14,2024-02,6659,34.23,9.75,0
1,14,2024-03,5795,34.23,9.83,0
1,14,2024-04,6065,34.23,9.92,0
1,14,2024-05,7329,34.23,10.0,0
1,14,2024-06,6608,34.23,10.08,0
1,14,2024-07,6989,34.23,10.17,0
1,14,2024-08,7452,34.23,10.25,0
1,14,2024-09,7365,34.23,10.33,0
1,14,2024-10,6297,34.23,10.42,0
1,14,2024-11,6737,34.23,10.5,0
1,14,2024-12,6795,34.23,10.58,0
1,14,2025-01,6375,34.23,10.67,1
1,14,2025-02,6429,34.23,10.75,1
1,14,2025-03,5975,34.23,10.83,1
1,14,2025-04,11782,34.23,10.92,1
1,14,2025-05,7243,34.23,11.0,1
1,15,2022-06,6264,34.0,8.08,0
1,15,2022-07,6473,34.0,8.17,0
1,15,2022-08,5718,34.0,8.25,0
1,15,2022-09,6039,34.0,8.33,0
1,15,2022-10,5976,34.0,8.42,0
1,15,2022-11,5298,34.0,8.5,0
1,15,2022-12,5995,34.0,8.58,0
1,15,2023-01,5322,34.0,8.67,0
1,15,2023-02,5321,34.0,8.75,0
1,15,2023-03,5429,34.0,8.83,0
1,15,2023-04,6035,34.0,8.92,0
1,15,2023-05,6651,34.0,9.0,0
1,15,2023-06,6757,34.0,9.08,0
1,15,2023-07,6366,34.0,9.17,0
1,15,2023-08,6666,34.0,9.25,0
1,15,2023-09,6127,34.0,9.33,0
1,15,2023-10,6498,34.0,9.42,0
1,15,2023-11,5930,34.0,9.5,0
1,15,2023-12,6195,34.0,9.58,0
1,15,2024-01,5649,34.0,9.67,0
1,15,2024-02,6109,34.0,9.75,0
1,15,2024-03,6567,34.0,9.83,0
1,15,2024-04,6083,34.0,9.92,0
1,15,2024-05,6723,34.0,10.0,0
1,15,2024-06,6856,34.0,10.08,0
1,15,2024-07,6705,34.0,10.17,0
1,15,2024-08,6481,34.0,10.25,0
1,15,2024-09,6407,34.0,10.33,0
1,15,2024-10,5586,34.0,10.42,0
1,15,2024-11,6218,34.0,10.5,0
1,15,2024-12,5728,34.0,10.58,0
1,15,2025-01,6775,34.0,10.67,1
1,15,2025-02,5575,34.0,10.75,1
1,15,2025-03,6283,34.0,10.83,1
1,15,2025-04,10847,34.0,10.92,1
1,15,2025-05,6266,34.0,11.0,1
1,16,2022-06,3461,28.34,8.08,0
1,16,2022-07,3913,28.34,8.17,0
1,16,2022-08,3784,28.34,8.25,0
1,16,2022-09,3720,28.34,8.33,0
1,16,2022-10,3646,28.34,8.42,0
1,16,2022-11,4010,28.34,8.5,0
1,16,2022-12,4123,28.34,8.58,0
1,16,2023-01,3342,28.34,8.67,0
1,16,2023-02,3766,28.34,8.75,0
1,16,2023-03,4089,28.34,8.83,0
1,16,2023-04,3768,28.34,8.92,0
1,16,2023-05,3925,28.34,9.0,0
1,16,2023-06,4599,28.34,9.08,0
1,16,2023-07,4851,28.34,9.17,0
1,16,2023-08,4335,28.34,9.25,0
1,16,2023-09,4653,28.34,9.33,0
1,16,2023-10,4195,28.34,9.42,0
1,16,2023-11,3982,28.34,9.5,0
1,16,2023-12,3867,28.34,9.58,0
1,16,2024-01,4116,28.34,9.67,0
1,16,2024-02,3663,28.34,9.75,0
1,16,2024-03,4212,28.34,9.83,0
1,16,2024-04,4334,28.34,9.92,0
1,16,2024-05,4163,28.34,10.0,0
1,16,2024-06,3940,28.34,10.08,0
1,16,2024-07,4804,28.34,10.17,0
1,16,2024-08,4769,28.34,10.25,0
1,16,2024-09,4230,28.34,10.33,0
1,16,2024-10,4338,28.34,10.42,0
1,16,2024-11,3801,28.34,10.5,0
1,16,2024-12,4336,28.34,10.58,0
1,16,2025-01,4463,28.34,10.67,1
1,16,2025-02,3060,28.34,10.75,1
1,16,2025-03,4597,28.34,10.83,1
1,16,2025-04,8933,28.34,10.92,1
1,16,2025-05,3184,28.34,11.0,1
1,17,2022-06,3550,25.17,8.08,0
1,17,2022-07,3581,25.17,8.17,0
1,17,2022-08,3702,25.17,8.25,0
1,17,2022-09,3576,25.17,8.33,0
1,17,2022-10,3506,25.17,8.42,0
1,17,2022-11,3216,25.17,8.5,0
1,17,2022-12,3360,25.17,8.58,0
1,17,2023-01,3030,25.17,8.67,0
1,17,2023-02,3421,25.17,8.75,0
1,17,2023-03,3082,25.17,8.83,0
1,17,2023-04,3381,25.17,8.92,0
1,17,2023-05,3256,25.17,9.0,0
1,17,2023-06,3576,25.17,9.08,0
1,17,2023-07,3451,25.17,9.17,0
1,17,2023-08,3839,25.17,9.25,0
1,17,2023-09,3797,25.17,9.33,0
1,17,2023-10,3739,25.17,9.42,0
1,17,2023-11,3639,25.17,9.5,0
1,17,2023-12,3634,25.17,9.58,0
1,17,2024-01,3085,25.17,9.67,0
1,17,2024-02,3671,25.17,9.75,0
1,17,2024-03,3546,25.17,9.83,0
1,17,2024-04,3556,25.17,9.92,0
1,17,2024-05,3791,25.17,10.0,0
1,17,2024-06,3789,25.17,10.08,0
1,17,2024-07,3446,25.17,10.17,0
1,17,2024-08,3705,25.17,10.25,0
1,17,2024-09,3581,25.17,10.33,0
1,17,2024-10,3332,25.17,10.42,0
1,17,2024-11,3713,25.17,10.5,0
1,17,2024-12,3682,25.17,10.58,0
1,17,2025-01,4588,25.17,10.67,1
1,17,2025-02,3188,25.17,10.75,1
1,17,2025-03,4749,25.17,10.83,1
1,17,2025-04,5521,25.17,10.92,1
1,17,2025-05,2569,25.17,11.0,1
1,18,2022-06,2544,21.28,8.08,0
1,18,2022-07,2874,21.28,8.17,0
1,18,2022-08,2711,21.28,8.25,0
1,18,2022-09,2799,21.28,8.33,0
1,18,2022-10,2642,21.28,8.42,0
1,18,2022-11,2707,21.28,8.5,0
1,18,2022-12,2670,21.28,8.58,0
1,18,2023-01,2367,21.28,8.67,0
1,18,2023-02,2626,21.28,8.75,0
1,18,2023-03,2585,21.28,8.83,0
1,18,2023-04,2515,21.28,8.92,0
1,18,2023-05,2482,21.28,9.0,0
1,18,2023-06,2586,21.28,9.08,0
1,18,2023-07,3134,21.28,9.17,0
1,18,2023-08,3047,21.28,9.25,0
1,18,2023-09,2619,21.28,9.33,0
1,18,2023-10,2833,21.28,9.42,0
1,18,2023-11,2684,21.28,9.5,0
1,18,2023-12,2791,21.28,9.58,0
1,18,2024-01,2689,21.28,9.67,0
1,18,2024-02,2483,21.28,9.75,0
1,18,2024-03,2527,21.28,9.83,0
1,18,2024-04,2447,21.28,9.92,0
1,18,2024-05,2838,21.28,10.0,0
1,18,2024-06,2707,21.28,10.08,0
1,18,2024-07,3035,21.28,10.17,0
1,18,2024-08,3131,21.28,10.25,0
1,18,2024-09,3011,21.28,10.33,0
1,18,2024-10,2408,21.28,10.42,0
1,18,2024-11,2650,21.28,10.5,0
1,18,2024-12,2439,21.28,10.58,0
1,18,2025-01,2856,21.28,10.67,1
1,18,2025-02,3327,21.28,10.75,1
1,18,2025-03,3143,21.28,10.83,1
1,18,2025-04,2550,21.28,10.92,1
1,18,2025-05,4014,21.28,11.0,1
1,19,2022-06,2467,20.22,8.08,0
1,19,2022-07,2578,20.22,8.17,0
1,19,2022-08,2690,20.22,8.25,0
1,19,2022-09,2958,20.22,8.33,0
1,19,2022-10,2834,20.22,8.42,0
1,19,2022-11,2745,20.22,8.5,0
1,19,2022-12,2485,20.22,8.58,0
1,19,2023-01,2599,20.22,8.67,0
1,19,2023-02,2369,20.22,8.75,0
1,19,2023-03,2936,20.22,8.83,0
1,19,2023-04,3088,20.22,8.92,0
1,19,2023-05,2729,20.22,9.0,0
1,19,2023-06,2888,20.22,9.08,0
1,19,2023-07,3048,20.22,9.17,0
1,19,2023-08,2782,20.22,9.25,0
1,19,2023-09,2774,20.22,9.33,0
1,19,2023-10,2618,20.22,9.42,0
1,19,2023-11,2830,20.22,9.5,0
1,19,2023-12,2751,20.22,9.58,0
1,19,2024-01,2809,20.22,9.67,0
1,19,2024-02,2496,20.22,9.75,0
1,19,2024-03,2761,20.22,9.83,0
1,19,2024-04,2995,20.22,9.92,0
1,19,2024-05,3141,20.22,10.0,0
1,19,2024-06,3071,20.22,10.08,0
1,19,2024-07,3184,20.22,10.17,0
1,19,2024-08,3288,20.22,10.25,0
1,19,2024-09,2850,20.22,10.33,0
1,19,2024-10,2981,20.22,10.42,0
1,19,2024-11,3043,20.22,10.5,0
1,19,2024-12,2947,20.22,10.58,0
1,19,2025-01,3148,20.22,10.67,1
1,19,2025-02,3895,20.22,10.75,1
1,19,2025-03,3114,20.22,10.83,1
1,19,2025-04,2928,20.22,10.92,1
1,19,2025-05,3535,20.22,11.0,1
1,20,2022-06,3206,19.93,8.08,0
1,20,2022-07,3686,19.93,8.17,0
1,20,2022-08,3303,19.93,8.25,0
1,20,2022-09,3527,19.93,8.33,0
1,20,2022-10,3166,19.93,8.42,0
1,20,2022-11,2944,19.93,8.5,0
1,20,2022-12,2871,19.93,8.58,0
1,20,2023-01,2946,19.93,8.67,0
1,20,2023-02,2961,19.93,8.75,0
1,20,2023-03,2987,19.93,8.83,0
1,20,2023-04,3548,19.93,8.92,0
1,20,2023-05,3558,19.93,9.0,0
1,20,2023-06,3841,19.93,9.08,0
1,20,2023-07,3582,19.93,9.17,0
1,20,2023-08,3978,19.93,9.25,0
1,20,2023-09,3425,19.93,9.33,0
1,20,2023-10,3702,19.93,9.42,0
1,20,2023-11,3609,19.93,9.5,0
1,20,2023-12,3442,19.93,9.58,0
1,20,2024-01,3471,19.93,9.67,0
1,20,2024-02,3420,19.93,9.75,0
1,20,2024-03,3519,19.93,9.83,0
1,20,2024-04,3013,19.93,9.92,0
1,20,2024-05,3531,19.93,10.0,0
1,20,2024-06,3826,19.93,10.08,0
1,20,2024-07,3997,19.93,10.17,0
1,20,2024-08,3582,19.93,10.25,0
1,20,2024-09,3659,19.93,10.33,0
1,20,2024-10,3187,19.93,10.42,0
1,20,2024-11,3517,19.93,10.5,0
1,20,2024-12,3358,19.93,10.58,0
1,20,2025-01,3412,19.93,10.67,1
1,20,2025-02,5578,19.93,10.75,1
1,20,2025-03,2936,19.93,10.83,1
1,20,2025-04,3969,19.93,10.92,1
1,20,2025-05,4118,19.93,11.0,1
1,21,2022-06,4435,29.55,8.08,0
1,21,2022-07,4625,29.55,8.17,0
1,21,2022-08,5036,29.55,8.25,0
1,21,2022-09,4573,29.55,8.33,0
1,21,2022-10,4624,29.55,8.42,0
1,21,2022-11,4747,29.55,8.5,0
1,21,2022-12,4464,29.55,8.58,0
1,21,2023-01,3881,29.55,8.67,0
1,21,2023-02,4434,29.55,8.75,0
1,21,2023-03,4265,29.55,8.83,0
1,21,2023-04,5156,29.55,8.92,0
1,21,2023-05,4974,29.55,9.0,0
1,21,2023-06,5051,29.55,9.08,0
1,21,2023-07,4990,29.55,9.17,0
1,21,2023-08,4847,29.55,9.25,0
1,21,2023-09,5172,29.55,9.33,0
1,21,2023-10,4399,29.55,9.42,0
1,21,2023-11,4154,29.55,9.5,0
1,21,2023-12,4774,29.55,9.58,0
1,21,2024-01,4462,29.55,9.67,0
1,21,2024-02,4460,29.55,9.75,0
1,21,2024-03,4428,29.55,9.83,0
1,21,2024-04,5069,29.55,9.92,0
1,21,2024-05,4711,29.55,10.0,0
1,21,2024-06,4667,29.55,10.08,0
1,21,2024-07,4690,29.55,10.17,0
1,21,2024-08,5200,29.55,10.25,0
1,21,2024-09,5215,29.55,10.33,0
1,21,2024-10,4587,29.55,10.42,0
1,21,2024-11,5172,29.55,10.5,0
1,21,2024-12,4534,29.55,10.58,0
1,21,2025-01,6519,29.55,10.67,1
1,21,2025-02,6545,29.55,10.75,1
1,21,2025-03,5706,29.55,10.83,1
1,21,2025-04,6167,29.55,10.92,1
1,21,2025-05,3021,29.55,11.0,1
1,22,2022-06,4652,29.26,8.08,0
1,22,2022-07,4949,29.26,8.17,0
1,22,2022-08,4529,29.26,8.25,0
1,22,2022-09,4549,29.26,8.33,0
1,22,2022-10,4379,29.26,8.42,0
1,22,2022-11,4414,29.26,8.5,0
1,22,2022-12,4570,29.26,8.58,0
1,22,2023-01,4558,29.26,8.67,0
1,22,2023-02,4634,29.26,8.75,0
1,22,2023-03,4519,29.26,8.83,0
1,22,2023-04,4905,29.26,8.92,0
1,22,2023-05,4471,29.26,9.0,0
1,22,2023-06,4602,29.26,9.08,0
1,22,2023-07,5298,29.26,9.17,0
1,22,2023-08,5067,29.26,9.25,0
1,22,2023-09,4642,29.26,9.33,0
1,22,2023-10,4945,29.26,9.42,0
1,22,2023-11,4244,29.26,9.5,0
1,22,2023-12,4418,29.26,9.58,0
1,22,2024-01,4562,29.26,9.67,0
1,22,2024-02,4571,29.26,9.75,0
1,22,2024-03,4406,29.26,9.83,0
1,22,2024-04,4946,29.26,9.92,0
1,22,2024-05,4411,29.26,10.0,0
1,22,2024-06,4761,29.26,10.08,0
1,22,2024-07,4861,29.26,10.17,0
1,22,2024-08,5443,29.26,10.25,0
1,22,2024-09,5079,29.26,10.33,0
1,22,2024-10,4311,29.26,10.42,0
1,22,2024-11,4987,29.26,10.5,0
1,22,2024-12,4549,29.26,10.58,0
1,22,2025-01,5929,29.26,10.67,1
1,22,2025-02,6800,29.26,10.75,1
1,22,2025-03,4703,29.26,10.83,1
1,22,2025-04,8256,29.26,10.92,1
1,22,2025-05,1991,29.26,11.0,1
1,23,2022-06,3930,28.14,8.08,0
1,23,2022-07,4352,28.14,8.17,0
1,23,2022-08,4234,28.14,8.25,0
1,23,2022-09,4374,28.14,8.33,0
1,23,2022-10,4126,28.14,8.42,0
1,23,2022-11,4093,28.14,8.5,0
1,23,2022-12,3575,28.14,8.58,0
1,23,2023-01,3536,28.14,8.67,0
1,23,2023-02,3632,28.14,8.75,0
1,23,2023-03,3777,28.14,8.83,0
1,23,2023-04,4480,28.14,8.92,0
1,23,2023-05,4590,28.14,9.0,0
1,23,2023-06,4533,28.14,9.08,0
1,23,2023-07,4010,28.14,9.17,0
1,23,2023-08,4602,28.14,9.25,0
1,23,2023-09,4130,28.14,9.33,0
1,23,2023-10,4412,28.14,9.42,0
1,23,2023-11,3884,28.14,9.5,0
1,23,2023-12,4337,28.14,9.58,0
1,23,2024-01,3994,28.14,9.67,0
1,23,2024-02,3797,28.14,9.75,0
1,23,2024-03,4393,28.14,9.83,0
1,23,2024-04,3916,28.14,9.92,0
1,23,2024-05,4458,28.14,10.0,0
1,23,2024-06,4790,28.14,10.08,0
1,23,2024-07,4363,28.14,10.17,0
1,23,2024-08,4197,28.14,10.25,0
1,23,2024-09,4000,28.14,10.33,0
1,23,2024-10,3937,28.14,10.42,0
1,23,2024-11,3885,28.14,10.5,0
1,23,2024-12,3893,28.14,10.58,0
1,23,2025-01,4946,28.14,10.67,1
1,23,2025-02,5411,28.14,10.75,1
1,23,2025-03,3130,28.14,10.83,1
1,23,2025-04,7022,28.14,10.92,1
1,23,2025-05,3881,28.14,11.0,1
1,24,2022-06,4215,24.51,8.08,0
1,24,2022-07,4115,24.51,8.17,0
1,24,2022-08,4198,24.51,8.25,0
1,24,2022-09,4629,24.51,8.33,0
1,24,2022-10,3839,24.51,8.42,0
1,24,2022-11,4027,24.51,8.5,0
1,24,2022-12,4064,24.51,8.58,0
1,24,2023-01,4028,24.51,8.67,0
1,24,2023-02,3627,24.51,8.75,0
1,24,2023-03,3882,24.51,8.83,0
1,24,2023-04,4308,24.51,8.92,0
1,24,2023-05,4718,24.51,9.0,0
1,24,2023-06,4500,24.51,9.08,0
1,24,2023-07,4574,24.51,9.17,0
1,24,2023-08,4256,24.51,9.25,0
1,24,2023-09,4196,24.51,9.33,0
1,24,2023-10,4486,24.51,9.42,0
1,24,2023-11,3976,24.51,9.5,0
1,24,2023-12,3849,24.51,9.58,0
1,24,2024-01,4298,24.51,9.67,0
1,24,2024-02,3793,24.51,9.75,0
1,24,2024-03,4360,24.51,9.83,0
1,24,2024-04,4001,24.51,9.92,0
1,24,2024-05,4148,24.51,10.0,0
1,24,2024-06,4728,24.51,10.08,0
1,24,2024-07,5166,24.51,10.17,0
1,24,2024-08,4932,24.51,10.25,0
1,24,2024-09,4830,24.51,10.33,0
1,24,2024-10,4361,24.51,10.42,0
1,24,2024-11,4732,24.51,10.5,0
1,24,2024-12,4508,24.51,10.58,0
1,24,2025-01,5391,24.51,10.67,1
1,24,2025-02,6638,24.51,10.75,1
1,24,2025-03,2596,24.51,10.83,1
1,24,2025-04,8018,24.51,10.92,1
1,24,2025-05,2736,24.51,11.0,1
1,25,2022-06,5297,29.39,8.08,0
1,25,2022-07,5419,29.39,8.17,0
1,25,2022-08,5840,29.39,8.25,0
1,25,2022-09,5769,29.39,8.33,0
1,25,2022-10,5240,29.39,8.42,0
1,25,2022-11,6115,29.39,8.5,0
1,25,2022-12,5258,29.39,8.58,0
1,25,2023-01,5591,29.39,8.67,0
1,25,2023-02,5061,29.39,8.75,0
1,25,2023-03,6376,29.39,8.83,0
1,25,2023-04,5870,29.39,8.92,0
1,25,2023-05,5851,29.39,9.0,0
1,25,2023-06,5857,29.39,9.08,0
1,25,2023-07,6438,29.39,9.17,0
1,25,2023-08,6160,29.39,9.25,0
1,25,2023-09,6267,29.39,9.33,0
1,25,2023-10,5897,29.39,9.42,0
1,25,2023-11,5769,29.39,9.5,0
1,25,2023-12,5642,29.39,9.58,0
1,25,2024-01,6032,29.39,9.67,0
1,25,2024-02,5422,29.39,9.75,0
1,25,2024-03,6123,29.39,9.83,0
1,25,2024-04,6495,29.39,9.92,0
1,25,2024-05,6106,29.39,10.0,0
1,25,2024-06,6245,29.39,10.08,0
1,25,2024-07,6870,29.39,10.17,0
1,25,2024-08,6978,29.39,10.25,0
1,25,2024-09,6997,29.39,10.33,0
1,25,2024-10,6530,29.39,10.42,0
1,25,2024-11,5979,29.39,10.5,0
1,25,2024-12,5762,29.39,10.58,0
1,25,2025-01,6492,29.39,10.67,1
1,25,2025-02,4815,29.39,10.75,1
1,25,2025-03,7620,29.39,10.83,1
1,25,2025-04,10744,29.39,10.92,1
1,25,2025-05,5437,29.39,11.0,1
1,26,2022-06,5775,27.78,8.08,0
1,26,2022-07,6075,27.78,8.17,0
1,26,2022-08,6011,27.78,8.25,0
1,26,2022-09,5396,27.78,8.33,0
1,26,2022-10,5746,27.78,8.42,0
1,26,2022-11,4842,27.78,8.5,0
1,26,2022-12,4986,27.78,8.58,0
1,26,2023-01,4755,27.78,8.67,0
1,26,2023-02,5148,27.78,8.75,0
1,26,2023-03,5613,27.78,8.83,0
1,26,2023-04,6096,27.78,8.92,0
1,26,2023-05,6024,27.78,9.0,0
1,26,2023-06,6197,27.78,9.08,0
1,26,2023-07,5651,27.78,9.17,0
1,26,2023-08,6653,27.78,9.25,0
1,26,2023-09,6439,27.78,9.33,0
1,26,2023-10,5940,27.78,9.42,0
1,26,2023-11,4960,27.78,9.5,0
1,26,2023-12,5597,27.78,9.58,0
1,26,2024-01,5884,27.78,9.67,0
1,26,2024-02,5540,27.78,9.75,0
1,26,2024-03,5961,27.78,9.83,0
1,26,2024-04,5191,27.78,9.92,0
1,26,2024-05,5504,27.78,10.0,0
1,26,2024-06,6432,27.78,10.08,0
1,26,2024-07,6750,27.78,10.17,0
1,26,2024-08,6227,27.78,10.25,0
1,26,2024-09,6355,27.78,10.33,0
1,26,2024-10,5803,27.78,10.42,0
1,26,2024-11,6090,27.78,10.5,0
1,26,2024-12,5393,27.78,10.58,0
1,26,2025-01,6305,27.78,10.67,1
1,26,2025-02,5493,27.78,10.75,1
1,26,2025-03,6651,27.78,10.83,1
1,26,2025-04,10910,27.78,10.92,1
1,26,2025-05,3363,27.78,11.0,1
1,27,2022-06,4276,28.21,8.08,0
1,27,2022-07,4405,28.21,8.17,0
1,27,2022-08,4552,28.21,8.25,0
1,27,2022-09,4325,28.21,8.33,0
1,27,2022-10,4013,28.21,8.42,0
1,27,2022-11,4127,28.21,8.5,0
1,27,2022-12,4064,28.21,8.58,0
1,27,2023-01,4258,28.21,8.67,0
1,27,2023-02,3929,28.21,8.75,0
1,27,2023-03,4354,28.21,8.83,0
1,27,2023-04,4135,28.21,8.92,0
1,27,2023-05,4327,28.21,9.0,0
1,27,2023-06,5114,28.21,9.08,0
1,27,2023-07,5066,28.21,9.17,0
1,27,2023-08,5125,28.21,9.25,0
1,27,2023-09,4756,28.21,9.33,0
1,27,2023-10,4795,28.21,9.42,0
1,27,2023-11,3955,28.21,9.5,0
1,27,2023-12,4548,28.21,9.58,0
1,27,2024-01,4159,28.21,9.67,0
1,27,2024-02,4028,28.21,9.75,0
1,27,2024-03,4480,28.21,9.83,0
1,27,2024-04,4679,28.21,9.92,0
1,27,2024-05,4843,28.21,10.0,0
1,27,2024-06,4314,28.21,10.08,0
1,27,2024-07,4926,28.21,10.17,0
1,27,2024-08,4683,28.21,10.25,0
1,27,2024-09,4557,28.21,10.33,0
1,27,2024-10,4602,28.21,10.42,0
1,27,2024-11,4436,28.21,10.5,0
1,27,2024-12,4351,28.21,10.58,0
1,27,2025-01,5351,28.21,10.67,1
1,27,2025-02,4715,28.21,10.75,1
1,27,2025-03,5958,28.21,10.83,1
1,27,2025-04,8729,28.21,10.92,1
1,27,2025-05,1391,28.21,11.0,1
1,28,2022-06,4369,26.72,8.08,0
1,28,2022-07,4418,26.72,8.17,0
1,28,2022-08,5145,26.72,8.25,0
1,28,2022-09,4688,26.72,8.33,0
1,28,2022-10,4999,26.72,8.42,0
1,28,2022-11,4514,26.72,8.5,0
1,28,2022-12,4916,26.72,8.58,0
1,28,2023-01,4509,26.72,8.67,0
1,28,2023-02,4250,26.72,8.75,0
1,28,2023-03,4380,26.72,8.83,0
1,28,2023-04,5037,26.72,8.92,0
1,28,2023-05,5461,26.72,9.0,0
1,28,2023-06,5422,26.72,9.08,0
1,28,2023-07,5291,26.72,9.17,0
1,28,2023-08,5638,26.72,9.25,0
1,28,2023-09,4823,26.72,9.33,0
1,28,2023-10,4948,26.72,9.42,0
1,28,2023-11,4363,26.72,9.5,0
1,28,2023-12,5135,26.72,9.58,0
1,28,2024-01,5229,26.72,9.67,0
1,28,2024-02,5008,26.72,9.75,0
1,28,2024-03,5229,26.72,9.83,0
1,28,2024-04,5053,26.72,9.92,0
1,28,2024-05,4590,26.72,10.0,0
1,28,2024-06,5194,26.72,10.08,0
1,28,2024-07,5460,26.72,10.17,0
1,28,2024-08,5159,26.72,10.25,0
1,28,2024-09,5237,26.72,10.33,0
1,28,2024-10,4634,26.72,10.42,0
1,28,2024-11,5013,26.72,10.5,0
1,28,2024-12,5040,26.72,10.58,0
1,28,2025-01,4645,26.72,10.67,1
1,28,2025-02,7164,26.72,10.75,1
1,28,2025-03,5363,26.72,10.83,1
1,28,2025-04,5914,26.72,10.92,1
1,28,2025-05,5585,26.72,11.0,1
1,29,2022-06,4321,28.6,8.08,0
1,29,2022-07,5038,28.6,8.17,0
1,29,2022-08,4511,28.6,8.25,0
1,29,2022-09,4703,28.6,8.33,0
1,29,2022-10,4453,28.6,8.42,0
1,29,2022-11,4239,28.6,8.5,0
1,29,2022-12,4954,28.6,8.58,0
1,29,2023-01,4286,28.6,8.67,0
1,29,2023-02,4301,28.6,8.75,0
1,29,2023-03,4628,28.6,8.83,0
1,29,2023-04,5050,28.6,8.92,0
1,29,2023-05,4758,28.6,9.0,0
1,29,2023-06,5134,28.6,9.08,0
1,29,2023-07,5245,28.6,9.17,0
1,29,2023-08,5498,28.6,9.25,0
1,29,2023-09,5515,28.6,9.33,0
1,29,2023-10,4671,28.6,9.42,0
1,29,2023-11,4683,28.6,9.5,0
1,29,2023-12,4818,28.6,9.58,0
1,29,2024-01,5037,28.6,9.67,0
1,29,2024-02,5019,28.6,9.75,0
1,29,2024-03,5224,28.6,9.83,0
1,29,2024-04,4570,28.6,9.92,0
1,29,2024-05,5024,28.6,10.0,0
1,29,2024-06,4956,28.6,10.08,0
1,29,2024-07,5718,28.6,10.17,0
1,29,2024-08,4866,28.6,10.25,0
1,29,2024-09,4920,28.6,10.33,0
1,29,2024-10,5164,28.6,10.42,0
1,29,2024-11,5176,28.6,10.5,0
1,29,2024-12,4707,28.6,10.58,0
1,29,2025-01,6978,28.6,10.67,1
1,29,2025-02,4138,28.6,10.75,1
1,29,2025-03,5961,28.6,10.83,1
1,29,2025-04,5746,28.6,10.92,1
1,29,2025-05,6416,28.6,11.0,1
1,30,2022-06,3295,27.17,8.08,0
1,30,2022-07,3717,27.17,8.17,0
1,30,2022-08,3788,27.17,8.25,0
1,30,2022-09,3411,27.17,8.33,0
1,30,2022-10,3131,27.17,8.42,0
1,30,2022-11,3147,27.17,8.5,0
1,30,2022-12,3655,27.17,8.58,0
1,30,2023-01,3122,27.17,8.67,0
1,30,2023-02,3446,27.17,8.75,0
1,30,2023-03,3325,27.17,8.83,0
1,30,2023-04,3307,27.17,8.92,0
1,30,2023-05,3482,27.17,9.0,0
1,30,2023-06,3867,27.17,9.08,0
1,30,2023-07,4107,27.17,9.17,0
1,30,2023-08,3494,27.17,9.25,0
1,30,2023-09,3859,27.17,9.33,0
1,30,2023-10,3693,27.17,9.42,0
1,30,2023-11,3467,27.17,9.5,0
1,30,2023-12,3704,27.17,9.58,0
1,30,2024-01,3388,27.17,9.67,0
1,30,2024-02,3239,27.17,9.75,0
1,30,2024-03,3486,27.17,9.83,0
1,30,2024-04,3900,27.17,9.92,0
1,30,2024-05,3434,27.17,10.0,0
1,30,2024-06,3849,27.17,10.08,0
1,30,2024-07,4300,27.17,10.17,0
1,30,2024-08,3795,27.17,10.25,0
1,30,2024-09,3733,27.17,10.33,0
1,30,2024-10,3758,27.17,10.42,0
1,30,2024-11,3956,27.17,10.5,0
1,30,2024-12,3681,27.17,10.58,0
1,30,2025-01,4407,27.17,10.67,1
1,30,2025-02,3138,27.17,10.75,1
1,30,2025-03,6076,27.17,10.83,1
1,30,2025-04,3794,27.17,10.92,1
1,30,2025-05,4257,27.17,11.0,1
1,31,2022-06,4556,27.99,8.08,0
1,31,2022-07,4581,27.99,8.17,0
1,31,2022-08,4340,27.99,8.25,0
1,31,2022-09,4385,27.99,8.33,0
1,31,2022-10,4358,27.99,8.42,0
1,31,2022-11,4430,27.99,8.5,0
1,31,2022-12,3693,27.99,8.58,0
1,31,2023-01,4049,27.99,8.67,0
1,31,2023-02,4304,27.99,8.75,0
1,31,2023-03,4120,27.99,8.83,0
1,31,2023-04,4718,27.99,8.92,0
1,31,2023-05,4660,27.99,9.0,0
1,31,2023-06,4511,27.99,9.08,0
1,31,2023-07,4856,27.99,9.17,0
1,31,2023-08,4800,27.99,9.25,0
1,31,2023-09,5019,27.99,9.33,0
1,31,2023-10,3936,27.99,9.42,0
1,31,2023-11,4176,27.99,9.5,0
1,31,2023-12,3936,27.99,9.58,0
1,31,2024-01,4573,27.99,9.67,0
1,31,2024-02,4666,27.99,9.75,0
1,31,2024-03,4294,27.99,9.83,0
1,31,2024-04,4689,27.99,9.92,0
1,31,2024-05,4169,27.99,10.0,0
1,31,2024-06,4991,27.99,10.08,0
1,31,2024-07,4526,27.99,10.17,0
1,31,2024-08,5202,27.99,10.25,0
1,31,2024-09,4237,27.99,10.33,0
1,31,2024-10,4166,27.99,10.42,0
1,31,2024-11,4818,27.99,10.5,0
1,31,2024-12,4193,27.99,10.58,0
1,31,2025-01,5728,27.99,10.67,1
1,31,2025-02,3855,27.99,10.75,1
1,31,2025-03,5323,27.99,10.83,1
1,31,2025-04,4004,27.99,10.92,1
1,31,2025-05,7142,27.99,11.0,1
1,32,2022-06,4213,27.46,8.08,0
1,32,2022-07,4105,27.46,8.17,0
1,32,2022-08,4259,27.46,8.25,0
1,32,2022-09,4076,27.46,8.33,0
1,32,2022-10,4023,27.46,8.42,0
1,32,2022-11,3411,27.46,8.5,0
1,32,2022-12,3798,27.46,8.58,0
1,32,2023-01,3850,27.46,8.67,0
1,32,2023-02,3687,27.46,8.75,0
1,32,2023-03,3998,27.46,8.83,0
1,32,2023-04,4092,27.46,8.92,0
1,32,2023-05,4290,27.46,9.0,0
1,32,2023-06,4587,27.46,9.08,0
1,32,2023-07,4515,27.46,9.17,0
1,32,2023-08,4269,27.46,9.25,0
1,32,2023-09,4266,27.46,9.33,0
1,32,2023-10,3961,27.46,9.42,0
1,32,2023-11,3935,27.46,9.5,0
1,32,2023-12,4224,27.46,9.58,0
1,32,2024-01,3796,27.46,9.67,0
1,32,2024-02,3892,27.46,9.75,0
1,32,2024-03,4028,27.46,9.83,0
1,32,2024-04,4247,27.46,9.92,0
1,32,2024-05,3911,27.46,10.0,0
1,32,2024-06,4328,27.46,10.08,0
1,32,2024-07,4468,27.46,10.17,0
1,32,2024-08,4317,27.46,10.25,0
1,32,2024-09,3895,27.46,10.33,0
1,32,2024-10,4039,27.46,10.42,0
1,32,2024-11,4121,27.46,10.5,0
1,32,2024-12,4517,27.46,10.58,0
1,32,2025-01,4323,27.46,10.67,1
1,32,2025-02,4023,27.46,10.75,1
1,32,2025-03,5393,27.46,10.83,1
1,32,2025-04,5972,27.46,10.92,1
1,32,2025-05,4460,27.46,11.0,1
1,33,2022-06,3653,29.94,8.08,0
1,33,2022-07,4153,29.94,8.17,0
1,33,2022-08,4325,29.94,8.25,0
1,33,2022-09,4019,29.94,8.33,0
1,33,2022-10,3562,29.94,8.42,0
1,33,2022-11,3987,29.94,8.5,0
1,33,2022-12,3402,29.94,8.58,0
1,33,2023-01,3809,29.94,8.67,0
1,33,2023-02,3310,29.94,8.75,0
1,33,2023-03,3796,29.94,8.83,0
1,33,2023-04,4126,29.94,8.92,0
1,33,2023-05,4210,29.94,9.0,0
1,33,2023-06,4134,29.94,9.08,0
1,33,2023-07,3970,29.94,9.17,0
1,33,2023-08,4192,29.94,9.25,0
1,33,2023-09,4074,29.94,9.33,0
1,33,2023-10,4010,29.94,9.42,0
1,33,2023-11,4002,29.94,9.5,0
1,33,2023-12,3879,29.94,9.58,0
1,33,2024-01,4188,29.94,9.67,0
1,33,2024-02,3798,29.94,9.75,0
1,33,2024-03,3868,29.94,9.83,0
1,33,2024-04,3739,29.94,9.92,0
1,33,2024-05,3740,29.94,10.0,0
1,33,2024-06,4623,29.94,10.08,0
1,33,2024-07,4365,29.94,10.17,0
1,33,2024-08,4714,29.94,10.25,0
1,33,2024-09,4022,29.94,10.33,0
1,33,2024-10,4102,29.94,10.42,0
1,33,2024-11,3622,29.94,10.5,0
1,33,2024-12,3854,29.94,10.58,0
1,33,2025-01,5747,29.94,10.67,1
1,33,2025-02,4210,29.94,10.75,1
1,33,2025-03,5104,29.94,10.83,1
1,33,2025-04,4239,29.94,10.92,1
1,33,2025-05,4463,29.94,11.0,1
1,34,2022-06,4642,28.24,8.08,0
1,34,2022-07,5526,28.24,8.17,0
1,34,2022-08,5563,28.24,8.25,0
1,34,2022-09,4957,28.24,8.33,0
1,34,2022-10,5579,28.24,8.42,0
1,34,2022-11,5062,28.24,8.5,0
1,34,2022-12,4644,28.24,8.58,0
1,34,2023-01,5239,28.24,8.67,0
1,34,2023-02,4677,28.24,8.75,0
1,34,2023-03,4937,28.24,8.83,0
1,34,2023-04,5864,28.24,8.92,0
1,34,2023-05,5740,28.24,9.0,0
1,34,2023-06,5802,28.24,9.08,0
1,34,2023-07,5600,28.24,9.17,0
1,34,2023-08,5659,28.24,9.25,0
1,34,2023-09,5879,28.24,9.33,0
1,34,2023-10,5136,28.24,9.42,0
1,34,2023-11,5800,28.24,9.5,0
1,34,2023-12,5595,28.24,9.58,0
1,34,2024-01,5129,28.24,9.67,0
1,34,2024-02,5768,28.24,9.75,0
1,34,2024-03,5329,28.24,9.83,0
1,34,2024-04,4894,28.24,9.92,0
1,34,2024-05,5961,28.24,10.0,0
1,34,2024-06,5976,28.24,10.08,0
1,34,2024-07,6361,28.24,10.17,0
1,34,2024-08,5890,28.24,10.25,0
1,34,2024-09,5719,28.24,10.33,0
1,34,2024-10,5006,28.24,10.42,0
1,34,2024-11,5216,28.24,10.5,0
1,34,2024-12,6055,28.24,10.58,0
1,34,2025-01,5035,28.24,10.67,1
1,34,2025-02,8251,28.24,10.75,1
1,34,2025-03,3783,28.24,10.83,1
1,34,2025-04,9239,28.24,10.92,1
1,34,2025-05,5262,28.24,11.0,1
1,35,2022-06,5219,31.45,8.08,0
1,35,2022-07,5745,31.45,8.17,0
1,35,2022-08,5020,31.45,8.25,0
1,35,2022-09,5484,31.45,8.33,0
1,35,2022-10,5039,31.45,8.42,0
1,35,2022-11,5406,31.45,8.5,0
1,35,2022-12,5325,31.45,8.58,0
1,35,2023-01,4579,31.45,8.67,0
1,35,2023-02,4445,31.45,8.75,0
1,35,2023-03,5432,31.45,8.83,0
1,35,2023-04,5358,31.45,8.92,0
1,35,2023-05,5234,31.45,9.0,0
1,35,2023-06,5972,31.45,9.08,0
1,35,2023-07,5300,31.45,9.17,0
1,35,2023-08,5871,31.45,9.25,0
1,35,2023-09,5160,31.45,9.33,0
1,35,2023-10,5402,31.45,9.42,0
1,35,2023-11,5422,31.45,9.5,0
1,35,2023-12,4830,31.45,9.58,0
1,35,2024-01,5347,31.45,9.67,0
1,35,2024-02,4709,31.45,9.75,0
1,35,2024-03,5259,31.45,9.83,0
1,35,2024-04,4841,31.45,9.92,0
1,35,2024-05,5261,31.45,10.0,0
1,35,2024-06,5238,31.45,10.08,0
1,35,2024-07,6149,31.45,10.17,0
1,35,2024-08,6339,31.45,10.25,0
1,35,2024-09,5367,31.45,10.33,0
1,35,2024-10,4920,31.45,10.42,0
1,35,2024-11,4838,31.45,10.5,0
1,35,2024-12,5493,31.45,10.58,0
1,35,2025-01,5869,31.45,10.67,1
1,35,2025-02,7610,31.45,10.75,1
1,35,2025-03,3827,31.45,10.83,1
1,35,2025-04,11515,31.45,10.92,1
1,35,2025-05,2605,31.45,11.0,1
1,36,2022-06,3642,28.82,8.08,0
1,36,2022-07,3963,28.82,8.17,0
1,36,2022-08,4155,28.82,8.25,0
1,36,2022-09,3591,28.82,8.33,0
1,36,2022-10,3473,28.82,8.42,0
1,36,2022-11,3552,28.82,8.5,0
1,36,2022-12,3355,28.82,8.58,0
1,36,2023-01,3604,28.82,8.67,0
1,36,2023-02,3745,28.82,8.75,0
1,36,2023-03,3642,28.82,8.83,0
1,36,2023-04,3864,28.82,8.92,0
1,36,2023-05,3938,28.82,9.0,0
1,36,2023-06,4470,28.82,9.08,0
1,36,2023-07,4745,28.82,9.17,0
1,36,2023-08,3961,28.82,9.25,0
1,36,2023-09,4016,28.82,9.33,0
1,36,2023-10,4015,28.82,9.42,0
1,36,2023-11,3549,28.82,9.5,0
1,36,2023-12,4022,28.82,9.58,0
1,36,2024-01,3785,28.82,9.67,0
1,36,2024-02,3569,28.82,9.75,0
1,36,2024-03,3773,28.82,9.83,0
1,36,2024-04,4079,28.82,9.92,0
1,36,2024-05,4146,28.82,10.0,0
1,36,2024-06,3888,28.82,10.08,0
1,36,2024-07,4855,28.82,10.17,0
1,36,2024-08,4739,28.82,10.25,0
1,36,2024-09,3829,28.82,10.33,0
1,36,2024-10,4357,28.82,10.42,0
1,36,2024-11,3818,28.82,10.5,0
1,36,2024-12,4374,28.82,10.58,0
1,36,2025-01,4965,28.82,10.67,1
1,36,2025-02,4183,28.82,10.75,1
1,36,2025-03,3209,28.82,10.83,1
1,36,2025-04,8151,28.82,10.92,1
1,36,2025-05,3584,28.82,11.0,1
1,37,2022-06,3853,29.29,8.08,0
1,37,2022-07,4421,29.29,8.17,0
1,37,2022-08,4379,29.29,8.25,0
1,37,2022-09,4380,29.29,8.33,0
1,37,2022-10,4475,29.29,8.42,0
1,37,2022-11,4136,29.29,8.5,0
1,37,2022-12,3912,29.29,8.58,0
1,37,2023-01,3864,29.29,8.67,0
1,37,2023-02,3853,29.29,8.75,0
1,37,2023-03,3956,29.29,8.83,0
1,37,2023-04,4236,29.29,8.92,0
1,37,2023-05,4699,29.29,9.0,0
1,37,2023-06,4538,29.29,9.08,0
1,37,2023-07,5207,29.29,9.17,0
1,37,2023-08,4710,29.29,9.25,0
1,37,2023-09,4121,29.29,9.33,0
1,37,2023-10,3944,29.29,9.42,0
1,37,2023-11,4658,29.29,9.5,0
1,37,2023-12,4326,29.29,9.58,0
1,37,2024-01,4485,29.29,9.67,0
1,37,2024-02,4413,29.29,9.75,0
1,37,2024-03,4190,29.29,9.83,0
1,37,2024-04,4629,29.29,9.92,0
1,37,2024-05,4856,29.29,10.0,0
1,37,2024-06,4362,29.29,10.08,0
1,37,2024-07,4790,29.29,10.17,0
1,37,2024-08,4424,29.29,10.25,0
1,37,2024-09,4334,29.29,10.33,0
1,37,2024-10,4747,29.29,10.42,0
1,37,2024-11,4291,29.29,10.5,0
1,37,2024-12,4021,29.29,10.58,0
1,37,2025-01,5171,29.29,10.67,1
1,37,2025-02,4386,29.29,10.75,1
1,37,2025-03,2601,29.29,10.83,1
1,37,2025-04,10211,29.29,10.92,1
1,37,2025-05,3710,29.29,11.0,1
1,38,2022-06,4550,28.66,8.08,0
1,38,2022-07,4704,28.66,8.17,0
1,38,2022-08,4569,28.66,8.25,0
1,38,2022-09,4137,28.66,8.33,0
1,38,2022-10,4199,28.66,8.42,0
1,38,2022-11,4277,28.66,8.5,0
1,38,2022-12,4632,28.66,8.58,0
1,38,2023-01,3756,28.66,8.67,0
1,38,2023-02,4115,28.66,8.75,0
1,38,2023-03,4125,28.66,8.83,0
1,38,2023-04,4431,28.66,8.92,0
1,38,2023-05,4315,28.66,9.0,0
1,38,2023-06,4430,28.66,9.08,0
1,38,2023-07,5131,28.66,9.17,0
1,38,2023-08,4508,28.66,9.25,0
1,38,2023-09,4797,28.66,9.33,0
1,38,2023-10,4214,28.66,9.42,0
1,38,2023-11,4155,28.66,9.5,0
1,38,2023-12,4358,28.66,9.58,0
1,38,2024-01,4210,28.66,9.67,0
1,38,2024-02,4615,28.66,9.75,0
1,38,2024-03,4524,28.66,9.83,0
1,38,2024-04,4286,28.66,9.92,0
1,38,2024-05,5170,28.66,10.0,0
1,38,2024-06,5335,28.66,10.08,0
1,38,2024-07,5322,28.66,10.17,0
1,38,2024-08,4736,28.66,10.25,0
1,38,2024-09,4690,28.66,10.33,0
1,38,2024-10,4717,28.66,10.42,0
1,38,2024-11,4382,28.66,10.5,0
1,38,2024-12,4752,28.66,10.58,0
1,38,2025-01,4130,28.66,10.67,1
1,38,2025-02,4556,28.66,10.75,1
1,38,2025-03,4764,28.66,10.83,1
1,38,2025-04,9463,28.66,10.92,1
1,38,2025-05,4199,28.66,11.0,1
1,39,2022-06,4401,29.39,8.08,0
1,39,2022-07,4069,29.39,8.17,0
1,39,2022-08,4119,29.39,8.25,0
1,39,2022-09,4866,29.39,8.33,0
1,39,2022-10,4134,29.39,8.42,0
1,39,2022-11,3935,29.39,8.5,0
1,39,2022-12,4201,29.39,8.58,0
1,39,2023-01,3729,29.39,8.67,0
1,39,2023-02,3777,29.39,8.75,0
1,39,2023-03,4311,29.39,8.83,0
1,39,2023-04,4145,29.39,8.92,0
1,39,2023-05,5048,29.39,9.0,0
1,39,2023-06,5249,29.39,9.08,0
1,39,2023-07,4825,29.39,9.17,0
1,39,2023-08,4922,29.39,9.25,0
1,39,2023-09,4523,29.39,9.33,0
1,39,2023-10,4522,29.39,9.42,0
1,39,2023-11,4073,29.39,9.5,0
1,39,2023-12,4604,29.39,9.58,0
1,39,2024-01,4505,29.39,9.67,0
1,39,2024-02,4710,29.39,9.75,0
1,39,2024-03,4652,29.39,9.83,0
1,39,2024-04,4368,29.39,9.92,0
1,39,2024-05,4331,29.39,10.0,0
1,39,2024-06,5191,29.39,10.08,0
1,39,2024-07,4514,29.39,10.17,0
1,39,2024-08,4450,29.39,10.25,0
1,39,2024-09,5033,29.39,10.33,0
1,39,2024-10,4890,29.39,10.42,0
1,39,2024-11,4456,29.39,10.5,0
1,39,2024-12,4306,29.39,10.58,0
1,39,2025-01,6589,29.39,10.67,1
1,39,2025-02,5341,29.39,10.75,1
1,39,2025-03,5189,29.39,10.83,1
1,39,2025-04,4148,29.39,10.92,1
1,39,2025-05,5592,29.39,11.0,1
2,40,2022-06,2666,18.07,8.08,0
2,40,2022-07,3220,18.07,8.17,0
2,40,2022-08,2964,18.07,8.25,0
2,40,2022-09,2772,18.07,8.33,0
2,40,2022-10,2951,18.07,8.42,0
2,40,2022-11,3132,18.07,8.5,0
2,40,2022-12,3082,18.07,8.58,0
2,40,2023-01,2780,18.07,8.67,0
2,40,2023-02,2928,18.07,8.75,0
2,40,2023-03,3197,18.07,8.83,0
2,40,2023-04,3276,18.07,8.92,0
2,40,2023-05,3216,18.07,9.0,0
2,40,2023-06,3331,18.07,9.08,0
2,40,2023-07,3427,18.07,9.17,0
2,40,2023-08,3267,18.07,9.25,0
2,40,2023-09,3435,18.07,9.33,0
2,40,2023-10,2966,18.07,9.42,0
2,40,2023-11,3112,18.07,9.5,0
2,40,2023-12,3027,18.07,9.58,0
2,40,2024-01,2926,18.07,9.67,0
2,40,2024-02,3080,18.07,9.75,0
2,40,2024-03,2785,18.07,9.83,0
2,40,2024-04,3043,18.07,9.92,0
2,40,2024-05,3165,18.07,10.0,0
2,40,2024-06,3297,18.07,10.08,0
2,40,2024-07,3335,18.07,10.17,0
2,40,2024-08,3471,18.07,10.25,0
2,40,2024-09,2931,18.07,10.33,0
2,40,2024-10,3410,18.07,10.42,0
2,40,2024-11,2962,18.07,10.5,0
2,40,2024-12,3431,18.07,10.58,0
2,40,2025-01,4158,18.07,10.67,1
2,40,2025-02,3636,18.07,10.75,1
2,40,2025-03,3756,18.07,10.83,1
2,40,2025-04,3135,18.07,10.92,1
2,40,2025-05,3569,18.07,11.0,1
2,41,2022-06,3696,25.52,8.08,0
2,41,2022-07,3800,25.52,8.17,0
2,41,2022-08,4353,25.52,8.25,0
2,41,2022-09,4170,25.52,8.33,0
2,41,2022-10,3842,25.52,8.42,0
2,41,2022-11,4011,25.52,8.5,0
2,41,2022-12,3806,25.52,8.58,0
2,41,2023-01,3273,25.52,8.67,0
2,41,2023-02,3883,25.52,8.75,0
2,41,2023-03,3657,25.52,8.83,0
2,41,2023-04,3884,25.52,8.92,0
2,41,2023-05,4504,25.52,9.0,0
2,41,2023-06,4355,25.52,9.08,0
2,41,2023-07,4021,25.52,9.17,0
2,41,2023-08,4431,25.52,9.25,0
2,41,2023-09,3873,25.52,9.33,0
2,41,2023-10,4162,25.52,9.42,0
2,41,2023-11,3654,25.52,9.5,0
2,41,2023-12,3925,25.52,9.58,0
2,41,2024-01,3817,25.52,9.67,0
2,41,2024-02,3659,25.52,9.75,0
2,41,2024-03,3729,25.52,9.83,0
2,41,2024-04,3953,25.52,9.92,0
2,41,2024-05,4482,25.52,10.0,0
2,41,2024-06,3857,25.52,10.08,0
2,41,2024-07,4410,25.52,10.17,0
2,41,2024-08,4695,25.52,10.25,0
2,41,2024-09,3916,25.52,10.33,0
2,41,2024-10,3717,25.52,10.42,0
2,41,2024-11,4177,25.52,10.5,0
2,41,2024-12,4121,25.52,10.58,0
2,41,2025-01,4397,25.52,10.67,1
2,41,2025-02,4282,25.52,10.75,1
2,41,2025-03,5114,25.52,10.83,1
2,41,2025-04,5424,25.52,10.92,1
2,41,2025-05,4526,25.52,11.0,1
2,42,2022-06,5083,29.02,8.08,0
2,42,2022-07,5834,29.02,8.17,0
2,42,2022-08,5939,29.02,8.25,0
2,42,2022-09,5305,29.02,8.33,0
2,42,2022-10,5026,29.02,8.42,0
2,42,2022-11,5351,29.02,8.5,0
2,42,2022-12,5277,29.02,8.58,0
2,42,2023-01,5131,29.02,8.67,0
2,42,2023-02,5044,29.02,8.75,0
2,42,2023-03,5571,29.02,8.83,0
2,42,2023-04,5745,29.02,8.92,0
2,42,2023-05,5249,29.02,9.0,0
2,42,2023-06,5997,29.02,9.08,0
2,42,2023-07,6680,29.02,9.17,0
2,42,2023-08,6556,29.02,9.25,0
2,42,2023-09,5990,29.02,9.33,0
2,42,2023-10,6023,29.02,9.42,0
2,42,2023-11,5149,29.02,9.5,0
2,42,2023-12,5789,29.02,9.58,0
2,42,2024-01,5855,29.02,9.67,0
2,42,2024-02,5284,29.02,9.75,0
2,42,2024-03,5924,29.02,9.83,0
2,42,2024-04,5193,29.02,9.92,0
2,42,2024-05,6056,29.02,10.0,0
2,42,2024-06,5632,29.02,10.08,0
2,42,2024-07,5863,29.02,10.17,0
2,42,2024-08,5791,29.02,10.25,0
2,42,2024-09,6496,29.02,10.33,0
2,42,2024-10,5803,29.02,10.42,0
2,42,2024-11,6131,29.02,10.5,0
2,42,2024-12,5825,29.02,10.58,0
2,42,2025-01,6212,29.02,10.67,1
2,42,2025-02,9351,29.02,10.75,1
2,42,2025-03,4125,29.02,10.83,1
2,42,2025-04,7984,29.02,10.92,1
2,42,2025-05,5117,29.02,11.0,1
2,43,2022-06,5490,29.66,8.08,0
2,43,2022-07,5798,29.66,8.17,0
2,43,2022-08,5446,29.66,8.25,0
2,43,2022-09,5081,29.66,8.33,0
2,43,2022-10,5624,29.66,8.42,0
2,43,2022-11,5461,29.66,8.5,0
2,43,2022-12,5221,29.66,8.58,0
2,43,2023-01,5110,29.66,8.67,0
2,43,2023-02,5208,29.66,8.75,0
2,43,2023-03,5459,29.66,8.83,0
2,43,2023-04,5450,29.66,8.92,0
2,43,2023-05,5881,29.66,9.0,0
2,43,2023-06,5842,29.66,9.08,0
2,43,2023-07,6202,29.66,9.17,0
2,43,2023-08,6464,29.66,9.25,0
2,43,2023-09,5686,29.66,9.33,0
2,43,2023-10,5069,29.66,9.42,0
2,43,2023-11,5353,29.66,9.5,0
2,43,2023-12,5372,29.66,9.58,0
2,43,2024-01,5761,29.66,9.67,0
2,43,2024-02,5244,29.66,9.75,0
2,43,2024-03,5400,29.66,9.83,0
2,43,2024-04,5116,29.66,9.92,0
2,43,2024-05,5347,29.66,10.0,0
2,43,2024-06,5781,29.66,10.08,0
2,43,2024-07,6476,29.66,10.17,0
2,43,2024-08,5865,29.66,10.25,0
2,43,2024-09,5322,29.66,10.33,0
2,43,2024-10,5093,29.66,10.42,0
2,43,2024-11,5174,29.66,10.5,0
2,43,2024-12,5085,29.66,10.58,0
2,43,2025-01,4301,29.66,10.67,1
2,43,2025-02,8016,29.66,10.75,1
2,43,2025-03,3717,29.66,10.83,1
2,43,2025-04,11680,29.66,10.92,1
2,43,2025-05,4531,29.66,11.0,1
2,44,2022-06,4187,27.34,8.08,0
2,44,2022-07,5084,27.34,8.17,0
2,44,2022-08,5388,27.34,8.25,0
2,44,2022-09,4415,27.34,8.33,0
2,44,2022-10,4584,27.34,8.42,0
2,44,2022-11,4920,27.34,8.5,0
2,44,2022-12,4135,27.34,8.58,0
2,44,2023-01,4761,27.34,8.67,0
2,44,2023-02,4625,27.34,8.75,0
2,44,2023-03,4733,27.34,8.83,0
2,44,2023-04,4754,27.34,8.92,0
2,44,2023-05,4779,27.34,9.0,0
2,44,2023-06,5338,27.34,9.08,0
2,44,2023-07,5346,27.34,9.17,0
2,44,2023-08,4720,27.34,9.25,0
2,44,2023-09,5109,27.34,9.33,0
2,44,2023-10,4772,27.34,9.42,0
2,44,2023-11,5191,27.34,9.5,0
2,44,2023-12,5088,27.34,9.58,0
2,44,2024-01,4580,27.34,9.67,0
2,44,2024-02,4468,27.34,9.75,0
2,44,2024-03,4512,27.34,9.83,0
2,44,2024-04,4707,27.34,9.92,0
2,44,2024-05,4882,27.34,10.0,0
2,44,2024-06,5181,27.34,10.08,0
2,44,2024-07,5248,27.34,10.17,0
2,44,2024-08,5581,27.34,10.25,0
2,44,2024-09,5380,27.34,10.33,0
2,44,2024-10,5135,27.34,10.42,0
2,44,2024-11,4707,27.34,10.5,0
2,44,2024-12,4959,27.34,10.58,0
2,44,2025-01,4649,27.34,10.67,1
2,44,2025-02,5747,27.34,10.75,1
2,44,2025-03,4832,27.34,10.83,1
2,44,2025-04,11462,27.34,10.92,1
2,44,2025-05,2045,27.34,11.0,1
2,45,2022-06,4060,28.5,8.08,0
2,45,2022-07,4419,28.5,8.17,0
2,45,2022-08,4311,28.5,8.25,0
2,45,2022-09,4737,28.5,8.33,0
2,45,2022-10,4189,28.5,8.42,0
2,45,2022-11,3960,28.5,8.5,0
2,45,2022-12,4336,28.5,8.58,0
2,45,2023-01,3701,28.5,8.67,0
2,45,2023-02,3942,28.5,8.75,0
2,45,2023-03,4076,28.5,8.83,0
2,45,2023-04,4619,28.5,8.92,0
2,45,2023-05,4187,28.5,9.0,0
2,45,2023-06,5161,28.5,9.08,0
2,45,2023-07,5222,28.5,9.17,0
2,45,2023-08,4440,28.5,9.25,0
2,45,2023-09,4826,28.5,9.33,0
2,45,2023-10,4743,28.5,9.42,0
2,45,2023-11,3928,28.5,9.5,0
2,45,2023-12,4173,28.5,9.58,0
2,45,2024-01,3948,28.5,9.67,0
2,45,2024-02,3971,28.5,9.75,0
2,45,2024-03,4438,28.5,9.83,0
2,45,2024-04,4392,28.5,9.92,0
2,45,2024-05,4902,28.5,10.0,0
2,45,2024-06,4456,28.5,10.08,0
2,45,2024-07,5014,28.5,10.17,0
2,45,2024-08,4426,28.5,10.25,0
2,45,2024-09,4277,28.5,10.33,0
2,45,2024-10,4144,28.5,10.42,0
2,45,2024-11,4184,28.5,10.5,0
2,45,2024-12,4109,28.5,10.58,0
2,45,2025-01,4417,28.5,10.67,1
2,45,2025-02,7047,28.5,10.75,1
2,45,2025-03,3078,28.5,10.83,1
2,45,2025-04,6940,28.5,10.92,1
2,45,2025-05,5063,28.5,11.0,1
2,46,2022-06,4738,29.23,8.08,0
2,46,2022-07,5572,29.23,8.17,0
2,46,2022-08,5455,29.23,8.25,0
2,46,2022-09,5331,29.23,8.33,0
2,46,2022-10,5095,29.23,8.42,0
2,46,2022-11,4783,29.23,8.5,0
2,46,2022-12,4462,29.23,8.58,0
2,46,2023-01,5062,29.23,8.67,0
2,46,2023-02,5232,29.23,8.75,0
2,46,2023-03,5167,29.23,8.83,0
2,46,2023-04,5768,29.23,8.92,0
2,46,2023-05,5633,29.23,9.0,0
2,46,2023-06,5870,29.23,9.08,0
2,46,2023-07,6252,29.23,9.17,0
2,46,2023-08,5216,29.23,9.25,0
2,46,2023-09,5500,29.23,9.33,0
2,46,2023-10,5782,29.23,9.42,0
2,46,2023-11,4680,29.23,9.5,0
2,46,2023-12,4784,29.23,9.58,0
2,46,2024-01,4974,29.23,9.67,0
2,46,2024-02,4991,29.23,9.75,0
2,46,2024-03,5261,29.23,9.83,0
2,46,2024-04,5070,29.23,9.92,0
2,46,2024-05,5148,29.23,10.0,0
2,46,2024-06,5641,29.23,10.08,0
2,46,2024-07,6274,29.23,10.17,0
2,46,2024-08,6039,29.23,10.25,0
2,46,2024-09,5204,29.23,10.33,0
2,46,2024-10,5568,29.23,10.42,0
2,46,2024-11,5418,29.23,10.5,0
2,46,2024-12,5441,29.23,10.58,0
2,46,2025-01,5903,29.23,10.67,1
2,46,2025-02,3498,29.23,10.75,1
2,46,2025-03,6366,29.23,10.83,1
2,46,2025-04,7732,29.23,10.92,1
2,46,2025-05,7736,29.23,11.0,1
2,47,2022-06,5132,29.67,8.08,0
2,47,2022-07,5706,29.67,8.17,0
2,47,2022-08,6182,29.67,8.25,0
2,47,2022-09,5748,29.67,8.33,0
2,47,2022-10,5063,29.67,8.42,0
2,47,2022-11,5012,29.67,8.5,0
2,47,2022-12,5233,29.67,8.58,0
2,47,2023-01,5075,29.67,8.67,0
2,47,2023-02,5677,29.67,8.75,0
2,47,2023-03,5230,29.67,8.83,0
2,47,2023-04,5855,29.67,8.92,0
2,47,2023-05,6630,29.67,9.0,0
2,47,2023-06,6869,29.67,9.08,0
2,47,2023-07,6384,29.67,9.17,0
2,47,2023-08,6825,29.67,9.25,0
2,47,2023-09,6263,29.67,9.33,0
2,47,2023-10,5618,29.67,9.42,0
2,47,2023-11,6277,29.67,9.5,0
2,47,2023-12,5782,29.67,9.58,0
2,47,2024-01,5716,29.67,9.67,0
2,47,2024-02,5866,29.67,9.75,0
2,47,2024-03,5619,29.67,9.83,0
2,47,2024-04,5555,29.67,9.92,0
2,47,2024-05,6128,29.67,10.0,0
2,47,2024-06,6389,29.67,10.08,0
2,47,2024-07,5873,29.67,10.17,0
2,47,2024-08,6301,29.67,10.25,0
2,47,2024-09,6403,29.67,10.33,0
2,47,2024-10,5535,29.67,10.42,0
2,47,2024-11,5642,29.67,10.5,0
2,47,2024-12,6021,29.67,10.58,0
2,47,2025-01,7955,29.67,10.67,1
2,47,2025-02,6113,29.67,10.75,1
2,47,2025-03,6237,29.67,10.83,1
2,47,2025-04,6963,29.67,10.92,1
2,47,2025-05,6887,29.67,11.0,1
2,49,2022-06,4910,25.33,8.08,0
2,49,2022-07,4765,25.33,8.17,0
2,49,2022-08,4443,25.33,8.25,0
2,49,2022-09,4398,25.33,8.33,0
2,49,2022-10,4720,25.33,8.42,0
2,49,2022-11,4534,25.33,8.5,0
2,49,2022-12,4589,25.33,8.58,0
2,49,2023-01,4762,25.33,8.67,0
2,49,2023-02,4276,25.33,8.75,0
2,49,2023-03,4656,25.33,8.83,0
2,49,2023-04,5168,25.33,8.92,0
2,49,2023-05,4928,25.33,9.0,0
2,49,2023-06,5452,25.33,9.08,0
2,49,2023-07,5350,25.33,9.17,0
2,49,2023-08,5245,25.33,9.25,0
2,49,2023-09,5014,25.33,9.33,0
2,49,2023-10,4981,25.33,9.42,0
2,49,2023-11,4957,25.33,9.5,0
2,49,2023-12,4573,25.33,9.58,0
2,49,2024-01,4696,25.33,9.67,0
2,49,2024-02,4629,25.33,9.75,0
2,49,2024-03,4675,25.33,9.83,0
2,49,2024-04,4457,25.33,9.92,0
2,49,2024-05,4626,25.33,10.0,0
2,49,2024-06,5493,25.33,10.08,0
2,49,2024-07,4908,25.33,10.17,0
2,49,2024-08,5576,25.33,10.25,0
2,49,2024-09,5242,25.33,10.33,0
2,49,2024-10,5364,25.33,10.42,0
2,49,2024-11,4507,25.33,10.5,0
2,49,2024-12,5309,25.33,10.58,0
2,49,2025-01,7590,25.33,10.67,1
2,49,2025-02,5504,25.33,10.75,1
2,49,2025-03,4844,25.33,10.83,1
2,49,2025-04,4548,25.33,10.92,1
2,49,2025-05,6107,25.33,11.0,1
2,50,2022-06,4377,26.74,8.08,0
2,50,2022-07,4670,26.74,8.17,0
2,50,2022-08,5016,26.74,8.25,0
2,50,2022-09,4635,26.74,8.33,0
2,50,2022-10,4480,26.74,8.42,0
2,50,2022-11,4913,26.74,8.5,0
2,50,2022-12,4119,26.74,8.58,0
2,50,2023-01,4815,26.74,8.67,0
2,50,2023-02,4668,26.74,8.75,0
2,50,2023-03,4354,26.74,8.83,0
2,50,2023-04,4783,26.74,8.92,0
2,50,2023-05,5225,26.74,9.0,0
2,50,2023-06,5187,26.74,9.08,0
2,50,2023-07,5762,26.74,9.17,0
2,50,2023-08,5253,26.74,9.25,0
2,50,2023-09,5479,26.74,9.33,0
2,50,2023-10,5178,26.74,9.42,0
2,50,2023-11,4693,26.74,9.5,0
2,50,2023-12,4649,26.74,9.58,0
2,50,2024-01,4412,26.74,9.67,0
2,50,2024-02,5186,26.74,9.75,0
2,50,2024-03,4395,26.74,9.83,0
2,50,2024-04,5077,26.74,9.92,0
2,50,2024-05,4879,26.74,10.0,0
2,50,2024-06,5380,26.74,10.08,0
2,50,2024-07,5661,26.74,10.17,0
2,50,2024-08,5433,26.74,10.25,0
2,50,2024-09,5530,26.74,10.33,0
2,50,2024-10,4715,26.74,10.42,0
2,50,2024-11,4392,26.74,10.5,0
2,50,2024-12,5362,26.74,10.58,0
2,50,2025-01,6109,26.74,10.67,1
2,50,2025-02,4656,26.74,10.75,1
2,50,2025-03,5295,26.74,10.83,1
2,50,2025-04,5049,26.74,10.92,1
2,50,2025-05,7551,26.74,11.0,1
2,51,2022-06,3917,28.91,8.08,0
2,51,2022-07,4483,28.91,8.17,0
2,51,2022-08,4263,28.91,8.25,0
2,51,2022-09,4415,28.91,8.33,0
2,51,2022-10,4315,28.91,8.42,0
2,51,2022-11,4073,28.91,8.5,0
2,51,2022-12,4365,28.91,8.58,0
2,51,2023-01,3739,28.91,8.67,0
2,51,2023-02,3993,28.91,8.75,0
2,51,2023-03,4140,28.91,8.83,0
2,51,2023-04,4377,28.91,8.92,0
2,51,2023-05,4310,28.91,9.0,0
2,51,2023-06,5239,28.91,9.08,0
2,51,2023-07,4855,28.91,9.17,0
2,51,2023-08,4469,28.91,9.25,0
2,51,2023-09,4905,28.91,9.33,0
2,51,2023-10,4379,28.91,9.42,0
2,51,2023-11,4328,28.91,9.5,0
2,51,2023-12,4793,28.91,9.58,0
2,51,2024-01,4222,28.91,9.67,0
2,51,2024-02,4470,28.91,9.75,0
2,51,2024-03,4118,28.91,9.83,0
2,51,2024-04,4266,28.91,9.92,0
2,51,2024-05,4464,28.91,10.0,0
2,51,2024-06,4575,28.91,10.08,0
2,51,2024-07,4480,28.91,10.17,0
2,51,2024-08,4450,28.91,10.25,0
2,51,2024-09,4875,28.91,10.33,0
2,51,2024-10,4403,28.91,10.42,0
2,51,2024-11,4106,28.91,10.5,0
2,51,2024-12,4264,28.91,10.58,0
2,51,2025-01,4481,28.91,10.67,1
2,51,2025-02,4687,28.91,10.75,1
2,51,2025-03,6984,28.91,10.83,1
2,51,2025-04,6603,28.91,10.92,1
2,51,2025-05,3910,28.91,11.0,1
2,52,2022-06,3391,25.64,8.08,0
2,52,2022-07,3824,25.64,8.17,0
2,52,2022-08,3448,25.64,8.25,0
2,52,2022-09,3904,25.64,8.33,0
2,52,2022-10,3299,25.64,8.42,0
2,52,2022-11,3749,25.64,8.5,0
2,52,2022-12,3539,25.64,8.58,0
2,52,2023-01,3502,25.64,8.67,0
2,52,2023-02,3523,25.64,8.75,0
2,52,2023-03,3573,25.64,8.83,0
2,52,2023-04,4013,25.64,8.92,0
2,52,2023-05,3781,25.64,9.0,0
2,52,2023-06,4009,25.64,9.08,0
2,52,2023-07,4131,25.64,9.17,0
2,52,2023-08,3897,25.64,9.25,0
2,52,2023-09,3608,25.64,9.33,0
2,52,2023-10,3915,25.64,9.42,0
2,52,2023-11,3614,25.64,9.5,0
2,52,2023-12,4045,25.64,9.58,0
2,52,2024-01,3668,25.64,9.67,0
2,52,2024-02,3509,25.64,9.75,0
2,52,2024-03,4092,25.64,9.83,0
2,52,2024-04,3508,25.64,9.92,0
2,52,2024-05,4240,25.64,10.0,0
2,52,2024-06,4265,25.64,10.08,0
2,52,2024-07,4026,25.64,10.17,0
2,52,2024-08,3992,25.64,10.25,0
2,52,2024-09,3967,25.64,10.33,0
2,52,2024-10,4229,25.64,10.42,0
2,52,2024-11,4149,25.64,10.5,0
2,52,2024-12,3905,25.64,10.58,0
2,52,2025-01,4005,25.64,10.67,1
2,52,2025-02,2990,25.64,10.75,1
2,52,2025-03,2977,25.64,10.83,1
2,52,2025-04,5700,25.64,10.92,1
2,52,2025-05,7091,25.64,11.0,1
2,53,2022-06,4664,29.12,8.08,0
2,53,2022-07,4911,29.12,8.17,0
2,53,2022-08,4983,29.12,8.25,0
2,53,2022-09,4753,29.12,8.33,0
2,53,2022-10,4582,29.12,8.42,0
2,53,2022-11,4685,29.12,8.5,0
2,53,2022-12,4533,29.12,8.58,0
2,53,2023-01,4675,29.12,8.67,0
2,53,2023-02,4297,29.12,8.75,0
2,53,2023-03,5326,29.12,8.83,0
2,53,2023-04,5212,29.12,8.92,0
2,53,2023-05,5232,29.12,9.0,0
2,53,2023-06,6077,29.12,9.08,0
2,53,2023-07,5517,29.12,9.17,0
2,53,2023-08,5612,29.12,9.25,0
2,53,2023-09,4901,29.12,9.33,0
2,53,2023-10,4920,29.12,9.42,0
2,53,2023-11,5370,29.12,9.5,0
2,53,2023-12,4631,29.12,9.58,0
2,53,2024-01,4924,29.12,9.67,0
2,53,2024-02,4726,29.12,9.75,0
2,53,2024-03,5019,29.12,9.83,0
2,53,2024-04,5287,29.12,9.92,0
2,53,2024-05,5332,29.12,10.0,0
2,53,2024-06,5685,29.12,10.08,0
2,53,2024-07,6127,29.12,10.17,0
2,53,2024-08,5626,29.12,10.25,0
2,53,2024-09,5404,29.12,10.33,0
2,53,2024-10,5541,29.12,10.42,0
2,53,2024-11,5521,29.12,10.5,0
2,53,2024-12,5458,29.12,10.58,0
2,53,2025-01,3798,29.12,10.67,1
2,53,2025-02,5647,29.12,10.75,1
2,53,2025-03,4534,29.12,10.83,1
2,53,2025-04,12170,29.12,10.92,1
2,53,2025-05,4548,29.12,11.0,1
2,54,2022-06,3961,29.45,8.08,0
2,54,2022-07,4365,29.45,8.17,0
2,54,2022-08,4294,29.45,8.25,0
2,54,2022-09,4000,29.45,8.33,0
2,54,2022-10,4042,29.45,8.42,0
2,54,2022-11,3553,29.45,8.5,0
2,54,2022-12,3764,29.45,8.58,0
2,54,2023-01,3346,29.45,8.67,0
2,54,2023-02,3395,29.45,8.75,0
2,54,2023-03,4090,29.45,8.83,0
2,54,2023-04,4402,29.45,8.92,0
2,54,2023-05,4537,29.45,9.0,0
2,54,2023-06,3942,29.45,9.08,0
2,54,2023-07,4725,29.45,9.17,0
2,54,2023-08,4039,29.45,9.25,0
2,54,2023-09,4198,29.45,9.33,0
2,54,2023-10,4173,29.45,9.42,0
2,54,2023-11,3600,29.45,9.5,0
2,54,2023-12,3951,29.45,9.58,0
2,54,2024-01,3955,29.45,9.67,0
2,54,2024-02,3524,29.45,9.75,0
2,54,2024-03,3619,29.45,9.83,0
2,54,2024-04,4270,29.45,9.92,0
2,54,2024-05,4125,29.45,10.0,0
2,54,2024-06,4090,29.45,10.08,0
2,54,2024-07,4006,29.45,10.17,0
2,54,2024-08,4213,29.45,10.25,0
2,54,2024-09,4264,29.45,10.33,0
2,54,2024-10,3937,29.45,10.42,0
2,54,2024-11,4089,29.45,10.5,0
2,54,2024-12,4228,29.45,10.58,0
2,54,2025-01,4632,29.45,10.67,1
2,54,2025-02,3804,29.45,10.75,1
2,54,2025-03,3631,29.45,10.83,1
2,54,2025-04,9100,29.45,10.92,1
2,54,2025-05,2927,29.45,11.0,1
2,55,2022-06,4983,29.89,8.08,0
2,55,2022-07,5252,29.89,8.17,0
2,55,2022-08,5198,29.89,8.25,0
2,55,2022-09,4905,29.89,8.33,0
2,55,2022-10,4765,29.89,8.42,0
2,55,2022-11,4600,29.89,8.5,0
2,55,2022-12,4691,29.89,8.58,0
2,55,2023-01,4660,29.89,8.67,0
2,55,2023-02,4241,29.89,8.75,0
2,55,2023-03,5398,29.89,8.83,0
2,55,2023-04,5049,29.89,8.92,0
2,55,2023-05,5377,29.89,9.0,0
2,55,2023-06,5811,29.89,9.08,0
2,55,2023-07,5415,29.89,9.17,0
2,55,2023-08,5542,29.89,9.25,0
2,55,2023-09,5600,29.89,9.33,0
2,55,2023-10,4704,29.89,9.42,0
2,55,2023-11,4630,29.89,9.5,0
2,55,2023-12,5193,29.89,9.58,0
2,55,2024-01,5296,29.89,9.67,0
2,55,2024-02,5405,29.89,9.75,0
2,55,2024-03,4945,29.89,9.83,0
2,55,2024-04,4593,29.89,9.92,0
2,55,2024-05,5382,29.89,10.0,0
2,55,2024-06,4946,29.89,10.08,0
2,55,2024-07,5281,29.89,10.17,0
2,55,2024-08,5152,29.89,10.25,0
2,55,2024-09,4926,29.89,10.33,0
2,55,2024-10,5183,29.89,10.42,0
2,55,2024-11,5376,29.89,10.5,0
2,55,2024-12,5268,29.89,10.58,0
2,55,2025-01,5826,29.89,10.67,1
2,55,2025-02,6868,29.89,10.75,1
2,55,2025-03,4008,29.89,10.83,1
2,55,2025-04,8206,29.89,10.92,1
2,55,2025-05,5245,29.89,11.0,1
2,56,2022-06,4661,30.36,8.08,0
2,56,2022-07,4440,30.36,8.17,0
2,56,2022-08,5030,30.36,8.25,0
2,56,2022-09,4365,30.36,8.33,0
2,56,2022-10,4179,30.36,8.42,0
2,56,2022-11,4181,30.36,8.5,0
2,56,2022-12,4700,30.36,8.58,0
2,56,2023-01,4038,30.36,8.67,0
2,56,2023-02,4362,30.36,8.75,0
2,56,2023-03,5088,30.36,8.83,0
2,56,2023-04,4781,30.36,8.92,0
2,56,2023-05,4572,30.36,9.0,0
2,56,2023-06,5320,30.36,9.08,0
2,56,2023-07,4724,30.36,9.17,0
2,56,2023-08,5207,30.36,9.25,0
2,56,2023-09,4710,30.36,9.33,0
2,56,2023-10,4323,30.36,9.42,0
2,56,2023-11,4999,30.36,9.5,0
2,56,2023-12,4638,30.36,9.58,0
2,56,2024-01,4455,30.36,9.67,0
2,56,2024-02,4227,30.36,9.75,0
2,56,2024-03,4783,30.36,9.83,0
2,56,2024-04,4489,30.36,9.92,0
2,56,2024-05,5270,30.36,10.0,0
2,56,2024-06,5351,30.36,10.08,0
2,56,2024-07,5175,30.36,10.17,0
2,56,2024-08,5385,30.36,10.25,0
2,56,2024-09,5111,30.36,10.33,0
2,56,2024-10,4623,30.36,10.42,0
2,56,2024-11,5190,30.36,10.5,0
2,56,2024-12,5339,30.36,10.58,0
2,56,2025-01,6441,30.36,10.67,1
2,56,2025-02,4912,30.36,10.75,1
2,56,2025-03,3294,30.36,10.83,1
2,56,2025-04,8855,30.36,10.92,1
2,56,2025-05,4946,30.36,11.0,1
2,57,2022-06,3945,29.86,8.08,0
2,57,2022-07,4233,29.86,8.17,0
2,57,2022-08,3866,29.86,8.25,0
2,57,2022-09,3574,29.86,8.33,0
2,57,2022-10,3447,29.86,8.42,0
2,57,2022-11,4066,29.86,8.5,0
2,57,2022-12,3537,29.86,8.58,0
2,57,2023-01,3781,29.86,8.67,0
2,57,2023-02,3384,29.86,8.75,0
2,57,2023-03,3586,29.86,8.83,0
2,57,2023-04,3716,29.86,8.92,0
2,57,2023-05,4372,29.86,9.0,0
2,57,2023-06,4345,29.86,9.08,0
2,57,2023-07,4384,29.86,9.17,0
2,57,2023-08,4538,29.86,9.25,0
2,57,2023-09,4163,29.86,9.33,0
2,57,2023-10,4340,29.86,9.42,0
2,57,2023-11,3987,29.86,9.5,0
2,57,2023-12,3615,29.86,9.58,0
2,57,2024-01,3954,29.86,9.67,0
2,57,2024-02,3823,29.86,9.75,0
2,57,2024-03,4209,29.86,9.83,0
2,57,2024-04,3605,29.86,9.92,0
2,57,2024-05,3943,29.86,10.0,0
2,57,2024-06,4051,29.86,10.08,0
2,57,2024-07,4637,29.86,10.17,0
2,57,2024-08,4380,29.86,10.25,0
2,57,2024-09,3802,29.86,10.33,0
2,57,2024-10,3749,29.86,10.42,0
2,57,2024-11,4079,29.86,10.5,0
2,57,2024-12,4402,29.86,10.58,0
2,57,2025-01,4856,29.86,10.67,1
2,57,2025-02,5333,29.86,10.75,1
2,57,2025-03,3875,29.86,10.83,1
2,57,2025-04,3913,29.86,10.92,1
2,57,2025-05,5955,29.86,11.0,1
2,58,2022-06,4076,28.7,8.08,0
2,58,2022-07,4496,28.7,8.17,0
2,58,2022-08,4466,28.7,8.25,0
2,58,2022-09,4434,28.7,8.33,0
2,58,2022-10,4197,28.7,8.42,0
2,58,2022-11,3570,28.7,8.5,0
2,58,2022-12,3969,28.7,8.58,0
2,58,2023-01,3698,28.7,8.67,0
2,58,2023-02,3511,28.7,8.75,0
2,58,2023-03,3766,28.7,8.83,0
2,58,2023-04,4390,28.7,8.92,0
2,58,2023-05,4006,28.7,9.0,0
2,58,2023-06,4099,28.7,9.08,0
2,58,2023-07,4479,28.7,9.17,0
2,58,2023-08,4414,28.7,9.25,0
2,58,2023-09,4588,28.7,9.33,0
2,58,2023-10,4136,28.7,9.42,0
2,58,2023-11,4251,28.7,9.5,0
2,58,2023-12,4033,28.7,9.58,0
2,58,2024-01,4522,28.7,9.67,0
2,58,2024-02,4053,28.7,9.75,0
2,58,2024-03,4029,28.7,9.83,0
2,58,2024-04,4529,28.7,9.92,0
2,58,2024-05,4256,28.7,10.0,0
2,58,2024-06,4945,28.7,10.08,0
2,58,2024-07,4475,28.7,10.17,0
2,58,2024-08,4295,28.7,10.25,0
2,58,2024-09,4578,28.7,10.33,0
2,58,2024-10,3900,28.7,10.42,0
2,58,2024-11,3838,28.7,10.5,0
2,58,2024-12,4270,28.7,10.58,0
2,58,2025-01,3289,28.7,10.67,1
2,58,2025-02,5562,28.7,10.75,1
2,58,2025-03,5055,28.7,10.83,1
2,58,2025-04,5294,28.7,10.92,1
2,58,2025-05,5965,28.7,11.0,1
2,59,2022-06,5022,31.76,8.08,0
2,59,2022-07,5494,31.76,8.17,0
2,59,2022-08,5692,31.76,8.25,0
2,59,2022-09,5516,31.76,8.33,0
2,59,2022-10,4641,31.76,8.42,0
2,59,2022-11,4396,31.76,8.5,0
2,59,2022-12,4340,31.76,8.58,0
2,59,2023-01,5030,31.76,8.67,0
2,59,2023-02,4603,31.76,8.75,0
2,59,2023-03,4939,31.76,8.83,0
2,59,2023-04,5621,31.76,8.92,0
2,59,2023-05,5566,31.76,9.0,0
2,59,2023-06,6004,31.76,9.08,0
2,59,2023-07,6203,31.76,9.17,0
2,59,2023-08,5931,31.76,9.25,0
2,59,2023-09,5208,31.76,9.33,0
2,59,2023-10,5048,31.76,9.42,0
2,59,2023-11,4692,31.76,9.5,0
2,59,2023-12,5139,31.76,9.58,0
2,59,2024-01,5457,31.76,9.67,0
2,59,2024-02,5299,31.76,9.75,0
2,59,2024-03,5135,31.76,9.83,0
2,59,2024-04,5077,31.76,9.92,0
2,59,2024-05,5404,31.76,10.0,0
2,59,2024-06,5635,31.76,10.08,0
2,59,2024-07,6181,31.76,10.17,0
2,59,2024-08,5410,31.76,10.25,0
2,59,2024-09,5671,31.76,10.33,0
2,59,2024-10,4771,31.76,10.42,0
2,59,2024-11,5171,31.76,10.5,0
2,59,2024-12,5083,31.76,10.58,0
2,59,2025-01,5518,31.76,10.67,1
2,59,2025-02,6033,31.76,10.75,1
2,59,2025-03,6854,31.76,10.83,1
2,59,2025-04,5279,31.76,10.92,1
2,59,2025-05,6986,31.76,11.0,1
2,60,2022-06,4884,30.59,8.08,0
2,60,2022-07,5418,30.59,8.17,0
2,60,2022-08,5553,30.59,8.25,0
2,60,2022-09,5102,30.59,8.33,0
2,60,2022-10,5024,30.59,8.42,0
2,60,2022-11,5577,30.59,8.5,0
2,60,2022-12,5223,30.59,8.58,0
2,60,2023-01,4565,30.59,8.67,0
2,60,2023-02,5247,30.59,8.75,0
2,60,2023-03,5555,30.59,8.83,0
2,60,2023-04,5053,30.59,8.92,0
2,60,2023-05,5792,30.59,9.0,0
2,60,2023-06,5907,30.59,9.08,0
2,60,2023-07,5873,30.59,9.17,0
2,60,2023-08,5795,30.59,9.25,0
2,60,2023-09,6057,30.59,9.33,0
2,60,2023-10,5193,30.59,9.42,0
2,60,2023-11,4936,30.59,9.5,0
2,60,2023-12,5132,30.59,9.58,0
2,60,2024-01,4876,30.59,9.67,0
2,60,2024-02,5177,30.59,9.75,0
2,60,2024-03,5928,30.59,9.83,0
2,60,2024-04,5342,30.59,9.92,0
2,60,2024-05,6100,30.59,10.0,0
2,60,2024-06,5330,30.59,10.08,0
2,60,2024-07,6550,30.59,10.17,0
2,60,2024-08,5463,30.59,10.25,0
2,60,2024-09,5774,30.59,10.33,0
2,60,2024-10,5838,30.59,10.42,0
2,60,2024-11,5477,30.59,10.5,0
2,60,2024-12,5910,30.59,10.58,0
2,60,2025-01,5312,30.59,10.67,1
2,60,2025-02,6893,30.59,10.75,1
2,60,2025-03,7064,30.59,10.83,1
2,60,2025-04,4814,30.59,10.92,1
2,60,2025-05,8062,30.59,11.0,1
2,62,2022-06,2959,22.61,4.08,0
2,62,2022-07,3045,22.61,4.17,0
2,62,2022-08,3496,22.61,4.25,0
2,62,2022-09,3512,22.61,4.33,0
2,62,2022-10,2866,22.61,4.42,0
2,62,2022-11,3243,22.61,4.5,0
2,62,2022-12,2769,22.61,4.58,0
2,62,2023-01,2901,22.61,4.67,0
2,62,2023-02,3177,22.61,4.75,0
2,62,2023-03,3293,22.61,4.83,0
2,62,2023-04,3639,22.61,4.92,0
2,62,2023-05,3242,22.61,5.0,0
2,62,2023-06,3245,22.61,5.08,0
2,62,2023-07,3571,22.61,5.17,0
2,62,2023-08,3309,22.61,5.25,0
2,62,2023-09,3673,22.61,5.33,0
2,62,2023-10,3368,22.61,5.42,0
2,62,2023-11,3088,22.61,5.5,0
2,62,2023-12,3357,22.61,5.58,0
2,62,2024-01,3280,22.61,5.67,0
2,62,2024-02,3500,22.61,5.75,0
2,62,2024-03,2982,22.61,5.83,0
2,62,2024-04,3422,22.61,5.92,0
2,62,2024-05,3384,22.61,6.0,0
2,62,2024-06,3308,22.61,6.08,0
2,62,2024-07,3402,22.61,6.17,0
2,62,2024-08,3287,22.61,6.25,0
2,62,2024-09,3453,22.61,6.33,0
2,62,2024-10,3214,22.61,6.42,0
2,62,2024-11,3308,22.61,6.5,0
2,62,2024-12,3396,22.61,6.58,0
2,62,2025-01,5097,22.61,6.67,1
2,62,2025-02,4937,22.61,6.75,1
2,62,2025-03,5365,22.61,6.83,1
2,62,2025-04,3377,22.61,6.92,1
2,62,2025-05,4093,22.61,7.0,1
2,63,2022-06,5754,32.25,8.08,0
2,63,2022-07,5042,32.25,8.17,0
2,63,2022-08,5238,32.25,8.25,0
2,63,2022-09,5789,32.25,8.33,0
2,63,2022-10,5745,32.25,8.42,0
2,63,2022-11,5351,32.25,8.5,0
2,63,2022-12,5060,32.25,8.58,0
2,63,2023-01,4958,32.25,8.67,0
2,63,2023-02,5355,32.25,8.75,0
2,63,2023-03,6012,32.25,8.83,0
2,63,2023-04,6141,32.25,8.92,0
2,63,2023-05,5998,32.25,9.0,0
2,63,2023-06,5534,32.25,9.08,0
2,63,2023-07,6684,32.25,9.17,0
2,63,2023-08,6116,32.25,9.25,0
2,63,2023-09,6193,32.25,9.33,0
2,63,2023-10,5138,32.25,9.42,0
2,63,2023-11,5702,32.25,9.5,0
2,63,2023-12,5807,32.25,9.58,0
2,63,2024-01,5178,32.25,9.67,0
2,63,2024-02,5551,32.25,9.75,0
2,63,2024-03,5137,32.25,9.83,0
2,63,2024-04,5814,32.25,9.92,0
2,63,2024-05,5442,32.25,10.0,0
2,63,2024-06,6570,32.25,10.08,0
2,63,2024-07,6405,32.25,10.17,0
2,63,2024-08,6554,32.25,10.25,0
2,63,2024-09,5569,32.25,10.33,0
2,63,2024-10,5361,32.25,10.42,0
2,63,2024-11,5702,32.25,10.5,0
2,63,2024-12,5758,32.25,10.58,0
2,63,2025-01,6771,32.25,10.67,1
2,63,2025-02,7398,32.25,10.75,1
2,63,2025-03,6129,32.25,10.83,1
2,63,2025-04,7182,32.25,10.92,1
2,63,2025-05,5648,32.25,11.0,1
2,64,2022-06,3796,24.69,8.08,0
2,64,2022-07,4144,24.69,8.17,0
2,64,2022-08,3568,24.69,8.25,0
2,64,2022-09,4148,24.69,8.33,0
2,64,2022-10,3584,24.69,8.42,0
2,64,2022-11,3377,24.69,8.5,0
2,64,2022-12,3481,24.69,8.58,0
2,64,2023-01,3709,24.69,8.67,0
2,64,2023-02,3779,24.69,8.75,0
2,64,2023-03,3924,24.69,8.83,0
2,64,2023-04,4340,24.69,8.92,0
2,64,2023-05,3875,24.69,9.0,0
2,64,2023-06,4199,24.69,9.08,0
2,64,2023-07,3851,24.69,9.17,0
2,64,2023-08,4479,24.69,9.25,0
2,64,2023-09,4160,24.69,9.33,0
2,64,2023-10,3564,24.69,9.42,0
2,64,2023-11,3964,24.69,9.5,0
2,64,2023-12,3787,24.69,9.58,0
2,64,2024-01,3537,24.69,9.67,0
2,64,2024-02,3513,24.69,9.75,0
2,64,2024-03,3747,24.69,9.83,0
2,64,2024-04,4107,24.69,9.92,0
2,64,2024-05,4147,24.69,10.0,0
2,64,2024-06,4125,24.69,10.08,0
2,64,2024-07,4305,24.69,10.17,0
2,64,2024-08,4370,24.69,10.25,0
2,64,2024-09,4051,24.69,10.33,0
2,64,2024-10,3700,24.69,10.42,0
2,64,2024-11,3978,24.69,10.5,0
2,64,2024-12,4220,24.69,10.58,0
2,64,2025-01,4443,24.69,10.67,1
2,64,2025-02,5517,24.69,10.75,1
2,64,2025-03,3545,24.69,10.83,1
2,64,2025-04,4256,24.69,10.92,1
2,64,2025-05,5488,24.69,11.0,1
2,65,2022-06,2533,16.33,8.08,0
2,65,2022-07,2850,16.33,8.17,0
2,65,2022-08,3099,16.33,8.25,0
2,65,2022-09,2821,16.33,8.33,0
2,65,2022-10,2575,16.33,8.42,0
2,65,2022-11,2862,16.33,8.5,0
2,65,2022-12,2628,16.33,8.58,0
2,65,2023-01,2499,16.33,8.67,0
2,65,2023-02,2712,16.33,8.75,0
2,65,2023-03,2921,16.33,8.83,0
2,65,2023-04,2752,16.33,8.92,0
2,65,2023-05,3289,16.33,9.0,0
2,65,2023-06,3283,16.33,9.08,0
2,65,2023-07,3152,16.33,9.17,0
2,65,2023-08,2880,16.33,9.25,0
2,65,2023-09,2867,16.33,9.33,0
2,65,2023-10,3190,16.33,9.42,0
2,65,2023-11,2859,16.33,9.5,0
2,65,2023-12,3027,16.33,9.58,0
2,65,2024-01,2701,16.33,9.67,0
2,65,2024-02,3072,16.33,9.75,0
2,65,2024-03,3080,16.33,9.83,0
2,65,2024-04,2744,16.33,9.92,0
2,65,2024-05,2760,16.33,10.0,0
2,65,2024-06,3085,16.33,10.08,0
2,65,2024-07,3088,16.33,10.17,0
2,65,2024-08,3200,16.33,10.25,0
2,65,2024-09,2965,16.33,10.33,0
2,65,2024-10,2995,16.33,10.42,0
2,65,2024-11,3017,16.33,10.5,0
2,65,2024-12,2711,16.33,10.58,0
2,65,2025-01,3454,16.33,10.67,1
2,65,2025-02,3419,16.33,10.75,1
2,65,2025-03,2050,16.33,10.83,1
2,65,2025-04,3432,16.33,10.92,1
2,65,2025-05,4829,16.33,11.0,1
2,66,2022-06,4956,28.87,8.08,0
2,66,2022-07,5012,28.87,8.17,0
2,66,2022-08,4555,28.87,8.25,0
2,66,2022-09,4791,28.87,8.33,0
2,66,2022-10,5062,28.87,8.42,0
2,66,2022-11,5035,28.87,8.5,0
2,66,2022-12,4382,28.87,8.58,0
2,66,2023-01,4781,28.87,8.67,0
2,66,2023-02,4523,28.87,8.75,0
2,66,2023-03,5254,28.87,8.83,0
2,66,2023-04,4690,28.87,8.92,0
2,66,2023-05,4962,28.87,9.0,0
2,66,2023-06,5011,28.87,9.08,0
2,66,2023-07,5686,28.87,9.17,0
2,66,2023-08,4957,28.87,9.25,0
2,66,2023-09,5524,28.87,9.33,0
2,66,2023-10,5114,28.87,9.42,0
2,66,2023-11,5063,28.87,9.5,0
2,66,2023-12,4922,28.87,9.58,0
2,66,2024-01,5199,28.87,9.67,0
2,66,2024-02,5079,28.87,9.75,0
2,66,2024-03,4672,28.87,9.83,0
2,66,2024-04,4688,28.87,9.92,0
2,66,2024-05,5307,28.87,10.0,0
2,66,2024-06,5339,28.87,10.08,0
2,66,2024-07,5789,28.87,10.17,0
2,66,2024-08,5783,28.87,10.25,0
2,66,2024-09,5005,28.87,10.33,0
2,66,2024-10,5122,28.87,10.42,0
2,66,2024-11,4675,28.87,10.5,0
2,66,2024-12,5129,28.87,10.58,0
2,66,2025-01,5350,28.87,10.67,1
2,66,2025-02,4563,28.87,10.75,1
2,66,2025-03,4428,28.87,10.83,1
2,66,2025-04,6966,28.87,10.92,1
2,66,2025-05,7675,28.87,11.0,1
2,67,2022-06,3863,26.59,8.08,0
2,67,2022-07,4030,26.59,8.17,0
2,67,2022-08,3930,26.59,8.25,0
2,67,2022-09,4543,26.59,8.33,0
2,67,2022-10,4411,26.59,8.42,0
2,67,2022-11,3764,26.59,8.5,0
2,67,2022-12,3687,26.59,8.58,0
2,67,2023-01,3730,26.59,8.67,0
2,67,2023-02,4140,26.59,8.75,0
2,67,2023-03,4125,26.59,8.83,0
2,67,2023-04,4420,26.59,8.92,0
2,67,2023-05,4520,26.59,9.0,0
2,67,2023-06,4359,26.59,9.08,0
2,67,2023-07,4511,26.59,9.17,0
2,67,2023-08,4323,26.59,9.25,0
2,67,2023-09,4198,26.59,9.33,0
2,67,2023-10,4584,26.59,9.42,0
2,67,2023-11,4065,26.59,9.5,0
2,67,2023-12,4152,26.59,9.58,0
2,67,2024-01,4278,26.59,9.67,0
2,67,2024-02,3833,26.59,9.75,0
2,67,2024-03,4342,26.59,9.83,0
2,67,2024-04,4194,26.59,9.92,0
2,67,2024-05,4552,26.59,10.0,0
2,67,2024-06,4156,26.59,10.08,0
2,67,2024-07,4925,26.59,10.17,0
2,67,2024-08,4938,26.59,10.25,0
2,67,2024-09,4584,26.59,10.33,0
2,67,2024-10,4221,26.59,10.42,0
2,67,2024-11,4217,26.59,10.5,0
2,67,2024-12,4546,26.59,10.58,0
2,67,2025-01,5816,26.59,10.67,1
2,67,2025-02,4633,26.59,10.75,1
2,67,2025-03,3722,26.59,10.83,1
2,67,2025-04,3834,26.59,10.92,1
2,67,2025-05,7293,26.59,11.0,1
2,68,2022-06,3082,19.25,8.08,0
2,68,2022-07,3181,19.25,8.17,0
2,68,2022-08,3200,19.25,8.25,0
2,68,2022-09,3072,19.25,8.33,0
2,68,2022-10,2974,19.25,8.42,0
2,68,2022-11,2580,19.25,8.5,0
2,68,2022-12,2981,19.25,8.58,0
2,68,2023-01,2502,19.25,8.67,0
2,68,2023-02,2936,19.25,8.75,0
2,68,2023-03,2977,19.25,8.83,0
2,68,2023-04,3138,19.25,8.92,0
2,68,2023-05,2935,19.25,9.0,0
2,68,2023-06,3092,19.25,9.08,0
2,68,2023-07,3583,19.25,9.17,0
2,68,2023-08,3017,19.25,9.25,0
2,68,2023-09,3363,19.25,9.33,0
2,68,2023-10,2921,19.25,9.42,0
2,68,2023-11,2895,19.25,9.5,0
2,68,2023-12,3240,19.25,9.58,0
2,68,2024-01,2970,19.25,9.67,0
2,68,2024-02,3039,19.25,9.75,0
2,68,2024-03,3132,19.25,9.83,0
2,68,2024-04,2929,19.25,9.92,0
2,68,2024-05,3124,19.25,10.0,0
2,68,2024-06,3184,19.25,10.08,0
2,68,2024-07,3344,19.25,10.17,0
2,68,2024-08,3197,19.25,10.25,0
2,68,2024-09,3104,19.25,10.33,0
2,68,2024-10,3354,19.25,10.42,0
2,68,2024-11,2854,19.25,10.5,0
2,68,2024-12,3070,19.25,10.58,0
2,68,2025-01,2701,19.25,10.67,1
2,68,2025-02,3378,19.25,10.75,1
2,68,2025-03,4071,19.25,10.83,1
2,68,2025-04,2998,19.25,10.92,1
2,68,2025-05,4859,19.25,11.0,1
2,69,2022-06,3988,28.41,8.08,0
2,69,2022-07,4693,28.41,8.17,0
2,69,2022-08,4919,28.41,8.25,0
2,69,2022-09,4734,28.41,8.33,0
2,69,2022-10,4658,28.41,8.42,0
2,69,2022-11,4197,28.41,8.5,0
2,69,2022-12,3873,28.41,8.58,0
2,69,2023-01,3808,28.41,8.67,0
2,69,2023-02,4408,28.41,8.75,0
2,69,2023-03,4534,28.41,8.83,0
2,69,2023-04,4610,28.41,8.92,0
2,69,2023-05,5057,28.41,9.0,0
2,69,2023-06,4593,28.41,9.08,0
2,69,2023-07,4485,28.41,9.17,0
2,69,2023-08,4949,28.41,9.25,0
2,69,2023-09,4968,28.41,9.33,0
2,69,2023-10,4160,28.41,9.42,0
2,69,2023-11,4260,28.41,9.5,0
2,69,2023-12,4425,28.41,9.58,0
2,69,2024-01,4271,28.41,9.67,0
2,69,2024-02,4650,28.41,9.75,0
2,69,2024-03,4696,28.41,9.83,0
2,69,2024-04,4737,28.41,9.92,0
2,69,2024-05,4371,28.41,10.0,0
2,69,2024-06,5054,28.41,10.08,0
2,69,2024-07,4887,28.41,10.17,0
2,69,2024-08,4838,28.41,10.25,0
2,69,2024-09,5008,28.41,10.33,0
2,69,2024-10,4334,28.41,10.42,0
2,69,2024-11,4544,28.41,10.5,0
2,69,2024-12,4884,28.41,10.58,0
2,69,2025-01,4693,28.41,10.67,1
2,69,2025-02,5103,28.41,10.75,1
2,69,2025-03,3031,28.41,10.83,1
2,69,2025-04,8128,28.41,10.92,1
2,69,2025-05,5808,28.41,11.0,1
2,70,2022-06,4377,28.54,8.08,0
2,70,2022-07,4292,28.54,8.17,0
2,70,2022-08,4444,28.54,8.25,0
2,70,2022-09,4646,28.54,8.33,0
2,70,2022-10,4509,28.54,8.42,0
2,70,2022-11,4467,28.54,8.5,0
2,70,2022-12,4595,28.54,8.58,0
2,70,2023-01,3907,28.54,8.67,0
2,70,2023-02,4719,28.54,8.75,0
2,70,2023-03,4710,28.54,8.83,0
2,70,2023-04,4511,28.54,8.92,0
2,70,2023-05,4916,28.54,9.0,0
2,70,2023-06,5173,28.54,9.08,0
2,70,2023-07,5180,28.54,9.17,0
2,70,2023-08,4966,28.54,9.25,0
2,70,2023-09,5118,28.54,9.33,0
2,70,2023-10,4958,28.54,9.42,0
2,70,2023-11,4982,28.54,9.5,0
2,70,2023-12,4431,28.54,9.58,0
2,70,2024-01,4991,28.54,9.67,0
2,70,2024-02,4425,28.54,9.75,0
2,70,2024-03,4516,28.54,9.83,0
2,70,2024-04,4685,28.54,9.92,0
2,70,2024-05,5077,28.54,10.0,0
2,70,2024-06,5527,28.54,10.08,0
2,70,2024-07,5630,28.54,10.17,0
2,70,2024-08,4676,28.54,10.25,0
2,70,2024-09,4644,28.54,10.33,0
2,70,2024-10,4365,28.54,10.42,0
2,70,2024-11,4658,28.54,10.5,0
2,70,2024-12,4692,28.54,10.58,0
2,70,2025-01,5616,28.54,10.67,1
2,70,2025-02,5029,28.54,10.75,1
2,70,2025-03,3308,28.54,10.83,1
2,70,2025-04,9189,28.54,10.92,1
2,70,2025-05,4900,28.54,11.0,1
2,71,2022-06,4637,27.59,8.08,0
2,71,2022-07,5149,27.59,8.17,0
2,71,2022-08,4967,27.59,8.25,0
2,71,2022-09,4461,27.59,8.33,0
2,71,2022-10,4669,27.59,8.42,0
2,71,2022-11,4021,27.59,8.5,0
2,71,2022-12,4446,27.59,8.58,0
2,71,2023-01,4505,27.59,8.67,0
2,71,2023-02,4536,27.59,8.75,0
2,71,2023-03,4754,27.59,8.83,0
2,71,2023-04,5253,27.59,8.92,0
2,71,2023-05,4669,27.59,9.0,0
2,71,2023-06,4628,27.59,9.08,0
2,71,2023-07,5281,27.59,9.17,0
2,71,2023-08,5272,27.59,9.25,0
2,71,2023-09,4753,27.59,9.33,0
2,71,2023-10,4908,27.59,9.42,0
2,71,2023-11,4276,27.59,9.5,0
2,71,2023-12,4697,27.59,9.58,0
2,71,2024-01,4185,27.59,9.67,0
2,71,2024-02,4558,27.59,9.75,0
2,71,2024-03,4836,27.59,9.83,0
2,71,2024-04,5006,27.59,9.92,0
2,71,2024-05,4380,27.59,10.0,0
2,71,2024-06,5384,27.59,10.08,0
2,71,2024-07,5210,27.59,10.17,0
2,71,2024-08,5074,27.59,10.25,0
2,71,2024-09,5307,27.59,10.33,0
2,71,2024-10,4449,27.59,10.42,0
2,71,2024-11,5173,27.59,10.5,0
2,71,2024-12,4792,27.59,10.58,0
2,71,2025-01,5529,27.59,10.67,1
2,71,2025-02,4686,27.59,10.75,1
2,71,2025-03,4251,27.59,10.83,1
2,71,2025-04,8717,27.59,10.92,1
2,71,2025-05,4610,27.59,11.0,1
2,72,2022-06,4075,27.95,8.08,0
2,72,2022-07,4429,27.95,8.17,0
2,72,2022-08,4091,27.95,8.25,0
2,72,2022-09,4676,27.95,8.33,0
2,72,2022-10,4232,27.95,8.42,0
2,72,2022-11,4287,27.95,8.5,0
2,72,2022-12,4118,27.95,8.58,0
2,72,2023-01,4137,27.95,8.67,0
2,72,2023-02,4035,27.95,8.75,0
2,72,2023-03,4143,27.95,8.83,0
2,72,2023-04,4255,27.95,8.92,0
2,72,2023-05,4583,27.95,9.0,0
2,72,2023-06,4811,27.95,9.08,0
2,72,2023-07,4987,27.95,9.17,0
2,72,2023-08,4780,27.95,9.25,0
2,72,2023-09,4419,27.95,9.33,0
2,72,2023-10,4415,27.95,9.42,0
2,72,2023-11,4156,27.95,9.5,0
2,72,2023-12,3898,27.95,9.58,0
2,72,2024-01,4449,27.95,9.67,0
2,72,2024-02,3874,27.95,9.75,0
2,72,2024-03,4334,27.95,9.83,0
2,72,2024-04,4301,27.95,9.92,0
2,72,2024-05,4303,27.95,10.0,0
2,72,2024-06,4887,27.95,10.08,0
2,72,2024-07,4644,27.95,10.17,0
2,72,2024-08,5008,27.95,10.25,0
2,72,2024-09,4538,27.95,10.33,0
2,72,2024-10,4166,27.95,10.42,0
2,72,2024-11,4143,27.95,10.5,0
2,72,2024-12,4939,27.95,10.58,0
2,72,2025-01,5252,27.95,10.67,1
2,72,2025-02,5151,27.95,10.75,1
2,72,2025-03,5152,27.95,10.83,1
2,72,2025-04,8476,27.95,10.92,1
2,72,2025-05,2148,27.95,11.0,1
2,73,2022-06,4703,29.72,8.08,0
2,73,2022-07,4765,29.72,8.17,0
2,73,2022-08,5059,29.72,8.25,0
2,73,2022-09,4130,29.72,8.33,0
2,73,2022-10,4568,29.72,8.42,0
2,73,2022-11,4236,29.72,8.5,0
2,73,2022-12,4084,29.72,8.58,0
2,73,2023-01,4182,29.72,8.67,0
2,73,2023-02,3940,29.72,8.75,0
2,73,2023-03,4820,29.72,8.83,0
2,73,2023-04,4395,29.72,8.92,0
2,73,2023-05,4958,29.72,9.0,0
2,73,2023-06,4710,29.72,9.08,0
2,73,2023-07,5182,29.72,9.17,0
2,73,2023-08,5257,29.72,9.25,0
2,73,2023-09,4758,29.72,9.33,0
2,73,2023-10,4469,29.72,9.42,0
2,73,2023-11,4209,29.72,9.5,0
2,73,2023-12,4569,29.72,9.58,0
2,73,2024-01,4447,29.72,9.67,0
2,73,2024-02,4705,29.72,9.75,0
2,73,2024-03,4251,29.72,9.83,0
2,73,2024-04,4600,29.72,9.92,0
2,73,2024-05,5000,29.72,10.0,0
2,73,2024-06,5275,29.72,10.08,0
2,73,2024-07,5402,29.72,10.17,0
2,73,2024-08,4878,29.72,10.25,0
2,73,2024-09,4445,29.72,10.33,0
2,73,2024-10,4743,29.72,10.42,0
2,73,2024-11,4605,29.72,10.5,0
2,73,2024-12,4752,29.72,10.58,0
2,73,2025-01,7039,29.72,10.67,1
2,73,2025-02,5209,29.72,10.75,1
2,73,2025-03,4689,29.72,10.83,1
2,73,2025-04,4810,29.72,10.92,1
2,73,2025-05,5741,29.72,11.0,1
2,74,2022-06,4370,28.51,8.08,0
2,74,2022-07,4532,28.51,8.17,0
2,74,2022-08,4819,28.51,8.25,0
2,74,2022-09,5256,28.51,8.33,0
2,74,2022-10,4925,28.51,8.42,0
2,74,2022-11,4660,28.51,8.5,0
2,74,2022-12,4264,28.51,8.58,0
2,74,2023-01,4397,28.51,8.67,0
2,74,2023-02,4552,28.51,8.75,0
2,74,2023-03,5144,28.51,8.83,0
2,74,2023-04,5491,28.51,8.92,0
2,74,2023-05,5673,28.51,9.0,0
2,74,2023-06,5612,28.51,9.08,0
2,74,2023-07,5985,28.51,9.17,0
2,74,2023-08,5555,28.51,9.25,0
2,74,2023-09,5549,28.51,9.33,0
2,74,2023-10,4899,28.51,9.42,0
2,74,2023-11,5254,28.51,9.5,0
2,74,2023-12,4720,28.51,9.58,0
2,74,2024-01,4913,28.51,9.67,0
2,74,2024-02,4711,28.51,9.75,0
2,74,2024-03,5047,28.51,9.83,0
2,74,2024-04,4568,28.51,9.92,0
2,74,2024-05,4698,28.51,10.0,0
2,74,2024-06,5312,28.51,10.08,0
2,74,2024-07,5352,28.51,10.17,0
2,74,2024-08,5326,28.51,10.25,0
2,74,2024-09,5831,28.51,10.33,0
2,74,2024-10,5013,28.51,10.42,0
2,74,2024-11,4983,28.51,10.5,0
2,74,2024-12,5357,28.51,10.58,0
2,74,2025-01,6418,28.51,10.67,1
2,74,2025-02,4876,28.51,10.75,1
2,74,2025-03,6119,28.51,10.83,1
2,74,2025-04,4454,28.51,10.92,1
2,74,2025-05,7821,28.51,11.0,1
2,382,2022-06,4839,28.8,5.08,0
2,382,2022-07,5645,28.8,5.17,0
2,382,2022-08,5682,28.8,5.25,0
2,382,2022-09,5861,28.8,5.33,0
2,382,2022-10,4870,28.8,5.42,0
2,382,2022-11,5023,28.8,5.5,0
2,382,2022-12,5511,28.8,5.58,0
2,382,2023-01,4724,28.8,5.67,0
2,382,2023-02,4549,28.8,5.75,0
2,382,2023-03,5267,28.8,5.83,0
2,382,2023-04,5722,28.8,5.92,0
2,382,2023-05,5170,28.8,6.0,0
2,382,2023-06,5704,28.8,6.08,0
2,382,2023-07,6409,28.8,6.17,0
2,382,2023-08,6087,28.8,6.25,0
2,382,2023-09,6014,28.8,6.33,0
2,382,2023-10,5090,28.8,6.42,0
2,382,2023-11,5751,28.8,6.5,0
2,382,2023-12,5662,28.8,6.58,0
2,382,2024-01,5611,28.8,6.67,0
2,382,2024-02,5729,28.8,6.75,0
2,382,2024-03,5214,28.8,6.83,0
2,382,2024-04,5837,28.8,6.92,0
2,382,2024-05,6114,28.8,7.0,0
2,382,2024-06,5721,28.8,7.08,0
2,382,2024-07,6201,28.8,7.17,0
2,382,2024-08,6147,28.8,7.25,0
2,382,2024-09,5799,28.8,7.33,0
2,382,2024-10,5934,28.8,7.42,0
2,382,2024-11,5605,28.8,7.5,0
2,382,2024-12,5695,28.8,7.58,0
2,382,2025-01,7788,28.8,7.67,1
2,382,2025-02,7412,28.8,7.75,1
2,382,2025-03,7732,28.8,7.83,1
2,382,2025-04,6655,28.8,7.92,1
2,382,2025-05,7278,28.8,8.0,1
3,75,2022-06,5422,35.39,7.08,0
3,75,2022-07,6793,35.39,7.17,0
3,75,2022-08,6289,35.39,7.25,0
3,75,2022-09,6121,35.39,7.33,0
3,75,2022-10,5801,35.39,7.42,0
3,75,2022-11,5537,35.39,7.5,0
3,75,2022-12,5881,35.39,7.58,0
3,75,2023-01,5698,35.39,7.67,0
3,75,2023-02,5778,35.39,7.75,0
3,75,2023-03,6545,35.39,7.83,0
3,75,2023-04,6792,35.39,7.92,0
3,75,2023-05,6713,35.39,8.0,0
3,75,2023-06,7171,35.39,8.08,0
3,75,2023-07,6994,35.39,8.17,0
3,75,2023-08,6432,35.39,8.25,0
3,75,2023-09,6443,35.39,8.33,0
3,75,2023-10,6159,35.39,8.42,0
3,75,2023-11,5540,35.39,8.5,0
3,75,2023-12,5603,35.39,8.58,0
3,75,2024-01,5784,35.39,8.67,0
3,75,2024-02,5674,35.39,8.75,0
3,75,2024-03,6424,35.39,8.83,0
3,75,2024-04,5693,35.39,8.92,0
3,75,2024-05,6366,35.39,9.0,0
3,75,2024-06,7250,35.39,9.08,0
3,75,2024-07,6956,35.39,9.17,0
3,75,2024-08,6630,35.39,9.25,0
3,75,2024-09,7250,35.39,9.33,0
3,75,2024-10,6458,35.39,9.42,0
3,75,2024-11,6595,35.39,9.5,0
3,75,2024-12,6697,35.39,9.58,0
3,75,2025-01,8074,35.39,9.67,1
3,75,2025-02,10832,35.39,9.75,1
3,75,2025-03,5898,35.39,9.83,1
3,75,2025-04,9286,35.39,9.92,1
3,75,2025-05,4823,35.39,10.0,1
3,76,2022-06,5536,28.17,7.08,0
3,76,2022-07,6770,28.17,7.17,0
3,76,2022-08,6938,28.17,7.25,0
3,76,2022-09,6695,28.17,7.33,0
3,76,2022-10,5797,28.17,7.42,0
3,76,2022-11,5558,28.17,7.5,0
3,76,2022-12,5661,28.17,7.58,0
3,76,2023-01,5174,28.17,7.67,0
3,76,2023-02,5853,28.17,7.75,0
3,76,2023-03,6808,28.17,7.83,0
3,76,2023-04,6056,28.17,7.92,0
3,76,2023-05,6246,28.17,8.0,0
3,76,2023-06,6743,28.17,8.08,0
3,76,2023-07,6473,28.17,8.17,0
3,76,2023-08,7280,28.17,8.25,0
3,76,2023-09,6293,28.17,8.33,0
3,76,2023-10,5914,28.17,8.42,0
3,76,2023-11,5836,28.17,8.5,0
3,76,2023-12,5737,28.17,8.58,0
3,76,2024-01,6285,28.17,8.67,0
3,76,2024-02,5679,28.17,8.75,0
3,76,2024-03,6365,28.17,8.83,0
3,76,2024-04,6037,28.17,8.92,0
3,76,2024-05,6686,28.17,9.0,0
3,76,2024-06,7018,28.17,9.08,0
3,76,2024-07,7406,28.17,9.17,0
3,76,2024-08,7348,28.17,9.25,0
3,76,2024-09,6586,28.17,9.33,0
3,76,2024-10,5886,28.17,9.42,0
3,76,2024-11,6876,28.17,9.5,0
3,76,2024-12,6871,28.17,9.58,0
3,76,2025-01,7687,28.17,9.67,1
3,76,2025-02,8342,28.17,9.75,1
3,76,2025-03,4184,28.17,9.83,1
3,76,2025-04,13320,28.17,9.92,1
3,76,2025-05,5077,28.17,10.0,1
3,77,2022-06,6453,28.4,7.08,0
3,77,2022-07,6743,28.4,7.17,0
3,77,2022-08,7102,28.4,7.25,0
3,77,2022-09,6483,28.4,7.33,0
3,77,2022-10,5750,28.4,7.42,0
3,77,2022-11,5943,28.4,7.5,0
3,77,2022-12,6697,28.4,7.58,0
3,77,2023-01,6062,28.4,7.67,0
3,77,2023-02,5809,28.4,7.75,0
3,77,2023-03,6445,28.4,7.83,0
3,77,2023-04,6788,28.4,7.92,0
3,77,2023-05,6746,28.4,8.0,0
3,77,2023-06,7405,28.4,8.08,0
3,77,2023-07,6631,28.4,8.17,0
3,77,2023-08,7647,28.4,8.25,0
3,77,2023-09,7491,28.4,8.33,0
3,77,2023-10,7196,28.4,8.42,0
3,77,2023-11,6389,28.4,8.5,0
3,77,2023-12,6742,28.4,8.58,0
3,77,2024-01,6059,28.4,8.67,0
3,77,2024-02,6033,28.4,8.75,0
3,77,2024-03,6061,28.4,8.83,0
3,77,2024-04,6637,28.4,8.92,0
3,77,2024-05,6630,28.4,9.0,0
3,77,2024-06,6950,28.4,9.08,0
3,77,2024-07,6987,28.4,9.17,0
3,77,2024-08,7171,28.4,9.25,0
3,77,2024-09,7426,28.4,9.33,0
3,77,2024-10,6118,28.4,9.42,0
3,77,2024-11,7270,28.4,9.5,0
3,77,2024-12,6808,28.4,9.58,0
3,77,2025-01,7216,28.4,9.67,1
3,77,2025-02,6472,28.4,9.75,1
3,77,2025-03,7957,28.4,9.83,1
3,77,2025-04,13744,28.4,9.92,1
3,77,2025-05,4831,28.4,10.0,1
3,78,2022-06,5560,28.85,7.08,0
3,78,2022-07,5661,28.85,7.17,0
3,78,2022-08,5304,28.85,7.25,0
3,78,2022-09,4999,28.85,7.33,0
3,78,2022-10,5262,28.85,7.42,0
3,78,2022-11,5455,28.85,7.5,0
3,78,2022-12,5057,28.85,7.58,0
3,78,2023-01,5111,28.85,7.67,0
3,78,2023-02,4463,28.85,7.75,0
3,78,2023-03,5564,28.85,7.83,0
3,78,2023-04,5251,28.85,7.92,0
3,78,2023-05,5219,28.85,8.0,0
3,78,2023-06,5603,28.85,8.08,0
3,78,2023-07,5771,28.85,8.17,0
3,78,2023-08,5793,28.85,8.25,0
3,78,2023-09,5157,28.85,8.33,0
3,78,2023-10,4963,28.85,8.42,0
3,78,2023-11,5452,28.85,8.5,0
3,78,2023-12,5704,28.85,8.58,0
3,78,2024-01,5484,28.85,8.67,0
3,78,2024-02,5665,28.85,8.75,0
3,78,2024-03,4909,28.85,8.83,0
3,78,2024-04,5441,28.85,8.92,0
3,78,2024-05,5818,28.85,9.0,0
3,78,2024-06,6163,28.85,9.08,0
3,78,2024-07,6239,28.85,9.17,0
3,78,2024-08,5522,28.85,9.25,0
3,78,2024-09,5696,28.85,9.33,0
3,78,2024-10,5803,28.85,9.42,0
3,78,2024-11,5277,28.85,9.5,0
3,78,2024-12,6060,28.85,9.58,0
3,78,2025-01,6972,28.85,9.67,1
3,78,2025-02,4080,28.85,9.75,1
3,78,2025-03,6014,28.85,9.83,1
3,78,2025-04,12735,28.85,9.92,1
3,78,2025-05,3479,28.85,10.0,1
3,79,2022-06,3790,18.46,7.08,0
3,79,2022-07,3719,18.46,7.17,0
3,79,2022-08,3482,18.46,7.25,0
3,79,2022-09,3416,18.46,7.33,0
3,79,2022-10,3908,18.46,7.42,0
3,79,2022-11,3350,18.46,7.5,0
3,79,2022-12,3406,18.46,7.58,0
3,79,2023-01,3530,18.46,7.67,0
3,79,2023-02,3163,18.46,7.75,0
3,79,2023-03,3445,18.46,7.83,0
3,79,2023-04,3962,18.46,7.92,0
3,79,2023-05,3906,18.46,8.0,0
3,79,2023-06,3952,18.46,8.08,0
3,79,2023-07,3981,18.46,8.17,0
3,79,2023-08,3815,18.46,8.25,0
3,79,2023-09,3991,18.46,8.33,0
3,79,2023-10,3993,18.46,8.42,0
3,79,2023-11,3397,18.46,8.5,0
3,79,2023-12,3352,18.46,8.58,0
3,79,2024-01,4037,18.46,8.67,0
3,79,2024-02,3738,18.46,8.75,0
3,79,2024-03,3756,18.46,8.83,0
3,79,2024-04,3595,18.46,8.92,0
3,79,2024-05,4098,18.46,9.0,0
3,79,2024-06,4106,18.46,9.08,0
3,79,2024-07,4258,18.46,9.17,0
3,79,2024-08,3950,18.46,9.25,0
3,79,2024-09,4303,18.46,9.33,0
3,79,2024-10,3693,18.46,9.42,0
3,79,2024-11,4009,18.46,9.5,0
3,79,2024-12,3989,18.46,9.58,0
3,79,2025-01,4127,18.46,9.67,1
3,79,2025-02,4157,18.46,9.75,1
3,79,2025-03,3872,18.46,9.83,1
3,79,2025-04,9207,18.46,9.92,1
3,79,2025-05,1666,18.46,10.0,1
3,80,2022-06,2037,11.89,7.08,0
3,80,2022-07,2539,11.89,7.17,0
3,80,2022-08,2488,11.89,7.25,0
3,80,2022-09,2264,11.89,7.33,0
3,80,2022-10,2079,11.89,7.42,0
3,80,2022-11,2150,11.89,7.5,0
3,80,2022-12,2359,11.89,7.58,0
3,80,2023-01,2053,11.89,7.67,0
3,80,2023-02,1971,11.89,7.75,0
3,80,2023-03,2107,11.89,7.83,0
3,80,2023-04,2422,11.89,7.92,0
3,80,2023-05,2447,11.89,8.0,0
3,80,2023-06,2747,11.89,8.08,0
3,80,2023-07,2791,11.89,8.17,0
3,80,2023-08,2664,11.89,8.25,0
3,80,2023-09,2242,11.89,8.33,0
3,80,2023-10,2370,11.89,8.42,0
3,80,2023-11,2172,11.89,8.5,0
3,80,2023-12,2131,11.89,8.58,0
3,80,2024-01,2175,11.89,8.67,0
3,80,2024-02,2543,11.89,8.75,0
3,80,2024-03,2390,11.89,8.83,0
3,80,2024-04,2321,11.89,8.92,0
3,80,2024-05,2583,11.89,9.0,0
3,80,2024-06,2318,11.89,9.08,0
3,80,2024-07,2770,11.89,9.17,0
3,80,2024-08,2826,11.89,9.25,0
3,80,2024-09,2596,11.89,9.33,0
3,80,2024-10,2365,11.89,9.42,0
3,80,2024-11,2590,11.89,9.5,0
3,80,2024-12,2236,11.89,9.58,0
3,80,2025-01,2812,11.89,9.67,1
3,80,2025-02,3098,11.89,9.75,1
3,80,2025-03,2837,11.89,9.83,1
3,80,2025-04,4295,11.89,9.92,1
3,80,2025-05,1549,11.89,10.0,1
3,81,2022-06,987,7.45,7.08,0
3,81,2022-07,1199,7.45,7.17,0
3,81,2022-08,1078,7.45,7.25,0
3,81,2022-09,1130,7.45,7.33,0
3,81,2022-10,1101,7.45,7.42,0
3,81,2022-11,934,7.45,7.5,0
3,81,2022-12,1042,7.45,7.58,0
3,81,2023-01,916,7.45,7.67,0
3,81,2023-02,964,7.45,7.75,0
3,81,2023-03,1141,7.45,7.83,0
3,81,2023-04,1182,7.45,7.92,0
3,81,2023-05,1156,7.45,8.0,0
3,81,2023-06,1192,7.45,8.08,0
3,81,2023-07,1310,7.45,8.17,0
3,81,2023-08,1190,7.45,8.25,0
3,81,2023-09,1197,7.45,8.33,0
3,81,2023-10,1087,7.45,8.42,0
3,81,2023-11,1034,7.45,8.5,0
3,81,2023-12,1171,7.45,8.58,0
3,81,2024-01,1002,7.45,8.67,0
3,81,2024-02,974,7.45,8.75,0
3,81,2024-03,1169,7.45,8.83,0
3,81,2024-04,1095,7.45,8.92,0
3,81,2024-05,1240,7.45,9.0,0
3,81,2024-06,1062,7.45,9.08,0
3,81,2024-07,1104,7.45,9.17,0
3,81,2024-08,1167,7.45,9.25,0
3,81,2024-09,1046,7.45,9.33,0
3,81,2024-10,1123,7.45,9.42,0
3,81,2024-11,1130,7.45,9.5,0
3,81,2024-12,1058,7.45,9.58,0
3,81,2025-01,1069,7.45,9.67,1
3,81,2025-02,1398,7.45,9.75,1
3,81,2025-03,1362,7.45,9.83,1
3,81,2025-04,1979,7.45,9.92,1
3,81,2025-05,1073,7.45,10.0,1
3,82,2022-06,381,2.46,7.08,0
3,82,2022-07,456,2.46,7.17,0
3,82,2022-08,453,2.46,7.25,0
3,82,2022-09,405,2.46,7.33,0
3,82,2022-10,408,2.46,7.42,0
3,82,2022-11,429,2.46,7.5,0
3,82,2022-12,433,2.46,7.58,0
3,82,2023-01,366,2.46,7.67,0
3,82,2023-02,397,2.46,7.75,0
3,82,2023-03,433,2.46,7.83,0
3,82,2023-04,468,2.46,7.92,0
3,82,2023-05,453,2.46,8.0,0
3,82,2023-06,484,2.46,8.08,0
3,82,2023-07,465,2.46,8.17,0
3,82,2023-08,426,2.46,8.25,0
3,82,2023-09,410,2.46,8.33,0
3,82,2023-10,417,2.46,8.42,0
3,82,2023-11,458,2.46,8.5,0
3,82,2023-12,447,2.46,8.58,0
3,82,2024-01,395,2.46,8.67,0
3,82,2024-02,383,2.46,8.75,0
3,82,2024-03,411,2.46,8.83,0
3,82,2024-04,416,2.46,8.92,0
3,82,2024-05,441,2.46,9.0,0
3,82,2024-06,471,2.46,9.08,0
3,82,2024-07,492,2.46,9.17,0
3,82,2024-08,463,2.46,9.25,0
3,82,2024-09,460,2.46,9.33,0
3,82,2024-10,403,2.46,9.42,0
3,82,2024-11,455,2.46,9.5,0
3,82,2024-12,401,2.46,9.58,0
3,82,2025-01,458,2.46,9.67,1
3,82,2025-02,508,2.46,9.75,1
3,82,2025-03,599,2.46,9.83,1
3,82,2025-04,1001,2.46,9.92,1
3,82,2025-05,126,2.46,10.0,1
3,83,2022-06,6784,35.82,7.08,0
3,83,2022-07,6262,35.82,7.17,0
3,83,2022-08,6555,35.82,7.25,0
3,83,2022-09,6359,35.82,7.33,0
3,83,2022-10,6351,35.82,7.42,0
3,83,2022-11,6667,35.82,7.5,0
3,83,2022-12,6698,35.82,7.58,0
3,83,2023-01,6032,35.82,7.67,0
3,83,2023-02,6428,35.82,7.75,0
3,83,2023-03,6062,35.82,7.83,0
3,83,2023-04,7154,35.82,7.92,0
3,83,2023-05,6842,35.82,8.0,0
3,83,2023-06,6941,35.82,8.08,0
3,83,2023-07,7147,35.82,8.17,0
3,83,2023-08,7042,35.82,8.25,0
3,83,2023-09,7397,35.82,8.33,0
3,83,2023-10,6801,35.82,8.42,0
3,83,2023-11,6770,35.82,8.5,0
3,83,2023-12,6836,35.82,8.58,0
3,83,2024-01,6223,35.82,8.67,0
3,83,2024-02,6003,35.82,8.75,0
3,83,2024-03,7319,35.82,8.83,0
3,83,2024-04,6741,35.82,8.92,0
3,83,2024-05,6359,35.82,9.0,0
3,83,2024-06,6949,35.82,9.08,0
3,83,2024-07,6977,35.82,9.17,0
3,83,2024-08,7307,35.82,9.25,0
3,83,2024-09,6808,35.82,9.33,0
3,83,2024-10,6991,35.82,9.42,0
3,83,2024-11,7439,35.82,9.5,0
3,83,2024-12,6934,35.82,9.58,0
3,83,2025-01,9091,35.82,9.67,1
3,83,2025-02,8886,35.82,9.75,1
3,83,2025-03,5311,35.82,9.83,1
3,83,2025-04,12423,35.82,9.92,1
3,83,2025-05,6428,35.82,10.0,1
3,84,2022-06,7354,32.45,7.08,0
3,84,2022-07,7143,32.45,7.17,0
3,84,2022-08,7536,32.45,7.25,0
3,84,2022-09,6988,32.45,7.33,0
3,84,2022-10,6287,32.45,7.42,0
3,84,2022-11,6274,32.45,7.5,0
3,84,2022-12,6650,32.45,7.58,0
3,84,2023-01,6175,32.45,7.67,0
3,84,2023-02,5989,32.45,7.75,0
3,84,2023-03,6461,32.45,7.83,0
3,84,2023-04,6955,32.45,7.92,0
3,84,2023-05,7140,32.45,8.0,0
3,84,2023-06,8146,32.45,8.08,0
3,84,2023-07,8394,32.45,8.17,0
3,84,2023-08,8342,32.45,8.25,0
3,84,2023-09,7421,32.45,8.33,0
3,84,2023-10,6474,32.45,8.42,0
3,84,2023-11,6678,32.45,8.5,0
3,84,2023-12,7352,32.45,8.58,0
3,84,2024-01,6856,32.45,8.67,0
3,84,2024-02,6698,32.45,8.75,0
3,84,2024-03,7585,32.45,8.83,0
3,84,2024-04,7204,32.45,8.92,0
3,84,2024-05,7289,32.45,9.0,0
3,84,2024-06,7495,32.45,9.08,0
3,84,2024-07,7823,32.45,9.17,0
3,84,2024-08,7361,32.45,9.25,0
3,84,2024-09,7990,32.45,9.33,0
3,84,2024-10,7719,32.45,9.42,0
3,84,2024-11,6787,32.45,9.5,0
3,84,2024-12,6765,32.45,9.58,0
3,84,2025-01,9905,32.45,9.67,1
3,84,2025-02,9858,32.45,9.75,1
3,84,2025-03,6321,32.45,9.83,1
3,84,2025-04,11458,32.45,9.92,1
3,84,2025-05,5898,32.45,10.0,1
3,85,2022-06,4254,22.99,7.08,0
3,85,2022-07,4146,22.99,7.17,0
3,85,2022-08,4623,22.99,7.25,0
3,85,2022-09,4251,22.99,7.33,0
3,85,2022-10,3792,22.99,7.42,0
3,85,2022-11,3725,22.99,7.5,0
3,85,2022-12,4341,22.99,7.58,0
3,85,2023-01,3574,22.99,7.67,0
3,85,2023-02,4158,22.99,7.75,0
3,85,2023-03,4057,22.99,7.83,0
3,85,2023-04,4577,22.99,7.92,0
3,85,2023-05,4466,22.99,8.0,0
3,85,2023-06,5053,22.99,8.08,0
3,85,2023-07,4710,22.99,8.17,0
3,85,2023-08,4307,22.99,8.25,0
3,85,2023-09,4258,22.99,8.33,0
3,85,2023-10,4204,22.99,8.42,0
3,85,2023-11,4434,22.99,8.5,0
3,85,2023-12,3884,22.99,8.58,0
3,85,2024-01,3988,22.99,8.67,0
3,85,2024-02,4517,22.99,8.75,0
3,85,2024-03,4643,22.99,8.83,0
3,85,2024-04,4271,22.99,8.92,0
3,85,2024-05,4356,22.99,9.0,0
3,85,2024-06,4660,22.99,9.08,0
3,85,2024-07,4840,22.99,9.17,0
3,85,2024-08,4830,22.99,9.25,0
3,85,2024-09,4640,22.99,9.33,0
3,85,2024-10,4146,22.99,9.42,0
3,85,2024-11,4618,22.99,9.5,0
3,85,2024-12,4156,22.99,9.58,0
3,85,2025-01,4599,22.99,9.67,1
3,85,2025-02,5993,22.99,9.75,1
3,85,2025-03,3562,22.99,9.83,1
3,85,2025-04,9193,22.99,9.92,1
3,85,2025-05,3766,22.99,10.0,1
3,86,2022-06,6478,36.68,7.08,0
3,86,2022-07,6926,36.68,7.17,0
3,86,2022-08,7022,36.68,7.25,0
3,86,2022-09,6818,36.68,7.33,0
3,86,2022-10,6077,36.68,7.42,0
3,86,2022-11,6333,36.68,7.5,0
3,86,2022-12,5871,36.68,7.58,0
3,86,2023-01,5939,36.68,7.67,0
3,86,2023-02,6462,36.68,7.75,0
3,86,2023-03,7082,36.68,7.83,0
3,86,2023-04,6413,36.68,7.92,0
3,86,2023-05,7466,36.68,8.0,0
3,86,2023-06,7497,36.68,8.08,0
3,86,2023-07,7159,36.68,8.17,0
3,86,2023-08,6824,36.68,8.25,0
3,86,2023-09,7031,36.68,8.33,0
3,86,2023-10,6806,36.68,8.42,0
3,86,2023-11,6556,36.68,8.5,0
3,86,2023-12,6879,36.68,8.58,0
3,86,2024-01,6109,36.68,8.67,0
3,86,2024-02,6795,36.68,8.75,0
3,86,2024-03,6675,36.68,8.83,0
3,86,2024-04,5940,36.68,8.92,0
3,86,2024-05,7276,36.68,9.0,0
3,86,2024-06,7850,36.68,9.08,0
3,86,2024-07,6792,36.68,9.17,0
3,86,2024-08,6559,36.68,9.25,0
3,86,2024-09,6425,36.68,9.33,0
3,86,2024-10,6880,36.68,9.42,0
3,86,2024-11,6476,36.68,9.5,0
3,86,2024-12,6396,36.68,9.58,0
3,86,2025-01,5911,36.68,9.67,1
3,86,2025-02,9011,36.68,9.75,1
3,86,2025-03,10683,36.68,9.83,1
3,86,2025-04,11181,36.68,9.92,1
3,86,2025-05,4431,36.68,10.0,1
3,87,2022-06,6005,30.17,7.08,0
3,87,2022-07,6705,30.17,7.17,0
3,87,2022-08,6369,30.17,7.25,0
3,87,2022-09,7169,30.17,7.33,0
3,87,2022-10,6588,30.17,7.42,0
3,87,2022-11,6729,30.17,7.5,0
3,87,2022-12,5717,30.17,7.58,0
3,87,2023-01,5630,30.17,7.67,0
3,87,2023-02,5721,30.17,7.75,0
3,87,2023-03,6333,30.17,7.83,0
3,87,2023-04,6346,30.17,7.92,0
3,87,2023-05,7109,30.17,8.0,0
3,87,2023-06,7535,30.17,8.08,0
3,87,2023-07,6613,30.17,8.17,0
3,87,2023-08,7095,30.17,8.25,0
3,87,2023-09,6360,30.17,8.33,0
3,87,2023-10,6243,30.17,8.42,0
3,87,2023-11,7060,30.17,8.5,0
3,87,2023-12,6810,30.17,8.58,0
3,87,2024-01,6929,30.17,8.67,0
3,87,2024-02,6446,30.17,8.75,0
3,87,2024-03,6206,30.17,8.83,0
3,87,2024-04,6128,30.17,8.92,0
3,87,2024-05,6408,30.17,9.0,0
3,87,2024-06,7900,30.17,9.08,0
3,87,2024-07,7164,30.17,9.17,0
3,87,2024-08,6803,30.17,9.25,0
3,87,2024-09,7787,30.17,9.33,0
3,87,2024-10,6942,30.17,9.42,0
3,87,2024-11,6344,30.17,9.5,0
3,87,2024-12,6732,30.17,9.58,0
3,87,2025-01,7880,30.17,9.67,1
3,87,2025-02,5366,30.17,9.75,1
3,87,2025-03,10623,30.17,9.83,1
3,87,2025-04,12678,30.17,9.92,1
3,87,2025-05,4221,30.17,10.0,1
3,88,2022-06,4461,25.8,7.08,0
3,88,2022-07,4488,25.8,7.17,0
3,88,2022-08,4743,25.8,7.25,0
3,88,2022-09,5339,25.8,7.33,0
3,88,2022-10,5064,25.8,7.42,0
3,88,2022-11,4512,25.8,7.5,0
3,88,2022-12,4828,25.8,7.58,0
3,88,2023-01,4079,25.8,7.67,0
3,88,2023-02,4961,25.8,7.75,0
3,88,2023-03,4644,25.8,7.83,0
3,88,2023-04,5125,25.8,7.92,0
3,88,2023-05,5591,25.8,8.0,0
3,88,2023-06,5210,25.8,8.08,0
3,88,2023-07,5981,25.8,8.17,0
3,88,2023-08,5361,25.8,8.25,0
3,88,2023-09,4794,25.8,8.33,0
3,88,2023-10,4905,25.8,8.42,0
3,88,2023-11,4939,25.8,8.5,0
3,88,2023-12,5111,25.8,8.58,0
3,88,2024-01,5134,25.8,8.67,0
3,88,2024-02,5061,25.8,8.75,0
3,88,2024-03,4709,25.8,8.83,0
3,88,2024-04,4774,25.8,8.92,0
3,88,2024-05,5118,25.8,9.0,0
3,88,2024-06,5647,25.8,9.08,0
3,88,2024-07,5638,25.8,9.17,0
3,88,2024-08,5531,25.8,9.25,0
3,88,2024-09,5019,25.8,9.33,0
3,88,2024-10,4595,25.8,9.42,0
3,88,2024-11,5414,25.8,9.5,0
3,88,2024-12,4801,25.8,9.58,0
3,88,2025-01,5983,25.8,9.67,1
3,88,2025-02,8847,25.8,9.75,1
3,88,2025-03,5327,25.8,9.83,1
3,88,2025-04,6505,25.8,9.92,1
3,88,2025-05,4003,25.8,10.0,1
3,89,2022-06,4434,29.34,7.08,0
3,89,2022-07,4372,29.34,7.17,0
3,89,2022-08,5180,29.34,7.25,0
3,89,2022-09,4337,29.34,7.33,0
3,89,2022-10,4603,29.34,7.42,0
3,89,2022-11,4652,29.34,7.5,0
3,89,2022-12,4177,29.34,7.58,0
3,89,2023-01,4485,29.34,7.67,0
3,89,2023-02,4484,29.34,7.75,0
3,89,2023-03,4404,29.34,7.83,0
3,89,2023-04,5221,29.34,7.92,0
3,89,2023-05,4834,29.34,8.0,0
3,89,2023-06,4810,29.34,8.08,0
3,89,2023-07,4783,29.34,8.17,0
3,89,2023-08,5048,29.34,8.25,0
3,89,2023-09,5296,29.34,8.33,0
3,89,2023-10,4563,29.34,8.42,0
3,89,2023-11,4888,29.34,8.5,0
3,89,2023-12,4724,29.34,8.58,0
3,89,2024-01,5079,29.34,8.67,0
3,89,2024-02,4568,29.34,8.75,0
3,89,2024-03,5191,29.34,8.83,0
3,89,2024-04,4474,29.34,8.92,0
3,89,2024-05,5412,29.34,9.0,0
3,89,2024-06,5139,29.34,9.08,0
3,89,2024-07,5402,29.34,9.17,0
3,89,2024-08,4796,29.34,9.25,0
3,89,2024-09,5128,29.34,9.33,0
3,89,2024-10,4515,29.34,9.42,0
3,89,2024-11,4901,29.34,9.5,0
3,89,2024-12,4786,29.34,9.58,0
3,89,2025-01,4806,29.34,9.67,1
3,89,2025-02,5530,29.34,9.75,1
3,89,2025-03,5749,29.34,9.83,1
3,89,2025-04,5926,29.34,9.92,1
3,89,2025-05,8132,29.34,10.0,1
3,90,2022-06,4556,26.48,7.08,0
3,90,2022-07,5096,26.48,7.17,0
3,90,2022-08,4970,26.48,7.25,0
3,90,2022-09,5269,26.48,7.33,0
3,90,2022-10,5007,26.48,7.42,0
3,90,2022-11,5150,26.48,7.5,0
3,90,2022-12,5091,26.48,7.58,0
3,90,2023-01,4435,26.48,7.67,0
3,90,2023-02,4551,26.48,7.75,0
3,90,2023-03,5294,26.48,7.83,0
3,90,2023-04,5418,26.48,7.92,0
3,90,2023-05,5184,26.48,8.0,0
3,90,2023-06,5369,26.48,8.08,0
3,90,2023-07,5104,26.48,8.17,0
3,90,2023-08,5433,26.48,8.25,0
3,90,2023-09,5249,26.48,8.33,0
3,90,2023-10,4609,26.48,8.42,0
3,90,2023-11,5124,26.48,8.5,0
3,90,2023-12,5004,26.48,8.58,0
3,90,2024-01,5016,26.48,8.67,0
3,90,2024-02,5391,26.48,8.75,0
3,90,2024-03,5408,26.48,8.83,0
3,90,2024-04,5318,26.48,8.92,0
3,90,2024-05,5292,26.48,9.0,0
3,90,2024-06,5393,26.48,9.08,0
3,90,2024-07,5400,26.48,9.17,0
3,90,2024-08,5739,26.48,9.25,0
3,90,2024-09,5279,26.48,9.33,0
3,90,2024-10,5318,26.48,9.42,0
3,90,2024-11,5240,26.48,9.5,0
3,90,2024-12,5287,26.48,9.58,0
3,90,2025-01,5344,26.48,9.67,1
3,90,2025-02,5005,26.48,9.75,1
3,90,2025-03,5144,26.48,9.83,1
3,90,2025-04,5973,26.48,9.92,1
3,90,2025-05,9923,26.48,10.0,1
3,91,2022-06,3030,17.03,6.08,0
3,91,2022-07,3535,17.03,6.17,0
3,91,2022-08,3518,17.03,6.25,0
3,91,2022-09,3063,17.03,6.33,0
3,91,2022-10,3389,17.03,6.42,0
3,91,2022-11,2910,17.03,6.5,0
3,91,2022-12,2913,17.03,6.58,0
3,91,2023-01,2953,17.03,6.67,0
3,91,2023-02,3159,17.03,6.75,0
3,91,2023-03,3306,17.03,6.83,0
3,91,2023-04,3717,17.03,6.92,0
3,91,2023-05,3843,17.03,7.0,0
3,91,2023-06,3402,17.03,7.08,0
3,91,2023-07,3457,17.03,7.17,0
3,91,2023-08,3336,17.03,7.25,0
3,91,2023-09,3486,17.03,7.33,0
3,91,2023-10,3422,17.03,7.42,0
3,91,2023-11,3234,17.03,7.5,0
3,91,2023-12,3552,17.03,7.58,0
3,91,2024-01,3044,17.03,7.67,0
3,91,2024-02,3123,17.03,7.75,0
3,91,2024-03,3615,17.03,7.83,0
3,91,2024-04,3501,17.03,7.92,0
3,91,2024-05,3450,17.03,8.0,0
3,91,2024-06,3804,17.03,8.08,0
3,91,2024-07,3907,17.03,8.17,0
3,91,2024-08,3362,17.03,8.25,0
3,91,2024-09,3611,17.03,8.33,0
3,91,2024-10,3532,17.03,8.42,0
3,91,2024-11,3068,17.03,8.5,0
3,91,2024-12,3350,17.03,8.58,0
3,91,2025-01,3535,17.03,8.67,1
3,91,2025-02,3464,17.03,8.75,1
3,91,2025-03,4087,17.03,8.83,1
3,91,2025-04,3831,17.03,8.92,1
3,91,2025-05,6403,17.03,9.0,1
3,92,2022-06,5082,32.41,7.08,0
3,92,2022-07,4641,32.41,7.17,0
3,92,2022-08,4767,32.41,7.25,0
3,92,2022-09,4915,32.41,7.33,0
3,92,2022-10,5183,32.41,7.42,0
3,92,2022-11,4446,32.41,7.5,0
3,92,2022-12,5013,32.41,7.58,0
3,92,2023-01,4968,32.41,7.67,0
3,92,2023-02,4787,32.41,7.75,0
3,92,2023-03,4836,32.41,7.83,0
3,92,2023-04,5276,32.41,7.92,0
3,92,2023-05,5166,32.41,8.0,0
3,92,2023-06,5703,32.41,8.08,0
3,92,2023-07,6081,32.41,8.17,0
3,92,2023-08,5650,32.41,8.25,0
3,92,2023-09,5459,32.41,8.33,0
3,92,2023-10,5307,32.41,8.42,0
3,92,2023-11,4550,32.41,8.5,0
3,92,2023-12,4664,32.41,8.58,0
3,92,2024-01,5023,32.41,8.67,0
3,92,2024-02,5044,32.41,8.75,0
3,92,2024-03,4846,32.41,8.83,0
3,92,2024-04,4815,32.41,8.92,0
3,92,2024-05,4872,32.41,9.0,0
3,92,2024-06,5490,32.41,9.08,0
3,92,2024-07,5475,32.41,9.17,0
3,92,2024-08,5575,32.41,9.25,0
3,92,2024-09,4919,32.41,9.33,0
3,92,2024-10,4826,32.41,9.42,0
3,92,2024-11,5474,32.41,9.5,0
3,92,2024-12,5019,32.41,9.58,0
3,92,2025-01,8528,32.41,9.67,1
3,92,2025-02,5820,32.41,9.75,1
3,92,2025-03,6328,32.41,9.83,1
3,92,2025-04,7504,32.41,9.92,1
3,92,2025-05,3953,32.41,10.0,1
3,93,2022-06,6529,37.2,7.08,0
3,93,2022-07,6960,37.2,7.17,0
3,93,2022-08,7391,37.2,7.25,0
3,93,2022-09,7365,37.2,7.33,0
3,93,2022-10,6585,37.2,7.42,0
3,93,2022-11,6008,37.2,7.5,0
3,93,2022-12,6449,37.2,7.58,0
3,93,2023-01,6561,37.2,7.67,0
3,93,2023-02,6709,37.2,7.75,0
3,93,2023-03,6061,37.2,7.83,0
3,93,2023-04,7529,37.2,7.92,0
3,93,2023-05,6659,37.2,8.0,0
3,93,2023-06,7829,37.2,8.08,0
3,93,2023-07,7654,37.2,8.17,0
3,93,2023-08,6862,37.2,8.25,0
3,93,2023-09,7345,37.2,8.33,0
3,93,2023-10,6371,37.2,8.42,0
3,93,2023-11,6622,37.2,8.5,0
3,93,2023-12,6498,37.2,8.58,0
3,93,2024-01,6324,37.2,8.67,0
3,93,2024-02,7158,37.2,8.75,0
3,93,2024-03,6704,37.2,8.83,0
3,93,2024-04,6300,37.2,8.92,0
3,93,2024-05,6401,37.2,9.0,0
3,93,2024-06,7897,37.2,9.08,0
3,93,2024-07,7243,37.2,9.17,0
3,93,2024-08,7163,37.2,9.25,0
3,93,2024-09,7123,37.2,9.33,0
3,93,2024-10,6682,37.2,9.42,0
3,93,2024-11,6248,37.2,9.5,0
3,93,2024-12,7092,37.2,9.58,0
3,93,2025-01,7364,37.2,9.67,1
3,93,2025-02,7919,37.2,9.75,1
3,93,2025-03,10623,37.2,9.83,1
3,93,2025-04,10891,37.2,9.92,1
3,93,2025-05,5758,37.2,10.0,1
3,94,2022-06,3414,19.68,7.08,0
3,94,2022-07,3918,19.68,7.17,0
3,94,2022-08,3797,19.68,7.25,0
3,94,2022-09,3699,19.68,7.33,0
3,94,2022-10,3702,19.68,7.42,0
3,94,2022-11,3536,19.68,7.5,0
3,94,2022-12,3233,19.68,7.58,0
3,94,2023-01,3657,19.68,7.67,0
3,94,2023-02,3530,19.68,7.75,0
3,94,2023-03,3965,19.68,7.83,0
3,94,2023-04,3659,19.68,7.92,0
3,94,2023-05,3882,19.68,8.0,0
3,94,2023-06,4175,19.68,8.08,0
3,94,2023-07,4258,19.68,8.17,0
3,94,2023-08,3785,19.68,8.25,0
3,94,2023-09,3826,19.68,8.33,0
3,94,2023-10,3821,19.68,8.42,0
3,94,2023-11,3475,19.68,8.5,0
3,94,2023-12,4136,19.68,8.58,0
3,94,2024-01,3552,19.68,8.67,0
3,94,2024-02,4058,19.68,8.75,0
3,94,2024-03,4148,19.68,8.83,0
3,94,2024-04,3426,19.68,8.92,0
3,94,2024-05,3888,19.68,9.0,0
3,94,2024-06,4479,19.68,9.08,0
3,94,2024-07,4665,19.68,9.17,0
3,94,2024-08,4554,19.68,9.25,0
3,94,2024-09,4352,19.68,9.33,0
3,94,2024-10,3742,19.68,9.42,0
3,94,2024-11,4107,19.68,9.5,0
3,94,2024-12,4203,19.68,9.58,0
3,94,2025-01,5800,19.68,9.67,1
3,94,2025-02,2723,19.68,9.75,1
3,94,2025-03,5836,19.68,9.83,1
3,94,2025-04,7045,19.68,9.92,1
3,94,2025-05,2362,19.68,10.0,1
3,95,2022-06,6840,29.95,7.08,0
3,95,2022-07,7387,29.95,7.17,0
3,95,2022-08,6270,29.95,7.25,0
3,95,2022-09,6327,29.95,7.33,0
3,95,2022-10,5984,29.95,7.42,0
3,95,2022-11,6228,29.95,7.5,0
3,95,2022-12,6240,29.95,7.58,0
3,95,2023-01,5824,29.95,7.67,0
3,95,2023-02,6749,29.95,7.75,0
3,95,2023-03,6478,29.95,7.83,0
3,95,2023-04,6636,29.95,7.92,0
3,95,2023-05,6614,29.95,8.0,0
3,95,2023-06,7729,29.95,8.08,0
3,95,2023-07,7751,29.95,8.17,0
3,95,2023-08,7017,29.95,8.25,0
3,95,2023-09,6528,29.95,8.33,0
3,95,2023-10,7241,29.95,8.42,0
3,95,2023-11,6248,29.95,8.5,0
3,95,2023-12,7081,29.95,8.58,0
3,95,2024-01,6845,29.95,8.67,0
3,95,2024-02,6274,29.95,8.75,0
3,95,2024-03,7288,29.95,8.83,0
3,95,2024-04,6186,29.95,8.92,0
3,95,2024-05,7002,29.95,9.0,0
3,95,2024-06,7581,29.95,9.08,0
3,95,2024-07,7777,29.95,9.17,0
3,95,2024-08,6824,29.95,9.25,0
3,95,2024-09,7967,29.95,9.33,0
3,95,2024-10,7462,29.95,9.42,0
3,95,2024-11,6465,29.95,9.5,0
3,95,2024-12,7137,29.95,9.58,0
3,95,2025-01,8207,29.95,9.67,1
3,95,2025-02,8640,29.95,9.75,1
3,95,2025-03,8521,29.95,9.83,1
3,95,2025-04,9545,29.95,9.92,1
3,95,2025-05,7114,29.95,10.0,1
3,96,2022-06,6446,33.41,7.08,0
3,96,2022-07,6315,33.41,7.17,0
3,96,2022-08,7646,33.41,7.25,0
3,96,2022-09,6985,33.41,7.33,0
3,96,2022-10,7284,33.41,7.42,0
3,96,2022-11,6728,33.41,7.5,0
3,96,2022-12,5884,33.41,7.58,0
3,96,2023-01,6454,33.41,7.67,0
3,96,2023-02,6197,33.41,7.75,0
3,96,2023-03,6498,33.41,7.83,0
3,96,2023-04,6773,33.41,7.92,0
3,96,2023-05,7139,33.41,8.0,0
3,96,2023-06,8129,33.41,8.08,0
3,96,2023-07,6967,33.41,8.17,0
3,96,2023-08,7175,33.41,8.25,0
3,96,2023-09,7759,33.41,8.33,0
3,96,2023-10,6252,33.41,8.42,0
3,96,2023-11,6853,33.41,8.5,0
3,96,2023-12,7182,33.41,8.58,0
3,96,2024-01,7062,33.41,8.67,0
3,96,2024-02,6168,33.41,8.75,0
3,96,2024-03,6838,33.41,8.83,0
3,96,2024-04,6981,33.41,8.92,0
3,96,2024-05,6610,33.41,9.0,0
3,96,2024-06,7325,33.41,9.08,0
3,96,2024-07,7779,33.41,9.17,0
3,96,2024-08,7467,33.41,9.25,0
3,96,2024-09,7106,33.41,9.33,0
3,96,2024-10,7665,33.41,9.42,0
3,96,2024-11,6733,33.41,9.5,0
3,96,2024-12,7255,33.41,9.58,0
3,96,2025-01,8370,33.41,9.67,1
3,96,2025-02,6646,33.41,9.75,1
3,96,2025-03,10018,33.41,9.83,1
3,96,2025-04,5883,33.41,9.92,1
3,96,2025-05,11756,33.41,10.0,1
3,97,2022-06,4224,22.03,7.08,0
3,97,2022-07,4651,22.03,7.17,0
3,97,2022-08,4101,22.03,7.25,0
3,97,2022-09,4443,22.03,7.33,0
3,97,2022-10,4265,22.03,7.42,0
3,97,2022-11,4096,22.03,7.5,0
3,97,2022-12,4257,22.03,7.58,0
3,97,2023-01,3810,22.03,7.67,0
3,97,2023-02,4066,22.03,7.75,0
3,97,2023-03,4246,22.03,7.83,0
3,97,2023-04,4546,22.03,7.92,0
3,97,2023-05,4115,22.03,8.0,0
3,97,2023-06,4395,22.03,8.08,0
3,97,2023-07,4907,22.03,8.17,0
3,97,2023-08,4564,22.03,8.25,0
3,97,2023-09,4451,22.03,8.33,0
3,97,2023-10,4554,22.03,8.42,0
3,97,2023-11,4116,22.03,8.5,0
3,97,2023-12,4404,22.03,8.58,0
3,97,2024-01,3867,22.03,8.67,0
3,97,2024-02,4497,22.03,8.75,0
3,97,2024-03,4012,22.03,8.83,0
3,97,2024-04,4407,22.03,8.92,0
3,97,2024-05,4177,22.03,9.0,0
3,97,2024-06,4727,22.03,9.08,0
3,97,2024-07,4572,22.03,9.17,0
3,97,2024-08,4619,22.03,9.25,0
3,97,2024-09,4753,22.03,9.33,0
3,97,2024-10,4369,22.03,9.42,0
3,97,2024-11,4586,22.03,9.5,0
3,97,2024-12,4611,22.03,9.58,0
3,97,2025-01,6251,22.03,9.67,1
3,97,2025-02,5124,22.03,9.75,1
3,97,2025-03,4536,22.03,9.83,1
3,97,2025-04,3304,22.03,9.92,1
3,97,2025-05,7596,22.03,10.0,1
3,98,2022-06,5647,29.67,7.08,0
3,98,2022-07,5057,29.67,7.17,0
3,98,2022-08,6075,29.67,7.25,0
3,98,2022-09,5825,29.67,7.33,0
3,98,2022-10,5626,29.67,7.42,0
3,98,2022-11,4783,29.67,7.5,0
3,98,2022-12,5485,29.67,7.58,0
3,98,2023-01,4759,29.67,7.67,0
3,98,2023-02,5588,29.67,7.75,0
3,98,2023-03,5042,29.67,7.83,0
3,98,2023-04,6235,29.67,7.92,0
3,98,2023-05,6116,29.67,8.0,0
3,98,2023-06,6110,29.67,8.08,0
3,98,2023-07,5890,29.67,8.17,0
3,98,2023-08,6576,29.67,8.25,0
3,98,2023-09,6335,29.67,8.33,0
3,98,2023-10,5741,29.67,8.42,0
3,98,2023-11,5024,29.67,8.5,0
3,98,2023-12,5616,29.67,8.58,0
3,98,2024-01,5834,29.67,8.67,0
3,98,2024-02,5278,29.67,8.75,0
3,98,2024-03,5999,29.67,8.83,0
3,98,2024-04,5336,29.67,8.92,0
3,98,2024-05,5816,29.67,9.0,0
3,98,2024-06,5672,29.67,9.08,0
3,98,2024-07,5716,29.67,9.17,0
3,98,2024-08,6153,29.67,9.25,0
3,98,2024-09,5936,29.67,9.33,0
3,98,2024-10,5630,29.67,9.42,0
3,98,2024-11,5356,29.67,9.5,0
3,98,2024-12,5821,29.67,9.58,0
3,98,2025-01,6664,29.67,9.67,1
3,98,2025-02,6314,29.67,9.75,1
3,98,2025-03,6964,29.67,9.83,1
3,98,2025-04,7211,29.67,9.92,1
3,98,2025-05,7511,29.67,10.0,1
3,99,2022-06,2631,14.15,6.08,0
3,99,2022-07,2876,14.15,6.17,0
3,99,2022-08,2496,14.15,6.25,0
3,99,2022-09,2499,14.15,6.33,0
3,99,2022-10,2464,14.15,6.42,0
3,99,2022-11,2585,14.15,6.5,0
3,99,2022-12,2455,14.15,6.58,0
3,99,2023-01,2550,14.15,6.67,0
3,99,2023-02,2501,14.15,6.75,0
3,99,2023-03,2845,14.15,6.83,0
3,99,2023-04,2977,14.15,6.92,0
3,99,2023-05,2625,14.15,7.0,0
3,99,2023-06,2670,14.15,7.08,0
3,99,2023-07,3197,14.15,7.17,0
3,99,2023-08,3036,14.15,7.25,0
3,99,2023-09,3015,14.15,7.33,0
3,99,2023-10,2768,14.15,7.42,0
3,99,2023-11,2488,14.15,7.5,0
3,99,2023-12,2784,14.15,7.58,0
3,99,2024-01,2610,14.15,7.67,0
3,99,2024-02,2848,14.15,7.75,0
3,99,2024-03,2496,14.15,7.83,0
3,99,2024-04,2703,14.15,7.92,0
3,99,2024-05,2597,14.15,8.0,0
3,99,2024-06,3168,14.15,8.08,0
3,99,2024-07,2830,14.15,8.17,0
3,99,2024-08,3218,14.15,8.25,0
3,99,2024-09,2838,14.15,8.33,0
3,99,2024-10,2551,14.15,8.42,0
3,99,2024-11,2667,14.15,8.5,0
3,99,2024-12,2772,14.15,8.58,0
3,99,2025-01,3422,14.15,8.67,1
3,99,2025-02,3482,14.15,8.75,1
3,99,2025-03,2399,14.15,8.83,1
3,99,2025-04,4819,14.15,8.92,1
3,99,2025-05,3382,14.15,9.0,1
3,100,2022-06,5320,26.64,7.08,0
3,100,2022-07,6170,26.64,7.17,0
3,100,2022-08,6261,26.64,7.25,0
3,100,2022-09,5496,26.64,7.33,0
3,100,2022-10,6179,26.64,7.42,0
3,100,2022-11,5980,26.64,7.5,0
3,100,2022-12,5360,26.64,7.58,0
3,100,2023-01,5743,26.64,7.67,0
3,100,2023-02,5587,26.64,7.75,0
3,100,2023-03,5491,26.64,7.83,0
3,100,2023-04,6540,26.64,7.92,0
3,100,2023-05,5889,26.64,8.0,0
3,100,2023-06,5748,26.64,8.08,0
3,100,2023-07,6813,26.64,8.17,0
3,100,2023-08,6112,26.64,8.25,0
3,100,2023-09,6088,26.64,8.33,0
3,100,2023-10,6221,26.64,8.42,0
3,100,2023-11,5721,26.64,8.5,0
3,100,2023-12,5783,26.64,8.58,0
3,100,2024-01,5874,26.64,8.67,0
3,100,2024-02,5489,26.64,8.75,0
3,100,2024-03,6450,26.64,8.83,0
3,100,2024-04,5557,26.64,8.92,0
3,100,2024-05,6614,26.64,9.0,0
3,100,2024-06,5980,26.64,9.08,0
3,100,2024-07,7034,26.64,9.17,0
3,100,2024-08,6051,26.64,9.25,0
3,100,2024-09,6201,26.64,9.33,0
3,100,2024-10,6075,26.64,9.42,0
3,100,2024-11,6003,26.64,9.5,0
3,100,2024-12,6483,26.64,9.58,0
3,100,2025-01,6764,26.64,9.67,1
3,100,2025-02,9006,26.64,9.75,1
3,100,2025-03,7037,26.64,9.83,1
3,100,2025-04,9344,26.64,9.92,1
3,100,2025-05,4120,26.64,10.0,1
3,101,2022-06,6934,42.15,7.08,0
3,101,2022-07,7423,42.15,7.17,0
3,101,2022-08,7838,42.15,7.25,0
3,101,2022-09,8307,42.15,7.33,0
3,101,2022-10,7691,42.15,7.42,0
3,101,2022-11,6864,42.15,7.5,0
3,101,2022-12,6960,42.15,7.58,0
3,101,2023-01,7245,42.15,7.67,0
3,101,2023-02,6646,42.15,7.75,0
3,101,2023-03,7263,42.15,7.83,0
3,101,2023-04,8589,42.15,7.92,0
3,101,2023-05,8307,42.15,8.0,0
3,101,2023-06,9092,42.15,8.08,0
3,101,2023-07,9048,42.15,8.17,0
3,101,2023-08,7695,42.15,8.25,0
3,101,2023-09,8619,42.15,8.33,0
3,101,2023-10,8284,42.15,8.42,0
3,101,2023-11,8190,42.15,8.5,0
3,101,2023-12,8144,42.15,8.58,0
3,101,2024-01,7976,42.15,8.67,0
3,101,2024-02,7830,42.15,8.75,0
3,101,2024-03,8450,42.15,8.83,0
3,101,2024-04,7284,42.15,8.92,0
3,101,2024-05,7406,42.15,9.0,0
3,101,2024-06,8202,42.15,9.08,0
3,101,2024-07,8905,42.15,9.17,0
3,101,2024-08,7822,42.15,9.25,0
3,101,2024-09,7858,42.15,9.33,0
3,101,2024-10,8416,42.15,9.42,0
3,101,2024-11,8100,42.15,9.5,0
3,101,2024-12,8378,42.15,9.58,0
3,101,2025-01,9156,42.15,9.67,1
3,101,2025-02,9186,42.15,9.75,1
3,101,2025-03,10082,42.15,9.83,1
3,101,2025-04,13270,42.15,9.92,1
3,101,2025-05,6462,42.15,10.0,1
3,102,2022-06,4543,25.47,7.08,0
3,102,2022-07,4788,25.47,7.17,0
3,102,2022-08,4585,25.47,7.25,0
3,102,2022-09,4941,25.47,7.33,0
3,102,2022-10,5032,25.47,7.42,0
3,102,2022-11,4426,25.47,7.5,0
3,102,2022-12,4425,25.47,7.58,0
3,102,2023-01,4391,25.47,7.67,0
3,102,2023-02,4135,25.47,7.75,0
3,102,2023-03,4865,25.47,7.83,0
3,102,2023-04,5479,25.47,7.92,0
3,102,2023-05,5011,25.47,8.0,0
3,102,2023-06,5609,25.47,8.08,0
3,102,2023-07,5460,25.47,8.17,0
3,102,2023-08,5134,25.47,8.25,0
3,102,2023-09,5150,25.47,8.33,0
3,102,2023-10,5070,25.47,8.42,0
3,102,2023-11,5143,25.47,8.5,0
3,102,2023-12,4543,25.47,8.58,0
3,102,2024-01,4662,25.47,8.67,0
3,102,2024-02,5061,25.47,8.75,0
3,102,2024-03,4467,25.47,8.83,0
3,102,2024-04,4518,25.47,8.92,0
3,102,2024-05,4664,25.47,9.0,0
3,102,2024-06,5265,25.47,9.08,0
3,102,2024-07,5955,25.47,9.17,0
3,102,2024-08,5700,25.47,9.25,0
3,102,2024-09,5120,25.47,9.33,0
3,102,2024-10,5000,25.47,9.42,0
3,102,2024-11,4753,25.47,9.5,0
3,102,2024-12,4652,25.47,9.58,0
3,102,2025-01,6498,25.47,9.67,1
3,102,2025-02,7532,25.47,9.75,1
3,102,2025-03,6310,25.47,9.83,1
3,102,2025-04,6979,25.47,9.92,1
3,102,2025-05,3276,25.47,10.0,1
3,103,2022-06,4226,25.51,7.08,0
3,103,2022-07,4585,25.51,7.17,0
3,103,2022-08,4328,25.51,7.25,0
3,103,2022-09,4197,25.51,7.33,0
3,103,2022-10,3986,25.51,7.42,0
3,103,2022-11,3731,25.51,7.5,0
3,103,2022-12,3943,25.51,7.58,0
3,103,2023-01,3663,25.51,7.67,0
3,103,2023-02,4132,25.51,7.75,0
3,103,2023-03,4214,25.51,7.83,0
3,103,2023-04,4105,25.51,7.92,0
3,103,2023-05,4207,25.51,8.0,0
3,103,2023-06,4475,25.51,8.08,0
3,103,2023-07,4946,25.51,8.17,0
3,103,2023-08,4792,25.51,8.25,0
3,103,2023-09,4299,25.51,8.33,0
3,103,2023-10,4494,25.51,8.42,0
3,103,2023-11,4098,25.51,8.5,0
3,103,2023-12,3738,25.51,8.58,0
3,103,2024-01,3753,25.51,8.67,0
3,103,2024-02,4232,25.51,8.75,0
3,103,2024-03,4255,25.51,8.83,0
3,103,2024-04,4448,25.51,8.92,0
3,103,2024-05,4707,25.51,9.0,0
3,103,2024-06,4297,25.51,9.08,0
3,103,2024-07,4391,25.51,9.17,0
3,103,2024-08,4667,25.51,9.25,0
3,103,2024-09,4118,25.51,9.33,0
3,103,2024-10,4139,25.51,9.42,0
3,103,2024-11,4214,25.51,9.5,0
3,103,2024-12,4044,25.51,9.58,0
3,103,2025-01,5444,25.51,9.67,1
3,103,2025-02,5949,25.51,9.75,1
3,103,2025-03,4637,25.51,9.83,1
3,103,2025-04,4163,25.51,9.92,1
3,103,2025-05,6156,25.51,10.0,1
3,104,2022-06,5411,32.93,7.08,0
3,104,2022-07,5101,32.93,7.17,0
3,104,2022-08,5020,32.93,7.25,0
3,104,2022-09,5361,32.93,7.33,0
3,104,2022-10,5562,32.93,7.42,0
3,104,2022-11,4658,32.93,7.5,0
3,104,2022-12,4957,32.93,7.58,0
3,104,2023-01,4516,32.93,7.67,0
3,104,2023-02,5090,32.93,7.75,0
3,104,2023-03,5313,32.93,7.83,0
3,104,2023-04,6022,32.93,7.92,0
3,104,2023-05,6268,32.93,8.0,0
3,104,2023-06,5332,32.93,8.08,0
3,104,2023-07,6067,32.93,8.17,0
3,104,2023-08,6392,32.93,8.25,0
3,104,2023-09,5516,32.93,8.33,0
3,104,2023-10,5457,32.93,8.42,0
3,104,2023-11,5126,32.93,8.5,0
3,104,2023-12,5524,32.93,8.58,0
3,104,2024-01,5931,32.93,8.67,0
3,104,2024-02,4823,32.93,8.75,0
3,104,2024-03,5965,32.93,8.83,0
3,104,2024-04,4915,32.93,8.92,0
3,104,2024-05,6145,32.93,9.0,0
3,104,2024-06,5924,32.93,9.08,0
3,104,2024-07,5964,32.93,9.17,0
3,104,2024-08,6208,32.93,9.25,0
3,104,2024-09,5676,32.93,9.33,0
3,104,2024-10,5864,32.93,9.42,0
3,104,2024-11,5305,32.93,9.5,0
3,104,2024-12,5136,32.93,9.58,0
3,104,2025-01,7360,32.93,9.67,1
3,104,2025-02,7706,32.93,9.75,1
3,104,2025-03,5713,32.93,9.83,1
3,104,2025-04,6273,32.93,9.92,1
3,104,2025-05,7398,32.93,10.0,1
3,105,2022-06,3174,18.67,7.08,0
3,105,2022-07,3346,18.67,7.17,0
3,105,2022-08,4063,18.67,7.25,0
3,105,2022-09,3954,18.67,7.33,0
3,105,2022-10,3430,18.67,7.42,0
3,105,2022-11,3761,18.67,7.5,0
3,105,2022-12,3392,18.67,7.58,0
3,105,2023-01,3001,18.67,7.67,0
3,105,2023-02,3498,18.67,7.75,0
3,105,2023-03,3757,18.67,7.83,0
3,105,2023-04,4109,18.67,7.92,0
3,105,2023-05,3877,18.67,8.0,0
3,105,2023-06,3804,18.67,8.08,0
3,105,2023-07,3964,18.67,8.17,0
3,105,2023-08,4087,18.67,8.25,0
3,105,2023-09,3844,18.67,8.33,0
3,105,2023-10,3981,18.67,8.42,0
3,105,2023-11,3458,18.67,8.5,0
3,105,2023-12,3323,18.67,8.58,0
3,105,2024-01,3894,18.67,8.67,0
3,105,2024-02,3866,18.67,8.75,0
3,105,2024-03,3330,18.67,8.83,0
3,105,2024-04,3673,18.67,8.92,0
3,105,2024-05,4051,18.67,9.0,0
3,105,2024-06,4226,18.67,9.08,0
3,105,2024-07,3760,18.67,9.17,0
3,105,2024-08,3869,18.67,9.25,0
3,105,2024-09,4003,18.67,9.33,0
3,105,2024-10,3836,18.67,9.42,0
3,105,2024-11,3426,18.67,9.5,0
3,105,2024-12,3871,18.67,9.58,0
3,105,2025-01,5108,18.67,9.67,1
3,105,2025-02,5138,18.67,9.75,1
3,105,2025-03,1834,18.67,9.83,1
3,105,2025-04,5554,18.67,9.92,1
3,105,2025-05,5203,18.67,10.0,1
3,106,2022-06,2005,9.84,7.08,0
3,106,2022-07,1942,9.84,7.17,0
3,106,2022-08,1885,9.84,7.25,0
3,106,2022-09,2084,9.84,7.33,0
3,106,2022-10,1887,9.84,7.42,0
3,106,2022-11,1794,9.84,7.5,0
3,106,2022-12,1749,9.84,7.58,0
3,106,2023-01,1891,9.84,7.67,0
3,106,2023-02,2021,9.84,7.75,0
3,106,2023-03,1846,9.84,7.83,0
3,106,2023-04,2220,9.84,7.92,0
3,106,2023-05,2302,9.84,8.0,0
3,106,2023-06,2118,9.84,8.08,0
3,106,2023-07,2274,9.84,8.17,0
3,106,2023-08,1984,9.84,8.25,0
3,106,2023-09,2198,9.84,8.33,0
3,106,2023-10,2116,9.84,8.42,0
3,106,2023-11,1814,9.84,8.5,0
3,106,2023-12,2032,9.84,8.58,0
3,106,2024-01,1873,9.84,8.67,0
3,106,2024-02,2052,9.84,8.75,0
3,106,2024-03,2189,9.84,8.83,0
3,106,2024-04,2154,9.84,8.92,0
3,106,2024-05,2186,9.84,9.0,0
3,106,2024-06,2009,9.84,9.08,0
3,106,2024-07,2078,9.84,9.17,0
3,106,2024-08,2409,9.84,9.25,0
3,106,2024-09,2011,9.84,9.33,0
3,106,2024-10,2121,9.84,9.42,0
3,106,2024-11,1885,9.84,9.5,0
3,106,2024-12,1983,9.84,9.58,0
3,106,2025-01,3238,9.84,9.67,1
3,106,2025-02,2620,9.84,9.75,1
3,106,2025-03,1751,9.84,9.83,1
3,106,2025-04,3279,9.84,9.92,1
3,106,2025-05,1660,9.84,10.0,1
3,107,2022-06,5520,30.99,7.08,0
3,107,2022-07,6798,30.99,7.17,0
3,107,2022-08,6865,30.99,7.25,0
3,107,2022-09,6168,30.99,7.33,0
3,107,2022-10,6442,30.99,7.42,0
3,107,2022-11,5532,30.99,7.5,0
3,107,2022-12,5391,30.99,7.58,0
3,107,2023-01,6115,30.99,7.67,0
3,107,2023-02,5226,30.99,7.75,0
3,107,2023-03,6307,30.99,7.83,0
3,107,2023-04,5758,30.99,7.92,0
3,107,2023-05,6889,30.99,8.0,0
3,107,2023-06,6606,30.99,8.08,0
3,107,2023-07,6330,30.99,8.17,0
3,107,2023-08,6102,30.99,8.25,0
3,107,2023-09,7124,30.99,8.33,0
3,107,2023-10,6436,30.99,8.42,0
3,107,2023-11,6248,30.99,8.5,0
3,107,2023-12,6639,30.99,8.58,0
3,107,2024-01,5737,30.99,8.67,0
3,107,2024-02,5834,30.99,8.75,0
3,107,2024-03,6221,30.99,8.83,0
3,107,2024-04,6733,30.99,8.92,0
3,107,2024-05,5950,30.99,9.0,0
3,107,2024-06,7111,30.99,9.08,0
3,107,2024-07,7146,30.99,9.17,0
3,107,2024-08,7074,30.99,9.25,0
3,107,2024-09,7102,30.99,9.33,0
3,107,2024-10,6170,30.99,9.42,0
3,107,2024-11,6597,30.99,9.5,0
3,107,2024-12,6567,30.99,9.58,0
3,107,2025-01,8608,30.99,9.67,1
3,107,2025-02,8544,30.99,9.75,1
3,107,2025-03,7306,30.99,9.83,1
3,107,2025-04,9480,30.99,9.92,1
3,107,2025-05,4892,30.99,10.0,1
3,108,2022-06,6542,38.77,7.08,0
3,108,2022-07,7959,38.77,7.17,0
3,108,2022-08,7716,38.77,7.25,0
3,108,2022-09,6920,38.77,7.33,0
3,108,2022-10,7390,38.77,7.42,0
3,108,2022-11,6635,38.77,7.5,0
3,108,2022-12,7382,38.77,7.58,0
3,108,2023-01,7197,38.77,7.67,0
3,108,2023-02,7317,38.77,7.75,0
3,108,2023-03,8062,38.77,7.83,0
3,108,2023-04,7783,38.77,7.92,0
3,108,2023-05,8057,38.77,8.0,0
3,108,2023-06,7766,38.77,8.08,0
3,108,2023-07,8000,38.77,8.17,0
3,108,2023-08,7691,38.77,8.25,0
3,108,2023-09,8364,38.77,8.33,0
3,108,2023-10,6893,38.77,8.42,0
3,108,2023-11,6805,38.77,8.5,0
3,108,2023-12,7663,38.77,8.58,0
3,108,2024-01,7220,38.77,8.67,0
3,108,2024-02,7133,38.77,8.75,0
3,108,2024-03,7988,38.77,8.83,0
3,108,2024-04,7419,38.77,8.92,0
3,108,2024-05,7984,38.77,9.0,0
3,108,2024-06,7847,38.77,9.08,0
3,108,2024-07,8710,38.77,9.17,0
3,108,2024-08,8134,38.77,9.25,0
3,108,2024-09,8447,38.77,9.33,0
3,108,2024-10,8017,38.77,9.42,0
3,108,2024-11,7618,38.77,9.5,0
3,108,2024-12,7290,38.77,9.58,0
3,108,2025-01,11554,38.77,9.67,1
3,108,2025-02,10264,38.77,9.75,1
3,108,2025-03,8699,38.77,9.83,1
3,108,2025-04,11882,38.77,9.92,1
3,108,2025-05,4181,38.77,10.0,1
3,109,2022-06,4977,25.25,7.08,0
3,109,2022-07,4627,25.25,7.17,0
3,109,2022-08,4621,25.25,7.25,0
3,109,2022-09,5068,25.25,7.33,0
3,109,2022-10,5063,25.25,7.42,0
3,109,2022-11,4726,25.25,7.5,0
3,109,2022-12,4502,25.25,7.58,0
3,109,2023-01,4579,25.25,7.67,0
3,109,2023-02,4696,25.25,7.75,0
3,109,2023-03,4843,25.25,7.83,0
3,109,2023-04,4773,25.25,7.92,0
3,109,2023-05,5709,25.25,8.0,0
3,109,2023-06,5833,25.25,8.08,0
3,109,2023-07,5006,25.25,8.17,0
3,109,2023-08,5676,25.25,8.25,0
3,109,2023-09,4769,25.25,8.33,0
3,109,2023-10,5278,25.25,8.42,0
3,109,2023-11,4463,25.25,8.5,0
3,109,2023-12,4833,25.25,8.58,0
3,109,2024-01,4914,25.25,8.67,0
3,109,2024-02,5076,25.25,8.75,0
3,109,2024-03,5411,25.25,8.83,0
3,109,2024-04,5428,25.25,8.92,0
3,109,2024-05,5350,25.25,9.0,0
3,109,2024-06,5237,25.25,9.08,0
3,109,2024-07,6107,25.25,9.17,0
3,109,2024-08,5111,25.25,9.25,0
3,109,2024-09,5223,25.25,9.33,0
3,109,2024-10,4801,25.25,9.42,0
3,109,2024-11,4887,25.25,9.5,0
3,109,2024-12,5153,25.25,9.58,0
3,109,2025-01,7380,25.25,9.67,1
3,109,2025-02,7728,25.25,9.75,1
3,109,2025-03,6058,25.25,9.83,1
3,109,2025-04,8306,25.25,9.92,1
3,109,2025-05,1874,25.25,10.0,1
3,110,2022-06,5321,25.32,7.08,0
3,110,2022-07,5434,25.32,7.17,0
3,110,2022-08,5401,25.32,7.25,0
3,110,2022-09,5627,25.32,7.33,0
3,110,2022-10,5039,25.32,7.42,0
3,110,2022-11,4832,25.32,7.5,0
3,110,2022-12,4884,25.32,7.58,0
3,110,2023-01,4886,25.32,7.67,0
3,110,2023-02,5455,25.32,7.75,0
3,110,2023-03,5363,25.32,7.83,0
3,110,2023-04,6084,25.32,7.92,0
3,110,2023-05,5198,25.32,8.0,0
3,110,2023-06,6096,25.32,8.08,0
3,110,2023-07,5740,25.32,8.17,0
3,110,2023-08,5910,25.32,8.25,0
3,110,2023-09,6248,25.32,8.33,0
3,110,2023-10,5695,25.32,8.42,0
3,110,2023-11,5007,25.32,8.5,0
3,110,2023-12,5591,25.32,8.58,0
3,110,2024-01,5330,25.32,8.67,0
3,110,2024-02,5791,25.32,8.75,0
3,110,2024-03,5363,25.32,8.83,0
3,110,2024-04,4963,25.32,8.92,0
3,110,2024-05,6107,25.32,9.0,0
3,110,2024-06,5751,25.32,9.08,0
3,110,2024-07,5955,25.32,9.17,0
3,110,2024-08,5426,25.32,9.25,0
3,110,2024-09,5502,25.32,9.33,0
3,110,2024-10,5812,25.32,9.42,0
3,110,2024-11,5422,25.32,9.5,0
3,110,2024-12,5039,25.32,9.58,0
3,110,2025-01,7261,25.32,9.67,1
3,110,2025-02,8836,25.32,9.75,1
3,110,2025-03,6064,25.32,9.83,1
3,110,2025-04,6796,25.32,9.92,1
3,110,2025-05,4736,25.32,10.0,1
3,111,2022-06,5984,38.96,7.08,0
3,111,2022-07,6440,38.96,7.17,0
3,111,2022-08,7550,38.96,7.25,0
3,111,2022-09,6238,38.96,7.33,0
3,111,2022-10,6398,38.96,7.42,0
3,111,2022-11,6292,38.96,7.5,0
3,111,2022-12,6965,38.96,7.58,0
3,111,2023-01,5852,38.96,7.67,0
3,111,2023-02,6284,38.96,7.75,0
3,111,2023-03,6852,38.96,7.83,0
3,111,2023-04,6844,38.96,7.92,0
3,111,2023-05,6904,38.96,8.0,0
3,111,2023-06,7699,38.96,8.08,0
3,111,2023-07,6841,38.96,8.17,0
3,111,2023-08,8031,38.96,8.25,0
3,111,2023-09,6626,38.96,8.33,0
3,111,2023-10,6497,38.96,8.42,0
3,111,2023-11,6613,38.96,8.5,0
3,111,2023-12,7104,38.96,8.58,0
3,111,2024-01,7030,38.96,8.67,0
3,111,2024-02,6910,38.96,8.75,0
3,111,2024-03,6486,38.96,8.83,0
3,111,2024-04,6749,38.96,8.92,0
3,111,2024-05,7437,38.96,9.0,0
3,111,2024-06,7513,38.96,9.08,0
3,111,2024-07,6956,38.96,9.17,0
3,111,2024-08,8112,38.96,9.25,0
3,111,2024-09,7222,38.96,9.33,0
3,111,2024-10,7264,38.96,9.42,0
3,111,2024-11,6823,38.96,9.5,0
3,111,2024-12,7438,38.96,9.58,0
3,111,2025-01,8209,38.96,9.67,1
3,111,2025-02,10351,38.96,9.75,1
3,111,2025-03,7628,38.96,9.83,1
3,111,2025-04,6650,38.96,9.92,1
3,111,2025-05,10330,38.96,10.0,1
3,112,2022-06,4312,22.16,7.08,0
3,112,2022-07,5181,22.16,7.17,0
3,112,2022-08,4701,22.16,7.25,0
3,112,2022-09,4866,22.16,7.33,0
3,112,2022-10,4297,22.16,7.42,0
3,112,2022-11,4646,22.16,7.5,0
3,112,2022-12,4361,22.16,7.58,0
3,112,2023-01,4204,22.16,7.67,0
3,112,2023-02,4301,22.16,7.75,0
3,112,2023-03,5005,22.16,7.83,0
3,112,2023-04,5298,22.16,7.92,0
3,112,2023-05,5108,22.16,8.0,0
3,112,2023-06,4942,22.16,8.08,0
3,112,2023-07,4916,22.16,8.17,0
3,112,2023-08,5153,22.16,8.25,0
3,112,2023-09,5001,22.16,8.33,0
3,112,2023-10,4731,22.16,8.42,0
3,112,2023-11,5207,22.16,8.5,0
3,112,2023-12,5098,22.16,8.58,0
3,112,2024-01,4592,22.16,8.67,0
3,112,2024-02,4845,22.16,8.75,0
3,112,2024-03,5160,22.16,8.83,0
3,112,2024-04,4665,22.16,8.92,0
3,112,2024-05,4652,22.16,9.0,0
3,112,2024-06,4952,22.16,9.08,0
3,112,2024-07,5707,22.16,9.17,0
3,112,2024-08,5658,22.16,9.25,0
3,112,2024-09,4756,22.16,9.33,0
3,112,2024-10,4779,22.16,9.42,0
3,112,2024-11,4732,22.16,9.5,0
3,112,2024-12,4604,22.16,9.58,0
3,112,2025-01,6477,22.16,9.67,1
3,112,2025-02,6573,22.16,9.75,1
3,112,2025-03,2445,22.16,9.83,1
3,112,2025-04,6721,22.16,9.92,1
3,112,2025-05,7659,22.16,10.0,1
3,113,2022-06,4930,26.82,7.08,0
3,113,2022-07,5376,26.82,7.17,0
3,113,2022-08,5409,26.82,7.25,0
3,113,2022-09,4858,26.82,7.33,0
3,113,2022-10,5184,26.82,7.42,0
3,113,2022-11,4460,26.82,7.5,0
3,113,2022-12,4362,26.82,7.58,0
3,113,2023-01,4737,26.82,7.67,0
3,113,2023-02,4709,26.82,7.75,0
3,113,2023-03,5109,26.82,7.83,0
3,113,2023-04,4861,26.82,7.92,0
3,113,2023-05,4865,26.82,8.0,0
3,113,2023-06,5701,26.82,8.08,0
3,113,2023-07,5292,26.82,8.17,0
3,113,2023-08,5269,26.82,8.25,0
3,113,2023-09,4908,26.82,8.33,0
3,113,2023-10,5205,26.82,8.42,0
3,113,2023-11,5214,26.82,8.5,0
3,113,2023-12,5494,26.82,8.58,0
3,113,2024-01,4922,26.82,8.67,0
3,113,2024-02,5196,26.82,8.75,0
3,113,2024-03,5174,26.82,8.83,0
3,113,2024-04,5108,26.82,8.92,0
3,113,2024-05,5769,26.82,9.0,0
3,113,2024-06,5897,26.82,9.08,0
3,113,2024-07,5949,26.82,9.17,0
3,113,2024-08,5587,26.82,9.25,0
3,113,2024-09,5462,26.82,9.33,0
3,113,2024-10,5281,26.82,9.42,0
3,113,2024-11,4988,26.82,9.5,0
3,113,2024-12,5777,26.82,9.58,0
3,113,2025-01,5765,26.82,9.67,1
3,113,2025-02,5768,26.82,9.75,1
3,113,2025-03,3920,26.82,9.83,1
3,113,2025-04,8014,26.82,9.92,1
3,113,2025-05,8726,26.82,10.0,1
3,114,2022-06,3463,18.47,7.08,0
3,114,2022-07,3664,18.47,7.17,0
3,114,2022-08,3496,18.47,7.25,0
3,114,2022-09,3173,18.47,7.33,0
3,114,2022-10,3504,18.47,7.42,0
3,114,2022-11,3467,18.47,7.5,0
3,114,2022-12,3471,18.47,7.58,0
3,114,2023-01,3051,18.47,7.67,0
3,114,2023-02,3347,18.47,7.75,0
3,114,2023-03,3421,18.47,7.83,0
3,114,2023-04,3970,18.47,7.92,0
3,114,2023-05,3341,18.47,8.0,0
3,114,2023-06,3573,18.47,8.08,0
3,114,2023-07,4181,18.47,8.17,0
3,114,2023-08,3927,18.47,8.25,0
3,114,2023-09,3953,18.47,8.33,0
3,114,2023-10,3847,18.47,8.42,0
3,114,2023-11,3702,18.47,8.5,0
3,114,2023-12,3642,18.47,8.58,0
3,114,2024-01,3462,18.47,8.67,0
3,114,2024-02,3289,18.47,8.75,0
3,114,2024-03,3293,18.47,8.83,0
3,114,2024-04,3236,18.47,8.92,0
3,114,2024-05,3777,18.47,9.0,0
3,114,2024-06,3988,18.47,9.08,0
3,114,2024-07,4203,18.47,9.17,0
3,114,2024-08,4173,18.47,9.25,0
3,114,2024-09,3416,18.47,9.33,0
3,114,2024-10,3649,18.47,9.42,0
3,114,2024-11,3540,18.47,9.5,0
3,114,2024-12,3541,18.47,9.58,0
3,114,2025-01,4354,18.47,9.67,1
3,114,2025-02,3475,18.47,9.75,1
3,114,2025-03,3308,18.47,9.83,1
3,114,2025-04,6607,18.47,9.92,1
3,114,2025-05,4393,18.47,10.0,1
3,115,2022-06,3652,21.14,7.08,0
3,115,2022-07,3639,21.14,7.17,0
3,115,2022-08,3678,21.14,7.25,0
3,115,2022-09,3491,21.14,7.33,0
3,115,2022-10,3817,21.14,7.42,0
3,115,2022-11,3311,21.14,7.5,0
3,115,2022-12,3697,21.14,7.58,0
3,115,2023-01,3256,21.14,7.67,0
3,115,2023-02,3223,21.14,7.75,0
3,115,2023-03,3541,21.14,7.83,0
3,115,2023-04,3764,21.14,7.92,0
3,115,2023-05,3914,21.14,8.0,0
3,115,2023-06,4080,21.14,8.08,0
3,115,2023-07,4303,21.14,8.17,0
3,115,2023-08,4045,21.14,8.25,0
3,115,2023-09,3923,21.14,8.33,0
3,115,2023-10,3940,21.14,8.42,0
3,115,2023-11,3625,21.14,8.5,0
3,115,2023-12,3835,21.14,8.58,0
3,115,2024-01,3611,21.14,8.67,0
3,115,2024-02,3572,21.14,8.75,0
3,115,2024-03,3528,21.14,8.83,0
3,115,2024-04,3833,21.14,8.92,0
3,115,2024-05,3639,21.14,9.0,0
3,115,2024-06,4394,21.14,9.08,0
3,115,2024-07,3917,21.14,9.17,0
3,115,2024-08,3793,21.14,9.25,0
3,115,2024-09,4148,21.14,9.33,0
3,115,2024-10,4126,21.14,9.42,0
3,115,2024-11,3473,21.14,9.5,0
3,115,2024-12,3954,21.14,9.58,0
3,115,2025-01,5468,21.14,9.67,1
3,115,2025-02,5092,21.14,9.75,1
3,115,2025-03,3598,21.14,9.83,1
3,115,2025-04,7689,21.14,9.92,1
3,115,2025-05,2164,21.14,10.0,1
3,116,2022-06,1598,12.54,7.08,0
3,116,2022-07,1741,12.54,7.17,0
3,116,2022-08,1849,12.54,7.25,0
3,116,2022-09,1674,12.54,7.33,0
3,116,2022-10,1719,12.54,7.42,0
3,116,2022-11,1600,12.54,7.5,0
3,116,2022-12,1582,12.54,7.58,0
3,116,2023-01,1699,12.54,7.67,0
3,116,2023-02,1726,12.54,7.75,0
3,116,2023-03,1790,12.54,7.83,0
3,116,2023-04,1829,12.54,7.92,0
3,116,2023-05,1718,12.54,8.0,0
3,116,2023-06,1943,12.54,8.08,0
3,116,2023-07,2162,12.54,8.17,0
3,116,2023-08,1899,12.54,8.25,0
3,116,2023-09,1791,12.54,8.33,0
3,116,2023-10,1985,12.54,8.42,0
3,116,2023-11,1811,12.54,8.5,0
3,116,2023-12,1941,12.54,8.58,0
3,116,2024-01,1644,12.54,8.67,0
3,116,2024-02,1827,12.54,8.75,0
3,116,2024-03,1847,12.54,8.83,0
3,116,2024-04,1660,12.54,8.92,0
3,116,2024-05,2053,12.54,9.0,0
3,116,2024-06,2127,12.54,9.08,0
3,116,2024-07,1840,12.54,9.17,0
3,116,2024-08,1880,12.54,9.25,0
3,116,2024-09,1962,12.54,9.33,0
3,116,2024-10,1934,12.54,9.42,0
3,116,2024-11,1800,12.54,9.5,0
3,116,2024-12,1793,12.54,9.58,0
3,116,2025-01,2842,12.54,9.67,1
3,116,2025-02,2012,12.54,9.75,1
3,116,2025-03,1854,12.54,9.83,1
3,116,2025-04,4326,12.54,9.92,1
3,116,2025-05,479,12.54,10.0,1
3,117,2022-06,1671,10.19,6.08,0
3,117,2022-07,1806,10.19,6.17,0
3,117,2022-08,1833,10.19,6.25,0
3,117,2022-09,1873,10.19,6.33,0
3,117,2022-10,1601,10.19,6.42,0
3,117,2022-11,1480,10.19,6.5,0
3,117,2022-12,1510,10.19,6.58,0
3,117,2023-01,1453,10.19,6.67,0
3,117,2023-02,1564,10.19,6.75,0
3,117,2023-03,1640,10.19,6.83,0
3,117,2023-04,1933,10.19,6.92,0
3,117,2023-05,1905,10.19,7.0,0
3,117,2023-06,1863,10.19,7.08,0
3,117,2023-07,1947,10.19,7.17,0
3,117,2023-08,1972,10.19,7.25,0
3,117,2023-09,1877,10.19,7.33,0
3,117,2023-10,1772,10.19,7.42,0
3,117,2023-11,1795,10.19,7.5,0
3,117,2023-12,1532,10.19,7.58,0
3,117,2024-01,1603,10.19,7.67,0
3,117,2024-02,1621,10.19,7.75,0
3,117,2024-03,1626,10.19,7.83,0
3,117,2024-04,1544,10.19,7.92,0
3,117,2024-05,1822,10.19,8.0,0
3,117,2024-06,1717,10.19,8.08,0
3,117,2024-07,1858,10.19,8.17,0
3,117,2024-08,2059,10.19,8.25,0
3,117,2024-09,1970,10.19,8.33,0
3,117,2024-10,1908,10.19,8.42,0
3,117,2024-11,1878,10.19,8.5,0
3,117,2024-12,1838,10.19,8.58,0
3,117,2025-01,2173,10.19,8.67,1
3,117,2025-02,2183,10.19,8.75,1
3,117,2025-03,1390,10.19,8.83,1
3,117,2025-04,4001,10.19,8.92,1
3,117,2025-05,1470,10.19,9.0,1
3,118,2022-06,1264,11.04,6.08,0
3,118,2022-07,1471,11.04,6.17,0
3,118,2022-08,1422,11.04,6.25,0
3,118,2022-09,1224,11.04,6.33,0
3,118,2022-10,1393,11.04,6.42,0
3,118,2022-11,1311,11.04,6.5,0
3,118,2022-12,1320,11.04,6.58,0
3,118,2023-01,1146,11.04,6.67,0
3,118,2023-02,1328,11.04,6.75,0
3,118,2023-03,1361,11.04,6.83,0
3,118,2023-04,1442,11.04,6.92,0
3,118,2023-05,1494,11.04,7.0,0
3,118,2023-06,1518,11.04,7.08,0
3,118,2023-07,1398,11.04,7.17,0
3,118,2023-08,1600,11.04,7.25,0
3,118,2023-09,1416,11.04,7.33,0
3,118,2023-10,1221,11.04,7.42,0
3,118,2023-11,1264,11.04,7.5,0
3,118,2023-12,1436,11.04,7.58,0
3,118,2024-01,1356,11.04,7.67,0
3,118,2024-02,1298,11.04,7.75,0
3,118,2024-03,1408,11.04,7.83,0
3,118,2024-04,1459,11.04,7.92,0
3,118,2024-05,1505,11.04,8.0,0
3,118,2024-06,1564,11.04,8.08,0
3,118,2024-07,1538,11.04,8.17,0
3,118,2024-08,1614,11.04,8.25,0
3,118,2024-09,1360,11.04,8.33,0
3,118,2024-10,1302,11.04,8.42,0
3,118,2024-11,1276,11.04,8.5,0
3,118,2024-12,1388,11.04,8.58,0
3,118,2025-01,2118,11.04,8.67,1
3,118,2025-02,1625,11.04,8.75,1
3,118,2025-03,1688,11.04,8.83,1
3,118,2025-04,2624,11.04,8.92,1
3,118,2025-05,951,11.04,9.0,1
3,119,2022-06,557,4.05,6.08,0
3,119,2022-07,686,4.05,6.17,0
3,119,2022-08,648,4.05,6.25,0
3,119,2022-09,680,4.05,6.33,0
3,119,2022-10,583,4.05,6.42,0
3,119,2022-11,647,4.05,6.5,0
3,119,2022-12,610,4.05,6.58,0
3,119,2023-01,621,4.05,6.67,0
3,119,2023-02,586,4.05,6.75,0
3,119,2023-03,670,4.05,6.83,0
3,119,2023-04,593,4.05,6.92,0
3,119,2023-05,691,4.05,7.0,0
3,119,2023-06,666,4.05,7.08,0
3,119,2023-07,741,4.05,7.17,0
3,119,2023-08,732,4.05,7.25,0
3,119,2023-09,689,4.05,7.33,0
3,119,2023-10,691,4.05,7.42,0
3,119,2023-11,663,4.05,7.5,0
3,119,2023-12,671,4.05,7.58,0
3,119,2024-01,575,4.05,7.67,0
3,119,2024-02,582,4.05,7.75,0
3,119,2024-03,645,4.05,7.83,0
3,119,2024-04,648,4.05,7.92,0
3,119,2024-05,707,4.05,8.0,0
3,119,2024-06,740,4.05,8.08,0
3,119,2024-07,648,4.05,8.17,0
3,119,2024-08,705,4.05,8.25,0
3,119,2024-09,703,4.05,8.33,0
3,119,2024-10,622,4.05,8.42,0
3,119,2024-11,636,4.05,8.5,0
3,119,2024-12,717,4.05,8.58,0
3,119,2025-01,846,4.05,8.67,1
3,119,2025-02,436,4.05,8.75,1
3,119,2025-03,779,4.05,8.83,1
3,119,2025-04,1543,4.05,8.92,1
3,119,2025-05,554,4.05,9.0,1
3,120,2022-06,1889,12.55,6.08,0
3,120,2022-07,1979,12.55,6.17,0
3,120,2022-08,2262,12.55,6.25,0
3,120,2022-09,1992,12.55,6.33,0
3,120,2022-10,1991,12.55,6.42,0
3,120,2022-11,1937,12.55,6.5,0
3,120,2022-12,1827,12.55,6.58,0
3,120,2023-01,1898,12.55,6.67,0
3,120,2023-02,1878,12.55,6.75,0
3,120,2023-03,2152,12.55,6.83,0
3,120,2023-04,2147,12.55,6.92,0
3,120,2023-05,2116,12.55,7.0,0
3,120,2023-06,2501,12.55,7.08,0
3,120,2023-07,2323,12.55,7.17,0
3,120,2023-08,2518,12.55,7.25,0
3,120,2023-09,2397,12.55,7.33,0
3,120,2023-10,1960,12.55,7.42,0
3,120,2023-11,2115,12.55,7.5,0
3,120,2023-12,2244,12.55,7.58,0
3,120,2024-01,2074,12.55,7.67,0
3,120,2024-02,2108,12.55,7.75,0
3,120,2024-03,2197,12.55,7.83,0
3,120,2024-04,2036,12.55,7.92,0
3,120,2024-05,2105,12.55,8.0,0
3,120,2024-06,2358,12.55,8.08,0
3,120,2024-07,2342,12.55,8.17,0
3,120,2024-08,2414,12.55,8.25,0
3,120,2024-09,2470,12.55,8.33,0
3,120,2024-10,2131,12.55,8.42,0
3,120,2024-11,1999,12.55,8.5,0
3,120,2024-12,2201,12.55,8.58,0
3,120,2025-01,2471,12.55,8.67,1
3,120,2025-02,2024,12.55,8.75,1
3,120,2025-03,2696,12.55,8.83,1
3,120,2025-04,4676,12.55,8.92,1
3,120,2025-05,1996,12.55,9.0,1
3,121,2022-06,736,4.68,6.08,0
3,121,2022-07,771,4.68,6.17,0
3,121,2022-08,825,4.68,6.25,0
3,121,2022-09,752,4.68,6.33,0
3,121,2022-10,685,4.68,6.42,0
3,121,2022-11,678,4.68,6.5,0
3,121,2022-12,743,4.68,6.58,0
3,121,2023-01,645,4.68,6.67,0
3,121,2023-02,759,4.68,6.75,0
3,121,2023-03,791,4.68,6.83,0
3,121,2023-04,759,4.68,6.92,0
3,121,2023-05,856,4.68,7.0,0
3,121,2023-06,768,4.68,7.08,0
3,121,2023-07,831,4.68,7.17,0
3,121,2023-08,826,4.68,7.25,0
3,121,2023-09,837,4.68,7.33,0
3,121,2023-10,745,4.68,7.42,0
3,121,2023-11,680,4.68,7.5,0
3,121,2023-12,692,4.68,7.58,0
3,121,2024-01,787,4.68,7.67,0
3,121,2024-02,773,4.68,7.75,0
3,121,2024-03,695,4.68,7.83,0
3,121,2024-04,735,4.68,7.92,0
3,121,2024-05,722,4.68,8.0,0
3,121,2024-06,745,4.68,8.08,0
3,121,2024-07,885,4.68,8.17,0
3,121,2024-08,770,4.68,8.25,0
3,121,2024-09,838,4.68,8.33,0
3,121,2024-10,808,4.68,8.42,0
3,121,2024-11,847,4.68,8.5,0
3,121,2024-12,767,4.68,8.58,0
3,121,2025-01,652,4.68,8.67,1
3,121,2025-02,1007,4.68,8.75,1
3,121,2025-03,836,4.68,8.83,1
3,121,2025-04,1720,4.68,8.92,1
3,121,2025-05,758,4.68,9.0,1
3,369,2022-06,575,2.98,7.08,0
3,369,2022-07,686,2.98,7.17,0
3,369,2022-08,651,2.98,7.25,0
3,369,2022-09,635,2.98,7.33,0
3,369,2022-10,617,2.98,7.42,0
3,369,2022-11,590,2.98,7.5,0
3,369,2022-12,563,2.98,7.58,0
3,369,2023-01,528,2.98,7.67,0
3,369,2023-02,586,2.98,7.75,0
3,369,2023-03,593,2.98,7.83,0
3,369,2023-04,661,2.98,7.92,0
3,369,2023-05,725,2.98,8.0,0
3,369,2023-06,700,2.98,8.08,0
3,369,2023-07,692,2.98,8.17,0
3,369,2023-08,629,2.98,8.25,0
3,369,2023-09,619,2.98,8.33,0
3,369,2023-10,608,2.98,8.42,0
3,369,2023-11,689,2.98,8.5,0
3,369,2023-12,578,2.98,8.58,0
3,369,2024-01,666,2.98,8.67,0
3,369,2024-02,658,2.98,8.75,0
3,369,2024-03,599,2.98,8.83,0
3,369,2024-04,572,2.98,8.92,0
3,369,2024-05,688,2.98,9.0,0
3,369,2024-06,739,2.98,9.08,0
3,369,2024-07,759,2.98,9.17,0
3,369,2024-08,742,2.98,9.25,0
3,369,2024-09,623,2.98,9.33,0
3,369,2024-10,654,2.98,9.42,0
3,369,2024-11,679,2.98,9.5,0
3,369,2024-12,682,2.98,9.58,0
3,369,2025-01,740,2.98,9.67,1
3,369,2025-02,1030,2.98,9.75,1
3,369,2025-03,316,2.98,9.83,1
3,369,2025-04,1043,2.98,9.92,1
3,369,2025-05,787,2.98,10.0,1
3,370,2022-06,324,2.09,7.08,0
3,370,2022-07,335,2.09,7.17,0
3,370,2022-08,342,2.09,7.25,0
3,370,2022-09,337,2.09,7.33,0
3,370,2022-10,341,2.09,7.42,0
3,370,2022-11,351,2.09,7.5,0
3,370,2022-12,324,2.09,7.58,0
3,370,2023-01,340,2.09,7.67,0
3,370,2023-02,324,2.09,7.75,0
3,370,2023-03,372,2.09,7.83,0
3,370,2023-04,412,2.09,7.92,0
3,370,2023-05,399,2.09,8.0,0
3,370,2023-06,360,2.09,8.08,0
3,370,2023-07,429,2.09,8.17,0
3,370,2023-08,421,2.09,8.25,0
3,370,2023-09,380,2.09,8.33,0
3,370,2023-10,364,2.09,8.42,0
3,370,2023-11,392,2.09,8.5,0
3,370,2023-12,336,2.09,8.58,0
3,370,2024-01,346,2.09,8.67,0
3,370,2024-02,366,2.09,8.75,0
3,370,2024-03,357,2.09,8.83,0
3,370,2024-04,345,2.09,8.92,0
3,370,2024-05,366,2.09,9.0,0
3,370,2024-06,403,2.09,9.08,0
3,370,2024-07,379,2.09,9.17,0
3,370,2024-08,380,2.09,9.25,0
3,370,2024-09,399,2.09,9.33,0
3,370,2024-10,407,2.09,9.42,0
3,370,2024-11,375,2.09,9.5,0
3,370,2024-12,372,2.09,9.58,0
3,370,2025-01,707,2.09,9.67,1
3,370,2025-02,298,2.09,9.75,1
3,370,2025-03,120,2.09,9.83,1
3,370,2025-04,690,2.09,9.92,1
3,370,2025-05,503,2.09,10.0,1
4,122,2022-06,2001,13.04,7.08,0
4,122,2022-07,1889,13.04,7.17,0
4,122,2022-08,2127,13.04,7.25,0
4,122,2022-09,2054,13.04,7.33,0
4,122,2022-10,1971,13.04,7.42,0
4,122,2022-11,1737,13.04,7.5,0
4,122,2022-12,1963,13.04,7.58,0
4,122,2023-01,1650,13.04,7.67,0
4,122,2023-02,1843,13.04,7.75,0
4,122,2023-03,1815,13.04,7.83,0
4,122,2023-04,2177,13.04,7.92,0
4,122,2023-05,1986,13.04,8.0,0
4,122,2023-06,2027,13.04,8.08,0
4,122,2023-07,2154,13.04,8.17,0
4,122,2023-08,2212,13.04,8.25,0
4,122,2023-09,2161,13.04,8.33,0
4,122,2023-10,1940,13.04,8.42,0
4,122,2023-11,2096,13.04,8.5,0
4,122,2023-12,1963,13.04,8.58,0
4,122,2024-01,1848,13.04,8.67,0
4,122,2024-02,1777,13.04,8.75,0
4,122,2024-03,1959,13.04,8.83,0
4,122,2024-04,1764,13.04,8.92,0
4,122,2024-05,1964,13.04,9.0,0
4,122,2024-06,2198,13.04,9.08,0
4,122,2024-07,2243,13.04,9.17,0
4,122,2024-08,2030,13.04,9.25,0
4,122,2024-09,1966,13.04,9.33,0
4,122,2024-10,2087,13.04,9.42,0
4,122,2024-11,2101,13.04,9.5,0
4,122,2024-12,2181,13.04,9.58,0
4,122,2025-01,2871,13.04,9.67,1
4,122,2025-02,2333,13.04,9.75,1
4,122,2025-03,1664,13.04,9.83,1
4,122,2025-04,2731,13.04,9.92,1
4,122,2025-05,2777,13.04,10.0,1
4,123,2022-06,1890,10.58,7.08,0
4,123,2022-07,1796,10.58,7.17,0
4,123,2022-08,1775,10.58,7.25,0
4,123,2022-09,1640,10.58,7.33,0
4,123,2022-10,1738,10.58,7.42,0
4,123,2022-11,1666,10.58,7.5,0
4,123,2022-12,1821,10.58,7.58,0
4,123,2023-01,1561,10.58,7.67,0
4,123,2023-02,1832,10.58,7.75,0
4,123,2023-03,1824,10.58,7.83,0
4,123,2023-04,1972,10.58,7.92,0
4,123,2023-05,1929,10.58,8.0,0
4,123,2023-06,1980,10.58,8.08,0
4,123,2023-07,2007,10.58,8.17,0
4,123,2023-08,2038,10.58,8.25,0
4,123,2023-09,1819,10.58,8.33,0
4,123,2023-10,1802,10.58,8.42,0
4,123,2023-11,1869,10.58,8.5,0
4,123,2023-12,1933,10.58,8.58,0
4,123,2024-01,1628,10.58,8.67,0
4,123,2024-02,1769,10.58,8.75,0
4,123,2024-03,1877,10.58,8.83,0
4,123,2024-04,1969,10.58,8.92,0
4,123,2024-05,2014,10.58,9.0,0
4,123,2024-06,1980,10.58,9.08,0
4,123,2024-07,1902,10.58,9.17,0
4,123,2024-08,1942,10.58,9.25,0
4,123,2024-09,2000,10.58,9.33,0
4,123,2024-10,1772,10.58,9.42,0
4,123,2024-11,1932,10.58,9.5,0
4,123,2024-12,1832,10.58,9.58,0
4,123,2025-01,1546,10.58,9.67,1
4,123,2025-02,2140,10.58,9.75,1
4,123,2025-03,1746,10.58,9.83,1
4,123,2025-04,2353,10.58,9.92,1
4,123,2025-05,3543,10.58,10.0,1
4,124,2022-06,1717,10.85,6.08,0
4,124,2022-07,1932,10.85,6.17,0
4,124,2022-08,1884,10.85,6.25,0
4,124,2022-09,1907,10.85,6.33,0
4,124,2022-10,1761,10.85,6.42,0
4,124,2022-11,1827,10.85,6.5,0
4,124,2022-12,1769,10.85,6.58,0
4,124,2023-01,1845,10.85,6.67,0
4,124,2023-02,1740,10.85,6.75,0
4,124,2023-03,1835,10.85,6.83,0
4,124,2023-04,1923,10.85,6.92,0
4,124,2023-05,1866,10.85,7.0,0
4,124,2023-06,1917,10.85,7.08,0
4,124,2023-07,2131,10.85,7.17,0
4,124,2023-08,2219,10.85,7.25,0
4,124,2023-09,2196,10.85,7.33,0
4,124,2023-10,2059,10.85,7.42,0
4,124,2023-11,2027,10.85,7.5,0
4,124,2023-12,1807,10.85,7.58,0
4,124,2024-01,2084,10.85,7.67,0
4,124,2024-02,1965,10.85,7.75,0
4,124,2024-03,1793,10.85,7.83,0
4,124,2024-04,1903,10.85,7.92,0
4,124,2024-05,2104,10.85,8.0,0
4,124,2024-06,2105,10.85,8.08,0
4,124,2024-07,2297,10.85,8.17,0
4,124,2024-08,2263,10.85,8.25,0
4,124,2024-09,2118,10.85,8.33,0
4,124,2024-10,2105,10.85,8.42,0
4,124,2024-11,1803,10.85,8.5,0
4,124,2024-12,2173,10.85,8.58,0
4,124,2025-01,1278,10.85,8.67,1
4,124,2025-02,1854,10.85,8.75,1
4,124,2025-03,2149,10.85,8.83,1
4,124,2025-04,3631,10.85,8.92,1
4,124,2025-05,3517,10.85,9.0,1
4,125,2022-06,1712,6.64,7.08,0
4,125,2022-07,1601,6.64,7.17,0
4,125,2022-08,1679,6.64,7.25,0
4,125,2022-09,1712,6.64,7.33,0
4,125,2022-10,1709,6.64,7.42,0
4,125,2022-11,1697,6.64,7.5,0
4,125,2022-12,1607,6.64,7.58,0
4,125,2023-01,1405,6.64,7.67,0
4,125,2023-02,1585,6.64,7.75,0
4,125,2023-03,1604,6.64,7.83,0
4,125,2023-04,1873,6.64,7.92,0
4,125,2023-05,1762,6.64,8.0,0
4,125,2023-06,1891,6.64,8.08,0
4,125,2023-07,1990,6.64,8.17,0
4,125,2023-08,1877,6.64,8.25,0
4,125,2023-09,1735,6.64,8.33,0
4,125,2023-10,1587,6.64,8.42,0
4,125,2023-11,1659,6.64,8.5,0
4,125,2023-12,1529,6.64,8.58,0
4,125,2024-01,1604,6.64,8.67,0
4,125,2024-02,1818,6.64,8.75,0
4,125,2024-03,1685,6.64,8.83,0
4,125,2024-04,1564,6.64,8.92,0
4,125,2024-05,1630,6.64,9.0,0
4,125,2024-06,1929,6.64,9.08,0
4,125,2024-07,1845,6.64,9.17,0
4,125,2024-08,1970,6.64,9.25,0
4,125,2024-09,1978,6.64,9.33,0
4,125,2024-10,1910,6.64,9.42,0
4,125,2024-11,1779,6.64,9.5,0
4,125,2024-12,1826,6.64,9.58,0
4,125,2025-01,1140,6.64,9.67,1
4,125,2025-02,1352,6.64,9.75,1
4,125,2025-03,1380,6.64,9.83,1
4,125,2025-04,3377,6.64,9.92,1
4,125,2025-05,3026,6.64,10.0,1
4,126,2022-06,1074,6.22,7.08,0
4,126,2022-07,1136,6.22,7.17,0
4,126,2022-08,1078,6.22,7.25,0
4,126,2022-09,1212,6.22,7.33,0
4,126,2022-10,1132,6.22,7.42,0
4,126,2022-11,1030,6.22,7.5,0
4,126,2022-12,1007,6.22,7.58,0
4,126,2023-01,1089,6.22,7.67,0
4,126,2023-02,1153,6.22,7.75,0
4,126,2023-03,1139,6.22,7.83,0
4,126,2023-04,1087,6.22,7.92,0
4,126,2023-05,1135,6.22,8.0,0
4,126,2023-06,1286,6.22,8.08,0
4,126,2023-07,1340,6.22,8.17,0
4,126,2023-08,1226,6.22,8.25,0
4,126,2023-09,1224,6.22,8.33,0
4,126,2023-10,1064,6.22,8.42,0
4,126,2023-11,1179,6.22,8.5,0
4,126,2023-12,1218,6.22,8.58,0
4,126,2024-01,1184,6.22,8.67,0
4,126,2024-02,1105,6.22,8.75,0
4,126,2024-03,1223,6.22,8.83,0
4,126,2024-04,1105,6.22,8.92,0
4,126,2024-05,1187,6.22,9.0,0
4,126,2024-06,1320,6.22,9.08,0
4,126,2024-07,1346,6.22,9.17,0
4,126,2024-08,1270,6.22,9.25,0
4,126,2024-09,1239,6.22,9.33,0
4,126,2024-10,1140,6.22,9.42,0
4,126,2024-11,1113,6.22,9.5,0
4,126,2024-12,1153,6.22,9.58,0
4,126,2025-01,1113,6.22,9.67,1
4,126,2025-02,632,6.22,9.75,1
4,126,2025-03,1126,6.22,9.83,1
4,126,2025-04,2017,6.22,9.92,1
4,126,2025-05,2260,6.22,10.0,1
4,127,2022-06,624,3.06,7.08,0
4,127,2022-07,665,3.06,7.17,0
4,127,2022-08,766,3.06,7.25,0
4,127,2022-09,692,3.06,7.33,0
4,127,2022-10,654,3.06,7.42,0
4,127,2022-11,615,3.06,7.5,0
4,127,2022-12,660,3.06,7.58,0
4,127,2023-01,589,3.06,7.67,0
4,127,2023-02,670,3.06,7.75,0
4,127,2023-03,718,3.06,7.83,0
4,127,2023-04,690,3.06,7.92,0
4,127,2023-05,729,3.06,8.0,0
4,127,2023-06,701,3.06,8.08,0
4,127,2023-07,780,3.06,8.17,0
4,127,2023-08,772,3.06,8.25,0
4,127,2023-09,710,3.06,8.33,0
4,127,2023-10,665,3.06,8.42,0
4,127,2023-11,747,3.06,8.5,0
4,127,2023-12,714,3.06,8.58,0
4,127,2024-01,653,3.06,8.67,0
4,127,2024-02,692,3.06,8.75,0
4,127,2024-03,631,3.06,8.83,0
4,127,2024-04,706,3.06,8.92,0
4,127,2024-05,756,3.06,9.0,0
4,127,2024-06,675,3.06,9.08,0
4,127,2024-07,728,3.06,9.17,0
4,127,2024-08,796,3.06,9.25,0
4,127,2024-09,755,3.06,9.33,0
4,127,2024-10,743,3.06,9.42,0
4,127,2024-11,654,3.06,9.5,0
4,127,2024-12,773,3.06,9.58,0
4,127,2025-01,490,3.06,9.67,1
4,127,2025-02,461,3.06,9.75,1
4,127,2025-03,669,3.06,9.83,1
4,127,2025-04,1857,3.06,9.92,1
4,127,2025-05,740,3.06,10.0,1
4,128,2022-06,7469,30.24,7.08,0
4,128,2022-07,6771,30.24,7.17,0
4,128,2022-08,7577,30.24,7.25,0
4,128,2022-09,6612,30.24,7.33,0
4,128,2022-10,7316,30.24,7.42,0
4,128,2022-11,6189,30.24,7.5,0
4,128,2022-12,7094,30.24,7.58,0
4,128,2023-01,6828,30.24,7.67,0
4,128,2023-02,6136,30.24,7.75,0
4,128,2023-03,6818,30.24,7.83,0
4,128,2023-04,7537,30.24,7.92,0
4,128,2023-05,6989,30.24,8.0,0
4,128,2023-06,8129,30.24,8.08,0
4,128,2023-07,7284,30.24,8.17,0
4,128,2023-08,7603,30.24,8.25,0
4,128,2023-09,8044,30.24,8.33,0
4,128,2023-10,6660,30.24,8.42,0
4,128,2023-11,7615,30.24,8.5,0
4,128,2023-12,7430,30.24,8.58,0
4,128,2024-01,6595,30.24,8.67,0
4,128,2024-02,7175,30.24,8.75,0
4,128,2024-03,7315,30.24,8.83,0
4,128,2024-04,7439,30.24,8.92,0
4,128,2024-05,7288,30.24,9.0,0
4,128,2024-06,7857,30.24,9.08,0
4,128,2024-07,8770,30.24,9.17,0
4,128,2024-08,8533,30.24,9.25,0
4,128,2024-09,8135,30.24,9.33,0
4,128,2024-10,7303,30.24,9.42,0
4,128,2024-11,7811,30.24,9.5,0
4,128,2024-12,7194,30.24,9.58,0
4,128,2025-01,8155,30.24,9.67,1
4,128,2025-02,8726,30.24,9.75,1
4,128,2025-03,8052,30.24,9.83,1
4,128,2025-04,9952,30.24,9.92,1
4,128,2025-05,9386,30.24,10.0,1
4,129,2022-06,4734,22.82,7.08,0
4,129,2022-07,5546,22.82,7.17,0
4,129,2022-08,5052,22.82,7.25,0
4,129,2022-09,4657,22.82,7.33,0
4,129,2022-10,5333,22.82,7.42,0
4,129,2022-11,5190,22.82,7.5,0
4,129,2022-12,4528,22.82,7.58,0
4,129,2023-01,4804,22.82,7.67,0
4,129,2023-02,5029,22.82,7.75,0
4,129,2023-03,5434,22.82,7.83,0
4,129,2023-04,5617,22.82,7.92,0
4,129,2023-05,5524,22.82,8.0,0
4,129,2023-06,5844,22.82,8.08,0
4,129,2023-07,5596,22.82,8.17,0
4,129,2023-08,5783,22.82,8.25,0
4,129,2023-09,4935,22.82,8.33,0
4,129,2023-10,5511,22.82,8.42,0
4,129,2023-11,4600,22.82,8.5,0
4,129,2023-12,4952,22.82,8.58,0
4,129,2024-01,5264,22.82,8.67,0
4,129,2024-02,5115,22.82,8.75,0
4,129,2024-03,5110,22.82,8.83,0
4,129,2024-04,5134,22.82,8.92,0
4,129,2024-05,5546,22.82,9.0,0
4,129,2024-06,5103,22.82,9.08,0
4,129,2024-07,6143,22.82,9.17,0
4,129,2024-08,5487,22.82,9.25,0
4,129,2024-09,5563,22.82,9.33,0
4,129,2024-10,5472,22.82,9.42,0
4,129,2024-11,5563,22.82,9.5,0
4,129,2024-12,5415,22.82,9.58,0
4,129,2025-01,4962,22.82,9.67,1
4,129,2025-02,6885,22.82,9.75,1
4,129,2025-03,6199,22.82,9.83,1
4,129,2025-04,8010,22.82,9.92,1
4,129,2025-05,5337,22.82,10.0,1
4,130,2022-06,7222,31.76,7.08,0
4,130,2022-07,7273,31.76,7.17,0
4,130,2022-08,7398,31.76,7.25,0
4,130,2022-09,6487,31.76,7.33,0
4,130,2022-10,6686,31.76,7.42,0
4,130,2022-11,6980,31.76,7.5,0
4,130,2022-12,6780,31.76,7.58,0
4,130,2023-01,6956,31.76,7.67,0
4,130,2023-02,6706,31.76,7.75,0
4,130,2023-03,7160,31.76,7.83,0
4,130,2023-04,7615,31.76,7.92,0
4,130,2023-05,7140,31.76,8.0,0
4,130,2023-06,7081,31.76,8.08,0
4,130,2023-07,7134,31.76,8.17,0
4,130,2023-08,7170,31.76,8.25,0
4,130,2023-09,7345,31.76,8.33,0
4,130,2023-10,6910,31.76,8.42,0
4,130,2023-11,6625,31.76,8.5,0
4,130,2023-12,7330,31.76,8.58,0
4,130,2024-01,6301,31.76,8.67,0
4,130,2024-02,6310,31.76,8.75,0
4,130,2024-03,7089,31.76,8.83,0
4,130,2024-04,6567,31.76,8.92,0
4,130,2024-05,7802,31.76,9.0,0
4,130,2024-06,8080,31.76,9.08,0
4,130,2024-07,8250,31.76,9.17,0
4,130,2024-08,7808,31.76,9.25,0
4,130,2024-09,6889,31.76,9.33,0
4,130,2024-10,7564,31.76,9.42,0
4,130,2024-11,6915,31.76,9.5,0
4,130,2024-12,6912,31.76,9.58,0
4,130,2025-01,5434,31.76,9.67,1
4,130,2025-02,11763,31.76,9.75,1
4,130,2025-03,6526,31.76,9.83,1
4,130,2025-04,11623,31.76,9.92,1
4,130,2025-05,7719,31.76,10.0,1
4,131,2022-06,7380,31.69,7.08,0
4,131,2022-07,7155,31.69,7.17,0
4,131,2022-08,7123,31.69,7.25,0
4,131,2022-09,7421,31.69,7.33,0
4,131,2022-10,7226,31.69,7.42,0
4,131,2022-11,6277,31.69,7.5,0
4,131,2022-12,5977,31.69,7.58,0
4,131,2023-01,6216,31.69,7.67,0
4,131,2023-02,6106,31.69,7.75,0
4,131,2023-03,7157,31.69,7.83,0
4,131,2023-04,7921,31.69,7.92,0
4,131,2023-05,8069,31.69,8.0,0
4,131,2023-06,7962,31.69,8.08,0
4,131,2023-07,8172,31.69,8.17,0
4,131,2023-08,8407,31.69,8.25,0
4,131,2023-09,7440,31.69,8.33,0
4,131,2023-10,7671,31.69,8.42,0
4,131,2023-11,7085,31.69,8.5,0
4,131,2023-12,6812,31.69,8.58,0
4,131,2024-01,7285,31.69,8.67,0
4,131,2024-02,7235,31.69,8.75,0
4,131,2024-03,7719,31.69,8.83,0
4,131,2024-04,7679,31.69,8.92,0
4,131,2024-05,7974,31.69,9.0,0
4,131,2024-06,8089,31.69,9.08,0
4,131,2024-07,8626,31.69,9.17,0
4,131,2024-08,8126,31.69,9.25,0
4,131,2024-09,7101,31.69,9.33,0
4,131,2024-10,7927,31.69,9.42,0
4,131,2024-11,7054,31.69,9.5,0
4,131,2024-12,6832,31.69,9.58,0
4,131,2025-01,9421,31.69,9.67,1
4,131,2025-02,10666,31.69,9.75,1
4,131,2025-03,4356,31.69,9.83,1
4,131,2025-04,12053,31.69,9.92,1
4,131,2025-05,6980,31.69,10.0,1
4,132,2022-06,7288,34.05,7.08,0
4,132,2022-07,7824,34.05,7.17,0
4,132,2022-08,6619,34.05,7.25,0
4,132,2022-09,7582,34.05,7.33,0
4,132,2022-10,6503,34.05,7.42,0
4,132,2022-11,6739,34.05,7.5,0
4,132,2022-12,7320,34.05,7.58,0
4,132,2023-01,6743,34.05,7.67,0
4,132,2023-02,7108,34.05,7.75,0
4,132,2023-03,6429,34.05,7.83,0
4,132,2023-04,8086,34.05,7.92,0
4,132,2023-05,6885,34.05,8.0,0
4,132,2023-06,8085,34.05,8.08,0
4,132,2023-07,8010,34.05,8.17,0
4,132,2023-08,8216,34.05,8.25,0
4,132,2023-09,7952,34.05,8.33,0
4,132,2023-10,7183,34.05,8.42,0
4,132,2023-11,7443,34.05,8.5,0
4,132,2023-12,7162,34.05,8.58,0
4,132,2024-01,7031,34.05,8.67,0
4,132,2024-02,7470,34.05,8.75,0
4,132,2024-03,7149,34.05,8.83,0
4,132,2024-04,7374,34.05,8.92,0
4,132,2024-05,7184,34.05,9.0,0
4,132,2024-06,7960,34.05,9.08,0
4,132,2024-07,8125,34.05,9.17,0
4,132,2024-08,8491,34.05,9.25,0
4,132,2024-09,7540,34.05,9.33,0
4,132,2024-10,7016,34.05,9.42,0
4,132,2024-11,6879,34.05,9.5,0
4,132,2024-12,6997,34.05,9.58,0
4,132,2025-01,9991,34.05,9.67,1
4,132,2025-02,12030,34.05,9.75,1
4,132,2025-03,7048,34.05,9.83,1
4,132,2025-04,11852,34.05,9.92,1
4,132,2025-05,3483,34.05,10.0,1
4,133,2022-06,8079,27.44,7.08,0
4,133,2022-07,8765,27.44,7.17,0
4,133,2022-08,8119,27.44,7.25,0
4,133,2022-09,8584,27.44,7.33,0
4,133,2022-10,8573,27.44,7.42,0
4,133,2022-11,7745,27.44,7.5,0
4,133,2022-12,7721,27.44,7.58,0
4,133,2023-01,8108,27.44,7.67,0
4,133,2023-02,7330,27.44,7.75,0
4,133,2023-03,8793,27.44,7.83,0
4,133,2023-04,8843,27.44,7.92,0
4,133,2023-05,8509,27.44,8.0,0
4,133,2023-06,9054,27.44,8.08,0
4,133,2023-07,9494,27.44,8.17,0
4,133,2023-08,9960,27.44,8.25,0
4,133,2023-09,9204,27.44,8.33,0
4,133,2023-10,9153,27.44,8.42,0
4,133,2023-11,8261,27.44,8.5,0
4,133,2023-12,7746,27.44,8.58,0
4,133,2024-01,8169,27.44,8.67,0
4,133,2024-02,9094,27.44,8.75,0
4,133,2024-03,8963,27.44,8.83,0
4,133,2024-04,8364,27.44,8.92,0
4,133,2024-05,8566,27.44,9.0,0
4,133,2024-06,9289,27.44,9.08,0
4,133,2024-07,9291,27.44,9.17,0
4,133,2024-08,8810,27.44,9.25,0
4,133,2024-09,8650,27.44,9.33,0
4,133,2024-10,8588,27.44,9.42,0
4,133,2024-11,9154,27.44,9.5,0
4,133,2024-12,8197,27.44,9.58,0
4,133,2025-01,8683,27.44,9.67,1
4,133,2025-02,13025,27.44,9.75,1
4,133,2025-03,8675,27.44,9.83,1
4,133,2025-04,13263,27.44,9.92,1
4,133,2025-05,6782,27.44,10.0,1
4,134,2022-06,6851,35.89,7.08,0
4,134,2022-07,7113,35.89,7.17,0
4,134,2022-08,8190,35.89,7.25,0
4,134,2022-09,8261,35.89,7.33,0
4,134,2022-10,7247,35.89,7.42,0
4,134,2022-11,7515,35.89,7.5,0
4,134,2022-12,7615,35.89,7.58,0
4,134,2023-01,7251,35.89,7.67,0
4,134,2023-02,7259,35.89,7.75,0
4,134,2023-03,7933,35.89,7.83,0
4,134,2023-04,8440,35.89,7.92,0
4,134,2023-05,8394,35.89,8.0,0
4,134,2023-06,8838,35.89,8.08,0
4,134,2023-07,8788,35.89,8.17,0
4,134,2023-08,8150,35.89,8.25,0
4,134,2023-09,8330,35.89,8.33,0
4,134,2023-10,7474,35.89,8.42,0
4,134,2023-11,7930,35.89,8.5,0
4,134,2023-12,7525,35.89,8.58,0
4,134,2024-01,7941,35.89,8.67,0
4,134,2024-02,7783,35.89,8.75,0
4,134,2024-03,8077,35.89,8.83,0
4,134,2024-04,8174,35.89,8.92,0
4,134,2024-05,8773,35.89,9.0,0
4,134,2024-06,8012,35.89,9.08,0
4,134,2024-07,9036,35.89,9.17,0
4,134,2024-08,8911,35.89,9.25,0
4,134,2024-09,9171,35.89,9.33,0
4,134,2024-10,7624,35.89,9.42,0
4,134,2024-11,7393,35.89,9.5,0
4,134,2024-12,8106,35.89,9.58,0
4,134,2025-01,11071,35.89,9.67,1
4,134,2025-02,6453,35.89,9.75,1
4,134,2025-03,10130,35.89,9.83,1
4,134,2025-04,8146,35.89,9.92,1
4,134,2025-05,12536,35.89,10.0,1
4,135,2022-06,5610,27.26,7.08,0
4,135,2022-07,6219,27.26,7.17,0
4,135,2022-08,5623,27.26,7.25,0
4,135,2022-09,5376,27.26,7.33,0
4,135,2022-10,5751,27.26,7.42,0
4,135,2022-11,5685,27.26,7.5,0
4,135,2022-12,5783,27.26,7.58,0
4,135,2023-01,5140,27.26,7.67,0
4,135,2023-02,4872,27.26,7.75,0
4,135,2023-03,5939,27.26,7.83,0
4,135,2023-04,5891,27.26,7.92,0
4,135,2023-05,6110,27.26,8.0,0
4,135,2023-06,6193,27.26,8.08,0
4,135,2023-07,6769,27.26,8.17,0
4,135,2023-08,6632,27.26,8.25,0
4,135,2023-09,6434,27.26,8.33,0
4,135,2023-10,5670,27.26,8.42,0
4,135,2023-11,5747,27.26,8.5,0
4,135,2023-12,5479,27.26,8.58,0
4,135,2024-01,6255,27.26,8.67,0
4,135,2024-02,6220,27.26,8.75,0
4,135,2024-03,5979,27.26,8.83,0
4,135,2024-04,6039,27.26,8.92,0
4,135,2024-05,5643,27.26,9.0,0
4,135,2024-06,5970,27.26,9.08,0
4,135,2024-07,5858,27.26,9.17,0
4,135,2024-08,6133,27.26,9.25,0
4,135,2024-09,6234,27.26,9.33,0
4,135,2024-10,5556,27.26,9.42,0
4,135,2024-11,5415,27.26,9.5,0
4,135,2024-12,6373,27.26,9.58,0
4,135,2025-01,8869,27.26,9.67,1
4,135,2025-02,9352,27.26,9.75,1
4,135,2025-03,4914,27.26,9.83,1
4,135,2025-04,6265,27.26,9.92,1
4,135,2025-05,6334,27.26,10.0,1
4,136,2022-06,5487,32.35,7.08,0
4,136,2022-07,5857,32.35,7.17,0
4,136,2022-08,6682,32.35,7.25,0
4,136,2022-09,6373,32.35,7.33,0
4,136,2022-10,6519,32.35,7.42,0
4,136,2022-11,5778,32.35,7.5,0
4,136,2022-12,6213,32.35,7.58,0
4,136,2023-01,6107,32.35,7.67,0
4,136,2023-02,5582,32.35,7.75,0
4,136,2023-03,6501,32.35,7.83,0
4,136,2023-04,6478,32.35,7.92,0
4,136,2023-05,6050,32.35,8.0,0
4,136,2023-06,6536,32.35,8.08,0
4,136,2023-07,6922,32.35,8.17,0
4,136,2023-08,6231,32.35,8.25,0
4,136,2023-09,6237,32.35,8.33,0
4,136,2023-10,6605,32.35,8.42,0
4,136,2023-11,5919,32.35,8.5,0
4,136,2023-12,6496,32.35,8.58,0
4,136,2024-01,6154,32.35,8.67,0
4,136,2024-02,6649,32.35,8.75,0
4,136,2024-03,6482,32.35,8.83,0
4,136,2024-04,6554,32.35,8.92,0
4,136,2024-05,6436,32.35,9.0,0
4,136,2024-06,7179,32.35,9.08,0
4,136,2024-07,6829,32.35,9.17,0
4,136,2024-08,6575,32.35,9.25,0
4,136,2024-09,6537,32.35,9.33,0
4,136,2024-10,6922,32.35,9.42,0
4,136,2024-11,6211,32.35,9.5,0
4,136,2024-12,6455,32.35,9.58,0
4,136,2025-01,8636,32.35,9.67,1
4,136,2025-02,10418,32.35,9.75,1
4,136,2025-03,3787,32.35,9.83,1
4,136,2025-04,10741,32.35,9.92,1
4,136,2025-05,5652,32.35,10.0,1
4,137,2022-06,5172,29.68,7.08,0
4,137,2022-07,4941,29.68,7.17,0
4,137,2022-08,5778,29.68,7.25,0
4,137,2022-09,4981,29.68,7.33,0
4,137,2022-10,4976,29.68,7.42,0
4,137,2022-11,5595,29.68,7.5,0
4,137,2022-12,5213,29.68,7.58,0
4,137,2023-01,4531,29.68,7.67,0
4,137,2023-02,4725,29.68,7.75,0
4,137,2023-03,5378,29.68,7.83,0
4,137,2023-04,6072,29.68,7.92,0
4,137,2023-05,6057,29.68,8.0,0
4,137,2023-06,5791,29.68,8.08,0
4,137,2023-07,6311,29.68,8.17,0
4,137,2023-08,5713,29.68,8.25,0
4,137,2023-09,5286,29.68,8.33,0
4,137,2023-10,5442,29.68,8.42,0
4,137,2023-11,5564,29.68,8.5,0
4,137,2023-12,5365,29.68,8.58,0
4,137,2024-01,5525,29.68,8.67,0
4,137,2024-02,5794,29.68,8.75,0
4,137,2024-03,5128,29.68,8.83,0
4,137,2024-04,5588,29.68,8.92,0
4,137,2024-05,5312,29.68,9.0,0
4,137,2024-06,6281,29.68,9.08,0
4,137,2024-07,6318,29.68,9.17,0
4,137,2024-08,5590,29.68,9.25,0
4,137,2024-09,5247,29.68,9.33,0
4,137,2024-10,5651,29.68,9.42,0
4,137,2024-11,5550,29.68,9.5,0
4,137,2024-12,6003,29.68,9.58,0
4,137,2025-01,9253,29.68,9.67,1
4,137,2025-02,10226,29.68,9.75,1
4,137,2025-03,3994,29.68,9.83,1
4,137,2025-04,8849,29.68,9.92,1
4,137,2025-05,1688,29.68,10.0,1
4,138,2022-06,6796,38.25,7.08,0
4,138,2022-07,8021,38.25,7.17,0
4,138,2022-08,8112,38.25,7.25,0
4,138,2022-09,7610,38.25,7.33,0
4,138,2022-10,7273,38.25,7.42,0
4,138,2022-11,6578,38.25,7.5,0
4,138,2022-12,6670,38.25,7.58,0
4,138,2023-01,6173,38.25,7.67,0
4,138,2023-02,6580,38.25,7.75,0
4,138,2023-03,7928,38.25,7.83,0
4,138,2023-04,7772,38.25,7.92,0
4,138,2023-05,7490,38.25,8.0,0
4,138,2023-06,7966,38.25,8.08,0
4,138,2023-07,8010,38.25,8.17,0
4,138,2023-08,8675,38.25,8.25,0
4,138,2023-09,7804,38.25,8.33,0
4,138,2023-10,7079,38.25,8.42,0
4,138,2023-11,7865,38.25,8.5,0
4,138,2023-12,7652,38.25,8.58,0
4,138,2024-01,7640,38.25,8.67,0
4,138,2024-02,6956,38.25,8.75,0
4,138,2024-03,7931,38.25,8.83,0
4,138,2024-04,7244,38.25,8.92,0
4,138,2024-05,7054,38.25,9.0,0
4,138,2024-06,7501,38.25,9.08,0
4,138,2024-07,8269,38.25,9.17,0
4,138,2024-08,8244,38.25,9.25,0
4,138,2024-09,7303,38.25,9.33,0
4,138,2024-10,8075,38.25,9.42,0
4,138,2024-11,7636,38.25,9.5,0
4,138,2024-12,7418,38.25,9.58,0
4,138,2025-01,8290,38.25,9.67,1
4,138,2025-02,13330,38.25,9.75,1
4,138,2025-03,3543,38.25,9.83,1
4,138,2025-04,14800,38.25,9.92,1
4,138,2025-05,6123,38.25,10.0,1
4,139,2022-06,7177,25.99,7.08,0
4,139,2022-07,7272,25.99,7.17,0
4,139,2022-08,8082,25.99,7.25,0
4,139,2022-09,7795,25.99,7.33,0
4,139,2022-10,7170,25.99,7.42,0
4,139,2022-11,6311,25.99,7.5,0
4,139,2022-12,7265,25.99,7.58,0
4,139,2023-01,6662,25.99,7.67,0
4,139,2023-02,6747,25.99,7.75,0
4,139,2023-03,6768,25.99,7.83,0
4,139,2023-04,7859,25.99,7.92,0
4,139,2023-05,8277,25.99,8.0,0
4,139,2023-06,7863,25.99,8.08,0
4,139,2023-07,7389,25.99,8.17,0
4,139,2023-08,8239,25.99,8.25,0
4,139,2023-09,7984,25.99,8.33,0
4,139,2023-10,7918,25.99,8.42,0
4,139,2023-11,6909,25.99,8.5,0
4,139,2023-12,7422,25.99,8.58,0
4,139,2024-01,7108,25.99,8.67,0
4,139,2024-02,7046,25.99,8.75,0
4,139,2024-03,7526,25.99,8.83,0
4,139,2024-04,6596,25.99,8.92,0
4,139,2024-05,7264,25.99,9.0,0
4,139,2024-06,8178,25.99,9.08,0
4,139,2024-07,8700,25.99,9.17,0
4,139,2024-08,7436,25.99,9.25,0
4,139,2024-09,8345,25.99,9.33,0
4,139,2024-10,8034,25.99,9.42,0
4,139,2024-11,6825,25.99,9.5,0
4,139,2024-12,7237,25.99,9.58,0
4,139,2025-01,7659,25.99,9.67,1
4,139,2025-02,8964,25.99,9.75,1
4,139,2025-03,6168,25.99,9.83,1
4,139,2025-04,12633,25.99,9.92,1
4,139,2025-05,8210,25.99,10.0,1
4,140,2022-06,6201,27.92,7.08,0
4,140,2022-07,6209,27.92,7.17,0
4,140,2022-08,6875,27.92,7.25,0
4,140,2022-09,6872,27.92,7.33,0
4,140,2022-10,6109,27.92,7.42,0
4,140,2022-11,6333,27.92,7.5,0
4,140,2022-12,6021,27.92,7.58,0
4,140,2023-01,5521,27.92,7.67,0
4,140,2023-02,5753,27.92,7.75,0
4,140,2023-03,6549,27.92,7.83,0
4,140,2023-04,7515,27.92,7.92,0
4,140,2023-05,7228,27.92,8.0,0
4,140,2023-06,6625,27.92,8.08,0
4,140,2023-07,7373,27.92,8.17,0
4,140,2023-08,6672,27.92,8.25,0
4,140,2023-09,6971,27.92,8.33,0
4,140,2023-10,6553,27.92,8.42,0
4,140,2023-11,6676,27.92,8.5,0
4,140,2023-12,6096,27.92,8.58,0
4,140,2024-01,6308,27.92,8.67,0
4,140,2024-02,6509,27.92,8.75,0
4,140,2024-03,6354,27.92,8.83,0
4,140,2024-04,6938,27.92,8.92,0
4,140,2024-05,7002,27.92,9.0,0
4,140,2024-06,6527,27.92,9.08,0
4,140,2024-07,7686,27.92,9.17,0
4,140,2024-08,6775,27.92,9.25,0
4,140,2024-09,6814,27.92,9.33,0
4,140,2024-10,7102,27.92,9.42,0
4,140,2024-11,6500,27.92,9.5,0
4,140,2024-12,6559,27.92,9.58,0
4,140,2025-01,12705,27.92,9.67,1
4,140,2025-02,6777,27.92,9.75,1
4,140,2025-03,8682,27.92,9.83,1
4,140,2025-04,7323,27.92,9.92,1
4,140,2025-05,5197,27.92,10.0,1
4,141,2022-06,6082,29.66,7.08,0
4,141,2022-07,6677,29.66,7.17,0
4,141,2022-08,6724,29.66,7.25,0
4,141,2022-09,6129,29.66,7.33,0
4,141,2022-10,6002,29.66,7.42,0
4,141,2022-11,6797,29.66,7.5,0
4,141,2022-12,6268,29.66,7.58,0
4,141,2023-01,6600,29.66,7.67,0
4,141,2023-02,5938,29.66,7.75,0
4,141,2023-03,6830,29.66,7.83,0
4,141,2023-04,6936,29.66,7.92,0
4,141,2023-05,6712,29.66,8.0,0
4,141,2023-06,7214,29.66,8.08,0
4,141,2023-07,7336,29.66,8.17,0
4,141,2023-08,7181,29.66,8.25,0
4,141,2023-09,6925,29.66,8.33,0
4,141,2023-10,6385,29.66,8.42,0
4,141,2023-11,6060,29.66,8.5,0
4,141,2023-12,6337,29.66,8.58,0
4,141,2024-01,6985,29.66,8.67,0
4,141,2024-02,6134,29.66,8.75,0
4,141,2024-03,6944,29.66,8.83,0
4,141,2024-04,6283,29.66,8.92,0
4,141,2024-05,6846,29.66,9.0,0
4,141,2024-06,7452,29.66,9.08,0
4,141,2024-07,7536,29.66,9.17,0
4,141,2024-08,6688,29.66,9.25,0
4,141,2024-09,7795,29.66,9.33,0
4,141,2024-10,6483,29.66,9.42,0
4,141,2024-11,6659,29.66,9.5,0
4,141,2024-12,6360,29.66,9.58,0
4,141,2025-01,11386,29.66,9.67,1
4,141,2025-02,5630,29.66,9.75,1
4,141,2025-03,7501,29.66,9.83,1
4,141,2025-04,10500,29.66,9.92,1
4,141,2025-05,6314,29.66,10.0,1
4,142,2022-06,5972,26.1,7.08,0
4,142,2022-07,6450,26.1,7.17,0
4,142,2022-08,6228,26.1,7.25,0
4,142,2022-09,5894,26.1,7.33,0
4,142,2022-10,6030,26.1,7.42,0
4,142,2022-11,5559,26.1,7.5,0
4,142,2022-12,5091,26.1,7.58,0
4,142,2023-01,5601,26.1,7.67,0
4,142,2023-02,5930,26.1,7.75,0
4,142,2023-03,5746,26.1,7.83,0
4,142,2023-04,6031,26.1,7.92,0
4,142,2023-05,5829,26.1,8.0,0
4,142,2023-06,6985,26.1,8.08,0
4,142,2023-07,7191,26.1,8.17,0
4,142,2023-08,6787,26.1,8.25,0
4,142,2023-09,6037,26.1,8.33,0
4,142,2023-10,6424,26.1,8.42,0
4,142,2023-11,5692,26.1,8.5,0
4,142,2023-12,5385,26.1,8.58,0
4,142,2024-01,5753,26.1,8.67,0
4,142,2024-02,5996,26.1,8.75,0
4,142,2024-03,6025,26.1,8.83,0
4,142,2024-04,6341,26.1,8.92,0
4,142,2024-05,5689,26.1,9.0,0
4,142,2024-06,6357,26.1,9.08,0
4,142,2024-07,6530,26.1,9.17,0
4,142,2024-08,6096,26.1,9.25,0
4,142,2024-09,6468,26.1,9.33,0
4,142,2024-10,6200,26.1,9.42,0
4,142,2024-11,5929,26.1,9.5,0
4,142,2024-12,5846,26.1,9.58,0
4,142,2025-01,6992,26.1,9.67,1
4,142,2025-02,5906,26.1,9.75,1
4,142,2025-03,7719,26.1,9.83,1
4,142,2025-04,10472,26.1,9.92,1
4,142,2025-05,5861,26.1,10.0,1
4,143,2022-06,6485,27.97,7.08,0
4,143,2022-07,5937,27.97,7.17,0
4,143,2022-08,6542,27.97,7.25,0
4,143,2022-09,7075,27.97,7.33,0
4,143,2022-10,5727,27.97,7.42,0
4,143,2022-11,6729,27.97,7.5,0
4,143,2022-12,6560,27.97,7.58,0
4,143,2023-01,5545,27.97,7.67,0
4,143,2023-02,6446,27.97,7.75,0
4,143,2023-03,5873,27.97,7.83,0
4,143,2023-04,7103,27.97,7.92,0
4,143,2023-05,6329,27.97,8.0,0
4,143,2023-06,7036,27.97,8.08,0
4,143,2023-07,7420,27.97,8.17,0
4,143,2023-08,7536,27.97,8.25,0
4,143,2023-09,6739,27.97,8.33,0
4,143,2023-10,6129,27.97,8.42,0
4,143,2023-11,5851,27.97,8.5,0
4,143,2023-12,5954,27.97,8.58,0
4,143,2024-01,6199,27.97,8.67,0
4,143,2024-02,6913,27.97,8.75,0
4,143,2024-03,6702,27.97,8.83,0
4,143,2024-04,6858,27.97,8.92,0
4,143,2024-05,7411,27.97,9.0,0
4,143,2024-06,6460,27.97,9.08,0
4,143,2024-07,6697,27.97,9.17,0
4,143,2024-08,7458,27.97,9.25,0
4,143,2024-09,7228,27.97,9.33,0
4,143,2024-10,6687,27.97,9.42,0
4,143,2024-11,6103,27.97,9.5,0
4,143,2024-12,6304,27.97,9.58,0
4,143,2025-01,8549,27.97,9.67,1
4,143,2025-02,8248,27.97,9.75,1
4,143,2025-03,9624,27.97,9.83,1
4,143,2025-04,7263,27.97,9.92,1
4,143,2025-05,6162,27.97,10.0,1
4,144,2022-06,4036,25.56,7.08,0
4,144,2022-07,4809,25.56,7.17,0
4,144,2022-08,4428,25.56,7.25,0
4,144,2022-09,4904,25.56,7.33,0
4,144,2022-10,4533,25.56,7.42,0
4,144,2022-11,4304,25.56,7.5,0
4,144,2022-12,4072,25.56,7.58,0
4,144,2023-01,4277,25.56,7.67,0
4,144,2023-02,4144,25.56,7.75,0
4,144,2023-03,4668,25.56,7.83,0
4,144,2023-04,4449,25.56,7.92,0
4,144,2023-05,4915,25.56,8.0,0
4,144,2023-06,4865,25.56,8.08,0
4,144,2023-07,4730,25.56,8.17,0
4,144,2023-08,5379,25.56,8.25,0
4,144,2023-09,4730,25.56,8.33,0
4,144,2023-10,4649,25.56,8.42,0
4,144,2023-11,4463,25.56,8.5,0
4,144,2023-12,4046,25.56,8.58,0
4,144,2024-01,4839,25.56,8.67,0
4,144,2024-02,4011,25.56,8.75,0
4,144,2024-03,4129,25.56,8.83,0
4,144,2024-04,4246,25.56,8.92,0
4,144,2024-05,4855,25.56,9.0,0
4,144,2024-06,4564,25.56,9.08,0
4,144,2024-07,5144,25.56,9.17,0
4,144,2024-08,5018,25.56,9.25,0
4,144,2024-09,4501,25.56,9.33,0
4,144,2024-10,4302,25.56,9.42,0
4,144,2024-11,4220,25.56,9.5,0
4,144,2024-12,4272,25.56,9.58,0
4,144,2025-01,4789,25.56,9.67,1
4,144,2025-02,3376,25.56,9.75,1
4,144,2025-03,7811,25.56,9.83,1
4,144,2025-04,7384,25.56,9.92,1
4,144,2025-05,4977,25.56,10.0,1
4,145,2022-06,5113,35.56,7.08,0
4,145,2022-07,5441,35.56,7.17,0
4,145,2022-08,6434,35.56,7.25,0
4,145,2022-09,5873,35.56,7.33,0
4,145,2022-10,5651,35.56,7.42,0
4,145,2022-11,5063,35.56,7.5,0
4,145,2022-12,5332,35.56,7.58,0
4,145,2023-01,5263,35.56,7.67,0
4,145,2023-02,5055,35.56,7.75,0
4,145,2023-03,6010,35.56,7.83,0
4,145,2023-04,6295,35.56,7.92,0
4,145,2023-05,5945,35.56,8.0,0
4,145,2023-06,6212,35.56,8.08,0
4,145,2023-07,6767,35.56,8.17,0
4,145,2023-08,5821,35.56,8.25,0
4,145,2023-09,6139,35.56,8.33,0
4,145,2023-10,6284,35.56,8.42,0
4,145,2023-11,5836,35.56,8.5,0
4,145,2023-12,6178,35.56,8.58,0
4,145,2024-01,6113,35.56,8.67,0
4,145,2024-02,6149,35.56,8.75,0
4,145,2024-03,6062,35.56,8.83,0
4,145,2024-04,6164,35.56,8.92,0
4,145,2024-05,6370,35.56,9.0,0
4,145,2024-06,6337,35.56,9.08,0
4,145,2024-07,6610,35.56,9.17,0
4,145,2024-08,6073,35.56,9.25,0
4,145,2024-09,6769,35.56,9.33,0
4,145,2024-10,6024,35.56,9.42,0
4,145,2024-11,5272,35.56,9.5,0
4,145,2024-12,5950,35.56,9.58,0
4,145,2025-01,5891,35.56,9.67,1
4,145,2025-02,6045,35.56,9.75,1
4,145,2025-03,8148,35.56,9.83,1
4,145,2025-04,13189,35.56,9.92,1
4,145,2025-05,3158,35.56,10.0,1
4,146,2022-06,5797,28.59,7.08,0
4,146,2022-07,6919,28.59,7.17,0
4,146,2022-08,5895,28.59,7.25,0
4,146,2022-09,6165,28.59,7.33,0
4,146,2022-10,6261,28.59,7.42,0
4,146,2022-11,5769,28.59,7.5,0
4,146,2022-12,6342,28.59,7.58,0
4,146,2023-01,6317,28.59,7.67,0
4,146,2023-02,6248,28.59,7.75,0
4,146,2023-03,6653,28.59,7.83,0
4,146,2023-04,6997,28.59,7.92,0
4,146,2023-05,6630,28.59,8.0,0
4,146,2023-06,7013,28.59,8.08,0
4,146,2023-07,7660,28.59,8.17,0
4,146,2023-08,6419,28.59,8.25,0
4,146,2023-09,6976,28.59,8.33,0
4,146,2023-10,6001,28.59,8.42,0
4,146,2023-11,6415,28.59,8.5,0
4,146,2023-12,6016,28.59,8.58,0
4,146,2024-01,6883,28.59,8.67,0
4,146,2024-02,6631,28.59,8.75,0
4,146,2024-03,5862,28.59,8.83,0
4,146,2024-04,6335,28.59,8.92,0
4,146,2024-05,6981,28.59,9.0,0
4,146,2024-06,6348,28.59,9.08,0
4,146,2024-07,6580,28.59,9.17,0
4,146,2024-08,6813,28.59,9.25,0
4,146,2024-09,6352,28.59,9.33,0
4,146,2024-10,6470,28.59,9.42,0
4,146,2024-11,6463,28.59,9.5,0
4,146,2024-12,6378,28.59,9.58,0
4,146,2025-01,6003,28.59,9.67,1
4,146,2025-02,6620,28.59,9.75,1
4,146,2025-03,8009,28.59,9.83,1
4,146,2025-04,12400,28.59,9.92,1
4,146,2025-05,5993,28.59,10.0,1
4,147,2022-06,5165,26.49,7.08,0
4,147,2022-07,5195,26.49,7.17,0
4,147,2022-08,5576,26.49,7.25,0
4,147,2022-09,5181,26.49,7.33,0
4,147,2022-10,4832,26.49,7.42,0
4,147,2022-11,5033,26.49,7.5,0
4,147,2022-12,4286,26.49,7.58,0
4,147,2023-01,5022,26.49,7.67,0
4,147,2023-02,4996,26.49,7.75,0
4,147,2023-03,5285,26.49,7.83,0
4,147,2023-04,4789,26.49,7.92,0
4,147,2023-05,4915,26.49,8.0,0
4,147,2023-06,5801,26.49,8.08,0
4,147,2023-07,5744,26.49,8.17,0
4,147,2023-08,5836,26.49,8.25,0
4,147,2023-09,5383,26.49,8.33,0
4,147,2023-10,4962,26.49,8.42,0
4,147,2023-11,4776,26.49,8.5,0
4,147,2023-12,4870,26.49,8.58,0
4,147,2024-01,5316,26.49,8.67,0
4,147,2024-02,5333,26.49,8.75,0
4,147,2024-03,5060,26.49,8.83,0
4,147,2024-04,5312,26.49,8.92,0
4,147,2024-05,5196,26.49,9.0,0
4,147,2024-06,5862,26.49,9.08,0
4,147,2024-07,5977,26.49,9.17,0
4,147,2024-08,5358,26.49,9.25,0
4,147,2024-09,5091,26.49,9.33,0
4,147,2024-10,4733,26.49,9.42,0
4,147,2024-11,5386,26.49,9.5,0
4,147,2024-12,5619,26.49,9.58,0
4,147,2025-01,4604,26.49,9.67,1
4,147,2025-02,5788,26.49,9.75,1
4,147,2025-03,7679,26.49,9.83,1
4,147,2025-04,8056,26.49,9.92,1
4,147,2025-05,5678,26.49,10.0,1
4,148,2022-06,6625,32.85,7.08,0
4,148,2022-07,6520,32.85,7.17,0
4,148,2022-08,6418,32.85,7.25,0
4,148,2022-09,6663,32.85,7.33,0
4,148,2022-10,5752,32.85,7.42,0
4,148,2022-11,6667,32.85,7.5,0
4,148,2022-12,5875,32.85,7.58,0
4,148,2023-01,5555,32.85,7.67,0
4,148,2023-02,6713,32.85,7.75,0
4,148,2023-03,6984,32.85,7.83,0
4,148,2023-04,6433,32.85,7.92,0
4,148,2023-05,6766,32.85,8.0,0
4,148,2023-06,6653,32.85,8.08,0
4,148,2023-07,7698,32.85,8.17,0
4,148,2023-08,7885,32.85,8.25,0
4,148,2023-09,6804,32.85,8.33,0
4,148,2023-10,6822,32.85,8.42,0
4,148,2023-11,6057,32.85,8.5,0
4,148,2023-12,6286,32.85,8.58,0
4,148,2024-01,5986,32.85,8.67,0
4,148,2024-02,6563,32.85,8.75,0
4,148,2024-03,6621,32.85,8.83,0
4,148,2024-04,6948,32.85,8.92,0
4,148,2024-05,6831,32.85,9.0,0
4,148,2024-06,7500,32.85,9.08,0
4,148,2024-07,7933,32.85,9.17,0
4,148,2024-08,7006,32.85,9.25,0
4,148,2024-09,7520,32.85,9.33,0
4,148,2024-10,7436,32.85,9.42,0
4,148,2024-11,6833,32.85,9.5,0
4,148,2024-12,7493,32.85,9.58,0
4,148,2025-01,7301,32.85,9.67,1
4,148,2025-02,9372,32.85,9.75,1
4,148,2025-03,12311,32.85,9.83,1
4,148,2025-04,7809,32.85,9.92,1
4,148,2025-05,4425,32.85,10.0,1
4,149,2022-06,5206,26.1,7.08,0
4,149,2022-07,5326,26.1,7.17,0
4,149,2022-08,5268,26.1,7.25,0
4,149,2022-09,5809,26.1,7.33,0
4,149,2022-10,5284,26.1,7.42,0
4,149,2022-11,5863,26.1,7.5,0
4,149,2022-12,4891,26.1,7.58,0
4,149,2023-01,5625,26.1,7.67,0
4,149,2023-02,5696,26.1,7.75,0
4,149,2023-03,5142,26.1,7.83,0
4,149,2023-04,6343,26.1,7.92,0
4,149,2023-05,5571,26.1,8.0,0
4,149,2023-06,6102,26.1,8.08,0
4,149,2023-07,5922,26.1,8.17,0
4,149,2023-08,5831,26.1,8.25,0
4,149,2023-09,6083,26.1,8.33,0
4,149,2023-10,5234,26.1,8.42,0
4,149,2023-11,5687,26.1,8.5,0
4,149,2023-12,5607,26.1,8.58,0
4,149,2024-01,5268,26.1,8.67,0
4,149,2024-02,5723,26.1,8.75,0
4,149,2024-03,5368,26.1,8.83,0
4,149,2024-04,6118,26.1,8.92,0
4,149,2024-05,5634,26.1,9.0,0
4,149,2024-06,6350,26.1,9.08,0
4,149,2024-07,6731,26.1,9.17,0
4,149,2024-08,5699,26.1,9.25,0
4,149,2024-09,6434,26.1,9.33,0
4,149,2024-10,5552,26.1,9.42,0
4,149,2024-11,5644,26.1,9.5,0
4,149,2024-12,5320,26.1,9.58,0
4,149,2025-01,6358,26.1,9.67,1
4,149,2025-02,7305,26.1,9.75,1
4,149,2025-03,9272,26.1,9.83,1
4,149,2025-04,5233,26.1,9.92,1
4,149,2025-05,6778,26.1,10.0,1
4,150,2022-06,6469,31.06,7.08,0
4,150,2022-07,6183,31.06,7.17,0
4,150,2022-08,6731,31.06,7.25,0
4,150,2022-09,7172,31.06,7.33,0
4,150,2022-10,6587,31.06,7.42,0
4,150,2022-11,6625,31.06,7.5,0
4,150,2022-12,6833,31.06,7.58,0
4,150,2023-01,6123,31.06,7.67,0
4,150,2023-02,6588,31.06,7.75,0
4,150,2023-03,7240,31.06,7.83,0
4,150,2023-04,7641,31.06,7.92,0
4,150,2023-05,7362,31.06,8.0,0
4,150,2023-06,7560,31.06,8.08,0
4,150,2023-07,7232,31.06,8.17,0
4,150,2023-08,7841,31.06,8.25,0
4,150,2023-09,7101,31.06,8.33,0
4,150,2023-10,7015,31.06,8.42,0
4,150,2023-11,7357,31.06,8.5,0
4,150,2023-12,6698,31.06,8.58,0
4,150,2024-01,6891,31.06,8.67,0
4,150,2024-02,7337,31.06,8.75,0
4,150,2024-03,7211,31.06,8.83,0
4,150,2024-04,7181,31.06,8.92,0
4,150,2024-05,6752,31.06,9.0,0
4,150,2024-06,7912,31.06,9.08,0
4,150,2024-07,7762,31.06,9.17,0
4,150,2024-08,8112,31.06,9.25,0
4,150,2024-09,7150,31.06,9.33,0
4,150,2024-10,6708,31.06,9.42,0
4,150,2024-11,7575,31.06,9.5,0
4,150,2024-12,6958,31.06,9.58,0
4,150,2025-01,10778,31.06,9.67,1
4,150,2025-02,10659,31.06,9.75,1
4,150,2025-03,6060,31.06,9.83,1
4,150,2025-04,5034,31.06,9.92,1
4,150,2025-05,9451,31.06,10.0,1
4,151,2022-06,5933,30.19,7.08,0
4,151,2022-07,6185,30.19,7.17,0
4,151,2022-08,6961,30.19,7.25,0
4,151,2022-09,5697,30.19,7.33,0
4,151,2022-10,6241,30.19,7.42,0
4,151,2022-11,6556,30.19,7.5,0
4,151,2022-12,5420,30.19,7.58,0
4,151,2023-01,6119,30.19,7.67,0
4,151,2023-02,5389,30.19,7.75,0
4,151,2023-03,6047,30.19,7.83,0
4,151,2023-04,6583,30.19,7.92,0
4,151,2023-05,6020,30.19,8.0,0
4,151,2023-06,7005,30.19,8.08,0
4,151,2023-07,6797,30.19,8.17,0
4,151,2023-08,6537,30.19,8.25,0
4,151,2023-09,7153,30.19,8.33,0
4,151,2023-10,6651,30.19,8.42,0
4,151,2023-11,5720,30.19,8.5,0
4,151,2023-12,6594,30.19,8.58,0
4,151,2024-01,5837,30.19,8.67,0
4,151,2024-02,6033,30.19,8.75,0
4,151,2024-03,5847,30.19,8.83,0
4,151,2024-04,6259,30.19,8.92,0
4,151,2024-05,6553,30.19,9.0,0
4,151,2024-06,6432,30.19,9.08,0
4,151,2024-07,7181,30.19,9.17,0
4,151,2024-08,7593,30.19,9.25,0
4,151,2024-09,6681,30.19,9.33,0
4,151,2024-10,6912,30.19,9.42,0
4,151,2024-11,6740,30.19,9.5,0
4,151,2024-12,6922,30.19,9.58,0
4,151,2025-01,10719,30.19,9.67,1
4,151,2025-02,5888,30.19,9.75,1
4,151,2025-03,9459,30.19,9.83,1
4,151,2025-04,7183,30.19,9.92,1
4,151,2025-05,6009,30.19,10.0,1
4,152,2022-06,7751,30.38,7.08,0
4,152,2022-07,7528,30.38,7.17,0
4,152,2022-08,7380,30.38,7.25,0
4,152,2022-09,7561,30.38,7.33,0
4,152,2022-10,7091,30.38,7.42,0
4,152,2022-11,6775,30.38,7.5,0
4,152,2022-12,7085,30.38,7.58,0
4,152,2023-01,7902,30.38,7.67,0
4,152,2023-02,6609,30.38,7.75,0
4,152,2023-03,7855,30.38,7.83,0
4,152,2023-04,8819,30.38,7.92,0
4,152,2023-05,8349,30.38,8.0,0
4,152,2023-06,9237,30.38,8.08,0
4,152,2023-07,8481,30.38,8.17,0
4,152,2023-08,8065,30.38,8.25,0
4,152,2023-09,8530,30.38,8.33,0
4,152,2023-10,8693,30.38,8.42,0
4,152,2023-11,7481,30.38,8.5,0
4,152,2023-12,7327,30.38,8.58,0
4,152,2024-01,8009,30.38,8.67,0
4,152,2024-02,7630,30.38,8.75,0
4,152,2024-03,7741,30.38,8.83,0
4,152,2024-04,7198,30.38,8.92,0
4,152,2024-05,8251,30.38,9.0,0
4,152,2024-06,8998,30.38,9.08,0
4,152,2024-07,8911,30.38,9.17,0
4,152,2024-08,8335,30.38,9.25,0
4,152,2024-09,8682,30.38,9.33,0
4,152,2024-10,7737,30.38,9.42,0
4,152,2024-11,8171,30.38,9.5,0
4,152,2024-12,8497,30.38,9.58,0
4,152,2025-01,12260,30.38,9.67,1
4,152,2025-02,4854,30.38,9.75,1
4,152,2025-03,13125,30.38,9.83,1
4,152,2025-04,10824,30.38,9.92,1
4,152,2025-05,6924,30.38,10.0,1
4,153,2022-06,7275,34.23,7.08,0
4,153,2022-07,6820,34.23,7.17,0
4,153,2022-08,7054,34.23,7.25,0
4,153,2022-09,8127,34.23,7.33,0
4,153,2022-10,7119,34.23,7.42,0
4,153,2022-11,6532,34.23,7.5,0
4,153,2022-12,7159,34.23,7.58,0
4,153,2023-01,6543,34.23,7.67,0
4,153,2023-02,7269,34.23,7.75,0
4,153,2023-03,7616,34.23,7.83,0
4,153,2023-04,7405,34.23,7.92,0
4,153,2023-05,7090,34.23,8.0,0
4,153,2023-06,7377,34.23,8.08,0
4,153,2023-07,8502,34.23,8.17,0
4,153,2023-08,7523,34.23,8.25,0
4,153,2023-09,8140,34.23,8.33,0
4,153,2023-10,7875,34.23,8.42,0
4,153,2023-11,7143,34.23,8.5,0
4,153,2023-12,7713,34.23,8.58,0
4,153,2024-01,7512,34.23,8.67,0
4,153,2024-02,7125,34.23,8.75,0
4,153,2024-03,7621,34.23,8.83,0
4,153,2024-04,7994,34.23,8.92,0
4,153,2024-05,8046,34.23,9.0,0
4,153,2024-06,7375,34.23,9.08,0
4,153,2024-07,8633,34.23,9.17,0
4,153,2024-08,8512,34.23,9.25,0
4,153,2024-09,8812,34.23,9.33,0
4,153,2024-10,7958,34.23,9.42,0
4,153,2024-11,8059,34.23,9.5,0
4,153,2024-12,8339,34.23,9.58,0
4,153,2025-01,12617,34.23,9.67,1
4,153,2025-02,2908,34.23,9.75,1
4,153,2025-03,15457,34.23,9.83,1
4,153,2025-04,12073,34.23,9.92,1
4,153,2025-05,3269,34.23,10.0,1
4,154,2022-06,371,2.04,6.08,0
4,154,2022-07,463,2.04,6.17,0
4,154,2022-08,445,2.04,6.25,0
4,154,2022-09,465,2.04,6.33,0
4,154,2022-10,382,2.04,6.42,0
4,154,2022-11,383,2.04,6.5,0
4,154,2022-12,436,2.04,6.58,0
4,154,2023-01,353,2.04,6.67,0
4,154,2023-02,389,2.04,6.75,0
4,154,2023-03,463,2.04,6.83,0
4,154,2023-04,458,2.04,6.92,0
4,154,2023-05,471,2.04,7.0,0
4,154,2023-06,477,2.04,7.08,0
4,154,2023-07,431,2.04,7.17,0
4,154,2023-08,487,2.04,7.25,0
4,154,2023-09,450,2.04,7.33,0
4,154,2023-10,403,2.04,7.42,0
4,154,2023-11,440,2.04,7.5,0
4,154,2023-12,422,2.04,7.58,0
4,154,2024-01,421,2.04,7.67,0
4,154,2024-02,412,2.04,7.75,0
4,154,2024-03,460,2.04,7.83,0
4,154,2024-04,449,2.04,7.92,0
4,154,2024-05,488,2.04,8.0,0
4,154,2024-06,501,2.04,8.08,0
4,154,2024-07,430,2.04,8.17,0
4,154,2024-08,483,2.04,8.25,0
4,154,2024-09,435,2.04,8.33,0
4,154,2024-10,443,2.04,8.42,0
4,154,2024-11,397,2.04,8.5,0
4,154,2024-12,445,2.04,8.58,0
4,154,2025-01,741,2.04,8.67,1
4,154,2025-02,675,2.04,8.75,1
4,154,2025-03,683,2.04,8.83,1
4,154,2025-04,253,2.04,8.92,1
4,154,2025-05,381,2.04,9.0,1
4,155,2022-06,2861,11.8,7.08,0
4,155,2022-07,3484,11.8,7.17,0
4,155,2022-08,3132,11.8,7.25,0
4,155,2022-09,3083,11.8,7.33,0
4,155,2022-10,3009,11.8,7.42,0
4,155,2022-11,2953,11.8,7.5,0
4,155,2022-12,2904,11.8,7.58,0
4,155,2023-01,2742,11.8,7.67,0
4,155,2023-02,3218,11.8,7.75,0
4,155,2023-03,3078,11.8,7.83,0
4,155,2023-04,3195,11.8,7.92,0
4,155,2023-05,3274,11.8,8.0,0
4,155,2023-06,3367,11.8,8.08,0
4,155,2023-07,3782,11.8,8.17,0
4,155,2023-08,3716,11.8,8.25,0
4,155,2023-09,3689,11.8,8.33,0
4,155,2023-10,3533,11.8,8.42,0
4,155,2023-11,3221,11.8,8.5,0
4,155,2023-12,3109,11.8,8.58,0
4,155,2024-01,3134,11.8,8.67,0
4,155,2024-02,3472,11.8,8.75,0
4,155,2024-03,3236,11.8,8.83,0
4,155,2024-04,3566,11.8,8.92,0
4,155,2024-05,3268,11.8,9.0,0
4,155,2024-06,3315,11.8,9.08,0
4,155,2024-07,3329,11.8,9.17,0
4,155,2024-08,3408,11.8,9.25,0
4,155,2024-09,3650,11.8,9.33,0
4,155,2024-10,3414,11.8,9.42,0
4,155,2024-11,3466,11.8,9.5,0
4,155,2024-12,3211,11.8,9.58,0
4,155,2025-01,4875,11.8,9.67,1
4,155,2025-02,1771,11.8,9.75,1
4,155,2025-03,4174,11.8,9.83,1
4,155,2025-04,3338,11.8,9.92,1
4,155,2025-05,5623,11.8,10.0,1
4,156,2022-06,3896,21.91,7.08,0
4,156,2022-07,4047,21.91,7.17,0
4,156,2022-08,4600,21.91,7.25,0
4,156,2022-09,4021,21.91,7.33,0
4,156,2022-10,4047,21.91,7.42,0
4,156,2022-11,3836,21.91,7.5,0
4,156,2022-12,4371,21.91,7.58,0
4,156,2023-01,3913,21.91,7.67,0
4,156,2023-02,3835,21.91,7.75,0
4,156,2023-03,4648,21.91,7.83,0
4,156,2023-04,4533,21.91,7.92,0
4,156,2023-05,4749,21.91,8.0,0
4,156,2023-06,4363,21.91,8.08,0
4,156,2023-07,5010,21.91,8.17,0
4,156,2023-08,4356,21.91,8.25,0
4,156,2023-09,4655,21.91,8.33,0
4,156,2023-10,4332,21.91,8.42,0
4,156,2023-11,4686,21.91,8.5,0
4,156,2023-12,4243,21.91,8.58,0
4,156,2024-01,4764,21.91,8.67,0
4,156,2024-02,3934,21.91,8.75,0
4,156,2024-03,4014,21.91,8.83,0
4,156,2024-04,4467,21.91,8.92,0
4,156,2024-05,4478,21.91,9.0,0
4,156,2024-06,5123,21.91,9.08,0
4,156,2024-07,4934,21.91,9.17,0
4,156,2024-08,4744,21.91,9.25,0
4,156,2024-09,5050,21.91,9.33,0
4,156,2024-10,4484,21.91,9.42,0
4,156,2024-11,4252,21.91,9.5,0
4,156,2024-12,4650,21.91,9.58,0
4,156,2025-01,3354,21.91,9.67,1
4,156,2025-02,5677,21.91,9.75,1
4,156,2025-03,6642,21.91,9.83,1
4,156,2025-04,5976,21.91,9.92,1
4,156,2025-05,5855,21.91,10.0,1
4,157,2022-06,6143,33.39,7.08,0
4,157,2022-07,5723,33.39,7.17,0
4,157,2022-08,5774,33.39,7.25,0
4,157,2022-09,6176,33.39,7.33,0
4,157,2022-10,5512,33.39,7.42,0
4,157,2022-11,5604,33.39,7.5,0
4,157,2022-12,6203,33.39,7.58,0
4,157,2023-01,6185,33.39,7.67,0
4,157,2023-02,5197,33.39,7.75,0
4,157,2023-03,5844,33.39,7.83,0
4,157,2023-04,6799,33.39,7.92,0
4,157,2023-05,6936,33.39,8.0,0
4,157,2023-06,7149,33.39,8.08,0
4,157,2023-07,7052,33.39,8.17,0
4,157,2023-08,6227,33.39,8.25,0
4,157,2023-09,6998,33.39,8.33,0
4,157,2023-10,6578,33.39,8.42,0
4,157,2023-11,6510,33.39,8.5,0
4,157,2023-12,5949,33.39,8.58,0
4,157,2024-01,5807,33.39,8.67,0
4,157,2024-02,6378,33.39,8.75,0
4,157,2024-03,6514,33.39,8.83,0
4,157,2024-04,5767,33.39,8.92,0
4,157,2024-05,6984,33.39,9.0,0
4,157,2024-06,6495,33.39,9.08,0
4,157,2024-07,7165,33.39,9.17,0
4,157,2024-08,6337,33.39,9.25,0
4,157,2024-09,6790,33.39,9.33,0
4,157,2024-10,5848,33.39,9.42,0
4,157,2024-11,6420,33.39,9.5,0
4,157,2024-12,6038,33.39,9.58,0
4,157,2025-01,8849,33.39,9.67,1
4,157,2025-02,5800,33.39,9.75,1
4,157,2025-03,8298,33.39,9.83,1
4,157,2025-04,8516,33.39,9.92,1
4,157,2025-05,7339,33.39,10.0,1
4,158,2022-06,4527,32.44,7.08,0
4,158,2022-07,4764,32.44,7.17,0
4,158,2022-08,5608,32.44,7.25,0
4,158,2022-09,4752,32.44,7.33,0
4,158,2022-10,4744,32.44,7.42,0
4,158,2022-11,4355,32.44,7.5,0
4,158,2022-12,4452,32.44,7.58,0
4,158,2023-01,4814,32.44,7.67,0
4,158,2023-02,4490,32.44,7.75,0
4,158,2023-03,4490,32.44,7.83,0
4,158,2023-04,5529,32.44,7.92,0
4,158,2023-05,5179,32.44,8.0,0
4,158,2023-06,4944,32.44,8.08,0
4,158,2023-07,5376,32.44,8.17,0
4,158,2023-08,5549,32.44,8.25,0
4,158,2023-09,5407,32.44,8.33,0
4,158,2023-10,5331,32.44,8.42,0
4,158,2023-11,5295,32.44,8.5,0
4,158,2023-12,5232,32.44,8.58,0
4,158,2024-01,5321,32.44,8.67,0
4,158,2024-02,5408,32.44,8.75,0
4,158,2024-03,4987,32.44,8.83,0
4,158,2024-04,5079,32.44,8.92,0
4,158,2024-05,4798,32.44,9.0,0
4,158,2024-06,5146,32.44,9.08,0
4,158,2024-07,5375,32.44,9.17,0
4,158,2024-08,5568,32.44,9.25,0
4,158,2024-09,5402,32.44,9.33,0
4,158,2024-10,5206,32.44,9.42,0
4,158,2024-11,5138,32.44,9.5,0
4,158,2024-12,5429,32.44,9.58,0
4,158,2025-01,6068,32.44,9.67,1
4,158,2025-02,8467,32.44,9.75,1
4,158,2025-03,5335,32.44,9.83,1
4,158,2025-04,5623,32.44,9.92,1
4,158,2025-05,6564,32.44,10.0,1
4,159,2022-06,6757,26.64,7.08,0
4,159,2022-07,7786,26.64,7.17,0
4,159,2022-08,7497,26.64,7.25,0
4,159,2022-09,7116,26.64,7.33,0
4,159,2022-10,7152,26.64,7.42,0
4,159,2022-11,6345,26.64,7.5,0
4,159,2022-12,7020,26.64,7.58,0
4,159,2023-01,6880,26.64,7.67,0
4,159,2023-02,6847,26.64,7.75,0
4,159,2023-03,6692,26.64,7.83,0
4,159,2023-04,7854,26.64,7.92,0
4,159,2023-05,6899,26.64,8.0,0
4,159,2023-06,7137,26.64,8.08,0
4,159,2023-07,7253,26.64,8.17,0
4,159,2023-08,8219,26.64,8.25,0
4,159,2023-09,8215,26.64,8.33,0
4,159,2023-10,7518,26.64,8.42,0
4,159,2023-11,7456,26.64,8.5,0
4,159,2023-12,6783,26.64,8.58,0
4,159,2024-01,7182,26.64,8.67,0
4,159,2024-02,7231,26.64,8.75,0
4,159,2024-03,7112,26.64,8.83,0
4,159,2024-04,6508,26.64,8.92,0
4,159,2024-05,7221,26.64,9.0,0
4,159,2024-06,7781,26.64,9.08,0
4,159,2024-07,7424,26.64,9.17,0
4,159,2024-08,7928,26.64,9.25,0
4,159,2024-09,7183,26.64,9.33,0
4,159,2024-10,7144,26.64,9.42,0
4,159,2024-11,7636,26.64,9.5,0
4,159,2024-12,7104,26.64,9.58,0
4,159,2025-01,7739,26.64,9.67,1
4,159,2025-02,9609,26.64,9.75,1
4,159,2025-03,6483,26.64,9.83,1
4,159,2025-04,12579,26.64,9.92,1
4,159,2025-05,6903,26.64,10.0,1
4,160,2022-06,6131,33.88,7.08,0
4,160,2022-07,6571,33.88,7.17,0
4,160,2022-08,6926,33.88,7.25,0
4,160,2022-09,7215,33.88,7.33,0
4,160,2022-10,6873,33.88,7.42,0
4,160,2022-11,7132,33.88,7.5,0
4,160,2022-12,6414,33.88,7.58,0
4,160,2023-01,6442,33.88,7.67,0
4,160,2023-02,6998,33.88,7.75,0
4,160,2023-03,6371,33.88,7.83,0
4,160,2023-04,7975,33.88,7.92,0
4,160,2023-05,7022,33.88,8.0,0
4,160,2023-06,7954,33.88,8.08,0
4,160,2023-07,7836,33.88,8.17,0
4,160,2023-08,8382,33.88,8.25,0
4,160,2023-09,7333,33.88,8.33,0
4,160,2023-10,6633,33.88,8.42,0
4,160,2023-11,6901,33.88,8.5,0
4,160,2023-12,6508,33.88,8.58,0
4,160,2024-01,6424,33.88,8.67,0
4,160,2024-02,7107,33.88,8.75,0
4,160,2024-03,6933,33.88,8.83,0
4,160,2024-04,6480,33.88,8.92,0
4,160,2024-05,7918,33.88,9.0,0
4,160,2024-06,7950,33.88,9.08,0
4,160,2024-07,8392,33.88,9.17,0
4,160,2024-08,7695,33.88,9.25,0
4,160,2024-09,8042,33.88,9.33,0
4,160,2024-10,7221,33.88,9.42,0
4,160,2024-11,7171,33.88,9.5,0
4,160,2024-12,7313,33.88,9.58,0
4,160,2025-01,8694,33.88,9.67,1
4,160,2025-02,6333,33.88,9.75,1
4,160,2025-03,13641,33.88,9.83,1
4,160,2025-04,8398,33.88,9.92,1
4,160,2025-05,6905,33.88,10.0,1
4,163,2022-06,2569,12.99,7.08,0
4,163,2022-07,2858,12.99,7.17,0
4,163,2022-08,2944,12.99,7.25,0
4,163,2022-09,2743,12.99,7.33,0
4,163,2022-10,2316,12.99,7.42,0
4,163,2022-11,2723,12.99,7.5,0
4,163,2022-12,2244,12.99,7.58,0
4,163,2023-01,2631,12.99,7.67,0
4,163,2023-02,2623,12.99,7.75,0
4,163,2023-03,2635,12.99,7.83,0
4,163,2023-04,2761,12.99,7.92,0
4,163,2023-05,2813,12.99,8.0,0
4,163,2023-06,2779,12.99,8.08,0
4,163,2023-07,3097,12.99,8.17,0
4,163,2023-08,3098,12.99,8.25,0
4,163,2023-09,2981,12.99,8.33,0
4,163,2023-10,2901,12.99,8.42,0
4,163,2023-11,2380,12.99,8.5,0
4,163,2023-12,2822,12.99,8.58,0
4,163,2024-01,2463,12.99,8.67,0
4,163,2024-02,2448,12.99,8.75,0
4,163,2024-03,2714,12.99,8.83,0
4,163,2024-04,2784,12.99,8.92,0
4,163,2024-05,2933,12.99,9.0,0
4,163,2024-06,2851,12.99,9.08,0
4,163,2024-07,2994,12.99,9.17,0
4,163,2024-08,2853,12.99,9.25,0
4,163,2024-09,2644,12.99,9.33,0
4,163,2024-10,2590,12.99,9.42,0
4,163,2024-11,2658,12.99,9.5,0
4,163,2024-12,2613,12.99,9.58,0
4,163,2025-01,4748,12.99,9.67,1
4,163,2025-02,1795,12.99,9.75,1
4,163,2025-03,3331,12.99,9.83,1
4,163,2025-04,4994,12.99,9.92,1
4,163,2025-05,1596,12.99,10.0,1
4,164,2022-06,2635,13.73,7.08,0
4,164,2022-07,2884,13.73,7.17,0
4,164,2022-08,3033,13.73,7.25,0
4,164,2022-09,2599,13.73,7.33,0
4,164,2022-10,2721,13.73,7.42,0
4,164,2022-11,2936,13.73,7.5,0
4,164,2022-12,2680,13.73,7.58,0
4,164,2023-01,2623,13.73,7.67,0
4,164,2023-02,2515,13.73,7.75,0
4,164,2023-03,2745,13.73,7.83,0
4,164,2023-04,2922,13.73,7.92,0
4,164,2023-05,2777,13.73,8.0,0
4,164,2023-06,3077,13.73,8.08,0
4,164,2023-07,3422,13.73,8.17,0
4,164,2023-08,3055,13.73,8.25,0
4,164,2023-09,2940,13.73,8.33,0
4,164,2023-10,2704,13.73,8.42,0
4,164,2023-11,2978,13.73,8.5,0
4,164,2023-12,2619,13.73,8.58,0
4,164,2024-01,2909,13.73,8.67,0
4,164,2024-02,2542,13.73,8.75,0
4,164,2024-03,2596,13.73,8.83,0
4,164,2024-04,2922,13.73,8.92,0
4,164,2024-05,2750,13.73,9.0,0
4,164,2024-06,2871,13.73,9.08,0
4,164,2024-07,3241,13.73,9.17,0
4,164,2024-08,3087,13.73,9.25,0
4,164,2024-09,2978,13.73,9.33,0
4,164,2024-10,2907,13.73,9.42,0
4,164,2024-11,3123,13.73,9.5,0
4,164,2024-12,2861,13.73,9.58,0
4,164,2025-01,4847,13.73,9.67,1
4,164,2025-02,1128,13.73,9.75,1
4,164,2025-03,2860,13.73,9.83,1
4,164,2025-04,5084,13.73,9.92,1
4,164,2025-05,3762,13.73,10.0,1
4,165,2022-06,3043,17.23,7.08,0
4,165,2022-07,3208,17.23,7.17,0
4,165,2022-08,3255,17.23,7.25,0
4,165,2022-09,3166,17.23,7.33,0
4,165,2022-10,3278,17.23,7.42,0
4,165,2022-11,2914,17.23,7.5,0
4,165,2022-12,2990,17.23,7.58,0
4,165,2023-01,3034,17.23,7.67,0
4,165,2023-02,2976,17.23,7.75,0
4,165,2023-03,3161,17.23,7.83,0
4,165,2023-04,3204,17.23,7.92,0
4,165,2023-05,3414,17.23,8.0,0
4,165,2023-06,3264,17.23,8.08,0
4,165,2023-07,3262,17.23,8.17,0
4,165,2023-08,3616,17.23,8.25,0
4,165,2023-09,3348,17.23,8.33,0
4,165,2023-10,3379,17.23,8.42,0
4,165,2023-11,3339,17.23,8.5,0
4,165,2023-12,3199,17.23,8.58,0
4,165,2024-01,3347,17.23,8.67,0
4,165,2024-02,2837,17.23,8.75,0
4,165,2024-03,3431,17.23,8.83,0
4,165,2024-04,3285,17.23,8.92,0
4,165,2024-05,3376,17.23,9.0,0
4,165,2024-06,3367,17.23,9.08,0
4,165,2024-07,3764,17.23,9.17,0
4,165,2024-08,3170,17.23,9.25,0
4,165,2024-09,3574,17.23,9.33,0
4,165,2024-10,3439,17.23,9.42,0
4,165,2024-11,3293,17.23,9.5,0
4,165,2024-12,3246,17.23,9.58,0
4,165,2025-01,3098,17.23,9.67,1
4,165,2025-02,3046,17.23,9.75,1
4,165,2025-03,4056,17.23,9.83,1
4,165,2025-04,7027,17.23,9.92,1
4,165,2025-05,2467,17.23,10.0,1
4,166,2022-06,2888,15.22,7.08,0
4,166,2022-07,3053,15.22,7.17,0
4,166,2022-08,2925,15.22,7.25,0
4,166,2022-09,2816,15.22,7.33,0
4,166,2022-10,2948,15.22,7.42,0
4,166,2022-11,2653,15.22,7.5,0
4,166,2022-12,3064,15.22,7.58,0
4,166,2023-01,2934,15.22,7.67,0
4,166,2023-02,3001,15.22,7.75,0
4,166,2023-03,2968,15.22,7.83,0
4,166,2023-04,3314,15.22,7.92,0
4,166,2023-05,3103,15.22,8.0,0
4,166,2023-06,3140,15.22,8.08,0
4,166,2023-07,3219,15.22,8.17,0
4,166,2023-08,3054,15.22,8.25,0
4,166,2023-09,3338,15.22,8.33,0
4,166,2023-10,3340,15.22,8.42,0
4,166,2023-11,2954,15.22,8.5,0
4,166,2023-12,3027,15.22,8.58,0
4,166,2024-01,2857,15.22,8.67,0
4,166,2024-02,3239,15.22,8.75,0
4,166,2024-03,2728,15.22,8.83,0
4,166,2024-04,3241,15.22,8.92,0
4,166,2024-05,3119,15.22,9.0,0
4,166,2024-06,3563,15.22,9.08,0
4,166,2024-07,3637,15.22,9.17,0
4,166,2024-08,2995,15.22,9.25,0
4,166,2024-09,3224,15.22,9.33,0
4,166,2024-10,2800,15.22,9.42,0
4,166,2024-11,3313,15.22,9.5,0
4,166,2024-12,3287,15.22,9.58,0
4,166,2025-01,2601,15.22,9.67,1
4,166,2025-02,5352,15.22,9.75,1
4,166,2025-03,3200,15.22,9.83,1
4,166,2025-04,4879,15.22,9.92,1
4,166,2025-05,2858,15.22,10.0,1
5,168,2022-06,6924,36.24,7.08,0
5,168,2022-07,7351,36.24,7.17,0
5,168,2022-08,7232,36.24,7.25,0
5,168,2022-09,6533,36.24,7.33,0
5,168,2022-10,6287,36.24,7.42,0
5,168,2022-11,6119,36.24,7.5,0
5,168,2022-12,6897,36.24,7.58,0
5,168,2023-01,6437,36.24,7.67,0
5,168,2023-02,6142,36.24,7.75,0
5,168,2023-03,6442,36.24,7.83,0
5,168,2023-04,7588,36.24,7.92,0
5,168,2023-05,7781,36.24,8.0,0
5,168,2023-06,7150,36.24,8.08,0
5,168,2023-07,8336,36.24,8.17,0
5,168,2023-08,7653,36.24,8.25,0
5,168,2023-09,7126,36.24,8.33,0
5,168,2023-10,6526,36.24,8.42,0
5,168,2023-11,6317,36.24,8.5,0
5,168,2023-12,7555,36.24,8.58,0
5,168,2024-01,6377,36.24,8.67,0
5,168,2024-02,6657,36.24,8.75,0
5,168,2024-03,6953,36.24,8.83,0
5,168,2024-04,7304,36.24,8.92,0
5,168,2024-05,6909,36.24,9.0,0
5,168,2024-06,7567,36.24,9.08,0
5,168,2024-07,7079,36.24,9.17,0
5,168,2024-08,7954,36.24,9.25,0
5,168,2024-09,7858,36.24,9.33,0
5,168,2024-10,7328,36.24,9.42,0
5,168,2024-11,6968,36.24,9.5,0
5,168,2024-12,6526,36.24,9.58,0
5,168,2025-01,10874,36.24,9.67,1
5,168,2025-02,9132,36.24,9.75,1
5,168,2025-03,5666,36.24,9.83,1
5,168,2025-04,7139,36.24,9.92,1
5,168,2025-05,10705,36.24,10.0,1
5,169,2022-06,4903,34.62,7.08,0
5,169,2022-07,5624,34.62,7.17,0
5,169,2022-08,6016,34.62,7.25,0
5,169,2022-09,5091,34.62,7.33,0
5,169,2022-10,5458,34.62,7.42,0
5,169,2022-11,5147,34.62,7.5,0
5,169,2022-12,5342,34.62,7.58,0
5,169,2023-01,5250,34.62,7.67,0
5,169,2023-02,5365,34.62,7.75,0
5,169,2023-03,5099,34.62,7.83,0
5,169,2023-04,6066,34.62,7.92,0
5,169,2023-05,6195,34.62,8.0,0
5,169,2023-06,6054,34.62,8.08,0
5,169,2023-07,6350,34.62,8.17,0
5,169,2023-08,6014,34.62,8.25,0
5,169,2023-09,5308,34.62,8.33,0
5,169,2023-10,5539,34.62,8.42,0
5,169,2023-11,5267,34.62,8.5,0
5,169,2023-12,5181,34.62,8.58,0
5,169,2024-01,5385,34.62,8.67,0
5,169,2024-02,5296,34.62,8.75,0
5,169,2024-03,5737,34.62,8.83,0
5,169,2024-04,5419,34.62,8.92,0
5,169,2024-05,5960,34.62,9.0,0
5,169,2024-06,5705,34.62,9.08,0
5,169,2024-07,5731,34.62,9.17,0
5,169,2024-08,6539,34.62,9.25,0
5,169,2024-09,5739,34.62,9.33,0
5,169,2024-10,5618,34.62,9.42,0
5,169,2024-11,5400,34.62,9.5,0
5,169,2024-12,5266,34.62,9.58,0
5,169,2025-01,7208,34.62,9.67,1
5,169,2025-02,7858,34.62,9.75,1
5,169,2025-03,5092,34.62,9.83,1
5,169,2025-04,7578,34.62,9.92,1
5,169,2025-05,6855,34.62,10.0,1
5,170,2022-06,5143,29.28,7.08,0
5,170,2022-07,4685,29.28,7.17,0
5,170,2022-08,5101,29.28,7.25,0
5,170,2022-09,5141,29.28,7.33,0
5,170,2022-10,5090,29.28,7.42,0
5,170,2022-11,4827,29.28,7.5,0
5,170,2022-12,4489,29.28,7.58,0
5,170,2023-01,4140,29.28,7.67,0
5,170,2023-02,4650,29.28,7.75,0
5,170,2023-03,4676,29.28,7.83,0
5,170,2023-04,5247,29.28,7.92,0
5,170,2023-05,5580,29.28,8.0,0
5,170,2023-06,4991,29.28,8.08,0
5,170,2023-07,4977,29.28,8.17,0
5,170,2023-08,5527,29.28,8.25,0
5,170,2023-09,5648,29.28,8.33,0
5,170,2023-10,4793,29.28,8.42,0
5,170,2023-11,4634,29.28,8.5,0
5,170,2023-12,4670,29.28,8.58,0
5,170,2024-01,4592,29.28,8.67,0
5,170,2024-02,4494,29.28,8.75,0
5,170,2024-03,4516,29.28,8.83,0
5,170,2024-04,4543,29.28,8.92,0
5,170,2024-05,4737,29.28,9.0,0
5,170,2024-06,4985,29.28,9.08,0
5,170,2024-07,5393,29.28,9.17,0
5,170,2024-08,5504,29.28,9.25,0
5,170,2024-09,5618,29.28,9.33,0
5,170,2024-10,4840,29.28,9.42,0
5,170,2024-11,5227,29.28,9.5,0
5,170,2024-12,5080,29.28,9.58,0
5,170,2025-01,7209,29.28,9.67,1
5,170,2025-02,4887,29.28,9.75,1
5,170,2025-03,7857,29.28,9.83,1
5,170,2025-04,4510,29.28,9.92,1
5,170,2025-05,6496,29.28,10.0,1
5,171,2022-06,4628,22.26,7.08,0
5,171,2022-07,4687,22.26,7.17,0
5,171,2022-08,5528,22.26,7.25,0
5,171,2022-09,5043,22.26,7.33,0
5,171,2022-10,5268,22.26,7.42,0
5,171,2022-11,4644,22.26,7.5,0
5,171,2022-12,4519,22.26,7.58,0
5,171,2023-01,4397,22.26,7.67,0
5,171,2023-02,4878,22.26,7.75,0
5,171,2023-03,5303,22.26,7.83,0
5,171,2023-04,4752,22.26,7.92,0
5,171,2023-05,5703,22.26,8.0,0
5,171,2023-06,5790,22.26,8.08,0
5,171,2023-07,5837,22.26,8.17,0
5,171,2023-08,5179,22.26,8.25,0
5,171,2023-09,4779,22.26,8.33,0
5,171,2023-10,5301,22.26,8.42,0
5,171,2023-11,4556,22.26,8.5,0
5,171,2023-12,5272,22.26,8.58,0
5,171,2024-01,4731,22.26,8.67,0
5,171,2024-02,4624,22.26,8.75,0
5,171,2024-03,4792,22.26,8.83,0
5,171,2024-04,4720,22.26,8.92,0
5,171,2024-05,5627,22.26,9.0,0
5,171,2024-06,5377,22.26,9.08,0
5,171,2024-07,5227,22.26,9.17,0
5,171,2024-08,5452,22.26,9.25,0
5,171,2024-09,5163,22.26,9.33,0
5,171,2024-10,5483,22.26,9.42,0
5,171,2024-11,4759,22.26,9.5,0
5,171,2024-12,5402,22.26,9.58,0
5,171,2025-01,5649,22.26,9.67,1
5,171,2025-02,5377,22.26,9.75,1
5,171,2025-03,7495,22.26,9.83,1
5,171,2025-04,6580,22.26,9.92,1
5,171,2025-05,5476,22.26,10.0,1
5,172,2022-06,5778,25.44,7.08,0
5,172,2022-07,5642,25.44,7.17,0
5,172,2022-08,6529,25.44,7.25,0
5,172,2022-09,6283,25.44,7.33,0
5,172,2022-10,5868,25.44,7.42,0
5,172,2022-11,5398,25.44,7.5,0
5,172,2022-12,5716,25.44,7.58,0
5,172,2023-01,5002,25.44,7.67,0
5,172,2023-02,5708,25.44,7.75,0
5,172,2023-03,6312,25.44,7.83,0
5,172,2023-04,5768,25.44,7.92,0
5,172,2023-05,6564,25.44,8.0,0
5,172,2023-06,6073,25.44,8.08,0
5,172,2023-07,6310,25.44,8.17,0
5,172,2023-08,6809,25.44,8.25,0
5,172,2023-09,6568,25.44,8.33,0
5,172,2023-10,5572,25.44,8.42,0
5,172,2023-11,5427,25.44,8.5,0
5,172,2023-12,5505,25.44,8.58,0
5,172,2024-01,6308,25.44,8.67,0
5,172,2024-02,6109,25.44,8.75,0
5,172,2024-03,6192,25.44,8.83,0
5,172,2024-04,5838,25.44,8.92,0
5,172,2024-05,5851,25.44,9.0,0
5,172,2024-06,6838,25.44,9.08,0
5,172,2024-07,7141,25.44,9.17,0
5,172,2024-08,6310,25.44,9.25,0
5,172,2024-09,6356,25.44,9.33,0
5,172,2024-10,6425,25.44,9.42,0
5,172,2024-11,5586,25.44,9.5,0
5,172,2024-12,5552,25.44,9.58,0
5,172,2025-01,6018,25.44,9.67,1
5,172,2025-02,8914,25.44,9.75,1
5,172,2025-03,8724,25.44,9.83,1
5,172,2025-04,6642,25.44,9.92,1
5,172,2025-05,5529,25.44,10.0,1
5,173,2022-06,2639,19.15,7.08,0
5,173,2022-07,2722,19.15,7.17,0
5,173,2022-08,3290,19.15,7.25,0
5,173,2022-09,2960,19.15,7.33,0
5,173,2022-10,2658,19.15,7.42,0
5,173,2022-11,3107,19.15,7.5,0
5,173,2022-12,2536,19.15,7.58,0
5,173,2023-01,2562,19.15,7.67,0
5,173,2023-02,2964,19.15,7.75,0
5,173,2023-03,2891,19.15,7.83,0
5,173,2023-04,2797,19.15,7.92,0
5,173,2023-05,3131,19.15,8.0,0
5,173,2023-06,3057,19.15,8.08,0
5,173,2023-07,3076,19.15,8.17,0
5,173,2023-08,3078,19.15,8.25,0
5,173,2023-09,3046,19.15,8.33,0
5,173,2023-10,3185,19.15,8.42,0
5,173,2023-11,2915,19.15,8.5,0
5,173,2023-12,2770,19.15,8.58,0
5,173,2024-01,3173,19.15,8.67,0
5,173,2024-02,2947,19.15,8.75,0
5,173,2024-03,3172,19.15,8.83,0
5,173,2024-04,2882,19.15,8.92,0
5,173,2024-05,2936,19.15,9.0,0
5,173,2024-06,3046,19.15,9.08,0
5,173,2024-07,3589,19.15,9.17,0
5,173,2024-08,3181,19.15,9.25,0
5,173,2024-09,3499,19.15,9.33,0
5,173,2024-10,3286,19.15,9.42,0
5,173,2024-11,3146,19.15,9.5,0
5,173,2024-12,3100,19.15,9.58,0
5,173,2025-01,3603,19.15,9.67,1
5,173,2025-02,2936,19.15,9.75,1
5,173,2025-03,5610,19.15,9.83,1
5,173,2025-04,3126,19.15,9.92,1
5,173,2025-05,3630,19.15,10.0,1
5,174,2022-06,1661,10.64,7.08,0
5,174,2022-07,1488,10.64,7.17,0
5,174,2022-08,1710,10.64,7.25,0
5,174,2022-09,1502,10.64,7.33,0
5,174,2022-10,1630,10.64,7.42,0
5,174,2022-11,1418,10.64,7.5,0
5,174,2022-12,1446,10.64,7.58,0
5,174,2023-01,1455,10.64,7.67,0
5,174,2023-02,1501,10.64,7.75,0
5,174,2023-03,1662,10.64,7.83,0
5,174,2023-04,1546,10.64,7.92,0
5,174,2023-05,1720,10.64,8.0,0
5,174,2023-06,1864,10.64,8.08,0
5,174,2023-07,1613,10.64,8.17,0
5,174,2023-08,1828,10.64,8.25,0
5,174,2023-09,1672,10.64,8.33,0
5,174,2023-10,1734,10.64,8.42,0
5,174,2023-11,1478,10.64,8.5,0
5,174,2023-12,1456,10.64,8.58,0
5,174,2024-01,1525,10.64,8.67,0
5,174,2024-02,1738,10.64,8.75,0
5,174,2024-03,1489,10.64,8.83,0
5,174,2024-04,1706,10.64,8.92,0
5,174,2024-05,1578,10.64,9.0,0
5,174,2024-06,1676,10.64,9.08,0
5,174,2024-07,1623,10.64,9.17,0
5,174,2024-08,1657,10.64,9.25,0
5,174,2024-09,1790,10.64,9.33,0
5,174,2024-10,1603,10.64,9.42,0
5,174,2024-11,1606,10.64,9.5,0
5,174,2024-12,1624,10.64,9.58,0
5,174,2025-01,1974,10.64,9.67,1
5,174,2025-02,1318,10.64,9.75,1
5,174,2025-03,2308,10.64,9.83,1
5,174,2025-04,1367,10.64,9.92,1
5,174,2025-05,3245,10.64,10.0,1
5,176,2022-06,4003,26.57,7.08,0
5,176,2022-07,4518,26.57,7.17,0
5,176,2022-08,4232,26.57,7.25,0
5,176,2022-09,4708,26.57,7.33,0
5,176,2022-10,4033,26.57,7.42,0
5,176,2022-11,3959,26.57,7.5,0
5,176,2022-12,3960,26.57,7.58,0
5,176,2023-01,4236,26.57,7.67,0
5,176,2023-02,4677,26.57,7.75,0
5,176,2023-03,4239,26.57,7.83,0
5,176,2023-04,4678,26.57,7.92,0
5,176,2023-05,5335,26.57,8.0,0
5,176,2023-06,4771,26.57,8.08,0
5,176,2023-07,5403,26.57,8.17,0
5,176,2023-08,4905,26.57,8.25,0
5,176,2023-09,4446,26.57,8.33,0
5,176,2023-10,4874,26.57,8.42,0
5,176,2023-11,4132,26.57,8.5,0
5,176,2023-12,4277,26.57,8.58,0
5,176,2024-01,4521,26.57,8.67,0
5,176,2024-02,4688,26.57,8.75,0
5,176,2024-03,4657,26.57,8.83,0
5,176,2024-04,4644,26.57,8.92,0
5,176,2024-05,5064,26.57,9.0,0
5,176,2024-06,5058,26.57,9.08,0
5,176,2024-07,4810,26.57,9.17,0
5,176,2024-08,4969,26.57,9.25,0
5,176,2024-09,4531,26.57,9.33,0
5,176,2024-10,5063,26.57,9.42,0
5,176,2024-11,4842,26.57,9.5,0
5,176,2024-12,4678,26.57,9.58,0
5,176,2025-01,5479,26.57,9.67,1
5,176,2025-02,5236,26.57,9.75,1
5,176,2025-03,8022,26.57,9.83,1
5,176,2025-04,7684,26.57,9.92,1
5,176,2025-05,2470,26.57,10.0,1
5,177,2022-06,5711,29.0,7.08,0
5,177,2022-07,6285,29.0,7.17,0
5,177,2022-08,6030,29.0,7.25,0
5,177,2022-09,5902,29.0,7.33,0
5,177,2022-10,5936,29.0,7.42,0
5,177,2022-11,5138,29.0,7.5,0
5,177,2022-12,6019,29.0,7.58,0
5,177,2023-01,5095,29.0,7.67,0
5,177,2023-02,5171,29.0,7.75,0
5,177,2023-03,6299,29.0,7.83,0
5,177,2023-04,6181,29.0,7.92,0
5,177,2023-05,6477,29.0,8.0,0
5,177,2023-06,6052,29.0,8.08,0
5,177,2023-07,6996,29.0,8.17,0
5,177,2023-08,6170,29.0,8.25,0
5,177,2023-09,6442,29.0,8.33,0
5,177,2023-10,5818,29.0,8.42,0
5,177,2023-11,6150,29.0,8.5,0
5,177,2023-12,5946,29.0,8.58,0
5,177,2024-01,6076,29.0,8.67,0
5,177,2024-02,5633,29.0,8.75,0
5,177,2024-03,6420,29.0,8.83,0
5,177,2024-04,5462,29.0,8.92,0
5,177,2024-05,6036,29.0,9.0,0
5,177,2024-06,6389,29.0,9.08,0
5,177,2024-07,7055,29.0,9.17,0
5,177,2024-08,6172,29.0,9.25,0
5,177,2024-09,5976,29.0,9.33,0
5,177,2024-10,6270,29.0,9.42,0
5,177,2024-11,5991,29.0,9.5,0
5,177,2024-12,5536,29.0,9.58,0
5,177,2025-01,7018,29.0,9.67,1
5,177,2025-02,6925,29.0,9.75,1
5,177,2025-03,6994,29.0,9.83,1
5,177,2025-04,10068,29.0,9.92,1
5,177,2025-05,5273,29.0,10.0,1
5,178,2022-06,6024,28.39,7.08,0
5,178,2022-07,7518,28.39,7.17,0
5,178,2022-08,6778,28.39,7.25,0
5,178,2022-09,6842,28.39,7.33,0
5,178,2022-10,6330,28.39,7.42,0
5,178,2022-11,5879,28.39,7.5,0
5,178,2022-12,6123,28.39,7.58,0
5,178,2023-01,6102,28.39,7.67,0
5,178,2023-02,6350,28.39,7.75,0
5,178,2023-03,6246,28.39,7.83,0
5,178,2023-04,6427,28.39,7.92,0
5,178,2023-05,7196,28.39,8.0,0
5,178,2023-06,7470,28.39,8.08,0
5,178,2023-07,8189,28.39,8.17,0
5,178,2023-08,8116,28.39,8.25,0
5,178,2023-09,7004,28.39,8.33,0
5,178,2023-10,7109,28.39,8.42,0
5,178,2023-11,6332,28.39,8.5,0
5,178,2023-12,6327,28.39,8.58,0
5,178,2024-01,6409,28.39,8.67,0
5,178,2024-02,6189,28.39,8.75,0
5,178,2024-03,6429,28.39,8.83,0
5,178,2024-04,7099,28.39,8.92,0
5,178,2024-05,6452,28.39,9.0,0
5,178,2024-06,7997,28.39,9.08,0
5,178,2024-07,6981,28.39,9.17,0
5,178,2024-08,7118,28.39,9.25,0
5,178,2024-09,6969,28.39,9.33,0
5,178,2024-10,6944,28.39,9.42,0
5,178,2024-11,7065,28.39,9.5,0
5,178,2024-12,7402,28.39,9.58,0
5,178,2025-01,9679,28.39,9.67,1
5,178,2025-02,8551,28.39,9.75,1
5,178,2025-03,6104,28.39,9.83,1
5,178,2025-04,9175,28.39,9.92,1
5,178,2025-05,8137,28.39,10.0,1
5,179,2022-06,4552,25.51,7.08,0
5,179,2022-07,5073,25.51,7.17,0
5,179,2022-08,5234,25.51,7.25,0
5,179,2022-09,5426,25.51,7.33,0
5,179,2022-10,5279,25.51,7.42,0
5,179,2022-11,4808,25.51,7.5,0
5,179,2022-12,5187,25.51,7.58,0
5,179,2023-01,4354,25.51,7.67,0
5,179,2023-02,5092,25.51,7.75,0
5,179,2023-03,5137,25.51,7.83,0
5,179,2023-04,5378,25.51,7.92,0
5,179,2023-05,5391,25.51,8.0,0
5,179,2023-06,5038,25.51,8.08,0
5,179,2023-07,6101,25.51,8.17,0
5,179,2023-08,5956,25.51,8.25,0
5,179,2023-09,5854,25.51,8.33,0
5,179,2023-10,5685,25.51,8.42,0
5,179,2023-11,5613,25.51,8.5,0
5,179,2023-12,4724,25.51,8.58,0
5,179,2024-01,5036,25.51,8.67,0
5,179,2024-02,5168,25.51,8.75,0
5,179,2024-03,5387,25.51,8.83,0
5,179,2024-04,4780,25.51,8.92,0
5,179,2024-05,5593,25.51,9.0,0
5,179,2024-06,5558,25.51,9.08,0
5,179,2024-07,5772,25.51,9.17,0
5,179,2024-08,5816,25.51,9.25,0
5,179,2024-09,5972,25.51,9.33,0
5,179,2024-10,5595,25.51,9.42,0
5,179,2024-11,5648,25.51,9.5,0
5,179,2024-12,5002,25.51,9.58,0
5,179,2025-01,5949,25.51,9.67,1
5,179,2025-02,6703,25.51,9.75,1
5,179,2025-03,2778,25.51,9.83,1
5,179,2025-04,10715,25.51,9.92,1
5,179,2025-05,5785,25.51,10.0,1
5,180,2022-06,5627,28.99,7.08,0
5,180,2022-07,5330,28.99,7.17,0
5,180,2022-08,5381,28.99,7.25,0
5,180,2022-09,5572,28.99,7.33,0
5,180,2022-10,5485,28.99,7.42,0
5,180,2022-11,5111,28.99,7.5,0
5,180,2022-12,5458,28.99,7.58,0
5,180,2023-01,5609,28.99,7.67,0
5,180,2023-02,5353,28.99,7.75,0
5,180,2023-03,5370,28.99,7.83,0
5,180,2023-04,5695,28.99,7.92,0
5,180,2023-05,5856,28.99,8.0,0
5,180,2023-06,6101,28.99,8.08,0
5,180,2023-07,6844,28.99,8.17,0
5,180,2023-08,6806,28.99,8.25,0
5,180,2023-09,6425,28.99,8.33,0
5,180,2023-10,6139,28.99,8.42,0
5,180,2023-11,5283,28.99,8.5,0
5,180,2023-12,5638,28.99,8.58,0
5,180,2024-01,6067,28.99,8.67,0
5,180,2024-02,5309,28.99,8.75,0
5,180,2024-03,6195,28.99,8.83,0
5,180,2024-04,6352,28.99,8.92,0
5,180,2024-05,6735,28.99,9.0,0
5,180,2024-06,6399,28.99,9.08,0
5,180,2024-07,6909,28.99,9.17,0
5,180,2024-08,6678,28.99,9.25,0
5,180,2024-09,5734,28.99,9.33,0
5,180,2024-10,5972,28.99,9.42,0
5,180,2024-11,5835,28.99,9.5,0
5,180,2024-12,5783,28.99,9.58,0
5,180,2025-01,7330,28.99,9.67,1
5,180,2025-02,8508,28.99,9.75,1
5,180,2025-03,3852,28.99,9.83,1
5,180,2025-04,10301,28.99,9.92,1
5,180,2025-05,6345,28.99,10.0,1
5,181,2022-06,5623,29.76,7.08,0
5,181,2022-07,5472,29.76,7.17,0
5,181,2022-08,5307,29.76,7.25,0
5,181,2022-09,5622,29.76,7.33,0
5,181,2022-10,4711,29.76,7.42,0
5,181,2022-11,5319,29.76,7.5,0
5,181,2022-12,5184,29.76,7.58,0
5,181,2023-01,5099,29.76,7.67,0
5,181,2023-02,5199,29.76,7.75,0
5,181,2023-03,5576,29.76,7.83,0
5,181,2023-04,5445,29.76,7.92,0
5,181,2023-05,5923,29.76,8.0,0
5,181,2023-06,5972,29.76,8.08,0
5,181,2023-07,5830,29.76,8.17,0
5,181,2023-08,6280,29.76,8.25,0
5,181,2023-09,5167,29.76,8.33,0
5,181,2023-10,5121,29.76,8.42,0
5,181,2023-11,5687,29.76,8.5,0
5,181,2023-12,5874,29.76,8.58,0
5,181,2024-01,5577,29.76,8.67,0
5,181,2024-02,4940,29.76,8.75,0
5,181,2024-03,5357,29.76,8.83,0
5,181,2024-04,5220,29.76,8.92,0
5,181,2024-05,6188,29.76,9.0,0
5,181,2024-06,5806,29.76,9.08,0
5,181,2024-07,5722,29.76,9.17,0
5,181,2024-08,5705,29.76,9.25,0
5,181,2024-09,6267,29.76,9.33,0
5,181,2024-10,5231,29.76,9.42,0
5,181,2024-11,4965,29.76,9.5,0
5,181,2024-12,5857,29.76,9.58,0
5,181,2025-01,7891,29.76,9.67,1
5,181,2025-02,6392,29.76,9.75,1
5,181,2025-03,5096,29.76,9.83,1
5,181,2025-04,7857,29.76,9.92,1
5,181,2025-05,6556,29.76,10.0,1
5,182,2022-06,6099,23.54,7.08,0
5,182,2022-07,6035,23.54,7.17,0
5,182,2022-08,6753,23.54,7.25,0
5,182,2022-09,6566,23.54,7.33,0
5,182,2022-10,6170,23.54,7.42,0
5,182,2022-11,5296,23.54,7.5,0
5,182,2022-12,5592,23.54,7.58,0
5,182,2023-01,5403,23.54,7.67,0
5,182,2023-02,5932,23.54,7.75,0
5,182,2023-03,6498,23.54,7.83,0
5,182,2023-04,6640,23.54,7.92,0
5,182,2023-05,6708,23.54,8.0,0
5,182,2023-06,6025,23.54,8.08,0
5,182,2023-07,6464,23.54,8.17,0
5,182,2023-08,6689,23.54,8.25,0
5,182,2023-09,6963,23.54,8.33,0
5,182,2023-10,6652,23.54,8.42,0
5,182,2023-11,6084,23.54,8.5,0
5,182,2023-12,6217,23.54,8.58,0
5,182,2024-01,5541,23.54,8.67,0
5,182,2024-02,6379,23.54,8.75,0
5,182,2024-03,6370,23.54,8.83,0
5,182,2024-04,6332,23.54,8.92,0
5,182,2024-05,5936,23.54,9.0,0
5,182,2024-06,6981,23.54,9.08,0
5,182,2024-07,7261,23.54,9.17,0
5,182,2024-08,6785,23.54,9.25,0
5,182,2024-09,7005,23.54,9.33,0
5,182,2024-10,6511,23.54,9.42,0
5,182,2024-11,5590,23.54,9.5,0
5,182,2024-12,5829,23.54,9.58,0
5,182,2025-01,5230,23.54,9.67,1
5,182,2025-02,7972,23.54,9.75,1
5,182,2025-03,11575,23.54,9.83,1
5,182,2025-04,6947,23.54,9.92,1
5,182,2025-05,5141,23.54,10.0,1
5,184,2022-06,3872,19.18,7.08,0
5,184,2022-07,4063,19.18,7.17,0
5,184,2022-08,3478,19.18,7.25,0
5,184,2022-09,3698,19.18,7.33,0
5,184,2022-10,3425,19.18,7.42,0
5,184,2022-11,3171,19.18,7.5,0
5,184,2022-12,3740,19.18,7.58,0
5,184,2023-01,3623,19.18,7.67,0
5,184,2023-02,3448,19.18,7.75,0
5,184,2023-03,3922,19.18,7.83,0
5,184,2023-04,4137,19.18,7.92,0
5,184,2023-05,3928,19.18,8.0,0
5,184,2023-06,3762,19.18,8.08,0
5,184,2023-07,3868,19.18,8.17,0
5,184,2023-08,4026,19.18,8.25,0
5,184,2023-09,3813,19.18,8.33,0
5,184,2023-10,3511,19.18,8.42,0
5,184,2023-11,3717,19.18,8.5,0
5,184,2023-12,3963,19.18,8.58,0
5,184,2024-01,4046,19.18,8.67,0
5,184,2024-02,3492,19.18,8.75,0
5,184,2024-03,3435,19.18,8.83,0
5,184,2024-04,3411,19.18,8.92,0
5,184,2024-05,3727,19.18,9.0,0
5,184,2024-06,4135,19.18,9.08,0
5,184,2024-07,4068,19.18,9.17,0
5,184,2024-08,3845,19.18,9.25,0
5,184,2024-09,4068,19.18,9.33,0
5,184,2024-10,3649,19.18,9.42,0
5,184,2024-11,4054,19.18,9.5,0
5,184,2024-12,4211,19.18,9.58,0
5,184,2025-01,4904,19.18,9.67,1
5,184,2025-02,2350,19.18,9.75,1
5,184,2025-03,6875,19.18,9.83,1
5,184,2025-04,4898,19.18,9.92,1
5,184,2025-05,4146,19.18,10.0,1
5,185,2022-06,4450,27.41,6.08,0
5,185,2022-07,4477,27.41,6.17,0
5,185,2022-08,4246,27.41,6.25,0
5,185,2022-09,4320,27.41,6.33,0
5,185,2022-10,4793,27.41,6.42,0
5,185,2022-11,4010,27.41,6.5,0
5,185,2022-12,4579,27.41,6.58,0
5,185,2023-01,4370,27.41,6.67,0
5,185,2023-02,4420,27.41,6.75,0
5,185,2023-03,5003,27.41,6.83,0
5,185,2023-04,4765,27.41,6.92,0
5,185,2023-05,4896,27.41,7.0,0
5,185,2023-06,4632,27.41,7.08,0
5,185,2023-07,4923,27.41,7.17,0
5,185,2023-08,5280,27.41,7.25,0
5,185,2023-09,5270,27.41,7.33,0
5,185,2023-10,4800,27.41,7.42,0
5,185,2023-11,4329,27.41,7.5,0
5,185,2023-12,4274,27.41,7.58,0
5,185,2024-01,4859,27.41,7.67,0
5,185,2024-02,4708,27.41,7.75,0
5,185,2024-03,4845,27.41,7.83,0
5,185,2024-04,4845,27.41,7.92,0
5,185,2024-05,4535,27.41,8.0,0
5,185,2024-06,4933,27.41,8.08,0
5,185,2024-07,4901,27.41,8.17,0
5,185,2024-08,5489,27.41,8.25,0
5,185,2024-09,4648,27.41,8.33,0
5,185,2024-10,4627,27.41,8.42,0
5,185,2024-11,5078,27.41,8.5,0
5,185,2024-12,5128,27.41,8.58,0
5,185,2025-01,5747,27.41,8.67,1
5,185,2025-02,5771,27.41,8.75,1
5,185,2025-03,7854,27.41,8.83,1
5,185,2025-04,5825,27.41,8.92,1
5,185,2025-05,4795,27.41,9.0,1
5,186,2022-06,4832,27.52,7.08,0
5,186,2022-07,5225,27.52,7.17,0
5,186,2022-08,4672,27.52,7.25,0
5,186,2022-09,4578,27.52,7.33,0
5,186,2022-10,4729,27.52,7.42,0
5,186,2022-11,5002,27.52,7.5,0
5,186,2022-12,5093,27.52,7.58,0
5,186,2023-01,4934,27.52,7.67,0
5,186,2023-02,4324,27.52,7.75,0
5,186,2023-03,5002,27.52,7.83,0
5,186,2023-04,5250,27.52,7.92,0
5,186,2023-05,5220,27.52,8.0,0
5,186,2023-06,5614,27.52,8.08,0
5,186,2023-07,5142,27.52,8.17,0
5,186,2023-08,5829,27.52,8.25,0
5,186,2023-09,4895,27.52,8.33,0
5,186,2023-10,4946,27.52,8.42,0
5,186,2023-11,5172,27.52,8.5,0
5,186,2023-12,4553,27.52,8.58,0
5,186,2024-01,4629,27.52,8.67,0
5,186,2024-02,4518,27.52,8.75,0
5,186,2024-03,4968,27.52,8.83,0
5,186,2024-04,4894,27.52,8.92,0
5,186,2024-05,5645,27.52,9.0,0
5,186,2024-06,5495,27.52,9.08,0
5,186,2024-07,5402,27.52,9.17,0
5,186,2024-08,5625,27.52,9.25,0
5,186,2024-09,5222,27.52,9.33,0
5,186,2024-10,4660,27.52,9.42,0
5,186,2024-11,5134,27.52,9.5,0
5,186,2024-12,5089,27.52,9.58,0
5,186,2025-01,7217,27.52,9.67,1
5,186,2025-02,8522,27.52,9.75,1
5,186,2025-03,7318,27.52,9.83,1
5,186,2025-04,3484,27.52,9.92,1
5,186,2025-05,4683,27.52,10.0,1
5,187,2022-06,4504,30.71,7.08,0
5,187,2022-07,5454,30.71,7.17,0
5,187,2022-08,5689,30.71,7.25,0
5,187,2022-09,4869,30.71,7.33,0
5,187,2022-10,4493,30.71,7.42,0
5,187,2022-11,4910,30.71,7.5,0
5,187,2022-12,4843,30.71,7.58,0
5,187,2023-01,4282,30.71,7.67,0
5,187,2023-02,4985,30.71,7.75,0
5,187,2023-03,4724,30.71,7.83,0
5,187,2023-04,5659,30.71,7.92,0
5,187,2023-05,5863,30.71,8.0,0
5,187,2023-06,4963,30.71,8.08,0
5,187,2023-07,5908,30.71,8.17,0
5,187,2023-08,5452,30.71,8.25,0
5,187,2023-09,5123,30.71,8.33,0
5,187,2023-10,4940,30.71,8.42,0
5,187,2023-11,4767,30.71,8.5,0
5,187,2023-12,4564,30.71,8.58,0
5,187,2024-01,5497,30.71,8.67,0
5,187,2024-02,4759,30.71,8.75,0
5,187,2024-03,5028,30.71,8.83,0
5,187,2024-04,5258,30.71,8.92,0
5,187,2024-05,5006,30.71,9.0,0
5,187,2024-06,5527,30.71,9.08,0
5,187,2024-07,5779,30.71,9.17,0
5,187,2024-08,5622,30.71,9.25,0
5,187,2024-09,5688,30.71,9.33,0
5,187,2024-10,5715,30.71,9.42,0
5,187,2024-11,5356,30.71,9.5,0
5,187,2024-12,4913,30.71,9.58,0
5,187,2025-01,6436,30.71,9.67,1
5,187,2025-02,7932,30.71,9.75,1
5,187,2025-03,6068,30.71,9.83,1
5,187,2025-04,5493,30.71,9.92,1
5,187,2025-05,6086,30.71,10.0,1
5,188,2022-06,5681,30.96,7.08,0
5,188,2022-07,5332,30.96,7.17,0
5,188,2022-08,5778,30.96,7.25,0
5,188,2022-09,5539,30.96,7.33,0
5,188,2022-10,5189,30.96,7.42,0
5,188,2022-11,5400,30.96,7.5,0
5,188,2022-12,5437,30.96,7.58,0
5,188,2023-01,4921,30.96,7.67,0
5,188,2023-02,4773,30.96,7.75,0
5,188,2023-03,5871,30.96,7.83,0
5,188,2023-04,5610,30.96,7.92,0
5,188,2023-05,5821,30.96,8.0,0
5,188,2023-06,6380,30.96,8.08,0
5,188,2023-07,5865,30.96,8.17,0
5,188,2023-08,6454,30.96,8.25,0
5,188,2023-09,5327,30.96,8.33,0
5,188,2023-10,5941,30.96,8.42,0
5,188,2023-11,5743,30.96,8.5,0
5,188,2023-12,6060,30.96,8.58,0
5,188,2024-01,5164,30.96,8.67,0
5,188,2024-02,5998,30.96,8.75,0
5,188,2024-03,5087,30.96,8.83,0
5,188,2024-04,5797,30.96,8.92,0
5,188,2024-05,5550,30.96,9.0,0
5,188,2024-06,6358,30.96,9.08,0
5,188,2024-07,6425,30.96,9.17,0
5,188,2024-08,5539,30.96,9.25,0
5,188,2024-09,5391,30.96,9.33,0
5,188,2024-10,5848,30.96,9.42,0
5,188,2024-11,6162,30.96,9.5,0
5,188,2024-12,5905,30.96,9.58,0
5,188,2025-01,7028,30.96,9.67,1
5,188,2025-02,6187,30.96,9.75,1
5,188,2025-03,6169,30.96,9.83,1
5,188,2025-04,10571,30.96,9.92,1
5,188,2025-05,4864,30.96,10.0,1
5,189,2022-06,5804,35.71,7.08,0
5,189,2022-07,5978,35.71,7.17,0
5,189,2022-08,6052,35.71,7.25,0
5,189,2022-09,6485,35.71,7.33,0
5,189,2022-10,5369,35.71,7.42,0
5,189,2022-11,5822,35.71,7.5,0
5,189,2022-12,6000,35.71,7.58,0
5,189,2023-01,5542,35.71,7.67,0
5,189,2023-02,5836,35.71,7.75,0
5,189,2023-03,5830,35.71,7.83,0
5,189,2023-04,6186,35.71,7.92,0
5,189,2023-05,5786,35.71,8.0,0
5,189,2023-06,6957,35.71,8.08,0
5,189,2023-07,6953,35.71,8.17,0
5,189,2023-08,6370,35.71,8.25,0
5,189,2023-09,6254,35.71,8.33,0
5,189,2023-10,6625,35.71,8.42,0
5,189,2023-11,5501,35.71,8.5,0
5,189,2023-12,6344,35.71,8.58,0
5,189,2024-01,6280,35.71,8.67,0
5,189,2024-02,6184,35.71,8.75,0
5,189,2024-03,6284,35.71,8.83,0
5,189,2024-04,6210,35.71,8.92,0
5,189,2024-05,6874,35.71,9.0,0
5,189,2024-06,6560,35.71,9.08,0
5,189,2024-07,7171,35.71,9.17,0
5,189,2024-08,7239,35.71,9.25,0
5,189,2024-09,6387,35.71,9.33,0
5,189,2024-10,6535,35.71,9.42,0
5,189,2024-11,5920,35.71,9.5,0
5,189,2024-12,6658,35.71,9.58,0
5,189,2025-01,8362,35.71,9.67,1
5,189,2025-02,8269,35.71,9.75,1
5,189,2025-03,6150,35.71,9.83,1
5,189,2025-04,9957,35.71,9.92,1
5,189,2025-05,5144,35.71,10.0,1
5,190,2022-06,7600,28.85,7.08,0
5,190,2022-07,8147,28.85,7.17,0
5,190,2022-08,7027,28.85,7.25,0
5,190,2022-09,6728,28.85,7.33,0
5,190,2022-10,6778,28.85,7.42,0
5,190,2022-11,6432,28.85,7.5,0
5,190,2022-12,7087,28.85,7.58,0
5,190,2023-01,7206,28.85,7.67,0
5,190,2023-02,6403,28.85,7.75,0
5,190,2023-03,7050,28.85,7.83,0
5,190,2023-04,7071,28.85,7.92,0
5,190,2023-05,7731,28.85,8.0,0
5,190,2023-06,8552,28.85,8.08,0
5,190,2023-07,7489,28.85,8.17,0
5,190,2023-08,8489,28.85,8.25,0
5,190,2023-09,8024,28.85,8.33,0
5,190,2023-10,7971,28.85,8.42,0
5,190,2023-11,7095,28.85,8.5,0
5,190,2023-12,8047,28.85,8.58,0
5,190,2024-01,8126,28.85,8.67,0
5,190,2024-02,7089,28.85,8.75,0
5,190,2024-03,7605,28.85,8.83,0
5,190,2024-04,7203,28.85,8.92,0
5,190,2024-05,7318,28.85,9.0,0
5,190,2024-06,7886,28.85,9.08,0
5,190,2024-07,7903,28.85,9.17,0
5,190,2024-08,8267,28.85,9.25,0
5,190,2024-09,7288,28.85,9.33,0
5,190,2024-10,7036,28.85,9.42,0
5,190,2024-11,8197,28.85,9.5,0
5,190,2024-12,8351,28.85,9.58,0
5,190,2025-01,11465,28.85,9.67,1
5,190,2025-02,8687,28.85,9.75,1
5,190,2025-03,6327,28.85,9.83,1
5,190,2025-04,11110,28.85,9.92,1
5,190,2025-05,7501,28.85,10.0,1
5,192,2022-06,2191,11.84,7.08,0
5,192,2022-07,2044,11.84,7.17,0
5,192,2022-08,2096,11.84,7.25,0
5,192,2022-09,2337,11.84,7.33,0
5,192,2022-10,2168,11.84,7.42,0
5,192,2022-11,1957,11.84,7.5,0
5,192,2022-12,1866,11.84,7.58,0
5,192,2023-01,1953,11.84,7.67,0
5,192,2023-02,1990,11.84,7.75,0
5,192,2023-03,2318,11.84,7.83,0
5,192,2023-04,2072,11.84,7.92,0
5,192,2023-05,2444,11.84,8.0,0
5,192,2023-06,2235,11.84,8.08,0
5,192,2023-07,2618,11.84,8.17,0
5,192,2023-08,2182,11.84,8.25,0
5,192,2023-09,2159,11.84,8.33,0
5,192,2023-10,2336,11.84,8.42,0
5,192,2023-11,2044,11.84,8.5,0
5,192,2023-12,2272,11.84,8.58,0
5,192,2024-01,2148,11.84,8.67,0
5,192,2024-02,1969,11.84,8.75,0
5,192,2024-03,2045,11.84,8.83,0
5,192,2024-04,2088,11.84,8.92,0
5,192,2024-05,2508,11.84,9.0,0
5,192,2024-06,2201,11.84,9.08,0
5,192,2024-07,2538,11.84,9.17,0
5,192,2024-08,2498,11.84,9.25,0
5,192,2024-09,2423,11.84,9.33,0
5,192,2024-10,2368,11.84,9.42,0
5,192,2024-11,2027,11.84,9.5,0
5,192,2024-12,2334,11.84,9.58,0
5,192,2025-01,2148,11.84,9.67,1
5,192,2025-02,1815,11.84,9.75,1
5,192,2025-03,2808,11.84,9.83,1
5,192,2025-04,4514,11.84,9.92,1
5,192,2025-05,2487,11.84,10.0,1
5,193,2022-06,5412,29.18,7.08,0
5,193,2022-07,6419,29.18,7.17,0
5,193,2022-08,5825,29.18,7.25,0
5,193,2022-09,5429,29.18,7.33,0
5,193,2022-10,5443,29.18,7.42,0
5,193,2022-11,5903,29.18,7.5,0
5,193,2022-12,5599,29.18,7.58,0
5,193,2023-01,5180,29.18,7.67,0
5,193,2023-02,5524,29.18,7.75,0
5,193,2023-03,6167,29.18,7.83,0
5,193,2023-04,6266,29.18,7.92,0
5,193,2023-05,6389,29.18,8.0,0
5,193,2023-06,6090,29.18,8.08,0
5,193,2023-07,6893,29.18,8.17,0
5,193,2023-08,5998,29.18,8.25,0
5,193,2023-09,6434,29.18,8.33,0
5,193,2023-10,5794,29.18,8.42,0
5,193,2023-11,5941,29.18,8.5,0
5,193,2023-12,5225,29.18,8.58,0
5,193,2024-01,5274,29.18,8.67,0
5,193,2024-02,5437,29.18,8.75,0
5,193,2024-03,5562,29.18,8.83,0
5,193,2024-04,5763,29.18,8.92,0
5,193,2024-05,5642,29.18,9.0,0
5,193,2024-06,6125,29.18,9.08,0
5,193,2024-07,6637,29.18,9.17,0
5,193,2024-08,6356,29.18,9.25,0
5,193,2024-09,5710,29.18,9.33,0
5,193,2024-10,5406,29.18,9.42,0
5,193,2024-11,6143,29.18,9.5,0
5,193,2024-12,6444,29.18,9.58,0
5,193,2025-01,8386,29.18,9.67,1
5,193,2025-02,4858,29.18,9.75,1
5,193,2025-03,7555,29.18,9.83,1
5,193,2025-04,11649,29.18,9.92,1
5,193,2025-05,3879,29.18,10.0,1
5,194,2022-06,6556,28.97,7.08,0
5,194,2022-07,6531,28.97,7.17,0
5,194,2022-08,6797,28.97,7.25,0
5,194,2022-09,6840,28.97,7.33,0
5,194,2022-10,5840,28.97,7.42,0
5,194,2022-11,6196,28.97,7.5,0
5,194,2022-12,6161,28.97,7.58,0
5,194,2023-01,5834,28.97,7.67,0
5,194,2023-02,5580,28.97,7.75,0
5,194,2023-03,6794,28.97,7.83,0
5,194,2023-04,6971,28.97,7.92,0
5,194,2023-05,6644,28.97,8.0,0
5,194,2023-06,6808,28.97,8.08,0
5,194,2023-07,7034,28.97,8.17,0
5,194,2023-08,6620,28.97,8.25,0
5,194,2023-09,6440,28.97,8.33,0
5,194,2023-10,6969,28.97,8.42,0
5,194,2023-11,6926,28.97,8.5,0
5,194,2023-12,6561,28.97,8.58,0
5,194,2024-01,6484,28.97,8.67,0
5,194,2024-02,5817,28.97,8.75,0
5,194,2024-03,5817,28.97,8.83,0
5,194,2024-04,6725,28.97,8.92,0
5,194,2024-05,6447,28.97,9.0,0
5,194,2024-06,7418,28.97,9.08,0
5,194,2024-07,7177,28.97,9.17,0
5,194,2024-08,6781,28.97,9.25,0
5,194,2024-09,7319,28.97,9.33,0
5,194,2024-10,6705,28.97,9.42,0
5,194,2024-11,6438,28.97,9.5,0
5,194,2024-12,6080,28.97,9.58,0
5,194,2025-01,5830,28.97,9.67,1
5,194,2025-02,6595,28.97,9.75,1
5,194,2025-03,8601,28.97,9.83,1
5,194,2025-04,12644,28.97,9.92,1
5,194,2025-05,5680,28.97,10.0,1
5,195,2022-06,6315,28.31,7.08,0
5,195,2022-07,6515,28.31,7.17,0
5,195,2022-08,6620,28.31,7.25,0
5,195,2022-09,6165,28.31,7.33,0
5,195,2022-10,5447,28.31,7.42,0
5,195,2022-11,5784,28.31,7.5,0
5,195,2022-12,5816,28.31,7.58,0
5,195,2023-01,5418,28.31,7.67,0
5,195,2023-02,5640,28.31,7.75,0
5,195,2023-03,5470,28.31,7.83,0
5,195,2023-04,5826,28.31,7.92,0
5,195,2023-05,5846,28.31,8.0,0
5,195,2023-06,6100,28.31,8.08,0
5,195,2023-07,6908,28.31,8.17,0
5,195,2023-08,6114,28.31,8.25,0
5,195,2023-09,6795,28.31,8.33,0
5,195,2023-10,5773,28.31,8.42,0
5,195,2023-11,6481,28.31,8.5,0
5,195,2023-12,5733,28.31,8.58,0
5,195,2024-01,5742,28.31,8.67,0
5,195,2024-02,6221,28.31,8.75,0
5,195,2024-03,6209,28.31,8.83,0
5,195,2024-04,6335,28.31,8.92,0
5,195,2024-05,6178,28.31,9.0,0
5,195,2024-06,6233,28.31,9.08,0
5,195,2024-07,6089,28.31,9.17,0
5,195,2024-08,6541,28.31,9.25,0
5,195,2024-09,6021,28.31,9.33,0
5,195,2024-10,6624,28.31,9.42,0
5,195,2024-11,5874,28.31,9.5,0
5,195,2024-12,6602,28.31,9.58,0
5,195,2025-01,7246,28.31,9.67,1
5,195,2025-02,9056,28.31,9.75,1
5,195,2025-03,4347,28.31,9.83,1
5,195,2025-04,11850,28.31,9.92,1
5,195,2025-05,4974,28.31,10.0,1
5,196,2022-06,6038,32.6,7.08,0
5,196,2022-07,6364,32.6,7.17,0
5,196,2022-08,5758,32.6,7.25,0
5,196,2022-09,5794,32.6,7.33,0
5,196,2022-10,5803,32.6,7.42,0
5,196,2022-11,5510,32.6,7.5,0
5,196,2022-12,6003,32.6,7.58,0
5,196,2023-01,5434,32.6,7.67,0
5,196,2023-02,5006,32.6,7.75,0
5,196,2023-03,6296,32.6,7.83,0
5,196,2023-04,5758,32.6,7.92,0
5,196,2023-05,5606,32.6,8.0,0
5,196,2023-06,6274,32.6,8.08,0
5,196,2023-07,6687,32.6,8.17,0
5,196,2023-08,5982,32.6,8.25,0
5,196,2023-09,5927,32.6,8.33,0
5,196,2023-10,6052,32.6,8.42,0
5,196,2023-11,6331,32.6,8.5,0
5,196,2023-12,5993,32.6,8.58,0
5,196,2024-01,5850,32.6,8.67,0
5,196,2024-02,5622,32.6,8.75,0
5,196,2024-03,6484,32.6,8.83,0
5,196,2024-04,6138,32.6,8.92,0
5,196,2024-05,5932,32.6,9.0,0
5,196,2024-06,6309,32.6,9.08,0
5,196,2024-07,6011,32.6,9.17,0
5,196,2024-08,7029,32.6,9.25,0
5,196,2024-09,5937,32.6,9.33,0
5,196,2024-10,5787,32.6,9.42,0
5,196,2024-11,6404,32.6,9.5,0
5,196,2024-12,5892,32.6,9.58,0
5,196,2025-01,7785,32.6,9.67,1
5,196,2025-02,10812,32.6,9.75,1
5,196,2025-03,4393,32.6,9.83,1
5,196,2025-04,10034,32.6,9.92,1
5,196,2025-05,3916,32.6,10.0,1
5,197,2022-06,5742,30.58,7.08,0
5,197,2022-07,5537,30.58,7.17,0
5,197,2022-08,6353,30.58,7.25,0
5,197,2022-09,6334,30.58,7.33,0
5,197,2022-10,5305,30.58,7.42,0
5,197,2022-11,5084,30.58,7.5,0
5,197,2022-12,6051,30.58,7.58,0
5,197,2023-01,4885,30.58,7.67,0
5,197,2023-02,5744,30.58,7.75,0
5,197,2023-03,5733,30.58,7.83,0
5,197,2023-04,6042,30.58,7.92,0
5,197,2023-05,5622,30.58,8.0,0
5,197,2023-06,6214,30.58,8.08,0
5,197,2023-07,6738,30.58,8.17,0
5,197,2023-08,6674,30.58,8.25,0
5,197,2023-09,6526,30.58,8.33,0
5,197,2023-10,5931,30.58,8.42,0
5,197,2023-11,6431,30.58,8.5,0
5,197,2023-12,5351,30.58,8.58,0
5,197,2024-01,5909,30.58,8.67,0
5,197,2024-02,6243,30.58,8.75,0
5,197,2024-03,6177,30.58,8.83,0
5,197,2024-04,6380,30.58,8.92,0
5,197,2024-05,5658,30.58,9.0,0
5,197,2024-06,6233,30.58,9.08,0
5,197,2024-07,6394,30.58,9.17,0
5,197,2024-08,6803,30.58,9.25,0
5,197,2024-09,6698,30.58,9.33,0
5,197,2024-10,6288,30.58,9.42,0
5,197,2024-11,6013,30.58,9.5,0
5,197,2024-12,6704,30.58,9.58,0
5,197,2025-01,6618,30.58,9.67,1
5,197,2025-02,8463,30.58,9.75,1
5,197,2025-03,6645,30.58,9.83,1
5,197,2025-04,8528,30.58,9.92,1
5,197,2025-05,6555,30.58,10.0,1
5,198,2022-06,2757,10.22,7.08,0
5,198,2022-07,2447,10.22,7.17,0
5,198,2022-08,2457,10.22,7.25,0
5,198,2022-09,2618,10.22,7.33,0
5,198,2022-10,2772,10.22,7.42,0
5,198,2022-11,2460,10.22,7.5,0
5,198,2022-12,2272,10.22,7.58,0
5,198,2023-01,2557,10.22,7.67,0
5,198,2023-02,2446,10.22,7.75,0
5,198,2023-03,2382,10.22,7.83,0
5,198,2023-04,2625,10.22,7.92,0
5,198,2023-05,2883,10.22,8.0,0
5,198,2023-06,2827,10.22,8.08,0
5,198,2023-07,2733,10.22,8.17,0
5,198,2023-08,2974,10.22,8.25,0
5,198,2023-09,2852,10.22,8.33,0
5,198,2023-10,2666,10.22,8.42,0
5,198,2023-11,2451,10.22,8.5,0
5,198,2023-12,2682,10.22,8.58,0
5,198,2024-01,2582,10.22,8.67,0
5,198,2024-02,2461,10.22,8.75,0
5,198,2024-03,2729,10.22,8.83,0
5,198,2024-04,2724,10.22,8.92,0
5,198,2024-05,3012,10.22,9.0,0
5,198,2024-06,3027,10.22,9.08,0
5,198,2024-07,2870,10.22,9.17,0
5,198,2024-08,3066,10.22,9.25,0
5,198,2024-09,2693,10.22,9.33,0
5,198,2024-10,2889,10.22,9.42,0
5,198,2024-11,2847,10.22,9.5,0
5,198,2024-12,2660,10.22,9.58,0
5,198,2025-01,2261,10.22,9.67,1
5,198,2025-02,2789,10.22,9.75,1
5,198,2025-03,3612,10.22,9.83,1
5,198,2025-04,2337,10.22,9.92,1
5,198,2025-05,5025,10.22,10.0,1
5,199,2022-06,3789,18.58,7.08,0
5,199,2022-07,3818,18.58,7.17,0
5,199,2022-08,4071,18.58,7.25,0
5,199,2022-09,4387,18.58,7.33,0
5,199,2022-10,4111,18.58,7.42,0
5,199,2022-11,4184,18.58,7.5,0
5,199,2022-12,3758,18.58,7.58,0
5,199,2023-01,3771,18.58,7.67,0
5,199,2023-02,4147,18.58,7.75,0
5,199,2023-03,3953,18.58,7.83,0
5,199,2023-04,4254,18.58,7.92,0
5,199,2023-05,4303,18.58,8.0,0
5,199,2023-06,4075,18.58,8.08,0
5,199,2023-07,4606,18.58,8.17,0
5,199,2023-08,4371,18.58,8.25,0
5,199,2023-09,4552,18.58,8.33,0
5,199,2023-10,4471,18.58,8.42,0
5,199,2023-11,4275,18.58,8.5,0
5,199,2023-12,3890,18.58,8.58,0
5,199,2024-01,4173,18.58,8.67,0
5,199,2024-02,4229,18.58,8.75,0
5,199,2024-03,4213,18.58,8.83,0
5,199,2024-04,4168,18.58,8.92,0
5,199,2024-05,3892,18.58,9.0,0
5,199,2024-06,4620,18.58,9.08,0
5,199,2024-07,4404,18.58,9.17,0
5,199,2024-08,4191,18.58,9.25,0
5,199,2024-09,3993,18.58,9.33,0
5,199,2024-10,3912,18.58,9.42,0
5,199,2024-11,4202,18.58,9.5,0
5,199,2024-12,4371,18.58,9.58,0
5,199,2025-01,4789,18.58,9.67,1
5,199,2025-02,3786,18.58,9.75,1
5,199,2025-03,5339,18.58,9.83,1
5,199,2025-04,6408,18.58,9.92,1
5,199,2025-05,5072,18.58,10.0,1
5,200,2022-06,4183,21.03,7.08,0
5,200,2022-07,4134,21.03,7.17,0
5,200,2022-08,4613,21.03,7.25,0
5,200,2022-09,4583,21.03,7.33,0
5,200,2022-10,4657,21.03,7.42,0
5,200,2022-11,4222,21.03,7.5,0
5,200,2022-12,4515,21.03,7.58,0
5,200,2023-01,3960,21.03,7.67,0
5,200,2023-02,4443,21.03,7.75,0
5,200,2023-03,4678,21.03,7.83,0
5,200,2023-04,4708,21.03,7.92,0
5,200,2023-05,4695,21.03,8.0,0
5,200,2023-06,4378,21.03,8.08,0
5,200,2023-07,5394,21.03,8.17,0
5,200,2023-08,4755,21.03,8.25,0
5,200,2023-09,4299,21.03,8.33,0
5,200,2023-10,4475,21.03,8.42,0
5,200,2023-11,4134,21.03,8.5,0
5,200,2023-12,4067,21.03,8.58,0
5,200,2024-01,4044,21.03,8.67,0
5,200,2024-02,4175,21.03,8.75,0
5,200,2024-03,4145,21.03,8.83,0
5,200,2024-04,4425,21.03,8.92,0
5,200,2024-05,4404,21.03,9.0,0
5,200,2024-06,5117,21.03,9.08,0
5,200,2024-07,5456,21.03,9.17,0
5,200,2024-08,5053,21.03,9.25,0
5,200,2024-09,5090,21.03,9.33,0
5,200,2024-10,4315,21.03,9.42,0
5,200,2024-11,4832,21.03,9.5,0
5,200,2024-12,4745,21.03,9.58,0
5,200,2025-01,5358,21.03,9.67,1
5,200,2025-02,5908,21.03,9.75,1
5,200,2025-03,6462,21.03,9.83,1
5,200,2025-04,5201,21.03,9.92,1
5,200,2025-05,4686,21.03,10.0,1
5,201,2022-06,5142,37.71,7.08,0
5,201,2022-07,4899,37.71,7.17,0
5,201,2022-08,4525,37.71,7.25,0
5,201,2022-09,4645,37.71,7.33,0
5,201,2022-10,5032,37.71,7.42,0
5,201,2022-11,4969,37.71,7.5,0
5,201,2022-12,4530,37.71,7.58,0
5,201,2023-01,4419,37.71,7.67,0
5,201,2023-02,4717,37.71,7.75,0
5,201,2023-03,4737,37.71,7.83,0
5,201,2023-04,5035,37.71,7.92,0
5,201,2023-05,4747,37.71,8.0,0
5,201,2023-06,5071,37.71,8.08,0
5,201,2023-07,5163,37.71,8.17,0
5,201,2023-08,5167,37.71,8.25,0
5,201,2023-09,4952,37.71,8.33,0
5,201,2023-10,4932,37.71,8.42,0
5,201,2023-11,5059,37.71,8.5,0
5,201,2023-12,4809,37.71,8.58,0
5,201,2024-01,5008,37.71,8.67,0
5,201,2024-02,5113,37.71,8.75,0
5,201,2024-03,5379,37.71,8.83,0
5,201,2024-04,4962,37.71,8.92,0
5,201,2024-05,5011,37.71,9.0,0
5,201,2024-06,5165,37.71,9.08,0
5,201,2024-07,5328,37.71,9.17,0
5,201,2024-08,5720,37.71,9.25,0
5,201,2024-09,5600,37.71,9.33,0
5,201,2024-10,5135,37.71,9.42,0
5,201,2024-11,5094,37.71,9.5,0
5,201,2024-12,5295,37.71,9.58,0
5,201,2025-01,5767,37.71,9.67,1
5,201,2025-02,8447,37.71,9.75,1
5,201,2025-03,9430,37.71,9.83,1
5,201,2025-04,6118,37.71,9.92,1
5,201,2025-05,1858,37.71,10.0,1
5,202,2022-06,6933,30.09,7.08,0
5,202,2022-07,6931,30.09,7.17,0
5,202,2022-08,6256,30.09,7.25,0
5,202,2022-09,6179,30.09,7.33,0
5,202,2022-10,6582,30.09,7.42,0
5,202,2022-11,6046,30.09,7.5,0
5,202,2022-12,6246,30.09,7.58,0
5,202,2023-01,6206,30.09,7.67,0
5,202,2023-02,6727,30.09,7.75,0
5,202,2023-03,6160,30.09,7.83,0
5,202,2023-04,6725,30.09,7.92,0
5,202,2023-05,7548,30.09,8.0,0
5,202,2023-06,7385,30.09,8.08,0
5,202,2023-07,6627,30.09,8.17,0
5,202,2023-08,7286,30.09,8.25,0
5,202,2023-09,7273,30.09,8.33,0
5,202,2023-10,6622,30.09,8.42,0
5,202,2023-11,6977,30.09,8.5,0
5,202,2023-12,6777,30.09,8.58,0
5,202,2024-01,7178,30.09,8.67,0
5,202,2024-02,6901,30.09,8.75,0
5,202,2024-03,6318,30.09,8.83,0
5,202,2024-04,6089,30.09,8.92,0
5,202,2024-05,7087,30.09,9.0,0
5,202,2024-06,7583,30.09,9.08,0
5,202,2024-07,7688,30.09,9.17,0
5,202,2024-08,7114,30.09,9.25,0
5,202,2024-09,7007,30.09,9.33,0
5,202,2024-10,6365,30.09,9.42,0
5,202,2024-11,7333,30.09,9.5,0
5,202,2024-12,7217,30.09,9.58,0
5,202,2025-01,7905,30.09,9.67,1
5,202,2025-02,10782,30.09,9.75,1
5,202,2025-03,7683,30.09,9.83,1
5,202,2025-04,8019,30.09,9.92,1
5,202,2025-05,6513,30.09,10.0,1
5,373,2022-06,362,3.42,6.08,0
5,373,2022-07,394,3.42,6.17,0
5,373,2022-08,335,3.42,6.25,0
5,373,2022-09,367,3.42,6.33,0
5,373,2022-10,377,3.42,6.42,0
5,373,2022-11,354,3.42,6.5,0
5,373,2022-12,324,3.42,6.58,0
5,373,2023-01,336,3.42,6.67,0
5,373,2023-02,303,3.42,6.75,0
5,373,2023-03,362,3.42,6.83,0
5,373,2023-04,401,3.42,6.92,0
5,373,2023-05,363,3.42,7.0,0
5,373,2023-06,426,3.42,7.08,0
5,373,2023-07,417,3.42,7.17,0
5,373,2023-08,398,3.42,7.25,0
5,373,2023-09,375,3.42,7.33,0
5,373,2023-10,355,3.42,7.42,0
5,373,2023-11,338,3.42,7.5,0
5,373,2023-12,372,3.42,7.58,0
5,373,2024-01,388,3.42,7.67,0
5,373,2024-02,379,3.42,7.75,0
5,373,2024-03,330,3.42,7.83,0
5,373,2024-04,337,3.42,7.92,0
5,373,2024-05,411,3.42,8.0,0
5,373,2024-06,422,3.42,8.08,0
5,373,2024-07,438,3.42,8.17,0
5,373,2024-08,399,3.42,8.25,0
5,373,2024-09,403,3.42,8.33,0
5,373,2024-10,333,3.42,8.42,0
5,373,2024-11,388,3.42,8.5,0
5,373,2024-12,396,3.42,8.58,0
5,373,2025-01,643,3.42,8.67,1
5,373,2025-02,583,3.42,8.75,1
5,373,2025-03,707,3.42,8.83,1
5,373,2025-04,276,3.42,8.92,1
5,373,2025-05,208,3.42,9.0,1
6,203,2022-06,6595,44.6,6.08,0
6,203,2022-07,6651,44.6,6.17,0
6,203,2022-08,6546,44.6,6.25,0
6,203,2022-09,6906,44.6,6.33,0
6,203,2022-10,6739,44.6,6.42,0
6,203,2022-11,5947,44.6,6.5,0
6,203,2022-12,5759,44.6,6.58,0
6,203,2023-01,6418,44.6,6.67,0
6,203,2023-02,6239,44.6,6.75,0
6,203,2023-03,6312,44.6,6.83,0
6,203,2023-04,6851,44.6,6.92,0
6,203,2023-05,7539,44.6,7.0,0
6,203,2023-06,7314,44.6,7.08,0
6,203,2023-07,6548,44.6,7.17,0
6,203,2023-08,6439,44.6,7.25,0
6,203,2023-09,6427,44.6,7.33,0
6,203,2023-10,6957,44.6,7.42,0
6,203,2023-11,6475,44.6,7.5,0
6,203,2023-12,6510,44.6,7.58,0
6,203,2024-01,6424,44.6,7.67,0
6,203,2024-02,6080,44.6,7.75,0
6,203,2024-03,6085,44.6,7.83,0
6,203,2024-04,6090,44.6,7.92,0
6,203,2024-05,6519,44.6,8.0,0
6,203,2024-06,6446,44.6,8.08,0
6,203,2024-07,7564,44.6,8.17,0
6,203,2024-08,6961,44.6,8.25,0
6,203,2024-09,7163,44.6,8.33,0
6,203,2024-10,6125,44.6,8.42,0
6,203,2024-11,6414,44.6,8.5,0
6,203,2024-12,6354,44.6,8.58,0
6,203,2025-01,9807,44.6,8.67,1
6,203,2025-02,9399,44.6,8.75,1
6,203,2025-03,9328,44.6,8.83,1
6,203,2025-04,8425,44.6,8.92,1
6,203,2025-05,6178,44.6,9.0,1
6,204,2022-06,6000,33.94,6.08,0
6,204,2022-07,6969,33.94,6.17,0
6,204,2022-08,5909,33.94,6.25,0
6,204,2022-09,6369,33.94,6.33,0
6,204,2022-10,5619,33.94,6.42,0
6,204,2022-11,6377,33.94,6.5,0
6,204,2022-12,6298,33.94,6.58,0
6,204,2023-01,5982,33.94,6.67,0
6,204,2023-02,5660,33.94,6.75,0
6,204,2023-03,6389,33.94,6.83,0
6,204,2023-04,6780,33.94,6.92,0
6,204,2023-05,6802,33.94,7.0,0
6,204,2023-06,6740,33.94,7.08,0
6,204,2023-07,7171,33.94,7.17,0
6,204,2023-08,6964,33.94,7.25,0
6,204,2023-09,6776,33.94,7.33,0
6,204,2023-10,5990,33.94,7.42,0
6,204,2023-11,6428,33.94,7.5,0
6,204,2023-12,5970,33.94,7.58,0
6,204,2024-01,6922,33.94,7.67,0
6,204,2024-02,5905,33.94,7.75,0
6,204,2024-03,5910,33.94,7.83,0
6,204,2024-04,6935,33.94,7.92,0
6,204,2024-05,6619,33.94,8.0,0
6,204,2024-06,7077,33.94,8.08,0
6,204,2024-07,7408,33.94,8.17,0
6,204,2024-08,6662,33.94,8.25,0
6,204,2024-09,7099,33.94,8.33,0
6,204,2024-10,6022,33.94,8.42,0
6,204,2024-11,5848,33.94,8.5,0
6,204,2024-12,6333,33.94,8.58,0
6,204,2025-01,9006,33.94,8.67,1
6,204,2025-02,7235,33.94,8.75,1
6,204,2025-03,9295,33.94,8.83,1
6,204,2025-04,7530,33.94,8.92,1
6,204,2025-05,7903,33.94,9.0,1
6,205,2022-06,4275,25.21,6.08,0
6,205,2022-07,4456,25.21,6.17,0
6,205,2022-08,4669,25.21,6.25,0
6,205,2022-09,5221,25.21,6.33,0
6,205,2022-10,5003,25.21,6.42,0
6,205,2022-11,4077,25.21,6.5,0
6,205,2022-12,4436,25.21,6.58,0
6,205,2023-01,4096,25.21,6.67,0
6,205,2023-02,4557,25.21,6.75,0
6,205,2023-03,4957,25.21,6.83,0
6,205,2023-04,5257,25.21,6.92,0
6,205,2023-05,5311,25.21,7.0,0
6,205,2023-06,5397,25.21,7.08,0
6,205,2023-07,5479,25.21,7.17,0
6,205,2023-08,5284,25.21,7.25,0
6,205,2023-09,4950,25.21,7.33,0
6,205,2023-10,4763,25.21,7.42,0
6,205,2023-11,4984,25.21,7.5,0
6,205,2023-12,4770,25.21,7.58,0
6,205,2024-01,4823,25.21,7.67,0
6,205,2024-02,4287,25.21,7.75,0
6,205,2024-03,4382,25.21,7.83,0
6,205,2024-04,5113,25.21,7.92,0
6,205,2024-05,4827,25.21,8.0,0
6,205,2024-06,5310,25.21,8.08,0
6,205,2024-07,5446,25.21,8.17,0
6,205,2024-08,5250,25.21,8.25,0
6,205,2024-09,5161,25.21,8.33,0
6,205,2024-10,4821,25.21,8.42,0
6,205,2024-11,4785,25.21,8.5,0
6,205,2024-12,5430,25.21,8.58,0
6,205,2025-01,4797,25.21,8.67,1
6,205,2025-02,7910,25.21,8.75,1
6,205,2025-03,3427,25.21,8.83,1
6,205,2025-04,9075,25.21,8.92,1
6,205,2025-05,5809,25.21,9.0,1
6,206,2022-06,3969,24.87,6.08,0
6,206,2022-07,4943,24.87,6.17,0
6,206,2022-08,4474,24.87,6.25,0
6,206,2022-09,4179,24.87,6.33,0
6,206,2022-10,4573,24.87,6.42,0
6,206,2022-11,4564,24.87,6.5,0
6,206,2022-12,4069,24.87,6.58,0
6,206,2023-01,4158,24.87,6.67,0
6,206,2023-02,4196,24.87,6.75,0
6,206,2023-03,4721,24.87,6.83,0
6,206,2023-04,4906,24.87,6.92,0
6,206,2023-05,5158,24.87,7.0,0
6,206,2023-06,5076,24.87,7.08,0
6,206,2023-07,5400,24.87,7.17,0
6,206,2023-08,4884,24.87,7.25,0
6,206,2023-09,4585,24.87,7.33,0
6,206,2023-10,4112,24.87,7.42,0
6,206,2023-11,4695,24.87,7.5,0
6,206,2023-12,4196,24.87,7.58,0
6,206,2024-01,4217,24.87,7.67,0
6,206,2024-02,4033,24.87,7.75,0
6,206,2024-03,4237,24.87,7.83,0
6,206,2024-04,4510,24.87,7.92,0
6,206,2024-05,5001,24.87,8.0,0
6,206,2024-06,4879,24.87,8.08,0
6,206,2024-07,5159,24.87,8.17,0
6,206,2024-08,5460,24.87,8.25,0
6,206,2024-09,5032,24.87,8.33,0
6,206,2024-10,5019,24.87,8.42,0
6,206,2024-11,4771,24.87,8.5,0
6,206,2024-12,4532,24.87,8.58,0
6,206,2025-01,4808,24.87,8.67,1
6,206,2025-02,5260,24.87,8.75,1
6,206,2025-03,2591,24.87,8.83,1
6,206,2025-04,6499,24.87,8.92,1
6,206,2025-05,10150,24.87,9.0,1
6,207,2022-06,4578,27.83,6.08,0
6,207,2022-07,5400,27.83,6.17,0
6,207,2022-08,5144,27.83,6.25,0
6,207,2022-09,5175,27.83,6.33,0
6,207,2022-10,4566,27.83,6.42,0
6,207,2022-11,4783,27.83,6.5,0
6,207,2022-12,4719,27.83,6.58,0
6,207,2023-01,4400,27.83,6.67,0
6,207,2023-02,4560,27.83,6.75,0
6,207,2023-03,4904,27.83,6.83,0
6,207,2023-04,5443,27.83,6.92,0
6,207,2023-05,5015,27.83,7.0,0
6,207,2023-06,5063,27.83,7.08,0
6,207,2023-07,6053,27.83,7.17,0
6,207,2023-08,5751,27.83,7.25,0
6,207,2023-09,5611,27.83,7.33,0
6,207,2023-10,5312,27.83,7.42,0
6,207,2023-11,4918,27.83,7.5,0
6,207,2023-12,5006,27.83,7.58,0
6,207,2024-01,5215,27.83,7.67,0
6,207,2024-02,4687,27.83,7.75,0
6,207,2024-03,4773,27.83,7.83,0
6,207,2024-04,5668,27.83,7.92,0
6,207,2024-05,4964,27.83,8.0,0
6,207,2024-06,5680,27.83,8.08,0
6,207,2024-07,6360,27.83,8.17,0
6,207,2024-08,6035,27.83,8.25,0
6,207,2024-09,5934,27.83,8.33,0
6,207,2024-10,5241,27.83,8.42,0
6,207,2024-11,5811,27.83,8.5,0
6,207,2024-12,5390,27.83,8.58,0
6,207,2025-01,4957,27.83,8.67,1
6,207,2025-02,9265,27.83,8.75,1
6,207,2025-03,3323,27.83,8.83,1
6,207,2025-04,6760,27.83,8.92,1
6,207,2025-05,9490,27.83,9.0,1
6,208,2022-06,3642,25.24,6.08,0
6,208,2022-07,3784,25.24,6.17,0
6,208,2022-08,3483,25.24,6.25,0
6,208,2022-09,3577,25.24,6.33,0
6,208,2022-10,3392,25.24,6.42,0
6,208,2022-11,3230,25.24,6.5,0
6,208,2022-12,3306,25.24,6.58,0
6,208,2023-01,3346,25.24,6.67,0
6,208,2023-02,3009,25.24,6.75,0
6,208,2023-03,3579,25.24,6.83,0
6,208,2023-04,3339,25.24,6.92,0
6,208,2023-05,3423,25.24,7.0,0
6,208,2023-06,4146,25.24,7.08,0
6,208,2023-07,3876,25.24,7.17,0
6,208,2023-08,3664,25.24,7.25,0
6,208,2023-09,3410,25.24,7.33,0
6,208,2023-10,3791,25.24,7.42,0
6,208,2023-11,3237,25.24,7.5,0
6,208,2023-12,3559,25.24,7.58,0
6,208,2024-01,3543,25.24,7.67,0
6,208,2024-02,3741,25.24,7.75,0
6,208,2024-03,3898,25.24,7.83,0
6,208,2024-04,3699,25.24,7.92,0
6,208,2024-05,3571,25.24,8.0,0
6,208,2024-06,3705,25.24,8.08,0
6,208,2024-07,3811,25.24,8.17,0
6,208,2024-08,3718,25.24,8.25,0
6,208,2024-09,4033,25.24,8.33,0
6,208,2024-10,3475,25.24,8.42,0
6,208,2024-11,3618,25.24,8.5,0
6,208,2024-12,3632,25.24,8.58,0
6,208,2025-01,4350,25.24,8.67,1
6,208,2025-02,6689,25.24,8.75,1
6,208,2025-03,3134,25.24,8.83,1
6,208,2025-04,4000,25.24,8.92,1
6,208,2025-05,5411,25.24,9.0,1
6,209,2022-06,3484,25.28,6.08,0
6,209,2022-07,4164,25.28,6.17,0
6,209,2022-08,4166,25.28,6.25,0
6,209,2022-09,3761,25.28,6.33,0
6,209,2022-10,3921,25.28,6.42,0
6,209,2022-11,3833,25.28,6.5,0
6,209,2022-12,3204,25.28,6.58,0
6,209,2023-01,3399,25.28,6.67,0
6,209,2023-02,3470,25.28,6.75,0
6,209,2023-03,3446,25.28,6.83,0
6,209,2023-04,4054,25.28,6.92,0
6,209,2023-05,4014,25.28,7.0,0
6,209,2023-06,4189,25.28,7.08,0
6,209,2023-07,4212,25.28,7.17,0
6,209,2023-08,4026,25.28,7.25,0
6,209,2023-09,4076,25.28,7.33,0
6,209,2023-10,4050,25.28,7.42,0
6,209,2023-11,3922,25.28,7.5,0
6,209,2023-12,3604,25.28,7.58,0
6,209,2024-01,3794,25.28,7.67,0
6,209,2024-02,3993,25.28,7.75,0
6,209,2024-03,3458,25.28,7.83,0
6,209,2024-04,3661,25.28,7.92,0
6,209,2024-05,3818,25.28,8.0,0
6,209,2024-06,4431,25.28,8.08,0
6,209,2024-07,4534,25.28,8.17,0
6,209,2024-08,4569,25.28,8.25,0
6,209,2024-09,4435,25.28,8.33,0
6,209,2024-10,3982,25.28,8.42,0
6,209,2024-11,3671,25.28,8.5,0
6,209,2024-12,3998,25.28,8.58,0
6,209,2025-01,5209,25.28,8.67,1
6,209,2025-02,5524,25.28,8.75,1
6,209,2025-03,6367,25.28,8.83,1
6,209,2025-04,3286,25.28,8.92,1
6,209,2025-05,4702,25.28,9.0,1
6,210,2022-06,5005,31.79,6.08,0
6,210,2022-07,5925,31.79,6.17,0
6,210,2022-08,5972,31.79,6.25,0
6,210,2022-09,5198,31.79,6.33,0
6,210,2022-10,5203,31.79,6.42,0
6,210,2022-11,5631,31.79,6.5,0
6,210,2022-12,5162,31.79,6.58,0
6,210,2023-01,5086,31.79,6.67,0
6,210,2023-02,5150,31.79,6.75,0
6,210,2023-03,5826,31.79,6.83,0
6,210,2023-04,5661,31.79,6.92,0
6,210,2023-05,6446,31.79,7.0,0
6,210,2023-06,6218,31.79,7.08,0
6,210,2023-07,6633,31.79,7.17,0
6,210,2023-08,6532,31.79,7.25,0
6,210,2023-09,6153,31.79,7.33,0
6,210,2023-10,5327,31.79,7.42,0
6,210,2023-11,5831,31.79,7.5,0
6,210,2023-12,5631,31.79,7.58,0
6,210,2024-01,5774,31.79,7.67,0
6,210,2024-02,5610,31.79,7.75,0
6,210,2024-03,5266,31.79,7.83,0
6,210,2024-04,5812,31.79,7.92,0
6,210,2024-05,6446,31.79,8.0,0
6,210,2024-06,5938,31.79,8.08,0
6,210,2024-07,6984,31.79,8.17,0
6,210,2024-08,6782,31.79,8.25,0
6,210,2024-09,6363,31.79,8.33,0
6,210,2024-10,5289,31.79,8.42,0
6,210,2024-11,5401,31.79,8.5,0
6,210,2024-12,6176,31.79,8.58,0
6,210,2025-01,7903,31.79,8.67,1
6,210,2025-02,7349,31.79,8.75,1
6,210,2025-03,7084,31.79,8.83,1
6,210,2025-04,8350,31.79,8.92,1
6,210,2025-05,6325,31.79,9.0,1
6,211,2022-06,5814,27.69,6.08,0
6,211,2022-07,5711,27.69,6.17,0
6,211,2022-08,5576,27.69,6.25,0
6,211,2022-09,5416,27.69,6.33,0
6,211,2022-10,5923,27.69,6.42,0
6,211,2022-11,4778,27.69,6.5,0
6,211,2022-12,4920,27.69,6.58,0
6,211,2023-01,5313,27.69,6.67,0
6,211,2023-02,5460,27.69,6.75,0
6,211,2023-03,5672,27.69,6.83,0
6,211,2023-04,5751,27.69,6.92,0
6,211,2023-05,5694,27.69,7.0,0
6,211,2023-06,6273,27.69,7.08,0
6,211,2023-07,5805,27.69,7.17,0
6,211,2023-08,6216,27.69,7.25,0
6,211,2023-09,5908,27.69,7.33,0
6,211,2023-10,6150,27.69,7.42,0
6,211,2023-11,6104,27.69,7.5,0
6,211,2023-12,5811,27.69,7.58,0
6,211,2024-01,6012,27.69,7.67,0
6,211,2024-02,5584,27.69,7.75,0
6,211,2024-03,5319,27.69,7.83,0
6,211,2024-04,6161,27.69,7.92,0
6,211,2024-05,6004,27.69,8.0,0
6,211,2024-06,5999,27.69,8.08,0
6,211,2024-07,6013,27.69,8.17,0
6,211,2024-08,6170,27.69,8.25,0
6,211,2024-09,5909,27.69,8.33,0
6,211,2024-10,5474,27.69,8.42,0
6,211,2024-11,5722,27.69,8.5,0
6,211,2024-12,5377,27.69,8.58,0
6,211,2025-01,8029,27.69,8.67,1
6,211,2025-02,8023,27.69,8.75,1
6,211,2025-03,2790,27.69,8.83,1
6,211,2025-04,9542,27.69,8.92,1
6,211,2025-05,7711,27.69,9.0,1
6,212,2022-06,5539,27.63,6.08,0
6,212,2022-07,5685,27.63,6.17,0
6,212,2022-08,5611,27.63,6.25,0
6,212,2022-09,5288,27.63,6.33,0
6,212,2022-10,5531,27.63,6.42,0
6,212,2022-11,4945,27.63,6.5,0
6,212,2022-12,5654,27.63,6.58,0
6,212,2023-01,4784,27.63,6.67,0
6,212,2023-02,5101,27.63,6.75,0
6,212,2023-03,5189,27.63,6.83,0
6,212,2023-04,5526,27.63,6.92,0
6,212,2023-05,5946,27.63,7.0,0
6,212,2023-06,6428,27.63,7.08,0
6,212,2023-07,5866,27.63,7.17,0
6,212,2023-08,5835,27.63,7.25,0
6,212,2023-09,6028,27.63,7.33,0
6,212,2023-10,6301,27.63,7.42,0
6,212,2023-11,5202,27.63,7.5,0
6,212,2023-12,6233,27.63,7.58,0
6,212,2024-01,5871,27.63,7.67,0
6,212,2024-02,6094,27.63,7.75,0
6,212,2024-03,5415,27.63,7.83,0
6,212,2024-04,6228,27.63,7.92,0
6,212,2024-05,6482,27.63,8.0,0
6,212,2024-06,5787,27.63,8.08,0
6,212,2024-07,7071,27.63,8.17,0
6,212,2024-08,6540,27.63,8.25,0
6,212,2024-09,5883,27.63,8.33,0
6,212,2024-10,5820,27.63,8.42,0
6,212,2024-11,5628,27.63,8.5,0
6,212,2024-12,6547,27.63,8.58,0
6,212,2025-01,7051,27.63,8.67,1
6,212,2025-02,9404,27.63,8.75,1
6,212,2025-03,4996,27.63,8.83,1
6,212,2025-04,6553,27.63,8.92,1
6,212,2025-05,9074,27.63,9.0,1
6,213,2022-06,4706,28.75,6.08,0
6,213,2022-07,4797,28.75,6.17,0
6,213,2022-08,4898,28.75,6.25,0
6,213,2022-09,5070,28.75,6.33,0
6,213,2022-10,4614,28.75,6.42,0
6,213,2022-11,5278,28.75,6.5,0
6,213,2022-12,5162,28.75,6.58,0
6,213,2023-01,4431,28.75,6.67,0
6,213,2023-02,5073,28.75,6.75,0
6,213,2023-03,5684,28.75,6.83,0
6,213,2023-04,5205,28.75,6.92,0
6,213,2023-05,5773,28.75,7.0,0
6,213,2023-06,5714,28.75,7.08,0
6,213,2023-07,5668,28.75,7.17,0
6,213,2023-08,5997,28.75,7.25,0
6,213,2023-09,5825,28.75,7.33,0
6,213,2023-10,5369,28.75,7.42,0
6,213,2023-11,5531,28.75,7.5,0
6,213,2023-12,5537,28.75,7.58,0
6,213,2024-01,5650,28.75,7.67,0
6,213,2024-02,5138,28.75,7.75,0
6,213,2024-03,5646,28.75,7.83,0
6,213,2024-04,5508,28.75,7.92,0
6,213,2024-05,5908,28.75,8.0,0
6,213,2024-06,5269,28.75,8.08,0
6,213,2024-07,5952,28.75,8.17,0
6,213,2024-08,6040,28.75,8.25,0
6,213,2024-09,5302,28.75,8.33,0
6,213,2024-10,4998,28.75,8.42,0
6,213,2024-11,5155,28.75,8.5,0
6,213,2024-12,5774,28.75,8.58,0
6,213,2025-01,7337,28.75,8.67,1
6,213,2025-02,9024,28.75,8.75,1
6,213,2025-03,4181,28.75,8.83,1
6,213,2025-04,6966,28.75,8.92,1
6,213,2025-05,6627,28.75,9.0,1
6,214,2022-06,4676,32.66,6.08,0
6,214,2022-07,5598,32.66,6.17,0
6,214,2022-08,4946,32.66,6.25,0
6,214,2022-09,5219,32.66,6.33,0
6,214,2022-10,4977,32.66,6.42,0
6,214,2022-11,4769,32.66,6.5,0
6,214,2022-12,5020,32.66,6.58,0
6,214,2023-01,4736,32.66,6.67,0
6,214,2023-02,4389,32.66,6.75,0
6,214,2023-03,4872,32.66,6.83,0
6,214,2023-04,5800,32.66,6.92,0
6,214,2023-05,5454,32.66,7.0,0
6,214,2023-06,5957,32.66,7.08,0
6,214,2023-07,5751,32.66,7.17,0
6,214,2023-08,5970,32.66,7.25,0
6,214,2023-09,5116,32.66,7.33,0
6,214,2023-10,4978,32.66,7.42,0
6,214,2023-11,5299,32.66,7.5,0
6,214,2023-12,5010,32.66,7.58,0
6,214,2024-01,5710,32.66,7.67,0
6,214,2024-02,4779,32.66,7.75,0
6,214,2024-03,5189,32.66,7.83,0
6,214,2024-04,5694,32.66,7.92,0
6,214,2024-05,5056,32.66,8.0,0
6,214,2024-06,6086,32.66,8.08,0
6,214,2024-07,5758,32.66,8.17,0
6,214,2024-08,5603,32.66,8.25,0
6,214,2024-09,5858,32.66,8.33,0
6,214,2024-10,5534,32.66,8.42,0
6,214,2024-11,5073,32.66,8.5,0
6,214,2024-12,5300,32.66,8.58,0
6,214,2025-01,4462,32.66,8.67,1
6,214,2025-02,9603,32.66,8.75,1
6,214,2025-03,4546,32.66,8.83,1
6,214,2025-04,9838,32.66,8.92,1
6,214,2025-05,5864,32.66,9.0,1
6,215,2022-06,4893,29.09,6.08,0
6,215,2022-07,5710,29.09,6.17,0
6,215,2022-08,6095,29.09,6.25,0
6,215,2022-09,5923,29.09,6.33,0
6,215,2022-10,5153,29.09,6.42,0
6,215,2022-11,5130,29.09,6.5,0
6,215,2022-12,5501,29.09,6.58,0
6,215,2023-01,4838,29.09,6.67,0
6,215,2023-02,5192,29.09,6.75,0
6,215,2023-03,5530,29.09,6.83,0
6,215,2023-04,5462,29.09,6.92,0
6,215,2023-05,5989,29.09,7.0,0
6,215,2023-06,6422,29.09,7.08,0
6,215,2023-07,6235,29.09,7.17,0
6,215,2023-08,6405,29.09,7.25,0
6,215,2023-09,6058,29.09,7.33,0
6,215,2023-10,6022,29.09,7.42,0
6,215,2023-11,5186,29.09,7.5,0
6,215,2023-12,5449,29.09,7.58,0
6,215,2024-01,5419,29.09,7.67,0
6,215,2024-02,5724,29.09,7.75,0
6,215,2024-03,5452,29.09,7.83,0
6,215,2024-04,4995,29.09,7.92,0
6,215,2024-05,5698,29.09,8.0,0
6,215,2024-06,5591,29.09,8.08,0
6,215,2024-07,6514,29.09,8.17,0
6,215,2024-08,5766,29.09,8.25,0
6,215,2024-09,5518,29.09,8.33,0
6,215,2024-10,6213,29.09,8.42,0
6,215,2024-11,5635,29.09,8.5,0
6,215,2024-12,5395,29.09,8.58,0
6,215,2025-01,4910,29.09,8.67,1
6,215,2025-02,7269,29.09,8.75,1
6,215,2025-03,6443,29.09,8.83,1
6,215,2025-04,9463,29.09,8.92,1
6,215,2025-05,7662,29.09,9.0,1
6,216,2022-06,4952,30.07,6.08,0
6,216,2022-07,5475,30.07,6.17,0
6,216,2022-08,5018,30.07,6.25,0
6,216,2022-09,5370,30.07,6.33,0
6,216,2022-10,5391,30.07,6.42,0
6,216,2022-11,5269,30.07,6.5,0
6,216,2022-12,4818,30.07,6.58,0
6,216,2023-01,5040,30.07,6.67,0
6,216,2023-02,4673,30.07,6.75,0
6,216,2023-03,5495,30.07,6.83,0
6,216,2023-04,4898,30.07,6.92,0
6,216,2023-05,4889,30.07,7.0,0
6,216,2023-06,5586,30.07,7.08,0
6,216,2023-07,5426,30.07,7.17,0
6,216,2023-08,5149,30.07,7.25,0
6,216,2023-09,5937,30.07,7.33,0
6,216,2023-10,5100,30.07,7.42,0
6,216,2023-11,4933,30.07,7.5,0
6,216,2023-12,4980,30.07,7.58,0
6,216,2024-01,4867,30.07,7.67,0
6,216,2024-02,5079,30.07,7.75,0
6,216,2024-03,5438,30.07,7.83,0
6,216,2024-04,4766,30.07,7.92,0
6,216,2024-05,5321,30.07,8.0,0
6,216,2024-06,5901,30.07,8.08,0
6,216,2024-07,5936,30.07,8.17,0
6,216,2024-08,6032,30.07,8.25,0
6,216,2024-09,5336,30.07,8.33,0
6,216,2024-10,5098,30.07,8.42,0
6,216,2024-11,4816,30.07,8.5,0
6,216,2024-12,5198,30.07,8.58,0
6,216,2025-01,5157,30.07,8.67,1
6,216,2025-02,4890,30.07,8.75,1
6,216,2025-03,7705,30.07,8.83,1
6,216,2025-04,6949,30.07,8.92,1
6,216,2025-05,8837,30.07,9.0,1
6,222,2022-06,3702,27.94,6.08,0
6,222,2022-07,3817,27.94,6.17,0
6,222,2022-08,3751,27.94,6.25,0
6,222,2022-09,3888,27.94,6.33,0
6,222,2022-10,3726,27.94,6.42,0
6,222,2022-11,3795,27.94,6.5,0
6,222,2022-12,4022,27.94,6.58,0
6,222,2023-01,3481,27.94,6.67,0
6,222,2023-02,3523,27.94,6.75,0
6,222,2023-03,4370,27.94,6.83,0
6,222,2023-04,4201,27.94,6.92,0
6,222,2023-05,3947,27.94,7.0,0
6,222,2023-06,4557,27.94,7.08,0
6,222,2023-07,4646,27.94,7.17,0
6,222,2023-08,4720,27.94,7.25,0
6,222,2023-09,4554,27.94,7.33,0
6,222,2023-10,4192,27.94,7.42,0
6,222,2023-11,3617,27.94,7.5,0
6,222,2023-12,3837,27.94,7.58,0
6,222,2024-01,3878,27.94,7.67,0
6,222,2024-02,4097,27.94,7.75,0
6,222,2024-03,4269,27.94,7.83,0
6,222,2024-04,4269,27.94,7.92,0
6,222,2024-05,3852,27.94,8.0,0
6,222,2024-06,4429,27.94,8.08,0
6,222,2024-07,4330,27.94,8.17,0
6,222,2024-08,4669,27.94,8.25,0
6,222,2024-09,4147,27.94,8.33,0
6,222,2024-10,4479,27.94,8.42,0
6,222,2024-11,4385,27.94,8.5,0
6,222,2024-12,4026,27.94,8.58,0
6,222,2025-01,6855,27.94,8.67,1
6,222,2025-02,7815,27.94,8.75,1
6,222,2025-03,3698,27.94,8.83,1
6,222,2025-04,5875,27.94,8.92,1
6,222,2025-05,2357,27.94,9.0,1
6,223,2022-06,5367,28.6,6.08,0
6,223,2022-07,5394,28.6,6.17,0
6,223,2022-08,5116,28.6,6.25,0
6,223,2022-09,5515,28.6,6.33,0
6,223,2022-10,5742,28.6,6.42,0
6,223,2022-11,5106,28.6,6.5,0
6,223,2022-12,5073,28.6,6.58,0
6,223,2023-01,5213,28.6,6.67,0
6,223,2023-02,5234,28.6,6.75,0
6,223,2023-03,5000,28.6,6.83,0
6,223,2023-04,6119,28.6,6.92,0
6,223,2023-05,5991,28.6,7.0,0
6,223,2023-06,5347,28.6,7.08,0
6,223,2023-07,5884,28.6,7.17,0
6,223,2023-08,6303,28.6,7.25,0
6,223,2023-09,5853,28.6,7.33,0
6,223,2023-10,5072,28.6,7.42,0
6,223,2023-11,5228,28.6,7.5,0
6,223,2023-12,5652,28.6,7.58,0
6,223,2024-01,5630,28.6,7.67,0
6,223,2024-02,5093,28.6,7.75,0
6,223,2024-03,5571,28.6,7.83,0
6,223,2024-04,5608,28.6,7.92,0
6,223,2024-05,5940,28.6,8.0,0
6,223,2024-06,6236,28.6,8.08,0
6,223,2024-07,6186,28.6,8.17,0
6,223,2024-08,6287,28.6,8.25,0
6,223,2024-09,6099,28.6,8.33,0
6,223,2024-10,5230,28.6,8.42,0
6,223,2024-11,6070,28.6,8.5,0
6,223,2024-12,5521,28.6,8.58,0
6,223,2025-01,7648,28.6,8.67,1
6,223,2025-02,5519,28.6,8.75,1
6,223,2025-03,4280,28.6,8.83,1
6,223,2025-04,9117,28.6,8.92,1
6,223,2025-05,8631,28.6,9.0,1
6,230,2022-06,4446,27.35,6.08,0
6,230,2022-07,5396,27.35,6.17,0
6,230,2022-08,4943,27.35,6.25,0
6,230,2022-09,5539,27.35,6.33,0
6,230,2022-10,4408,27.35,6.42,0
6,230,2022-11,5067,27.35,6.5,0
6,230,2022-12,5098,27.35,6.58,0
6,230,2023-01,5008,27.35,6.67,0
6,230,2023-02,4899,27.35,6.75,0
6,230,2023-03,4939,27.35,6.83,0
6,230,2023-04,5562,27.35,6.92,0
6,230,2023-05,5731,27.35,7.0,0
6,230,2023-06,5705,27.35,7.08,0
6,230,2023-07,5680,27.35,7.17,0
6,230,2023-08,5073,27.35,7.25,0
6,230,2023-09,5033,27.35,7.33,0
6,230,2023-10,4833,27.35,7.42,0
6,230,2023-11,5302,27.35,7.5,0
6,230,2023-12,4801,27.35,7.58,0
6,230,2024-01,5320,27.35,7.67,0
6,230,2024-02,4494,27.35,7.75,0
6,230,2024-03,5543,27.35,7.83,0
6,230,2024-04,4933,27.35,7.92,0
6,230,2024-05,5329,27.35,8.0,0
6,230,2024-06,5877,27.35,8.08,0
6,230,2024-07,5549,27.35,8.17,0
6,230,2024-08,5389,27.35,8.25,0
6,230,2024-09,5211,27.35,8.33,0
6,230,2024-10,5678,27.35,8.42,0
6,230,2024-11,4840,27.35,8.5,0
6,230,2024-12,5139,27.35,8.58,0
6,230,2025-01,6167,27.35,8.67,1
6,230,2025-02,5119,27.35,8.75,1
6,230,2025-03,7575,27.35,8.83,1
6,230,2025-04,8197,27.35,8.92,1
6,230,2025-05,5598,27.35,9.0,1
6,245,2022-06,4562,27.76,6.08,0
6,245,2022-07,4387,27.76,6.17,0
6,245,2022-08,4349,27.76,6.25,0
6,245,2022-09,4751,27.76,6.33,0
6,245,2022-10,3997,27.76,6.42,0
6,245,2022-11,4724,27.76,6.5,0
6,245,2022-12,4348,27.76,6.58,0
6,245,2023-01,3902,27.76,6.67,0
6,245,2023-02,4299,27.76,6.75,0
6,245,2023-03,4698,27.76,6.83,0
6,245,2023-04,4585,27.76,6.92,0
6,245,2023-05,4923,27.76,7.0,0
6,245,2023-06,5130,27.76,7.08,0
6,245,2023-07,4882,27.76,7.17,0
6,245,2023-08,4646,27.76,7.25,0
6,245,2023-09,4653,27.76,7.33,0
6,245,2023-10,4246,27.76,7.42,0
6,245,2023-11,4146,27.76,7.5,0
6,245,2023-12,4629,27.76,7.58,0
6,245,2024-01,4905,27.76,7.67,0
6,245,2024-02,4122,27.76,7.75,0
6,245,2024-03,4945,27.76,7.83,0
6,245,2024-04,4946,27.76,7.92,0
6,245,2024-05,4834,27.76,8.0,0
6,245,2024-06,5045,27.76,8.08,0
6,245,2024-07,5367,27.76,8.17,0
6,245,2024-08,4780,27.76,8.25,0
6,245,2024-09,5169,27.76,8.33,0
6,245,2024-10,4324,27.76,8.42,0
6,245,2024-11,4949,27.76,8.5,0
6,245,2024-12,4432,27.76,8.58,0
6,245,2025-01,4769,27.76,8.67,1
6,245,2025-02,3728,27.76,8.75,1
6,245,2025-03,5807,27.76,8.83,1
6,245,2025-04,7069,27.76,8.92,1
6,245,2025-05,8669,27.76,9.0,1
6,246,2022-06,2844,20.26,7.08,0
6,246,2022-07,3001,20.26,7.17,0
6,246,2022-08,3630,20.26,7.25,0
6,246,2022-09,3210,20.26,7.33,0
6,246,2022-10,3426,20.26,7.42,0
6,246,2022-11,3021,20.26,7.5,0
6,246,2022-12,2770,20.26,7.58,0
6,246,2023-01,3021,20.26,7.67,0
6,246,2023-02,3058,20.26,7.75,0
6,246,2023-03,3403,20.26,7.83,0
6,246,2023-04,3612,20.26,7.92,0
6,246,2023-05,3760,20.26,8.0,0
6,246,2023-06,3198,20.26,8.08,0
6,246,2023-07,3631,20.26,8.17,0
6,246,2023-08,3796,20.26,8.25,0
6,246,2023-09,3521,20.26,8.33,0
6,246,2023-10,3023,20.26,8.42,0
6,246,2023-11,3405,20.26,8.5,0
6,246,2023-12,3528,20.26,8.58,0
6,246,2024-01,2971,20.26,8.67,0
6,246,2024-02,3487,20.26,8.75,0
6,246,2024-03,3259,20.26,8.83,0
6,246,2024-04,3196,20.26,8.92,0
6,246,2024-05,3340,20.26,9.0,0
6,246,2024-06,3465,20.26,9.08,0
6,246,2024-07,3651,20.26,9.17,0
6,246,2024-08,3864,20.26,9.25,0
6,246,2024-09,3840,20.26,9.33,0
6,246,2024-10,3372,20.26,9.42,0
6,246,2024-11,3447,20.26,9.5,0
6,246,2024-12,3447,20.26,9.58,0
6,246,2025-01,4453,20.26,9.67,1
6,246,2025-02,6428,20.26,9.75,1
6,246,2025-03,3469,20.26,9.83,1
6,246,2025-04,2494,20.26,9.92,1
6,246,2025-05,4025,20.26,10.0,1
6,247,2022-06,2505,15.14,7.08,0
6,247,2022-07,2617,15.14,7.17,0
6,247,2022-08,2622,15.14,7.25,0
6,247,2022-09,2780,15.14,7.33,0
6,247,2022-10,2584,15.14,7.42,0
6,247,2022-11,2447,15.14,7.5,0
6,247,2022-12,2430,15.14,7.58,0
6,247,2023-01,2208,15.14,7.67,0
6,247,2023-02,2458,15.14,7.75,0
6,247,2023-03,2534,15.14,7.83,0
6,247,2023-04,2577,15.14,7.92,0
6,247,2023-05,2681,15.14,8.0,0
6,247,2023-06,2852,15.14,8.08,0
6,247,2023-07,2830,15.14,8.17,0
6,247,2023-08,2641,15.14,8.25,0
6,247,2023-09,2673,15.14,8.33,0
6,247,2023-10,2491,15.14,8.42,0
6,247,2023-11,2757,15.14,8.5,0
6,247,2023-12,2443,15.14,8.58,0
6,247,2024-01,2865,15.14,8.67,0
6,247,2024-02,2470,15.14,8.75,0
6,247,2024-03,2861,15.14,8.83,0
6,247,2024-04,2429,15.14,8.92,0
6,247,2024-05,2528,15.14,9.0,0
6,247,2024-06,2935,15.14,9.08,0
6,247,2024-07,3014,15.14,9.17,0
6,247,2024-08,2761,15.14,9.25,0
6,247,2024-09,2577,15.14,9.33,0
6,247,2024-10,2899,15.14,9.42,0
6,247,2024-11,2669,15.14,9.5,0
6,247,2024-12,2615,15.14,9.58,0
6,247,2025-01,3964,15.14,9.67,1
6,247,2025-02,3596,15.14,9.75,1
6,247,2025-03,2285,15.14,9.83,1
6,247,2025-04,2904,15.14,9.92,1
6,247,2025-05,4106,15.14,10.0,1
6,248,2022-06,4702,30.72,7.08,0
6,248,2022-07,5273,30.72,7.17,0
6,248,2022-08,4713,30.72,7.25,0
6,248,2022-09,4969,30.72,7.33,0
6,248,2022-10,4628,30.72,7.42,0
6,248,2022-11,4208,30.72,7.5,0
6,248,2022-12,4658,30.72,7.58,0
6,248,2023-01,4762,30.72,7.67,0
6,248,2023-02,4764,30.72,7.75,0
6,248,2023-03,5243,30.72,7.83,0
6,248,2023-04,5083,30.72,7.92,0
6,248,2023-05,4681,30.72,8.0,0
6,248,2023-06,5170,30.72,8.08,0
6,248,2023-07,5039,30.72,8.17,0
6,248,2023-08,5048,30.72,8.25,0
6,248,2023-09,4831,30.72,8.33,0
6,248,2023-10,5088,30.72,8.42,0
6,248,2023-11,5223,30.72,8.5,0
6,248,2023-12,4849,30.72,8.58,0
6,248,2024-01,5275,30.72,8.67,0
6,248,2024-02,4991,30.72,8.75,0
6,248,2024-03,5196,30.72,8.83,0
6,248,2024-04,4557,30.72,8.92,0
6,248,2024-05,4708,30.72,9.0,0
6,248,2024-06,5754,30.72,9.08,0
6,248,2024-07,5906,30.72,9.17,0
6,248,2024-08,5482,30.72,9.25,0
6,248,2024-09,5233,30.72,9.33,0
6,248,2024-10,4790,30.72,9.42,0
6,248,2024-11,5255,30.72,9.5,0
6,248,2024-12,5179,30.72,9.58,0
6,248,2025-01,4406,30.72,9.67,1
6,248,2025-02,7153,30.72,9.75,1
6,248,2025-03,5966,30.72,9.83,1
6,248,2025-04,5992,30.72,9.92,1
6,248,2025-05,7341,30.72,10.0,1
6,249,2022-06,4373,25.71,7.08,0
6,249,2022-07,5425,25.71,7.17,0
6,249,2022-08,4537,25.71,7.25,0
6,249,2022-09,5440,25.71,7.33,0
6,249,2022-10,4451,25.71,7.42,0
6,249,2022-11,4652,25.71,7.5,0
6,249,2022-12,4777,25.71,7.58,0
6,249,2023-01,4550,25.71,7.67,0
6,249,2023-02,4387,25.71,7.75,0
6,249,2023-03,4759,25.71,7.83,0
6,249,2023-04,4697,25.71,7.92,0
6,249,2023-05,5481,25.71,8.0,0
6,249,2023-06,5867,25.71,8.08,0
6,249,2023-07,5378,25.71,8.17,0
6,249,2023-08,5060,25.71,8.25,0
6,249,2023-09,5471,25.71,8.33,0
6,249,2023-10,5371,25.71,8.42,0
6,249,2023-11,5156,25.71,8.5,0
6,249,2023-12,4865,25.71,8.58,0
6,249,2024-01,4491,25.71,8.67,0
6,249,2024-02,4547,25.71,8.75,0
6,249,2024-03,4483,25.71,8.83,0
6,249,2024-04,5239,25.71,8.92,0
6,249,2024-05,5348,25.71,9.0,0
6,249,2024-06,5816,25.71,9.08,0
6,249,2024-07,5578,25.71,9.17,0
6,249,2024-08,5735,25.71,9.25,0
6,249,2024-09,4907,25.71,9.33,0
6,249,2024-10,5367,25.71,9.42,0
6,249,2024-11,4578,25.71,9.5,0
6,249,2024-12,5547,25.71,9.58,0
6,249,2025-01,7820,25.71,9.67,1
6,249,2025-02,6890,25.71,9.75,1
6,249,2025-03,5420,25.71,9.83,1
6,249,2025-04,6068,25.71,9.92,1
6,249,2025-05,4961,25.71,10.0,1
6,250,2022-06,4151,26.08,6.08,0
6,250,2022-07,3889,26.08,6.17,0
6,250,2022-08,4109,26.08,6.25,0
6,250,2022-09,4436,26.08,6.33,0
6,250,2022-10,4163,26.08,6.42,0
6,250,2022-11,4164,26.08,6.5,0
6,250,2022-12,4053,26.08,6.58,0
6,250,2023-01,4045,26.08,6.67,0
6,250,2023-02,4080,26.08,6.75,0
6,250,2023-03,4037,26.08,6.83,0
6,250,2023-04,3996,26.08,6.92,0
6,250,2023-05,4059,26.08,7.0,0
6,250,2023-06,4498,26.08,7.08,0
6,250,2023-07,4350,26.08,7.17,0
6,250,2023-08,4838,26.08,7.25,0
6,250,2023-09,3994,26.08,7.33,0
6,250,2023-10,4496,26.08,7.42,0
6,250,2023-11,3922,26.08,7.5,0
6,250,2023-12,4333,26.08,7.58,0
6,250,2024-01,4431,26.08,7.67,0
6,250,2024-02,3935,26.08,7.75,0
6,250,2024-03,4478,26.08,7.83,0
6,250,2024-04,4555,26.08,7.92,0
6,250,2024-05,4788,26.08,8.0,0
6,250,2024-06,4902,26.08,8.08,0
6,250,2024-07,4586,26.08,8.17,0
6,250,2024-08,4652,26.08,8.25,0
6,250,2024-09,4272,26.08,8.33,0
6,250,2024-10,3994,26.08,8.42,0
6,250,2024-11,4590,26.08,8.5,0
6,250,2024-12,3936,26.08,8.58,0
6,250,2025-01,5547,26.08,8.67,1
6,250,2025-02,6098,26.08,8.75,1
6,250,2025-03,4053,26.08,8.83,1
6,250,2025-04,5221,26.08,8.92,1
6,250,2025-05,6650,26.08,9.0,1
6,251,2022-06,4025,24.8,6.08,0
6,251,2022-07,3617,24.8,6.17,0
6,251,2022-08,3747,24.8,6.25,0
6,251,2022-09,4096,24.8,6.33,0
6,251,2022-10,3889,24.8,6.42,0
6,251,2022-11,3456,24.8,6.5,0
6,251,2022-12,4002,24.8,6.58,0
6,251,2023-01,3248,24.8,6.67,0
6,251,2023-02,3845,24.8,6.75,0
6,251,2023-03,4221,24.8,6.83,0
6,251,2023-04,4401,24.8,6.92,0
6,251,2023-05,4501,24.8,7.0,0
6,251,2023-06,4021,24.8,7.08,0
6,251,2023-07,4485,24.8,7.17,0
6,251,2023-08,4103,24.8,7.25,0
6,251,2023-09,4405,24.8,7.33,0
6,251,2023-10,3837,24.8,7.42,0
6,251,2023-11,3794,24.8,7.5,0
6,251,2023-12,3870,24.8,7.58,0
6,251,2024-01,4070,24.8,7.67,0
6,251,2024-02,3699,24.8,7.75,0
6,251,2024-03,4265,24.8,7.83,0
6,251,2024-04,4231,24.8,7.92,0
6,251,2024-05,4075,24.8,8.0,0
6,251,2024-06,4604,24.8,8.08,0
6,251,2024-07,4718,24.8,8.17,0
6,251,2024-08,4758,24.8,8.25,0
6,251,2024-09,4186,24.8,8.33,0
6,251,2024-10,4353,24.8,8.42,0
6,251,2024-11,4380,24.8,8.5,0
6,251,2024-12,4284,24.8,8.58,0
6,251,2025-01,4711,24.8,8.67,1
6,251,2025-02,5868,24.8,8.75,1
6,251,2025-03,5423,24.8,8.83,1
6,251,2025-04,6641,24.8,8.92,1
6,251,2025-05,3356,24.8,9.0,1
6,252,2022-06,5626,30.31,6.08,0
6,252,2022-07,5863,30.31,6.17,0
6,252,2022-08,6463,30.31,6.25,0
6,252,2022-09,6788,30.31,6.33,0
6,252,2022-10,6518,30.31,6.42,0
6,252,2022-11,6267,30.31,6.5,0
6,252,2022-12,5954,30.31,6.58,0
6,252,2023-01,6169,30.31,6.67,0
6,252,2023-02,6222,30.31,6.75,0
6,252,2023-03,6756,30.31,6.83,0
6,252,2023-04,6699,30.31,6.92,0
6,252,2023-05,6300,30.31,7.0,0
6,252,2023-06,7104,30.31,7.08,0
6,252,2023-07,6357,30.31,7.17,0
6,252,2023-08,7367,30.31,7.25,0
6,252,2023-09,6173,30.31,7.33,0
6,252,2023-10,6673,30.31,7.42,0
6,252,2023-11,5629,30.31,7.5,0
6,252,2023-12,5868,30.31,7.58,0
6,252,2024-01,5937,30.31,7.67,0
6,252,2024-02,6753,30.31,7.75,0
6,252,2024-03,6716,30.31,7.83,0
6,252,2024-04,6703,30.31,7.92,0
6,252,2024-05,5933,30.31,8.0,0
6,252,2024-06,7184,30.31,8.08,0
6,252,2024-07,7071,30.31,8.17,0
6,252,2024-08,6498,30.31,8.25,0
6,252,2024-09,6871,30.31,8.33,0
6,252,2024-10,6088,30.31,8.42,0
6,252,2024-11,6970,30.31,8.5,0
6,252,2024-12,6665,30.31,8.58,0
6,252,2025-01,5354,30.31,8.67,1
6,252,2025-02,4020,30.31,8.75,1
6,252,2025-03,12056,30.31,8.83,1
6,252,2025-04,9963,30.31,8.92,1
6,252,2025-05,8839,30.31,9.0,1
6,253,2022-06,5668,20.27,7.08,0
6,253,2022-07,5185,20.27,7.17,0
6,253,2022-08,6148,20.27,7.25,0
6,253,2022-09,5166,20.27,7.33,0
6,253,2022-10,4867,20.27,7.42,0
6,253,2022-11,5751,20.27,7.5,0
6,253,2022-12,4769,20.27,7.58,0
6,253,2023-01,4737,20.27,7.67,0
6,253,2023-02,4872,20.27,7.75,0
6,253,2023-03,5290,20.27,7.83,0
6,253,2023-04,5821,20.27,7.92,0
6,253,2023-05,5362,20.27,8.0,0
6,253,2023-06,6052,20.27,8.08,0
6,253,2023-07,5517,20.27,8.17,0
6,253,2023-08,5532,20.27,8.25,0
6,253,2023-09,5844,20.27,8.33,0
6,253,2023-10,5365,20.27,8.42,0
6,253,2023-11,5701,20.27,8.5,0
6,253,2023-12,5552,20.27,8.58,0
6,253,2024-01,5074,20.27,8.67,0
6,253,2024-02,5777,20.27,8.75,0
6,253,2024-03,5443,20.27,8.83,0
6,253,2024-04,5081,20.27,8.92,0
6,253,2024-05,6143,20.27,9.0,0
6,253,2024-06,6178,20.27,9.08,0
6,253,2024-07,5901,20.27,9.17,0
6,253,2024-08,6382,20.27,9.25,0
6,253,2024-09,5406,20.27,9.33,0
6,253,2024-10,6108,20.27,9.42,0
6,253,2024-11,5851,20.27,9.5,0
6,253,2024-12,5416,20.27,9.58,0
6,253,2025-01,7683,20.27,9.67,1
6,253,2025-02,5176,20.27,9.75,1
6,253,2025-03,5678,20.27,9.83,1
6,253,2025-04,8897,20.27,9.92,1
6,253,2025-05,6294,20.27,10.0,1
6,254,2022-06,3809,19.77,7.08,0
6,254,2022-07,3852,19.77,7.17,0
6,254,2022-08,3908,19.77,7.25,0
6,254,2022-09,4211,19.77,7.33,0
6,254,2022-10,4231,19.77,7.42,0
6,254,2022-11,3690,19.77,7.5,0
6,254,2022-12,3750,19.77,7.58,0
6,254,2023-01,3502,19.77,7.67,0
6,254,2023-02,4048,19.77,7.75,0
6,254,2023-03,4445,19.77,7.83,0
6,254,2023-04,3905,19.77,7.92,0
6,254,2023-05,4034,19.77,8.0,0
6,254,2023-06,4372,19.77,8.08,0
6,254,2023-07,4727,19.77,8.17,0
6,254,2023-08,4615,19.77,8.25,0
6,254,2023-09,4646,19.77,8.33,0
6,254,2023-10,4623,19.77,8.42,0
6,254,2023-11,3953,19.77,8.5,0
6,254,2023-12,4046,19.77,8.58,0
6,254,2024-01,4022,19.77,8.67,0
6,254,2024-02,4210,19.77,8.75,0
6,254,2024-03,4086,19.77,8.83,0
6,254,2024-04,3831,19.77,8.92,0
6,254,2024-05,4187,19.77,9.0,0
6,254,2024-06,4365,19.77,9.08,0
6,254,2024-07,5031,19.77,9.17,0
6,254,2024-08,4195,19.77,9.25,0
6,254,2024-09,4485,19.77,9.33,0
6,254,2024-10,4644,19.77,9.42,0
6,254,2024-11,3837,19.77,9.5,0
6,254,2024-12,4485,19.77,9.58,0
6,254,2025-01,6116,19.77,9.67,1
6,254,2025-02,6361,19.77,9.75,1
6,254,2025-03,6309,19.77,9.83,1
6,254,2025-04,3862,19.77,9.92,1
6,254,2025-05,3536,19.77,10.0,1
6,255,2022-06,3634,28.45,7.08,0
6,255,2022-07,3749,28.45,7.17,0
6,255,2022-08,4486,28.45,7.25,0
6,255,2022-09,3805,28.45,7.33,0
6,255,2022-10,3964,28.45,7.42,0
6,255,2022-11,3716,28.45,7.5,0
6,255,2022-12,4090,28.45,7.58,0
6,255,2023-01,3527,28.45,7.67,0
6,255,2023-02,3569,28.45,7.75,0
6,255,2023-03,3816,28.45,7.83,0
6,255,2023-04,4039,28.45,7.92,0
6,255,2023-05,4063,28.45,8.0,0
6,255,2023-06,4140,28.45,8.08,0
6,255,2023-07,4499,28.45,8.17,0
6,255,2023-08,4435,28.45,8.25,0
6,255,2023-09,4443,28.45,8.33,0
6,255,2023-10,3977,28.45,8.42,0
6,255,2023-11,4342,28.45,8.5,0
6,255,2023-12,3948,28.45,8.58,0
6,255,2024-01,3867,28.45,8.67,0
6,255,2024-02,3885,28.45,8.75,0
6,255,2024-03,3646,28.45,8.83,0
6,255,2024-04,4160,28.45,8.92,0
6,255,2024-05,4374,28.45,9.0,0
6,255,2024-06,4656,28.45,9.08,0
6,255,2024-07,4488,28.45,9.17,0
6,255,2024-08,4697,28.45,9.25,0
6,255,2024-09,4093,28.45,9.33,0
6,255,2024-10,3958,28.45,9.42,0
6,255,2024-11,4148,28.45,9.5,0
6,255,2024-12,4053,28.45,9.58,0
6,255,2025-01,4291,28.45,9.67,1
6,255,2025-02,4506,28.45,9.75,1
6,255,2025-03,4979,28.45,9.83,1
6,255,2025-04,10397,28.45,9.92,1
6,255,2025-05,1717,28.45,10.0,1
6,256,2022-06,3406,29.46,7.08,0
6,256,2022-07,3683,29.46,7.17,0
6,256,2022-08,3263,29.46,7.25,0
6,256,2022-09,3741,29.46,7.33,0
6,256,2022-10,3242,29.46,7.42,0
6,256,2022-11,3349,29.46,7.5,0
6,256,2022-12,3318,29.46,7.58,0
6,256,2023-01,3071,29.46,7.67,0
6,256,2023-02,3479,29.46,7.75,0
6,256,2023-03,3322,29.46,7.83,0
6,256,2023-04,3827,29.46,7.92,0
6,256,2023-05,3762,29.46,8.0,0
6,256,2023-06,3508,29.46,8.08,0
6,256,2023-07,3897,29.46,8.17,0
6,256,2023-08,3497,29.46,8.25,0
6,256,2023-09,3508,29.46,8.33,0
6,256,2023-10,3263,29.46,8.42,0
6,256,2023-11,3749,29.46,8.5,0
6,256,2023-12,3559,29.46,8.58,0
6,256,2024-01,3661,29.46,8.67,0
6,256,2024-02,3193,29.46,8.75,0
6,256,2024-03,3724,29.46,8.83,0
6,256,2024-04,3837,29.46,8.92,0
6,256,2024-05,3393,29.46,9.0,0
6,256,2024-06,4150,29.46,9.08,0
6,256,2024-07,4232,29.46,9.17,0
6,256,2024-08,3905,29.46,9.25,0
6,256,2024-09,3792,29.46,9.33,0
6,256,2024-10,3975,29.46,9.42,0
6,256,2024-11,3667,29.46,9.5,0
6,256,2024-12,4017,29.46,9.58,0
6,256,2025-01,3391,29.46,9.67,1
6,256,2025-02,5500,29.46,9.75,1
6,256,2025-03,5033,29.46,9.83,1
6,256,2025-04,5104,29.46,9.92,1
6,256,2025-05,3987,29.46,10.0,1
6,257,2022-06,4140,27.37,6.08,0
6,257,2022-07,4651,27.37,6.17,0
6,257,2022-08,4400,27.37,6.25,0
6,257,2022-09,4185,27.37,6.33,0
6,257,2022-10,4303,27.37,6.42,0
6,257,2022-11,4291,27.37,6.5,0
6,257,2022-12,4208,27.37,6.58,0
6,257,2023-01,3665,27.37,6.67,0
6,257,2023-02,4032,27.37,6.75,0
6,257,2023-03,4199,27.37,6.83,0
6,257,2023-04,4587,27.37,6.92,0
6,257,2023-05,4962,27.37,7.0,0
6,257,2023-06,4537,27.37,7.08,0
6,257,2023-07,5024,27.37,7.17,0
6,257,2023-08,4405,27.37,7.25,0
6,257,2023-09,5117,27.37,7.33,0
6,257,2023-10,4491,27.37,7.42,0
6,257,2023-11,4731,27.37,7.5,0
6,257,2023-12,3960,27.37,7.58,0
6,257,2024-01,4643,27.37,7.67,0
6,257,2024-02,4285,27.37,7.75,0
6,257,2024-03,4314,27.37,7.83,0
6,257,2024-04,4570,27.37,7.92,0
6,257,2024-05,4532,27.37,8.0,0
6,257,2024-06,4792,27.37,8.08,0
6,257,2024-07,5003,27.37,8.17,0
6,257,2024-08,4462,27.37,8.25,0
6,257,2024-09,4865,27.37,8.33,0
6,257,2024-10,4090,27.37,8.42,0
6,257,2024-11,4692,27.37,8.5,0
6,257,2024-12,4231,27.37,8.58,0
6,257,2025-01,5733,27.37,8.67,1
6,257,2025-02,7198,27.37,8.75,1
6,257,2025-03,4434,27.37,8.83,1
6,257,2025-04,7474,27.37,8.92,1
6,257,2025-05,4130,27.37,9.0,1
6,258,2022-06,1468,11.0,6.08,0
6,258,2022-07,1579,11.0,6.17,0
6,258,2022-08,1611,11.0,6.25,0
6,258,2022-09,1646,11.0,6.33,0
6,258,2022-10,1522,11.0,6.42,0
6,258,2022-11,1578,11.0,6.5,0
6,258,2022-12,1327,11.0,6.58,0
6,258,2023-01,1280,11.0,6.67,0
6,258,2023-02,1430,11.0,6.75,0
6,258,2023-03,1458,11.0,6.83,0
6,258,2023-04,1466,11.0,6.92,0
6,258,2023-05,1581,11.0,7.0,0
6,258,2023-06,1486,11.0,7.08,0
6,258,2023-07,1619,11.0,7.17,0
6,258,2023-08,1521,11.0,7.25,0
6,258,2023-09,1684,11.0,7.33,0
6,258,2023-10,1410,11.0,7.42,0
6,258,2023-11,1603,11.0,7.5,0
6,258,2023-12,1614,11.0,7.58,0
6,258,2024-01,1645,11.0,7.67,0
6,258,2024-02,1526,11.0,7.75,0
6,258,2024-03,1492,11.0,7.83,0
6,258,2024-04,1483,11.0,7.92,0
6,258,2024-05,1697,11.0,8.0,0
6,258,2024-06,1503,11.0,8.08,0
6,258,2024-07,1661,11.0,8.17,0
6,258,2024-08,1671,11.0,8.25,0
6,258,2024-09,1590,11.0,8.33,0
6,258,2024-10,1685,11.0,8.42,0
6,258,2024-11,1532,11.0,8.5,0
6,258,2024-12,1428,11.0,8.58,0
6,258,2025-01,2656,11.0,8.67,1
6,258,2025-02,1558,11.0,8.75,1
6,258,2025-03,1186,11.0,8.83,1
6,258,2025-04,1192,11.0,8.92,1
6,258,2025-05,3514,11.0,9.0,1
6,259,2022-06,5102,29.18,6.08,0
6,259,2022-07,5525,29.18,6.17,0
6,259,2022-08,4760,29.18,6.25,0
6,259,2022-09,4923,29.18,6.33,0
6,259,2022-10,4645,29.18,6.42,0
6,259,2022-11,4708,29.18,6.5,0
6,259,2022-12,4527,29.18,6.58,0
6,259,2023-01,4785,29.18,6.67,0
6,259,2023-02,4236,29.18,6.75,0
6,259,2023-03,4547,29.18,6.83,0
6,259,2023-04,5688,29.18,6.92,0
6,259,2023-05,5452,29.18,7.0,0
6,259,2023-06,5288,29.18,7.08,0
6,259,2023-07,6097,29.18,7.17,0
6,259,2023-08,5247,29.18,7.25,0
6,259,2023-09,5182,29.18,7.33,0
6,259,2023-10,5071,29.18,7.42,0
6,259,2023-11,4890,29.18,7.5,0
6,259,2023-12,5339,29.18,7.58,0
6,259,2024-01,5493,29.18,7.67,0
6,259,2024-02,4834,29.18,7.75,0
6,259,2024-03,5042,29.18,7.83,0
6,259,2024-04,5069,29.18,7.92,0
6,259,2024-05,5393,29.18,8.0,0
6,259,2024-06,5697,29.18,8.08,0
6,259,2024-07,5816,29.18,8.17,0
6,259,2024-08,5056,29.18,8.25,0
6,259,2024-09,5644,29.18,8.33,0
6,259,2024-10,5057,29.18,8.42,0
6,259,2024-11,5034,29.18,8.5,0
6,259,2024-12,5425,29.18,8.58,0
6,259,2025-01,9595,29.18,8.67,1
6,259,2025-02,3981,29.18,8.75,1
6,259,2025-03,8190,29.18,8.83,1
6,259,2025-04,8896,29.18,8.92,1
6,259,2025-05,2287,29.18,9.0,1
6,260,2022-06,3202,15.91,6.08,0
6,260,2022-07,3414,15.91,6.17,0
6,260,2022-08,3060,15.91,6.25,0
6,260,2022-09,3054,15.91,6.33,0
6,260,2022-10,3182,15.91,6.42,0
6,260,2022-11,2884,15.91,6.5,0
6,260,2022-12,2893,15.91,6.58,0
6,260,2023-01,2852,15.91,6.67,0
6,260,2023-02,3344,15.91,6.75,0
6,260,2023-03,3215,15.91,6.83,0
6,260,2023-04,3302,15.91,6.92,0
6,260,2023-05,3643,15.91,7.0,0
6,260,2023-06,3792,15.91,7.08,0
6,260,2023-07,3756,15.91,7.17,0
6,260,2023-08,3301,15.91,7.25,0
6,260,2023-09,3637,15.91,7.33,0
6,260,2023-10,3189,15.91,7.42,0
6,260,2023-11,3496,15.91,7.5,0
6,260,2023-12,3163,15.91,7.58,0
6,260,2024-01,3114,15.91,7.67,0
6,260,2024-02,3477,15.91,7.75,0
6,260,2024-03,3585,15.91,7.83,0
6,260,2024-04,3318,15.91,7.92,0
6,260,2024-05,3340,15.91,8.0,0
6,260,2024-06,3757,15.91,8.08,0
6,260,2024-07,3534,15.91,8.17,0
6,260,2024-08,3880,15.91,8.25,0
6,260,2024-09,3588,15.91,8.33,0
6,260,2024-10,3751,15.91,8.42,0
6,260,2024-11,3489,15.91,8.5,0
6,260,2024-12,3699,15.91,8.58,0
6,260,2025-01,3971,15.91,8.67,1
6,260,2025-02,4031,15.91,8.75,1
6,260,2025-03,5151,15.91,8.83,1
6,260,2025-04,4509,15.91,8.92,1
6,260,2025-05,3665,15.91,9.0,1
6,261,2022-06,3762,20.23,7.08,0
6,261,2022-07,4399,20.23,7.17,0
6,261,2022-08,4164,20.23,7.25,0
6,261,2022-09,4222,20.23,7.33,0
6,261,2022-10,4098,20.23,7.42,0
6,261,2022-11,3725,20.23,7.5,0
6,261,2022-12,3992,20.23,7.58,0
6,261,2023-01,3433,20.23,7.67,0
6,261,2023-02,3881,20.23,7.75,0
6,261,2023-03,4200,20.23,7.83,0
6,261,2023-04,4255,20.23,7.92,0
6,261,2023-05,4738,20.23,8.0,0
6,261,2023-06,4290,20.23,8.08,0
6,261,2023-07,4536,20.23,8.17,0
6,261,2023-08,4481,20.23,8.25,0
6,261,2023-09,4570,20.23,8.33,0
6,261,2023-10,3806,20.23,8.42,0
6,261,2023-11,3762,20.23,8.5,0
6,261,2023-12,4145,20.23,8.58,0
6,261,2024-01,3948,20.23,8.67,0
6,261,2024-02,3964,20.23,8.75,0
6,261,2024-03,4378,20.23,8.83,0
6,261,2024-04,4312,20.23,8.92,0
6,261,2024-05,4342,20.23,9.0,0
6,261,2024-06,4372,20.23,9.08,0
6,261,2024-07,4462,20.23,9.17,0
6,261,2024-08,4546,20.23,9.25,0
6,261,2024-09,4724,20.23,9.33,0
6,261,2024-10,4391,20.23,9.42,0
6,261,2024-11,4214,20.23,9.5,0
6,261,2024-12,4298,20.23,9.58,0
6,261,2025-01,3446,20.23,9.67,1
6,261,2025-02,4777,20.23,9.75,1
6,261,2025-03,6553,20.23,9.83,1
6,261,2025-04,4888,20.23,9.92,1
6,261,2025-05,6089,20.23,10.0,1
6,262,2022-06,4391,26.51,7.08,0
6,262,2022-07,4695,26.51,7.17,0
6,262,2022-08,4897,26.51,7.25,0
6,262,2022-09,4514,26.51,7.33,0
6,262,2022-10,4077,26.51,7.42,0
6,262,2022-11,4542,26.51,7.5,0
6,262,2022-12,4226,26.51,7.58,0
6,262,2023-01,3792,26.51,7.67,0
6,262,2023-02,4348,26.51,7.75,0
6,262,2023-03,4729,26.51,7.83,0
6,262,2023-04,4353,26.51,7.92,0
6,262,2023-05,4259,26.51,8.0,0
6,262,2023-06,4485,26.51,8.08,0
6,262,2023-07,4627,26.51,8.17,0
6,262,2023-08,5230,26.51,8.25,0
6,262,2023-09,4337,26.51,8.33,0
6,262,2023-10,4556,26.51,8.42,0
6,262,2023-11,4772,26.51,8.5,0
6,262,2023-12,4001,26.51,8.58,0
6,262,2024-01,4521,26.51,8.67,0
6,262,2024-02,4456,26.51,8.75,0
6,262,2024-03,4051,26.51,8.83,0
6,262,2024-04,4561,26.51,8.92,0
6,262,2024-05,5008,26.51,9.0,0
6,262,2024-06,4953,26.51,9.08,0
6,262,2024-07,5283,26.51,9.17,0
6,262,2024-08,5097,26.51,9.25,0
6,262,2024-09,4480,26.51,9.33,0
6,262,2024-10,4576,26.51,9.42,0
6,262,2024-11,4290,26.51,9.5,0
6,262,2024-12,4943,26.51,9.58,0
6,262,2025-01,6054,26.51,9.67,1
6,262,2025-02,5923,26.51,9.75,1
6,262,2025-03,5846,26.51,9.83,1
6,262,2025-04,7560,26.51,9.92,1
6,262,2025-05,2680,26.51,10.0,1
6,263,2022-06,4806,28.28,6.08,0
6,263,2022-07,4452,28.28,6.17,0
6,263,2022-08,5103,28.28,6.25,0
6,263,2022-09,4882,28.28,6.33,0
6,263,2022-10,4553,28.28,6.42,0
6,263,2022-11,4516,28.28,6.5,0
6,263,2022-12,4484,28.28,6.58,0
6,263,2023-01,4442,28.28,6.67,0
6,263,2023-02,3863,28.28,6.75,0
6,263,2023-03,4499,28.28,6.83,0
6,263,2023-04,5078,28.28,6.92,0
6,263,2023-05,5052,28.28,7.0,0
6,263,2023-06,5424,28.28,7.08,0
6,263,2023-07,5049,28.28,7.17,0
6,263,2023-08,4752,28.28,7.25,0
6,263,2023-09,4844,28.28,7.33,0
6,263,2023-10,4937,28.28,7.42,0
6,263,2023-11,4416,28.28,7.5,0
6,263,2023-12,4345,28.28,7.58,0
6,263,2024-01,4286,28.28,7.67,0
6,263,2024-02,4934,28.28,7.75,0
6,263,2024-03,4202,28.28,7.83,0
6,263,2024-04,5015,28.28,7.92,0
6,263,2024-05,4357,28.28,8.0,0
6,263,2024-06,5159,28.28,8.08,0
6,263,2024-07,5335,28.28,8.17,0
6,263,2024-08,4623,28.28,8.25,0
6,263,2024-09,4902,28.28,8.33,0
6,263,2024-10,4675,28.28,8.42,0
6,263,2024-11,4779,28.28,8.5,0
6,263,2024-12,5129,28.28,8.58,0
6,263,2025-01,7299,28.28,8.67,1
6,263,2025-02,7201,28.28,8.75,1
6,263,2025-03,7355,28.28,8.83,1
6,263,2025-04,7071,28.28,8.92,1
6,263,2025-05,1358,28.28,9.0,1
6,264,2022-06,1751,11.92,6.08,0
6,264,2022-07,1764,11.92,6.17,0
6,264,2022-08,1662,11.92,6.25,0
6,264,2022-09,1568,11.92,6.33,0
6,264,2022-10,1651,11.92,6.42,0
6,264,2022-11,1773,11.92,6.5,0
6,264,2022-12,1676,11.92,6.58,0
6,264,2023-01,1561,11.92,6.67,0
6,264,2023-02,1641,11.92,6.75,0
6,264,2023-03,1712,11.92,6.83,0
6,264,2023-04,1869,11.92,6.92,0
6,264,2023-05,1845,11.92,7.0,0
6,264,2023-06,1713,11.92,7.08,0
6,264,2023-07,1925,11.92,7.17,0
6,264,2023-08,1946,11.92,7.25,0
6,264,2023-09,1978,11.92,7.33,0
6,264,2023-10,1652,11.92,7.42,0
6,264,2023-11,1582,11.92,7.5,0
6,264,2023-12,1556,11.92,7.58,0
6,264,2024-01,1766,11.92,7.67,0
6,264,2024-02,1587,11.92,7.75,0
6,264,2024-03,1740,11.92,7.83,0
6,264,2024-04,1781,11.92,7.92,0
6,264,2024-05,1746,11.92,8.0,0
6,264,2024-06,1793,11.92,8.08,0
6,264,2024-07,1848,11.92,8.17,0
6,264,2024-08,1944,11.92,8.25,0
6,264,2024-09,1937,11.92,8.33,0
6,264,2024-10,1672,11.92,8.42,0
6,264,2024-11,1723,11.92,8.5,0
6,264,2024-12,1619,11.92,8.58,0
6,264,2025-01,2788,11.92,8.67,1
6,264,2025-02,3136,11.92,8.75,1
6,264,2025-03,2898,11.92,8.83,1
6,264,2025-04,1330,11.92,8.92,1
6,264,2025-05,1170,11.92,9.0,1
6,265,2022-06,3356,17.48,6.08,0
6,265,2022-07,3361,17.48,6.17,0
6,265,2022-08,3407,17.48,6.25,0
6,265,2022-09,3092,17.48,6.33,0
6,265,2022-10,3016,17.48,6.42,0
6,265,2022-11,3174,17.48,6.5,0
6,265,2022-12,3048,17.48,6.58,0
6,265,2023-01,3018,17.48,6.67,0
6,265,2023-02,3127,17.48,6.75,0
6,265,2023-03,2992,17.48,6.83,0
6,265,2023-04,3573,17.48,6.92,0
6,265,2023-05,3447,17.48,7.0,0
6,265,2023-06,3832,17.48,7.08,0
6,265,2023-07,3588,17.48,7.17,0
6,265,2023-08,3391,17.48,7.25,0
6,265,2023-09,3712,17.48,7.33,0
6,265,2023-10,3596,17.48,7.42,0
6,265,2023-11,3284,17.48,7.5,0
6,265,2023-12,3334,17.48,7.58,0
6,265,2024-01,3416,17.48,7.67,0
6,265,2024-02,3120,17.48,7.75,0
6,265,2024-03,3144,17.48,7.83,0
6,265,2024-04,3365,17.48,7.92,0
6,265,2024-05,3737,17.48,8.0,0
6,265,2024-06,3834,17.48,8.08,0
6,265,2024-07,3446,17.48,8.17,0
6,265,2024-08,3653,17.48,8.25,0
6,265,2024-09,3636,17.48,8.33,0
6,265,2024-10,3520,17.48,8.42,0
6,265,2024-11,3405,17.48,8.5,0
6,265,2024-12,3775,17.48,8.58,0
6,265,2025-01,5428,17.48,8.67,1
6,265,2025-02,5294,17.48,8.75,1
6,265,2025-03,2789,17.48,8.83,1
6,265,2025-04,2730,17.48,8.92,1
6,265,2025-05,5222,17.48,9.0,1
6,266,2022-06,4510,27.63,6.08,0
6,266,2022-07,5360,27.63,6.17,0
6,266,2022-08,4605,27.63,6.25,0
6,266,2022-09,4519,27.63,6.33,0
6,266,2022-10,4885,27.63,6.42,0
6,266,2022-11,4407,27.63,6.5,0
6,266,2022-12,4432,27.63,6.58,0
6,266,2023-01,4014,27.63,6.67,0
6,266,2023-02,4301,27.63,6.75,0
6,266,2023-03,4371,27.63,6.83,0
6,266,2023-04,4614,27.63,6.92,0
6,266,2023-05,5127,27.63,7.0,0
6,266,2023-06,4903,27.63,7.08,0
6,266,2023-07,5506,27.63,7.17,0
6,266,2023-08,5813,27.63,7.25,0
6,266,2023-09,5559,27.63,7.33,0
6,266,2023-10,4451,27.63,7.42,0
6,266,2023-11,5007,27.63,7.5,0
6,266,2023-12,4863,27.63,7.58,0
6,266,2024-01,5098,27.63,7.67,0
6,266,2024-02,4981,27.63,7.75,0
6,266,2024-03,4466,27.63,7.83,0
6,266,2024-04,4784,27.63,7.92,0
6,266,2024-05,5003,27.63,8.0,0
6,266,2024-06,4988,27.63,8.08,0
6,266,2024-07,5844,27.63,8.17,0
6,266,2024-08,5668,27.63,8.25,0
6,266,2024-09,4943,27.63,8.33,0
6,266,2024-10,5019,27.63,8.42,0
6,266,2024-11,4819,27.63,8.5,0
6,266,2024-12,4722,27.63,8.58,0
6,266,2025-01,7274,27.63,8.67,1
6,266,2025-02,2889,27.63,8.75,1
6,266,2025-03,7718,27.63,8.83,1
6,266,2025-04,8034,27.63,8.92,1
6,266,2025-05,5774,27.63,9.0,1
6,267,2022-06,2658,17.77,6.08,0
6,267,2022-07,2980,17.77,6.17,0
6,267,2022-08,2938,17.77,6.25,0
6,267,2022-09,3067,17.77,6.33,0
6,267,2022-10,3233,17.77,6.42,0
6,267,2022-11,2680,17.77,6.5,0
6,267,2022-12,2755,17.77,6.58,0
6,267,2023-01,2839,17.77,6.67,0
6,267,2023-02,2638,17.77,6.75,0
6,267,2023-03,2760,17.77,6.83,0
6,267,2023-04,3078,17.77,6.92,0
6,267,2023-05,2947,17.77,7.0,0
6,267,2023-06,3209,17.77,7.08,0
6,267,2023-07,3551,17.77,7.17,0
6,267,2023-08,3378,17.77,7.25,0
6,267,2023-09,3147,17.77,7.33,0
6,267,2023-10,2897,17.77,7.42,0
6,267,2023-11,3119,17.77,7.5,0
6,267,2023-12,3317,17.77,7.58,0
6,267,2024-01,2783,17.77,7.67,0
6,267,2024-02,2953,17.77,7.75,0
6,267,2024-03,3003,17.77,7.83,0
6,267,2024-04,2946,17.77,7.92,0
6,267,2024-05,3106,17.77,8.0,0
6,267,2024-06,3458,17.77,8.08,0
6,267,2024-07,3621,17.77,8.17,0
6,267,2024-08,3187,17.77,8.25,0
6,267,2024-09,3562,17.77,8.33,0
6,267,2024-10,3332,17.77,8.42,0
6,267,2024-11,3050,17.77,8.5,0
6,267,2024-12,2918,17.77,8.58,0
6,267,2025-01,4238,17.77,8.67,1
6,267,2025-02,2121,17.77,8.75,1
6,267,2025-03,5346,17.77,8.83,1
6,267,2025-04,3760,17.77,8.92,1
6,267,2025-05,4564,17.77,9.0,1
6,268,2022-06,2522,18.72,6.08,0
6,268,2022-07,2603,18.72,6.17,0
6,268,2022-08,2771,18.72,6.25,0
6,268,2022-09,2982,18.72,6.33,0
6,268,2022-10,2887,18.72,6.42,0
6,268,2022-11,2688,18.72,6.5,0
6,268,2022-12,2698,18.72,6.58,0
6,268,2023-01,2673,18.72,6.67,0
6,268,2023-02,2596,18.72,6.75,0
6,268,2023-03,2505,18.72,6.83,0
6,268,2023-04,2856,18.72,6.92,0
6,268,2023-05,2649,18.72,7.0,0
6,268,2023-06,2967,18.72,7.08,0
6,268,2023-07,3325,18.72,7.17,0
6,268,2023-08,2789,18.72,7.25,0
6,268,2023-09,2785,18.72,7.33,0
6,268,2023-10,2843,18.72,7.42,0
6,268,2023-11,2955,18.72,7.5,0
6,268,2023-12,2955,18.72,7.58,0
6,268,2024-01,2921,18.72,7.67,0
6,268,2024-02,2899,18.72,7.75,0
6,268,2024-03,2564,18.72,7.83,0
6,268,2024-04,2939,18.72,7.92,0
6,268,2024-05,3114,18.72,8.0,0
6,268,2024-06,3001,18.72,8.08,0
6,268,2024-07,3211,18.72,8.17,0
6,268,2024-08,3203,18.72,8.25,0
6,268,2024-09,3074,18.72,8.33,0
6,268,2024-10,3061,18.72,8.42,0
6,268,2024-11,3032,18.72,8.5,0
6,268,2024-12,2739,18.72,8.58,0
6,268,2025-01,4054,18.72,8.67,1
6,268,2025-02,3707,18.72,8.75,1
6,268,2025-03,2109,18.72,8.83,1
6,268,2025-04,4361,18.72,8.92,1
6,268,2025-05,4123,18.72,9.0,1
6,269,2022-06,2979,20.11,6.08,0
6,269,2022-07,3105,20.11,6.17,0
6,269,2022-08,3664,20.11,6.25,0
6,269,2022-09,3151,20.11,6.33,0
6,269,2022-10,3239,20.11,6.42,0
6,269,2022-11,3264,20.11,6.5,0
6,269,2022-12,2986,20.11,6.58,0
6,269,2023-01,2957,20.11,6.67,0
6,269,2023-02,3275,20.11,6.75,0
6,269,2023-03,3086,20.11,6.83,0
6,269,2023-04,3159,20.11,6.92,0
6,269,2023-05,3929,20.11,7.0,0
6,269,2023-06,3456,20.11,7.08,0
6,269,2023-07,3866,20.11,7.17,0
6,269,2023-08,4010,20.11,7.25,0
6,269,2023-09,3311,20.11,7.33,0
6,269,2023-10,3144,20.11,7.42,0
6,269,2023-11,3180,20.11,7.5,0
6,269,2023-12,3472,20.11,7.58,0
6,269,2024-01,3282,20.11,7.67,0
6,269,2024-02,3038,20.11,7.75,0
6,269,2024-03,3142,20.11,7.83,0
6,269,2024-04,3681,20.11,7.92,0
6,269,2024-05,3501,20.11,8.0,0
6,269,2024-06,3419,20.11,8.08,0
6,269,2024-07,3566,20.11,8.17,0
6,269,2024-08,4054,20.11,8.25,0
6,269,2024-09,3605,20.11,8.33,0
6,269,2024-10,3401,20.11,8.42,0
6,269,2024-11,3252,20.11,8.5,0
6,269,2024-12,3522,20.11,8.58,0
6,269,2025-01,3849,20.11,8.67,1
6,269,2025-02,5685,20.11,8.75,1
6,269,2025-03,2360,20.11,8.83,1
6,269,2025-04,5122,20.11,8.92,1
6,269,2025-05,5163,20.11,9.0,1
6,270,2022-06,2309,14.17,6.08,0
6,270,2022-07,2470,14.17,6.17,0
6,270,2022-08,2396,14.17,6.25,0
6,270,2022-09,2476,14.17,6.33,0
6,270,2022-10,2284,14.17,6.42,0
6,270,2022-11,2105,14.17,6.5,0
6,270,2022-12,2085,14.17,6.58,0
6,270,2023-01,2112,14.17,6.67,0
6,270,2023-02,2105,14.17,6.75,0
6,270,2023-03,2312,14.17,6.83,0
6,270,2023-04,2462,14.17,6.92,0
6,270,2023-05,2690,14.17,7.0,0
6,270,2023-06,2413,14.17,7.08,0
6,270,2023-07,2863,14.17,7.17,0
6,270,2023-08,2663,14.17,7.25,0
6,270,2023-09,2403,14.17,7.33,0
6,270,2023-10,2411,14.17,7.42,0
6,270,2023-11,2319,14.17,7.5,0
6,270,2023-12,2412,14.17,7.58,0
6,270,2024-01,2214,14.17,7.67,0
6,270,2024-02,2310,14.17,7.75,0
6,270,2024-03,2149,14.17,7.83,0
6,270,2024-04,2425,14.17,7.92,0
6,270,2024-05,2594,14.17,8.0,0
6,270,2024-06,2434,14.17,8.08,0
6,270,2024-07,2387,14.17,8.17,0
6,270,2024-08,2460,14.17,8.25,0
6,270,2024-09,2655,14.17,8.33,0
6,270,2024-10,2537,14.17,8.42,0
6,270,2024-11,2370,14.17,8.5,0
6,270,2024-12,2636,14.17,8.58,0
6,270,2025-01,2972,14.17,8.67,1
6,270,2025-02,4182,14.17,8.75,1
6,270,2025-03,1685,14.17,8.83,1
6,270,2025-04,2868,14.17,8.92,1
6,270,2025-05,3692,14.17,9.0,1
6,271,2022-06,3460,21.29,6.08,0
6,271,2022-07,3294,21.29,6.17,0
6,271,2022-08,3828,21.29,6.25,0
6,271,2022-09,3612,21.29,6.33,0
6,271,2022-10,3347,21.29,6.42,0
6,271,2022-11,3294,21.29,6.5,0
6,271,2022-12,3247,21.29,6.58,0
6,271,2023-01,3228,21.29,6.67,0
6,271,2023-02,2974,21.29,6.75,0
6,271,2023-03,3513,21.29,6.83,0
6,271,2023-04,3692,21.29,6.92,0
6,271,2023-05,3549,21.29,7.0,0
6,271,2023-06,3796,21.29,7.08,0
6,271,2023-07,4253,21.29,7.17,0
6,271,2023-08,3504,21.29,7.25,0
6,271,2023-09,3969,21.29,7.33,0
6,271,2023-10,3802,21.29,7.42,0
6,271,2023-11,3707,21.29,7.5,0
6,271,2023-12,3473,21.29,7.58,0
6,271,2024-01,3815,21.29,7.67,0
6,271,2024-02,3799,21.29,7.75,0
6,271,2024-03,3686,21.29,7.83,0
6,271,2024-04,3542,21.29,7.92,0
6,271,2024-05,3670,21.29,8.0,0
6,271,2024-06,4112,21.29,8.08,0
6,271,2024-07,3696,21.29,8.17,0
6,271,2024-08,4258,21.29,8.25,0
6,271,2024-09,4041,21.29,8.33,0
6,271,2024-10,3633,21.29,8.42,0
6,271,2024-11,3513,21.29,8.5,0
6,271,2024-12,3837,21.29,8.58,0
6,271,2025-01,3552,21.29,8.67,1
6,271,2025-02,6759,21.29,8.75,1
6,271,2025-03,1914,21.29,8.83,1
6,271,2025-04,4956,21.29,8.92,1
6,271,2025-05,5841,21.29,9.0,1
6,272,2022-06,3336,24.35,7.08,0
6,272,2022-07,4054,24.35,7.17,0
6,272,2022-08,3623,24.35,7.25,0
6,272,2022-09,3677,24.35,7.33,0
6,272,2022-10,3801,24.35,7.42,0
6,272,2022-11,3630,24.35,7.5,0
6,272,2022-12,3622,24.35,7.58,0
6,272,2023-01,3369,24.35,7.67,0
6,272,2023-02,3665,24.35,7.75,0
6,272,2023-03,3995,24.35,7.83,0
6,272,2023-04,3730,24.35,7.92,0
6,272,2023-05,4177,24.35,8.0,0
6,272,2023-06,3795,24.35,8.08,0
6,272,2023-07,4021,24.35,8.17,0
6,272,2023-08,3742,24.35,8.25,0
6,272,2023-09,3831,24.35,8.33,0
6,272,2023-10,4048,24.35,8.42,0
6,272,2023-11,3779,24.35,8.5,0
6,272,2023-12,3765,24.35,8.58,0
6,272,2024-01,3875,24.35,8.67,0
6,272,2024-02,4034,24.35,8.75,0
6,272,2024-03,3603,24.35,8.83,0
6,272,2024-04,3712,24.35,8.92,0
6,272,2024-05,3615,24.35,9.0,0
6,272,2024-06,3793,24.35,9.08,0
6,272,2024-07,4432,24.35,9.17,0
6,272,2024-08,3918,24.35,9.25,0
6,272,2024-09,3967,24.35,9.33,0
6,272,2024-10,3990,24.35,9.42,0
6,272,2024-11,3440,24.35,9.5,0
6,272,2024-12,3721,24.35,9.58,0
6,272,2025-01,5769,24.35,9.67,1
6,272,2025-02,6254,24.35,9.75,1
6,272,2025-03,2390,24.35,9.83,1
6,272,2025-04,4338,24.35,9.92,1
6,272,2025-05,5104,24.35,10.0,1
6,379,2022-06,6209,38.97,6.08,0
6,379,2022-07,7412,38.97,6.17,0
6,379,2022-08,7442,38.97,6.25,0
6,379,2022-09,7239,38.97,6.33,0
6,379,2022-10,7035,38.97,6.42,0
6,379,2022-11,6333,38.97,6.5,0
6,379,2022-12,5724,38.97,6.58,0
6,379,2023-01,6089,38.97,6.67,0
6,379,2023-02,6671,38.97,6.75,0
6,379,2023-03,6674,38.97,6.83,0
6,379,2023-04,7017,38.97,6.92,0
6,379,2023-05,7104,38.97,7.0,0
6,379,2023-06,7123,38.97,7.08,0
6,379,2023-07,7380,38.97,7.17,0
6,379,2023-08,7325,38.97,7.25,0
6,379,2023-09,6738,38.97,7.33,0
6,379,2023-10,6250,38.97,7.42,0
6,379,2023-11,7310,38.97,7.5,0
6,379,2023-12,7091,38.97,7.58,0
6,379,2024-01,6692,38.97,7.67,0
6,379,2024-02,6884,38.97,7.75,0
6,379,2024-03,6515,38.97,7.83,0
6,379,2024-04,6621,38.97,7.92,0
6,379,2024-05,7389,38.97,8.0,0
6,379,2024-06,6611,38.97,8.08,0
6,379,2024-07,7014,38.97,8.17,0
6,379,2024-08,6697,38.97,8.25,0
6,379,2024-09,7020,38.97,8.33,0
6,379,2024-10,6746,38.97,8.42,0
6,379,2024-11,7204,38.97,8.5,0
6,379,2024-12,6370,38.97,8.58,0
6,379,2025-01,9567,38.97,8.67,1
6,379,2025-02,6104,38.97,8.75,1
6,379,2025-03,11099,38.97,8.83,1
6,379,2025-04,7850,38.97,8.92,1
6,379,2025-05,9096,38.97,9.0,1
6,380,2022-06,6058,29.84,6.08,0
6,380,2022-07,7073,29.84,6.17,0
6,380,2022-08,6598,29.84,6.25,0
6,380,2022-09,6461,29.84,6.33,0
6,380,2022-10,6324,29.84,6.42,0
6,380,2022-11,6659,29.84,6.5,0
6,380,2022-12,5946,29.84,6.58,0
6,380,2023-01,6363,29.84,6.67,0
6,380,2023-02,5634,29.84,6.75,0
6,380,2023-03,5993,29.84,6.83,0
6,380,2023-04,6665,29.84,6.92,0
6,380,2023-05,7146,29.84,7.0,0
6,380,2023-06,7422,29.84,7.08,0
6,380,2023-07,7624,29.84,7.17,0
6,380,2023-08,7070,29.84,7.25,0
6,380,2023-09,7297,29.84,7.33,0
6,380,2023-10,6092,29.84,7.42,0
6,380,2023-11,6408,29.84,7.5,0
6,380,2023-12,6731,29.84,7.58,0
6,380,2024-01,7183,29.84,7.67,0
6,380,2024-02,7084,29.84,7.75,0
6,380,2024-03,6566,29.84,7.83,0
6,380,2024-04,6961,29.84,7.92,0
6,380,2024-05,7338,29.84,8.0,0
6,380,2024-06,7474,29.84,8.08,0
6,380,2024-07,6760,29.84,8.17,0
6,380,2024-08,6913,29.84,8.25,0
6,380,2024-09,7782,29.84,8.33,0
6,380,2024-10,6633,29.84,8.42,0
6,380,2024-11,6776,29.84,8.5,0
6,380,2024-12,6352,29.84,8.58,0
6,380,2025-01,9335,29.84,8.67,1
6,380,2025-02,5538,29.84,8.75,1
6,380,2025-03,11320,29.84,8.83,1
6,380,2025-04,6599,29.84,8.92,1
6,380,2025-05,9435,29.84,9.0,1
7,287,2022-06,2041,13.7,6.08,0
7,287,2022-07,2270,13.7,6.17,0
7,287,2022-08,2381,13.7,6.25,0
7,287,2022-09,2280,13.7,6.33,0
7,287,2022-10,2123,13.7,6.42,0
7,287,2022-11,2227,13.7,6.5,0
7,287,2022-12,2047,13.7,6.58,0
7,287,2023-01,2036,13.7,6.67,0
7,287,2023-02,2025,13.7,6.75,0
7,287,2023-03,2175,13.7,6.83,0
7,287,2023-04,2426,13.7,6.92,0
7,287,2023-05,2194,13.7,7.0,0
7,287,2023-06,2551,13.7,7.08,0
7,287,2023-07,2514,13.7,7.17,0
7,287,2023-08,2690,13.7,7.25,0
7,287,2023-09,2444,13.7,7.33,0
7,287,2023-10,2124,13.7,7.42,0
7,287,2023-11,2155,13.7,7.5,0
7,287,2023-12,2160,13.7,7.58,0
7,287,2024-01,2222,13.7,7.67,0
7,287,2024-02,2331,13.7,7.75,0
7,287,2024-03,2152,13.7,7.83,0
7,287,2024-04,2167,13.7,7.92,0
7,287,2024-05,2335,13.7,8.0,0
7,287,2024-06,2314,13.7,8.08,0
7,287,2024-07,2612,13.7,8.17,0
7,287,2024-08,2751,13.7,8.25,0
7,287,2024-09,2287,13.7,8.33,0
7,287,2024-10,2554,13.7,8.42,0
7,287,2024-11,2205,13.7,8.5,0
7,287,2024-12,2469,13.7,8.58,0
7,287,2025-01,2810,13.7,8.67,1
7,287,2025-02,3071,13.7,8.75,1
7,287,2025-03,2704,13.7,8.83,1
7,287,2025-04,5435,13.7,8.92,1
7,287,2025-05,978,13.7,9.0,1
7,288,2022-06,1513,7.16,6.08,0
7,288,2022-07,1465,7.16,6.17,0
7,288,2022-08,1612,7.16,6.25,0
7,288,2022-09,1677,7.16,6.33,0
7,288,2022-10,1416,7.16,6.42,0
7,288,2022-11,1380,7.16,6.5,0
7,288,2022-12,1413,7.16,6.58,0
7,288,2023-01,1558,7.16,6.67,0
7,288,2023-02,1386,7.16,6.75,0
7,288,2023-03,1394,7.16,6.83,0
7,288,2023-04,1486,7.16,6.92,0
7,288,2023-05,1688,7.16,7.0,0
7,288,2023-06,1640,7.16,7.08,0
7,288,2023-07,1759,7.16,7.17,0
7,288,2023-08,1847,7.16,7.25,0
7,288,2023-09,1617,7.16,7.33,0
7,288,2023-10,1679,7.16,7.42,0
7,288,2023-11,1425,7.16,7.5,0
7,288,2023-12,1573,7.16,7.58,0
7,288,2024-01,1691,7.16,7.67,0
7,288,2024-02,1431,7.16,7.75,0
7,288,2024-03,1431,7.16,7.83,0
7,288,2024-04,1579,7.16,7.92,0
7,288,2024-05,1565,7.16,8.0,0
7,288,2024-06,1776,7.16,8.08,0
7,288,2024-07,1768,7.16,8.17,0
7,288,2024-08,1879,7.16,8.25,0
7,288,2024-09,1619,7.16,8.33,0
7,288,2024-10,1669,7.16,8.42,0
7,288,2024-11,1504,7.16,8.5,0
7,288,2024-12,1478,7.16,8.58,0
7,288,2025-01,2007,7.16,8.67,1
7,288,2025-02,1370,7.16,8.75,1
7,288,2025-03,3863,7.16,8.83,1
7,288,2025-04,870,7.16,8.92,1
7,288,2025-05,1876,7.16,9.0,1
7,289,2022-06,3035,17.69,7.08,0
7,289,2022-07,3152,17.69,7.17,0
7,289,2022-08,3114,17.69,7.25,0
7,289,2022-09,3127,17.69,7.33,0
7,289,2022-10,3092,17.69,7.42,0
7,289,2022-11,2577,17.69,7.5,0
7,289,2022-12,2953,17.69,7.58,0
7,289,2023-01,2591,17.69,7.67,0
7,289,2023-02,2819,17.69,7.75,0
7,289,2023-03,2653,17.69,7.83,0
7,289,2023-04,3151,17.69,7.92,0
7,289,2023-05,3106,17.69,8.0,0
7,289,2023-06,3125,17.69,8.08,0
7,289,2023-07,2947,17.69,8.17,0
7,289,2023-08,3198,17.69,8.25,0
7,289,2023-09,3073,17.69,8.33,0
7,289,2023-10,3266,17.69,8.42,0
7,289,2023-11,3223,17.69,8.5,0
7,289,2023-12,2703,17.69,8.58,0
7,289,2024-01,3100,17.69,8.67,0
7,289,2024-02,2958,17.69,8.75,0
7,289,2024-03,3088,17.69,8.83,0
7,289,2024-04,3148,17.69,8.92,0
7,289,2024-05,2878,17.69,9.0,0
7,289,2024-06,3278,17.69,9.08,0
7,289,2024-07,3223,17.69,9.17,0
7,289,2024-08,3578,17.69,9.25,0
7,289,2024-09,3106,17.69,9.33,0
7,289,2024-10,3178,17.69,9.42,0
7,289,2024-11,3167,17.69,9.5,0
7,289,2024-12,2832,17.69,9.58,0
7,289,2025-01,3726,17.69,9.67,1
7,289,2025-02,2830,17.69,9.75,1
7,289,2025-03,4000,17.69,9.83,1
7,289,2025-04,3846,17.69,9.92,1
7,289,2025-05,4356,17.69,10.0,1
7,290,2022-06,2882,21.2,7.08,0
7,290,2022-07,2805,21.2,7.17,0
7,290,2022-08,3014,21.2,7.25,0
7,290,2022-09,2883,21.2,7.33,0
7,290,2022-10,2733,21.2,7.42,0
7,290,2022-11,2973,21.2,7.5,0
7,290,2022-12,3127,21.2,7.58,0
7,290,2023-01,2737,21.2,7.67,0
7,290,2023-02,2692,21.2,7.75,0
7,290,2023-03,2842,21.2,7.83,0
7,290,2023-04,2935,21.2,7.92,0
7,290,2023-05,2996,21.2,8.0,0
7,290,2023-06,3305,21.2,8.08,0
7,290,2023-07,3717,21.2,8.17,0
7,290,2023-08,3133,21.2,8.25,0
7,290,2023-09,3468,21.2,8.33,0
7,290,2023-10,3115,21.2,8.42,0
7,290,2023-11,3192,21.2,8.5,0
7,290,2023-12,3117,21.2,8.58,0
7,290,2024-01,2884,21.2,8.67,0
7,290,2024-02,3013,21.2,8.75,0
7,290,2024-03,3100,21.2,8.83,0
7,290,2024-04,3076,21.2,8.92,0
7,290,2024-05,3457,21.2,9.0,0
7,290,2024-06,3379,21.2,9.08,0
7,290,2024-07,3337,21.2,9.17,0
7,290,2024-08,3100,21.2,9.25,0
7,290,2024-09,3023,21.2,9.33,0
7,290,2024-10,2857,21.2,9.42,0
7,290,2024-11,3171,21.2,9.5,0
7,290,2024-12,2929,21.2,9.58,0
7,290,2025-01,3301,21.2,9.67,1
7,290,2025-02,2241,21.2,9.75,1
7,290,2025-03,5424,21.2,9.83,1
7,290,2025-04,4195,21.2,9.92,1
7,290,2025-05,4425,21.2,10.0,1
7,291,2022-06,3851,25.57,7.08,0
7,291,2022-07,3524,25.57,7.17,0
7,291,2022-08,4316,25.57,7.25,0
7,291,2022-09,3641,25.57,7.33,0
7,291,2022-10,3660,25.57,7.42,0
7,291,2022-11,3945,25.57,7.5,0
7,291,2022-12,3301,25.57,7.58,0
7,291,2023-01,3262,25.57,7.67,0
7,291,2023-02,3825,25.57,7.75,0
7,291,2023-03,3859,25.57,7.83,0
7,291,2023-04,4331,25.57,7.92,0
7,291,2023-05,3980,25.57,8.0,0
7,291,2023-06,3919,25.57,8.08,0
7,291,2023-07,3965,25.57,8.17,0
7,291,2023-08,4201,25.57,8.25,0
7,291,2023-09,3764,25.57,8.33,0
7,291,2023-10,3680,25.57,8.42,0
7,291,2023-11,3905,25.57,8.5,0
7,291,2023-12,3623,25.57,8.58,0
7,291,2024-01,3655,25.57,8.67,0
7,291,2024-02,3866,25.57,8.75,0
7,291,2024-03,3548,25.57,8.83,0
7,291,2024-04,4114,25.57,8.92,0
7,291,2024-05,3821,25.57,9.0,0
7,291,2024-06,4421,25.57,9.08,0
7,291,2024-07,3903,25.57,9.17,0
7,291,2024-08,4235,25.57,9.25,0
7,291,2024-09,4551,25.57,9.33,0
7,291,2024-10,4378,25.57,9.42,0
7,291,2024-11,3880,25.57,9.5,0
7,291,2024-12,3651,25.57,9.58,0
7,291,2025-01,4628,25.57,9.67,1
7,291,2025-02,5369,25.57,9.75,1
7,291,2025-03,5366,25.57,9.83,1
7,291,2025-04,3899,25.57,9.92,1
7,291,2025-05,5435,25.57,10.0,1
7,292,2022-06,3335,18.44,7.08,0
7,292,2022-07,3911,18.44,7.17,0
7,292,2022-08,3678,18.44,7.25,0
7,292,2022-09,3839,18.44,7.33,0
7,292,2022-10,3525,18.44,7.42,0
7,292,2022-11,3778,18.44,7.5,0
7,292,2022-12,3819,18.44,7.58,0
7,292,2023-01,3325,18.44,7.67,0
7,292,2023-02,3746,18.44,7.75,0
7,292,2023-03,3362,18.44,7.83,0
7,292,2023-04,3545,18.44,7.92,0
7,292,2023-05,4194,18.44,8.0,0
7,292,2023-06,3722,18.44,8.08,0
7,292,2023-07,4380,18.44,8.17,0
7,292,2023-08,3874,18.44,8.25,0
7,292,2023-09,3719,18.44,8.33,0
7,292,2023-10,3793,18.44,8.42,0
7,292,2023-11,3777,18.44,8.5,0
7,292,2023-12,4048,18.44,8.58,0
7,292,2024-01,3679,18.44,8.67,0
7,292,2024-02,3613,18.44,8.75,0
7,292,2024-03,3620,18.44,8.83,0
7,292,2024-04,3396,18.44,8.92,0
7,292,2024-05,3816,18.44,9.0,0
7,292,2024-06,3878,18.44,9.08,0
7,292,2024-07,4264,18.44,9.17,0
7,292,2024-08,3929,18.44,9.25,0
7,292,2024-09,4261,18.44,9.33,0
7,292,2024-10,3604,18.44,9.42,0
7,292,2024-11,3560,18.44,9.5,0
7,292,2024-12,3792,18.44,9.58,0
7,292,2025-01,7321,18.44,9.67,1
7,292,2025-02,2684,18.44,9.75,1
7,292,2025-03,3886,18.44,9.83,1
7,292,2025-04,4584,18.44,9.92,1
7,292,2025-05,4768,18.44,10.0,1
7,293,2022-06,3685,24.17,7.08,0
7,293,2022-07,4266,24.17,7.17,0
7,293,2022-08,4162,24.17,7.25,0
7,293,2022-09,4346,24.17,7.33,0
7,293,2022-10,4199,24.17,7.42,0
7,293,2022-11,3976,24.17,7.5,0
7,293,2022-12,3982,24.17,7.58,0
7,293,2023-01,4105,24.17,7.67,0
7,293,2023-02,4113,24.17,7.75,0
7,293,2023-03,4101,24.17,7.83,0
7,293,2023-04,4678,24.17,7.92,0
7,293,2023-05,4782,24.17,8.0,0
7,293,2023-06,4772,24.17,8.08,0
7,293,2023-07,5011,24.17,8.17,0
7,293,2023-08,4459,24.17,8.25,0
7,293,2023-09,4367,24.17,8.33,0
7,293,2023-10,3917,24.17,8.42,0
7,293,2023-11,3935,24.17,8.5,0
7,293,2023-12,4462,24.17,8.58,0
7,293,2024-01,4228,24.17,8.67,0
7,293,2024-02,4098,24.17,8.75,0
7,293,2024-03,4026,24.17,8.83,0
7,293,2024-04,4260,24.17,8.92,0
7,293,2024-05,4724,24.17,9.0,0
7,293,2024-06,4715,24.17,9.08,0
7,293,2024-07,4472,24.17,9.17,0
7,293,2024-08,4848,24.17,9.25,0
7,293,2024-09,4102,24.17,9.33,0
7,293,2024-10,4496,24.17,9.42,0
7,293,2024-11,4182,24.17,9.5,0
7,293,2024-12,3992,24.17,9.58,0
7,293,2025-01,5692,24.17,9.67,1
7,293,2025-02,3309,24.17,9.75,1
7,293,2025-03,4683,24.17,9.83,1
7,293,2025-04,3481,24.17,9.92,1
7,293,2025-05,8885,24.17,10.0,1
7,294,2022-06,1809,12.14,8.08,0
7,294,2022-07,1855,12.14,8.17,0
7,294,2022-08,1923,12.14,8.25,0
7,294,2022-09,1927,12.14,8.33,0
7,294,2022-10,1830,12.14,8.42,0
7,294,2022-11,1608,12.14,8.5,0
7,294,2022-12,1699,12.14,8.58,0
7,294,2023-01,1570,12.14,8.67,0
7,294,2023-02,1862,12.14,8.75,0
7,294,2023-03,2033,12.14,8.83,0
7,294,2023-04,1867,12.14,8.92,0
7,294,2023-05,2072,12.14,9.0,0
7,294,2023-06,1861,12.14,9.08,0
7,294,2023-07,2094,12.14,9.17,0
7,294,2023-08,2167,12.14,9.25,0
7,294,2023-09,1921,12.14,9.33,0
7,294,2023-10,1943,12.14,9.42,0
7,294,2023-11,1720,12.14,9.5,0
7,294,2023-12,1771,12.14,9.58,0
7,294,2024-01,1789,12.14,9.67,0
7,294,2024-02,1759,12.14,9.75,0
7,294,2024-03,2040,12.14,9.83,0
7,294,2024-04,1854,12.14,9.92,0
7,294,2024-05,2010,12.14,10.0,0
7,294,2024-06,2023,12.14,10.08,0
7,294,2024-07,2149,12.14,10.17,0
7,294,2024-08,2096,12.14,10.25,0
7,294,2024-09,2118,12.14,10.33,0
7,294,2024-10,1876,12.14,10.42,0
7,294,2024-11,1942,12.14,10.5,0
7,294,2024-12,1764,12.14,10.58,0
7,294,2025-01,3102,12.14,10.67,1
7,294,2025-02,2589,12.14,10.75,1
7,294,2025-03,2992,12.14,10.83,1
7,294,2025-04,1921,12.14,10.92,1
7,294,2025-05,700,12.14,11.0,1
7,295,2022-06,2640,12.58,8.08,0
7,295,2022-07,2354,12.58,8.17,0
7,295,2022-08,2366,12.58,8.25,0
7,295,2022-09,2545,12.58,8.33,0
7,295,2022-10,2251,12.58,8.42,0
7,295,2022-11,2416,12.58,8.5,0
7,295,2022-12,2560,12.58,8.58,0
7,295,2023-01,2350,12.58,8.67,0
7,295,2023-02,2289,12.58,8.75,0
7,295,2023-03,2265,12.58,8.83,0
7,295,2023-04,2647,12.58,8.92,0
7,295,2023-05,2626,12.58,9.0,0
7,295,2023-06,2688,12.58,9.08,0
7,295,2023-07,2596,12.58,9.17,0
7,295,2023-08,3024,12.58,9.25,0
7,295,2023-09,2650,12.58,9.33,0
7,295,2023-10,2627,12.58,9.42,0
7,295,2023-11,2495,12.58,9.5,0
7,295,2023-12,2392,12.58,9.58,0
7,295,2024-01,2770,12.58,9.67,0
7,295,2024-02,2285,12.58,9.75,0
7,295,2024-03,2780,12.58,9.83,0
7,295,2024-04,2654,12.58,9.92,0
7,295,2024-05,2448,12.58,10.0,0
7,295,2024-06,2713,12.58,10.08,0
7,295,2024-07,3016,12.58,10.17,0
7,295,2024-08,2975,12.58,10.25,0
7,295,2024-09,2546,12.58,10.33,0
7,295,2024-10,2582,12.58,10.42,0
7,295,2024-11,2752,12.58,10.5,0
7,295,2024-12,2467,12.58,10.58,0
7,295,2025-01,4326,12.58,10.67,1
7,295,2025-02,3256,12.58,10.75,1
7,295,2025-03,2873,12.58,10.83,1
7,295,2025-04,2260,12.58,10.92,1
7,295,2025-05,2171,12.58,11.0,1
7,296,2022-06,5869,26.38,7.08,0
7,296,2022-07,6138,26.38,7.17,0
7,296,2022-08,6272,26.38,7.25,0
7,296,2022-09,5986,26.38,7.33,0
7,296,2022-10,5572,26.38,7.42,0
7,296,2022-11,5879,26.38,7.5,0
7,296,2022-12,4829,26.38,7.58,0
7,296,2023-01,5109,26.38,7.67,0
7,296,2023-02,5102,26.38,7.75,0
7,296,2023-03,5110,26.38,7.83,0
7,296,2023-04,5959,26.38,7.92,0
7,296,2023-05,5710,26.38,8.0,0
7,296,2023-06,5689,26.38,8.08,0
7,296,2023-07,6589,26.38,8.17,0
7,296,2023-08,5820,26.38,8.25,0
7,296,2023-09,6274,26.38,8.33,0
7,296,2023-10,6059,26.38,8.42,0
7,296,2023-11,5136,26.38,8.5,0
7,296,2023-12,5789,26.38,8.58,0
7,296,2024-01,5203,26.38,8.67,0
7,296,2024-02,5193,26.38,8.75,0
7,296,2024-03,6042,26.38,8.83,0
7,296,2024-04,5191,26.38,8.92,0
7,296,2024-05,6162,26.38,9.0,0
7,296,2024-06,5894,26.38,9.08,0
7,296,2024-07,6442,26.38,9.17,0
7,296,2024-08,6245,26.38,9.25,0
7,296,2024-09,5586,26.38,9.33,0
7,296,2024-10,5914,26.38,9.42,0
7,296,2024-11,6348,26.38,9.5,0
7,296,2024-12,5529,26.38,9.58,0
7,296,2025-01,4679,26.38,9.67,1
7,296,2025-02,10375,26.38,9.75,1
7,296,2025-03,4797,26.38,9.83,1
7,296,2025-04,10872,26.38,9.92,1
7,296,2025-05,4587,26.38,10.0,1
7,297,2022-06,4691,28.25,7.08,0
7,297,2022-07,4738,28.25,7.17,0
7,297,2022-08,4680,28.25,7.25,0
7,297,2022-09,4930,28.25,7.33,0
7,297,2022-10,4833,28.25,7.42,0
7,297,2022-11,4637,28.25,7.5,0
7,297,2022-12,4346,28.25,7.58,0
7,297,2023-01,4487,28.25,7.67,0
7,297,2023-02,4585,28.25,7.75,0
7,297,2023-03,4641,28.25,7.83,0
7,297,2023-04,5138,28.25,7.92,0
7,297,2023-05,4632,28.25,8.0,0
7,297,2023-06,4762,28.25,8.08,0
7,297,2023-07,5352,28.25,8.17,0
7,297,2023-08,5384,28.25,8.25,0
7,297,2023-09,5257,28.25,8.33,0
7,297,2023-10,5046,28.25,8.42,0
7,297,2023-11,4875,28.25,8.5,0
7,297,2023-12,4617,28.25,8.58,0
7,297,2024-01,4974,28.25,8.67,0
7,297,2024-02,4717,28.25,8.75,0
7,297,2024-03,4752,28.25,8.83,0
7,297,2024-04,4238,28.25,8.92,0
7,297,2024-05,4380,28.25,9.0,0
7,297,2024-06,4887,28.25,9.08,0
7,297,2024-07,5141,28.25,9.17,0
7,297,2024-08,4966,28.25,9.25,0
7,297,2024-09,4797,28.25,9.33,0
7,297,2024-10,4359,28.25,9.42,0
7,297,2024-11,4254,28.25,9.5,0
7,297,2024-12,5056,28.25,9.58,0
7,297,2025-01,6702,28.25,9.67,1
7,297,2025-02,5374,28.25,9.75,1
7,297,2025-03,3688,28.25,9.83,1
7,297,2025-04,7189,28.25,9.92,1
7,297,2025-05,6058,28.25,10.0,1
7,298,2022-06,3825,25.16,7.08,0
7,298,2022-07,4329,25.16,7.17,0
7,298,2022-08,4545,25.16,7.25,0
7,298,2022-09,4371,25.16,7.33,0
7,298,2022-10,3692,25.16,7.42,0
7,298,2022-11,3687,25.16,7.5,0
7,298,2022-12,3657,25.16,7.58,0
7,298,2023-01,3440,25.16,7.67,0
7,298,2023-02,3762,25.16,7.75,0
7,298,2023-03,4310,25.16,7.83,0
7,298,2023-04,4097,25.16,7.92,0
7,298,2023-05,4143,25.16,8.0,0
7,298,2023-06,4298,25.16,8.08,0
7,298,2023-07,4941,25.16,8.17,0
7,298,2023-08,4217,25.16,8.25,0
7,298,2023-09,3916,25.16,8.33,0
7,298,2023-10,4400,25.16,8.42,0
7,298,2023-11,4337,25.16,8.5,0
7,298,2023-12,4065,25.16,8.58,0
7,298,2024-01,3791,25.16,8.67,0
7,298,2024-02,4376,25.16,8.75,0
7,298,2024-03,3777,25.16,8.83,0
7,298,2024-04,3818,25.16,8.92,0
7,298,2024-05,4105,25.16,9.0,0
7,298,2024-06,4876,25.16,9.08,0
7,298,2024-07,4562,25.16,9.17,0
7,298,2024-08,4277,25.16,9.25,0
7,298,2024-09,4390,25.16,9.33,0
7,298,2024-10,4231,25.16,9.42,0
7,298,2024-11,4104,25.16,9.5,0
7,298,2024-12,4078,25.16,9.58,0
7,298,2025-01,7022,25.16,9.67,1
7,298,2025-02,3593,25.16,9.75,1
7,298,2025-03,4104,25.16,9.83,1
7,298,2025-04,6031,25.16,9.92,1
7,298,2025-05,5176,25.16,10.0,1
7,299,2022-06,4740,25.29,7.08,0
7,299,2022-07,4899,25.29,7.17,0
7,299,2022-08,4862,25.29,7.25,0
7,299,2022-09,4724,25.29,7.33,0
7,299,2022-10,4232,25.29,7.42,0
7,299,2022-11,4627,25.29,7.5,0
7,299,2022-12,4511,25.29,7.58,0
7,299,2023-01,4319,25.29,7.67,0
7,299,2023-02,4711,25.29,7.75,0
7,299,2023-03,4478,25.29,7.83,0
7,299,2023-04,5224,25.29,7.92,0
7,299,2023-05,4623,25.29,8.0,0
7,299,2023-06,4948,25.29,8.08,0
7,299,2023-07,4830,25.29,8.17,0
7,299,2023-08,4851,25.29,8.25,0
7,299,2023-09,5314,25.29,8.33,0
7,299,2023-10,4457,25.29,8.42,0
7,299,2023-11,4432,25.29,8.5,0
7,299,2023-12,4488,25.29,8.58,0
7,299,2024-01,4349,25.29,8.67,0
7,299,2024-02,4428,25.29,8.75,0
7,299,2024-03,4335,25.29,8.83,0
7,299,2024-04,4273,25.29,8.92,0
7,299,2024-05,4551,25.29,9.0,0
7,299,2024-06,4966,25.29,9.08,0
7,299,2024-07,5200,25.29,9.17,0
7,299,2024-08,5167,25.29,9.25,0
7,299,2024-09,4689,25.29,9.33,0
7,299,2024-10,4965,25.29,9.42,0
7,299,2024-11,4905,25.29,9.5,0
7,299,2024-12,4856,25.29,9.58,0
7,299,2025-01,7884,25.29,9.67,1
7,299,2025-02,4996,25.29,9.75,1
7,299,2025-03,3887,25.29,9.83,1
7,299,2025-04,7088,25.29,9.92,1
7,299,2025-05,5240,25.29,10.0,1
7,300,2022-06,3015,19.46,7.08,0
7,300,2022-07,3114,19.46,7.17,0
7,300,2022-08,3592,19.46,7.25,0
7,300,2022-09,2923,19.46,7.33,0
7,300,2022-10,3403,19.46,7.42,0
7,300,2022-11,3335,19.46,7.5,0
7,300,2022-12,3205,19.46,7.58,0
7,300,2023-01,2978,19.46,7.67,0
7,300,2023-02,3141,19.46,7.75,0
7,300,2023-03,2962,19.46,7.83,0
7,300,2023-04,3599,19.46,7.92,0
7,300,2023-05,3508,19.46,8.0,0
7,300,2023-06,3132,19.46,8.08,0
7,300,2023-07,3823,19.46,8.17,0
7,300,2023-08,3819,19.46,8.25,0
7,300,2023-09,3198,19.46,8.33,0
7,300,2023-10,3098,19.46,8.42,0
7,300,2023-11,2991,19.46,8.5,0
7,300,2023-12,2981,19.46,8.58,0
7,300,2024-01,2986,19.46,8.67,0
7,300,2024-02,3361,19.46,8.75,0
7,300,2024-03,3282,19.46,8.83,0
7,300,2024-04,3240,19.46,8.92,0
7,300,2024-05,3157,19.46,9.0,0
7,300,2024-06,3462,19.46,9.08,0
7,300,2024-07,3773,19.46,9.17,0
7,300,2024-08,3428,19.46,9.25,0
7,300,2024-09,3131,19.46,9.33,0
7,300,2024-10,3585,19.46,9.42,0
7,300,2024-11,3584,19.46,9.5,0
7,300,2024-12,3497,19.46,9.58,0
7,300,2025-01,1890,19.46,9.67,1
7,300,2025-02,4804,19.46,9.75,1
7,300,2025-03,3369,19.46,9.83,1
7,300,2025-04,4911,19.46,9.92,1
7,300,2025-05,5258,19.46,10.0,1
7,301,2022-06,2207,10.39,7.08,0
7,301,2022-07,2072,10.39,7.17,0
7,301,2022-08,1995,10.39,7.25,0
7,301,2022-09,2084,10.39,7.33,0
7,301,2022-10,1973,10.39,7.42,0
7,301,2022-11,2176,10.39,7.5,0
7,301,2022-12,2164,10.39,7.58,0
7,301,2023-01,2003,10.39,7.67,0
7,301,2023-02,1910,10.39,7.75,0
7,301,2023-03,2255,10.39,7.83,0
7,301,2023-04,2122,10.39,7.92,0
7,301,2023-05,2491,10.39,8.0,0
7,301,2023-06,2137,10.39,8.08,0
7,301,2023-07,2530,10.39,8.17,0
7,301,2023-08,2589,10.39,8.25,0
7,301,2023-09,2113,10.39,8.33,0
7,301,2023-10,2062,10.39,8.42,0
7,301,2023-11,2171,10.39,8.5,0
7,301,2023-12,1937,10.39,8.58,0
7,301,2024-01,2345,10.39,8.67,0
7,301,2024-02,2277,10.39,8.75,0
7,301,2024-03,2219,10.39,8.83,0
7,301,2024-04,2365,10.39,8.92,0
7,301,2024-05,2460,10.39,9.0,0
7,301,2024-06,2562,10.39,9.08,0
7,301,2024-07,2295,10.39,9.17,0
7,301,2024-08,2589,10.39,9.25,0
7,301,2024-09,2327,10.39,9.33,0
7,301,2024-10,2051,10.39,9.42,0
7,301,2024-11,2082,10.39,9.5,0
7,301,2024-12,2086,10.39,9.58,0
7,301,2025-01,2459,10.39,9.67,1
7,301,2025-02,3073,10.39,9.75,1
7,301,2025-03,1741,10.39,9.83,1
7,301,2025-04,4518,10.39,9.92,1
7,301,2025-05,1577,10.39,10.0,1
7,302,2022-06,4288,28.71,7.08,0
7,302,2022-07,4954,28.71,7.17,0
7,302,2022-08,4977,28.71,7.25,0
7,302,2022-09,4306,28.71,7.33,0
7,302,2022-10,4571,28.71,7.42,0
7,302,2022-11,3930,28.71,7.5,0
7,302,2022-12,3891,28.71,7.58,0
7,302,2023-01,4454,28.71,7.67,0
7,302,2023-02,4341,28.71,7.75,0
7,302,2023-03,4716,28.71,7.83,0
7,302,2023-04,4638,28.71,7.92,0
7,302,2023-05,4832,28.71,8.0,0
7,302,2023-06,5139,28.71,8.08,0
7,302,2023-07,4485,28.71,8.17,0
7,302,2023-08,4827,28.71,8.25,0
7,302,2023-09,4960,28.71,8.33,0
7,302,2023-10,4511,28.71,8.42,0
7,302,2023-11,4420,28.71,8.5,0
7,302,2023-12,4217,28.71,8.58,0
7,302,2024-01,4213,28.71,8.67,0
7,302,2024-02,4572,28.71,8.75,0
7,302,2024-03,4687,28.71,8.83,0
7,302,2024-04,4333,28.71,8.92,0
7,302,2024-05,4651,28.71,9.0,0
7,302,2024-06,4535,28.71,9.08,0
7,302,2024-07,4775,28.71,9.17,0
7,302,2024-08,4672,28.71,9.25,0
7,302,2024-09,4480,28.71,9.33,0
7,302,2024-10,4416,28.71,9.42,0
7,302,2024-11,4431,28.71,9.5,0
7,302,2024-12,4764,28.71,9.58,0
7,302,2025-01,4623,28.71,9.67,1
7,302,2025-02,4584,28.71,9.75,1
7,302,2025-03,5163,28.71,9.83,1
7,302,2025-04,10155,28.71,9.92,1
7,302,2025-05,3718,28.71,10.0,1
7,303,2022-06,4908,34.72,7.08,0
7,303,2022-07,5441,34.72,7.17,0
7,303,2022-08,5852,34.72,7.25,0
7,303,2022-09,5091,34.72,7.33,0
7,303,2022-10,4722,34.72,7.42,0
7,303,2022-11,4852,34.72,7.5,0
7,303,2022-12,4804,34.72,7.58,0
7,303,2023-01,4658,34.72,7.67,0
7,303,2023-02,4556,34.72,7.75,0
7,303,2023-03,5489,34.72,7.83,0
7,303,2023-04,5807,34.72,7.92,0
7,303,2023-05,5350,34.72,8.0,0
7,303,2023-06,5906,34.72,8.08,0
7,303,2023-07,5455,34.72,8.17,0
7,303,2023-08,5318,34.72,8.25,0
7,303,2023-09,6109,34.72,8.33,0
7,303,2023-10,5266,34.72,8.42,0
7,303,2023-11,4874,34.72,8.5,0
7,303,2023-12,4953,34.72,8.58,0
7,303,2024-01,4937,34.72,8.67,0
7,303,2024-02,5431,34.72,8.75,0
7,303,2024-03,5229,34.72,8.83,0
7,303,2024-04,5157,34.72,8.92,0
7,303,2024-05,5345,34.72,9.0,0
7,303,2024-06,5268,34.72,9.08,0
7,303,2024-07,6344,34.72,9.17,0
7,303,2024-08,6283,34.72,9.25,0
7,303,2024-09,5698,34.72,9.33,0
7,303,2024-10,5525,34.72,9.42,0
7,303,2024-11,4914,34.72,9.5,0
7,303,2024-12,5814,34.72,9.58,0
7,303,2025-01,5377,34.72,9.67,1
7,303,2025-02,6119,34.72,9.75,1
7,303,2025-03,6671,34.72,9.83,1
7,303,2025-04,11992,34.72,9.92,1
7,303,2025-05,3435,34.72,10.0,1
7,304,2022-06,5653,27.25,7.08,0
7,304,2022-07,5742,27.25,7.17,0
7,304,2022-08,6031,27.25,7.25,0
7,304,2022-09,5315,27.25,7.33,0
7,304,2022-10,5790,27.25,7.42,0
7,304,2022-11,5443,27.25,7.5,0
7,304,2022-12,5298,27.25,7.58,0
7,304,2023-01,5452,27.25,7.67,0
7,304,2023-02,4891,27.25,7.75,0
7,304,2023-03,5574,27.25,7.83,0
7,304,2023-04,5208,27.25,7.92,0
7,304,2023-05,5779,27.25,8.0,0
7,304,2023-06,6384,27.25,8.08,0
7,304,2023-07,6305,27.25,8.17,0
7,304,2023-08,5979,27.25,8.25,0
7,304,2023-09,5728,27.25,8.33,0
7,304,2023-10,5209,27.25,8.42,0
7,304,2023-11,5194,27.25,8.5,0
7,304,2023-12,5411,27.25,8.58,0
7,304,2024-01,5758,27.25,8.67,0
7,304,2024-02,5521,27.25,8.75,0
7,304,2024-03,5524,27.25,8.83,0
7,304,2024-04,5421,27.25,8.92,0
7,304,2024-05,5922,27.25,9.0,0
7,304,2024-06,6398,27.25,9.08,0
7,304,2024-07,6373,27.25,9.17,0
7,304,2024-08,5903,27.25,9.25,0
7,304,2024-09,6475,27.25,9.33,0
7,304,2024-10,5956,27.25,9.42,0
7,304,2024-11,6186,27.25,9.5,0
7,304,2024-12,5368,27.25,9.58,0
7,304,2025-01,6911,27.25,9.67,1
7,304,2025-02,8821,27.25,9.75,1
7,304,2025-03,3568,27.25,9.83,1
7,304,2025-04,10663,27.25,9.92,1
7,304,2025-05,4563,27.25,10.0,1
7,305,2022-06,5204,25.7,7.08,0
7,305,2022-07,4710,25.7,7.17,0
7,305,2022-08,5624,25.7,7.25,0
7,305,2022-09,5373,25.7,7.33,0
7,305,2022-10,5284,25.7,7.42,0
7,305,2022-11,5003,25.7,7.5,0
7,305,2022-12,4844,25.7,7.58,0
7,305,2023-01,5042,25.7,7.67,0
7,305,2023-02,4383,25.7,7.75,0
7,305,2023-03,4582,25.7,7.83,0
7,305,2023-04,5497,25.7,7.92,0
7,305,2023-05,5752,25.7,8.0,0
7,305,2023-06,5659,25.7,8.08,0
7,305,2023-07,5890,25.7,8.17,0
7,305,2023-08,5598,25.7,8.25,0
7,305,2023-09,5356,25.7,8.33,0
7,305,2023-10,4840,25.7,8.42,0
7,305,2023-11,5333,25.7,8.5,0
7,305,2023-12,5502,25.7,8.58,0
7,305,2024-01,4979,25.7,8.67,0
7,305,2024-02,4659,25.7,8.75,0
7,305,2024-03,4643,25.7,8.83,0
7,305,2024-04,5427,25.7,8.92,0
7,305,2024-05,4974,25.7,9.0,0
7,305,2024-06,5436,25.7,9.08,0
7,305,2024-07,6030,25.7,9.17,0
7,305,2024-08,5228,25.7,9.25,0
7,305,2024-09,5815,25.7,9.33,0
7,305,2024-10,5219,25.7,9.42,0
7,305,2024-11,5171,25.7,9.5,0
7,305,2024-12,5182,25.7,9.58,0
7,305,2025-01,7763,25.7,9.67,1
7,305,2025-02,6429,25.7,9.75,1
7,305,2025-03,4877,25.7,9.83,1
7,305,2025-04,8998,25.7,9.92,1
7,305,2025-05,3811,25.7,10.0,1
7,306,2022-06,4681,22.74,7.08,0
7,306,2022-07,5207,22.74,7.17,0
7,306,2022-08,4974,22.74,7.25,0
7,306,2022-09,4474,22.74,7.33,0
7,306,2022-10,4233,22.74,7.42,0
7,306,2022-11,4306,22.74,7.5,0
7,306,2022-12,4746,22.74,7.58,0
7,306,2023-01,3985,22.74,7.67,0
7,306,2023-02,4054,22.74,7.75,0
7,306,2023-03,4852,22.74,7.83,0
7,306,2023-04,4770,22.74,7.92,0
7,306,2023-05,4963,22.74,8.0,0
7,306,2023-06,4800,22.74,8.08,0
7,306,2023-07,5752,22.74,8.17,0
7,306,2023-08,5237,22.74,8.25,0
7,306,2023-09,4888,22.74,8.33,0
7,306,2023-10,4610,22.74,8.42,0
7,306,2023-11,4630,22.74,8.5,0
7,306,2023-12,4367,22.74,8.58,0
7,306,2024-01,5120,22.74,8.67,0
7,306,2024-02,4725,22.74,8.75,0
7,306,2024-03,4470,22.74,8.83,0
7,306,2024-04,4373,22.74,8.92,0
7,306,2024-05,5095,22.74,9.0,0
7,306,2024-06,5366,22.74,9.08,0
7,306,2024-07,5720,22.74,9.17,0
7,306,2024-08,5477,22.74,9.25,0
7,306,2024-09,5497,22.74,9.33,0
7,306,2024-10,4930,22.74,9.42,0
7,306,2024-11,4504,22.74,9.5,0
7,306,2024-12,4661,22.74,9.58,0
7,306,2025-01,4141,22.74,9.67,1
7,306,2025-02,5736,22.74,9.75,1
7,306,2025-03,5275,22.74,9.83,1
7,306,2025-04,11232,22.74,9.92,1
7,306,2025-05,2905,22.74,10.0,1
7,307,2022-06,2082,10.73,6.08,0
7,307,2022-07,2015,10.73,6.17,0
7,307,2022-08,2074,10.73,6.25,0
7,307,2022-09,1891,10.73,6.33,0
7,307,2022-10,1931,10.73,6.42,0
7,307,2022-11,1721,10.73,6.5,0
7,307,2022-12,1851,10.73,6.58,0
7,307,2023-01,1647,10.73,6.67,0
7,307,2023-02,1893,10.73,6.75,0
7,307,2023-03,2030,10.73,6.83,0
7,307,2023-04,1985,10.73,6.92,0
7,307,2023-05,2222,10.73,7.0,0
7,307,2023-06,1945,10.73,7.08,0
7,307,2023-07,2148,10.73,7.17,0
7,307,2023-08,2354,10.73,7.25,0
7,307,2023-09,1994,10.73,7.33,0
7,307,2023-10,1925,10.73,7.42,0
7,307,2023-11,2149,10.73,7.5,0
7,307,2023-12,1799,10.73,7.58,0
7,307,2024-01,1921,10.73,7.67,0
7,307,2024-02,1855,10.73,7.75,0
7,307,2024-03,2097,10.73,7.83,0
7,307,2024-04,2031,10.73,7.92,0
7,307,2024-05,2143,10.73,8.0,0
7,307,2024-06,2345,10.73,8.08,0
7,307,2024-07,2419,10.73,8.17,0
7,307,2024-08,2162,10.73,8.25,0
7,307,2024-09,2291,10.73,8.33,0
7,307,2024-10,1984,10.73,8.42,0
7,307,2024-11,2192,10.73,8.5,0
7,307,2024-12,2254,10.73,8.58,0
7,307,2025-01,2022,10.73,8.67,1
7,307,2025-02,2750,10.73,8.75,1
7,307,2025-03,2317,10.73,8.83,1
7,307,2025-04,4292,10.73,8.92,1
7,307,2025-05,1450,10.73,9.0,1
7,308,2022-06,2373,15.91,6.08,0
7,308,2022-07,2726,15.91,6.17,0
7,308,2022-08,2558,15.91,6.25,0
7,308,2022-09,2390,15.91,6.33,0
7,308,2022-10,2631,15.91,6.42,0
7,308,2022-11,2382,15.91,6.5,0
7,308,2022-12,2162,15.91,6.58,0
7,308,2023-01,2442,15.91,6.67,0
7,308,2023-02,2303,15.91,6.75,0
7,308,2023-03,2342,15.91,6.83,0
7,308,2023-04,2470,15.91,6.92,0
7,308,2023-05,2916,15.91,7.0,0
7,308,2023-06,2801,15.91,7.08,0
7,308,2023-07,2895,15.91,7.17,0
7,308,2023-08,2788,15.91,7.25,0
7,308,2023-09,2796,15.91,7.33,0
7,308,2023-10,2659,15.91,7.42,0
7,308,2023-11,2554,15.91,7.5,0
7,308,2023-12,2453,15.91,7.58,0
7,308,2024-01,2383,15.91,7.67,0
7,308,2024-02,2487,15.91,7.75,0
7,308,2024-03,2817,15.91,7.83,0
7,308,2024-04,2421,15.91,7.92,0
7,308,2024-05,2839,15.91,8.0,0
7,308,2024-06,2973,15.91,8.08,0
7,308,2024-07,2822,15.91,8.17,0
7,308,2024-08,2681,15.91,8.25,0
7,308,2024-09,2570,15.91,8.33,0
7,308,2024-10,2543,15.91,8.42,0
7,308,2024-11,2662,15.91,8.5,0
7,308,2024-12,2583,15.91,8.58,0
7,308,2025-01,3554,15.91,8.67,1
7,308,2025-02,1617,15.91,8.75,1
7,308,2025-03,4957,15.91,8.83,1
7,308,2025-04,4842,15.91,8.92,1
7,308,2025-05,1736,15.91,9.0,1
7,309,2022-06,3670,24.85,6.08,0
7,309,2022-07,3795,24.85,6.17,0
7,309,2022-08,3646,24.85,6.25,0
7,309,2022-09,3919,24.85,6.33,0
7,309,2022-10,3529,24.85,6.42,0
7,309,2022-11,3840,24.85,6.5,0
7,309,2022-12,3733,24.85,6.58,0
7,309,2023-01,3610,24.85,6.67,0
7,309,2023-02,3664,24.85,6.75,0
7,309,2023-03,3542,24.85,6.83,0
7,309,2023-04,3698,24.85,6.92,0
7,309,2023-05,4491,24.85,7.0,0
7,309,2023-06,4524,24.85,7.08,0
7,309,2023-07,4029,24.85,7.17,0
7,309,2023-08,4401,24.85,7.25,0
7,309,2023-09,4509,24.85,7.33,0
7,309,2023-10,3797,24.85,7.42,0
7,309,2023-11,3658,24.85,7.5,0
7,309,2023-12,3980,24.85,7.58,0
7,309,2024-01,4103,24.85,7.67,0
7,309,2024-02,4181,24.85,7.75,0
7,309,2024-03,3697,24.85,7.83,0
7,309,2024-04,3918,24.85,7.92,0
7,309,2024-05,4184,24.85,8.0,0
7,309,2024-06,4056,24.85,8.08,0
7,309,2024-07,4679,24.85,8.17,0
7,309,2024-08,4419,24.85,8.25,0
7,309,2024-09,3958,24.85,8.33,0
7,309,2024-10,4176,24.85,8.42,0
7,309,2024-11,3707,24.85,8.5,0
7,309,2024-12,3942,24.85,8.58,0
7,309,2025-01,4589,24.85,8.67,1
7,309,2025-02,4911,24.85,8.75,1
7,309,2025-03,5102,24.85,8.83,1
7,309,2025-04,6502,24.85,8.92,1
7,309,2025-05,4219,24.85,9.0,1
7,310,2022-06,4031,29.86,6.08,0
7,310,2022-07,4764,29.86,6.17,0
7,310,2022-08,4306,29.86,6.25,0
7,310,2022-09,4893,29.86,6.33,0
7,310,2022-10,4296,29.86,6.42,0
7,310,2022-11,4317,29.86,6.5,0
7,310,2022-12,4439,29.86,6.58,0
7,310,2023-01,3923,29.86,6.67,0
7,310,2023-02,4047,29.86,6.75,0
7,310,2023-03,4860,29.86,6.83,0
7,310,2023-04,4414,29.86,6.92,0
7,310,2023-05,5335,29.86,7.0,0
7,310,2023-06,5171,29.86,7.08,0
7,310,2023-07,4819,29.86,7.17,0
7,310,2023-08,5183,29.86,7.25,0
7,310,2023-09,5075,29.86,7.33,0
7,310,2023-10,5097,29.86,7.42,0
7,310,2023-11,4452,29.86,7.5,0
7,310,2023-12,4240,29.86,7.58,0
7,310,2024-01,4251,29.86,7.67,0
7,310,2024-02,4825,29.86,7.75,0
7,310,2024-03,4347,29.86,7.83,0
7,310,2024-04,4384,29.86,7.92,0
7,310,2024-05,4988,29.86,8.0,0
7,310,2024-06,4979,29.86,8.08,0
7,310,2024-07,5402,29.86,8.17,0
7,310,2024-08,4911,29.86,8.25,0
7,310,2024-09,4735,29.86,8.33,0
7,310,2024-10,5075,29.86,8.42,0
7,310,2024-11,4794,29.86,8.5,0
7,310,2024-12,4430,29.86,8.58,0
7,310,2025-01,6379,29.86,8.67,1
7,310,2025-02,6028,29.86,8.75,1
7,310,2025-03,6449,29.86,8.83,1
7,310,2025-04,7347,29.86,8.92,1
7,310,2025-05,3809,29.86,9.0,1
7,311,2022-06,6278,35.21,6.08,0
7,311,2022-07,6597,35.21,6.17,0
7,311,2022-08,6361,35.21,6.25,0
7,311,2022-09,5973,35.21,6.33,0
7,311,2022-10,6017,35.21,6.42,0
7,311,2022-11,5716,35.21,6.5,0
7,311,2022-12,6335,35.21,6.58,0
7,311,2023-01,5585,35.21,6.67,0
7,311,2023-02,6209,35.21,6.75,0
7,311,2023-03,5705,35.21,6.83,0
7,311,2023-04,6840,35.21,6.92,0
7,311,2023-05,5998,35.21,7.0,0
7,311,2023-06,7098,35.21,7.08,0
7,311,2023-07,6681,35.21,7.17,0
7,311,2023-08,6365,35.21,7.25,0
7,311,2023-09,6463,35.21,7.33,0
7,311,2023-10,6097,35.21,7.42,0
7,311,2023-11,6460,35.21,7.5,0
7,311,2023-12,5546,35.21,7.58,0
7,311,2024-01,6730,35.21,7.67,0
7,311,2024-02,6504,35.21,7.75,0
7,311,2024-03,5945,35.21,7.83,0
7,311,2024-04,6014,35.21,7.92,0
7,311,2024-05,6965,35.21,8.0,0
7,311,2024-06,6117,35.21,8.08,0
7,311,2024-07,6779,35.21,8.17,0
7,311,2024-08,6239,35.21,8.25,0
7,311,2024-09,7086,35.21,8.33,0
7,311,2024-10,5966,35.21,8.42,0
7,311,2024-11,6707,35.21,8.5,0
7,311,2024-12,6271,35.21,8.58,0
7,311,2025-01,7517,35.21,8.67,1
7,311,2025-02,5959,35.21,8.75,1
7,311,2025-03,8269,35.21,8.83,1
7,311,2025-04,5834,35.21,8.92,1
7,311,2025-05,12212,35.21,9.0,1
7,328,2022-06,3300,23.07,8.08,0
7,328,2022-07,3994,23.07,8.17,0
7,328,2022-08,3812,23.07,8.25,0
7,328,2022-09,3579,23.07,8.33,0
7,328,2022-10,3971,23.07,8.42,0
7,328,2022-11,3290,23.07,8.5,0
7,328,2022-12,3375,23.07,8.58,0
7,328,2023-01,3454,23.07,8.67,0
7,328,2023-02,3547,23.07,8.75,0
7,328,2023-03,3979,23.07,8.83,0
7,328,2023-04,4280,23.07,8.92,0
7,328,2023-05,3899,23.07,9.0,0
7,328,2023-06,4385,23.07,9.08,0
7,328,2023-07,4350,23.07,9.17,0
7,328,2023-08,3842,23.07,9.25,0
7,328,2023-09,3894,23.07,9.33,0
7,328,2023-10,4070,23.07,9.42,0
7,328,2023-11,4109,23.07,9.5,0
7,328,2023-12,3491,23.07,9.58,0
7,328,2024-01,4150,23.07,9.67,0
7,328,2024-02,3875,23.07,9.75,0
7,328,2024-03,4206,23.07,9.83,0
7,328,2024-04,3585,23.07,9.92,0
7,328,2024-05,3943,23.07,10.0,0
7,328,2024-06,4529,23.07,10.08,0
7,328,2024-07,4156,23.07,10.17,0
7,328,2024-08,3972,23.07,10.25,0
7,328,2024-09,3752,23.07,10.33,0
7,328,2024-10,4023,23.07,10.42,0
7,328,2024-11,3665,23.07,10.5,0
7,328,2024-12,3896,23.07,10.58,0
7,328,2025-01,4874,23.07,10.67,1
7,328,2025-02,4744,23.07,10.75,1
7,328,2025-03,3201,23.07,10.83,1
7,328,2025-04,8590,23.07,10.92,1
7,328,2025-05,1420,23.07,11.0,1
7,329,2022-06,2809,18.8,8.08,0
7,329,2022-07,3265,18.8,8.17,0
7,329,2022-08,3373,18.8,8.25,0
7,329,2022-09,3149,18.8,8.33,0
7,329,2022-10,3274,18.8,8.42,0
7,329,2022-11,2740,18.8,8.5,0
7,329,2022-12,2797,18.8,8.58,0
7,329,2023-01,2578,18.8,8.67,0
7,329,2023-02,2690,18.8,8.75,0
7,329,2023-03,2918,18.8,8.83,0
7,329,2023-04,3090,18.8,8.92,0
7,329,2023-05,3041,18.8,9.0,0
7,329,2023-06,3620,18.8,9.08,0
7,329,2023-07,3476,18.8,9.17,0
7,329,2023-08,3201,18.8,9.25,0
7,329,2023-09,3049,18.8,9.33,0
7,329,2023-10,3359,18.8,9.42,0
7,329,2023-11,3391,18.8,9.5,0
7,329,2023-12,3224,18.8,9.58,0
7,329,2024-01,3099,18.8,9.67,0
7,329,2024-02,2974,18.8,9.75,0
7,329,2024-03,3164,18.8,9.83,0
7,329,2024-04,3419,18.8,9.92,0
7,329,2024-05,3507,18.8,10.0,0
7,329,2024-06,3544,18.8,10.08,0
7,329,2024-07,3527,18.8,10.17,0
7,329,2024-08,3486,18.8,10.25,0
7,329,2024-09,3565,18.8,10.33,0
7,329,2024-10,3168,18.8,10.42,0
7,329,2024-11,2982,18.8,10.5,0
7,329,2024-12,3045,18.8,10.58,0
7,329,2025-01,4277,18.8,10.67,1
7,329,2025-02,4135,18.8,10.75,1
7,329,2025-03,3085,18.8,10.83,1
7,329,2025-04,5236,18.8,10.92,1
7,329,2025-05,1877,18.8,11.0,1
7,330,2022-06,3681,18.44,8.08,0
7,330,2022-07,3430,18.44,8.17,0
7,330,2022-08,3534,18.44,8.25,0
7,330,2022-09,3492,18.44,8.33,0
7,330,2022-10,3588,18.44,8.42,0
7,330,2022-11,3307,18.44,8.5,0
7,330,2022-12,3014,18.44,8.58,0
7,330,2023-01,3273,18.44,8.67,0
7,330,2023-02,3438,18.44,8.75,0
7,330,2023-03,3540,18.44,8.83,0
7,330,2023-04,3881,18.44,8.92,0
7,330,2023-05,3364,18.44,9.0,0
7,330,2023-06,4054,18.44,9.08,0
7,330,2023-07,3714,18.44,9.17,0
7,330,2023-08,3999,18.44,9.25,0
7,330,2023-09,3472,18.44,9.33,0
7,330,2023-10,3879,18.44,9.42,0
7,330,2023-11,3814,18.44,9.5,0
7,330,2023-12,3768,18.44,9.58,0
7,330,2024-01,3573,18.44,9.67,0
7,330,2024-02,3639,18.44,9.75,0
7,330,2024-03,3695,18.44,9.83,0
7,330,2024-04,3696,18.44,9.92,0
7,330,2024-05,3446,18.44,10.0,0
7,330,2024-06,4154,18.44,10.08,0
7,330,2024-07,4184,18.44,10.17,0
7,330,2024-08,4077,18.44,10.25,0
7,330,2024-09,3847,18.44,10.33,0
7,330,2024-10,3572,18.44,10.42,0
7,330,2024-11,3858,18.44,10.5,0
7,330,2024-12,3692,18.44,10.58,0
7,330,2025-01,3414,18.44,10.67,1
7,330,2025-02,5026,18.44,10.75,1
7,330,2025-03,3157,18.44,10.83,1
7,330,2025-04,6263,18.44,10.92,1
7,330,2025-05,2854,18.44,11.0,1
7,331,2022-06,3387,21.79,8.08,0
7,331,2022-07,3656,21.79,8.17,0
7,331,2022-08,3602,21.79,8.25,0
7,331,2022-09,3783,21.79,8.33,0
7,331,2022-10,3596,21.79,8.42,0
7,331,2022-11,3316,21.79,8.5,0
7,331,2022-12,3211,21.79,8.58,0
7,331,2023-01,2946,21.79,8.67,0
7,331,2023-02,3123,21.79,8.75,0
7,331,2023-03,3730,21.79,8.83,0
7,331,2023-04,3876,21.79,8.92,0
7,331,2023-05,3299,21.79,9.0,0
7,331,2023-06,3976,21.79,9.08,0
7,331,2023-07,4114,21.79,9.17,0
7,331,2023-08,3444,21.79,9.25,0
7,331,2023-09,3902,21.79,9.33,0
7,331,2023-10,3750,21.79,9.42,0
7,331,2023-11,3301,21.79,9.5,0
7,331,2023-12,3436,21.79,9.58,0
7,331,2024-01,3124,21.79,9.67,0
7,331,2024-02,3135,21.79,9.75,0
7,331,2024-03,3292,21.79,9.83,0
7,331,2024-04,3231,21.79,9.92,0
7,331,2024-05,3927,21.79,10.0,0
7,331,2024-06,3727,21.79,10.08,0
7,331,2024-07,4135,21.79,10.17,0
7,331,2024-08,3500,21.79,10.25,0
7,331,2024-09,3586,21.79,10.33,0
7,331,2024-10,3736,21.79,10.42,0
7,331,2024-11,3235,21.79,10.5,0
7,331,2024-12,3613,21.79,10.58,0
7,331,2025-01,3891,21.79,10.67,1
7,331,2025-02,4330,21.79,10.75,1
7,331,2025-03,3022,21.79,10.83,1
7,331,2025-04,8495,21.79,10.92,1
7,331,2025-05,909,21.79,11.0,1
7,332,2022-06,3210,22.12,8.08,0
7,332,2022-07,3595,22.12,8.17,0
7,332,2022-08,3563,22.12,8.25,0
7,332,2022-09,3803,22.12,8.33,0
7,332,2022-10,3321,22.12,8.42,0
7,332,2022-11,3497,22.12,8.5,0
7,332,2022-12,3666,22.12,8.58,0
7,332,2023-01,3689,22.12,8.67,0
7,332,2023-02,3578,22.12,8.75,0
7,332,2023-03,3880,22.12,8.83,0
7,332,2023-04,3630,22.12,8.92,0
7,332,2023-05,4017,22.12,9.0,0
7,332,2023-06,4144,22.12,9.08,0
7,332,2023-07,3998,22.12,9.17,0
7,332,2023-08,4198,22.12,9.25,0
7,332,2023-09,3609,22.12,9.33,0
7,332,2023-10,3723,22.12,9.42,0
7,332,2023-11,3733,22.12,9.5,0
7,332,2023-12,3433,22.12,9.58,0
7,332,2024-01,3470,22.12,9.67,0
7,332,2024-02,3472,22.12,9.75,0
7,332,2024-03,3362,22.12,9.83,0
7,332,2024-04,3584,22.12,9.92,0
7,332,2024-05,3983,22.12,10.0,0
7,332,2024-06,3992,22.12,10.08,0
7,332,2024-07,4390,22.12,10.17,0
7,332,2024-08,4415,22.12,10.25,0
7,332,2024-09,3837,22.12,10.33,0
7,332,2024-10,3884,22.12,10.42,0
7,332,2024-11,3848,22.12,10.5,0
7,332,2024-12,4126,22.12,10.58,0
7,332,2025-01,4506,22.12,10.67,1
7,332,2025-02,5169,22.12,10.75,1
7,332,2025-03,2551,22.12,10.83,1
7,332,2025-04,6326,22.12,10.92,1
7,332,2025-05,3446,22.12,11.0,1
7,333,2022-06,3600,21.93,8.08,0
7,333,2022-07,4364,21.93,8.17,0
7,333,2022-08,4047,21.93,8.25,0
7,333,2022-09,4021,21.93,8.33,0
7,333,2022-10,3883,21.93,8.42,0
7,333,2022-11,4211,21.93,8.5,0
7,333,2022-12,3949,21.93,8.58,0
7,333,2023-01,3353,21.93,8.67,0
7,333,2023-02,3542,21.93,8.75,0
7,333,2023-03,3972,21.93,8.83,0
7,333,2023-04,4280,21.93,8.92,0
7,333,2023-05,4155,21.93,9.0,0
7,333,2023-06,4731,21.93,9.08,0
7,333,2023-07,4653,21.93,9.17,0
7,333,2023-08,4099,21.93,9.25,0
7,333,2023-09,4619,21.93,9.33,0
7,333,2023-10,3979,21.93,9.42,0
7,333,2023-11,3844,21.93,9.5,0
7,333,2023-12,3811,21.93,9.58,0
7,333,2024-01,4085,21.93,9.67,0
7,333,2024-02,3708,21.93,9.75,0
7,333,2024-03,4359,21.93,9.83,0
7,333,2024-04,4227,21.93,9.92,0
7,333,2024-05,4490,21.93,10.0,0
7,333,2024-06,4511,21.93,10.08,0
7,333,2024-07,4668,21.93,10.17,0
7,333,2024-08,4029,21.93,10.25,0
7,333,2024-09,4065,21.93,10.33,0
7,333,2024-10,4271,21.93,10.42,0
7,333,2024-11,4433,21.93,10.5,0
7,333,2024-12,4108,21.93,10.58,0
7,333,2025-01,4039,21.93,10.67,1
7,333,2025-02,4042,21.93,10.75,1
7,333,2025-03,3272,21.93,10.83,1
7,333,2025-04,6170,21.93,10.92,1
7,333,2025-05,6421,21.93,11.0,1
7,334,2022-06,3938,26.11,8.08,0
7,334,2022-07,3837,26.11,8.17,0
7,334,2022-08,3673,26.11,8.25,0
7,334,2022-09,3517,26.11,8.33,0
7,334,2022-10,3806,26.11,8.42,0
7,334,2022-11,3619,26.11,8.5,0
7,334,2022-12,3300,26.11,8.58,0
7,334,2023-01,3320,26.11,8.67,0
7,334,2023-02,3412,26.11,8.75,0
7,334,2023-03,3761,26.11,8.83,0
7,334,2023-04,3564,26.11,8.92,0
7,334,2023-05,3862,26.11,9.0,0
7,334,2023-06,3920,26.11,9.08,0
7,334,2023-07,3759,26.11,9.17,0
7,334,2023-08,4223,26.11,9.25,0
7,334,2023-09,4180,26.11,9.33,0
7,334,2023-10,3435,26.11,9.42,0
7,334,2023-11,3921,26.11,9.5,0
7,334,2023-12,3710,26.11,9.58,0
7,334,2024-01,3933,26.11,9.67,0
7,334,2024-02,3960,26.11,9.75,0
7,334,2024-03,3828,26.11,9.83,0
7,334,2024-04,3607,26.11,9.92,0
7,334,2024-05,3999,26.11,10.0,0
7,334,2024-06,3806,26.11,10.08,0
7,334,2024-07,3949,26.11,10.17,0
7,334,2024-08,4100,26.11,10.25,0
7,334,2024-09,3784,26.11,10.33,0
7,334,2024-10,3701,26.11,10.42,0
7,334,2024-11,4066,26.11,10.5,0
7,334,2024-12,3998,26.11,10.58,0
7,334,2025-01,4765,26.11,10.67,1
7,334,2025-02,3844,26.11,10.75,1
7,334,2025-03,3162,26.11,10.83,1
7,334,2025-04,4269,26.11,10.92,1
7,334,2025-05,6600,26.11,11.0,1
7,335,2022-06,4284,25.97,8.08,0
7,335,2022-07,4267,25.97,8.17,0
7,335,2022-08,4359,25.97,8.25,0
7,335,2022-09,4159,25.97,8.33,0
7,335,2022-10,3603,25.97,8.42,0
7,335,2022-11,3593,25.97,8.5,0
7,335,2022-12,3795,25.97,8.58,0
7,335,2023-01,3780,25.97,8.67,0
7,335,2023-02,4031,25.97,8.75,0
7,335,2023-03,4463,25.97,8.83,0
7,335,2023-04,4564,25.97,8.92,0
7,335,2023-05,4225,25.97,9.0,0
7,335,2023-06,4349,25.97,9.08,0
7,335,2023-07,4154,25.97,9.17,0
7,335,2023-08,4131,25.97,9.25,0
7,335,2023-09,4347,25.97,9.33,0
7,335,2023-10,4217,25.97,9.42,0
7,335,2023-11,3791,25.97,9.5,0
7,335,2023-12,3724,25.97,9.58,0
7,335,2024-01,4130,25.97,9.67,0
7,335,2024-02,4188,25.97,9.75,0
7,335,2024-03,4044,25.97,9.83,0
7,335,2024-04,3888,25.97,9.92,0
7,335,2024-05,4115,25.97,10.0,0
7,335,2024-06,4487,25.97,10.08,0
7,335,2024-07,4567,25.97,10.17,0
7,335,2024-08,4661,25.97,10.25,0
7,335,2024-09,4535,25.97,10.33,0
7,335,2024-10,4377,25.97,10.42,0
7,335,2024-11,4527,25.97,10.5,0
7,335,2024-12,4237,25.97,10.58,0
7,335,2025-01,5219,25.97,10.67,1
7,335,2025-02,3745,25.97,10.75,1
7,335,2025-03,3555,25.97,10.83,1
7,335,2025-04,5262,25.97,10.92,1
7,335,2025-05,6899,25.97,11.0,1
7,336,2022-06,4739,28.34,8.08,0
7,336,2022-07,5405,28.34,8.17,0
7,336,2022-08,5057,28.34,8.25,0
7,336,2022-09,5477,28.34,8.33,0
7,336,2022-10,4377,28.34,8.42,0
7,336,2022-11,4415,28.34,8.5,0
7,336,2022-12,4685,28.34,8.58,0
7,336,2023-01,4205,28.34,8.67,0
7,336,2023-02,4285,28.34,8.75,0
7,336,2023-03,5341,28.34,8.83,0
7,336,2023-04,5075,28.34,8.92,0
7,336,2023-05,5210,28.34,9.0,0
7,336,2023-06,5216,28.34,9.08,0
7,336,2023-07,5822,28.34,9.17,0
7,336,2023-08,5443,28.34,9.25,0
7,336,2023-09,5839,28.34,9.33,0
7,336,2023-10,5206,28.34,9.42,0
7,336,2023-11,5405,28.34,9.5,0
7,336,2023-12,5230,28.34,9.58,0
7,336,2024-01,5238,28.34,9.67,0
7,336,2024-02,5005,28.34,9.75,0
7,336,2024-03,5144,28.34,9.83,0
7,336,2024-04,4516,28.34,9.92,0
7,336,2024-05,4834,28.34,10.0,0
7,336,2024-06,5343,28.34,10.08,0
7,336,2024-07,5513,28.34,10.17,0
7,336,2024-08,5430,28.34,10.25,0
7,336,2024-09,5568,28.34,10.33,0
7,336,2024-10,4945,28.34,10.42,0
7,336,2024-11,5191,28.34,10.5,0
7,336,2024-12,5369,28.34,10.58,0
7,336,2025-01,6045,28.34,10.67,1
7,336,2025-02,6752,28.34,10.75,1
7,336,2025-03,5100,28.34,10.83,1
7,336,2025-04,6402,28.34,10.92,1
7,336,2025-05,5568,28.34,11.0,1
7,337,2022-06,3734,27.35,7.08,0
7,337,2022-07,4310,27.35,7.17,0
7,337,2022-08,4113,27.35,7.25,0
7,337,2022-09,4532,27.35,7.33,0
7,337,2022-10,4479,27.35,7.42,0
7,337,2022-11,4364,27.35,7.5,0
7,337,2022-12,4024,27.35,7.58,0
7,337,2023-01,3623,27.35,7.67,0
7,337,2023-02,4228,27.35,7.75,0
7,337,2023-03,4248,27.35,7.83,0
7,337,2023-04,4133,27.35,7.92,0
7,337,2023-05,4144,27.35,8.0,0
7,337,2023-06,5110,27.35,8.08,0
7,337,2023-07,4973,27.35,8.17,0
7,337,2023-08,5159,27.35,8.25,0
7,337,2023-09,4635,27.35,8.33,0
7,337,2023-10,4799,27.35,8.42,0
7,337,2023-11,4569,27.35,8.5,0
7,337,2023-12,4627,27.35,8.58,0
7,337,2024-01,4138,27.35,8.67,0
7,337,2024-02,3871,27.35,8.75,0
7,337,2024-03,4235,27.35,8.83,0
7,337,2024-04,4521,27.35,8.92,0
7,337,2024-05,4753,27.35,9.0,0
7,337,2024-06,5145,27.35,9.08,0
7,337,2024-07,5017,27.35,9.17,0
7,337,2024-08,4845,27.35,9.25,0
7,337,2024-09,4597,27.35,9.33,0
7,337,2024-10,4168,27.35,9.42,0
7,337,2024-11,4733,27.35,9.5,0
7,337,2024-12,4915,27.35,9.58,0
7,337,2025-01,5444,27.35,9.67,1
7,337,2025-02,8072,27.35,9.75,1
7,337,2025-03,4940,27.35,9.83,1
7,337,2025-04,6150,27.35,9.92,1
7,337,2025-05,2623,27.35,10.0,1
7,338,2022-06,3993,23.53,7.08,0
7,338,2022-07,4237,23.53,7.17,0
7,338,2022-08,3883,23.53,7.25,0
7,338,2022-09,3846,23.53,7.33,0
7,338,2022-10,3760,23.53,7.42,0
7,338,2022-11,3850,23.53,7.5,0
7,338,2022-12,3455,23.53,7.58,0
7,338,2023-01,3719,23.53,7.67,0
7,338,2023-02,3292,23.53,7.75,0
7,338,2023-03,3498,23.53,7.83,0
7,338,2023-04,4160,23.53,7.92,0
7,338,2023-05,4000,23.53,8.0,0
7,338,2023-06,4515,23.53,8.08,0
7,338,2023-07,4324,23.53,8.17,0
7,338,2023-08,4570,23.53,8.25,0
7,338,2023-09,3851,23.53,8.33,0
7,338,2023-10,4118,23.53,8.42,0
7,338,2023-11,3928,23.53,8.5,0
7,338,2023-12,3773,23.53,8.58,0
7,338,2024-01,3636,23.53,8.67,0
7,338,2024-02,3714,23.53,8.75,0
7,338,2024-03,4154,23.53,8.83,0
7,338,2024-04,4264,23.53,8.92,0
7,338,2024-05,4260,23.53,9.0,0
7,338,2024-06,4010,23.53,9.08,0
7,338,2024-07,4004,23.53,9.17,0
7,338,2024-08,4282,23.53,9.25,0
7,338,2024-09,3979,23.53,9.33,0
7,338,2024-10,3649,23.53,9.42,0
7,338,2024-11,3577,23.53,9.5,0
7,338,2024-12,4382,23.53,9.58,0
7,338,2025-01,5355,23.53,9.67,1
7,338,2025-02,4201,23.53,9.75,1
7,338,2025-03,3548,23.53,9.83,1
7,338,2025-04,7229,23.53,9.92,1
7,338,2025-05,4199,23.53,10.0,1
7,339,2022-06,4671,29.58,7.08,0
7,339,2022-07,4993,29.58,7.17,0
7,339,2022-08,4350,29.58,7.25,0
7,339,2022-09,4151,29.58,7.33,0
7,339,2022-10,4491,29.58,7.42,0
7,339,2022-11,4360,29.58,7.5,0
7,339,2022-12,4173,29.58,7.58,0
7,339,2023-01,3993,29.58,7.67,0
7,339,2023-02,3840,29.58,7.75,0
7,339,2023-03,4253,29.58,7.83,0
7,339,2023-04,4501,29.58,7.92,0
7,339,2023-05,4388,29.58,8.0,0
7,339,2023-06,4979,29.58,8.08,0
7,339,2023-07,5335,29.58,8.17,0
7,339,2023-08,4543,29.58,8.25,0
7,339,2023-09,4434,29.58,8.33,0
7,339,2023-10,5056,29.58,8.42,0
7,339,2023-11,4943,29.58,8.5,0
7,339,2023-12,4484,29.58,8.58,0
7,339,2024-01,4358,29.58,8.67,0
7,339,2024-02,4142,29.58,8.75,0
7,339,2024-03,4873,29.58,8.83,0
7,339,2024-04,4609,29.58,8.92,0
7,339,2024-05,4525,29.58,9.0,0
7,339,2024-06,5189,29.58,9.08,0
7,339,2024-07,5163,29.58,9.17,0
7,339,2024-08,5210,29.58,9.25,0
7,339,2024-09,4841,29.58,9.33,0
7,339,2024-10,5097,29.58,9.42,0
7,339,2024-11,4706,29.58,9.5,0
7,339,2024-12,4780,29.58,9.58,0
7,339,2025-01,7988,29.58,9.67,1
7,339,2025-02,7331,29.58,9.75,1
7,339,2025-03,4428,29.58,9.83,1
7,339,2025-04,5815,29.58,9.92,1
7,339,2025-05,3145,29.58,10.0,1
7,340,2022-06,5326,30.38,7.08,0
7,340,2022-07,4876,30.38,7.17,0
7,340,2022-08,5693,30.38,7.25,0
7,340,2022-09,4991,30.38,7.33,0
7,340,2022-10,4811,30.38,7.42,0
7,340,2022-11,4916,30.38,7.5,0
7,340,2022-12,4622,30.38,7.58,0
7,340,2023-01,5051,30.38,7.67,0
7,340,2023-02,4575,30.38,7.75,0
7,340,2023-03,4719,30.38,7.83,0
7,340,2023-04,5205,30.38,7.92,0
7,340,2023-05,5135,30.38,8.0,0
7,340,2023-06,5223,30.38,8.08,0
7,340,2023-07,5737,30.38,8.17,0
7,340,2023-08,5510,30.38,8.25,0
7,340,2023-09,5476,30.38,8.33,0
7,340,2023-10,5118,30.38,8.42,0
7,340,2023-11,4896,30.38,8.5,0
7,340,2023-12,5565,30.38,8.58,0
7,340,2024-01,4599,30.38,8.67,0
7,340,2024-02,5063,30.38,8.75,0
7,340,2024-03,4698,30.38,8.83,0
7,340,2024-04,4855,30.38,8.92,0
7,340,2024-05,5825,30.38,9.0,0
7,340,2024-06,5335,30.38,9.08,0
7,340,2024-07,5544,30.38,9.17,0
7,340,2024-08,5448,30.38,9.25,0
7,340,2024-09,5154,30.38,9.33,0
7,340,2024-10,4978,30.38,9.42,0
7,340,2024-11,5250,30.38,9.5,0
7,340,2024-12,5065,30.38,9.58,0
7,340,2025-01,7521,30.38,9.67,1
7,340,2025-02,7109,30.38,9.75,1
7,340,2025-03,4962,30.38,9.83,1
7,340,2025-04,7703,30.38,9.92,1
7,340,2025-05,4761,30.38,10.0,1
7,341,2022-06,5838,30.94,7.08,0
7,341,2022-07,5926,30.94,7.17,0
7,341,2022-08,6086,30.94,7.25,0
7,341,2022-09,6222,30.94,7.33,0
7,341,2022-10,5202,30.94,7.42,0
7,341,2022-11,5299,30.94,7.5,0
7,341,2022-12,5635,30.94,7.58,0
7,341,2023-01,5130,30.94,7.67,0
7,341,2023-02,4937,30.94,7.75,0
7,341,2023-03,5274,30.94,7.83,0
7,341,2023-04,5811,30.94,7.92,0
7,341,2023-05,6482,30.94,8.0,0
7,341,2023-06,6755,30.94,8.08,0
7,341,2023-07,6016,30.94,8.17,0
7,341,2023-08,6463,30.94,8.25,0
7,341,2023-09,6011,30.94,8.33,0
7,341,2023-10,5408,30.94,8.42,0
7,341,2023-11,5700,30.94,8.5,0
7,341,2023-12,6195,30.94,8.58,0
7,341,2024-01,6424,30.94,8.67,0
7,341,2024-02,5718,30.94,8.75,0
7,341,2024-03,5519,30.94,8.83,0
7,341,2024-04,5850,30.94,8.92,0
7,341,2024-05,6039,30.94,9.0,0
7,341,2024-06,6220,30.94,9.08,0
7,341,2024-07,6312,30.94,9.17,0
7,341,2024-08,5953,30.94,9.25,0
7,341,2024-09,6657,30.94,9.33,0
7,341,2024-10,6304,30.94,9.42,0
7,341,2024-11,6046,30.94,9.5,0
7,341,2024-12,6480,30.94,9.58,0
7,341,2025-01,7748,30.94,9.67,1
7,341,2025-02,6184,30.94,9.75,1
7,341,2025-03,5287,30.94,9.83,1
7,341,2025-04,9719,30.94,9.92,1
7,341,2025-05,7544,30.94,10.0,1
7,342,2022-06,4238,29.34,7.08,0
7,342,2022-07,5061,29.34,7.17,0
7,342,2022-08,4718,29.34,7.25,0
7,342,2022-09,5229,29.34,7.33,0
7,342,2022-10,4291,29.34,7.42,0
7,342,2022-11,4659,29.34,7.5,0
7,342,2022-12,4820,29.34,7.58,0
7,342,2023-01,4710,29.34,7.67,0
7,342,2023-02,4737,29.34,7.75,0
7,342,2023-03,4524,29.34,7.83,0
7,342,2023-04,4952,29.34,7.92,0
7,342,2023-05,5605,29.34,8.0,0
7,342,2023-06,4972,29.34,8.08,0
7,342,2023-07,5065,29.34,8.17,0
7,342,2023-08,5269,29.34,8.25,0
7,342,2023-09,5247,29.34,8.33,0
7,342,2023-10,5352,29.34,8.42,0
7,342,2023-11,4528,29.34,8.5,0
7,342,2023-12,4404,29.34,8.58,0
7,342,2024-01,4594,29.34,8.67,0
7,342,2024-02,4641,29.34,8.75,0
7,342,2024-03,5285,29.34,8.83,0
7,342,2024-04,5092,29.34,8.92,0
7,342,2024-05,5181,29.34,9.0,0
7,342,2024-06,4813,29.34,9.08,0
7,342,2024-07,5093,29.34,9.17,0
7,342,2024-08,4864,29.34,9.25,0
7,342,2024-09,5407,29.34,9.33,0
7,342,2024-10,4544,29.34,9.42,0
7,342,2024-11,4596,29.34,9.5,0
7,342,2024-12,4623,29.34,9.58,0
7,342,2025-01,5590,29.34,9.67,1
7,342,2025-02,5586,29.34,9.75,1
7,342,2025-03,3581,29.34,9.83,1
7,342,2025-04,8124,29.34,9.92,1
7,342,2025-05,7518,29.34,10.0,1
7,343,2022-06,4283,27.36,7.08,0
7,343,2022-07,4187,27.36,7.17,0
7,343,2022-08,3950,27.36,7.25,0
7,343,2022-09,4238,27.36,7.33,0
7,343,2022-10,3634,27.36,7.42,0
7,343,2022-11,4144,27.36,7.5,0
7,343,2022-12,4202,27.36,7.58,0
7,343,2023-01,4032,27.36,7.67,0
7,343,2023-02,4074,27.36,7.75,0
7,343,2023-03,4013,27.36,7.83,0
7,343,2023-04,3881,27.36,7.92,0
7,343,2023-05,4266,27.36,8.0,0
7,343,2023-06,4888,27.36,8.08,0
7,343,2023-07,4160,27.36,8.17,0
7,343,2023-08,4722,27.36,8.25,0
7,343,2023-09,3936,27.36,8.33,0
7,343,2023-10,3789,27.36,8.42,0
7,343,2023-11,4252,27.36,8.5,0
7,343,2023-12,3801,27.36,8.58,0
7,343,2024-01,3858,27.36,8.67,0
7,343,2024-02,3812,27.36,8.75,0
7,343,2024-03,3792,27.36,8.83,0
7,343,2024-04,3965,27.36,8.92,0
7,343,2024-05,4122,27.36,9.0,0
7,343,2024-06,4556,27.36,9.08,0
7,343,2024-07,4203,27.36,9.17,0
7,343,2024-08,4955,27.36,9.25,0
7,343,2024-09,4194,27.36,9.33,0
7,343,2024-10,4288,27.36,9.42,0
7,343,2024-11,4009,27.36,9.5,0
7,343,2024-12,4597,27.36,9.58,0
7,343,2025-01,5048,27.36,9.67,1
7,343,2025-02,3808,27.36,9.75,1
7,343,2025-03,5286,27.36,9.83,1
7,343,2025-04,5369,27.36,9.92,1
7,343,2025-05,6547,27.36,10.0,1
7,344,2022-06,4767,24.33,7.08,0
7,344,2022-07,5530,24.33,7.17,0
7,344,2022-08,5136,24.33,7.25,0
7,344,2022-09,5236,24.33,7.33,0
7,344,2022-10,5500,24.33,7.42,0
7,344,2022-11,4908,24.33,7.5,0
7,344,2022-12,4845,24.33,7.58,0
7,344,2023-01,4705,24.33,7.67,0
7,344,2023-02,5361,24.33,7.75,0
7,344,2023-03,5401,24.33,7.83,0
7,344,2023-04,6118,24.33,7.92,0
7,344,2023-05,6292,24.33,8.0,0
7,344,2023-06,5695,24.33,8.08,0
7,344,2023-07,6648,24.33,8.17,0
7,344,2023-08,6445,24.33,8.25,0
7,344,2023-09,5381,24.33,8.33,0
7,344,2023-10,5283,24.33,8.42,0
7,344,2023-11,5708,24.33,8.5,0
7,344,2023-12,5347,24.33,8.58,0
7,344,2024-01,5527,24.33,8.67,0
7,344,2024-02,5336,24.33,8.75,0
7,344,2024-03,5922,24.33,8.83,0
7,344,2024-04,5459,24.33,8.92,0
7,344,2024-05,5772,24.33,9.0,0
7,344,2024-06,6057,24.33,9.08,0
7,344,2024-07,6524,24.33,9.17,0
7,344,2024-08,5473,24.33,9.25,0
7,344,2024-09,6467,24.33,9.33,0
7,344,2024-10,5428,24.33,9.42,0
7,344,2024-11,5298,24.33,9.5,0
7,344,2024-12,5521,24.33,9.58,0
7,344,2025-01,7483,24.33,9.67,1
7,344,2025-02,5787,24.33,9.75,1
7,344,2025-03,5146,24.33,9.83,1
7,344,2025-04,8348,24.33,9.92,1
7,344,2025-05,7024,24.33,10.0,1
7,345,2022-06,5219,27.08,6.08,0
7,345,2022-07,6220,27.08,6.17,0
7,345,2022-08,5580,27.08,6.25,0
7,345,2022-09,5636,27.08,6.33,0
7,345,2022-10,5887,27.08,6.42,0
7,345,2022-11,5536,27.08,6.5,0
7,345,2022-12,5662,27.08,6.58,0
7,345,2023-01,5579,27.08,6.67,0
7,345,2023-02,4844,27.08,6.75,0
7,345,2023-03,5187,27.08,6.83,0
7,345,2023-04,6410,27.08,6.92,0
7,345,2023-05,6528,27.08,7.0,0
7,345,2023-06,5932,27.08,7.08,0
7,345,2023-07,6506,27.08,7.17,0
7,345,2023-08,6673,27.08,7.25,0
7,345,2023-09,6149,27.08,7.33,0
7,345,2023-10,5582,27.08,7.42,0
7,345,2023-11,5644,27.08,7.5,0
7,345,2023-12,6223,27.08,7.58,0
7,345,2024-01,6284,27.08,7.67,0
7,345,2024-02,5664,27.08,7.75,0
7,345,2024-03,5549,27.08,7.83,0
7,345,2024-04,6181,27.08,7.92,0
7,345,2024-05,5648,27.08,8.0,0
7,345,2024-06,5783,27.08,8.08,0
7,345,2024-07,6193,27.08,8.17,0
7,345,2024-08,6921,27.08,8.25,0
7,345,2024-09,6074,27.08,8.33,0
7,345,2024-10,6067,27.08,8.42,0
7,345,2024-11,5367,27.08,8.5,0
7,345,2024-12,6030,27.08,8.58,0
7,345,2025-01,6997,27.08,8.67,1
7,345,2025-02,6022,27.08,8.75,1
7,345,2025-03,6325,27.08,8.83,1
7,345,2025-04,8894,27.08,8.92,1
7,345,2025-05,8604,27.08,9.0,1
7,346,2022-06,4661,24.72,6.08,0
7,346,2022-07,4825,24.72,6.17,0
7,346,2022-08,4151,24.72,6.25,0
7,346,2022-09,4587,24.72,6.33,0
7,346,2022-10,4199,24.72,6.42,0
7,346,2022-11,4320,24.72,6.5,0
7,346,2022-12,3995,24.72,6.58,0
7,346,2023-01,4423,24.72,6.67,0
7,346,2023-02,4328,24.72,6.75,0
7,346,2023-03,4433,24.72,6.83,0
7,346,2023-04,4423,24.72,6.92,0
7,346,2023-05,4652,24.72,7.0,0
7,346,2023-06,4478,24.72,7.08,0
7,346,2023-07,4997,24.72,7.17,0
7,346,2023-08,4948,24.72,7.25,0
7,346,2023-09,4363,24.72,7.33,0
7,346,2023-10,4544,24.72,7.42,0
7,346,2023-11,4111,24.72,7.5,0
7,346,2023-12,4223,24.72,7.58,0
7,346,2024-01,4728,24.72,7.67,0
7,346,2024-02,4080,24.72,7.75,0
7,346,2024-03,4959,24.72,7.83,0
7,346,2024-04,4078,24.72,7.92,0
7,346,2024-05,4787,24.72,8.0,0
7,346,2024-06,4777,24.72,8.08,0
7,346,2024-07,4639,24.72,8.17,0
7,346,2024-08,5222,24.72,8.25,0
7,346,2024-09,4747,24.72,8.33,0
7,346,2024-10,4453,24.72,8.42,0
7,346,2024-11,4781,24.72,8.5,0
7,346,2024-12,4370,24.72,8.58,0
7,346,2025-01,5190,24.72,8.67,1
7,346,2025-02,6104,24.72,8.75,1
7,346,2025-03,3559,24.72,8.83,1
7,346,2025-04,6916,24.72,8.92,1
7,346,2025-05,7154,24.72,9.0,1
7,347,2022-06,5542,30.92,6.08,0
7,347,2022-07,6568,30.92,6.17,0
7,347,2022-08,6590,30.92,6.25,0
7,347,2022-09,6133,30.92,6.33,0
7,347,2022-10,6136,30.92,6.42,0
7,347,2022-11,6056,30.92,6.5,0
7,347,2022-12,5644,30.92,6.58,0
7,347,2023-01,5573,30.92,6.67,0
7,347,2023-02,5791,30.92,6.75,0
7,347,2023-03,6556,30.92,6.83,0
7,347,2023-04,6656,30.92,6.92,0
7,347,2023-05,6982,30.92,7.0,0
7,347,2023-06,7047,30.92,7.08,0
7,347,2023-07,6352,30.92,7.17,0
7,347,2023-08,7011,30.92,7.25,0
7,347,2023-09,5933,30.92,7.33,0
7,347,2023-10,5618,30.92,7.42,0
7,347,2023-11,6581,30.92,7.5,0
7,347,2023-12,6521,30.92,7.58,0
7,347,2024-01,5892,30.92,7.67,0
7,347,2024-02,5421,30.92,7.75,0
7,347,2024-03,5717,30.92,7.83,0
7,347,2024-04,6060,30.92,7.92,0
7,347,2024-05,5762,30.92,8.0,0
7,347,2024-06,6105,30.92,8.08,0
7,347,2024-07,7049,30.92,8.17,0
7,347,2024-08,6391,30.92,8.25,0
7,347,2024-09,6725,30.92,8.33,0
7,347,2024-10,5748,30.92,8.42,0
7,347,2024-11,6117,30.92,8.5,0
7,347,2024-12,6132,30.92,8.58,0
7,347,2025-01,7739,30.92,8.67,1
7,347,2025-02,7964,30.92,8.75,1
7,347,2025-03,4859,30.92,8.83,1
7,347,2025-04,8162,30.92,8.92,1
7,347,2025-05,9848,30.92,9.0,1
7,348,2022-06,5851,30.09,6.08,0
7,348,2022-07,5914,30.09,6.17,0
7,348,2022-08,5994,30.09,6.25,0
7,348,2022-09,5130,30.09,6.33,0
7,348,2022-10,5814,30.09,6.42,0
7,348,2022-11,5477,30.09,6.5,0
7,348,2022-12,5333,30.09,6.58,0
7,348,2023-01,5280,30.09,6.67,0
7,348,2023-02,5412,30.09,6.75,0
7,348,2023-03,6195,30.09,6.83,0
7,348,2023-04,6185,30.09,6.92,0
7,348,2023-05,6445,30.09,7.0,0
7,348,2023-06,5902,30.09,7.08,0
7,348,2023-07,5857,30.09,7.17,0
7,348,2023-08,5712,30.09,7.25,0
7,348,2023-09,6126,30.09,7.33,0
7,348,2023-10,5413,30.09,7.42,0
7,348,2023-11,6082,30.09,7.5,0
7,348,2023-12,5433,30.09,7.58,0
7,348,2024-01,6087,30.09,7.67,0
7,348,2024-02,5679,30.09,7.75,0
7,348,2024-03,6103,30.09,7.83,0
7,348,2024-04,6000,30.09,7.92,0
7,348,2024-05,5904,30.09,8.0,0
7,348,2024-06,6484,30.09,8.08,0
7,348,2024-07,5885,30.09,8.17,0
7,348,2024-08,5734,30.09,8.25,0
7,348,2024-09,5544,30.09,8.33,0
7,348,2024-10,6410,30.09,8.42,0
7,348,2024-11,5373,30.09,8.5,0
7,348,2024-12,5332,30.09,8.58,0
7,348,2025-01,6882,30.09,8.67,1
7,348,2025-02,8296,30.09,8.75,1
7,348,2025-03,5299,30.09,8.83,1
7,348,2025-04,7347,30.09,8.92,1
7,348,2025-05,8623,30.09,9.0,1
