# SYNTHETIC. Material documents: MATDOC. 101 goods receipt, 201 issue to cost centre, 261 issue to a PM order, 551 scrapped at a count, 701/702 count differences. From 2025-01-01 every issue carries the work order, trip day or PM order it came from; earlier issues were generated from the same drivers and carry none.
mblnr,zeile,budat,bwart,matnr,werks,lgort,menge,meins,shkzg,kostl,aufnr,block_code,rsnum,ebeln,ebelp
4900000001,0001,2023-06-01,201,AC-001,EC,CS01,77.0,L,H,EC-D3,,,,,
4900000002,0001,2023-06-01,201,AC-003,EC,CS01,1.3,L,H,EC-D6,,,,,
4900000003,0001,2023-06-01,201,FU-001,EC,CS01,97.4,L,H,EC-D1,,,,,
4900000004,0001,2023-06-01,201,FU-001,EC,CS01,135.1,L,H,EC-D2,,,,,
4900000005,0001,2023-06-01,201,FU-001,EC,CS01,155.5,L,H,EC-D3,,,,,
4900000006,0001,2023-06-01,201,FU-001,EC,CS01,167.5,L,H,EC-D4,,,,,
4900000007,0001,2023-06-01,201,FU-001,EC,CS01,101.9,L,H,EC-D5,,,,,
4900000008,0001,2023-06-01,201,FU-001,EC,CS01,131.8,L,H,EC-D6,,,,,
4900000009,0001,2023-06-01,201,FU-001,EC,CS01,122.4,L,H,EC-D7,,,,,
4900000010,0001,2023-06-01,201,FU-001,EC,CS01,644.2,L,H,EC-GEN,,,,,
4900000011,0001,2023-06-02,201,AC-001,EC,CS01,89.4,L,H,EC-D2,,,,,
4900000012,0001,2023-06-02,201,AC-003,EC,CS01,7.59,L,H,EC-D6,,,,,
4900000013,0001,2023-06-02,201,FU-001,EC,CS01,105.9,L,H,EC-D1,,,,,
4900000014,0001,2023-06-02,201,FU-001,EC,CS01,116.3,L,H,EC-D2,,,,,
4900000015,0001,2023-06-02,201,FU-001,EC,CS01,150.1,L,H,EC-D3,,,,,
4900000016,0001,2023-06-02,201,FU-001,EC,CS01,134.6,L,H,EC-D4,,,,,
4900000017,0001,2023-06-02,201,FU-001,EC,CS01,85.0,L,H,EC-D5,,,,,
4900000018,0001,2023-06-02,201,FU-001,EC,CS01,108.8,L,H,EC-D6,,,,,
4900000019,0001,2023-06-02,201,FU-001,EC,CS01,147.9,L,H,EC-D7,,,,,
4900000020,0001,2023-06-02,201,FU-001,EC,CS01,620.7,L,H,EC-GEN,,,,,
4900000021,0001,2023-06-02,201,SP-003,EC,CS01,1,EA,H,EC-WS,,,,,
4900000022,0001,2023-06-03,201,AC-001,EC,CS01,86.3,L,H,EC-D5,,,,,
4900000023,0001,2023-06-03,201,AC-003,EC,CS01,5.47,L,H,EC-D5,,,,,
4900000024,0001,2023-06-03,201,FU-001,EC,CS01,116.5,L,H,EC-D1,,,,,
4900000025,0001,2023-06-03,201,FU-001,EC,CS01,91.2,L,H,EC-D2,,,,,
4900000026,0001,2023-06-03,201,FU-001,EC,CS01,135.9,L,H,EC-D3,,,,,
4900000027,0001,2023-06-03,201,FU-001,EC,CS01,138.7,L,H,EC-D4,,,,,
4900000028,0001,2023-06-03,201,FU-001,EC,CS01,102.5,L,H,EC-D5,,,,,
4900000029,0001,2023-06-03,201,FU-001,EC,CS01,142.5,L,H,EC-D6,,,,,
4900000030,0001,2023-06-03,201,FU-001,EC,CS01,115.2,L,H,EC-D7,,,,,
4900000031,0001,2023-06-03,201,FU-001,EC,CS01,592.7,L,H,EC-GEN,,,,,
4900000032,0001,2023-06-03,201,SP-005,EC,CS01,1,EA,H,EC-WS,,,,,
4900000033,0001,2023-06-04,201,FU-001,EC,CS01,689.0,L,H,EC-GEN,,,,,
4900000034,0001,2023-06-05,201,AC-001,EC,CS01,79.7,L,H,EC-D3,,,,,
4900000035,0001,2023-06-05,201,AC-003,EC,CS01,2.81,L,H,EC-D3,,,,,
4900000036,0001,2023-06-05,201,FU-001,EC,CS01,117.0,L,H,EC-D1,,,,,
4900000037,0001,2023-06-05,201,FU-001,EC,CS01,101.6,L,H,EC-D2,,,,,
4900000038,0001,2023-06-05,201,FU-001,EC,CS01,154.4,L,H,EC-D3,,,,,
4900000039,0001,2023-06-05,201,FU-001,EC,CS01,141.7,L,H,EC-D4,,,,,
4900000040,0001,2023-06-05,201,FU-001,EC,CS01,108.5,L,H,EC-D5,,,,,
4900000041,0001,2023-06-05,201,FU-001,EC,CS01,145.6,L,H,EC-D6,,,,,
4900000042,0001,2023-06-05,201,FU-001,EC,CS01,106.6,L,H,EC-D7,,,,,
4900000043,0001,2023-06-05,201,FU-001,EC,CS01,596.2,L,H,EC-GEN,,,,,
4900000044,0001,2023-06-06,201,AC-001,EC,CS01,106.8,L,H,EC-D2,,,,,
4900000045,0001,2023-06-06,201,AC-002,EC,CS01,4.84,KG,H,EC-D2,,,,,
4900000046,0001,2023-06-06,201,FU-001,EC,CS01,93.1,L,H,EC-D1,,,,,
4900000047,0001,2023-06-06,201,FU-001,EC,CS01,89.4,L,H,EC-D2,,,,,
4900000048,0001,2023-06-06,201,FU-001,EC,CS01,123.7,L,H,EC-D3,,,,,
4900000049,0001,2023-06-06,201,FU-001,EC,CS01,160.0,L,H,EC-D4,,,,,
4900000050,0001,2023-06-06,201,FU-001,EC,CS01,106.0,L,H,EC-D5,,,,,
4900000051,0001,2023-06-06,201,FU-001,EC,CS01,157.6,L,H,EC-D6,,,,,
4900000052,0001,2023-06-06,201,FU-001,EC,CS01,133.5,L,H,EC-D7,,,,,
4900000053,0001,2023-06-06,201,FU-001,EC,CS01,649.5,L,H,EC-GEN,,,,,
4900000054,0001,2023-06-06,201,SP-002,EC,CS01,1,EA,H,EC-WS,,,,,
4900000055,0001,2023-06-06,201,SP-005,EC,CS01,1,EA,H,EC-WS,,,,,
4900000056,0001,2023-06-07,201,AC-001,EC,CS01,109.6,L,H,EC-D3,,,,,
4900000057,0001,2023-06-07,101,FU-001,EC,CS01,8000,L,S,,,,,4500000001,00010
4900000058,0001,2023-06-07,201,FU-001,EC,CS01,146.3,L,H,EC-D1,,,,,
4900000059,0001,2023-06-07,201,FU-001,EC,CS01,109.7,L,H,EC-D2,,,,,
4900000060,0001,2023-06-07,201,FU-001,EC,CS01,112.7,L,H,EC-D3,,,,,
4900000061,0001,2023-06-07,201,FU-001,EC,CS01,185.5,L,H,EC-D4,,,,,
4900000062,0001,2023-06-07,201,FU-001,EC,CS01,99.2,L,H,EC-D5,,,,,
4900000063,0001,2023-06-07,201,FU-001,EC,CS01,113.8,L,H,EC-D6,,,,,
4900000064,0001,2023-06-07,201,FU-001,EC,CS01,136.0,L,H,EC-D7,,,,,
4900000065,0001,2023-06-07,201,FU-001,EC,CS01,723.3,L,H,EC-GEN,,,,,
4900000066,0001,2023-06-07,201,SP-003,EC,CS01,1,EA,H,EC-WS,,,,,
4900000067,0001,2023-06-08,201,AC-003,EC,CS01,2.16,L,H,EC-D4,,,,,
4900000068,0001,2023-06-08,201,FU-001,EC,CS01,100.4,L,H,EC-D1,,,,,
4900000069,0001,2023-06-08,201,FU-001,EC,CS01,99.2,L,H,EC-D2,,,,,
4900000070,0001,2023-06-08,201,FU-001,EC,CS01,163.3,L,H,EC-D3,,,,,
4900000071,0001,2023-06-08,201,FU-001,EC,CS01,142.8,L,H,EC-D4,,,,,
4900000072,0001,2023-06-08,201,FU-001,EC,CS01,97.2,L,H,EC-D5,,,,,
4900000073,0001,2023-06-08,201,FU-001,EC,CS01,140.3,L,H,EC-D6,,,,,
4900000074,0001,2023-06-08,201,FU-001,EC,CS01,124.8,L,H,EC-D7,,,,,
4900000075,0001,2023-06-08,201,FU-001,EC,CS01,726.9,L,H,EC-GEN,,,,,
4900000076,0001,2023-06-08,201,SP-002,EC,CS01,1,EA,H,EC-WS,,,,,
4900000077,0001,2023-06-08,201,SP-003,EC,CS01,1,EA,H,EC-WS,,,,,
4900000078,0001,2023-06-08,201,SP-004,EC,CS01,1,EA,H,EC-WS,,,,,
4900000079,0001,2023-06-08,201,SP-005,EC,CS01,1,EA,H,EC-WS,,,,,
4900000080,0001,2023-06-08,201,SP-006,EC,CS01,1,EA,H,EC-WS,,,,,
4900000081,0001,2023-06-09,201,AC-001,EC,CS01,78.1,L,H,EC-D3,,,,,
4900000082,0001,2023-06-09,201,AC-002,EC,CS01,3.05,KG,H,EC-D3,,,,,
4900000083,0001,2023-06-09,201,AC-003,EC,CS01,0.85,L,H,EC-D1,,,,,
4900000084,0001,2023-06-09,201,FU-001,EC,CS01,107.1,L,H,EC-D1,,,,,
4900000085,0001,2023-06-09,201,FU-001,EC,CS01,75.2,L,H,EC-D2,,,,,
4900000086,0001,2023-06-09,201,FU-001,EC,CS01,166.0,L,H,EC-D3,,,,,
4900000087,0001,2023-06-09,201,FU-001,EC,CS01,169.1,L,H,EC-D4,,,,,
4900000088,0001,2023-06-09,201,FU-001,EC,CS01,110.9,L,H,EC-D5,,,,,
4900000089,0001,2023-06-09,201,FU-001,EC,CS01,141.6,L,H,EC-D6,,,,,
4900000090,0001,2023-06-09,201,FU-001,EC,CS01,111.5,L,H,EC-D7,,,,,
4900000091,0001,2023-06-09,201,FU-001,EC,CS01,704.4,L,H,EC-GEN,,,,,
4900000092,0001,2023-06-09,201,SP-003,EC,CS01,1,EA,H,EC-WS,,,,,
4900000093,0001,2023-06-10,201,AC-001,EC,CS01,139.4,L,H,EC-D7,,,,,
4900000094,0001,2023-06-10,201,AC-003,EC,CS01,2.88,L,H,EC-D7,,,,,
4900000095,0001,2023-06-10,201,FU-001,EC,CS01,103.6,L,H,EC-D1,,,,,
4900000096,0001,2023-06-10,201,FU-001,EC,CS01,124.8,L,H,EC-D2,,,,,
4900000097,0001,2023-06-10,201,FU-001,EC,CS01,179.3,L,H,EC-D3,,,,,
4900000098,0001,2023-06-10,201,FU-001,EC,CS01,139.5,L,H,EC-D4,,,,,
4900000099,0001,2023-06-10,201,FU-001,EC,CS01,96.5,L,H,EC-D5,,,,,
4900000100,0001,2023-06-10,201,FU-001,EC,CS01,120.0,L,H,EC-D6,,,,,
4900000101,0001,2023-06-10,201,FU-001,EC,CS01,130.2,L,H,EC-D7,,,,,
4900000102,0001,2023-06-10,201,FU-001,EC,CS01,651.8,L,H,EC-GEN,,,,,
4900000103,0001,2023-06-10,201,SP-008,EC,CS01,1,EA,H,EC-WS,,,,,
4900000104,0001,2023-06-11,201,FU-001,EC,CS01,602.5,L,H,EC-GEN,,,,,
4900000105,0001,2023-06-12,201,FU-001,EC,CS01,106.0,L,H,EC-D1,,,,,
4900000106,0001,2023-06-12,201,FU-001,EC,CS01,101.6,L,H,EC-D2,,,,,
4900000107,0001,2023-06-12,201,FU-001,EC,CS01,128.4,L,H,EC-D3,,,,,
4900000108,0001,2023-06-12,201,FU-001,EC,CS01,196.8,L,H,EC-D4,,,,,
4900000109,0001,2023-06-12,201,FU-001,EC,CS01,123.2,L,H,EC-D5,,,,,
4900000110,0001,2023-06-12,201,FU-001,EC,CS01,144.7,L,H,EC-D6,,,,,
4900000111,0001,2023-06-12,201,FU-001,EC,CS01,142.9,L,H,EC-D7,,,,,
4900000112,0001,2023-06-12,201,FU-001,EC,CS01,581.4,L,H,EC-GEN,,,,,
4900000113,0001,2023-06-12,201,SP-001,EC,CS01,1,EA,H,EC-WS,,,,,
4900000114,0001,2023-06-12,201,SP-002,EC,CS01,1,EA,H,EC-WS,,,,,
4900000115,0001,2023-06-12,201,SP-003,EC,CS01,1,EA,H,EC-WS,,,,,
4900000116,0001,2023-06-13,201,AC-001,EC,CS01,120.9,L,H,EC-D6,,,,,
4900000117,0001,2023-06-13,201,AC-003,EC,CS01,5.13,L,H,EC-D5,,,,,
4900000118,0001,2023-06-13,101,FU-001,EC,CS01,8000,L,S,,,,,4500000004,00010
4900000119,0001,2023-06-13,201,FU-001,EC,CS01,85.6,L,H,EC-D1,,,,,
4900000120,0001,2023-06-13,201,FU-001,EC,CS01,123.8,L,H,EC-D2,,,,,
4900000121,0001,2023-06-13,201,FU-001,EC,CS01,110.2,L,H,EC-D3,,,,,
4900000122,0001,2023-06-13,201,FU-001,EC,CS01,143.0,L,H,EC-D4,,,,,
4900000123,0001,2023-06-13,201,FU-001,EC,CS01,101.6,L,H,EC-D5,,,,,
4900000124,0001,2023-06-13,201,FU-001,EC,CS01,160.2,L,H,EC-D6,,,,,
4900000125,0001,2023-06-13,201,FU-001,EC,CS01,135.3,L,H,EC-D7,,,,,
4900000126,0001,2023-06-13,201,FU-001,EC,CS01,589.1,L,H,EC-GEN,,,,,
4900000127,0001,2023-06-14,201,AC-001,EC,CS01,78.9,L,H,EC-D6,,,,,
4900000128,0001,2023-06-14,201,AC-003,EC,CS01,2.89,L,H,EC-D6,,,,,
4900000129,0001,2023-06-14,201,FU-001,EC,CS01,96.6,L,H,EC-D1,,,,,
4900000130,0001,2023-06-14,201,FU-001,EC,CS01,93.8,L,H,EC-D2,,,,,
4900000131,0001,2023-06-14,201,FU-001,EC,CS01,113.6,L,H,EC-D3,,,,,
4900000132,0001,2023-06-14,201,FU-001,EC,CS01,162.8,L,H,EC-D4,,,,,
4900000133,0001,2023-06-14,201,FU-001,EC,CS01,108.7,L,H,EC-D5,,,,,
4900000134,0001,2023-06-14,201,FU-001,EC,CS01,118.7,L,H,EC-D6,,,,,
4900000135,0001,2023-06-14,201,FU-001,EC,CS01,101.6,L,H,EC-D7,,,,,
4900000136,0001,2023-06-14,201,FU-001,EC,CS01,622.8,L,H,EC-GEN,,,,,
4900000137,0001,2023-06-14,201,SP-002,EC,CS01,1,EA,H,EC-WS,,,,,
4900000138,0001,2023-06-14,201,SP-005,EC,CS01,1,EA,H,EC-WS,,,,,
4900000139,0001,2023-06-15,201,FU-001,EC,CS01,106.5,L,H,EC-D1,,,,,
4900000140,0001,2023-06-15,201,FU-001,EC,CS01,86.1,L,H,EC-D2,,,,,
4900000141,0001,2023-06-15,201,FU-001,EC,CS01,153.8,L,H,EC-D3,,,,,
4900000142,0001,2023-06-15,201,FU-001,EC,CS01,158.6,L,H,EC-D4,,,,,
4900000143,0001,2023-06-15,201,FU-001,EC,CS01,110.9,L,H,EC-D5,,,,,
4900000144,0001,2023-06-15,201,FU-001,EC,CS01,140.7,L,H,EC-D6,,,,,
4900000145,0001,2023-06-15,201,FU-001,EC,CS01,122.5,L,H,EC-D7,,,,,
4900000146,0001,2023-06-15,201,FU-001,EC,CS01,652.3,L,H,EC-GEN,,,,,
4900000147,0001,2023-06-15,201,SP-002,EC,CS01,1,EA,H,EC-WS,,,,,
4900000148,0001,2023-06-15,201,SP-007,EC,CS01,1,EA,H,EC-WS,,,,,
4900000149,0001,2023-06-16,201,AC-001,EC,CS01,78.9,L,H,EC-D5,,,,,
4900000150,0001,2023-06-16,201,AC-003,EC,CS01,4.24,L,H,EC-D1,,,,,
4900000151,0001,2023-06-16,201,FU-001,EC,CS01,106.9,L,H,EC-D1,,,,,
4900000152,0001,2023-06-16,201,FU-001,EC,CS01,106.4,L,H,EC-D2,,,,,
4900000153,0001,2023-06-16,201,FU-001,EC,CS01,142.6,L,H,EC-D3,,,,,
4900000154,0001,2023-06-16,201,FU-001,EC,CS01,142.6,L,H,EC-D4,,,,,
4900000155,0001,2023-06-16,201,FU-001,EC,CS01,119.1,L,H,EC-D5,,,,,
4900000156,0001,2023-06-16,201,FU-001,EC,CS01,161.2,L,H,EC-D6,,,,,
4900000157,0001,2023-06-16,201,FU-001,EC,CS01,128.3,L,H,EC-D7,,,,,
4900000158,0001,2023-06-16,201,FU-001,EC,CS01,615.9,L,H,EC-GEN,,,,,
4900000159,0001,2023-06-16,201,SP-006,EC,CS01,1,EA,H,EC-WS,,,,,
4900000160,0001,2023-06-17,201,AC-001,EC,CS01,58.7,L,H,EC-D5,,,,,
4900000161,0001,2023-06-17,201,AC-002,EC,CS01,2.57,KG,H,EC-D5,,,,,
4900000162,0001,2023-06-17,201,AC-003,EC,CS01,12.88,L,H,EC-D4,,,,,
4900000163,0001,2023-06-17,201,FU-001,EC,CS01,119.2,L,H,EC-D1,,,,,
4900000164,0001,2023-06-17,201,FU-001,EC,CS01,111.2,L,H,EC-D2,,,,,
4900000165,0001,2023-06-17,201,FU-001,EC,CS01,138.4,L,H,EC-D3,,,,,
4900000166,0001,2023-06-17,201,FU-001,EC,CS01,159.3,L,H,EC-D4,,,,,
4900000167,0001,2023-06-17,201,FU-001,EC,CS01,90.0,L,H,EC-D5,,,,,
4900000168,0001,2023-06-17,201,FU-001,EC,CS01,131.6,L,H,EC-D6,,,,,
4900000169,0001,2023-06-17,201,FU-001,EC,CS01,145.7,L,H,EC-D7,,,,,
4900000170,0001,2023-06-17,201,FU-001,EC,CS01,619.1,L,H,EC-GEN,,,,,
4900000171,0001,2023-06-17,101,SP-005,EC,CS01,4,EA,S,,,,,4500000002,00010
4900000172,0001,2023-06-17,201,SP-007,EC,CS01,1,EA,H,EC-WS,,,,,
4900000173,0001,2023-06-18,201,FU-001,EC,CS01,687.2,L,H,EC-GEN,,,,,
4900000174,0001,2023-06-18,101,SP-003,EC,CS01,5,EA,S,,,,,4500000003,00010
4900000175,0001,2023-06-19,201,AC-001,EC,CS01,77.5,L,H,EC-D3,,,,,
4900000176,0001,2023-06-19,201,FU-001,EC,CS01,104.4,L,H,EC-D1,,,,,
4900000177,0001,2023-06-19,201,FU-001,EC,CS01,119.0,L,H,EC-D2,,,,,
4900000178,0001,2023-06-19,201,FU-001,EC,CS01,145.9,L,H,EC-D3,,,,,
4900000179,0001,2023-06-19,201,FU-001,EC,CS01,156.1,L,H,EC-D4,,,,,
4900000180,0001,2023-06-19,201,FU-001,EC,CS01,96.9,L,H,EC-D5,,,,,
4900000181,0001,2023-06-19,201,FU-001,EC,CS01,128.3,L,H,EC-D6,,,,,
4900000182,0001,2023-06-19,201,FU-001,EC,CS01,139.8,L,H,EC-D7,,,,,
4900000183,0001,2023-06-19,201,FU-001,EC,CS01,716.1,L,H,EC-GEN,,,,,
4900000184,0001,2023-06-20,201,AC-001,EC,CS01,107.1,L,H,EC-D6,,,,,
4900000185,0001,2023-06-20,201,AC-004,EC,CS01,2.09,KG,H,EC-D6,,,,,
4900000186,0001,2023-06-20,201,FU-001,EC,CS01,124.7,L,H,EC-D1,,,,,
4900000187,0001,2023-06-20,201,FU-001,EC,CS01,99.0,L,H,EC-D2,,,,,
4900000188,0001,2023-06-20,201,FU-001,EC,CS01,144.0,L,H,EC-D3,,,,,
4900000189,0001,2023-06-20,201,FU-001,EC,CS01,132.7,L,H,EC-D4,,,,,
4900000190,0001,2023-06-20,201,FU-001,EC,CS01,107.2,L,H,EC-D5,,,,,
4900000191,0001,2023-06-20,201,FU-001,EC,CS01,125.3,L,H,EC-D6,,,,,
4900000192,0001,2023-06-20,201,FU-001,EC,CS01,120.7,L,H,EC-D7,,,,,
4900000193,0001,2023-06-20,201,FU-001,EC,CS01,679.8,L,H,EC-GEN,,,,,
4900000194,0001,2023-06-20,201,SP-003,EC,CS01,1,EA,H,EC-WS,,,,,
4900000195,0001,2023-06-21,201,AC-001,EC,CS01,91.7,L,H,EC-D2,,,,,
4900000196,0001,2023-06-21,101,FU-001,EC,CS01,8000,L,S,,,,,4500000006,00010
4900000197,0001,2023-06-21,201,FU-001,EC,CS01,103.2,L,H,EC-D1,,,,,
4900000198,0001,2023-06-21,201,FU-001,EC,CS01,108.1,L,H,EC-D2,,,,,
4900000199,0001,2023-06-21,201,FU-001,EC,CS01,132.9,L,H,EC-D3,,,,,
4900000200,0001,2023-06-21,201,FU-001,EC,CS01,155.0,L,H,EC-D4,,,,,
4900000201,0001,2023-06-21,201,FU-001,EC,CS01,89.7,L,H,EC-D5,,,,,
4900000202,0001,2023-06-21,201,FU-001,EC,CS01,160.6,L,H,EC-D6,,,,,
4900000203,0001,2023-06-21,201,FU-001,EC,CS01,140.0,L,H,EC-D7,,,,,
4900000204,0001,2023-06-21,201,FU-001,EC,CS01,665.8,L,H,EC-GEN,,,,,
4900000205,0001,2023-06-22,201,AC-001,EC,CS01,136.7,L,H,EC-D5,,,,,
4900000206,0001,2023-06-22,201,FU-001,EC,CS01,131.9,L,H,EC-D1,,,,,
4900000207,0001,2023-06-22,201,FU-001,EC,CS01,111.3,L,H,EC-D2,,,,,
4900000208,0001,2023-06-22,201,FU-001,EC,CS01,158.9,L,H,EC-D3,,,,,
4900000209,0001,2023-06-22,201,FU-001,EC,CS01,117.1,L,H,EC-D4,,,,,
4900000210,0001,2023-06-22,201,FU-001,EC,CS01,93.2,L,H,EC-D5,,,,,
4900000211,0001,2023-06-22,201,FU-001,EC,CS01,146.7,L,H,EC-D6,,,,,
4900000212,0001,2023-06-22,201,FU-001,EC,CS01,135.8,L,H,EC-D7,,,,,
4900000213,0001,2023-06-22,201,FU-001,EC,CS01,680.5,L,H,EC-GEN,,,,,
4900000214,0001,2023-06-22,201,SP-004,EC,CS01,1,EA,H,EC-WS,,,,,
4900000215,0001,2023-06-23,201,AC-001,EC,CS01,97.3,L,H,EC-D6,,,,,
4900000216,0001,2023-06-23,201,AC-002,EC,CS01,3.69,KG,H,EC-D6,,,,,
4900000217,0001,2023-06-23,201,AC-003,EC,CS01,1.47,L,H,EC-D7,,,,,
4900000218,0001,2023-06-23,201,FU-001,EC,CS01,105.3,L,H,EC-D1,,,,,
4900000219,0001,2023-06-23,201,FU-001,EC,CS01,102.0,L,H,EC-D2,,,,,
4900000220,0001,2023-06-23,201,FU-001,EC,CS01,133.6,L,H,EC-D3,,,,,
4900000221,0001,2023-06-23,201,FU-001,EC,CS01,120.6,L,H,EC-D4,,,,,
4900000222,0001,2023-06-23,201,FU-001,EC,CS01,119.7,L,H,EC-D5,,,,,
4900000223,0001,2023-06-23,201,FU-001,EC,CS01,154.5,L,H,EC-D6,,,,,
4900000224,0001,2023-06-23,201,FU-001,EC,CS01,106.6,L,H,EC-D7,,,,,
4900000225,0001,2023-06-23,201,FU-001,EC,CS01,580.5,L,H,EC-GEN,,,,,
4900000226,0001,2023-06-23,201,SP-001,EC,CS01,1,EA,H,EC-WS,,,,,
4900000227,0001,2023-06-24,201,AC-001,EC,CS01,85.5,L,H,EC-D3,,,,,
4900000228,0001,2023-06-24,201,AC-002,EC,CS01,3.51,KG,H,EC-D3,,,,,
4900000229,0001,2023-06-24,201,FU-001,EC,CS01,117.0,L,H,EC-D1,,,,,
4900000230,0001,2023-06-24,201,FU-001,EC,CS01,98.4,L,H,EC-D2,,,,,
4900000231,0001,2023-06-24,201,FU-001,EC,CS01,135.4,L,H,EC-D3,,,,,
4900000232,0001,2023-06-24,201,FU-001,EC,CS01,182.4,L,H,EC-D4,,,,,
4900000233,0001,2023-06-24,201,FU-001,EC,CS01,98.5,L,H,EC-D5,,,,,
4900000234,0001,2023-06-24,201,FU-001,EC,CS01,119.3,L,H,EC-D6,,,,,
4900000235,0001,2023-06-24,201,FU-001,EC,CS01,142.7,L,H,EC-D7,,,,,
4900000236,0001,2023-06-24,201,FU-001,EC,CS01,689.8,L,H,EC-GEN,,,,,
4900000237,0001,2023-06-25,201,FU-001,EC,CS01,808.6,L,H,EC-GEN,,,,,
4900000238,0001,2023-06-26,201,AC-001,EC,CS01,119.9,L,H,EC-D2,,,,,
4900000239,0001,2023-06-26,201,FU-001,EC,CS01,101.4,L,H,EC-D1,,,,,
4900000240,0001,2023-06-26,201,FU-001,EC,CS01,110.4,L,H,EC-D2,,,,,
4900000241,0001,2023-06-26,201,FU-001,EC,CS01,143.0,L,H,EC-D3,,,,,
4900000242,0001,2023-06-26,201,FU-001,EC,CS01,156.7,L,H,EC-D4,,,,,
4900000243,0001,2023-06-26,201,FU-001,EC,CS01,113.9,L,H,EC-D5,,,,,
4900000244,0001,2023-06-26,201,FU-001,EC,CS01,128.1,L,H,EC-D6,,,,,
4900000245,0001,2023-06-26,201,FU-001,EC,CS01,118.4,L,H,EC-D7,,,,,
4900000246,0001,2023-06-26,201,FU-001,EC,CS01,557.0,L,H,EC-GEN,,,,,
4900000247,0001,2023-06-27,201,AC-001,EC,CS01,76.7,L,H,EC-D4,,,,,
4900000248,0001,2023-06-27,201,AC-003,EC,CS01,2.94,L,H,EC-D3,,,,,
4900000249,0001,2023-06-27,201,FU-001,EC,CS01,91.5,L,H,EC-D1,,,,,
4900000250,0001,2023-06-27,201,FU-001,EC,CS01,84.9,L,H,EC-D2,,,,,
4900000251,0001,2023-06-27,201,FU-001,EC,CS01,110.2,L,H,EC-D3,,,,,
4900000252,0001,2023-06-27,201,FU-001,EC,CS01,141.5,L,H,EC-D4,,,,,
4900000253,0001,2023-06-27,201,FU-001,EC,CS01,110.8,L,H,EC-D5,,,,,
4900000254,0001,2023-06-27,201,FU-001,EC,CS01,133.2,L,H,EC-D6,,,,,
4900000255,0001,2023-06-27,201,FU-001,EC,CS01,135.4,L,H,EC-D7,,,,,
4900000256,0001,2023-06-27,201,FU-001,EC,CS01,655.0,L,H,EC-GEN,,,,,
4900000257,0001,2023-06-28,201,AC-001,EC,CS01,138.2,L,H,EC-D3,,,,,
4900000258,0001,2023-06-28,201,AC-003,EC,CS01,12.33,L,H,EC-D5,,,,,
4900000259,0001,2023-06-28,101,FU-001,EC,CS01,8000,L,S,,,,,4500000009,00010
4900000260,0001,2023-06-28,201,FU-001,EC,CS01,124.4,L,H,EC-D1,,,,,
4900000261,0001,2023-06-28,201,FU-001,EC,CS01,128.5,L,H,EC-D2,,,,,
4900000262,0001,2023-06-28,201,FU-001,EC,CS01,107.6,L,H,EC-D3,,,,,
4900000263,0001,2023-06-28,201,FU-001,EC,CS01,156.1,L,H,EC-D4,,,,,
4900000264,0001,2023-06-28,201,FU-001,EC,CS01,113.4,L,H,EC-D5,,,,,
4900000265,0001,2023-06-28,201,FU-001,EC,CS01,120.9,L,H,EC-D6,,,,,
4900000266,0001,2023-06-28,201,FU-001,EC,CS01,134.0,L,H,EC-D7,,,,,
4900000267,0001,2023-06-28,201,FU-001,EC,CS01,657.1,L,H,EC-GEN,,,,,
4900000268,0001,2023-06-28,101,SP-007,EC,CS01,4,EA,S,,,,,4500000008,00010
4900000269,0001,2023-06-29,201,AC-001,EC,CS01,92.6,L,H,EC-D7,,,,,
4900000270,0001,2023-06-29,201,AC-002,EC,CS01,3.35,KG,H,EC-D7,,,,,
4900000271,0001,2023-06-29,201,FU-001,EC,CS01,137.2,L,H,EC-D1,,,,,
4900000272,0001,2023-06-29,201,FU-001,EC,CS01,137.3,L,H,EC-D2,,,,,
4900000273,0001,2023-06-29,201,FU-001,EC,CS01,135.3,L,H,EC-D3,,,,,
4900000274,0001,2023-06-29,201,FU-001,EC,CS01,157.4,L,H,EC-D4,,,,,
4900000275,0001,2023-06-29,201,FU-001,EC,CS01,112.4,L,H,EC-D5,,,,,
4900000276,0001,2023-06-29,201,FU-001,EC,CS01,168.0,L,H,EC-D6,,,,,
4900000277,0001,2023-06-29,201,FU-001,EC,CS01,117.3,L,H,EC-D7,,,,,
4900000278,0001,2023-06-29,201,FU-001,EC,CS01,626.1,L,H,EC-GEN,,,,,
4900000279,0001,2023-06-29,201,SP-007,EC,CS01,1,EA,H,EC-WS,,,,,
4900000280,0001,2023-06-30,201,AC-001,EC,CS01,125.6,L,H,EC-D5,,,,,
4900000281,0001,2023-06-30,701,AC-003,EC,CS01,0.11,L,S,EC-STORE,,,,,
4900000282,0001,2023-06-30,551,FE-002,EC,CS01,167.36,KG,H,EC-STORE,,,,,
4900000283,0001,2023-06-30,551,FE-003,EC,CS01,42.18,KG,H,EC-STORE,,,,,
4900000284,0001,2023-06-30,701,FE-004,EC,CS01,6.37,KG,S,EC-STORE,,,,,
4900000285,0001,2023-06-30,101,FU-001,EC,CS01,8000,L,S,,,,,4500000013,00010
4900000286,0001,2023-06-30,201,FU-001,EC,CS01,105.5,L,H,EC-D1,,,,,
4900000287,0001,2023-06-30,201,FU-001,EC,CS01,105.1,L,H,EC-D2,,,,,
4900000288,0001,2023-06-30,201,FU-001,EC,CS01,109.8,L,H,EC-D3,,,,,
4900000289,0001,2023-06-30,201,FU-001,EC,CS01,160.9,L,H,EC-D4,,,,,
4900000290,0001,2023-06-30,201,FU-001,EC,CS01,111.0,L,H,EC-D5,,,,,
4900000291,0001,2023-06-30,201,FU-001,EC,CS01,161.4,L,H,EC-D6,,,,,
4900000292,0001,2023-06-30,201,FU-001,EC,CS01,116.4,L,H,EC-D7,,,,,
4900000293,0001,2023-06-30,201,FU-001,EC,CS01,574.9,L,H,EC-GEN,,,,,
4900000294,0001,2023-06-30,701,FU-001,EC,CS01,45.66,L,S,EC-STORE,,,,,
4900000295,0001,2023-06-30,201,SP-003,EC,CS01,1,EA,H,EC-WS,,,,,
4900000296,0001,2023-06-30,201,SP-006,EC,CS01,1,EA,H,EC-WS,,,,,
4900000297,0001,2023-07-01,201,AC-001,EC,CS01,114.9,L,H,EC-D6,,,,,
4900000298,0001,2023-07-01,201,AC-003,EC,CS01,4.57,L,H,EC-D7,,,,,
4900000299,0001,2023-07-01,201,FU-001,EC,CS01,108.8,L,H,EC-D1,,,,,
4900000300,0001,2023-07-01,201,FU-001,EC,CS01,101.6,L,H,EC-D2,,,,,
4900000301,0001,2023-07-01,201,FU-001,EC,CS01,133.5,L,H,EC-D3,,,,,
4900000302,0001,2023-07-01,201,FU-001,EC,CS01,171.2,L,H,EC-D4,,,,,
4900000303,0001,2023-07-01,201,FU-001,EC,CS01,99.9,L,H,EC-D5,,,,,
4900000304,0001,2023-07-01,201,FU-001,EC,CS01,114.1,L,H,EC-D6,,,,,
4900000305,0001,2023-07-01,201,FU-001,EC,CS01,138.8,L,H,EC-D7,,,,,
4900000306,0001,2023-07-01,201,FU-001,EC,CS01,589.0,L,H,EC-GEN,,,,,
4900000307,0001,2023-07-01,201,SP-004,EC,CS01,1,EA,H,EC-WS,,,,,
4900000308,0001,2023-07-01,201,SP-005,EC,CS01,1,EA,H,EC-WS,,,,,
4900000309,0001,2023-07-02,201,FU-001,EC,CS01,708.1,L,H,EC-GEN,,,,,
4900000310,0001,2023-07-03,201,AC-001,EC,CS01,105.7,L,H,EC-D3,,,,,
4900000311,0001,2023-07-03,201,FU-001,EC,CS01,131.0,L,H,EC-D1,,,,,
4900000312,0001,2023-07-03,201,FU-001,EC,CS01,95.2,L,H,EC-D2,,,,,
4900000313,0001,2023-07-03,201,FU-001,EC,CS01,135.7,L,H,EC-D3,,,,,
4900000314,0001,2023-07-03,201,FU-001,EC,CS01,154.3,L,H,EC-D4,,,,,
4900000315,0001,2023-07-03,201,FU-001,EC,CS01,97.0,L,H,EC-D5,,,,,
4900000316,0001,2023-07-03,201,FU-001,EC,CS01,135.3,L,H,EC-D6,,,,,
4900000317,0001,2023-07-03,201,FU-001,EC,CS01,130.0,L,H,EC-D7,,,,,
4900000318,0001,2023-07-03,201,FU-001,EC,CS01,679.8,L,H,EC-GEN,,,,,
4900000319,0001,2023-07-04,201,AC-001,EC,CS01,129.9,L,H,EC-D3,,,,,
4900000320,0001,2023-07-04,201,AC-002,EC,CS01,4.97,KG,H,EC-D3,,,,,
4900000321,0001,2023-07-04,201,FU-001,EC,CS01,115.9,L,H,EC-D1,,,,,
4900000322,0001,2023-07-04,201,FU-001,EC,CS01,119.7,L,H,EC-D2,,,,,
4900000323,0001,2023-07-04,201,FU-001,EC,CS01,110.1,L,H,EC-D3,,,,,
4900000324,0001,2023-07-04,201,FU-001,EC,CS01,132.6,L,H,EC-D4,,,,,
4900000325,0001,2023-07-04,201,FU-001,EC,CS01,142.1,L,H,EC-D5,,,,,
4900000326,0001,2023-07-04,201,FU-001,EC,CS01,132.6,L,H,EC-D6,,,,,
4900000327,0001,2023-07-04,201,FU-001,EC,CS01,140.2,L,H,EC-D7,,,,,
4900000328,0001,2023-07-04,201,FU-001,EC,CS01,644.6,L,H,EC-GEN,,,,,
4900000329,0001,2023-07-04,101,SP-001,EC,CS01,4,EA,S,,,,,4500000012,00010
4900000330,0001,2023-07-04,201,SP-005,EC,CS01,1,EA,H,EC-WS,,,,,
4900000331,0001,2023-07-05,201,FU-001,EC,CS01,119.6,L,H,EC-D1,,,,,
4900000332,0001,2023-07-05,201,FU-001,EC,CS01,87.0,L,H,EC-D2,,,,,
4900000333,0001,2023-07-05,201,FU-001,EC,CS01,141.6,L,H,EC-D3,,,,,
4900000334,0001,2023-07-05,201,FU-001,EC,CS01,174.3,L,H,EC-D4,,,,,
4900000335,0001,2023-07-05,201,FU-001,EC,CS01,114.3,L,H,EC-D5,,,,,
4900000336,0001,2023-07-05,201,FU-001,EC,CS01,156.2,L,H,EC-D6,,,,,
4900000337,0001,2023-07-05,201,FU-001,EC,CS01,115.3,L,H,EC-D7,,,,,
4900000338,0001,2023-07-05,201,FU-001,EC,CS01,690.8,L,H,EC-GEN,,,,,
4900000339,0001,2023-07-06,201,FU-001,EC,CS01,107.7,L,H,EC-D1,,,,,
4900000340,0001,2023-07-06,201,FU-001,EC,CS01,119.6,L,H,EC-D2,,,,,
4900000341,0001,2023-07-06,201,FU-001,EC,CS01,143.6,L,H,EC-D3,,,,,
4900000342,0001,2023-07-06,201,FU-001,EC,CS01,133.8,L,H,EC-D4,,,,,
4900000343,0001,2023-07-06,201,FU-001,EC,CS01,119.8,L,H,EC-D5,,,,,
4900000344,0001,2023-07-06,201,FU-001,EC,CS01,130.6,L,H,EC-D6,,,,,
4900000345,0001,2023-07-06,201,FU-001,EC,CS01,128.6,L,H,EC-D7,,,,,
4900000346,0001,2023-07-06,201,FU-001,EC,CS01,473.2,L,H,EC-GEN,,,,,
4900000347,0001,2023-07-06,201,SP-006,EC,CS01,1,EA,H,EC-WS,,,,,
4900000348,0001,2023-07-06,201,SP-007,EC,CS01,1,EA,H,EC-WS,,,,,
4900000349,0001,2023-07-06,201,SP-007,EC,CS01,1,EA,H,EC-WS,,,,,
4900000350,0001,2023-07-07,201,FU-001,EC,CS01,119.6,L,H,EC-D1,,,,,
4900000351,0001,2023-07-07,201,FU-001,EC,CS01,133.7,L,H,EC-D2,,,,,
4900000352,0001,2023-07-07,201,FU-001,EC,CS01,169.0,L,H,EC-D3,,,,,
4900000353,0001,2023-07-07,201,FU-001,EC,CS01,143.4,L,H,EC-D4,,,,,
4900000354,0001,2023-07-07,201,FU-001,EC,CS01,95.5,L,H,EC-D5,,,,,
4900000355,0001,2023-07-07,201,FU-001,EC,CS01,119.8,L,H,EC-D6,,,,,
4900000356,0001,2023-07-07,201,FU-001,EC,CS01,143.4,L,H,EC-D7,,,,,
4900000357,0001,2023-07-07,201,FU-001,EC,CS01,684.9,L,H,EC-GEN,,,,,
4900000358,0001,2023-07-07,101,SP-002,EC,CS01,5,EA,S,,,,,4500000005,00010
4900000359,0001,2023-07-08,201,AC-001,EC,CS01,115.0,L,H,EC-D3,,,,,
4900000360,0001,2023-07-08,201,FU-001,EC,CS01,116.3,L,H,EC-D1,,,,,
4900000361,0001,2023-07-08,201,FU-001,EC,CS01,101.0,L,H,EC-D2,,,,,
4900000362,0001,2023-07-08,201,FU-001,EC,CS01,170.6,L,H,EC-D3,,,,,
4900000363,0001,2023-07-08,201,FU-001,EC,CS01,145.3,L,H,EC-D4,,,,,
4900000364,0001,2023-07-08,201,FU-001,EC,CS01,131.4,L,H,EC-D5,,,,,
4900000365,0001,2023-07-08,201,FU-001,EC,CS01,137.5,L,H,EC-D6,,,,,
4900000366,0001,2023-07-08,201,FU-001,EC,CS01,117.3,L,H,EC-D7,,,,,
4900000367,0001,2023-07-08,201,FU-001,EC,CS01,758.3,L,H,EC-GEN,,,,,
4900000368,0001,2023-07-08,101,SP-006,EC,CS01,4,EA,S,,,,,4500000007,00010
4900000369,0001,2023-07-09,101,FU-001,EC,CS01,8000,L,S,,,,,4500000016,00010
4900000370,0001,2023-07-09,201,FU-001,EC,CS01,637.0,L,H,EC-GEN,,,,,
4900000371,0001,2023-07-10,201,AC-001,EC,CS01,120.4,L,H,EC-D3,,,,,
4900000372,0001,2023-07-10,201,AC-003,EC,CS01,2.74,L,H,EC-D5,,,,,
4900000373,0001,2023-07-10,201,FU-001,EC,CS01,102.0,L,H,EC-D1,,,,,
4900000374,0001,2023-07-10,201,FU-001,EC,CS01,119.6,L,H,EC-D2,,,,,
4900000375,0001,2023-07-10,201,FU-001,EC,CS01,146.4,L,H,EC-D3,,,,,
4900000376,0001,2023-07-10,201,FU-001,EC,CS01,178.2,L,H,EC-D4,,,,,
4900000377,0001,2023-07-10,201,FU-001,EC,CS01,107.4,L,H,EC-D5,,,,,
4900000378,0001,2023-07-10,201,FU-001,EC,CS01,162.5,L,H,EC-D6,,,,,
4900000379,0001,2023-07-10,201,FU-001,EC,CS01,149.7,L,H,EC-D7,,,,,
4900000380,0001,2023-07-10,201,FU-001,EC,CS01,620.2,L,H,EC-GEN,,,,,
4900000381,0001,2023-07-11,201,AC-001,EC,CS01,121.6,L,H,EC-D6,,,,,
4900000382,0001,2023-07-11,201,FU-001,EC,CS01,86.5,L,H,EC-D1,,,,,
4900000383,0001,2023-07-11,201,FU-001,EC,CS01,137.0,L,H,EC-D2,,,,,
4900000384,0001,2023-07-11,201,FU-001,EC,CS01,158.8,L,H,EC-D3,,,,,
4900000385,0001,2023-07-11,201,FU-001,EC,CS01,125.1,L,H,EC-D4,,,,,
4900000386,0001,2023-07-11,201,FU-001,EC,CS01,114.2,L,H,EC-D5,,,,,
4900000387,0001,2023-07-11,201,FU-001,EC,CS01,151.6,L,H,EC-D6,,,,,
4900000388,0001,2023-07-11,201,FU-001,EC,CS01,149.5,L,H,EC-D7,,,,,
4900000389,0001,2023-07-11,201,FU-001,EC,CS01,715.2,L,H,EC-GEN,,,,,
4900000390,0001,2023-07-12,201,AC-001,EC,CS01,90.5,L,H,EC-D4,,,,,
4900000391,0001,2023-07-12,201,AC-003,EC,CS01,6.04,L,H,EC-D2,,,,,
4900000392,0001,2023-07-12,101,FU-001,EC,CS01,8000,L,S,,,,,4500000018,00010
4900000393,0001,2023-07-12,201,FU-001,EC,CS01,100.6,L,H,EC-D1,,,,,
4900000394,0001,2023-07-12,201,FU-001,EC,CS01,120.3,L,H,EC-D2,,,,,
4900000395,0001,2023-07-12,201,FU-001,EC,CS01,160.5,L,H,EC-D3,,,,,
4900000396,0001,2023-07-12,201,FU-001,EC,CS01,127.7,L,H,EC-D4,,,,,
4900000397,0001,2023-07-12,201,FU-001,EC,CS01,120.8,L,H,EC-D5,,,,,
4900000398,0001,2023-07-12,201,FU-001,EC,CS01,119.5,L,H,EC-D6,,,,,
4900000399,0001,2023-07-12,201,FU-001,EC,CS01,146.6,L,H,EC-D7,,,,,
4900000400,0001,2023-07-12,201,FU-001,EC,CS01,638.6,L,H,EC-GEN,,,,,
4900000401,0001,2023-07-12,201,SP-002,EC,CS01,1,EA,H,EC-WS,,,,,
4900000402,0001,2023-07-12,201,SP-004,EC,CS01,1,EA,H,EC-WS,,,,,
4900000403,0001,2023-07-12,201,SP-006,EC,CS01,1,EA,H,EC-WS,,,,,
4900000404,0001,2023-07-13,201,AC-001,EC,CS01,68.0,L,H,EC-D5,,,,,
4900000405,0001,2023-07-13,201,FU-001,EC,CS01,122.1,L,H,EC-D1,,,,,
4900000406,0001,2023-07-13,201,FU-001,EC,CS01,124.1,L,H,EC-D2,,,,,
4900000407,0001,2023-07-13,201,FU-001,EC,CS01,158.2,L,H,EC-D3,,,,,
4900000408,0001,2023-07-13,201,FU-001,EC,CS01,143.4,L,H,EC-D4,,,,,
4900000409,0001,2023-07-13,201,FU-001,EC,CS01,106.1,L,H,EC-D5,,,,,
4900000410,0001,2023-07-13,201,FU-001,EC,CS01,114.7,L,H,EC-D6,,,,,
4900000411,0001,2023-07-13,201,FU-001,EC,CS01,120.1,L,H,EC-D7,,,,,
4900000412,0001,2023-07-13,201,FU-001,EC,CS01,624.8,L,H,EC-GEN,,,,,
4900000413,0001,2023-07-13,201,SP-004,EC,CS01,1,EA,H,EC-WS,,,,,
4900000414,0001,2023-07-13,201,SP-006,EC,CS01,1,EA,H,EC-WS,,,,,
4900000415,0001,2023-07-14,201,AC-001,EC,CS01,151.2,L,H,EC-D4,,,,,
4900000416,0001,2023-07-14,201,AC-003,EC,CS01,1.47,L,H,EC-D1,,,,,
4900000417,0001,2023-07-14,201,FU-001,EC,CS01,111.3,L,H,EC-D1,,,,,
4900000418,0001,2023-07-14,201,FU-001,EC,CS01,124.8,L,H,EC-D2,,,,,
4900000419,0001,2023-07-14,201,FU-001,EC,CS01,120.6,L,H,EC-D3,,,,,
4900000420,0001,2023-07-14,201,FU-001,EC,CS01,170.2,L,H,EC-D4,,,,,
4900000421,0001,2023-07-14,201,FU-001,EC,CS01,105.6,L,H,EC-D5,,,,,
4900000422,0001,2023-07-14,201,FU-001,EC,CS01,137.2,L,H,EC-D6,,,,,
4900000423,0001,2023-07-14,201,FU-001,EC,CS01,106.4,L,H,EC-D7,,,,,
4900000424,0001,2023-07-14,201,FU-001,EC,CS01,629.4,L,H,EC-GEN,,,,,
4900000425,0001,2023-07-14,201,SP-001,EC,CS01,1,EA,H,EC-WS,,,,,
4900000426,0001,2023-07-15,201,AC-001,EC,CS01,109.1,L,H,EC-D6,,,,,
4900000427,0001,2023-07-15,201,AC-003,EC,CS01,11.36,L,H,EC-D2,,,,,
4900000428,0001,2023-07-15,201,FU-001,EC,CS01,121.6,L,H,EC-D1,,,,,
4900000429,0001,2023-07-15,201,FU-001,EC,CS01,110.6,L,H,EC-D2,,,,,
4900000430,0001,2023-07-15,201,FU-001,EC,CS01,137.8,L,H,EC-D3,,,,,
4900000431,0001,2023-07-15,201,FU-001,EC,CS01,164.5,L,H,EC-D4,,,,,
4900000432,0001,2023-07-15,201,FU-001,EC,CS01,100.9,L,H,EC-D5,,,,,
4900000433,0001,2023-07-15,201,FU-001,EC,CS01,131.6,L,H,EC-D6,,,,,
4900000434,0001,2023-07-15,201,FU-001,EC,CS01,143.9,L,H,EC-D7,,,,,
4900000435,0001,2023-07-15,201,FU-001,EC,CS01,600.9,L,H,EC-GEN,,,,,
4900000436,0001,2023-07-15,201,SP-006,EC,CS01,1,EA,H,EC-WS,,,,,
4900000437,0001,2023-07-16,201,FU-001,EC,CS01,809.1,L,H,EC-GEN,,,,,
4900000438,0001,2023-07-17,201,AC-001,EC,CS01,194.7,L,H,EC-D6,,,,,
4900000439,0001,2023-07-17,201,FU-001,EC,CS01,108.2,L,H,EC-D1,,,,,
4900000440,0001,2023-07-17,201,FU-001,EC,CS01,126.3,L,H,EC-D2,,,,,
4900000441,0001,2023-07-17,201,FU-001,EC,CS01,142.5,L,H,EC-D3,,,,,
4900000442,0001,2023-07-17,201,FU-001,EC,CS01,132.1,L,H,EC-D4,,,,,
4900000443,0001,2023-07-17,201,FU-001,EC,CS01,107.9,L,H,EC-D5,,,,,
4900000444,0001,2023-07-17,201,FU-001,EC,CS01,120.4,L,H,EC-D6,,,,,
4900000445,0001,2023-07-17,201,FU-001,EC,CS01,130.4,L,H,EC-D7,,,,,
4900000446,0001,2023-07-17,201,FU-001,EC,CS01,679.1,L,H,EC-GEN,,,,,
4900000447,0001,2023-07-17,201,SP-001,EC,CS01,1,EA,H,EC-WS,,,,,
4900000448,0001,2023-07-17,201,SP-001,EC,CS01,1,EA,H,EC-WS,,,,,
4900000449,0001,2023-07-17,201,SP-002,EC,CS01,1,EA,H,EC-WS,,,,,
4900000450,0001,2023-07-18,101,AC-001,EC,CS01,2900,L,S,,,,,4500000010,00010
4900000451,0001,2023-07-18,201,AC-001,EC,CS01,148.8,L,H,EC-D1,,,,,
4900000452,0001,2023-07-18,201,AC-003,EC,CS01,4.24,L,H,EC-D2,,,,,
4900000453,0001,2023-07-18,101,FU-001,EC,CS01,8000,L,S,,,,,4500000019,00010
4900000454,0001,2023-07-18,201,FU-001,EC,CS01,115.3,L,H,EC-D1,,,,,
4900000455,0001,2023-07-18,201,FU-001,EC,CS01,112.3,L,H,EC-D2,,,,,
4900000456,0001,2023-07-18,201,FU-001,EC,CS01,127.1,L,H,EC-D3,,,,,
4900000457,0001,2023-07-18,201,FU-001,EC,CS01,148.2,L,H,EC-D4,,,,,
4900000458,0001,2023-07-18,201,FU-001,EC,CS01,116.7,L,H,EC-D5,,,,,
4900000459,0001,2023-07-18,201,FU-001,EC,CS01,122.1,L,H,EC-D6,,,,,
4900000460,0001,2023-07-18,201,FU-001,EC,CS01,143.2,L,H,EC-D7,,,,,
4900000461,0001,2023-07-18,201,FU-001,EC,CS01,624.2,L,H,EC-GEN,,,,,
4900000462,0001,2023-07-18,101,SP-005,EC,CS01,4,EA,S,,,,,4500000017,00010
4900000463,0001,2023-07-18,201,SP-005,EC,CS01,1,EA,H,EC-WS,,,,,
4900000464,0001,2023-07-18,201,SP-007,EC,CS01,1,EA,H,EC-WS,,,,,
4900000465,0001,2023-07-19,201,AC-001,EC,CS01,67.7,L,H,EC-D7,,,,,
4900000466,0001,2023-07-19,201,AC-003,EC,CS01,2.46,L,H,EC-D1,,,,,
4900000467,0001,2023-07-19,201,FU-001,EC,CS01,103.1,L,H,EC-D1,,,,,
4900000468,0001,2023-07-19,201,FU-001,EC,CS01,114.8,L,H,EC-D2,,,,,
4900000469,0001,2023-07-19,201,FU-001,EC,CS01,132.7,L,H,EC-D3,,,,,
4900000470,0001,2023-07-19,201,FU-001,EC,CS01,154.0,L,H,EC-D4,,,,,
4900000471,0001,2023-07-19,201,FU-001,EC,CS01,129.7,L,H,EC-D5,,,,,
4900000472,0001,2023-07-19,201,FU-001,EC,CS01,122.7,L,H,EC-D6,,,,,
4900000473,0001,2023-07-19,201,FU-001,EC,CS01,96.1,L,H,EC-D7,,,,,
4900000474,0001,2023-07-19,201,FU-001,EC,CS01,648.6,L,H,EC-GEN,,,,,
4900000475,0001,2023-07-20,201,AC-001,EC,CS01,161.1,L,H,EC-D2,,,,,
4900000476,0001,2023-07-20,201,AC-002,EC,CS01,6.8,KG,H,EC-D2,,,,,
4900000477,0001,2023-07-20,201,AC-003,EC,CS01,3.53,L,H,EC-D3,,,,,
4900000478,0001,2023-07-20,201,FU-001,EC,CS01,121.9,L,H,EC-D1,,,,,
4900000479,0001,2023-07-20,201,FU-001,EC,CS01,123.5,L,H,EC-D2,,,,,
4900000480,0001,2023-07-20,201,FU-001,EC,CS01,195.0,L,H,EC-D3,,,,,
4900000481,0001,2023-07-20,201,FU-001,EC,CS01,164.1,L,H,EC-D4,,,,,
4900000482,0001,2023-07-20,201,FU-001,EC,CS01,117.9,L,H,EC-D5,,,,,
4900000483,0001,2023-07-20,201,FU-001,EC,CS01,104.1,L,H,EC-D6,,,,,
4900000484,0001,2023-07-20,201,FU-001,EC,CS01,152.5,L,H,EC-D7,,,,,
4900000485,0001,2023-07-20,201,FU-001,EC,CS01,578.9,L,H,EC-GEN,,,,,
4900000486,0001,2023-07-21,201,AC-001,EC,CS01,152.3,L,H,EC-D6,,,,,
4900000487,0001,2023-07-21,201,AC-003,EC,CS01,1.3,L,H,EC-D1,,,,,
4900000488,0001,2023-07-21,201,FU-001,EC,CS01,115.6,L,H,EC-D1,,,,,
4900000489,0001,2023-07-21,201,FU-001,EC,CS01,97.5,L,H,EC-D2,,,,,
4900000490,0001,2023-07-21,201,FU-001,EC,CS01,133.7,L,H,EC-D3,,,,,
4900000491,0001,2023-07-21,201,FU-001,EC,CS01,133.9,L,H,EC-D4,,,,,
4900000492,0001,2023-07-21,201,FU-001,EC,CS01,110.7,L,H,EC-D5,,,,,
4900000493,0001,2023-07-21,201,FU-001,EC,CS01,156.0,L,H,EC-D6,,,,,
4900000494,0001,2023-07-21,201,FU-001,EC,CS01,119.9,L,H,EC-D7,,,,,
4900000495,0001,2023-07-21,201,FU-001,EC,CS01,623.8,L,H,EC-GEN,,,,,
4900000496,0001,2023-07-21,201,SP-005,EC,CS01,1,EA,H,EC-WS,,,,,
4900000497,0001,2023-07-22,201,AC-001,EC,CS01,93.9,L,H,EC-D6,,,,,
4900000498,0001,2023-07-22,201,FU-001,EC,CS01,96.8,L,H,EC-D1,,,,,
4900000499,0001,2023-07-22,201,FU-001,EC,CS01,118.7,L,H,EC-D2,,,,,
4900000500,0001,2023-07-22,201,FU-001,EC,CS01,156.7,L,H,EC-D3,,,,,
4900000501,0001,2023-07-22,201,FU-001,EC,CS01,150.9,L,H,EC-D4,,,,,
4900000502,0001,2023-07-22,201,FU-001,EC,CS01,95.1,L,H,EC-D5,,,,,
4900000503,0001,2023-07-22,201,FU-001,EC,CS01,130.4,L,H,EC-D6,,,,,
4900000504,0001,2023-07-22,201,FU-001,EC,CS01,125.4,L,H,EC-D7,,,,,
4900000505,0001,2023-07-22,201,FU-001,EC,CS01,721.6,L,H,EC-GEN,,,,,
4900000506,0001,2023-07-22,201,SP-005,EC,CS01,1,EA,H,EC-WS,,,,,
4900000507,0001,2023-07-22,201,SP-008,EC,CS01,1,EA,H,EC-WS,,,,,
4900000508,0001,2023-07-23,101,FU-001,EC,CS01,8000,L,S,,,,,4500000022,00010
4900000509,0001,2023-07-23,201,FU-001,EC,CS01,600.3,L,H,EC-GEN,,,,,
4900000510,0001,2023-07-24,201,AC-001,EC,CS01,141.9,L,H,EC-D5,,,,,
4900000511,0001,2023-07-24,201,AC-002,EC,CS01,5.88,KG,H,EC-D5,,,,,
4900000512,0001,2023-07-24,201,FU-001,EC,CS01,114.2,L,H,EC-D1,,,,,
4900000513,0001,2023-07-24,201,FU-001,EC,CS01,94.8,L,H,EC-D2,,,,,
4900000514,0001,2023-07-24,201,FU-001,EC,CS01,169.5,L,H,EC-D3,,,,,
4900000515,0001,2023-07-24,201,FU-001,EC,CS01,179.1,L,H,EC-D4,,,,,
4900000516,0001,2023-07-24,201,FU-001,EC,CS01,125.9,L,H,EC-D5,,,,,
4900000517,0001,2023-07-24,201,FU-001,EC,CS01,145.0,L,H,EC-D6,,,,,
4900000518,0001,2023-07-24,201,FU-001,EC,CS01,120.2,L,H,EC-D7,,,,,
4900000519,0001,2023-07-24,201,FU-001,EC,CS01,649.3,L,H,EC-GEN,,,,,
4900000520,0001,2023-07-24,101,SP-004,EC,CS01,4,EA,S,,,,,4500000011,00010
4900000521,0001,2023-07-24,201,SP-007,EC,CS01,1,EA,H,EC-WS,,,,,
4900000522,0001,2023-07-25,201,AC-001,EC,CS01,144.2,L,H,EC-D5,,,,,
4900000523,0001,2023-07-25,201,AC-002,EC,CS01,5.46,KG,H,EC-D5,,,,,
4900000524,0001,2023-07-25,201,AC-003,EC,CS01,9.55,L,H,EC-D1,,,,,
4900000525,0001,2023-07-25,201,FU-001,EC,CS01,110.2,L,H,EC-D1,,,,,
4900000526,0001,2023-07-25,201,FU-001,EC,CS01,82.8,L,H,EC-D2,,,,,
4900000527,0001,2023-07-25,201,FU-001,EC,CS01,132.6,L,H,EC-D3,,,,,
4900000528,0001,2023-07-25,201,FU-001,EC,CS01,153.9,L,H,EC-D4,,,,,
4900000529,0001,2023-07-25,201,FU-001,EC,CS01,94.0,L,H,EC-D5,,,,,
4900000530,0001,2023-07-25,201,FU-001,EC,CS01,127.7,L,H,EC-D6,,,,,
4900000531,0001,2023-07-25,201,FU-001,EC,CS01,110.9,L,H,EC-D7,,,,,
4900000532,0001,2023-07-25,201,FU-001,EC,CS01,722.0,L,H,EC-GEN,,,,,
4900000533,0001,2023-07-25,201,SP-002,EC,CS01,1,EA,H,EC-WS,,,,,
4900000534,0001,2023-07-25,201,SP-007,EC,CS01,1,EA,H,EC-WS,,,,,
4900000535,0001,2023-07-26,201,AC-001,EC,CS01,122.2,L,H,EC-D4,,,,,
4900000536,0001,2023-07-26,201,AC-002,EC,CS01,4.49,KG,H,EC-D4,,,,,
4900000537,0001,2023-07-26,201,AC-003,EC,CS01,4.38,L,H,EC-D4,,,,,
4900000538,0001,2023-07-26,201,AC-004,EC,CS01,1.16,KG,H,EC-D1,,,,,
4900000539,0001,2023-07-26,201,FU-001,EC,CS01,118.3,L,H,EC-D1,,,,,
4900000540,0001,2023-07-26,201,FU-001,EC,CS01,116.2,L,H,EC-D2,,,,,
4900000541,0001,2023-07-26,201,FU-001,EC,CS01,142.2,L,H,EC-D3,,,,,
4900000542,0001,2023-07-26,201,FU-001,EC,CS01,148.2,L,H,EC-D4,,,,,
4900000543,0001,2023-07-26,201,FU-001,EC,CS01,119.3,L,H,EC-D5,,,,,
4900000544,0001,2023-07-26,201,FU-001,EC,CS01,170.6,L,H,EC-D6,,,,,
4900000545,0001,2023-07-26,201,FU-001,EC,CS01,103.5,L,H,EC-D7,,,,,
4900000546,0001,2023-07-26,201,FU-001,EC,CS01,674.4,L,H,EC-GEN,,,,,
4900000547,0001,2023-07-26,201,SP-007,EC,CS01,1,EA,H,EC-WS,,,,,
4900000548,0001,2023-07-27,201,AC-001,EC,CS01,163.2,L,H,EC-D3,,,,,
4900000549,0001,2023-07-27,201,FU-001,EC,CS01,107.0,L,H,EC-D1,,,,,
4900000550,0001,2023-07-27,201,FU-001,EC,CS01,112.7,L,H,EC-D2,,,,,
4900000551,0001,2023-07-27,201,FU-001,EC,CS01,146.2,L,H,EC-D3,,,,,
4900000552,0001,2023-07-27,201,FU-001,EC,CS01,125.1,L,H,EC-D4,,,,,
4900000553,0001,2023-07-27,201,FU-001,EC,CS01,81.5,L,H,EC-D5,,,,,
4900000554,0001,2023-07-27,201,FU-001,EC,CS01,154.2,L,H,EC-D6,,,,,
4900000555,0001,2023-07-27,201,FU-001,EC,CS01,122.1,L,H,EC-D7,,,,,
4900000556,0001,2023-07-27,201,FU-001,EC,CS01,640.4,L,H,EC-GEN,,,,,
4900000557,0001,2023-07-27,201,SP-001,EC,CS01,1,EA,H,EC-WS,,,,,
4900000558,0001,2023-07-27,201,SP-004,EC,CS01,1,EA,H,EC-WS,,,,,
4900000559,0001,2023-07-28,201,AC-001,EC,CS01,86.7,L,H,EC-D7,,,,,
4900000560,0001,2023-07-28,201,AC-002,EC,CS01,3.29,KG,H,EC-D7,,,,,
4900000561,0001,2023-07-28,101,AC-003,EC,CS01,100,L,S,,,,,4500000014,00010
4900000562,0001,2023-07-28,201,AC-003,EC,CS01,5.48,L,H,EC-D1,,,,,
4900000563,0001,2023-07-28,201,FU-001,EC,CS01,122.5,L,H,EC-D1,,,,,
4900000564,0001,2023-07-28,201,FU-001,EC,CS01,111.4,L,H,EC-D2,,,,,
4900000565,0001,2023-07-28,201,FU-001,EC,CS01,151.1,L,H,EC-D3,,,,,
4900000566,0001,2023-07-28,201,FU-001,EC,CS01,184.1,L,H,EC-D4,,,,,
4900000567,0001,2023-07-28,201,FU-001,EC,CS01,124.2,L,H,EC-D5,,,,,
4900000568,0001,2023-07-28,201,FU-001,EC,CS01,125.0,L,H,EC-D6,,,,,
4900000569,0001,2023-07-28,201,FU-001,EC,CS01,132.2,L,H,EC-D7,,,,,
4900000570,0001,2023-07-28,201,FU-001,EC,CS01,695.7,L,H,EC-GEN,,,,,
4900000571,0001,2023-07-28,201,SP-007,EC,CS01,1,EA,H,EC-WS,,,,,
4900000572,0001,2023-07-29,201,AC-001,EC,CS01,112.6,L,H,EC-D7,,,,,
4900000573,0001,2023-07-29,201,AC-003,EC,CS01,2.88,L,H,EC-D6,,,,,
4900000574,0001,2023-07-29,201,FU-001,EC,CS01,112.2,L,H,EC-D1,,,,,
4900000575,0001,2023-07-29,201,FU-001,EC,CS01,105.4,L,H,EC-D2,,,,,
4900000576,0001,2023-07-29,201,FU-001,EC,CS01,129.3,L,H,EC-D3,,,,,
4900000577,0001,2023-07-29,201,FU-001,EC,CS01,129.5,L,H,EC-D4,,,,,
4900000578,0001,2023-07-29,201,FU-001,EC,CS01,97.0,L,H,EC-D5,,,,,
4900000579,0001,2023-07-29,201,FU-001,EC,CS01,141.2,L,H,EC-D6,,,,,
4900000580,0001,2023-07-29,201,FU-001,EC,CS01,125.4,L,H,EC-D7,,,,,
4900000581,0001,2023-07-29,201,FU-001,EC,CS01,618.6,L,H,EC-GEN,,,,,
4900000582,0001,2023-07-30,101,AC-002,EC,CS01,42,KG,S,,,,,4500000015,00010
4900000583,0001,2023-07-30,201,FU-001,EC,CS01,683.9,L,H,EC-GEN,,,,,
4900000584,0001,2023-07-30,101,SP-007,EC,CS01,4,EA,S,,,,,4500000021,00010
4900000585,0001,2023-07-31,201,AC-001,EC,CS01,97.5,L,H,EC-D1,,,,,
4900000586,0001,2023-07-31,201,AC-002,EC,CS01,3.83,KG,H,EC-D1,,,,,
4900000587,0001,2023-07-31,201,AC-003,EC,CS01,1.64,L,H,EC-D1,,,,,
4900000588,0001,2023-07-31,101,FU-001,EC,CS01,8000,L,S,,,,,4500000025,00010
4900000589,0001,2023-07-31,201,FU-001,EC,CS01,133.9,L,H,EC-D1,,,,,
4900000590,0001,2023-07-31,201,FU-001,EC,CS01,110.4,L,H,EC-D2,,,,,
4900000591,0001,2023-07-31,201,FU-001,EC,CS01,136.2,L,H,EC-D3,,,,,
4900000592,0001,2023-07-31,201,FU-001,EC,CS01,146.0,L,H,EC-D4,,,,,
4900000593,0001,2023-07-31,201,FU-001,EC,CS01,123.7,L,H,EC-D5,,,,,
4900000594,0001,2023-07-31,201,FU-001,EC,CS01,108.8,L,H,EC-D6,,,,,
4900000595,0001,2023-07-31,201,FU-001,EC,CS01,118.3,L,H,EC-D7,,,,,
4900000596,0001,2023-07-31,201,FU-001,EC,CS01,707.3,L,H,EC-GEN,,,,,
4900000597,0001,2023-07-31,201,SP-006,EC,CS01,1,EA,H,EC-WS,,,,,
4900000598,0001,2023-08-01,201,AC-001,EC,CS01,127.7,L,H,EC-D5,,,,,
4900000599,0001,2023-08-01,201,AC-003,EC,CS01,2.04,L,H,EC-D4,,,,,
4900000600,0001,2023-08-01,201,FU-001,EC,CS01,117.5,L,H,EC-D1,,,,,
4900000601,0001,2023-08-01,201,FU-001,EC,CS01,91.8,L,H,EC-D2,,,,,
4900000602,0001,2023-08-01,201,FU-001,EC,CS01,109.2,L,H,EC-D3,,,,,
4900000603,0001,2023-08-01,201,FU-001,EC,CS01,111.2,L,H,EC-D4,,,,,
4900000604,0001,2023-08-01,201,FU-001,EC,CS01,68.8,L,H,EC-D5,,,,,
4900000605,0001,2023-08-01,201,FU-001,EC,CS01,140.6,L,H,EC-D6,,,,,
4900000606,0001,2023-08-01,201,FU-001,EC,CS01,127.8,L,H,EC-D7,,,,,
4900000607,0001,2023-08-01,201,FU-001,EC,CS01,679.8,L,H,EC-GEN,,,,,
4900000608,0001,2023-08-01,201,SP-002,EC,CS01,1,EA,H,EC-WS,,,,,
4900000609,0001,2023-08-02,201,AC-001,EC,CS01,104.1,L,H,EC-D2,,,,,
4900000610,0001,2023-08-02,201,AC-002,EC,CS01,3.73,KG,H,EC-D2,,,,,
4900000611,0001,2023-08-02,201,FU-001,EC,CS01,106.0,L,H,EC-D1,,,,,
4900000612,0001,2023-08-02,201,FU-001,EC,CS01,108.1,L,H,EC-D2,,,,,
4900000613,0001,2023-08-02,201,FU-001,EC,CS01,127.3,L,H,EC-D3,,,,,
4900000614,0001,2023-08-02,201,FU-001,EC,CS01,124.0,L,H,EC-D4,,,,,
4900000615,0001,2023-08-02,201,FU-001,EC,CS01,98.0,L,H,EC-D5,,,,,
4900000616,0001,2023-08-02,201,FU-001,EC,CS01,122.0,L,H,EC-D6,,,,,
4900000617,0001,2023-08-02,201,FU-001,EC,CS01,122.1,L,H,EC-D7,,,,,
4900000618,0001,2023-08-02,201,FU-001,EC,CS01,592.0,L,H,EC-GEN,,,,,
4900000619,0001,2023-08-02,201,SP-005,EC,CS01,1,EA,H,EC-WS,,,,,
4900000620,0001,2023-08-03,201,AC-001,EC,CS01,100.9,L,H,EC-D6,,,,,
4900000621,0001,2023-08-03,201,FU-001,EC,CS01,125.9,L,H,EC-D1,,,,,
4900000622,0001,2023-08-03,201,FU-001,EC,CS01,105.1,L,H,EC-D2,,,,,
4900000623,0001,2023-08-03,201,FU-001,EC,CS01,125.4,L,H,EC-D3,,,,,
4900000624,0001,2023-08-03,201,FU-001,EC,CS01,146.3,L,H,EC-D4,,,,,
4900000625,0001,2023-08-03,201,FU-001,EC,CS01,114.9,L,H,EC-D5,,,,,
4900000626,0001,2023-08-03,201,FU-001,EC,CS01,124.6,L,H,EC-D6,,,,,
4900000627,0001,2023-08-03,201,FU-001,EC,CS01,105.3,L,H,EC-D7,,,,,
4900000628,0001,2023-08-03,201,FU-001,EC,CS01,635.2,L,H,EC-GEN,,,,,
4900000629,0001,2023-08-03,201,SP-002,EC,CS01,1,EA,H,EC-WS,,,,,
4900000630,0001,2023-08-04,201,AC-001,EC,CS01,175.5,L,H,EC-D4,,,,,
4900000631,0001,2023-08-04,201,AC-002,EC,CS01,7.07,KG,H,EC-D4,,,,,
4900000632,0001,2023-08-04,201,AC-003,EC,CS01,4.25,L,H,EC-D4,,,,,
4900000633,0001,2023-08-04,201,FU-001,EC,CS01,119.8,L,H,EC-D1,,,,,
4900000634,0001,2023-08-04,201,FU-001,EC,CS01,91.5,L,H,EC-D2,,,,,
4900000635,0001,2023-08-04,201,FU-001,EC,CS01,123.3,L,H,EC-D3,,,,,
4900000636,0001,2023-08-04,201,FU-001,EC,CS01,154.8,L,H,EC-D4,,,,,
4900000637,0001,2023-08-04,201,FU-001,EC,CS01,147.9,L,H,EC-D5,,,,,
4900000638,0001,2023-08-04,201,FU-001,EC,CS01,156.4,L,H,EC-D6,,,,,
4900000639,0001,2023-08-04,201,FU-001,EC,CS01,119.2,L,H,EC-D7,,,,,
4900000640,0001,2023-08-04,201,FU-001,EC,CS01,647.8,L,H,EC-GEN,,,,,
4900000641,0001,2023-08-04,201,SP-007,EC,CS01,1,EA,H,EC-WS,,,,,
4900000642,0001,2023-08-05,201,AC-001,EC,CS01,92.8,L,H,EC-D7,,,,,
4900000643,0001,2023-08-05,201,AC-003,EC,CS01,2.88,L,H,EC-D7,,,,,
4900000644,0001,2023-08-05,201,FU-001,EC,CS01,99.7,L,H,EC-D1,,,,,
4900000645,0001,2023-08-05,201,FU-001,EC,CS01,131.2,L,H,EC-D2,,,,,
4900000646,0001,2023-08-05,201,FU-001,EC,CS01,125.0,L,H,EC-D3,,,,,
4900000647,0001,2023-08-05,201,FU-001,EC,CS01,151.0,L,H,EC-D4,,,,,
4900000648,0001,2023-08-05,201,FU-001,EC,CS01,125.8,L,H,EC-D5,,,,,
4900000649,0001,2023-08-05,201,FU-001,EC,CS01,115.9,L,H,EC-D6,,,,,
4900000650,0001,2023-08-05,201,FU-001,EC,CS01,143.2,L,H,EC-D7,,,,,
4900000651,0001,2023-08-05,201,FU-001,EC,CS01,601.9,L,H,EC-GEN,,,,,
4900000652,0001,2023-08-05,201,SP-001,EC,CS01,1,EA,H,EC-WS,,,,,
4900000653,0001,2023-08-05,201,SP-002,EC,CS01,1,EA,H,EC-WS,,,,,
4900000654,0001,2023-08-05,201,SP-005,EC,CS01,1,EA,H,EC-WS,,,,,
4900000655,0001,2023-08-06,101,FU-001,EC,CS01,8000,L,S,,,,,4500000030,00010
4900000656,0001,2023-08-06,201,FU-001,EC,CS01,789.1,L,H,EC-GEN,,,,,
4900000657,0001,2023-08-07,201,AC-001,EC,CS01,143.5,L,H,EC-D5,,,,,
4900000658,0001,2023-08-07,201,AC-003,EC,CS01,1.33,L,H,EC-D4,,,,,
4900000659,0001,2023-08-07,201,FU-001,EC,CS01,104.6,L,H,EC-D1,,,,,
4900000660,0001,2023-08-07,201,FU-001,EC,CS01,97.0,L,H,EC-D2,,,,,
4900000661,0001,2023-08-07,201,FU-001,EC,CS01,130.2,L,H,EC-D3,,,,,
4900000662,0001,2023-08-07,201,FU-001,EC,CS01,141.0,L,H,EC-D4,,,,,
4900000663,0001,2023-08-07,201,FU-001,EC,CS01,142.5,L,H,EC-D5,,,,,
4900000664,0001,2023-08-07,201,FU-001,EC,CS01,120.3,L,H,EC-D6,,,,,
4900000665,0001,2023-08-07,201,FU-001,EC,CS01,122.1,L,H,EC-D7,,,,,
4900000666,0001,2023-08-07,201,FU-001,EC,CS01,685.1,L,H,EC-GEN,,,,,
4900000667,0001,2023-08-07,201,SP-004,EC,CS01,1,EA,H,EC-WS,,,,,
4900000668,0001,2023-08-08,201,AC-001,EC,CS01,110.1,L,H,EC-D3,,,,,
4900000669,0001,2023-08-08,201,FU-001,EC,CS01,106.5,L,H,EC-D1,,,,,
4900000670,0001,2023-08-08,201,FU-001,EC,CS01,108.1,L,H,EC-D2,,,,,
4900000671,0001,2023-08-08,201,FU-001,EC,CS01,149.8,L,H,EC-D3,,,,,
4900000672,0001,2023-08-08,201,FU-001,EC,CS01,149.0,L,H,EC-D4,,,,,
4900000673,0001,2023-08-08,201,FU-001,EC,CS01,134.7,L,H,EC-D5,,,,,
4900000674,0001,2023-08-08,201,FU-001,EC,CS01,134.5,L,H,EC-D6,,,,,
4900000675,0001,2023-08-08,201,FU-001,EC,CS01,144.7,L,H,EC-D7,,,,,
4900000676,0001,2023-08-08,201,FU-001,EC,CS01,635.0,L,H,EC-GEN,,,,,
4900000677,0001,2023-08-08,101,SP-001,EC,CS01,4,EA,S,,,,,4500000027,00010
4900000678,0001,2023-08-08,201,SP-002,EC,CS01,1,EA,H,EC-WS,,,,,
4900000679,0001,2023-08-08,101,SP-007,EC,CS01,4,EA,S,,,,,4500000029,00010
4900000680,0001,2023-08-09,201,AC-001,EC,CS01,138.4,L,H,EC-D6,,,,,
4900000681,0001,2023-08-09,201,AC-002,EC,CS01,5.37,KG,H,EC-D6,,,,,
4900000682,0001,2023-08-09,201,AC-003,EC,CS01,2.04,L,H,EC-D6,,,,,
4900000683,0001,2023-08-09,201,FU-001,EC,CS01,127.1,L,H,EC-D1,,,,,
4900000684,0001,2023-08-09,201,FU-001,EC,CS01,82.3,L,H,EC-D2,,,,,
4900000685,0001,2023-08-09,201,FU-001,EC,CS01,94.8,L,H,EC-D3,,,,,
4900000686,0001,2023-08-09,201,FU-001,EC,CS01,133.9,L,H,EC-D4,,,,,
4900000687,0001,2023-08-09,201,FU-001,EC,CS01,109.7,L,H,EC-D5,,,,,
4900000688,0001,2023-08-09,201,FU-001,EC,CS01,120.1,L,H,EC-D6,,,,,
4900000689,0001,2023-08-09,201,FU-001,EC,CS01,125.4,L,H,EC-D7,,,,,
4900000690,0001,2023-08-09,201,FU-001,EC,CS01,616.9,L,H,EC-GEN,,,,,
4900000691,0001,2023-08-09,201,SP-004,EC,CS01,1,EA,H,EC-WS,,,,,
4900000692,0001,2023-08-09,101,SP-006,EC,CS01,4,EA,S,,,,,4500000020,00010
4900000693,0001,2023-08-09,201,SP-007,EC,CS01,1,EA,H,EC-WS,,,,,
4900000694,0001,2023-08-10,201,AC-001,EC,CS01,164.2,L,H,EC-D7,,,,,
4900000695,0001,2023-08-10,201,AC-002,EC,CS01,6.5,KG,H,EC-D7,,,,,
4900000696,0001,2023-08-10,201,FU-001,EC,CS01,95.2,L,H,EC-D1,,,,,
4900000697,0001,2023-08-10,201,FU-001,EC,CS01,100.0,L,H,EC-D2,,,,,
4900000698,0001,2023-08-10,201,FU-001,EC,CS01,119.6,L,H,EC-D3,,,,,
4900000699,0001,2023-08-10,201,FU-001,EC,CS01,125.5,L,H,EC-D4,,,,,
4900000700,0001,2023-08-10,201,FU-001,EC,CS01,128.2,L,H,EC-D5,,,,,
4900000701,0001,2023-08-10,201,FU-001,EC,CS01,123.3,L,H,EC-D6,,,,,
4900000702,0001,2023-08-10,201,FU-001,EC,CS01,104.2,L,H,EC-D7,,,,,
4900000703,0001,2023-08-10,201,FU-001,EC,CS01,676.7,L,H,EC-GEN,,,,,
4900000704,0001,2023-08-10,201,SP-007,EC,CS01,1,EA,H,EC-WS,,,,,
4900000705,0001,2023-08-11,201,AC-001,EC,CS01,60.8,L,H,EC-D5,,,,,
4900000706,0001,2023-08-11,101,FU-001,EC,CS01,8000,L,S,,,,,4500000033,00010
4900000707,0001,2023-08-11,201,FU-001,EC,CS01,110.5,L,H,EC-D1,,,,,
4900000708,0001,2023-08-11,201,FU-001,EC,CS01,95.6,L,H,EC-D2,,,,,
4900000709,0001,2023-08-11,201,FU-001,EC,CS01,127.7,L,H,EC-D3,,,,,
4900000710,0001,2023-08-11,201,FU-001,EC,CS01,119.2,L,H,EC-D4,,,,,
4900000711,0001,2023-08-11,201,FU-001,EC,CS01,97.1,L,H,EC-D5,,,,,
4900000712,0001,2023-08-11,201,FU-001,EC,CS01,123.7,L,H,EC-D6,,,,,
4900000713,0001,2023-08-11,201,FU-001,EC,CS01,119.9,L,H,EC-D7,,,,,
4900000714,0001,2023-08-11,201,FU-001,EC,CS01,619.3,L,H,EC-GEN,,,,,
4900000715,0001,2023-08-11,201,SP-003,EC,CS01,1,EA,H,EC-WS,,,,,
4900000716,0001,2023-08-11,201,SP-004,EC,CS01,1,EA,H,EC-WS,,,,,
4900000717,0001,2023-08-12,201,AC-001,EC,CS01,118.3,L,H,EC-D1,,,,,
4900000718,0001,2023-08-12,201,AC-002,EC,CS01,4.97,KG,H,EC-D1,,,,,
4900000719,0001,2023-08-12,201,AC-003,EC,CS01,11.36,L,H,EC-D6,,,,,
4900000720,0001,2023-08-12,201,FU-001,EC,CS01,118.8,L,H,EC-D1,,,,,
4900000721,0001,2023-08-12,201,FU-001,EC,CS01,76.9,L,H,EC-D2,,,,,
4900000722,0001,2023-08-12,201,FU-001,EC,CS01,194.7,L,H,EC-D3,,,,,
4900000723,0001,2023-08-12,201,FU-001,EC,CS01,143.2,L,H,EC-D4,,,,,
4900000724,0001,2023-08-12,201,FU-001,EC,CS01,125.2,L,H,EC-D5,,,,,
4900000725,0001,2023-08-12,201,FU-001,EC,CS01,137.1,L,H,EC-D6,,,,,
4900000726,0001,2023-08-12,201,FU-001,EC,CS01,121.2,L,H,EC-D7,,,,,
4900000727,0001,2023-08-12,201,FU-001,EC,CS01,542.6,L,H,EC-GEN,,,,,
4900000728,0001,2023-08-12,201,SP-003,EC,CS01,1,EA,H,EC-WS,,,,,
4900000729,0001,2023-08-13,201,FU-001,EC,CS01,696.7,L,H,EC-GEN,,,,,
4900000730,0001,2023-08-14,201,AC-001,EC,CS01,83.3,L,H,EC-D1,,,,,
4900000731,0001,2023-08-14,201,FU-001,EC,CS01,94.3,L,H,EC-D1,,,,,
4900000732,0001,2023-08-14,201,FU-001,EC,CS01,87.9,L,H,EC-D2,,,,,
4900000733,0001,2023-08-14,201,FU-001,EC,CS01,138.7,L,H,EC-D3,,,,,
4900000734,0001,2023-08-14,201,FU-001,EC,CS01,141.3,L,H,EC-D4,,,,,
4900000735,0001,2023-08-14,201,FU-001,EC,CS01,113.8,L,H,EC-D5,,,,,
4900000736,0001,2023-08-14,201,FU-001,EC,CS01,128.0,L,H,EC-D6,,,,,
4900000737,0001,2023-08-14,201,FU-001,EC,CS01,123.4,L,H,EC-D7,,,,,
4900000738,0001,2023-08-14,201,FU-001,EC,CS01,701.4,L,H,EC-GEN,,,,,
4900000739,0001,2023-08-14,101,SP-005,EC,CS01,4,EA,S,,,,,4500000031,00010
4900000740,0001,2023-08-14,101,SP-008,EC,CS01,4,EA,S,,,,,4500000023,00010
4900000741,0001,2023-08-14,201,SP-008,EC,CS01,1,EA,H,EC-WS,,,,,
4900000742,0001,2023-08-14,201,SP-008,EC,CS01,1,EA,H,EC-WS,,,,,
4900000743,0001,2023-08-15,201,AC-001,EC,CS01,165.8,L,H,EC-D2,,,,,
4900000744,0001,2023-08-15,201,AC-002,EC,CS01,6.11,KG,H,EC-D2,,,,,
4900000745,0001,2023-08-15,201,AC-003,EC,CS01,12.88,L,H,EC-D1,,,,,
4900000746,0001,2023-08-15,201,FU-001,EC,CS01,111.7,L,H,EC-D1,,,,,
4900000747,0001,2023-08-15,201,FU-001,EC,CS01,111.5,L,H,EC-D2,,,,,
4900000748,0001,2023-08-15,201,FU-001,EC,CS01,125.2,L,H,EC-D3,,,,,
4900000749,0001,2023-08-15,201,FU-001,EC,CS01,170.3,L,H,EC-D4,,,,,
4900000750,0001,2023-08-15,201,FU-001,EC,CS01,111.9,L,H,EC-D5,,,,,
4900000751,0001,2023-08-15,201,FU-001,EC,CS01,107.7,L,H,EC-D6,,,,,
4900000752,0001,2023-08-15,201,FU-001,EC,CS01,119.9,L,H,EC-D7,,,,,
4900000753,0001,2023-08-15,201,FU-001,EC,CS01,650.0,L,H,EC-GEN,,,,,
4900000754,0001,2023-08-15,201,SP-008,EC,CS01,1,EA,H,EC-WS,,,,,
4900000755,0001,2023-08-16,201,AC-001,EC,CS01,82.7,L,H,EC-D3,,,,,
4900000756,0001,2023-08-16,101,FU-001,EC,CS01,8000,L,S,,,,,4500000034,00010
4900000757,0001,2023-08-16,201,FU-001,EC,CS01,96.7,L,H,EC-D1,,,,,
4900000758,0001,2023-08-16,201,FU-001,EC,CS01,102.9,L,H,EC-D2,,,,,
4900000759,0001,2023-08-16,201,FU-001,EC,CS01,149.2,L,H,EC-D3,,,,,
4900000760,0001,2023-08-16,201,FU-001,EC,CS01,154.7,L,H,EC-D4,,,,,
4900000761,0001,2023-08-16,201,FU-001,EC,CS01,105.6,L,H,EC-D5,,,,,
4900000762,0001,2023-08-16,201,FU-001,EC,CS01,144.0,L,H,EC-D6,,,,,
4900000763,0001,2023-08-16,201,FU-001,EC,CS01,123.6,L,H,EC-D7,,,,,
4900000764,0001,2023-08-16,201,FU-001,EC,CS01,586.5,L,H,EC-GEN,,,,,
4900000765,0001,2023-08-16,201,SP-008,EC,CS01,1,EA,H,EC-WS,,,,,
4900000766,0001,2023-08-16,201,SP-008,EC,CS01,1,EA,H,EC-WS,,,,,
4900000767,0001,2023-08-17,201,AC-001,EC,CS01,132.9,L,H,EC-D3,,,,,
4900000768,0001,2023-08-17,201,AC-003,EC,CS01,2.88,L,H,EC-D6,,,,,
4900000769,0001,2023-08-17,201,FU-001,EC,CS01,94.3,L,H,EC-D1,,,,,
4900000770,0001,2023-08-17,201,FU-001,EC,CS01,129.0,L,H,EC-D2,,,,,
4900000771,0001,2023-08-17,201,FU-001,EC,CS01,96.9,L,H,EC-D3,,,,,
4900000772,0001,2023-08-17,201,FU-001,EC,CS01,145.7,L,H,EC-D4,,,,,
4900000773,0001,2023-08-17,201,FU-001,EC,CS01,125.9,L,H,EC-D5,,,,,
4900000774,0001,2023-08-17,201,FU-001,EC,CS01,111.7,L,H,EC-D6,,,,,
4900000775,0001,2023-08-17,201,FU-001,EC,CS01,132.8,L,H,EC-D7,,,,,
4900000776,0001,2023-08-17,201,FU-001,EC,CS01,685.8,L,H,EC-GEN,,,,,
4900000777,0001,2023-08-18,101,AC-001,EC,CS01,200,L,S,,,,,4500000038,00010
4900000778,0001,2023-08-18,201,AC-001,EC,CS01,110.4,L,H,EC-D3,,,,,
4900000779,0001,2023-08-18,201,AC-003,EC,CS01,1.68,L,H,EC-D2,,,,,
4900000780,0001,2023-08-18,201,FU-001,EC,CS01,119.7,L,H,EC-D1,,,,,
4900000781,0001,2023-08-18,201,FU-001,EC,CS01,94.4,L,H,EC-D2,,,,,
4900000782,0001,2023-08-18,201,FU-001,EC,CS01,155.4,L,H,EC-D3,,,,,
4900000783,0001,2023-08-18,201,FU-001,EC,CS01,144.7,L,H,EC-D4,,,,,
4900000784,0001,2023-08-18,201,FU-001,EC,CS01,113.6,L,H,EC-D5,,,,,
4900000785,0001,2023-08-18,201,FU-001,EC,CS01,126.1,L,H,EC-D6,,,,,
4900000786,0001,2023-08-18,201,FU-001,EC,CS01,127.1,L,H,EC-D7,,,,,
4900000787,0001,2023-08-18,201,FU-001,EC,CS01,687.0,L,H,EC-GEN,,,,,
4900000788,0001,2023-08-18,201,SP-005,EC,CS01,1,EA,H,EC-WS,,,,,
4900000789,0001,2023-08-19,101,AC-001,EC,CS01,200,L,S,,,,,4500000042,00010
4900000790,0001,2023-08-19,201,AC-001,EC,CS01,124.5,L,H,EC-D5,,,,,
4900000791,0001,2023-08-19,201,AC-003,EC,CS01,5.76,L,H,EC-D6,,,,,
4900000792,0001,2023-08-19,201,FU-001,EC,CS01,119.4,L,H,EC-D1,,,,,
4900000793,0001,2023-08-19,201,FU-001,EC,CS01,84.7,L,H,EC-D2,,,,,
4900000794,0001,2023-08-19,201,FU-001,EC,CS01,106.9,L,H,EC-D3,,,,,
4900000795,0001,2023-08-19,201,FU-001,EC,CS01,154.4,L,H,EC-D4,,,,,
4900000796,0001,2023-08-19,201,FU-001,EC,CS01,95.4,L,H,EC-D5,,,,,
4900000797,0001,2023-08-19,201,FU-001,EC,CS01,131.3,L,H,EC-D6,,,,,
4900000798,0001,2023-08-19,201,FU-001,EC,CS01,115.1,L,H,EC-D7,,,,,
4900000799,0001,2023-08-19,201,FU-001,EC,CS01,630.5,L,H,EC-GEN,,,,,
4900000800,0001,2023-08-19,201,SP-004,EC,CS01,1,EA,H,EC-WS,,,,,
4900000801,0001,2023-08-20,201,FU-001,EC,CS01,611.7,L,H,EC-GEN,,,,,
4900000802,0001,2023-08-21,201,AC-001,EC,CS01,129.9,L,H,EC-D5,,,,,
4900000803,0001,2023-08-21,201,AC-003,EC,CS01,1.79,L,H,EC-D5,,,,,
4900000804,0001,2023-08-21,201,FU-001,EC,CS01,97.4,L,H,EC-D1,,,,,
4900000805,0001,2023-08-21,201,FU-001,EC,CS01,105.2,L,H,EC-D2,,,,,
4900000806,0001,2023-08-21,201,FU-001,EC,CS01,127.6,L,H,EC-D3,,,,,
4900000807,0001,2023-08-21,201,FU-001,EC,CS01,176.5,L,H,EC-D4,,,,,
4900000808,0001,2023-08-21,201,FU-001,EC,CS01,96.9,L,H,EC-D5,,,,,
4900000809,0001,2023-08-21,201,FU-001,EC,CS01,126.7,L,H,EC-D6,,,,,
4900000810,0001,2023-08-21,201,FU-001,EC,CS01,138.1,L,H,EC-D7,,,,,
4900000811,0001,2023-08-21,201,FU-001,EC,CS01,684.2,L,H,EC-GEN,,,,,
4900000812,0001,2023-08-21,201,SP-001,EC,CS01,1,EA,H,EC-WS,,,,,
4900000813,0001,2023-08-21,201,SP-001,EC,CS01,1,EA,H,EC-WS,,,,,
4900000814,0001,2023-08-22,101,AC-001,EC,CS01,200,L,S,,,,,4500000048,00010
4900000815,0001,2023-08-22,201,AC-001,EC,CS01,96.4,L,H,EC-D1,,,,,
4900000816,0001,2023-08-22,201,AC-003,EC,CS01,2.4,L,H,EC-D2,,,,,
4900000817,0001,2023-08-22,201,AC-004,EC,CS01,2.09,KG,H,EC-D5,,,,,
4900000818,0001,2023-08-22,201,FU-001,EC,CS01,76.2,L,H,EC-D1,,,,,
4900000819,0001,2023-08-22,201,FU-001,EC,CS01,104.3,L,H,EC-D2,,,,,
4900000820,0001,2023-08-22,201,FU-001,EC,CS01,132.7,L,H,EC-D3,,,,,
4900000821,0001,2023-08-22,201,FU-001,EC,CS01,180.1,L,H,EC-D4,,,,,
4900000822,0001,2023-08-22,201,FU-001,EC,CS01,122.3,L,H,EC-D5,,,,,
4900000823,0001,2023-08-22,201,FU-001,EC,CS01,116.1,L,H,EC-D6,,,,,
4900000824,0001,2023-08-22,201,FU-001,EC,CS01,104.9,L,H,EC-D7,,,,,
4900000825,0001,2023-08-22,201,FU-001,EC,CS01,707.4,L,H,EC-GEN,,,,,
4900000826,0001,2023-08-22,201,SP-004,EC,CS01,1,EA,H,EC-WS,,,,,
4900000827,0001,2023-08-22,201,SP-008,EC,CS01,1,EA,H,EC-WS,,,,,
4900000828,0001,2023-08-23,201,AC-001,EC,CS01,86.2,L,H,EC-D7,,,,,
4900000829,0001,2023-08-23,101,FU-001,EC,CS01,8000,L,S,,,,,4500000040,00010
4900000830,0001,2023-08-23,201,FU-001,EC,CS01,100.4,L,H,EC-D1,,,,,
4900000831,0001,2023-08-23,201,FU-001,EC,CS01,107.2,L,H,EC-D2,,,,,
4900000832,0001,2023-08-23,201,FU-001,EC,CS01,111.5,L,H,EC-D3,,,,,
4900000833,0001,2023-08-23,201,FU-001,EC,CS01,124.0,L,H,EC-D4,,,,,
4900000834,0001,2023-08-23,201,FU-001,EC,CS01,93.1,L,H,EC-D5,,,,,
4900000835,0001,2023-08-23,201,FU-001,EC,CS01,134.6,L,H,EC-D6,,,,,
4900000836,0001,2023-08-23,201,FU-001,EC,CS01,90.3,L,H,EC-D7,,,,,
4900000837,0001,2023-08-23,201,FU-001,EC,CS01,621.9,L,H,EC-GEN,,,,,
4900000838,0001,2023-08-23,101,SP-004,EC,CS01,1,EA,S,,,,,4500000055,00010
4900000839,0001,2023-08-23,201,SP-004,EC,CS01,1,EA,H,EC-WS,,,,,
4900000840,0001,2023-08-24,101,AC-001,EC,CS01,2900,L,S,,,,,4500000024,00010
4900000841,0001,2023-08-24,201,AC-001,EC,CS01,68.1,L,H,EC-D5,,,,,
4900000842,0001,2023-08-24,201,AC-002,EC,CS01,3.23,KG,H,EC-D5,,,,,
4900000843,0001,2023-08-24,201,AC-003,EC,CS01,2.66,L,H,EC-D1,,,,,
4900000844,0001,2023-08-24,201,FU-001,EC,CS01,121.5,L,H,EC-D1,,,,,
4900000845,0001,2023-08-24,201,FU-001,EC,CS01,98.6,L,H,EC-D2,,,,,
4900000846,0001,2023-08-24,201,FU-001,EC,CS01,124.6,L,H,EC-D3,,,,,
4900000847,0001,2023-08-24,201,FU-001,EC,CS01,156.0,L,H,EC-D4,,,,,
4900000848,0001,2023-08-24,201,FU-001,EC,CS01,113.2,L,H,EC-D5,,,,,
4900000849,0001,2023-08-24,201,FU-001,EC,CS01,123.5,L,H,EC-D6,,,,,
4900000850,0001,2023-08-24,201,FU-001,EC,CS01,118.5,L,H,EC-D7,,,,,
4900000851,0001,2023-08-24,201,FU-001,EC,CS01,706.6,L,H,EC-GEN,,,,,
4900000852,0001,2023-08-24,101,SP-004,EC,CS01,1,EA,S,,,,,4500000057,00010
4900000853,0001,2023-08-24,201,SP-004,EC,CS01,1,EA,H,EC-WS,,,,,
4900000854,0001,2023-08-25,201,AC-001,EC,CS01,150.9,L,H,EC-D1,,,,,
4900000855,0001,2023-08-25,101,AC-002,EC,CS01,5,KG,S,,,,,4500000051,00010
4900000856,0001,2023-08-25,201,AC-002,EC,CS01,5.98,KG,H,EC-D1,,,,,
4900000857,0001,2023-08-25,201,AC-003,EC,CS01,2.04,L,H,EC-D1,,,,,
4900000858,0001,2023-08-25,201,FU-001,EC,CS01,105.5,L,H,EC-D1,,,,,
4900000859,0001,2023-08-25,201,FU-001,EC,CS01,99.2,L,H,EC-D2,,,,,
4900000860,0001,2023-08-25,201,FU-001,EC,CS01,124.5,L,H,EC-D3,,,,,
4900000861,0001,2023-08-25,201,FU-001,EC,CS01,138.8,L,H,EC-D4,,,,,
4900000862,0001,2023-08-25,201,FU-001,EC,CS01,97.3,L,H,EC-D5,,,,,
4900000863,0001,2023-08-25,201,FU-001,EC,CS01,125.2,L,H,EC-D6,,,,,
4900000864,0001,2023-08-25,201,FU-001,EC,CS01,148.8,L,H,EC-D7,,,,,
4900000865,0001,2023-08-25,201,FU-001,EC,CS01,646.0,L,H,EC-GEN,,,,,
4900000866,0001,2023-08-25,101,SP-003,EC,CS01,5,EA,S,,,,,4500000035,00010
4900000867,0001,2023-08-25,201,SP-003,EC,CS01,1,EA,H,EC-WS,,,,,
4900000868,0001,2023-08-26,201,AC-001,EC,CS01,185.0,L,H,EC-D7,,,,,
4900000869,0001,2023-08-26,101,AC-002,EC,CS01,42,KG,S,,,,,4500000032,00010
4900000870,0001,2023-08-26,201,AC-002,EC,CS01,7.03,KG,H,EC-D7,,,,,
4900000871,0001,2023-08-26,201,AC-003,EC,CS01,7.77,L,H,EC-D6,,,,,
4900000872,0001,2023-08-26,201,FU-001,EC,CS01,92.2,L,H,EC-D1,,,,,
4900000873,0001,2023-08-26,201,FU-001,EC,CS01,87.5,L,H,EC-D2,,,,,
4900000874,0001,2023-08-26,201,FU-001,EC,CS01,154.3,L,H,EC-D3,,,,,
4900000875,0001,2023-08-26,201,FU-001,EC,CS01,158.6,L,H,EC-D4,,,,,
4900000876,0001,2023-08-26,201,FU-001,EC,CS01,115.2,L,H,EC-D5,,,,,
4900000877,0001,2023-08-26,201,FU-001,EC,CS01,126.6,L,H,EC-D6,,,,,
4900000878,0001,2023-08-26,201,FU-001,EC,CS01,102.8,L,H,EC-D7,,,,,
4900000879,0001,2023-08-26,201,FU-001,EC,CS01,607.7,L,H,EC-GEN,,,,,
4900000880,0001,2023-08-27,201,FU-001,EC,CS01,658.5,L,H,EC-GEN,,,,,
4900000881,0001,2023-08-28,201,AC-001,EC,CS01,141.2,L,H,EC-D7,,,,,
4900000882,0001,2023-08-28,201,FU-001,EC,CS01,114.5,L,H,EC-D1,,,,,
4900000883,0001,2023-08-28,201,FU-001,EC,CS01,97.1,L,H,EC-D2,,,,,
4900000884,0001,2023-08-28,201,FU-001,EC,CS01,138.2,L,H,EC-D3,,,,,
4900000885,0001,2023-08-28,201,FU-001,EC,CS01,162.5,L,H,EC-D4,,,,,
4900000886,0001,2023-08-28,201,FU-001,EC,CS01,100.3,L,H,EC-D5,,,,,
4900000887,0001,2023-08-28,201,FU-001,EC,CS01,126.4,L,H,EC-D6,,,,,
4900000888,0001,2023-08-28,201,FU-001,EC,CS01,141.6,L,H,EC-D7,,,,,
4900000889,0001,2023-08-28,201,FU-001,EC,CS01,690.0,L,H,EC-GEN,,,,,
4900000890,0001,2023-08-29,201,AC-001,EC,CS01,122.1,L,H,EC-D5,,,,,
4900000891,0001,2023-08-29,201,AC-003,EC,CS01,5.47,L,H,EC-D6,,,,,
4900000892,0001,2023-08-29,101,FU-001,EC,CS01,8000,L,S,,,,,4500000054,00010
4900000893,0001,2023-08-29,201,FU-001,EC,CS01,115.6,L,H,EC-D1,,,,,
4900000894,0001,2023-08-29,201,FU-001,EC,CS01,93.3,L,H,EC-D2,,,,,
4900000895,0001,2023-08-29,201,FU-001,EC,CS01,145.5,L,H,EC-D3,,,,,
4900000896,0001,2023-08-29,201,FU-001,EC,CS01,163.6,L,H,EC-D4,,,,,
4900000897,0001,2023-08-29,201,FU-001,EC,CS01,113.5,L,H,EC-D5,,,,,
4900000898,0001,2023-08-29,201,FU-001,EC,CS01,107.2,L,H,EC-D6,,,,,
4900000899,0001,2023-08-29,201,FU-001,EC,CS01,128.4,L,H,EC-D7,,,,,
4900000900,0001,2023-08-29,201,FU-001,EC,CS01,678.3,L,H,EC-GEN,,,,,
4900000901,0001,2023-08-29,201,SP-001,EC,CS01,1,EA,H,EC-WS,,,,,
4900000902,0001,2023-08-30,201,AC-001,EC,CS01,140.8,L,H,EC-D3,,,,,
4900000903,0001,2023-08-30,201,AC-003,EC,CS01,1.99,L,H,EC-D3,,,,,
4900000904,0001,2023-08-30,201,FU-001,EC,CS01,121.6,L,H,EC-D1,,,,,
4900000905,0001,2023-08-30,201,FU-001,EC,CS01,101.6,L,H,EC-D2,,,,,
4900000906,0001,2023-08-30,201,FU-001,EC,CS01,143.1,L,H,EC-D3,,,,,
4900000907,0001,2023-08-30,201,FU-001,EC,CS01,127.6,L,H,EC-D4,,,,,
4900000908,0001,2023-08-30,201,FU-001,EC,CS01,106.7,L,H,EC-D5,,,,,
4900000909,0001,2023-08-30,201,FU-001,EC,CS01,104.8,L,H,EC-D6,,,,,
4900000910,0001,2023-08-30,201,FU-001,EC,CS01,109.5,L,H,EC-D7,,,,,
4900000911,0001,2023-08-30,201,FU-001,EC,CS01,744.5,L,H,EC-GEN,,,,,
4900000912,0001,2023-08-30,201,SP-001,EC,CS01,1,EA,H,EC-WS,,,,,
4900000913,0001,2023-08-30,201,SP-001,EC,CS01,1,EA,H,EC-WS,,,,,
4900000914,0001,2023-08-31,201,AC-001,EC,CS01,98.6,L,H,EC-D7,,,,,
4900000915,0001,2023-08-31,201,AC-002,EC,CS01,3.96,KG,H,EC-D7,,,,,
4900000916,0001,2023-08-31,201,AC-003,EC,CS01,6.22,L,H,EC-D3,,,,,
4900000917,0001,2023-08-31,201,FU-001,EC,CS01,137.0,L,H,EC-D1,,,,,
4900000918,0001,2023-08-31,201,FU-001,EC,CS01,119.9,L,H,EC-D2,,,,,
4900000919,0001,2023-08-31,201,FU-001,EC,CS01,124.6,L,H,EC-D3,,,,,
4900000920,0001,2023-08-31,201,FU-001,EC,CS01,154.2,L,H,EC-D4,,,,,
4900000921,0001,2023-08-31,201,FU-001,EC,CS01,101.0,L,H,EC-D5,,,,,
4900000922,0001,2023-08-31,201,FU-001,EC,CS01,121.4,L,H,EC-D6,,,,,
4900000923,0001,2023-08-31,201,FU-001,EC,CS01,98.1,L,H,EC-D7,,,,,
4900000924,0001,2023-08-31,201,FU-001,EC,CS01,606.9,L,H,EC-GEN,,,,,
4900000925,0001,2023-08-31,201,SP-002,EC,CS01,1,EA,H,EC-WS,,,,,
4900000926,0001,2023-08-31,101,SP-004,EC,CS01,4,EA,S,,,,,4500000028,00010
4900000927,0001,2023-09-01,201,AC-001,EC,CS01,92.6,L,H,EC-D5,,,,,
4900000928,0001,2023-09-01,201,FU-001,EC,CS01,123.4,L,H,EC-D1,,,,,
4900000929,0001,2023-09-01,201,FU-001,EC,CS01,103.8,L,H,EC-D2,,,,,
4900000930,0001,2023-09-01,201,FU-001,EC,CS01,105.1,L,H,EC-D3,,,,,
4900000931,0001,2023-09-01,201,FU-001,EC,CS01,186.1,L,H,EC-D4,,,,,
4900000932,0001,2023-09-01,201,FU-001,EC,CS01,106.8,L,H,EC-D5,,,,,
4900000933,0001,2023-09-01,201,FU-001,EC,CS01,176.1,L,H,EC-D6,,,,,
4900000934,0001,2023-09-01,201,FU-001,EC,CS01,118.1,L,H,EC-D7,,,,,
4900000935,0001,2023-09-01,201,FU-001,EC,CS01,796.1,L,H,EC-GEN,,,,,
4900000936,0001,2023-09-01,101,SP-002,EC,CS01,5,EA,S,,,,,4500000026,00010
4900000937,0001,2023-09-01,201,SP-003,EC,CS01,1,EA,H,EC-WS,,,,,
4900000938,0001,2023-09-01,201,SP-003,EC,CS01,1,EA,H,EC-WS,,,,,
4900000939,0001,2023-09-01,201,SP-008,EC,CS01,1,EA,H,EC-WS,,,,,
4900000940,0001,2023-09-02,201,AC-001,EC,CS01,115.7,L,H,EC-D3,,,,,
4900000941,0001,2023-09-02,201,AC-002,EC,CS01,4.39,KG,H,EC-D3,,,,,
4900000942,0001,2023-09-02,201,AC-003,EC,CS01,2.05,L,H,EC-D6,,,,,
4900000943,0001,2023-09-02,201,FU-001,EC,CS01,104.0,L,H,EC-D1,,,,,
4900000944,0001,2023-09-02,201,FU-001,EC,CS01,92.2,L,H,EC-D2,,,,,
4900000945,0001,2023-09-02,201,FU-001,EC,CS01,137.9,L,H,EC-D3,,,,,
4900000946,0001,2023-09-02,201,FU-001,EC,CS01,176.0,L,H,EC-D4,,,,,
4900000947,0001,2023-09-02,201,FU-001,EC,CS01,102.0,L,H,EC-D5,,,,,
4900000948,0001,2023-09-02,201,FU-001,EC,CS01,153.4,L,H,EC-D6,,,,,
4900000949,0001,2023-09-02,201,FU-001,EC,CS01,121.3,L,H,EC-D7,,,,,
4900000950,0001,2023-09-02,201,FU-001,EC,CS01,753.7,L,H,EC-GEN,,,,,
4900000951,0001,2023-09-03,101,FU-001,EC,CS01,8000,L,S,,,,,4500000066,00010
4900000952,0001,2023-09-03,201,FU-001,EC,CS01,642.9,L,H,EC-GEN,,,,,
4900000953,0001,2023-09-04,201,AC-001,EC,CS01,112.1,L,H,EC-D4,,,,,
4900000954,0001,2023-09-04,201,AC-003,EC,CS01,1.64,L,H,EC-D7,,,,,
4900000955,0001,2023-09-04,201,FU-001,EC,CS01,112.5,L,H,EC-D1,,,,,
4900000956,0001,2023-09-04,201,FU-001,EC,CS01,109.2,L,H,EC-D2,,,,,
4900000957,0001,2023-09-04,201,FU-001,EC,CS01,117.9,L,H,EC-D3,,,,,
4900000958,0001,2023-09-04,201,FU-001,EC,CS01,141.1,L,H,EC-D4,,,,,
4900000959,0001,2023-09-04,201,FU-001,EC,CS01,107.4,L,H,EC-D5,,,,,
4900000960,0001,2023-09-04,201,FU-001,EC,CS01,123.8,L,H,EC-D6,,,,,
4900000961,0001,2023-09-04,201,FU-001,EC,CS01,112.2,L,H,EC-D7,,,,,
4900000962,0001,2023-09-04,201,FU-001,EC,CS01,624.8,L,H,EC-GEN,,,,,
4900000963,0001,2023-09-04,201,SP-003,EC,CS01,1,EA,H,EC-WS,,,,,
4900000964,0001,2023-09-04,201,SP-003,EC,CS01,1,EA,H,EC-WS,,,,,
4900000965,0001,2023-09-04,201,SP-007,EC,CS01,1,EA,H,EC-WS,,,,,
4900000966,0001,2023-09-05,201,AC-001,EC,CS01,187.2,L,H,EC-D7,,,,,
4900000967,0001,2023-09-05,201,AC-003,EC,CS01,2.21,L,H,EC-D2,,,,,
4900000968,0001,2023-09-05,201,FU-001,EC,CS01,103.3,L,H,EC-D1,,,,,
4900000969,0001,2023-09-05,201,FU-001,EC,CS01,113.6,L,H,EC-D2,,,,,
4900000970,0001,2023-09-05,201,FU-001,EC,CS01,159.2,L,H,EC-D3,,,,,
4900000971,0001,2023-09-05,201,FU-001,EC,CS01,150.5,L,H,EC-D4,,,,,
4900000972,0001,2023-09-05,201,FU-001,EC,CS01,126.3,L,H,EC-D5,,,,,
4900000973,0001,2023-09-05,201,FU-001,EC,CS01,135.5,L,H,EC-D6,,,,,
4900000974,0001,2023-09-05,201,FU-001,EC,CS01,90.9,L,H,EC-D7,,,,,
4900000975,0001,2023-09-05,201,FU-001,EC,CS01,664.8,L,H,EC-GEN,,,,,
4900000976,0001,2023-09-05,201,SP-003,EC,CS01,1,EA,H,EC-WS,,,,,
4900000977,0001,2023-09-05,201,SP-005,EC,CS01,1,EA,H,EC-WS,,,,,
4900000978,0001,2023-09-06,201,AC-001,EC,CS01,95.3,L,H,EC-D3,,,,,
4900000979,0001,2023-09-06,201,AC-003,EC,CS01,2.05,L,H,EC-D7,,,,,
4900000980,0001,2023-09-06,201,FU-001,EC,CS01,102.4,L,H,EC-D1,,,,,
4900000981,0001,2023-09-06,201,FU-001,EC,CS01,108.6,L,H,EC-D2,,,,,
4900000982,0001,2023-09-06,201,FU-001,EC,CS01,126.8,L,H,EC-D3,,,,,
4900000983,0001,2023-09-06,201,FU-001,EC,CS01,124.0,L,H,EC-D4,,,,,
4900000984,0001,2023-09-06,201,FU-001,EC,CS01,130.4,L,H,EC-D5,,,,,
4900000985,0001,2023-09-06,201,FU-001,EC,CS01,126.8,L,H,EC-D6,,,,,
4900000986,0001,2023-09-06,201,FU-001,EC,CS01,113.0,L,H,EC-D7,,,,,
4900000987,0001,2023-09-06,201,FU-001,EC,CS01,657.5,L,H,EC-GEN,,,,,
4900000988,0001,2023-09-06,201,SP-004,EC,CS01,1,EA,H,EC-WS,,,,,
4900000989,0001,2023-09-07,201,FU-001,EC,CS01,93.4,L,H,EC-D1,,,,,
4900000990,0001,2023-09-07,201,FU-001,EC,CS01,92.1,L,H,EC-D2,,,,,
4900000991,0001,2023-09-07,201,FU-001,EC,CS01,162.4,L,H,EC-D3,,,,,
4900000992,0001,2023-09-07,201,FU-001,EC,CS01,178.8,L,H,EC-D4,,,,,
4900000993,0001,2023-09-07,201,FU-001,EC,CS01,102.6,L,H,EC-D5,,,,,
4900000994,0001,2023-09-07,201,FU-001,EC,CS01,147.7,L,H,EC-D6,,,,,
4900000995,0001,2023-09-07,201,FU-001,EC,CS01,98.5,L,H,EC-D7,,,,,
4900000996,0001,2023-09-07,201,FU-001,EC,CS01,711.5,L,H,EC-GEN,,,,,
4900000997,0001,2023-09-07,201,SP-001,EC,CS01,1,EA,H,EC-WS,,,,,
4900000998,0001,2023-09-08,101,FU-001,EC,CS01,8000,L,S,,,,,4500000076,00010
4900000999,0001,2023-09-08,201,FU-001,EC,CS01,118.5,L,H,EC-D1,,,,,
4900001000,0001,2023-09-08,201,FU-001,EC,CS01,131.0,L,H,EC-D2,,,,,
4900001001,0001,2023-09-08,201,FU-001,EC,CS01,127.6,L,H,EC-D3,,,,,
4900001002,0001,2023-09-08,201,FU-001,EC,CS01,145.8,L,H,EC-D4,,,,,
4900001003,0001,2023-09-08,201,FU-001,EC,CS01,111.3,L,H,EC-D5,,,,,
4900001004,0001,2023-09-08,201,FU-001,EC,CS01,138.6,L,H,EC-D6,,,,,
4900001005,0001,2023-09-08,201,FU-001,EC,CS01,130.3,L,H,EC-D7,,,,,
4900001006,0001,2023-09-08,201,FU-001,EC,CS01,625.2,L,H,EC-GEN,,,,,
4900001007,0001,2023-09-08,201,SP-003,EC,CS01,1,EA,H,EC-WS,,,,,
4900001008,0001,2023-09-09,101,AC-003,EC,CS01,100,L,S,,,,,4500000036,00010
4900001009,0001,2023-09-09,201,AC-003,EC,CS01,0.98,L,H,EC-D1,,,,,
4900001010,0001,2023-09-09,201,FU-001,EC,CS01,98.1,L,H,EC-D1,,,,,
4900001011,0001,2023-09-09,201,FU-001,EC,CS01,108.7,L,H,EC-D2,,,,,
4900001012,0001,2023-09-09,201,FU-001,EC,CS01,144.8,L,H,EC-D3,,,,,
4900001013,0001,2023-09-09,201,FU-001,EC,CS01,124.5,L,H,EC-D4,,,,,
4900001014,0001,2023-09-09,201,FU-001,EC,CS01,90.0,L,H,EC-D5,,,,,
4900001015,0001,2023-09-09,201,FU-001,EC,CS01,135.4,L,H,EC-D6,,,,,
4900001016,0001,2023-09-09,201,FU-001,EC,CS01,134.3,L,H,EC-D7,,,,,
4900001017,0001,2023-09-09,201,FU-001,EC,CS01,599.8,L,H,EC-GEN,,,,,
4900001018,0001,2023-09-09,101,SP-001,EC,CS01,4,EA,S,,,,,4500000068,00010
4900001019,0001,2023-09-10,201,FU-001,EC,CS01,590.2,L,H,EC-GEN,,,,,
4900001020,0001,2023-09-11,201,AC-001,EC,CS01,96.0,L,H,EC-D5,,,,,
4900001021,0001,2023-09-11,201,AC-003,EC,CS01,4.99,L,H,EC-D3,,,,,
4900001022,0001,2023-09-11,201,FU-001,EC,CS01,112.8,L,H,EC-D1,,,,,
4900001023,0001,2023-09-11,201,FU-001,EC,CS01,96.5,L,H,EC-D2,,,,,
4900001024,0001,2023-09-11,201,FU-001,EC,CS01,145.4,L,H,EC-D3,,,,,
4900001025,0001,2023-09-11,201,FU-001,EC,CS01,140.2,L,H,EC-D4,,,,,
4900001026,0001,2023-09-11,201,FU-001,EC,CS01,86.7,L,H,EC-D5,,,,,
4900001027,0001,2023-09-11,201,FU-001,EC,CS01,142.8,L,H,EC-D6,,,,,
4900001028,0001,2023-09-11,201,FU-001,EC,CS01,119.3,L,H,EC-D7,,,,,
4900001029,0001,2023-09-11,201,FU-001,EC,CS01,699.3,L,H,EC-GEN,,,,,
4900001030,0001,2023-09-11,201,SP-007,EC,CS01,1,EA,H,EC-WS,,,,,
4900001031,0001,2023-09-12,201,AC-001,EC,CS01,118.7,L,H,EC-D1,,,,,
4900001032,0001,2023-09-12,201,FU-001,EC,CS01,114.8,L,H,EC-D1,,,,,
4900001033,0001,2023-09-12,201,FU-001,EC,CS01,99.8,L,H,EC-D2,,,,,
4900001034,0001,2023-09-12,201,FU-001,EC,CS01,124.3,L,H,EC-D3,,,,,
4900001035,0001,2023-09-12,201,FU-001,EC,CS01,157.8,L,H,EC-D4,,,,,
4900001036,0001,2023-09-12,201,FU-001,EC,CS01,81.0,L,H,EC-D5,,,,,
4900001037,0001,2023-09-12,201,FU-001,EC,CS01,121.2,L,H,EC-D6,,,,,
4900001038,0001,2023-09-12,201,FU-001,EC,CS01,96.6,L,H,EC-D7,,,,,
4900001039,0001,2023-09-12,201,FU-001,EC,CS01,682.1,L,H,EC-GEN,,,,,
4900001040,0001,2023-09-12,201,SP-004,EC,CS01,1,EA,H,EC-WS,,,,,
4900001041,0001,2023-09-13,201,AC-001,EC,CS01,112.2,L,H,EC-D5,,,,,
4900001042,0001,2023-09-13,201,AC-002,EC,CS01,4.42,KG,H,EC-D5,,,,,
4900001043,0001,2023-09-13,201,FU-001,EC,CS01,116.6,L,H,EC-D1,,,,,
4900001044,0001,2023-09-13,201,FU-001,EC,CS01,112.4,L,H,EC-D2,,,,,
4900001045,0001,2023-09-13,201,FU-001,EC,CS01,117.7,L,H,EC-D3,,,,,
4900001046,0001,2023-09-13,201,FU-001,EC,CS01,177.4,L,H,EC-D4,,,,,
4900001047,0001,2023-09-13,201,FU-001,EC,CS01,88.8,L,H,EC-D5,,,,,
4900001048,0001,2023-09-13,201,FU-001,EC,CS01,129.4,L,H,EC-D6,,,,,
4900001049,0001,2023-09-13,201,FU-001,EC,CS01,127.6,L,H,EC-D7,,,,,
4900001050,0001,2023-09-13,201,FU-001,EC,CS01,667.2,L,H,EC-GEN,,,,,
4900001051,0001,2023-09-13,201,SP-001,EC,CS01,1,EA,H,EC-WS,,,,,
4900001052,0001,2023-09-14,201,AC-001,EC,CS01,130.0,L,H,EC-D5,,,,,
4900001053,0001,2023-09-14,201,AC-003,EC,CS01,3.28,L,H,EC-D5,,,,,
4900001054,0001,2023-09-14,101,FU-001,EC,CS01,8000,L,S,,,,,4500000085,00010
4900001055,0001,2023-09-14,201,FU-001,EC,CS01,103.2,L,H,EC-D1,,,,,
4900001056,0001,2023-09-14,201,FU-001,EC,CS01,80.6,L,H,EC-D2,,,,,
4900001057,0001,2023-09-14,201,FU-001,EC,CS01,136.6,L,H,EC-D3,,,,,
4900001058,0001,2023-09-14,201,FU-001,EC,CS01,181.4,L,H,EC-D4,,,,,
4900001059,0001,2023-09-14,201,FU-001,EC,CS01,80.2,L,H,EC-D5,,,,,
4900001060,0001,2023-09-14,201,FU-001,EC,CS01,119.8,L,H,EC-D6,,,,,
4900001061,0001,2023-09-14,201,FU-001,EC,CS01,114.5,L,H,EC-D7,,,,,
4900001062,0001,2023-09-14,201,FU-001,EC,CS01,660.9,L,H,EC-GEN,,,,,
4900001063,0001,2023-09-15,201,AC-001,EC,CS01,105.0,L,H,EC-D1,,,,,
4900001064,0001,2023-09-15,201,FU-001,EC,CS01,108.5,L,H,EC-D1,,,,,
4900001065,0001,2023-09-15,201,FU-001,EC,CS01,108.3,L,H,EC-D2,,,,,
4900001066,0001,2023-09-15,201,FU-001,EC,CS01,122.6,L,H,EC-D3,,,,,
4900001067,0001,2023-09-15,201,FU-001,EC,CS01,145.0,L,H,EC-D4,,,,,
4900001068,0001,2023-09-15,201,FU-001,EC,CS01,111.5,L,H,EC-D5,,,,,
4900001069,0001,2023-09-15,201,FU-001,EC,CS01,141.9,L,H,EC-D6,,,,,
4900001070,0001,2023-09-15,201,FU-001,EC,CS01,139.6,L,H,EC-D7,,,,,
4900001071,0001,2023-09-15,201,FU-001,EC,CS01,731.1,L,H,EC-GEN,,,,,
4900001072,0001,2023-09-15,101,SP-007,EC,CS01,4,EA,S,,,,,4500000079,00010
4900001073,0001,2023-09-15,201,SP-007,EC,CS01,1,EA,H,EC-WS,,,,,
4900001074,0001,2023-09-16,201,AC-001,EC,CS01,112.1,L,H,EC-D6,,,,,
4900001075,0001,2023-09-16,201,AC-002,EC,CS01,4.55,KG,H,EC-D6,,,,,
4900001076,0001,2023-09-16,201,FU-001,EC,CS01,117.6,L,H,EC-D1,,,,,
4900001077,0001,2023-09-16,201,FU-001,EC,CS01,104.4,L,H,EC-D2,,,,,
4900001078,0001,2023-09-16,201,FU-001,EC,CS01,170.0,L,H,EC-D3,,,,,
4900001079,0001,2023-09-16,201,FU-001,EC,CS01,150.2,L,H,EC-D4,,,,,
4900001080,0001,2023-09-16,201,FU-001,EC,CS01,108.7,L,H,EC-D5,,,,,
4900001081,0001,2023-09-16,201,FU-001,EC,CS01,137.3,L,H,EC-D6,,,,,
4900001082,0001,2023-09-16,201,FU-001,EC,CS01,109.5,L,H,EC-D7,,,,,
4900001083,0001,2023-09-16,201,FU-001,EC,CS01,656.6,L,H,EC-GEN,,,,,
4900001084,0001,2023-09-16,201,SP-005,EC,CS01,1,EA,H,EC-WS,,,,,
4900001085,0001,2023-09-17,201,FU-001,EC,CS01,614.6,L,H,EC-GEN,,,,,
4900001086,0001,2023-09-18,201,AC-001,EC,CS01,118.2,L,H,EC-D7,,,,,
4900001087,0001,2023-09-18,201,FU-001,EC,CS01,103.7,L,H,EC-D1,,,,,
4900001088,0001,2023-09-18,201,FU-001,EC,CS01,92.0,L,H,EC-D2,,,,,
4900001089,0001,2023-09-18,201,FU-001,EC,CS01,152.8,L,H,EC-D3,,,,,
4900001090,0001,2023-09-18,201,FU-001,EC,CS01,144.2,L,H,EC-D4,,,,,
4900001091,0001,2023-09-18,201,FU-001,EC,CS01,123.0,L,H,EC-D5,,,,,
4900001092,0001,2023-09-18,201,FU-001,EC,CS01,113.0,L,H,EC-D6,,,,,
4900001093,0001,2023-09-18,201,FU-001,EC,CS01,116.9,L,H,EC-D7,,,,,
4900001094,0001,2023-09-18,201,FU-001,EC,CS01,629.6,L,H,EC-GEN,,,,,
4900001095,0001,2023-09-18,101,SP-003,EC,CS01,5,EA,S,,,,,4500000078,00010
4900001096,0001,2023-09-19,201,AC-001,EC,CS01,107.6,L,H,EC-D1,,,,,
4900001097,0001,2023-09-19,201,AC-003,EC,CS01,2.05,L,H,EC-D6,,,,,
4900001098,0001,2023-09-19,101,FU-001,EC,CS01,8000,L,S,,,,,4500000090,00010
4900001099,0001,2023-09-19,201,FU-001,EC,CS01,110.0,L,H,EC-D1,,,,,
4900001100,0001,2023-09-19,201,FU-001,EC,CS01,114.2,L,H,EC-D2,,,,,
4900001101,0001,2023-09-19,201,FU-001,EC,CS01,114.4,L,H,EC-D3,,,,,
4900001102,0001,2023-09-19,201,FU-001,EC,CS01,121.3,L,H,EC-D4,,,,,
4900001103,0001,2023-09-19,201,FU-001,EC,CS01,119.0,L,H,EC-D5,,,,,
4900001104,0001,2023-09-19,201,FU-001,EC,CS01,142.7,L,H,EC-D6,,,,,
4900001105,0001,2023-09-19,201,FU-001,EC,CS01,125.6,L,H,EC-D7,,,,,
4900001106,0001,2023-09-19,201,FU-001,EC,CS01,579.4,L,H,EC-GEN,,,,,
4900001107,0001,2023-09-19,201,SP-008,EC,CS01,1,EA,H,EC-WS,,,,,
4900001108,0001,2023-09-20,201,AC-001,EC,CS01,104.0,L,H,EC-D7,,,,,
4900001109,0001,2023-09-20,201,AC-003,EC,CS01,2.04,L,H,EC-D7,,,,,
4900001110,0001,2023-09-20,101,AC-004,EC,CS01,5,KG,S,,,,,4500000052,00010
4900001111,0001,2023-09-20,201,FU-001,EC,CS01,119.5,L,H,EC-D1,,,,,
4900001112,0001,2023-09-20,201,FU-001,EC,CS01,100.9,L,H,EC-D2,,,,,
4900001113,0001,2023-09-20,201,FU-001,EC,CS01,135.1,L,H,EC-D3,,,,,
4900001114,0001,2023-09-20,201,FU-001,EC,CS01,154.9,L,H,EC-D4,,,,,
4900001115,0001,2023-09-20,201,FU-001,EC,CS01,96.8,L,H,EC-D5,,,,,
4900001116,0001,2023-09-20,201,FU-001,EC,CS01,110.7,L,H,EC-D6,,,,,
4900001117,0001,2023-09-20,201,FU-001,EC,CS01,105.7,L,H,EC-D7,,,,,
4900001118,0001,2023-09-20,201,FU-001,EC,CS01,661.1,L,H,EC-GEN,,,,,
4900001119,0001,2023-09-21,201,AC-001,EC,CS01,97.6,L,H,EC-D4,,,,,
4900001120,0001,2023-09-21,201,AC-002,EC,CS01,4.75,KG,H,EC-D4,,,,,
4900001121,0001,2023-09-21,201,FU-001,EC,CS01,91.5,L,H,EC-D1,,,,,
4900001122,0001,2023-09-21,201,FU-001,EC,CS01,146.9,L,H,EC-D2,,,,,
4900001123,0001,2023-09-21,201,FU-001,EC,CS01,145.9,L,H,EC-D3,,,,,
4900001124,0001,2023-09-21,201,FU-001,EC,CS01,150.9,L,H,EC-D4,,,,,
4900001125,0001,2023-09-21,201,FU-001,EC,CS01,98.9,L,H,EC-D5,,,,,
4900001126,0001,2023-09-21,201,FU-001,EC,CS01,122.1,L,H,EC-D6,,,,,
4900001127,0001,2023-09-21,201,FU-001,EC,CS01,108.5,L,H,EC-D7,,,,,
4900001128,0001,2023-09-21,201,FU-001,EC,CS01,704.7,L,H,EC-GEN,,,,,
4900001129,0001,2023-09-21,201,SP-002,EC,CS01,1,EA,H,EC-WS,,,,,
4900001130,0001,2023-09-21,201,SP-004,EC,CS01,1,EA,H,EC-WS,,,,,
4900001131,0001,2023-09-21,201,SP-007,EC,CS01,1,EA,H,EC-WS,,,,,
4900001132,0001,2023-09-22,201,AC-001,EC,CS01,191.5,L,H,EC-D6,,,,,
4900001133,0001,2023-09-22,201,FU-001,EC,CS01,99.1,L,H,EC-D1,,,,,
4900001134,0001,2023-09-22,201,FU-001,EC,CS01,127.0,L,H,EC-D2,,,,,
4900001135,0001,2023-09-22,201,FU-001,EC,CS01,172.6,L,H,EC-D3,,,,,
4900001136,0001,2023-09-22,201,FU-001,EC,CS01,154.7,L,H,EC-D4,,,,,
4900001137,0001,2023-09-22,201,FU-001,EC,CS01,108.7,L,H,EC-D5,,,,,
4900001138,0001,2023-09-22,201,FU-001,EC,CS01,138.7,L,H,EC-D6,,,,,
4900001139,0001,2023-09-22,201,FU-001,EC,CS01,105.3,L,H,EC-D7,,,,,
4900001140,0001,2023-09-22,201,FU-001,EC,CS01,639.5,L,H,EC-GEN,,,,,
4900001141,0001,2023-09-22,201,SP-003,EC,CS01,1,EA,H,EC-WS,,,,,
4900001142,0001,2023-09-23,201,AC-001,EC,CS01,75.5,L,H,EC-D6,,,,,
4900001143,0001,2023-09-23,101,FE-001,EC,CS01,234800,KG,S,,,,,4500000043,00010
4900001144,0001,2023-09-23,201,FU-001,EC,CS01,119.5,L,H,EC-D1,,,,,
4900001145,0001,2023-09-23,201,FU-001,EC,CS01,100.0,L,H,EC-D2,,,,,
4900001146,0001,2023-09-23,201,FU-001,EC,CS01,126.4,L,H,EC-D3,,,,,
4900001147,0001,2023-09-23,201,FU-001,EC,CS01,118.0,L,H,EC-D4,,,,,
4900001148,0001,2023-09-23,201,FU-001,EC,CS01,108.2,L,H,EC-D5,,,,,
4900001149,0001,2023-09-23,201,FU-001,EC,CS01,130.8,L,H,EC-D6,,,,,
4900001150,0001,2023-09-23,201,FU-001,EC,CS01,137.3,L,H,EC-D7,,,,,
4900001151,0001,2023-09-23,201,FU-001,EC,CS01,690.3,L,H,EC-GEN,,,,,
4900001152,0001,2023-09-23,201,SP-008,EC,CS01,1,EA,H,EC-WS,,,,,
4900001153,0001,2023-09-24,201,FU-001,EC,CS01,597.9,L,H,EC-GEN,,,,,
4900001154,0001,2023-09-24,101,SP-001,EC,CS01,4,EA,S,,,,,4500000088,00010
4900001155,0001,2023-09-24,101,SP-002,EC,CS01,5,EA,S,,,,,4500000071,00010
4900001156,0001,2023-09-25,101,AC-001,EC,CS01,2900,L,S,,,,,4500000064,00010
4900001157,0001,2023-09-25,201,AC-001,EC,CS01,132.4,L,H,EC-D6,,,,,
4900001158,0001,2023-09-25,201,AC-002,EC,CS01,5.48,KG,H,EC-D6,,,,,
4900001159,0001,2023-09-25,101,FU-001,EC,CS01,8000,L,S,,,,,4500000095,00010
4900001160,0001,2023-09-25,201,FU-001,EC,CS01,107.8,L,H,EC-D1,,,,,
4900001161,0001,2023-09-25,201,FU-001,EC,CS01,91.0,L,H,EC-D2,,,,,
4900001162,0001,2023-09-25,201,FU-001,EC,CS01,101.4,L,H,EC-D3,,,,,
4900001163,0001,2023-09-25,201,FU-001,EC,CS01,160.4,L,H,EC-D4,,,,,
4900001164,0001,2023-09-25,201,FU-001,EC,CS01,89.7,L,H,EC-D5,,,,,
4900001165,0001,2023-09-25,201,FU-001,EC,CS01,109.0,L,H,EC-D6,,,,,
4900001166,0001,2023-09-25,201,FU-001,EC,CS01,99.5,L,H,EC-D7,,,,,
4900001167,0001,2023-09-25,201,FU-001,EC,CS01,719.8,L,H,EC-GEN,,,,,
4900001168,0001,2023-09-25,101,SP-004,EC,CS01,4,EA,S,,,,,4500000046,00010
4900001169,0001,2023-09-25,101,SP-008,EC,CS01,4,EA,S,,,,,4500000041,00010
4900001170,0001,2023-09-26,201,AC-001,EC,CS01,111.9,L,H,EC-D1,,,,,
4900001171,0001,2023-09-26,201,AC-003,EC,CS01,4.99,L,H,EC-D2,,,,,
4900001172,0001,2023-09-26,101,FE-001,EC,CS01,234800,KG,S,,,,,4500000062,00010
4900001173,0001,2023-09-26,201,FU-001,EC,CS01,102.7,L,H,EC-D1,,,,,
4900001174,0001,2023-09-26,201,FU-001,EC,CS01,111.5,L,H,EC-D2,,,,,
4900001175,0001,2023-09-26,201,FU-001,EC,CS01,124.4,L,H,EC-D3,,,,,
4900001176,0001,2023-09-26,201,FU-001,EC,CS01,173.8,L,H,EC-D4,,,,,
4900001177,0001,2023-09-26,201,FU-001,EC,CS01,121.3,L,H,EC-D5,,,,,
4900001178,0001,2023-09-26,201,FU-001,EC,CS01,144.9,L,H,EC-D6,,,,,
4900001179,0001,2023-09-26,201,FU-001,EC,CS01,125.3,L,H,EC-D7,,,,,
4900001180,0001,2023-09-26,201,FU-001,EC,CS01,642.3,L,H,EC-GEN,,,,,
4900001181,0001,2023-09-27,101,FE-004,EC,CS01,12650,KG,S,,,,,4500000037,00010
4900001182,0001,2023-09-27,201,FU-001,EC,CS01,106.1,L,H,EC-D1,,,,,
4900001183,0001,2023-09-27,201,FU-001,EC,CS01,90.1,L,H,EC-D2,,,,,
4900001184,0001,2023-09-27,201,FU-001,EC,CS01,149.0,L,H,EC-D3,,,,,
4900001185,0001,2023-09-27,201,FU-001,EC,CS01,139.6,L,H,EC-D4,,,,,
4900001186,0001,2023-09-27,201,FU-001,EC,CS01,95.1,L,H,EC-D5,,,,,
4900001187,0001,2023-09-27,201,FU-001,EC,CS01,113.4,L,H,EC-D6,,,,,
4900001188,0001,2023-09-27,201,FU-001,EC,CS01,127.5,L,H,EC-D7,,,,,
4900001189,0001,2023-09-27,201,FU-001,EC,CS01,644.5,L,H,EC-GEN,,,,,
4900001190,0001,2023-09-27,201,SP-001,EC,CS01,1,EA,H,EC-WS,,,,,
4900001191,0001,2023-09-27,201,SP-002,EC,CS01,1,EA,H,EC-WS,,,,,
4900001192,0001,2023-09-27,201,SP-004,EC,CS01,1,EA,H,EC-WS,,,,,
4900001193,0001,2023-09-27,201,SP-005,EC,CS01,1,EA,H,EC-WS,,,,,
4900001194,0001,2023-09-28,201,AC-001,EC,CS01,107.8,L,H,EC-D6,,,,,
4900001195,0001,2023-09-28,201,AC-003,EC,CS01,10.17,L,H,EC-D3,,,,,
4900001196,0001,2023-09-28,201,FU-001,EC,CS01,116.2,L,H,EC-D1,,,,,
4900001197,0001,2023-09-28,201,FU-001,EC,CS01,97.2,L,H,EC-D2,,,,,
4900001198,0001,2023-09-28,201,FU-001,EC,CS01,121.4,L,H,EC-D3,,,,,
4900001199,0001,2023-09-28,201,FU-001,EC,CS01,141.3,L,H,EC-D4,,,,,
4900001200,0001,2023-09-28,201,FU-001,EC,CS01,96.6,L,H,EC-D5,,,,,
4900001201,0001,2023-09-28,201,FU-001,EC,CS01,98.2,L,H,EC-D6,,,,,
4900001202,0001,2023-09-28,201,FU-001,EC,CS01,128.5,L,H,EC-D7,,,,,
4900001203,0001,2023-09-28,201,FU-001,EC,CS01,554.3,L,H,EC-GEN,,,,,
4900001204,0001,2023-09-28,201,SP-004,EC,CS01,1,EA,H,EC-WS,,,,,
4900001205,0001,2023-09-29,201,AC-001,EC,CS01,63.7,L,H,EC-D2,,,,,
4900001206,0001,2023-09-29,201,AC-003,EC,CS01,1.64,L,H,EC-D2,,,,,
4900001207,0001,2023-09-29,101,FE-002,EC,CS01,89950,KG,S,,,,,4500000044,00010
4900001208,0001,2023-09-29,201,FU-001,EC,CS01,119.3,L,H,EC-D1,,,,,
4900001209,0001,2023-09-29,201,FU-001,EC,CS01,92.7,L,H,EC-D2,,,,,
4900001210,0001,2023-09-29,201,FU-001,EC,CS01,153.0,L,H,EC-D3,,,,,
4900001211,0001,2023-09-29,201,FU-001,EC,CS01,148.6,L,H,EC-D4,,,,,
4900001212,0001,2023-09-29,201,FU-001,EC,CS01,106.0,L,H,EC-D5,,,,,
4900001213,0001,2023-09-29,201,FU-001,EC,CS01,123.0,L,H,EC-D6,,,,,
4900001214,0001,2023-09-29,201,FU-001,EC,CS01,135.6,L,H,EC-D7,,,,,
4900001215,0001,2023-09-29,201,FU-001,EC,CS01,625.8,L,H,EC-GEN,,,,,
4900001216,0001,2023-09-30,201,AC-001,EC,CS01,101.1,L,H,EC-D6,,,,,
4900001217,0001,2023-09-30,702,AC-001,EC,CS01,1.81,L,H,EC-STORE,,,,,
4900001218,0001,2023-09-30,201,AC-002,EC,CS01,4.6,KG,H,EC-D6,,,,,
4900001219,0001,2023-09-30,201,AC-003,EC,CS01,2.05,L,H,EC-D4,,,,,
4900001220,0001,2023-09-30,702,AC-003,EC,CS01,0.21,L,H,EC-STORE,,,,,
4900001221,0001,2023-09-30,702,AC-004,EC,CS01,0.01,KG,H,EC-STORE,,,,,
4900001222,0001,2023-09-30,701,FE-001,EC,CS01,1077.32,KG,S,EC-STORE,,,,,
4900001223,0001,2023-09-30,551,FE-002,EC,CS01,545.66,KG,H,EC-STORE,,,,,
4900001224,0001,2023-09-30,551,FE-003,EC,CS01,129.11,KG,H,EC-STORE,,,,,
4900001225,0001,2023-09-30,702,FE-004,EC,CS01,20.82,KG,H,EC-STORE,,,,,
4900001226,0001,2023-09-30,101,FU-001,EC,CS01,8000,L,S,,,,,4500000099,00010
4900001227,0001,2023-09-30,201,FU-001,EC,CS01,111.8,L,H,EC-D1,,,,,
4900001228,0001,2023-09-30,201,FU-001,EC,CS01,105.9,L,H,EC-D2,,,,,
4900001229,0001,2023-09-30,201,FU-001,EC,CS01,117.2,L,H,EC-D3,,,,,
4900001230,0001,2023-09-30,201,FU-001,EC,CS01,118.9,L,H,EC-D4,,,,,
4900001231,0001,2023-09-30,201,FU-001,EC,CS01,95.1,L,H,EC-D5,,,,,
4900001232,0001,2023-09-30,201,FU-001,EC,CS01,122.4,L,H,EC-D6,,,,,
4900001233,0001,2023-09-30,201,FU-001,EC,CS01,111.1,L,H,EC-D7,,,,,
4900001234,0001,2023-09-30,201,FU-001,EC,CS01,705.8,L,H,EC-GEN,,,,,
4900001235,0001,2023-09-30,101,SP-005,EC,CS01,4,EA,S,,,,,4500000091,00010
4900001236,0001,2023-10-01,201,FU-001,EC,CS01,652.3,L,H,EC-GEN,,,,,
4900001237,0001,2023-10-02,101,AC-002,EC,CS01,42,KG,S,,,,,4500000073,00010
4900001238,0001,2023-10-02,201,AC-003,EC,CS01,2.16,L,H,EC-D1,,,,,
4900001239,0001,2023-10-02,101,FE-003,EC,CS01,52100,KG,S,,,,,4500000067,00010
4900001240,0001,2023-10-02,201,FU-001,EC,CS01,90.8,L,H,EC-D1,,,,,
4900001241,0001,2023-10-02,201,FU-001,EC,CS01,93.1,L,H,EC-D2,,,,,
4900001242,0001,2023-10-02,201,FU-001,EC,CS01,136.6,L,H,EC-D3,,,,,
4900001243,0001,2023-10-02,201,FU-001,EC,CS01,145.3,L,H,EC-D4,,,,,
4900001244,0001,2023-10-02,201,FU-001,EC,CS01,106.9,L,H,EC-D5,,,,,
4900001245,0001,2023-10-02,201,FU-001,EC,CS01,107.9,L,H,EC-D6,,,,,
4900001246,0001,2023-10-02,201,FU-001,EC,CS01,125.8,L,H,EC-D7,,,,,
4900001247,0001,2023-10-02,201,FU-001,EC,CS01,609.2,L,H,EC-GEN,,,,,
4900001248,0001,2023-10-02,201,SP-002,EC,CS01,1,EA,H,EC-WS,,,,,
4900001249,0001,2023-10-03,201,AC-001,EC,CS01,60.0,L,H,EC-D4,,,,,
4900001250,0001,2023-10-03,101,FE-001,EC,CS01,234800,KG,S,,,,,4500000049,00010
4900001251,0001,2023-10-03,101,FE-004,EC,CS01,12650,KG,S,,,,,4500000053,00010
4900001252,0001,2023-10-03,201,FU-001,EC,CS01,107.0,L,H,EC-D1,,,,,
4900001253,0001,2023-10-03,201,FU-001,EC,CS01,94.6,L,H,EC-D2,,,,,
4900001254,0001,2023-10-03,201,FU-001,EC,CS01,119.2,L,H,EC-D3,,,,,
4900001255,0001,2023-10-03,201,FU-001,EC,CS01,159.8,L,H,EC-D4,,,,,
4900001256,0001,2023-10-03,201,FU-001,EC,CS01,124.4,L,H,EC-D5,,,,,
4900001257,0001,2023-10-03,201,FU-001,EC,CS01,129.5,L,H,EC-D6,,,,,
4900001258,0001,2023-10-03,201,FU-001,EC,CS01,107.4,L,H,EC-D7,,,,,
4900001259,0001,2023-10-03,201,FU-001,EC,CS01,619.9,L,H,EC-GEN,,,,,
4900001260,0001,2023-10-03,201,SP-001,EC,CS01,1,EA,H,EC-WS,,,,,
4900001261,0001,2023-10-03,201,SP-003,EC,CS01,1,EA,H,EC-WS,,,,,
4900001262,0001,2023-10-03,201,SP-004,EC,CS01,1,EA,H,EC-WS,,,,,
4900001263,0001,2023-10-04,201,AC-001,EC,CS01,170.5,L,H,EC-D7,,,,,
4900001264,0001,2023-10-04,201,AC-002,EC,CS01,6.69,KG,H,EC-D7,,,,,
4900001265,0001,2023-10-04,201,AC-003,EC,CS01,2.81,L,H,EC-D6,,,,,
4900001266,0001,2023-10-04,201,FU-001,EC,CS01,94.2,L,H,EC-D1,,,,,
4900001267,0001,2023-10-04,201,FU-001,EC,CS01,93.3,L,H,EC-D2,,,,,
4900001268,0001,2023-10-04,201,FU-001,EC,CS01,113.9,L,H,EC-D3,,,,,
4900001269,0001,2023-10-04,201,FU-001,EC,CS01,143.4,L,H,EC-D4,,,,,
4900001270,0001,2023-10-04,201,FU-001,EC,CS01,116.6,L,H,EC-D5,,,,,
4900001271,0001,2023-10-04,201,FU-001,EC,CS01,139.5,L,H,EC-D6,,,,,
4900001272,0001,2023-10-04,201,FU-001,EC,CS01,107.3,L,H,EC-D7,,,,,
4900001273,0001,2023-10-04,201,FU-001,EC,CS01,663.1,L,H,EC-GEN,,,,,
4900001274,0001,2023-10-04,201,SP-002,EC,CS01,1,EA,H,EC-WS,,,,,
4900001275,0001,2023-10-04,201,SP-004,EC,CS01,1,EA,H,EC-WS,,,,,
4900001276,0001,2023-10-04,201,SP-006,EC,CS01,1,EA,H,EC-WS,,,,,
4900001277,0001,2023-10-04,201,SP-007,EC,CS01,1,EA,H,EC-WS,,,,,
4900001278,0001,2023-10-05,201,AC-001,EC,CS01,86.0,L,H,EC-D5,,,,,
4900001279,0001,2023-10-05,101,FE-002,EC,CS01,89950,KG,S,,,,,4500000050,00010
4900001280,0001,2023-10-05,201,FU-001,EC,CS01,118.7,L,H,EC-D1,,,,,
4900001281,0001,2023-10-05,201,FU-001,EC,CS01,137.0,L,H,EC-D2,,,,,
4900001282,0001,2023-10-05,201,FU-001,EC,CS01,141.3,L,H,EC-D3,,,,,
4900001283,0001,2023-10-05,201,FU-001,EC,CS01,127.1,L,H,EC-D4,,,,,
4900001284,0001,2023-10-05,201,FU-001,EC,CS01,100.3,L,H,EC-D5,,,,,
4900001285,0001,2023-10-05,201,FU-001,EC,CS01,171.1,L,H,EC-D6,,,,,
4900001286,0001,2023-10-05,201,FU-001,EC,CS01,107.2,L,H,EC-D7,,,,,
4900001287,0001,2023-10-05,201,FU-001,EC,CS01,631.0,L,H,EC-GEN,,,,,
4900001288,0001,2023-10-05,201,SP-003,EC,CS01,1,EA,H,EC-WS,,,,,
4900001289,0001,2023-10-05,201,SP-006,EC,CS01,1,EA,H,EC-WS,,,,,
4900001290,0001,2023-10-05,201,SP-007,EC,CS01,1,EA,H,EC-WS,,,,,
4900001291,0001,2023-10-06,201,AC-001,EC,CS01,112.7,L,H,EC-D1,,,,,
4900001292,0001,2023-10-06,101,FE-002,EC,CS01,89950,KG,S,,,,,4500000059,00010
4900001293,0001,2023-10-06,101,FE-004,EC,CS01,12650,KG,S,,,,,4500000045,00010
4900001294,0001,2023-10-06,101,FE-004,EC,CS01,12650,KG,S,,,,,4500000065,00010
4900001295,0001,2023-10-06,201,FU-001,EC,CS01,100.4,L,H,EC-D1,,,,,
4900001296,0001,2023-10-06,201,FU-001,EC,CS01,96.2,L,H,EC-D2,,,,,
4900001297,0001,2023-10-06,201,FU-001,EC,CS01,160.7,L,H,EC-D3,,,,,
4900001298,0001,2023-10-06,201,FU-001,EC,CS01,155.3,L,H,EC-D4,,,,,
4900001299,0001,2023-10-06,201,FU-001,EC,CS01,110.5,L,H,EC-D5,,,,,
4900001300,0001,2023-10-06,201,FU-001,EC,CS01,105.7,L,H,EC-D6,,,,,
4900001301,0001,2023-10-06,201,FU-001,EC,CS01,109.8,L,H,EC-D7,,,,,
4900001302,0001,2023-10-06,201,FU-001,EC,CS01,600.1,L,H,EC-GEN,,,,,
4900001303,0001,2023-10-06,201,SP-005,EC,CS01,1,EA,H,EC-WS,,,,,
4900001304,0001,2023-10-07,201,AC-001,EC,CS01,148.6,L,H,EC-D3,,,,,
4900001305,0001,2023-10-07,201,AC-003,EC,CS01,4.25,L,H,EC-D3,,,,,
4900001306,0001,2023-10-07,101,FE-003,EC,CS01,86700,KG,S,,,,,4500000047,00010
4900001307,0001,2023-10-07,201,FU-001,EC,CS01,92.7,L,H,EC-D1,,,,,
4900001308,0001,2023-10-07,201,FU-001,EC,CS01,102.5,L,H,EC-D2,,,,,
4900001309,0001,2023-10-07,201,FU-001,EC,CS01,130.9,L,H,EC-D3,,,,,
4900001310,0001,2023-10-07,201,FU-001,EC,CS01,117.2,L,H,EC-D4,,,,,
4900001311,0001,2023-10-07,201,FU-001,EC,CS01,92.5,L,H,EC-D5,,,,,
4900001312,0001,2023-10-07,201,FU-001,EC,CS01,126.3,L,H,EC-D6,,,,,
4900001313,0001,2023-10-07,201,FU-001,EC,CS01,111.9,L,H,EC-D7,,,,,
4900001314,0001,2023-10-07,201,FU-001,EC,CS01,648.2,L,H,EC-GEN,,,,,
4900001315,0001,2023-10-07,201,SP-001,EC,CS01,1,EA,H,EC-WS,,,,,
4900001316,0001,2023-10-07,201,SP-003,EC,CS01,1,EA,H,EC-WS,,,,,
4900001317,0001,2023-10-07,201,SP-003,EC,CS01,1,EA,H,EC-WS,,,,,
4900001318,0001,2023-10-07,201,SP-007,EC,CS01,1,EA,H,EC-WS,,,,,
4900001319,0001,2023-10-08,101,FU-001,EC,CS01,8000,L,S,,,,,4500000101,00010
4900001320,0001,2023-10-08,201,FU-001,EC,CS01,586.6,L,H,EC-GEN,,,,,
4900001321,0001,2023-10-09,201,AC-001,EC,CS01,102.6,L,H,EC-D7,,,,,
4900001322,0001,2023-10-09,101,FE-002,EC,CS01,89950,KG,S,,,,,4500000070,00010
4900001323,0001,2023-10-09,101,FE-003,EC,CS01,86700,KG,S,,,,,4500000061,00010
4900001324,0001,2023-10-09,201,FU-001,EC,CS01,89.7,L,H,EC-D1,,,,,
4900001325,0001,2023-10-09,201,FU-001,EC,CS01,90.4,L,H,EC-D2,,,,,
4900001326,0001,2023-10-09,201,FU-001,EC,CS01,122.1,L,H,EC-D3,,,,,
4900001327,0001,2023-10-09,201,FU-001,EC,CS01,136.1,L,H,EC-D4,,,,,
4900001328,0001,2023-10-09,201,FU-001,EC,CS01,103.7,L,H,EC-D5,,,,,
4900001329,0001,2023-10-09,201,FU-001,EC,CS01,127.7,L,H,EC-D6,,,,,
4900001330,0001,2023-10-09,201,FU-001,EC,CS01,136.9,L,H,EC-D7,,,,,
4900001331,0001,2023-10-09,201,FU-001,EC,CS01,623.2,L,H,EC-GEN,,,,,
4900001332,0001,2023-10-09,201,SP-002,EC,CS01,1,EA,H,EC-WS,,,,,
4900001333,0001,2023-10-10,201,AC-001,EC,CS01,61.7,L,H,EC-D4,,,,,
4900001334,0001,2023-10-10,201,AC-003,EC,CS01,5.66,L,H,EC-D6,,,,,
4900001335,0001,2023-10-10,101,FU-001,EC,CS01,8000,L,S,,,,,4500000107,00010
4900001336,0001,2023-10-10,201,FU-001,EC,CS01,109.0,L,H,EC-D1,,,,,
4900001337,0001,2023-10-10,201,FU-001,EC,CS01,87.3,L,H,EC-D2,,,,,
4900001338,0001,2023-10-10,201,FU-001,EC,CS01,126.8,L,H,EC-D3,,,,,
4900001339,0001,2023-10-10,201,FU-001,EC,CS01,172.7,L,H,EC-D4,,,,,
4900001340,0001,2023-10-10,201,FU-001,EC,CS01,104.0,L,H,EC-D5,,,,,
4900001341,0001,2023-10-10,201,FU-001,EC,CS01,148.0,L,H,EC-D6,,,,,
4900001342,0001,2023-10-10,201,FU-001,EC,CS01,113.1,L,H,EC-D7,,,,,
4900001343,0001,2023-10-10,201,FU-001,EC,CS01,622.5,L,H,EC-GEN,,,,,
4900001344,0001,2023-10-10,201,SP-007,EC,CS01,1,EA,H,EC-WS,,,,,
4900001345,0001,2023-10-11,201,AC-001,EC,CS01,167.1,L,H,EC-D6,,,,,
4900001346,0001,2023-10-11,201,FU-001,EC,CS01,93.3,L,H,EC-D1,,,,,
4900001347,0001,2023-10-11,201,FU-001,EC,CS01,95.7,L,H,EC-D2,,,,,
4900001348,0001,2023-10-11,201,FU-001,EC,CS01,158.3,L,H,EC-D3,,,,,
4900001349,0001,2023-10-11,201,FU-001,EC,CS01,163.0,L,H,EC-D4,,,,,
4900001350,0001,2023-10-11,201,FU-001,EC,CS01,97.5,L,H,EC-D5,,,,,
4900001351,0001,2023-10-11,201,FU-001,EC,CS01,171.0,L,H,EC-D6,,,,,
4900001352,0001,2023-10-11,201,FU-001,EC,CS01,94.9,L,H,EC-D7,,,,,
4900001353,0001,2023-10-11,201,FU-001,EC,CS01,559.2,L,H,EC-GEN,,,,,
4900001354,0001,2023-10-12,201,AC-001,EC,CS01,143.0,L,H,EC-D3,,,,,
4900001355,0001,2023-10-12,201,AC-003,EC,CS01,1.82,L,H,EC-D4,,,,,
4900001356,0001,2023-10-12,101,FE-003,EC,CS01,86700,KG,S,,,,,4500000082,00010
4900001357,0001,2023-10-12,201,FU-001,EC,CS01,112.5,L,H,EC-D1,,,,,
4900001358,0001,2023-10-12,201,FU-001,EC,CS01,84.1,L,H,EC-D2,,,,,
4900001359,0001,2023-10-12,201,FU-001,EC,CS01,159.6,L,H,EC-D3,,,,,
4900001360,0001,2023-10-12,201,FU-001,EC,CS01,148.0,L,H,EC-D4,,,,,
4900001361,0001,2023-10-12,201,FU-001,EC,CS01,106.6,L,H,EC-D5,,,,,
4900001362,0001,2023-10-12,201,FU-001,EC,CS01,105.9,L,H,EC-D6,,,,,
4900001363,0001,2023-10-12,201,FU-001,EC,CS01,105.4,L,H,EC-D7,,,,,
4900001364,0001,2023-10-12,201,FU-001,EC,CS01,717.5,L,H,EC-GEN,,,,,
4900001365,0001,2023-10-12,201,SP-002,EC,CS01,1,EA,H,EC-WS,,,,,
4900001366,0001,2023-10-12,201,SP-004,EC,CS01,1,EA,H,EC-WS,,,,,
4900001367,0001,2023-10-13,201,AC-001,EC,CS01,156.3,L,H,EC-D7,,,,,
4900001368,0001,2023-10-13,201,AC-003,EC,CS01,5.02,L,H,EC-D4,,,,,
4900001369,0001,2023-10-13,101,FE-002,EC,CS01,89950,KG,S,,,,,4500000081,00010
4900001370,0001,2023-10-13,201,FU-001,EC,CS01,115.7,L,H,EC-D1,,,,,
4900001371,0001,2023-10-13,201,FU-001,EC,CS01,95.5,L,H,EC-D2,,,,,
4900001372,0001,2023-10-13,201,FU-001,EC,CS01,156.8,L,H,EC-D3,,,,,
4900001373,0001,2023-10-13,201,FU-001,EC,CS01,150.2,L,H,EC-D4,,,,,
4900001374,0001,2023-10-13,201,FU-001,EC,CS01,106.2,L,H,EC-D5,,,,,
4900001375,0001,2023-10-13,201,FU-001,EC,CS01,147.6,L,H,EC-D6,,,,,
4900001376,0001,2023-10-13,201,FU-001,EC,CS01,104.0,L,H,EC-D7,,,,,
4900001377,0001,2023-10-13,201,FU-001,EC,CS01,652.3,L,H,EC-GEN,,,,,
4900001378,0001,2023-10-13,201,SP-002,EC,CS01,1,EA,H,EC-WS,,,,,
4900001379,0001,2023-10-13,101,SP-003,EC,CS01,5,EA,S,,,,,4500000102,00010
4900001380,0001,2023-10-14,201,AC-001,EC,CS01,135.9,L,H,EC-D2,,,,,
4900001381,0001,2023-10-14,101,FE-001,EC,CS01,234800,KG,S,,,,,4500000058,00010
4900001382,0001,2023-10-14,101,FE-003,EC,CS01,34600,KG,S,,,,,4500000067,00010
4900001383,0001,2023-10-14,201,FU-001,EC,CS01,89.8,L,H,EC-D1,,,,,
4900001384,0001,2023-10-14,201,FU-001,EC,CS01,65.5,L,H,EC-D2,,,,,
4900001385,0001,2023-10-14,201,FU-001,EC,CS01,113.4,L,H,EC-D3,,,,,
4900001386,0001,2023-10-14,201,FU-001,EC,CS01,155.4,L,H,EC-D4,,,,,
4900001387,0001,2023-10-14,201,FU-001,EC,CS01,113.6,L,H,EC-D5,,,,,
4900001388,0001,2023-10-14,201,FU-001,EC,CS01,129.9,L,H,EC-D6,,,,,
4900001389,0001,2023-10-14,201,FU-001,EC,CS01,139.4,L,H,EC-D7,,,,,
4900001390,0001,2023-10-14,201,FU-001,EC,CS01,650.4,L,H,EC-GEN,,,,,
4900001391,0001,2023-10-14,201,SP-007,EC,CS01,1,EA,H,EC-WS,,,,,
4900001392,0001,2023-10-15,201,FE-001,EC,CS01,2195.1,KG,H,EC-D1,,1,0000000001,,
4900001393,0001,2023-10-15,201,FE-001,EC,CS01,5475.1,KG,H,EC-D1,,3,0000000009,,
4900001394,0001,2023-10-15,201,FE-001,EC,CS01,9116.2,KG,H,EC-D1,,14,0000000053,,
4900001395,0001,2023-10-15,201,FE-001,EC,CS01,13125.0,KG,H,EC-D1,,21,0000000081,,
4900001396,0001,2023-10-15,201,FE-001,EC,CS01,13141.9,KG,H,EC-D1,,23,0000000089,,
4900001397,0001,2023-10-15,201,FE-001,EC,CS01,11338.5,KG,H,EC-D1,,26,0000000101,,
4900001398,0001,2023-10-15,201,FE-001,EC,CS01,11780.4,KG,H,EC-D1,,27,0000000105,,
4900001399,0001,2023-10-15,201,FE-001,EC,CS01,14403.6,KG,H,EC-D1,,32,0000000125,,
4900001400,0001,2023-10-15,201,FE-001,EC,CS01,11616.4,KG,H,EC-D1,,36,0000000141,,
4900001401,0001,2023-10-15,201,FE-001,EC,CS01,10364.5,KG,H,EC-D1,,38,0000000149,,
4900001402,0001,2023-10-15,201,FE-001,EC,CS01,11392.8,KG,H,EC-D2,,52,0000000201,,
4900001403,0001,2023-10-15,201,FE-001,EC,CS01,15686.4,KG,H,EC-D2,,54,0000000209,,
4900001404,0001,2023-10-15,201,FE-001,EC,CS01,12583.3,KG,H,EC-D2,,56,0000000217,,
4900001405,0001,2023-10-15,201,FE-001,EC,CS01,10050.5,KG,H,EC-D2,,57,0000000221,,
4900001406,0001,2023-10-15,201,FE-001,EC,CS01,6545.4,KG,H,EC-D2,,65,0000000249,,
4900001407,0001,2023-10-15,201,FE-001,EC,CS01,7533.1,KG,H,EC-D2,,68,0000000261,,
4900001408,0001,2023-10-15,201,FE-001,EC,CS01,5101.8,KG,H,EC-D2,,71,0000000273,,
4900001409,0001,2023-10-15,201,FE-001,EC,CS01,13738.7,KG,H,EC-D2,,73,0000000281,,
4900001410,0001,2023-10-15,201,FE-001,EC,CS01,11325.5,KG,H,EC-D2,,74,0000000285,,
4900001411,0001,2023-10-15,201,FE-001,EC,CS01,9443.4,KG,H,EC-D3,,77,0000000301,,
4900001412,0001,2023-10-15,201,FE-001,EC,CS01,13862.0,KG,H,EC-D3,,78,0000000305,,
4900001413,0001,2023-10-15,201,FE-001,EC,CS01,3086.6,KG,H,EC-D3,,81,0000000317,,
4900001414,0001,2023-10-15,201,FE-001,EC,CS01,1193.1,KG,H,EC-D3,,82,0000000321,,
4900001415,0001,2023-10-15,201,FE-001,EC,CS01,11722.3,KG,H,EC-D3,,84,0000000329,,
4900001416,0001,2023-10-15,201,FE-001,EC,CS01,11740.8,KG,H,EC-D3,,86,0000000337,,
4900001417,0001,2023-10-15,201,FE-001,EC,CS01,6124.3,KG,H,EC-D3,,91,0000000357,,
4900001418,0001,2023-10-15,201,FE-001,EC,CS01,11498.0,KG,H,EC-D3,,98,0000000385,,
4900001419,0001,2023-10-15,201,FE-001,EC,CS01,19291.4,KG,H,EC-D3,,101,0000000397,,
4900001420,0001,2023-10-15,201,FE-001,EC,CS01,11326.0,KG,H,EC-D3,,102,0000000401,,
4900001421,0001,2023-10-15,201,FE-001,EC,CS01,13112.7,KG,H,EC-D3,,103,0000000405,,
4900001422,0001,2023-10-15,201,FE-001,EC,CS01,11646.3,KG,H,EC-D3,,104,0000000409,,
4900001423,0001,2023-10-15,201,FE-001,EC,CS01,14394.2,KG,H,EC-D3,,108,0000000425,,
4900001424,0001,2023-10-15,201,FE-001,EC,CS01,10607.7,KG,H,EC-D3,,110,0000000433,,
4900001425,0001,2023-10-15,201,FE-001,EC,CS01,7798.0,KG,H,EC-D3,,115,0000000453,,
4900001426,0001,2023-10-15,201,FE-001,EC,CS01,6417.6,KG,H,EC-D3,,116,0000000457,,
4900001427,0001,2023-10-15,201,FE-001,EC,CS01,1694.9,KG,H,EC-D3,,119,0000000469,,
4900001428,0001,2023-10-15,201,FE-001,EC,CS01,1248.9,KG,H,EC-D3,,369,0000000481,,
4900001429,0001,2023-10-15,201,FE-001,EC,CS01,774.4,KG,H,EC-D3,,370,0000000485,,
4900001430,0001,2023-10-15,201,FE-001,EC,CS01,7517.8,KG,H,EC-D4,,129,0000000517,,
4900001431,0001,2023-10-15,201,FE-001,EC,CS01,13666.9,KG,H,EC-D4,,130,0000000521,,
4900001432,0001,2023-10-15,201,FE-001,EC,CS01,15682.5,KG,H,EC-D4,,138,0000000553,,
4900001433,0001,2023-10-15,201,FE-001,EC,CS01,4308.0,KG,H,EC-D4,,139,0000000557,,
4900001434,0001,2023-10-15,201,FE-001,EC,CS01,14007.7,KG,H,EC-D4,,148,0000000593,,
4900001435,0001,2023-10-15,201,FE-001,EC,CS01,13110.6,KG,H,EC-D4,,149,0000000597,,
4900001436,0001,2023-10-15,201,FE-001,EC,CS01,15142.5,KG,H,EC-D4,,151,0000000605,,
4900001437,0001,2023-10-15,201,FE-001,EC,CS01,4074.0,KG,H,EC-D4,,155,0000000621,,
4900001438,0001,2023-10-15,201,FE-001,EC,CS01,13641.5,KG,H,EC-D4,,158,0000000633,,
4900001439,0001,2023-10-15,201,FE-001,EC,CS01,17623.9,KG,H,EC-D4,,160,0000000641,,
4900001440,0001,2023-10-15,201,FE-001,EC,CS01,9919.3,KG,H,EC-D5,,170,0000000669,,
4900001441,0001,2023-10-15,201,FE-001,EC,CS01,8219.3,KG,H,EC-D5,,171,0000000673,,
4900001442,0001,2023-10-15,201,FE-001,EC,CS01,9578.3,KG,H,EC-D5,,172,0000000677,,
4900001443,0001,2023-10-15,201,FE-001,EC,CS01,4119.6,KG,H,EC-D5,,174,0000000685,,
4900001444,0001,2023-10-15,201,FE-001,EC,CS01,10328.9,KG,H,EC-D5,,177,0000000693,,
4900001445,0001,2023-10-15,201,FE-001,EC,CS01,9324.6,KG,H,EC-D5,,182,0000000713,,
4900001446,0001,2023-10-15,201,FE-001,EC,CS01,10972.1,KG,H,EC-D5,,186,0000000725,,
4900001447,0001,2023-10-15,201,FE-001,EC,CS01,14098.2,KG,H,EC-D5,,195,0000000757,,
4900001448,0001,2023-10-15,201,FE-001,EC,CS01,6107.8,KG,H,EC-D5,,199,0000000773,,
4900001449,0001,2023-10-15,201,FE-001,EC,CS01,909.4,KG,H,EC-D5,,373,0000000789,,
4900001450,0001,2023-10-15,201,FE-001,EC,CS01,7788.6,KG,H,EC-D6,,212,0000000829,,
4900001451,0001,2023-10-15,201,FE-001,EC,CS01,13635.9,KG,H,EC-D6,,213,0000000833,,
4900001452,0001,2023-10-15,201,FE-001,EC,CS01,12437.5,KG,H,EC-D6,,230,0000000857,,
4900001453,0001,2023-10-15,201,FE-001,EC,CS01,11988.6,KG,H,EC-D6,,245,0000000861,,
4900001454,0001,2023-10-15,201,FE-001,EC,CS01,11505.8,KG,H,EC-D6,,249,0000000877,,
4900001455,0001,2023-10-15,201,FE-001,EC,CS01,11686.1,KG,H,EC-D6,,250,0000000881,,
4900001456,0001,2023-10-15,201,FE-001,EC,CS01,10200.7,KG,H,EC-D6,,252,0000000889,,
4900001457,0001,2023-10-15,201,FE-001,EC,CS01,5399.4,KG,H,EC-D6,,254,0000000897,,
4900001458,0001,2023-10-15,201,FE-001,EC,CS01,11803.9,KG,H,EC-D6,,257,0000000909,,
4900001459,0001,2023-10-15,201,FE-001,EC,CS01,5538.1,KG,H,EC-D6,,260,0000000921,,
4900001460,0001,2023-10-15,201,FE-001,EC,CS01,6982.7,KG,H,EC-D6,,268,0000000953,,
4900001461,0001,2023-10-15,201,FE-001,EC,CS01,3562.9,KG,H,EC-D7,,295,0000001013,,
4900001462,0001,2023-10-15,201,FE-001,EC,CS01,6572.3,KG,H,EC-D7,,296,0000001017,,
4900001463,0001,2023-10-15,201,FE-001,EC,CS01,10047.7,KG,H,EC-D7,,298,0000001025,,
4900001464,0001,2023-10-15,201,FE-001,EC,CS01,13009.5,KG,H,EC-D7,,299,0000001029,,
4900001465,0001,2023-10-15,201,FE-001,EC,CS01,10373.7,KG,H,EC-D7,,300,0000001033,,
4900001466,0001,2023-10-15,201,FE-001,EC,CS01,9885.5,KG,H,EC-D7,,302,0000001041,,
4900001467,0001,2023-10-15,201,FE-001,EC,CS01,7501.0,KG,H,EC-D7,,306,0000001057,,
4900001468,0001,2023-10-15,201,FE-001,EC,CS01,5068.4,KG,H,EC-D7,,307,0000001061,,
4900001469,0001,2023-10-15,201,FE-001,EC,CS01,7725.6,KG,H,EC-D7,,309,0000001069,,
4900001470,0001,2023-10-15,201,FE-001,EC,CS01,10007.2,KG,H,EC-D7,,310,0000001073,,
4900001471,0001,2023-10-15,201,FE-001,EC,CS01,14500.0,KG,H,EC-D7,,311,0000001077,,
4900001472,0001,2023-10-15,201,FE-001,EC,CS01,5142.7,KG,H,EC-D7,,329,0000001085,,
4900001473,0001,2023-10-15,201,FE-001,EC,CS01,10131.1,KG,H,EC-D7,,334,0000001105,,
4900001474,0001,2023-10-15,201,FE-001,EC,CS01,8635.8,KG,H,EC-D7,,338,0000001121,,
4900001475,0001,2023-10-15,201,FE-001,EC,CS01,11416.4,KG,H,EC-D7,,341,0000001133,,
4900001476,0001,2023-10-15,201,FE-001,EC,CS01,14242.3,KG,H,EC-D7,,342,0000001137,,
4900001477,0001,2023-10-15,201,FE-001,EC,CS01,8053.1,KG,H,EC-D7,,348,0000001161,,
4900001478,0001,2023-10-15,201,FE-002,EC,CS01,2694.2,KG,H,EC-D1,,18,0000000070,,
4900001479,0001,2023-10-15,201,FE-002,EC,CS01,3583.4,KG,H,EC-D1,,22,0000000086,,
4900001480,0001,2023-10-15,201,FE-002,EC,CS01,2994.9,KG,H,EC-D1,,25,0000000098,,
4900001481,0001,2023-10-15,201,FE-002,EC,CS01,3205.4,KG,H,EC-D1,,27,0000000106,,
4900001482,0001,2023-10-15,201,FE-002,EC,CS01,3102.0,KG,H,EC-D1,,36,0000000142,,
4900001483,0001,2023-10-15,201,FE-002,EC,CS01,3803.4,KG,H,EC-D1,,37,0000000146,,
4900001484,0001,2023-10-15,201,FE-002,EC,CS01,2852.5,KG,H,EC-D2,,41,0000000162,,
4900001485,0001,2023-10-15,201,FE-002,EC,CS01,2635.6,KG,H,EC-D2,,43,0000000170,,
4900001486,0001,2023-10-15,201,FE-002,EC,CS01,2605.8,KG,H,EC-D2,,45,0000000178,,
4900001487,0001,2023-10-15,201,FE-002,EC,CS01,2504.0,KG,H,EC-D2,,49,0000000190,,
4900001488,0001,2023-10-15,201,FE-002,EC,CS01,3104.3,KG,H,EC-D2,,51,0000000198,,
4900001489,0001,2023-10-15,201,FE-002,EC,CS01,2276.3,KG,H,EC-D2,,54,0000000210,,
4900001490,0001,2023-10-15,201,FE-002,EC,CS01,3298.4,KG,H,EC-D2,,57,0000000222,,
4900001491,0001,2023-10-15,201,FE-002,EC,CS01,3190.8,KG,H,EC-D2,,58,0000000226,,
4900001492,0001,2023-10-15,201,FE-002,EC,CS01,2083.6,KG,H,EC-D2,,64,0000000246,,
4900001493,0001,2023-10-15,201,FE-002,EC,CS01,1838.2,KG,H,EC-D2,,65,0000000250,,
4900001494,0001,2023-10-15,201,FE-002,EC,CS01,3361.8,KG,H,EC-D2,,67,0000000258,,
4900001495,0001,2023-10-15,201,FE-002,EC,CS01,2863.7,KG,H,EC-D2,,72,0000000278,,
4900001496,0001,2023-10-15,201,FE-002,EC,CS01,1923.2,KG,H,EC-D2,,382,0000000290,,
4900001497,0001,2023-10-15,201,FE-002,EC,CS01,2643.8,KG,H,EC-D3,,90,0000000354,,
4900001498,0001,2023-10-15,201,FE-002,EC,CS01,1725.9,KG,H,EC-D3,,91,0000000358,,
4900001499,0001,2023-10-15,201,FE-002,EC,CS01,2301.3,KG,H,EC-D3,,97,0000000382,,
4900001500,0001,2023-10-15,201,FE-002,EC,CS01,3035.8,KG,H,EC-D3,,98,0000000386,,
4900001501,0001,2023-10-15,201,FE-002,EC,CS01,3747.6,KG,H,EC-D3,,101,0000000398,,
4900001502,0001,2023-10-15,201,FE-002,EC,CS01,2663.3,KG,H,EC-D3,,102,0000000402,,
4900001503,0001,2023-10-15,201,FE-002,EC,CS01,1744.1,KG,H,EC-D3,,103,0000000406,,
4900001504,0001,2023-10-15,201,FE-002,EC,CS01,1056.3,KG,H,EC-D3,,106,0000000418,,
4900001505,0001,2023-10-15,201,FE-002,EC,CS01,2966.5,KG,H,EC-D3,,107,0000000422,,
4900001506,0001,2023-10-15,201,FE-002,EC,CS01,3183.5,KG,H,EC-D3,,109,0000000430,,
4900001507,0001,2023-10-15,201,FE-002,EC,CS01,744.4,KG,H,EC-D3,,117,0000000462,,
4900001508,0001,2023-10-15,201,FE-002,EC,CS01,837.1,KG,H,EC-D3,,118,0000000466,,
4900001509,0001,2023-10-15,201,FE-002,EC,CS01,731.5,KG,H,EC-D4,,125,0000000502,,
4900001510,0001,2023-10-15,201,FE-002,EC,CS01,4224.4,KG,H,EC-D4,,132,0000000530,,
4900001511,0001,2023-10-15,201,FE-002,EC,CS01,4053.3,KG,H,EC-D4,,134,0000000538,,
4900001512,0001,2023-10-15,201,FE-002,EC,CS01,4471.6,KG,H,EC-D4,,138,0000000554,,
4900001513,0001,2023-10-15,201,FE-002,EC,CS01,2849.8,KG,H,EC-D4,,139,0000000558,,
4900001514,0001,2023-10-15,201,FE-002,EC,CS01,2427.7,KG,H,EC-D4,,143,0000000574,,
4900001515,0001,2023-10-15,201,FE-002,EC,CS01,4023.9,KG,H,EC-D4,,145,0000000582,,
4900001516,0001,2023-10-15,201,FE-002,EC,CS01,2766.8,KG,H,EC-D4,,146,0000000586,,
4900001517,0001,2023-10-15,201,FE-002,EC,CS01,2697.0,KG,H,EC-D4,,149,0000000598,,
4900001518,0001,2023-10-15,201,FE-002,EC,CS01,2205.0,KG,H,EC-D4,,151,0000000606,,
4900001519,0001,2023-10-15,201,FE-002,EC,CS01,3537.6,KG,H,EC-D4,,153,0000000614,,
4900001520,0001,2023-10-15,201,FE-002,EC,CS01,195.2,KG,H,EC-D4,,154,0000000618,,
4900001521,0001,2023-10-15,201,FE-002,EC,CS01,4142.6,KG,H,EC-D4,,158,0000000634,,
4900001522,0001,2023-10-15,201,FE-002,EC,CS01,2802.0,KG,H,EC-D4,,159,0000000638,,
4900001523,0001,2023-10-15,201,FE-002,EC,CS01,3196.9,KG,H,EC-D4,,160,0000000642,,
4900001524,0001,2023-10-15,201,FE-002,EC,CS01,2538.2,KG,H,EC-D5,,170,0000000670,,
4900001525,0001,2023-10-15,201,FE-002,EC,CS01,2272.2,KG,H,EC-D5,,172,0000000678,,
4900001526,0001,2023-10-15,201,FE-002,EC,CS01,3000.6,KG,H,EC-D5,,180,0000000706,,
4900001527,0001,2023-10-15,201,FE-002,EC,CS01,3375.3,KG,H,EC-D5,,188,0000000734,,
4900001528,0001,2023-10-15,201,FE-002,EC,CS01,3013.6,KG,H,EC-D5,,197,0000000766,,
4900001529,0001,2023-10-15,201,FE-002,EC,CS01,287.6,KG,H,EC-D5,,373,0000000790,,
4900001530,0001,2023-10-15,201,FE-002,EC,CS01,4669.5,KG,H,EC-D6,,203,0000000794,,
4900001531,0001,2023-10-15,201,FE-002,EC,CS01,2607.2,KG,H,EC-D6,,207,0000000810,,
4900001532,0001,2023-10-15,201,FE-002,EC,CS01,3195.1,KG,H,EC-D6,,208,0000000814,,
4900001533,0001,2023-10-15,201,FE-002,EC,CS01,2529.9,KG,H,EC-D6,,214,0000000838,,
4900001534,0001,2023-10-15,201,FE-002,EC,CS01,2351.0,KG,H,EC-D6,,246,0000000866,,
4900001535,0001,2023-10-15,201,FE-002,EC,CS01,2785.4,KG,H,EC-D6,,251,0000000886,,
4900001536,0001,2023-10-15,201,FE-002,EC,CS01,2218.0,KG,H,EC-D6,,257,0000000910,,
4900001537,0001,2023-10-15,201,FE-002,EC,CS01,1053.1,KG,H,EC-D6,,260,0000000922,,
4900001538,0001,2023-10-15,201,FE-002,EC,CS01,1874.8,KG,H,EC-D6,,261,0000000926,,
4900001539,0001,2023-10-15,201,FE-002,EC,CS01,3494.6,KG,H,EC-D6,,262,0000000930,,
4900001540,0001,2023-10-15,201,FE-002,EC,CS01,2313.8,KG,H,EC-D6,,266,0000000946,,
4900001541,0001,2023-10-15,201,FE-002,EC,CS01,3614.2,KG,H,EC-D6,,379,0000000974,,
4900001542,0001,2023-10-15,201,FE-002,EC,CS01,2187.0,KG,H,EC-D7,,292,0000001002,,
4900001543,0001,2023-10-15,201,FE-002,EC,CS01,1193.2,KG,H,EC-D7,,295,0000001014,,
4900001544,0001,2023-10-15,201,FE-002,EC,CS01,1651.4,KG,H,EC-D7,,300,0000001034,,
4900001545,0001,2023-10-15,201,FE-002,EC,CS01,1223.9,KG,H,EC-D7,,301,0000001038,,
4900001546,0001,2023-10-15,201,FE-002,EC,CS01,3246.0,KG,H,EC-D7,,302,0000001042,,
4900001547,0001,2023-10-15,201,FE-002,EC,CS01,2538.9,KG,H,EC-D7,,305,0000001054,,
4900001548,0001,2023-10-15,201,FE-002,EC,CS01,2084.4,KG,H,EC-D7,,333,0000001102,,
4900001549,0001,2023-10-15,201,FE-002,EC,CS01,2195.2,KG,H,EC-D7,,334,0000001106,,
4900001550,0001,2023-10-15,201,FE-002,EC,CS01,3503.7,KG,H,EC-D7,,340,0000001130,,
4900001551,0001,2023-10-15,201,FE-002,EC,CS01,3307.0,KG,H,EC-D7,,342,0000001138,,
4900001552,0001,2023-10-15,201,FE-002,EC,CS01,2147.1,KG,H,EC-D7,,346,0000001154,,
4900001553,0001,2023-10-15,201,FE-002,EC,CS01,2599.9,KG,H,EC-D7,,347,0000001158,,
4900001554,0001,2023-10-15,201,FE-002,EC,CS01,2775.0,KG,H,EC-D7,,348,0000001162,,
4900001555,0001,2023-10-15,201,FE-003,EC,CS01,1492.7,KG,H,EC-D1,,2,0000000007,,
4900001556,0001,2023-10-15,201,FE-003,EC,CS01,990.0,KG,H,EC-D1,,4,0000000015,,
4900001557,0001,2023-10-15,201,FE-003,EC,CS01,1760.9,KG,H,EC-D1,,13,0000000051,,
4900001558,0001,2023-10-15,201,FE-003,EC,CS01,1636.2,KG,H,EC-D1,,19,0000000075,,
4900001559,0001,2023-10-15,201,FE-003,EC,CS01,2309.5,KG,H,EC-D1,,21,0000000083,,
4900001560,0001,2023-10-15,201,FE-003,EC,CS01,803.8,KG,H,EC-D1,,24,0000000095,,
4900001561,0001,2023-10-15,201,FE-003,EC,CS01,2083.4,KG,H,EC-D1,,27,0000000107,,
4900001562,0001,2023-10-15,201,FE-003,EC,CS01,2525.4,KG,H,EC-D1,,29,0000000115,,
4900001563,0001,2023-10-15,201,FE-003,EC,CS01,2650.6,KG,H,EC-D1,,37,0000000147,,
4900001564,0001,2023-10-15,201,FE-003,EC,CS01,2458.8,KG,H,EC-D2,,45,0000000179,,
4900001565,0001,2023-10-15,201,FE-003,EC,CS01,1043.0,KG,H,EC-D2,,50,0000000195,,
4900001566,0001,2023-10-15,201,FE-003,EC,CS01,2387.9,KG,H,EC-D2,,51,0000000199,,
4900001567,0001,2023-10-15,201,FE-003,EC,CS01,2593.1,KG,H,EC-D2,,55,0000000215,,
4900001568,0001,2023-10-15,201,FE-003,EC,CS01,2403.3,KG,H,EC-D2,,57,0000000223,,
4900001569,0001,2023-10-15,201,FE-003,EC,CS01,1740.4,KG,H,EC-D2,,60,0000000235,,
4900001570,0001,2023-10-15,201,FE-003,EC,CS01,1396.7,KG,H,EC-D2,,64,0000000247,,
4900001571,0001,2023-10-15,201,FE-003,EC,CS01,2000.5,KG,H,EC-D2,,67,0000000259,,
4900001572,0001,2023-10-15,201,FE-003,EC,CS01,2691.1,KG,H,EC-D2,,382,0000000291,,
4900001573,0001,2023-10-15,201,FE-003,EC,CS01,1382.9,KG,H,EC-D3,,77,0000000303,,
4900001574,0001,2023-10-15,201,FE-003,EC,CS01,722.0,KG,H,EC-D3,,80,0000000315,,
4900001575,0001,2023-10-15,201,FE-003,EC,CS01,3160.5,KG,H,EC-D3,,83,0000000327,,
4900001576,0001,2023-10-15,201,FE-003,EC,CS01,2440.4,KG,H,EC-D3,,84,0000000331,,
4900001577,0001,2023-10-15,201,FE-003,EC,CS01,1525.3,KG,H,EC-D3,,85,0000000335,,
4900001578,0001,2023-10-15,201,FE-003,EC,CS01,3389.3,KG,H,EC-D3,,86,0000000339,,
4900001579,0001,2023-10-15,201,FE-003,EC,CS01,1728.3,KG,H,EC-D3,,88,0000000347,,
4900001580,0001,2023-10-15,201,FE-003,EC,CS01,1560.4,KG,H,EC-D3,,94,0000000371,,
4900001581,0001,2023-10-15,201,FE-003,EC,CS01,2422.8,KG,H,EC-D3,,95,0000000375,,
4900001582,0001,2023-10-15,201,FE-003,EC,CS01,2126.4,KG,H,EC-D3,,100,0000000395,,
4900001583,0001,2023-10-15,201,FE-003,EC,CS01,1552.2,KG,H,EC-D3,,102,0000000403,,
4900001584,0001,2023-10-15,201,FE-003,EC,CS01,2521.1,KG,H,EC-D3,,103,0000000407,,
4900001585,0001,2023-10-15,201,FE-003,EC,CS01,1915.8,KG,H,EC-D3,,104,0000000411,,
4900001586,0001,2023-10-15,201,FE-003,EC,CS01,1556.3,KG,H,EC-D3,,105,0000000415,,
4900001587,0001,2023-10-15,201,FE-003,EC,CS01,602.2,KG,H,EC-D3,,106,0000000419,,
4900001588,0001,2023-10-15,201,FE-003,EC,CS01,911.3,KG,H,EC-D3,,115,0000000455,,
4900001589,0001,2023-10-15,201,FE-003,EC,CS01,1249.9,KG,H,EC-D3,,116,0000000459,,
4900001590,0001,2023-10-15,201,FE-003,EC,CS01,252.7,KG,H,EC-D3,,119,0000000471,,
4900001591,0001,2023-10-15,201,FE-003,EC,CS01,903.3,KG,H,EC-D3,,120,0000000475,,
4900001592,0001,2023-10-15,201,FE-003,EC,CS01,194.9,KG,H,EC-D3,,370,0000000487,,
4900001593,0001,2023-10-15,201,FE-003,EC,CS01,2438.8,KG,H,EC-D4,,131,0000000527,,
4900001594,0001,2023-10-15,201,FE-003,EC,CS01,2295.7,KG,H,EC-D4,,143,0000000575,,
4900001595,0001,2023-10-15,201,FE-003,EC,CS01,2426.0,KG,H,EC-D4,,145,0000000583,,
4900001596,0001,2023-10-15,201,FE-003,EC,CS01,2285.4,KG,H,EC-D4,,147,0000000591,,
4900001597,0001,2023-10-15,201,FE-003,EC,CS01,1789.8,KG,H,EC-D4,,152,0000000611,,
4900001598,0001,2023-10-15,201,FE-003,EC,CS01,2984.1,KG,H,EC-D4,,160,0000000643,,
4900001599,0001,2023-10-15,201,FE-003,EC,CS01,1524.9,KG,H,EC-D4,,165,0000000655,,
4900001600,0001,2023-10-15,201,FE-003,EC,CS01,1434.4,KG,H,EC-D5,,171,0000000675,,
4900001601,0001,2023-10-15,201,FE-003,EC,CS01,1711.6,KG,H,EC-D5,,178,0000000699,,
4900001602,0001,2023-10-15,201,FE-003,EC,CS01,1387.1,KG,H,EC-D5,,184,0000000719,,
4900001603,0001,2023-10-15,201,FE-003,EC,CS01,2241.8,KG,H,EC-D5,,186,0000000727,,
4900001604,0001,2023-10-15,201,FE-003,EC,CS01,2802.1,KG,H,EC-D5,,187,0000000731,,
4900001605,0001,2023-10-15,201,FE-003,EC,CS01,3573.1,KG,H,EC-D5,,189,0000000739,,
4900001606,0001,2023-10-15,201,FE-003,EC,CS01,1877.0,KG,H,EC-D5,,194,0000000755,,
4900001607,0001,2023-10-15,201,FE-003,EC,CS01,3771.2,KG,H,EC-D5,,201,0000000783,,
4900001608,0001,2023-10-15,201,FE-003,EC,CS01,1277.7,KG,H,EC-D6,,206,0000000807,,
4900001609,0001,2023-10-15,201,FE-003,EC,CS01,1300.5,KG,H,EC-D6,,207,0000000811,,
4900001610,0001,2023-10-15,201,FE-003,EC,CS01,1662.5,KG,H,EC-D6,,211,0000000827,,
4900001611,0001,2023-10-15,201,FE-003,EC,CS01,1981.6,KG,H,EC-D6,,213,0000000835,,
4900001612,0001,2023-10-15,201,FE-003,EC,CS01,2111.4,KG,H,EC-D6,,230,0000000859,,
4900001613,0001,2023-10-15,201,FE-003,EC,CS01,1739.7,KG,H,EC-D6,,249,0000000879,,
4900001614,0001,2023-10-15,201,FE-003,EC,CS01,2489.1,KG,H,EC-D6,,250,0000000883,,
4900001615,0001,2023-10-15,201,FE-003,EC,CS01,1618.1,KG,H,EC-D6,,251,0000000887,,
4900001616,0001,2023-10-15,201,FE-003,EC,CS01,2545.0,KG,H,EC-D6,,252,0000000891,,
4900001617,0001,2023-10-15,201,FE-003,EC,CS01,1964.2,KG,H,EC-D6,,256,0000000907,,
4900001618,0001,2023-10-15,201,FE-003,EC,CS01,2373.1,KG,H,EC-D6,,257,0000000911,,
4900001619,0001,2023-10-15,201,FE-003,EC,CS01,948.3,KG,H,EC-D6,,259,0000000919,,
4900001620,0001,2023-10-15,201,FE-003,EC,CS01,2400.5,KG,H,EC-D6,,263,0000000935,,
4900001621,0001,2023-10-15,201,FE-003,EC,CS01,904.7,KG,H,EC-D7,,287,0000000983,,
4900001622,0001,2023-10-15,201,FE-003,EC,CS01,539.7,KG,H,EC-D7,,288,0000000987,,
4900001623,0001,2023-10-15,201,FE-003,EC,CS01,1688.6,KG,H,EC-D7,,289,0000000991,,
4900001624,0001,2023-10-15,201,FE-003,EC,CS01,1261.6,KG,H,EC-D7,,290,0000000995,,
4900001625,0001,2023-10-15,201,FE-003,EC,CS01,2250.4,KG,H,EC-D7,,296,0000001019,,
4900001626,0001,2023-10-15,201,FE-003,EC,CS01,2510.5,KG,H,EC-D7,,297,0000001023,,
4900001627,0001,2023-10-15,201,FE-003,EC,CS01,1526.4,KG,H,EC-D7,,299,0000001031,,
4900001628,0001,2023-10-15,201,FE-003,EC,CS01,1266.8,KG,H,EC-D7,,300,0000001035,,
4900001629,0001,2023-10-15,201,FE-003,EC,CS01,876.1,KG,H,EC-D7,,301,0000001039,,
4900001630,0001,2023-10-15,201,FE-003,EC,CS01,2468.2,KG,H,EC-D7,,304,0000001051,,
4900001631,0001,2023-10-15,201,FE-003,EC,CS01,2019.4,KG,H,EC-D7,,305,0000001055,,
4900001632,0001,2023-10-15,201,FE-003,EC,CS01,1277.5,KG,H,EC-D7,,309,0000001071,,
4900001633,0001,2023-10-15,201,FE-003,EC,CS01,1700.2,KG,H,EC-D7,,310,0000001075,,
4900001634,0001,2023-10-15,201,FE-003,EC,CS01,3265.5,KG,H,EC-D7,,311,0000001079,,
4900001635,0001,2023-10-15,201,FE-003,EC,CS01,1104.3,KG,H,EC-D7,,330,0000001091,,
4900001636,0001,2023-10-15,201,FE-003,EC,CS01,1341.2,KG,H,EC-D7,,331,0000001095,,
4900001637,0001,2023-10-15,201,FE-003,EC,CS01,1769.0,KG,H,EC-D7,,339,0000001127,,
4900001638,0001,2023-10-15,201,FE-003,EC,CS01,2261.9,KG,H,EC-D7,,341,0000001135,,
4900001639,0001,2023-10-15,201,FE-004,EC,CS01,58.3,KG,H,EC-D1,,1,0000000004,,
4900001640,0001,2023-10-15,201,FE-004,EC,CS01,112.4,KG,H,EC-D1,,3,0000000012,,
4900001641,0001,2023-10-15,201,FE-004,EC,CS01,89.1,KG,H,EC-D1,,5,0000000020,,
4900001642,0001,2023-10-15,201,FE-004,EC,CS01,209.1,KG,H,EC-D1,,12,0000000048,,
4900001643,0001,2023-10-15,201,FE-004,EC,CS01,272.3,KG,H,EC-D1,,13,0000000052,,
4900001644,0001,2023-10-15,201,FE-004,EC,CS01,162.6,KG,H,EC-D1,,20,0000000080,,
4900001645,0001,2023-10-15,201,FE-004,EC,CS01,272.4,KG,H,EC-D1,,21,0000000084,,
4900001646,0001,2023-10-15,201,FE-004,EC,CS01,341.5,KG,H,EC-D1,,23,0000000092,,
4900001647,0001,2023-10-15,201,FE-004,EC,CS01,209.4,KG,H,EC-D1,,34,0000000136,,
4900001648,0001,2023-10-15,201,FE-004,EC,CS01,164.8,KG,H,EC-D2,,40,0000000160,,
4900001649,0001,2023-10-15,201,FE-004,EC,CS01,176.9,KG,H,EC-D2,,41,0000000164,,
4900001650,0001,2023-10-15,201,FE-004,EC,CS01,337.3,KG,H,EC-D2,,43,0000000172,,
4900001651,0001,2023-10-15,201,FE-004,EC,CS01,185.9,KG,H,EC-D2,,45,0000000180,,
4900001652,0001,2023-10-15,201,FE-004,EC,CS01,282.1,KG,H,EC-D2,,50,0000000196,,
4900001653,0001,2023-10-15,201,FE-004,EC,CS01,349.9,KG,H,EC-D2,,57,0000000224,,
4900001654,0001,2023-10-15,201,FE-004,EC,CS01,270.5,KG,H,EC-D2,,58,0000000228,,
4900001655,0001,2023-10-15,201,FE-004,EC,CS01,290.7,KG,H,EC-D2,,59,0000000232,,
4900001656,0001,2023-10-15,201,FE-004,EC,CS01,244.4,KG,H,EC-D2,,60,0000000236,,
4900001657,0001,2023-10-15,201,FE-004,EC,CS01,188.0,KG,H,EC-D2,,64,0000000248,,
4900001658,0001,2023-10-15,201,FE-004,EC,CS01,287.0,KG,H,EC-D3,,77,0000000304,,
4900001659,0001,2023-10-15,201,FE-004,EC,CS01,279.9,KG,H,EC-D3,,87,0000000344,,
4900001660,0001,2023-10-15,201,FE-004,EC,CS01,252.4,KG,H,EC-D3,,88,0000000348,,
4900001661,0001,2023-10-15,201,FE-004,EC,CS01,115.3,KG,H,EC-D3,,99,0000000392,,
4900001662,0001,2023-10-15,201,FE-004,EC,CS01,214.6,KG,H,EC-D3,,100,0000000396,,
4900001663,0001,2023-10-15,201,FE-004,EC,CS01,67.9,KG,H,EC-D3,,106,0000000420,,
4900001664,0001,2023-10-15,201,FE-004,EC,CS01,262.7,KG,H,EC-D3,,110,0000000436,,
4900001665,0001,2023-10-15,201,FE-004,EC,CS01,366.4,KG,H,EC-D3,,111,0000000440,,
4900001666,0001,2023-10-15,201,FE-004,EC,CS01,119.4,KG,H,EC-D3,,116,0000000460,,
4900001667,0001,2023-10-15,201,FE-004,EC,CS01,114.3,KG,H,EC-D3,,118,0000000468,,
4900001668,0001,2023-10-15,201,FE-004,EC,CS01,82.1,KG,H,EC-D3,,120,0000000476,,
4900001669,0001,2023-10-15,201,FE-004,EC,CS01,26.1,KG,H,EC-D3,,369,0000000484,,
4900001670,0001,2023-10-15,201,FE-004,EC,CS01,24.3,KG,H,EC-D3,,370,0000000488,,
4900001671,0001,2023-10-15,201,FE-004,EC,CS01,183.5,KG,H,EC-D4,,133,0000000536,,
4900001672,0001,2023-10-15,201,FE-004,EC,CS01,287.8,KG,H,EC-D4,,138,0000000556,,
4900001673,0001,2023-10-15,201,FE-004,EC,CS01,288.7,KG,H,EC-D4,,141,0000000568,,
4900001674,0001,2023-10-15,201,FE-004,EC,CS01,293.2,KG,H,EC-D4,,142,0000000572,,
4900001675,0001,2023-10-15,201,FE-004,EC,CS01,183.4,KG,H,EC-D4,,144,0000000580,,
4900001676,0001,2023-10-15,201,FE-004,EC,CS01,348.0,KG,H,EC-D4,,145,0000000584,,
4900001677,0001,2023-10-15,201,FE-004,EC,CS01,274.7,KG,H,EC-D4,,150,0000000604,,
4900001678,0001,2023-10-15,201,FE-004,EC,CS01,314.6,KG,H,EC-D4,,152,0000000612,,
4900001679,0001,2023-10-15,201,FE-004,EC,CS01,214.9,KG,H,EC-D4,,165,0000000656,,
4900001680,0001,2023-10-15,201,FE-004,EC,CS01,418.0,KG,H,EC-D5,,169,0000000668,,
4900001681,0001,2023-10-15,201,FE-004,EC,CS01,219.1,KG,H,EC-D5,,171,0000000676,,
4900001682,0001,2023-10-15,201,FE-004,EC,CS01,131.3,KG,H,EC-D5,,174,0000000688,,
4900001683,0001,2023-10-15,201,FE-004,EC,CS01,225.1,KG,H,EC-D5,,177,0000000696,,
4900001684,0001,2023-10-15,201,FE-004,EC,CS01,413.4,KG,H,EC-D5,,189,0000000740,,
4900001685,0001,2023-10-15,201,FE-004,EC,CS01,211.4,KG,H,EC-D5,,194,0000000756,,
4900001686,0001,2023-10-15,201,FE-004,EC,CS01,302.0,KG,H,EC-D5,,195,0000000760,,
4900001687,0001,2023-10-15,201,FE-004,EC,CS01,325.0,KG,H,EC-D5,,197,0000000768,,
4900001688,0001,2023-10-15,201,FE-004,EC,CS01,326.4,KG,H,EC-D5,,201,0000000784,,
4900001689,0001,2023-10-15,201,FE-004,EC,CS01,277.5,KG,H,EC-D5,,202,0000000788,,
4900001690,0001,2023-10-15,201,FE-004,EC,CS01,37.8,KG,H,EC-D5,,373,0000000792,,
4900001691,0001,2023-10-15,201,FE-004,EC,CS01,373.9,KG,H,EC-D6,,204,0000000800,,
4900001692,0001,2023-10-15,201,FE-004,EC,CS01,183.8,KG,H,EC-D6,,206,0000000808,,
4900001693,0001,2023-10-15,201,FE-004,EC,CS01,279.4,KG,H,EC-D6,,207,0000000812,,
4900001694,0001,2023-10-15,201,FE-004,EC,CS01,246.8,KG,H,EC-D6,,222,0000000852,,
4900001695,0001,2023-10-15,201,FE-004,EC,CS01,254.7,KG,H,EC-D6,,248,0000000876,,
4900001696,0001,2023-10-15,201,FE-004,EC,CS01,164.6,KG,H,EC-D6,,250,0000000884,,
4900001697,0001,2023-10-15,201,FE-004,EC,CS01,277.4,KG,H,EC-D6,,251,0000000888,,
4900001698,0001,2023-10-15,201,FE-004,EC,CS01,206.8,KG,H,EC-D6,,255,0000000904,,
4900001699,0001,2023-10-15,201,FE-004,EC,CS01,107.6,KG,H,EC-D6,,264,0000000940,,
4900001700,0001,2023-10-15,201,FE-004,EC,CS01,261.2,KG,H,EC-D6,,266,0000000948,,
4900001701,0001,2023-10-15,201,FE-004,EC,CS01,225.3,KG,H,EC-D6,,268,0000000956,,
4900001702,0001,2023-10-15,201,FE-004,EC,CS01,158.5,KG,H,EC-D7,,287,0000000984,,
4900001703,0001,2023-10-15,201,FE-004,EC,CS01,209.6,KG,H,EC-D7,,290,0000000996,,
4900001704,0001,2023-10-15,201,FE-004,EC,CS01,200.4,KG,H,EC-D7,,292,0000001004,,
4900001705,0001,2023-10-15,201,FE-004,EC,CS01,219.5,KG,H,EC-D7,,293,0000001008,,
4900001706,0001,2023-10-15,201,FE-004,EC,CS01,297.5,KG,H,EC-D7,,298,0000001028,,
4900001707,0001,2023-10-15,201,FE-004,EC,CS01,304.0,KG,H,EC-D7,,302,0000001044,,
4900001708,0001,2023-10-15,201,FE-004,EC,CS01,124.8,KG,H,EC-D7,,308,0000001068,,
4900001709,0001,2023-10-15,201,FE-004,EC,CS01,294.9,KG,H,EC-D7,,311,0000001080,,
4900001710,0001,2023-10-15,201,FE-004,EC,CS01,190.4,KG,H,EC-D7,,329,0000001088,,
4900001711,0001,2023-10-15,201,FE-004,EC,CS01,99.2,KG,H,EC-D7,,330,0000001092,,
4900001712,0001,2023-10-15,201,FE-004,EC,CS01,199.8,KG,H,EC-D7,,333,0000001104,,
4900001713,0001,2023-10-15,201,FE-004,EC,CS01,160.6,KG,H,EC-D7,,336,0000001116,,
4900001714,0001,2023-10-15,201,FE-004,EC,CS01,279.7,KG,H,EC-D7,,337,0000001120,,
4900001715,0001,2023-10-15,201,FE-004,EC,CS01,252.9,KG,H,EC-D7,,340,0000001132,,
4900001716,0001,2023-10-15,201,FE-004,EC,CS01,223.0,KG,H,EC-D7,,341,0000001136,,
4900001717,0001,2023-10-15,201,FU-001,EC,CS01,752.1,L,H,EC-GEN,,,,,
4900001718,0001,2023-10-16,201,AC-001,EC,CS01,183.6,L,H,EC-D2,,,,,
4900001719,0001,2023-10-16,201,AC-003,EC,CS01,2.46,L,H,EC-D6,,,,,
4900001720,0001,2023-10-16,201,FE-001,EC,CS01,10855.5,KG,H,EC-D2,,53,0000000205,,
4900001721,0001,2023-10-16,201,FE-001,EC,CS01,14663.2,KG,H,EC-D5,,180,0000000705,,
4900001722,0001,2023-10-16,201,FE-001,EC,CS01,4655.2,KG,H,EC-D7,,287,0000000981,,
4900001723,0001,2023-10-16,201,FE-001,EC,CS01,5522.9,KG,H,EC-D7,,294,0000001009,,
4900001724,0001,2023-10-16,201,FE-002,EC,CS01,669.0,KG,H,EC-D1,,6,0000000022,,
4900001725,0001,2023-10-16,201,FE-002,EC,CS01,1333.7,KG,H,EC-D1,,9,0000000034,,
4900001726,0001,2023-10-16,201,FE-002,EC,CS01,3388.7,KG,H,EC-D3,,77,0000000302,,
4900001727,0001,2023-10-16,201,FE-002,EC,CS01,2876.7,KG,H,EC-D4,,152,0000000610,,
4900001728,0001,2023-10-16,201,FE-003,EC,CS01,3725.8,KG,H,EC-D3,,108,0000000427,,
4900001729,0001,2023-10-16,201,FE-003,EC,CS01,756.7,KG,H,EC-D6,,254,0000000899,,
4900001730,0001,2023-10-16,201,FE-004,EC,CS01,240.0,KG,H,EC-D1,,19,0000000076,,
4900001731,0001,2023-10-16,201,FE-004,EC,CS01,234.6,KG,H,EC-D2,,67,0000000260,,
4900001732,0001,2023-10-16,201,FE-004,EC,CS01,295.1,KG,H,EC-D5,,187,0000000732,,
4900001733,0001,2023-10-16,201,FE-004,EC,CS01,78.4,KG,H,EC-D5,,198,0000000772,,
4900001734,0001,2023-10-16,201,FU-001,EC,CS01,103.4,L,H,EC-D1,,,,,
4900001735,0001,2023-10-16,201,FU-001,EC,CS01,84.1,L,H,EC-D2,,,,,
4900001736,0001,2023-10-16,201,FU-001,EC,CS01,95.7,L,H,EC-D3,,,,,
4900001737,0001,2023-10-16,201,FU-001,EC,CS01,139.5,L,H,EC-D4,,,,,
4900001738,0001,2023-10-16,201,FU-001,EC,CS01,104.9,L,H,EC-D5,,,,,
4900001739,0001,2023-10-16,201,FU-001,EC,CS01,145.8,L,H,EC-D6,,,,,
4900001740,0001,2023-10-16,201,FU-001,EC,CS01,111.3,L,H,EC-D7,,,,,
4900001741,0001,2023-10-16,201,FU-001,EC,CS01,759.4,L,H,EC-GEN,,,,,
4900001742,0001,2023-10-16,101,SP-004,EC,CS01,1,EA,S,,,,,4500000111,00010
4900001743,0001,2023-10-16,201,SP-004,EC,CS01,1,EA,H,EC-WS,,,,,
4900001744,0001,2023-10-17,201,FE-001,EC,CS01,16622.9,KG,H,EC-D3,,93,0000000365,,
4900001745,0001,2023-10-17,201,FE-001,EC,CS01,6646.3,KG,H,EC-D3,,99,0000000389,,
4900001746,0001,2023-10-17,201,FE-001,EC,CS01,14616.5,KG,H,EC-D6,,248,0000000873,,
4900001747,0001,2023-10-17,201,FE-002,EC,CS01,2132.1,KG,H,EC-D3,,115,0000000454,,
4900001748,0001,2023-10-17,201,FE-002,EC,CS01,2682.8,KG,H,EC-D4,,147,0000000590,,
4900001749,0001,2023-10-17,201,FE-002,EC,CS01,3693.8,KG,H,EC-D6,,215,0000000842,,
4900001750,0001,2023-10-17,201,FE-002,EC,CS01,1684.5,KG,H,EC-D6,,265,0000000942,,
4900001751,0001,2023-10-17,101,FE-003,EC,CS01,86700,KG,S,,,,,4500000056,00010
4900001752,0001,2023-10-17,201,FE-003,EC,CS01,3022.8,KG,H,EC-D3,,93,0000000367,,
4900001753,0001,2023-10-17,201,FE-003,EC,CS01,1781.7,KG,H,EC-D4,,132,0000000531,,
4900001754,0001,2023-10-17,201,FE-003,EC,CS01,270.7,KG,H,EC-D5,,373,0000000791,,
4900001755,0001,2023-10-17,201,FE-004,EC,CS01,22.0,KG,H,EC-D3,,119,0000000472,,
4900001756,0001,2023-10-17,201,FE-004,EC,CS01,373.8,KG,H,EC-D6,,210,0000000824,,
4900001757,0001,2023-10-17,201,FU-001,EC,CS01,94.9,L,H,EC-D1,,,,,
4900001758,0001,2023-10-17,201,FU-001,EC,CS01,94.8,L,H,EC-D2,,,,,
4900001759,0001,2023-10-17,201,FU-001,EC,CS01,137.4,L,H,EC-D3,,,,,
4900001760,0001,2023-10-17,201,FU-001,EC,CS01,163.7,L,H,EC-D4,,,,,
4900001761,0001,2023-10-17,201,FU-001,EC,CS01,109.9,L,H,EC-D5,,,,,
4900001762,0001,2023-10-17,201,FU-001,EC,CS01,119.4,L,H,EC-D6,,,,,
4900001763,0001,2023-10-17,201,FU-001,EC,CS01,100.1,L,H,EC-D7,,,,,
4900001764,0001,2023-10-17,201,FU-001,EC,CS01,680.4,L,H,EC-GEN,,,,,
4900001765,0001,2023-10-17,201,SP-005,EC,CS01,1,EA,H,EC-WS,,,,,
4900001766,0001,2023-10-17,101,SP-007,EC,CS01,1,EA,S,,,,,4500000112,00010
4900001767,0001,2023-10-17,201,SP-007,EC,CS01,1,EA,H,EC-WS,,,,,
4900001768,0001,2023-10-18,101,FE-001,EC,CS01,234800,KG,S,,,,,4500000074,00010
4900001769,0001,2023-10-18,101,FE-001,EC,CS01,234800,KG,S,,,,,4500000080,00010
4900001770,0001,2023-10-18,201,FE-001,EC,CS01,6361.8,KG,H,EC-D2,,40,0000000157,,
4900001771,0001,2023-10-18,201,FE-001,EC,CS01,13157.0,KG,H,EC-D7,,340,0000001129,,
4900001772,0001,2023-10-18,101,FE-002,EC,CS01,89950,KG,S,,,,,4500000063,00010
4900001773,0001,2023-10-18,101,FE-002,EC,CS01,89950,KG,S,,,,,4500000075,00010
4900001774,0001,2023-10-18,101,FE-002,EC,CS01,89950,KG,S,,,,,4500000084,00010
4900001775,0001,2023-10-18,201,FE-002,EC,CS01,3472.4,KG,H,EC-D2,,74,0000000286,,
4900001776,0001,2023-10-18,201,FE-002,EC,CS01,469.1,KG,H,EC-D3,,121,0000000478,,
4900001777,0001,2023-10-18,201,FE-002,EC,CS01,2833.5,KG,H,EC-D4,,157,0000000630,,
4900001778,0001,2023-10-18,201,FE-002,EC,CS01,2407.8,KG,H,EC-D6,,223,0000000854,,
4900001779,0001,2023-10-18,201,FE-002,EC,CS01,1597.6,KG,H,EC-D6,,268,0000000954,,
4900001780,0001,2023-10-18,201,FE-003,EC,CS01,167.1,KG,H,EC-D3,,82,0000000323,,
4900001781,0001,2023-10-18,201,FE-003,EC,CS01,1491.2,KG,H,EC-D3,,112,0000000443,,
4900001782,0001,2023-10-18,201,FE-003,EC,CS01,600.9,KG,H,EC-D5,,198,0000000771,,
4900001783,0001,2023-10-18,201,FE-003,EC,CS01,1799.9,KG,H,EC-D6,,208,0000000815,,
4900001784,0001,2023-10-18,101,FE-004,EC,CS01,12650,KG,S,,,,,4500000060,00010
4900001785,0001,2023-10-18,201,FE-004,EC,CS01,113.1,KG,H,EC-D5,,192,0000000748,,
4900001786,0001,2023-10-18,201,FE-004,EC,CS01,188.1,KG,H,EC-D5,,199,0000000776,,
4900001787,0001,2023-10-18,201,FE-004,EC,CS01,158.1,KG,H,EC-D7,,344,0000001148,,
4900001788,0001,2023-10-18,201,FE-004,EC,CS01,165.7,KG,H,EC-D7,,346,0000001156,,
4900001789,0001,2023-10-18,201,FU-001,EC,CS01,101.2,L,H,EC-D1,,,,,
4900001790,0001,2023-10-18,201,FU-001,EC,CS01,101.3,L,H,EC-D2,,,,,
4900001791,0001,2023-10-18,201,FU-001,EC,CS01,133.7,L,H,EC-D3,,,,,
4900001792,0001,2023-10-18,201,FU-001,EC,CS01,140.8,L,H,EC-D4,,,,,
4900001793,0001,2023-10-18,201,FU-001,EC,CS01,105.2,L,H,EC-D5,,,,,
4900001794,0001,2023-10-18,201,FU-001,EC,CS01,144.6,L,H,EC-D6,,,,,
4900001795,0001,2023-10-18,201,FU-001,EC,CS01,114.7,L,H,EC-D7,,,,,
4900001796,0001,2023-10-18,201,FU-001,EC,CS01,609.8,L,H,EC-GEN,,,,,
4900001797,0001,2023-10-18,201,SP-002,EC,CS01,1,EA,H,EC-WS,,,,,
4900001798,0001,2023-10-19,201,AC-001,EC,CS01,86.2,L,H,EC-D7,,,,,
4900001799,0001,2023-10-19,201,FE-001,EC,CS01,15939.5,KG,H,EC-D1,,13,0000000049,,
4900001800,0001,2023-10-19,201,FE-001,EC,CS01,11899.1,KG,H,EC-D1,,28,0000000109,,
4900001801,0001,2023-10-19,201,FE-001,EC,CS01,8126.0,KG,H,EC-D4,,135,0000000541,,
4900001802,0001,2023-10-19,201,FE-001,EC,CS01,6188.0,KG,H,EC-D6,,246,0000000865,,
4900001803,0001,2023-10-19,201,FE-001,EC,CS01,8409.3,KG,H,EC-D6,,271,0000000965,,
4900001804,0001,2023-10-19,201,FE-001,EC,CS01,10985.0,KG,H,EC-D7,,337,0000001117,,
4900001805,0001,2023-10-19,201,FE-002,EC,CS01,2744.6,KG,H,EC-D3,,112,0000000442,,
4900001806,0001,2023-10-19,201,FE-002,EC,CS01,2319.3,KG,H,EC-D5,,178,0000000698,,
4900001807,0001,2023-10-19,201,FE-002,EC,CS01,1696.3,KG,H,EC-D7,,328,0000001082,,
4900001808,0001,2023-10-19,201,FE-003,EC,CS01,1186.2,KG,H,EC-D2,,40,0000000159,,
4900001809,0001,2023-10-19,201,FE-003,EC,CS01,2292.0,KG,H,EC-D2,,43,0000000171,,
4900001810,0001,2023-10-19,201,FE-003,EC,CS01,2928.0,KG,H,EC-D3,,98,0000000387,,
4900001811,0001,2023-10-19,201,FE-003,EC,CS01,2013.7,KG,H,EC-D4,,139,0000000559,,
4900001812,0001,2023-10-19,201,FE-003,EC,CS01,717.0,KG,H,EC-D4,,155,0000000623,,
4900001813,0001,2023-10-19,201,FE-003,EC,CS01,1733.7,KG,H,EC-D6,,268,0000000955,,
4900001814,0001,2023-10-19,101,FE-004,EC,CS01,12650,KG,S,,,,,4500000039,00010
4900001815,0001,2023-10-19,201,FE-004,EC,CS01,245.9,KG,H,EC-D4,,159,0000000640,,
4900001816,0001,2023-10-19,201,FE-004,EC,CS01,361.1,KG,H,EC-D5,,181,0000000712,,
4900001817,0001,2023-10-19,201,FE-004,EC,CS01,246.9,KG,H,EC-D6,,257,0000000912,,
4900001818,0001,2023-10-19,101,FU-001,EC,CS01,8000,L,S,,,,,4500000109,00010
4900001819,0001,2023-10-19,201,FU-001,EC,CS01,109.4,L,H,EC-D1,,,,,
4900001820,0001,2023-10-19,201,FU-001,EC,CS01,107.3,L,H,EC-D2,,,,,
4900001821,0001,2023-10-19,201,FU-001,EC,CS01,163.3,L,H,EC-D3,,,,,
4900001822,0001,2023-10-19,201,FU-001,EC,CS01,153.3,L,H,EC-D4,,,,,
4900001823,0001,2023-10-19,201,FU-001,EC,CS01,93.5,L,H,EC-D5,,,,,
4900001824,0001,2023-10-19,201,FU-001,EC,CS01,112.6,L,H,EC-D6,,,,,
4900001825,0001,2023-10-19,201,FU-001,EC,CS01,107.3,L,H,EC-D7,,,,,
4900001826,0001,2023-10-19,201,FU-001,EC,CS01,762.1,L,H,EC-GEN,,,,,
4900001827,0001,2023-10-19,201,SP-006,EC,CS01,1,EA,H,EC-WS,,,,,
4900001828,0001,2023-10-19,101,SP-007,EC,CS01,4,EA,S,,,,,4500000104,00010
4900001829,0001,2023-10-20,201,AC-001,EC,CS01,108.5,L,H,EC-D1,,,,,
4900001830,0001,2023-10-20,201,AC-003,EC,CS01,3.2,L,H,EC-D6,,,,,
4900001831,0001,2023-10-20,101,FE-001,EC,CS01,234800,KG,S,,,,,4500000092,00010
4900001832,0001,2023-10-20,201,FE-001,EC,CS01,15438.5,KG,H,EC-D3,,89,0000000349,,
4900001833,0001,2023-10-20,201,FE-001,EC,CS01,3703.6,KG,H,EC-D4,,123,0000000493,,
4900001834,0001,2023-10-20,201,FE-001,EC,CS01,2434.6,KG,H,EC-D4,,126,0000000505,,
4900001835,0001,2023-10-20,201,FE-001,EC,CS01,8317.1,KG,H,EC-D5,,200,0000000777,,
4900001836,0001,2023-10-20,201,FE-002,EC,CS01,1398.2,KG,H,EC-D1,,2,0000000006,,
4900001837,0001,2023-10-20,201,FE-002,EC,CS01,2832.3,KG,H,EC-D1,,38,0000000150,,
4900001838,0001,2023-10-20,201,FE-002,EC,CS01,792.1,KG,H,EC-D4,,126,0000000506,,
4900001839,0001,2023-10-20,201,FE-002,EC,CS01,323.5,KG,H,EC-D4,,127,0000000510,,
4900001840,0001,2023-10-20,201,FE-002,EC,CS01,3232.4,KG,H,EC-D7,,291,0000000998,,
4900001841,0001,2023-10-20,201,FE-003,EC,CS01,1935.7,KG,H,EC-D1,,9,0000000035,,
4900001842,0001,2023-10-20,201,FE-003,EC,CS01,2036.8,KG,H,EC-D2,,63,0000000243,,
4900001843,0001,2023-10-20,201,FE-003,EC,CS01,1601.9,KG,H,EC-D3,,76,0000000299,,
4900001844,0001,2023-10-20,201,FE-003,EC,CS01,1352.8,KG,H,EC-D3,,79,0000000311,,
4900001845,0001,2023-10-20,201,FE-003,EC,CS01,320.3,KG,H,EC-D3,,121,0000000479,,
4900001846,0001,2023-10-20,201,FE-003,EC,CS01,1646.1,KG,H,EC-D5,,176,0000000691,,
4900001847,0001,2023-10-20,201,FE-003,EC,CS01,2602.8,KG,H,EC-D5,,195,0000000759,,
4900001848,0001,2023-10-20,201,FE-003,EC,CS01,2139.8,KG,H,EC-D6,,266,0000000947,,
4900001849,0001,2023-10-20,201,FE-003,EC,CS01,1409.6,KG,H,EC-D6,,380,0000000979,,
4900001850,0001,2023-10-20,201,FE-004,EC,CS01,297.3,KG,H,EC-D6,,211,0000000828,,
4900001851,0001,2023-10-20,201,FE-004,EC,CS01,93.0,KG,H,EC-D6,,265,0000000944,,
4900001852,0001,2023-10-20,201,FE-004,EC,CS01,141.2,KG,H,EC-D7,,306,0000001060,,
4900001853,0001,2023-10-20,201,FU-001,EC,CS01,88.3,L,H,EC-D1,,,,,
4900001854,0001,2023-10-20,201,FU-001,EC,CS01,86.2,L,H,EC-D2,,,,,
4900001855,0001,2023-10-20,201,FU-001,EC,CS01,137.3,L,H,EC-D3,,,,,
4900001856,0001,2023-10-20,201,FU-001,EC,CS01,144.5,L,H,EC-D4,,,,,
4900001857,0001,2023-10-20,201,FU-001,EC,CS01,109.4,L,H,EC-D5,,,,,
4900001858,0001,2023-10-20,201,FU-001,EC,CS01,108.5,L,H,EC-D6,,,,,
4900001859,0001,2023-10-20,201,FU-001,EC,CS01,128.7,L,H,EC-D7,,,,,
4900001860,0001,2023-10-20,201,FU-001,EC,CS01,623.9,L,H,EC-GEN,,,,,
4900001861,0001,2023-10-20,201,SP-003,EC,CS01,1,EA,H,EC-WS,,,,,
4900001862,0001,2023-10-21,201,AC-001,EC,CS01,86.9,L,H,EC-D2,,,,,
4900001863,0001,2023-10-21,201,AC-002,EC,CS01,3.56,KG,H,EC-D2,,,,,
4900001864,0001,2023-10-21,201,AC-003,EC,CS01,2.4,L,H,EC-D3,,,,,
4900001865,0001,2023-10-21,201,FE-001,EC,CS01,11765.6,KG,H,EC-D1,,9,0000000033,,
4900001866,0001,2023-10-21,201,FE-001,EC,CS01,10990.8,KG,H,EC-D1,,12,0000000045,,
4900001867,0001,2023-10-21,201,FE-001,EC,CS01,9782.4,KG,H,EC-D1,,17,0000000065,,
4900001868,0001,2023-10-21,201,FE-001,EC,CS01,10520.1,KG,H,EC-D3,,87,0000000341,,
4900001869,0001,2023-10-21,201,FE-001,EC,CS01,10587.9,KG,H,EC-D4,,132,0000000529,,
4900001870,0001,2023-10-21,201,FE-002,EC,CS01,1872.7,KG,H,EC-D7,,329,0000001086,,
4900001871,0001,2023-10-21,201,FE-002,EC,CS01,2115.2,KG,H,EC-D7,,343,0000001142,,
4900001872,0001,2023-10-21,201,FE-003,EC,CS01,3069.2,KG,H,EC-D1,,15,0000000059,,
4900001873,0001,2023-10-21,201,FE-003,EC,CS01,674.8,KG,H,EC-D6,,247,0000000871,,
4900001874,0001,2023-10-21,201,FE-004,EC,CS01,210.3,KG,H,EC-D2,,44,0000000176,,
4900001875,0001,2023-10-21,201,FE-004,EC,CS01,257.8,KG,H,EC-D2,,74,0000000288,,
4900001876,0001,2023-10-21,201,FE-004,EC,CS01,275.7,KG,H,EC-D3,,83,0000000328,,
4900001877,0001,2023-10-21,201,FE-004,EC,CS01,114.0,KG,H,EC-D4,,122,0000000492,,
4900001878,0001,2023-10-21,201,FE-004,EC,CS01,314.1,KG,H,EC-D5,,168,0000000664,,
4900001879,0001,2023-10-21,201,FE-004,EC,CS01,99.0,KG,H,EC-D6,,209,0000000820,,
4900001880,0001,2023-10-21,201,FU-001,EC,CS01,117.3,L,H,EC-D1,,,,,
4900001881,0001,2023-10-21,201,FU-001,EC,CS01,90.2,L,H,EC-D2,,,,,
4900001882,0001,2023-10-21,201,FU-001,EC,CS01,112.9,L,H,EC-D3,,,,,
4900001883,0001,2023-10-21,201,FU-001,EC,CS01,138.0,L,H,EC-D4,,,,,
4900001884,0001,2023-10-21,201,FU-001,EC,CS01,87.3,L,H,EC-D5,,,,,
4900001885,0001,2023-10-21,201,FU-001,EC,CS01,133.2,L,H,EC-D6,,,,,
4900001886,0001,2023-10-21,201,FU-001,EC,CS01,115.7,L,H,EC-D7,,,,,
4900001887,0001,2023-10-21,201,FU-001,EC,CS01,691.7,L,H,EC-GEN,,,,,
4900001888,0001,2023-10-21,101,SP-004,EC,CS01,4,EA,S,,,,,4500000096,00010
4900001889,0001,2023-10-22,201,FE-001,EC,CS01,12178.4,KG,H,EC-D2,,67,0000000257,,
4900001890,0001,2023-10-22,201,FE-001,EC,CS01,9435.2,KG,H,EC-D3,,88,0000000345,,
4900001891,0001,2023-10-22,201,FE-001,EC,CS01,6549.2,KG,H,EC-D3,,109,0000000429,,
4900001892,0001,2023-10-22,201,FE-001,EC,CS01,13539.2,KG,H,EC-D4,,137,0000000549,,
4900001893,0001,2023-10-22,201,FE-001,EC,CS01,10573.2,KG,H,EC-D6,,380,0000000977,,
4900001894,0001,2023-10-22,201,FE-001,EC,CS01,9230.8,KG,H,EC-D7,,290,0000000993,,
4900001895,0001,2023-10-22,201,FE-002,EC,CS01,3053.9,KG,H,EC-D1,,12,0000000046,,
4900001896,0001,2023-10-22,201,FE-002,EC,CS01,3845.0,KG,H,EC-D1,,15,0000000058,,
4900001897,0001,2023-10-22,201,FE-002,EC,CS01,3661.1,KG,H,EC-D3,,92,0000000362,,
4900001898,0001,2023-10-22,201,FE-002,EC,CS01,3443.8,KG,H,EC-D3,,93,0000000366,,
4900001899,0001,2023-10-22,201,FE-002,EC,CS01,1972.3,KG,H,EC-D3,,94,0000000370,,
4900001900,0001,2023-10-22,201,FE-002,EC,CS01,1420.7,KG,H,EC-D3,,99,0000000390,,
4900001901,0001,2023-10-22,201,FE-002,EC,CS01,1975.9,KG,H,EC-D3,,110,0000000434,,
4900001902,0001,2023-10-22,201,FE-002,EC,CS01,3830.9,KG,H,EC-D4,,148,0000000594,,
4900001903,0001,2023-10-22,201,FE-002,EC,CS01,1811.0,KG,H,EC-D5,,171,0000000674,,
4900001904,0001,2023-10-22,201,FE-002,EC,CS01,4764.1,KG,H,EC-D5,,189,0000000738,,
4900001905,0001,2023-10-22,201,FE-002,EC,CS01,1742.4,KG,H,EC-D6,,267,0000000950,,
4900001906,0001,2023-10-22,101,FE-003,EC,CS01,86700,KG,S,,,,,4500000077,00010
4900001907,0001,2023-10-22,201,FE-003,EC,CS01,1254.8,KG,H,EC-D1,,33,0000000131,,
4900001908,0001,2023-10-22,201,FE-003,EC,CS01,3912.8,KG,H,EC-D6,,203,0000000795,,
4900001909,0001,2023-10-22,201,FE-003,EC,CS01,1144.3,KG,H,EC-D6,,265,0000000943,,
4900001910,0001,2023-10-22,201,FE-003,EC,CS01,2908.9,KG,H,EC-D7,,340,0000001131,,
4900001911,0001,2023-10-22,201,FE-004,EC,CS01,108.3,KG,H,EC-D4,,140,0000000564,,
4900001912,0001,2023-10-22,201,FE-004,EC,CS01,182.9,KG,H,EC-D5,,200,0000000780,,
4900001913,0001,2023-10-22,201,FE-004,EC,CS01,395.9,KG,H,EC-D6,,214,0000000840,,
4900001914,0001,2023-10-22,201,FE-004,EC,CS01,203.0,KG,H,EC-D7,,304,0000001052,,
4900001915,0001,2023-10-22,201,FU-001,EC,CS01,629.3,L,H,EC-GEN,,,,,
4900001916,0001,2023-10-23,201,AC-001,EC,CS01,78.5,L,H,EC-D7,,,,,
4900001917,0001,2023-10-23,201,AC-002,EC,CS01,3.73,KG,H,EC-D7,,,,,
4900001918,0001,2023-10-23,201,FE-001,EC,CS01,5301.6,KG,H,EC-D1,,4,0000000013,,
4900001919,0001,2023-10-23,201,FE-001,EC,CS01,17119.3,KG,H,EC-D3,,83,0000000325,,
4900001920,0001,2023-10-23,201,FE-001,EC,CS01,4141.5,KG,H,EC-D3,,117,0000000461,,
4900001921,0001,2023-10-23,201,FE-001,EC,CS01,8403.8,KG,H,EC-D6,,253,0000000893,,
4900001922,0001,2023-10-23,201,FE-001,EC,CS01,11692.6,KG,H,EC-D7,,345,0000001149,,
4900001923,0001,2023-10-23,201,FE-002,EC,CS01,2658.9,KG,H,EC-D5,,179,0000000702,,
4900001924,0001,2023-10-23,201,FE-002,EC,CS01,2285.6,KG,H,EC-D7,,289,0000000990,,
4900001925,0001,2023-10-23,201,FE-003,EC,CS01,1744.6,KG,H,EC-D1,,10,0000000039,,
4900001926,0001,2023-10-23,201,FE-003,EC,CS01,804.1,KG,H,EC-D3,,97,0000000383,,
4900001927,0001,2023-10-23,201,FE-003,EC,CS01,934.7,KG,H,EC-D4,,123,0000000495,,
4900001928,0001,2023-10-23,201,FE-003,EC,CS01,1972.5,KG,H,EC-D4,,146,0000000587,,
4900001929,0001,2023-10-23,201,FE-003,EC,CS01,771.2,KG,H,EC-D6,,264,0000000939,,
4900001930,0001,2023-10-23,201,FE-004,EC,CS01,237.4,KG,H,EC-D6,,269,0000000960,,
4900001931,0001,2023-10-23,201,FE-004,EC,CS01,253.2,KG,H,EC-D7,,328,0000001084,,
4900001932,0001,2023-10-23,201,FE-004,EC,CS01,171.7,KG,H,EC-D7,,345,0000001152,,
4900001933,0001,2023-10-23,201,FU-001,EC,CS01,112.4,L,H,EC-D1,,,,,
4900001934,0001,2023-10-23,201,FU-001,EC,CS01,106.1,L,H,EC-D2,,,,,
4900001935,0001,2023-10-23,201,FU-001,EC,CS01,132.8,L,H,EC-D3,,,,,
4900001936,0001,2023-10-23,201,FU-001,EC,CS01,121.8,L,H,EC-D4,,,,,
4900001937,0001,2023-10-23,201,FU-001,EC,CS01,90.1,L,H,EC-D5,,,,,
4900001938,0001,2023-10-23,201,FU-001,EC,CS01,144.5,L,H,EC-D6,,,,,
4900001939,0001,2023-10-23,201,FU-001,EC,CS01,99.3,L,H,EC-D7,,,,,
4900001940,0001,2023-10-23,201,FU-001,EC,CS01,550.6,L,H,EC-GEN,,,,,
4900001941,0001,2023-10-23,201,SP-002,EC,CS01,1,EA,H,EC-WS,,,,,
4900001942,0001,2023-10-24,101,AC-001,EC,CS01,2900,L,S,,,,,4500000100,00010
4900001943,0001,2023-10-24,201,AC-001,EC,CS01,127.4,L,H,EC-D4,,,,,
4900001944,0001,2023-10-24,201,AC-003,EC,CS01,3.99,L,H,EC-D6,,,,,
4900001945,0001,2023-10-24,201,FE-001,EC,CS01,12226.2,KG,H,EC-D1,,31,0000000121,,
4900001946,0001,2023-10-24,201,FE-001,EC,CS01,16511.9,KG,H,EC-D3,,75,0000000293,,
4900001947,0001,2023-10-24,201,FE-001,EC,CS01,8298.4,KG,H,EC-D3,,97,0000000381,,
4900001948,0001,2023-10-24,201,FE-001,EC,CS01,13580.2,KG,H,EC-D4,,146,0000000585,,
4900001949,0001,2023-10-24,201,FE-001,EC,CS01,11482.5,KG,H,EC-D6,,263,0000000933,,
4900001950,0001,2023-10-24,201,FE-002,EC,CS01,2504.0,KG,H,EC-D2,,56,0000000218,,
4900001951,0001,2023-10-24,201,FE-002,EC,CS01,1662.4,KG,H,EC-D6,,269,0000000958,,
4900001952,0001,2023-10-24,201,FE-002,EC,CS01,2242.3,KG,H,EC-D7,,345,0000001150,,
4900001953,0001,2023-10-24,201,FE-003,EC,CS01,666.2,KG,H,EC-D1,,6,0000000023,,
4900001954,0001,2023-10-24,201,FE-003,EC,CS01,473.3,KG,H,EC-D4,,125,0000000503,,
4900001955,0001,2023-10-24,201,FE-003,EC,CS01,2043.2,KG,H,EC-D4,,129,0000000519,,
4900001956,0001,2023-10-24,201,FE-003,EC,CS01,1460.0,KG,H,EC-D6,,267,0000000951,,
4900001957,0001,2023-10-24,201,FE-003,EC,CS01,2334.7,KG,H,EC-D7,,303,0000001047,,
4900001958,0001,2023-10-24,201,FE-004,EC,CS01,136.7,KG,H,EC-D1,,4,0000000016,,
4900001959,0001,2023-10-24,201,FU-001,EC,CS01,123.3,L,H,EC-D1,,,,,
4900001960,0001,2023-10-24,201,FU-001,EC,CS01,102.8,L,H,EC-D2,,,,,
4900001961,0001,2023-10-24,201,FU-001,EC,CS01,148.6,L,H,EC-D3,,,,,
4900001962,0001,2023-10-24,201,FU-001,EC,CS01,159.1,L,H,EC-D4,,,,,
4900001963,0001,2023-10-24,201,FU-001,EC,CS01,94.9,L,H,EC-D5,,,,,
4900001964,0001,2023-10-24,201,FU-001,EC,CS01,169.9,L,H,EC-D6,,,,,
4900001965,0001,2023-10-24,201,FU-001,EC,CS01,97.7,L,H,EC-D7,,,,,
4900001966,0001,2023-10-24,201,FU-001,EC,CS01,701.7,L,H,EC-GEN,,,,,
4900001967,0001,2023-10-25,201,AC-001,EC,CS01,83.2,L,H,EC-D2,,,,,
4900001968,0001,2023-10-25,201,FE-001,EC,CS01,11880.1,KG,H,EC-D1,,29,0000000113,,
4900001969,0001,2023-10-25,201,FE-001,EC,CS01,12723.0,KG,H,EC-D2,,46,0000000181,,
4900001970,0001,2023-10-25,201,FE-001,EC,CS01,11378.7,KG,H,EC-D5,,202,0000000785,,
4900001971,0001,2023-10-25,201,FE-001,EC,CS01,6539.5,KG,H,EC-D6,,265,0000000941,,
4900001972,0001,2023-10-25,201,FE-002,EC,CS01,1586.7,KG,H,EC-D1,,7,0000000026,,
4900001973,0001,2023-10-25,201,FE-002,EC,CS01,2526.7,KG,H,EC-D2,,52,0000000202,,
4900001974,0001,2023-10-25,201,FE-002,EC,CS01,1520.3,KG,H,EC-D6,,270,0000000962,,
4900001975,0001,2023-10-25,101,FE-003,EC,CS01,86700,KG,S,,,,,4500000072,00010
4900001976,0001,2023-10-25,201,FE-003,EC,CS01,929.1,KG,H,EC-D1,,3,0000000011,,
4900001977,0001,2023-10-25,201,FE-003,EC,CS01,818.9,KG,H,EC-D1,,7,0000000027,,
4900001978,0001,2023-10-25,201,FE-003,EC,CS01,1800.5,KG,H,EC-D5,,179,0000000703,,
4900001979,0001,2023-10-25,201,FE-003,EC,CS01,1788.5,KG,H,EC-D5,,182,0000000715,,
4900001980,0001,2023-10-25,201,FE-003,EC,CS01,2104.3,KG,H,EC-D6,,272,0000000971,,
4900001981,0001,2023-10-25,201,FE-004,EC,CS01,343.7,KG,H,EC-D1,,22,0000000088,,
4900001982,0001,2023-10-25,201,FE-004,EC,CS01,347.8,KG,H,EC-D5,,196,0000000764,,
4900001983,0001,2023-10-25,201,FE-004,EC,CS01,156.9,KG,H,EC-D6,,260,0000000924,,
4900001984,0001,2023-10-25,101,FU-001,EC,CS01,8000,L,S,,,,,4500000113,00010
4900001985,0001,2023-10-25,201,FU-001,EC,CS01,89.1,L,H,EC-D1,,,,,
4900001986,0001,2023-10-25,201,FU-001,EC,CS01,108.3,L,H,EC-D2,,,,,
4900001987,0001,2023-10-25,201,FU-001,EC,CS01,145.1,L,H,EC-D3,,,,,
4900001988,0001,2023-10-25,201,FU-001,EC,CS01,114.5,L,H,EC-D4,,,,,
4900001989,0001,2023-10-25,201,FU-001,EC,CS01,115.8,L,H,EC-D5,,,,,
4900001990,0001,2023-10-25,201,FU-001,EC,CS01,119.5,L,H,EC-D6,,,,,
4900001991,0001,2023-10-25,201,FU-001,EC,CS01,115.4,L,H,EC-D7,,,,,
4900001992,0001,2023-10-25,201,FU-001,EC,CS01,673.6,L,H,EC-GEN,,,,,
4900001993,0001,2023-10-25,201,SP-002,EC,CS01,1,EA,H,EC-WS,,,,,
4900001994,0001,2023-10-25,101,SP-007,EC,CS01,4,EA,S,,,,,4500000110,00010
4900001995,0001,2023-10-25,201,SP-008,EC,CS01,1,EA,H,EC-WS,,,,,
4900001996,0001,2023-10-26,201,AC-001,EC,CS01,129.4,L,H,EC-D7,,,,,
4900001997,0001,2023-10-26,201,AC-003,EC,CS01,3.28,L,H,EC-D6,,,,,
4900001998,0001,2023-10-26,201,FE-002,EC,CS01,2916.2,KG,H,EC-D4,,128,0000000514,,
4900001999,0001,2023-10-26,201,FE-002,EC,CS01,1989.1,KG,H,EC-D4,,166,0000000658,,
4900002000,0001,2023-10-26,201,FE-002,EC,CS01,1483.4,KG,H,EC-D7,,330,0000001090,,
4900002001,0001,2023-10-26,201,FE-003,EC,CS01,1793.2,KG,H,EC-D5,,177,0000000695,,
4900002002,0001,2023-10-26,201,FE-003,EC,CS01,1901.7,KG,H,EC-D7,,298,0000001027,,
4900002003,0001,2023-10-26,201,FE-004,EC,CS01,357.4,KG,H,EC-D1,,15,0000000060,,
4900002004,0001,2023-10-26,201,FE-004,EC,CS01,184.0,KG,H,EC-D1,,39,0000000156,,
4900002005,0001,2023-10-26,201,FE-004,EC,CS01,273.0,KG,H,EC-D2,,51,0000000200,,
4900002006,0001,2023-10-26,201,FE-004,EC,CS01,139.3,KG,H,EC-D4,,164,0000000652,,
4900002007,0001,2023-10-26,201,FE-004,EC,CS01,216.3,KG,H,EC-D7,,309,0000001072,,
4900002008,0001,2023-10-26,201,FU-001,EC,CS01,92.3,L,H,EC-D1,,,,,
4900002009,0001,2023-10-26,201,FU-001,EC,CS01,102.7,L,H,EC-D2,,,,,
4900002010,0001,2023-10-26,201,FU-001,EC,CS01,129.3,L,H,EC-D3,,,,,
4900002011,0001,2023-10-26,201,FU-001,EC,CS01,147.7,L,H,EC-D4,,,,,
4900002012,0001,2023-10-26,201,FU-001,EC,CS01,106.0,L,H,EC-D5,,,,,
4900002013,0001,2023-10-26,201,FU-001,EC,CS01,140.4,L,H,EC-D6,,,,,
4900002014,0001,2023-10-26,201,FU-001,EC,CS01,158.3,L,H,EC-D7,,,,,
4900002015,0001,2023-10-26,201,FU-001,EC,CS01,730.7,L,H,EC-GEN,,,,,
4900002016,0001,2023-10-26,201,SP-001,EC,CS01,1,EA,H,EC-WS,,,,,
4900002017,0001,2023-10-26,201,SP-004,EC,CS01,1,EA,H,EC-WS,,,,,
4900002018,0001,2023-10-26,201,SP-008,EC,CS01,1,EA,H,EC-WS,,,,,
4900002019,0001,2023-10-27,201,AC-001,EC,CS01,129.9,L,H,EC-D1,,,,,
4900002020,0001,2023-10-27,201,AC-002,EC,CS01,5.52,KG,H,EC-D1,,,,,
4900002021,0001,2023-10-27,201,AC-003,EC,CS01,4.99,L,H,EC-D7,,,,,
4900002022,0001,2023-10-27,201,FE-001,EC,CS01,12952.5,KG,H,EC-D2,,51,0000000197,,
4900002023,0001,2023-10-27,201,FE-001,EC,CS01,11002.8,KG,H,EC-D2,,72,0000000277,,
4900002024,0001,2023-10-27,201,FE-001,EC,CS01,11608.3,KG,H,EC-D4,,152,0000000609,,
4900002025,0001,2023-10-27,201,FE-001,EC,CS01,11989.2,KG,H,EC-D7,,346,0000001153,,
4900002026,0001,2023-10-27,201,FE-002,EC,CS01,3192.4,KG,H,EC-D2,,60,0000000234,,
4900002027,0001,2023-10-27,201,FE-002,EC,CS01,3440.4,KG,H,EC-D3,,95,0000000374,,
4900002028,0001,2023-10-27,201,FE-002,EC,CS01,2320.2,KG,H,EC-D5,,177,0000000694,,
4900002029,0001,2023-10-27,201,FE-003,EC,CS01,1394.2,KG,H,EC-D2,,53,0000000207,,
4900002030,0001,2023-10-27,201,FE-003,EC,CS01,1170.0,KG,H,EC-D5,,172,0000000679,,
4900002031,0001,2023-10-27,201,FE-003,EC,CS01,1907.9,KG,H,EC-D6,,245,0000000863,,
4900002032,0001,2023-10-27,201,FE-004,EC,CS01,280.2,KG,H,EC-D1,,32,0000000128,,
4900002033,0001,2023-10-27,201,FE-004,EC,CS01,212.4,KG,H,EC-D3,,102,0000000404,,
4900002034,0001,2023-10-27,201,FE-004,EC,CS01,74.3,KG,H,EC-D4,,126,0000000508,,
4900002035,0001,2023-10-27,201,FE-004,EC,CS01,202.1,KG,H,EC-D4,,151,0000000608,,
4900002036,0001,2023-10-27,201,FU-001,EC,CS01,104.2,L,H,EC-D1,,,,,
4900002037,0001,2023-10-27,201,FU-001,EC,CS01,94.5,L,H,EC-D2,,,,,
4900002038,0001,2023-10-27,201,FU-001,EC,CS01,145.0,L,H,EC-D3,,,,,
4900002039,0001,2023-10-27,201,FU-001,EC,CS01,155.9,L,H,EC-D4,,,,,
4900002040,0001,2023-10-27,201,FU-001,EC,CS01,138.8,L,H,EC-D5,,,,,
4900002041,0001,2023-10-27,201,FU-001,EC,CS01,125.2,L,H,EC-D6,,,,,
4900002042,0001,2023-10-27,201,FU-001,EC,CS01,126.1,L,H,EC-D7,,,,,
4900002043,0001,2023-10-27,201,FU-001,EC,CS01,665.4,L,H,EC-GEN,,,,,
4900002044,0001,2023-10-27,101,SP-002,EC,CS01,1,EA,S,,,,,4500000114,00010
4900002045,0001,2023-10-27,201,SP-002,EC,CS01,1,EA,H,EC-WS,,,,,
4900002046,0001,2023-10-28,201,AC-001,EC,CS01,146.1,L,H,EC-D7,,,,,
4900002047,0001,2023-10-28,201,AC-002,EC,CS01,5.57,KG,H,EC-D7,,,,,
4900002048,0001,2023-10-28,201,AC-003,EC,CS01,2.94,L,H,EC-D7,,,,,
4900002049,0001,2023-10-28,201,AC-004,EC,CS01,2.09,KG,H,EC-D3,,,,,
4900002050,0001,2023-10-28,201,FE-001,EC,CS01,5852.7,KG,H,EC-D6,,270,0000000961,,
4900002051,0001,2023-10-28,201,FE-002,EC,CS01,3756.5,KG,H,EC-D6,,204,0000000798,,
4900002052,0001,2023-10-28,201,FE-003,EC,CS01,1005.2,KG,H,EC-D4,,124,0000000499,,
4900002053,0001,2023-10-28,201,FE-003,EC,CS01,2145.7,KG,H,EC-D4,,130,0000000523,,
4900002054,0001,2023-10-28,201,FE-003,EC,CS01,1706.9,KG,H,EC-D4,,133,0000000535,,
4900002055,0001,2023-10-28,201,FE-003,EC,CS01,1942.5,KG,H,EC-D4,,136,0000000547,,
4900002056,0001,2023-10-28,201,FE-003,EC,CS01,1628.4,KG,H,EC-D7,,335,0000001111,,
4900002057,0001,2023-10-28,201,FE-003,EC,CS01,2871.3,KG,H,EC-D7,,342,0000001139,,
4900002058,0001,2023-10-28,201,FE-003,EC,CS01,1483.8,KG,H,EC-D7,,346,0000001155,,
4900002059,0001,2023-10-28,201,FE-004,EC,CS01,157.7,KG,H,EC-D2,,73,0000000284,,
4900002060,0001,2023-10-28,201,FE-004,EC,CS01,17.7,KG,H,EC-D4,,154,0000000620,,
4900002061,0001,2023-10-28,201,FU-001,EC,CS01,99.2,L,H,EC-D1,,,,,
4900002062,0001,2023-10-28,201,FU-001,EC,CS01,98.0,L,H,EC-D2,,,,,
4900002063,0001,2023-10-28,201,FU-001,EC,CS01,136.0,L,H,EC-D3,,,,,
4900002064,0001,2023-10-28,201,FU-001,EC,CS01,135.1,L,H,EC-D4,,,,,
4900002065,0001,2023-10-28,201,FU-001,EC,CS01,75.4,L,H,EC-D5,,,,,
4900002066,0001,2023-10-28,201,FU-001,EC,CS01,127.1,L,H,EC-D6,,,,,
4900002067,0001,2023-10-28,201,FU-001,EC,CS01,121.4,L,H,EC-D7,,,,,
4900002068,0001,2023-10-28,201,FU-001,EC,CS01,702.7,L,H,EC-GEN,,,,,
4900002069,0001,2023-10-28,201,SP-005,EC,CS01,1,EA,H,EC-WS,,,,,
4900002070,0001,2023-10-29,101,FE-001,EC,CS01,234800,KG,S,,,,,4500000089,00010
4900002071,0001,2023-10-29,201,FE-001,EC,CS01,11692.3,KG,H,EC-D5,,197,0000000765,,
4900002072,0001,2023-10-29,201,FE-001,EC,CS01,2891.7,KG,H,EC-D5,,198,0000000769,,
4900002073,0001,2023-10-29,201,FE-001,EC,CS01,11707.0,KG,H,EC-D6,,259,0000000917,,
4900002074,0001,2023-10-29,201,FE-001,EC,CS01,4682.9,KG,H,EC-D6,,264,0000000937,,
4900002075,0001,2023-10-29,101,FE-002,EC,CS01,89950,KG,S,,,,,4500000087,00010
4900002076,0001,2023-10-29,201,FE-002,EC,CS01,1962.9,KG,H,EC-D3,,85,0000000334,,
4900002077,0001,2023-10-29,201,FE-002,EC,CS01,3563.4,KG,H,EC-D5,,201,0000000782,,
4900002078,0001,2023-10-29,201,FE-002,EC,CS01,3389.4,KG,H,EC-D6,,248,0000000874,,
4900002079,0001,2023-10-29,201,FE-002,EC,CS01,2961.5,KG,H,EC-D7,,297,0000001022,,
4900002080,0001,2023-10-29,201,FE-002,EC,CS01,2286.0,KG,H,EC-D7,,306,0000001058,,
4900002081,0001,2023-10-29,201,FE-002,EC,CS01,1827.8,KG,H,EC-D7,,338,0000001122,,
4900002082,0001,2023-10-29,201,FE-003,EC,CS01,2160.7,KG,H,EC-D1,,23,0000000091,,
4900002083,0001,2023-10-29,201,FE-003,EC,CS01,1432.2,KG,H,EC-D5,,197,0000000767,,
4900002084,0001,2023-10-29,201,FE-003,EC,CS01,1758.7,KG,H,EC-D7,,336,0000001115,,
4900002085,0001,2023-10-29,201,FE-004,EC,CS01,117.9,KG,H,EC-D6,,270,0000000964,,
4900002086,0001,2023-10-29,201,FU-001,EC,CS01,638.4,L,H,EC-GEN,,,,,
4900002087,0001,2023-10-30,201,AC-001,EC,CS01,142.4,L,H,EC-D1,,,,,
4900002088,0001,2023-10-30,201,AC-002,EC,CS01,5.78,KG,H,EC-D1,,,,,
4900002089,0001,2023-10-30,201,FE-001,EC,CS01,10006.5,KG,H,EC-D1,,16,0000000061,,
4900002090,0001,2023-10-30,201,FE-001,EC,CS01,7954.2,KG,H,EC-D3,,85,0000000333,,
4900002091,0001,2023-10-30,201,FE-001,EC,CS01,7909.8,KG,H,EC-D4,,141,0000000565,,
4900002092,0001,2023-10-30,201,FE-001,EC,CS01,6979.1,KG,H,EC-D4,,156,0000000625,,
4900002093,0001,2023-10-30,201,FE-001,EC,CS01,8927.4,KG,H,EC-D5,,184,0000000717,,
4900002094,0001,2023-10-30,201,FE-001,EC,CS01,14957.9,KG,H,EC-D5,,196,0000000761,,
4900002095,0001,2023-10-30,201,FE-001,EC,CS01,8639.4,KG,H,EC-D7,,292,0000001001,,
4900002096,0001,2023-10-30,201,FE-001,EC,CS01,8578.0,KG,H,EC-D7,,344,0000001145,,
4900002097,0001,2023-10-30,201,FE-002,EC,CS01,3152.5,KG,H,EC-D1,,35,0000000138,,
4900002098,0001,2023-10-30,201,FE-002,EC,CS01,3960.4,KG,H,EC-D5,,168,0000000662,,
4900002099,0001,2023-10-30,201,FE-002,EC,CS01,3873.7,KG,H,EC-D6,,216,0000000846,,
4900002100,0001,2023-10-30,201,FE-002,EC,CS01,2598.0,KG,H,EC-D6,,250,0000000882,,
4900002101,0001,2023-10-30,201,FE-003,EC,CS01,2080.7,KG,H,EC-D1,,35,0000000139,,
4900002102,0001,2023-10-30,201,FE-003,EC,CS01,1533.4,KG,H,EC-D2,,66,0000000255,,
4900002103,0001,2023-10-30,201,FE-003,EC,CS01,914.0,KG,H,EC-D3,,118,0000000467,,
4900002104,0001,2023-10-30,201,FE-003,EC,CS01,180.1,KG,H,EC-D3,,369,0000000483,,
4900002105,0001,2023-10-30,201,FE-003,EC,CS01,1198.1,KG,H,EC-D7,,328,0000001083,,
4900002106,0001,2023-10-30,201,FE-003,EC,CS01,812.6,KG,H,EC-D7,,338,0000001123,,
4900002107,0001,2023-10-30,201,FE-004,EC,CS01,59.1,KG,H,EC-D1,,6,0000000024,,
4900002108,0001,2023-10-30,201,FE-004,EC,CS01,305.1,KG,H,EC-D3,,78,0000000308,,
4900002109,0001,2023-10-30,201,FE-004,EC,CS01,267.0,KG,H,EC-D4,,146,0000000588,,
4900002110,0001,2023-10-30,201,FE-004,EC,CS01,346.3,KG,H,EC-D6,,216,0000000848,,
4900002111,0001,2023-10-30,201,FE-004,EC,CS01,293.6,KG,H,EC-D6,,230,0000000860,,
4900002112,0001,2023-10-30,101,FU-001,EC,CS01,8000,L,S,,,,,4500000115,00010
4900002113,0001,2023-10-30,201,FU-001,EC,CS01,114.0,L,H,EC-D1,,,,,
4900002114,0001,2023-10-30,201,FU-001,EC,CS01,87.8,L,H,EC-D2,,,,,
4900002115,0001,2023-10-30,201,FU-001,EC,CS01,117.7,L,H,EC-D3,,,,,
4900002116,0001,2023-10-30,201,FU-001,EC,CS01,161.8,L,H,EC-D4,,,,,
4900002117,0001,2023-10-30,201,FU-001,EC,CS01,117.5,L,H,EC-D5,,,,,
4900002118,0001,2023-10-30,201,FU-001,EC,CS01,106.6,L,H,EC-D6,,,,,
4900002119,0001,2023-10-30,201,FU-001,EC,CS01,106.3,L,H,EC-D7,,,,,
4900002120,0001,2023-10-30,201,FU-001,EC,CS01,668.9,L,H,EC-GEN,,,,,
4900002121,0001,2023-10-30,101,SP-002,EC,CS01,1,EA,S,,,,,4500000119,00010
4900002122,0001,2023-10-30,201,SP-002,EC,CS01,1,EA,H,EC-WS,,,,,
4900002123,0001,2023-10-30,201,SP-004,EC,CS01,1,EA,H,EC-WS,,,,,
4900002124,0001,2023-10-30,201,SP-005,EC,CS01,1,EA,H,EC-WS,,,,,
4900002125,0001,2023-10-31,201,AC-001,EC,CS01,84.1,L,H,EC-D6,,,,,
4900002126,0001,2023-10-31,201,AC-003,EC,CS01,4.81,L,H,EC-D7,,,,,
4900002127,0001,2023-10-31,201,FE-001,EC,CS01,14601.2,KG,H,EC-D1,,15,0000000057,,
4900002128,0001,2023-10-31,201,FE-001,EC,CS01,5046.1,KG,H,EC-D1,,20,0000000077,,
4900002129,0001,2023-10-31,201,FE-001,EC,CS01,7949.3,KG,H,EC-D2,,50,0000000193,,
4900002130,0001,2023-10-31,201,FE-001,EC,CS01,9749.9,KG,H,EC-D7,,333,0000001101,,
4900002131,0001,2023-10-31,201,FE-002,EC,CS01,563.6,KG,H,EC-D3,,81,0000000318,,
4900002132,0001,2023-10-31,201,FE-002,EC,CS01,3511.5,KG,H,EC-D6,,210,0000000822,,
4900002133,0001,2023-10-31,201,FE-002,EC,CS01,743.4,KG,H,EC-D7,,288,0000000986,,
4900002134,0001,2023-10-31,201,FE-003,EC,CS01,2434.9,KG,H,EC-D1,,11,0000000043,,
4900002135,0001,2023-10-31,201,FE-003,EC,CS01,2510.5,KG,H,EC-D1,,34,0000000135,,
4900002136,0001,2023-10-31,201,FE-003,EC,CS01,2025.3,KG,H,EC-D2,,72,0000000279,,
4900002137,0001,2023-10-31,201,FE-003,EC,CS01,2126.9,KG,H,EC-D4,,140,0000000563,,
4900002138,0001,2023-10-31,201,FE-003,EC,CS01,1741.3,KG,H,EC-D6,,222,0000000851,,
4900002139,0001,2023-10-31,201,FE-003,EC,CS01,1866.9,KG,H,EC-D6,,255,0000000903,,
4900002140,0001,2023-10-31,201,FE-003,EC,CS01,1942.0,KG,H,EC-D7,,337,0000001119,,
4900002141,0001,2023-10-31,201,FE-004,EC,CS01,170.7,KG,H,EC-D2,,68,0000000264,,
4900002142,0001,2023-10-31,201,FE-004,EC,CS01,273.6,KG,H,EC-D4,,135,0000000544,,
4900002143,0001,2023-10-31,201,FE-004,EC,CS01,85.2,KG,H,EC-D7,,307,0000001064,,
4900002144,0001,2023-10-31,201,FU-001,EC,CS01,85.7,L,H,EC-D1,,,,,
4900002145,0001,2023-10-31,201,FU-001,EC,CS01,91.3,L,H,EC-D2,,,,,
4900002146,0001,2023-10-31,201,FU-001,EC,CS01,98.4,L,H,EC-D3,,,,,
4900002147,0001,2023-10-31,201,FU-001,EC,CS01,135.5,L,H,EC-D4,,,,,
4900002148,0001,2023-10-31,201,FU-001,EC,CS01,103.7,L,H,EC-D5,,,,,
4900002149,0001,2023-10-31,201,FU-001,EC,CS01,110.0,L,H,EC-D6,,,,,
4900002150,0001,2023-10-31,201,FU-001,EC,CS01,122.3,L,H,EC-D7,,,,,
4900002151,0001,2023-10-31,201,FU-001,EC,CS01,606.2,L,H,EC-GEN,,,,,
4900002152,0001,2023-10-31,201,SP-005,EC,CS01,1,EA,H,EC-WS,,,,,
4900002153,0001,2023-10-31,101,SP-006,EC,CS01,4,EA,S,,,,,4500000105,00010
4900002154,0001,2023-11-01,201,AC-001,EC,CS01,109.6,L,H,EC-D1,,,,,
4900002155,0001,2023-11-01,201,AC-002,EC,CS01,4.07,KG,H,EC-D1,,,,,
4900002156,0001,2023-11-01,101,AC-003,EC,CS01,100,L,S,,,,,4500000106,00010
4900002157,0001,2023-11-01,201,AC-003,EC,CS01,8.47,L,H,EC-D3,,,,,
4900002158,0001,2023-11-01,201,FE-001,EC,CS01,12493.5,KG,H,EC-D1,,10,0000000037,,
4900002159,0001,2023-11-01,201,FE-001,EC,CS01,10180.2,KG,H,EC-D1,,34,0000000133,,
4900002160,0001,2023-11-01,201,FE-002,EC,CS01,2683.4,KG,H,EC-D1,,23,0000000090,,
4900002161,0001,2023-11-01,201,FE-002,EC,CS01,2817.9,KG,H,EC-D2,,69,0000000266,,
4900002162,0001,2023-11-01,201,FE-002,EC,CS01,2526.6,KG,H,EC-D2,,71,0000000274,,
4900002163,0001,2023-11-01,201,FE-002,EC,CS01,581.7,KG,H,EC-D4,,122,0000000490,,
4900002164,0001,2023-11-01,201,FE-002,EC,CS01,3439.6,KG,H,EC-D5,,181,0000000710,,
4900002165,0001,2023-11-01,201,FE-002,EC,CS01,2378.1,KG,H,EC-D6,,209,0000000818,,
4900002166,0001,2023-11-01,201,FE-002,EC,CS01,1165.7,KG,H,EC-D7,,307,0000001062,,
4900002167,0001,2023-11-01,201,FE-002,EC,CS01,2046.0,KG,H,EC-D7,,337,0000001118,,
4900002168,0001,2023-11-01,201,FE-003,EC,CS01,513.3,KG,H,EC-D4,,126,0000000507,,
4900002169,0001,2023-11-01,201,FE-003,EC,CS01,2259.5,KG,H,EC-D7,,293,0000001007,,
4900002170,0001,2023-11-01,201,FE-003,EC,CS01,1920.2,KG,H,EC-D7,,345,0000001151,,
4900002171,0001,2023-11-01,201,FE-004,EC,CS01,175.8,KG,H,EC-D1,,7,0000000028,,
4900002172,0001,2023-11-01,201,FE-004,EC,CS01,296.5,KG,H,EC-D1,,33,0000000132,,
4900002173,0001,2023-11-01,201,FE-004,EC,CS01,190.7,KG,H,EC-D6,,263,0000000936,,
4900002174,0001,2023-11-01,201,FU-001,EC,CS01,96.9,L,H,EC-D1,,,,,
4900002175,0001,2023-11-01,201,FU-001,EC,CS01,89.7,L,H,EC-D2,,,,,
4900002176,0001,2023-11-01,201,FU-001,EC,CS01,127.3,L,H,EC-D3,,,,,
4900002177,0001,2023-11-01,201,FU-001,EC,CS01,139.1,L,H,EC-D4,,,,,
4900002178,0001,2023-11-01,201,FU-001,EC,CS01,108.6,L,H,EC-D5,,,,,
4900002179,0001,2023-11-01,201,FU-001,EC,CS01,125.3,L,H,EC-D6,,,,,
4900002180,0001,2023-11-01,201,FU-001,EC,CS01,118.5,L,H,EC-D7,,,,,
4900002181,0001,2023-11-01,201,FU-001,EC,CS01,754.5,L,H,EC-GEN,,,,,
4900002182,0001,2023-11-01,201,SP-006,EC,CS01,1,EA,H,EC-WS,,,,,
4900002183,0001,2023-11-02,201,AC-001,EC,CS01,81.5,L,H,EC-D6,,,,,
4900002184,0001,2023-11-02,201,AC-003,EC,CS01,2.04,L,H,EC-D5,,,,,
4900002185,0001,2023-11-02,201,FE-001,EC,CS01,7149.8,KG,H,EC-D1,,7,0000000025,,
4900002186,0001,2023-11-02,201,FE-001,EC,CS01,13172.2,KG,H,EC-D1,,35,0000000137,,
4900002187,0001,2023-11-02,201,FE-001,EC,CS01,10039.5,KG,H,EC-D2,,43,0000000169,,
4900002188,0001,2023-11-02,201,FE-001,EC,CS01,9925.8,KG,H,EC-D2,,49,0000000189,,
4900002189,0001,2023-11-02,201,FE-001,EC,CS01,17254.2,KG,H,EC-D5,,168,0000000661,,
4900002190,0001,2023-11-02,201,FE-001,EC,CS01,16666.3,KG,H,EC-D6,,214,0000000837,,
4900002191,0001,2023-11-02,201,FE-001,EC,CS01,14347.5,KG,H,EC-D6,,222,0000000849,,
4900002192,0001,2023-11-02,201,FE-001,EC,CS01,9744.0,KG,H,EC-D6,,261,0000000925,,
4900002193,0001,2023-11-02,201,FE-001,EC,CS01,6003.2,KG,H,EC-D7,,330,0000001089,,
4900002194,0001,2023-11-02,201,FE-002,EC,CS01,3308.7,KG,H,EC-D3,,88,0000000346,,
4900002195,0001,2023-11-02,201,FE-002,EC,CS01,2770.3,KG,H,EC-D3,,113,0000000446,,
4900002196,0001,2023-11-02,201,FE-002,EC,CS01,3530.7,KG,H,EC-D5,,202,0000000786,,
4900002197,0001,2023-11-02,201,FE-003,EC,CS01,1905.5,KG,H,EC-D1,,14,0000000055,,
4900002198,0001,2023-11-02,201,FE-003,EC,CS01,1120.0,KG,H,EC-D1,,17,0000000067,,
4900002199,0001,2023-11-02,201,FE-003,EC,CS01,2155.9,KG,H,EC-D6,,216,0000000847,,
4900002200,0001,2023-11-02,201,FE-003,EC,CS01,1823.5,KG,H,EC-D7,,344,0000001147,,
4900002201,0001,2023-11-02,201,FE-004,EC,CS01,423.4,KG,H,EC-D3,,93,0000000368,,
4900002202,0001,2023-11-02,201,FE-004,EC,CS01,414.3,KG,H,EC-D3,,101,0000000400,,
4900002203,0001,2023-11-02,201,FE-004,EC,CS01,47.9,KG,H,EC-D3,,121,0000000480,,
4900002204,0001,2023-11-02,201,FE-004,EC,CS01,360.3,KG,H,EC-D4,,137,0000000552,,
4900002205,0001,2023-11-02,201,FE-004,EC,CS01,274.6,KG,H,EC-D7,,348,0000001164,,
4900002206,0001,2023-11-02,201,FU-001,EC,CS01,111.7,L,H,EC-D1,,,,,
4900002207,0001,2023-11-02,201,FU-001,EC,CS01,95.2,L,H,EC-D2,,,,,
4900002208,0001,2023-11-02,201,FU-001,EC,CS01,133.3,L,H,EC-D3,,,,,
4900002209,0001,2023-11-02,201,FU-001,EC,CS01,144.9,L,H,EC-D4,,,,,
4900002210,0001,2023-11-02,201,FU-001,EC,CS01,112.5,L,H,EC-D5,,,,,
4900002211,0001,2023-11-02,201,FU-001,EC,CS01,135.6,L,H,EC-D6,,,,,
4900002212,0001,2023-11-02,201,FU-001,EC,CS01,117.9,L,H,EC-D7,,,,,
4900002213,0001,2023-11-02,201,FU-001,EC,CS01,686.5,L,H,EC-GEN,,,,,
4900002214,0001,2023-11-03,201,AC-001,EC,CS01,146.7,L,H,EC-D6,,,,,
4900002215,0001,2023-11-03,201,FE-001,EC,CS01,8666.5,KG,H,EC-D5,,188,0000000733,,
4900002216,0001,2023-11-03,201,FE-001,EC,CS01,2078.8,KG,H,EC-D7,,288,0000000985,,
4900002217,0001,2023-11-03,201,FE-002,EC,CS01,2132.3,KG,H,EC-D1,,32,0000000126,,
4900002218,0001,2023-11-03,201,FE-002,EC,CS01,3696.9,KG,H,EC-D1,,39,0000000154,,
4900002219,0001,2023-11-03,201,FE-002,EC,CS01,2815.3,KG,H,EC-D2,,55,0000000214,,
4900002220,0001,2023-11-03,201,FE-002,EC,CS01,1165.7,KG,H,EC-D4,,123,0000000494,,
4900002221,0001,2023-11-03,201,FE-002,EC,CS01,2290.5,KG,H,EC-D6,,253,0000000894,,
4900002222,0001,2023-11-03,201,FE-002,EC,CS01,4141.6,KG,H,EC-D6,,256,0000000906,,
4900002223,0001,2023-11-03,201,FE-003,EC,CS01,568.4,KG,H,EC-D1,,5,0000000019,,
4900002224,0001,2023-11-03,201,FE-003,EC,CS01,2402.5,KG,H,EC-D1,,16,0000000063,,
4900002225,0001,2023-11-03,201,FE-003,EC,CS01,1237.1,KG,H,EC-D4,,164,0000000651,,
4900002226,0001,2023-11-03,201,FE-004,EC,CS01,213.5,KG,H,EC-D1,,18,0000000072,,
4900002227,0001,2023-11-03,201,FE-004,EC,CS01,295.5,KG,H,EC-D1,,26,0000000104,,
4900002228,0001,2023-11-03,201,FE-004,EC,CS01,312.5,KG,H,EC-D1,,27,0000000108,,
4900002229,0001,2023-11-03,201,FE-004,EC,CS01,222.7,KG,H,EC-D4,,156,0000000628,,
4900002230,0001,2023-11-03,201,FE-004,EC,CS01,116.3,KG,H,EC-D6,,258,0000000916,,
4900002231,0001,2023-11-03,201,FE-004,EC,CS01,108.6,KG,H,EC-D6,,271,0000000968,,
4900002232,0001,2023-11-03,201,FU-001,EC,CS01,97.8,L,H,EC-D1,,,,,
4900002233,0001,2023-11-03,201,FU-001,EC,CS01,96.0,L,H,EC-D2,,,,,
4900002234,0001,2023-11-03,201,FU-001,EC,CS01,134.1,L,H,EC-D3,,,,,
4900002235,0001,2023-11-03,201,FU-001,EC,CS01,127.7,L,H,EC-D4,,,,,
4900002236,0001,2023-11-03,201,FU-001,EC,CS01,97.4,L,H,EC-D5,,,,,
4900002237,0001,2023-11-03,201,FU-001,EC,CS01,123.7,L,H,EC-D6,,,,,
4900002238,0001,2023-11-03,201,FU-001,EC,CS01,133.7,L,H,EC-D7,,,,,
4900002239,0001,2023-11-03,201,FU-001,EC,CS01,624.5,L,H,EC-GEN,,,,,
4900002240,0001,2023-11-03,101,SP-008,EC,CS01,4,EA,S,,,,,4500000093,00010
4900002241,0001,2023-11-04,201,FE-001,EC,CS01,3118.4,KG,H,EC-D4,,125,0000000501,,
4900002242,0001,2023-11-04,201,FE-002,EC,CS01,2968.3,KG,H,EC-D1,,10,0000000038,,
4900002243,0001,2023-11-04,201,FE-002,EC,CS01,2269.7,KG,H,EC-D1,,24,0000000094,,
4900002244,0001,2023-11-04,201,FE-002,EC,CS01,1978.5,KG,H,EC-D2,,50,0000000194,,
4900002245,0001,2023-11-04,201,FE-002,EC,CS01,3451.3,KG,H,EC-D3,,86,0000000338,,
4900002246,0001,2023-11-04,201,FE-002,EC,CS01,3615.0,KG,H,EC-D6,,259,0000000918,,
4900002247,0001,2023-11-04,201,FE-003,EC,CS01,2329.6,KG,H,EC-D6,,215,0000000843,,
4900002248,0001,2023-11-04,201,FE-003,EC,CS01,1726.7,KG,H,EC-D7,,332,0000001099,,
4900002249,0001,2023-11-04,201,FE-004,EC,CS01,267.7,KG,H,EC-D2,,66,0000000256,,
4900002250,0001,2023-11-04,201,FE-004,EC,CS01,232.5,KG,H,EC-D3,,84,0000000332,,
4900002251,0001,2023-11-04,201,FE-004,EC,CS01,281.7,KG,H,EC-D3,,90,0000000356,,
4900002252,0001,2023-11-04,201,FE-004,EC,CS01,339.3,KG,H,EC-D3,,96,0000000380,,
4900002253,0001,2023-11-04,201,FE-004,EC,CS01,417.2,KG,H,EC-D4,,158,0000000636,,
4900002254,0001,2023-11-04,201,FE-004,EC,CS01,381.4,KG,H,EC-D4,,160,0000000644,,
4900002255,0001,2023-11-04,201,FU-001,EC,CS01,128.9,L,H,EC-D1,,,,,
4900002256,0001,2023-11-04,201,FU-001,EC,CS01,83.0,L,H,EC-D2,,,,,
4900002257,0001,2023-11-04,201,FU-001,EC,CS01,114.7,L,H,EC-D3,,,,,
4900002258,0001,2023-11-04,201,FU-001,EC,CS01,168.4,L,H,EC-D4,,,,,
4900002259,0001,2023-11-04,201,FU-001,EC,CS01,85.3,L,H,EC-D5,,,,,
4900002260,0001,2023-11-04,201,FU-001,EC,CS01,124.6,L,H,EC-D6,,,,,
4900002261,0001,2023-11-04,201,FU-001,EC,CS01,100.3,L,H,EC-D7,,,,,
4900002262,0001,2023-11-04,201,FU-001,EC,CS01,591.1,L,H,EC-GEN,,,,,
4900002263,0001,2023-11-04,201,SP-003,EC,CS01,1,EA,H,EC-WS,,,,,
4900002264,0001,2023-11-04,101,SP-004,EC,CS01,4,EA,S,,,,,4500000103,00010
4900002265,0001,2023-11-04,201,SP-004,EC,CS01,1,EA,H,EC-WS,,,,,
4900002266,0001,2023-11-04,201,SP-005,EC,CS01,1,EA,H,EC-WS,,,,,
4900002267,0001,2023-11-05,201,FE-001,EC,CS01,14361.6,KG,H,EC-D5,,169,0000000665,,
4900002268,0001,2023-11-05,201,FE-001,EC,CS01,8320.9,KG,H,EC-D6,,266,0000000945,,
4900002269,0001,2023-11-05,201,FE-001,EC,CS01,7590.3,KG,H,EC-D7,,291,0000000997,,
4900002270,0001,2023-11-05,201,FE-002,EC,CS01,3408.2,KG,H,EC-D2,,73,0000000282,,
4900002271,0001,2023-11-05,201,FE-002,EC,CS01,2646.9,KG,H,EC-D3,,87,0000000342,,
4900002272,0001,2023-11-05,201,FE-002,EC,CS01,1335.9,KG,H,EC-D4,,165,0000000654,,
4900002273,0001,2023-11-05,201,FE-003,EC,CS01,1086.1,KG,H,EC-D4,,122,0000000491,,
4900002274,0001,2023-11-05,201,FE-003,EC,CS01,938.6,KG,H,EC-D5,,174,0000000687,,
4900002275,0001,2023-11-05,201,FE-004,EC,CS01,240.9,KG,H,EC-D1,,8,0000000032,,
4900002276,0001,2023-11-05,201,FE-004,EC,CS01,260.3,KG,H,EC-D5,,186,0000000728,,
4900002277,0001,2023-11-05,201,FE-004,EC,CS01,320.0,KG,H,EC-D7,,291,0000001000,,
4900002278,0001,2023-11-05,201,FE-004,EC,CS01,296.5,KG,H,EC-D7,,334,0000001108,,
4900002279,0001,2023-11-05,101,FU-001,EC,CS01,8000,L,S,,,,,4500000121,00010
4900002280,0001,2023-11-05,201,FU-001,EC,CS01,635.2,L,H,EC-GEN,,,,,
4900002281,0001,2023-11-06,101,FE-001,EC,CS01,234800,KG,S,,,,,4500000098,00010
4900002282,0001,2023-11-06,201,FE-001,EC,CS01,7929.8,KG,H,EC-D2,,45,0000000177,,
4900002283,0001,2023-11-06,201,FE-001,EC,CS01,15150.6,KG,H,EC-D5,,189,0000000737,,
4900002284,0001,2023-11-06,201,FE-001,EC,CS01,14420.6,KG,H,EC-D5,,201,0000000781,,
4900002285,0001,2023-11-06,201,FE-001,EC,CS01,8048.5,KG,H,EC-D6,,272,0000000969,,
4900002286,0001,2023-11-06,201,FE-001,EC,CS01,5818.6,KG,H,EC-D7,,289,0000000989,,
4900002287,0001,2023-11-06,201,FE-002,EC,CS01,2503.9,KG,H,EC-D1,,14,0000000054,,
4900002288,0001,2023-11-06,201,FE-002,EC,CS01,164.0,KG,H,EC-D3,,370,0000000486,,
4900002289,0001,2023-11-06,201,FE-002,EC,CS01,1655.8,KG,H,EC-D4,,133,0000000534,,
4900002290,0001,2023-11-06,201,FE-002,EC,CS01,3687.8,KG,H,EC-D4,,150,0000000602,,
4900002291,0001,2023-11-06,201,FE-003,EC,CS01,2060.6,KG,H,EC-D1,,30,0000000119,,
4900002292,0001,2023-11-06,201,FE-003,EC,CS01,1476.1,KG,H,EC-D5,,170,0000000671,,
4900002293,0001,2023-11-06,201,FE-003,EC,CS01,607.1,KG,H,EC-D5,,192,0000000747,,
4900002294,0001,2023-11-06,201,FE-003,EC,CS01,1865.4,KG,H,EC-D5,,200,0000000779,,
4900002295,0001,2023-11-06,201,FE-003,EC,CS01,1825.7,KG,H,EC-D6,,269,0000000959,,
4900002296,0001,2023-11-06,201,FE-004,EC,CS01,224.6,KG,H,EC-D1,,9,0000000036,,
4900002297,0001,2023-11-06,201,FE-004,EC,CS01,220.1,KG,H,EC-D1,,25,0000000100,,
4900002298,0001,2023-11-06,201,FE-004,EC,CS01,215.1,KG,H,EC-D1,,28,0000000112,,
4900002299,0001,2023-11-06,201,FE-004,EC,CS01,283.4,KG,H,EC-D1,,29,0000000116,,
4900002300,0001,2023-11-06,201,FE-004,EC,CS01,329.5,KG,H,EC-D2,,72,0000000280,,
4900002301,0001,2023-11-06,201,FE-004,EC,CS01,124.6,KG,H,EC-D3,,94,0000000372,,
4900002302,0001,2023-11-06,201,FE-004,EC,CS01,70.3,KG,H,EC-D4,,123,0000000496,,
4900002303,0001,2023-11-06,201,FE-004,EC,CS01,344.1,KG,H,EC-D4,,153,0000000616,,
4900002304,0001,2023-11-06,201,FU-001,EC,CS01,88.7,L,H,EC-D1,,,,,
4900002305,0001,2023-11-06,201,FU-001,EC,CS01,101.9,L,H,EC-D2,,,,,
4900002306,0001,2023-11-06,201,FU-001,EC,CS01,128.8,L,H,EC-D3,,,,,
4900002307,0001,2023-11-06,201,FU-001,EC,CS01,136.8,L,H,EC-D4,,,,,
4900002308,0001,2023-11-06,201,FU-001,EC,CS01,92.7,L,H,EC-D5,,,,,
4900002309,0001,2023-11-06,201,FU-001,EC,CS01,106.7,L,H,EC-D6,,,,,
4900002310,0001,2023-11-06,201,FU-001,EC,CS01,123.6,L,H,EC-D7,,,,,
4900002311,0001,2023-11-06,201,FU-001,EC,CS01,674.2,L,H,EC-GEN,,,,,
4900002312,0001,2023-11-06,101,SP-001,EC,CS01,4,EA,S,,,,,4500000117,00010
4900002313,0001,2023-11-06,101,SP-002,EC,CS01,5,EA,S,,,,,4500000108,00010
4900002314,0001,2023-11-07,201,AC-001,EC,CS01,86.9,L,H,EC-D7,,,,,
4900002315,0001,2023-11-07,201,AC-002,EC,CS01,3.01,KG,H,EC-D7,,,,,
4900002316,0001,2023-11-07,201,AC-003,EC,CS01,8.69,L,H,EC-D7,,,,,
4900002317,0001,2023-11-07,201,FE-001,EC,CS01,3736.9,KG,H,EC-D3,,80,0000000313,,
4900002318,0001,2023-11-07,201,FE-001,EC,CS01,10083.4,KG,H,EC-D3,,90,0000000353,,
4900002319,0001,2023-11-07,201,FE-001,EC,CS01,14712.8,KG,H,EC-D4,,145,0000000581,,
4900002320,0001,2023-11-07,201,FE-002,EC,CS01,1033.6,KG,H,EC-D5,,174,0000000686,,
4900002321,0001,2023-11-07,201,FE-002,EC,CS01,1426.9,KG,H,EC-D6,,247,0000000870,,
4900002322,0001,2023-11-07,201,FE-002,EC,CS01,1382.7,KG,H,EC-D7,,287,0000000982,,
4900002323,0001,2023-11-07,201,FE-002,EC,CS01,4037.7,KG,H,EC-D7,,303,0000001046,,
4900002324,0001,2023-11-07,201,FE-002,EC,CS01,2080.2,KG,H,EC-D7,,310,0000001074,,
4900002325,0001,2023-11-07,201,FE-002,EC,CS01,1987.6,KG,H,EC-D7,,339,0000001126,,
4900002326,0001,2023-11-07,201,FE-003,EC,CS01,2311.1,KG,H,EC-D1,,12,0000000047,,
4900002327,0001,2023-11-07,201,FE-003,EC,CS01,2860.8,KG,H,EC-D2,,56,0000000219,,
4900002328,0001,2023-11-07,201,FE-003,EC,CS01,1859.4,KG,H,EC-D2,,71,0000000275,,
4900002329,0001,2023-11-07,201,FE-003,EC,CS01,187.8,KG,H,EC-D4,,127,0000000511,,
4900002330,0001,2023-11-07,201,FE-003,EC,CS01,2812.1,KG,H,EC-D6,,210,0000000823,,
4900002331,0001,2023-11-07,201,FE-003,EC,CS01,1798.1,KG,H,EC-D6,,212,0000000831,,
4900002332,0001,2023-11-07,201,FE-003,EC,CS01,999.2,KG,H,EC-D7,,333,0000001103,,
4900002333,0001,2023-11-07,201,FE-004,EC,CS01,178.7,KG,H,EC-D2,,62,0000000240,,
4900002334,0001,2023-11-07,201,FE-004,EC,CS01,286.5,KG,H,EC-D4,,134,0000000540,,
4900002335,0001,2023-11-07,201,FE-004,EC,CS01,150.4,KG,H,EC-D4,,139,0000000560,,
4900002336,0001,2023-11-07,201,FE-004,EC,CS01,280.7,KG,H,EC-D6,,213,0000000836,,
4900002337,0001,2023-11-07,201,FE-004,EC,CS01,228.3,KG,H,EC-D7,,335,0000001112,,
4900002338,0001,2023-11-07,201,FE-004,EC,CS01,282.7,KG,H,EC-D7,,342,0000001140,,
4900002339,0001,2023-11-07,201,FU-001,EC,CS01,95.1,L,H,EC-D1,,,,,
4900002340,0001,2023-11-07,201,FU-001,EC,CS01,103.4,L,H,EC-D2,,,,,
4900002341,0001,2023-11-07,201,FU-001,EC,CS01,133.0,L,H,EC-D3,,,,,
4900002342,0001,2023-11-07,201,FU-001,EC,CS01,133.7,L,H,EC-D4,,,,,
4900002343,0001,2023-11-07,201,FU-001,EC,CS01,93.8,L,H,EC-D5,,,,,
4900002344,0001,2023-11-07,201,FU-001,EC,CS01,128.9,L,H,EC-D6,,,,,
4900002345,0001,2023-11-07,201,FU-001,EC,CS01,127.8,L,H,EC-D7,,,,,
4900002346,0001,2023-11-07,201,FU-001,EC,CS01,674.6,L,H,EC-GEN,,,,,
4900002347,0001,2023-11-08,201,AC-001,EC,CS01,153.0,L,H,EC-D3,,,,,
4900002348,0001,2023-11-08,201,AC-002,EC,CS01,5.36,KG,H,EC-D3,,,,,
4900002349,0001,2023-11-08,201,FE-001,EC,CS01,9969.2,KG,H,EC-D2,,59,0000000229,,
4900002350,0001,2023-11-08,201,FE-001,EC,CS01,14094.5,KG,H,EC-D2,,382,0000000289,,
4900002351,0001,2023-11-08,201,FE-001,EC,CS01,6093.7,KG,H,EC-D3,,120,0000000473,,
4900002352,0001,2023-11-08,201,FE-001,EC,CS01,10039.0,KG,H,EC-D6,,207,0000000809,,
4900002353,0001,2023-11-08,201,FE-001,EC,CS01,11858.9,KG,H,EC-D6,,209,0000000817,,
4900002354,0001,2023-11-08,201,FE-002,EC,CS01,1785.6,KG,H,EC-D2,,68,0000000262,,
4900002355,0001,2023-11-08,201,FE-002,EC,CS01,2591.8,KG,H,EC-D5,,190,0000000742,,
4900002356,0001,2023-11-08,201,FE-003,EC,CS01,1879.2,KG,H,EC-D2,,42,0000000167,,
4900002357,0001,2023-11-08,201,FE-003,EC,CS01,1026.7,KG,H,EC-D2,,62,0000000239,,
4900002358,0001,2023-11-08,201,FE-003,EC,CS01,1166.2,KG,H,EC-D6,,246,0000000867,,
4900002359,0001,2023-11-08,201,FE-004,EC,CS01,280.7,KG,H,EC-D2,,46,0000000184,,
4900002360,0001,2023-11-08,201,FE-004,EC,CS01,122.2,KG,H,EC-D3,,79,0000000312,,
4900002361,0001,2023-11-08,201,FE-004,EC,CS01,198.1,KG,H,EC-D3,,114,0000000452,,
4900002362,0001,2023-11-08,201,FE-004,EC,CS01,324.4,KG,H,EC-D5,,176,0000000692,,
4900002363,0001,2023-11-08,201,FE-004,EC,CS01,254.9,KG,H,EC-D6,,262,0000000932,,
4900002364,0001,2023-11-08,201,FU-001,EC,CS01,88.0,L,H,EC-D1,,,,,
4900002365,0001,2023-11-08,201,FU-001,EC,CS01,97.8,L,H,EC-D2,,,,,
4900002366,0001,2023-11-08,201,FU-001,EC,CS01,179.7,L,H,EC-D3,,,,,
4900002367,0001,2023-11-08,201,FU-001,EC,CS01,141.6,L,H,EC-D4,,,,,
4900002368,0001,2023-11-08,201,FU-001,EC,CS01,93.4,L,H,EC-D5,,,,,
4900002369,0001,2023-11-08,201,FU-001,EC,CS01,132.6,L,H,EC-D6,,,,,
4900002370,0001,2023-11-08,201,FU-001,EC,CS01,116.4,L,H,EC-D7,,,,,
4900002371,0001,2023-11-08,201,FU-001,EC,CS01,597.9,L,H,EC-GEN,,,,,
4900002372,0001,2023-11-09,201,AC-001,EC,CS01,124.9,L,H,EC-D7,,,,,
4900002373,0001,2023-11-09,101,AC-002,EC,CS01,5,KG,S,,,,,4500000126,00010
4900002374,0001,2023-11-09,201,AC-002,EC,CS01,4.4,KG,H,EC-D7,,,,,
4900002375,0001,2023-11-09,201,AC-003,EC,CS01,4.24,L,H,EC-D2,,,,,
4900002376,0001,2023-11-09,201,FE-001,EC,CS01,9048.0,KG,H,EC-D1,,2,0000000005,,
4900002377,0001,2023-11-09,201,FE-001,EC,CS01,7529.0,KG,H,EC-D5,,173,0000000681,,
4900002378,0001,2023-11-09,201,FE-001,EC,CS01,8174.7,KG,H,EC-D6,,211,0000000825,,
4900002379,0001,2023-11-09,201,FE-001,EC,CS01,8429.5,KG,H,EC-D7,,293,0000001005,,
4900002380,0001,2023-11-09,201,FE-002,EC,CS01,1767.3,KG,H,EC-D2,,62,0000000238,,
4900002381,0001,2023-11-09,201,FE-002,EC,CS01,3880.2,KG,H,EC-D3,,83,0000000326,,
4900002382,0001,2023-11-09,201,FE-003,EC,CS01,1205.9,KG,H,EC-D2,,65,0000000251,,
4900002383,0001,2023-11-09,201,FE-003,EC,CS01,746.2,KG,H,EC-D3,,99,0000000391,,
4900002384,0001,2023-11-09,201,FE-004,EC,CS01,197.9,KG,H,EC-D1,,31,0000000124,,
4900002385,0001,2023-11-09,201,FE-004,EC,CS01,125.5,KG,H,EC-D3,,80,0000000316,,
4900002386,0001,2023-11-09,201,FE-004,EC,CS01,433.6,KG,H,EC-D3,,86,0000000340,,
4900002387,0001,2023-11-09,201,FE-004,EC,CS01,256.7,KG,H,EC-D3,,115,0000000456,,
4900002388,0001,2023-11-09,201,FE-004,EC,CS01,62.9,KG,H,EC-D7,,288,0000000988,,
4900002389,0001,2023-11-09,201,FU-001,EC,CS01,99.4,L,H,EC-D1,,,,,
4900002390,0001,2023-11-09,201,FU-001,EC,CS01,112.3,L,H,EC-D2,,,,,
4900002391,0001,2023-11-09,201,FU-001,EC,CS01,125.2,L,H,EC-D3,,,,,
4900002392,0001,2023-11-09,201,FU-001,EC,CS01,127.3,L,H,EC-D4,,,,,
4900002393,0001,2023-11-09,201,FU-001,EC,CS01,113.9,L,H,EC-D5,,,,,
4900002394,0001,2023-11-09,201,FU-001,EC,CS01,136.3,L,H,EC-D6,,,,,
4900002395,0001,2023-11-09,201,FU-001,EC,CS01,122.8,L,H,EC-D7,,,,,
4900002396,0001,2023-11-09,201,FU-001,EC,CS01,765.9,L,H,EC-GEN,,,,,
4900002397,0001,2023-11-09,101,SP-005,EC,CS01,4,EA,S,,,,,4500000120,00010
4900002398,0001,2023-11-09,201,SP-007,EC,CS01,1,EA,H,EC-WS,,,,,
4900002399,0001,2023-11-10,201,AC-001,EC,CS01,121.1,L,H,EC-D3,,,,,
4900002400,0001,2023-11-10,201,AC-003,EC,CS01,9.55,L,H,EC-D2,,,,,
4900002401,0001,2023-11-10,201,FE-001,EC,CS01,15761.9,KG,H,EC-D1,,8,0000000029,,
4900002402,0001,2023-11-10,201,FE-001,EC,CS01,10414.0,KG,H,EC-D4,,144,0000000577,,
4900002403,0001,2023-11-10,201,FE-002,EC,CS01,2088.1,KG,H,EC-D5,,199,0000000774,,
4900002404,0001,2023-11-10,201,FE-002,EC,CS01,1113.9,KG,H,EC-D6,,264,0000000938,,
4900002405,0001,2023-11-10,201,FE-002,EC,CS01,1727.2,KG,H,EC-D7,,308,0000001066,,
4900002406,0001,2023-11-10,201,FE-002,EC,CS01,1728.2,KG,H,EC-D7,,309,0000001070,,
4900002407,0001,2023-11-10,201,FE-003,EC,CS01,2326.3,KG,H,EC-D2,,59,0000000231,,
4900002408,0001,2023-11-10,201,FE-003,EC,CS01,107.7,KG,H,EC-D4,,154,0000000619,,
4900002409,0001,2023-11-10,201,FE-003,EC,CS01,2709.7,KG,H,EC-D5,,168,0000000663,,
4900002410,0001,2023-11-10,201,FE-004,EC,CS01,209.3,KG,H,EC-D2,,42,0000000168,,
4900002411,0001,2023-11-10,201,FE-004,EC,CS01,401.3,KG,H,EC-D3,,75,0000000296,,
4900002412,0001,2023-11-10,201,FE-004,EC,CS01,293.3,KG,H,EC-D5,,170,0000000672,,
4900002413,0001,2023-11-10,201,FE-004,EC,CS01,354.5,KG,H,EC-D5,,188,0000000736,,
4900002414,0001,2023-11-10,201,FE-004,EC,CS01,287.3,KG,H,EC-D5,,193,0000000752,,
4900002415,0001,2023-11-10,201,FE-004,EC,CS01,244.2,KG,H,EC-D6,,223,0000000856,,
4900002416,0001,2023-11-10,201,FE-004,EC,CS01,306.5,KG,H,EC-D6,,380,0000000980,,
4900002417,0001,2023-11-10,201,FU-001,EC,CS01,108.2,L,H,EC-D1,,,,,
4900002418,0001,2023-11-10,201,FU-001,EC,CS01,98.2,L,H,EC-D2,,,,,
4900002419,0001,2023-11-10,201,FU-001,EC,CS01,127.7,L,H,EC-D3,,,,,
4900002420,0001,2023-11-10,201,FU-001,EC,CS01,122.9,L,H,EC-D4,,,,,
4900002421,0001,2023-11-10,201,FU-001,EC,CS01,83.2,L,H,EC-D5,,,,,
4900002422,0001,2023-11-10,201,FU-001,EC,CS01,107.3,L,H,EC-D6,,,,,
4900002423,0001,2023-11-10,201,FU-001,EC,CS01,113.0,L,H,EC-D7,,,,,
4900002424,0001,2023-11-10,201,FU-001,EC,CS01,654.8,L,H,EC-GEN,,,,,
4900002425,0001,2023-11-10,201,SP-007,EC,CS01,1,EA,H,EC-WS,,,,,
4900002426,0001,2023-11-11,201,AC-001,EC,CS01,147.4,L,H,EC-D1,,,,,
4900002427,0001,2023-11-11,201,AC-003,EC,CS01,7.59,L,H,EC-D7,,,,,
4900002428,0001,2023-11-11,201,FE-001,EC,CS01,3407.3,KG,H,EC-D1,,6,0000000021,,
4900002429,0001,2023-11-11,201,FE-001,EC,CS01,10117.3,KG,H,EC-D1,,24,0000000093,,
4900002430,0001,2023-11-11,201,FE-002,EC,CS01,1100.1,KG,H,EC-D4,,164,0000000650,,
4900002431,0001,2023-11-11,201,FE-002,EC,CS01,2251.8,KG,H,EC-D5,,182,0000000714,,
4900002432,0001,2023-11-11,201,FE-002,EC,CS01,2581.9,KG,H,EC-D6,,211,0000000826,,
4900002433,0001,2023-11-11,201,FE-003,EC,CS01,2544.9,KG,H,EC-D7,,302,0000001043,,
4900002434,0001,2023-11-11,201,FE-004,EC,CS01,178.7,KG,H,EC-D1,,24,0000000096,,
4900002435,0001,2023-11-11,201,FE-004,EC,CS01,314.5,KG,H,EC-D2,,54,0000000212,,
4900002436,0001,2023-11-11,201,FE-004,EC,CS01,269.5,KG,H,EC-D3,,95,0000000376,,
4900002437,0001,2023-11-11,201,FE-004,EC,CS01,223.8,KG,H,EC-D3,,97,0000000384,,
4900002438,0001,2023-11-11,201,FE-004,EC,CS01,90.9,KG,H,EC-D4,,155,0000000624,,
4900002439,0001,2023-11-11,201,FE-004,EC,CS01,266.5,KG,H,EC-D5,,178,0000000700,,
4900002440,0001,2023-11-11,201,FE-004,EC,CS01,252.2,KG,H,EC-D5,,185,0000000724,,
4900002441,0001,2023-11-11,201,FE-004,EC,CS01,130.2,KG,H,EC-D6,,267,0000000952,,
4900002442,0001,2023-11-11,201,FU-001,EC,CS01,92.4,L,H,EC-D1,,,,,
4900002443,0001,2023-11-11,201,FU-001,EC,CS01,72.1,L,H,EC-D2,,,,,
4900002444,0001,2023-11-11,201,FU-001,EC,CS01,134.3,L,H,EC-D3,,,,,
4900002445,0001,2023-11-11,201,FU-001,EC,CS01,122.6,L,H,EC-D4,,,,,
4900002446,0001,2023-11-11,201,FU-001,EC,CS01,98.5,L,H,EC-D5,,,,,
4900002447,0001,2023-11-11,201,FU-001,EC,CS01,117.8,L,H,EC-D6,,,,,
4900002448,0001,2023-11-11,201,FU-001,EC,CS01,104.1,L,H,EC-D7,,,,,
4900002449,0001,2023-11-11,201,FU-001,EC,CS01,558.6,L,H,EC-GEN,,,,,
4900002450,0001,2023-11-12,201,FE-001,EC,CS01,10521.6,KG,H,EC-D2,,64,0000000245,,
4900002451,0001,2023-11-12,201,FE-001,EC,CS01,9086.1,KG,H,EC-D3,,113,0000000445,,
4900002452,0001,2023-11-12,201,FE-001,EC,CS01,4618.7,KG,H,EC-D6,,258,0000000913,,
4900002453,0001,2023-11-12,201,FE-001,EC,CS01,5396.9,KG,H,EC-D7,,308,0000001065,,
4900002454,0001,2023-11-12,201,FE-002,EC,CS01,2099.8,KG,H,EC-D4,,136,0000000546,,
4900002455,0001,2023-11-12,201,FE-003,EC,CS01,1900.3,KG,H,EC-D1,,8,0000000031,,
4900002456,0001,2023-11-12,201,FE-003,EC,CS01,1942.9,KG,H,EC-D2,,73,0000000283,,
4900002457,0001,2023-11-12,201,FE-003,EC,CS01,2140.0,KG,H,EC-D4,,142,0000000571,,
4900002458,0001,2023-11-12,201,FE-003,EC,CS01,1491.8,KG,H,EC-D4,,166,0000000659,,
4900002459,0001,2023-11-12,201,FE-004,EC,CS01,284.9,KG,H,EC-D2,,47,0000000188,,
4900002460,0001,2023-11-12,201,FE-004,EC,CS01,23.1,KG,H,EC-D4,,127,0000000512,,
4900002461,0001,2023-11-12,201,FE-004,EC,CS01,276.2,KG,H,EC-D5,,180,0000000708,,
4900002462,0001,2023-11-12,201,FE-004,EC,CS01,367.0,KG,H,EC-D6,,203,0000000796,,
4900002463,0001,2023-11-12,201,FE-004,EC,CS01,274.4,KG,H,EC-D6,,208,0000000816,,
4900002464,0001,2023-11-12,201,FE-004,EC,CS01,288.0,KG,H,EC-D6,,249,0000000880,,
4900002465,0001,2023-11-12,101,FU-001,EC,CS01,8000,L,S,,,,,4500000125,00010
4900002466,0001,2023-11-12,201,FU-001,EC,CS01,674.5,L,H,EC-GEN,,,,,
4900002467,0001,2023-11-13,201,AC-001,EC,CS01,134.8,L,H,EC-D3,,,,,
4900002468,0001,2023-11-13,201,AC-003,EC,CS01,11.36,L,H,EC-D7,,,,,
4900002469,0001,2023-11-13,201,FE-001,EC,CS01,9742.9,KG,H,EC-D5,,193,0000000749,,
4900002470,0001,2023-11-13,201,FE-001,EC,CS01,8892.9,KG,H,EC-D6,,205,0000000801,,
4900002471,0001,2023-11-13,201,FE-001,EC,CS01,19717.4,KG,H,EC-D6,,379,0000000973,,
4900002472,0001,2023-11-13,201,FE-001,EC,CS01,14213.6,KG,H,EC-D7,,304,0000001049,,
4900002473,0001,2023-11-13,201,FE-001,EC,CS01,6092.6,KG,H,EC-D7,,332,0000001097,,
4900002474,0001,2023-11-13,201,FE-002,EC,CS01,3198.6,KG,H,EC-D3,,75,0000000294,,
4900002475,0001,2023-11-13,201,FE-003,EC,CS01,318.7,KG,H,EC-D1,,1,0000000003,,
4900002476,0001,2023-11-13,201,FE-003,EC,CS01,1555.6,KG,H,EC-D2,,47,0000000187,,
4900002477,0001,2023-11-13,201,FE-003,EC,CS01,1806.7,KG,H,EC-D3,,109,0000000431,,
4900002478,0001,2023-11-13,201,FE-003,EC,CS01,1847.7,KG,H,EC-D6,,205,0000000803,,
4900002479,0001,2023-11-13,201,FE-003,EC,CS01,2208.0,KG,H,EC-D7,,291,0000000999,,
4900002480,0001,2023-11-13,201,FU-001,EC,CS01,100.6,L,H,EC-D1,,,,,
4900002481,0001,2023-11-13,201,FU-001,EC,CS01,100.4,L,H,EC-D2,,,,,
4900002482,0001,2023-11-13,201,FU-001,EC,CS01,117.4,L,H,EC-D3,,,,,
4900002483,0001,2023-11-13,201,FU-001,EC,CS01,140.0,L,H,EC-D4,,,,,
4900002484,0001,2023-11-13,201,FU-001,EC,CS01,88.1,L,H,EC-D5,,,,,
4900002485,0001,2023-11-13,201,FU-001,EC,CS01,110.3,L,H,EC-D6,,,,,
4900002486,0001,2023-11-13,201,FU-001,EC,CS01,104.3,L,H,EC-D7,,,,,
4900002487,0001,2023-11-13,201,FU-001,EC,CS01,670.3,L,H,EC-GEN,,,,,
4900002488,0001,2023-11-13,201,SP-008,EC,CS01,1,EA,H,EC-WS,,,,,
4900002489,0001,2023-11-14,201,AC-001,EC,CS01,158.6,L,H,EC-D7,,,,,
4900002490,0001,2023-11-14,101,FE-001,EC,CS01,234800,KG,S,,,,,4500000094,00010
4900002491,0001,2023-11-14,201,FE-001,EC,CS01,7532.8,KG,H,EC-D1,,19,0000000073,,
4900002492,0001,2023-11-14,201,FE-001,EC,CS01,9805.7,KG,H,EC-D7,,305,0000001053,,
4900002493,0001,2023-11-14,201,FE-002,EC,CS01,1132.4,KG,H,EC-D1,,3,0000000010,,
4900002494,0001,2023-11-14,201,FE-002,EC,CS01,1020.1,KG,H,EC-D1,,5,0000000018,,
4900002495,0001,2023-11-14,201,FE-002,EC,CS01,2011.9,KG,H,EC-D1,,16,0000000062,,
4900002496,0001,2023-11-14,201,FE-002,EC,CS01,3316.1,KG,H,EC-D1,,33,0000000130,,
4900002497,0001,2023-11-14,201,FE-002,EC,CS01,2710.0,KG,H,EC-D2,,53,0000000206,,
4900002498,0001,2023-11-14,201,FE-002,EC,CS01,2565.3,KG,H,EC-D4,,137,0000000550,,
4900002499,0001,2023-11-14,201,FE-002,EC,CS01,1059.6,KG,H,EC-D4,,163,0000000646,,
4900002500,0001,2023-11-14,201,FE-002,EC,CS01,3662.0,KG,H,EC-D7,,311,0000001078,,
4900002501,0001,2023-11-14,201,FE-003,EC,CS01,615.0,KG,H,EC-D3,,81,0000000319,,
4900002502,0001,2023-11-14,201,FE-003,EC,CS01,962.1,KG,H,EC-D3,,117,0000000463,,
4900002503,0001,2023-11-14,201,FE-003,EC,CS01,1629.5,KG,H,EC-D4,,156,0000000627,,
4900002504,0001,2023-11-14,201,FE-003,EC,CS01,713.2,KG,H,EC-D7,,307,0000001063,,
4900002505,0001,2023-11-14,201,FE-003,EC,CS01,679.9,KG,H,EC-D7,,329,0000001087,,
4900002506,0001,2023-11-14,201,FE-004,EC,CS01,285.1,KG,H,EC-D2,,63,0000000244,,
4900002507,0001,2023-11-14,201,FE-004,EC,CS01,275.6,KG,H,EC-D4,,148,0000000596,,
4900002508,0001,2023-11-14,201,FU-001,EC,CS01,90.4,L,H,EC-D1,,,,,
4900002509,0001,2023-11-14,201,FU-001,EC,CS01,106.3,L,H,EC-D2,,,,,
4900002510,0001,2023-11-14,201,FU-001,EC,CS01,134.1,L,H,EC-D3,,,,,
4900002511,0001,2023-11-14,201,FU-001,EC,CS01,136.9,L,H,EC-D4,,,,,
4900002512,0001,2023-11-14,201,FU-001,EC,CS01,116.8,L,H,EC-D5,,,,,
4900002513,0001,2023-11-14,201,FU-001,EC,CS01,130.7,L,H,EC-D6,,,,,
4900002514,0001,2023-11-14,201,FU-001,EC,CS01,109.4,L,H,EC-D7,,,,,
4900002515,0001,2023-11-14,201,FU-001,EC,CS01,613.0,L,H,EC-GEN,,,,,
4900002516,0001,2023-11-14,201,SP-005,EC,CS01,1,EA,H,EC-WS,,,,,
4900002517,0001,2023-11-15,201,AC-001,EC,CS01,124.4,L,H,EC-D6,,,,,
4900002518,0001,2023-11-15,101,AC-002,EC,CS01,5,KG,S,,,,,4500000128,00010
4900002519,0001,2023-11-15,201,AC-002,EC,CS01,4.88,KG,H,EC-D6,,,,,
4900002520,0001,2023-11-15,201,AC-003,EC,CS01,1.64,L,H,EC-D5,,,,,
4900002521,0001,2023-11-15,201,FE-001,EC,CS01,14050.0,KG,H,EC-D2,,63,0000000241,,
4900002522,0001,2023-11-15,201,FE-001,EC,CS01,1396.7,KG,H,EC-D3,,121,0000000477,,
4900002523,0001,2023-11-15,201,FE-001,EC,CS01,7291.0,KG,H,EC-D6,,247,0000000869,,
4900002524,0001,2023-11-15,201,FE-001,EC,CS01,7943.2,KG,H,EC-D7,,336,0000001113,,
4900002525,0001,2023-11-15,201,FE-002,EC,CS01,2382.9,KG,H,EC-D4,,141,0000000566,,
4900002526,0001,2023-11-15,201,FE-002,EC,CS01,3450.3,KG,H,EC-D6,,252,0000000890,,
4900002527,0001,2023-11-15,201,FE-002,EC,CS01,2523.2,KG,H,EC-D7,,344,0000001146,,
4900002528,0001,2023-11-15,201,FE-003,EC,CS01,2178.6,KG,H,EC-D2,,52,0000000203,,
4900002529,0001,2023-11-15,201,FE-003,EC,CS01,860.9,KG,H,EC-D5,,199,0000000775,,
4900002530,0001,2023-11-15,201,FE-003,EC,CS01,998.8,KG,H,EC-D7,,295,0000001015,,
4900002531,0001,2023-11-15,201,FE-004,EC,CS01,187.5,KG,H,EC-D2,,69,0000000268,,
4900002532,0001,2023-11-15,201,FE-004,EC,CS01,307.2,KG,H,EC-D2,,382,0000000292,,
4900002533,0001,2023-11-15,201,FE-004,EC,CS01,306.9,KG,H,EC-D3,,113,0000000448,,
4900002534,0001,2023-11-15,201,FE-004,EC,CS01,201.0,KG,H,EC-D4,,149,0000000600,,
4900002535,0001,2023-11-15,201,FE-004,EC,CS01,454.6,KG,H,EC-D6,,379,0000000976,,
4900002536,0001,2023-11-15,201,FE-004,EC,CS01,328.8,KG,H,EC-D7,,297,0000001024,,
4900002537,0001,2023-11-15,101,FU-001,EC,CS01,8000,L,S,,,,,4500000127,00010
4900002538,0001,2023-11-15,201,FU-001,EC,CS01,117.8,L,H,EC-D1,,,,,
4900002539,0001,2023-11-15,201,FU-001,EC,CS01,110.2,L,H,EC-D2,,,,,
4900002540,0001,2023-11-15,201,FU-001,EC,CS01,121.1,L,H,EC-D3,,,,,
4900002541,0001,2023-11-15,201,FU-001,EC,CS01,126.1,L,H,EC-D4,,,,,
4900002542,0001,2023-11-15,201,FU-001,EC,CS01,110.7,L,H,EC-D5,,,,,
4900002543,0001,2023-11-15,201,FU-001,EC,CS01,109.0,L,H,EC-D6,,,,,
4900002544,0001,2023-11-15,201,FU-001,EC,CS01,134.7,L,H,EC-D7,,,,,
4900002545,0001,2023-11-15,201,FU-001,EC,CS01,492.1,L,H,EC-GEN,,,,,
4900002546,0001,2023-11-15,101,SP-003,EC,CS01,5,EA,S,,,,,4500000123,00010
4900002547,0001,2023-11-15,201,SP-004,EC,CS01,1,EA,H,EC-WS,,,,,
4900002548,0001,2023-11-15,201,SP-005,EC,CS01,1,EA,H,EC-WS,,,,,
4900002549,0001,2023-11-16,201,AC-001,EC,CS01,107.3,L,H,EC-D5,,,,,
4900002550,0001,2023-11-16,201,AC-002,EC,CS01,4.13,KG,H,EC-D5,,,,,
4900002551,0001,2023-11-16,201,AC-003,EC,CS01,2.16,L,H,EC-D3,,,,,
4900002552,0001,2023-11-16,201,FE-001,EC,CS01,15522.9,KG,H,EC-D1,,11,0000000041,,
4900002553,0001,2023-11-16,201,FE-001,EC,CS01,13770.0,KG,H,EC-D2,,47,0000000185,,
4900002554,0001,2023-11-16,201,FE-001,EC,CS01,13366.1,KG,H,EC-D4,,134,0000000537,,
4900002555,0001,2023-11-16,201,FE-001,EC,CS01,17308.9,KG,H,EC-D4,,157,0000000629,,
4900002556,0001,2023-11-16,201,FE-002,EC,CS01,2653.0,KG,H,EC-D1,,21,0000000082,,
4900002557,0001,2023-11-16,201,FE-002,EC,CS01,3214.0,KG,H,EC-D1,,26,0000000102,,
4900002558,0001,2023-11-16,201,FE-002,EC,CS01,1690.3,KG,H,EC-D3,,105,0000000414,,
4900002559,0001,2023-11-16,201,FE-002,EC,CS01,2698.0,KG,H,EC-D4,,131,0000000526,,
4900002560,0001,2023-11-16,201,FE-002,EC,CS01,2168.3,KG,H,EC-D4,,142,0000000570,,
4900002561,0001,2023-11-16,201,FE-002,EC,CS01,3639.0,KG,H,EC-D6,,245,0000000862,,
4900002562,0001,2023-11-16,201,FE-003,EC,CS01,1705.1,KG,H,EC-D1,,18,0000000071,,
4900002563,0001,2023-11-16,201,FE-003,EC,CS01,2585.5,KG,H,EC-D3,,96,0000000379,,
4900002564,0001,2023-11-16,201,FE-003,EC,CS01,1541.4,KG,H,EC-D3,,114,0000000451,,
4900002565,0001,2023-11-16,201,FE-003,EC,CS01,2177.9,KG,H,EC-D5,,181,0000000711,,
4900002566,0001,2023-11-16,201,FE-003,EC,CS01,1961.8,KG,H,EC-D5,,190,0000000743,,
4900002567,0001,2023-11-16,201,FE-003,EC,CS01,2119.8,KG,H,EC-D6,,204,0000000799,,
4900002568,0001,2023-11-16,201,FE-003,EC,CS01,1494.8,KG,H,EC-D6,,261,0000000927,,
4900002569,0001,2023-11-16,201,FE-004,EC,CS01,209.4,KG,H,EC-D7,,300,0000001036,,
4900002570,0001,2023-11-16,201,FE-004,EC,CS01,304.0,KG,H,EC-D7,,305,0000001056,,
4900002571,0001,2023-11-16,201,FE-004,EC,CS01,320.3,KG,H,EC-D7,,310,0000001076,,
4900002572,0001,2023-11-16,201,FE-004,EC,CS01,248.4,KG,H,EC-D7,,343,0000001144,,
4900002573,0001,2023-11-16,201,FU-001,EC,CS01,104.0,L,H,EC-D1,,,,,
4900002574,0001,2023-11-16,201,FU-001,EC,CS01,109.0,L,H,EC-D2,,,,,
4900002575,0001,2023-11-16,201,FU-001,EC,CS01,111.3,L,H,EC-D3,,,,,
4900002576,0001,2023-11-16,201,FU-001,EC,CS01,128.7,L,H,EC-D4,,,,,
4900002577,0001,2023-11-16,201,FU-001,EC,CS01,101.1,L,H,EC-D5,,,,,
4900002578,0001,2023-11-16,201,FU-001,EC,CS01,108.3,L,H,EC-D6,,,,,
4900002579,0001,2023-11-16,201,FU-001,EC,CS01,130.7,L,H,EC-D7,,,,,
4900002580,0001,2023-11-16,201,FU-001,EC,CS01,613.1,L,H,EC-GEN,,,,,
4900002581,0001,2023-11-16,201,SP-002,EC,CS01,1,EA,H,EC-WS,,,,,
4900002582,0001,2023-11-16,201,SP-002,EC,CS01,1,EA,H,EC-WS,,,,,
4900002583,0001,2023-11-16,201,SP-004,EC,CS01,1,EA,H,EC-WS,,,,,
4900002584,0001,2023-11-16,201,SP-007,EC,CS01,1,EA,H,EC-WS,,,,,
4900002585,0001,2023-11-17,201,AC-001,EC,CS01,105.7,L,H,EC-D6,,,,,
4900002586,0001,2023-11-17,101,AC-002,EC,CS01,5,KG,S,,,,,4500000131,00010
4900002587,0001,2023-11-17,201,AC-002,EC,CS01,4.32,KG,H,EC-D6,,,,,
4900002588,0001,2023-11-17,201,AC-003,EC,CS01,8.69,L,H,EC-D2,,,,,
4900002589,0001,2023-11-17,201,FE-001,EC,CS01,6421.7,KG,H,EC-D3,,79,0000000309,,
4900002590,0001,2023-11-17,201,FE-001,EC,CS01,3369.6,KG,H,EC-D5,,192,0000000745,,
4900002591,0001,2023-11-17,201,FE-002,EC,CS01,1309.2,KG,H,EC-D2,,40,0000000158,,
4900002592,0001,2023-11-17,201,FE-002,EC,CS01,3819.9,KG,H,EC-D3,,108,0000000426,,
4900002593,0001,2023-11-17,201,FE-002,EC,CS01,3394.8,KG,H,EC-D6,,263,0000000934,,
4900002594,0001,2023-11-17,201,FE-003,EC,CS01,1383.7,KG,H,EC-D1,,20,0000000079,,
4900002595,0001,2023-11-17,201,FE-003,EC,CS01,766.0,KG,H,EC-D7,,294,0000001011,,
4900002596,0001,2023-11-17,201,FE-004,EC,CS01,308.1,KG,H,EC-D2,,55,0000000216,,
4900002597,0001,2023-11-17,201,FE-004,EC,CS01,235.9,KG,H,EC-D3,,104,0000000412,,
4900002598,0001,2023-11-17,201,FE-004,EC,CS01,263.5,KG,H,EC-D6,,245,0000000864,,
4900002599,0001,2023-11-17,201,FE-004,EC,CS01,228.0,KG,H,EC-D6,,252,0000000892,,
4900002600,0001,2023-11-17,201,FU-001,EC,CS01,80.9,L,H,EC-D1,,,,,
4900002601,0001,2023-11-17,201,FU-001,EC,CS01,92.6,L,H,EC-D2,,,,,
4900002602,0001,2023-11-17,201,FU-001,EC,CS01,118.6,L,H,EC-D3,,,,,
4900002603,0001,2023-11-17,201,FU-001,EC,CS01,147.7,L,H,EC-D4,,,,,
4900002604,0001,2023-11-17,201,FU-001,EC,CS01,100.5,L,H,EC-D5,,,,,
4900002605,0001,2023-11-17,201,FU-001,EC,CS01,115.7,L,H,EC-D6,,,,,
4900002606,0001,2023-11-17,201,FU-001,EC,CS01,112.3,L,H,EC-D7,,,,,
4900002607,0001,2023-11-17,201,FU-001,EC,CS01,607.5,L,H,EC-GEN,,,,,
4900002608,0001,2023-11-17,201,SP-005,EC,CS01,1,EA,H,EC-WS,,,,,
4900002609,0001,2023-11-18,201,AC-001,EC,CS01,117.4,L,H,EC-D7,,,,,
4900002610,0001,2023-11-18,201,FE-001,EC,CS01,10720.1,KG,H,EC-D1,,33,0000000129,,
4900002611,0001,2023-11-18,201,FE-001,EC,CS01,9935.9,KG,H,EC-D2,,69,0000000265,,
4900002612,0001,2023-11-18,201,FE-001,EC,CS01,5299.3,KG,H,EC-D4,,124,0000000497,,
4900002613,0001,2023-11-18,201,FE-001,EC,CS01,6658.1,KG,H,EC-D4,,166,0000000657,,
4900002614,0001,2023-11-18,201,FE-002,EC,CS01,2837.7,KG,H,EC-D7,,298,0000001026,,
4900002615,0001,2023-11-18,201,FE-003,EC,CS01,1443.0,KG,H,EC-D1,,22,0000000087,,
4900002616,0001,2023-11-18,201,FE-003,EC,CS01,1851.4,KG,H,EC-D3,,111,0000000439,,
4900002617,0001,2023-11-18,201,FE-003,EC,CS01,2428.8,KG,H,EC-D3,,113,0000000447,,
4900002618,0001,2023-11-18,201,FE-003,EC,CS01,1355.3,KG,H,EC-D5,,173,0000000683,,
4900002619,0001,2023-11-18,201,FE-004,EC,CS01,89.8,KG,H,EC-D3,,81,0000000320,,
4900002620,0001,2023-11-18,201,FE-004,EC,CS01,136.8,KG,H,EC-D3,,112,0000000444,,
4900002621,0001,2023-11-18,201,FE-004,EC,CS01,110.5,KG,H,EC-D7,,294,0000001012,,
4900002622,0001,2023-11-18,201,FE-004,EC,CS01,153.1,KG,H,EC-D7,,331,0000001096,,
4900002623,0001,2023-11-18,201,FU-001,EC,CS01,96.9,L,H,EC-D1,,,,,
4900002624,0001,2023-11-18,201,FU-001,EC,CS01,90.8,L,H,EC-D2,,,,,
4900002625,0001,2023-11-18,201,FU-001,EC,CS01,147.2,L,H,EC-D3,,,,,
4900002626,0001,2023-11-18,201,FU-001,EC,CS01,128.8,L,H,EC-D4,,,,,
4900002627,0001,2023-11-18,201,FU-001,EC,CS01,99.7,L,H,EC-D5,,,,,
4900002628,0001,2023-11-18,201,FU-001,EC,CS01,124.7,L,H,EC-D6,,,,,
4900002629,0001,2023-11-18,201,FU-001,EC,CS01,116.6,L,H,EC-D7,,,,,
4900002630,0001,2023-11-18,201,FU-001,EC,CS01,676.5,L,H,EC-GEN,,,,,
4900002631,0001,2023-11-18,101,SP-002,EC,CS01,5,EA,S,,,,,4500000116,00010
4900002632,0001,2023-11-18,201,SP-005,EC,CS01,1,EA,H,EC-WS,,,,,
4900002633,0001,2023-11-19,201,FE-001,EC,CS01,10994.7,KG,H,EC-D2,,60,0000000233,,
4900002634,0001,2023-11-19,201,FE-001,EC,CS01,13456.4,KG,H,EC-D2,,70,0000000269,,
4900002635,0001,2023-11-19,201,FE-001,EC,CS01,12567.6,KG,H,EC-D3,,107,0000000421,,
4900002636,0001,2023-11-19,201,FE-001,EC,CS01,12169.9,KG,H,EC-D4,,128,0000000513,,
4900002637,0001,2023-11-19,201,FE-002,EC,CS01,2362.9,KG,H,EC-D1,,34,0000000134,,
4900002638,0001,2023-11-19,201,FE-002,EC,CS01,1070.0,KG,H,EC-D4,,155,0000000622,,
4900002639,0001,2023-11-19,201,FE-003,EC,CS01,2223.7,KG,H,EC-D1,,38,0000000151,,
4900002640,0001,2023-11-19,201,FE-003,EC,CS01,1589.2,KG,H,EC-D6,,253,0000000895,,
4900002641,0001,2023-11-19,201,FE-003,EC,CS01,3245.2,KG,H,EC-D6,,379,0000000975,,
4900002642,0001,2023-11-19,201,FE-003,EC,CS01,1915.6,KG,H,EC-D7,,334,0000001107,,
4900002643,0001,2023-11-19,201,FE-004,EC,CS01,280.9,KG,H,EC-D1,,14,0000000056,,
4900002644,0001,2023-11-19,201,FE-004,EC,CS01,307.9,KG,H,EC-D1,,38,0000000152,,
4900002645,0001,2023-11-19,201,FE-004,EC,CS01,291.4,KG,H,EC-D5,,179,0000000704,,
4900002646,0001,2023-11-19,201,FU-001,EC,CS01,657.0,L,H,EC-GEN,,,,,
4900002647,0001,2023-11-20,201,AC-001,EC,CS01,151.4,L,H,EC-D3,,,,,
4900002648,0001,2023-11-20,201,AC-003,EC,CS01,2.74,L,H,EC-D3,,,,,
4900002649,0001,2023-11-20,101,FE-001,EC,CS01,234800,KG,S,,,,,4500000083,00010
4900002650,0001,2023-11-20,201,FE-001,EC,CS01,10197.2,KG,H,EC-D7,,297,0000001021,,
4900002651,0001,2023-11-20,201,FE-002,EC,CS01,1829.5,KG,H,EC-D3,,100,0000000394,,
4900002652,0001,2023-11-20,201,FE-002,EC,CS01,199.3,KG,H,EC-D3,,369,0000000482,,
4900002653,0001,2023-11-20,201,FE-002,EC,CS01,981.2,KG,H,EC-D6,,258,0000000914,,
4900002654,0001,2023-11-20,201,FE-002,EC,CS01,2623.3,KG,H,EC-D6,,272,0000000970,,
4900002655,0001,2023-11-20,201,FE-003,EC,CS01,2699.3,KG,H,EC-D2,,58,0000000227,,
4900002656,0001,2023-11-20,201,FE-003,EC,CS01,1895.1,KG,H,EC-D4,,144,0000000579,,
4900002657,0001,2023-11-20,201,FE-003,EC,CS01,782.7,KG,H,EC-D4,,163,0000000647,,
4900002658,0001,2023-11-20,201,FE-003,EC,CS01,2339.7,KG,H,EC-D6,,223,0000000855,,
4900002659,0001,2023-11-20,201,FE-004,EC,CS01,170.2,KG,H,EC-D1,,35,0000000140,,
4900002660,0001,2023-11-20,201,FE-004,EC,CS01,247.8,KG,H,EC-D3,,85,0000000336,,
4900002661,0001,2023-11-20,201,FE-004,EC,CS01,258.0,KG,H,EC-D5,,190,0000000744,,
4900002662,0001,2023-11-20,201,FE-004,EC,CS01,181.6,KG,H,EC-D7,,296,0000001020,,
4900002663,0001,2023-11-20,201,FU-001,EC,CS01,121.3,L,H,EC-D1,,,,,
4900002664,0001,2023-11-20,201,FU-001,EC,CS01,109.5,L,H,EC-D2,,,,,
4900002665,0001,2023-11-20,201,FU-001,EC,CS01,145.2,L,H,EC-D3,,,,,
4900002666,0001,2023-11-20,201,FU-001,EC,CS01,155.2,L,H,EC-D4,,,,,
4900002667,0001,2023-11-20,201,FU-001,EC,CS01,115.0,L,H,EC-D5,,,,,
4900002668,0001,2023-11-20,201,FU-001,EC,CS01,133.7,L,H,EC-D6,,,,,
4900002669,0001,2023-11-20,201,FU-001,EC,CS01,136.6,L,H,EC-D7,,,,,
4900002670,0001,2023-11-20,201,FU-001,EC,CS01,603.2,L,H,EC-GEN,,,,,
4900002671,0001,2023-11-20,201,SP-006,EC,CS01,1,EA,H,EC-WS,,,,,
4900002672,0001,2023-11-21,201,AC-001,EC,CS01,97.3,L,H,EC-D5,,,,,
4900002673,0001,2023-11-21,101,FE-001,EC,CS01,234800,KG,S,,,,,4500000086,00010
4900002674,0001,2023-11-21,201,FE-001,EC,CS01,4418.8,KG,H,EC-D4,,163,0000000645,,
4900002675,0001,2023-11-21,201,FE-001,EC,CS01,8717.9,KG,H,EC-D5,,194,0000000753,,
4900002676,0001,2023-11-21,201,FE-002,EC,CS01,2891.5,KG,H,EC-D1,,17,0000000066,,
4900002677,0001,2023-11-21,201,FE-002,EC,CS01,2889.4,KG,H,EC-D1,,30,0000000118,,
4900002678,0001,2023-11-21,201,FE-002,EC,CS01,2285.2,KG,H,EC-D3,,114,0000000450,,
4900002679,0001,2023-11-21,201,FE-002,EC,CS01,2412.5,KG,H,EC-D4,,144,0000000578,,
4900002680,0001,2023-11-21,201,FE-002,EC,CS01,2699.0,KG,H,EC-D7,,331,0000001094,,
4900002681,0001,2023-11-21,201,FE-003,EC,CS01,1798.1,KG,H,EC-D1,,32,0000000127,,
4900002682,0001,2023-11-21,201,FE-003,EC,CS01,2006.4,KG,H,EC-D2,,70,0000000271,,
4900002683,0001,2023-11-21,201,FE-003,EC,CS01,2418.4,KG,H,EC-D3,,107,0000000423,,
4900002684,0001,2023-11-21,201,FE-003,EC,CS01,2424.4,KG,H,EC-D4,,128,0000000515,,
4900002685,0001,2023-11-21,201,FE-004,EC,CS01,297.2,KG,H,EC-D1,,10,0000000040,,
4900002686,0001,2023-11-21,201,FE-004,EC,CS01,232.4,KG,H,EC-D5,,182,0000000716,,
4900002687,0001,2023-11-21,201,FU-001,EC,CS01,104.6,L,H,EC-D1,,,,,
4900002688,0001,2023-11-21,201,FU-001,EC,CS01,81.7,L,H,EC-D2,,,,,
4900002689,0001,2023-11-21,201,FU-001,EC,CS01,172.2,L,H,EC-D3,,,,,
4900002690,0001,2023-11-21,201,FU-001,EC,CS01,138.5,L,H,EC-D4,,,,,
4900002691,0001,2023-11-21,201,FU-001,EC,CS01,94.2,L,H,EC-D5,,,,,
4900002692,0001,2023-11-21,201,FU-001,EC,CS01,125.6,L,H,EC-D6,,,,,
4900002693,0001,2023-11-21,201,FU-001,EC,CS01,117.2,L,H,EC-D7,,,,,
4900002694,0001,2023-11-21,201,FU-001,EC,CS01,562.5,L,H,EC-GEN,,,,,
4900002695,0001,2023-11-21,201,SP-002,EC,CS01,1,EA,H,EC-WS,,,,,
4900002696,0001,2023-11-21,201,SP-007,EC,CS01,1,EA,H,EC-WS,,,,,
4900002697,0001,2023-11-21,201,SP-007,EC,CS01,1,EA,H,EC-WS,,,,,
4900002698,0001,2023-11-22,201,AC-001,EC,CS01,100.2,L,H,EC-D7,,,,,
4900002699,0001,2023-11-22,201,AC-003,EC,CS01,1.36,L,H,EC-D4,,,,,
4900002700,0001,2023-11-22,201,FE-001,EC,CS01,3325.5,KG,H,EC-D1,,5,0000000017,,
4900002701,0001,2023-11-22,201,FE-001,EC,CS01,8130.1,KG,H,EC-D5,,176,0000000689,,
4900002702,0001,2023-11-22,201,FE-002,EC,CS01,2580.5,KG,H,EC-D1,,28,0000000110,,
4900002703,0001,2023-11-22,201,FE-002,EC,CS01,3238.9,KG,H,EC-D2,,63,0000000242,,
4900002704,0001,2023-11-22,201,FE-002,EC,CS01,3233.8,KG,H,EC-D6,,222,0000000850,,
4900002705,0001,2023-11-22,201,FE-002,EC,CS01,3479.2,KG,H,EC-D7,,341,0000001134,,
4900002706,0001,2023-11-22,201,FE-003,EC,CS01,1019.8,KG,H,EC-D2,,68,0000000263,,
4900002707,0001,2023-11-22,201,FE-003,EC,CS01,1682.8,KG,H,EC-D2,,69,0000000267,,
4900002708,0001,2023-11-22,201,FE-003,EC,CS01,1905.4,KG,H,EC-D4,,151,0000000607,,
4900002709,0001,2023-11-22,201,FE-003,EC,CS01,1782.5,KG,H,EC-D5,,185,0000000723,,
4900002710,0001,2023-11-22,201,FE-003,EC,CS01,2367.2,KG,H,EC-D5,,202,0000000787,,
4900002711,0001,2023-11-22,201,FE-004,EC,CS01,268.4,KG,H,EC-D3,,76,0000000300,,
4900002712,0001,2023-11-22,201,FE-004,EC,CS01,173.3,KG,H,EC-D4,,166,0000000660,,
4900002713,0001,2023-11-22,201,FE-004,EC,CS01,194.5,KG,H,EC-D5,,173,0000000684,,
4900002714,0001,2023-11-22,201,FE-004,EC,CS01,239.8,KG,H,EC-D6,,215,0000000844,,
4900002715,0001,2023-11-22,201,FE-004,EC,CS01,179.3,KG,H,EC-D6,,246,0000000868,,
4900002716,0001,2023-11-22,201,FU-001,EC,CS01,86.9,L,H,EC-D1,,,,,
4900002717,0001,2023-11-22,201,FU-001,EC,CS01,80.0,L,H,EC-D2,,,,,
4900002718,0001,2023-11-22,201,FU-001,EC,CS01,143.6,L,H,EC-D3,,,,,
4900002719,0001,2023-11-22,201,FU-001,EC,CS01,124.2,L,H,EC-D4,,,,,
4900002720,0001,2023-11-22,201,FU-001,EC,CS01,111.0,L,H,EC-D5,,,,,
4900002721,0001,2023-11-22,201,FU-001,EC,CS01,119.2,L,H,EC-D6,,,,,
4900002722,0001,2023-11-22,201,FU-001,EC,CS01,131.8,L,H,EC-D7,,,,,
4900002723,0001,2023-11-22,201,FU-001,EC,CS01,539.4,L,H,EC-GEN,,,,,
4900002724,0001,2023-11-22,201,SP-003,EC,CS01,1,EA,H,EC-WS,,,,,
4900002725,0001,2023-11-22,201,SP-006,EC,CS01,1,EA,H,EC-WS,,,,,
4900002726,0001,2023-11-23,201,AC-001,EC,CS01,129.8,L,H,EC-D7,,,,,
4900002727,0001,2023-11-23,101,AC-002,EC,CS01,5,KG,S,,,,,4500000134,00010
4900002728,0001,2023-11-23,201,AC-002,EC,CS01,5.4,KG,H,EC-D7,,,,,
4900002729,0001,2023-11-23,201,AC-003,EC,CS01,9.55,L,H,EC-D7,,,,,
4900002730,0001,2023-11-23,201,FE-001,EC,CS01,7786.0,KG,H,EC-D2,,42,0000000165,,
4900002731,0001,2023-11-23,201,FE-001,EC,CS01,748.9,KG,H,EC-D4,,154,0000000617,,
4900002732,0001,2023-11-23,201,FE-001,EC,CS01,16937.8,KG,H,EC-D7,,303,0000001045,,
4900002733,0001,2023-11-23,201,FE-001,EC,CS01,14784.2,KG,H,EC-D7,,347,0000001157,,
4900002734,0001,2023-11-23,201,FE-002,EC,CS01,2810.6,KG,H,EC-D3,,76,0000000298,,
4900002735,0001,2023-11-23,201,FE-002,EC,CS01,3308.3,KG,H,EC-D5,,185,0000000722,,
4900002736,0001,2023-11-23,201,FE-002,EC,CS01,1669.3,KG,H,EC-D6,,205,0000000802,,
4900002737,0001,2023-11-23,201,FE-003,EC,CS01,1684.1,KG,H,EC-D1,,28,0000000111,,
4900002738,0001,2023-11-23,201,FE-003,EC,CS01,2052.9,KG,H,EC-D4,,150,0000000603,,
4900002739,0001,2023-11-23,201,FE-003,EC,CS01,1098.6,KG,H,EC-D7,,308,0000001067,,
4900002740,0001,2023-11-23,201,FE-004,EC,CS01,287.5,KG,H,EC-D3,,92,0000000364,,
4900002741,0001,2023-11-23,201,FE-004,EC,CS01,189.7,KG,H,EC-D3,,109,0000000432,,
4900002742,0001,2023-11-23,201,FE-004,EC,CS01,220.6,KG,H,EC-D4,,157,0000000632,,
4900002743,0001,2023-11-23,201,FE-004,EC,CS01,99.3,KG,H,EC-D6,,261,0000000928,,
4900002744,0001,2023-11-23,201,FE-004,EC,CS01,252.1,KG,H,EC-D7,,303,0000001048,,
4900002745,0001,2023-11-23,101,FU-001,EC,CS01,8000,L,S,,,,,4500000133,00010
4900002746,0001,2023-11-23,201,FU-001,EC,CS01,92.2,L,H,EC-D1,,,,,
4900002747,0001,2023-11-23,201,FU-001,EC,CS01,100.3,L,H,EC-D2,,,,,
4900002748,0001,2023-11-23,201,FU-001,EC,CS01,119.8,L,H,EC-D3,,,,,
4900002749,0001,2023-11-23,201,FU-001,EC,CS01,98.6,L,H,EC-D4,,,,,
4900002750,0001,2023-11-23,201,FU-001,EC,CS01,115.5,L,H,EC-D5,,,,,
4900002751,0001,2023-11-23,201,FU-001,EC,CS01,139.9,L,H,EC-D6,,,,,
4900002752,0001,2023-11-23,201,FU-001,EC,CS01,117.4,L,H,EC-D7,,,,,
4900002753,0001,2023-11-23,201,FU-001,EC,CS01,654.0,L,H,EC-GEN,,,,,
4900002754,0001,2023-11-23,201,SP-002,EC,CS01,1,EA,H,EC-WS,,,,,
4900002755,0001,2023-11-23,201,SP-003,EC,CS01,1,EA,H,EC-WS,,,,,
4900002756,0001,2023-11-23,201,SP-005,EC,CS01,1,EA,H,EC-WS,,,,,
4900002757,0001,2023-11-23,201,SP-006,EC,CS01,1,EA,H,EC-WS,,,,,
4900002758,0001,2023-11-24,201,AC-001,EC,CS01,171.0,L,H,EC-D3,,,,,
4900002759,0001,2023-11-24,201,AC-003,EC,CS01,2.74,L,H,EC-D7,,,,,
4900002760,0001,2023-11-24,201,FE-001,EC,CS01,12163.8,KG,H,EC-D4,,131,0000000525,,
4900002761,0001,2023-11-24,201,FE-001,EC,CS01,9841.8,KG,H,EC-D7,,328,0000001081,,
4900002762,0001,2023-11-24,201,FE-001,EC,CS01,9304.4,KG,H,EC-D7,,335,0000001109,,
4900002763,0001,2023-11-24,201,FE-002,EC,CS01,2840.8,KG,H,EC-D2,,42,0000000166,,
4900002764,0001,2023-11-24,201,FE-002,EC,CS01,3608.8,KG,H,EC-D2,,59,0000000230,,
4900002765,0001,2023-11-24,201,FE-002,EC,CS01,2607.8,KG,H,EC-D5,,196,0000000762,,
4900002766,0001,2023-11-24,201,FE-002,EC,CS01,2562.0,KG,H,EC-D6,,206,0000000806,,
4900002767,0001,2023-11-24,201,FE-003,EC,CS01,1838.9,KG,H,EC-D1,,36,0000000143,,
4900002768,0001,2023-11-24,201,FE-003,EC,CS01,1563.7,KG,H,EC-D3,,87,0000000343,,
4900002769,0001,2023-11-24,201,FE-004,EC,CS01,341.4,KG,H,EC-D1,,11,0000000044,,
4900002770,0001,2023-11-24,201,FU-001,EC,CS01,122.5,L,H,EC-D1,,,,,
4900002771,0001,2023-11-24,201,FU-001,EC,CS01,90.8,L,H,EC-D2,,,,,
4900002772,0001,2023-11-24,201,FU-001,EC,CS01,130.5,L,H,EC-D3,,,,,
4900002773,0001,2023-11-24,201,FU-001,EC,CS01,162.1,L,H,EC-D4,,,,,
4900002774,0001,2023-11-24,201,FU-001,EC,CS01,109.1,L,H,EC-D5,,,,,
4900002775,0001,2023-11-24,201,FU-001,EC,CS01,121.0,L,H,EC-D6,,,,,
4900002776,0001,2023-11-24,201,FU-001,EC,CS01,108.3,L,H,EC-D7,,,,,
4900002777,0001,2023-11-24,201,FU-001,EC,CS01,664.4,L,H,EC-GEN,,,,,
4900002778,0001,2023-11-24,201,SP-002,EC,CS01,1,EA,H,EC-WS,,,,,
4900002779,0001,2023-11-24,201,SP-004,EC,CS01,1,EA,H,EC-WS,,,,,
4900002780,0001,2023-11-25,201,AC-001,EC,CS01,106.5,L,H,EC-D6,,,,,
4900002781,0001,2023-11-25,201,FE-002,EC,CS01,2986.0,KG,H,EC-D2,,46,0000000182,,
4900002782,0001,2023-11-25,201,FE-002,EC,CS01,1923.0,KG,H,EC-D3,,84,0000000330,,
4900002783,0001,2023-11-25,201,FE-002,EC,CS01,2889.1,KG,H,EC-D3,,104,0000000410,,
4900002784,0001,2023-11-25,201,FE-002,EC,CS01,3011.7,KG,H,EC-D5,,194,0000000754,,
4900002785,0001,2023-11-25,201,FE-002,EC,CS01,3343.3,KG,H,EC-D6,,212,0000000830,,
4900002786,0001,2023-11-25,201,FE-003,EC,CS01,1601.5,KG,H,EC-D3,,110,0000000435,,
4900002787,0001,2023-11-25,201,FE-003,EC,CS01,837.7,KG,H,EC-D6,,271,0000000967,,
4900002788,0001,2023-11-25,201,FE-004,EC,CS01,232.7,KG,H,EC-D7,,338,0000001124,,
4900002789,0001,2023-11-25,201,FU-001,EC,CS01,82.3,L,H,EC-D1,,,,,
4900002790,0001,2023-11-25,201,FU-001,EC,CS01,98.6,L,H,EC-D2,,,,,
4900002791,0001,2023-11-25,201,FU-001,EC,CS01,149.7,L,H,EC-D3,,,,,
4900002792,0001,2023-11-25,201,FU-001,EC,CS01,135.0,L,H,EC-D4,,,,,
4900002793,0001,2023-11-25,201,FU-001,EC,CS01,94.5,L,H,EC-D5,,,,,
4900002794,0001,2023-11-25,201,FU-001,EC,CS01,165.1,L,H,EC-D6,,,,,
4900002795,0001,2023-11-25,201,FU-001,EC,CS01,110.9,L,H,EC-D7,,,,,
4900002796,0001,2023-11-25,201,FU-001,EC,CS01,686.3,L,H,EC-GEN,,,,,
4900002797,0001,2023-11-25,201,SP-001,EC,CS01,1,EA,H,EC-WS,,,,,
4900002798,0001,2023-11-25,201,SP-001,EC,CS01,1,EA,H,EC-WS,,,,,
4900002799,0001,2023-11-26,201,FE-001,EC,CS01,15903.5,KG,H,EC-D3,,111,0000000437,,
4900002800,0001,2023-11-26,201,FE-001,EC,CS01,8954.7,KG,H,EC-D4,,142,0000000569,,
4900002801,0001,2023-11-26,201,FE-001,EC,CS01,5183.0,KG,H,EC-D4,,164,0000000649,,
4900002802,0001,2023-11-26,201,FE-002,EC,CS01,2416.2,KG,H,EC-D3,,78,0000000306,,
4900002803,0001,2023-11-26,201,FE-002,EC,CS01,3289.2,KG,H,EC-D4,,135,0000000542,,
4900002804,0001,2023-11-26,201,FE-003,EC,CS01,2190.9,KG,H,EC-D2,,44,0000000175,,
4900002805,0001,2023-11-26,201,FE-003,EC,CS01,2703.0,KG,H,EC-D4,,158,0000000635,,
4900002806,0001,2023-11-26,201,FE-003,EC,CS01,1453.1,KG,H,EC-D5,,169,0000000667,,
4900002807,0001,2023-11-26,201,FU-001,EC,CS01,666.9,L,H,EC-GEN,,,,,
4900002808,0001,2023-11-26,101,SP-005,EC,CS01,4,EA,S,,,,,4500000130,00010
4900002809,0001,2023-11-27,201,AC-001,EC,CS01,97.0,L,H,EC-D1,,,,,
4900002810,0001,2023-11-27,101,FE-001,EC,CS01,234800,KG,S,,,,,4500000069,00010
4900002811,0001,2023-11-27,201,FE-001,EC,CS01,7988.6,KG,H,EC-D2,,66,0000000253,,
4900002812,0001,2023-11-27,201,FE-001,EC,CS01,13059.3,KG,H,EC-D3,,95,0000000373,,
4900002813,0001,2023-11-27,201,FE-001,EC,CS01,10121.7,KG,H,EC-D6,,208,0000000813,,
4900002814,0001,2023-11-27,201,FE-001,EC,CS01,9889.7,KG,H,EC-D6,,262,0000000929,,
4900002815,0001,2023-11-27,201,FE-001,EC,CS01,4421.9,KG,H,EC-D7,,301,0000001037,,
4900002816,0001,2023-11-27,201,FE-002,EC,CS01,3538.4,KG,H,EC-D1,,11,0000000042,,
4900002817,0001,2023-11-27,201,FE-002,EC,CS01,3692.6,KG,H,EC-D3,,96,0000000378,,
4900002818,0001,2023-11-27,201,FE-002,EC,CS01,2910.3,KG,H,EC-D6,,380,0000000978,,
4900002819,0001,2023-11-27,201,FE-003,EC,CS01,1847.8,KG,H,EC-D2,,74,0000000287,,
4900002820,0001,2023-11-27,201,FE-003,EC,CS01,873.3,KG,H,EC-D6,,258,0000000915,,
4900002821,0001,2023-11-27,201,FE-003,EC,CS01,1405.0,KG,H,EC-D6,,260,0000000923,,
4900002822,0001,2023-11-27,201,FE-003,EC,CS01,1521.8,KG,H,EC-D7,,348,0000001163,,
4900002823,0001,2023-11-27,201,FE-004,EC,CS01,280.3,KG,H,EC-D7,,339,0000001128,,
4900002824,0001,2023-11-27,201,FU-001,EC,CS01,107.8,L,H,EC-D1,,,,,
4900002825,0001,2023-11-27,201,FU-001,EC,CS01,93.0,L,H,EC-D2,,,,,
4900002826,0001,2023-11-27,201,FU-001,EC,CS01,119.2,L,H,EC-D3,,,,,
4900002827,0001,2023-11-27,201,FU-001,EC,CS01,139.2,L,H,EC-D4,,,,,
4900002828,0001,2023-11-27,201,FU-001,EC,CS01,90.3,L,H,EC-D5,,,,,
4900002829,0001,2023-11-27,201,FU-001,EC,CS01,105.2,L,H,EC-D6,,,,,
4900002830,0001,2023-11-27,201,FU-001,EC,CS01,99.5,L,H,EC-D7,,,,,
4900002831,0001,2023-11-27,201,FU-001,EC,CS01,724.7,L,H,EC-GEN,,,,,
4900002832,0001,2023-11-27,201,SP-003,EC,CS01,1,EA,H,EC-WS,,,,,
4900002833,0001,2023-11-27,201,SP-008,EC,CS01,1,EA,H,EC-WS,,,,,
4900002834,0001,2023-11-28,201,AC-003,EC,CS01,7.68,L,H,EC-D5,,,,,
4900002835,0001,2023-11-28,201,FE-001,EC,CS01,7224.8,KG,H,EC-D3,,114,0000000449,,
4900002836,0001,2023-11-28,201,FE-001,EC,CS01,3604.5,KG,H,EC-D4,,122,0000000489,,
4900002837,0001,2023-11-28,201,FE-001,EC,CS01,12657.8,KG,H,EC-D7,,343,0000001141,,
4900002838,0001,2023-11-28,201,FE-002,EC,CS01,3124.5,KG,H,EC-D1,,13,0000000050,,
4900002839,0001,2023-11-28,201,FE-002,EC,CS01,1592.1,KG,H,EC-D1,,19,0000000074,,
4900002840,0001,2023-11-28,201,FE-002,EC,CS01,974.7,KG,H,EC-D3,,80,0000000314,,
4900002841,0001,2023-11-28,201,FE-002,EC,CS01,3111.6,KG,H,EC-D5,,187,0000000730,,
4900002842,0001,2023-11-28,201,FE-003,EC,CS01,2667.3,KG,H,EC-D1,,31,0000000123,,
4900002843,0001,2023-11-28,201,FE-003,EC,CS01,2228.9,KG,H,EC-D5,,188,0000000735,,
4900002844,0001,2023-11-28,201,FE-004,EC,CS01,332.7,KG,H,EC-D1,,30,0000000120,,
4900002845,0001,2023-11-28,201,FE-004,EC,CS01,91.2,KG,H,EC-D2,,65,0000000252,,
4900002846,0001,2023-11-28,201,FE-004,EC,CS01,112.9,KG,H,EC-D4,,124,0000000500,,
4900002847,0001,2023-11-28,201,FE-004,EC,CS01,314.8,KG,H,EC-D4,,128,0000000516,,
4900002848,0001,2023-11-28,201,FE-004,EC,CS01,314.9,KG,H,EC-D4,,132,0000000532,,
4900002849,0001,2023-11-28,201,FE-004,EC,CS01,139.4,KG,H,EC-D5,,184,0000000720,,
4900002850,0001,2023-11-28,201,FE-004,EC,CS01,174.4,KG,H,EC-D7,,289,0000000992,,
4900002851,0001,2023-11-28,201,FE-004,EC,CS01,80.5,KG,H,EC-D7,,295,0000001016,,
4900002852,0001,2023-11-28,201,FU-001,EC,CS01,106.9,L,H,EC-D1,,,,,
4900002853,0001,2023-11-28,201,FU-001,EC,CS01,92.7,L,H,EC-D2,,,,,
4900002854,0001,2023-11-28,201,FU-001,EC,CS01,157.1,L,H,EC-D3,,,,,
4900002855,0001,2023-11-28,201,FU-001,EC,CS01,117.4,L,H,EC-D4,,,,,
4900002856,0001,2023-11-28,201,FU-001,EC,CS01,109.8,L,H,EC-D5,,,,,
4900002857,0001,2023-11-28,201,FU-001,EC,CS01,118.0,L,H,EC-D6,,,,,
4900002858,0001,2023-11-28,201,FU-001,EC,CS01,97.3,L,H,EC-D7,,,,,
4900002859,0001,2023-11-28,201,FU-001,EC,CS01,556.8,L,H,EC-GEN,,,,,
4900002860,0001,2023-11-28,201,SP-003,EC,CS01,1,EA,H,EC-WS,,,,,
4900002861,0001,2023-11-29,101,AC-001,EC,CS01,200,L,S,,,,,4500000140,00010
4900002862,0001,2023-11-29,201,AC-001,EC,CS01,92.6,L,H,EC-D6,,,,,
4900002863,0001,2023-11-29,101,AC-002,EC,CS01,5,KG,S,,,,,4500000141,00010
4900002864,0001,2023-11-29,201,AC-002,EC,CS01,3.82,KG,H,EC-D6,,,,,
4900002865,0001,2023-11-29,201,FE-001,EC,CS01,988.9,KG,H,EC-D4,,127,0000000509,,
4900002866,0001,2023-11-29,201,FE-001,EC,CS01,6159.0,KG,H,EC-D4,,143,0000000573,,
4900002867,0001,2023-11-29,201,FE-001,EC,CS01,8674.2,KG,H,EC-D5,,178,0000000697,,
4900002868,0001,2023-11-29,201,FE-001,EC,CS01,11841.6,KG,H,EC-D7,,339,0000001125,,
4900002869,0001,2023-11-29,201,FE-002,EC,CS01,364.1,KG,H,EC-D3,,119,0000000470,,
4900002870,0001,2023-11-29,201,FE-003,EC,CS01,2375.2,KG,H,EC-D2,,54,0000000211,,
4900002871,0001,2023-11-29,201,FE-003,EC,CS01,1879.3,KG,H,EC-D3,,78,0000000307,,
4900002872,0001,2023-11-29,201,FE-003,EC,CS01,1951.5,KG,H,EC-D5,,193,0000000751,,
4900002873,0001,2023-11-29,201,FE-004,EC,CS01,167.2,KG,H,EC-D6,,247,0000000872,,
4900002874,0001,2023-11-29,201,FE-004,EC,CS01,253.9,KG,H,EC-D7,,332,0000001100,,
4900002875,0001,2023-11-29,201,FU-001,EC,CS01,106.7,L,H,EC-D1,,,,,
4900002876,0001,2023-11-29,201,FU-001,EC,CS01,79.7,L,H,EC-D2,,,,,
4900002877,0001,2023-11-29,201,FU-001,EC,CS01,102.5,L,H,EC-D3,,,,,
4900002878,0001,2023-11-29,201,FU-001,EC,CS01,122.1,L,H,EC-D4,,,,,
4900002879,0001,2023-11-29,201,FU-001,EC,CS01,100.6,L,H,EC-D5,,,,,
4900002880,0001,2023-11-29,201,FU-001,EC,CS01,135.9,L,H,EC-D6,,,,,
4900002881,0001,2023-11-29,201,FU-001,EC,CS01,116.0,L,H,EC-D7,,,,,
4900002882,0001,2023-11-29,201,FU-001,EC,CS01,667.6,L,H,EC-GEN,,,,,
4900002883,0001,2023-11-29,201,SP-001,EC,CS01,1,EA,H,EC-WS,,,,,
4900002884,0001,2023-11-29,201,SP-001,EC,CS01,1,EA,H,EC-WS,,,,,
4900002885,0001,2023-11-29,201,SP-003,EC,CS01,1,EA,H,EC-WS,,,,,
4900002886,0001,2023-11-29,201,SP-004,EC,CS01,1,EA,H,EC-WS,,,,,
4900002887,0001,2023-11-29,201,SP-005,EC,CS01,1,EA,H,EC-WS,,,,,
4900002888,0001,2023-11-30,201,AC-001,EC,CS01,100.0,L,H,EC-D4,,,,,
4900002889,0001,2023-11-30,101,AC-002,EC,CS01,42,KG,S,,,,,4500000118,00010
4900002890,0001,2023-11-30,201,AC-003,EC,CS01,6.03,L,H,EC-D2,,,,,
4900002891,0001,2023-11-30,201,FE-001,EC,CS01,12595.8,KG,H,EC-D3,,92,0000000361,,
4900002892,0001,2023-11-30,201,FE-001,EC,CS01,12618.8,KG,H,EC-D3,,96,0000000377,,
4900002893,0001,2023-11-30,201,FE-001,EC,CS01,12404.4,KG,H,EC-D4,,159,0000000637,,
4900002894,0001,2023-11-30,201,FE-001,EC,CS01,13664.3,KG,H,EC-D5,,190,0000000741,,
4900002895,0001,2023-11-30,201,FE-002,EC,CS01,625.8,KG,H,EC-D1,,1,0000000002,,
4900002896,0001,2023-11-30,201,FE-002,EC,CS01,3183.6,KG,H,EC-D1,,8,0000000030,,
4900002897,0001,2023-11-30,201,FE-002,EC,CS01,2847.3,KG,H,EC-D2,,66,0000000254,,
4900002898,0001,2023-11-30,201,FE-002,EC,CS01,2777.6,KG,H,EC-D5,,176,0000000690,,
4900002899,0001,2023-11-30,201,FE-002,EC,CS01,1017.3,KG,H,EC-D5,,192,0000000746,,
4900002900,0001,2023-11-30,201,FE-003,EC,CS01,1525.5,KG,H,EC-D4,,149,0000000599,,
4900002901,0001,2023-11-30,201,FE-003,EC,CS01,2615.2,KG,H,EC-D6,,248,0000000875,,
4900002902,0001,2023-11-30,201,FE-004,EC,CS01,167.3,KG,H,EC-D1,,2,0000000008,,
4900002903,0001,2023-11-30,201,FE-004,EC,CS01,205.8,KG,H,EC-D4,,130,0000000524,,
4900002904,0001,2023-11-30,201,FE-004,EC,CS01,213.9,KG,H,EC-D7,,347,0000001160,,
4900002905,0001,2023-11-30,201,FU-001,EC,CS01,99.0,L,H,EC-D1,,,,,
4900002906,0001,2023-11-30,201,FU-001,EC,CS01,80.8,L,H,EC-D2,,,,,
4900002907,0001,2023-11-30,201,FU-001,EC,CS01,115.2,L,H,EC-D3,,,,,
4900002908,0001,2023-11-30,201,FU-001,EC,CS01,123.7,L,H,EC-D4,,,,,
4900002909,0001,2023-11-30,201,FU-001,EC,CS01,83.4,L,H,EC-D5,,,,,
4900002910,0001,2023-11-30,201,FU-001,EC,CS01,129.9,L,H,EC-D6,,,,,
4900002911,0001,2023-11-30,201,FU-001,EC,CS01,108.8,L,H,EC-D7,,,,,
4900002912,0001,2023-11-30,201,FU-001,EC,CS01,732.0,L,H,EC-GEN,,,,,
4900002913,0001,2023-11-30,201,SP-003,EC,CS01,1,EA,H,EC-WS,,,,,
4900002914,0001,2023-12-01,101,AC-001,EC,CS01,200,L,S,,,,,4500000142,00010
4900002915,0001,2023-12-01,201,AC-001,EC,CS01,162.6,L,H,EC-D5,,,,,
4900002916,0001,2023-12-01,201,AC-003,EC,CS01,4.24,L,H,EC-D1,,,,,
4900002917,0001,2023-12-01,201,FE-001,EC,CS01,9250.4,KG,H,EC-D1,,18,0000000069,,
4900002918,0001,2023-12-01,201,FE-001,EC,CS01,9017.4,KG,H,EC-D2,,62,0000000237,,
4900002919,0001,2023-12-01,201,FE-001,EC,CS01,8506.3,KG,H,EC-D3,,100,0000000393,,
4900002920,0001,2023-12-01,201,FE-001,EC,CS01,3484.2,KG,H,EC-D3,,112,0000000441,,
4900002921,0001,2023-12-01,201,FE-001,EC,CS01,11365.0,KG,H,EC-D4,,140,0000000561,,
4900002922,0001,2023-12-01,201,FE-001,EC,CS01,13555.5,KG,H,EC-D4,,147,0000000589,,
4900002923,0001,2023-12-01,201,FE-001,EC,CS01,5081.5,KG,H,EC-D6,,267,0000000949,,
4900002924,0001,2023-12-01,201,FE-001,EC,CS01,10198.2,KG,H,EC-D7,,331,0000001093,,
4900002925,0001,2023-12-01,201,FE-002,EC,CS01,2399.9,KG,H,EC-D2,,47,0000000186,,
4900002926,0001,2023-12-01,201,FE-004,EC,CS01,294.4,KG,H,EC-D2,,52,0000000204,,
4900002927,0001,2023-12-01,201,FE-004,EC,CS01,274.2,KG,H,EC-D4,,131,0000000528,,
4900002928,0001,2023-12-01,101,FU-001,EC,CS01,8000,L,S,,,,,4500000138,00010
4900002929,0001,2023-12-01,201,FU-001,EC,CS01,80.1,L,H,EC-D1,,,,,
4900002930,0001,2023-12-01,201,FU-001,EC,CS01,82.5,L,H,EC-D2,,,,,
4900002931,0001,2023-12-01,201,FU-001,EC,CS01,119.1,L,H,EC-D3,,,,,
4900002932,0001,2023-12-01,201,FU-001,EC,CS01,162.3,L,H,EC-D4,,,,,
4900002933,0001,2023-12-01,201,FU-001,EC,CS01,111.8,L,H,EC-D5,,,,,
4900002934,0001,2023-12-01,201,FU-001,EC,CS01,133.3,L,H,EC-D6,,,,,
4900002935,0001,2023-12-01,201,FU-001,EC,CS01,144.4,L,H,EC-D7,,,,,
4900002936,0001,2023-12-01,201,FU-001,EC,CS01,735.1,L,H,EC-GEN,,,,,
4900002937,0001,2023-12-01,201,SP-002,EC,CS01,1,EA,H,EC-WS,,,,,
4900002938,0001,2023-12-02,201,FE-001,EC,CS01,11631.9,KG,H,EC-D4,,150,0000000601,,
4900002939,0001,2023-12-02,201,FE-001,EC,CS01,8946.9,KG,H,EC-D6,,223,0000000853,,
4900002940,0001,2023-12-02,201,FE-002,EC,CS01,827.9,KG,H,EC-D7,,294,0000001010,,
4900002941,0001,2023-12-02,201,FE-003,EC,CS01,1986.4,KG,H,EC-D3,,89,0000000351,,
4900002942,0001,2023-12-02,201,FE-003,EC,CS01,2567.7,KG,H,EC-D4,,153,0000000615,,
4900002943,0001,2023-12-02,201,FE-003,EC,CS01,1811.6,KG,H,EC-D7,,306,0000001059,,
4900002944,0001,2023-12-02,201,FE-004,EC,CS01,27.2,KG,H,EC-D3,,82,0000000324,,
4900002945,0001,2023-12-02,201,FE-004,EC,CS01,366.0,KG,H,EC-D3,,98,0000000388,,
4900002946,0001,2023-12-02,201,FU-001,EC,CS01,110.3,L,H,EC-D1,,,,,
4900002947,0001,2023-12-02,201,FU-001,EC,CS01,81.1,L,H,EC-D2,,,,,
4900002948,0001,2023-12-02,201,FU-001,EC,CS01,171.5,L,H,EC-D3,,,,,
4900002949,0001,2023-12-02,201,FU-001,EC,CS01,134.7,L,H,EC-D4,,,,,
4900002950,0001,2023-12-02,201,FU-001,EC,CS01,94.5,L,H,EC-D5,,,,,
4900002951,0001,2023-12-02,201,FU-001,EC,CS01,106.1,L,H,EC-D6,,,,,
4900002952,0001,2023-12-02,201,FU-001,EC,CS01,122.8,L,H,EC-D7,,,,,
4900002953,0001,2023-12-02,201,FU-001,EC,CS01,616.0,L,H,EC-GEN,,,,,
4900002954,0001,2023-12-02,201,SP-008,EC,CS01,1,EA,H,EC-WS,,,,,
4900002955,0001,2023-12-03,201,FE-001,EC,CS01,12935.8,KG,H,EC-D4,,153,0000000613,,
4900002956,0001,2023-12-03,201,FE-001,EC,CS01,12966.6,KG,H,EC-D6,,215,0000000841,,
4900002957,0001,2023-12-03,201,FE-002,EC,CS01,3058.6,KG,H,EC-D1,,29,0000000114,,
4900002958,0001,2023-12-03,201,FE-002,EC,CS01,1001.7,KG,H,EC-D5,,198,0000000770,,
4900002959,0001,2023-12-03,201,FE-002,EC,CS01,2035.4,KG,H,EC-D7,,296,0000001018,,
4900002960,0001,2023-12-03,201,FE-003,EC,CS01,2238.8,KG,H,EC-D1,,39,0000000155,,
4900002961,0001,2023-12-03,201,FE-003,EC,CS01,1560.0,KG,H,EC-D3,,90,0000000355,,
4900002962,0001,2023-12-03,201,FE-004,EC,CS01,177.2,KG,H,EC-D6,,253,0000000896,,
4900002963,0001,2023-12-03,201,FU-001,EC,CS01,643.9,L,H,EC-GEN,,,,,
4900002964,0001,2023-12-04,201,AC-001,EC,CS01,94.4,L,H,EC-D2,,,,,
4900002965,0001,2023-12-04,201,AC-002,EC,CS01,3.93,KG,H,EC-D2,,,,,
4900002966,0001,2023-12-04,201,FE-001,EC,CS01,3780.7,KG,H,EC-D3,,106,0000000417,,
4900002967,0001,2023-12-04,201,FE-001,EC,CS01,9817.5,KG,H,EC-D4,,133,0000000533,,
4900002968,0001,2023-12-04,201,FE-001,EC,CS01,16389.4,KG,H,EC-D6,,203,0000000793,,
4900002969,0001,2023-12-04,201,FE-002,EC,CS01,1723.8,KG,H,EC-D3,,89,0000000350,,
4900002970,0001,2023-12-04,201,FE-002,EC,CS01,1813.2,KG,H,EC-D5,,173,0000000682,,
4900002971,0001,2023-12-04,201,FE-002,EC,CS01,1994.1,KG,H,EC-D5,,186,0000000726,,
4900002972,0001,2023-12-04,201,FE-002,EC,CS01,2851.3,KG,H,EC-D7,,304,0000001050,,
4900002973,0001,2023-12-04,201,FE-002,EC,CS01,2027.5,KG,H,EC-D7,,332,0000001098,,
4900002974,0001,2023-12-04,201,FE-003,EC,CS01,2228.1,KG,H,EC-D5,,180,0000000707,,
4900002975,0001,2023-12-04,201,FE-003,EC,CS01,2537.7,KG,H,EC-D7,,347,0000001159,,
4900002976,0001,2023-12-04,201,FE-004,EC,CS01,315.2,KG,H,EC-D3,,103,0000000408,,
4900002977,0001,2023-12-04,201,FU-001,EC,CS01,88.3,L,H,EC-D1,,,,,
4900002978,0001,2023-12-04,201,FU-001,EC,CS01,99.4,L,H,EC-D2,,,,,
4900002979,0001,2023-12-04,201,FU-001,EC,CS01,153.4,L,H,EC-D3,,,,,
4900002980,0001,2023-12-04,201,FU-001,EC,CS01,111.8,L,H,EC-D4,,,,,
4900002981,0001,2023-12-04,201,FU-001,EC,CS01,102.9,L,H,EC-D5,,,,,
4900002982,0001,2023-12-04,201,FU-001,EC,CS01,107.5,L,H,EC-D6,,,,,
4900002983,0001,2023-12-04,201,FU-001,EC,CS01,109.0,L,H,EC-D7,,,,,
4900002984,0001,2023-12-04,201,FU-001,EC,CS01,591.2,L,H,EC-GEN,,,,,
4900002985,0001,2023-12-05,101,AC-001,EC,CS01,200,L,S,,,,,4500000147,00010
4900002986,0001,2023-12-05,201,AC-001,EC,CS01,125.9,L,H,EC-D7,,,,,
4900002987,0001,2023-12-05,201,FE-001,EC,CS01,13180.3,KG,H,EC-D1,,30,0000000117,,
4900002988,0001,2023-12-05,201,FE-002,EC,CS01,1696.4,KG,H,EC-D1,,4,0000000014,,
4900002989,0001,2023-12-05,201,FE-002,EC,CS01,214.5,KG,H,EC-D3,,82,0000000322,,
4900002990,0001,2023-12-05,201,FE-002,EC,CS01,1083.2,KG,H,EC-D4,,124,0000000498,,
4900002991,0001,2023-12-05,201,FE-002,EC,CS01,3026.8,KG,H,EC-D7,,293,0000001006,,
4900002992,0001,2023-12-05,201,FE-002,EC,CS01,3239.7,KG,H,EC-D7,,335,0000001110,,
4900002993,0001,2023-12-05,201,FE-003,EC,CS01,2410.5,KG,H,EC-D1,,26,0000000103,,
4900002994,0001,2023-12-05,201,FE-003,EC,CS01,2059.4,KG,H,EC-D2,,41,0000000163,,
4900002995,0001,2023-12-05,201,FE-003,EC,CS01,2908.7,KG,H,EC-D4,,138,0000000555,,
4900002996,0001,2023-12-05,201,FE-004,EC,CS01,304.6,KG,H,EC-D1,,37,0000000148,,
4900002997,0001,2023-12-05,201,FE-004,EC,CS01,334.2,KG,H,EC-D4,,136,0000000548,,
4900002998,0001,2023-12-05,201,FE-004,EC,CS01,194.8,KG,H,EC-D5,,172,0000000680,,
4900002999,0001,2023-12-05,201,FU-001,EC,CS01,99.1,L,H,EC-D1,,,,,
4900003000,0001,2023-12-05,201,FU-001,EC,CS01,108.2,L,H,EC-D2,,,,,
4900003001,0001,2023-12-05,201,FU-001,EC,CS01,163.7,L,H,EC-D3,,,,,
4900003002,0001,2023-12-05,201,FU-001,EC,CS01,139.2,L,H,EC-D4,,,,,
4900003003,0001,2023-12-05,201,FU-001,EC,CS01,87.1,L,H,EC-D5,,,,,
4900003004,0001,2023-12-05,201,FU-001,EC,CS01,123.3,L,H,EC-D6,,,,,
4900003005,0001,2023-12-05,201,FU-001,EC,CS01,121.7,L,H,EC-D7,,,,,
4900003006,0001,2023-12-05,201,FU-001,EC,CS01,561.5,L,H,EC-GEN,,,,,
4900003007,0001,2023-12-06,201,AC-001,EC,CS01,68.6,L,H,EC-D5,,,,,
4900003008,0001,2023-12-06,201,FE-001,EC,CS01,12129.1,KG,H,EC-D2,,44,0000000173,,
4900003009,0001,2023-12-06,201,FE-001,EC,CS01,10203.4,KG,H,EC-D5,,185,0000000721,,
4900003010,0001,2023-12-06,201,FE-002,EC,CS01,1596.0,KG,H,EC-D4,,130,0000000522,,
4900003011,0001,2023-12-06,201,FE-002,EC,CS01,2108.9,KG,H,EC-D4,,140,0000000562,,
4900003012,0001,2023-12-06,201,FE-002,EC,CS01,1979.6,KG,H,EC-D5,,200,0000000778,,
4900003013,0001,2023-12-06,201,FE-002,EC,CS01,2575.0,KG,H,EC-D6,,255,0000000902,,
4900003014,0001,2023-12-06,201,FE-003,EC,CS01,1778.0,KG,H,EC-D6,,262,0000000931,,
4900003015,0001,2023-12-06,201,FE-003,EC,CS01,1326.3,KG,H,EC-D7,,292,0000001003,,
4900003016,0001,2023-12-06,201,FE-004,EC,CS01,302.7,KG,H,EC-D6,,212,0000000832,,
4900003017,0001,2023-12-06,101,FU-001,EC,CS01,8000,L,S,,,,,4500000146,00010
4900003018,0001,2023-12-06,201,FU-001,EC,CS01,107.1,L,H,EC-D1,,,,,
4900003019,0001,2023-12-06,201,FU-001,EC,CS01,99.8,L,H,EC-D2,,,,,
4900003020,0001,2023-12-06,201,FU-001,EC,CS01,114.0,L,H,EC-D3,,,,,
4900003021,0001,2023-12-06,201,FU-001,EC,CS01,131.1,L,H,EC-D4,,,,,
4900003022,0001,2023-12-06,201,FU-001,EC,CS01,110.8,L,H,EC-D5,,,,,
4900003023,0001,2023-12-06,201,FU-001,EC,CS01,109.0,L,H,EC-D6,,,,,
4900003024,0001,2023-12-06,201,FU-001,EC,CS01,113.7,L,H,EC-D7,,,,,
4900003025,0001,2023-12-06,201,FU-001,EC,CS01,537.7,L,H,EC-GEN,,,,,
4900003026,0001,2023-12-06,201,SP-005,EC,CS01,1,EA,H,EC-WS,,,,,
4900003027,0001,2023-12-06,201,SP-006,EC,CS01,1,EA,H,EC-WS,,,,,
4900003028,0001,2023-12-06,101,SP-007,EC,CS01,4,EA,S,,,,,4500000135,00010
4900003029,0001,2023-12-06,201,SP-008,EC,CS01,1,EA,H,EC-WS,,,,,
4900003030,0001,2023-12-07,101,AC-001,EC,CS01,2900,L,S,,,,,4500000122,00010
4900003031,0001,2023-12-07,201,AC-003,EC,CS01,7.77,L,H,EC-D7,,,,,
4900003032,0001,2023-12-07,201,AC-004,EC,CS01,1.16,KG,H,EC-D2,,,,,
4900003033,0001,2023-12-07,201,FE-001,EC,CS01,6154.2,KG,H,EC-D3,,94,0000000369,,
4900003034,0001,2023-12-07,201,FE-001,EC,CS01,3140.4,KG,H,EC-D3,,118,0000000465,,
4900003035,0001,2023-12-07,201,FE-002,EC,CS01,1770.9,KG,H,EC-D6,,254,0000000898,,
4900003036,0001,2023-12-07,201,FE-003,EC,CS01,1559.8,KG,H,EC-D2,,49,0000000191,,
4900003037,0001,2023-12-07,201,FE-003,EC,CS01,1770.7,KG,H,EC-D4,,159,0000000639,,
4900003038,0001,2023-12-07,201,FE-003,EC,CS01,3230.2,KG,H,EC-D6,,214,0000000839,,
4900003039,0001,2023-12-07,201,FE-004,EC,CS01,226.8,KG,H,EC-D2,,56,0000000220,,
4900003040,0001,2023-12-07,201,FE-004,EC,CS01,201.3,KG,H,EC-D4,,129,0000000520,,
4900003041,0001,2023-12-07,201,FE-004,EC,CS01,252.3,KG,H,EC-D4,,143,0000000576,,
4900003042,0001,2023-12-07,201,FE-004,EC,CS01,205.0,KG,H,EC-D6,,272,0000000972,,
4900003043,0001,2023-12-07,201,FU-001,EC,CS01,108.2,L,H,EC-D1,,,,,
4900003044,0001,2023-12-07,201,FU-001,EC,CS01,81.0,L,H,EC-D2,,,,,
4900003045,0001,2023-12-07,201,FU-001,EC,CS01,146.4,L,H,EC-D3,,,,,
4900003046,0001,2023-12-07,201,FU-001,EC,CS01,129.4,L,H,EC-D4,,,,,
4900003047,0001,2023-12-07,201,FU-001,EC,CS01,111.0,L,H,EC-D5,,,,,
4900003048,0001,2023-12-07,201,FU-001,EC,CS01,105.3,L,H,EC-D6,,,,,
4900003049,0001,2023-12-07,201,FU-001,EC,CS01,103.8,L,H,EC-D7,,,,,
4900003050,0001,2023-12-07,201,FU-001,EC,CS01,647.9,L,H,EC-GEN,,,,,
4900003051,0001,2023-12-07,201,SP-003,EC,CS01,1,EA,H,EC-WS,,,,,
4900003052,0001,2023-12-08,201,AC-001,EC,CS01,71.6,L,H,EC-D7,,,,,
4900003053,0001,2023-12-08,201,FE-001,EC,CS01,9319.0,KG,H,EC-D6,,251,0000000885,,
4900003054,0001,2023-12-08,201,FE-002,EC,CS01,3131.2,KG,H,EC-D2,,70,0000000270,,
4900003055,0001,2023-12-08,201,FE-002,EC,CS01,1615.2,KG,H,EC-D3,,79,0000000310,,
4900003056,0001,2023-12-08,201,FE-002,EC,CS01,4450.4,KG,H,EC-D3,,111,0000000438,,
4900003057,0001,2023-12-08,201,FE-002,EC,CS01,2501.1,KG,H,EC-D7,,290,0000000994,,
4900003058,0001,2023-12-08,201,FE-003,EC,CS01,3122.6,KG,H,EC-D3,,101,0000000399,,
4900003059,0001,2023-12-08,201,FE-004,EC,CS01,72.0,KG,H,EC-D4,,125,0000000504,,
4900003060,0001,2023-12-08,201,FU-001,EC,CS01,84.3,L,H,EC-D1,,,,,
4900003061,0001,2023-12-08,201,FU-001,EC,CS01,101.4,L,H,EC-D2,,,,,
4900003062,0001,2023-12-08,201,FU-001,EC,CS01,138.5,L,H,EC-D3,,,,,
4900003063,0001,2023-12-08,201,FU-001,EC,CS01,143.4,L,H,EC-D4,,,,,
4900003064,0001,2023-12-08,201,FU-001,EC,CS01,87.8,L,H,EC-D5,,,,,
4900003065,0001,2023-12-08,201,FU-001,EC,CS01,113.6,L,H,EC-D6,,,,,
4900003066,0001,2023-12-08,201,FU-001,EC,CS01,109.3,L,H,EC-D7,,,,,
4900003067,0001,2023-12-08,201,FU-001,EC,CS01,649.1,L,H,EC-GEN,,,,,
4900003068,0001,2023-12-08,201,SP-003,EC,CS01,1,EA,H,EC-WS,,,,,
4900003069,0001,2023-12-08,201,SP-006,EC,CS01,1,EA,H,EC-WS,,,,,
4900003070,0001,2023-12-08,201,SP-007,EC,CS01,1,EA,H,EC-WS,,,,,
4900003071,0001,2023-12-09,201,AC-001,EC,CS01,135.1,L,H,EC-D6,,,,,
4900003072,0001,2023-12-09,201,AC-003,EC,CS01,2.04,L,H,EC-D3,,,,,
4900003073,0001,2023-12-09,201,FE-001,EC,CS01,7677.6,KG,H,EC-D3,,76,0000000297,,
4900003074,0001,2023-12-09,201,FE-001,EC,CS01,12601.9,KG,H,EC-D6,,204,0000000797,,
4900003075,0001,2023-12-09,201,FE-001,EC,CS01,8528.2,KG,H,EC-D6,,216,0000000845,,
4900003076,0001,2023-12-09,201,FE-003,EC,CS01,2281.2,KG,H,EC-D5,,196,0000000763,,
4900003077,0001,2023-12-09,201,FU-001,EC,CS01,88.8,L,H,EC-D1,,,,,
4900003078,0001,2023-12-09,201,FU-001,EC,CS01,88.0,L,H,EC-D2,,,,,
4900003079,0001,2023-12-09,201,FU-001,EC,CS01,128.0,L,H,EC-D3,,,,,
4900003080,0001,2023-12-09,201,FU-001,EC,CS01,124.1,L,H,EC-D4,,,,,
4900003081,0001,2023-12-09,201,FU-001,EC,CS01,98.9,L,H,EC-D5,,,,,
4900003082,0001,2023-12-09,201,FU-001,EC,CS01,107.2,L,H,EC-D6,,,,,
4900003083,0001,2023-12-09,201,FU-001,EC,CS01,112.4,L,H,EC-D7,,,,,
4900003084,0001,2023-12-09,201,FU-001,EC,CS01,612.5,L,H,EC-GEN,,,,,
4900003085,0001,2023-12-09,201,SP-003,EC,CS01,1,EA,H,EC-WS,,,,,
4900003086,0001,2023-12-09,201,SP-004,EC,CS01,1,EA,H,EC-WS,,,,,
4900003087,0001,2023-12-09,101,SP-005,EC,CS01,4,EA,S,,,,,4500000137,00010
4900003088,0001,2023-12-09,201,SP-007,EC,CS01,1,EA,H,EC-WS,,,,,
4900003089,0001,2023-12-10,201,FE-001,EC,CS01,6698.0,KG,H,EC-D4,,165,0000000653,,
4900003090,0001,2023-12-10,201,FE-001,EC,CS01,10773.1,KG,H,EC-D5,,181,0000000709,,
4900003091,0001,2023-12-10,201,FE-003,EC,CS01,2092.0,KG,H,EC-D6,,209,0000000819,,
4900003092,0001,2023-12-10,201,FE-004,EC,CS01,192.9,KG,H,EC-D2,,49,0000000192,,
4900003093,0001,2023-12-10,201,FE-004,EC,CS01,125.1,KG,H,EC-D4,,163,0000000648,,
4900003094,0001,2023-12-10,201,FU-001,EC,CS01,527.7,L,H,EC-GEN,,,,,
4900003095,0001,2023-12-11,201,AC-001,EC,CS01,95.2,L,H,EC-D4,,,,,
4900003096,0001,2023-12-11,201,AC-003,EC,CS01,7.59,L,H,EC-D4,,,,,
4900003097,0001,2023-12-11,201,FE-001,EC,CS01,8496.9,KG,H,EC-D3,,105,0000000413,,
4900003098,0001,2023-12-11,201,FE-003,EC,CS01,1191.6,KG,H,EC-D6,,270,0000000963,,
4900003099,0001,2023-12-11,201,FU-001,EC,CS01,125.4,L,H,EC-D1,,,,,
4900003100,0001,2023-12-11,201,FU-001,EC,CS01,107.1,L,H,EC-D2,,,,,
4900003101,0001,2023-12-11,201,FU-001,EC,CS01,142.0,L,H,EC-D3,,,,,
4900003102,0001,2023-12-11,201,FU-001,EC,CS01,144.1,L,H,EC-D4,,,,,
4900003103,0001,2023-12-11,201,FU-001,EC,CS01,95.9,L,H,EC-D5,,,,,
4900003104,0001,2023-12-11,201,FU-001,EC,CS01,119.5,L,H,EC-D6,,,,,
4900003105,0001,2023-12-11,201,FU-001,EC,CS01,134.0,L,H,EC-D7,,,,,
4900003106,0001,2023-12-11,201,FU-001,EC,CS01,616.1,L,H,EC-GEN,,,,,
4900003107,0001,2023-12-11,101,SP-001,EC,CS01,4,EA,S,,,,,4500000143,00010
4900003108,0001,2023-12-11,101,SP-004,EC,CS01,4,EA,S,,,,,4500000124,00010
4900003109,0001,2023-12-12,201,AC-001,EC,CS01,109.2,L,H,EC-D5,,,,,
4900003110,0001,2023-12-12,101,FE-001,EC,CS01,234800,KG,S,,,,,4500000097,00010
4900003111,0001,2023-12-12,201,FE-001,EC,CS01,11696.0,KG,H,EC-D1,,25,0000000097,,
4900003112,0001,2023-12-12,201,FE-002,EC,CS01,3475.1,KG,H,EC-D5,,169,0000000666,,
4900003113,0001,2023-12-12,201,FU-001,EC,CS01,110.5,L,H,EC-D1,,,,,
4900003114,0001,2023-12-12,201,FU-001,EC,CS01,94.3,L,H,EC-D2,,,,,
4900003115,0001,2023-12-12,201,FU-001,EC,CS01,125.8,L,H,EC-D3,,,,,
4900003116,0001,2023-12-12,201,FU-001,EC,CS01,137.5,L,H,EC-D4,,,,,
4900003117,0001,2023-12-12,201,FU-001,EC,CS01,92.6,L,H,EC-D5,,,,,
4900003118,0001,2023-12-12,201,FU-001,EC,CS01,149.0,L,H,EC-D6,,,,,
4900003119,0001,2023-12-12,201,FU-001,EC,CS01,137.3,L,H,EC-D7,,,,,
4900003120,0001,2023-12-12,201,FU-001,EC,CS01,729.1,L,H,EC-GEN,,,,,
4900003121,0001,2023-12-13,201,AC-001,EC,CS01,106.9,L,H,EC-D2,,,,,
4900003122,0001,2023-12-13,201,AC-003,EC,CS01,11.36,L,H,EC-D4,,,,,
4900003123,0001,2023-12-13,201,FE-002,EC,CS01,2397.5,KG,H,EC-D1,,31,0000000122,,
4900003124,0001,2023-12-13,201,FE-002,EC,CS01,3108.2,KG,H,EC-D2,,44,0000000174,,
4900003125,0001,2023-12-13,201,FU-001,EC,CS01,82.6,L,H,EC-D1,,,,,
4900003126,0001,2023-12-13,201,FU-001,EC,CS01,88.4,L,H,EC-D2,,,,,
4900003127,0001,2023-12-13,201,FU-001,EC,CS01,146.0,L,H,EC-D3,,,,,
4900003128,0001,2023-12-13,201,FU-001,EC,CS01,120.6,L,H,EC-D4,,,,,
4900003129,0001,2023-12-13,201,FU-001,EC,CS01,101.4,L,H,EC-D5,,,,,
4900003130,0001,2023-12-13,201,FU-001,EC,CS01,127.9,L,H,EC-D6,,,,,
4900003131,0001,2023-12-13,201,FU-001,EC,CS01,122.7,L,H,EC-D7,,,,,
4900003132,0001,2023-12-13,201,FU-001,EC,CS01,704.8,L,H,EC-GEN,,,,,
4900003133,0001,2023-12-13,101,SP-003,EC,CS01,1,EA,S,,,,,4500000149,00010
4900003134,0001,2023-12-13,201,SP-003,EC,CS01,1,EA,H,EC-WS,,,,,
4900003135,0001,2023-12-13,201,SP-003,EC,CS01,1,EA,H,EC-WS,,,,,
4900003136,0001,2023-12-13,201,SP-008,EC,CS01,1,EA,H,EC-WS,,,,,
4900003137,0001,2023-12-14,201,AC-001,EC,CS01,88.4,L,H,EC-D5,,,,,
4900003138,0001,2023-12-14,201,AC-003,EC,CS01,2.16,L,H,EC-D4,,,,,
4900003139,0001,2023-12-14,201,FE-001,EC,CS01,10154.7,KG,H,EC-D6,,210,0000000821,,
4900003140,0001,2023-12-14,201,FE-002,EC,CS01,2302.0,KG,H,EC-D6,,249,0000000878,,
4900003141,0001,2023-12-14,201,FE-002,EC,CS01,2294.3,KG,H,EC-D7,,336,0000001114,,
4900003142,0001,2023-12-14,201,FE-003,EC,CS01,2038.7,KG,H,EC-D4,,137,0000000551,,
4900003143,0001,2023-12-14,201,FE-004,EC,CS01,262.3,KG,H,EC-D6,,259,0000000920,,
4900003144,0001,2023-12-14,201,FU-001,EC,CS01,106.6,L,H,EC-D1,,,,,
4900003145,0001,2023-12-14,201,FU-001,EC,CS01,100.9,L,H,EC-D2,,,,,
4900003146,0001,2023-12-14,201,FU-001,EC,CS01,132.7,L,H,EC-D3,,,,,
4900003147,0001,2023-12-14,201,FU-001,EC,CS01,162.0,L,H,EC-D4,,,,,
4900003148,0001,2023-12-14,201,FU-001,EC,CS01,96.6,L,H,EC-D5,,,,,
4900003149,0001,2023-12-14,201,FU-001,EC,CS01,135.5,L,H,EC-D6,,,,,
4900003150,0001,2023-12-14,201,FU-001,EC,CS01,123.1,L,H,EC-D7,,,,,
4900003151,0001,2023-12-14,201,FU-001,EC,CS01,651.7,L,H,EC-GEN,,,,,
4900003152,0001,2023-12-15,201,AC-001,EC,CS01,81.3,L,H,EC-D2,,,,,
4900003153,0001,2023-12-15,201,AC-003,EC,CS01,7.68,L,H,EC-D1,,,,,
4900003154,0001,2023-12-15,201,FE-001,EC,CS01,10995.8,KG,H,EC-D5,,179,0000000701,,
4900003155,0001,2023-12-15,201,FE-003,EC,CS01,2336.8,KG,H,EC-D4,,141,0000000567,,
4900003156,0001,2023-12-15,201,FE-003,EC,CS01,2676.9,KG,H,EC-D4,,157,0000000631,,
4900003157,0001,2023-12-15,201,FE-004,EC,CS01,264.2,KG,H,EC-D1,,16,0000000064,,
4900003158,0001,2023-12-15,201,FE-004,EC,CS01,293.5,KG,H,EC-D4,,147,0000000592,,
4900003159,0001,2023-12-15,201,FU-001,EC,CS01,128.1,L,H,EC-D1,,,,,
4900003160,0001,2023-12-15,201,FU-001,EC,CS01,89.9,L,H,EC-D2,,,,,
4900003161,0001,2023-12-15,201,FU-001,EC,CS01,123.1,L,H,EC-D3,,,,,
4900003162,0001,2023-12-15,201,FU-001,EC,CS01,131.3,L,H,EC-D4,,,,,
4900003163,0001,2023-12-15,201,FU-001,EC,CS01,99.9,L,H,EC-D5,,,,,
4900003164,0001,2023-12-15,201,FU-001,EC,CS01,119.4,L,H,EC-D6,,,,,
4900003165,0001,2023-12-15,201,FU-001,EC,CS01,111.9,L,H,EC-D7,,,,,
4900003166,0001,2023-12-15,201,FU-001,EC,CS01,514.3,L,H,EC-GEN,,,,,
4900003167,0001,2023-12-16,201,AC-001,EC,CS01,95.3,L,H,EC-D1,,,,,
4900003168,0001,2023-12-16,101,AC-003,EC,CS01,20,L,S,,,,,4500000152,00010
4900003169,0001,2023-12-16,201,AC-003,EC,CS01,5.48,L,H,EC-D5,,,,,
4900003170,0001,2023-12-16,201,FE-001,EC,CS01,12389.4,KG,H,EC-D1,,39,0000000153,,
4900003171,0001,2023-12-16,201,FE-002,EC,CS01,1930.9,KG,H,EC-D4,,129,0000000518,,
4900003172,0001,2023-12-16,201,FE-003,EC,CS01,1891.6,KG,H,EC-D4,,148,0000000595,,
4900003173,0001,2023-12-16,201,FE-004,EC,CS01,271.9,KG,H,EC-D2,,70,0000000272,,
4900003174,0001,2023-12-16,101,FU-001,EC,CS01,8000,L,S,,,,,4500000148,00010
4900003175,0001,2023-12-16,201,FU-001,EC,CS01,92.8,L,H,EC-D1,,,,,
4900003176,0001,2023-12-16,201,FU-001,EC,CS01,100.4,L,H,EC-D2,,,,,
4900003177,0001,2023-12-16,201,FU-001,EC,CS01,111.4,L,H,EC-D3,,,,,
4900003178,0001,2023-12-16,201,FU-001,EC,CS01,128.5,L,H,EC-D4,,,,,
4900003179,0001,2023-12-16,201,FU-001,EC,CS01,103.9,L,H,EC-D5,,,,,
4900003180,0001,2023-12-16,201,FU-001,EC,CS01,115.4,L,H,EC-D6,,,,,
4900003181,0001,2023-12-16,201,FU-001,EC,CS01,83.3,L,H,EC-D7,,,,,
4900003182,0001,2023-12-16,201,FU-001,EC,CS01,636.9,L,H,EC-GEN,,,,,
4900003183,0001,2023-12-16,101,SP-003,EC,CS01,5,EA,S,,,,,4500000144,00010
4900003184,0001,2023-12-16,201,SP-003,EC,CS01,1,EA,H,EC-WS,,,,,
4900003185,0001,2023-12-16,201,SP-007,EC,CS01,1,EA,H,EC-WS,,,,,
4900003186,0001,2023-12-17,201,FE-002,EC,CS01,2005.6,KG,H,EC-D5,,184,0000000718,,
4900003187,0001,2023-12-17,201,FU-001,EC,CS01,573.6,L,H,EC-GEN,,,,,
4900003188,0001,2023-12-18,201,AC-001,EC,CS01,90.0,L,H,EC-D1,,,,,
4900003189,0001,2023-12-18,201,AC-003,EC,CS01,1.3,L,H,EC-D3,,,,,
4900003190,0001,2023-12-18,201,FE-001,EC,CS01,12977.8,KG,H,EC-D2,,58,0000000225,,
4900003191,0001,2023-12-18,201,FE-002,EC,CS01,1999.1,KG,H,EC-D4,,156,0000000626,,
4900003192,0001,2023-12-18,201,FE-003,EC,CS01,2417.6,KG,H,EC-D2,,46,0000000183,,
4900003193,0001,2023-12-18,201,FE-004,EC,CS01,148.7,KG,H,EC-D3,,91,0000000360,,
4900003194,0001,2023-12-18,201,FE-004,EC,CS01,277.3,KG,H,EC-D3,,108,0000000428,,
4900003195,0001,2023-12-18,201,FU-001,EC,CS01,100.9,L,H,EC-D1,,,,,
4900003196,0001,2023-12-18,201,FU-001,EC,CS01,119.1,L,H,EC-D2,,,,,
4900003197,0001,2023-12-18,201,FU-001,EC,CS01,120.8,L,H,EC-D3,,,,,
4900003198,0001,2023-12-18,201,FU-001,EC,CS01,137.8,L,H,EC-D4,,,,,
4900003199,0001,2023-12-18,201,FU-001,EC,CS01,109.6,L,H,EC-D5,,,,,
4900003200,0001,2023-12-18,201,FU-001,EC,CS01,153.9,L,H,EC-D6,,,,,
4900003201,0001,2023-12-18,201,FU-001,EC,CS01,121.5,L,H,EC-D7,,,,,
4900003202,0001,2023-12-18,201,FU-001,EC,CS01,633.7,L,H,EC-GEN,,,,,
4900003203,0001,2023-12-19,201,AC-003,EC,CS01,6.22,L,H,EC-D7,,,,,
4900003204,0001,2023-12-19,201,FE-001,EC,CS01,8938.0,KG,H,EC-D2,,41,0000000161,,
4900003205,0001,2023-12-19,201,FE-001,EC,CS01,10867.6,KG,H,EC-D6,,206,0000000805,,
4900003206,0001,2023-12-19,201,FU-001,EC,CS01,121.2,L,H,EC-D1,,,,,
4900003207,0001,2023-12-19,201,FU-001,EC,CS01,83.0,L,H,EC-D2,,,,,
4900003208,0001,2023-12-19,201,FU-001,EC,CS01,116.5,L,H,EC-D3,,,,,
4900003209,0001,2023-12-19,201,FU-001,EC,CS01,136.6,L,H,EC-D4,,,,,
4900003210,0001,2023-12-19,201,FU-001,EC,CS01,89.8,L,H,EC-D5,,,,,
4900003211,0001,2023-12-19,201,FU-001,EC,CS01,118.3,L,H,EC-D6,,,,,
4900003212,0001,2023-12-19,201,FU-001,EC,CS01,112.1,L,H,EC-D7,,,,,
4900003213,0001,2023-12-19,201,FU-001,EC,CS01,623.9,L,H,EC-GEN,,,,,
4900003214,0001,2023-12-19,201,SP-008,EC,CS01,1,EA,H,EC-WS,,,,,
4900003215,0001,2023-12-20,201,AC-001,EC,CS01,122.0,L,H,EC-D3,,,,,
4900003216,0001,2023-12-20,201,FE-001,EC,CS01,13030.5,KG,H,EC-D6,,256,0000000905,,
4900003217,0001,2023-12-20,201,FE-002,EC,CS01,2559.0,KG,H,EC-D6,,271,0000000966,,
4900003218,0001,2023-12-20,201,FE-003,EC,CS01,2000.6,KG,H,EC-D4,,135,0000000543,,
4900003219,0001,2023-12-20,201,FE-004,EC,CS01,105.2,KG,H,EC-D3,,117,0000000464,,
4900003220,0001,2023-12-20,201,FE-004,EC,CS01,272.4,KG,H,EC-D6,,256,0000000908,,
4900003221,0001,2023-12-20,201,FU-001,EC,CS01,112.3,L,H,EC-D1,,,,,
4900003222,0001,2023-12-20,201,FU-001,EC,CS01,103.4,L,H,EC-D2,,,,,
4900003223,0001,2023-12-20,201,FU-001,EC,CS01,124.2,L,H,EC-D3,,,,,
4900003224,0001,2023-12-20,201,FU-001,EC,CS01,126.9,L,H,EC-D4,,,,,
4900003225,0001,2023-12-20,201,FU-001,EC,CS01,83.3,L,H,EC-D5,,,,,
4900003226,0001,2023-12-20,201,FU-001,EC,CS01,139.1,L,H,EC-D6,,,,,
4900003227,0001,2023-12-20,201,FU-001,EC,CS01,109.4,L,H,EC-D7,,,,,
4900003228,0001,2023-12-20,201,FU-001,EC,CS01,641.6,L,H,EC-GEN,,,,,
4900003229,0001,2023-12-20,201,SP-003,EC,CS01,1,EA,H,EC-WS,,,,,
4900003230,0001,2023-12-21,201,AC-001,EC,CS01,88.7,L,H,EC-D5,,,,,
4900003231,0001,2023-12-21,201,AC-002,EC,CS01,3.37,KG,H,EC-D5,,,,,
4900003232,0001,2023-12-21,201,FE-002,EC,CS01,3007.8,KG,H,EC-D5,,193,0000000750,,
4900003233,0001,2023-12-21,201,FE-003,EC,CS01,2128.6,KG,H,EC-D1,,25,0000000099,,
4900003234,0001,2023-12-21,201,FE-003,EC,CS01,1267.9,KG,H,EC-D3,,91,0000000359,,
4900003235,0001,2023-12-21,201,FU-001,EC,CS01,95.7,L,H,EC-D1,,,,,
4900003236,0001,2023-12-21,201,FU-001,EC,CS01,85.6,L,H,EC-D2,,,,,
4900003237,0001,2023-12-21,201,FU-001,EC,CS01,136.2,L,H,EC-D3,,,,,
4900003238,0001,2023-12-21,201,FU-001,EC,CS01,121.9,L,H,EC-D4,,,,,
4900003239,0001,2023-12-21,201,FU-001,EC,CS01,113.6,L,H,EC-D5,,,,,
4900003240,0001,2023-12-21,201,FU-001,EC,CS01,125.7,L,H,EC-D6,,,,,
4900003241,0001,2023-12-21,201,FU-001,EC,CS01,110.6,L,H,EC-D7,,,,,
4900003242,0001,2023-12-21,201,FU-001,EC,CS01,642.2,L,H,EC-GEN,,,,,
4900003243,0001,2023-12-21,201,SP-001,EC,CS01,1,EA,H,EC-WS,,,,,
4900003244,0001,2023-12-21,201,SP-004,EC,CS01,1,EA,H,EC-WS,,,,,
4900003245,0001,2023-12-21,201,SP-006,EC,CS01,1,EA,H,EC-WS,,,,,
4900003246,0001,2023-12-21,201,SP-007,EC,CS01,1,EA,H,EC-WS,,,,,
4900003247,0001,2023-12-22,201,AC-003,EC,CS01,4.86,L,H,EC-D2,,,,,
4900003248,0001,2023-12-22,201,FE-001,EC,CS01,12551.0,KG,H,EC-D1,,37,0000000145,,
4900003249,0001,2023-12-22,201,FE-002,EC,CS01,1623.5,KG,H,EC-D1,,20,0000000078,,
4900003250,0001,2023-12-22,201,FE-003,EC,CS01,2519.5,KG,H,EC-D4,,134,0000000539,,
4900003251,0001,2023-12-22,101,FU-001,EC,CS01,8000,L,S,,,,,4500000151,00010
4900003252,0001,2023-12-22,201,FU-001,EC,CS01,109.3,L,H,EC-D1,,,,,
4900003253,0001,2023-12-22,201,FU-001,EC,CS01,85.3,L,H,EC-D2,,,,,
4900003254,0001,2023-12-22,201,FU-001,EC,CS01,118.9,L,H,EC-D3,,,,,
4900003255,0001,2023-12-22,201,FU-001,EC,CS01,114.9,L,H,EC-D4,,,,,
4900003256,0001,2023-12-22,201,FU-001,EC,CS01,91.1,L,H,EC-D5,,,,,
4900003257,0001,2023-12-22,201,FU-001,EC,CS01,134.7,L,H,EC-D6,,,,,
4900003258,0001,2023-12-22,201,FU-001,EC,CS01,108.3,L,H,EC-D7,,,,,
4900003259,0001,2023-12-22,201,FU-001,EC,CS01,690.5,L,H,EC-GEN,,,,,
4900003260,0001,2023-12-23,201,AC-001,EC,CS01,170.6,L,H,EC-D7,,,,,
4900003261,0001,2023-12-23,101,AC-003,EC,CS01,100,L,S,,,,,4500000132,00010
4900003262,0001,2023-12-23,201,AC-003,EC,CS01,1.99,L,H,EC-D3,,,,,
4900003263,0001,2023-12-23,201,FE-002,EC,CS01,1565.8,KG,H,EC-D3,,116,0000000458,,
4900003264,0001,2023-12-23,201,FE-003,EC,CS01,2634.4,KG,H,EC-D3,,92,0000000363,,
4900003265,0001,2023-12-23,201,FE-004,EC,CS01,300.8,KG,H,EC-D2,,53,0000000208,,
4900003266,0001,2023-12-23,201,FE-004,EC,CS01,230.4,KG,H,EC-D6,,254,0000000900,,
4900003267,0001,2023-12-23,201,FE-004,EC,CS01,207.8,KG,H,EC-D7,,299,0000001032,,
4900003268,0001,2023-12-23,201,FU-001,EC,CS01,107.6,L,H,EC-D1,,,,,
4900003269,0001,2023-12-23,201,FU-001,EC,CS01,121.6,L,H,EC-D2,,,,,
4900003270,0001,2023-12-23,201,FU-001,EC,CS01,130.8,L,H,EC-D3,,,,,
4900003271,0001,2023-12-23,201,FU-001,EC,CS01,155.0,L,H,EC-D4,,,,,
4900003272,0001,2023-12-23,201,FU-001,EC,CS01,106.9,L,H,EC-D5,,,,,
4900003273,0001,2023-12-23,201,FU-001,EC,CS01,99.8,L,H,EC-D6,,,,,
4900003274,0001,2023-12-23,201,FU-001,EC,CS01,128.1,L,H,EC-D7,,,,,
4900003275,0001,2023-12-23,201,FU-001,EC,CS01,600.6,L,H,EC-GEN,,,,,
4900003276,0001,2023-12-23,101,SP-006,EC,CS01,1,EA,S,,,,,4500000157,00010
4900003277,0001,2023-12-23,201,SP-006,EC,CS01,1,EA,H,EC-WS,,,,,
4900003278,0001,2023-12-23,201,SP-006,EC,CS01,1,EA,H,EC-WS,,,,,
4900003279,0001,2023-12-24,201,FE-004,EC,CS01,149.8,KG,H,EC-D3,,105,0000000416,,
4900003280,0001,2023-12-24,201,FE-004,EC,CS01,90.1,KG,H,EC-D7,,301,0000001040,,
4900003281,0001,2023-12-24,201,FU-001,EC,CS01,598.0,L,H,EC-GEN,,,,,
4900003282,0001,2023-12-25,201,AC-001,EC,CS01,88.9,L,H,EC-D4,,,,,
4900003283,0001,2023-12-25,201,AC-003,EC,CS01,4.86,L,H,EC-D3,,,,,
4900003284,0001,2023-12-25,201,FU-001,EC,CS01,99.0,L,H,EC-D1,,,,,
4900003285,0001,2023-12-25,201,FU-001,EC,CS01,77.4,L,H,EC-D2,,,,,
4900003286,0001,2023-12-25,201,FU-001,EC,CS01,129.3,L,H,EC-D3,,,,,
4900003287,0001,2023-12-25,201,FU-001,EC,CS01,131.8,L,H,EC-D4,,,,,
4900003288,0001,2023-12-25,201,FU-001,EC,CS01,114.3,L,H,EC-D5,,,,,
4900003289,0001,2023-12-25,201,FU-001,EC,CS01,104.7,L,H,EC-D6,,,,,
4900003290,0001,2023-12-25,201,FU-001,EC,CS01,128.5,L,H,EC-D7,,,,,
4900003291,0001,2023-12-25,201,FU-001,EC,CS01,715.7,L,H,EC-GEN,,,,,
4900003292,0001,2023-12-25,201,SP-001,EC,CS01,1,EA,H,EC-WS,,,,,
4900003293,0001,2023-12-25,101,SP-008,EC,CS01,4,EA,S,,,,,4500000129,00010
4900003294,0001,2023-12-26,201,FE-002,EC,CS01,1249.4,KG,H,EC-D6,,230,0000000858,,
4900003295,0001,2023-12-26,201,FE-004,EC,CS01,264.1,KG,H,EC-D6,,205,0000000804,,
4900003296,0001,2023-12-26,101,FU-001,EC,CS01,8000,L,S,,,,,4500000156,00010
4900003297,0001,2023-12-26,201,FU-001,EC,CS01,99.8,L,H,EC-D1,,,,,
4900003298,0001,2023-12-26,201,FU-001,EC,CS01,96.2,L,H,EC-D2,,,,,
4900003299,0001,2023-12-26,201,FU-001,EC,CS01,152.3,L,H,EC-D3,,,,,
4900003300,0001,2023-12-26,201,FU-001,EC,CS01,161.7,L,H,EC-D4,,,,,
4900003301,0001,2023-12-26,201,FU-001,EC,CS01,115.4,L,H,EC-D5,,,,,
4900003302,0001,2023-12-26,201,FU-001,EC,CS01,121.6,L,H,EC-D6,,,,,
4900003303,0001,2023-12-26,201,FU-001,EC,CS01,114.0,L,H,EC-D7,,,,,
4900003304,0001,2023-12-26,201,FU-001,EC,CS01,741.8,L,H,EC-GEN,,,,,
4900003305,0001,2023-12-27,201,AC-001,EC,CS01,93.6,L,H,EC-D3,,,,,
4900003306,0001,2023-12-27,201,AC-003,EC,CS01,0.98,L,H,EC-D7,,,,,
4900003307,0001,2023-12-27,201,FE-003,EC,CS01,1257.3,KG,H,EC-D7,,343,0000001143,,
4900003308,0001,2023-12-27,201,FE-004,EC,CS01,319.3,KG,H,EC-D3,,107,0000000424,,
4900003309,0001,2023-12-27,201,FU-001,EC,CS01,98.9,L,H,EC-D1,,,,,
4900003310,0001,2023-12-27,201,FU-001,EC,CS01,98.7,L,H,EC-D2,,,,,
4900003311,0001,2023-12-27,201,FU-001,EC,CS01,123.5,L,H,EC-D3,,,,,
4900003312,0001,2023-12-27,201,FU-001,EC,CS01,138.8,L,H,EC-D4,,,,,
4900003313,0001,2023-12-27,201,FU-001,EC,CS01,117.8,L,H,EC-D5,,,,,
4900003314,0001,2023-12-27,201,FU-001,EC,CS01,107.9,L,H,EC-D6,,,,,
4900003315,0001,2023-12-27,201,FU-001,EC,CS01,132.0,L,H,EC-D7,,,,,
4900003316,0001,2023-12-27,201,FU-001,EC,CS01,667.7,L,H,EC-GEN,,,,,
4900003317,0001,2023-12-27,201,SP-004,EC,CS01,1,EA,H,EC-WS,,,,,
4900003318,0001,2023-12-27,101,SP-006,EC,CS01,1,EA,S,,,,,4500000160,00010
4900003319,0001,2023-12-27,201,SP-006,EC,CS01,1,EA,H,EC-WS,,,,,
4900003320,0001,2023-12-28,201,AC-001,EC,CS01,100.3,L,H,EC-D2,,,,,
4900003321,0001,2023-12-28,201,AC-003,EC,CS01,3.22,L,H,EC-D4,,,,,
4900003322,0001,2023-12-28,201,FE-001,EC,CS01,10793.4,KG,H,EC-D4,,136,0000000545,,
4900003323,0001,2023-12-28,201,FE-002,EC,CS01,3470.3,KG,H,EC-D5,,195,0000000758,,
4900003324,0001,2023-12-28,201,FE-003,EC,CS01,3456.9,KG,H,EC-D3,,75,0000000295,,
4900003325,0001,2023-12-28,201,FE-004,EC,CS01,258.1,KG,H,EC-D1,,36,0000000144,,
4900003326,0001,2023-12-28,201,FE-004,EC,CS01,234.9,KG,H,EC-D3,,89,0000000352,,
4900003327,0001,2023-12-28,201,FU-001,EC,CS01,113.5,L,H,EC-D1,,,,,
4900003328,0001,2023-12-28,201,FU-001,EC,CS01,86.6,L,H,EC-D2,,,,,
4900003329,0001,2023-12-28,201,FU-001,EC,CS01,123.4,L,H,EC-D3,,,,,
4900003330,0001,2023-12-28,201,FU-001,EC,CS01,145.5,L,H,EC-D4,,,,,
4900003331,0001,2023-12-28,201,FU-001,EC,CS01,93.2,L,H,EC-D5,,,,,
4900003332,0001,2023-12-28,201,FU-001,EC,CS01,117.1,L,H,EC-D6,,,,,
4900003333,0001,2023-12-28,201,FU-001,EC,CS01,101.5,L,H,EC-D7,,,,,
4900003334,0001,2023-12-28,201,FU-001,EC,CS01,683.1,L,H,EC-GEN,,,,,
4900003335,0001,2023-12-28,101,SP-006,EC,CS01,4,EA,S,,,,,4500000136,00010
4900003336,0001,2023-12-29,201,AC-001,EC,CS01,100.7,L,H,EC-D1,,,,,
4900003337,0001,2023-12-29,201,FE-001,EC,CS01,12530.2,KG,H,EC-D1,,22,0000000085,,
4900003338,0001,2023-12-29,201,FU-001,EC,CS01,105.4,L,H,EC-D1,,,,,
4900003339,0001,2023-12-29,201,FU-001,EC,CS01,103.6,L,H,EC-D2,,,,,
4900003340,0001,2023-12-29,201,FU-001,EC,CS01,108.5,L,H,EC-D3,,,,,
4900003341,0001,2023-12-29,201,FU-001,EC,CS01,132.4,L,H,EC-D4,,,,,
4900003342,0001,2023-12-29,201,FU-001,EC,CS01,105.8,L,H,EC-D5,,,,,
4900003343,0001,2023-12-29,201,FU-001,EC,CS01,110.1,L,H,EC-D6,,,,,
4900003344,0001,2023-12-29,201,FU-001,EC,CS01,122.0,L,H,EC-D7,,,,,
4900003345,0001,2023-12-29,201,FU-001,EC,CS01,616.1,L,H,EC-GEN,,,,,
4900003346,0001,2023-12-29,101,SP-003,EC,CS01,5,EA,S,,,,,4500000153,00010
4900003347,0001,2023-12-29,201,SP-007,EC,CS01,1,EA,H,EC-WS,,,,,
4900003348,0001,2023-12-29,201,SP-008,EC,CS01,1,EA,H,EC-WS,,,,,
4900003349,0001,2023-12-30,201,AC-001,EC,CS01,131.8,L,H,EC-D2,,,,,
4900003350,0001,2023-12-30,201,AC-003,EC,CS01,2.81,L,H,EC-D2,,,,,
4900003351,0001,2023-12-30,201,FU-001,EC,CS01,98.6,L,H,EC-D1,,,,,
4900003352,0001,2023-12-30,201,FU-001,EC,CS01,110.2,L,H,EC-D2,,,,,
4900003353,0001,2023-12-30,201,FU-001,EC,CS01,117.5,L,H,EC-D3,,,,,
4900003354,0001,2023-12-30,201,FU-001,EC,CS01,122.7,L,H,EC-D4,,,,,
4900003355,0001,2023-12-30,201,FU-001,EC,CS01,92.7,L,H,EC-D5,,,,,
4900003356,0001,2023-12-30,201,FU-001,EC,CS01,122.6,L,H,EC-D6,,,,,
4900003357,0001,2023-12-30,201,FU-001,EC,CS01,105.8,L,H,EC-D7,,,,,
4900003358,0001,2023-12-30,201,FU-001,EC,CS01,697.0,L,H,EC-GEN,,,,,
4900003359,0001,2023-12-30,101,SP-007,EC,CS01,4,EA,S,,,,,4500000155,00010
4900003360,0001,2023-12-31,702,AC-001,EC,CS01,0.76,L,H,EC-STORE,,,,,
4900003361,0001,2023-12-31,702,AC-004,EC,CS01,0.02,KG,H,EC-STORE,,,,,
4900003362,0001,2023-12-31,551,FE-002,EC,CS01,5202.73,KG,H,EC-STORE,,,,,
4900003363,0001,2023-12-31,551,FE-003,EC,CS01,1301.65,KG,H,EC-STORE,,,,,
4900003364,0001,2023-12-31,701,FE-004,EC,CS01,8.19,KG,S,EC-STORE,,,,,
4900003365,0001,2023-12-31,201,FU-001,EC,CS01,674.5,L,H,EC-GEN,,,,,
4900003366,0001,2024-01-01,201,AC-001,EC,CS01,105.1,L,H,EC-D5,,,,,
4900003367,0001,2024-01-01,201,AC-003,EC,CS01,0.37,L,H,EC-D3,,,,,
4900003368,0001,2024-01-01,101,FU-001,EC,CS01,8000,L,S,,,,,4500000159,00010
4900003369,0001,2024-01-01,201,FU-001,EC,CS01,91.6,L,H,EC-D1,,,,,
4900003370,0001,2024-01-01,201,FU-001,EC,CS01,88.4,L,H,EC-D2,,,,,
4900003371,0001,2024-01-01,201,FU-001,EC,CS01,161.7,L,H,EC-D3,,,,,
4900003372,0001,2024-01-01,201,FU-001,EC,CS01,119.5,L,H,EC-D4,,,,,
4900003373,0001,2024-01-01,201,FU-001,EC,CS01,107.7,L,H,EC-D5,,,,,
4900003374,0001,2024-01-01,201,FU-001,EC,CS01,121.7,L,H,EC-D6,,,,,
4900003375,0001,2024-01-01,201,FU-001,EC,CS01,142.3,L,H,EC-D7,,,,,
4900003376,0001,2024-01-01,201,FU-001,EC,CS01,636.3,L,H,EC-GEN,,,,,
4900003377,0001,2024-01-01,201,SP-006,EC,CS01,1,EA,H,EC-WS,,,,,
4900003378,0001,2024-01-02,201,AC-001,EC,CS01,65.0,L,H,EC-D1,,,,,
4900003379,0001,2024-01-02,201,AC-002,EC,CS01,2.42,KG,H,EC-D1,,,,,
4900003380,0001,2024-01-02,201,FE-004,EC,CS01,202.5,KG,H,EC-D1,,17,0000000068,,
4900003381,0001,2024-01-02,201,FU-001,EC,CS01,106.1,L,H,EC-D1,,,,,
4900003382,0001,2024-01-02,201,FU-001,EC,CS01,105.1,L,H,EC-D2,,,,,
4900003383,0001,2024-01-02,201,FU-001,EC,CS01,125.7,L,H,EC-D3,,,,,
4900003384,0001,2024-01-02,201,FU-001,EC,CS01,149.4,L,H,EC-D4,,,,,
4900003385,0001,2024-01-02,201,FU-001,EC,CS01,91.3,L,H,EC-D5,,,,,
4900003386,0001,2024-01-02,201,FU-001,EC,CS01,128.6,L,H,EC-D6,,,,,
4900003387,0001,2024-01-02,201,FU-001,EC,CS01,117.7,L,H,EC-D7,,,,,
4900003388,0001,2024-01-02,201,FU-001,EC,CS01,720.1,L,H,EC-GEN,,,,,
4900003389,0001,2024-01-02,101,SP-002,EC,CS01,5,EA,S,,,,,4500000139,00010
4900003390,0001,2024-01-03,201,AC-001,EC,CS01,137.2,L,H,EC-D4,,,,,
4900003391,0001,2024-01-03,201,AC-002,EC,CS01,5.42,KG,H,EC-D4,,,,,
4900003392,0001,2024-01-03,201,AC-003,EC,CS01,1.68,L,H,EC-D7,,,,,
4900003393,0001,2024-01-03,201,FU-001,EC,CS01,111.6,L,H,EC-D1,,,,,
4900003394,0001,2024-01-03,201,FU-001,EC,CS01,91.6,L,H,EC-D2,,,,,
4900003395,0001,2024-01-03,201,FU-001,EC,CS01,118.8,L,H,EC-D3,,,,,
4900003396,0001,2024-01-03,201,FU-001,EC,CS01,121.6,L,H,EC-D4,,,,,
4900003397,0001,2024-01-03,201,FU-001,EC,CS01,85.7,L,H,EC-D5,,,,,
4900003398,0001,2024-01-03,201,FU-001,EC,CS01,109.6,L,H,EC-D6,,,,,
4900003399,0001,2024-01-03,201,FU-001,EC,CS01,129.8,L,H,EC-D7,,,,,
4900003400,0001,2024-01-03,201,FU-001,EC,CS01,694.5,L,H,EC-GEN,,,,,
4900003401,0001,2024-01-03,201,SP-005,EC,CS01,1,EA,H,EC-WS,,,,,
4900003402,0001,2024-01-04,201,AC-001,EC,CS01,128.7,L,H,EC-D1,,,,,
4900003403,0001,2024-01-04,201,FU-001,EC,CS01,89.3,L,H,EC-D1,,,,,
4900003404,0001,2024-01-04,201,FU-001,EC,CS01,79.6,L,H,EC-D2,,,,,
4900003405,0001,2024-01-04,201,FU-001,EC,CS01,166.4,L,H,EC-D3,,,,,
4900003406,0001,2024-01-04,201,FU-001,EC,CS01,128.3,L,H,EC-D4,,,,,
4900003407,0001,2024-01-04,201,FU-001,EC,CS01,95.6,L,H,EC-D5,,,,,
4900003408,0001,2024-01-04,201,FU-001,EC,CS01,120.4,L,H,EC-D6,,,,,
4900003409,0001,2024-01-04,201,FU-001,EC,CS01,106.1,L,H,EC-D7,,,,,
4900003410,0001,2024-01-04,201,FU-001,EC,CS01,714.0,L,H,EC-GEN,,,,,
4900003411,0001,2024-01-04,201,SP-002,EC,CS01,1,EA,H,EC-WS,,,,,
4900003412,0001,2024-01-04,201,SP-002,EC,CS01,1,EA,H,EC-WS,,,,,
4900003413,0001,2024-01-04,201,SP-004,EC,CS01,1,EA,H,EC-WS,,,,,
4900003414,0001,2024-01-04,201,SP-005,EC,CS01,1,EA,H,EC-WS,,,,,
4900003415,0001,2024-01-04,201,SP-006,EC,CS01,1,EA,H,EC-WS,,,,,
4900003416,0001,2024-01-04,201,SP-006,EC,CS01,1,EA,H,EC-WS,,,,,
4900003417,0001,2024-01-04,201,SP-007,EC,CS01,1,EA,H,EC-WS,,,,,
4900003418,0001,2024-01-05,201,AC-001,EC,CS01,152.1,L,H,EC-D7,,,,,
4900003419,0001,2024-01-05,201,AC-004,EC,CS01,2.09,KG,H,EC-D4,,,,,
4900003420,0001,2024-01-05,201,FU-001,EC,CS01,95.7,L,H,EC-D1,,,,,
4900003421,0001,2024-01-05,201,FU-001,EC,CS01,78.1,L,H,EC-D2,,,,,
4900003422,0001,2024-01-05,201,FU-001,EC,CS01,120.3,L,H,EC-D3,,,,,
4900003423,0001,2024-01-05,201,FU-001,EC,CS01,127.5,L,H,EC-D4,,,,,
4900003424,0001,2024-01-05,201,FU-001,EC,CS01,77.8,L,H,EC-D5,,,,,
4900003425,0001,2024-01-05,201,FU-001,EC,CS01,110.7,L,H,EC-D6,,,,,
4900003426,0001,2024-01-05,201,FU-001,EC,CS01,99.3,L,H,EC-D7,,,,,
4900003427,0001,2024-01-05,201,FU-001,EC,CS01,727.6,L,H,EC-GEN,,,,,
4900003428,0001,2024-01-05,101,SP-004,EC,CS01,4,EA,S,,,,,4500000145,00010
4900003429,0001,2024-01-05,201,SP-004,EC,CS01,1,EA,H,EC-WS,,,,,
4900003430,0001,2024-01-06,201,AC-004,EC,CS01,0.5,KG,H,EC-D2,,,,,
4900003431,0001,2024-01-06,201,FE-001,EC,CS01,7451.8,KG,H,EC-D6,,269,0000000957,,
4900003432,0001,2024-01-06,201,FU-001,EC,CS01,91.3,L,H,EC-D1,,,,,
4900003433,0001,2024-01-06,201,FU-001,EC,CS01,86.5,L,H,EC-D2,,,,,
4900003434,0001,2024-01-06,201,FU-001,EC,CS01,122.5,L,H,EC-D3,,,,,
4900003435,0001,2024-01-06,201,FU-001,EC,CS01,128.0,L,H,EC-D4,,,,,
4900003436,0001,2024-01-06,201,FU-001,EC,CS01,95.5,L,H,EC-D5,,,,,
4900003437,0001,2024-01-06,201,FU-001,EC,CS01,121.6,L,H,EC-D6,,,,,
4900003438,0001,2024-01-06,201,FU-001,EC,CS01,102.3,L,H,EC-D7,,,,,
4900003439,0001,2024-01-06,201,FU-001,EC,CS01,611.2,L,H,EC-GEN,,,,,
4900003440,0001,2024-01-06,201,SP-006,EC,CS01,1,EA,H,EC-WS,,,,,
4900003441,0001,2024-01-07,201,FE-001,EC,CS01,12188.1,KG,H,EC-D5,,187,0000000729,,
4900003442,0001,2024-01-07,201,FE-004,EC,CS01,219.6,KG,H,EC-D2,,71,0000000276,,
4900003443,0001,2024-01-07,201,FU-001,EC,CS01,630.3,L,H,EC-GEN,,,,,
4900003444,0001,2024-01-08,201,AC-003,EC,CS01,4.99,L,H,EC-D7,,,,,
4900003445,0001,2024-01-08,201,FE-001,EC,CS01,14991.6,KG,H,EC-D2,,55,0000000213,,
4900003446,0001,2024-01-08,201,FE-002,EC,CS01,2814.3,KG,H,EC-D7,,299,0000001030,,
4900003447,0001,2024-01-08,101,FU-001,EC,CS01,8000,L,S,,,,,4500000161,00010
4900003448,0001,2024-01-08,201,FU-001,EC,CS01,94.6,L,H,EC-D1,,,,,
4900003449,0001,2024-01-08,201,FU-001,EC,CS01,80.9,L,H,EC-D2,,,,,
4900003450,0001,2024-01-08,201,FU-001,EC,CS01,132.0,L,H,EC-D3,,,,,
4900003451,0001,2024-01-08,201,FU-001,EC,CS01,116.7,L,H,EC-D4,,,,,
4900003452,0001,2024-01-08,201,FU-001,EC,CS01,100.8,L,H,EC-D5,,,,,
4900003453,0001,2024-01-08,201,FU-001,EC,CS01,116.9,L,H,EC-D6,,,,,
4900003454,0001,2024-01-08,201,FU-001,EC,CS01,102.6,L,H,EC-D7,,,,,
4900003455,0001,2024-01-08,201,FU-001,EC,CS01,683.6,L,H,EC-GEN,,,,,
4900003456,0001,2024-01-09,201,AC-001,EC,CS01,132.7,L,H,EC-D1,,,,,
4900003457,0001,2024-01-09,201,AC-003,EC,CS01,2.89,L,H,EC-D5,,,,,
4900003458,0001,2024-01-09,201,FE-002,EC,CS01,1216.8,KG,H,EC-D3,,120,0000000474,,
4900003459,0001,2024-01-09,201,FU-001,EC,CS01,101.0,L,H,EC-D1,,,,,
4900003460,0001,2024-01-09,201,FU-001,EC,CS01,84.5,L,H,EC-D2,,,,,
4900003461,0001,2024-01-09,201,FU-001,EC,CS01,119.3,L,H,EC-D3,,,,,
4900003462,0001,2024-01-09,201,FU-001,EC,CS01,157.8,L,H,EC-D4,,,,,
4900003463,0001,2024-01-09,201,FU-001,EC,CS01,87.4,L,H,EC-D5,,,,,
4900003464,0001,2024-01-09,201,FU-001,EC,CS01,108.1,L,H,EC-D6,,,,,
4900003465,0001,2024-01-09,201,FU-001,EC,CS01,122.6,L,H,EC-D7,,,,,
4900003466,0001,2024-01-09,201,FU-001,EC,CS01,655.4,L,H,EC-GEN,,,,,
4900003467,0001,2024-01-10,201,AC-001,EC,CS01,63.9,L,H,EC-D7,,,,,
4900003468,0001,2024-01-10,201,AC-003,EC,CS01,3.99,L,H,EC-D5,,,,,
4900003469,0001,2024-01-10,201,FU-001,EC,CS01,84.8,L,H,EC-D1,,,,,
4900003470,0001,2024-01-10,201,FU-001,EC,CS01,104.2,L,H,EC-D2,,,,,
4900003471,0001,2024-01-10,201,FU-001,EC,CS01,123.8,L,H,EC-D3,,,,,
4900003472,0001,2024-01-10,201,FU-001,EC,CS01,181.1,L,H,EC-D4,,,,,
4900003473,0001,2024-01-10,201,FU-001,EC,CS01,86.8,L,H,EC-D5,,,,,
4900003474,0001,2024-01-10,201,FU-001,EC,CS01,122.3,L,H,EC-D6,,,,,
4900003475,0001,2024-01-10,201,FU-001,EC,CS01,111.2,L,H,EC-D7,,,,,
4900003476,0001,2024-01-10,201,FU-001,EC,CS01,670.5,L,H,EC-GEN,,,,,
4900003477,0001,2024-01-11,201,AC-001,EC,CS01,79.3,L,H,EC-D3,,,,,
4900003478,0001,2024-01-11,201,AC-003,EC,CS01,6.67,L,H,EC-D4,,,,,
4900003479,0001,2024-01-11,201,FE-001,EC,CS01,15816.5,KG,H,EC-D6,,255,0000000901,,
4900003480,0001,2024-01-11,201,FU-001,EC,CS01,104.0,L,H,EC-D1,,,,,
4900003481,0001,2024-01-11,201,FU-001,EC,CS01,74.9,L,H,EC-D2,,,,,
4900003482,0001,2024-01-11,201,FU-001,EC,CS01,99.9,L,H,EC-D3,,,,,
4900003483,0001,2024-01-11,201,FU-001,EC,CS01,101.3,L,H,EC-D4,,,,,
4900003484,0001,2024-01-11,201,FU-001,EC,CS01,92.4,L,H,EC-D5,,,,,
4900003485,0001,2024-01-11,201,FU-001,EC,CS01,112.5,L,H,EC-D6,,,,,
4900003486,0001,2024-01-11,201,FU-001,EC,CS01,102.2,L,H,EC-D7,,,,,
4900003487,0001,2024-01-11,201,FU-001,EC,CS01,617.1,L,H,EC-GEN,,,,,
4900003488,0001,2024-01-11,201,SP-002,EC,CS01,1,EA,H,EC-WS,,,,,
4900003489,0001,2024-01-11,201,SP-005,EC,CS01,1,EA,H,EC-WS,,,,,
4900003490,0001,2024-01-12,101,AC-001,EC,CS01,2900,L,S,,,,,4500000150,00010
4900003491,0001,2024-01-12,201,AC-001,EC,CS01,95.9,L,H,EC-D4,,,,,
4900003492,0001,2024-01-12,201,AC-002,EC,CS01,3.38,KG,H,EC-D4,,,,,
4900003493,0001,2024-01-12,201,FU-001,EC,CS01,100.0,L,H,EC-D1,,,,,
4900003494,0001,2024-01-12,201,FU-001,EC,CS01,99.7,L,H,EC-D2,,,,,
4900003495,0001,2024-01-12,201,FU-001,EC,CS01,119.1,L,H,EC-D3,,,,,
4900003496,0001,2024-01-12,201,FU-001,EC,CS01,130.1,L,H,EC-D4,,,,,
4900003497,0001,2024-01-12,201,FU-001,EC,CS01,102.1,L,H,EC-D5,,,,,
4900003498,0001,2024-01-12,201,FU-001,EC,CS01,106.4,L,H,EC-D6,,,,,
4900003499,0001,2024-01-12,201,FU-001,EC,CS01,105.1,L,H,EC-D7,,,,,
4900003500,0001,2024-01-12,201,FU-001,EC,CS01,703.6,L,H,EC-GEN,,,,,
4900003501,0001,2024-01-12,201,SP-007,EC,CS01,1,EA,H,EC-WS,,,,,
4900003502,0001,2024-01-13,201,FU-001,EC,CS01,104.8,L,H,EC-D1,,,,,
4900003503,0001,2024-01-13,201,FU-001,EC,CS01,77.6,L,H,EC-D2,,,,,
4900003504,0001,2024-01-13,201,FU-001,EC,CS01,87.9,L,H,EC-D3,,,,,
4900003505,0001,2024-01-13,201,FU-001,EC,CS01,125.5,L,H,EC-D4,,,,,
4900003506,0001,2024-01-13,201,FU-001,EC,CS01,100.6,L,H,EC-D5,,,,,
4900003507,0001,2024-01-13,201,FU-001,EC,CS01,153.8,L,H,EC-D6,,,,,
4900003508,0001,2024-01-13,201,FU-001,EC,CS01,112.6,L,H,EC-D7,,,,,
4900003509,0001,2024-01-13,201,FU-001,EC,CS01,623.6,L,H,EC-GEN,,,,,
4900003510,0001,2024-01-13,201,SP-004,EC,CS01,1,EA,H,EC-WS,,,,,
4900003511,0001,2024-01-14,201,FU-001,EC,CS01,628.5,L,H,EC-GEN,,,,,
4900003512,0001,2024-01-15,201,FU-001,EC,CS01,94.0,L,H,EC-D1,,,,,
4900003513,0001,2024-01-15,201,FU-001,EC,CS01,78.7,L,H,EC-D2,,,,,
4900003514,0001,2024-01-15,201,FU-001,EC,CS01,141.4,L,H,EC-D3,,,,,
4900003515,0001,2024-01-15,201,FU-001,EC,CS01,167.4,L,H,EC-D4,,,,,
4900003516,0001,2024-01-15,201,FU-001,EC,CS01,82.8,L,H,EC-D5,,,,,
4900003517,0001,2024-01-15,201,FU-001,EC,CS01,117.1,L,H,EC-D6,,,,,
4900003518,0001,2024-01-15,201,FU-001,EC,CS01,119.7,L,H,EC-D7,,,,,
4900003519,0001,2024-01-15,201,FU-001,EC,CS01,722.4,L,H,EC-GEN,,,,,
4900003520,0001,2024-01-15,201,SP-005,EC,CS01,1,EA,H,EC-WS,,,,,
4900003521,0001,2024-01-16,101,FU-001,EC,CS01,8000,L,S,,,,,4500000167,00010
4900003522,0001,2024-01-16,201,FU-001,EC,CS01,116.4,L,H,EC-D1,,,,,
4900003523,0001,2024-01-16,201,FU-001,EC,CS01,110.2,L,H,EC-D2,,,,,
4900003524,0001,2024-01-16,201,FU-001,EC,CS01,123.1,L,H,EC-D3,,,,,
4900003525,0001,2024-01-16,201,FU-001,EC,CS01,133.2,L,H,EC-D4,,,,,
4900003526,0001,2024-01-16,201,FU-001,EC,CS01,92.5,L,H,EC-D5,,,,,
4900003527,0001,2024-01-16,201,FU-001,EC,CS01,131.2,L,H,EC-D6,,,,,
4900003528,0001,2024-01-16,201,FU-001,EC,CS01,138.1,L,H,EC-D7,,,,,
4900003529,0001,2024-01-16,201,FU-001,EC,CS01,675.8,L,H,EC-GEN,,,,,
4900003530,0001,2024-01-16,201,SP-002,EC,CS01,1,EA,H,EC-WS,,,,,
4900003531,0001,2024-01-16,201,SP-004,EC,CS01,1,EA,H,EC-WS,,,,,
4900003532,0001,2024-01-16,201,SP-004,EC,CS01,1,EA,H,EC-WS,,,,,
4900003533,0001,2024-01-17,201,AC-003,EC,CS01,3.99,L,H,EC-D1,,,,,
4900003534,0001,2024-01-17,201,FE-002,EC,CS01,3260.9,KG,H,EC-D6,,213,0000000834,,
4900003535,0001,2024-01-17,201,FU-001,EC,CS01,91.9,L,H,EC-D1,,,,,
4900003536,0001,2024-01-17,201,FU-001,EC,CS01,78.3,L,H,EC-D2,,,,,
4900003537,0001,2024-01-17,201,FU-001,EC,CS01,130.1,L,H,EC-D3,,,,,
4900003538,0001,2024-01-17,201,FU-001,EC,CS01,132.1,L,H,EC-D4,,,,,
4900003539,0001,2024-01-17,201,FU-001,EC,CS01,104.2,L,H,EC-D5,,,,,
4900003540,0001,2024-01-17,201,FU-001,EC,CS01,113.9,L,H,EC-D6,,,,,
4900003541,0001,2024-01-17,201,FU-001,EC,CS01,115.3,L,H,EC-D7,,,,,
4900003542,0001,2024-01-17,201,FU-001,EC,CS01,636.9,L,H,EC-GEN,,,,,
4900003543,0001,2024-01-17,201,SP-003,EC,CS01,1,EA,H,EC-WS,,,,,
4900003544,0001,2024-01-17,201,SP-005,EC,CS01,1,EA,H,EC-WS,,,,,
4900003545,0001,2024-01-17,201,SP-008,EC,CS01,1,EA,H,EC-WS,,,,,
4900003546,0001,2024-01-18,201,AC-001,EC,CS01,90.9,L,H,EC-D2,,,,,
4900003547,0001,2024-01-18,201,AC-003,EC,CS01,3.28,L,H,EC-D4,,,,,
4900003548,0001,2024-01-18,201,FU-001,EC,CS01,106.4,L,H,EC-D1,,,,,
4900003549,0001,2024-01-18,201,FU-001,EC,CS01,106.3,L,H,EC-D2,,,,,
4900003550,0001,2024-01-18,201,FU-001,EC,CS01,126.8,L,H,EC-D3,,,,,
4900003551,0001,2024-01-18,201,FU-001,EC,CS01,141.3,L,H,EC-D4,,,,,
4900003552,0001,2024-01-18,201,FU-001,EC,CS01,130.3,L,H,EC-D5,,,,,
4900003553,0001,2024-01-18,201,FU-001,EC,CS01,111.3,L,H,EC-D6,,,,,
4900003554,0001,2024-01-18,201,FU-001,EC,CS01,95.4,L,H,EC-D7,,,,,
4900003555,0001,2024-01-18,201,FU-001,EC,CS01,591.7,L,H,EC-GEN,,,,,
4900003556,0001,2024-01-18,101,SP-005,EC,CS01,4,EA,S,,,,,4500000164,00010
4900003557,0001,2024-01-19,201,AC-001,EC,CS01,95.4,L,H,EC-D4,,,,,
4900003558,0001,2024-01-19,201,FU-001,EC,CS01,103.1,L,H,EC-D1,,,,,
4900003559,0001,2024-01-19,201,FU-001,EC,CS01,88.4,L,H,EC-D2,,,,,
4900003560,0001,2024-01-19,201,FU-001,EC,CS01,122.6,L,H,EC-D3,,,,,
4900003561,0001,2024-01-19,201,FU-001,EC,CS01,142.5,L,H,EC-D4,,,,,
4900003562,0001,2024-01-19,201,FU-001,EC,CS01,99.0,L,H,EC-D5,,,,,
4900003563,0001,2024-01-19,201,FU-001,EC,CS01,123.4,L,H,EC-D6,,,,,
4900003564,0001,2024-01-19,201,FU-001,EC,CS01,130.1,L,H,EC-D7,,,,,
4900003565,0001,2024-01-19,201,FU-001,EC,CS01,547.1,L,H,EC-GEN,,,,,
4900003566,0001,2024-01-19,201,SP-005,EC,CS01,1,EA,H,EC-WS,,,,,
4900003567,0001,2024-01-20,201,AC-001,EC,CS01,72.9,L,H,EC-D6,,,,,
4900003568,0001,2024-01-20,201,FU-001,EC,CS01,97.6,L,H,EC-D1,,,,,
4900003569,0001,2024-01-20,201,FU-001,EC,CS01,75.1,L,H,EC-D2,,,,,
4900003570,0001,2024-01-20,201,FU-001,EC,CS01,122.5,L,H,EC-D3,,,,,
4900003571,0001,2024-01-20,201,FU-001,EC,CS01,138.9,L,H,EC-D4,,,,,
4900003572,0001,2024-01-20,201,FU-001,EC,CS01,95.4,L,H,EC-D5,,,,,
4900003573,0001,2024-01-20,201,FU-001,EC,CS01,121.4,L,H,EC-D6,,,,,
4900003574,0001,2024-01-20,201,FU-001,EC,CS01,120.2,L,H,EC-D7,,,,,
4900003575,0001,2024-01-20,201,FU-001,EC,CS01,629.3,L,H,EC-GEN,,,,,
4900003576,0001,2024-01-20,201,SP-007,EC,CS01,1,EA,H,EC-WS,,,,,
4900003577,0001,2024-01-21,201,FU-001,EC,CS01,577.5,L,H,EC-GEN,,,,,
4900003578,0001,2024-01-22,201,FU-001,EC,CS01,84.9,L,H,EC-D1,,,,,
4900003579,0001,2024-01-22,201,FU-001,EC,CS01,74.6,L,H,EC-D2,,,,,
4900003580,0001,2024-01-22,201,FU-001,EC,CS01,137.9,L,H,EC-D3,,,,,
4900003581,0001,2024-01-22,201,FU-001,EC,CS01,146.4,L,H,EC-D4,,,,,
4900003582,0001,2024-01-22,201,FU-001,EC,CS01,92.5,L,H,EC-D5,,,,,
4900003583,0001,2024-01-22,201,FU-001,EC,CS01,105.8,L,H,EC-D6,,,,,
4900003584,0001,2024-01-22,201,FU-001,EC,CS01,117.0,L,H,EC-D7,,,,,
4900003585,0001,2024-01-22,201,FU-001,EC,CS01,688.5,L,H,EC-GEN,,,,,
4900003586,0001,2024-01-22,101,SP-008,EC,CS01,4,EA,S,,,,,4500000154,00010
4900003587,0001,2024-01-23,201,AC-001,EC,CS01,110.5,L,H,EC-D1,,,,,
4900003588,0001,2024-01-23,201,AC-003,EC,CS01,2.94,L,H,EC-D1,,,,,
4900003589,0001,2024-01-23,101,FU-001,EC,CS01,8000,L,S,,,,,4500000169,00010
4900003590,0001,2024-01-23,201,FU-001,EC,CS01,117.1,L,H,EC-D1,,,,,
4900003591,0001,2024-01-23,201,FU-001,EC,CS01,83.6,L,H,EC-D2,,,,,
4900003592,0001,2024-01-23,201,FU-001,EC,CS01,118.6,L,H,EC-D3,,,,,
4900003593,0001,2024-01-23,201,FU-001,EC,CS01,121.9,L,H,EC-D4,,,,,
4900003594,0001,2024-01-23,201,FU-001,EC,CS01,110.9,L,H,EC-D5,,,,,
4900003595,0001,2024-01-23,201,FU-001,EC,CS01,117.5,L,H,EC-D6,,,,,
4900003596,0001,2024-01-23,201,FU-001,EC,CS01,99.6,L,H,EC-D7,,,,,
4900003597,0001,2024-01-23,201,FU-001,EC,CS01,606.8,L,H,EC-GEN,,,,,
4900003598,0001,2024-01-24,201,AC-001,EC,CS01,86.4,L,H,EC-D2,,,,,
4900003599,0001,2024-01-24,201,AC-004,EC,CS01,1.16,KG,H,EC-D5,,,,,
4900003600,0001,2024-01-24,201,FU-001,EC,CS01,119.0,L,H,EC-D1,,,,,
4900003601,0001,2024-01-24,201,FU-001,EC,CS01,95.5,L,H,EC-D2,,,,,
4900003602,0001,2024-01-24,201,FU-001,EC,CS01,124.8,L,H,EC-D3,,,,,
4900003603,0001,2024-01-24,201,FU-001,EC,CS01,136.9,L,H,EC-D4,,,,,
4900003604,0001,2024-01-24,201,FU-001,EC,CS01,79.6,L,H,EC-D5,,,,,
4900003605,0001,2024-01-24,201,FU-001,EC,CS01,124.7,L,H,EC-D6,,,,,
4900003606,0001,2024-01-24,201,FU-001,EC,CS01,115.7,L,H,EC-D7,,,,,
4900003607,0001,2024-01-24,201,FU-001,EC,CS01,673.5,L,H,EC-GEN,,,,,
4900003608,0001,2024-01-24,201,SP-003,EC,CS01,1,EA,H,EC-WS,,,,,
4900003609,0001,2024-01-24,201,SP-008,EC,CS01,1,EA,H,EC-WS,,,,,
4900003610,0001,2024-01-25,201,AC-001,EC,CS01,94.1,L,H,EC-D1,,,,,
4900003611,0001,2024-01-25,201,AC-003,EC,CS01,2.74,L,H,EC-D2,,,,,
4900003612,0001,2024-01-25,201,FU-001,EC,CS01,94.0,L,H,EC-D1,,,,,
4900003613,0001,2024-01-25,201,FU-001,EC,CS01,90.5,L,H,EC-D2,,,,,
4900003614,0001,2024-01-25,201,FU-001,EC,CS01,135.9,L,H,EC-D3,,,,,
4900003615,0001,2024-01-25,201,FU-001,EC,CS01,118.3,L,H,EC-D4,,,,,
4900003616,0001,2024-01-25,201,FU-001,EC,CS01,97.2,L,H,EC-D5,,,,,
4900003617,0001,2024-01-25,201,FU-001,EC,CS01,127.1,L,H,EC-D6,,,,,
4900003618,0001,2024-01-25,201,FU-001,EC,CS01,109.7,L,H,EC-D7,,,,,
4900003619,0001,2024-01-25,201,FU-001,EC,CS01,642.6,L,H,EC-GEN,,,,,
4900003620,0001,2024-01-26,201,AC-003,EC,CS01,6.04,L,H,EC-D7,,,,,
4900003621,0001,2024-01-26,201,FU-001,EC,CS01,90.6,L,H,EC-D1,,,,,
4900003622,0001,2024-01-26,201,FU-001,EC,CS01,83.1,L,H,EC-D2,,,,,
4900003623,0001,2024-01-26,201,FU-001,EC,CS01,114.8,L,H,EC-D3,,,,,
4900003624,0001,2024-01-26,201,FU-001,EC,CS01,134.3,L,H,EC-D4,,,,,
4900003625,0001,2024-01-26,201,FU-001,EC,CS01,114.5,L,H,EC-D5,,,,,
4900003626,0001,2024-01-26,201,FU-001,EC,CS01,134.0,L,H,EC-D6,,,,,
4900003627,0001,2024-01-26,201,FU-001,EC,CS01,102.2,L,H,EC-D7,,,,,
4900003628,0001,2024-01-26,201,FU-001,EC,CS01,615.9,L,H,EC-GEN,,,,,
4900003629,0001,2024-01-26,201,SP-005,EC,CS01,1,EA,H,EC-WS,,,,,
4900003630,0001,2024-01-27,201,AC-001,EC,CS01,109.0,L,H,EC-D5,,,,,
4900003631,0001,2024-01-27,201,AC-002,EC,CS01,4.29,KG,H,EC-D5,,,,,
4900003632,0001,2024-01-27,201,AC-003,EC,CS01,6.97,L,H,EC-D5,,,,,
4900003633,0001,2024-01-27,101,FU-001,EC,CS01,8000,L,S,,,,,4500000177,00010
4900003634,0001,2024-01-27,201,FU-001,EC,CS01,88.1,L,H,EC-D1,,,,,
4900003635,0001,2024-01-27,201,FU-001,EC,CS01,94.2,L,H,EC-D2,,,,,
4900003636,0001,2024-01-27,201,FU-001,EC,CS01,151.3,L,H,EC-D3,,,,,
4900003637,0001,2024-01-27,201,FU-001,EC,CS01,145.9,L,H,EC-D4,,,,,
4900003638,0001,2024-01-27,201,FU-001,EC,CS01,82.0,L,H,EC-D5,,,,,
4900003639,0001,2024-01-27,201,FU-001,EC,CS01,96.5,L,H,EC-D6,,,,,
4900003640,0001,2024-01-27,201,FU-001,EC,CS01,105.9,L,H,EC-D7,,,,,
4900003641,0001,2024-01-27,201,FU-001,EC,CS01,540.3,L,H,EC-GEN,,,,,
4900003642,0001,2024-01-28,201,FU-001,EC,CS01,687.0,L,H,EC-GEN,,,,,
4900003643,0001,2024-01-29,201,AC-001,EC,CS01,70.9,L,H,EC-D2,,,,,
4900003644,0001,2024-01-29,201,AC-003,EC,CS01,1.36,L,H,EC-D1,,,,,
4900003645,0001,2024-01-29,101,FU-001,EC,CS01,8000,L,S,,,,,4500000187,00010
4900003646,0001,2024-01-29,201,FU-001,EC,CS01,96.8,L,H,EC-D1,,,,,
4900003647,0001,2024-01-29,201,FU-001,EC,CS01,80.0,L,H,EC-D2,,,,,
4900003648,0001,2024-01-29,201,FU-001,EC,CS01,110.1,L,H,EC-D3,,,,,
4900003649,0001,2024-01-29,201,FU-001,EC,CS01,131.5,L,H,EC-D4,,,,,
4900003650,0001,2024-01-29,201,FU-001,EC,CS01,106.8,L,H,EC-D5,,,,,
4900003651,0001,2024-01-29,201,FU-001,EC,CS01,135.7,L,H,EC-D6,,,,,
4900003652,0001,2024-01-29,201,FU-001,EC,CS01,117.8,L,H,EC-D7,,,,,
4900003653,0001,2024-01-29,201,FU-001,EC,CS01,710.6,L,H,EC-GEN,,,,,
4900003654,0001,2024-01-30,201,AC-001,EC,CS01,102.1,L,H,EC-D2,,,,,
4900003655,0001,2024-01-30,201,AC-002,EC,CS01,4.5,KG,H,EC-D2,,,,,
4900003656,0001,2024-01-30,201,FU-001,EC,CS01,93.1,L,H,EC-D1,,,,,
4900003657,0001,2024-01-30,201,FU-001,EC,CS01,93.0,L,H,EC-D2,,,,,
4900003658,0001,2024-01-30,201,FU-001,EC,CS01,109.4,L,H,EC-D3,,,,,
4900003659,0001,2024-01-30,201,FU-001,EC,CS01,147.6,L,H,EC-D4,,,,,
4900003660,0001,2024-01-30,201,FU-001,EC,CS01,116.6,L,H,EC-D5,,,,,
4900003661,0001,2024-01-30,201,FU-001,EC,CS01,125.8,L,H,EC-D6,,,,,
4900003662,0001,2024-01-30,201,FU-001,EC,CS01,123.0,L,H,EC-D7,,,,,
4900003663,0001,2024-01-30,201,FU-001,EC,CS01,756.5,L,H,EC-GEN,,,,,
4900003664,0001,2024-01-31,201,AC-003,EC,CS01,7.59,L,H,EC-D6,,,,,
4900003665,0001,2024-01-31,201,FU-001,EC,CS01,107.7,L,H,EC-D1,,,,,
4900003666,0001,2024-01-31,201,FU-001,EC,CS01,85.5,L,H,EC-D2,,,,,
4900003667,0001,2024-01-31,201,FU-001,EC,CS01,138.3,L,H,EC-D3,,,,,
4900003668,0001,2024-01-31,201,FU-001,EC,CS01,125.6,L,H,EC-D4,,,,,
4900003669,0001,2024-01-31,201,FU-001,EC,CS01,114.4,L,H,EC-D5,,,,,
4900003670,0001,2024-01-31,201,FU-001,EC,CS01,108.2,L,H,EC-D6,,,,,
4900003671,0001,2024-01-31,201,FU-001,EC,CS01,114.0,L,H,EC-D7,,,,,
4900003672,0001,2024-01-31,201,FU-001,EC,CS01,650.3,L,H,EC-GEN,,,,,
4900003673,0001,2024-01-31,201,SP-001,EC,CS01,1,EA,H,EC-WS,,,,,
4900003674,0001,2024-01-31,201,SP-005,EC,CS01,1,EA,H,EC-WS,,,,,
4900003675,0001,2024-01-31,101,SP-006,EC,CS01,1,EA,S,,,,,4500000198,00010
4900003676,0001,2024-01-31,201,SP-006,EC,CS01,1,EA,H,EC-WS,,,,,
4900003677,0001,2024-02-01,201,AC-001,EC,CS01,160.5,L,H,EC-D2,,,,,
4900003678,0001,2024-02-01,201,AC-003,EC,CS01,2.74,L,H,EC-D2,,,,,
4900003679,0001,2024-02-01,201,FU-001,EC,CS01,135.1,L,H,EC-D1,,,,,
4900003680,0001,2024-02-01,201,FU-001,EC,CS01,106.9,L,H,EC-D2,,,,,
4900003681,0001,2024-02-01,201,FU-001,EC,CS01,142.9,L,H,EC-D3,,,,,
4900003682,0001,2024-02-01,201,FU-001,EC,CS01,149.3,L,H,EC-D4,,,,,
4900003683,0001,2024-02-01,201,FU-001,EC,CS01,93.3,L,H,EC-D5,,,,,
4900003684,0001,2024-02-01,201,FU-001,EC,CS01,148.1,L,H,EC-D6,,,,,
4900003685,0001,2024-02-01,201,FU-001,EC,CS01,142.2,L,H,EC-D7,,,,,
4900003686,0001,2024-02-01,201,FU-001,EC,CS01,596.1,L,H,EC-GEN,,,,,
4900003687,0001,2024-02-02,201,AC-001,EC,CS01,144.8,L,H,EC-D1,,,,,
4900003688,0001,2024-02-02,201,AC-002,EC,CS01,5.26,KG,H,EC-D1,,,,,
4900003689,0001,2024-02-02,101,AC-003,EC,CS01,100,L,S,,,,,4500000168,00010
4900003690,0001,2024-02-02,101,AC-004,EC,CS01,5,KG,S,,,,,4500000166,00010
4900003691,0001,2024-02-02,201,FU-001,EC,CS01,106.1,L,H,EC-D1,,,,,
4900003692,0001,2024-02-02,201,FU-001,EC,CS01,106.7,L,H,EC-D2,,,,,
4900003693,0001,2024-02-02,201,FU-001,EC,CS01,146.7,L,H,EC-D3,,,,,
4900003694,0001,2024-02-02,201,FU-001,EC,CS01,127.9,L,H,EC-D4,,,,,
4900003695,0001,2024-02-02,201,FU-001,EC,CS01,127.6,L,H,EC-D5,,,,,
4900003696,0001,2024-02-02,201,FU-001,EC,CS01,117.9,L,H,EC-D6,,,,,
4900003697,0001,2024-02-02,201,FU-001,EC,CS01,98.0,L,H,EC-D7,,,,,
4900003698,0001,2024-02-02,201,FU-001,EC,CS01,701.1,L,H,EC-GEN,,,,,
4900003699,0001,2024-02-02,101,SP-005,EC,CS01,4,EA,S,,,,,4500000180,00010
4900003700,0001,2024-02-03,201,AC-001,EC,CS01,225.0,L,H,EC-D4,,,,,
4900003701,0001,2024-02-03,201,FU-001,EC,CS01,110.7,L,H,EC-D1,,,,,
4900003702,0001,2024-02-03,201,FU-001,EC,CS01,88.2,L,H,EC-D2,,,,,
4900003703,0001,2024-02-03,201,FU-001,EC,CS01,119.5,L,H,EC-D3,,,,,
4900003704,0001,2024-02-03,201,FU-001,EC,CS01,170.6,L,H,EC-D4,,,,,
4900003705,0001,2024-02-03,201,FU-001,EC,CS01,107.1,L,H,EC-D5,,,,,
4900003706,0001,2024-02-03,201,FU-001,EC,CS01,136.4,L,H,EC-D6,,,,,
4900003707,0001,2024-02-03,201,FU-001,EC,CS01,106.2,L,H,EC-D7,,,,,
4900003708,0001,2024-02-03,201,FU-001,EC,CS01,615.9,L,H,EC-GEN,,,,,
4900003709,0001,2024-02-04,201,FU-001,EC,CS01,654.5,L,H,EC-GEN,,,,,
4900003710,0001,2024-02-05,201,AC-001,EC,CS01,102.5,L,H,EC-D1,,,,,
4900003711,0001,2024-02-05,201,FU-001,EC,CS01,98.3,L,H,EC-D1,,,,,
4900003712,0001,2024-02-05,201,FU-001,EC,CS01,105.8,L,H,EC-D2,,,,,
4900003713,0001,2024-02-05,201,FU-001,EC,CS01,104.5,L,H,EC-D3,,,,,
4900003714,0001,2024-02-05,201,FU-001,EC,CS01,128.6,L,H,EC-D4,,,,,
4900003715,0001,2024-02-05,201,FU-001,EC,CS01,93.7,L,H,EC-D5,,,,,
4900003716,0001,2024-02-05,201,FU-001,EC,CS01,143.8,L,H,EC-D6,,,,,
4900003717,0001,2024-02-05,201,FU-001,EC,CS01,103.0,L,H,EC-D7,,,,,
4900003718,0001,2024-02-05,201,FU-001,EC,CS01,736.6,L,H,EC-GEN,,,,,
4900003719,0001,2024-02-05,101,SP-007,EC,CS01,4,EA,S,,,,,4500000171,00010
4900003720,0001,2024-02-06,101,AC-002,EC,CS01,42,KG,S,,,,,4500000162,00010
4900003721,0001,2024-02-06,201,FU-001,EC,CS01,114.7,L,H,EC-D1,,,,,
4900003722,0001,2024-02-06,201,FU-001,EC,CS01,104.2,L,H,EC-D2,,,,,
4900003723,0001,2024-02-06,201,FU-001,EC,CS01,123.1,L,H,EC-D3,,,,,
4900003724,0001,2024-02-06,201,FU-001,EC,CS01,147.1,L,H,EC-D4,,,,,
4900003725,0001,2024-02-06,201,FU-001,EC,CS01,127.4,L,H,EC-D5,,,,,
4900003726,0001,2024-02-06,201,FU-001,EC,CS01,109.6,L,H,EC-D6,,,,,
4900003727,0001,2024-02-06,201,FU-001,EC,CS01,106.8,L,H,EC-D7,,,,,
4900003728,0001,2024-02-06,201,FU-001,EC,CS01,669.2,L,H,EC-GEN,,,,,
4900003729,0001,2024-02-06,201,SP-002,EC,CS01,1,EA,H,EC-WS,,,,,
4900003730,0001,2024-02-06,201,SP-004,EC,CS01,1,EA,H,EC-WS,,,,,
4900003731,0001,2024-02-06,101,SP-006,EC,CS01,4,EA,S,,,,,4500000158,00010
4900003732,0001,2024-02-06,101,SP-006,EC,CS01,4,EA,S,,,,,4500000165,00010
4900003733,0001,2024-02-07,201,AC-001,EC,CS01,153.0,L,H,EC-D7,,,,,
4900003734,0001,2024-02-07,201,AC-002,EC,CS01,5.84,KG,H,EC-D7,,,,,
4900003735,0001,2024-02-07,201,AC-003,EC,CS01,3.28,L,H,EC-D2,,,,,
4900003736,0001,2024-02-07,101,FU-001,EC,CS01,8000,L,S,,,,,4500000197,00010
4900003737,0001,2024-02-07,201,FU-001,EC,CS01,100.7,L,H,EC-D1,,,,,
4900003738,0001,2024-02-07,201,FU-001,EC,CS01,79.8,L,H,EC-D2,,,,,
4900003739,0001,2024-02-07,201,FU-001,EC,CS01,125.3,L,H,EC-D3,,,,,
4900003740,0001,2024-02-07,201,FU-001,EC,CS01,176.9,L,H,EC-D4,,,,,
4900003741,0001,2024-02-07,201,FU-001,EC,CS01,127.6,L,H,EC-D5,,,,,
4900003742,0001,2024-02-07,201,FU-001,EC,CS01,118.2,L,H,EC-D6,,,,,
4900003743,0001,2024-02-07,201,FU-001,EC,CS01,101.8,L,H,EC-D7,,,,,
4900003744,0001,2024-02-07,201,FU-001,EC,CS01,739.8,L,H,EC-GEN,,,,,
4900003745,0001,2024-02-07,201,SP-006,EC,CS01,1,EA,H,EC-WS,,,,,
4900003746,0001,2024-02-08,201,FU-001,EC,CS01,104.7,L,H,EC-D1,,,,,
4900003747,0001,2024-02-08,201,FU-001,EC,CS01,96.0,L,H,EC-D2,,,,,
4900003748,0001,2024-02-08,201,FU-001,EC,CS01,128.3,L,H,EC-D3,,,,,
4900003749,0001,2024-02-08,201,FU-001,EC,CS01,146.8,L,H,EC-D4,,,,,
4900003750,0001,2024-02-08,201,FU-001,EC,CS01,128.7,L,H,EC-D5,,,,,
4900003751,0001,2024-02-08,201,FU-001,EC,CS01,129.1,L,H,EC-D6,,,,,
4900003752,0001,2024-02-08,201,FU-001,EC,CS01,117.0,L,H,EC-D7,,,,,
4900003753,0001,2024-02-08,201,FU-001,EC,CS01,574.3,L,H,EC-GEN,,,,,
4900003754,0001,2024-02-08,201,SP-003,EC,CS01,1,EA,H,EC-WS,,,,,
4900003755,0001,2024-02-09,201,AC-001,EC,CS01,122.3,L,H,EC-D2,,,,,
4900003756,0001,2024-02-09,201,AC-003,EC,CS01,2.21,L,H,EC-D3,,,,,
4900003757,0001,2024-02-09,201,FU-001,EC,CS01,119.3,L,H,EC-D1,,,,,
4900003758,0001,2024-02-09,201,FU-001,EC,CS01,78.3,L,H,EC-D2,,,,,
4900003759,0001,2024-02-09,201,FU-001,EC,CS01,156.3,L,H,EC-D3,,,,,
4900003760,0001,2024-02-09,201,FU-001,EC,CS01,138.5,L,H,EC-D4,,,,,
4900003761,0001,2024-02-09,201,FU-001,EC,CS01,100.5,L,H,EC-D5,,,,,
4900003762,0001,2024-02-09,201,FU-001,EC,CS01,150.1,L,H,EC-D6,,,,,
4900003763,0001,2024-02-09,201,FU-001,EC,CS01,104.2,L,H,EC-D7,,,,,
4900003764,0001,2024-02-09,201,FU-001,EC,CS01,643.1,L,H,EC-GEN,,,,,
4900003765,0001,2024-02-09,201,SP-001,EC,CS01,1,EA,H,EC-WS,,,,,
4900003766,0001,2024-02-09,201,SP-003,EC,CS01,1,EA,H,EC-WS,,,,,
4900003767,0001,2024-02-09,101,SP-004,EC,CS01,1,EA,S,,,,,4500000206,00010
4900003768,0001,2024-02-09,201,SP-004,EC,CS01,1,EA,H,EC-WS,,,,,
4900003769,0001,2024-02-09,201,SP-007,EC,CS01,1,EA,H,EC-WS,,,,,
4900003770,0001,2024-02-09,201,SP-007,EC,CS01,1,EA,H,EC-WS,,,,,
4900003771,0001,2024-02-10,201,AC-001,EC,CS01,130.3,L,H,EC-D7,,,,,
4900003772,0001,2024-02-10,201,FU-001,EC,CS01,97.9,L,H,EC-D1,,,,,
4900003773,0001,2024-02-10,201,FU-001,EC,CS01,105.1,L,H,EC-D2,,,,,
4900003774,0001,2024-02-10,201,FU-001,EC,CS01,198.0,L,H,EC-D3,,,,,
4900003775,0001,2024-02-10,201,FU-001,EC,CS01,154.8,L,H,EC-D4,,,,,
4900003776,0001,2024-02-10,201,FU-001,EC,CS01,99.5,L,H,EC-D5,,,,,
4900003777,0001,2024-02-10,201,FU-001,EC,CS01,135.4,L,H,EC-D6,,,,,
4900003778,0001,2024-02-10,201,FU-001,EC,CS01,123.9,L,H,EC-D7,,,,,
4900003779,0001,2024-02-10,201,FU-001,EC,CS01,701.3,L,H,EC-GEN,,,,,
4900003780,0001,2024-02-10,201,SP-001,EC,CS01,1,EA,H,EC-WS,,,,,
4900003781,0001,2024-02-11,201,FU-001,EC,CS01,662.6,L,H,EC-GEN,,,,,
4900003782,0001,2024-02-12,201,FU-001,EC,CS01,107.0,L,H,EC-D1,,,,,
4900003783,0001,2024-02-12,201,FU-001,EC,CS01,80.0,L,H,EC-D2,,,,,
4900003784,0001,2024-02-12,201,FU-001,EC,CS01,121.7,L,H,EC-D3,,,,,
4900003785,0001,2024-02-12,201,FU-001,EC,CS01,120.1,L,H,EC-D4,,,,,
4900003786,0001,2024-02-12,201,FU-001,EC,CS01,115.5,L,H,EC-D5,,,,,
4900003787,0001,2024-02-12,201,FU-001,EC,CS01,127.5,L,H,EC-D6,,,,,
4900003788,0001,2024-02-12,201,FU-001,EC,CS01,128.8,L,H,EC-D7,,,,,
4900003789,0001,2024-02-12,201,FU-001,EC,CS01,677.3,L,H,EC-GEN,,,,,
4900003790,0001,2024-02-12,101,SP-004,EC,CS01,4,EA,S,,,,,4500000163,00010
4900003791,0001,2024-02-13,201,AC-001,EC,CS01,125.4,L,H,EC-D7,,,,,
4900003792,0001,2024-02-13,201,AC-003,EC,CS01,2.81,L,H,EC-D1,,,,,
4900003793,0001,2024-02-13,101,FU-001,EC,CS01,8000,L,S,,,,,4500000205,00010
4900003794,0001,2024-02-13,201,FU-001,EC,CS01,101.6,L,H,EC-D1,,,,,
4900003795,0001,2024-02-13,201,FU-001,EC,CS01,102.7,L,H,EC-D2,,,,,
4900003796,0001,2024-02-13,201,FU-001,EC,CS01,119.9,L,H,EC-D3,,,,,
4900003797,0001,2024-02-13,201,FU-001,EC,CS01,147.4,L,H,EC-D4,,,,,
4900003798,0001,2024-02-13,201,FU-001,EC,CS01,110.1,L,H,EC-D5,,,,,
4900003799,0001,2024-02-13,201,FU-001,EC,CS01,153.9,L,H,EC-D6,,,,,
4900003800,0001,2024-02-13,201,FU-001,EC,CS01,103.9,L,H,EC-D7,,,,,
4900003801,0001,2024-02-13,201,FU-001,EC,CS01,662.2,L,H,EC-GEN,,,,,
4900003802,0001,2024-02-14,201,AC-001,EC,CS01,108.2,L,H,EC-D7,,,,,
4900003803,0001,2024-02-14,201,AC-002,EC,CS01,4.01,KG,H,EC-D7,,,,,
4900003804,0001,2024-02-14,201,FU-001,EC,CS01,118.2,L,H,EC-D1,,,,,
4900003805,0001,2024-02-14,201,FU-001,EC,CS01,92.1,L,H,EC-D2,,,,,
4900003806,0001,2024-02-14,201,FU-001,EC,CS01,137.5,L,H,EC-D3,,,,,
4900003807,0001,2024-02-14,201,FU-001,EC,CS01,166.8,L,H,EC-D4,,,,,
4900003808,0001,2024-02-14,201,FU-001,EC,CS01,88.8,L,H,EC-D5,,,,,
4900003809,0001,2024-02-14,201,FU-001,EC,CS01,132.5,L,H,EC-D6,,,,,
4900003810,0001,2024-02-14,201,FU-001,EC,CS01,136.8,L,H,EC-D7,,,,,
4900003811,0001,2024-02-14,201,FU-001,EC,CS01,691.2,L,H,EC-GEN,,,,,
4900003812,0001,2024-02-14,201,SP-008,EC,CS01,1,EA,H,EC-WS,,,,,
4900003813,0001,2024-02-14,201,SP-008,EC,CS01,1,EA,H,EC-WS,,,,,
4900003814,0001,2024-02-15,201,AC-001,EC,CS01,93.3,L,H,EC-D5,,,,,
4900003815,0001,2024-02-15,201,AC-003,EC,CS01,2.94,L,H,EC-D7,,,,,
4900003816,0001,2024-02-15,201,FU-001,EC,CS01,116.5,L,H,EC-D1,,,,,
4900003817,0001,2024-02-15,201,FU-001,EC,CS01,99.4,L,H,EC-D2,,,,,
4900003818,0001,2024-02-15,201,FU-001,EC,CS01,133.8,L,H,EC-D3,,,,,
4900003819,0001,2024-02-15,201,FU-001,EC,CS01,139.1,L,H,EC-D4,,,,,
4900003820,0001,2024-02-15,201,FU-001,EC,CS01,94.5,L,H,EC-D5,,,,,
4900003821,0001,2024-02-15,201,FU-001,EC,CS01,118.9,L,H,EC-D6,,,,,
4900003822,0001,2024-02-15,201,FU-001,EC,CS01,115.2,L,H,EC-D7,,,,,
4900003823,0001,2024-02-15,201,FU-001,EC,CS01,640.9,L,H,EC-GEN,,,,,
4900003824,0001,2024-02-15,201,SP-006,EC,CS01,1,EA,H,EC-WS,,,,,
4900003825,0001,2024-02-15,201,SP-008,EC,CS01,1,EA,H,EC-WS,,,,,
4900003826,0001,2024-02-16,201,AC-001,EC,CS01,114.9,L,H,EC-D2,,,,,
4900003827,0001,2024-02-16,201,AC-003,EC,CS01,7.59,L,H,EC-D1,,,,,
4900003828,0001,2024-02-16,201,FU-001,EC,CS01,120.9,L,H,EC-D1,,,,,
4900003829,0001,2024-02-16,201,FU-001,EC,CS01,95.6,L,H,EC-D2,,,,,
4900003830,0001,2024-02-16,201,FU-001,EC,CS01,150.0,L,H,EC-D3,,,,,
4900003831,0001,2024-02-16,201,FU-001,EC,CS01,145.5,L,H,EC-D4,,,,,
4900003832,0001,2024-02-16,201,FU-001,EC,CS01,108.7,L,H,EC-D5,,,,,
4900003833,0001,2024-02-16,201,FU-001,EC,CS01,115.7,L,H,EC-D6,,,,,
4900003834,0001,2024-02-16,201,FU-001,EC,CS01,133.3,L,H,EC-D7,,,,,
4900003835,0001,2024-02-16,201,FU-001,EC,CS01,796.4,L,H,EC-GEN,,,,,
4900003836,0001,2024-02-16,201,SP-003,EC,CS01,1,EA,H,EC-WS,,,,,
4900003837,0001,2024-02-17,201,FU-001,EC,CS01,124.9,L,H,EC-D1,,,,,
4900003838,0001,2024-02-17,201,FU-001,EC,CS01,88.7,L,H,EC-D2,,,,,
4900003839,0001,2024-02-17,201,FU-001,EC,CS01,143.6,L,H,EC-D3,,,,,
4900003840,0001,2024-02-17,201,FU-001,EC,CS01,164.9,L,H,EC-D4,,,,,
4900003841,0001,2024-02-17,201,FU-001,EC,CS01,106.1,L,H,EC-D5,,,,,
4900003842,0001,2024-02-17,201,FU-001,EC,CS01,127.7,L,H,EC-D6,,,,,
4900003843,0001,2024-02-17,201,FU-001,EC,CS01,95.3,L,H,EC-D7,,,,,
4900003844,0001,2024-02-17,201,FU-001,EC,CS01,736.8,L,H,EC-GEN,,,,,
4900003845,0001,2024-02-17,201,SP-003,EC,CS01,1,EA,H,EC-WS,,,,,
4900003846,0001,2024-02-17,201,SP-008,EC,CS01,1,EA,H,EC-WS,,,,,
4900003847,0001,2024-02-18,201,FU-001,EC,CS01,697.8,L,H,EC-GEN,,,,,
4900003848,0001,2024-02-19,201,AC-001,EC,CS01,81.9,L,H,EC-D2,,,,,
4900003849,0001,2024-02-19,201,FU-001,EC,CS01,68.9,L,H,EC-D1,,,,,
4900003850,0001,2024-02-19,201,FU-001,EC,CS01,102.5,L,H,EC-D2,,,,,
4900003851,0001,2024-02-19,201,FU-001,EC,CS01,130.7,L,H,EC-D3,,,,,
4900003852,0001,2024-02-19,201,FU-001,EC,CS01,164.1,L,H,EC-D4,,,,,
4900003853,0001,2024-02-19,201,FU-001,EC,CS01,107.9,L,H,EC-D5,,,,,
4900003854,0001,2024-02-19,201,FU-001,EC,CS01,137.4,L,H,EC-D6,,,,,
4900003855,0001,2024-02-19,201,FU-001,EC,CS01,129.7,L,H,EC-D7,,,,,
4900003856,0001,2024-02-19,201,FU-001,EC,CS01,738.4,L,H,EC-GEN,,,,,
4900003857,0001,2024-02-20,101,FU-001,EC,CS01,8000,L,S,,,,,4500000212,00010
4900003858,0001,2024-02-20,201,FU-001,EC,CS01,112.9,L,H,EC-D1,,,,,
4900003859,0001,2024-02-20,201,FU-001,EC,CS01,95.5,L,H,EC-D2,,,,,
4900003860,0001,2024-02-20,201,FU-001,EC,CS01,119.8,L,H,EC-D3,,,,,
4900003861,0001,2024-02-20,201,FU-001,EC,CS01,170.8,L,H,EC-D4,,,,,
4900003862,0001,2024-02-20,201,FU-001,EC,CS01,136.6,L,H,EC-D5,,,,,
4900003863,0001,2024-02-20,201,FU-001,EC,CS01,153.6,L,H,EC-D6,,,,,
4900003864,0001,2024-02-20,201,FU-001,EC,CS01,112.8,L,H,EC-D7,,,,,
4900003865,0001,2024-02-20,201,FU-001,EC,CS01,675.6,L,H,EC-GEN,,,,,
4900003866,0001,2024-02-21,201,AC-001,EC,CS01,111.7,L,H,EC-D2,,,,,
4900003867,0001,2024-02-21,201,AC-002,EC,CS01,4.45,KG,H,EC-D2,,,,,
4900003868,0001,2024-02-21,201,AC-003,EC,CS01,3.22,L,H,EC-D5,,,,,
4900003869,0001,2024-02-21,201,FU-001,EC,CS01,100.8,L,H,EC-D1,,,,,
4900003870,0001,2024-02-21,201,FU-001,EC,CS01,87.5,L,H,EC-D2,,,,,
4900003871,0001,2024-02-21,201,FU-001,EC,CS01,124.6,L,H,EC-D3,,,,,
4900003872,0001,2024-02-21,201,FU-001,EC,CS01,155.0,L,H,EC-D4,,,,,
4900003873,0001,2024-02-21,201,FU-001,EC,CS01,87.3,L,H,EC-D5,,,,,
4900003874,0001,2024-02-21,201,FU-001,EC,CS01,136.4,L,H,EC-D6,,,,,
4900003875,0001,2024-02-21,201,FU-001,EC,CS01,105.1,L,H,EC-D7,,,,,
4900003876,0001,2024-02-21,201,FU-001,EC,CS01,648.8,L,H,EC-GEN,,,,,
4900003877,0001,2024-02-22,201,AC-001,EC,CS01,106.7,L,H,EC-D6,,,,,
4900003878,0001,2024-02-22,201,FU-001,EC,CS01,100.1,L,H,EC-D1,,,,,
4900003879,0001,2024-02-22,201,FU-001,EC,CS01,93.8,L,H,EC-D2,,,,,
4900003880,0001,2024-02-22,201,FU-001,EC,CS01,140.1,L,H,EC-D3,,,,,
4900003881,0001,2024-02-22,201,FU-001,EC,CS01,146.6,L,H,EC-D4,,,,,
4900003882,0001,2024-02-22,201,FU-001,EC,CS01,91.2,L,H,EC-D5,,,,,
4900003883,0001,2024-02-22,201,FU-001,EC,CS01,134.9,L,H,EC-D6,,,,,
4900003884,0001,2024-02-22,201,FU-001,EC,CS01,109.1,L,H,EC-D7,,,,,
4900003885,0001,2024-02-22,201,FU-001,EC,CS01,577.9,L,H,EC-GEN,,,,,
4900003886,0001,2024-02-22,201,SP-003,EC,CS01,1,EA,H,EC-WS,,,,,
4900003887,0001,2024-02-22,201,SP-004,EC,CS01,1,EA,H,EC-WS,,,,,
4900003888,0001,2024-02-22,201,SP-008,EC,CS01,1,EA,H,EC-WS,,,,,
4900003889,0001,2024-02-23,201,AC-001,EC,CS01,121.2,L,H,EC-D1,,,,,
4900003890,0001,2024-02-23,201,AC-002,EC,CS01,5.05,KG,H,EC-D1,,,,,
4900003891,0001,2024-02-23,201,FU-001,EC,CS01,133.3,L,H,EC-D1,,,,,
4900003892,0001,2024-02-23,201,FU-001,EC,CS01,115.9,L,H,EC-D2,,,,,
4900003893,0001,2024-02-23,201,FU-001,EC,CS01,140.2,L,H,EC-D3,,,,,
4900003894,0001,2024-02-23,201,FU-001,EC,CS01,151.1,L,H,EC-D4,,,,,
4900003895,0001,2024-02-23,201,FU-001,EC,CS01,108.6,L,H,EC-D5,,,,,
4900003896,0001,2024-02-23,201,FU-001,EC,CS01,129.5,L,H,EC-D6,,,,,
4900003897,0001,2024-02-23,201,FU-001,EC,CS01,104.8,L,H,EC-D7,,,,,
4900003898,0001,2024-02-23,201,FU-001,EC,CS01,686.3,L,H,EC-GEN,,,,,
4900003899,0001,2024-02-23,101,SP-001,EC,CS01,4,EA,S,,,,,4500000210,00010
4900003900,0001,2024-02-23,101,SP-003,EC,CS01,5,EA,S,,,,,4500000209,00010
4900003901,0001,2024-02-23,101,SP-004,EC,CS01,4,EA,S,,,,,4500000174,00010
4900003902,0001,2024-02-24,201,AC-001,EC,CS01,77.6,L,H,EC-D1,,,,,
4900003903,0001,2024-02-24,201,AC-002,EC,CS01,2.97,KG,H,EC-D1,,,,,
4900003904,0001,2024-02-24,201,AC-003,EC,CS01,1.3,L,H,EC-D6,,,,,
4900003905,0001,2024-02-24,201,FU-001,EC,CS01,93.7,L,H,EC-D1,,,,,
4900003906,0001,2024-02-24,201,FU-001,EC,CS01,95.3,L,H,EC-D2,,,,,
4900003907,0001,2024-02-24,201,FU-001,EC,CS01,118.2,L,H,EC-D3,,,,,
4900003908,0001,2024-02-24,201,FU-001,EC,CS01,163.4,L,H,EC-D4,,,,,
4900003909,0001,2024-02-24,201,FU-001,EC,CS01,89.1,L,H,EC-D5,,,,,
4900003910,0001,2024-02-24,201,FU-001,EC,CS01,115.0,L,H,EC-D6,,,,,
4900003911,0001,2024-02-24,201,FU-001,EC,CS01,134.1,L,H,EC-D7,,,,,
4900003912,0001,2024-02-24,201,FU-001,EC,CS01,711.1,L,H,EC-GEN,,,,,
4900003913,0001,2024-02-25,201,FU-001,EC,CS01,647.8,L,H,EC-GEN,,,,,
4900003914,0001,2024-02-26,101,AC-001,EC,CS01,2900,L,S,,,,,4500000193,00010
4900003915,0001,2024-02-26,201,AC-001,EC,CS01,63.5,L,H,EC-D2,,,,,
4900003916,0001,2024-02-26,201,AC-002,EC,CS01,2.79,KG,H,EC-D2,,,,,
4900003917,0001,2024-02-26,201,FU-001,EC,CS01,108.6,L,H,EC-D1,,,,,
4900003918,0001,2024-02-26,201,FU-001,EC,CS01,92.6,L,H,EC-D2,,,,,
4900003919,0001,2024-02-26,201,FU-001,EC,CS01,148.1,L,H,EC-D3,,,,,
4900003920,0001,2024-02-26,201,FU-001,EC,CS01,126.3,L,H,EC-D4,,,,,
4900003921,0001,2024-02-26,201,FU-001,EC,CS01,100.9,L,H,EC-D5,,,,,
4900003922,0001,2024-02-26,201,FU-001,EC,CS01,134.5,L,H,EC-D6,,,,,
4900003923,0001,2024-02-26,201,FU-001,EC,CS01,125.1,L,H,EC-D7,,,,,
4900003924,0001,2024-02-26,201,FU-001,EC,CS01,604.6,L,H,EC-GEN,,,,,
4900003925,0001,2024-02-26,201,SP-001,EC,CS01,1,EA,H,EC-WS,,,,,
4900003926,0001,2024-02-26,201,SP-005,EC,CS01,1,EA,H,EC-WS,,,,,
4900003927,0001,2024-02-27,201,AC-001,EC,CS01,172.5,L,H,EC-D1,,,,,
4900003928,0001,2024-02-27,201,AC-003,EC,CS01,4.24,L,H,EC-D6,,,,,
4900003929,0001,2024-02-27,101,FU-001,EC,CS01,8000,L,S,,,,,4500000218,00010
4900003930,0001,2024-02-27,201,FU-001,EC,CS01,103.6,L,H,EC-D1,,,,,
4900003931,0001,2024-02-27,201,FU-001,EC,CS01,99.4,L,H,EC-D2,,,,,
4900003932,0001,2024-02-27,201,FU-001,EC,CS01,181.1,L,H,EC-D3,,,,,
4900003933,0001,2024-02-27,201,FU-001,EC,CS01,120.3,L,H,EC-D4,,,,,
4900003934,0001,2024-02-27,201,FU-001,EC,CS01,119.4,L,H,EC-D5,,,,,
4900003935,0001,2024-02-27,201,FU-001,EC,CS01,120.7,L,H,EC-D6,,,,,
4900003936,0001,2024-02-27,201,FU-001,EC,CS01,109.8,L,H,EC-D7,,,,,
4900003937,0001,2024-02-27,201,FU-001,EC,CS01,723.1,L,H,EC-GEN,,,,,
4900003938,0001,2024-02-28,201,FU-001,EC,CS01,119.1,L,H,EC-D1,,,,,
4900003939,0001,2024-02-28,201,FU-001,EC,CS01,102.4,L,H,EC-D2,,,,,
4900003940,0001,2024-02-28,201,FU-001,EC,CS01,128.5,L,H,EC-D3,,,,,
4900003941,0001,2024-02-28,201,FU-001,EC,CS01,157.2,L,H,EC-D4,,,,,
4900003942,0001,2024-02-28,201,FU-001,EC,CS01,118.1,L,H,EC-D5,,,,,
4900003943,0001,2024-02-28,201,FU-001,EC,CS01,124.4,L,H,EC-D6,,,,,
4900003944,0001,2024-02-28,201,FU-001,EC,CS01,117.7,L,H,EC-D7,,,,,
4900003945,0001,2024-02-28,201,FU-001,EC,CS01,687.1,L,H,EC-GEN,,,,,
4900003946,0001,2024-02-29,101,FE-004,EC,CS01,13375,KG,S,,,,,4500000170,00010
4900003947,0001,2024-02-29,101,FU-001,EC,CS01,8000,L,S,,,,,4500000215,00010
4900003948,0001,2024-02-29,201,FU-001,EC,CS01,78.5,L,H,EC-D1,,,,,
4900003949,0001,2024-02-29,201,FU-001,EC,CS01,87.3,L,H,EC-D2,,,,,
4900003950,0001,2024-02-29,201,FU-001,EC,CS01,123.2,L,H,EC-D3,,,,,
4900003951,0001,2024-02-29,201,FU-001,EC,CS01,135.3,L,H,EC-D4,,,,,
4900003952,0001,2024-02-29,201,FU-001,EC,CS01,107.6,L,H,EC-D5,,,,,
4900003953,0001,2024-02-29,201,FU-001,EC,CS01,99.4,L,H,EC-D6,,,,,
4900003954,0001,2024-02-29,201,FU-001,EC,CS01,98.3,L,H,EC-D7,,,,,
4900003955,0001,2024-02-29,201,FU-001,EC,CS01,601.0,L,H,EC-GEN,,,,,
4900003956,0001,2024-02-29,201,SP-002,EC,CS01,1,EA,H,EC-WS,,,,,
4900003957,0001,2024-02-29,201,SP-006,EC,CS01,1,EA,H,EC-WS,,,,,
4900003958,0001,2024-02-29,101,SP-008,EC,CS01,4,EA,S,,,,,4500000189,00010
4900003959,0001,2024-03-01,201,AC-003,EC,CS01,2.46,L,H,EC-D4,,,,,
4900003960,0001,2024-03-01,201,FU-001,EC,CS01,111.3,L,H,EC-D1,,,,,
4900003961,0001,2024-03-01,201,FU-001,EC,CS01,125.9,L,H,EC-D2,,,,,
4900003962,0001,2024-03-01,201,FU-001,EC,CS01,159.6,L,H,EC-D3,,,,,
4900003963,0001,2024-03-01,201,FU-001,EC,CS01,138.1,L,H,EC-D4,,,,,
4900003964,0001,2024-03-01,201,FU-001,EC,CS01,114.2,L,H,EC-D5,,,,,
4900003965,0001,2024-03-01,201,FU-001,EC,CS01,116.3,L,H,EC-D6,,,,,
4900003966,0001,2024-03-01,201,FU-001,EC,CS01,115.0,L,H,EC-D7,,,,,
4900003967,0001,2024-03-01,201,FU-001,EC,CS01,701.7,L,H,EC-GEN,,,,,
4900003968,0001,2024-03-01,201,SP-003,EC,CS01,1,EA,H,EC-WS,,,,,
4900003969,0001,2024-03-02,201,AC-001,EC,CS01,159.2,L,H,EC-D2,,,,,
4900003970,0001,2024-03-02,201,AC-002,EC,CS01,5.99,KG,H,EC-D2,,,,,
4900003971,0001,2024-03-02,201,AC-003,EC,CS01,6.67,L,H,EC-D6,,,,,
4900003972,0001,2024-03-02,201,FU-001,EC,CS01,101.0,L,H,EC-D1,,,,,
4900003973,0001,2024-03-02,201,FU-001,EC,CS01,104.3,L,H,EC-D2,,,,,
4900003974,0001,2024-03-02,201,FU-001,EC,CS01,153.2,L,H,EC-D3,,,,,
4900003975,0001,2024-03-02,201,FU-001,EC,CS01,162.9,L,H,EC-D4,,,,,
4900003976,0001,2024-03-02,201,FU-001,EC,CS01,102.4,L,H,EC-D5,,,,,
4900003977,0001,2024-03-02,201,FU-001,EC,CS01,114.0,L,H,EC-D6,,,,,
4900003978,0001,2024-03-02,201,FU-001,EC,CS01,97.5,L,H,EC-D7,,,,,
4900003979,0001,2024-03-02,201,FU-001,EC,CS01,666.9,L,H,EC-GEN,,,,,
4900003980,0001,2024-03-02,101,SP-002,EC,CS01,5,EA,S,,,,,4500000173,00010
4900003981,0001,2024-03-03,201,FU-001,EC,CS01,747.7,L,H,EC-GEN,,,,,
4900003982,0001,2024-03-04,201,AC-001,EC,CS01,101.7,L,H,EC-D6,,,,,
4900003983,0001,2024-03-04,201,AC-002,EC,CS01,4.36,KG,H,EC-D6,,,,,
4900003984,0001,2024-03-04,201,AC-003,EC,CS01,4.25,L,H,EC-D2,,,,,
4900003985,0001,2024-03-04,101,FE-002,EC,CS01,90000,KG,S,,,,,4500000192,00010
4900003986,0001,2024-03-04,201,FU-001,EC,CS01,92.3,L,H,EC-D1,,,,,
4900003987,0001,2024-03-04,201,FU-001,EC,CS01,74.4,L,H,EC-D2,,,,,
4900003988,0001,2024-03-04,201,FU-001,EC,CS01,149.8,L,H,EC-D3,,,,,
4900003989,0001,2024-03-04,201,FU-001,EC,CS01,174.5,L,H,EC-D4,,,,,
4900003990,0001,2024-03-04,201,FU-001,EC,CS01,93.5,L,H,EC-D5,,,,,
4900003991,0001,2024-03-04,201,FU-001,EC,CS01,109.7,L,H,EC-D6,,,,,
4900003992,0001,2024-03-04,201,FU-001,EC,CS01,123.8,L,H,EC-D7,,,,,
4900003993,0001,2024-03-04,201,FU-001,EC,CS01,563.1,L,H,EC-GEN,,,,,
4900003994,0001,2024-03-04,201,SP-008,EC,CS01,1,EA,H,EC-WS,,,,,
4900003995,0001,2024-03-05,201,AC-001,EC,CS01,181.7,L,H,EC-D1,,,,,
4900003996,0001,2024-03-05,201,AC-002,EC,CS01,7.17,KG,H,EC-D1,,,,,
4900003997,0001,2024-03-05,101,FE-001,EC,CS01,238150,KG,S,,,,,4500000175,00010
4900003998,0001,2024-03-05,201,FU-001,EC,CS01,117.2,L,H,EC-D1,,,,,
4900003999,0001,2024-03-05,201,FU-001,EC,CS01,113.8,L,H,EC-D2,,,,,
4900004000,0001,2024-03-05,201,FU-001,EC,CS01,136.7,L,H,EC-D3,,,,,
4900004001,0001,2024-03-05,201,FU-001,EC,CS01,115.3,L,H,EC-D4,,,,,
4900004002,0001,2024-03-05,201,FU-001,EC,CS01,92.5,L,H,EC-D5,,,,,
4900004003,0001,2024-03-05,201,FU-001,EC,CS01,128.2,L,H,EC-D6,,,,,
4900004004,0001,2024-03-05,201,FU-001,EC,CS01,110.2,L,H,EC-D7,,,,,
4900004005,0001,2024-03-05,201,FU-001,EC,CS01,626.9,L,H,EC-GEN,,,,,
4900004006,0001,2024-03-06,201,AC-001,EC,CS01,135.2,L,H,EC-D6,,,,,
4900004007,0001,2024-03-06,201,AC-003,EC,CS01,11.36,L,H,EC-D7,,,,,
4900004008,0001,2024-03-06,201,FU-001,EC,CS01,98.3,L,H,EC-D1,,,,,
4900004009,0001,2024-03-06,201,FU-001,EC,CS01,111.5,L,H,EC-D2,,,,,
4900004010,0001,2024-03-06,201,FU-001,EC,CS01,125.2,L,H,EC-D3,,,,,
4900004011,0001,2024-03-06,201,FU-001,EC,CS01,113.8,L,H,EC-D4,,,,,
4900004012,0001,2024-03-06,201,FU-001,EC,CS01,94.7,L,H,EC-D5,,,,,
4900004013,0001,2024-03-06,201,FU-001,EC,CS01,142.9,L,H,EC-D6,,,,,
4900004014,0001,2024-03-06,201,FU-001,EC,CS01,141.2,L,H,EC-D7,,,,,
4900004015,0001,2024-03-06,201,FU-001,EC,CS01,818.7,L,H,EC-GEN,,,,,
4900004016,0001,2024-03-06,201,SP-008,EC,CS01,1,EA,H,EC-WS,,,,,
4900004017,0001,2024-03-07,201,AC-003,EC,CS01,10.17,L,H,EC-D4,,,,,
4900004018,0001,2024-03-07,201,FU-001,EC,CS01,105.3,L,H,EC-D1,,,,,
4900004019,0001,2024-03-07,201,FU-001,EC,CS01,86.2,L,H,EC-D2,,,,,
4900004020,0001,2024-03-07,201,FU-001,EC,CS01,140.4,L,H,EC-D3,,,,,
4900004021,0001,2024-03-07,201,FU-001,EC,CS01,145.5,L,H,EC-D4,,,,,
4900004022,0001,2024-03-07,201,FU-001,EC,CS01,92.0,L,H,EC-D5,,,,,
4900004023,0001,2024-03-07,201,FU-001,EC,CS01,157.5,L,H,EC-D6,,,,,
4900004024,0001,2024-03-07,201,FU-001,EC,CS01,104.8,L,H,EC-D7,,,,,
4900004025,0001,2024-03-07,201,FU-001,EC,CS01,601.6,L,H,EC-GEN,,,,,
4900004026,0001,2024-03-07,201,SP-008,EC,CS01,1,EA,H,EC-WS,,,,,
4900004027,0001,2024-03-08,101,FE-003,EC,CS01,51250,KG,S,,,,,4500000190,00010
4900004028,0001,2024-03-08,201,FU-001,EC,CS01,121.0,L,H,EC-D1,,,,,
4900004029,0001,2024-03-08,201,FU-001,EC,CS01,88.4,L,H,EC-D2,,,,,
4900004030,0001,2024-03-08,201,FU-001,EC,CS01,101.1,L,H,EC-D3,,,,,
4900004031,0001,2024-03-08,201,FU-001,EC,CS01,138.4,L,H,EC-D4,,,,,
4900004032,0001,2024-03-08,201,FU-001,EC,CS01,82.3,L,H,EC-D5,,,,,
4900004033,0001,2024-03-08,201,FU-001,EC,CS01,114.3,L,H,EC-D6,,,,,
4900004034,0001,2024-03-08,201,FU-001,EC,CS01,114.9,L,H,EC-D7,,,,,
4900004035,0001,2024-03-08,201,FU-001,EC,CS01,708.6,L,H,EC-GEN,,,,,
4900004036,0001,2024-03-08,201,SP-003,EC,CS01,1,EA,H,EC-WS,,,,,
4900004037,0001,2024-03-08,201,SP-003,EC,CS01,1,EA,H,EC-WS,,,,,
4900004038,0001,2024-03-09,201,AC-003,EC,CS01,4.99,L,H,EC-D4,,,,,
4900004039,0001,2024-03-09,201,FU-001,EC,CS01,98.1,L,H,EC-D1,,,,,
4900004040,0001,2024-03-09,201,FU-001,EC,CS01,95.4,L,H,EC-D2,,,,,
4900004041,0001,2024-03-09,201,FU-001,EC,CS01,148.1,L,H,EC-D3,,,,,
4900004042,0001,2024-03-09,201,FU-001,EC,CS01,173.3,L,H,EC-D4,,,,,
4900004043,0001,2024-03-09,201,FU-001,EC,CS01,103.8,L,H,EC-D5,,,,,
4900004044,0001,2024-03-09,201,FU-001,EC,CS01,116.6,L,H,EC-D6,,,,,
4900004045,0001,2024-03-09,201,FU-001,EC,CS01,121.2,L,H,EC-D7,,,,,
4900004046,0001,2024-03-09,201,FU-001,EC,CS01,759.5,L,H,EC-GEN,,,,,
4900004047,0001,2024-03-09,201,SP-003,EC,CS01,1,EA,H,EC-WS,,,,,
4900004048,0001,2024-03-09,201,SP-005,EC,CS01,1,EA,H,EC-WS,,,,,
4900004049,0001,2024-03-10,201,FU-001,EC,CS01,523.9,L,H,EC-GEN,,,,,
4900004050,0001,2024-03-11,201,AC-003,EC,CS01,6.03,L,H,EC-D6,,,,,
4900004051,0001,2024-03-11,101,FE-004,EC,CS01,13375,KG,S,,,,,4500000178,00010
4900004052,0001,2024-03-11,201,FU-001,EC,CS01,99.5,L,H,EC-D1,,,,,
4900004053,0001,2024-03-11,201,FU-001,EC,CS01,83.4,L,H,EC-D2,,,,,
4900004054,0001,2024-03-11,201,FU-001,EC,CS01,125.2,L,H,EC-D3,,,,,
4900004055,0001,2024-03-11,201,FU-001,EC,CS01,151.7,L,H,EC-D4,,,,,
4900004056,0001,2024-03-11,201,FU-001,EC,CS01,113.3,L,H,EC-D5,,,,,
4900004057,0001,2024-03-11,201,FU-001,EC,CS01,100.2,L,H,EC-D6,,,,,
4900004058,0001,2024-03-11,201,FU-001,EC,CS01,109.2,L,H,EC-D7,,,,,
4900004059,0001,2024-03-11,201,FU-001,EC,CS01,695.3,L,H,EC-GEN,,,,,
4900004060,0001,2024-03-11,201,SP-007,EC,CS01,1,EA,H,EC-WS,,,,,
4900004061,0001,2024-03-12,201,AC-003,EC,CS01,7.59,L,H,EC-D7,,,,,
4900004062,0001,2024-03-12,101,FE-002,EC,CS01,90000,KG,S,,,,,4500000176,00010
4900004063,0001,2024-03-12,101,FU-001,EC,CS01,8000,L,S,,,,,4500000220,00010
4900004064,0001,2024-03-12,201,FU-001,EC,CS01,90.1,L,H,EC-D1,,,,,
4900004065,0001,2024-03-12,201,FU-001,EC,CS01,91.3,L,H,EC-D2,,,,,
4900004066,0001,2024-03-12,201,FU-001,EC,CS01,125.2,L,H,EC-D3,,,,,
4900004067,0001,2024-03-12,201,FU-001,EC,CS01,146.5,L,H,EC-D4,,,,,
4900004068,0001,2024-03-12,201,FU-001,EC,CS01,121.7,L,H,EC-D5,,,,,
4900004069,0001,2024-03-12,201,FU-001,EC,CS01,100.0,L,H,EC-D6,,,,,
4900004070,0001,2024-03-12,201,FU-001,EC,CS01,112.1,L,H,EC-D7,,,,,
4900004071,0001,2024-03-12,201,FU-001,EC,CS01,743.3,L,H,EC-GEN,,,,,
4900004072,0001,2024-03-12,201,SP-004,EC,CS01,1,EA,H,EC-WS,,,,,
4900004073,0001,2024-03-13,201,AC-001,EC,CS01,130.7,L,H,EC-D4,,,,,
4900004074,0001,2024-03-13,201,AC-002,EC,CS01,4.79,KG,H,EC-D4,,,,,
4900004075,0001,2024-03-13,101,FU-001,EC,CS01,8000,L,S,,,,,4500000223,00010
4900004076,0001,2024-03-13,201,FU-001,EC,CS01,116.9,L,H,EC-D1,,,,,
4900004077,0001,2024-03-13,201,FU-001,EC,CS01,109.8,L,H,EC-D2,,,,,
4900004078,0001,2024-03-13,201,FU-001,EC,CS01,161.5,L,H,EC-D3,,,,,
4900004079,0001,2024-03-13,201,FU-001,EC,CS01,141.7,L,H,EC-D4,,,,,
4900004080,0001,2024-03-13,201,FU-001,EC,CS01,98.9,L,H,EC-D5,,,,,
4900004081,0001,2024-03-13,201,FU-001,EC,CS01,123.8,L,H,EC-D6,,,,,
4900004082,0001,2024-03-13,201,FU-001,EC,CS01,116.9,L,H,EC-D7,,,,,
4900004083,0001,2024-03-13,201,FU-001,EC,CS01,685.6,L,H,EC-GEN,,,,,
4900004084,0001,2024-03-13,201,SP-004,EC,CS01,1,EA,H,EC-WS,,,,,
4900004085,0001,2024-03-14,201,AC-001,EC,CS01,175.6,L,H,EC-D6,,,,,
4900004086,0001,2024-03-14,201,AC-003,EC,CS01,2.04,L,H,EC-D1,,,,,
4900004087,0001,2024-03-14,101,FE-003,EC,CS01,86800,KG,S,,,,,4500000199,00010
4900004088,0001,2024-03-14,101,FE-004,EC,CS01,13375,KG,S,,,,,4500000183,00010
4900004089,0001,2024-03-14,201,FU-001,EC,CS01,109.8,L,H,EC-D1,,,,,
4900004090,0001,2024-03-14,201,FU-001,EC,CS01,83.6,L,H,EC-D2,,,,,
4900004091,0001,2024-03-14,201,FU-001,EC,CS01,142.5,L,H,EC-D3,,,,,
4900004092,0001,2024-03-14,201,FU-001,EC,CS01,114.5,L,H,EC-D4,,,,,
4900004093,0001,2024-03-14,201,FU-001,EC,CS01,121.1,L,H,EC-D5,,,,,
4900004094,0001,2024-03-14,201,FU-001,EC,CS01,131.6,L,H,EC-D6,,,,,
4900004095,0001,2024-03-14,201,FU-001,EC,CS01,94.1,L,H,EC-D7,,,,,
4900004096,0001,2024-03-14,201,FU-001,EC,CS01,551.4,L,H,EC-GEN,,,,,
4900004097,0001,2024-03-14,201,SP-001,EC,CS01,1,EA,H,EC-WS,,,,,
4900004098,0001,2024-03-14,201,SP-002,EC,CS01,1,EA,H,EC-WS,,,,,
4900004099,0001,2024-03-15,201,AC-001,EC,CS01,118.3,L,H,EC-D5,,,,,
4900004100,0001,2024-03-15,201,AC-003,EC,CS01,2.89,L,H,EC-D3,,,,,
4900004101,0001,2024-03-15,201,FE-001,EC,CS01,5456.8,KG,H,EC-D1,,4,0000001177,,
4900004102,0001,2024-03-15,201,FE-001,EC,CS01,7032.9,KG,H,EC-D1,,7,0000001189,,
4900004103,0001,2024-03-15,201,FE-001,EC,CS01,9389.0,KG,H,EC-D1,,8,0000001193,,
4900004104,0001,2024-03-15,201,FE-001,EC,CS01,12518.9,KG,H,EC-D1,,12,0000001209,,
4900004105,0001,2024-03-15,201,FE-001,EC,CS01,15660.8,KG,H,EC-D1,,13,0000001213,,
4900004106,0001,2024-03-15,201,FE-001,EC,CS01,10157.6,KG,H,EC-D1,,16,0000001225,,
4900004107,0001,2024-03-15,201,FE-001,EC,CS01,9488.1,KG,H,EC-D1,,17,0000001229,,
4900004108,0001,2024-03-15,201,FE-001,EC,CS01,8259.5,KG,H,EC-D1,,20,0000001241,,
4900004109,0001,2024-03-15,201,FE-001,EC,CS01,8312.8,KG,H,EC-D1,,24,0000001257,,
4900004110,0001,2024-03-15,201,FE-001,EC,CS01,14689.8,KG,H,EC-D1,,30,0000001281,,
4900004111,0001,2024-03-15,201,FE-001,EC,CS01,10802.1,KG,H,EC-D1,,38,0000001313,,
4900004112,0001,2024-03-15,201,FE-001,EC,CS01,11718.6,KG,H,EC-D2,,45,0000001341,,
4900004113,0001,2024-03-15,201,FE-001,EC,CS01,15948.4,KG,H,EC-D2,,57,0000001385,,
4900004114,0001,2024-03-15,201,FE-001,EC,CS01,8507.2,KG,H,EC-D2,,60,0000001397,,
4900004115,0001,2024-03-15,201,FE-001,EC,CS01,12578.6,KG,H,EC-D3,,77,0000001465,,
4900004116,0001,2024-03-15,201,FE-001,EC,CS01,3500.2,KG,H,EC-D3,,81,0000001481,,
4900004117,0001,2024-03-15,201,FE-001,EC,CS01,8723.6,KG,H,EC-D3,,84,0000001493,,
4900004118,0001,2024-03-15,201,FE-001,EC,CS01,6623.4,KG,H,EC-D3,,85,0000001497,,
4900004119,0001,2024-03-15,201,FE-001,EC,CS01,16620.4,KG,H,EC-D3,,92,0000001525,,
4900004120,0001,2024-03-15,201,FE-001,EC,CS01,10727.4,KG,H,EC-D3,,103,0000001569,,
4900004121,0001,2024-03-15,201,FE-001,EC,CS01,6605.7,KG,H,EC-D3,,105,0000001577,,
4900004122,0001,2024-03-15,201,FE-001,EC,CS01,3984.0,KG,H,EC-D3,,106,0000001581,,
4900004123,0001,2024-03-15,201,FE-001,EC,CS01,12765.4,KG,H,EC-D3,,109,0000001593,,
4900004124,0001,2024-03-15,201,FE-001,EC,CS01,10823.2,KG,H,EC-D3,,110,0000001597,,
4900004125,0001,2024-03-15,201,FE-001,EC,CS01,18591.5,KG,H,EC-D3,,111,0000001601,,
4900004126,0001,2024-03-15,201,FE-001,EC,CS01,8782.4,KG,H,EC-D3,,114,0000001613,,
4900004127,0001,2024-03-15,201,FE-001,EC,CS01,4372.5,KG,H,EC-D3,,117,0000001625,,
4900004128,0001,2024-03-15,201,FE-001,EC,CS01,6402.9,KG,H,EC-D3,,120,0000001637,,
4900004129,0001,2024-03-15,201,FE-001,EC,CS01,11163.5,KG,H,EC-D4,,135,0000001705,,
4900004130,0001,2024-03-15,201,FE-001,EC,CS01,13932.7,KG,H,EC-D4,,137,0000001713,,
4900004131,0001,2024-03-15,201,FE-001,EC,CS01,15091.0,KG,H,EC-D4,,138,0000001717,,
4900004132,0001,2024-03-15,201,FE-001,EC,CS01,9868.8,KG,H,EC-D4,,144,0000001741,,
4900004133,0001,2024-03-15,201,FE-001,EC,CS01,10875.2,KG,H,EC-D4,,146,0000001749,,
4900004134,0001,2024-03-15,201,FE-001,EC,CS01,12064.5,KG,H,EC-D4,,151,0000001769,,
4900004135,0001,2024-03-15,201,FE-001,EC,CS01,13669.0,KG,H,EC-D4,,153,0000001777,,
4900004136,0001,2024-03-15,201,FE-001,EC,CS01,11428.7,KG,H,EC-D4,,156,0000001789,,
4900004137,0001,2024-03-15,201,FE-001,EC,CS01,13707.6,KG,H,EC-D4,,160,0000001805,,
4900004138,0001,2024-03-15,201,FE-001,EC,CS01,3577.9,KG,H,EC-D4,,164,0000001813,,
4900004139,0001,2024-03-15,201,FE-001,EC,CS01,7849.6,KG,H,EC-D4,,165,0000001817,,
4900004140,0001,2024-03-15,201,FE-001,EC,CS01,16402.1,KG,H,EC-D5,,169,0000001829,,
4900004141,0001,2024-03-15,201,FE-001,EC,CS01,10977.2,KG,H,EC-D5,,171,0000001837,,
4900004142,0001,2024-03-15,201,FE-001,EC,CS01,8741.1,KG,H,EC-D5,,176,0000001853,,
4900004143,0001,2024-03-15,201,FE-001,EC,CS01,13327.4,KG,H,EC-D5,,177,0000001857,,
4900004144,0001,2024-03-15,201,FE-001,EC,CS01,10966.1,KG,H,EC-D5,,178,0000001861,,
4900004145,0001,2024-03-15,201,FE-001,EC,CS01,9267.3,KG,H,EC-D5,,185,0000001885,,
4900004146,0001,2024-03-15,201,FE-001,EC,CS01,15311.0,KG,H,EC-D5,,189,0000001901,,
4900004147,0001,2024-03-15,201,FE-001,EC,CS01,11345.7,KG,H,EC-D5,,190,0000001905,,
4900004148,0001,2024-03-15,201,FE-001,EC,CS01,5417.0,KG,H,EC-D5,,192,0000001909,,
4900004149,0001,2024-03-15,201,FE-001,EC,CS01,12698.6,KG,H,EC-D5,,194,0000001917,,
4900004150,0001,2024-03-15,201,FE-001,EC,CS01,10185.3,KG,H,EC-D5,,197,0000001929,,
4900004151,0001,2024-03-15,201,FE-001,EC,CS01,4012.5,KG,H,EC-D5,,198,0000001933,,
4900004152,0001,2024-03-15,201,FE-001,EC,CS01,15388.6,KG,H,EC-D5,,201,0000001945,,
4900004153,0001,2024-03-15,201,FE-001,EC,CS01,1799.5,KG,H,EC-D5,,373,0000001953,,
4900004154,0001,2024-03-15,201,FE-001,EC,CS01,9866.6,KG,H,EC-D6,,206,0000001969,,
4900004155,0001,2024-03-15,201,FE-001,EC,CS01,13422.2,KG,H,EC-D6,,209,0000001981,,
4900004156,0001,2024-03-15,201,FE-001,EC,CS01,12158.3,KG,H,EC-D6,,255,0000002065,,
4900004157,0001,2024-03-15,201,FE-001,EC,CS01,13940.1,KG,H,EC-D6,,256,0000002069,,
4900004158,0001,2024-03-15,201,FE-001,EC,CS01,6453.8,KG,H,EC-D6,,259,0000002081,,
4900004159,0001,2024-03-15,201,FE-001,EC,CS01,8461.3,KG,H,EC-D6,,265,0000002105,,
4900004160,0001,2024-03-15,201,FE-001,EC,CS01,10138.1,KG,H,EC-D6,,266,0000002109,,
4900004161,0001,2024-03-15,201,FE-001,EC,CS01,6081.3,KG,H,EC-D6,,267,0000002113,,
4900004162,0001,2024-03-15,201,FE-001,EC,CS01,7660.8,KG,H,EC-D7,,289,0000002153,,
4900004163,0001,2024-03-15,201,FE-001,EC,CS01,10043.6,KG,H,EC-D7,,296,0000002181,,
4900004164,0001,2024-03-15,201,FE-001,EC,CS01,9645.3,KG,H,EC-D7,,306,0000002221,,
4900004165,0001,2024-03-15,201,FE-001,EC,CS01,2912.4,KG,H,EC-D7,,307,0000002225,,
4900004166,0001,2024-03-15,201,FE-001,EC,CS01,7184.2,KG,H,EC-D7,,308,0000002229,,
4900004167,0001,2024-03-15,201,FE-001,EC,CS01,5443.0,KG,H,EC-D7,,331,0000002257,,
4900004168,0001,2024-03-15,201,FE-001,EC,CS01,15375.4,KG,H,EC-D7,,341,0000002297,,
4900004169,0001,2024-03-15,201,FE-001,EC,CS01,8995.8,KG,H,EC-D7,,343,0000002305,,
4900004170,0001,2024-03-15,201,FE-001,EC,CS01,9233.1,KG,H,EC-D7,,344,0000002309,,
4900004171,0001,2024-03-15,201,FE-001,EC,CS01,7272.8,KG,H,EC-D7,,346,0000002317,,
4900004172,0001,2024-03-15,201,FE-001,EC,CS01,13343.1,KG,H,EC-D7,,347,0000002321,,
4900004173,0001,2024-03-15,201,FE-001,EC,CS01,9832.3,KG,H,EC-D7,,348,0000002325,,
4900004174,0001,2024-03-15,201,FE-002,EC,CS01,2138.1,KG,H,EC-D1,,8,0000001194,,
4900004175,0001,2024-03-15,201,FE-002,EC,CS01,2101.0,KG,H,EC-D1,,15,0000001222,,
4900004176,0001,2024-03-15,201,FE-002,EC,CS01,2965.1,KG,H,EC-D1,,16,0000001226,,
4900004177,0001,2024-03-15,201,FE-002,EC,CS01,1922.4,KG,H,EC-D1,,18,0000001234,,
4900004178,0001,2024-03-15,201,FE-002,EC,CS01,2579.1,KG,H,EC-D1,,21,0000001246,,
4900004179,0001,2024-03-15,201,FE-002,EC,CS01,3701.9,KG,H,EC-D1,,23,0000001254,,
4900004180,0001,2024-03-15,201,FE-002,EC,CS01,3139.6,KG,H,EC-D1,,28,0000001274,,
4900004181,0001,2024-03-15,201,FE-002,EC,CS01,2388.6,KG,H,EC-D1,,30,0000001282,,
4900004182,0001,2024-03-15,201,FE-002,EC,CS01,2013.8,KG,H,EC-D1,,31,0000001286,,
4900004183,0001,2024-03-15,201,FE-002,EC,CS01,2578.9,KG,H,EC-D1,,33,0000001294,,
4900004184,0001,2024-03-15,201,FE-002,EC,CS01,3156.5,KG,H,EC-D1,,34,0000001298,,
4900004185,0001,2024-03-15,201,FE-002,EC,CS01,2570.4,KG,H,EC-D1,,36,0000001306,,
4900004186,0001,2024-03-15,201,FE-002,EC,CS01,3086.6,KG,H,EC-D1,,37,0000001310,,
4900004187,0001,2024-03-15,201,FE-002,EC,CS01,3384.0,KG,H,EC-D1,,38,0000001314,,
4900004188,0001,2024-03-15,201,FE-002,EC,CS01,2603.6,KG,H,EC-D2,,64,0000001410,,
4900004189,0001,2024-03-15,201,FE-002,EC,CS01,1957.7,KG,H,EC-D2,,66,0000001418,,
4900004190,0001,2024-03-15,201,FE-002,EC,CS01,2162.0,KG,H,EC-D2,,72,0000001442,,
4900004191,0001,2024-03-15,201,FE-002,EC,CS01,2386.1,KG,H,EC-D2,,73,0000001446,,
4900004192,0001,2024-03-15,201,FE-002,EC,CS01,3192.2,KG,H,EC-D2,,74,0000001450,,
4900004193,0001,2024-03-15,201,FE-002,EC,CS01,2375.7,KG,H,EC-D2,,382,0000001454,,
4900004194,0001,2024-03-15,201,FE-002,EC,CS01,4538.5,KG,H,EC-D3,,75,0000001458,,
4900004195,0001,2024-03-15,201,FE-002,EC,CS01,3388.7,KG,H,EC-D3,,77,0000001466,,
4900004196,0001,2024-03-15,201,FE-002,EC,CS01,2763.4,KG,H,EC-D3,,84,0000001494,,
4900004197,0001,2024-03-15,201,FE-002,EC,CS01,2654.9,KG,H,EC-D3,,97,0000001546,,
4900004198,0001,2024-03-15,201,FE-002,EC,CS01,2604.9,KG,H,EC-D3,,103,0000001570,,
4900004199,0001,2024-03-15,201,FE-002,EC,CS01,2360.4,KG,H,EC-D3,,109,0000001594,,
4900004200,0001,2024-03-15,201,FE-002,EC,CS01,2235.3,KG,H,EC-D3,,110,0000001598,,
4900004201,0001,2024-03-15,201,FE-002,EC,CS01,3211.4,KG,H,EC-D3,,111,0000001602,,
4900004202,0001,2024-03-15,201,FE-002,EC,CS01,1839.6,KG,H,EC-D3,,112,0000001606,,
4900004203,0001,2024-03-15,201,FE-002,EC,CS01,2630.4,KG,H,EC-D3,,113,0000001610,,
4900004204,0001,2024-03-15,201,FE-002,EC,CS01,1968.6,KG,H,EC-D3,,114,0000001614,,
4900004205,0001,2024-03-15,201,FE-002,EC,CS01,2022.2,KG,H,EC-D3,,115,0000001618,,
4900004206,0001,2024-03-15,201,FE-002,EC,CS01,984.6,KG,H,EC-D3,,117,0000001626,,
4900004207,0001,2024-03-15,201,FE-002,EC,CS01,399.9,KG,H,EC-D3,,121,0000001642,,
4900004208,0001,2024-03-15,201,FE-002,EC,CS01,179.8,KG,H,EC-D3,,370,0000001650,,
4900004209,0001,2024-03-15,201,FE-002,EC,CS01,566.5,KG,H,EC-D4,,125,0000001666,,
4900004210,0001,2024-03-15,201,FE-002,EC,CS01,739.3,KG,H,EC-D4,,126,0000001670,,
4900004211,0001,2024-03-15,201,FE-002,EC,CS01,2674.9,KG,H,EC-D4,,133,0000001698,,
4900004212,0001,2024-03-15,201,FE-002,EC,CS01,2102.1,KG,H,EC-D4,,135,0000001706,,
4900004213,0001,2024-03-15,201,FE-002,EC,CS01,2251.7,KG,H,EC-D4,,142,0000001734,,
4900004214,0001,2024-03-15,201,FE-002,EC,CS01,2840.4,KG,H,EC-D4,,143,0000001738,,
4900004215,0001,2024-03-15,201,FE-002,EC,CS01,3512.5,KG,H,EC-D4,,153,0000001778,,
4900004216,0001,2024-03-15,201,FE-002,EC,CS01,2650.0,KG,H,EC-D4,,156,0000001790,,
4900004217,0001,2024-03-15,201,FE-002,EC,CS01,2895.4,KG,H,EC-D4,,159,0000001802,,
4900004218,0001,2024-03-15,201,FE-002,EC,CS01,1730.1,KG,H,EC-D4,,164,0000001814,,
4900004219,0001,2024-03-15,201,FE-002,EC,CS01,1811.6,KG,H,EC-D4,,165,0000001818,,
4900004220,0001,2024-03-15,201,FE-002,EC,CS01,1556.1,KG,H,EC-D4,,166,0000001822,,
4900004221,0001,2024-03-15,201,FE-002,EC,CS01,2702.1,KG,H,EC-D5,,171,0000001838,,
4900004222,0001,2024-03-15,201,FE-002,EC,CS01,1930.2,KG,H,EC-D5,,172,0000001842,,
4900004223,0001,2024-03-15,201,FE-002,EC,CS01,2724.9,KG,H,EC-D5,,176,0000001854,,
4900004224,0001,2024-03-15,201,FE-002,EC,CS01,2914.8,KG,H,EC-D5,,178,0000001862,,
4900004225,0001,2024-03-15,201,FE-002,EC,CS01,3108.4,KG,H,EC-D5,,179,0000001866,,
4900004226,0001,2024-03-15,201,FE-002,EC,CS01,2236.9,KG,H,EC-D5,,181,0000001874,,
4900004227,0001,2024-03-15,201,FE-002,EC,CS01,2199.2,KG,H,EC-D5,,182,0000001878,,
4900004228,0001,2024-03-15,201,FE-002,EC,CS01,1788.2,KG,H,EC-D5,,184,0000001882,,
4900004229,0001,2024-03-15,201,FE-002,EC,CS01,2369.1,KG,H,EC-D5,,202,0000001950,,
4900004230,0001,2024-03-15,201,FE-002,EC,CS01,1612.6,KG,H,EC-D6,,205,0000001966,,
4900004231,0001,2024-03-15,201,FE-002,EC,CS01,2415.0,KG,H,EC-D6,,211,0000001990,,
4900004232,0001,2024-03-15,201,FE-002,EC,CS01,3098.1,KG,H,EC-D6,,215,0000002006,,
4900004233,0001,2024-03-15,201,FE-002,EC,CS01,2670.5,KG,H,EC-D6,,222,0000002014,,
4900004234,0001,2024-03-15,201,FE-002,EC,CS01,1681.2,KG,H,EC-D6,,253,0000002058,,
4900004235,0001,2024-03-15,201,FE-002,EC,CS01,2029.0,KG,H,EC-D6,,254,0000002062,,
4900004236,0001,2024-03-15,201,FE-002,EC,CS01,1444.0,KG,H,EC-D6,,258,0000002078,,
4900004237,0001,2024-03-15,201,FE-002,EC,CS01,3347.2,KG,H,EC-D6,,259,0000002082,,
4900004238,0001,2024-03-15,201,FE-002,EC,CS01,1335.5,KG,H,EC-D6,,260,0000002086,,
4900004239,0001,2024-03-15,201,FE-002,EC,CS01,2008.7,KG,H,EC-D6,,271,0000002130,,
4900004240,0001,2024-03-15,201,FE-002,EC,CS01,2648.1,KG,H,EC-D6,,380,0000002142,,
4900004241,0001,2024-03-15,201,FE-002,EC,CS01,2945.4,KG,H,EC-D7,,290,0000002158,,
4900004242,0001,2024-03-15,201,FE-002,EC,CS01,2355.5,KG,H,EC-D7,,296,0000002182,,
4900004243,0001,2024-03-15,201,FE-002,EC,CS01,1547.7,KG,H,EC-D7,,298,0000002190,,
4900004244,0001,2024-03-15,201,FE-002,EC,CS01,1694.6,KG,H,EC-D7,,300,0000002198,,
4900004245,0001,2024-03-15,201,FE-002,EC,CS01,2947.3,KG,H,EC-D7,,303,0000002210,,
4900004246,0001,2024-03-15,201,FE-002,EC,CS01,659.3,KG,H,EC-D7,,307,0000002226,,
4900004247,0001,2024-03-15,201,FE-002,EC,CS01,2558.3,KG,H,EC-D7,,309,0000002234,,
4900004248,0001,2024-03-15,201,FE-002,EC,CS01,1597.7,KG,H,EC-D7,,328,0000002246,,
4900004249,0001,2024-03-15,201,FE-002,EC,CS01,2580.1,KG,H,EC-D7,,333,0000002266,,
4900004250,0001,2024-03-15,201,FE-002,EC,CS01,3228.3,KG,H,EC-D7,,334,0000002270,,
4900004251,0001,2024-03-15,201,FE-002,EC,CS01,2303.9,KG,H,EC-D7,,335,0000002274,,
4900004252,0001,2024-03-15,201,FE-002,EC,CS01,2813.1,KG,H,EC-D7,,336,0000002278,,
4900004253,0001,2024-03-15,201,FE-002,EC,CS01,2863.1,KG,H,EC-D7,,337,0000002282,,
4900004254,0001,2024-03-15,201,FE-003,EC,CS01,531.2,KG,H,EC-D1,,6,0000001187,,
4900004255,0001,2024-03-15,201,FE-003,EC,CS01,1309.7,KG,H,EC-D1,,7,0000001191,,
4900004256,0001,2024-03-15,201,FE-003,EC,CS01,2348.8,KG,H,EC-D1,,11,0000001207,,
4900004257,0001,2024-03-15,201,FE-003,EC,CS01,1893.3,KG,H,EC-D1,,12,0000001211,,
4900004258,0001,2024-03-15,201,FE-003,EC,CS01,1597.2,KG,H,EC-D1,,13,0000001215,,
4900004259,0001,2024-03-15,201,FE-003,EC,CS01,1780.3,KG,H,EC-D1,,14,0000001219,,
4900004260,0001,2024-03-15,201,FE-003,EC,CS01,2247.9,KG,H,EC-D1,,15,0000001223,,
4900004261,0001,2024-03-15,201,FE-003,EC,CS01,2198.4,KG,H,EC-D1,,16,0000001227,,
4900004262,0001,2024-03-15,201,FE-003,EC,CS01,2860.7,KG,H,EC-D1,,21,0000001247,,
4900004263,0001,2024-03-15,201,FE-003,EC,CS01,2033.6,KG,H,EC-D1,,23,0000001255,,
4900004264,0001,2024-03-15,201,FE-003,EC,CS01,2671.4,KG,H,EC-D1,,27,0000001271,,
4900004265,0001,2024-03-15,201,FE-003,EC,CS01,2216.9,KG,H,EC-D1,,28,0000001275,,
4900004266,0001,2024-03-15,201,FE-003,EC,CS01,1983.5,KG,H,EC-D1,,29,0000001279,,
4900004267,0001,2024-03-15,201,FE-003,EC,CS01,1271.8,KG,H,EC-D1,,31,0000001287,,
4900004268,0001,2024-03-15,201,FE-003,EC,CS01,2510.5,KG,H,EC-D1,,34,0000001299,,
4900004269,0001,2024-03-15,201,FE-003,EC,CS01,1877.0,KG,H,EC-D1,,35,0000001303,,
4900004270,0001,2024-03-15,201,FE-003,EC,CS01,2833.5,KG,H,EC-D1,,39,0000001319,,
4900004271,0001,2024-03-15,201,FE-003,EC,CS01,1699.2,KG,H,EC-D2,,47,0000001351,,
4900004272,0001,2024-03-15,201,FE-003,EC,CS01,1742.4,KG,H,EC-D2,,49,0000001355,,
4900004273,0001,2024-03-15,201,FE-003,EC,CS01,2368.3,KG,H,EC-D2,,55,0000001379,,
4900004274,0001,2024-03-15,201,FE-003,EC,CS01,1310.9,KG,H,EC-D2,,56,0000001383,,
4900004275,0001,2024-03-15,201,FE-003,EC,CS01,2575.4,KG,H,EC-D2,,58,0000001391,,
4900004276,0001,2024-03-15,201,FE-003,EC,CS01,1822.3,KG,H,EC-D2,,60,0000001399,,
4900004277,0001,2024-03-15,201,FE-003,EC,CS01,1608.5,KG,H,EC-D2,,74,0000001451,,
4900004278,0001,2024-03-15,201,FE-003,EC,CS01,1846.1,KG,H,EC-D3,,85,0000001499,,
4900004279,0001,2024-03-15,201,FE-003,EC,CS01,1330.0,KG,H,EC-D3,,89,0000001515,,
4900004280,0001,2024-03-15,201,FE-003,EC,CS01,2265.7,KG,H,EC-D3,,90,0000001519,,
4900004281,0001,2024-03-15,201,FE-003,EC,CS01,1778.1,KG,H,EC-D3,,95,0000001539,,
4900004282,0001,2024-03-15,201,FE-003,EC,CS01,2830.7,KG,H,EC-D3,,96,0000001543,,
4900004283,0001,2024-03-15,201,FE-003,EC,CS01,1809.5,KG,H,EC-D3,,100,0000001559,,
4900004284,0001,2024-03-15,201,FE-003,EC,CS01,2418.4,KG,H,EC-D3,,102,0000001567,,
4900004285,0001,2024-03-15,201,FE-003,EC,CS01,876.5,KG,H,EC-D3,,106,0000001583,,
4900004286,0001,2024-03-15,201,FE-003,EC,CS01,1542.1,KG,H,EC-D3,,112,0000001607,,
4900004287,0001,2024-03-15,201,FE-003,EC,CS01,1713.9,KG,H,EC-D3,,114,0000001615,,
4900004288,0001,2024-03-15,201,FE-003,EC,CS01,1547.3,KG,H,EC-D3,,115,0000001619,,
4900004289,0001,2024-03-15,201,FE-003,EC,CS01,1166.7,KG,H,EC-D3,,120,0000001639,,
4900004290,0001,2024-03-15,201,FE-003,EC,CS01,167.3,KG,H,EC-D3,,369,0000001647,,
4900004291,0001,2024-03-15,201,FE-003,EC,CS01,410.7,KG,H,EC-D4,,125,0000001667,,
4900004292,0001,2024-03-15,201,FE-003,EC,CS01,594.0,KG,H,EC-D4,,126,0000001671,,
4900004293,0001,2024-03-15,201,FE-003,EC,CS01,2379.7,KG,H,EC-D4,,130,0000001687,,
4900004294,0001,2024-03-15,201,FE-003,EC,CS01,2861.0,KG,H,EC-D4,,132,0000001695,,
4900004295,0001,2024-03-15,201,FE-003,EC,CS01,2285.1,KG,H,EC-D4,,135,0000001707,,
4900004296,0001,2024-03-15,201,FE-003,EC,CS01,1957.1,KG,H,EC-D4,,137,0000001715,,
4900004297,0001,2024-03-15,201,FE-003,EC,CS01,1690.6,KG,H,EC-D4,,142,0000001735,,
4900004298,0001,2024-03-15,201,FE-003,EC,CS01,2193.8,KG,H,EC-D4,,146,0000001751,,
4900004299,0001,2024-03-15,201,FE-003,EC,CS01,2442.6,KG,H,EC-D4,,148,0000001759,,
4900004300,0001,2024-03-15,201,FE-003,EC,CS01,2725.8,KG,H,EC-D4,,158,0000001799,,
4900004301,0001,2024-03-15,201,FE-003,EC,CS01,800.0,KG,H,EC-D4,,166,0000001823,,
4900004302,0001,2024-03-15,201,FE-003,EC,CS01,2415.2,KG,H,EC-D5,,168,0000001827,,
4900004303,0001,2024-03-15,201,FE-003,EC,CS01,1571.6,KG,H,EC-D5,,171,0000001839,,
4900004304,0001,2024-03-15,201,FE-003,EC,CS01,2122.9,KG,H,EC-D5,,177,0000001859,,
4900004305,0001,2024-03-15,201,FE-003,EC,CS01,2169.1,KG,H,EC-D5,,185,0000001887,,
4900004306,0001,2024-03-15,201,FE-003,EC,CS01,2420.3,KG,H,EC-D5,,188,0000001899,,
4900004307,0001,2024-03-15,201,FE-003,EC,CS01,2137.9,KG,H,EC-D5,,193,0000001915,,
4900004308,0001,2024-03-15,201,FE-003,EC,CS01,2264.5,KG,H,EC-D5,,194,0000001919,,
4900004309,0001,2024-03-15,201,FE-003,EC,CS01,2146.8,KG,H,EC-D5,,197,0000001931,,
4900004310,0001,2024-03-15,201,FE-003,EC,CS01,1705.5,KG,H,EC-D5,,200,0000001943,,
4900004311,0001,2024-03-15,201,FE-003,EC,CS01,3314.9,KG,H,EC-D5,,201,0000001947,,
4900004312,0001,2024-03-15,201,FE-003,EC,CS01,3094.8,KG,H,EC-D6,,203,0000001959,,
4900004313,0001,2024-03-15,201,FE-003,EC,CS01,2670.1,KG,H,EC-D6,,207,0000001975,,
4900004314,0001,2024-03-15,201,FE-003,EC,CS01,1651.4,KG,H,EC-D6,,216,0000002011,,
4900004315,0001,2024-03-15,201,FE-003,EC,CS01,2533.6,KG,H,EC-D6,,245,0000002027,,
4900004316,0001,2024-03-15,201,FE-003,EC,CS01,1592.8,KG,H,EC-D6,,256,0000002071,,
4900004317,0001,2024-03-15,201,FE-003,EC,CS01,968.9,KG,H,EC-D6,,258,0000002079,,
4900004318,0001,2024-03-15,201,FE-003,EC,CS01,1780.7,KG,H,EC-D6,,261,0000002091,,
4900004319,0001,2024-03-15,201,FE-003,EC,CS01,1639.3,KG,H,EC-D6,,271,0000002131,,
4900004320,0001,2024-03-15,201,FE-003,EC,CS01,3710.2,KG,H,EC-D6,,379,0000002139,,
4900004321,0001,2024-03-15,201,FE-003,EC,CS01,578.4,KG,H,EC-D7,,288,0000002151,,
4900004322,0001,2024-03-15,201,FE-003,EC,CS01,594.9,KG,H,EC-D7,,301,0000002203,,
4900004323,0001,2024-03-15,201,FE-003,EC,CS01,1319.7,KG,H,EC-D7,,306,0000002223,,
4900004324,0001,2024-03-15,201,FE-003,EC,CS01,2639.9,KG,H,EC-D7,,310,0000002239,,
4900004325,0001,2024-03-15,201,FE-003,EC,CS01,1682.9,KG,H,EC-D7,,328,0000002247,,
4900004326,0001,2024-03-15,201,FE-003,EC,CS01,2114.6,KG,H,EC-D7,,337,0000002283,,
4900004327,0001,2024-03-15,201,FE-003,EC,CS01,2539.8,KG,H,EC-D7,,339,0000002291,,
4900004328,0001,2024-03-15,201,FE-003,EC,CS01,2039.7,KG,H,EC-D7,,348,0000002327,,
4900004329,0001,2024-03-15,201,FE-004,EC,CS01,205.0,KG,H,EC-D1,,2,0000001172,,
4900004330,0001,2024-03-15,201,FE-004,EC,CS01,123.5,KG,H,EC-D1,,3,0000001176,,
4900004331,0001,2024-03-15,201,FE-004,EC,CS01,59.0,KG,H,EC-D1,,5,0000001184,,
4900004332,0001,2024-03-15,201,FE-004,EC,CS01,279.0,KG,H,EC-D1,,14,0000001220,,
4900004333,0001,2024-03-15,201,FE-004,EC,CS01,195.2,KG,H,EC-D1,,25,0000001264,,
4900004334,0001,2024-03-15,201,FE-004,EC,CS01,204.0,KG,H,EC-D1,,34,0000001300,,
4900004335,0001,2024-03-15,201,FE-004,EC,CS01,280.7,KG,H,EC-D1,,35,0000001304,,
4900004336,0001,2024-03-15,201,FE-004,EC,CS01,243.8,KG,H,EC-D1,,38,0000001316,,
4900004337,0001,2024-03-15,201,FE-004,EC,CS01,227.7,KG,H,EC-D2,,41,0000001328,,
4900004338,0001,2024-03-15,201,FE-004,EC,CS01,250.1,KG,H,EC-D2,,44,0000001340,,
4900004339,0001,2024-03-15,201,FE-004,EC,CS01,308.3,KG,H,EC-D2,,52,0000001368,,
4900004340,0001,2024-03-15,201,FE-004,EC,CS01,282.6,KG,H,EC-D2,,53,0000001372,,
4900004341,0001,2024-03-15,201,FE-004,EC,CS01,262.1,KG,H,EC-D2,,54,0000001376,,
4900004342,0001,2024-03-15,201,FE-004,EC,CS01,307.6,KG,H,EC-D2,,63,0000001408,,
4900004343,0001,2024-03-15,201,FE-004,EC,CS01,155.4,KG,H,EC-D2,,65,0000001416,,
4900004344,0001,2024-03-15,201,FE-004,EC,CS01,151.5,KG,H,EC-D2,,68,0000001428,,
4900004345,0001,2024-03-15,201,FE-004,EC,CS01,292.0,KG,H,EC-D2,,74,0000001452,,
4900004346,0001,2024-03-15,201,FE-004,EC,CS01,185.5,KG,H,EC-D3,,77,0000001468,,
4900004347,0001,2024-03-15,201,FE-004,EC,CS01,302.5,KG,H,EC-D3,,78,0000001472,,
4900004348,0001,2024-03-15,201,FE-004,EC,CS01,234.2,KG,H,EC-D3,,85,0000001500,,
4900004349,0001,2024-03-15,201,FE-004,EC,CS01,276.0,KG,H,EC-D3,,87,0000001508,,
4900004350,0001,2024-03-15,201,FE-004,EC,CS01,219.6,KG,H,EC-D3,,88,0000001512,,
4900004351,0001,2024-03-15,201,FE-004,EC,CS01,351.0,KG,H,EC-D3,,89,0000001516,,
4900004352,0001,2024-03-15,201,FE-004,EC,CS01,170.0,KG,H,EC-D3,,105,0000001580,,
4900004353,0001,2024-03-15,201,FE-004,EC,CS01,67.1,KG,H,EC-D3,,106,0000001584,,
4900004354,0001,2024-03-15,201,FE-004,EC,CS01,344.1,KG,H,EC-D3,,107,0000001588,,
4900004355,0001,2024-03-15,201,FE-004,EC,CS01,264.7,KG,H,EC-D3,,110,0000001600,,
4900004356,0001,2024-03-15,201,FE-004,EC,CS01,190.6,KG,H,EC-D3,,112,0000001608,,
4900004357,0001,2024-03-15,201,FE-004,EC,CS01,214.3,KG,H,EC-D3,,114,0000001616,,
4900004358,0001,2024-03-15,201,FE-004,EC,CS01,37.3,KG,H,EC-D3,,121,0000001644,,
4900004359,0001,2024-03-15,201,FE-004,EC,CS01,21.7,KG,H,EC-D3,,369,0000001648,,
4900004360,0001,2024-03-15,201,FE-004,EC,CS01,135.9,KG,H,EC-D4,,122,0000001656,,
4900004361,0001,2024-03-15,201,FE-004,EC,CS01,49.6,KG,H,EC-D4,,125,0000001668,,
4900004362,0001,2024-03-15,201,FE-004,EC,CS01,327.4,KG,H,EC-D4,,131,0000001692,,
4900004363,0001,2024-03-15,201,FE-004,EC,CS01,264.8,KG,H,EC-D4,,141,0000001732,,
4900004364,0001,2024-03-15,201,FE-004,EC,CS01,186.0,KG,H,EC-D4,,142,0000001736,,
4900004365,0001,2024-03-15,201,FE-004,EC,CS01,187.9,KG,H,EC-D4,,144,0000001744,,
4900004366,0001,2024-03-15,201,FE-004,EC,CS01,320.2,KG,H,EC-D4,,148,0000001760,,
4900004367,0001,2024-03-15,201,FE-004,EC,CS01,225.7,KG,H,EC-D4,,149,0000001764,,
4900004368,0001,2024-03-15,201,FE-004,EC,CS01,14.5,KG,H,EC-D4,,154,0000001784,,
4900004369,0001,2024-03-15,201,FE-004,EC,CS01,56.0,KG,H,EC-D4,,155,0000001788,,
4900004370,0001,2024-03-15,201,FE-004,EC,CS01,164.9,KG,H,EC-D5,,171,0000001840,,
4900004371,0001,2024-03-15,201,FE-004,EC,CS01,76.4,KG,H,EC-D5,,174,0000001852,,
4900004372,0001,2024-03-15,201,FE-004,EC,CS01,206.1,KG,H,EC-D5,,178,0000001864,,
4900004373,0001,2024-03-15,201,FE-004,EC,CS01,291.4,KG,H,EC-D5,,179,0000001868,,
4900004374,0001,2024-03-15,201,FE-004,EC,CS01,267.4,KG,H,EC-D5,,180,0000001872,,
4900004375,0001,2024-03-15,201,FE-004,EC,CS01,318.9,KG,H,EC-D5,,187,0000001896,,
4900004376,0001,2024-03-15,201,FE-004,EC,CS01,353.8,KG,H,EC-D5,,189,0000001904,,
4900004377,0001,2024-03-15,201,FE-004,EC,CS01,231.5,KG,H,EC-D5,,190,0000001908,,
4900004378,0001,2024-03-15,201,FE-004,EC,CS01,43.7,KG,H,EC-D5,,373,0000001956,,
4900004379,0001,2024-03-15,201,FE-004,EC,CS01,269.9,KG,H,EC-D6,,213,0000002000,,
4900004380,0001,2024-03-15,201,FE-004,EC,CS01,301.7,KG,H,EC-D6,,215,0000002008,,
4900004381,0001,2024-03-15,201,FE-004,EC,CS01,276.8,KG,H,EC-D6,,216,0000002012,,
4900004382,0001,2024-03-15,201,FE-004,EC,CS01,327.0,KG,H,EC-D6,,222,0000002016,,
4900004383,0001,2024-03-15,201,FE-004,EC,CS01,392.6,KG,H,EC-D6,,248,0000002040,,
4900004384,0001,2024-03-15,201,FE-004,EC,CS01,286.9,KG,H,EC-D6,,252,0000002056,,
4900004385,0001,2024-03-15,201,FE-004,EC,CS01,159.7,KG,H,EC-D6,,253,0000002060,,
4900004386,0001,2024-03-15,201,FE-004,EC,CS01,267.7,KG,H,EC-D6,,255,0000002068,,
4900004387,0001,2024-03-15,201,FE-004,EC,CS01,323.3,KG,H,EC-D6,,259,0000002084,,
4900004388,0001,2024-03-15,201,FE-004,EC,CS01,105.8,KG,H,EC-D6,,264,0000002104,,
4900004389,0001,2024-03-15,201,FE-004,EC,CS01,170.9,KG,H,EC-D6,,266,0000002112,,
4900004390,0001,2024-03-15,201,FE-004,EC,CS01,231.6,KG,H,EC-D6,,268,0000002120,,
4900004391,0001,2024-03-15,201,FE-004,EC,CS01,219.9,KG,H,EC-D6,,271,0000002132,,
4900004392,0001,2024-03-15,201,FE-004,EC,CS01,45.1,KG,H,EC-D7,,288,0000002152,,
4900004393,0001,2024-03-15,201,FE-004,EC,CS01,226.0,KG,H,EC-D7,,291,0000002164,,
4900004394,0001,2024-03-15,201,FE-004,EC,CS01,220.1,KG,H,EC-D7,,299,0000002196,,
4900004395,0001,2024-03-15,201,FE-004,EC,CS01,209.9,KG,H,EC-D7,,304,0000002216,,
4900004396,0001,2024-03-15,201,FE-004,EC,CS01,212.9,KG,H,EC-D7,,305,0000002220,,
4900004397,0001,2024-03-15,201,FE-004,EC,CS01,235.2,KG,H,EC-D7,,311,0000002244,,
4900004398,0001,2024-03-15,201,FE-004,EC,CS01,151.5,KG,H,EC-D7,,328,0000002248,,
4900004399,0001,2024-03-15,201,FE-004,EC,CS01,153.5,KG,H,EC-D7,,333,0000002268,,
4900004400,0001,2024-03-15,201,FE-004,EC,CS01,263.2,KG,H,EC-D7,,334,0000002272,,
4900004401,0001,2024-03-15,201,FE-004,EC,CS01,183.0,KG,H,EC-D7,,337,0000002284,,
4900004402,0001,2024-03-15,201,FE-004,EC,CS01,339.3,KG,H,EC-D7,,339,0000002292,,
4900004403,0001,2024-03-15,201,FE-004,EC,CS01,267.2,KG,H,EC-D7,,340,0000002296,,
4900004404,0001,2024-03-15,201,FE-004,EC,CS01,197.5,KG,H,EC-D7,,347,0000002324,,
4900004405,0001,2024-03-15,201,FU-001,EC,CS01,115.7,L,H,EC-D1,,,,,
4900004406,0001,2024-03-15,201,FU-001,EC,CS01,108.9,L,H,EC-D2,,,,,
4900004407,0001,2024-03-15,201,FU-001,EC,CS01,146.4,L,H,EC-D3,,,,,
4900004408,0001,2024-03-15,201,FU-001,EC,CS01,114.7,L,H,EC-D4,,,,,
4900004409,0001,2024-03-15,201,FU-001,EC,CS01,98.7,L,H,EC-D5,,,,,
4900004410,0001,2024-03-15,201,FU-001,EC,CS01,108.0,L,H,EC-D6,,,,,
4900004411,0001,2024-03-15,201,FU-001,EC,CS01,95.7,L,H,EC-D7,,,,,
4900004412,0001,2024-03-15,201,FU-001,EC,CS01,632.1,L,H,EC-GEN,,,,,
4900004413,0001,2024-03-16,201,AC-001,EC,CS01,108.5,L,H,EC-D6,,,,,
4900004414,0001,2024-03-16,201,AC-002,EC,CS01,4.08,KG,H,EC-D6,,,,,
4900004415,0001,2024-03-16,201,FE-001,EC,CS01,6317.0,KG,H,EC-D3,,91,0000001521,,
4900004416,0001,2024-03-16,201,FE-001,EC,CS01,8928.3,KG,H,EC-D5,,184,0000001881,,
4900004417,0001,2024-03-16,201,FE-001,EC,CS01,7624.2,KG,H,EC-D6,,247,0000002033,,
4900004418,0001,2024-03-16,201,FE-001,EC,CS01,10210.5,KG,H,EC-D7,,291,0000002161,,
4900004419,0001,2024-03-16,201,FE-001,EC,CS01,12292.8,KG,H,EC-D7,,311,0000002241,,
4900004420,0001,2024-03-16,101,FE-002,EC,CS01,90000,KG,S,,,,,4500000186,00010
4900004421,0001,2024-03-16,201,FE-002,EC,CS01,2353.6,KG,H,EC-D2,,51,0000001362,,
4900004422,0001,2024-03-16,201,FE-002,EC,CS01,2625.9,KG,H,EC-D3,,78,0000001470,,
4900004423,0001,2024-03-16,201,FE-002,EC,CS01,2143.8,KG,H,EC-D4,,130,0000001686,,
4900004424,0001,2024-03-16,201,FE-002,EC,CS01,2986.2,KG,H,EC-D4,,160,0000001806,,
4900004425,0001,2024-03-16,201,FE-003,EC,CS01,2135.6,KG,H,EC-D1,,36,0000001307,,
4900004426,0001,2024-03-16,201,FE-003,EC,CS01,1876.4,KG,H,EC-D2,,51,0000001363,,
4900004427,0001,2024-03-16,201,FE-003,EC,CS01,1718.0,KG,H,EC-D4,,144,0000001743,,
4900004428,0001,2024-03-16,101,FE-004,EC,CS01,13375,KG,S,,,,,4500000188,00010
4900004429,0001,2024-03-16,201,FE-004,EC,CS01,142.4,KG,H,EC-D1,,20,0000001244,,
4900004430,0001,2024-03-16,201,FE-004,EC,CS01,275.6,KG,H,EC-D5,,185,0000001888,,
4900004431,0001,2024-03-16,201,FE-004,EC,CS01,285.9,KG,H,EC-D6,,211,0000001992,,
4900004432,0001,2024-03-16,201,FE-004,EC,CS01,216.7,KG,H,EC-D7,,346,0000002320,,
4900004433,0001,2024-03-16,201,FU-001,EC,CS01,117.0,L,H,EC-D1,,,,,
4900004434,0001,2024-03-16,201,FU-001,EC,CS01,98.5,L,H,EC-D2,,,,,
4900004435,0001,2024-03-16,201,FU-001,EC,CS01,102.5,L,H,EC-D3,,,,,
4900004436,0001,2024-03-16,201,FU-001,EC,CS01,132.1,L,H,EC-D4,,,,,
4900004437,0001,2024-03-16,201,FU-001,EC,CS01,102.1,L,H,EC-D5,,,,,
4900004438,0001,2024-03-16,201,FU-001,EC,CS01,115.9,L,H,EC-D6,,,,,
4900004439,0001,2024-03-16,201,FU-001,EC,CS01,95.0,L,H,EC-D7,,,,,
4900004440,0001,2024-03-16,201,FU-001,EC,CS01,745.6,L,H,EC-GEN,,,,,
4900004441,0001,2024-03-16,201,SP-002,EC,CS01,1,EA,H,EC-WS,,,,,
4900004442,0001,2024-03-16,201,SP-008,EC,CS01,1,EA,H,EC-WS,,,,,
4900004443,0001,2024-03-17,101,FE-001,EC,CS01,10000,KG,S,,,,,4500000232,00010
4900004444,0001,2024-03-17,101,FE-001,EC,CS01,20000,KG,S,,,,,4500000238,00010
4900004445,0001,2024-03-17,101,FE-001,EC,CS01,10000,KG,S,,,,,4500000231,00010
4900004446,0001,2024-03-17,101,FE-001,EC,CS01,10000,KG,S,,,,,4500000233,00010
4900004447,0001,2024-03-17,101,FE-001,EC,CS01,10000,KG,S,,,,,4500000239,00010
4900004448,0001,2024-03-17,201,FE-001,EC,CS01,9624.1,KG,H,EC-D3,,78,0000001469,,
4900004449,0001,2024-03-17,201,FE-001,EC,CS01,12983.4,KG,H,EC-D3,,95,0000001537,,
4900004450,0001,2024-03-17,201,FE-001,EC,CS01,10344.5,KG,H,EC-D5,,200,0000001941,,
4900004451,0001,2024-03-17,201,FE-001,EC,CS01,12184.8,KG,H,EC-D6,,223,0000002017,,
4900004452,0001,2024-03-17,201,FE-001,EC,CS01,4230.5,KG,H,EC-D7,,287,0000002145,,
4900004453,0001,2024-03-17,201,FE-001,EC,CS01,12112.8,KG,H,EC-D7,,335,0000002273,,
4900004454,0001,2024-03-17,201,FE-002,EC,CS01,3001.7,KG,H,EC-D2,,58,0000001390,,
4900004455,0001,2024-03-17,201,FE-002,EC,CS01,2667.4,KG,H,EC-D3,,89,0000001514,,
4900004456,0001,2024-03-17,201,FE-002,EC,CS01,1430.5,KG,H,EC-D4,,122,0000001654,,
4900004457,0001,2024-03-17,201,FE-002,EC,CS01,3221.4,KG,H,EC-D4,,131,0000001690,,
4900004458,0001,2024-03-17,201,FE-002,EC,CS01,1422.7,KG,H,EC-D5,,199,0000001938,,
4900004459,0001,2024-03-17,201,FE-002,EC,CS01,3440.8,KG,H,EC-D6,,216,0000002010,,
4900004460,0001,2024-03-17,201,FE-003,EC,CS01,1129.5,KG,H,EC-D3,,99,0000001555,,
4900004461,0001,2024-03-17,201,FE-003,EC,CS01,2184.0,KG,H,EC-D3,,110,0000001599,,
4900004462,0001,2024-03-17,201,FE-003,EC,CS01,943.5,KG,H,EC-D5,,199,0000001939,,
4900004463,0001,2024-03-17,201,FE-003,EC,CS01,2143.4,KG,H,EC-D7,,311,0000002243,,
4900004464,0001,2024-03-17,201,FE-004,EC,CS01,207.3,KG,H,EC-D1,,12,0000001212,,
4900004465,0001,2024-03-17,201,FE-004,EC,CS01,293.4,KG,H,EC-D2,,43,0000001336,,
4900004466,0001,2024-03-17,201,FE-004,EC,CS01,239.5,KG,H,EC-D3,,98,0000001552,,
4900004467,0001,2024-03-17,201,FU-001,EC,CS01,730.5,L,H,EC-GEN,,,,,
4900004468,0001,2024-03-18,201,AC-001,EC,CS01,110.6,L,H,EC-D5,,,,,
4900004469,0001,2024-03-18,201,AC-003,EC,CS01,4.25,L,H,EC-D5,,,,,
4900004470,0001,2024-03-18,101,FE-001,EC,CS01,20000,KG,S,,,,,4500000234,00010
4900004471,0001,2024-03-18,101,FE-001,EC,CS01,10000,KG,S,,,,,4500000235,00010
4900004472,0001,2024-03-18,101,FE-001,EC,CS01,10000,KG,S,,,,,4500000236,00010
4900004473,0001,2024-03-18,201,FE-001,EC,CS01,14403.6,KG,H,EC-D1,,32,0000001289,,
4900004474,0001,2024-03-18,201,FE-001,EC,CS01,12608.0,KG,H,EC-D3,,104,0000001573,,
4900004475,0001,2024-03-18,201,FE-001,EC,CS01,10127.6,KG,H,EC-D6,,271,0000002129,,
4900004476,0001,2024-03-18,201,FE-002,EC,CS01,3717.6,KG,H,EC-D1,,22,0000001250,,
4900004477,0001,2024-03-18,201,FE-002,EC,CS01,2083.8,KG,H,EC-D2,,63,0000001406,,
4900004478,0001,2024-03-18,201,FE-002,EC,CS01,984.9,KG,H,EC-D4,,123,0000001658,,
4900004479,0001,2024-03-18,201,FE-002,EC,CS01,3455.0,KG,H,EC-D5,,188,0000001898,,
4900004480,0001,2024-03-18,201,FE-002,EC,CS01,669.8,KG,H,EC-D5,,192,0000001910,,
4900004481,0001,2024-03-18,201,FE-002,EC,CS01,2822.4,KG,H,EC-D6,,252,0000002054,,
4900004482,0001,2024-03-18,201,FE-002,EC,CS01,3030.6,KG,H,EC-D6,,257,0000002074,,
4900004483,0001,2024-03-18,201,FE-003,EC,CS01,1948.1,KG,H,EC-D1,,32,0000001291,,
4900004484,0001,2024-03-18,201,FE-003,EC,CS01,2273.8,KG,H,EC-D3,,78,0000001471,,
4900004485,0001,2024-03-18,201,FE-003,EC,CS01,1048.5,KG,H,EC-D3,,118,0000001631,,
4900004486,0001,2024-03-18,201,FE-003,EC,CS01,1708.5,KG,H,EC-D5,,173,0000001847,,
4900004487,0001,2024-03-18,201,FE-003,EC,CS01,2401.2,KG,H,EC-D5,,187,0000001895,,
4900004488,0001,2024-03-18,201,FE-003,EC,CS01,1113.6,KG,H,EC-D7,,289,0000002155,,
4900004489,0001,2024-03-18,201,FE-004,EC,CS01,286.2,KG,H,EC-D2,,72,0000001444,,
4900004490,0001,2024-03-18,201,FE-004,EC,CS01,208.5,KG,H,EC-D4,,128,0000001680,,
4900004491,0001,2024-03-18,201,FE-004,EC,CS01,206.1,KG,H,EC-D4,,146,0000001752,,
4900004492,0001,2024-03-18,201,FE-004,EC,CS01,279.7,KG,H,EC-D5,,181,0000001876,,
4900004493,0001,2024-03-18,201,FU-001,EC,CS01,103.3,L,H,EC-D1,,,,,
4900004494,0001,2024-03-18,201,FU-001,EC,CS01,84.1,L,H,EC-D2,,,,,
4900004495,0001,2024-03-18,201,FU-001,EC,CS01,134.2,L,H,EC-D3,,,,,
4900004496,0001,2024-03-18,201,FU-001,EC,CS01,124.1,L,H,EC-D4,,,,,
4900004497,0001,2024-03-18,201,FU-001,EC,CS01,76.3,L,H,EC-D5,,,,,
4900004498,0001,2024-03-18,201,FU-001,EC,CS01,99.6,L,H,EC-D6,,,,,
4900004499,0001,2024-03-18,201,FU-001,EC,CS01,116.2,L,H,EC-D7,,,,,
4900004500,0001,2024-03-18,201,FU-001,EC,CS01,753.7,L,H,EC-GEN,,,,,
4900004501,0001,2024-03-18,201,SP-001,EC,CS01,1,EA,H,EC-WS,,,,,
4900004502,0001,2024-03-19,201,AC-001,EC,CS01,120.1,L,H,EC-D3,,,,,
4900004503,0001,2024-03-19,101,FE-001,EC,CS01,238150,KG,S,,,,,4500000195,00010
4900004504,0001,2024-03-19,201,FE-001,EC,CS01,15066.6,KG,H,EC-D1,,15,0000001221,,
4900004505,0001,2024-03-19,201,FE-001,EC,CS01,10379.8,KG,H,EC-D5,,193,0000001913,,
4900004506,0001,2024-03-19,201,FE-001,EC,CS01,9810.3,KG,H,EC-D7,,332,0000002261,,
4900004507,0001,2024-03-19,101,FE-002,EC,CS01,90000,KG,S,,,,,4500000208,00010
4900004508,0001,2024-03-19,201,FE-002,EC,CS01,2192.5,KG,H,EC-D3,,94,0000001534,,
4900004509,0001,2024-03-19,201,FE-003,EC,CS01,1250.9,KG,H,EC-D6,,208,0000001979,,
4900004510,0001,2024-03-19,201,FE-003,EC,CS01,1674.3,KG,H,EC-D6,,214,0000002003,,
4900004511,0001,2024-03-19,201,FE-004,EC,CS01,54.1,KG,H,EC-D1,,6,0000001188,,
4900004512,0001,2024-03-19,201,FE-004,EC,CS01,153.7,KG,H,EC-D3,,103,0000001572,,
4900004513,0001,2024-03-19,201,FE-004,EC,CS01,183.7,KG,H,EC-D5,,173,0000001848,,
4900004514,0001,2024-03-19,101,FU-001,EC,CS01,8000,L,S,,,,,4500000227,00010
4900004515,0001,2024-03-19,201,FU-001,EC,CS01,107.3,L,H,EC-D1,,,,,
4900004516,0001,2024-03-19,201,FU-001,EC,CS01,101.9,L,H,EC-D2,,,,,
4900004517,0001,2024-03-19,201,FU-001,EC,CS01,116.1,L,H,EC-D3,,,,,
4900004518,0001,2024-03-19,201,FU-001,EC,CS01,135.0,L,H,EC-D4,,,,,
4900004519,0001,2024-03-19,201,FU-001,EC,CS01,117.2,L,H,EC-D5,,,,,
4900004520,0001,2024-03-19,201,FU-001,EC,CS01,127.4,L,H,EC-D6,,,,,
4900004521,0001,2024-03-19,201,FU-001,EC,CS01,109.1,L,H,EC-D7,,,,,
4900004522,0001,2024-03-19,201,FU-001,EC,CS01,733.0,L,H,EC-GEN,,,,,
4900004523,0001,2024-03-19,201,SP-005,EC,CS01,1,EA,H,EC-WS,,,,,
4900004524,0001,2024-03-20,201,AC-001,EC,CS01,186.3,L,H,EC-D3,,,,,
4900004525,0001,2024-03-20,101,AC-002,EC,CS01,10,KG,S,,,,,4500000241,00010
4900004526,0001,2024-03-20,201,AC-002,EC,CS01,7.82,KG,H,EC-D3,,,,,
4900004527,0001,2024-03-20,201,AC-003,EC,CS01,12.88,L,H,EC-D3,,,,,
4900004528,0001,2024-03-20,101,FE-001,EC,CS01,238150,KG,S,,,,,4500000207,00010
4900004529,0001,2024-03-20,201,FE-001,EC,CS01,11297.2,KG,H,EC-D1,,29,0000001277,,
4900004530,0001,2024-03-20,201,FE-001,EC,CS01,11291.4,KG,H,EC-D1,,34,0000001297,,
4900004531,0001,2024-03-20,201,FE-001,EC,CS01,11851.1,KG,H,EC-D3,,87,0000001505,,
4900004532,0001,2024-03-20,201,FE-001,EC,CS01,5493.5,KG,H,EC-D3,,118,0000001629,,
4900004533,0001,2024-03-20,201,FE-001,EC,CS01,9983.1,KG,H,EC-D6,,254,0000002061,,
4900004534,0001,2024-03-20,201,FE-002,EC,CS01,1610.2,KG,H,EC-D1,,24,0000001258,,
4900004535,0001,2024-03-20,201,FE-002,EC,CS01,1730.4,KG,H,EC-D2,,40,0000001322,,
4900004536,0001,2024-03-20,201,FE-002,EC,CS01,2340.3,KG,H,EC-D7,,343,0000002306,,
4900004537,0001,2024-03-20,201,FE-003,EC,CS01,2093.5,KG,H,EC-D1,,18,0000001235,,
4900004538,0001,2024-03-20,201,FE-003,EC,CS01,2096.7,KG,H,EC-D2,,53,0000001371,,
4900004539,0001,2024-03-20,201,FE-003,EC,CS01,1789.2,KG,H,EC-D4,,136,0000001711,,
4900004540,0001,2024-03-20,201,FE-003,EC,CS01,2540.8,KG,H,EC-D4,,145,0000001747,,
4900004541,0001,2024-03-20,201,FE-003,EC,CS01,1572.6,KG,H,EC-D6,,246,0000002031,,
4900004542,0001,2024-03-20,201,FE-003,EC,CS01,1968.8,KG,H,EC-D7,,347,0000002323,,
4900004543,0001,2024-03-20,201,FE-004,EC,CS01,25.6,KG,H,EC-D3,,82,0000001488,,
4900004544,0001,2024-03-20,201,FE-004,EC,CS01,392.1,KG,H,EC-D5,,196,0000001928,,
4900004545,0001,2024-03-20,201,FE-004,EC,CS01,229.8,KG,H,EC-D6,,261,0000002092,,
4900004546,0001,2024-03-20,201,FE-004,EC,CS01,231.9,KG,H,EC-D7,,309,0000002236,,
4900004547,0001,2024-03-20,201,FU-001,EC,CS01,97.0,L,H,EC-D1,,,,,
4900004548,0001,2024-03-20,201,FU-001,EC,CS01,94.4,L,H,EC-D2,,,,,
4900004549,0001,2024-03-20,201,FU-001,EC,CS01,108.2,L,H,EC-D3,,,,,
4900004550,0001,2024-03-20,201,FU-001,EC,CS01,146.9,L,H,EC-D4,,,,,
4900004551,0001,2024-03-20,201,FU-001,EC,CS01,85.0,L,H,EC-D5,,,,,
4900004552,0001,2024-03-20,201,FU-001,EC,CS01,115.6,L,H,EC-D6,,,,,
4900004553,0001,2024-03-20,201,FU-001,EC,CS01,99.1,L,H,EC-D7,,,,,
4900004554,0001,2024-03-20,201,FU-001,EC,CS01,593.4,L,H,EC-GEN,,,,,
4900004555,0001,2024-03-20,101,SP-003,EC,CS01,5,EA,S,,,,,4500000222,00010
4900004556,0001,2024-03-20,201,SP-003,EC,CS01,1,EA,H,EC-WS,,,,,
4900004557,0001,2024-03-20,201,SP-003,EC,CS01,1,EA,H,EC-WS,,,,,
4900004558,0001,2024-03-20,201,SP-004,EC,CS01,1,EA,H,EC-WS,,,,,
4900004559,0001,2024-03-20,201,SP-006,EC,CS01,1,EA,H,EC-WS,,,,,
4900004560,0001,2024-03-21,201,AC-001,EC,CS01,70.3,L,H,EC-D1,,,,,
4900004561,0001,2024-03-21,201,AC-003,EC,CS01,5.48,L,H,EC-D2,,,,,
4900004562,0001,2024-03-21,101,FE-001,EC,CS01,238150,KG,S,,,,,4500000213,00010
4900004563,0001,2024-03-21,201,FE-001,EC,CS01,14102.3,KG,H,EC-D3,,93,0000001529,,
4900004564,0001,2024-03-21,201,FE-001,EC,CS01,13497.1,KG,H,EC-D3,,107,0000001585,,
4900004565,0001,2024-03-21,201,FE-001,EC,CS01,7512.3,KG,H,EC-D4,,147,0000001753,,
4900004566,0001,2024-03-21,201,FE-001,EC,CS01,10990.6,KG,H,EC-D5,,180,0000001869,,
4900004567,0001,2024-03-21,201,FE-001,EC,CS01,11877.8,KG,H,EC-D6,,208,0000001977,,
4900004568,0001,2024-03-21,201,FE-002,EC,CS01,2184.9,KG,H,EC-D2,,56,0000001382,,
4900004569,0001,2024-03-21,201,FE-002,EC,CS01,3881.1,KG,H,EC-D3,,86,0000001502,,
4900004570,0001,2024-03-21,201,FE-002,EC,CS01,2280.6,KG,H,EC-D3,,98,0000001550,,
4900004571,0001,2024-03-21,201,FE-002,EC,CS01,1788.9,KG,H,EC-D4,,148,0000001758,,
4900004572,0001,2024-03-21,201,FE-002,EC,CS01,278.4,KG,H,EC-D5,,373,0000001954,,
4900004573,0001,2024-03-21,201,FE-002,EC,CS01,2944.5,KG,H,EC-D6,,214,0000002002,,
4900004574,0001,2024-03-21,201,FE-002,EC,CS01,2654.3,KG,H,EC-D7,,306,0000002222,,
4900004575,0001,2024-03-21,201,FE-003,EC,CS01,1952.2,KG,H,EC-D2,,43,0000001335,,
4900004576,0001,2024-03-21,201,FE-003,EC,CS01,2218.9,KG,H,EC-D4,,153,0000001779,,
4900004577,0001,2024-03-21,201,FE-003,EC,CS01,2221.5,KG,H,EC-D7,,299,0000002195,,
4900004578,0001,2024-03-21,201,FE-003,EC,CS01,2225.1,KG,H,EC-D7,,302,0000002207,,
4900004579,0001,2024-03-21,201,FE-003,EC,CS01,2517.9,KG,H,EC-D7,,340,0000002295,,
4900004580,0001,2024-03-21,201,FE-004,EC,CS01,202.6,KG,H,EC-D3,,90,0000001520,,
4900004581,0001,2024-03-21,201,FE-004,EC,CS01,175.8,KG,H,EC-D3,,97,0000001548,,
4900004582,0001,2024-03-21,201,FE-004,EC,CS01,101.2,KG,H,EC-D3,,118,0000001632,,
4900004583,0001,2024-03-21,201,FE-004,EC,CS01,450.8,KG,H,EC-D4,,145,0000001748,,
4900004584,0001,2024-03-21,201,FE-004,EC,CS01,219.6,KG,H,EC-D6,,246,0000002032,,
4900004585,0001,2024-03-21,201,FE-004,EC,CS01,219.1,KG,H,EC-D7,,332,0000002264,,
4900004586,0001,2024-03-21,201,FU-001,EC,CS01,85.8,L,H,EC-D1,,,,,
4900004587,0001,2024-03-21,201,FU-001,EC,CS01,101.7,L,H,EC-D2,,,,,
4900004588,0001,2024-03-21,201,FU-001,EC,CS01,121.7,L,H,EC-D3,,,,,
4900004589,0001,2024-03-21,201,FU-001,EC,CS01,160.4,L,H,EC-D4,,,,,
4900004590,0001,2024-03-21,201,FU-001,EC,CS01,99.4,L,H,EC-D5,,,,,
4900004591,0001,2024-03-21,201,FU-001,EC,CS01,83.0,L,H,EC-D6,,,,,
4900004592,0001,2024-03-21,201,FU-001,EC,CS01,112.0,L,H,EC-D7,,,,,
4900004593,0001,2024-03-21,201,FU-001,EC,CS01,619.7,L,H,EC-GEN,,,,,
4900004594,0001,2024-03-22,101,AC-002,EC,CS01,42,KG,S,,,,,4500000219,00010
4900004595,0001,2024-03-22,201,FE-001,EC,CS01,11344.5,KG,H,EC-D1,,11,0000001205,,
4900004596,0001,2024-03-22,201,FE-001,EC,CS01,13449.1,KG,H,EC-D1,,39,0000001317,,
4900004597,0001,2024-03-22,201,FE-001,EC,CS01,11957.7,KG,H,EC-D2,,51,0000001361,,
4900004598,0001,2024-03-22,201,FE-001,EC,CS01,12333.5,KG,H,EC-D4,,152,0000001773,,
4900004599,0001,2024-03-22,201,FE-001,EC,CS01,5574.5,KG,H,EC-D4,,163,0000001809,,
4900004600,0001,2024-03-22,201,FE-001,EC,CS01,14793.9,KG,H,EC-D5,,187,0000001893,,
4900004601,0001,2024-03-22,201,FE-001,EC,CS01,14616.5,KG,H,EC-D6,,222,0000002013,,
4900004602,0001,2024-03-22,201,FE-001,EC,CS01,10027.6,KG,H,EC-D6,,380,0000002141,,
4900004603,0001,2024-03-22,201,FE-001,EC,CS01,8622.3,KG,H,EC-D7,,290,0000002157,,
4900004604,0001,2024-03-22,201,FE-002,EC,CS01,4463.2,KG,H,EC-D3,,101,0000001562,,
4900004605,0001,2024-03-22,201,FE-002,EC,CS01,2348.3,KG,H,EC-D4,,129,0000001682,,
4900004606,0001,2024-03-22,101,FE-003,EC,CS01,35550,KG,S,,,,,4500000190,00010
4900004607,0001,2024-03-22,201,FE-003,EC,CS01,2536.4,KG,H,EC-D1,,25,0000001263,,
4900004608,0001,2024-03-22,201,FE-003,EC,CS01,1730.5,KG,H,EC-D1,,26,0000001267,,
4900004609,0001,2024-03-22,201,FE-003,EC,CS01,1248.8,KG,H,EC-D4,,122,0000001655,,
4900004610,0001,2024-03-22,201,FE-003,EC,CS01,2569.2,KG,H,EC-D4,,160,0000001807,,
4900004611,0001,2024-03-22,201,FE-003,EC,CS01,2264.5,KG,H,EC-D5,,170,0000001835,,
4900004612,0001,2024-03-22,201,FE-003,EC,CS01,1894.1,KG,H,EC-D5,,172,0000001843,,
4900004613,0001,2024-03-22,201,FE-003,EC,CS01,2144.0,KG,H,EC-D6,,255,0000002067,,
4900004614,0001,2024-03-22,201,FE-003,EC,CS01,1950.9,KG,H,EC-D7,,336,0000002279,,
4900004615,0001,2024-03-22,201,FE-004,EC,CS01,254.2,KG,H,EC-D2,,66,0000001420,,
4900004616,0001,2024-03-22,201,FE-004,EC,CS01,253.7,KG,H,EC-D3,,115,0000001620,,
4900004617,0001,2024-03-22,201,FE-004,EC,CS01,175.1,KG,H,EC-D4,,159,0000001804,,
4900004618,0001,2024-03-22,201,FE-004,EC,CS01,102.8,KG,H,EC-D4,,164,0000001816,,
4900004619,0001,2024-03-22,201,FE-004,EC,CS01,308.8,KG,H,EC-D5,,169,0000001832,,
4900004620,0001,2024-03-22,201,FE-004,EC,CS01,215.8,KG,H,EC-D6,,205,0000001968,,
4900004621,0001,2024-03-22,201,FU-001,EC,CS01,99.9,L,H,EC-D1,,,,,
4900004622,0001,2024-03-22,201,FU-001,EC,CS01,102.9,L,H,EC-D2,,,,,
4900004623,0001,2024-03-22,201,FU-001,EC,CS01,137.4,L,H,EC-D3,,,,,
4900004624,0001,2024-03-22,201,FU-001,EC,CS01,173.4,L,H,EC-D4,,,,,
4900004625,0001,2024-03-22,201,FU-001,EC,CS01,117.7,L,H,EC-D5,,,,,
4900004626,0001,2024-03-22,201,FU-001,EC,CS01,130.3,L,H,EC-D6,,,,,
4900004627,0001,2024-03-22,201,FU-001,EC,CS01,94.0,L,H,EC-D7,,,,,
4900004628,0001,2024-03-22,201,FU-001,EC,CS01,626.5,L,H,EC-GEN,,,,,
4900004629,0001,2024-03-22,201,SP-007,EC,CS01,1,EA,H,EC-WS,,,,,
4900004630,0001,2024-03-23,201,AC-003,EC,CS01,0.85,L,H,EC-D7,,,,,
4900004631,0001,2024-03-23,201,FE-001,EC,CS01,7111.6,KG,H,EC-D3,,79,0000001473,,
4900004632,0001,2024-03-23,201,FE-001,EC,CS01,16364.6,KG,H,EC-D5,,196,0000001925,,
4900004633,0001,2024-03-23,201,FE-001,EC,CS01,10135.3,KG,H,EC-D6,,230,0000002021,,
4900004634,0001,2024-03-23,201,FE-001,EC,CS01,4928.4,KG,H,EC-D6,,260,0000002085,,
4900004635,0001,2024-03-23,201,FE-001,EC,CS01,10735.4,KG,H,EC-D7,,345,0000002313,,
4900004636,0001,2024-03-23,201,FE-002,EC,CS01,3094.8,KG,H,EC-D2,,70,0000001434,,
4900004637,0001,2024-03-23,201,FE-002,EC,CS01,1074.4,KG,H,EC-D3,,116,0000001622,,
4900004638,0001,2024-03-23,201,FE-002,EC,CS01,1100.2,KG,H,EC-D3,,120,0000001638,,
4900004639,0001,2024-03-23,201,FE-002,EC,CS01,1977.6,KG,H,EC-D5,,173,0000001846,,
4900004640,0001,2024-03-23,201,FE-002,EC,CS01,1357.9,KG,H,EC-D7,,294,0000002174,,
4900004641,0001,2024-03-23,101,FE-003,EC,CS01,86800,KG,S,,,,,4500000184,00010
4900004642,0001,2024-03-23,201,FE-003,EC,CS01,2241.7,KG,H,EC-D1,,24,0000001259,,
4900004643,0001,2024-03-23,201,FE-003,EC,CS01,1813.4,KG,H,EC-D2,,67,0000001423,,
4900004644,0001,2024-03-23,201,FE-003,EC,CS01,2611.7,KG,H,EC-D3,,83,0000001491,,
4900004645,0001,2024-03-23,201,FE-003,EC,CS01,1615.6,KG,H,EC-D3,,107,0000001587,,
4900004646,0001,2024-03-23,201,FE-003,EC,CS01,1500.9,KG,H,EC-D6,,265,0000002107,,
4900004647,0001,2024-03-23,201,FE-003,EC,CS01,914.2,KG,H,EC-D7,,307,0000002227,,
4900004648,0001,2024-03-23,201,FE-004,EC,CS01,280.2,KG,H,EC-D1,,22,0000001252,,
4900004649,0001,2024-03-23,201,FE-004,EC,CS01,140.0,KG,H,EC-D3,,99,0000001556,,
4900004650,0001,2024-03-23,201,FE-004,EC,CS01,254.8,KG,H,EC-D5,,202,0000001952,,
4900004651,0001,2024-03-23,201,FE-004,EC,CS01,163.6,KG,H,EC-D7,,292,0000002168,,
4900004652,0001,2024-03-23,201,FU-001,EC,CS01,89.6,L,H,EC-D1,,,,,
4900004653,0001,2024-03-23,201,FU-001,EC,CS01,85.1,L,H,EC-D2,,,,,
4900004654,0001,2024-03-23,201,FU-001,EC,CS01,136.4,L,H,EC-D3,,,,,
4900004655,0001,2024-03-23,201,FU-001,EC,CS01,145.0,L,H,EC-D4,,,,,
4900004656,0001,2024-03-23,201,FU-001,EC,CS01,102.8,L,H,EC-D5,,,,,
4900004657,0001,2024-03-23,201,FU-001,EC,CS01,116.4,L,H,EC-D6,,,,,
4900004658,0001,2024-03-23,201,FU-001,EC,CS01,105.8,L,H,EC-D7,,,,,
4900004659,0001,2024-03-23,201,FU-001,EC,CS01,580.2,L,H,EC-GEN,,,,,
4900004660,0001,2024-03-23,201,SP-004,EC,CS01,1,EA,H,EC-WS,,,,,
4900004661,0001,2024-03-24,201,FE-001,EC,CS01,9591.2,KG,H,EC-D2,,382,0000001453,,
4900004662,0001,2024-03-24,201,FE-001,EC,CS01,4219.2,KG,H,EC-D4,,123,0000001657,,
4900004663,0001,2024-03-24,201,FE-001,EC,CS01,11734.2,KG,H,EC-D4,,128,0000001677,,
4900004664,0001,2024-03-24,201,FE-001,EC,CS01,12148.1,KG,H,EC-D5,,179,0000001865,,
4900004665,0001,2024-03-24,201,FE-001,EC,CS01,9546.8,KG,H,EC-D6,,262,0000002093,,
4900004666,0001,2024-03-24,201,FE-001,EC,CS01,8584.0,KG,H,EC-D7,,336,0000002277,,
4900004667,0001,2024-03-24,201,FE-002,EC,CS01,3527.5,KG,H,EC-D1,,14,0000001218,,
4900004668,0001,2024-03-24,201,FE-002,EC,CS01,3685.2,KG,H,EC-D3,,93,0000001530,,
4900004669,0001,2024-03-24,201,FE-002,EC,CS01,2595.2,KG,H,EC-D5,,180,0000001870,,
4900004670,0001,2024-03-24,201,FE-002,EC,CS01,1183.8,KG,H,EC-D6,,264,0000002102,,
4900004671,0001,2024-03-24,201,FE-002,EC,CS01,2694.7,KG,H,EC-D7,,347,0000002322,,
4900004672,0001,2024-03-24,201,FE-003,EC,CS01,416.0,KG,H,EC-D3,,121,0000001643,,
4900004673,0001,2024-03-24,201,FE-003,EC,CS01,2973.0,KG,H,EC-D4,,134,0000001703,,
4900004674,0001,2024-03-24,201,FE-003,EC,CS01,2039.2,KG,H,EC-D6,,212,0000001995,,
4900004675,0001,2024-03-24,201,FE-004,EC,CS01,381.2,KG,H,EC-D6,,210,0000001988,,
4900004676,0001,2024-03-24,201,FE-004,EC,CS01,305.4,KG,H,EC-D6,,212,0000001996,,
4900004677,0001,2024-03-24,201,FE-004,EC,CS01,138.5,KG,H,EC-D6,,260,0000002088,,
4900004678,0001,2024-03-24,201,FE-004,EC,CS01,186.4,KG,H,EC-D6,,267,0000002116,,
4900004679,0001,2024-03-24,201,FU-001,EC,CS01,604.1,L,H,EC-GEN,,,,,
4900004680,0001,2024-03-24,101,SP-005,EC,CS01,4,EA,S,,,,,4500000228,00010
4900004681,0001,2024-03-25,201,FE-001,EC,CS01,6670.6,KG,H,EC-D1,,2,0000001169,,
4900004682,0001,2024-03-25,201,FE-001,EC,CS01,12742.4,KG,H,EC-D1,,22,0000001249,,
4900004683,0001,2024-03-25,201,FE-001,EC,CS01,9274.3,KG,H,EC-D2,,72,0000001441,,
4900004684,0001,2024-03-25,201,FE-001,EC,CS01,9431.7,KG,H,EC-D3,,94,0000001533,,
4900004685,0001,2024-03-25,201,FE-001,EC,CS01,8867.5,KG,H,EC-D4,,129,0000001681,,
4900004686,0001,2024-03-25,201,FE-002,EC,CS01,471.4,KG,H,EC-D1,,1,0000001166,,
4900004687,0001,2024-03-25,201,FE-002,EC,CS01,2501.5,KG,H,EC-D4,,136,0000001710,,
4900004688,0001,2024-03-25,201,FE-002,EC,CS01,3200.2,KG,H,EC-D6,,251,0000002050,,
4900004689,0001,2024-03-25,201,FE-002,EC,CS01,2701.1,KG,H,EC-D7,,311,0000002242,,
4900004690,0001,2024-03-25,101,FE-003,EC,CS01,86800,KG,S,,,,,4500000194,00010
4900004691,0001,2024-03-25,201,FE-003,EC,CS01,2926.2,KG,H,EC-D1,,33,0000001295,,
4900004692,0001,2024-03-25,201,FE-003,EC,CS01,1717.9,KG,H,EC-D6,,253,0000002059,,
4900004693,0001,2024-03-25,201,FE-003,EC,CS01,1831.5,KG,H,EC-D7,,335,0000002275,,
4900004694,0001,2024-03-25,201,FE-004,EC,CS01,166.8,KG,H,EC-D1,,19,0000001240,,
4900004695,0001,2024-03-25,201,FE-004,EC,CS01,378.8,KG,H,EC-D3,,104,0000001576,,
4900004696,0001,2024-03-25,201,FE-004,EC,CS01,137.3,KG,H,EC-D6,,254,0000002064,,
4900004697,0001,2024-03-25,201,FU-001,EC,CS01,98.8,L,H,EC-D1,,,,,
4900004698,0001,2024-03-25,201,FU-001,EC,CS01,84.9,L,H,EC-D2,,,,,
4900004699,0001,2024-03-25,201,FU-001,EC,CS01,105.6,L,H,EC-D3,,,,,
4900004700,0001,2024-03-25,201,FU-001,EC,CS01,179.1,L,H,EC-D4,,,,,
4900004701,0001,2024-03-25,201,FU-001,EC,CS01,111.4,L,H,EC-D5,,,,,
4900004702,0001,2024-03-25,201,FU-001,EC,CS01,105.1,L,H,EC-D6,,,,,
4900004703,0001,2024-03-25,201,FU-001,EC,CS01,143.7,L,H,EC-D7,,,,,
4900004704,0001,2024-03-25,201,FU-001,EC,CS01,539.8,L,H,EC-GEN,,,,,
4900004705,0001,2024-03-26,201,AC-001,EC,CS01,192.3,L,H,EC-D3,,,,,
4900004706,0001,2024-03-26,201,AC-003,EC,CS01,3.22,L,H,EC-D2,,,,,
4900004707,0001,2024-03-26,201,FE-001,EC,CS01,7989.4,KG,H,EC-D2,,42,0000001329,,
4900004708,0001,2024-03-26,201,FE-001,EC,CS01,5451.6,KG,H,EC-D3,,80,0000001477,,
4900004709,0001,2024-03-26,201,FE-001,EC,CS01,13110.6,KG,H,EC-D4,,149,0000001761,,
4900004710,0001,2024-03-26,201,FE-001,EC,CS01,12346.9,KG,H,EC-D5,,172,0000001841,,
4900004711,0001,2024-03-26,201,FE-001,EC,CS01,14455.3,KG,H,EC-D6,,213,0000001997,,
4900004712,0001,2024-03-26,101,FE-002,EC,CS01,90000,KG,S,,,,,4500000182,00010
4900004713,0001,2024-03-26,201,FE-002,EC,CS01,3830.4,KG,H,EC-D7,,341,0000002298,,
4900004714,0001,2024-03-26,201,FE-003,EC,CS01,2417.9,KG,H,EC-D1,,17,0000001231,,
4900004715,0001,2024-03-26,201,FE-003,EC,CS01,2165.9,KG,H,EC-D5,,181,0000001875,,
4900004716,0001,2024-03-26,201,FE-004,EC,CS01,168.5,KG,H,EC-D4,,133,0000001700,,
4900004717,0001,2024-03-26,201,FE-004,EC,CS01,282.3,KG,H,EC-D4,,134,0000001704,,
4900004718,0001,2024-03-26,201,FE-004,EC,CS01,287.5,KG,H,EC-D7,,310,0000002240,,
4900004719,0001,2024-03-26,201,FU-001,EC,CS01,112.1,L,H,EC-D1,,,,,
4900004720,0001,2024-03-26,201,FU-001,EC,CS01,91.1,L,H,EC-D2,,,,,
4900004721,0001,2024-03-26,201,FU-001,EC,CS01,131.0,L,H,EC-D3,,,,,
4900004722,0001,2024-03-26,201,FU-001,EC,CS01,139.2,L,H,EC-D4,,,,,
4900004723,0001,2024-03-26,201,FU-001,EC,CS01,108.8,L,H,EC-D5,,,,,
4900004724,0001,2024-03-26,201,FU-001,EC,CS01,121.3,L,H,EC-D6,,,,,
4900004725,0001,2024-03-26,201,FU-001,EC,CS01,118.2,L,H,EC-D7,,,,,
4900004726,0001,2024-03-26,201,FU-001,EC,CS01,696.6,L,H,EC-GEN,,,,,
4900004727,0001,2024-03-26,201,SP-002,EC,CS01,1,EA,H,EC-WS,,,,,
4900004728,0001,2024-03-26,101,SP-008,EC,CS01,1,EA,S,,,,,4500000244,00010
4900004729,0001,2024-03-26,201,SP-008,EC,CS01,1,EA,H,EC-WS,,,,,
4900004730,0001,2024-03-27,201,AC-003,EC,CS01,5.47,L,H,EC-D7,,,,,
4900004731,0001,2024-03-27,201,FE-001,EC,CS01,5066.3,KG,H,EC-D1,,3,0000001173,,
4900004732,0001,2024-03-27,201,FE-001,EC,CS01,12017.9,KG,H,EC-D2,,74,0000001449,,
4900004733,0001,2024-03-27,201,FE-001,EC,CS01,769.4,KG,H,EC-D4,,127,0000001673,,
4900004734,0001,2024-03-27,201,FE-001,EC,CS01,14886.5,KG,H,EC-D4,,134,0000001701,,
4900004735,0001,2024-03-27,201,FE-001,EC,CS01,14340.0,KG,H,EC-D4,,141,0000001729,,
4900004736,0001,2024-03-27,201,FE-001,EC,CS01,7645.4,KG,H,EC-D4,,143,0000001737,,
4900004737,0001,2024-03-27,201,FE-001,EC,CS01,15340.8,KG,H,EC-D6,,203,0000001957,,
4900004738,0001,2024-03-27,201,FE-001,EC,CS01,2241.0,KG,H,EC-D7,,288,0000002149,,
4900004739,0001,2024-03-27,201,FE-001,EC,CS01,10224.1,KG,H,EC-D7,,305,0000002217,,
4900004740,0001,2024-03-27,201,FE-002,EC,CS01,2437.7,KG,H,EC-D2,,55,0000001378,,
4900004741,0001,2024-03-27,201,FE-002,EC,CS01,1078.2,KG,H,EC-D5,,174,0000001850,,
4900004742,0001,2024-03-27,201,FE-003,EC,CS01,1726.0,KG,H,EC-D3,,77,0000001467,,
4900004743,0001,2024-03-27,201,FE-003,EC,CS01,1415.5,KG,H,EC-D4,,151,0000001771,,
4900004744,0001,2024-03-27,201,FE-003,EC,CS01,158.5,KG,H,EC-D4,,154,0000001783,,
4900004745,0001,2024-03-27,201,FE-003,EC,CS01,1347.9,KG,H,EC-D5,,182,0000001879,,
4900004746,0001,2024-03-27,201,FE-003,EC,CS01,2489.1,KG,H,EC-D6,,250,0000002047,,
4900004747,0001,2024-03-27,201,FE-003,EC,CS01,1406.5,KG,H,EC-D6,,268,0000002119,,
4900004748,0001,2024-03-27,101,FU-001,EC,CS01,8000,L,S,,,,,4500000237,00010
4900004749,0001,2024-03-27,201,FU-001,EC,CS01,106.6,L,H,EC-D1,,,,,
4900004750,0001,2024-03-27,201,FU-001,EC,CS01,90.9,L,H,EC-D2,,,,,
4900004751,0001,2024-03-27,201,FU-001,EC,CS01,114.3,L,H,EC-D3,,,,,
4900004752,0001,2024-03-27,201,FU-001,EC,CS01,144.2,L,H,EC-D4,,,,,
4900004753,0001,2024-03-27,201,FU-001,EC,CS01,100.1,L,H,EC-D5,,,,,
4900004754,0001,2024-03-27,201,FU-001,EC,CS01,108.9,L,H,EC-D6,,,,,
4900004755,0001,2024-03-27,201,FU-001,EC,CS01,102.3,L,H,EC-D7,,,,,
4900004756,0001,2024-03-27,201,FU-001,EC,CS01,653.0,L,H,EC-GEN,,,,,
4900004757,0001,2024-03-28,201,FE-001,EC,CS01,6260.2,KG,H,EC-D1,,19,0000001237,,
4900004758,0001,2024-03-28,201,FE-001,EC,CS01,13114.8,KG,H,EC-D2,,70,0000001433,,
4900004759,0001,2024-03-28,201,FE-001,EC,CS01,10373.7,KG,H,EC-D7,,300,0000002197,,
4900004760,0001,2024-03-28,201,FE-001,EC,CS01,13054.1,KG,H,EC-D7,,304,0000002213,,
4900004761,0001,2024-03-28,201,FE-002,EC,CS01,1304.1,KG,H,EC-D1,,3,0000001174,,
4900004762,0001,2024-03-28,201,FE-002,EC,CS01,2527.9,KG,H,EC-D2,,52,0000001366,,
4900004763,0001,2024-03-28,201,FE-002,EC,CS01,983.3,KG,H,EC-D3,,99,0000001554,,
4900004764,0001,2024-03-28,201,FE-002,EC,CS01,2646.8,KG,H,EC-D3,,102,0000001566,,
4900004765,0001,2024-03-28,201,FE-002,EC,CS01,2767.3,KG,H,EC-D3,,107,0000001586,,
4900004766,0001,2024-03-28,201,FE-002,EC,CS01,765.5,KG,H,EC-D4,,124,0000001662,,
4900004767,0001,2024-03-28,101,FE-003,EC,CS01,86800,KG,S,,,,,4500000179,00010
4900004768,0001,2024-03-28,101,FE-003,EC,CS01,86800,KG,S,,,,,4500000202,00010
4900004769,0001,2024-03-28,201,FE-003,EC,CS01,2085.6,KG,H,EC-D1,,9,0000001199,,
4900004770,0001,2024-03-28,201,FE-003,EC,CS01,2585.5,KG,H,EC-D3,,113,0000001611,,
4900004771,0001,2024-03-28,201,FE-003,EC,CS01,1374.1,KG,H,EC-D6,,206,0000001971,,
4900004772,0001,2024-03-28,201,FE-003,EC,CS01,599.0,KG,H,EC-D7,,294,0000002175,,
4900004773,0001,2024-03-28,201,FE-003,EC,CS01,3043.9,KG,H,EC-D7,,303,0000002211,,
4900004774,0001,2024-03-28,201,FE-004,EC,CS01,118.8,KG,H,EC-D1,,4,0000001180,,
4900004775,0001,2024-03-28,201,FE-004,EC,CS01,255.9,KG,H,EC-D1,,26,0000001268,,
4900004776,0001,2024-03-28,201,FE-004,EC,CS01,248.0,KG,H,EC-D1,,29,0000001280,,
4900004777,0001,2024-03-28,201,FE-004,EC,CS01,287.3,KG,H,EC-D3,,113,0000001612,,
4900004778,0001,2024-03-28,201,FE-004,EC,CS01,293.4,KG,H,EC-D4,,137,0000001716,,
4900004779,0001,2024-03-28,201,FE-004,EC,CS01,228.5,KG,H,EC-D5,,176,0000001856,,
4900004780,0001,2024-03-28,201,FE-004,EC,CS01,203.4,KG,H,EC-D6,,230,0000002024,,
4900004781,0001,2024-03-28,201,FU-001,EC,CS01,118.1,L,H,EC-D1,,,,,
4900004782,0001,2024-03-28,201,FU-001,EC,CS01,87.0,L,H,EC-D2,,,,,
4900004783,0001,2024-03-28,201,FU-001,EC,CS01,121.5,L,H,EC-D3,,,,,
4900004784,0001,2024-03-28,201,FU-001,EC,CS01,115.6,L,H,EC-D4,,,,,
4900004785,0001,2024-03-28,201,FU-001,EC,CS01,112.7,L,H,EC-D5,,,,,
4900004786,0001,2024-03-28,201,FU-001,EC,CS01,122.7,L,H,EC-D6,,,,,
4900004787,0001,2024-03-28,201,FU-001,EC,CS01,114.4,L,H,EC-D7,,,,,
4900004788,0001,2024-03-28,201,FU-001,EC,CS01,650.5,L,H,EC-GEN,,,,,
4900004789,0001,2024-03-28,201,SP-004,EC,CS01,1,EA,H,EC-WS,,,,,
4900004790,0001,2024-03-29,201,AC-003,EC,CS01,4.57,L,H,EC-D5,,,,,
4900004791,0001,2024-03-29,201,FE-002,EC,CS01,2965.5,KG,H,EC-D2,,60,0000001398,,
4900004792,0001,2024-03-29,201,FE-002,EC,CS01,2502.8,KG,H,EC-D5,,190,0000001906,,
4900004793,0001,2024-03-29,201,FE-002,EC,CS01,1918.5,KG,H,EC-D6,,246,0000002030,,
4900004794,0001,2024-03-29,201,FE-002,EC,CS01,1424.1,KG,H,EC-D6,,247,0000002034,,
4900004795,0001,2024-03-29,201,FE-002,EC,CS01,2962.3,KG,H,EC-D7,,339,0000002290,,
4900004796,0001,2024-03-29,201,FE-003,EC,CS01,1221.7,KG,H,EC-D2,,65,0000001415,,
4900004797,0001,2024-03-29,201,FE-003,EC,CS01,861.1,KG,H,EC-D2,,68,0000001427,,
4900004798,0001,2024-03-29,201,FE-003,EC,CS01,1881.7,KG,H,EC-D4,,147,0000001755,,
4900004799,0001,2024-03-29,201,FE-003,EC,CS01,1009.6,KG,H,EC-D6,,264,0000002103,,
4900004800,0001,2024-03-29,201,FE-004,EC,CS01,325.4,KG,H,EC-D1,,13,0000001216,,
4900004801,0001,2024-03-29,201,FE-004,EC,CS01,205.3,KG,H,EC-D2,,49,0000001356,,
4900004802,0001,2024-03-29,201,FE-004,EC,CS01,208.1,KG,H,EC-D3,,109,0000001596,,
4900004803,0001,2024-03-29,201,FE-004,EC,CS01,280.1,KG,H,EC-D6,,257,0000002076,,
4900004804,0001,2024-03-29,201,FU-001,EC,CS01,105.9,L,H,EC-D1,,,,,
4900004805,0001,2024-03-29,201,FU-001,EC,CS01,94.0,L,H,EC-D2,,,,,
4900004806,0001,2024-03-29,201,FU-001,EC,CS01,127.9,L,H,EC-D3,,,,,
4900004807,0001,2024-03-29,201,FU-001,EC,CS01,110.2,L,H,EC-D4,,,,,
4900004808,0001,2024-03-29,201,FU-001,EC,CS01,94.2,L,H,EC-D5,,,,,
4900004809,0001,2024-03-29,201,FU-001,EC,CS01,112.8,L,H,EC-D6,,,,,
4900004810,0001,2024-03-29,201,FU-001,EC,CS01,113.5,L,H,EC-D7,,,,,
4900004811,0001,2024-03-29,201,FU-001,EC,CS01,646.8,L,H,EC-GEN,,,,,
4900004812,0001,2024-03-29,101,SP-001,EC,CS01,4,EA,S,,,,,4500000240,00010
4900004813,0001,2024-03-29,201,SP-001,EC,CS01,1,EA,H,EC-WS,,,,,
4900004814,0001,2024-03-29,201,SP-002,EC,CS01,1,EA,H,EC-WS,,,,,
4900004815,0001,2024-03-29,101,SP-007,EC,CS01,4,EA,S,,,,,4500000229,00010
4900004816,0001,2024-03-30,201,AC-001,EC,CS01,211.6,L,H,EC-D5,,,,,
4900004817,0001,2024-03-30,201,AC-003,EC,CS01,3.2,L,H,EC-D3,,,,,
4900004818,0001,2024-03-30,201,FE-001,EC,CS01,11014.5,KG,H,EC-D2,,50,0000001357,,
4900004819,0001,2024-03-30,201,FE-001,EC,CS01,11558.9,KG,H,EC-D2,,52,0000001365,,
4900004820,0001,2024-03-30,201,FE-001,EC,CS01,9857.2,KG,H,EC-D4,,130,0000001685,,
4900004821,0001,2024-03-30,201,FE-001,EC,CS01,12404.4,KG,H,EC-D4,,159,0000001801,,
4900004822,0001,2024-03-30,201,FE-001,EC,CS01,8168.4,KG,H,EC-D5,,186,0000001889,,
4900004823,0001,2024-03-30,201,FE-001,EC,CS01,14026.3,KG,H,EC-D6,,207,0000001973,,
4900004824,0001,2024-03-30,201,FE-002,EC,CS01,1682.2,KG,H,EC-D1,,20,0000001242,,
4900004825,0001,2024-03-30,201,FE-002,EC,CS01,3004.4,KG,H,EC-D1,,39,0000001318,,
4900004826,0001,2024-03-30,201,FE-002,EC,CS01,2817.1,KG,H,EC-D2,,44,0000001338,,
4900004827,0001,2024-03-30,201,FE-002,EC,CS01,4840.5,KG,H,EC-D3,,108,0000001590,,
4900004828,0001,2024-03-30,201,FE-002,EC,CS01,2332.0,KG,H,EC-D6,,272,0000002134,,
4900004829,0001,2024-03-30,201,FE-002,EC,CS01,1734.7,KG,H,EC-D7,,287,0000002146,,
4900004830,0001,2024-03-30,201,FE-003,EC,CS01,800.2,KG,H,EC-D1,,3,0000001175,,
4900004831,0001,2024-03-30,201,FE-003,EC,CS01,673.9,KG,H,EC-D2,,62,0000001403,,
4900004832,0001,2024-03-30,201,FE-003,EC,CS01,2464.8,KG,H,EC-D5,,178,0000001863,,
4900004833,0001,2024-03-30,201,FE-004,EC,CS01,241.9,KG,H,EC-D1,,8,0000001196,,
4900004834,0001,2024-03-30,201,FE-004,EC,CS01,211.8,KG,H,EC-D1,,32,0000001292,,
4900004835,0001,2024-03-30,201,FE-004,EC,CS01,88.8,KG,H,EC-D3,,117,0000001628,,
4900004836,0001,2024-03-30,201,FE-004,EC,CS01,309.4,KG,H,EC-D7,,297,0000002188,,
4900004837,0001,2024-03-30,201,FU-001,EC,CS01,114.7,L,H,EC-D1,,,,,
4900004838,0001,2024-03-30,201,FU-001,EC,CS01,91.1,L,H,EC-D2,,,,,
4900004839,0001,2024-03-30,201,FU-001,EC,CS01,140.7,L,H,EC-D3,,,,,
4900004840,0001,2024-03-30,201,FU-001,EC,CS01,124.1,L,H,EC-D4,,,,,
4900004841,0001,2024-03-30,201,FU-001,EC,CS01,85.6,L,H,EC-D5,,,,,
4900004842,0001,2024-03-30,201,FU-001,EC,CS01,131.3,L,H,EC-D6,,,,,
4900004843,0001,2024-03-30,201,FU-001,EC,CS01,98.3,L,H,EC-D7,,,,,
4900004844,0001,2024-03-30,201,FU-001,EC,CS01,611.6,L,H,EC-GEN,,,,,
4900004845,0001,2024-03-30,101,SP-008,EC,CS01,4,EA,S,,,,,4500000216,00010
4900004846,0001,2024-03-31,701,AC-002,EC,CS01,0.11,KG,S,EC-STORE,,,,,
4900004847,0001,2024-03-31,702,AC-003,EC,CS01,0.02,L,H,EC-STORE,,,,,
4900004848,0001,2024-03-31,101,FE-001,EC,CS01,238150,KG,S,,,,,4500000181,00010
4900004849,0001,2024-03-31,101,FE-001,EC,CS01,238150,KG,S,,,,,4500000203,00010
4900004850,0001,2024-03-31,201,FE-001,EC,CS01,3508.0,KG,H,EC-D3,,116,0000001621,,
4900004851,0001,2024-03-31,201,FE-001,EC,CS01,1653.9,KG,H,EC-D3,,121,0000001641,,
4900004852,0001,2024-03-31,201,FE-001,EC,CS01,9622.1,KG,H,EC-D4,,139,0000001721,,
4900004853,0001,2024-03-31,201,FE-001,EC,CS01,12486.9,KG,H,EC-D5,,195,0000001921,,
4900004854,0001,2024-03-31,201,FE-002,EC,CS01,3523.2,KG,H,EC-D7,,297,0000002186,,
4900004855,0001,2024-03-31,201,FE-002,EC,CS01,2188.6,KG,H,EC-D7,,310,0000002238,,
4900004856,0001,2024-03-31,551,FE-002,EC,CS01,2696.57,KG,H,EC-STORE,,,,,
4900004857,0001,2024-03-31,201,FE-003,EC,CS01,2737.3,KG,H,EC-D2,,59,0000001395,,
4900004858,0001,2024-03-31,201,FE-003,EC,CS01,3204.4,KG,H,EC-D3,,86,0000001503,,
4900004859,0001,2024-03-31,201,FE-003,EC,CS01,1625.4,KG,H,EC-D4,,156,0000001791,,
4900004860,0001,2024-03-31,201,FE-003,EC,CS01,679.9,KG,H,EC-D4,,163,0000001811,,
4900004861,0001,2024-03-31,201,FE-003,EC,CS01,1632.5,KG,H,EC-D5,,186,0000001891,,
4900004862,0001,2024-03-31,201,FE-003,EC,CS01,1229.3,KG,H,EC-D7,,292,0000002167,,
4900004863,0001,2024-03-31,201,FE-003,EC,CS01,1037.0,KG,H,EC-D7,,329,0000002251,,
4900004864,0001,2024-03-31,201,FE-003,EC,CS01,2224.4,KG,H,EC-D7,,341,0000002299,,
4900004865,0001,2024-03-31,551,FE-003,EC,CS01,751.43,KG,H,EC-STORE,,,,,
4900004866,0001,2024-03-31,201,FE-004,EC,CS01,59.8,KG,H,EC-D1,,1,0000001168,,
4900004867,0001,2024-03-31,201,FE-004,EC,CS01,181.2,KG,H,EC-D1,,24,0000001260,,
4900004868,0001,2024-03-31,201,FE-004,EC,CS01,155.4,KG,H,EC-D3,,94,0000001536,,
4900004869,0001,2024-03-31,201,FE-004,EC,CS01,330.5,KG,H,EC-D4,,151,0000001772,,
4900004870,0001,2024-03-31,201,FU-001,EC,CS01,597.6,L,H,EC-GEN,,,,,
4900004871,0001,2024-03-31,702,FU-001,EC,CS01,33.26,L,H,EC-STORE,,,,,
4900004872,0001,2024-04-01,101,AC-003,EC,CS01,20,L,S,,,,,4500000247,00010
4900004873,0001,2024-04-01,201,AC-003,EC,CS01,8.47,L,H,EC-D4,,,,,
4900004874,0001,2024-04-01,201,FE-001,EC,CS01,13049.2,KG,H,EC-D3,,83,0000001489,,
4900004875,0001,2024-04-01,201,FE-001,EC,CS01,2656.9,KG,H,EC-D4,,126,0000001669,,
4900004876,0001,2024-04-01,201,FE-001,EC,CS01,12425.4,KG,H,EC-D4,,140,0000001725,,
4900004877,0001,2024-04-01,201,FE-001,EC,CS01,5915.5,KG,H,EC-D6,,248,0000002037,,
4900004878,0001,2024-04-01,201,FE-001,EC,CS01,6352.2,KG,H,EC-D6,,270,0000002125,,
4900004879,0001,2024-04-01,201,FE-001,EC,CS01,11696.3,KG,H,EC-D7,,334,0000002269,,
4900004880,0001,2024-04-01,201,FE-002,EC,CS01,3561.4,KG,H,EC-D4,,141,0000001730,,
4900004881,0001,2024-04-01,201,FE-002,EC,CS01,2020.2,KG,H,EC-D5,,200,0000001942,,
4900004882,0001,2024-04-01,201,FE-002,EC,CS01,2332.1,KG,H,EC-D6,,210,0000001986,,
4900004883,0001,2024-04-01,201,FE-002,EC,CS01,3277.8,KG,H,EC-D6,,249,0000002042,,
4900004884,0001,2024-04-01,201,FE-002,EC,CS01,3587.7,KG,H,EC-D6,,255,0000002066,,
4900004885,0001,2024-04-01,201,FE-003,EC,CS01,1644.7,KG,H,EC-D2,,72,0000001443,,
4900004886,0001,2024-04-01,201,FE-003,EC,CS01,2403.6,KG,H,EC-D3,,84,0000001495,,
4900004887,0001,2024-04-01,201,FE-003,EC,CS01,2413.6,KG,H,EC-D3,,98,0000001551,,
4900004888,0001,2024-04-01,201,FE-003,EC,CS01,1266.5,KG,H,EC-D4,,164,0000001815,,
4900004889,0001,2024-04-01,201,FE-003,EC,CS01,1207.8,KG,H,EC-D6,,223,0000002019,,
4900004890,0001,2024-04-01,201,FE-004,EC,CS01,362.5,KG,H,EC-D3,,111,0000001604,,
4900004891,0001,2024-04-01,201,FE-004,EC,CS01,105.8,KG,H,EC-D4,,123,0000001660,,
4900004892,0001,2024-04-01,201,FE-004,EC,CS01,93.4,KG,H,EC-D5,,192,0000001912,,
4900004893,0001,2024-04-01,101,FU-001,EC,CS01,8000,L,S,,,,,4500000243,00010
4900004894,0001,2024-04-01,201,FU-001,EC,CS01,92.9,L,H,EC-D1,,,,,
4900004895,0001,2024-04-01,201,FU-001,EC,CS01,83.6,L,H,EC-D2,,,,,
4900004896,0001,2024-04-01,201,FU-001,EC,CS01,125.8,L,H,EC-D3,,,,,
4900004897,0001,2024-04-01,201,FU-001,EC,CS01,143.0,L,H,EC-D4,,,,,
4900004898,0001,2024-04-01,201,FU-001,EC,CS01,88.9,L,H,EC-D5,,,,,
4900004899,0001,2024-04-01,201,FU-001,EC,CS01,119.2,L,H,EC-D6,,,,,
4900004900,0001,2024-04-01,201,FU-001,EC,CS01,109.9,L,H,EC-D7,,,,,
4900004901,0001,2024-04-01,201,FU-001,EC,CS01,690.9,L,H,EC-GEN,,,,,
4900004902,0001,2024-04-01,201,SP-003,EC,CS01,1,EA,H,EC-WS,,,,,
4900004903,0001,2024-04-02,201,AC-001,EC,CS01,113.4,L,H,EC-D3,,,,,
4900004904,0001,2024-04-02,101,FE-001,EC,CS01,238150,KG,S,,,,,4500000185,00010
4900004905,0001,2024-04-02,101,FE-001,EC,CS01,238150,KG,S,,,,,4500000200,00010
4900004906,0001,2024-04-02,201,FE-001,EC,CS01,13682.5,KG,H,EC-D1,,36,0000001305,,
4900004907,0001,2024-04-02,201,FE-001,EC,CS01,982.1,KG,H,EC-D4,,125,0000001665,,
4900004908,0001,2024-04-02,201,FE-001,EC,CS01,8788.8,KG,H,EC-D4,,132,0000001693,,
4900004909,0001,2024-04-02,201,FE-001,EC,CS01,8544.1,KG,H,EC-D5,,199,0000001937,,
4900004910,0001,2024-04-02,201,FE-001,EC,CS01,11650.7,KG,H,EC-D6,,214,0000002001,,
4900004911,0001,2024-04-02,201,FE-002,EC,CS01,1535.4,KG,H,EC-D1,,2,0000001170,,
4900004912,0001,2024-04-02,201,FE-002,EC,CS01,2346.3,KG,H,EC-D1,,17,0000001230,,
4900004913,0001,2024-04-02,201,FE-002,EC,CS01,2151.4,KG,H,EC-D2,,57,0000001386,,
4900004914,0001,2024-04-02,201,FE-002,EC,CS01,1927.4,KG,H,EC-D3,,79,0000001474,,
4900004915,0001,2024-04-02,201,FE-002,EC,CS01,4228.7,KG,H,EC-D5,,169,0000001830,,
4900004916,0001,2024-04-02,201,FE-002,EC,CS01,2704.9,KG,H,EC-D5,,177,0000001858,,
4900004917,0001,2024-04-02,201,FE-002,EC,CS01,3022.5,KG,H,EC-D5,,185,0000001886,,
4900004918,0001,2024-04-02,201,FE-002,EC,CS01,961.8,KG,H,EC-D7,,301,0000002202,,
4900004919,0001,2024-04-02,201,FE-003,EC,CS01,1463.0,KG,H,EC-D1,,2,0000001171,,
4900004920,0001,2024-04-02,201,FE-003,EC,CS01,1917.3,KG,H,EC-D1,,8,0000001195,,
4900004921,0001,2024-04-02,201,FE-003,EC,CS01,163.6,KG,H,EC-D3,,370,0000001651,,
4900004922,0001,2024-04-02,201,FE-003,EC,CS01,2161.2,KG,H,EC-D4,,128,0000001679,,
4900004923,0001,2024-04-02,201,FE-003,EC,CS01,1453.7,KG,H,EC-D4,,165,0000001819,,
4900004924,0001,2024-04-02,201,FE-003,EC,CS01,2707.0,KG,H,EC-D5,,180,0000001871,,
4900004925,0001,2024-04-02,201,FE-003,EC,CS01,2216.4,KG,H,EC-D7,,298,0000002191,,
4900004926,0001,2024-04-02,101,FE-004,EC,CS01,13375,KG,S,,,,,4500000172,00010
4900004927,0001,2024-04-02,201,FE-004,EC,CS01,227.1,KG,H,EC-D4,,140,0000001728,,
4900004928,0001,2024-04-02,201,FE-004,EC,CS01,179.2,KG,H,EC-D4,,165,0000001820,,
4900004929,0001,2024-04-02,201,FE-004,EC,CS01,341.2,KG,H,EC-D6,,245,0000002028,,
4900004930,0001,2024-04-02,201,FE-004,EC,CS01,221.9,KG,H,EC-D7,,336,0000002280,,
4900004931,0001,2024-04-02,201,FU-001,EC,CS01,97.6,L,H,EC-D1,,,,,
4900004932,0001,2024-04-02,201,FU-001,EC,CS01,85.9,L,H,EC-D2,,,,,
4900004933,0001,2024-04-02,201,FU-001,EC,CS01,155.6,L,H,EC-D3,,,,,
4900004934,0001,2024-04-02,201,FU-001,EC,CS01,130.6,L,H,EC-D4,,,,,
4900004935,0001,2024-04-02,201,FU-001,EC,CS01,95.0,L,H,EC-D5,,,,,
4900004936,0001,2024-04-02,201,FU-001,EC,CS01,112.5,L,H,EC-D6,,,,,
4900004937,0001,2024-04-02,201,FU-001,EC,CS01,117.8,L,H,EC-D7,,,,,
4900004938,0001,2024-04-02,201,FU-001,EC,CS01,711.7,L,H,EC-GEN,,,,,
4900004939,0001,2024-04-03,201,FE-001,EC,CS01,13318.7,KG,H,EC-D1,,10,0000001201,,
4900004940,0001,2024-04-03,201,FE-001,EC,CS01,9982.6,KG,H,EC-D7,,297,0000002185,,
4900004941,0001,2024-04-03,101,FE-002,EC,CS01,90000,KG,S,,,,,4500000204,00010
4900004942,0001,2024-04-03,201,FE-002,EC,CS01,2371.1,KG,H,EC-D2,,71,0000001438,,
4900004943,0001,2024-04-03,201,FE-002,EC,CS01,4039.7,KG,H,EC-D4,,158,0000001798,,
4900004944,0001,2024-04-03,201,FE-002,EC,CS01,3122.4,KG,H,EC-D5,,186,0000001890,,
4900004945,0001,2024-04-03,201,FE-002,EC,CS01,3135.4,KG,H,EC-D5,,187,0000001894,,
4900004946,0001,2024-04-03,201,FE-002,EC,CS01,2249.5,KG,H,EC-D6,,230,0000002022,,
4900004947,0001,2024-04-03,201,FE-002,EC,CS01,3345.0,KG,H,EC-D6,,245,0000002026,,
4900004948,0001,2024-04-03,201,FE-002,EC,CS01,1667.6,KG,H,EC-D6,,261,0000002090,,
4900004949,0001,2024-04-03,201,FE-002,EC,CS01,651.2,KG,H,EC-D7,,288,0000002150,,
4900004950,0001,2024-04-03,201,FE-003,EC,CS01,1256.3,KG,H,EC-D3,,79,0000001475,,
4900004951,0001,2024-04-03,201,FE-003,EC,CS01,995.0,KG,H,EC-D3,,80,0000001479,,
4900004952,0001,2024-04-03,201,FE-003,EC,CS01,2035.9,KG,H,EC-D3,,88,0000001511,,
4900004953,0001,2024-04-03,201,FE-003,EC,CS01,979.0,KG,H,EC-D3,,116,0000001623,,
4900004954,0001,2024-04-03,201,FE-003,EC,CS01,2566.2,KG,H,EC-D4,,131,0000001691,,
4900004955,0001,2024-04-03,201,FE-003,EC,CS01,292.3,KG,H,EC-D5,,373,0000001955,,
4900004956,0001,2024-04-03,201,FE-003,EC,CS01,1533.2,KG,H,EC-D6,,272,0000002135,,
4900004957,0001,2024-04-03,201,FE-004,EC,CS01,296.9,KG,H,EC-D2,,382,0000001456,,
4900004958,0001,2024-04-03,201,FE-004,EC,CS01,215.6,KG,H,EC-D3,,76,0000001464,,
4900004959,0001,2024-04-03,201,FE-004,EC,CS01,344.2,KG,H,EC-D6,,203,0000001960,,
4900004960,0001,2024-04-03,101,FU-001,EC,CS01,8000,L,S,,,,,4500000246,00010
4900004961,0001,2024-04-03,201,FU-001,EC,CS01,121.2,L,H,EC-D1,,,,,
4900004962,0001,2024-04-03,201,FU-001,EC,CS01,93.0,L,H,EC-D2,,,,,
4900004963,0001,2024-04-03,201,FU-001,EC,CS01,119.7,L,H,EC-D3,,,,,
4900004964,0001,2024-04-03,201,FU-001,EC,CS01,142.9,L,H,EC-D4,,,,,
4900004965,0001,2024-04-03,201,FU-001,EC,CS01,114.4,L,H,EC-D5,,,,,
4900004966,0001,2024-04-03,201,FU-001,EC,CS01,124.1,L,H,EC-D6,,,,,
4900004967,0001,2024-04-03,201,FU-001,EC,CS01,160.7,L,H,EC-D7,,,,,
4900004968,0001,2024-04-03,201,FU-001,EC,CS01,560.1,L,H,EC-GEN,,,,,
4900004969,0001,2024-04-03,201,SP-003,EC,CS01,1,EA,H,EC-WS,,,,,
4900004970,0001,2024-04-03,201,SP-006,EC,CS01,1,EA,H,EC-WS,,,,,
4900004971,0001,2024-04-04,201,AC-003,EC,CS01,4.25,L,H,EC-D7,,,,,
4900004972,0001,2024-04-04,201,FE-001,EC,CS01,8801.6,KG,H,EC-D1,,33,0000001293,,
4900004973,0001,2024-04-04,201,FE-001,EC,CS01,12753.5,KG,H,EC-D1,,37,0000001309,,
4900004974,0001,2024-04-04,201,FE-001,EC,CS01,7655.0,KG,H,EC-D2,,44,0000001337,,
4900004975,0001,2024-04-04,201,FE-001,EC,CS01,12206.9,KG,H,EC-D2,,67,0000001421,,
4900004976,0001,2024-04-04,201,FE-001,EC,CS01,10193.5,KG,H,EC-D3,,115,0000001617,,
4900004977,0001,2024-04-04,201,FE-001,EC,CS01,8818.3,KG,H,EC-D4,,142,0000001733,,
4900004978,0001,2024-04-04,201,FE-002,EC,CS01,2013.3,KG,H,EC-D3,,85,0000001498,,
4900004979,0001,2024-04-04,201,FE-002,EC,CS01,2630.6,KG,H,EC-D4,,152,0000001774,,
4900004980,0001,2024-04-04,201,FE-002,EC,CS01,4764.1,KG,H,EC-D5,,189,0000001902,,
4900004981,0001,2024-04-04,201,FE-003,EC,CS01,1074.0,KG,H,EC-D5,,174,0000001851,,
4900004982,0001,2024-04-04,201,FE-003,EC,CS01,1651.5,KG,H,EC-D6,,259,0000002083,,
4900004983,0001,2024-04-04,201,FE-003,EC,CS01,1153.8,KG,H,EC-D7,,330,0000002255,,
4900004984,0001,2024-04-04,201,FE-004,EC,CS01,211.1,KG,H,EC-D2,,50,0000001360,,
4900004985,0001,2024-04-04,201,FE-004,EC,CS01,191.9,KG,H,EC-D4,,160,0000001808,,
4900004986,0001,2024-04-04,201,FE-004,EC,CS01,348.0,KG,H,EC-D5,,168,0000001828,,
4900004987,0001,2024-04-04,201,FE-004,EC,CS01,242.9,KG,H,EC-D6,,207,0000001976,,
4900004988,0001,2024-04-04,201,FE-004,EC,CS01,180.8,KG,H,EC-D6,,272,0000002136,,
4900004989,0001,2024-04-04,201,FU-001,EC,CS01,103.0,L,H,EC-D1,,,,,
4900004990,0001,2024-04-04,201,FU-001,EC,CS01,84.1,L,H,EC-D2,,,,,
4900004991,0001,2024-04-04,201,FU-001,EC,CS01,99.9,L,H,EC-D3,,,,,
4900004992,0001,2024-04-04,201,FU-001,EC,CS01,124.5,L,H,EC-D4,,,,,
4900004993,0001,2024-04-04,201,FU-001,EC,CS01,103.3,L,H,EC-D5,,,,,
4900004994,0001,2024-04-04,201,FU-001,EC,CS01,151.4,L,H,EC-D6,,,,,
4900004995,0001,2024-04-04,201,FU-001,EC,CS01,130.0,L,H,EC-D7,,,,,
4900004996,0001,2024-04-04,201,FU-001,EC,CS01,558.4,L,H,EC-GEN,,,,,
4900004997,0001,2024-04-04,201,SP-004,EC,CS01,1,EA,H,EC-WS,,,,,
4900004998,0001,2024-04-05,101,FE-001,EC,CS01,238150,KG,S,,,,,4500000211,00010
4900004999,0001,2024-04-05,201,FE-001,EC,CS01,6693.4,KG,H,EC-D2,,40,0000001321,,
4900005000,0001,2024-04-05,201,FE-001,EC,CS01,17904.4,KG,H,EC-D3,,101,0000001561,,
4900005001,0001,2024-04-05,201,FE-001,EC,CS01,9379.2,KG,H,EC-D3,,112,0000001605,,
4900005002,0001,2024-04-05,201,FE-001,EC,CS01,13787.6,KG,H,EC-D6,,215,0000002005,,
4900005003,0001,2024-04-05,201,FE-002,EC,CS01,1235.8,KG,H,EC-D4,,163,0000001810,,
4900005004,0001,2024-04-05,201,FE-002,EC,CS01,3340.7,KG,H,EC-D7,,342,0000002302,,
4900005005,0001,2024-04-05,201,FE-003,EC,CS01,2099.0,KG,H,EC-D2,,46,0000001347,,
4900005006,0001,2024-04-05,201,FE-003,EC,CS01,1567.3,KG,H,EC-D2,,64,0000001411,,
4900005007,0001,2024-04-05,201,FE-003,EC,CS01,1929.4,KG,H,EC-D3,,76,0000001463,,
4900005008,0001,2024-04-05,201,FE-003,EC,CS01,3836.2,KG,H,EC-D3,,111,0000001603,,
4900005009,0001,2024-04-05,201,FE-003,EC,CS01,1108.7,KG,H,EC-D4,,129,0000001683,,
4900005010,0001,2024-04-05,201,FE-003,EC,CS01,1561.3,KG,H,EC-D7,,309,0000002235,,
4900005011,0001,2024-04-05,201,FE-003,EC,CS01,1628.6,KG,H,EC-D7,,332,0000002263,,
4900005012,0001,2024-04-05,201,FE-003,EC,CS01,2322.2,KG,H,EC-D7,,343,0000002307,,
4900005013,0001,2024-04-05,201,FE-004,EC,CS01,95.0,KG,H,EC-D4,,124,0000001664,,
4900005014,0001,2024-04-05,201,FE-004,EC,CS01,183.3,KG,H,EC-D6,,209,0000001984,,
4900005015,0001,2024-04-05,201,FU-001,EC,CS01,93.3,L,H,EC-D1,,,,,
4900005016,0001,2024-04-05,201,FU-001,EC,CS01,92.1,L,H,EC-D2,,,,,
4900005017,0001,2024-04-05,201,FU-001,EC,CS01,138.6,L,H,EC-D3,,,,,
4900005018,0001,2024-04-05,201,FU-001,EC,CS01,131.4,L,H,EC-D4,,,,,
4900005019,0001,2024-04-05,201,FU-001,EC,CS01,112.4,L,H,EC-D5,,,,,
4900005020,0001,2024-04-05,201,FU-001,EC,CS01,132.2,L,H,EC-D6,,,,,
4900005021,0001,2024-04-05,201,FU-001,EC,CS01,105.8,L,H,EC-D7,,,,,
4900005022,0001,2024-04-05,201,FU-001,EC,CS01,631.0,L,H,EC-GEN,,,,,
4900005023,0001,2024-04-06,201,AC-001,EC,CS01,105.1,L,H,EC-D6,,,,,
4900005024,0001,2024-04-06,101,AC-003,EC,CS01,100,L,S,,,,,4500000225,00010
4900005025,0001,2024-04-06,201,FE-001,EC,CS01,11556.9,KG,H,EC-D2,,46,0000001345,,
4900005026,0001,2024-04-06,201,FE-001,EC,CS01,10685.8,KG,H,EC-D2,,58,0000001389,,
4900005027,0001,2024-04-06,201,FE-001,EC,CS01,9305.1,KG,H,EC-D6,,253,0000002057,,
4900005028,0001,2024-04-06,201,FE-002,EC,CS01,3286.7,KG,H,EC-D1,,29,0000001278,,
4900005029,0001,2024-04-06,201,FE-002,EC,CS01,2026.5,KG,H,EC-D3,,88,0000001510,,
4900005030,0001,2024-04-06,201,FE-002,EC,CS01,324.3,KG,H,EC-D4,,127,0000001674,,
4900005031,0001,2024-04-06,201,FE-002,EC,CS01,3968.2,KG,H,EC-D4,,157,0000001794,,
4900005032,0001,2024-04-06,201,FE-003,EC,CS01,2600.7,KG,H,EC-D1,,22,0000001251,,
4900005033,0001,2024-04-06,201,FE-003,EC,CS01,2995.9,KG,H,EC-D3,,92,0000001527,,
4900005034,0001,2024-04-06,201,FE-003,EC,CS01,2089.7,KG,H,EC-D4,,133,0000001699,,
4900005035,0001,2024-04-06,201,FE-003,EC,CS01,1733.2,KG,H,EC-D4,,139,0000001723,,
4900005036,0001,2024-04-06,201,FE-003,EC,CS01,3422.7,KG,H,EC-D5,,169,0000001831,,
4900005037,0001,2024-04-06,201,FE-004,EC,CS01,371.4,KG,H,EC-D4,,138,0000001720,,
4900005038,0001,2024-04-06,201,FE-004,EC,CS01,264.3,KG,H,EC-D5,,177,0000001860,,
4900005039,0001,2024-04-06,201,FE-004,EC,CS01,289.5,KG,H,EC-D5,,186,0000001892,,
4900005040,0001,2024-04-06,201,FE-004,EC,CS01,272.1,KG,H,EC-D7,,293,0000002172,,
4900005041,0001,2024-04-06,201,FE-004,EC,CS01,108.6,KG,H,EC-D7,,295,0000002180,,
4900005042,0001,2024-04-06,201,FU-001,EC,CS01,87.5,L,H,EC-D1,,,,,
4900005043,0001,2024-04-06,201,FU-001,EC,CS01,87.5,L,H,EC-D2,,,,,
4900005044,0001,2024-04-06,201,FU-001,EC,CS01,130.8,L,H,EC-D3,,,,,
4900005045,0001,2024-04-06,201,FU-001,EC,CS01,107.1,L,H,EC-D4,,,,,
4900005046,0001,2024-04-06,201,FU-001,EC,CS01,81.6,L,H,EC-D5,,,,,
4900005047,0001,2024-04-06,201,FU-001,EC,CS01,109.2,L,H,EC-D6,,,,,
4900005048,0001,2024-04-06,201,FU-001,EC,CS01,130.7,L,H,EC-D7,,,,,
4900005049,0001,2024-04-06,201,FU-001,EC,CS01,685.7,L,H,EC-GEN,,,,,
4900005050,0001,2024-04-07,101,FE-001,EC,CS01,238150,KG,S,,,,,4500000217,00010
4900005051,0001,2024-04-07,201,FE-001,EC,CS01,10953.3,KG,H,EC-D1,,27,0000001269,,
4900005052,0001,2024-04-07,201,FE-001,EC,CS01,9683.4,KG,H,EC-D2,,49,0000001353,,
4900005053,0001,2024-04-07,201,FE-001,EC,CS01,14400.0,KG,H,EC-D2,,63,0000001405,,
4900005054,0001,2024-04-07,201,FE-001,EC,CS01,9195.9,KG,H,EC-D7,,337,0000002281,,
4900005055,0001,2024-04-07,201,FE-002,EC,CS01,3077.1,KG,H,EC-D1,,10,0000001202,,
4900005056,0001,2024-04-07,201,FE-002,EC,CS01,1809.7,KG,H,EC-D2,,45,0000001342,,
4900005057,0001,2024-04-07,201,FE-002,EC,CS01,2402.3,KG,H,EC-D3,,95,0000001538,,
4900005058,0001,2024-04-07,201,FE-002,EC,CS01,3736.4,KG,H,EC-D4,,134,0000001702,,
4900005059,0001,2024-04-07,201,FE-002,EC,CS01,3387.1,KG,H,EC-D5,,194,0000001918,,
4900005060,0001,2024-04-07,201,FE-002,EC,CS01,2118.3,KG,H,EC-D6,,212,0000001994,,
4900005061,0001,2024-04-07,201,FE-002,EC,CS01,2273.8,KG,H,EC-D6,,250,0000002046,,
4900005062,0001,2024-04-07,201,FE-002,EC,CS01,2280.7,KG,H,EC-D7,,305,0000002218,,
4900005063,0001,2024-04-07,201,FE-002,EC,CS01,2951.2,KG,H,EC-D7,,346,0000002318,,
4900005064,0001,2024-04-07,201,FE-003,EC,CS01,2381.0,KG,H,EC-D1,,37,0000001311,,
4900005065,0001,2024-04-07,201,FE-003,EC,CS01,2025.2,KG,H,EC-D3,,75,0000001459,,
4900005066,0001,2024-04-07,201,FE-003,EC,CS01,1214.1,KG,H,EC-D6,,380,0000002143,,
4900005067,0001,2024-04-07,201,FE-004,EC,CS01,331.2,KG,H,EC-D1,,15,0000001224,,
4900005068,0001,2024-04-07,201,FE-004,EC,CS01,238.8,KG,H,EC-D1,,30,0000001284,,
4900005069,0001,2024-04-07,201,FE-004,EC,CS01,107.3,KG,H,EC-D3,,80,0000001480,,
4900005070,0001,2024-04-07,201,FE-004,EC,CS01,108.7,KG,H,EC-D3,,120,0000001640,,
4900005071,0001,2024-04-07,201,FE-004,EC,CS01,258.5,KG,H,EC-D4,,150,0000001768,,
4900005072,0001,2024-04-07,201,FE-004,EC,CS01,285.0,KG,H,EC-D4,,152,0000001776,,
4900005073,0001,2024-04-07,201,FE-004,EC,CS01,345.6,KG,H,EC-D6,,204,0000001964,,
4900005074,0001,2024-04-07,201,FE-004,EC,CS01,124.3,KG,H,EC-D6,,247,0000002036,,
4900005075,0001,2024-04-07,201,FE-004,EC,CS01,265.9,KG,H,EC-D6,,251,0000002052,,
4900005076,0001,2024-04-07,201,FE-004,EC,CS01,51.9,KG,H,EC-D6,,258,0000002080,,
4900005077,0001,2024-04-07,201,FU-001,EC,CS01,545.2,L,H,EC-GEN,,,,,
4900005078,0001,2024-04-08,101,FE-001,EC,CS01,238150,KG,S,,,,,4500000214,00010
4900005079,0001,2024-04-08,201,FE-001,EC,CS01,11142.3,KG,H,EC-D1,,14,0000001217,,
4900005080,0001,2024-04-08,201,FE-001,EC,CS01,7751.4,KG,H,EC-D1,,26,0000001265,,
4900005081,0001,2024-04-08,201,FE-001,EC,CS01,10274.4,KG,H,EC-D2,,47,0000001349,,
4900005082,0001,2024-04-08,201,FE-001,EC,CS01,12966.6,KG,H,EC-D2,,71,0000001437,,
4900005083,0001,2024-04-08,201,FE-001,EC,CS01,9850.2,KG,H,EC-D2,,73,0000001445,,
4900005084,0001,2024-04-08,201,FE-001,EC,CS01,10090.4,KG,H,EC-D3,,97,0000001545,,
4900005085,0001,2024-04-08,201,FE-001,EC,CS01,1081.3,KG,H,EC-D3,,119,0000001633,,
4900005086,0001,2024-04-08,201,FE-001,EC,CS01,3968.1,KG,H,EC-D4,,124,0000001661,,
4900005087,0001,2024-04-08,201,FE-001,EC,CS01,10119.9,KG,H,EC-D6,,263,0000002097,,
4900005088,0001,2024-04-08,201,FE-001,EC,CS01,7080.7,KG,H,EC-D7,,329,0000002249,,
4900005089,0001,2024-04-08,201,FE-001,EC,CS01,9361.0,KG,H,EC-D7,,342,0000002301,,
4900005090,0001,2024-04-08,101,FE-002,EC,CS01,90000,KG,S,,,,,4500000201,00010
4900005091,0001,2024-04-08,201,FE-002,EC,CS01,3152.2,KG,H,EC-D1,,11,0000001206,,
4900005092,0001,2024-04-08,201,FE-002,EC,CS01,2688.7,KG,H,EC-D1,,26,0000001266,,
4900005093,0001,2024-04-08,201,FE-002,EC,CS01,2899.0,KG,H,EC-D1,,35,0000001302,,
4900005094,0001,2024-04-08,201,FE-002,EC,CS01,2455.6,KG,H,EC-D2,,67,0000001422,,
4900005095,0001,2024-04-08,201,FE-002,EC,CS01,1819.1,KG,H,EC-D6,,265,0000002106,,
4900005096,0001,2024-04-08,201,FE-003,EC,CS01,1599.9,KG,H,EC-D6,,209,0000001983,,
4900005097,0001,2024-04-08,201,FE-003,EC,CS01,2407.0,KG,H,EC-D7,,296,0000002183,,
4900005098,0001,2024-04-08,201,FE-004,EC,CS01,256.0,KG,H,EC-D1,,9,0000001200,,
4900005099,0001,2024-04-08,201,FE-004,EC,CS01,177.1,KG,H,EC-D1,,36,0000001308,,
4900005100,0001,2024-04-08,201,FE-004,EC,CS01,201.2,KG,H,EC-D2,,71,0000001440,,
4900005101,0001,2024-04-08,201,FE-004,EC,CS01,285.4,KG,H,EC-D7,,298,0000002192,,
4900005102,0001,2024-04-08,201,FU-001,EC,CS01,119.5,L,H,EC-D1,,,,,
4900005103,0001,2024-04-08,201,FU-001,EC,CS01,99.5,L,H,EC-D2,,,,,
4900005104,0001,2024-04-08,201,FU-001,EC,CS01,122.1,L,H,EC-D3,,,,,
4900005105,0001,2024-04-08,201,FU-001,EC,CS01,159.5,L,H,EC-D4,,,,,
4900005106,0001,2024-04-08,201,FU-001,EC,CS01,93.3,L,H,EC-D5,,,,,
4900005107,0001,2024-04-08,201,FU-001,EC,CS01,109.7,L,H,EC-D6,,,,,
4900005108,0001,2024-04-08,201,FU-001,EC,CS01,105.9,L,H,EC-D7,,,,,
4900005109,0001,2024-04-08,201,FU-001,EC,CS01,545.1,L,H,EC-GEN,,,,,
4900005110,0001,2024-04-08,201,SP-001,EC,CS01,1,EA,H,EC-WS,,,,,
4900005111,0001,2024-04-08,101,SP-003,EC,CS01,5,EA,S,,,,,4500000242,00010
4900005112,0001,2024-04-08,201,SP-004,EC,CS01,1,EA,H,EC-WS,,,,,
4900005113,0001,2024-04-09,201,AC-003,EC,CS01,0.98,L,H,EC-D6,,,,,
4900005114,0001,2024-04-09,101,FE-001,EC,CS01,238150,KG,S,,,,,4500000191,00010
4900005115,0001,2024-04-09,201,FE-001,EC,CS01,7494.4,KG,H,EC-D5,,173,0000001845,,
4900005116,0001,2024-04-09,201,FE-001,EC,CS01,9710.6,KG,H,EC-D7,,298,0000002189,,
4900005117,0001,2024-04-09,201,FE-002,EC,CS01,2309.9,KG,H,EC-D6,,269,0000002122,,
4900005118,0001,2024-04-09,201,FE-003,EC,CS01,1250.5,KG,H,EC-D2,,40,0000001323,,
4900005119,0001,2024-04-09,201,FE-003,EC,CS01,2010.0,KG,H,EC-D2,,50,0000001359,,
4900005120,0001,2024-04-09,201,FE-003,EC,CS01,2019.7,KG,H,EC-D2,,66,0000001419,,
4900005121,0001,2024-04-09,201,FE-003,EC,CS01,2320.9,KG,H,EC-D4,,140,0000001727,,
4900005122,0001,2024-04-09,201,FE-003,EC,CS01,2596.2,KG,H,EC-D4,,157,0000001795,,
4900005123,0001,2024-04-09,201,FE-003,EC,CS01,1930.3,KG,H,EC-D5,,190,0000001907,,
4900005124,0001,2024-04-09,201,FE-003,EC,CS01,1727.7,KG,H,EC-D6,,266,0000002111,,
4900005125,0001,2024-04-09,201,FE-003,EC,CS01,1874.5,KG,H,EC-D7,,297,0000002187,,
4900005126,0001,2024-04-09,201,FE-003,EC,CS01,1661.1,KG,H,EC-D7,,346,0000002319,,
4900005127,0001,2024-04-09,201,FE-004,EC,CS01,303.8,KG,H,EC-D1,,31,0000001288,,
4900005128,0001,2024-04-09,201,FE-004,EC,CS01,293.3,KG,H,EC-D2,,46,0000001348,,
4900005129,0001,2024-04-09,201,FE-004,EC,CS01,164.2,KG,H,EC-D2,,64,0000001412,,
4900005130,0001,2024-04-09,201,FE-004,EC,CS01,213.8,KG,H,EC-D7,,296,0000002184,,
4900005131,0001,2024-04-09,201,FE-004,EC,CS01,220.3,KG,H,EC-D7,,335,0000002276,,
4900005132,0001,2024-04-09,201,FU-001,EC,CS01,92.8,L,H,EC-D1,,,,,
4900005133,0001,2024-04-09,201,FU-001,EC,CS01,107.6,L,H,EC-D2,,,,,
4900005134,0001,2024-04-09,201,FU-001,EC,CS01,140.3,L,H,EC-D3,,,,,
4900005135,0001,2024-04-09,201,FU-001,EC,CS01,140.8,L,H,EC-D4,,,,,
4900005136,0001,2024-04-09,201,FU-001,EC,CS01,80.1,L,H,EC-D5,,,,,
4900005137,0001,2024-04-09,201,FU-001,EC,CS01,126.8,L,H,EC-D6,,,,,
4900005138,0001,2024-04-09,201,FU-001,EC,CS01,109.4,L,H,EC-D7,,,,,
4900005139,0001,2024-04-09,201,FU-001,EC,CS01,595.0,L,H,EC-GEN,,,,,
4900005140,0001,2024-04-10,101,AC-001,EC,CS01,2900,L,S,,,,,4500000224,00010
4900005141,0001,2024-04-10,201,AC-001,EC,CS01,119.3,L,H,EC-D5,,,,,
4900005142,0001,2024-04-10,201,FE-001,EC,CS01,9416.3,KG,H,EC-D3,,100,0000001557,,
4900005143,0001,2024-04-10,201,FE-001,EC,CS01,1156.4,KG,H,EC-D3,,369,0000001645,,
4900005144,0001,2024-04-10,201,FE-001,EC,CS01,13950.9,KG,H,EC-D4,,136,0000001709,,
4900005145,0001,2024-04-10,201,FE-001,EC,CS01,8404.9,KG,H,EC-D4,,148,0000001757,,
4900005146,0001,2024-04-10,201,FE-001,EC,CS01,7480.4,KG,H,EC-D7,,292,0000002165,,
4900005147,0001,2024-04-10,201,FE-001,EC,CS01,6800.0,KG,H,EC-D7,,299,0000002193,,
4900005148,0001,2024-04-10,201,FE-002,EC,CS01,1842.5,KG,H,EC-D1,,12,0000001210,,
4900005149,0001,2024-04-10,201,FE-002,EC,CS01,3458.0,KG,H,EC-D2,,47,0000001350,,
4900005150,0001,2024-04-10,201,FE-002,EC,CS01,4189.4,KG,H,EC-D4,,138,0000001718,,
4900005151,0001,2024-04-10,201,FE-002,EC,CS01,2368.4,KG,H,EC-D4,,140,0000001726,,
4900005152,0001,2024-04-10,201,FE-002,EC,CS01,3091.4,KG,H,EC-D5,,197,0000001930,,
4900005153,0001,2024-04-10,201,FE-002,EC,CS01,2939.3,KG,H,EC-D6,,213,0000001998,,
4900005154,0001,2024-04-10,201,FE-002,EC,CS01,3117.0,KG,H,EC-D6,,223,0000002018,,
4900005155,0001,2024-04-10,201,FE-002,EC,CS01,2218.6,KG,H,EC-D6,,267,0000002114,,
4900005156,0001,2024-04-10,201,FE-003,EC,CS01,802.3,KG,H,EC-D5,,192,0000001911,,
4900005157,0001,2024-04-10,201,FE-003,EC,CS01,1595.9,KG,H,EC-D6,,251,0000002051,,
4900005158,0001,2024-04-10,201,FE-003,EC,CS01,1774.6,KG,H,EC-D7,,300,0000002199,,
4900005159,0001,2024-04-10,201,FE-004,EC,CS01,283.2,KG,H,EC-D3,,102,0000001568,,
4900005160,0001,2024-04-10,201,FE-004,EC,CS01,294.1,KG,H,EC-D6,,208,0000001980,,
4900005161,0001,2024-04-10,201,FE-004,EC,CS01,148.0,KG,H,EC-D7,,329,0000002252,,
4900005162,0001,2024-04-10,201,FU-001,EC,CS01,111.2,L,H,EC-D1,,,,,
4900005163,0001,2024-04-10,201,FU-001,EC,CS01,100.2,L,H,EC-D2,,,,,
4900005164,0001,2024-04-10,201,FU-001,EC,CS01,143.8,L,H,EC-D3,,,,,
4900005165,0001,2024-04-10,201,FU-001,EC,CS01,140.2,L,H,EC-D4,,,,,
4900005166,0001,2024-04-10,201,FU-001,EC,CS01,102.9,L,H,EC-D5,,,,,
4900005167,0001,2024-04-10,201,FU-001,EC,CS01,136.1,L,H,EC-D6,,,,,
4900005168,0001,2024-04-10,201,FU-001,EC,CS01,127.0,L,H,EC-D7,,,,,
4900005169,0001,2024-04-10,201,FU-001,EC,CS01,700.2,L,H,EC-GEN,,,,,
4900005170,0001,2024-04-10,201,SP-003,EC,CS01,1,EA,H,EC-WS,,,,,
4900005171,0001,2024-04-10,101,SP-004,EC,CS01,4,EA,S,,,,,4500000230,00010
4900005172,0001,2024-04-11,201,FE-001,EC,CS01,4596.8,KG,H,EC-D4,,155,0000001785,,
4900005173,0001,2024-04-11,201,FE-001,EC,CS01,14273.5,KG,H,EC-D7,,302,0000002205,,
4900005174,0001,2024-04-11,201,FE-002,EC,CS01,3078.2,KG,H,EC-D4,,146,0000001750,,
4900005175,0001,2024-04-11,201,FE-002,EC,CS01,2965.8,KG,H,EC-D7,,340,0000002294,,
4900005176,0001,2024-04-11,201,FE-003,EC,CS01,2285.7,KG,H,EC-D2,,45,0000001343,,
4900005177,0001,2024-04-11,201,FE-003,EC,CS01,2387.6,KG,H,EC-D3,,109,0000001595,,
4900005178,0001,2024-04-11,201,FE-003,EC,CS01,669.3,KG,H,EC-D5,,198,0000001935,,
4900005179,0001,2024-04-11,201,FE-004,EC,CS01,195.5,KG,H,EC-D3,,95,0000001540,,
4900005180,0001,2024-04-11,201,FE-004,EC,CS01,403.2,KG,H,EC-D5,,201,0000001948,,
4900005181,0001,2024-04-11,201,FU-001,EC,CS01,103.9,L,H,EC-D1,,,,,
4900005182,0001,2024-04-11,201,FU-001,EC,CS01,75.8,L,H,EC-D2,,,,,
4900005183,0001,2024-04-11,201,FU-001,EC,CS01,126.0,L,H,EC-D3,,,,,
4900005184,0001,2024-04-11,201,FU-001,EC,CS01,144.0,L,H,EC-D4,,,,,
4900005185,0001,2024-04-11,201,FU-001,EC,CS01,102.4,L,H,EC-D5,,,,,
4900005186,0001,2024-04-11,201,FU-001,EC,CS01,122.7,L,H,EC-D6,,,,,
4900005187,0001,2024-04-11,201,FU-001,EC,CS01,105.1,L,H,EC-D7,,,,,
4900005188,0001,2024-04-11,201,FU-001,EC,CS01,593.9,L,H,EC-GEN,,,,,
4900005189,0001,2024-04-11,201,SP-003,EC,CS01,1,EA,H,EC-WS,,,,,
4900005190,0001,2024-04-12,201,AC-003,EC,CS01,2.74,L,H,EC-D2,,,,,
4900005191,0001,2024-04-12,201,FE-001,EC,CS01,7495.9,KG,H,EC-D3,,102,0000001565,,
4900005192,0001,2024-04-12,201,FE-001,EC,CS01,4142.2,KG,H,EC-D5,,174,0000001849,,
4900005193,0001,2024-04-12,201,FE-001,EC,CS01,12987.5,KG,H,EC-D6,,252,0000002053,,
4900005194,0001,2024-04-12,201,FE-001,EC,CS01,8833.8,KG,H,EC-D7,,328,0000002245,,
4900005195,0001,2024-04-12,201,FE-001,EC,CS01,13569.1,KG,H,EC-D7,,339,0000002289,,
4900005196,0001,2024-04-12,201,FE-002,EC,CS01,3259.8,KG,H,EC-D3,,76,0000001462,,
4900005197,0001,2024-04-12,201,FE-003,EC,CS01,1306.7,KG,H,EC-D2,,73,0000001447,,
4900005198,0001,2024-04-12,201,FE-003,EC,CS01,2045.6,KG,H,EC-D6,,213,0000001999,,
4900005199,0001,2024-04-12,201,FE-003,EC,CS01,1966.3,KG,H,EC-D7,,334,0000002271,,
4900005200,0001,2024-04-12,201,FE-004,EC,CS01,273.7,KG,H,EC-D1,,33,0000001296,,
4900005201,0001,2024-04-12,201,FE-004,EC,CS01,210.5,KG,H,EC-D3,,79,0000001476,,
4900005202,0001,2024-04-12,201,FE-004,EC,CS01,265.0,KG,H,EC-D4,,158,0000001800,,
4900005203,0001,2024-04-12,201,FE-004,EC,CS01,342.2,KG,H,EC-D5,,188,0000001900,,
4900005204,0001,2024-04-12,201,FE-004,EC,CS01,72.3,KG,H,EC-D7,,294,0000002176,,
4900005205,0001,2024-04-12,101,FU-001,EC,CS01,8000,L,S,,,,,4500000248,00010
4900005206,0001,2024-04-12,201,FU-001,EC,CS01,97.6,L,H,EC-D1,,,,,
4900005207,0001,2024-04-12,201,FU-001,EC,CS01,104.4,L,H,EC-D2,,,,,
4900005208,0001,2024-04-12,201,FU-001,EC,CS01,133.9,L,H,EC-D3,,,,,
4900005209,0001,2024-04-12,201,FU-001,EC,CS01,154.0,L,H,EC-D4,,,,,
4900005210,0001,2024-04-12,201,FU-001,EC,CS01,118.3,L,H,EC-D5,,,,,
4900005211,0001,2024-04-12,201,FU-001,EC,CS01,112.7,L,H,EC-D6,,,,,
4900005212,0001,2024-04-12,201,FU-001,EC,CS01,104.5,L,H,EC-D7,,,,,
4900005213,0001,2024-04-12,201,FU-001,EC,CS01,649.5,L,H,EC-GEN,,,,,
4900005214,0001,2024-04-12,201,SP-003,EC,CS01,1,EA,H,EC-WS,,,,,
4900005215,0001,2024-04-12,201,SP-006,EC,CS01,1,EA,H,EC-WS,,,,,
4900005216,0001,2024-04-13,201,AC-003,EC,CS01,7.77,L,H,EC-D5,,,,,
4900005217,0001,2024-04-13,201,FE-001,EC,CS01,13676.8,KG,H,EC-D7,,303,0000002209,,
4900005218,0001,2024-04-13,201,FE-002,EC,CS01,1989.4,KG,H,EC-D4,,149,0000001762,,
4900005219,0001,2024-04-13,201,FE-002,EC,CS01,2782.1,KG,H,EC-D4,,150,0000001766,,
4900005220,0001,2024-04-13,201,FE-002,EC,CS01,2893.7,KG,H,EC-D6,,209,0000001982,,
4900005221,0001,2024-04-13,201,FE-003,EC,CS01,1917.6,KG,H,EC-D4,,159,0000001803,,
4900005222,0001,2024-04-13,201,FE-003,EC,CS01,2065.6,KG,H,EC-D7,,338,0000002287,,
4900005223,0001,2024-04-13,201,FE-004,EC,CS01,182.5,KG,H,EC-D2,,67,0000001424,,
4900005224,0001,2024-04-13,201,FE-004,EC,CS01,282.7,KG,H,EC-D4,,153,0000001780,,
4900005225,0001,2024-04-13,201,FE-004,EC,CS01,142.5,KG,H,EC-D7,,308,0000002232,,
4900005226,0001,2024-04-13,201,FU-001,EC,CS01,110.3,L,H,EC-D1,,,,,
4900005227,0001,2024-04-13,201,FU-001,EC,CS01,99.8,L,H,EC-D2,,,,,
4900005228,0001,2024-04-13,201,FU-001,EC,CS01,110.7,L,H,EC-D3,,,,,
4900005229,0001,2024-04-13,201,FU-001,EC,CS01,118.6,L,H,EC-D4,,,,,
4900005230,0001,2024-04-13,201,FU-001,EC,CS01,124.1,L,H,EC-D5,,,,,
4900005231,0001,2024-04-13,201,FU-001,EC,CS01,119.8,L,H,EC-D6,,,,,
4900005232,0001,2024-04-13,201,FU-001,EC,CS01,106.8,L,H,EC-D7,,,,,
4900005233,0001,2024-04-13,201,FU-001,EC,CS01,688.7,L,H,EC-GEN,,,,,
4900005234,0001,2024-04-13,201,SP-003,EC,CS01,1,EA,H,EC-WS,,,,,
4900005235,0001,2024-04-13,201,SP-005,EC,CS01,1,EA,H,EC-WS,,,,,
4900005236,0001,2024-04-14,201,FE-001,EC,CS01,10840.4,KG,H,EC-D3,,76,0000001461,,
4900005237,0001,2024-04-14,201,FE-001,EC,CS01,5786.7,KG,H,EC-D3,,99,0000001553,,
4900005238,0001,2024-04-14,201,FE-001,EC,CS01,11893.4,KG,H,EC-D3,,113,0000001609,,
4900005239,0001,2024-04-14,201,FE-001,EC,CS01,8677.0,KG,H,EC-D4,,157,0000001793,,
4900005240,0001,2024-04-14,201,FE-002,EC,CS01,2225.9,KG,H,EC-D7,,344,0000002310,,
4900005241,0001,2024-04-14,201,FE-003,EC,CS01,1433.6,KG,H,EC-D7,,305,0000002219,,
4900005242,0001,2024-04-14,201,FE-004,EC,CS01,274.7,KG,H,EC-D1,,39,0000001320,,
4900005243,0001,2024-04-14,201,FE-004,EC,CS01,110.8,KG,H,EC-D2,,40,0000001324,,
4900005244,0001,2024-04-14,201,FE-004,EC,CS01,255.4,KG,H,EC-D4,,129,0000001684,,
4900005245,0001,2024-04-14,201,FE-004,EC,CS01,268.2,KG,H,EC-D4,,136,0000001712,,
4900005246,0001,2024-04-14,201,FE-004,EC,CS01,187.3,KG,H,EC-D4,,143,0000001740,,
4900005247,0001,2024-04-14,101,FU-001,EC,CS01,8000,L,S,,,,,4500000250,00010
4900005248,0001,2024-04-14,201,FU-001,EC,CS01,616.8,L,H,EC-GEN,,,,,
4900005249,0001,2024-04-14,101,SP-006,EC,CS01,4,EA,S,,,,,4500000221,00010
4900005250,0001,2024-04-15,201,AC-001,EC,CS01,160.9,L,H,EC-D3,,,,,
4900005251,0001,2024-04-15,201,FE-001,EC,CS01,3461.4,KG,H,EC-D1,,6,0000001185,,
4900005252,0001,2024-04-15,201,FE-001,EC,CS01,12550.4,KG,H,EC-D3,,96,0000001541,,
4900005253,0001,2024-04-15,201,FE-001,EC,CS01,6643.5,KG,H,EC-D4,,122,0000001653,,
4900005254,0001,2024-04-15,201,FE-001,EC,CS01,8215.3,KG,H,EC-D6,,212,0000001993,,
4900005255,0001,2024-04-15,201,FE-002,EC,CS01,770.6,KG,H,EC-D1,,5,0000001182,,
4900005256,0001,2024-04-15,201,FE-002,EC,CS01,1933.4,KG,H,EC-D2,,54,0000001374,,
4900005257,0001,2024-04-15,201,FE-002,EC,CS01,1321.5,KG,H,EC-D2,,68,0000001426,,
4900005258,0001,2024-04-15,201,FE-002,EC,CS01,2559.9,KG,H,EC-D3,,90,0000001518,,
4900005259,0001,2024-04-15,201,FE-002,EC,CS01,2948.1,KG,H,EC-D5,,196,0000001926,,
4900005260,0001,2024-04-15,201,FE-002,EC,CS01,1736.7,KG,H,EC-D7,,292,0000002166,,
4900005261,0001,2024-04-15,201,FE-003,EC,CS01,195.5,KG,H,EC-D4,,127,0000001675,,
4900005262,0001,2024-04-15,201,FE-003,EC,CS01,1184.6,KG,H,EC-D6,,267,0000002115,,
4900005263,0001,2024-04-15,201,FE-004,EC,CS01,210.2,KG,H,EC-D1,,11,0000001208,,
4900005264,0001,2024-04-15,201,FE-004,EC,CS01,139.5,KG,H,EC-D5,,184,0000001884,,
4900005265,0001,2024-04-15,201,FU-001,EC,CS01,103.3,L,H,EC-D1,,,,,
4900005266,0001,2024-04-15,201,FU-001,EC,CS01,88.6,L,H,EC-D2,,,,,
4900005267,0001,2024-04-15,201,FU-001,EC,CS01,94.4,L,H,EC-D3,,,,,
4900005268,0001,2024-04-15,201,FU-001,EC,CS01,123.9,L,H,EC-D4,,,,,
4900005269,0001,2024-04-15,201,FU-001,EC,CS01,117.1,L,H,EC-D5,,,,,
4900005270,0001,2024-04-15,201,FU-001,EC,CS01,128.0,L,H,EC-D6,,,,,
4900005271,0001,2024-04-15,201,FU-001,EC,CS01,107.4,L,H,EC-D7,,,,,
4900005272,0001,2024-04-15,201,FU-001,EC,CS01,728.8,L,H,EC-GEN,,,,,
4900005273,0001,2024-04-15,201,SP-003,EC,CS01,1,EA,H,EC-WS,,,,,
4900005274,0001,2024-04-15,201,SP-008,EC,CS01,1,EA,H,EC-WS,,,,,
4900005275,0001,2024-04-16,201,FE-001,EC,CS01,5247.2,KG,H,EC-D2,,68,0000001425,,
4900005276,0001,2024-04-16,201,FE-001,EC,CS01,12313.1,KG,H,EC-D4,,150,0000001765,,
4900005277,0001,2024-04-16,201,FE-001,EC,CS01,18563.9,KG,H,EC-D5,,168,0000001825,,
4900005278,0001,2024-04-16,201,FE-001,EC,CS01,15033.6,KG,H,EC-D6,,216,0000002009,,
4900005279,0001,2024-04-16,201,FE-001,EC,CS01,5069.1,KG,H,EC-D6,,258,0000002077,,
4900005280,0001,2024-04-16,201,FE-002,EC,CS01,2819.6,KG,H,EC-D2,,49,0000001354,,
4900005281,0001,2024-04-16,201,FE-002,EC,CS01,1252.4,KG,H,EC-D2,,65,0000001414,,
4900005282,0001,2024-04-16,201,FE-002,EC,CS01,2359.3,KG,H,EC-D4,,151,0000001770,,
4900005283,0001,2024-04-16,201,FE-002,EC,CS01,3029.3,KG,H,EC-D5,,195,0000001922,,
4900005284,0001,2024-04-16,201,FE-002,EC,CS01,1766.5,KG,H,EC-D6,,270,0000002126,,
4900005285,0001,2024-04-16,201,FE-003,EC,CS01,2435.4,KG,H,EC-D6,,210,0000001987,,
4900005286,0001,2024-04-16,201,FE-003,EC,CS01,1928.3,KG,H,EC-D7,,344,0000002311,,
4900005287,0001,2024-04-16,201,FE-004,EC,CS01,250.2,KG,H,EC-D4,,139,0000001724,,
4900005288,0001,2024-04-16,201,FE-004,EC,CS01,205.4,KG,H,EC-D7,,289,0000002156,,
4900005289,0001,2024-04-16,201,FU-001,EC,CS01,109.1,L,H,EC-D1,,,,,
4900005290,0001,2024-04-16,201,FU-001,EC,CS01,103.9,L,H,EC-D2,,,,,
4900005291,0001,2024-04-16,201,FU-001,EC,CS01,98.0,L,H,EC-D3,,,,,
4900005292,0001,2024-04-16,201,FU-001,EC,CS01,134.4,L,H,EC-D4,,,,,
4900005293,0001,2024-04-16,201,FU-001,EC,CS01,120.6,L,H,EC-D5,,,,,
4900005294,0001,2024-04-16,201,FU-001,EC,CS01,117.0,L,H,EC-D6,,,,,
4900005295,0001,2024-04-16,201,FU-001,EC,CS01,104.4,L,H,EC-D7,,,,,
4900005296,0001,2024-04-16,201,FU-001,EC,CS01,711.2,L,H,EC-GEN,,,,,
4900005297,0001,2024-04-16,201,SP-005,EC,CS01,1,EA,H,EC-WS,,,,,
4900005298,0001,2024-04-17,201,AC-003,EC,CS01,2.94,L,H,EC-D1,,,,,
4900005299,0001,2024-04-17,201,FE-001,EC,CS01,5376.2,KG,H,EC-D2,,65,0000001413,,
4900005300,0001,2024-04-17,201,FE-001,EC,CS01,11572.3,KG,H,EC-D2,,69,0000001429,,
4900005301,0001,2024-04-17,201,FE-001,EC,CS01,8289.4,KG,H,EC-D6,,205,0000001965,,
4900005302,0001,2024-04-17,201,FE-001,EC,CS01,15691.6,KG,H,EC-D6,,210,0000001985,,
4900005303,0001,2024-04-17,201,FE-001,EC,CS01,5944.5,KG,H,EC-D6,,246,0000002029,,
4900005304,0001,2024-04-17,201,FE-002,EC,CS01,848.3,KG,H,EC-D1,,6,0000001186,,
4900005305,0001,2024-04-17,201,FE-002,EC,CS01,2772.0,KG,H,EC-D2,,59,0000001394,,
4900005306,0001,2024-04-17,201,FE-002,EC,CS01,2695.6,KG,H,EC-D2,,69,0000001430,,
4900005307,0001,2024-04-17,201,FE-002,EC,CS01,2227.8,KG,H,EC-D7,,338,0000002286,,
4900005308,0001,2024-04-17,201,FE-003,EC,CS01,2069.3,KG,H,EC-D1,,10,0000001203,,
4900005309,0001,2024-04-17,201,FE-003,EC,CS01,1800.3,KG,H,EC-D2,,71,0000001439,,
4900005310,0001,2024-04-17,201,FE-003,EC,CS01,595.8,KG,H,EC-D3,,81,0000001483,,
4900005311,0001,2024-04-17,201,FE-004,EC,CS01,410.6,KG,H,EC-D3,,101,0000001564,,
4900005312,0001,2024-04-17,201,FE-004,EC,CS01,236.6,KG,H,EC-D5,,170,0000001836,,
4900005313,0001,2024-04-17,201,FE-004,EC,CS01,218.7,KG,H,EC-D5,,195,0000001924,,
4900005314,0001,2024-04-17,201,FE-004,EC,CS01,303.2,KG,H,EC-D6,,263,0000002100,,
4900005315,0001,2024-04-17,201,FE-004,EC,CS01,92.4,KG,H,EC-D7,,307,0000002228,,
4900005316,0001,2024-04-17,201,FU-001,EC,CS01,93.1,L,H,EC-D1,,,,,
4900005317,0001,2024-04-17,201,FU-001,EC,CS01,89.8,L,H,EC-D2,,,,,
4900005318,0001,2024-04-17,201,FU-001,EC,CS01,147.6,L,H,EC-D3,,,,,
4900005319,0001,2024-04-17,201,FU-001,EC,CS01,135.1,L,H,EC-D4,,,,,
4900005320,0001,2024-04-17,201,FU-001,EC,CS01,102.3,L,H,EC-D5,,,,,
4900005321,0001,2024-04-17,201,FU-001,EC,CS01,131.2,L,H,EC-D6,,,,,
4900005322,0001,2024-04-17,201,FU-001,EC,CS01,120.5,L,H,EC-D7,,,,,
4900005323,0001,2024-04-17,201,FU-001,EC,CS01,688.0,L,H,EC-GEN,,,,,
4900005324,0001,2024-04-18,201,AC-001,EC,CS01,135.9,L,H,EC-D7,,,,,
4900005325,0001,2024-04-18,201,FE-001,EC,CS01,2009.7,KG,H,EC-D1,,1,0000001165,,
4900005326,0001,2024-04-18,201,FE-001,EC,CS01,9586.3,KG,H,EC-D1,,9,0000001197,,
4900005327,0001,2024-04-18,201,FE-001,EC,CS01,8723.8,KG,H,EC-D2,,56,0000001381,,
4900005328,0001,2024-04-18,201,FE-001,EC,CS01,12197.0,KG,H,EC-D5,,188,0000001897,,
4900005329,0001,2024-04-18,201,FE-001,EC,CS01,11304.2,KG,H,EC-D6,,250,0000002045,,
4900005330,0001,2024-04-18,201,FE-001,EC,CS01,5172.6,KG,H,EC-D6,,264,0000002101,,
4900005331,0001,2024-04-18,201,FE-001,EC,CS01,9251.9,KG,H,EC-D6,,272,0000002133,,
4900005332,0001,2024-04-18,201,FE-002,EC,CS01,4214.4,KG,H,EC-D3,,83,0000001490,,
4900005333,0001,2024-04-18,201,FE-002,EC,CS01,232.2,KG,H,EC-D3,,369,0000001646,,
4900005334,0001,2024-04-18,201,FE-003,EC,CS01,2487.1,KG,H,EC-D2,,41,0000001327,,
4900005335,0001,2024-04-18,201,FE-003,EC,CS01,1491.0,KG,H,EC-D2,,52,0000001367,,
4900005336,0001,2024-04-18,201,FE-003,EC,CS01,2871.3,KG,H,EC-D7,,342,0000002303,,
4900005337,0001,2024-04-18,201,FE-004,EC,CS01,277.4,KG,H,EC-D2,,73,0000001448,,
4900005338,0001,2024-04-18,201,FE-004,EC,CS01,156.2,KG,H,EC-D3,,116,0000001624,,
4900005339,0001,2024-04-18,201,FE-004,EC,CS01,26.2,KG,H,EC-D4,,127,0000001676,,
4900005340,0001,2024-04-18,201,FE-004,EC,CS01,178.0,KG,H,EC-D4,,166,0000001824,,
4900005341,0001,2024-04-18,201,FE-004,EC,CS01,165.7,KG,H,EC-D6,,269,0000002124,,
4900005342,0001,2024-04-18,101,FU-001,EC,CS01,8000,L,S,,,,,4500000252,00010
4900005343,0001,2024-04-18,201,FU-001,EC,CS01,117.4,L,H,EC-D1,,,,,
4900005344,0001,2024-04-18,201,FU-001,EC,CS01,127.8,L,H,EC-D2,,,,,
4900005345,0001,2024-04-18,201,FU-001,EC,CS01,126.7,L,H,EC-D3,,,,,
4900005346,0001,2024-04-18,201,FU-001,EC,CS01,149.7,L,H,EC-D4,,,,,
4900005347,0001,2024-04-18,201,FU-001,EC,CS01,97.3,L,H,EC-D5,,,,,
4900005348,0001,2024-04-18,201,FU-001,EC,CS01,135.4,L,H,EC-D6,,,,,
4900005349,0001,2024-04-18,201,FU-001,EC,CS01,97.0,L,H,EC-D7,,,,,
4900005350,0001,2024-04-18,201,FU-001,EC,CS01,523.8,L,H,EC-GEN,,,,,
4900005351,0001,2024-04-18,201,SP-006,EC,CS01,1,EA,H,EC-WS,,,,,
4900005352,0001,2024-04-18,201,SP-006,EC,CS01,1,EA,H,EC-WS,,,,,
4900005353,0001,2024-04-19,201,AC-003,EC,CS01,5.47,L,H,EC-D2,,,,,
4900005354,0001,2024-04-19,201,FE-001,EC,CS01,5022.8,KG,H,EC-D4,,166,0000001821,,
4900005355,0001,2024-04-19,201,FE-001,EC,CS01,12005.8,KG,H,EC-D6,,379,0000002137,,
4900005356,0001,2024-04-19,201,FE-002,EC,CS01,2856.0,KG,H,EC-D4,,147,0000001754,,
4900005357,0001,2024-04-19,201,FE-002,EC,CS01,2554.8,KG,H,EC-D6,,204,0000001962,,
4900005358,0001,2024-04-19,201,FE-003,EC,CS01,2654.3,KG,H,EC-D2,,69,0000001431,,
4900005359,0001,2024-04-19,201,FE-003,EC,CS01,253.8,KG,H,EC-D3,,119,0000001635,,
4900005360,0001,2024-04-19,201,FE-003,EC,CS01,1936.1,KG,H,EC-D6,,262,0000002095,,
4900005361,0001,2024-04-19,201,FE-004,EC,CS01,253.5,KG,H,EC-D1,,10,0000001204,,
4900005362,0001,2024-04-19,201,FE-004,EC,CS01,277.3,KG,H,EC-D2,,51,0000001364,,
4900005363,0001,2024-04-19,201,FE-004,EC,CS01,220.8,KG,H,EC-D6,,256,0000002072,,
4900005364,0001,2024-04-19,201,FU-001,EC,CS01,94.6,L,H,EC-D1,,,,,
4900005365,0001,2024-04-19,201,FU-001,EC,CS01,94.2,L,H,EC-D2,,,,,
4900005366,0001,2024-04-19,201,FU-001,EC,CS01,138.4,L,H,EC-D3,,,,,
4900005367,0001,2024-04-19,201,FU-001,EC,CS01,167.5,L,H,EC-D4,,,,,
4900005368,0001,2024-04-19,201,FU-001,EC,CS01,111.7,L,H,EC-D5,,,,,
4900005369,0001,2024-04-19,201,FU-001,EC,CS01,123.3,L,H,EC-D6,,,,,
4900005370,0001,2024-04-19,201,FU-001,EC,CS01,108.1,L,H,EC-D7,,,,,
4900005371,0001,2024-04-19,201,FU-001,EC,CS01,608.1,L,H,EC-GEN,,,,,
4900005372,0001,2024-04-19,201,SP-008,EC,CS01,1,EA,H,EC-WS,,,,,
4900005373,0001,2024-04-20,201,AC-001,EC,CS01,95.4,L,H,EC-D6,,,,,
4900005374,0001,2024-04-20,201,FE-001,EC,CS01,13247.7,KG,H,EC-D4,,131,0000001689,,
4900005375,0001,2024-04-20,201,FE-001,EC,CS01,8161.6,KG,H,EC-D6,,249,0000002041,,
4900005376,0001,2024-04-20,201,FE-002,EC,CS01,3136.0,KG,H,EC-D7,,291,0000002162,,
4900005377,0001,2024-04-20,201,FE-002,EC,CS01,2458.6,KG,H,EC-D7,,299,0000002194,,
4900005378,0001,2024-04-20,201,FE-002,EC,CS01,1944.2,KG,H,EC-D7,,331,0000002258,,
4900005379,0001,2024-04-20,201,FE-003,EC,CS01,3603.3,KG,H,EC-D3,,108,0000001591,,
4900005380,0001,2024-04-20,201,FE-003,EC,CS01,3081.6,KG,H,EC-D6,,204,0000001963,,
4900005381,0001,2024-04-20,201,FE-004,EC,CS01,199.9,KG,H,EC-D5,,199,0000001940,,
4900005382,0001,2024-04-20,201,FE-004,EC,CS01,412.9,KG,H,EC-D7,,303,0000002212,,
4900005383,0001,2024-04-20,201,FU-001,EC,CS01,117.0,L,H,EC-D1,,,,,
4900005384,0001,2024-04-20,201,FU-001,EC,CS01,102.0,L,H,EC-D2,,,,,
4900005385,0001,2024-04-20,201,FU-001,EC,CS01,107.8,L,H,EC-D3,,,,,
4900005386,0001,2024-04-20,201,FU-001,EC,CS01,116.2,L,H,EC-D4,,,,,
4900005387,0001,2024-04-20,201,FU-001,EC,CS01,106.4,L,H,EC-D5,,,,,
4900005388,0001,2024-04-20,201,FU-001,EC,CS01,141.0,L,H,EC-D6,,,,,
4900005389,0001,2024-04-20,201,FU-001,EC,CS01,118.2,L,H,EC-D7,,,,,
4900005390,0001,2024-04-20,201,FU-001,EC,CS01,673.3,L,H,EC-GEN,,,,,
4900005391,0001,2024-04-20,201,SP-001,EC,CS01,1,EA,H,EC-WS,,,,,
4900005392,0001,2024-04-21,201,FE-001,EC,CS01,17362.7,KG,H,EC-D3,,108,0000001589,,
4900005393,0001,2024-04-21,201,FE-002,EC,CS01,3036.9,KG,H,EC-D1,,25,0000001262,,
4900005394,0001,2024-04-21,201,FE-002,EC,CS01,2923.9,KG,H,EC-D3,,100,0000001558,,
4900005395,0001,2024-04-21,201,FE-002,EC,CS01,4089.6,KG,H,EC-D4,,145,0000001746,,
4900005396,0001,2024-04-21,201,FE-002,EC,CS01,155.1,KG,H,EC-D4,,154,0000001782,,
4900005397,0001,2024-04-21,201,FE-002,EC,CS01,3564.3,KG,H,EC-D5,,201,0000001946,,
4900005398,0001,2024-04-21,201,FE-004,EC,CS01,331.3,KG,H,EC-D1,,27,0000001272,,
4900005399,0001,2024-04-21,201,FE-004,EC,CS01,38.7,KG,H,EC-D3,,119,0000001636,,
4900005400,0001,2024-04-21,201,FE-004,EC,CS01,276.9,KG,H,EC-D7,,338,0000002288,,
4900005401,0001,2024-04-21,201,FU-001,EC,CS01,651.1,L,H,EC-GEN,,,,,
4900005402,0001,2024-04-21,101,SP-008,EC,CS01,4,EA,S,,,,,4500000226,00010
4900005403,0001,2024-04-22,201,AC-001,EC,CS01,127.0,L,H,EC-D1,,,,,
4900005404,0001,2024-04-22,201,FE-001,EC,CS01,12814.0,KG,H,EC-D1,,23,0000001253,,
4900005405,0001,2024-04-22,201,FE-001,EC,CS01,9714.7,KG,H,EC-D6,,268,0000002117,,
4900005406,0001,2024-04-22,201,FE-001,EC,CS01,13708.3,KG,H,EC-D7,,310,0000002237,,
4900005407,0001,2024-04-22,201,FE-002,EC,CS01,2668.3,KG,H,EC-D1,,32,0000001290,,
4900005408,0001,2024-04-22,201,FE-002,EC,CS01,300.0,KG,H,EC-D3,,82,0000001486,,
4900005409,0001,2024-04-22,201,FE-002,EC,CS01,1773.6,KG,H,EC-D7,,330,0000002254,,
4900005410,0001,2024-04-22,201,FE-003,EC,CS01,1572.1,KG,H,EC-D1,,19,0000001239,,
4900005411,0001,2024-04-22,201,FE-003,EC,CS01,1952.9,KG,H,EC-D1,,38,0000001315,,
4900005412,0001,2024-04-22,201,FE-003,EC,CS01,855.5,KG,H,EC-D6,,260,0000002087,,
4900005413,0001,2024-04-22,201,FE-004,EC,CS01,207.6,KG,H,EC-D2,,47,0000001352,,
4900005414,0001,2024-04-22,201,FE-004,EC,CS01,108.0,KG,H,EC-D2,,62,0000001404,,
4900005415,0001,2024-04-22,201,FE-004,EC,CS01,231.8,KG,H,EC-D3,,96,0000001544,,
4900005416,0001,2024-04-22,201,FE-004,EC,CS01,195.6,KG,H,EC-D4,,135,0000001708,,
4900005417,0001,2024-04-22,201,FE-004,EC,CS01,93.6,KG,H,EC-D7,,301,0000002204,,
4900005418,0001,2024-04-22,201,FU-001,EC,CS01,88.1,L,H,EC-D1,,,,,
4900005419,0001,2024-04-22,201,FU-001,EC,CS01,74.5,L,H,EC-D2,,,,,
4900005420,0001,2024-04-22,201,FU-001,EC,CS01,137.1,L,H,EC-D3,,,,,
4900005421,0001,2024-04-22,201,FU-001,EC,CS01,153.1,L,H,EC-D4,,,,,
4900005422,0001,2024-04-22,201,FU-001,EC,CS01,104.2,L,H,EC-D5,,,,,
4900005423,0001,2024-04-22,201,FU-001,EC,CS01,112.8,L,H,EC-D6,,,,,
4900005424,0001,2024-04-22,201,FU-001,EC,CS01,131.4,L,H,EC-D7,,,,,
4900005425,0001,2024-04-22,201,FU-001,EC,CS01,661.9,L,H,EC-GEN,,,,,
4900005426,0001,2024-04-22,201,SP-002,EC,CS01,1,EA,H,EC-WS,,,,,
4900005427,0001,2024-04-22,201,SP-004,EC,CS01,1,EA,H,EC-WS,,,,,
4900005428,0001,2024-04-23,201,AC-001,EC,CS01,82.4,L,H,EC-D4,,,,,
4900005429,0001,2024-04-23,201,AC-003,EC,CS01,6.22,L,H,EC-D3,,,,,
4900005430,0001,2024-04-23,201,FE-001,EC,CS01,2937.1,KG,H,EC-D1,,5,0000001181,,
4900005431,0001,2024-04-23,201,FE-001,EC,CS01,10808.8,KG,H,EC-D2,,53,0000001369,,
4900005432,0001,2024-04-23,201,FE-001,EC,CS01,12034.7,KG,H,EC-D2,,54,0000001373,,
4900005433,0001,2024-04-23,201,FE-001,EC,CS01,11127.1,KG,H,EC-D3,,90,0000001517,,
4900005434,0001,2024-04-23,201,FE-001,EC,CS01,8945.4,KG,H,EC-D6,,269,0000002121,,
4900005435,0001,2024-04-23,201,FE-001,EC,CS01,10325.0,KG,H,EC-D7,,340,0000002293,,
4900005436,0001,2024-04-23,201,FE-002,EC,CS01,1856.7,KG,H,EC-D1,,13,0000001214,,
4900005437,0001,2024-04-23,201,FE-002,EC,CS01,2500.3,KG,H,EC-D2,,43,0000001334,,
4900005438,0001,2024-04-23,201,FE-003,EC,CS01,2403.5,KG,H,EC-D4,,150,0000001767,,
4900005439,0001,2024-04-23,201,FE-004,EC,CS01,249.9,KG,H,EC-D1,,18,0000001236,,
4900005440,0001,2024-04-23,201,FE-004,EC,CS01,208.3,KG,H,EC-D2,,56,0000001384,,
4900005441,0001,2024-04-23,201,FE-004,EC,CS01,281.9,KG,H,EC-D3,,84,0000001496,,
4900005442,0001,2024-04-23,201,FE-004,EC,CS01,20.2,KG,H,EC-D3,,370,0000001652,,
4900005443,0001,2024-04-23,201,FE-004,EC,CS01,123.4,KG,H,EC-D4,,163,0000001812,,
4900005444,0001,2024-04-23,201,FE-004,EC,CS01,87.5,KG,H,EC-D5,,198,0000001936,,
4900005445,0001,2024-04-23,201,FE-004,EC,CS01,233.3,KG,H,EC-D7,,302,0000002208,,
4900005446,0001,2024-04-23,201,FE-004,EC,CS01,225.5,KG,H,EC-D7,,343,0000002308,,
4900005447,0001,2024-04-23,201,FE-004,EC,CS01,293.3,KG,H,EC-D7,,345,0000002316,,
4900005448,0001,2024-04-23,201,FE-004,EC,CS01,163.9,KG,H,EC-D7,,348,0000002328,,
4900005449,0001,2024-04-23,201,FU-001,EC,CS01,101.6,L,H,EC-D1,,,,,
4900005450,0001,2024-04-23,201,FU-001,EC,CS01,96.9,L,H,EC-D2,,,,,
4900005451,0001,2024-04-23,201,FU-001,EC,CS01,125.7,L,H,EC-D3,,,,,
4900005452,0001,2024-04-23,201,FU-001,EC,CS01,110.8,L,H,EC-D4,,,,,
4900005453,0001,2024-04-23,201,FU-001,EC,CS01,101.2,L,H,EC-D5,,,,,
4900005454,0001,2024-04-23,201,FU-001,EC,CS01,151.9,L,H,EC-D6,,,,,
4900005455,0001,2024-04-23,201,FU-001,EC,CS01,107.8,L,H,EC-D7,,,,,
4900005456,0001,2024-04-23,201,FU-001,EC,CS01,598.5,L,H,EC-GEN,,,,,
4900005457,0001,2024-04-23,101,SP-003,EC,CS01,5,EA,S,,,,,4500000251,00010
4900005458,0001,2024-04-23,201,SP-005,EC,CS01,1,EA,H,EC-WS,,,,,
4900005459,0001,2024-04-23,201,SP-007,EC,CS01,1,EA,H,EC-WS,,,,,
4900005460,0001,2024-04-23,201,SP-008,EC,CS01,1,EA,H,EC-WS,,,,,
4900005461,0001,2024-04-24,201,AC-001,EC,CS01,139.3,L,H,EC-D3,,,,,
4900005462,0001,2024-04-24,201,FE-001,EC,CS01,15438.5,KG,H,EC-D3,,89,0000001513,,
4900005463,0001,2024-04-24,201,FE-001,EC,CS01,4843.7,KG,H,EC-D7,,295,0000002177,,
4900005464,0001,2024-04-24,201,FE-002,EC,CS01,3286.6,KG,H,EC-D2,,46,0000001346,,
4900005465,0001,2024-04-24,201,FE-002,EC,CS01,2880.6,KG,H,EC-D2,,53,0000001370,,
4900005466,0001,2024-04-24,201,FE-002,EC,CS01,2529.3,KG,H,EC-D4,,128,0000001678,,
4900005467,0001,2024-04-24,201,FE-002,EC,CS01,2813.7,KG,H,EC-D4,,139,0000001722,,
4900005468,0001,2024-04-24,201,FE-002,EC,CS01,1930.7,KG,H,EC-D7,,329,0000002250,,
4900005469,0001,2024-04-24,201,FE-003,EC,CS01,1397.8,KG,H,EC-D3,,105,0000001579,,
4900005470,0001,2024-04-24,201,FE-003,EC,CS01,1644.8,KG,H,EC-D5,,195,0000001923,,
4900005471,0001,2024-04-24,201,FE-003,EC,CS01,2458.3,KG,H,EC-D6,,249,0000002043,,
4900005472,0001,2024-04-24,201,FE-003,EC,CS01,633.9,KG,H,EC-D7,,295,0000002179,,
4900005473,0001,2024-04-24,201,FE-004,EC,CS01,314.6,KG,H,EC-D1,,23,0000001256,,
4900005474,0001,2024-04-24,201,FE-004,EC,CS01,146.3,KG,H,EC-D6,,206,0000001972,,
4900005475,0001,2024-04-24,201,FE-004,EC,CS01,275.9,KG,H,EC-D6,,223,0000002020,,
4900005476,0001,2024-04-24,201,FE-004,EC,CS01,272.6,KG,H,EC-D7,,341,0000002300,,
4900005477,0001,2024-04-24,201,FU-001,EC,CS01,91.6,L,H,EC-D1,,,,,
4900005478,0001,2024-04-24,201,FU-001,EC,CS01,106.9,L,H,EC-D2,,,,,
4900005479,0001,2024-04-24,201,FU-001,EC,CS01,132.6,L,H,EC-D3,,,,,
4900005480,0001,2024-04-24,201,FU-001,EC,CS01,161.3,L,H,EC-D4,,,,,
4900005481,0001,2024-04-24,201,FU-001,EC,CS01,86.2,L,H,EC-D5,,,,,
4900005482,0001,2024-04-24,201,FU-001,EC,CS01,138.3,L,H,EC-D6,,,,,
4900005483,0001,2024-04-24,201,FU-001,EC,CS01,110.8,L,H,EC-D7,,,,,
4900005484,0001,2024-04-24,201,FU-001,EC,CS01,699.9,L,H,EC-GEN,,,,,
4900005485,0001,2024-04-25,201,AC-003,EC,CS01,1.64,L,H,EC-D5,,,,,
4900005486,0001,2024-04-25,201,FE-001,EC,CS01,8727.8,KG,H,EC-D2,,64,0000001409,,
4900005487,0001,2024-04-25,201,FE-001,EC,CS01,7108.2,KG,H,EC-D5,,182,0000001877,,
4900005488,0001,2024-04-25,201,FE-002,EC,CS01,1953.4,KG,H,EC-D2,,41,0000001326,,
4900005489,0001,2024-04-25,201,FE-002,EC,CS01,3054.0,KG,H,EC-D2,,50,0000001358,,
4900005490,0001,2024-04-25,201,FE-002,EC,CS01,752.6,KG,H,EC-D3,,80,0000001478,,
4900005491,0001,2024-04-25,201,FE-002,EC,CS01,3391.5,KG,H,EC-D3,,92,0000001526,,
4900005492,0001,2024-04-25,201,FE-002,EC,CS01,3323.9,KG,H,EC-D3,,104,0000001574,,
4900005493,0001,2024-04-25,201,FE-002,EC,CS01,816.3,KG,H,EC-D3,,106,0000001582,,
4900005494,0001,2024-04-25,201,FE-002,EC,CS01,2597.6,KG,H,EC-D4,,137,0000001714,,
4900005495,0001,2024-04-25,201,FE-002,EC,CS01,3031.8,KG,H,EC-D5,,193,0000001914,,
4900005496,0001,2024-04-25,201,FE-002,EC,CS01,3422.4,KG,H,EC-D6,,263,0000002098,,
4900005497,0001,2024-04-25,201,FE-003,EC,CS01,560.0,KG,H,EC-D3,,117,0000001627,,
4900005498,0001,2024-04-25,201,FE-003,EC,CS01,2416.5,KG,H,EC-D4,,152,0000001775,,
4900005499,0001,2024-04-25,201,FE-004,EC,CS01,134.4,KG,H,EC-D2,,57,0000001388,,
4900005500,0001,2024-04-25,201,FE-004,EC,CS01,335.3,KG,H,EC-D3,,75,0000001460,,
4900005501,0001,2024-04-25,201,FE-004,EC,CS01,227.7,KG,H,EC-D4,,147,0000001756,,
4900005502,0001,2024-04-25,201,FE-004,EC,CS01,206.7,KG,H,EC-D5,,194,0000001920,,
4900005503,0001,2024-04-25,201,FE-004,EC,CS01,158.7,KG,H,EC-D6,,380,0000002144,,
4900005504,0001,2024-04-25,201,FU-001,EC,CS01,93.7,L,H,EC-D1,,,,,
4900005505,0001,2024-04-25,201,FU-001,EC,CS01,106.8,L,H,EC-D2,,,,,
4900005506,0001,2024-04-25,201,FU-001,EC,CS01,131.1,L,H,EC-D3,,,,,
4900005507,0001,2024-04-25,201,FU-001,EC,CS01,142.3,L,H,EC-D4,,,,,
4900005508,0001,2024-04-25,201,FU-001,EC,CS01,106.2,L,H,EC-D5,,,,,
4900005509,0001,2024-04-25,201,FU-001,EC,CS01,134.4,L,H,EC-D6,,,,,
4900005510,0001,2024-04-25,201,FU-001,EC,CS01,127.7,L,H,EC-D7,,,,,
4900005511,0001,2024-04-25,201,FU-001,EC,CS01,672.8,L,H,EC-GEN,,,,,
4900005512,0001,2024-04-25,201,SP-007,EC,CS01,1,EA,H,EC-WS,,,,,
4900005513,0001,2024-04-26,201,AC-003,EC,CS01,5.66,L,H,EC-D3,,,,,
4900005514,0001,2024-04-26,201,FE-001,EC,CS01,640.6,KG,H,EC-D4,,154,0000001781,,
4900005515,0001,2024-04-26,201,FE-002,EC,CS01,2603.3,KG,H,EC-D1,,19,0000001238,,
4900005516,0001,2024-04-26,201,FE-002,EC,CS01,2587.5,KG,H,EC-D6,,262,0000002094,,
4900005517,0001,2024-04-26,201,FE-003,EC,CS01,465.3,KG,H,EC-D1,,1,0000001167,,
4900005518,0001,2024-04-26,201,FE-003,EC,CS01,571.0,KG,H,EC-D1,,5,0000001183,,
4900005519,0001,2024-04-26,201,FE-003,EC,CS01,1302.8,KG,H,EC-D6,,254,0000002063,,
4900005520,0001,2024-04-26,201,FE-003,EC,CS01,938.8,KG,H,EC-D6,,270,0000002127,,
4900005521,0001,2024-04-26,201,FE-003,EC,CS01,1802.3,KG,H,EC-D7,,290,0000002159,,
4900005522,0001,2024-04-26,201,FE-004,EC,CS01,262.5,KG,H,EC-D1,,17,0000001232,,
4900005523,0001,2024-04-26,201,FE-004,EC,CS01,452.7,KG,H,EC-D3,,93,0000001532,,
4900005524,0001,2024-04-26,201,FE-004,EC,CS01,330.3,KG,H,EC-D5,,193,0000001916,,
4900005525,0001,2024-04-26,201,FE-004,EC,CS01,349.9,KG,H,EC-D6,,379,0000002140,,
4900005526,0001,2024-04-26,201,FE-004,EC,CS01,284.7,KG,H,EC-D7,,342,0000002304,,
4900005527,0001,2024-04-26,201,FU-001,EC,CS01,124.4,L,H,EC-D1,,,,,
4900005528,0001,2024-04-26,201,FU-001,EC,CS01,101.2,L,H,EC-D2,,,,,
4900005529,0001,2024-04-26,201,FU-001,EC,CS01,125.6,L,H,EC-D3,,,,,
4900005530,0001,2024-04-26,201,FU-001,EC,CS01,123.3,L,H,EC-D4,,,,,
4900005531,0001,2024-04-26,201,FU-001,EC,CS01,128.0,L,H,EC-D5,,,,,
4900005532,0001,2024-04-26,201,FU-001,EC,CS01,123.9,L,H,EC-D6,,,,,
4900005533,0001,2024-04-26,201,FU-001,EC,CS01,110.1,L,H,EC-D7,,,,,
4900005534,0001,2024-04-26,201,FU-001,EC,CS01,694.9,L,H,EC-GEN,,,,,
4900005535,0001,2024-04-26,201,SP-003,EC,CS01,1,EA,H,EC-WS,,,,,
4900005536,0001,2024-04-27,201,AC-001,EC,CS01,109.9,L,H,EC-D3,,,,,
4900005537,0001,2024-04-27,201,FE-001,EC,CS01,11958.1,KG,H,EC-D2,,66,0000001417,,
4900005538,0001,2024-04-27,201,FE-001,EC,CS01,5002.6,KG,H,EC-D7,,294,0000002173,,
4900005539,0001,2024-04-27,201,FE-001,EC,CS01,6370.6,KG,H,EC-D7,,333,0000002265,,
4900005540,0001,2024-04-27,201,FE-002,EC,CS01,619.2,KG,H,EC-D5,,198,0000001934,,
4900005541,0001,2024-04-27,201,FE-002,EC,CS01,4050.7,KG,H,EC-D6,,379,0000002138,,
4900005542,0001,2024-04-27,201,FE-003,EC,CS01,1697.6,KG,H,EC-D3,,94,0000001535,,
4900005543,0001,2024-04-27,201,FE-003,EC,CS01,2521.1,KG,H,EC-D3,,103,0000001571,,
4900005544,0001,2024-04-27,201,FE-003,EC,CS01,3122.1,KG,H,EC-D3,,104,0000001575,,
4900005545,0001,2024-04-27,201,FE-004,EC,CS01,242.9,KG,H,EC-D1,,28,0000001276,,
4900005546,0001,2024-04-27,201,FE-004,EC,CS01,249.8,KG,H,EC-D2,,69,0000001432,,
4900005547,0001,2024-04-27,201,FE-004,EC,CS01,424.1,KG,H,EC-D3,,83,0000001492,,
4900005548,0001,2024-04-27,201,FE-004,EC,CS01,465.7,KG,H,EC-D3,,108,0000001592,,
4900005549,0001,2024-04-27,201,FE-004,EC,CS01,289.0,KG,H,EC-D4,,132,0000001696,,
4900005550,0001,2024-04-27,201,FU-001,EC,CS01,112.5,L,H,EC-D1,,,,,
4900005551,0001,2024-04-27,201,FU-001,EC,CS01,91.2,L,H,EC-D2,,,,,
4900005552,0001,2024-04-27,201,FU-001,EC,CS01,106.2,L,H,EC-D3,,,,,
4900005553,0001,2024-04-27,201,FU-001,EC,CS01,134.2,L,H,EC-D4,,,,,
4900005554,0001,2024-04-27,201,FU-001,EC,CS01,101.1,L,H,EC-D5,,,,,
4900005555,0001,2024-04-27,201,FU-001,EC,CS01,113.1,L,H,EC-D6,,,,,
4900005556,0001,2024-04-27,201,FU-001,EC,CS01,103.5,L,H,EC-D7,,,,,
4900005557,0001,2024-04-27,201,FU-001,EC,CS01,686.4,L,H,EC-GEN,,,,,
4900005558,0001,2024-04-27,201,SP-001,EC,CS01,1,EA,H,EC-WS,,,,,
4900005559,0001,2024-04-27,201,SP-002,EC,CS01,1,EA,H,EC-WS,,,,,
4900005560,0001,2024-04-28,201,FE-001,EC,CS01,13738.5,KG,H,EC-D1,,25,0000001261,,
4900005561,0001,2024-04-28,201,FE-001,EC,CS01,13792.3,KG,H,EC-D2,,43,0000001333,,
4900005562,0001,2024-04-28,201,FE-002,EC,CS01,2961.5,KG,H,EC-D7,,293,0000002170,,
4900005563,0001,2024-04-28,201,FE-003,EC,CS01,164.7,KG,H,EC-D3,,82,0000001487,,
4900005564,0001,2024-04-28,201,FE-003,EC,CS01,2321.6,KG,H,EC-D3,,93,0000001531,,
4900005565,0001,2024-04-28,201,FE-003,EC,CS01,1469.0,KG,H,EC-D5,,176,0000001855,,
4900005566,0001,2024-04-28,201,FE-003,EC,CS01,903.6,KG,H,EC-D7,,333,0000002267,,
4900005567,0001,2024-04-28,201,FE-004,EC,CS01,314.8,KG,H,EC-D2,,59,0000001396,,
4900005568,0001,2024-04-28,201,FE-004,EC,CS01,171.1,KG,H,EC-D6,,250,0000002048,,
4900005569,0001,2024-04-28,101,FU-001,EC,CS01,8000,L,S,,,,,4500000254,00010
4900005570,0001,2024-04-28,201,FU-001,EC,CS01,533.4,L,H,EC-GEN,,,,,
4900005571,0001,2024-04-29,201,AC-003,EC,CS01,10.17,L,H,EC-D7,,,,,
4900005572,0001,2024-04-29,201,FE-001,EC,CS01,8069.3,KG,H,EC-D2,,62,0000001401,,
4900005573,0001,2024-04-29,201,FE-001,EC,CS01,13525.0,KG,H,EC-D3,,98,0000001549,,
4900005574,0001,2024-04-29,201,FE-001,EC,CS01,8929.5,KG,H,EC-D7,,338,0000002285,,
4900005575,0001,2024-04-29,101,FE-002,EC,CS01,90000,KG,S,,,,,4500000196,00010
4900005576,0001,2024-04-29,201,FE-002,EC,CS01,2173.0,KG,H,EC-D2,,62,0000001402,,
4900005577,0001,2024-04-29,201,FE-002,EC,CS01,1949.9,KG,H,EC-D6,,266,0000002110,,
4900005578,0001,2024-04-29,201,FE-003,EC,CS01,2456.7,KG,H,EC-D1,,30,0000001283,,
4900005579,0001,2024-04-29,201,FE-004,EC,CS01,290.6,KG,H,EC-D1,,16,0000001228,,
4900005580,0001,2024-04-29,201,FE-004,EC,CS01,125.7,KG,H,EC-D3,,91,0000001524,,
4900005581,0001,2024-04-29,201,FU-001,EC,CS01,82.0,L,H,EC-D1,,,,,
4900005582,0001,2024-04-29,201,FU-001,EC,CS01,102.2,L,H,EC-D2,,,,,
4900005583,0001,2024-04-29,201,FU-001,EC,CS01,145.8,L,H,EC-D3,,,,,
4900005584,0001,2024-04-29,201,FU-001,EC,CS01,147.4,L,H,EC-D4,,,,,
4900005585,0001,2024-04-29,201,FU-001,EC,CS01,110.9,L,H,EC-D5,,,,,
4900005586,0001,2024-04-29,201,FU-001,EC,CS01,113.9,L,H,EC-D6,,,,,
4900005587,0001,2024-04-29,201,FU-001,EC,CS01,132.6,L,H,EC-D7,,,,,
4900005588,0001,2024-04-29,201,FU-001,EC,CS01,613.0,L,H,EC-GEN,,,,,
4900005589,0001,2024-04-29,201,SP-004,EC,CS01,1,EA,H,EC-WS,,,,,
4900005590,0001,2024-04-30,201,FE-001,EC,CS01,10070.7,KG,H,EC-D1,,31,0000001285,,
4900005591,0001,2024-04-30,201,FE-002,EC,CS01,989.3,KG,H,EC-D3,,81,0000001482,,
4900005592,0001,2024-04-30,201,FE-002,EC,CS01,2575.0,KG,H,EC-D5,,168,0000001826,,
4900005593,0001,2024-04-30,201,FE-002,EC,CS01,2918.4,KG,H,EC-D6,,206,0000001970,,
4900005594,0001,2024-04-30,201,FE-003,EC,CS01,1717.7,KG,H,EC-D6,,230,0000002023,,
4900005595,0001,2024-04-30,101,FU-001,EC,CS01,8000,L,S,,,,,4500000258,00010
4900005596,0001,2024-04-30,201,FU-001,EC,CS01,118.1,L,H,EC-D1,,,,,
4900005597,0001,2024-04-30,201,FU-001,EC,CS01,90.9,L,H,EC-D2,,,,,
4900005598,0001,2024-04-30,201,FU-001,EC,CS01,104.5,L,H,EC-D3,,,,,
4900005599,0001,2024-04-30,201,FU-001,EC,CS01,128.8,L,H,EC-D4,,,,,
4900005600,0001,2024-04-30,201,FU-001,EC,CS01,108.9,L,H,EC-D5,,,,,
4900005601,0001,2024-04-30,201,FU-001,EC,CS01,105.4,L,H,EC-D6,,,,,
4900005602,0001,2024-04-30,201,FU-001,EC,CS01,117.5,L,H,EC-D7,,,,,
4900005603,0001,2024-04-30,201,FU-001,EC,CS01,708.9,L,H,EC-GEN,,,,,
4900005604,0001,2024-05-01,201,AC-003,EC,CS01,1.36,L,H,EC-D1,,,,,
4900005605,0001,2024-05-01,201,FE-001,EC,CS01,14991.6,KG,H,EC-D2,,55,0000001377,,
4900005606,0001,2024-05-01,201,FE-002,EC,CS01,2817.4,KG,H,EC-D4,,144,0000001742,,
4900005607,0001,2024-05-01,201,FE-003,EC,CS01,3006.4,KG,H,EC-D5,,189,0000001903,,
4900005608,0001,2024-05-01,201,FE-004,EC,CS01,45.1,KG,H,EC-D3,,81,0000001484,,
4900005609,0001,2024-05-01,201,FU-001,EC,CS01,106.0,L,H,EC-D1,,,,,
4900005610,0001,2024-05-01,201,FU-001,EC,CS01,109.3,L,H,EC-D2,,,,,
4900005611,0001,2024-05-01,201,FU-001,EC,CS01,159.4,L,H,EC-D3,,,,,
4900005612,0001,2024-05-01,201,FU-001,EC,CS01,157.3,L,H,EC-D4,,,,,
4900005613,0001,2024-05-01,201,FU-001,EC,CS01,87.8,L,H,EC-D5,,,,,
4900005614,0001,2024-05-01,201,FU-001,EC,CS01,115.5,L,H,EC-D6,,,,,
4900005615,0001,2024-05-01,201,FU-001,EC,CS01,108.6,L,H,EC-D7,,,,,
4900005616,0001,2024-05-01,201,FU-001,EC,CS01,631.7,L,H,EC-GEN,,,,,
4900005617,0001,2024-05-01,201,SP-003,EC,CS01,1,EA,H,EC-WS,,,,,
4900005618,0001,2024-05-01,201,SP-006,EC,CS01,1,EA,H,EC-WS,,,,,
4900005619,0001,2024-05-02,201,AC-003,EC,CS01,1.3,L,H,EC-D4,,,,,
4900005620,0001,2024-05-02,201,FE-001,EC,CS01,15055.7,KG,H,EC-D5,,202,0000001949,,
4900005621,0001,2024-05-02,201,FE-002,EC,CS01,1705.3,KG,H,EC-D3,,91,0000001522,,
4900005622,0001,2024-05-02,201,FE-003,EC,CS01,499.3,KG,H,EC-D4,,123,0000001659,,
4900005623,0001,2024-05-02,201,FE-003,EC,CS01,1895.0,KG,H,EC-D6,,211,0000001991,,
4900005624,0001,2024-05-02,201,FE-004,EC,CS01,131.2,KG,H,EC-D1,,7,0000001192,,
4900005625,0001,2024-05-02,201,FE-004,EC,CS01,244.2,KG,H,EC-D2,,45,0000001344,,
4900005626,0001,2024-05-02,201,FE-004,EC,CS01,232.9,KG,H,EC-D6,,214,0000002004,,
4900005627,0001,2024-05-02,201,FE-004,EC,CS01,161.3,KG,H,EC-D7,,290,0000002160,,
4900005628,0001,2024-05-02,201,FE-004,EC,CS01,235.8,KG,H,EC-D7,,300,0000002200,,
4900005629,0001,2024-05-02,201,FU-001,EC,CS01,117.3,L,H,EC-D1,,,,,
4900005630,0001,2024-05-02,201,FU-001,EC,CS01,96.7,L,H,EC-D2,,,,,
4900005631,0001,2024-05-02,201,FU-001,EC,CS01,140.2,L,H,EC-D3,,,,,
4900005632,0001,2024-05-02,201,FU-001,EC,CS01,119.9,L,H,EC-D4,,,,,
4900005633,0001,2024-05-02,201,FU-001,EC,CS01,89.7,L,H,EC-D5,,,,,
4900005634,0001,2024-05-02,201,FU-001,EC,CS01,141.1,L,H,EC-D6,,,,,
4900005635,0001,2024-05-02,201,FU-001,EC,CS01,103.3,L,H,EC-D7,,,,,
4900005636,0001,2024-05-02,201,FU-001,EC,CS01,778.8,L,H,EC-GEN,,,,,
4900005637,0001,2024-05-03,201,FE-001,EC,CS01,9984.6,KG,H,EC-D4,,133,0000001697,,
4900005638,0001,2024-05-03,201,FE-001,EC,CS01,18103.2,KG,H,EC-D4,,158,0000001797,,
4900005639,0001,2024-05-03,201,FE-001,EC,CS01,12526.2,KG,H,EC-D6,,257,0000002073,,
4900005640,0001,2024-05-03,201,FE-002,EC,CS01,3658.1,KG,H,EC-D3,,96,0000001542,,
4900005641,0001,2024-05-03,201,FE-002,EC,CS01,3324.1,KG,H,EC-D5,,170,0000001834,,
4900005642,0001,2024-05-03,201,FE-002,EC,CS01,1257.6,KG,H,EC-D7,,295,0000002178,,
4900005643,0001,2024-05-03,201,FE-002,EC,CS01,1594.8,KG,H,EC-D7,,332,0000002262,,
4900005644,0001,2024-05-03,201,FE-003,EC,CS01,2048.7,KG,H,EC-D2,,42,0000001331,,
4900005645,0001,2024-05-03,201,FE-004,EC,CS01,298.8,KG,H,EC-D2,,70,0000001436,,
4900005646,0001,2024-05-03,201,FE-004,EC,CS01,114.8,KG,H,EC-D6,,270,0000002128,,
4900005647,0001,2024-05-03,201,FU-001,EC,CS01,96.9,L,H,EC-D1,,,,,
4900005648,0001,2024-05-03,201,FU-001,EC,CS01,125.9,L,H,EC-D2,,,,,
4900005649,0001,2024-05-03,201,FU-001,EC,CS01,128.4,L,H,EC-D3,,,,,
4900005650,0001,2024-05-03,201,FU-001,EC,CS01,122.0,L,H,EC-D4,,,,,
4900005651,0001,2024-05-03,201,FU-001,EC,CS01,99.9,L,H,EC-D5,,,,,
4900005652,0001,2024-05-03,201,FU-001,EC,CS01,109.2,L,H,EC-D6,,,,,
4900005653,0001,2024-05-03,201,FU-001,EC,CS01,121.4,L,H,EC-D7,,,,,
4900005654,0001,2024-05-03,201,FU-001,EC,CS01,613.0,L,H,EC-GEN,,,,,
4900005655,0001,2024-05-03,201,SP-008,EC,CS01,1,EA,H,EC-WS,,,,,
4900005656,0001,2024-05-04,201,AC-001,EC,CS01,192.1,L,H,EC-D1,,,,,
4900005657,0001,2024-05-04,201,AC-003,EC,CS01,5.13,L,H,EC-D6,,,,,
4900005658,0001,2024-05-04,201,FE-001,EC,CS01,12027.6,KG,H,EC-D2,,59,0000001393,,
4900005659,0001,2024-05-04,201,FE-001,EC,CS01,8248.4,KG,H,EC-D3,,88,0000001509,,
4900005660,0001,2024-05-04,201,FE-001,EC,CS01,13483.5,KG,H,EC-D6,,204,0000001961,,
4900005661,0001,2024-05-04,201,FE-002,EC,CS01,1313.3,KG,H,EC-D1,,7,0000001190,,
4900005662,0001,2024-05-04,201,FE-002,EC,CS01,3045.2,KG,H,EC-D1,,27,0000001270,,
4900005663,0001,2024-05-04,201,FE-002,EC,CS01,1239.7,KG,H,EC-D4,,155,0000001786,,
4900005664,0001,2024-05-04,201,FE-004,EC,CS01,331.8,KG,H,EC-D4,,157,0000001796,,
4900005665,0001,2024-05-04,201,FE-004,EC,CS01,228.8,KG,H,EC-D5,,172,0000001844,,
4900005666,0001,2024-05-04,201,FE-004,EC,CS01,195.2,KG,H,EC-D6,,265,0000002108,,
4900005667,0001,2024-05-04,201,FE-004,EC,CS01,193.3,KG,H,EC-D7,,331,0000002260,,
4900005668,0001,2024-05-04,201,FU-001,EC,CS01,97.5,L,H,EC-D1,,,,,
4900005669,0001,2024-05-04,201,FU-001,EC,CS01,94.5,L,H,EC-D2,,,,,
4900005670,0001,2024-05-04,201,FU-001,EC,CS01,123.7,L,H,EC-D3,,,,,
4900005671,0001,2024-05-04,201,FU-001,EC,CS01,160.7,L,H,EC-D4,,,,,
4900005672,0001,2024-05-04,201,FU-001,EC,CS01,109.3,L,H,EC-D5,,,,,
4900005673,0001,2024-05-04,201,FU-001,EC,CS01,137.6,L,H,EC-D6,,,,,
4900005674,0001,2024-05-04,201,FU-001,EC,CS01,141.0,L,H,EC-D7,,,,,
4900005675,0001,2024-05-04,201,FU-001,EC,CS01,561.5,L,H,EC-GEN,,,,,
4900005676,0001,2024-05-04,201,SP-002,EC,CS01,1,EA,H,EC-WS,,,,,
4900005677,0001,2024-05-04,201,SP-003,EC,CS01,1,EA,H,EC-WS,,,,,
4900005678,0001,2024-05-05,201,FE-002,EC,CS01,2027.4,KG,H,EC-D3,,87,0000001506,,
4900005679,0001,2024-05-05,201,FE-002,EC,CS01,1752.5,KG,H,EC-D7,,302,0000002206,,
4900005680,0001,2024-05-05,201,FE-003,EC,CS01,3035.9,KG,H,EC-D6,,248,0000002039,,
4900005681,0001,2024-05-05,201,FE-003,EC,CS01,2129.7,KG,H,EC-D7,,304,0000002215,,
4900005682,0001,2024-05-05,201,FU-001,EC,CS01,656.9,L,H,EC-GEN,,,,,
4900005683,0001,2024-05-05,101,SP-004,EC,CS01,4,EA,S,,,,,4500000249,00010
4900005684,0001,2024-05-06,201,AC-003,EC,CS01,5.02,L,H,EC-D6,,,,,
4900005685,0001,2024-05-06,201,FE-001,EC,CS01,11481.2,KG,H,EC-D1,,28,0000001273,,
4900005686,0001,2024-05-06,201,FE-001,EC,CS01,11812.0,KG,H,EC-D2,,41,0000001325,,
4900005687,0001,2024-05-06,201,FE-002,EC,CS01,3075.1,KG,H,EC-D6,,256,0000002070,,
4900005688,0001,2024-05-06,201,FE-003,EC,CS01,2886.6,KG,H,EC-D2,,63,0000001407,,
4900005689,0001,2024-05-06,201,FE-003,EC,CS01,1436.3,KG,H,EC-D6,,269,0000002123,,
4900005690,0001,2024-05-06,201,FE-004,EC,CS01,269.5,KG,H,EC-D1,,21,0000001248,,
4900005691,0001,2024-05-06,201,FE-004,EC,CS01,226.1,KG,H,EC-D2,,60,0000001400,,
4900005692,0001,2024-05-06,101,FU-001,EC,CS01,8000,L,S,,,,,4500000260,00010
4900005693,0001,2024-05-06,201,FU-001,EC,CS01,116.3,L,H,EC-D1,,,,,
4900005694,0001,2024-05-06,201,FU-001,EC,CS01,104.6,L,H,EC-D2,,,,,
4900005695,0001,2024-05-06,201,FU-001,EC,CS01,152.6,L,H,EC-D3,,,,,
4900005696,0001,2024-05-06,201,FU-001,EC,CS01,113.7,L,H,EC-D4,,,,,
4900005697,0001,2024-05-06,201,FU-001,EC,CS01,85.2,L,H,EC-D5,,,,,
4900005698,0001,2024-05-06,201,FU-001,EC,CS01,118.5,L,H,EC-D6,,,,,
4900005699,0001,2024-05-06,201,FU-001,EC,CS01,126.9,L,H,EC-D7,,,,,
4900005700,0001,2024-05-06,201,FU-001,EC,CS01,666.3,L,H,EC-GEN,,,,,
4900005701,0001,2024-05-06,201,SP-003,EC,CS01,1,EA,H,EC-WS,,,,,
4900005702,0001,2024-05-06,101,SP-005,EC,CS01,4,EA,S,,,,,4500000255,00010
4900005703,0001,2024-05-07,201,AC-001,EC,CS01,73.1,L,H,EC-D1,,,,,
4900005704,0001,2024-05-07,201,AC-002,EC,CS01,3.09,KG,H,EC-D1,,,,,
4900005705,0001,2024-05-07,201,AC-003,EC,CS01,2.16,L,H,EC-D2,,,,,
4900005706,0001,2024-05-07,201,FE-001,EC,CS01,10994.3,KG,H,EC-D7,,293,0000002169,,
4900005707,0001,2024-05-07,201,FE-001,EC,CS01,8117.8,KG,H,EC-D7,,330,0000002253,,
4900005708,0001,2024-05-07,201,FE-002,EC,CS01,927.2,KG,H,EC-D3,,118,0000001630,,
4900005709,0001,2024-05-07,201,FE-002,EC,CS01,4879.6,KG,H,EC-D6,,203,0000001958,,
4900005710,0001,2024-05-07,201,FE-003,EC,CS01,2122.0,KG,H,EC-D2,,57,0000001387,,
4900005711,0001,2024-05-07,201,FE-003,EC,CS01,624.5,KG,H,EC-D4,,155,0000001787,,
4900005712,0001,2024-05-07,201,FE-004,EC,CS01,215.6,KG,H,EC-D7,,344,0000002312,,
4900005713,0001,2024-05-07,201,FU-001,EC,CS01,96.6,L,H,EC-D1,,,,,
4900005714,0001,2024-05-07,201,FU-001,EC,CS01,92.6,L,H,EC-D2,,,,,
4900005715,0001,2024-05-07,201,FU-001,EC,CS01,131.0,L,H,EC-D3,,,,,
4900005716,0001,2024-05-07,201,FU-001,EC,CS01,147.3,L,H,EC-D4,,,,,
4900005717,0001,2024-05-07,201,FU-001,EC,CS01,107.2,L,H,EC-D5,,,,,
4900005718,0001,2024-05-07,201,FU-001,EC,CS01,134.5,L,H,EC-D6,,,,,
4900005719,0001,2024-05-07,201,FU-001,EC,CS01,116.2,L,H,EC-D7,,,,,
4900005720,0001,2024-05-07,201,FU-001,EC,CS01,615.8,L,H,EC-GEN,,,,,
4900005721,0001,2024-05-07,201,SP-001,EC,CS01,1,EA,H,EC-WS,,,,,
4900005722,0001,2024-05-07,201,SP-008,EC,CS01,1,EA,H,EC-WS,,,,,
4900005723,0001,2024-05-08,201,AC-001,EC,CS01,142.4,L,H,EC-D5,,,,,
4900005724,0001,2024-05-08,201,FE-001,EC,CS01,8167.5,KG,H,EC-D5,,170,0000001833,,
4900005725,0001,2024-05-08,201,FE-001,EC,CS01,10165.4,KG,H,EC-D6,,211,0000001989,,
4900005726,0001,2024-05-08,201,FE-001,EC,CS01,4071.2,KG,H,EC-D7,,301,0000002201,,
4900005727,0001,2024-05-08,201,FE-002,EC,CS01,470.1,KG,H,EC-D3,,119,0000001634,,
4900005728,0001,2024-05-08,201,FE-003,EC,CS01,2545.6,KG,H,EC-D4,,141,0000001731,,
4900005729,0001,2024-05-08,201,FE-003,EC,CS01,2093.1,KG,H,EC-D4,,149,0000001763,,
4900005730,0001,2024-05-08,201,FE-004,EC,CS01,244.3,KG,H,EC-D4,,130,0000001688,,
4900005731,0001,2024-05-08,201,FU-001,EC,CS01,99.6,L,H,EC-D1,,,,,
4900005732,0001,2024-05-08,201,FU-001,EC,CS01,92.4,L,H,EC-D2,,,,,
4900005733,0001,2024-05-08,201,FU-001,EC,CS01,124.1,L,H,EC-D3,,,,,
4900005734,0001,2024-05-08,201,FU-001,EC,CS01,111.1,L,H,EC-D4,,,,,
4900005735,0001,2024-05-08,201,FU-001,EC,CS01,90.1,L,H,EC-D5,,,,,
4900005736,0001,2024-05-08,201,FU-001,EC,CS01,126.7,L,H,EC-D6,,,,,
4900005737,0001,2024-05-08,201,FU-001,EC,CS01,94.7,L,H,EC-D7,,,,,
4900005738,0001,2024-05-08,201,FU-001,EC,CS01,585.2,L,H,EC-GEN,,,,,
4900005739,0001,2024-05-08,201,SP-003,EC,CS01,1,EA,H,EC-WS,,,,,
4900005740,0001,2024-05-09,201,AC-003,EC,CS01,11.36,L,H,EC-D4,,,,,
4900005741,0001,2024-05-09,201,FE-001,EC,CS01,11581.2,KG,H,EC-D1,,35,0000001301,,
4900005742,0001,2024-05-09,201,FE-001,EC,CS01,894.4,KG,H,EC-D3,,82,0000001485,,
4900005743,0001,2024-05-09,201,FE-001,EC,CS01,9651.8,KG,H,EC-D5,,181,0000001873,,
4900005744,0001,2024-05-09,201,FE-003,EC,CS01,2184.5,KG,H,EC-D4,,138,0000001719,,
4900005745,0001,2024-05-09,201,FU-001,EC,CS01,109.8,L,H,EC-D1,,,,,
4900005746,0001,2024-05-09,201,FU-001,EC,CS01,97.8,L,H,EC-D2,,,,,
4900005747,0001,2024-05-09,201,FU-001,EC,CS01,146.3,L,H,EC-D3,,,,,
4900005748,0001,2024-05-09,201,FU-001,EC,CS01,109.4,L,H,EC-D4,,,,,
4900005749,0001,2024-05-09,201,FU-001,EC,CS01,105.2,L,H,EC-D5,,,,,
4900005750,0001,2024-05-09,201,FU-001,EC,CS01,94.9,L,H,EC-D6,,,,,
4900005751,0001,2024-05-09,201,FU-001,EC,CS01,115.3,L,H,EC-D7,,,,,
4900005752,0001,2024-05-09,201,FU-001,EC,CS01,760.9,L,H,EC-GEN,,,,,
4900005753,0001,2024-05-09,101,SP-002,EC,CS01,5,EA,S,,,,,4500000245,00010
4900005754,0001,2024-05-09,201,SP-002,EC,CS01,1,EA,H,EC-WS,,,,,
4900005755,0001,2024-05-09,201,SP-008,EC,CS01,1,EA,H,EC-WS,,,,,
4900005756,0001,2024-05-10,201,AC-001,EC,CS01,88.0,L,H,EC-D1,,,,,
4900005757,0001,2024-05-10,201,AC-003,EC,CS01,1.33,L,H,EC-D2,,,,,
4900005758,0001,2024-05-10,201,FE-001,EC,CS01,15495.6,KG,H,EC-D1,,21,0000001245,,
4900005759,0001,2024-05-10,201,FE-001,EC,CS01,18789.5,KG,H,EC-D3,,86,0000001501,,
4900005760,0001,2024-05-10,201,FE-001,EC,CS01,11046.2,KG,H,EC-D7,,309,0000002233,,
4900005761,0001,2024-05-10,201,FE-003,EC,CS01,2062.1,KG,H,EC-D3,,101,0000001563,,
4900005762,0001,2024-05-10,201,FE-003,EC,CS01,1794.3,KG,H,EC-D6,,222,0000002015,,
4900005763,0001,2024-05-10,201,FE-003,EC,CS01,1005.2,KG,H,EC-D6,,247,0000002035,,
4900005764,0001,2024-05-10,201,FE-003,EC,CS01,2096.4,KG,H,EC-D6,,257,0000002075,,
4900005765,0001,2024-05-10,201,FE-004,EC,CS01,74.3,KG,H,EC-D4,,126,0000001672,,
4900005766,0001,2024-05-10,201,FU-001,EC,CS01,122.0,L,H,EC-D1,,,,,
4900005767,0001,2024-05-10,201,FU-001,EC,CS01,120.9,L,H,EC-D2,,,,,
4900005768,0001,2024-05-10,201,FU-001,EC,CS01,135.3,L,H,EC-D3,,,,,
4900005769,0001,2024-05-10,201,FU-001,EC,CS01,153.8,L,H,EC-D4,,,,,
4900005770,0001,2024-05-10,201,FU-001,EC,CS01,97.6,L,H,EC-D5,,,,,
4900005771,0001,2024-05-10,201,FU-001,EC,CS01,113.6,L,H,EC-D6,,,,,
4900005772,0001,2024-05-10,201,FU-001,EC,CS01,106.1,L,H,EC-D7,,,,,
4900005773,0001,2024-05-10,201,FU-001,EC,CS01,597.8,L,H,EC-GEN,,,,,
4900005774,0001,2024-05-10,101,SP-001,EC,CS01,4,EA,S,,,,,4500000259,00010
4900005775,0001,2024-05-10,201,SP-002,EC,CS01,1,EA,H,EC-WS,,,,,
4900005776,0001,2024-05-10,201,SP-003,EC,CS01,1,EA,H,EC-WS,,,,,
4900005777,0001,2024-05-11,201,AC-003,EC,CS01,2.05,L,H,EC-D3,,,,,
4900005778,0001,2024-05-11,201,FE-001,EC,CS01,7609.0,KG,H,EC-D6,,261,0000002089,,
4900005779,0001,2024-05-11,201,FE-002,EC,CS01,2082.0,KG,H,EC-D2,,42,0000001330,,
4900005780,0001,2024-05-11,201,FE-003,EC,CS01,2447.3,KG,H,EC-D2,,382,0000001455,,
4900005781,0001,2024-05-11,201,FE-003,EC,CS01,1681.6,KG,H,EC-D3,,97,0000001547,,
4900005782,0001,2024-05-11,201,FE-004,EC,CS01,188.1,KG,H,EC-D4,,156,0000001792,,
4900005783,0001,2024-05-11,201,FU-001,EC,CS01,99.9,L,H,EC-D1,,,,,
4900005784,0001,2024-05-11,201,FU-001,EC,CS01,103.6,L,H,EC-D2,,,,,
4900005785,0001,2024-05-11,201,FU-001,EC,CS01,128.8,L,H,EC-D3,,,,,
4900005786,0001,2024-05-11,201,FU-001,EC,CS01,156.9,L,H,EC-D4,,,,,
4900005787,0001,2024-05-11,201,FU-001,EC,CS01,121.0,L,H,EC-D5,,,,,
4900005788,0001,2024-05-11,201,FU-001,EC,CS01,111.8,L,H,EC-D6,,,,,
4900005789,0001,2024-05-11,201,FU-001,EC,CS01,118.5,L,H,EC-D7,,,,,
4900005790,0001,2024-05-11,201,FU-001,EC,CS01,615.8,L,H,EC-GEN,,,,,
4900005791,0001,2024-05-11,201,SP-001,EC,CS01,1,EA,H,EC-WS,,,,,
4900005792,0001,2024-05-11,201,SP-006,EC,CS01,1,EA,H,EC-WS,,,,,
4900005793,0001,2024-05-12,201,FU-001,EC,CS01,650.3,L,H,EC-GEN,,,,,
4900005794,0001,2024-05-13,201,AC-001,EC,CS01,100.9,L,H,EC-D1,,,,,
4900005795,0001,2024-05-13,201,AC-003,EC,CS01,3.28,L,H,EC-D5,,,,,
4900005796,0001,2024-05-13,201,FE-004,EC,CS01,281.2,KG,H,EC-D3,,92,0000001528,,
4900005797,0001,2024-05-13,201,FE-004,EC,CS01,162.3,KG,H,EC-D7,,330,0000002256,,
4900005798,0001,2024-05-13,201,FU-001,EC,CS01,96.8,L,H,EC-D1,,,,,
4900005799,0001,2024-05-13,201,FU-001,EC,CS01,99.4,L,H,EC-D2,,,,,
4900005800,0001,2024-05-13,201,FU-001,EC,CS01,142.4,L,H,EC-D3,,,,,
4900005801,0001,2024-05-13,201,FU-001,EC,CS01,135.1,L,H,EC-D4,,,,,
4900005802,0001,2024-05-13,201,FU-001,EC,CS01,117.1,L,H,EC-D5,,,,,
4900005803,0001,2024-05-13,201,FU-001,EC,CS01,108.6,L,H,EC-D6,,,,,
4900005804,0001,2024-05-13,201,FU-001,EC,CS01,114.7,L,H,EC-D7,,,,,
4900005805,0001,2024-05-13,201,FU-001,EC,CS01,657.6,L,H,EC-GEN,,,,,
4900005806,0001,2024-05-13,201,SP-001,EC,CS01,1,EA,H,EC-WS,,,,,
4900005807,0001,2024-05-13,201,SP-001,EC,CS01,1,EA,H,EC-WS,,,,,
4900005808,0001,2024-05-14,201,AC-001,EC,CS01,135.9,L,H,EC-D3,,,,,
4900005809,0001,2024-05-14,201,FE-002,EC,CS01,1778.0,KG,H,EC-D6,,268,0000002118,,
4900005810,0001,2024-05-14,201,FE-003,EC,CS01,814.0,KG,H,EC-D7,,287,0000002147,,
4900005811,0001,2024-05-14,201,FE-003,EC,CS01,2310.0,KG,H,EC-D7,,293,0000002171,,
4900005812,0001,2024-05-14,201,FE-003,EC,CS01,707.1,KG,H,EC-D7,,308,0000002231,,
4900005813,0001,2024-05-14,201,FE-004,EC,CS01,273.3,KG,H,EC-D6,,262,0000002096,,
4900005814,0001,2024-05-14,101,FU-001,EC,CS01,8000,L,S,,,,,4500000263,00010
4900005815,0001,2024-05-14,201,FU-001,EC,CS01,101.3,L,H,EC-D1,,,,,
4900005816,0001,2024-05-14,201,FU-001,EC,CS01,85.9,L,H,EC-D2,,,,,
4900005817,0001,2024-05-14,201,FU-001,EC,CS01,126.7,L,H,EC-D3,,,,,
4900005818,0001,2024-05-14,201,FU-001,EC,CS01,133.7,L,H,EC-D4,,,,,
4900005819,0001,2024-05-14,201,FU-001,EC,CS01,104.3,L,H,EC-D5,,,,,
4900005820,0001,2024-05-14,201,FU-001,EC,CS01,129.1,L,H,EC-D6,,,,,
4900005821,0001,2024-05-14,201,FU-001,EC,CS01,118.2,L,H,EC-D7,,,,,
4900005822,0001,2024-05-14,201,FU-001,EC,CS01,601.5,L,H,EC-GEN,,,,,
4900005823,0001,2024-05-14,101,SP-003,EC,CS01,5,EA,S,,,,,4500000262,00010
4900005824,0001,2024-05-15,201,AC-001,EC,CS01,132.6,L,H,EC-D6,,,,,
4900005825,0001,2024-05-15,201,AC-002,EC,CS01,5.03,KG,H,EC-D6,,,,,
4900005826,0001,2024-05-15,201,FE-001,EC,CS01,14390.6,KG,H,EC-D3,,75,0000001457,,
4900005827,0001,2024-05-15,201,FE-002,EC,CS01,1922.2,KG,H,EC-D1,,9,0000001198,,
4900005828,0001,2024-05-15,201,FE-002,EC,CS01,2512.9,KG,H,EC-D6,,207,0000001974,,
4900005829,0001,2024-05-15,201,FE-003,EC,CS01,1861.0,KG,H,EC-D5,,179,0000001867,,
4900005830,0001,2024-05-15,201,FE-004,EC,CS01,288.6,KG,H,EC-D2,,55,0000001380,,
4900005831,0001,2024-05-15,201,FE-004,EC,CS01,162.6,KG,H,EC-D7,,287,0000002148,,
4900005832,0001,2024-05-15,201,FU-001,EC,CS01,124.1,L,H,EC-D1,,,,,
4900005833,0001,2024-05-15,201,FU-001,EC,CS01,96.8,L,H,EC-D2,,,,,
4900005834,0001,2024-05-15,201,FU-001,EC,CS01,110.2,L,H,EC-D3,,,,,
4900005835,0001,2024-05-15,201,FU-001,EC,CS01,155.6,L,H,EC-D4,,,,,
4900005836,0001,2024-05-15,201,FU-001,EC,CS01,94.6,L,H,EC-D5,,,,,
4900005837,0001,2024-05-15,201,FU-001,EC,CS01,120.0,L,H,EC-D6,,,,,
4900005838,0001,2024-05-15,201,FU-001,EC,CS01,103.0,L,H,EC-D7,,,,,
4900005839,0001,2024-05-15,201,FU-001,EC,CS01,711.9,L,H,EC-GEN,,,,,
4900005840,0001,2024-05-16,201,AC-001,EC,CS01,126.1,L,H,EC-D1,,,,,
4900005841,0001,2024-05-16,201,AC-002,EC,CS01,5.01,KG,H,EC-D1,,,,,
4900005842,0001,2024-05-16,201,AC-003,EC,CS01,2.04,L,H,EC-D7,,,,,
4900005843,0001,2024-05-16,201,FE-003,EC,CS01,2739.2,KG,H,EC-D3,,87,0000001507,,
4900005844,0001,2024-05-16,201,FE-004,EC,CS01,292.1,KG,H,EC-D3,,100,0000001560,,
4900005845,0001,2024-05-16,201,FU-001,EC,CS01,113.6,L,H,EC-D1,,,,,
4900005846,0001,2024-05-16,201,FU-001,EC,CS01,89.6,L,H,EC-D2,,,,,
4900005847,0001,2024-05-16,201,FU-001,EC,CS01,112.8,L,H,EC-D3,,,,,
4900005848,0001,2024-05-16,201,FU-001,EC,CS01,135.0,L,H,EC-D4,,,,,
4900005849,0001,2024-05-16,201,FU-001,EC,CS01,90.3,L,H,EC-D5,,,,,
4900005850,0001,2024-05-16,201,FU-001,EC,CS01,120.6,L,H,EC-D6,,,,,
4900005851,0001,2024-05-16,201,FU-001,EC,CS01,111.7,L,H,EC-D7,,,,,
4900005852,0001,2024-05-16,201,FU-001,EC,CS01,769.1,L,H,EC-GEN,,,,,
4900005853,0001,2024-05-17,201,FE-002,EC,CS01,2675.8,KG,H,EC-D6,,248,0000002038,,
4900005854,0001,2024-05-17,201,FE-002,EC,CS01,1264.1,KG,H,EC-D7,,308,0000002230,,
4900005855,0001,2024-05-17,201,FE-003,EC,CS01,2508.8,KG,H,EC-D6,,215,0000002007,,
4900005856,0001,2024-05-17,201,FE-003,EC,CS01,2618.9,KG,H,EC-D6,,263,0000002099,,
4900005857,0001,2024-05-17,201,FE-003,EC,CS01,1582.6,KG,H,EC-D7,,331,0000002259,,
4900005858,0001,2024-05-17,201,FU-001,EC,CS01,102.3,L,H,EC-D1,,,,,
4900005859,0001,2024-05-17,201,FU-001,EC,CS01,82.0,L,H,EC-D2,,,,,
4900005860,0001,2024-05-17,201,FU-001,EC,CS01,119.3,L,H,EC-D3,,,,,
4900005861,0001,2024-05-17,201,FU-001,EC,CS01,151.8,L,H,EC-D4,,,,,
4900005862,0001,2024-05-17,201,FU-001,EC,CS01,86.6,L,H,EC-D5,,,,,
4900005863,0001,2024-05-17,201,FU-001,EC,CS01,149.0,L,H,EC-D6,,,,,
4900005864,0001,2024-05-17,201,FU-001,EC,CS01,121.8,L,H,EC-D7,,,,,
4900005865,0001,2024-05-17,201,FU-001,EC,CS01,654.0,L,H,EC-GEN,,,,,
4900005866,0001,2024-05-17,201,SP-006,EC,CS01,1,EA,H,EC-WS,,,,,
4900005867,0001,2024-05-17,201,SP-007,EC,CS01,1,EA,H,EC-WS,,,,,
4900005868,0001,2024-05-18,201,AC-003,EC,CS01,2.74,L,H,EC-D6,,,,,
4900005869,0001,2024-05-18,201,FE-001,EC,CS01,9364.7,KG,H,EC-D1,,18,0000001233,,
4900005870,0001,2024-05-18,201,FE-002,EC,CS01,1958.1,KG,H,EC-D7,,289,0000002154,,
4900005871,0001,2024-05-18,201,FE-003,EC,CS01,1571.8,KG,H,EC-D1,,20,0000001243,,
4900005872,0001,2024-05-18,201,FE-004,EC,CS01,302.5,KG,H,EC-D5,,197,0000001932,,
4900005873,0001,2024-05-18,201,FU-001,EC,CS01,95.4,L,H,EC-D1,,,,,
4900005874,0001,2024-05-18,201,FU-001,EC,CS01,109.6,L,H,EC-D2,,,,,
4900005875,0001,2024-05-18,201,FU-001,EC,CS01,152.0,L,H,EC-D3,,,,,
4900005876,0001,2024-05-18,201,FU-001,EC,CS01,141.5,L,H,EC-D4,,,,,
4900005877,0001,2024-05-18,201,FU-001,EC,CS01,89.8,L,H,EC-D5,,,,,
4900005878,0001,2024-05-18,201,FU-001,EC,CS01,117.1,L,H,EC-D6,,,,,
4900005879,0001,2024-05-18,201,FU-001,EC,CS01,127.2,L,H,EC-D7,,,,,
4900005880,0001,2024-05-18,201,FU-001,EC,CS01,692.8,L,H,EC-GEN,,,,,
4900005881,0001,2024-05-18,201,SP-002,EC,CS01,1,EA,H,EC-WS,,,,,
4900005882,0001,2024-05-18,201,SP-005,EC,CS01,1,EA,H,EC-WS,,,,,
4900005883,0001,2024-05-18,101,SP-006,EC,CS01,4,EA,S,,,,,4500000253,00010
4900005884,0001,2024-05-19,201,FE-003,EC,CS01,990.1,KG,H,EC-D1,,4,0000001179,,
4900005885,0001,2024-05-19,201,FE-003,EC,CS01,706.5,KG,H,EC-D4,,124,0000001663,,
4900005886,0001,2024-05-19,201,FE-003,EC,CS01,1522.8,KG,H,EC-D4,,143,0000001739,,
4900005887,0001,2024-05-19,201,FE-003,EC,CS01,1612.3,KG,H,EC-D5,,202,0000001951,,
4900005888,0001,2024-05-19,201,FE-003,EC,CS01,1964.7,KG,H,EC-D6,,252,0000002055,,
4900005889,0001,2024-05-19,201,FE-004,EC,CS01,323.2,KG,H,EC-D1,,37,0000001312,,
4900005890,0001,2024-05-19,201,FU-001,EC,CS01,686.5,L,H,EC-GEN,,,,,
4900005891,0001,2024-05-19,101,SP-008,EC,CS01,4,EA,S,,,,,4500000256,00010
4900005892,0001,2024-05-20,201,AC-001,EC,CS01,145.1,L,H,EC-D5,,,,,
4900005893,0001,2024-05-20,201,FE-003,EC,CS01,2363.9,KG,H,EC-D2,,44,0000001339,,
4900005894,0001,2024-05-20,201,FE-004,EC,CS01,358.7,KG,H,EC-D3,,86,0000001504,,
4900005895,0001,2024-05-20,201,FU-001,EC,CS01,116.9,L,H,EC-D1,,,,,
4900005896,0001,2024-05-20,201,FU-001,EC,CS01,92.7,L,H,EC-D2,,,,,
4900005897,0001,2024-05-20,201,FU-001,EC,CS01,131.4,L,H,EC-D3,,,,,
4900005898,0001,2024-05-20,201,FU-001,EC,CS01,157.7,L,H,EC-D4,,,,,
4900005899,0001,2024-05-20,201,FU-001,EC,CS01,110.9,L,H,EC-D5,,,,,
4900005900,0001,2024-05-20,201,FU-001,EC,CS01,114.0,L,H,EC-D6,,,,,
4900005901,0001,2024-05-20,201,FU-001,EC,CS01,134.3,L,H,EC-D7,,,,,
4900005902,0001,2024-05-20,201,FU-001,EC,CS01,679.7,L,H,EC-GEN,,,,,
4900005903,0001,2024-05-20,201,SP-002,EC,CS01,1,EA,H,EC-WS,,,,,
4900005904,0001,2024-05-21,201,AC-001,EC,CS01,119.7,L,H,EC-D3,,,,,
4900005905,0001,2024-05-21,101,AC-003,EC,CS01,100,L,S,,,,,4500000257,00010
4900005906,0001,2024-05-21,201,AC-003,EC,CS01,1.3,L,H,EC-D6,,,,,
4900005907,0001,2024-05-21,201,FE-002,EC,CS01,3024.0,KG,H,EC-D7,,348,0000002326,,
4900005908,0001,2024-05-21,201,FE-003,EC,CS01,2690.1,KG,H,EC-D2,,54,0000001375,,
4900005909,0001,2024-05-21,201,FE-004,EC,CS01,111.4,KG,H,EC-D5,,200,0000001944,,
4900005910,0001,2024-05-21,201,FE-004,EC,CS01,241.1,KG,H,EC-D7,,306,0000002224,,
4900005911,0001,2024-05-21,201,FU-001,EC,CS01,95.4,L,H,EC-D1,,,,,
4900005912,0001,2024-05-21,201,FU-001,EC,CS01,124.8,L,H,EC-D2,,,,,
4900005913,0001,2024-05-21,201,FU-001,EC,CS01,151.9,L,H,EC-D3,,,,,
4900005914,0001,2024-05-21,201,FU-001,EC,CS01,122.9,L,H,EC-D4,,,,,
4900005915,0001,2024-05-21,201,FU-001,EC,CS01,107.5,L,H,EC-D5,,,,,
4900005916,0001,2024-05-21,201,FU-001,EC,CS01,138.8,L,H,EC-D6,,,,,
4900005917,0001,2024-05-21,201,FU-001,EC,CS01,114.7,L,H,EC-D7,,,,,
4900005918,0001,2024-05-21,201,FU-001,EC,CS01,577.9,L,H,EC-GEN,,,,,
4900005919,0001,2024-05-21,101,SP-001,EC,CS01,4,EA,S,,,,,4500000265,00010
4900005920,0001,2024-05-21,201,SP-001,EC,CS01,1,EA,H,EC-WS,,,,,
4900005921,0001,2024-05-22,201,AC-001,EC,CS01,108.8,L,H,EC-D2,,,,,
4900005922,0001,2024-05-22,101,FU-001,EC,CS01,8000,L,S,,,,,4500000266,00010
4900005923,0001,2024-05-22,201,FU-001,EC,CS01,101.8,L,H,EC-D1,,,,,
4900005924,0001,2024-05-22,201,FU-001,EC,CS01,102.0,L,H,EC-D2,,,,,
4900005925,0001,2024-05-22,201,FU-001,EC,CS01,114.1,L,H,EC-D3,,,,,
4900005926,0001,2024-05-22,201,FU-001,EC,CS01,133.7,L,H,EC-D4,,,,,
4900005927,0001,2024-05-22,201,FU-001,EC,CS01,105.9,L,H,EC-D5,,,,,
4900005928,0001,2024-05-22,201,FU-001,EC,CS01,107.5,L,H,EC-D6,,,,,
4900005929,0001,2024-05-22,201,FU-001,EC,CS01,115.3,L,H,EC-D7,,,,,
4900005930,0001,2024-05-22,201,FU-001,EC,CS01,662.1,L,H,EC-GEN,,,,,
4900005931,0001,2024-05-22,201,SP-002,EC,CS01,1,EA,H,EC-WS,,,,,
4900005932,0001,2024-05-22,201,SP-003,EC,CS01,1,EA,H,EC-WS,,,,,
4900005933,0001,2024-05-23,201,AC-001,EC,CS01,135.1,L,H,EC-D4,,,,,
4900005934,0001,2024-05-23,201,FE-003,EC,CS01,896.1,KG,H,EC-D3,,91,0000001523,,
4900005935,0001,2024-05-23,201,FU-001,EC,CS01,99.5,L,H,EC-D1,,,,,
4900005936,0001,2024-05-23,201,FU-001,EC,CS01,83.3,L,H,EC-D2,,,,,
4900005937,0001,2024-05-23,201,FU-001,EC,CS01,113.0,L,H,EC-D3,,,,,
4900005938,0001,2024-05-23,201,FU-001,EC,CS01,169.3,L,H,EC-D4,,,,,
4900005939,0001,2024-05-23,201,FU-001,EC,CS01,93.7,L,H,EC-D5,,,,,
4900005940,0001,2024-05-23,201,FU-001,EC,CS01,125.6,L,H,EC-D6,,,,,
4900005941,0001,2024-05-23,201,FU-001,EC,CS01,156.9,L,H,EC-D7,,,,,
4900005942,0001,2024-05-23,201,FU-001,EC,CS01,607.6,L,H,EC-GEN,,,,,
4900005943,0001,2024-05-23,201,SP-001,EC,CS01,1,EA,H,EC-WS,,,,,
4900005944,0001,2024-05-23,201,SP-008,EC,CS01,1,EA,H,EC-WS,,,,,
4900005945,0001,2024-05-24,201,AC-001,EC,CS01,89.5,L,H,EC-D4,,,,,
4900005946,0001,2024-05-24,201,AC-003,EC,CS01,1.64,L,H,EC-D3,,,,,
4900005947,0001,2024-05-24,201,FE-003,EC,CS01,1650.6,KG,H,EC-D6,,205,0000001967,,
4900005948,0001,2024-05-24,201,FU-001,EC,CS01,111.1,L,H,EC-D1,,,,,
4900005949,0001,2024-05-24,201,FU-001,EC,CS01,99.3,L,H,EC-D2,,,,,
4900005950,0001,2024-05-24,201,FU-001,EC,CS01,113.1,L,H,EC-D3,,,,,
4900005951,0001,2024-05-24,201,FU-001,EC,CS01,145.8,L,H,EC-D4,,,,,
4900005952,0001,2024-05-24,201,FU-001,EC,CS01,74.7,L,H,EC-D5,,,,,
4900005953,0001,2024-05-24,201,FU-001,EC,CS01,123.0,L,H,EC-D6,,,,,
4900005954,0001,2024-05-24,201,FU-001,EC,CS01,107.9,L,H,EC-D7,,,,,
4900005955,0001,2024-05-24,201,FU-001,EC,CS01,543.2,L,H,EC-GEN,,,,,
4900005956,0001,2024-05-24,201,SP-001,EC,CS01,1,EA,H,EC-WS,,,,,
4900005957,0001,2024-05-24,201,SP-004,EC,CS01,1,EA,H,EC-WS,,,,,
4900005958,0001,2024-05-24,201,SP-004,EC,CS01,1,EA,H,EC-WS,,,,,
4900005959,0001,2024-05-25,201,AC-001,EC,CS01,130.9,L,H,EC-D3,,,,,
4900005960,0001,2024-05-25,201,AC-002,EC,CS01,5.24,KG,H,EC-D3,,,,,
4900005961,0001,2024-05-25,201,FU-001,EC,CS01,110.0,L,H,EC-D1,,,,,
4900005962,0001,2024-05-25,201,FU-001,EC,CS01,103.4,L,H,EC-D2,,,,,
4900005963,0001,2024-05-25,201,FU-001,EC,CS01,112.8,L,H,EC-D3,,,,,
4900005964,0001,2024-05-25,201,FU-001,EC,CS01,148.8,L,H,EC-D4,,,,,
4900005965,0001,2024-05-25,201,FU-001,EC,CS01,105.2,L,H,EC-D5,,,,,
4900005966,0001,2024-05-25,201,FU-001,EC,CS01,116.3,L,H,EC-D6,,,,,
4900005967,0001,2024-05-25,201,FU-001,EC,CS01,114.5,L,H,EC-D7,,,,,
4900005968,0001,2024-05-25,201,FU-001,EC,CS01,726.2,L,H,EC-GEN,,,,,
4900005969,0001,2024-05-25,201,SP-006,EC,CS01,1,EA,H,EC-WS,,,,,
4900005970,0001,2024-05-26,201,FE-002,EC,CS01,2992.1,KG,H,EC-D6,,208,0000001978,,
4900005971,0001,2024-05-26,201,FE-002,EC,CS01,3260.8,KG,H,EC-D7,,304,0000002214,,
4900005972,0001,2024-05-26,101,FU-001,EC,CS01,8000,L,S,,,,,4500000270,00010
4900005973,0001,2024-05-26,201,FU-001,EC,CS01,607.9,L,H,EC-GEN,,,,,
4900005974,0001,2024-05-27,201,FE-003,EC,CS01,2624.1,KG,H,EC-D5,,196,0000001927,,
4900005975,0001,2024-05-27,201,FE-004,EC,CS01,215.5,KG,H,EC-D6,,249,0000002044,,
4900005976,0001,2024-05-27,201,FU-001,EC,CS01,112.7,L,H,EC-D1,,,,,
4900005977,0001,2024-05-27,201,FU-001,EC,CS01,106.3,L,H,EC-D2,,,,,
4900005978,0001,2024-05-27,201,FU-001,EC,CS01,133.7,L,H,EC-D3,,,,,
4900005979,0001,2024-05-27,201,FU-001,EC,CS01,136.0,L,H,EC-D4,,,,,
4900005980,0001,2024-05-27,201,FU-001,EC,CS01,108.3,L,H,EC-D5,,,,,
4900005981,0001,2024-05-27,201,FU-001,EC,CS01,142.7,L,H,EC-D6,,,,,
4900005982,0001,2024-05-27,201,FU-001,EC,CS01,104.1,L,H,EC-D7,,,,,
4900005983,0001,2024-05-27,201,FU-001,EC,CS01,706.6,L,H,EC-GEN,,,,,
4900005984,0001,2024-05-27,201,SP-007,EC,CS01,1,EA,H,EC-WS,,,,,
4900005985,0001,2024-05-28,201,AC-001,EC,CS01,101.4,L,H,EC-D3,,,,,
4900005986,0001,2024-05-28,201,AC-002,EC,CS01,4.37,KG,H,EC-D3,,,,,
4900005987,0001,2024-05-28,201,AC-003,EC,CS01,0.85,L,H,EC-D4,,,,,
4900005988,0001,2024-05-28,201,AC-004,EC,CS01,2.09,KG,H,EC-D1,,,,,
4900005989,0001,2024-05-28,201,FE-001,EC,CS01,565.8,KG,H,EC-D3,,370,0000001649,,
4900005990,0001,2024-05-28,201,FE-001,EC,CS01,10393.2,KG,H,EC-D6,,251,0000002049,,
4900005991,0001,2024-05-28,201,FE-002,EC,CS01,2084.1,KG,H,EC-D4,,132,0000001694,,
4900005992,0001,2024-05-28,201,FU-001,EC,CS01,87.4,L,H,EC-D1,,,,,
4900005993,0001,2024-05-28,201,FU-001,EC,CS01,95.7,L,H,EC-D2,,,,,
4900005994,0001,2024-05-28,201,FU-001,EC,CS01,102.5,L,H,EC-D3,,,,,
4900005995,0001,2024-05-28,201,FU-001,EC,CS01,175.4,L,H,EC-D4,,,,,
4900005996,0001,2024-05-28,201,FU-001,EC,CS01,77.2,L,H,EC-D5,,,,,
4900005997,0001,2024-05-28,201,FU-001,EC,CS01,116.9,L,H,EC-D6,,,,,
4900005998,0001,2024-05-28,201,FU-001,EC,CS01,116.6,L,H,EC-D7,,,,,
4900005999,0001,2024-05-28,201,FU-001,EC,CS01,698.6,L,H,EC-GEN,,,,,
4900006000,0001,2024-05-28,201,SP-007,EC,CS01,1,EA,H,EC-WS,,,,,
4900006001,0001,2024-05-29,201,AC-001,EC,CS01,98.4,L,H,EC-D5,,,,,
4900006002,0001,2024-05-29,201,AC-002,EC,CS01,3.59,KG,H,EC-D5,,,,,
4900006003,0001,2024-05-29,201,AC-003,EC,CS01,4.99,L,H,EC-D5,,,,,
4900006004,0001,2024-05-29,201,FU-001,EC,CS01,99.4,L,H,EC-D1,,,,,
4900006005,0001,2024-05-29,201,FU-001,EC,CS01,93.9,L,H,EC-D2,,,,,
4900006006,0001,2024-05-29,201,FU-001,EC,CS01,131.8,L,H,EC-D3,,,,,
4900006007,0001,2024-05-29,201,FU-001,EC,CS01,180.5,L,H,EC-D4,,,,,
4900006008,0001,2024-05-29,201,FU-001,EC,CS01,112.8,L,H,EC-D5,,,,,
4900006009,0001,2024-05-29,201,FU-001,EC,CS01,112.7,L,H,EC-D6,,,,,
4900006010,0001,2024-05-29,201,FU-001,EC,CS01,102.9,L,H,EC-D7,,,,,
4900006011,0001,2024-05-29,201,FU-001,EC,CS01,697.0,L,H,EC-GEN,,,,,
4900006012,0001,2024-05-29,201,SP-003,EC,CS01,1,EA,H,EC-WS,,,,,
4900006013,0001,2024-05-29,201,SP-005,EC,CS01,1,EA,H,EC-WS,,,,,
4900006014,0001,2024-05-30,201,AC-001,EC,CS01,80.1,L,H,EC-D4,,,,,
4900006015,0001,2024-05-30,201,AC-002,EC,CS01,2.98,KG,H,EC-D4,,,,,
4900006016,0001,2024-05-30,201,AC-003,EC,CS01,7.59,L,H,EC-D5,,,,,
4900006017,0001,2024-05-30,201,FE-003,EC,CS01,1574.4,KG,H,EC-D7,,291,0000002163,,
4900006018,0001,2024-05-30,201,FE-004,EC,CS01,238.3,KG,H,EC-D5,,182,0000001880,,
4900006019,0001,2024-05-30,201,FU-001,EC,CS01,110.1,L,H,EC-D1,,,,,
4900006020,0001,2024-05-30,201,FU-001,EC,CS01,90.1,L,H,EC-D2,,,,,
4900006021,0001,2024-05-30,201,FU-001,EC,CS01,113.1,L,H,EC-D3,,,,,
4900006022,0001,2024-05-30,201,FU-001,EC,CS01,139.0,L,H,EC-D4,,,,,
4900006023,0001,2024-05-30,201,FU-001,EC,CS01,73.7,L,H,EC-D5,,,,,
4900006024,0001,2024-05-30,201,FU-001,EC,CS01,96.0,L,H,EC-D6,,,,,
4900006025,0001,2024-05-30,201,FU-001,EC,CS01,105.7,L,H,EC-D7,,,,,
4900006026,0001,2024-05-30,201,FU-001,EC,CS01,677.4,L,H,EC-GEN,,,,,
4900006027,0001,2024-05-31,201,AC-003,EC,CS01,7.59,L,H,EC-D4,,,,,
4900006028,0001,2024-05-31,201,FE-002,EC,CS01,1546.4,KG,H,EC-D1,,4,0000001178,,
4900006029,0001,2024-05-31,201,FU-001,EC,CS01,113.4,L,H,EC-D1,,,,,
4900006030,0001,2024-05-31,201,FU-001,EC,CS01,101.7,L,H,EC-D2,,,,,
4900006031,0001,2024-05-31,201,FU-001,EC,CS01,115.2,L,H,EC-D3,,,,,
4900006032,0001,2024-05-31,201,FU-001,EC,CS01,159.3,L,H,EC-D4,,,,,
4900006033,0001,2024-05-31,201,FU-001,EC,CS01,92.4,L,H,EC-D5,,,,,
4900006034,0001,2024-05-31,201,FU-001,EC,CS01,109.5,L,H,EC-D6,,,,,
4900006035,0001,2024-05-31,201,FU-001,EC,CS01,108.6,L,H,EC-D7,,,,,
4900006036,0001,2024-05-31,201,FU-001,EC,CS01,593.2,L,H,EC-GEN,,,,,
4900006037,0001,2024-06-01,201,AC-003,EC,CS01,6.03,L,H,EC-D7,,,,,
4900006038,0001,2024-06-01,201,FE-004,EC,CS01,291.9,KG,H,EC-D2,,58,0000001392,,
4900006039,0001,2024-06-01,201,FU-001,EC,CS01,117.7,L,H,EC-D1,,,,,
4900006040,0001,2024-06-01,201,FU-001,EC,CS01,112.6,L,H,EC-D2,,,,,
4900006041,0001,2024-06-01,201,FU-001,EC,CS01,179.1,L,H,EC-D3,,,,,
4900006042,0001,2024-06-01,201,FU-001,EC,CS01,141.4,L,H,EC-D4,,,,,
4900006043,0001,2024-06-01,201,FU-001,EC,CS01,130.0,L,H,EC-D5,,,,,
4900006044,0001,2024-06-01,201,FU-001,EC,CS01,121.8,L,H,EC-D6,,,,,
4900006045,0001,2024-06-01,201,FU-001,EC,CS01,105.9,L,H,EC-D7,,,,,
4900006046,0001,2024-06-01,201,FU-001,EC,CS01,634.5,L,H,EC-GEN,,,,,
4900006047,0001,2024-06-02,201,FE-001,EC,CS01,12106.4,KG,H,EC-D4,,145,0000001745,,
4900006048,0001,2024-06-02,201,FE-003,EC,CS01,2346.6,KG,H,EC-D7,,345,0000002315,,
4900006049,0001,2024-06-02,201,FU-001,EC,CS01,656.0,L,H,EC-GEN,,,,,
4900006050,0001,2024-06-02,101,SP-007,EC,CS01,4,EA,S,,,,,4500000269,00010
4900006051,0001,2024-06-03,201,AC-001,EC,CS01,95.8,L,H,EC-D1,,,,,
4900006052,0001,2024-06-03,101,FU-001,EC,CS01,8000,L,S,,,,,4500000273,00010
4900006053,0001,2024-06-03,201,FU-001,EC,CS01,138.0,L,H,EC-D1,,,,,
4900006054,0001,2024-06-03,201,FU-001,EC,CS01,104.9,L,H,EC-D2,,,,,
4900006055,0001,2024-06-03,201,FU-001,EC,CS01,147.3,L,H,EC-D3,,,,,
4900006056,0001,2024-06-03,201,FU-001,EC,CS01,169.3,L,H,EC-D4,,,,,
4900006057,0001,2024-06-03,201,FU-001,EC,CS01,117.4,L,H,EC-D5,,,,,
4900006058,0001,2024-06-03,201,FU-001,EC,CS01,131.2,L,H,EC-D6,,,,,
4900006059,0001,2024-06-03,201,FU-001,EC,CS01,125.4,L,H,EC-D7,,,,,
4900006060,0001,2024-06-03,201,FU-001,EC,CS01,634.9,L,H,EC-GEN,,,,,
4900006061,0001,2024-06-03,201,SP-008,EC,CS01,1,EA,H,EC-WS,,,,,
4900006062,0001,2024-06-04,201,AC-001,EC,CS01,81.8,L,H,EC-D3,,,,,
4900006063,0001,2024-06-04,201,AC-003,EC,CS01,2.94,L,H,EC-D1,,,,,
4900006064,0001,2024-06-04,201,FE-004,EC,CS01,217.3,KG,H,EC-D2,,42,0000001332,,
4900006065,0001,2024-06-04,201,FU-001,EC,CS01,107.4,L,H,EC-D1,,,,,
4900006066,0001,2024-06-04,201,FU-001,EC,CS01,96.9,L,H,EC-D2,,,,,
4900006067,0001,2024-06-04,201,FU-001,EC,CS01,162.2,L,H,EC-D3,,,,,
4900006068,0001,2024-06-04,201,FU-001,EC,CS01,139.1,L,H,EC-D4,,,,,
4900006069,0001,2024-06-04,201,FU-001,EC,CS01,114.4,L,H,EC-D5,,,,,
4900006070,0001,2024-06-04,201,FU-001,EC,CS01,117.0,L,H,EC-D6,,,,,
4900006071,0001,2024-06-04,201,FU-001,EC,CS01,123.5,L,H,EC-D7,,,,,
4900006072,0001,2024-06-04,201,FU-001,EC,CS01,649.9,L,H,EC-GEN,,,,,
4900006073,0001,2024-06-04,201,SP-004,EC,CS01,1,EA,H,EC-WS,,,,,
4900006074,0001,2024-06-05,201,AC-001,EC,CS01,120.1,L,H,EC-D6,,,,,
4900006075,0001,2024-06-05,201,AC-002,EC,CS01,4.63,KG,H,EC-D6,,,,,
4900006076,0001,2024-06-05,201,AC-003,EC,CS01,5.53,L,H,EC-D3,,,,,
4900006077,0001,2024-06-05,201,FE-002,EC,CS01,1876.4,KG,H,EC-D3,,105,0000001578,,
4900006078,0001,2024-06-05,201,FU-001,EC,CS01,113.3,L,H,EC-D1,,,,,
4900006079,0001,2024-06-05,201,FU-001,EC,CS01,110.7,L,H,EC-D2,,,,,
4900006080,0001,2024-06-05,201,FU-001,EC,CS01,177.0,L,H,EC-D3,,,,,
4900006081,0001,2024-06-05,201,FU-001,EC,CS01,163.0,L,H,EC-D4,,,,,
4900006082,0001,2024-06-05,201,FU-001,EC,CS01,102.8,L,H,EC-D5,,,,,
4900006083,0001,2024-06-05,201,FU-001,EC,CS01,146.2,L,H,EC-D6,,,,,
4900006084,0001,2024-06-05,201,FU-001,EC,CS01,126.2,L,H,EC-D7,,,,,
4900006085,0001,2024-06-05,201,FU-001,EC,CS01,537.7,L,H,EC-GEN,,,,,
4900006086,0001,2024-06-05,201,SP-002,EC,CS01,1,EA,H,EC-WS,,,,,
4900006087,0001,2024-06-05,201,SP-006,EC,CS01,1,EA,H,EC-WS,,,,,
4900006088,0001,2024-06-06,101,AC-001,EC,CS01,2900,L,S,,,,,4500000261,00010
4900006089,0001,2024-06-06,201,AC-001,EC,CS01,109.3,L,H,EC-D7,,,,,
4900006090,0001,2024-06-06,101,AC-002,EC,CS01,42,KG,S,,,,,4500000267,00010
4900006091,0001,2024-06-06,201,FE-002,EC,CS01,2705.7,KG,H,EC-D7,,345,0000002314,,
4900006092,0001,2024-06-06,101,FU-001,EC,CS01,8000,L,S,,,,,4500000275,00010
4900006093,0001,2024-06-06,201,FU-001,EC,CS01,122.8,L,H,EC-D1,,,,,
4900006094,0001,2024-06-06,201,FU-001,EC,CS01,100.4,L,H,EC-D2,,,,,
4900006095,0001,2024-06-06,201,FU-001,EC,CS01,147.9,L,H,EC-D3,,,,,
4900006096,0001,2024-06-06,201,FU-001,EC,CS01,156.4,L,H,EC-D4,,,,,
4900006097,0001,2024-06-06,201,FU-001,EC,CS01,105.1,L,H,EC-D5,,,,,
4900006098,0001,2024-06-06,201,FU-001,EC,CS01,113.4,L,H,EC-D6,,,,,
4900006099,0001,2024-06-06,201,FU-001,EC,CS01,148.0,L,H,EC-D7,,,,,
4900006100,0001,2024-06-06,201,FU-001,EC,CS01,643.6,L,H,EC-GEN,,,,,
4900006101,0001,2024-06-06,201,SP-003,EC,CS01,1,EA,H,EC-WS,,,,,
4900006102,0001,2024-06-07,201,AC-001,EC,CS01,131.8,L,H,EC-D2,,,,,
4900006103,0001,2024-06-07,201,AC-002,EC,CS01,5.36,KG,H,EC-D2,,,,,
4900006104,0001,2024-06-07,201,FU-001,EC,CS01,126.6,L,H,EC-D1,,,,,
4900006105,0001,2024-06-07,201,FU-001,EC,CS01,113.2,L,H,EC-D2,,,,,
4900006106,0001,2024-06-07,201,FU-001,EC,CS01,187.6,L,H,EC-D3,,,,,
4900006107,0001,2024-06-07,201,FU-001,EC,CS01,150.2,L,H,EC-D4,,,,,
4900006108,0001,2024-06-07,201,FU-001,EC,CS01,137.2,L,H,EC-D5,,,,,
4900006109,0001,2024-06-07,201,FU-001,EC,CS01,150.6,L,H,EC-D6,,,,,
4900006110,0001,2024-06-07,201,FU-001,EC,CS01,136.5,L,H,EC-D7,,,,,
4900006111,0001,2024-06-07,201,FU-001,EC,CS01,518.2,L,H,EC-GEN,,,,,
4900006112,0001,2024-06-07,201,SP-007,EC,CS01,1,EA,H,EC-WS,,,,,
4900006113,0001,2024-06-08,201,AC-001,EC,CS01,94.4,L,H,EC-D2,,,,,
4900006114,0001,2024-06-08,201,AC-002,EC,CS01,3.73,KG,H,EC-D2,,,,,
4900006115,0001,2024-06-08,201,FU-001,EC,CS01,111.6,L,H,EC-D1,,,,,
4900006116,0001,2024-06-08,201,FU-001,EC,CS01,96.5,L,H,EC-D2,,,,,
4900006117,0001,2024-06-08,201,FU-001,EC,CS01,156.7,L,H,EC-D3,,,,,
4900006118,0001,2024-06-08,201,FU-001,EC,CS01,151.5,L,H,EC-D4,,,,,
4900006119,0001,2024-06-08,201,FU-001,EC,CS01,118.6,L,H,EC-D5,,,,,
4900006120,0001,2024-06-08,201,FU-001,EC,CS01,136.5,L,H,EC-D6,,,,,
4900006121,0001,2024-06-08,201,FU-001,EC,CS01,109.1,L,H,EC-D7,,,,,
4900006122,0001,2024-06-08,201,FU-001,EC,CS01,630.6,L,H,EC-GEN,,,,,
4900006123,0001,2024-06-08,101,SP-003,EC,CS01,5,EA,S,,,,,4500000274,00010
4900006124,0001,2024-06-08,201,SP-004,EC,CS01,1,EA,H,EC-WS,,,,,
4900006125,0001,2024-06-09,201,FU-001,EC,CS01,633.9,L,H,EC-GEN,,,,,
4900006126,0001,2024-06-10,201,AC-001,EC,CS01,131.9,L,H,EC-D2,,,,,
4900006127,0001,2024-06-10,201,AC-003,EC,CS01,2.39,L,H,EC-D2,,,,,
4900006128,0001,2024-06-10,201,FU-001,EC,CS01,114.2,L,H,EC-D1,,,,,
4900006129,0001,2024-06-10,201,FU-001,EC,CS01,97.4,L,H,EC-D2,,,,,
4900006130,0001,2024-06-10,201,FU-001,EC,CS01,136.3,L,H,EC-D3,,,,,
4900006131,0001,2024-06-10,201,FU-001,EC,CS01,237.5,L,H,EC-D4,,,,,
4900006132,0001,2024-06-10,201,FU-001,EC,CS01,106.6,L,H,EC-D5,,,,,
4900006133,0001,2024-06-10,201,FU-001,EC,CS01,139.2,L,H,EC-D6,,,,,
4900006134,0001,2024-06-10,201,FU-001,EC,CS01,149.1,L,H,EC-D7,,,,,
4900006135,0001,2024-06-10,201,FU-001,EC,CS01,641.4,L,H,EC-GEN,,,,,
4900006136,0001,2024-06-10,101,SP-002,EC,CS01,5,EA,S,,,,,4500000264,00010
4900006137,0001,2024-06-11,201,AC-001,EC,CS01,149.3,L,H,EC-D7,,,,,
4900006138,0001,2024-06-11,201,AC-002,EC,CS01,6.09,KG,H,EC-D7,,,,,
4900006139,0001,2024-06-11,201,FE-003,EC,CS01,2145.0,KG,H,EC-D2,,70,0000001435,,
4900006140,0001,2024-06-11,201,FU-001,EC,CS01,116.2,L,H,EC-D1,,,,,
4900006141,0001,2024-06-11,201,FU-001,EC,CS01,133.4,L,H,EC-D2,,,,,
4900006142,0001,2024-06-11,201,FU-001,EC,CS01,182.9,L,H,EC-D3,,,,,
4900006143,0001,2024-06-11,201,FU-001,EC,CS01,185.3,L,H,EC-D4,,,,,
4900006144,0001,2024-06-11,201,FU-001,EC,CS01,118.0,L,H,EC-D5,,,,,
4900006145,0001,2024-06-11,201,FU-001,EC,CS01,160.6,L,H,EC-D6,,,,,
4900006146,0001,2024-06-11,201,FU-001,EC,CS01,107.6,L,H,EC-D7,,,,,
4900006147,0001,2024-06-11,201,FU-001,EC,CS01,604.1,L,H,EC-GEN,,,,,
4900006148,0001,2024-06-11,201,SP-004,EC,CS01,1,EA,H,EC-WS,,,,,
4900006149,0001,2024-06-11,201,SP-008,EC,CS01,1,EA,H,EC-WS,,,,,
4900006150,0001,2024-06-12,201,AC-001,EC,CS01,136.5,L,H,EC-D2,,,,,
4900006151,0001,2024-06-12,101,FU-001,EC,CS01,8000,L,S,,,,,4500000277,00010
4900006152,0001,2024-06-12,201,FU-001,EC,CS01,95.4,L,H,EC-D1,,,,,
4900006153,0001,2024-06-12,201,FU-001,EC,CS01,122.3,L,H,EC-D2,,,,,
4900006154,0001,2024-06-12,201,FU-001,EC,CS01,166.1,L,H,EC-D3,,,,,
4900006155,0001,2024-06-12,201,FU-001,EC,CS01,173.0,L,H,EC-D4,,,,,
4900006156,0001,2024-06-12,201,FU-001,EC,CS01,124.3,L,H,EC-D5,,,,,
4900006157,0001,2024-06-12,201,FU-001,EC,CS01,140.0,L,H,EC-D6,,,,,
4900006158,0001,2024-06-12,201,FU-001,EC,CS01,171.6,L,H,EC-D7,,,,,
4900006159,0001,2024-06-12,201,FU-001,EC,CS01,611.9,L,H,EC-GEN,,,,,
4900006160,0001,2024-06-12,201,SP-007,EC,CS01,1,EA,H,EC-WS,,,,,
4900006161,0001,2024-06-13,201,AC-001,EC,CS01,141.7,L,H,EC-D6,,,,,
4900006162,0001,2024-06-13,201,AC-002,EC,CS01,5.47,KG,H,EC-D6,,,,,
4900006163,0001,2024-06-13,201,AC-003,EC,CS01,4.99,L,H,EC-D2,,,,,
4900006164,0001,2024-06-13,201,FU-001,EC,CS01,123.2,L,H,EC-D1,,,,,
4900006165,0001,2024-06-13,201,FU-001,EC,CS01,107.2,L,H,EC-D2,,,,,
4900006166,0001,2024-06-13,201,FU-001,EC,CS01,150.1,L,H,EC-D3,,,,,
4900006167,0001,2024-06-13,201,FU-001,EC,CS01,140.4,L,H,EC-D4,,,,,
4900006168,0001,2024-06-13,201,FU-001,EC,CS01,124.6,L,H,EC-D5,,,,,
4900006169,0001,2024-06-13,201,FU-001,EC,CS01,128.3,L,H,EC-D6,,,,,
4900006170,0001,2024-06-13,201,FU-001,EC,CS01,114.4,L,H,EC-D7,,,,,
4900006171,0001,2024-06-13,201,FU-001,EC,CS01,699.9,L,H,EC-GEN,,,,,
4900006172,0001,2024-06-13,101,SP-004,EC,CS01,1,EA,S,,,,,4500000279,00010
4900006173,0001,2024-06-13,201,SP-004,EC,CS01,1,EA,H,EC-WS,,,,,
4900006174,0001,2024-06-13,201,SP-004,EC,CS01,1,EA,H,EC-WS,,,,,
4900006175,0001,2024-06-14,201,AC-001,EC,CS01,120.8,L,H,EC-D4,,,,,
4900006176,0001,2024-06-14,201,FU-001,EC,CS01,122.4,L,H,EC-D1,,,,,
4900006177,0001,2024-06-14,201,FU-001,EC,CS01,114.2,L,H,EC-D2,,,,,
4900006178,0001,2024-06-14,201,FU-001,EC,CS01,172.1,L,H,EC-D3,,,,,
4900006179,0001,2024-06-14,201,FU-001,EC,CS01,149.9,L,H,EC-D4,,,,,
4900006180,0001,2024-06-14,201,FU-001,EC,CS01,96.9,L,H,EC-D5,,,,,
4900006181,0001,2024-06-14,201,FU-001,EC,CS01,137.0,L,H,EC-D6,,,,,
4900006182,0001,2024-06-14,201,FU-001,EC,CS01,118.6,L,H,EC-D7,,,,,
4900006183,0001,2024-06-14,201,FU-001,EC,CS01,639.0,L,H,EC-GEN,,,,,
4900006184,0001,2024-06-14,201,SP-005,EC,CS01,1,EA,H,EC-WS,,,,,
4900006185,0001,2024-06-14,201,SP-005,EC,CS01,1,EA,H,EC-WS,,,,,
4900006186,0001,2024-06-14,201,SP-006,EC,CS01,1,EA,H,EC-WS,,,,,
4900006187,0001,2024-06-15,201,AC-001,EC,CS01,121.8,L,H,EC-D5,,,,,
4900006188,0001,2024-06-15,201,FU-001,EC,CS01,106.6,L,H,EC-D1,,,,,
4900006189,0001,2024-06-15,201,FU-001,EC,CS01,110.6,L,H,EC-D2,,,,,
4900006190,0001,2024-06-15,201,FU-001,EC,CS01,151.9,L,H,EC-D3,,,,,
4900006191,0001,2024-06-15,201,FU-001,EC,CS01,190.6,L,H,EC-D4,,,,,
4900006192,0001,2024-06-15,201,FU-001,EC,CS01,128.3,L,H,EC-D5,,,,,
4900006193,0001,2024-06-15,201,FU-001,EC,CS01,124.1,L,H,EC-D6,,,,,
4900006194,0001,2024-06-15,201,FU-001,EC,CS01,138.1,L,H,EC-D7,,,,,
4900006195,0001,2024-06-15,201,FU-001,EC,CS01,676.5,L,H,EC-GEN,,,,,
4900006196,0001,2024-06-15,201,SP-002,EC,CS01,1,EA,H,EC-WS,,,,,
4900006197,0001,2024-06-15,201,SP-003,EC,CS01,1,EA,H,EC-WS,,,,,
4900006198,0001,2024-06-16,101,FU-001,EC,CS01,8000,L,S,,,,,4500000282,00010
4900006199,0001,2024-06-16,201,FU-001,EC,CS01,712.7,L,H,EC-GEN,,,,,
4900006200,0001,2024-06-17,201,AC-001,EC,CS01,98.0,L,H,EC-D5,,,,,
4900006201,0001,2024-06-17,201,FU-001,EC,CS01,123.5,L,H,EC-D1,,,,,
4900006202,0001,2024-06-17,201,FU-001,EC,CS01,112.4,L,H,EC-D2,,,,,
4900006203,0001,2024-06-17,201,FU-001,EC,CS01,173.9,L,H,EC-D3,,,,,
4900006204,0001,2024-06-17,201,FU-001,EC,CS01,157.7,L,H,EC-D4,,,,,
4900006205,0001,2024-06-17,201,FU-001,EC,CS01,122.4,L,H,EC-D5,,,,,
4900006206,0001,2024-06-17,201,FU-001,EC,CS01,144.4,L,H,EC-D6,,,,,
4900006207,0001,2024-06-17,201,FU-001,EC,CS01,143.1,L,H,EC-D7,,,,,
4900006208,0001,2024-06-17,201,FU-001,EC,CS01,619.5,L,H,EC-GEN,,,,,
4900006209,0001,2024-06-18,201,AC-001,EC,CS01,149.6,L,H,EC-D4,,,,,
4900006210,0001,2024-06-18,201,FU-001,EC,CS01,110.8,L,H,EC-D1,,,,,
4900006211,0001,2024-06-18,201,FU-001,EC,CS01,111.6,L,H,EC-D2,,,,,
4900006212,0001,2024-06-18,201,FU-001,EC,CS01,132.3,L,H,EC-D3,,,,,
4900006213,0001,2024-06-18,201,FU-001,EC,CS01,130.2,L,H,EC-D4,,,,,
4900006214,0001,2024-06-18,201,FU-001,EC,CS01,123.2,L,H,EC-D5,,,,,
4900006215,0001,2024-06-18,201,FU-001,EC,CS01,130.4,L,H,EC-D6,,,,,
4900006216,0001,2024-06-18,201,FU-001,EC,CS01,127.0,L,H,EC-D7,,,,,
4900006217,0001,2024-06-18,201,FU-001,EC,CS01,691.3,L,H,EC-GEN,,,,,
4900006218,0001,2024-06-19,201,AC-001,EC,CS01,110.1,L,H,EC-D7,,,,,
4900006219,0001,2024-06-19,201,AC-003,EC,CS01,3.26,L,H,EC-D5,,,,,
4900006220,0001,2024-06-19,201,FU-001,EC,CS01,118.6,L,H,EC-D1,,,,,
4900006221,0001,2024-06-19,201,FU-001,EC,CS01,101.8,L,H,EC-D2,,,,,
4900006222,0001,2024-06-19,201,FU-001,EC,CS01,146.9,L,H,EC-D3,,,,,
4900006223,0001,2024-06-19,201,FU-001,EC,CS01,148.6,L,H,EC-D4,,,,,
4900006224,0001,2024-06-19,201,FU-001,EC,CS01,106.7,L,H,EC-D5,,,,,
4900006225,0001,2024-06-19,201,FU-001,EC,CS01,147.5,L,H,EC-D6,,,,,
4900006226,0001,2024-06-19,201,FU-001,EC,CS01,120.0,L,H,EC-D7,,,,,
4900006227,0001,2024-06-19,201,FU-001,EC,CS01,700.6,L,H,EC-GEN,,,,,
4900006228,0001,2024-06-19,201,SP-001,EC,CS01,1,EA,H,EC-WS,,,,,
4900006229,0001,2024-06-19,201,SP-007,EC,CS01,1,EA,H,EC-WS,,,,,
4900006230,0001,2024-06-19,201,SP-008,EC,CS01,1,EA,H,EC-WS,,,,,
4900006231,0001,2024-06-20,201,AC-001,EC,CS01,154.7,L,H,EC-D7,,,,,
4900006232,0001,2024-06-20,201,AC-003,EC,CS01,7.14,L,H,EC-D3,,,,,
4900006233,0001,2024-06-20,201,FU-001,EC,CS01,113.7,L,H,EC-D1,,,,,
4900006234,0001,2024-06-20,201,FU-001,EC,CS01,103.3,L,H,EC-D2,,,,,
4900006235,0001,2024-06-20,201,FU-001,EC,CS01,149.7,L,H,EC-D3,,,,,
4900006236,0001,2024-06-20,201,FU-001,EC,CS01,155.8,L,H,EC-D4,,,,,
4900006237,0001,2024-06-20,201,FU-001,EC,CS01,114.7,L,H,EC-D5,,,,,
4900006238,0001,2024-06-20,201,FU-001,EC,CS01,116.2,L,H,EC-D6,,,,,
4900006239,0001,2024-06-20,201,FU-001,EC,CS01,119.7,L,H,EC-D7,,,,,
4900006240,0001,2024-06-20,201,FU-001,EC,CS01,646.4,L,H,EC-GEN,,,,,
4900006241,0001,2024-06-20,201,SP-006,EC,CS01,1,EA,H,EC-WS,,,,,
4900006242,0001,2024-06-21,201,AC-001,EC,CS01,110.0,L,H,EC-D3,,,,,
4900006243,0001,2024-06-21,201,AC-002,EC,CS01,4.79,KG,H,EC-D3,,,,,
4900006244,0001,2024-06-21,201,AC-003,EC,CS01,2.74,L,H,EC-D5,,,,,
4900006245,0001,2024-06-21,201,FU-001,EC,CS01,147.2,L,H,EC-D1,,,,,
4900006246,0001,2024-06-21,201,FU-001,EC,CS01,130.4,L,H,EC-D2,,,,,
4900006247,0001,2024-06-21,201,FU-001,EC,CS01,167.0,L,H,EC-D3,,,,,
4900006248,0001,2024-06-21,201,FU-001,EC,CS01,174.7,L,H,EC-D4,,,,,
4900006249,0001,2024-06-21,201,FU-001,EC,CS01,112.8,L,H,EC-D5,,,,,
4900006250,0001,2024-06-21,201,FU-001,EC,CS01,136.6,L,H,EC-D6,,,,,
4900006251,0001,2024-06-21,201,FU-001,EC,CS01,119.4,L,H,EC-D7,,,,,
4900006252,0001,2024-06-21,201,FU-001,EC,CS01,587.0,L,H,EC-GEN,,,,,
4900006253,0001,2024-06-21,201,SP-002,EC,CS01,1,EA,H,EC-WS,,,,,
4900006254,0001,2024-06-21,101,SP-006,EC,CS01,4,EA,S,,,,,4500000268,00010
4900006255,0001,2024-06-21,201,SP-008,EC,CS01,1,EA,H,EC-WS,,,,,
4900006256,0001,2024-06-22,201,AC-001,EC,CS01,123.4,L,H,EC-D4,,,,,
4900006257,0001,2024-06-22,201,FU-001,EC,CS01,137.4,L,H,EC-D1,,,,,
4900006258,0001,2024-06-22,201,FU-001,EC,CS01,78.2,L,H,EC-D2,,,,,
4900006259,0001,2024-06-22,201,FU-001,EC,CS01,147.4,L,H,EC-D3,,,,,
4900006260,0001,2024-06-22,201,FU-001,EC,CS01,125.4,L,H,EC-D4,,,,,
4900006261,0001,2024-06-22,201,FU-001,EC,CS01,138.0,L,H,EC-D5,,,,,
4900006262,0001,2024-06-22,201,FU-001,EC,CS01,131.3,L,H,EC-D6,,,,,
4900006263,0001,2024-06-22,201,FU-001,EC,CS01,130.5,L,H,EC-D7,,,,,
4900006264,0001,2024-06-22,201,FU-001,EC,CS01,623.6,L,H,EC-GEN,,,,,
4900006265,0001,2024-06-22,101,SP-004,EC,CS01,4,EA,S,,,,,4500000272,00010
4900006266,0001,2024-06-22,201,SP-006,EC,CS01,1,EA,H,EC-WS,,,,,
4900006267,0001,2024-06-22,201,SP-007,EC,CS01,1,EA,H,EC-WS,,,,,
4900006268,0001,2024-06-23,201,FU-001,EC,CS01,639.3,L,H,EC-GEN,,,,,
4900006269,0001,2024-06-24,201,AC-001,EC,CS01,97.6,L,H,EC-D4,,,,,
4900006270,0001,2024-06-24,201,FU-001,EC,CS01,119.7,L,H,EC-D1,,,,,
4900006271,0001,2024-06-24,201,FU-001,EC,CS01,79.8,L,H,EC-D2,,,,,
4900006272,0001,2024-06-24,201,FU-001,EC,CS01,167.8,L,H,EC-D3,,,,,
4900006273,0001,2024-06-24,201,FU-001,EC,CS01,164.0,L,H,EC-D4,,,,,
4900006274,0001,2024-06-24,201,FU-001,EC,CS01,155.2,L,H,EC-D5,,,,,
4900006275,0001,2024-06-24,201,FU-001,EC,CS01,152.0,L,H,EC-D6,,,,,
4900006276,0001,2024-06-24,201,FU-001,EC,CS01,126.0,L,H,EC-D7,,,,,
4900006277,0001,2024-06-24,201,FU-001,EC,CS01,657.7,L,H,EC-GEN,,,,,
4900006278,0001,2024-06-24,101,SP-007,EC,CS01,4,EA,S,,,,,4500000281,00010
4900006279,0001,2024-06-25,201,AC-003,EC,CS01,0.85,L,H,EC-D1,,,,,
4900006280,0001,2024-06-25,201,FE-001,EC,CS01,11747.5,KG,H,EC-D6,,245,0000002025,,
4900006281,0001,2024-06-25,201,FU-001,EC,CS01,118.6,L,H,EC-D1,,,,,
4900006282,0001,2024-06-25,201,FU-001,EC,CS01,99.0,L,H,EC-D2,,,,,
4900006283,0001,2024-06-25,201,FU-001,EC,CS01,154.9,L,H,EC-D3,,,,,
4900006284,0001,2024-06-25,201,FU-001,EC,CS01,159.0,L,H,EC-D4,,,,,
4900006285,0001,2024-06-25,201,FU-001,EC,CS01,106.2,L,H,EC-D5,,,,,
4900006286,0001,2024-06-25,201,FU-001,EC,CS01,133.8,L,H,EC-D6,,,,,
4900006287,0001,2024-06-25,201,FU-001,EC,CS01,127.3,L,H,EC-D7,,,,,
4900006288,0001,2024-06-25,201,FU-001,EC,CS01,662.4,L,H,EC-GEN,,,,,
4900006289,0001,2024-06-25,201,SP-003,EC,CS01,1,EA,H,EC-WS,,,,,
4900006290,0001,2024-06-26,201,AC-001,EC,CS01,64.5,L,H,EC-D4,,,,,
4900006291,0001,2024-06-26,201,FU-001,EC,CS01,109.7,L,H,EC-D1,,,,,
4900006292,0001,2024-06-26,201,FU-001,EC,CS01,116.1,L,H,EC-D2,,,,,
4900006293,0001,2024-06-26,201,FU-001,EC,CS01,165.7,L,H,EC-D3,,,,,
4900006294,0001,2024-06-26,201,FU-001,EC,CS01,179.7,L,H,EC-D4,,,,,
4900006295,0001,2024-06-26,201,FU-001,EC,CS01,92.5,L,H,EC-D5,,,,,
4900006296,0001,2024-06-26,201,FU-001,EC,CS01,123.0,L,H,EC-D6,,,,,
4900006297,0001,2024-06-26,201,FU-001,EC,CS01,146.2,L,H,EC-D7,,,,,
4900006298,0001,2024-06-26,201,FU-001,EC,CS01,601.3,L,H,EC-GEN,,,,,
4900006299,0001,2024-06-26,201,SP-001,EC,CS01,1,EA,H,EC-WS,,,,,
4900006300,0001,2024-06-26,201,SP-002,EC,CS01,1,EA,H,EC-WS,,,,,
4900006301,0001,2024-06-26,101,SP-005,EC,CS01,4,EA,S,,,,,4500000283,00010
4900006302,0001,2024-06-26,201,SP-008,EC,CS01,1,EA,H,EC-WS,,,,,
4900006303,0001,2024-06-27,201,FE-003,EC,CS01,1510.5,KG,H,EC-D5,,184,0000001883,,
4900006304,0001,2024-06-27,201,FU-001,EC,CS01,116.7,L,H,EC-D1,,,,,
4900006305,0001,2024-06-27,201,FU-001,EC,CS01,115.4,L,H,EC-D2,,,,,
4900006306,0001,2024-06-27,201,FU-001,EC,CS01,157.6,L,H,EC-D3,,,,,
4900006307,0001,2024-06-27,201,FU-001,EC,CS01,192.9,L,H,EC-D4,,,,,
4900006308,0001,2024-06-27,201,FU-001,EC,CS01,110.5,L,H,EC-D5,,,,,
4900006309,0001,2024-06-27,201,FU-001,EC,CS01,125.0,L,H,EC-D6,,,,,
4900006310,0001,2024-06-27,201,FU-001,EC,CS01,134.4,L,H,EC-D7,,,,,
4900006311,0001,2024-06-27,201,FU-001,EC,CS01,692.2,L,H,EC-GEN,,,,,
4900006312,0001,2024-06-27,201,SP-002,EC,CS01,1,EA,H,EC-WS,,,,,
4900006313,0001,2024-06-28,101,FU-001,EC,CS01,8000,L,S,,,,,4500000284,00010
4900006314,0001,2024-06-28,101,FU-001,EC,CS01,8000,L,S,,,,,4500000290,00010
4900006315,0001,2024-06-28,201,FU-001,EC,CS01,98.9,L,H,EC-D1,,,,,
4900006316,0001,2024-06-28,201,FU-001,EC,CS01,125.3,L,H,EC-D2,,,,,
4900006317,0001,2024-06-28,201,FU-001,EC,CS01,149.0,L,H,EC-D3,,,,,
4900006318,0001,2024-06-28,201,FU-001,EC,CS01,170.4,L,H,EC-D4,,,,,
4900006319,0001,2024-06-28,201,FU-001,EC,CS01,105.8,L,H,EC-D5,,,,,
4900006320,0001,2024-06-28,201,FU-001,EC,CS01,137.5,L,H,EC-D6,,,,,
4900006321,0001,2024-06-28,201,FU-001,EC,CS01,104.3,L,H,EC-D7,,,,,
4900006322,0001,2024-06-28,201,FU-001,EC,CS01,779.8,L,H,EC-GEN,,,,,
4900006323,0001,2024-06-28,101,SP-008,EC,CS01,1,EA,S,,,,,4500000291,00010
4900006324,0001,2024-06-28,201,SP-008,EC,CS01,1,EA,H,EC-WS,,,,,
4900006325,0001,2024-06-29,201,AC-001,EC,CS01,130.5,L,H,EC-D7,,,,,
4900006326,0001,2024-06-29,201,AC-003,EC,CS01,7.52,L,H,EC-D1,,,,,
4900006327,0001,2024-06-29,201,FU-001,EC,CS01,114.7,L,H,EC-D1,,,,,
4900006328,0001,2024-06-29,201,FU-001,EC,CS01,127.7,L,H,EC-D2,,,,,
4900006329,0001,2024-06-29,201,FU-001,EC,CS01,131.6,L,H,EC-D3,,,,,
4900006330,0001,2024-06-29,201,FU-001,EC,CS01,190.9,L,H,EC-D4,,,,,
4900006331,0001,2024-06-29,201,FU-001,EC,CS01,118.3,L,H,EC-D5,,,,,
4900006332,0001,2024-06-29,201,FU-001,EC,CS01,138.4,L,H,EC-D6,,,,,
4900006333,0001,2024-06-29,201,FU-001,EC,CS01,127.8,L,H,EC-D7,,,,,
4900006334,0001,2024-06-29,201,FU-001,EC,CS01,705.3,L,H,EC-GEN,,,,,
4900006335,0001,2024-06-29,201,SP-006,EC,CS01,1,EA,H,EC-WS,,,,,
4900006336,0001,2024-06-29,101,SP-008,EC,CS01,4,EA,S,,,,,4500000271,00010
4900006337,0001,2024-06-30,701,AC-001,EC,CS01,3.23,L,S,EC-STORE,,,,,
4900006338,0001,2024-06-30,702,AC-004,EC,CS01,0.02,KG,H,EC-STORE,,,,,
4900006339,0001,2024-06-30,551,FE-002,EC,CS01,3023.02,KG,H,EC-STORE,,,,,
4900006340,0001,2024-06-30,551,FE-003,EC,CS01,921.93,KG,H,EC-STORE,,,,,
4900006341,0001,2024-06-30,201,FU-001,EC,CS01,635.5,L,H,EC-GEN,,,,,
4900006342,0001,2024-07-01,201,AC-001,EC,CS01,84.4,L,H,EC-D2,,,,,
4900006343,0001,2024-07-01,201,AC-003,EC,CS01,4.24,L,H,EC-D2,,,,,
4900006344,0001,2024-07-01,201,FU-001,EC,CS01,106.2,L,H,EC-D1,,,,,
4900006345,0001,2024-07-01,201,FU-001,EC,CS01,115.6,L,H,EC-D2,,,,,
4900006346,0001,2024-07-01,201,FU-001,EC,CS01,109.0,L,H,EC-D3,,,,,
4900006347,0001,2024-07-01,201,FU-001,EC,CS01,152.3,L,H,EC-D4,,,,,
4900006348,0001,2024-07-01,201,FU-001,EC,CS01,112.3,L,H,EC-D5,,,,,
4900006349,0001,2024-07-01,201,FU-001,EC,CS01,115.8,L,H,EC-D6,,,,,
4900006350,0001,2024-07-01,201,FU-001,EC,CS01,119.4,L,H,EC-D7,,,,,
4900006351,0001,2024-07-01,201,FU-001,EC,CS01,661.2,L,H,EC-GEN,,,,,
4900006352,0001,2024-07-02,201,AC-001,EC,CS01,123.0,L,H,EC-D6,,,,,
4900006353,0001,2024-07-02,201,AC-002,EC,CS01,4.63,KG,H,EC-D6,,,,,
4900006354,0001,2024-07-02,201,FU-001,EC,CS01,97.6,L,H,EC-D1,,,,,
4900006355,0001,2024-07-02,201,FU-001,EC,CS01,109.9,L,H,EC-D2,,,,,
4900006356,0001,2024-07-02,201,FU-001,EC,CS01,132.7,L,H,EC-D3,,,,,
4900006357,0001,2024-07-02,201,FU-001,EC,CS01,123.2,L,H,EC-D4,,,,,
4900006358,0001,2024-07-02,201,FU-001,EC,CS01,106.0,L,H,EC-D5,,,,,
4900006359,0001,2024-07-02,201,FU-001,EC,CS01,118.6,L,H,EC-D6,,,,,
4900006360,0001,2024-07-02,201,FU-001,EC,CS01,120.7,L,H,EC-D7,,,,,
4900006361,0001,2024-07-02,201,FU-001,EC,CS01,662.5,L,H,EC-GEN,,,,,
4900006362,0001,2024-07-02,101,SP-002,EC,CS01,5,EA,S,,,,,4500000276,00010
4900006363,0001,2024-07-02,201,SP-003,EC,CS01,1,EA,H,EC-WS,,,,,
4900006364,0001,2024-07-02,201,SP-004,EC,CS01,1,EA,H,EC-WS,,,,,
4900006365,0001,2024-07-02,201,SP-005,EC,CS01,1,EA,H,EC-WS,,,,,
4900006366,0001,2024-07-03,201,AC-001,EC,CS01,96.3,L,H,EC-D5,,,,,
4900006367,0001,2024-07-03,201,AC-002,EC,CS01,3.79,KG,H,EC-D5,,,,,
4900006368,0001,2024-07-03,201,FU-001,EC,CS01,109.3,L,H,EC-D1,,,,,
4900006369,0001,2024-07-03,201,FU-001,EC,CS01,121.9,L,H,EC-D2,,,,,
4900006370,0001,2024-07-03,201,FU-001,EC,CS01,189.8,L,H,EC-D3,,,,,
4900006371,0001,2024-07-03,201,FU-001,EC,CS01,145.4,L,H,EC-D4,,,,,
4900006372,0001,2024-07-03,201,FU-001,EC,CS01,96.5,L,H,EC-D5,,,,,
4900006373,0001,2024-07-03,201,FU-001,EC,CS01,145.5,L,H,EC-D6,,,,,
4900006374,0001,2024-07-03,201,FU-001,EC,CS01,141.9,L,H,EC-D7,,,,,
4900006375,0001,2024-07-03,201,FU-001,EC,CS01,641.3,L,H,EC-GEN,,,,,
4900006376,0001,2024-07-03,201,SP-004,EC,CS01,1,EA,H,EC-WS,,,,,
4900006377,0001,2024-07-03,201,SP-005,EC,CS01,1,EA,H,EC-WS,,,,,
4900006378,0001,2024-07-03,201,SP-006,EC,CS01,1,EA,H,EC-WS,,,,,
4900006379,0001,2024-07-04,201,FU-001,EC,CS01,100.0,L,H,EC-D1,,,,,
4900006380,0001,2024-07-04,201,FU-001,EC,CS01,107.3,L,H,EC-D2,,,,,
4900006381,0001,2024-07-04,201,FU-001,EC,CS01,120.7,L,H,EC-D3,,,,,
4900006382,0001,2024-07-04,201,FU-001,EC,CS01,128.1,L,H,EC-D4,,,,,
4900006383,0001,2024-07-04,201,FU-001,EC,CS01,135.6,L,H,EC-D5,,,,,
4900006384,0001,2024-07-04,201,FU-001,EC,CS01,148.1,L,H,EC-D6,,,,,
4900006385,0001,2024-07-04,201,FU-001,EC,CS01,134.8,L,H,EC-D7,,,,,
4900006386,0001,2024-07-04,201,FU-001,EC,CS01,696.8,L,H,EC-GEN,,,,,
4900006387,0001,2024-07-05,201,AC-001,EC,CS01,93.1,L,H,EC-D3,,,,,
4900006388,0001,2024-07-05,201,AC-003,EC,CS01,8.47,L,H,EC-D2,,,,,
4900006389,0001,2024-07-05,201,FU-001,EC,CS01,117.6,L,H,EC-D1,,,,,
4900006390,0001,2024-07-05,201,FU-001,EC,CS01,131.0,L,H,EC-D2,,,,,
4900006391,0001,2024-07-05,201,FU-001,EC,CS01,133.1,L,H,EC-D3,,,,,
4900006392,0001,2024-07-05,201,FU-001,EC,CS01,149.2,L,H,EC-D4,,,,,
4900006393,0001,2024-07-05,201,FU-001,EC,CS01,121.4,L,H,EC-D5,,,,,
4900006394,0001,2024-07-05,201,FU-001,EC,CS01,153.2,L,H,EC-D6,,,,,
4900006395,0001,2024-07-05,201,FU-001,EC,CS01,121.5,L,H,EC-D7,,,,,
4900006396,0001,2024-07-05,201,FU-001,EC,CS01,776.4,L,H,EC-GEN,,,,,
4900006397,0001,2024-07-06,201,AC-001,EC,CS01,106.8,L,H,EC-D7,,,,,
4900006398,0001,2024-07-06,201,AC-003,EC,CS01,1.52,L,H,EC-D6,,,,,
4900006399,0001,2024-07-06,101,FU-001,EC,CS01,8000,L,S,,,,,4500000292,00010
4900006400,0001,2024-07-06,201,FU-001,EC,CS01,126.1,L,H,EC-D1,,,,,
4900006401,0001,2024-07-06,201,FU-001,EC,CS01,101.4,L,H,EC-D2,,,,,
4900006402,0001,2024-07-06,201,FU-001,EC,CS01,123.6,L,H,EC-D3,,,,,
4900006403,0001,2024-07-06,201,FU-001,EC,CS01,146.2,L,H,EC-D4,,,,,
4900006404,0001,2024-07-06,201,FU-001,EC,CS01,104.0,L,H,EC-D5,,,,,
4900006405,0001,2024-07-06,201,FU-001,EC,CS01,110.8,L,H,EC-D6,,,,,
4900006406,0001,2024-07-06,201,FU-001,EC,CS01,142.5,L,H,EC-D7,,,,,
4900006407,0001,2024-07-06,201,FU-001,EC,CS01,688.5,L,H,EC-GEN,,,,,
4900006408,0001,2024-07-06,201,SP-001,EC,CS01,1,EA,H,EC-WS,,,,,
4900006409,0001,2024-07-07,201,FU-001,EC,CS01,621.2,L,H,EC-GEN,,,,,
4900006410,0001,2024-07-07,101,SP-001,EC,CS01,4,EA,S,,,,,4500000286,00010
4900006411,0001,2024-07-08,201,AC-001,EC,CS01,131.4,L,H,EC-D6,,,,,
4900006412,0001,2024-07-08,201,AC-003,EC,CS01,0.85,L,H,EC-D2,,,,,
4900006413,0001,2024-07-08,201,FU-001,EC,CS01,102.6,L,H,EC-D1,,,,,
4900006414,0001,2024-07-08,201,FU-001,EC,CS01,95.0,L,H,EC-D2,,,,,
4900006415,0001,2024-07-08,201,FU-001,EC,CS01,126.9,L,H,EC-D3,,,,,
4900006416,0001,2024-07-08,201,FU-001,EC,CS01,150.4,L,H,EC-D4,,,,,
4900006417,0001,2024-07-08,201,FU-001,EC,CS01,105.0,L,H,EC-D5,,,,,
4900006418,0001,2024-07-08,201,FU-001,EC,CS01,118.2,L,H,EC-D6,,,,,
4900006419,0001,2024-07-08,201,FU-001,EC,CS01,121.3,L,H,EC-D7,,,,,
4900006420,0001,2024-07-08,201,FU-001,EC,CS01,740.1,L,H,EC-GEN,,,,,
4900006421,0001,2024-07-08,201,SP-004,EC,CS01,1,EA,H,EC-WS,,,,,
4900006422,0001,2024-07-09,101,AC-001,EC,CS01,2900,L,S,,,,,4500000280,00010
4900006423,0001,2024-07-09,201,AC-001,EC,CS01,107.8,L,H,EC-D4,,,,,
4900006424,0001,2024-07-09,201,FU-001,EC,CS01,105.0,L,H,EC-D1,,,,,
4900006425,0001,2024-07-09,201,FU-001,EC,CS01,97.2,L,H,EC-D2,,,,,
4900006426,0001,2024-07-09,201,FU-001,EC,CS01,107.1,L,H,EC-D3,,,,,
4900006427,0001,2024-07-09,201,FU-001,EC,CS01,158.3,L,H,EC-D4,,,,,
4900006428,0001,2024-07-09,201,FU-001,EC,CS01,110.0,L,H,EC-D5,,,,,
4900006429,0001,2024-07-09,201,FU-001,EC,CS01,140.0,L,H,EC-D6,,,,,
4900006430,0001,2024-07-09,201,FU-001,EC,CS01,118.0,L,H,EC-D7,,,,,
4900006431,0001,2024-07-09,201,FU-001,EC,CS01,589.6,L,H,EC-GEN,,,,,
4900006432,0001,2024-07-10,201,AC-001,EC,CS01,105.6,L,H,EC-D1,,,,,
4900006433,0001,2024-07-10,201,AC-003,EC,CS01,1.99,L,H,EC-D7,,,,,
4900006434,0001,2024-07-10,201,FU-001,EC,CS01,119.3,L,H,EC-D1,,,,,
4900006435,0001,2024-07-10,201,FU-001,EC,CS01,106.3,L,H,EC-D2,,,,,
4900006436,0001,2024-07-10,201,FU-001,EC,CS01,137.1,L,H,EC-D3,,,,,
4900006437,0001,2024-07-10,201,FU-001,EC,CS01,152.3,L,H,EC-D4,,,,,
4900006438,0001,2024-07-10,201,FU-001,EC,CS01,111.3,L,H,EC-D5,,,,,
4900006439,0001,2024-07-10,201,FU-001,EC,CS01,149.7,L,H,EC-D6,,,,,
4900006440,0001,2024-07-10,201,FU-001,EC,CS01,153.2,L,H,EC-D7,,,,,
4900006441,0001,2024-07-10,201,FU-001,EC,CS01,598.7,L,H,EC-GEN,,,,,
4900006442,0001,2024-07-10,201,SP-002,EC,CS01,1,EA,H,EC-WS,,,,,
4900006443,0001,2024-07-11,201,AC-001,EC,CS01,134.5,L,H,EC-D4,,,,,
4900006444,0001,2024-07-11,201,AC-003,EC,CS01,3.22,L,H,EC-D6,,,,,
4900006445,0001,2024-07-11,201,FU-001,EC,CS01,125.1,L,H,EC-D1,,,,,
4900006446,0001,2024-07-11,201,FU-001,EC,CS01,111.0,L,H,EC-D2,,,,,
4900006447,0001,2024-07-11,201,FU-001,EC,CS01,172.5,L,H,EC-D3,,,,,
4900006448,0001,2024-07-11,201,FU-001,EC,CS01,160.1,L,H,EC-D4,,,,,
4900006449,0001,2024-07-11,201,FU-001,EC,CS01,127.0,L,H,EC-D5,,,,,
4900006450,0001,2024-07-11,201,FU-001,EC,CS01,153.6,L,H,EC-D6,,,,,
4900006451,0001,2024-07-11,201,FU-001,EC,CS01,105.5,L,H,EC-D7,,,,,
4900006452,0001,2024-07-11,201,FU-001,EC,CS01,782.6,L,H,EC-GEN,,,,,
4900006453,0001,2024-07-11,201,SP-005,EC,CS01,1,EA,H,EC-WS,,,,,
4900006454,0001,2024-07-12,201,AC-001,EC,CS01,121.2,L,H,EC-D5,,,,,
4900006455,0001,2024-07-12,201,AC-002,EC,CS01,4.75,KG,H,EC-D5,,,,,
4900006456,0001,2024-07-12,201,AC-003,EC,CS01,2.46,L,H,EC-D7,,,,,
4900006457,0001,2024-07-12,101,FU-001,EC,CS01,8000,L,S,,,,,4500000293,00010
4900006458,0001,2024-07-12,201,FU-001,EC,CS01,110.1,L,H,EC-D1,,,,,
4900006459,0001,2024-07-12,201,FU-001,EC,CS01,110.2,L,H,EC-D2,,,,,
4900006460,0001,2024-07-12,201,FU-001,EC,CS01,148.3,L,H,EC-D3,,,,,
4900006461,0001,2024-07-12,201,FU-001,EC,CS01,140.5,L,H,EC-D4,,,,,
4900006462,0001,2024-07-12,201,FU-001,EC,CS01,132.2,L,H,EC-D5,,,,,
4900006463,0001,2024-07-12,201,FU-001,EC,CS01,154.3,L,H,EC-D6,,,,,
4900006464,0001,2024-07-12,201,FU-001,EC,CS01,116.0,L,H,EC-D7,,,,,
4900006465,0001,2024-07-12,201,FU-001,EC,CS01,674.5,L,H,EC-GEN,,,,,
4900006466,0001,2024-07-12,101,SP-004,EC,CS01,4,EA,S,,,,,4500000278,00010
4900006467,0001,2024-07-12,201,SP-004,EC,CS01,1,EA,H,EC-WS,,,,,
4900006468,0001,2024-07-12,201,SP-004,EC,CS01,1,EA,H,EC-WS,,,,,
4900006469,0001,2024-07-13,201,AC-001,EC,CS01,141.0,L,H,EC-D6,,,,,
4900006470,0001,2024-07-13,201,AC-003,EC,CS01,12.88,L,H,EC-D4,,,,,
4900006471,0001,2024-07-13,201,FU-001,EC,CS01,92.1,L,H,EC-D1,,,,,
4900006472,0001,2024-07-13,201,FU-001,EC,CS01,96.4,L,H,EC-D2,,,,,
4900006473,0001,2024-07-13,201,FU-001,EC,CS01,122.9,L,H,EC-D3,,,,,
4900006474,0001,2024-07-13,201,FU-001,EC,CS01,160.7,L,H,EC-D4,,,,,
4900006475,0001,2024-07-13,201,FU-001,EC,CS01,103.4,L,H,EC-D5,,,,,
4900006476,0001,2024-07-13,201,FU-001,EC,CS01,138.7,L,H,EC-D6,,,,,
4900006477,0001,2024-07-13,201,FU-001,EC,CS01,134.6,L,H,EC-D7,,,,,
4900006478,0001,2024-07-13,201,FU-001,EC,CS01,619.7,L,H,EC-GEN,,,,,
4900006479,0001,2024-07-13,201,SP-005,EC,CS01,1,EA,H,EC-WS,,,,,
4900006480,0001,2024-07-14,101,FU-001,EC,CS01,8000,L,S,,,,,4500000295,00010
4900006481,0001,2024-07-14,201,FU-001,EC,CS01,688.1,L,H,EC-GEN,,,,,
4900006482,0001,2024-07-15,201,AC-001,EC,CS01,192.5,L,H,EC-D1,,,,,
4900006483,0001,2024-07-15,201,FU-001,EC,CS01,99.8,L,H,EC-D1,,,,,
4900006484,0001,2024-07-15,201,FU-001,EC,CS01,105.0,L,H,EC-D2,,,,,
4900006485,0001,2024-07-15,201,FU-001,EC,CS01,147.9,L,H,EC-D3,,,,,
4900006486,0001,2024-07-15,201,FU-001,EC,CS01,171.5,L,H,EC-D4,,,,,
4900006487,0001,2024-07-15,201,FU-001,EC,CS01,120.0,L,H,EC-D5,,,,,
4900006488,0001,2024-07-15,201,FU-001,EC,CS01,128.5,L,H,EC-D6,,,,,
4900006489,0001,2024-07-15,201,FU-001,EC,CS01,139.9,L,H,EC-D7,,,,,
4900006490,0001,2024-07-15,201,FU-001,EC,CS01,693.8,L,H,EC-GEN,,,,,
4900006491,0001,2024-07-15,201,SP-005,EC,CS01,1,EA,H,EC-WS,,,,,
4900006492,0001,2024-07-16,201,AC-001,EC,CS01,130.1,L,H,EC-D4,,,,,
4900006493,0001,2024-07-16,201,AC-003,EC,CS01,2.21,L,H,EC-D2,,,,,
4900006494,0001,2024-07-16,201,FU-001,EC,CS01,103.7,L,H,EC-D1,,,,,
4900006495,0001,2024-07-16,201,FU-001,EC,CS01,111.6,L,H,EC-D2,,,,,
4900006496,0001,2024-07-16,201,FU-001,EC,CS01,142.0,L,H,EC-D3,,,,,
4900006497,0001,2024-07-16,201,FU-001,EC,CS01,135.7,L,H,EC-D4,,,,,
4900006498,0001,2024-07-16,201,FU-001,EC,CS01,102.0,L,H,EC-D5,,,,,
4900006499,0001,2024-07-16,201,FU-001,EC,CS01,153.6,L,H,EC-D6,,,,,
4900006500,0001,2024-07-16,201,FU-001,EC,CS01,123.3,L,H,EC-D7,,,,,
4900006501,0001,2024-07-16,201,FU-001,EC,CS01,660.6,L,H,EC-GEN,,,,,
4900006502,0001,2024-07-17,201,AC-001,EC,CS01,144.9,L,H,EC-D7,,,,,
4900006503,0001,2024-07-17,201,AC-003,EC,CS01,2.16,L,H,EC-D3,,,,,
4900006504,0001,2024-07-17,201,FU-001,EC,CS01,92.8,L,H,EC-D1,,,,,
4900006505,0001,2024-07-17,201,FU-001,EC,CS01,85.5,L,H,EC-D2,,,,,
4900006506,0001,2024-07-17,201,FU-001,EC,CS01,132.2,L,H,EC-D3,,,,,
4900006507,0001,2024-07-17,201,FU-001,EC,CS01,123.2,L,H,EC-D4,,,,,
4900006508,0001,2024-07-17,201,FU-001,EC,CS01,92.4,L,H,EC-D5,,,,,
4900006509,0001,2024-07-17,201,FU-001,EC,CS01,115.6,L,H,EC-D6,,,,,
4900006510,0001,2024-07-17,201,FU-001,EC,CS01,116.5,L,H,EC-D7,,,,,
4900006511,0001,2024-07-17,201,FU-001,EC,CS01,642.2,L,H,EC-GEN,,,,,
4900006512,0001,2024-07-17,201,SP-008,EC,CS01,1,EA,H,EC-WS,,,,,
4900006513,0001,2024-07-18,201,AC-001,EC,CS01,158.0,L,H,EC-D6,,,,,
4900006514,0001,2024-07-18,201,AC-003,EC,CS01,5.47,L,H,EC-D6,,,,,
4900006515,0001,2024-07-18,201,FU-001,EC,CS01,101.7,L,H,EC-D1,,,,,
4900006516,0001,2024-07-18,201,FU-001,EC,CS01,101.7,L,H,EC-D2,,,,,
4900006517,0001,2024-07-18,201,FU-001,EC,CS01,143.4,L,H,EC-D3,,,,,
4900006518,0001,2024-07-18,201,FU-001,EC,CS01,124.5,L,H,EC-D4,,,,,
4900006519,0001,2024-07-18,201,FU-001,EC,CS01,120.2,L,H,EC-D5,,,,,
4900006520,0001,2024-07-18,201,FU-001,EC,CS01,126.4,L,H,EC-D6,,,,,
4900006521,0001,2024-07-18,201,FU-001,EC,CS01,126.4,L,H,EC-D7,,,,,
4900006522,0001,2024-07-18,201,FU-001,EC,CS01,589.8,L,H,EC-GEN,,,,,
4900006523,0001,2024-07-19,201,AC-001,EC,CS01,117.6,L,H,EC-D3,,,,,
4900006524,0001,2024-07-19,101,AC-003,EC,CS01,100,L,S,,,,,4500000285,00010
4900006525,0001,2024-07-19,201,AC-003,EC,CS01,6.97,L,H,EC-D2,,,,,
4900006526,0001,2024-07-19,201,FU-001,EC,CS01,120.7,L,H,EC-D1,,,,,
4900006527,0001,2024-07-19,201,FU-001,EC,CS01,106.8,L,H,EC-D2,,,,,
4900006528,0001,2024-07-19,201,FU-001,EC,CS01,198.3,L,H,EC-D3,,,,,
4900006529,0001,2024-07-19,201,FU-001,EC,CS01,174.8,L,H,EC-D4,,,,,
4900006530,0001,2024-07-19,201,FU-001,EC,CS01,113.3,L,H,EC-D5,,,,,
4900006531,0001,2024-07-19,201,FU-001,EC,CS01,110.8,L,H,EC-D6,,,,,
4900006532,0001,2024-07-19,201,FU-001,EC,CS01,111.6,L,H,EC-D7,,,,,
4900006533,0001,2024-07-19,201,FU-001,EC,CS01,668.6,L,H,EC-GEN,,,,,
4900006534,0001,2024-07-19,201,SP-002,EC,CS01,1,EA,H,EC-WS,,,,,
4900006535,0001,2024-07-19,201,SP-003,EC,CS01,1,EA,H,EC-WS,,,,,
4900006536,0001,2024-07-19,201,SP-005,EC,CS01,1,EA,H,EC-WS,,,,,
4900006537,0001,2024-07-19,101,SP-008,EC,CS01,4,EA,S,,,,,4500000289,00010
4900006538,0001,2024-07-19,201,SP-008,EC,CS01,1,EA,H,EC-WS,,,,,
4900006539,0001,2024-07-20,201,AC-001,EC,CS01,75.5,L,H,EC-D3,,,,,
4900006540,0001,2024-07-20,201,FU-001,EC,CS01,112.4,L,H,EC-D1,,,,,
4900006541,0001,2024-07-20,201,FU-001,EC,CS01,95.8,L,H,EC-D2,,,,,
4900006542,0001,2024-07-20,201,FU-001,EC,CS01,132.4,L,H,EC-D3,,,,,
4900006543,0001,2024-07-20,201,FU-001,EC,CS01,182.6,L,H,EC-D4,,,,,
4900006544,0001,2024-07-20,201,FU-001,EC,CS01,116.0,L,H,EC-D5,,,,,
4900006545,0001,2024-07-20,201,FU-001,EC,CS01,122.6,L,H,EC-D6,,,,,
4900006546,0001,2024-07-20,201,FU-001,EC,CS01,125.4,L,H,EC-D7,,,,,
4900006547,0001,2024-07-20,201,FU-001,EC,CS01,701.5,L,H,EC-GEN,,,,,
4900006548,0001,2024-07-20,201,SP-003,EC,CS01,1,EA,H,EC-WS,,,,,
4900006549,0001,2024-07-20,101,SP-005,EC,CS01,4,EA,S,,,,,4500000297,00010
4900006550,0001,2024-07-20,201,SP-005,EC,CS01,1,EA,H,EC-WS,,,,,
4900006551,0001,2024-07-21,101,FU-001,EC,CS01,8000,L,S,,,,,4500000299,00010
4900006552,0001,2024-07-21,201,FU-001,EC,CS01,656.5,L,H,EC-GEN,,,,,
4900006553,0001,2024-07-22,201,AC-001,EC,CS01,91.0,L,H,EC-D1,,,,,
4900006554,0001,2024-07-22,201,AC-002,EC,CS01,3.49,KG,H,EC-D1,,,,,
4900006555,0001,2024-07-22,201,FU-001,EC,CS01,96.3,L,H,EC-D1,,,,,
4900006556,0001,2024-07-22,201,FU-001,EC,CS01,107.4,L,H,EC-D2,,,,,
4900006557,0001,2024-07-22,201,FU-001,EC,CS01,135.4,L,H,EC-D3,,,,,
4900006558,0001,2024-07-22,201,FU-001,EC,CS01,144.2,L,H,EC-D4,,,,,
4900006559,0001,2024-07-22,201,FU-001,EC,CS01,100.4,L,H,EC-D5,,,,,
4900006560,0001,2024-07-22,201,FU-001,EC,CS01,88.7,L,H,EC-D6,,,,,
4900006561,0001,2024-07-22,201,FU-001,EC,CS01,129.3,L,H,EC-D7,,,,,
4900006562,0001,2024-07-22,201,FU-001,EC,CS01,568.7,L,H,EC-GEN,,,,,
4900006563,0001,2024-07-23,201,AC-001,EC,CS01,91.2,L,H,EC-D2,,,,,
4900006564,0001,2024-07-23,101,AC-002,EC,CS01,42,KG,S,,,,,4500000288,00010
4900006565,0001,2024-07-23,201,AC-002,EC,CS01,3.51,KG,H,EC-D2,,,,,
4900006566,0001,2024-07-23,201,FU-001,EC,CS01,109.8,L,H,EC-D1,,,,,
4900006567,0001,2024-07-23,201,FU-001,EC,CS01,108.1,L,H,EC-D2,,,,,
4900006568,0001,2024-07-23,201,FU-001,EC,CS01,146.1,L,H,EC-D3,,,,,
4900006569,0001,2024-07-23,201,FU-001,EC,CS01,137.5,L,H,EC-D4,,,,,
4900006570,0001,2024-07-23,201,FU-001,EC,CS01,106.7,L,H,EC-D5,,,,,
4900006571,0001,2024-07-23,201,FU-001,EC,CS01,161.3,L,H,EC-D6,,,,,
4900006572,0001,2024-07-23,201,FU-001,EC,CS01,149.6,L,H,EC-D7,,,,,
4900006573,0001,2024-07-23,201,FU-001,EC,CS01,482.7,L,H,EC-GEN,,,,,
4900006574,0001,2024-07-23,201,SP-001,EC,CS01,1,EA,H,EC-WS,,,,,
4900006575,0001,2024-07-23,201,SP-001,EC,CS01,1,EA,H,EC-WS,,,,,
4900006576,0001,2024-07-23,101,SP-006,EC,CS01,4,EA,S,,,,,4500000287,00010
4900006577,0001,2024-07-24,201,AC-001,EC,CS01,136.9,L,H,EC-D6,,,,,
4900006578,0001,2024-07-24,201,AC-002,EC,CS01,5.61,KG,H,EC-D6,,,,,
4900006579,0001,2024-07-24,201,FU-001,EC,CS01,96.0,L,H,EC-D1,,,,,
4900006580,0001,2024-07-24,201,FU-001,EC,CS01,98.9,L,H,EC-D2,,,,,
4900006581,0001,2024-07-24,201,FU-001,EC,CS01,144.0,L,H,EC-D3,,,,,
4900006582,0001,2024-07-24,201,FU-001,EC,CS01,140.5,L,H,EC-D4,,,,,
4900006583,0001,2024-07-24,201,FU-001,EC,CS01,119.5,L,H,EC-D5,,,,,
4900006584,0001,2024-07-24,201,FU-001,EC,CS01,142.0,L,H,EC-D6,,,,,
4900006585,0001,2024-07-24,201,FU-001,EC,CS01,128.9,L,H,EC-D7,,,,,
4900006586,0001,2024-07-24,201,FU-001,EC,CS01,555.4,L,H,EC-GEN,,,,,
4900006587,0001,2024-07-25,201,AC-003,EC,CS01,3.2,L,H,EC-D4,,,,,
4900006588,0001,2024-07-25,201,FU-001,EC,CS01,111.5,L,H,EC-D1,,,,,
4900006589,0001,2024-07-25,201,FU-001,EC,CS01,109.3,L,H,EC-D2,,,,,
4900006590,0001,2024-07-25,201,FU-001,EC,CS01,169.2,L,H,EC-D3,,,,,
4900006591,0001,2024-07-25,201,FU-001,EC,CS01,149.1,L,H,EC-D4,,,,,
4900006592,0001,2024-07-25,201,FU-001,EC,CS01,122.1,L,H,EC-D5,,,,,
4900006593,0001,2024-07-25,201,FU-001,EC,CS01,131.1,L,H,EC-D6,,,,,
4900006594,0001,2024-07-25,201,FU-001,EC,CS01,117.9,L,H,EC-D7,,,,,
4900006595,0001,2024-07-25,201,FU-001,EC,CS01,650.6,L,H,EC-GEN,,,,,
4900006596,0001,2024-07-25,201,SP-007,EC,CS01,1,EA,H,EC-WS,,,,,
4900006597,0001,2024-07-26,201,AC-003,EC,CS01,2.81,L,H,EC-D7,,,,,
4900006598,0001,2024-07-26,201,FU-001,EC,CS01,107.5,L,H,EC-D1,,,,,
4900006599,0001,2024-07-26,201,FU-001,EC,CS01,108.1,L,H,EC-D2,,,,,
4900006600,0001,2024-07-26,201,FU-001,EC,CS01,150.0,L,H,EC-D3,,,,,
4900006601,0001,2024-07-26,201,FU-001,EC,CS01,167.0,L,H,EC-D4,,,,,
4900006602,0001,2024-07-26,201,FU-001,EC,CS01,99.5,L,H,EC-D5,,,,,
4900006603,0001,2024-07-26,201,FU-001,EC,CS01,142.6,L,H,EC-D6,,,,,
4900006604,0001,2024-07-26,201,FU-001,EC,CS01,131.2,L,H,EC-D7,,,,,
4900006605,0001,2024-07-26,201,FU-001,EC,CS01,689.7,L,H,EC-GEN,,,,,
4900006606,0001,2024-07-26,201,SP-002,EC,CS01,1,EA,H,EC-WS,,,,,
4900006607,0001,2024-07-27,201,AC-001,EC,CS01,164.9,L,H,EC-D4,,,,,
4900006608,0001,2024-07-27,201,FU-001,EC,CS01,106.6,L,H,EC-D1,,,,,
4900006609,0001,2024-07-27,201,FU-001,EC,CS01,100.3,L,H,EC-D2,,,,,
4900006610,0001,2024-07-27,201,FU-001,EC,CS01,142.3,L,H,EC-D3,,,,,
4900006611,0001,2024-07-27,201,FU-001,EC,CS01,130.9,L,H,EC-D4,,,,,
4900006612,0001,2024-07-27,201,FU-001,EC,CS01,115.9,L,H,EC-D5,,,,,
4900006613,0001,2024-07-27,201,FU-001,EC,CS01,126.4,L,H,EC-D6,,,,,
4900006614,0001,2024-07-27,201,FU-001,EC,CS01,117.6,L,H,EC-D7,,,,,
4900006615,0001,2024-07-27,201,FU-001,EC,CS01,671.8,L,H,EC-GEN,,,,,
4900006616,0001,2024-07-27,201,SP-005,EC,CS01,1,EA,H,EC-WS,,,,,
4900006617,0001,2024-07-27,201,SP-008,EC,CS01,1,EA,H,EC-WS,,,,,
4900006618,0001,2024-07-28,201,FU-001,EC,CS01,684.5,L,H,EC-GEN,,,,,
4900006619,0001,2024-07-29,201,AC-001,EC,CS01,65.6,L,H,EC-D7,,,,,
4900006620,0001,2024-07-29,201,AC-003,EC,CS01,12.88,L,H,EC-D1,,,,,
4900006621,0001,2024-07-29,201,FU-001,EC,CS01,116.6,L,H,EC-D1,,,,,
4900006622,0001,2024-07-29,201,FU-001,EC,CS01,115.1,L,H,EC-D2,,,,,
4900006623,0001,2024-07-29,201,FU-001,EC,CS01,130.5,L,H,EC-D3,,,,,
4900006624,0001,2024-07-29,201,FU-001,EC,CS01,166.5,L,H,EC-D4,,,,,
4900006625,0001,2024-07-29,201,FU-001,EC,CS01,107.3,L,H,EC-D5,,,,,
4900006626,0001,2024-07-29,201,FU-001,EC,CS01,109.2,L,H,EC-D6,,,,,
4900006627,0001,2024-07-29,201,FU-001,EC,CS01,115.0,L,H,EC-D7,,,,,
4900006628,0001,2024-07-29,201,FU-001,EC,CS01,699.1,L,H,EC-GEN,,,,,
4900006629,0001,2024-07-29,201,SP-007,EC,CS01,1,EA,H,EC-WS,,,,,
4900006630,0001,2024-07-30,201,AC-001,EC,CS01,172.5,L,H,EC-D5,,,,,
4900006631,0001,2024-07-30,201,FU-001,EC,CS01,95.8,L,H,EC-D1,,,,,
4900006632,0001,2024-07-30,201,FU-001,EC,CS01,103.3,L,H,EC-D2,,,,,
4900006633,0001,2024-07-30,201,FU-001,EC,CS01,131.3,L,H,EC-D3,,,,,
4900006634,0001,2024-07-30,201,FU-001,EC,CS01,143.0,L,H,EC-D4,,,,,
4900006635,0001,2024-07-30,201,FU-001,EC,CS01,122.6,L,H,EC-D5,,,,,
4900006636,0001,2024-07-30,201,FU-001,EC,CS01,133.4,L,H,EC-D6,,,,,
4900006637,0001,2024-07-30,201,FU-001,EC,CS01,172.5,L,H,EC-D7,,,,,
4900006638,0001,2024-07-30,201,FU-001,EC,CS01,590.3,L,H,EC-GEN,,,,,
4900006639,0001,2024-07-31,201,AC-001,EC,CS01,115.9,L,H,EC-D4,,,,,
4900006640,0001,2024-07-31,101,FU-001,EC,CS01,8000,L,S,,,,,4500000301,00010
4900006641,0001,2024-07-31,201,FU-001,EC,CS01,100.8,L,H,EC-D1,,,,,
4900006642,0001,2024-07-31,201,FU-001,EC,CS01,107.7,L,H,EC-D2,,,,,
4900006643,0001,2024-07-31,201,FU-001,EC,CS01,186.4,L,H,EC-D3,,,,,
4900006644,0001,2024-07-31,201,FU-001,EC,CS01,154.0,L,H,EC-D4,,,,,
4900006645,0001,2024-07-31,201,FU-001,EC,CS01,104.1,L,H,EC-D5,,,,,
4900006646,0001,2024-07-31,201,FU-001,EC,CS01,124.9,L,H,EC-D6,,,,,
4900006647,0001,2024-07-31,201,FU-001,EC,CS01,122.5,L,H,EC-D7,,,,,
4900006648,0001,2024-07-31,201,FU-001,EC,CS01,616.2,L,H,EC-GEN,,,,,
4900006649,0001,2024-07-31,101,SP-003,EC,CS01,5,EA,S,,,,,4500000300,00010
4900006650,0001,2024-08-01,201,AC-001,EC,CS01,104.0,L,H,EC-D4,,,,,
4900006651,0001,2024-08-01,201,AC-002,EC,CS01,4.28,KG,H,EC-D4,,,,,
4900006652,0001,2024-08-01,201,FU-001,EC,CS01,120.2,L,H,EC-D1,,,,,
4900006653,0001,2024-08-01,201,FU-001,EC,CS01,90.7,L,H,EC-D2,,,,,
4900006654,0001,2024-08-01,201,FU-001,EC,CS01,114.3,L,H,EC-D3,,,,,
4900006655,0001,2024-08-01,201,FU-001,EC,CS01,139.6,L,H,EC-D4,,,,,
4900006656,0001,2024-08-01,201,FU-001,EC,CS01,107.9,L,H,EC-D5,,,,,
4900006657,0001,2024-08-01,201,FU-001,EC,CS01,140.5,L,H,EC-D6,,,,,
4900006658,0001,2024-08-01,201,FU-001,EC,CS01,125.7,L,H,EC-D7,,,,,
4900006659,0001,2024-08-01,201,FU-001,EC,CS01,705.8,L,H,EC-GEN,,,,,
4900006660,0001,2024-08-01,101,SP-001,EC,CS01,4,EA,S,,,,,4500000302,00010
4900006661,0001,2024-08-01,201,SP-002,EC,CS01,1,EA,H,EC-WS,,,,,
4900006662,0001,2024-08-02,201,AC-001,EC,CS01,104.9,L,H,EC-D7,,,,,
4900006663,0001,2024-08-02,201,AC-003,EC,CS01,5.13,L,H,EC-D2,,,,,
4900006664,0001,2024-08-02,201,FU-001,EC,CS01,95.7,L,H,EC-D1,,,,,
4900006665,0001,2024-08-02,201,FU-001,EC,CS01,103.8,L,H,EC-D2,,,,,
4900006666,0001,2024-08-02,201,FU-001,EC,CS01,153.5,L,H,EC-D3,,,,,
4900006667,0001,2024-08-02,201,FU-001,EC,CS01,126.8,L,H,EC-D4,,,,,
4900006668,0001,2024-08-02,201,FU-001,EC,CS01,95.0,L,H,EC-D5,,,,,
4900006669,0001,2024-08-02,201,FU-001,EC,CS01,133.0,L,H,EC-D6,,,,,
4900006670,0001,2024-08-02,201,FU-001,EC,CS01,93.5,L,H,EC-D7,,,,,
4900006671,0001,2024-08-02,201,FU-001,EC,CS01,733.5,L,H,EC-GEN,,,,,
4900006672,0001,2024-08-03,201,AC-001,EC,CS01,91.4,L,H,EC-D3,,,,,
4900006673,0001,2024-08-03,201,FU-001,EC,CS01,107.3,L,H,EC-D1,,,,,
4900006674,0001,2024-08-03,201,FU-001,EC,CS01,104.2,L,H,EC-D2,,,,,
4900006675,0001,2024-08-03,201,FU-001,EC,CS01,132.6,L,H,EC-D3,,,,,
4900006676,0001,2024-08-03,201,FU-001,EC,CS01,153.0,L,H,EC-D4,,,,,
4900006677,0001,2024-08-03,201,FU-001,EC,CS01,100.3,L,H,EC-D5,,,,,
4900006678,0001,2024-08-03,201,FU-001,EC,CS01,139.3,L,H,EC-D6,,,,,
4900006679,0001,2024-08-03,201,FU-001,EC,CS01,106.8,L,H,EC-D7,,,,,
4900006680,0001,2024-08-03,201,FU-001,EC,CS01,713.7,L,H,EC-GEN,,,,,
4900006681,0001,2024-08-04,101,FU-001,EC,CS01,8000,L,S,,,,,4500000303,00010
4900006682,0001,2024-08-04,201,FU-001,EC,CS01,619.0,L,H,EC-GEN,,,,,
4900006683,0001,2024-08-04,101,SP-004,EC,CS01,4,EA,S,,,,,4500000294,00010
4900006684,0001,2024-08-05,201,AC-001,EC,CS01,96.9,L,H,EC-D3,,,,,
4900006685,0001,2024-08-05,201,FU-001,EC,CS01,94.9,L,H,EC-D1,,,,,
4900006686,0001,2024-08-05,201,FU-001,EC,CS01,96.1,L,H,EC-D2,,,,,
4900006687,0001,2024-08-05,201,FU-001,EC,CS01,116.0,L,H,EC-D3,,,,,
4900006688,0001,2024-08-05,201,FU-001,EC,CS01,137.9,L,H,EC-D4,,,,,
4900006689,0001,2024-08-05,201,FU-001,EC,CS01,125.8,L,H,EC-D5,,,,,
4900006690,0001,2024-08-05,201,FU-001,EC,CS01,127.7,L,H,EC-D6,,,,,
4900006691,0001,2024-08-05,201,FU-001,EC,CS01,119.5,L,H,EC-D7,,,,,
4900006692,0001,2024-08-05,201,FU-001,EC,CS01,743.9,L,H,EC-GEN,,,,,
4900006693,0001,2024-08-05,201,SP-002,EC,CS01,1,EA,H,EC-WS,,,,,
4900006694,0001,2024-08-05,201,SP-004,EC,CS01,1,EA,H,EC-WS,,,,,
4900006695,0001,2024-08-05,101,SP-005,EC,CS01,4,EA,S,,,,,4500000304,00010
4900006696,0001,2024-08-06,201,AC-001,EC,CS01,97.1,L,H,EC-D6,,,,,
4900006697,0001,2024-08-06,201,AC-002,EC,CS01,4.01,KG,H,EC-D6,,,,,
4900006698,0001,2024-08-06,201,AC-003,EC,CS01,6.04,L,H,EC-D5,,,,,
4900006699,0001,2024-08-06,201,FU-001,EC,CS01,106.8,L,H,EC-D1,,,,,
4900006700,0001,2024-08-06,201,FU-001,EC,CS01,108.2,L,H,EC-D2,,,,,
4900006701,0001,2024-08-06,201,FU-001,EC,CS01,111.0,L,H,EC-D3,,,,,
4900006702,0001,2024-08-06,201,FU-001,EC,CS01,155.5,L,H,EC-D4,,,,,
4900006703,0001,2024-08-06,201,FU-001,EC,CS01,116.3,L,H,EC-D5,,,,,
4900006704,0001,2024-08-06,201,FU-001,EC,CS01,107.7,L,H,EC-D6,,,,,
4900006705,0001,2024-08-06,201,FU-001,EC,CS01,116.9,L,H,EC-D7,,,,,
4900006706,0001,2024-08-06,201,FU-001,EC,CS01,570.5,L,H,EC-GEN,,,,,
4900006707,0001,2024-08-06,201,SP-002,EC,CS01,1,EA,H,EC-WS,,,,,
4900006708,0001,2024-08-06,201,SP-003,EC,CS01,1,EA,H,EC-WS,,,,,
4900006709,0001,2024-08-06,201,SP-007,EC,CS01,1,EA,H,EC-WS,,,,,
4900006710,0001,2024-08-07,201,AC-001,EC,CS01,50.9,L,H,EC-D5,,,,,
4900006711,0001,2024-08-07,201,AC-003,EC,CS01,6.04,L,H,EC-D4,,,,,
4900006712,0001,2024-08-07,201,FU-001,EC,CS01,109.9,L,H,EC-D1,,,,,
4900006713,0001,2024-08-07,201,FU-001,EC,CS01,82.5,L,H,EC-D2,,,,,
4900006714,0001,2024-08-07,201,FU-001,EC,CS01,151.5,L,H,EC-D3,,,,,
4900006715,0001,2024-08-07,201,FU-001,EC,CS01,129.7,L,H,EC-D4,,,,,
4900006716,0001,2024-08-07,201,FU-001,EC,CS01,98.9,L,H,EC-D5,,,,,
4900006717,0001,2024-08-07,201,FU-001,EC,CS01,124.1,L,H,EC-D6,,,,,
4900006718,0001,2024-08-07,201,FU-001,EC,CS01,142.9,L,H,EC-D7,,,,,
4900006719,0001,2024-08-07,201,FU-001,EC,CS01,532.5,L,H,EC-GEN,,,,,
4900006720,0001,2024-08-07,201,SP-006,EC,CS01,1,EA,H,EC-WS,,,,,
4900006721,0001,2024-08-07,201,SP-007,EC,CS01,1,EA,H,EC-WS,,,,,
4900006722,0001,2024-08-08,201,AC-001,EC,CS01,143.9,L,H,EC-D7,,,,,
4900006723,0001,2024-08-08,201,AC-002,EC,CS01,5.96,KG,H,EC-D7,,,,,
4900006724,0001,2024-08-08,101,FU-001,EC,CS01,8000,L,S,,,,,4500000307,00010
4900006725,0001,2024-08-08,201,FU-001,EC,CS01,96.8,L,H,EC-D1,,,,,
4900006726,0001,2024-08-08,201,FU-001,EC,CS01,103.3,L,H,EC-D2,,,,,
4900006727,0001,2024-08-08,201,FU-001,EC,CS01,122.5,L,H,EC-D3,,,,,
4900006728,0001,2024-08-08,201,FU-001,EC,CS01,159.6,L,H,EC-D4,,,,,
4900006729,0001,2024-08-08,201,FU-001,EC,CS01,123.6,L,H,EC-D5,,,,,
4900006730,0001,2024-08-08,201,FU-001,EC,CS01,164.8,L,H,EC-D6,,,,,
4900006731,0001,2024-08-08,201,FU-001,EC,CS01,101.5,L,H,EC-D7,,,,,
4900006732,0001,2024-08-08,201,FU-001,EC,CS01,645.3,L,H,EC-GEN,,,,,
4900006733,0001,2024-08-08,201,SP-003,EC,CS01,1,EA,H,EC-WS,,,,,
4900006734,0001,2024-08-08,101,SP-007,EC,CS01,4,EA,S,,,,,4500000306,00010
4900006735,0001,2024-08-09,201,AC-001,EC,CS01,139.4,L,H,EC-D4,,,,,
4900006736,0001,2024-08-09,201,AC-002,EC,CS01,5.15,KG,H,EC-D4,,,,,
4900006737,0001,2024-08-09,201,AC-003,EC,CS01,2.46,L,H,EC-D5,,,,,
4900006738,0001,2024-08-09,201,FU-001,EC,CS01,122.5,L,H,EC-D1,,,,,
4900006739,0001,2024-08-09,201,FU-001,EC,CS01,124.3,L,H,EC-D2,,,,,
4900006740,0001,2024-08-09,201,FU-001,EC,CS01,132.2,L,H,EC-D3,,,,,
4900006741,0001,2024-08-09,201,FU-001,EC,CS01,140.2,L,H,EC-D4,,,,,
4900006742,0001,2024-08-09,201,FU-001,EC,CS01,112.7,L,H,EC-D5,,,,,
4900006743,0001,2024-08-09,201,FU-001,EC,CS01,156.6,L,H,EC-D6,,,,,
4900006744,0001,2024-08-09,201,FU-001,EC,CS01,121.8,L,H,EC-D7,,,,,
4900006745,0001,2024-08-09,201,FU-001,EC,CS01,696.4,L,H,EC-GEN,,,,,
4900006746,0001,2024-08-09,201,SP-001,EC,CS01,1,EA,H,EC-WS,,,,,
4900006747,0001,2024-08-10,201,AC-001,EC,CS01,123.2,L,H,EC-D4,,,,,
4900006748,0001,2024-08-10,201,AC-003,EC,CS01,7.59,L,H,EC-D2,,,,,
4900006749,0001,2024-08-10,201,FU-001,EC,CS01,106.6,L,H,EC-D1,,,,,
4900006750,0001,2024-08-10,201,FU-001,EC,CS01,85.0,L,H,EC-D2,,,,,
4900006751,0001,2024-08-10,201,FU-001,EC,CS01,138.9,L,H,EC-D3,,,,,
4900006752,0001,2024-08-10,201,FU-001,EC,CS01,178.1,L,H,EC-D4,,,,,
4900006753,0001,2024-08-10,201,FU-001,EC,CS01,104.6,L,H,EC-D5,,,,,
4900006754,0001,2024-08-10,201,FU-001,EC,CS01,101.6,L,H,EC-D6,,,,,
4900006755,0001,2024-08-10,201,FU-001,EC,CS01,113.6,L,H,EC-D7,,,,,
4900006756,0001,2024-08-10,201,FU-001,EC,CS01,601.0,L,H,EC-GEN,,,,,
4900006757,0001,2024-08-10,101,SP-002,EC,CS01,5,EA,S,,,,,4500000296,00010
4900006758,0001,2024-08-11,201,FU-001,EC,CS01,593.3,L,H,EC-GEN,,,,,
4900006759,0001,2024-08-12,101,AC-001,EC,CS01,200,L,S,,,,,4500000313,00010
4900006760,0001,2024-08-12,201,AC-001,EC,CS01,149.9,L,H,EC-D6,,,,,
4900006761,0001,2024-08-12,201,AC-002,EC,CS01,6.1,KG,H,EC-D6,,,,,
4900006762,0001,2024-08-12,201,FU-001,EC,CS01,124.6,L,H,EC-D1,,,,,
4900006763,0001,2024-08-12,201,FU-001,EC,CS01,91.5,L,H,EC-D2,,,,,
4900006764,0001,2024-08-12,201,FU-001,EC,CS01,134.1,L,H,EC-D3,,,,,
4900006765,0001,2024-08-12,201,FU-001,EC,CS01,164.4,L,H,EC-D4,,,,,
4900006766,0001,2024-08-12,201,FU-001,EC,CS01,112.6,L,H,EC-D5,,,,,
4900006767,0001,2024-08-12,201,FU-001,EC,CS01,150.6,L,H,EC-D6,,,,,
4900006768,0001,2024-08-12,201,FU-001,EC,CS01,122.2,L,H,EC-D7,,,,,
4900006769,0001,2024-08-12,201,FU-001,EC,CS01,638.1,L,H,EC-GEN,,,,,
4900006770,0001,2024-08-12,201,SP-001,EC,CS01,1,EA,H,EC-WS,,,,,
4900006771,0001,2024-08-12,201,SP-008,EC,CS01,1,EA,H,EC-WS,,,,,
4900006772,0001,2024-08-13,201,AC-001,EC,CS01,147.0,L,H,EC-D1,,,,,
4900006773,0001,2024-08-13,201,AC-002,EC,CS01,6.06,KG,H,EC-D1,,,,,
4900006774,0001,2024-08-13,201,AC-003,EC,CS01,3.2,L,H,EC-D1,,,,,
4900006775,0001,2024-08-13,201,FU-001,EC,CS01,111.4,L,H,EC-D1,,,,,
4900006776,0001,2024-08-13,201,FU-001,EC,CS01,97.8,L,H,EC-D2,,,,,
4900006777,0001,2024-08-13,201,FU-001,EC,CS01,167.5,L,H,EC-D3,,,,,
4900006778,0001,2024-08-13,201,FU-001,EC,CS01,155.1,L,H,EC-D4,,,,,
4900006779,0001,2024-08-13,201,FU-001,EC,CS01,127.7,L,H,EC-D5,,,,,
4900006780,0001,2024-08-13,201,FU-001,EC,CS01,137.8,L,H,EC-D6,,,,,
4900006781,0001,2024-08-13,201,FU-001,EC,CS01,104.2,L,H,EC-D7,,,,,
4900006782,0001,2024-08-13,201,FU-001,EC,CS01,696.4,L,H,EC-GEN,,,,,
4900006783,0001,2024-08-14,201,AC-003,EC,CS01,10.17,L,H,EC-D7,,,,,
4900006784,0001,2024-08-14,201,FU-001,EC,CS01,94.2,L,H,EC-D1,,,,,
4900006785,0001,2024-08-14,201,FU-001,EC,CS01,99.0,L,H,EC-D2,,,,,
4900006786,0001,2024-08-14,201,FU-001,EC,CS01,132.7,L,H,EC-D3,,,,,
4900006787,0001,2024-08-14,201,FU-001,EC,CS01,130.0,L,H,EC-D4,,,,,
4900006788,0001,2024-08-14,201,FU-001,EC,CS01,110.5,L,H,EC-D5,,,,,
4900006789,0001,2024-08-14,201,FU-001,EC,CS01,150.5,L,H,EC-D6,,,,,
4900006790,0001,2024-08-14,201,FU-001,EC,CS01,110.3,L,H,EC-D7,,,,,
4900006791,0001,2024-08-14,201,FU-001,EC,CS01,599.4,L,H,EC-GEN,,,,,
4900006792,0001,2024-08-15,101,AC-001,EC,CS01,200,L,S,,,,,4500000315,00010
4900006793,0001,2024-08-15,201,AC-001,EC,CS01,99.1,L,H,EC-D7,,,,,
4900006794,0001,2024-08-15,201,AC-002,EC,CS01,4.15,KG,H,EC-D7,,,,,
4900006795,0001,2024-08-15,201,AC-003,EC,CS01,3.53,L,H,EC-D2,,,,,
4900006796,0001,2024-08-15,101,FU-001,EC,CS01,8000,L,S,,,,,4500000312,00010
4900006797,0001,2024-08-15,201,FU-001,EC,CS01,134.8,L,H,EC-D1,,,,,
4900006798,0001,2024-08-15,201,FU-001,EC,CS01,94.8,L,H,EC-D2,,,,,
4900006799,0001,2024-08-15,201,FU-001,EC,CS01,130.1,L,H,EC-D3,,,,,
4900006800,0001,2024-08-15,201,FU-001,EC,CS01,142.3,L,H,EC-D4,,,,,
4900006801,0001,2024-08-15,201,FU-001,EC,CS01,106.2,L,H,EC-D5,,,,,
4900006802,0001,2024-08-15,201,FU-001,EC,CS01,124.5,L,H,EC-D6,,,,,
4900006803,0001,2024-08-15,201,FU-001,EC,CS01,131.3,L,H,EC-D7,,,,,
4900006804,0001,2024-08-15,201,FU-001,EC,CS01,582.3,L,H,EC-GEN,,,,,
4900006805,0001,2024-08-16,201,AC-001,EC,CS01,143.0,L,H,EC-D6,,,,,
4900006806,0001,2024-08-16,201,AC-002,EC,CS01,5.95,KG,H,EC-D6,,,,,
4900006807,0001,2024-08-16,201,FU-001,EC,CS01,128.9,L,H,EC-D1,,,,,
4900006808,0001,2024-08-16,201,FU-001,EC,CS01,103.7,L,H,EC-D2,,,,,
4900006809,0001,2024-08-16,201,FU-001,EC,CS01,141.6,L,H,EC-D3,,,,,
4900006810,0001,2024-08-16,201,FU-001,EC,CS01,146.4,L,H,EC-D4,,,,,
4900006811,0001,2024-08-16,201,FU-001,EC,CS01,103.5,L,H,EC-D5,,,,,
4900006812,0001,2024-08-16,201,FU-001,EC,CS01,119.5,L,H,EC-D6,,,,,
4900006813,0001,2024-08-16,201,FU-001,EC,CS01,131.9,L,H,EC-D7,,,,,
4900006814,0001,2024-08-16,201,FU-001,EC,CS01,617.9,L,H,EC-GEN,,,,,
4900006815,0001,2024-08-17,101,AC-001,EC,CS01,200,L,S,,,,,4500000317,00010
4900006816,0001,2024-08-17,201,AC-001,EC,CS01,140.0,L,H,EC-D4,,,,,
4900006817,0001,2024-08-17,201,FU-001,EC,CS01,113.7,L,H,EC-D1,,,,,
4900006818,0001,2024-08-17,201,FU-001,EC,CS01,106.2,L,H,EC-D2,,,,,
4900006819,0001,2024-08-17,201,FU-001,EC,CS01,115.6,L,H,EC-D3,,,,,
4900006820,0001,2024-08-17,201,FU-001,EC,CS01,120.5,L,H,EC-D4,,,,,
4900006821,0001,2024-08-17,201,FU-001,EC,CS01,108.0,L,H,EC-D5,,,,,
4900006822,0001,2024-08-17,201,FU-001,EC,CS01,141.3,L,H,EC-D6,,,,,
4900006823,0001,2024-08-17,201,FU-001,EC,CS01,120.4,L,H,EC-D7,,,,,
4900006824,0001,2024-08-17,201,FU-001,EC,CS01,589.6,L,H,EC-GEN,,,,,
4900006825,0001,2024-08-18,201,FU-001,EC,CS01,605.7,L,H,EC-GEN,,,,,
4900006826,0001,2024-08-19,101,AC-001,EC,CS01,200,L,S,,,,,4500000318,00010
4900006827,0001,2024-08-19,201,AC-001,EC,CS01,174.7,L,H,EC-D1,,,,,
4900006828,0001,2024-08-19,201,AC-003,EC,CS01,5.47,L,H,EC-D2,,,,,
4900006829,0001,2024-08-19,101,FU-001,EC,CS01,8000,L,S,,,,,4500000316,00010
4900006830,0001,2024-08-19,201,FU-001,EC,CS01,99.8,L,H,EC-D1,,,,,
4900006831,0001,2024-08-19,201,FU-001,EC,CS01,100.0,L,H,EC-D2,,,,,
4900006832,0001,2024-08-19,201,FU-001,EC,CS01,157.0,L,H,EC-D3,,,,,
4900006833,0001,2024-08-19,201,FU-001,EC,CS01,137.4,L,H,EC-D4,,,,,
4900006834,0001,2024-08-19,201,FU-001,EC,CS01,123.1,L,H,EC-D5,,,,,
4900006835,0001,2024-08-19,201,FU-001,EC,CS01,131.6,L,H,EC-D6,,,,,
4900006836,0001,2024-08-19,201,FU-001,EC,CS01,109.1,L,H,EC-D7,,,,,
4900006837,0001,2024-08-19,201,FU-001,EC,CS01,682.2,L,H,EC-GEN,,,,,
4900006838,0001,2024-08-20,101,AC-001,EC,CS01,200,L,S,,,,,4500000320,00010
4900006839,0001,2024-08-20,201,AC-001,EC,CS01,99.9,L,H,EC-D6,,,,,
4900006840,0001,2024-08-20,201,AC-003,EC,CS01,5.53,L,H,EC-D7,,,,,
4900006841,0001,2024-08-20,201,FU-001,EC,CS01,100.2,L,H,EC-D1,,,,,
4900006842,0001,2024-08-20,201,FU-001,EC,CS01,113.2,L,H,EC-D2,,,,,
4900006843,0001,2024-08-20,201,FU-001,EC,CS01,165.0,L,H,EC-D3,,,,,
4900006844,0001,2024-08-20,201,FU-001,EC,CS01,155.0,L,H,EC-D4,,,,,
4900006845,0001,2024-08-20,201,FU-001,EC,CS01,99.2,L,H,EC-D5,,,,,
4900006846,0001,2024-08-20,201,FU-001,EC,CS01,132.2,L,H,EC-D6,,,,,
4900006847,0001,2024-08-20,201,FU-001,EC,CS01,93.5,L,H,EC-D7,,,,,
4900006848,0001,2024-08-20,201,FU-001,EC,CS01,621.6,L,H,EC-GEN,,,,,
4900006849,0001,2024-08-20,201,SP-008,EC,CS01,1,EA,H,EC-WS,,,,,
4900006850,0001,2024-08-21,101,AC-001,EC,CS01,2900,L,S,,,,,4500000298,00010
4900006851,0001,2024-08-21,201,AC-001,EC,CS01,119.2,L,H,EC-D7,,,,,
4900006852,0001,2024-08-21,201,AC-003,EC,CS01,3.99,L,H,EC-D2,,,,,
4900006853,0001,2024-08-21,201,FU-001,EC,CS01,112.5,L,H,EC-D1,,,,,
4900006854,0001,2024-08-21,201,FU-001,EC,CS01,83.3,L,H,EC-D2,,,,,
4900006855,0001,2024-08-21,201,FU-001,EC,CS01,136.7,L,H,EC-D3,,,,,
4900006856,0001,2024-08-21,201,FU-001,EC,CS01,115.2,L,H,EC-D4,,,,,
4900006857,0001,2024-08-21,201,FU-001,EC,CS01,121.7,L,H,EC-D5,,,,,
4900006858,0001,2024-08-21,201,FU-001,EC,CS01,120.8,L,H,EC-D6,,,,,
4900006859,0001,2024-08-21,201,FU-001,EC,CS01,115.0,L,H,EC-D7,,,,,
4900006860,0001,2024-08-21,201,FU-001,EC,CS01,579.8,L,H,EC-GEN,,,,,
4900006861,0001,2024-08-21,201,SP-002,EC,CS01,1,EA,H,EC-WS,,,,,
4900006862,0001,2024-08-22,201,AC-001,EC,CS01,95.9,L,H,EC-D1,,,,,
4900006863,0001,2024-08-22,201,AC-003,EC,CS01,5.13,L,H,EC-D2,,,,,
4900006864,0001,2024-08-22,201,FU-001,EC,CS01,116.5,L,H,EC-D1,,,,,
4900006865,0001,2024-08-22,201,FU-001,EC,CS01,113.1,L,H,EC-D2,,,,,
4900006866,0001,2024-08-22,201,FU-001,EC,CS01,100.9,L,H,EC-D3,,,,,
4900006867,0001,2024-08-22,201,FU-001,EC,CS01,165.3,L,H,EC-D4,,,,,
4900006868,0001,2024-08-22,201,FU-001,EC,CS01,106.1,L,H,EC-D5,,,,,
4900006869,0001,2024-08-22,201,FU-001,EC,CS01,150.9,L,H,EC-D6,,,,,
4900006870,0001,2024-08-22,201,FU-001,EC,CS01,121.0,L,H,EC-D7,,,,,
4900006871,0001,2024-08-22,201,FU-001,EC,CS01,794.7,L,H,EC-GEN,,,,,
4900006872,0001,2024-08-22,201,SP-005,EC,CS01,1,EA,H,EC-WS,,,,,
4900006873,0001,2024-08-23,201,FU-001,EC,CS01,104.5,L,H,EC-D1,,,,,
4900006874,0001,2024-08-23,201,FU-001,EC,CS01,125.9,L,H,EC-D2,,,,,
4900006875,0001,2024-08-23,201,FU-001,EC,CS01,130.1,L,H,EC-D3,,,,,
4900006876,0001,2024-08-23,201,FU-001,EC,CS01,179.4,L,H,EC-D4,,,,,
4900006877,0001,2024-08-23,201,FU-001,EC,CS01,123.2,L,H,EC-D5,,,,,
4900006878,0001,2024-08-23,201,FU-001,EC,CS01,123.8,L,H,EC-D6,,,,,
4900006879,0001,2024-08-23,201,FU-001,EC,CS01,118.2,L,H,EC-D7,,,,,
4900006880,0001,2024-08-23,201,FU-001,EC,CS01,584.3,L,H,EC-GEN,,,,,
4900006881,0001,2024-08-23,201,SP-002,EC,CS01,1,EA,H,EC-WS,,,,,
4900006882,0001,2024-08-23,101,SP-008,EC,CS01,4,EA,S,,,,,4500000305,00010
4900006883,0001,2024-08-23,201,SP-008,EC,CS01,1,EA,H,EC-WS,,,,,
4900006884,0001,2024-08-24,201,AC-001,EC,CS01,106.9,L,H,EC-D6,,,,,
4900006885,0001,2024-08-24,201,AC-004,EC,CS01,0.5,KG,H,EC-D3,,,,,
4900006886,0001,2024-08-24,201,FU-001,EC,CS01,130.3,L,H,EC-D1,,,,,
4900006887,0001,2024-08-24,201,FU-001,EC,CS01,110.4,L,H,EC-D2,,,,,
4900006888,0001,2024-08-24,201,FU-001,EC,CS01,135.7,L,H,EC-D3,,,,,
4900006889,0001,2024-08-24,201,FU-001,EC,CS01,151.7,L,H,EC-D4,,,,,
4900006890,0001,2024-08-24,201,FU-001,EC,CS01,108.9,L,H,EC-D5,,,,,
4900006891,0001,2024-08-24,201,FU-001,EC,CS01,126.6,L,H,EC-D6,,,,,
4900006892,0001,2024-08-24,201,FU-001,EC,CS01,145.2,L,H,EC-D7,,,,,
4900006893,0001,2024-08-24,201,FU-001,EC,CS01,746.8,L,H,EC-GEN,,,,,
4900006894,0001,2024-08-25,101,FU-001,EC,CS01,8000,L,S,,,,,4500000325,00010
4900006895,0001,2024-08-25,201,FU-001,EC,CS01,624.1,L,H,EC-GEN,,,,,
4900006896,0001,2024-08-26,201,AC-003,EC,CS01,2.66,L,H,EC-D3,,,,,
4900006897,0001,2024-08-26,201,FU-001,EC,CS01,134.3,L,H,EC-D1,,,,,
4900006898,0001,2024-08-26,201,FU-001,EC,CS01,94.8,L,H,EC-D2,,,,,
4900006899,0001,2024-08-26,201,FU-001,EC,CS01,121.1,L,H,EC-D3,,,,,
4900006900,0001,2024-08-26,201,FU-001,EC,CS01,147.7,L,H,EC-D4,,,,,
4900006901,0001,2024-08-26,201,FU-001,EC,CS01,112.9,L,H,EC-D5,,,,,
4900006902,0001,2024-08-26,201,FU-001,EC,CS01,109.0,L,H,EC-D6,,,,,
4900006903,0001,2024-08-26,201,FU-001,EC,CS01,131.3,L,H,EC-D7,,,,,
4900006904,0001,2024-08-26,201,FU-001,EC,CS01,638.4,L,H,EC-GEN,,,,,
4900006905,0001,2024-08-27,201,AC-001,EC,CS01,78.2,L,H,EC-D7,,,,,
4900006906,0001,2024-08-27,201,AC-003,EC,CS01,8.47,L,H,EC-D6,,,,,
4900006907,0001,2024-08-27,201,FU-001,EC,CS01,99.2,L,H,EC-D1,,,,,
4900006908,0001,2024-08-27,201,FU-001,EC,CS01,83.4,L,H,EC-D2,,,,,
4900006909,0001,2024-08-27,201,FU-001,EC,CS01,162.7,L,H,EC-D3,,,,,
4900006910,0001,2024-08-27,201,FU-001,EC,CS01,122.5,L,H,EC-D4,,,,,
4900006911,0001,2024-08-27,201,FU-001,EC,CS01,118.6,L,H,EC-D5,,,,,
4900006912,0001,2024-08-27,201,FU-001,EC,CS01,142.2,L,H,EC-D6,,,,,
4900006913,0001,2024-08-27,201,FU-001,EC,CS01,110.1,L,H,EC-D7,,,,,
4900006914,0001,2024-08-27,201,FU-001,EC,CS01,643.1,L,H,EC-GEN,,,,,
4900006915,0001,2024-08-28,201,AC-001,EC,CS01,128.1,L,H,EC-D7,,,,,
4900006916,0001,2024-08-28,101,AC-002,EC,CS01,5,KG,S,,,,,4500000335,00010
4900006917,0001,2024-08-28,201,AC-002,EC,CS01,4.77,KG,H,EC-D7,,,,,
4900006918,0001,2024-08-28,201,AC-003,EC,CS01,5.13,L,H,EC-D3,,,,,
4900006919,0001,2024-08-28,201,FU-001,EC,CS01,95.6,L,H,EC-D1,,,,,
4900006920,0001,2024-08-28,201,FU-001,EC,CS01,98.3,L,H,EC-D2,,,,,
4900006921,0001,2024-08-28,201,FU-001,EC,CS01,111.2,L,H,EC-D3,,,,,
4900006922,0001,2024-08-28,201,FU-001,EC,CS01,160.1,L,H,EC-D4,,,,,
4900006923,0001,2024-08-28,201,FU-001,EC,CS01,116.6,L,H,EC-D5,,,,,
4900006924,0001,2024-08-28,201,FU-001,EC,CS01,112.0,L,H,EC-D6,,,,,
4900006925,0001,2024-08-28,201,FU-001,EC,CS01,115.2,L,H,EC-D7,,,,,
4900006926,0001,2024-08-28,201,FU-001,EC,CS01,633.3,L,H,EC-GEN,,,,,
4900006927,0001,2024-08-29,201,AC-001,EC,CS01,151.8,L,H,EC-D6,,,,,
4900006928,0001,2024-08-29,201,FU-001,EC,CS01,94.2,L,H,EC-D1,,,,,
4900006929,0001,2024-08-29,201,FU-001,EC,CS01,113.4,L,H,EC-D2,,,,,
4900006930,0001,2024-08-29,201,FU-001,EC,CS01,141.0,L,H,EC-D3,,,,,
4900006931,0001,2024-08-29,201,FU-001,EC,CS01,164.2,L,H,EC-D4,,,,,
4900006932,0001,2024-08-29,201,FU-001,EC,CS01,93.0,L,H,EC-D5,,,,,
4900006933,0001,2024-08-29,201,FU-001,EC,CS01,151.7,L,H,EC-D6,,,,,
4900006934,0001,2024-08-29,201,FU-001,EC,CS01,112.7,L,H,EC-D7,,,,,
4900006935,0001,2024-08-29,201,FU-001,EC,CS01,582.7,L,H,EC-GEN,,,,,
4900006936,0001,2024-08-29,101,SP-002,EC,CS01,5,EA,S,,,,,4500000309,00010
4900006937,0001,2024-08-29,201,SP-008,EC,CS01,1,EA,H,EC-WS,,,,,
4900006938,0001,2024-08-30,201,AC-001,EC,CS01,62.6,L,H,EC-D4,,,,,
4900006939,0001,2024-08-30,201,AC-002,EC,CS01,2.8,KG,H,EC-D4,,,,,
4900006940,0001,2024-08-30,201,AC-004,EC,CS01,2.09,KG,H,EC-D3,,,,,
4900006941,0001,2024-08-30,201,FU-001,EC,CS01,104.7,L,H,EC-D1,,,,,
4900006942,0001,2024-08-30,201,FU-001,EC,CS01,84.8,L,H,EC-D2,,,,,
4900006943,0001,2024-08-30,201,FU-001,EC,CS01,128.0,L,H,EC-D3,,,,,
4900006944,0001,2024-08-30,201,FU-001,EC,CS01,183.0,L,H,EC-D4,,,,,
4900006945,0001,2024-08-30,201,FU-001,EC,CS01,91.3,L,H,EC-D5,,,,,
4900006946,0001,2024-08-30,201,FU-001,EC,CS01,123.7,L,H,EC-D6,,,,,
4900006947,0001,2024-08-30,201,FU-001,EC,CS01,132.2,L,H,EC-D7,,,,,
4900006948,0001,2024-08-30,201,FU-001,EC,CS01,749.9,L,H,EC-GEN,,,,,
4900006949,0001,2024-08-31,201,AC-001,EC,CS01,99.8,L,H,EC-D4,,,,,
4900006950,0001,2024-08-31,101,AC-002,EC,CS01,5,KG,S,,,,,4500000338,00010
4900006951,0001,2024-08-31,201,AC-002,EC,CS01,4.44,KG,H,EC-D4,,,,,
4900006952,0001,2024-08-31,201,FU-001,EC,CS01,113.0,L,H,EC-D1,,,,,
4900006953,0001,2024-08-31,201,FU-001,EC,CS01,100.0,L,H,EC-D2,,,,,
4900006954,0001,2024-08-31,201,FU-001,EC,CS01,138.8,L,H,EC-D3,,,,,
4900006955,0001,2024-08-31,201,FU-001,EC,CS01,127.9,L,H,EC-D4,,,,,
4900006956,0001,2024-08-31,201,FU-001,EC,CS01,97.0,L,H,EC-D5,,,,,
4900006957,0001,2024-08-31,201,FU-001,EC,CS01,115.5,L,H,EC-D6,,,,,
4900006958,0001,2024-08-31,201,FU-001,EC,CS01,124.6,L,H,EC-D7,,,,,
4900006959,0001,2024-08-31,201,FU-001,EC,CS01,539.5,L,H,EC-GEN,,,,,
4900006960,0001,2024-09-01,101,FU-001,EC,CS01,8000,L,S,,,,,4500000334,00010
4900006961,0001,2024-09-01,201,FU-001,EC,CS01,567.6,L,H,EC-GEN,,,,,
4900006962,0001,2024-09-02,201,AC-003,EC,CS01,2.16,L,H,EC-D4,,,,,
4900006963,0001,2024-09-02,201,FU-001,EC,CS01,118.3,L,H,EC-D1,,,,,
4900006964,0001,2024-09-02,201,FU-001,EC,CS01,98.3,L,H,EC-D2,,,,,
4900006965,0001,2024-09-02,201,FU-001,EC,CS01,138.1,L,H,EC-D3,,,,,
4900006966,0001,2024-09-02,201,FU-001,EC,CS01,172.1,L,H,EC-D4,,,,,
4900006967,0001,2024-09-02,201,FU-001,EC,CS01,93.8,L,H,EC-D5,,,,,
4900006968,0001,2024-09-02,201,FU-001,EC,CS01,131.4,L,H,EC-D6,,,,,
4900006969,0001,2024-09-02,201,FU-001,EC,CS01,102.8,L,H,EC-D7,,,,,
4900006970,0001,2024-09-02,201,FU-001,EC,CS01,596.3,L,H,EC-GEN,,,,,
4900006971,0001,2024-09-02,201,SP-004,EC,CS01,1,EA,H,EC-WS,,,,,
4900006972,0001,2024-09-02,101,SP-006,EC,CS01,4,EA,S,,,,,4500000310,00010
4900006973,0001,2024-09-03,201,AC-001,EC,CS01,81.9,L,H,EC-D1,,,,,
4900006974,0001,2024-09-03,101,AC-002,EC,CS01,42,KG,S,,,,,4500000311,00010
4900006975,0001,2024-09-03,201,FU-001,EC,CS01,140.4,L,H,EC-D1,,,,,
4900006976,0001,2024-09-03,201,FU-001,EC,CS01,107.5,L,H,EC-D2,,,,,
4900006977,0001,2024-09-03,201,FU-001,EC,CS01,177.4,L,H,EC-D3,,,,,
4900006978,0001,2024-09-03,201,FU-001,EC,CS01,151.3,L,H,EC-D4,,,,,
4900006979,0001,2024-09-03,201,FU-001,EC,CS01,109.2,L,H,EC-D5,,,,,
4900006980,0001,2024-09-03,201,FU-001,EC,CS01,109.6,L,H,EC-D6,,,,,
4900006981,0001,2024-09-03,201,FU-001,EC,CS01,127.3,L,H,EC-D7,,,,,
4900006982,0001,2024-09-03,201,FU-001,EC,CS01,616.6,L,H,EC-GEN,,,,,
4900006983,0001,2024-09-03,201,SP-001,EC,CS01,1,EA,H,EC-WS,,,,,
4900006984,0001,2024-09-03,201,SP-002,EC,CS01,1,EA,H,EC-WS,,,,,
4900006985,0001,2024-09-03,201,SP-003,EC,CS01,1,EA,H,EC-WS,,,,,
4900006986,0001,2024-09-03,201,SP-004,EC,CS01,1,EA,H,EC-WS,,,,,
4900006987,0001,2024-09-04,201,AC-001,EC,CS01,118.7,L,H,EC-D5,,,,,
4900006988,0001,2024-09-04,201,AC-002,EC,CS01,3.97,KG,H,EC-D5,,,,,
4900006989,0001,2024-09-04,101,AC-003,EC,CS01,100,L,S,,,,,4500000308,00010
4900006990,0001,2024-09-04,201,AC-003,EC,CS01,6.22,L,H,EC-D3,,,,,
4900006991,0001,2024-09-04,201,FU-001,EC,CS01,111.0,L,H,EC-D1,,,,,
4900006992,0001,2024-09-04,201,FU-001,EC,CS01,109.2,L,H,EC-D2,,,,,
4900006993,0001,2024-09-04,201,FU-001,EC,CS01,160.8,L,H,EC-D3,,,,,
4900006994,0001,2024-09-04,201,FU-001,EC,CS01,164.1,L,H,EC-D4,,,,,
4900006995,0001,2024-09-04,201,FU-001,EC,CS01,103.0,L,H,EC-D5,,,,,
4900006996,0001,2024-09-04,201,FU-001,EC,CS01,162.8,L,H,EC-D6,,,,,
4900006997,0001,2024-09-04,201,FU-001,EC,CS01,127.6,L,H,EC-D7,,,,,
4900006998,0001,2024-09-04,201,FU-001,EC,CS01,672.3,L,H,EC-GEN,,,,,
4900006999,0001,2024-09-04,201,SP-003,EC,CS01,1,EA,H,EC-WS,,,,,
4900007000,0001,2024-09-05,201,AC-001,EC,CS01,130.6,L,H,EC-D2,,,,,
4900007001,0001,2024-09-05,201,AC-003,EC,CS01,5.13,L,H,EC-D3,,,,,
4900007002,0001,2024-09-05,201,FU-001,EC,CS01,140.6,L,H,EC-D1,,,,,
4900007003,0001,2024-09-05,201,FU-001,EC,CS01,106.1,L,H,EC-D2,,,,,
4900007004,0001,2024-09-05,201,FU-001,EC,CS01,135.0,L,H,EC-D3,,,,,
4900007005,0001,2024-09-05,201,FU-001,EC,CS01,143.9,L,H,EC-D4,,,,,
4900007006,0001,2024-09-05,201,FU-001,EC,CS01,106.0,L,H,EC-D5,,,,,
4900007007,0001,2024-09-05,201,FU-001,EC,CS01,108.6,L,H,EC-D6,,,,,
4900007008,0001,2024-09-05,201,FU-001,EC,CS01,108.9,L,H,EC-D7,,,,,
4900007009,0001,2024-09-05,201,FU-001,EC,CS01,601.4,L,H,EC-GEN,,,,,
4900007010,0001,2024-09-06,201,AC-001,EC,CS01,116.6,L,H,EC-D3,,,,,
4900007011,0001,2024-09-06,201,AC-002,EC,CS01,4.03,KG,H,EC-D3,,,,,
4900007012,0001,2024-09-06,201,AC-003,EC,CS01,4.38,L,H,EC-D4,,,,,
4900007013,0001,2024-09-06,201,FU-001,EC,CS01,121.6,L,H,EC-D1,,,,,
4900007014,0001,2024-09-06,201,FU-001,EC,CS01,96.5,L,H,EC-D2,,,,,
4900007015,0001,2024-09-06,201,FU-001,EC,CS01,137.2,L,H,EC-D3,,,,,
4900007016,0001,2024-09-06,201,FU-001,EC,CS01,155.9,L,H,EC-D4,,,,,
4900007017,0001,2024-09-06,201,FU-001,EC,CS01,100.4,L,H,EC-D5,,,,,
4900007018,0001,2024-09-06,201,FU-001,EC,CS01,144.4,L,H,EC-D6,,,,,
4900007019,0001,2024-09-06,201,FU-001,EC,CS01,137.7,L,H,EC-D7,,,,,
4900007020,0001,2024-09-06,201,FU-001,EC,CS01,566.7,L,H,EC-GEN,,,,,
4900007021,0001,2024-09-06,201,SP-001,EC,CS01,1,EA,H,EC-WS,,,,,
4900007022,0001,2024-09-06,201,SP-002,EC,CS01,1,EA,H,EC-WS,,,,,
4900007023,0001,2024-09-07,201,AC-001,EC,CS01,86.2,L,H,EC-D4,,,,,
4900007024,0001,2024-09-07,201,AC-003,EC,CS01,4.38,L,H,EC-D5,,,,,
4900007025,0001,2024-09-07,101,FU-001,EC,CS01,8000,L,S,,,,,4500000345,00010
4900007026,0001,2024-09-07,201,FU-001,EC,CS01,118.9,L,H,EC-D1,,,,,
4900007027,0001,2024-09-07,201,FU-001,EC,CS01,123.1,L,H,EC-D2,,,,,
4900007028,0001,2024-09-07,201,FU-001,EC,CS01,150.1,L,H,EC-D3,,,,,
4900007029,0001,2024-09-07,201,FU-001,EC,CS01,166.7,L,H,EC-D4,,,,,
4900007030,0001,2024-09-07,201,FU-001,EC,CS01,124.0,L,H,EC-D5,,,,,
4900007031,0001,2024-09-07,201,FU-001,EC,CS01,126.3,L,H,EC-D6,,,,,
4900007032,0001,2024-09-07,201,FU-001,EC,CS01,104.3,L,H,EC-D7,,,,,
4900007033,0001,2024-09-07,201,FU-001,EC,CS01,588.1,L,H,EC-GEN,,,,,
4900007034,0001,2024-09-07,201,SP-001,EC,CS01,1,EA,H,EC-WS,,,,,
4900007035,0001,2024-09-08,201,FU-001,EC,CS01,672.2,L,H,EC-GEN,,,,,
4900007036,0001,2024-09-09,201,AC-001,EC,CS01,113.9,L,H,EC-D7,,,,,
4900007037,0001,2024-09-09,201,AC-002,EC,CS01,4.19,KG,H,EC-D7,,,,,
4900007038,0001,2024-09-09,201,AC-003,EC,CS01,6.97,L,H,EC-D3,,,,,
4900007039,0001,2024-09-09,201,FU-001,EC,CS01,134.3,L,H,EC-D1,,,,,
4900007040,0001,2024-09-09,201,FU-001,EC,CS01,110.8,L,H,EC-D2,,,,,
4900007041,0001,2024-09-09,201,FU-001,EC,CS01,138.2,L,H,EC-D3,,,,,
4900007042,0001,2024-09-09,201,FU-001,EC,CS01,157.1,L,H,EC-D4,,,,,
4900007043,0001,2024-09-09,201,FU-001,EC,CS01,110.0,L,H,EC-D5,,,,,
4900007044,0001,2024-09-09,201,FU-001,EC,CS01,148.4,L,H,EC-D6,,,,,
4900007045,0001,2024-09-09,201,FU-001,EC,CS01,122.1,L,H,EC-D7,,,,,
4900007046,0001,2024-09-09,201,FU-001,EC,CS01,739.4,L,H,EC-GEN,,,,,
4900007047,0001,2024-09-09,201,SP-002,EC,CS01,1,EA,H,EC-WS,,,,,
4900007048,0001,2024-09-10,201,AC-001,EC,CS01,105.8,L,H,EC-D7,,,,,
4900007049,0001,2024-09-10,201,AC-002,EC,CS01,4.33,KG,H,EC-D7,,,,,
4900007050,0001,2024-09-10,101,FU-001,EC,CS01,8000,L,S,,,,,4500000354,00010
4900007051,0001,2024-09-10,201,FU-001,EC,CS01,120.2,L,H,EC-D1,,,,,
4900007052,0001,2024-09-10,201,FU-001,EC,CS01,86.2,L,H,EC-D2,,,,,
4900007053,0001,2024-09-10,201,FU-001,EC,CS01,156.1,L,H,EC-D3,,,,,
4900007054,0001,2024-09-10,201,FU-001,EC,CS01,152.3,L,H,EC-D4,,,,,
4900007055,0001,2024-09-10,201,FU-001,EC,CS01,114.9,L,H,EC-D5,,,,,
4900007056,0001,2024-09-10,201,FU-001,EC,CS01,119.3,L,H,EC-D6,,,,,
4900007057,0001,2024-09-10,201,FU-001,EC,CS01,113.3,L,H,EC-D7,,,,,
4900007058,0001,2024-09-10,201,FU-001,EC,CS01,663.7,L,H,EC-GEN,,,,,
4900007059,0001,2024-09-10,201,SP-002,EC,CS01,1,EA,H,EC-WS,,,,,
4900007060,0001,2024-09-11,201,AC-001,EC,CS01,81.6,L,H,EC-D5,,,,,
4900007061,0001,2024-09-11,201,FU-001,EC,CS01,102.0,L,H,EC-D1,,,,,
4900007062,0001,2024-09-11,201,FU-001,EC,CS01,124.6,L,H,EC-D2,,,,,
4900007063,0001,2024-09-11,201,FU-001,EC,CS01,139.3,L,H,EC-D3,,,,,
4900007064,0001,2024-09-11,201,FU-001,EC,CS01,176.3,L,H,EC-D4,,,,,
4900007065,0001,2024-09-11,201,FU-001,EC,CS01,90.9,L,H,EC-D5,,,,,
4900007066,0001,2024-09-11,201,FU-001,EC,CS01,120.8,L,H,EC-D6,,,,,
4900007067,0001,2024-09-11,201,FU-001,EC,CS01,121.9,L,H,EC-D7,,,,,
4900007068,0001,2024-09-11,201,FU-001,EC,CS01,644.6,L,H,EC-GEN,,,,,
4900007069,0001,2024-09-11,201,SP-002,EC,CS01,1,EA,H,EC-WS,,,,,
4900007070,0001,2024-09-12,201,AC-001,EC,CS01,95.2,L,H,EC-D3,,,,,
4900007071,0001,2024-09-12,201,AC-003,EC,CS01,2.4,L,H,EC-D4,,,,,
4900007072,0001,2024-09-12,201,FU-001,EC,CS01,123.8,L,H,EC-D1,,,,,
4900007073,0001,2024-09-12,201,FU-001,EC,CS01,139.7,L,H,EC-D2,,,,,
4900007074,0001,2024-09-12,201,FU-001,EC,CS01,145.2,L,H,EC-D3,,,,,
4900007075,0001,2024-09-12,201,FU-001,EC,CS01,166.7,L,H,EC-D4,,,,,
4900007076,0001,2024-09-12,201,FU-001,EC,CS01,97.5,L,H,EC-D5,,,,,
4900007077,0001,2024-09-12,201,FU-001,EC,CS01,158.8,L,H,EC-D6,,,,,
4900007078,0001,2024-09-12,201,FU-001,EC,CS01,128.4,L,H,EC-D7,,,,,
4900007079,0001,2024-09-12,201,FU-001,EC,CS01,629.3,L,H,EC-GEN,,,,,
4900007080,0001,2024-09-12,201,SP-001,EC,CS01,1,EA,H,EC-WS,,,,,
4900007081,0001,2024-09-12,201,SP-005,EC,CS01,1,EA,H,EC-WS,,,,,
4900007082,0001,2024-09-12,201,SP-006,EC,CS01,1,EA,H,EC-WS,,,,,
4900007083,0001,2024-09-12,201,SP-007,EC,CS01,1,EA,H,EC-WS,,,,,
4900007084,0001,2024-09-13,201,AC-001,EC,CS01,89.0,L,H,EC-D5,,,,,
4900007085,0001,2024-09-13,201,AC-002,EC,CS01,3.9,KG,H,EC-D5,,,,,
4900007086,0001,2024-09-13,201,AC-003,EC,CS01,8.47,L,H,EC-D6,,,,,
4900007087,0001,2024-09-13,201,FU-001,EC,CS01,98.4,L,H,EC-D1,,,,,
4900007088,0001,2024-09-13,201,FU-001,EC,CS01,87.9,L,H,EC-D2,,,,,
4900007089,0001,2024-09-13,201,FU-001,EC,CS01,118.2,L,H,EC-D3,,,,,
4900007090,0001,2024-09-13,201,FU-001,EC,CS01,146.8,L,H,EC-D4,,,,,
4900007091,0001,2024-09-13,201,FU-001,EC,CS01,106.4,L,H,EC-D5,,,,,
4900007092,0001,2024-09-13,201,FU-001,EC,CS01,146.8,L,H,EC-D6,,,,,
4900007093,0001,2024-09-13,201,FU-001,EC,CS01,131.6,L,H,EC-D7,,,,,
4900007094,0001,2024-09-13,201,FU-001,EC,CS01,671.0,L,H,EC-GEN,,,,,
4900007095,0001,2024-09-13,101,SP-003,EC,CS01,5,EA,S,,,,,4500000351,00010
4900007096,0001,2024-09-14,201,AC-001,EC,CS01,149.3,L,H,EC-D1,,,,,
4900007097,0001,2024-09-14,201,AC-003,EC,CS01,4.57,L,H,EC-D6,,,,,
4900007098,0001,2024-09-14,201,FU-001,EC,CS01,133.2,L,H,EC-D1,,,,,
4900007099,0001,2024-09-14,201,FU-001,EC,CS01,93.3,L,H,EC-D2,,,,,
4900007100,0001,2024-09-14,201,FU-001,EC,CS01,131.4,L,H,EC-D3,,,,,
4900007101,0001,2024-09-14,201,FU-001,EC,CS01,153.6,L,H,EC-D4,,,,,
4900007102,0001,2024-09-14,201,FU-001,EC,CS01,96.6,L,H,EC-D5,,,,,
4900007103,0001,2024-09-14,201,FU-001,EC,CS01,117.1,L,H,EC-D6,,,,,
4900007104,0001,2024-09-14,201,FU-001,EC,CS01,128.0,L,H,EC-D7,,,,,
4900007105,0001,2024-09-14,201,FU-001,EC,CS01,634.1,L,H,EC-GEN,,,,,
4900007106,0001,2024-09-14,201,SP-003,EC,CS01,1,EA,H,EC-WS,,,,,
4900007107,0001,2024-09-14,201,SP-006,EC,CS01,1,EA,H,EC-WS,,,,,
4900007108,0001,2024-09-15,201,FU-001,EC,CS01,685.0,L,H,EC-GEN,,,,,
4900007109,0001,2024-09-16,201,AC-001,EC,CS01,123.1,L,H,EC-D1,,,,,
4900007110,0001,2024-09-16,201,AC-002,EC,CS01,4.42,KG,H,EC-D1,,,,,
4900007111,0001,2024-09-16,201,FU-001,EC,CS01,113.0,L,H,EC-D1,,,,,
4900007112,0001,2024-09-16,201,FU-001,EC,CS01,103.0,L,H,EC-D2,,,,,
4900007113,0001,2024-09-16,201,FU-001,EC,CS01,115.7,L,H,EC-D3,,,,,
4900007114,0001,2024-09-16,201,FU-001,EC,CS01,164.9,L,H,EC-D4,,,,,
4900007115,0001,2024-09-16,201,FU-001,EC,CS01,105.1,L,H,EC-D5,,,,,
4900007116,0001,2024-09-16,201,FU-001,EC,CS01,119.4,L,H,EC-D6,,,,,
4900007117,0001,2024-09-16,201,FU-001,EC,CS01,107.8,L,H,EC-D7,,,,,
4900007118,0001,2024-09-16,201,FU-001,EC,CS01,602.6,L,H,EC-GEN,,,,,
4900007119,0001,2024-09-16,201,SP-001,EC,CS01,1,EA,H,EC-WS,,,,,
4900007120,0001,2024-09-16,201,SP-005,EC,CS01,1,EA,H,EC-WS,,,,,
4900007121,0001,2024-09-16,201,SP-006,EC,CS01,1,EA,H,EC-WS,,,,,
4900007122,0001,2024-09-17,201,AC-001,EC,CS01,106.5,L,H,EC-D1,,,,,
4900007123,0001,2024-09-17,201,AC-002,EC,CS01,3.79,KG,H,EC-D1,,,,,
4900007124,0001,2024-09-17,201,AC-003,EC,CS01,0.85,L,H,EC-D6,,,,,
4900007125,0001,2024-09-17,201,FU-001,EC,CS01,118.5,L,H,EC-D1,,,,,
4900007126,0001,2024-09-17,201,FU-001,EC,CS01,113.8,L,H,EC-D2,,,,,
4900007127,0001,2024-09-17,201,FU-001,EC,CS01,149.2,L,H,EC-D3,,,,,
4900007128,0001,2024-09-17,201,FU-001,EC,CS01,153.2,L,H,EC-D4,,,,,
4900007129,0001,2024-09-17,201,FU-001,EC,CS01,109.1,L,H,EC-D5,,,,,
4900007130,0001,2024-09-17,201,FU-001,EC,CS01,136.7,L,H,EC-D6,,,,,
4900007131,0001,2024-09-17,201,FU-001,EC,CS01,124.8,L,H,EC-D7,,,,,
4900007132,0001,2024-09-17,201,FU-001,EC,CS01,566.5,L,H,EC-GEN,,,,,
4900007133,0001,2024-09-17,201,SP-004,EC,CS01,1,EA,H,EC-WS,,,,,
4900007134,0001,2024-09-17,201,SP-007,EC,CS01,1,EA,H,EC-WS,,,,,
4900007135,0001,2024-09-17,201,SP-008,EC,CS01,1,EA,H,EC-WS,,,,,
4900007136,0001,2024-09-18,201,AC-001,EC,CS01,81.9,L,H,EC-D2,,,,,
4900007137,0001,2024-09-18,201,FU-001,EC,CS01,115.6,L,H,EC-D1,,,,,
4900007138,0001,2024-09-18,201,FU-001,EC,CS01,90.7,L,H,EC-D2,,,,,
4900007139,0001,2024-09-18,201,FU-001,EC,CS01,140.2,L,H,EC-D3,,,,,
4900007140,0001,2024-09-18,201,FU-001,EC,CS01,153.1,L,H,EC-D4,,,,,
4900007141,0001,2024-09-18,201,FU-001,EC,CS01,112.0,L,H,EC-D5,,,,,
4900007142,0001,2024-09-18,201,FU-001,EC,CS01,120.6,L,H,EC-D6,,,,,
4900007143,0001,2024-09-18,201,FU-001,EC,CS01,117.8,L,H,EC-D7,,,,,
4900007144,0001,2024-09-18,201,FU-001,EC,CS01,683.4,L,H,EC-GEN,,,,,
4900007145,0001,2024-09-19,201,AC-003,EC,CS01,5.02,L,H,EC-D1,,,,,
4900007146,0001,2024-09-19,101,FU-001,EC,CS01,8000,L,S,,,,,4500000362,00010
4900007147,0001,2024-09-19,201,FU-001,EC,CS01,91.9,L,H,EC-D1,,,,,
4900007148,0001,2024-09-19,201,FU-001,EC,CS01,139.8,L,H,EC-D2,,,,,
4900007149,0001,2024-09-19,201,FU-001,EC,CS01,150.8,L,H,EC-D3,,,,,
4900007150,0001,2024-09-19,201,FU-001,EC,CS01,132.8,L,H,EC-D4,,,,,
4900007151,0001,2024-09-19,201,FU-001,EC,CS01,132.9,L,H,EC-D5,,,,,
4900007152,0001,2024-09-19,201,FU-001,EC,CS01,164.2,L,H,EC-D6,,,,,
4900007153,0001,2024-09-19,201,FU-001,EC,CS01,109.4,L,H,EC-D7,,,,,
4900007154,0001,2024-09-19,201,FU-001,EC,CS01,644.1,L,H,EC-GEN,,,,,
4900007155,0001,2024-09-19,201,SP-001,EC,CS01,1,EA,H,EC-WS,,,,,
4900007156,0001,2024-09-19,201,SP-004,EC,CS01,1,EA,H,EC-WS,,,,,
4900007157,0001,2024-09-20,201,FU-001,EC,CS01,122.0,L,H,EC-D1,,,,,
4900007158,0001,2024-09-20,201,FU-001,EC,CS01,97.6,L,H,EC-D2,,,,,
4900007159,0001,2024-09-20,201,FU-001,EC,CS01,171.3,L,H,EC-D3,,,,,
4900007160,0001,2024-09-20,201,FU-001,EC,CS01,136.2,L,H,EC-D4,,,,,
4900007161,0001,2024-09-20,201,FU-001,EC,CS01,100.7,L,H,EC-D5,,,,,
4900007162,0001,2024-09-20,201,FU-001,EC,CS01,127.5,L,H,EC-D6,,,,,
4900007163,0001,2024-09-20,201,FU-001,EC,CS01,117.8,L,H,EC-D7,,,,,
4900007164,0001,2024-09-20,201,FU-001,EC,CS01,725.0,L,H,EC-GEN,,,,,
4900007165,0001,2024-09-20,101,SP-001,EC,CS01,4,EA,S,,,,,4500000355,00010
4900007166,0001,2024-09-20,201,SP-003,EC,CS01,1,EA,H,EC-WS,,,,,
4900007167,0001,2024-09-20,201,SP-004,EC,CS01,1,EA,H,EC-WS,,,,,
4900007168,0001,2024-09-20,201,SP-006,EC,CS01,1,EA,H,EC-WS,,,,,
4900007169,0001,2024-09-21,201,AC-001,EC,CS01,89.6,L,H,EC-D6,,,,,
4900007170,0001,2024-09-21,201,AC-003,EC,CS01,4.57,L,H,EC-D4,,,,,
4900007171,0001,2024-09-21,201,FU-001,EC,CS01,108.9,L,H,EC-D1,,,,,
4900007172,0001,2024-09-21,201,FU-001,EC,CS01,124.8,L,H,EC-D2,,,,,
4900007173,0001,2024-09-21,201,FU-001,EC,CS01,133.7,L,H,EC-D3,,,,,
4900007174,0001,2024-09-21,201,FU-001,EC,CS01,148.7,L,H,EC-D4,,,,,
4900007175,0001,2024-09-21,201,FU-001,EC,CS01,117.9,L,H,EC-D5,,,,,
4900007176,0001,2024-09-21,201,FU-001,EC,CS01,124.4,L,H,EC-D6,,,,,
4900007177,0001,2024-09-21,201,FU-001,EC,CS01,109.9,L,H,EC-D7,,,,,
4900007178,0001,2024-09-21,201,FU-001,EC,CS01,688.9,L,H,EC-GEN,,,,,
4900007179,0001,2024-09-22,101,FE-004,EC,CS01,13100,KG,S,,,,,4500000314,00010
4900007180,0001,2024-09-22,201,FU-001,EC,CS01,741.5,L,H,EC-GEN,,,,,
4900007181,0001,2024-09-23,201,AC-001,EC,CS01,149.9,L,H,EC-D4,,,,,
4900007182,0001,2024-09-23,201,AC-002,EC,CS01,6.39,KG,H,EC-D4,,,,,
4900007183,0001,2024-09-23,101,FE-004,EC,CS01,13100,KG,S,,,,,4500000319,00010
4900007184,0001,2024-09-23,201,FU-001,EC,CS01,106.8,L,H,EC-D1,,,,,
4900007185,0001,2024-09-23,201,FU-001,EC,CS01,116.4,L,H,EC-D2,,,,,
4900007186,0001,2024-09-23,201,FU-001,EC,CS01,158.4,L,H,EC-D3,,,,,
4900007187,0001,2024-09-23,201,FU-001,EC,CS01,159.3,L,H,EC-D4,,,,,
4900007188,0001,2024-09-23,201,FU-001,EC,CS01,116.5,L,H,EC-D5,,,,,
4900007189,0001,2024-09-23,201,FU-001,EC,CS01,115.3,L,H,EC-D6,,,,,
4900007190,0001,2024-09-23,201,FU-001,EC,CS01,115.0,L,H,EC-D7,,,,,
4900007191,0001,2024-09-23,201,FU-001,EC,CS01,632.6,L,H,EC-GEN,,,,,
4900007192,0001,2024-09-23,201,SP-004,EC,CS01,1,EA,H,EC-WS,,,,,
4900007193,0001,2024-09-24,201,AC-003,EC,CS01,2.4,L,H,EC-D4,,,,,
4900007194,0001,2024-09-24,101,FE-002,EC,CS01,88100,KG,S,,,,,4500000327,00010
4900007195,0001,2024-09-24,201,FU-001,EC,CS01,97.1,L,H,EC-D1,,,,,
4900007196,0001,2024-09-24,201,FU-001,EC,CS01,128.2,L,H,EC-D2,,,,,
4900007197,0001,2024-09-24,201,FU-001,EC,CS01,141.4,L,H,EC-D3,,,,,
4900007198,0001,2024-09-24,201,FU-001,EC,CS01,171.5,L,H,EC-D4,,,,,
4900007199,0001,2024-09-24,201,FU-001,EC,CS01,105.6,L,H,EC-D5,,,,,
4900007200,0001,2024-09-24,201,FU-001,EC,CS01,160.1,L,H,EC-D6,,,,,
4900007201,0001,2024-09-24,201,FU-001,EC,CS01,141.9,L,H,EC-D7,,,,,
4900007202,0001,2024-09-24,201,FU-001,EC,CS01,701.6,L,H,EC-GEN,,,,,
4900007203,0001,2024-09-24,201,SP-003,EC,CS01,1,EA,H,EC-WS,,,,,
4900007204,0001,2024-09-24,201,SP-008,EC,CS01,1,EA,H,EC-WS,,,,,
4900007205,0001,2024-09-25,201,AC-001,EC,CS01,91.0,L,H,EC-D7,,,,,
4900007206,0001,2024-09-25,201,AC-002,EC,CS01,3.73,KG,H,EC-D7,,,,,
4900007207,0001,2024-09-25,201,FU-001,EC,CS01,91.3,L,H,EC-D1,,,,,
4900007208,0001,2024-09-25,201,FU-001,EC,CS01,107.8,L,H,EC-D2,,,,,
4900007209,0001,2024-09-25,201,FU-001,EC,CS01,118.7,L,H,EC-D3,,,,,
4900007210,0001,2024-09-25,201,FU-001,EC,CS01,148.4,L,H,EC-D4,,,,,
4900007211,0001,2024-09-25,201,FU-001,EC,CS01,117.4,L,H,EC-D5,,,,,
4900007212,0001,2024-09-25,201,FU-001,EC,CS01,132.3,L,H,EC-D6,,,,,
4900007213,0001,2024-09-25,201,FU-001,EC,CS01,126.3,L,H,EC-D7,,,,,
4900007214,0001,2024-09-25,201,FU-001,EC,CS01,646.2,L,H,EC-GEN,,,,,
4900007215,0001,2024-09-25,201,SP-003,EC,CS01,1,EA,H,EC-WS,,,,,
4900007216,0001,2024-09-25,201,SP-005,EC,CS01,1,EA,H,EC-WS,,,,,
4900007217,0001,2024-09-25,201,SP-007,EC,CS01,1,EA,H,EC-WS,,,,,
4900007218,0001,2024-09-26,101,AC-001,EC,CS01,2900,L,S,,,,,4500000339,00010
4900007219,0001,2024-09-26,201,AC-001,EC,CS01,95.9,L,H,EC-D3,,,,,
4900007220,0001,2024-09-26,201,AC-003,EC,CS01,2.94,L,H,EC-D3,,,,,
4900007221,0001,2024-09-26,101,FU-001,EC,CS01,8000,L,S,,,,,4500000366,00010
4900007222,0001,2024-09-26,201,FU-001,EC,CS01,115.1,L,H,EC-D1,,,,,
4900007223,0001,2024-09-26,201,FU-001,EC,CS01,99.8,L,H,EC-D2,,,,,
4900007224,0001,2024-09-26,201,FU-001,EC,CS01,118.7,L,H,EC-D3,,,,,
4900007225,0001,2024-09-26,201,FU-001,EC,CS01,137.0,L,H,EC-D4,,,,,
4900007226,0001,2024-09-26,201,FU-001,EC,CS01,132.9,L,H,EC-D5,,,,,
4900007227,0001,2024-09-26,201,FU-001,EC,CS01,148.3,L,H,EC-D6,,,,,
4900007228,0001,2024-09-26,201,FU-001,EC,CS01,123.6,L,H,EC-D7,,,,,
4900007229,0001,2024-09-26,201,FU-001,EC,CS01,638.2,L,H,EC-GEN,,,,,
4900007230,0001,2024-09-26,201,SP-001,EC,CS01,1,EA,H,EC-WS,,,,,
4900007231,0001,2024-09-27,201,AC-003,EC,CS01,8.69,L,H,EC-D6,,,,,
4900007232,0001,2024-09-27,201,FU-001,EC,CS01,124.6,L,H,EC-D1,,,,,
4900007233,0001,2024-09-27,201,FU-001,EC,CS01,118.6,L,H,EC-D2,,,,,
4900007234,0001,2024-09-27,201,FU-001,EC,CS01,164.3,L,H,EC-D3,,,,,
4900007235,0001,2024-09-27,201,FU-001,EC,CS01,151.8,L,H,EC-D4,,,,,
4900007236,0001,2024-09-27,201,FU-001,EC,CS01,89.6,L,H,EC-D5,,,,,
4900007237,0001,2024-09-27,201,FU-001,EC,CS01,139.8,L,H,EC-D6,,,,,
4900007238,0001,2024-09-27,201,FU-001,EC,CS01,109.1,L,H,EC-D7,,,,,
4900007239,0001,2024-09-27,201,FU-001,EC,CS01,704.5,L,H,EC-GEN,,,,,
4900007240,0001,2024-09-27,201,SP-006,EC,CS01,1,EA,H,EC-WS,,,,,
4900007241,0001,2024-09-27,201,SP-008,EC,CS01,1,EA,H,EC-WS,,,,,
4900007242,0001,2024-09-28,201,AC-003,EC,CS01,1.64,L,H,EC-D6,,,,,
4900007243,0001,2024-09-28,101,FE-003,EC,CS01,62900,KG,S,,,,,4500000340,00010
4900007244,0001,2024-09-28,201,FU-001,EC,CS01,130.2,L,H,EC-D1,,,,,
4900007245,0001,2024-09-28,201,FU-001,EC,CS01,91.5,L,H,EC-D2,,,,,
4900007246,0001,2024-09-28,201,FU-001,EC,CS01,163.4,L,H,EC-D3,,,,,
4900007247,0001,2024-09-28,201,FU-001,EC,CS01,154.3,L,H,EC-D4,,,,,
4900007248,0001,2024-09-28,201,FU-001,EC,CS01,123.8,L,H,EC-D5,,,,,
4900007249,0001,2024-09-28,201,FU-001,EC,CS01,128.1,L,H,EC-D6,,,,,
4900007250,0001,2024-09-28,201,FU-001,EC,CS01,131.8,L,H,EC-D7,,,,,
4900007251,0001,2024-09-28,201,FU-001,EC,CS01,580.8,L,H,EC-GEN,,,,,
4900007252,0001,2024-09-28,201,SP-007,EC,CS01,1,EA,H,EC-WS,,,,,
4900007253,0001,2024-09-28,201,SP-007,EC,CS01,1,EA,H,EC-WS,,,,,
4900007254,0001,2024-09-29,101,AC-004,EC,CS01,5,KG,S,,,,,4500000342,00010
4900007255,0001,2024-09-29,101,FE-001,EC,CS01,233300,KG,S,,,,,4500000326,00010
4900007256,0001,2024-09-29,101,FU-001,EC,CS01,8000,L,S,,,,,4500000371,00010
4900007257,0001,2024-09-29,201,FU-001,EC,CS01,686.8,L,H,EC-GEN,,,,,
4900007258,0001,2024-09-29,101,SP-004,EC,CS01,4,EA,S,,,,,4500000349,00010
4900007259,0001,2024-09-29,101,SP-008,EC,CS01,4,EA,S,,,,,4500000341,00010
4900007260,0001,2024-09-30,201,AC-001,EC,CS01,113.8,L,H,EC-D7,,,,,
4900007261,0001,2024-09-30,201,AC-002,EC,CS01,4.44,KG,H,EC-D7,,,,,
4900007262,0001,2024-09-30,201,AC-003,EC,CS01,7.59,L,H,EC-D5,,,,,
4900007263,0001,2024-09-30,551,FE-002,EC,CS01,2531.22,KG,H,EC-STORE,,,,,
4900007264,0001,2024-09-30,551,FE-003,EC,CS01,574.9,KG,H,EC-STORE,,,,,
4900007265,0001,2024-09-30,702,FE-004,EC,CS01,47.56,KG,H,EC-STORE,,,,,
4900007266,0001,2024-09-30,201,FU-001,EC,CS01,104.6,L,H,EC-D1,,,,,
4900007267,0001,2024-09-30,201,FU-001,EC,CS01,116.9,L,H,EC-D2,,,,,
4900007268,0001,2024-09-30,201,FU-001,EC,CS01,109.7,L,H,EC-D3,,,,,
4900007269,0001,2024-09-30,201,FU-001,EC,CS01,159.4,L,H,EC-D4,,,,,
4900007270,0001,2024-09-30,201,FU-001,EC,CS01,137.6,L,H,EC-D5,,,,,
4900007271,0001,2024-09-30,201,FU-001,EC,CS01,112.4,L,H,EC-D6,,,,,
4900007272,0001,2024-09-30,201,FU-001,EC,CS01,101.9,L,H,EC-D7,,,,,
4900007273,0001,2024-09-30,201,FU-001,EC,CS01,661.0,L,H,EC-GEN,,,,,
4900007274,0001,2024-09-30,201,SP-002,EC,CS01,1,EA,H,EC-WS,,,,,
4900007275,0001,2024-09-30,201,SP-004,EC,CS01,1,EA,H,EC-WS,,,,,
4900007276,0001,2024-10-01,201,AC-001,EC,CS01,128.8,L,H,EC-D5,,,,,
4900007277,0001,2024-10-01,201,AC-003,EC,CS01,5.66,L,H,EC-D5,,,,,
4900007278,0001,2024-10-01,101,FE-004,EC,CS01,13100,KG,S,,,,,4500000323,00010
4900007279,0001,2024-10-01,201,FU-001,EC,CS01,104.8,L,H,EC-D1,,,,,
4900007280,0001,2024-10-01,201,FU-001,EC,CS01,83.2,L,H,EC-D2,,,,,
4900007281,0001,2024-10-01,201,FU-001,EC,CS01,113.7,L,H,EC-D3,,,,,
4900007282,0001,2024-10-01,201,FU-001,EC,CS01,131.9,L,H,EC-D4,,,,,
4900007283,0001,2024-10-01,201,FU-001,EC,CS01,115.2,L,H,EC-D5,,,,,
4900007284,0001,2024-10-01,201,FU-001,EC,CS01,133.8,L,H,EC-D6,,,,,
4900007285,0001,2024-10-01,201,FU-001,EC,CS01,103.2,L,H,EC-D7,,,,,
4900007286,0001,2024-10-01,201,FU-001,EC,CS01,547.4,L,H,EC-GEN,,,,,
4900007287,0001,2024-10-02,101,AC-002,EC,CS01,42,KG,S,,,,,4500000358,00010
4900007288,0001,2024-10-02,201,FU-001,EC,CS01,105.7,L,H,EC-D1,,,,,
4900007289,0001,2024-10-02,201,FU-001,EC,CS01,91.7,L,H,EC-D2,,,,,
4900007290,0001,2024-10-02,201,FU-001,EC,CS01,128.0,L,H,EC-D3,,,,,
4900007291,0001,2024-10-02,201,FU-001,EC,CS01,144.8,L,H,EC-D4,,,,,
4900007292,0001,2024-10-02,201,FU-001,EC,CS01,112.5,L,H,EC-D5,,,,,
4900007293,0001,2024-10-02,201,FU-001,EC,CS01,110.7,L,H,EC-D6,,,,,
4900007294,0001,2024-10-02,201,FU-001,EC,CS01,92.4,L,H,EC-D7,,,,,
4900007295,0001,2024-10-02,201,FU-001,EC,CS01,631.2,L,H,EC-GEN,,,,,
4900007296,0001,2024-10-02,201,SP-002,EC,CS01,1,EA,H,EC-WS,,,,,
4900007297,0001,2024-10-02,201,SP-003,EC,CS01,1,EA,H,EC-WS,,,,,
4900007298,0001,2024-10-02,101,SP-007,EC,CS01,4,EA,S,,,,,4500000365,00010
4900007299,0001,2024-10-03,201,AC-001,EC,CS01,97.4,L,H,EC-D7,,,,,
4900007300,0001,2024-10-03,101,AC-003,EC,CS01,100,L,S,,,,,4500000361,00010
4900007301,0001,2024-10-03,201,AC-003,EC,CS01,2.94,L,H,EC-D5,,,,,
4900007302,0001,2024-10-03,201,FU-001,EC,CS01,89.1,L,H,EC-D1,,,,,
4900007303,0001,2024-10-03,201,FU-001,EC,CS01,67.3,L,H,EC-D2,,,,,
4900007304,0001,2024-10-03,201,FU-001,EC,CS01,137.8,L,H,EC-D3,,,,,
4900007305,0001,2024-10-03,201,FU-001,EC,CS01,153.9,L,H,EC-D4,,,,,
4900007306,0001,2024-10-03,201,FU-001,EC,CS01,95.9,L,H,EC-D5,,,,,
4900007307,0001,2024-10-03,201,FU-001,EC,CS01,101.3,L,H,EC-D6,,,,,
4900007308,0001,2024-10-03,201,FU-001,EC,CS01,104.9,L,H,EC-D7,,,,,
4900007309,0001,2024-10-03,201,FU-001,EC,CS01,618.2,L,H,EC-GEN,,,,,
4900007310,0001,2024-10-03,101,SP-002,EC,CS01,5,EA,S,,,,,4500000359,00010
4900007311,0001,2024-10-04,201,AC-001,EC,CS01,121.8,L,H,EC-D2,,,,,
4900007312,0001,2024-10-04,101,FE-002,EC,CS01,88100,KG,S,,,,,4500000331,00010
4900007313,0001,2024-10-04,201,FU-001,EC,CS01,106.8,L,H,EC-D1,,,,,
4900007314,0001,2024-10-04,201,FU-001,EC,CS01,107.4,L,H,EC-D2,,,,,
4900007315,0001,2024-10-04,201,FU-001,EC,CS01,129.4,L,H,EC-D3,,,,,
4900007316,0001,2024-10-04,201,FU-001,EC,CS01,141.3,L,H,EC-D4,,,,,
4900007317,0001,2024-10-04,201,FU-001,EC,CS01,106.5,L,H,EC-D5,,,,,
4900007318,0001,2024-10-04,201,FU-001,EC,CS01,131.1,L,H,EC-D6,,,,,
4900007319,0001,2024-10-04,201,FU-001,EC,CS01,134.7,L,H,EC-D7,,,,,
4900007320,0001,2024-10-04,201,FU-001,EC,CS01,708.7,L,H,EC-GEN,,,,,
4900007321,0001,2024-10-04,101,SP-001,EC,CS01,4,EA,S,,,,,4500000367,00010
4900007322,0001,2024-10-05,201,AC-001,EC,CS01,94.8,L,H,EC-D4,,,,,
4900007323,0001,2024-10-05,201,AC-003,EC,CS01,6.04,L,H,EC-D2,,,,,
4900007324,0001,2024-10-05,101,FE-001,EC,CS01,233300,KG,S,,,,,4500000343,00010
4900007325,0001,2024-10-05,201,FU-001,EC,CS01,107.2,L,H,EC-D1,,,,,
4900007326,0001,2024-10-05,201,FU-001,EC,CS01,99.7,L,H,EC-D2,,,,,
4900007327,0001,2024-10-05,201,FU-001,EC,CS01,123.4,L,H,EC-D3,,,,,
4900007328,0001,2024-10-05,201,FU-001,EC,CS01,140.7,L,H,EC-D4,,,,,
4900007329,0001,2024-10-05,201,FU-001,EC,CS01,133.1,L,H,EC-D5,,,,,
4900007330,0001,2024-10-05,201,FU-001,EC,CS01,139.3,L,H,EC-D6,,,,,
4900007331,0001,2024-10-05,201,FU-001,EC,CS01,102.6,L,H,EC-D7,,,,,
4900007332,0001,2024-10-05,201,FU-001,EC,CS01,640.0,L,H,EC-GEN,,,,,
4900007333,0001,2024-10-05,201,SP-002,EC,CS01,1,EA,H,EC-WS,,,,,
4900007334,0001,2024-10-05,101,SP-005,EC,CS01,4,EA,S,,,,,4500000372,00010
4900007335,0001,2024-10-06,101,FU-001,EC,CS01,8000,L,S,,,,,4500000373,00010
4900007336,0001,2024-10-06,201,FU-001,EC,CS01,581.4,L,H,EC-GEN,,,,,
4900007337,0001,2024-10-07,101,FE-003,EC,CS01,89200,KG,S,,,,,4500000329,00010
4900007338,0001,2024-10-07,201,FU-001,EC,CS01,97.0,L,H,EC-D1,,,,,
4900007339,0001,2024-10-07,201,FU-001,EC,CS01,96.8,L,H,EC-D2,,,,,
4900007340,0001,2024-10-07,201,FU-001,EC,CS01,114.1,L,H,EC-D3,,,,,
4900007341,0001,2024-10-07,201,FU-001,EC,CS01,118.4,L,H,EC-D4,,,,,
4900007342,0001,2024-10-07,201,FU-001,EC,CS01,96.5,L,H,EC-D5,,,,,
4900007343,0001,2024-10-07,201,FU-001,EC,CS01,115.4,L,H,EC-D6,,,,,
4900007344,0001,2024-10-07,201,FU-001,EC,CS01,101.5,L,H,EC-D7,,,,,
4900007345,0001,2024-10-07,201,FU-001,EC,CS01,732.6,L,H,EC-GEN,,,,,
4900007346,0001,2024-10-07,201,SP-007,EC,CS01,1,EA,H,EC-WS,,,,,
4900007347,0001,2024-10-08,201,AC-001,EC,CS01,110.1,L,H,EC-D6,,,,,
4900007348,0001,2024-10-08,201,AC-003,EC,CS01,2.74,L,H,EC-D3,,,,,
4900007349,0001,2024-10-08,101,FE-001,EC,CS01,233300,KG,S,,,,,4500000321,00010
4900007350,0001,2024-10-08,101,FE-003,EC,CS01,89200,KG,S,,,,,4500000333,00010
4900007351,0001,2024-10-08,101,FE-003,EC,CS01,26300,KG,S,,,,,4500000340,00010
4900007352,0001,2024-10-08,101,FE-004,EC,CS01,13100,KG,S,,,,,4500000332,00010
4900007353,0001,2024-10-08,201,FU-001,EC,CS01,100.1,L,H,EC-D1,,,,,
4900007354,0001,2024-10-08,201,FU-001,EC,CS01,109.4,L,H,EC-D2,,,,,
4900007355,0001,2024-10-08,201,FU-001,EC,CS01,159.4,L,H,EC-D3,,,,,
4900007356,0001,2024-10-08,201,FU-001,EC,CS01,131.2,L,H,EC-D4,,,,,
4900007357,0001,2024-10-08,201,FU-001,EC,CS01,87.2,L,H,EC-D5,,,,,
4900007358,0001,2024-10-08,201,FU-001,EC,CS01,142.3,L,H,EC-D6,,,,,
4900007359,0001,2024-10-08,201,FU-001,EC,CS01,112.5,L,H,EC-D7,,,,,
4900007360,0001,2024-10-08,201,FU-001,EC,CS01,627.7,L,H,EC-GEN,,,,,
4900007361,0001,2024-10-09,201,AC-003,EC,CS01,6.57,L,H,EC-D2,,,,,
4900007362,0001,2024-10-09,201,FU-001,EC,CS01,99.5,L,H,EC-D1,,,,,
4900007363,0001,2024-10-09,201,FU-001,EC,CS01,99.2,L,H,EC-D2,,,,,
4900007364,0001,2024-10-09,201,FU-001,EC,CS01,131.8,L,H,EC-D3,,,,,
4900007365,0001,2024-10-09,201,FU-001,EC,CS01,133.5,L,H,EC-D4,,,,,
4900007366,0001,2024-10-09,201,FU-001,EC,CS01,84.7,L,H,EC-D5,,,,,
4900007367,0001,2024-10-09,201,FU-001,EC,CS01,128.1,L,H,EC-D6,,,,,
4900007368,0001,2024-10-09,201,FU-001,EC,CS01,138.8,L,H,EC-D7,,,,,
4900007369,0001,2024-10-09,201,FU-001,EC,CS01,675.9,L,H,EC-GEN,,,,,
4900007370,0001,2024-10-10,201,AC-001,EC,CS01,82.0,L,H,EC-D2,,,,,
4900007371,0001,2024-10-10,201,FU-001,EC,CS01,101.5,L,H,EC-D1,,,,,
4900007372,0001,2024-10-10,201,FU-001,EC,CS01,106.9,L,H,EC-D2,,,,,
4900007373,0001,2024-10-10,201,FU-001,EC,CS01,164.0,L,H,EC-D3,,,,,
4900007374,0001,2024-10-10,201,FU-001,EC,CS01,120.0,L,H,EC-D4,,,,,
4900007375,0001,2024-10-10,201,FU-001,EC,CS01,137.1,L,H,EC-D5,,,,,
4900007376,0001,2024-10-10,201,FU-001,EC,CS01,128.1,L,H,EC-D6,,,,,
4900007377,0001,2024-10-10,201,FU-001,EC,CS01,131.5,L,H,EC-D7,,,,,
4900007378,0001,2024-10-10,201,FU-001,EC,CS01,675.5,L,H,EC-GEN,,,,,
4900007379,0001,2024-10-10,201,SP-007,EC,CS01,1,EA,H,EC-WS,,,,,
4900007380,0001,2024-10-11,201,FU-001,EC,CS01,102.3,L,H,EC-D1,,,,,
4900007381,0001,2024-10-11,201,FU-001,EC,CS01,90.7,L,H,EC-D2,,,,,
4900007382,0001,2024-10-11,201,FU-001,EC,CS01,159.4,L,H,EC-D3,,,,,
4900007383,0001,2024-10-11,201,FU-001,EC,CS01,126.4,L,H,EC-D4,,,,,
4900007384,0001,2024-10-11,201,FU-001,EC,CS01,94.1,L,H,EC-D5,,,,,
4900007385,0001,2024-10-11,201,FU-001,EC,CS01,131.8,L,H,EC-D6,,,,,
4900007386,0001,2024-10-11,201,FU-001,EC,CS01,119.4,L,H,EC-D7,,,,,
4900007387,0001,2024-10-11,201,FU-001,EC,CS01,596.6,L,H,EC-GEN,,,,,
4900007388,0001,2024-10-12,201,AC-001,EC,CS01,115.5,L,H,EC-D7,,,,,
4900007389,0001,2024-10-12,201,AC-003,EC,CS01,9.55,L,H,EC-D2,,,,,
4900007390,0001,2024-10-12,101,FU-001,EC,CS01,8000,L,S,,,,,4500000375,00010
4900007391,0001,2024-10-12,201,FU-001,EC,CS01,93.1,L,H,EC-D1,,,,,
4900007392,0001,2024-10-12,201,FU-001,EC,CS01,113.2,L,H,EC-D2,,,,,
4900007393,0001,2024-10-12,201,FU-001,EC,CS01,126.3,L,H,EC-D3,,,,,
4900007394,0001,2024-10-12,201,FU-001,EC,CS01,165.0,L,H,EC-D4,,,,,
4900007395,0001,2024-10-12,201,FU-001,EC,CS01,120.1,L,H,EC-D5,,,,,
4900007396,0001,2024-10-12,201,FU-001,EC,CS01,159.4,L,H,EC-D6,,,,,
4900007397,0001,2024-10-12,201,FU-001,EC,CS01,117.1,L,H,EC-D7,,,,,
4900007398,0001,2024-10-12,201,FU-001,EC,CS01,655.9,L,H,EC-GEN,,,,,
4900007399,0001,2024-10-12,201,SP-001,EC,CS01,1,EA,H,EC-WS,,,,,
4900007400,0001,2024-10-12,201,SP-001,EC,CS01,1,EA,H,EC-WS,,,,,
4900007401,0001,2024-10-12,201,SP-006,EC,CS01,1,EA,H,EC-WS,,,,,
4900007402,0001,2024-10-13,201,FU-001,EC,CS01,578.4,L,H,EC-GEN,,,,,
4900007403,0001,2024-10-14,201,AC-001,EC,CS01,129.6,L,H,EC-D1,,,,,
4900007404,0001,2024-10-14,201,AC-002,EC,CS01,5.21,KG,H,EC-D1,,,,,
4900007405,0001,2024-10-14,101,FE-002,EC,CS01,88100,KG,S,,,,,4500000357,00010
4900007406,0001,2024-10-14,201,FU-001,EC,CS01,125.2,L,H,EC-D1,,,,,
4900007407,0001,2024-10-14,201,FU-001,EC,CS01,89.1,L,H,EC-D2,,,,,
4900007408,0001,2024-10-14,201,FU-001,EC,CS01,131.5,L,H,EC-D3,,,,,
4900007409,0001,2024-10-14,201,FU-001,EC,CS01,132.4,L,H,EC-D4,,,,,
4900007410,0001,2024-10-14,201,FU-001,EC,CS01,100.2,L,H,EC-D5,,,,,
4900007411,0001,2024-10-14,201,FU-001,EC,CS01,126.3,L,H,EC-D6,,,,,
4900007412,0001,2024-10-14,201,FU-001,EC,CS01,126.4,L,H,EC-D7,,,,,
4900007413,0001,2024-10-14,201,FU-001,EC,CS01,754.7,L,H,EC-GEN,,,,,
4900007414,0001,2024-10-14,101,SP-003,EC,CS01,5,EA,S,,,,,4500000374,00010
4900007415,0001,2024-10-14,201,SP-008,EC,CS01,1,EA,H,EC-WS,,,,,
4900007416,0001,2024-10-15,201,AC-001,EC,CS01,108.1,L,H,EC-D7,,,,,
4900007417,0001,2024-10-15,201,FE-001,EC,CS01,7148.4,KG,H,EC-D1,,2,0000002333,,
4900007418,0001,2024-10-15,201,FE-001,EC,CS01,3100.4,KG,H,EC-D1,,6,0000002349,,
4900007419,0001,2024-10-15,201,FE-001,EC,CS01,8405.3,KG,H,EC-D1,,9,0000002361,,
4900007420,0001,2024-10-15,201,FE-001,EC,CS01,16232.4,KG,H,EC-D1,,15,0000002385,,
4900007421,0001,2024-10-15,201,FE-001,EC,CS01,10998.9,KG,H,EC-D1,,16,0000002389,,
4900007422,0001,2024-10-15,201,FE-001,EC,CS01,9553.4,KG,H,EC-D1,,31,0000002449,,
4900007423,0001,2024-10-15,201,FE-001,EC,CS01,11964.1,KG,H,EC-D1,,32,0000002453,,
4900007424,0001,2024-10-15,201,FE-001,EC,CS01,9811.1,KG,H,EC-D1,,37,0000002473,,
4900007425,0001,2024-10-15,201,FE-001,EC,CS01,7106.0,KG,H,EC-D2,,40,0000002485,,
4900007426,0001,2024-10-15,201,FE-001,EC,CS01,10117.3,KG,H,EC-D2,,41,0000002489,,
4900007427,0001,2024-10-15,201,FE-001,EC,CS01,11771.3,KG,H,EC-D2,,44,0000002501,,
4900007428,0001,2024-10-15,201,FE-001,EC,CS01,11965.3,KG,H,EC-D2,,45,0000002505,,
4900007429,0001,2024-10-15,201,FE-001,EC,CS01,9672.8,KG,H,EC-D2,,56,0000002545,,
4900007430,0001,2024-10-15,201,FE-001,EC,CS01,11647.7,KG,H,EC-D2,,60,0000002561,,
4900007431,0001,2024-10-15,201,FE-001,EC,CS01,13450.3,KG,H,EC-D2,,63,0000002569,,
4900007432,0001,2024-10-15,201,FE-001,EC,CS01,13520.5,KG,H,EC-D2,,69,0000002593,,
4900007433,0001,2024-10-15,201,FE-001,EC,CS01,9426.9,KG,H,EC-D3,,77,0000002629,,
4900007434,0001,2024-10-15,201,FE-001,EC,CS01,763.1,KG,H,EC-D3,,82,0000002649,,
4900007435,0001,2024-10-15,201,FE-001,EC,CS01,12898.6,KG,H,EC-D3,,83,0000002653,,
4900007436,0001,2024-10-15,201,FE-001,EC,CS01,11795.2,KG,H,EC-D3,,88,0000002673,,
4900007437,0001,2024-10-15,201,FE-001,EC,CS01,18596.5,KG,H,EC-D3,,93,0000002693,,
4900007438,0001,2024-10-15,201,FE-001,EC,CS01,10182.6,KG,H,EC-D3,,95,0000002701,,
4900007439,0001,2024-10-15,201,FE-001,EC,CS01,11120.1,KG,H,EC-D3,,97,0000002709,,
4900007440,0001,2024-10-15,201,FE-001,EC,CS01,12402.3,KG,H,EC-D3,,103,0000002733,,
4900007441,0001,2024-10-15,201,FE-001,EC,CS01,11190.0,KG,H,EC-D3,,104,0000002737,,
4900007442,0001,2024-10-15,201,FE-001,EC,CS01,12775.7,KG,H,EC-D3,,107,0000002749,,
4900007443,0001,2024-10-15,201,FE-001,EC,CS01,15608.8,KG,H,EC-D3,,108,0000002753,,
4900007444,0001,2024-10-15,201,FE-001,EC,CS01,11149.6,KG,H,EC-D3,,112,0000002769,,
4900007445,0001,2024-10-15,201,FE-001,EC,CS01,7103.6,KG,H,EC-D3,,114,0000002777,,
4900007446,0001,2024-10-15,201,FE-001,EC,CS01,5152.0,KG,H,EC-D4,,124,0000002825,,
4900007447,0001,2024-10-15,201,FE-001,EC,CS01,2581.2,KG,H,EC-D4,,125,0000002829,,
4900007448,0001,2024-10-15,201,FE-001,EC,CS01,12471.6,KG,H,EC-D4,,134,0000002865,,
4900007449,0001,2024-10-15,201,FE-001,EC,CS01,12767.4,KG,H,EC-D4,,136,0000002873,,
4900007450,0001,2024-10-15,201,FE-001,EC,CS01,18659.0,KG,H,EC-D4,,138,0000002881,,
4900007451,0001,2024-10-15,201,FE-001,EC,CS01,16714.6,KG,H,EC-D4,,148,0000002921,,
4900007452,0001,2024-10-15,201,FE-001,EC,CS01,5097.2,KG,H,EC-D4,,165,0000002981,,
4900007453,0001,2024-10-15,201,FE-001,EC,CS01,17470.9,KG,H,EC-D5,,168,0000002989,,
4900007454,0001,2024-10-15,201,FE-001,EC,CS01,4767.1,KG,H,EC-D5,,174,0000003013,,
4900007455,0001,2024-10-15,201,FE-001,EC,CS01,12226.7,KG,H,EC-D5,,177,0000003021,,
4900007456,0001,2024-10-15,201,FE-001,EC,CS01,8773.2,KG,H,EC-D5,,184,0000003045,,
4900007457,0001,2024-10-15,201,FE-001,EC,CS01,10245.1,KG,H,EC-D5,,186,0000003053,,
4900007458,0001,2024-10-15,201,FE-001,EC,CS01,11619.5,KG,H,EC-D5,,190,0000003069,,
4900007459,0001,2024-10-15,201,FE-001,EC,CS01,10268.0,KG,H,EC-D5,,195,0000003085,,
4900007460,0001,2024-10-15,201,FE-001,EC,CS01,9411.8,KG,H,EC-D6,,206,0000003133,,
4900007461,0001,2024-10-15,201,FE-001,EC,CS01,10650.5,KG,H,EC-D6,,213,0000003161,,
4900007462,0001,2024-10-15,201,FE-001,EC,CS01,16728.7,KG,H,EC-D6,,214,0000003165,,
4900007463,0001,2024-10-15,201,FE-001,EC,CS01,9517.5,KG,H,EC-D6,,222,0000003177,,
4900007464,0001,2024-10-15,201,FE-001,EC,CS01,8905.2,KG,H,EC-D6,,223,0000003181,,
4900007465,0001,2024-10-15,201,FE-001,EC,CS01,10047.2,KG,H,EC-D6,,230,0000003185,,
4900007466,0001,2024-10-15,201,FE-001,EC,CS01,6311.2,KG,H,EC-D6,,246,0000003193,,
4900007467,0001,2024-10-15,201,FE-001,EC,CS01,7891.2,KG,H,EC-D6,,247,0000003197,,
4900007468,0001,2024-10-15,201,FE-001,EC,CS01,12504.2,KG,H,EC-D6,,248,0000003201,,
4900007469,0001,2024-10-15,201,FE-001,EC,CS01,12621.1,KG,H,EC-D6,,257,0000003237,,
4900007470,0001,2024-10-15,201,FE-001,EC,CS01,9031.3,KG,H,EC-D6,,261,0000003253,,
4900007471,0001,2024-10-15,201,FE-001,EC,CS01,9948.0,KG,H,EC-D6,,262,0000003257,,
4900007472,0001,2024-10-15,201,FE-001,EC,CS01,11143.0,KG,H,EC-D6,,263,0000003261,,
4900007473,0001,2024-10-15,201,FE-001,EC,CS01,7245.0,KG,H,EC-D6,,265,0000003269,,
4900007474,0001,2024-10-15,201,FE-001,EC,CS01,9097.9,KG,H,EC-D6,,266,0000003273,,
4900007475,0001,2024-10-15,201,FE-001,EC,CS01,11349.5,KG,H,EC-D7,,291,0000003325,,
4900007476,0001,2024-10-15,201,FE-001,EC,CS01,5389.0,KG,H,EC-D7,,294,0000003337,,
4900007477,0001,2024-10-15,201,FE-001,EC,CS01,10921.4,KG,H,EC-D7,,297,0000003349,,
4900007478,0001,2024-10-15,201,FE-001,EC,CS01,13845.3,KG,H,EC-D7,,298,0000003353,,
4900007479,0001,2024-10-15,201,FE-001,EC,CS01,12080.9,KG,H,EC-D7,,305,0000003381,,
4900007480,0001,2024-10-15,201,FE-001,EC,CS01,11372.7,KG,H,EC-D7,,306,0000003385,,
4900007481,0001,2024-10-15,201,FE-001,EC,CS01,8020.1,KG,H,EC-D7,,308,0000003393,,
4900007482,0001,2024-10-15,201,FE-001,EC,CS01,7987.8,KG,H,EC-D7,,328,0000003409,,
4900007483,0001,2024-10-15,201,FE-001,EC,CS01,8269.4,KG,H,EC-D7,,331,0000003421,,
4900007484,0001,2024-10-15,201,FE-001,EC,CS01,7526.9,KG,H,EC-D7,,332,0000003425,,
4900007485,0001,2024-10-15,201,FE-001,EC,CS01,7034.4,KG,H,EC-D7,,344,0000003473,,
4900007486,0001,2024-10-15,201,FE-001,EC,CS01,8098.3,KG,H,EC-D7,,345,0000003477,,
4900007487,0001,2024-10-15,201,FE-001,EC,CS01,10207.7,KG,H,EC-D7,,348,0000003489,,
4900007488,0001,2024-10-15,201,FE-002,EC,CS01,1349.6,KG,H,EC-D1,,3,0000002338,,
4900007489,0001,2024-10-15,201,FE-002,EC,CS01,1275.8,KG,H,EC-D1,,4,0000002342,,
4900007490,0001,2024-10-15,201,FE-002,EC,CS01,736.2,KG,H,EC-D1,,5,0000002346,,
4900007491,0001,2024-10-15,201,FE-002,EC,CS01,1817.0,KG,H,EC-D1,,7,0000002354,,
4900007492,0001,2024-10-15,201,FE-002,EC,CS01,1798.5,KG,H,EC-D1,,12,0000002374,,
4900007493,0001,2024-10-15,201,FE-002,EC,CS01,2487.8,KG,H,EC-D1,,23,0000002418,,
4900007494,0001,2024-10-15,201,FE-002,EC,CS01,2655.4,KG,H,EC-D1,,27,0000002434,,
4900007495,0001,2024-10-15,201,FE-002,EC,CS01,3038.1,KG,H,EC-D1,,31,0000002450,,
4900007496,0001,2024-10-15,201,FE-002,EC,CS01,2487.6,KG,H,EC-D1,,36,0000002470,,
4900007497,0001,2024-10-15,201,FE-002,EC,CS01,3014.4,KG,H,EC-D2,,43,0000002498,,
4900007498,0001,2024-10-15,201,FE-002,EC,CS01,3039.0,KG,H,EC-D2,,45,0000002506,,
4900007499,0001,2024-10-15,201,FE-002,EC,CS01,2225.2,KG,H,EC-D2,,46,0000002510,,
4900007500,0001,2024-10-15,201,FE-002,EC,CS01,1908.1,KG,H,EC-D2,,50,0000002522,,
4900007501,0001,2024-10-15,201,FE-002,EC,CS01,2407.0,KG,H,EC-D2,,56,0000002546,,
4900007502,0001,2024-10-15,201,FE-002,EC,CS01,3584.7,KG,H,EC-D2,,58,0000002554,,
4900007503,0001,2024-10-15,201,FE-002,EC,CS01,2003.0,KG,H,EC-D2,,59,0000002558,,
4900007504,0001,2024-10-15,201,FE-002,EC,CS01,1137.6,KG,H,EC-D2,,65,0000002578,,
4900007505,0001,2024-10-15,201,FE-002,EC,CS01,2942.8,KG,H,EC-D2,,67,0000002586,,
4900007506,0001,2024-10-15,201,FE-002,EC,CS01,2457.8,KG,H,EC-D3,,76,0000002626,,
4900007507,0001,2024-10-15,201,FE-002,EC,CS01,748.5,KG,H,EC-D3,,81,0000002646,,
4900007508,0001,2024-10-15,201,FE-002,EC,CS01,4110.9,KG,H,EC-D3,,83,0000002654,,
4900007509,0001,2024-10-15,201,FE-002,EC,CS01,2660.6,KG,H,EC-D3,,87,0000002670,,
4900007510,0001,2024-10-15,201,FE-002,EC,CS01,3352.3,KG,H,EC-D3,,89,0000002678,,
4900007511,0001,2024-10-15,201,FE-002,EC,CS01,1534.5,KG,H,EC-D3,,91,0000002686,,
4900007512,0001,2024-10-15,201,FE-002,EC,CS01,3029.1,KG,H,EC-D3,,93,0000002694,,
4900007513,0001,2024-10-15,201,FE-002,EC,CS01,2097.1,KG,H,EC-D3,,94,0000002698,,
4900007514,0001,2024-10-15,201,FE-002,EC,CS01,2737.3,KG,H,EC-D3,,97,0000002710,,
4900007515,0001,2024-10-15,201,FE-002,EC,CS01,1163.1,KG,H,EC-D3,,99,0000002718,,
4900007516,0001,2024-10-15,201,FE-002,EC,CS01,4094.7,KG,H,EC-D3,,101,0000002726,,
4900007517,0001,2024-10-15,201,FE-002,EC,CS01,1757.5,KG,H,EC-D3,,103,0000002734,,
4900007518,0001,2024-10-15,201,FE-002,EC,CS01,1355.7,KG,H,EC-D3,,116,0000002786,,
4900007519,0001,2024-10-15,201,FE-002,EC,CS01,1207.1,KG,H,EC-D3,,118,0000002794,,
4900007520,0001,2024-10-15,201,FE-002,EC,CS01,304.6,KG,H,EC-D3,,369,0000002810,,
4900007521,0001,2024-10-15,201,FE-002,EC,CS01,166.4,KG,H,EC-D3,,370,0000002814,,
4900007522,0001,2024-10-15,201,FE-002,EC,CS01,3645.9,KG,H,EC-D4,,132,0000002858,,
4900007523,0001,2024-10-15,201,FE-002,EC,CS01,3550.1,KG,H,EC-D4,,134,0000002866,,
4900007524,0001,2024-10-15,201,FE-002,EC,CS01,3124.3,KG,H,EC-D4,,135,0000002870,,
4900007525,0001,2024-10-15,201,FE-002,EC,CS01,2982.0,KG,H,EC-D4,,136,0000002874,,
4900007526,0001,2024-10-15,201,FE-002,EC,CS01,1644.8,KG,H,EC-D4,,139,0000002886,,
4900007527,0001,2024-10-15,201,FE-002,EC,CS01,2264.8,KG,H,EC-D4,,140,0000002890,,
4900007528,0001,2024-10-15,201,FE-002,EC,CS01,2083.3,KG,H,EC-D4,,144,0000002906,,
4900007529,0001,2024-10-15,201,FE-002,EC,CS01,2922.2,KG,H,EC-D4,,147,0000002918,,
4900007530,0001,2024-10-15,201,FE-002,EC,CS01,2413.3,KG,H,EC-D4,,149,0000002926,,
4900007531,0001,2024-10-15,201,FE-002,EC,CS01,2758.0,KG,H,EC-D4,,150,0000002930,,
4900007532,0001,2024-10-15,201,FE-002,EC,CS01,2208.9,KG,H,EC-D4,,156,0000002954,,
4900007533,0001,2024-10-15,201,FE-002,EC,CS01,3053.4,KG,H,EC-D4,,159,0000002966,,
4900007534,0001,2024-10-15,201,FE-002,EC,CS01,3846.7,KG,H,EC-D4,,160,0000002970,,
4900007535,0001,2024-10-15,201,FE-002,EC,CS01,1628.1,KG,H,EC-D4,,166,0000002986,,
4900007536,0001,2024-10-15,201,FE-002,EC,CS01,4563.6,KG,H,EC-D5,,169,0000002994,,
4900007537,0001,2024-10-15,201,FE-002,EC,CS01,2102.7,KG,H,EC-D5,,173,0000003010,,
4900007538,0001,2024-10-15,201,FE-002,EC,CS01,2688.8,KG,H,EC-D5,,178,0000003026,,
4900007539,0001,2024-10-15,201,FE-002,EC,CS01,3200.1,KG,H,EC-D5,,180,0000003034,,
4900007540,0001,2024-10-15,201,FE-002,EC,CS01,2313.9,KG,H,EC-D5,,185,0000003050,,
4900007541,0001,2024-10-15,201,FE-002,EC,CS01,3830.1,KG,H,EC-D5,,189,0000003066,,
4900007542,0001,2024-10-15,201,FE-002,EC,CS01,902.8,KG,H,EC-D5,,198,0000003098,,
4900007543,0001,2024-10-15,201,FE-002,EC,CS01,3704.9,KG,H,EC-D5,,201,0000003110,,
4900007544,0001,2024-10-15,201,FE-002,EC,CS01,3315.8,KG,H,EC-D5,,202,0000003114,,
4900007545,0001,2024-10-15,201,FE-002,EC,CS01,4201.3,KG,H,EC-D6,,204,0000003126,,
4900007546,0001,2024-10-15,201,FE-002,EC,CS01,1407.1,KG,H,EC-D6,,206,0000003134,,
4900007547,0001,2024-10-15,201,FE-002,EC,CS01,2687.6,KG,H,EC-D6,,211,0000003154,,
4900007548,0001,2024-10-15,201,FE-002,EC,CS01,3056.4,KG,H,EC-D6,,212,0000003158,,
4900007549,0001,2024-10-15,201,FE-002,EC,CS01,3406.1,KG,H,EC-D6,,214,0000003166,,
4900007550,0001,2024-10-15,201,FE-002,EC,CS01,3155.0,KG,H,EC-D6,,216,0000003174,,
4900007551,0001,2024-10-15,201,FE-002,EC,CS01,1981.3,KG,H,EC-D6,,251,0000003214,,
4900007552,0001,2024-10-15,201,FE-002,EC,CS01,2779.5,KG,H,EC-D6,,252,0000003218,,
4900007553,0001,2024-10-15,201,FE-002,EC,CS01,1587.6,KG,H,EC-D6,,254,0000003226,,
4900007554,0001,2024-10-15,201,FE-002,EC,CS01,2501.7,KG,H,EC-D6,,259,0000003246,,
4900007555,0001,2024-10-15,201,FE-002,EC,CS01,1326.4,KG,H,EC-D6,,264,0000003266,,
4900007556,0001,2024-10-15,201,FE-002,EC,CS01,1301.2,KG,H,EC-D6,,269,0000003286,,
4900007557,0001,2024-10-15,201,FE-002,EC,CS01,564.7,KG,H,EC-D7,,288,0000003314,,
4900007558,0001,2024-10-15,201,FE-002,EC,CS01,1748.9,KG,H,EC-D7,,289,0000003318,,
4900007559,0001,2024-10-15,201,FE-002,EC,CS01,1827.5,KG,H,EC-D7,,292,0000003330,,
4900007560,0001,2024-10-15,201,FE-002,EC,CS01,1714.0,KG,H,EC-D7,,293,0000003334,,
4900007561,0001,2024-10-15,201,FE-002,EC,CS01,966.5,KG,H,EC-D7,,295,0000003342,,
4900007562,0001,2024-10-15,201,FE-002,EC,CS01,2770.0,KG,H,EC-D7,,298,0000003354,,
4900007563,0001,2024-10-15,201,FE-002,EC,CS01,3010.6,KG,H,EC-D7,,299,0000003358,,
4900007564,0001,2024-10-15,201,FE-002,EC,CS01,3725.3,KG,H,EC-D7,,302,0000003370,,
4900007565,0001,2024-10-15,201,FE-002,EC,CS01,3694.8,KG,H,EC-D7,,311,0000003406,,
4900007566,0001,2024-10-15,201,FE-002,EC,CS01,1809.3,KG,H,EC-D7,,330,0000003418,,
4900007567,0001,2024-10-15,201,FE-002,EC,CS01,2479.2,KG,H,EC-D7,,332,0000003426,,
4900007568,0001,2024-10-15,201,FE-002,EC,CS01,2491.5,KG,H,EC-D7,,336,0000003442,,
4900007569,0001,2024-10-15,201,FE-002,EC,CS01,2791.4,KG,H,EC-D7,,339,0000003454,,
4900007570,0001,2024-10-15,201,FE-002,EC,CS01,2560.2,KG,H,EC-D7,,340,0000003458,,
4900007571,0001,2024-10-15,201,FE-003,EC,CS01,1700.9,KG,H,EC-D1,,2,0000002335,,
4900007572,0001,2024-10-15,201,FE-003,EC,CS01,1284.4,KG,H,EC-D1,,7,0000002355,,
4900007573,0001,2024-10-15,201,FE-003,EC,CS01,2198.9,KG,H,EC-D1,,9,0000002363,,
4900007574,0001,2024-10-15,201,FE-003,EC,CS01,1800.9,KG,H,EC-D1,,10,0000002367,,
4900007575,0001,2024-10-15,201,FE-003,EC,CS01,1987.1,KG,H,EC-D1,,12,0000002375,,
4900007576,0001,2024-10-15,201,FE-003,EC,CS01,1958.2,KG,H,EC-D1,,13,0000002379,,
4900007577,0001,2024-10-15,201,FE-003,EC,CS01,1737.6,KG,H,EC-D1,,14,0000002383,,
4900007578,0001,2024-10-15,201,FE-003,EC,CS01,2119.5,KG,H,EC-D1,,21,0000002411,,
4900007579,0001,2024-10-15,201,FE-003,EC,CS01,2066.8,KG,H,EC-D1,,23,0000002419,,
4900007580,0001,2024-10-15,201,FE-003,EC,CS01,1732.9,KG,H,EC-D1,,24,0000002423,,
4900007581,0001,2024-10-15,201,FE-003,EC,CS01,1963.0,KG,H,EC-D1,,29,0000002443,,
4900007582,0001,2024-10-15,201,FE-003,EC,CS01,2747.6,KG,H,EC-D1,,36,0000002471,,
4900007583,0001,2024-10-15,201,FE-003,EC,CS01,2801.2,KG,H,EC-D1,,37,0000002475,,
4900007584,0001,2024-10-15,201,FE-003,EC,CS01,2227.5,KG,H,EC-D1,,38,0000002479,,
4900007585,0001,2024-10-15,201,FE-003,EC,CS01,2041.9,KG,H,EC-D2,,41,0000002491,,
4900007586,0001,2024-10-15,201,FE-003,EC,CS01,1596.0,KG,H,EC-D2,,44,0000002503,,
4900007587,0001,2024-10-15,201,FE-003,EC,CS01,2207.5,KG,H,EC-D2,,45,0000002507,,
4900007588,0001,2024-10-15,201,FE-003,EC,CS01,2108.6,KG,H,EC-D2,,46,0000002511,,
4900007589,0001,2024-10-15,201,FE-003,EC,CS01,2190.2,KG,H,EC-D2,,51,0000002527,,
4900007590,0001,2024-10-15,201,FE-003,EC,CS01,1657.1,KG,H,EC-D2,,52,0000002531,,
4900007591,0001,2024-10-15,201,FE-003,EC,CS01,1421.9,KG,H,EC-D2,,53,0000002535,,
4900007592,0001,2024-10-15,201,FE-003,EC,CS01,2264.0,KG,H,EC-D2,,58,0000002555,,
4900007593,0001,2024-10-15,201,FE-003,EC,CS01,1015.3,KG,H,EC-D2,,65,0000002579,,
4900007594,0001,2024-10-15,201,FE-003,EC,CS01,2418.5,KG,H,EC-D2,,66,0000002583,,
4900007595,0001,2024-10-15,201,FE-003,EC,CS01,1528.8,KG,H,EC-D2,,68,0000002591,,
4900007596,0001,2024-10-15,201,FE-003,EC,CS01,2136.6,KG,H,EC-D2,,69,0000002595,,
4900007597,0001,2024-10-15,201,FE-003,EC,CS01,2440.4,KG,H,EC-D2,,72,0000002607,,
4900007598,0001,2024-10-15,201,FE-003,EC,CS01,2072.6,KG,H,EC-D2,,74,0000002615,,
4900007599,0001,2024-10-15,201,FE-003,EC,CS01,3014.1,KG,H,EC-D3,,75,0000002623,,
4900007600,0001,2024-10-15,201,FE-003,EC,CS01,2486.7,KG,H,EC-D3,,84,0000002659,,
4900007601,0001,2024-10-15,201,FE-003,EC,CS01,1757.2,KG,H,EC-D3,,88,0000002675,,
4900007602,0001,2024-10-15,201,FE-003,EC,CS01,1867.3,KG,H,EC-D3,,90,0000002683,,
4900007603,0001,2024-10-15,201,FE-003,EC,CS01,1468.2,KG,H,EC-D3,,97,0000002711,,
4900007604,0001,2024-10-15,201,FE-003,EC,CS01,2521.1,KG,H,EC-D3,,103,0000002735,,
4900007605,0001,2024-10-15,201,FE-003,EC,CS01,1154.4,KG,H,EC-D3,,105,0000002743,,
4900007606,0001,2024-10-15,201,FE-003,EC,CS01,2033.4,KG,H,EC-D3,,107,0000002751,,
4900007607,0001,2024-10-15,201,FE-003,EC,CS01,2853.2,KG,H,EC-D3,,108,0000002755,,
4900007608,0001,2024-10-15,201,FE-003,EC,CS01,1381.8,KG,H,EC-D3,,114,0000002779,,
4900007609,0001,2024-10-15,201,FE-003,EC,CS01,524.2,KG,H,EC-D3,,117,0000002791,,
4900007610,0001,2024-10-15,201,FE-003,EC,CS01,141.3,KG,H,EC-D3,,370,0000002815,,
4900007611,0001,2024-10-15,201,FE-003,EC,CS01,850.5,KG,H,EC-D4,,123,0000002823,,
4900007612,0001,2024-10-15,201,FE-003,EC,CS01,431.9,KG,H,EC-D4,,126,0000002835,,
4900007613,0001,2024-10-15,201,FE-003,EC,CS01,202.8,KG,H,EC-D4,,127,0000002839,,
4900007614,0001,2024-10-15,201,FE-003,EC,CS01,1125.9,KG,H,EC-D4,,129,0000002847,,
4900007615,0001,2024-10-15,201,FE-003,EC,CS01,2086.8,KG,H,EC-D4,,131,0000002855,,
4900007616,0001,2024-10-15,201,FE-003,EC,CS01,2979.3,KG,H,EC-D4,,132,0000002859,,
4900007617,0001,2024-10-15,201,FE-003,EC,CS01,1193.7,KG,H,EC-D4,,133,0000002863,,
4900007618,0001,2024-10-15,201,FE-003,EC,CS01,1808.0,KG,H,EC-D4,,135,0000002871,,
4900007619,0001,2024-10-15,201,FE-003,EC,CS01,2072.7,KG,H,EC-D4,,137,0000002879,,
4900007620,0001,2024-10-15,201,FE-003,EC,CS01,2150.7,KG,H,EC-D4,,139,0000002887,,
4900007621,0001,2024-10-15,201,FE-003,EC,CS01,1880.6,KG,H,EC-D4,,140,0000002891,,
4900007622,0001,2024-10-15,201,FE-003,EC,CS01,2158.9,KG,H,EC-D4,,142,0000002899,,
4900007623,0001,2024-10-15,201,FE-003,EC,CS01,1691.7,KG,H,EC-D4,,143,0000002903,,
4900007624,0001,2024-10-15,201,FE-003,EC,CS01,2089.6,KG,H,EC-D4,,145,0000002911,,
4900007625,0001,2024-10-15,201,FE-003,EC,CS01,2502.5,KG,H,EC-D4,,147,0000002919,,
4900007626,0001,2024-10-15,201,FE-003,EC,CS01,629.8,KG,H,EC-D4,,155,0000002951,,
4900007627,0001,2024-10-15,201,FE-003,EC,CS01,1872.8,KG,H,EC-D5,,170,0000002999,,
4900007628,0001,2024-10-15,201,FE-003,EC,CS01,2051.1,KG,H,EC-D5,,176,0000003019,,
4900007629,0001,2024-10-15,201,FE-003,EC,CS01,1697.2,KG,H,EC-D5,,177,0000003023,,
4900007630,0001,2024-10-15,201,FE-003,EC,CS01,2291.1,KG,H,EC-D5,,181,0000003039,,
4900007631,0001,2024-10-15,201,FE-003,EC,CS01,1689.4,KG,H,EC-D5,,182,0000003043,,
4900007632,0001,2024-10-15,201,FE-003,EC,CS01,2783.1,KG,H,EC-D5,,188,0000003063,,
4900007633,0001,2024-10-15,201,FE-003,EC,CS01,3573.1,KG,H,EC-D5,,189,0000003067,,
4900007634,0001,2024-10-15,201,FE-003,EC,CS01,1991.4,KG,H,EC-D5,,190,0000003071,,
4900007635,0001,2024-10-15,201,FE-003,EC,CS01,2602.7,KG,H,EC-D5,,195,0000003087,,
4900007636,0001,2024-10-15,201,FE-003,EC,CS01,1426.2,KG,H,EC-D5,,199,0000003103,,
4900007637,0001,2024-10-15,201,FE-003,EC,CS01,2573.8,KG,H,EC-D5,,202,0000003115,,
4900007638,0001,2024-10-15,201,FE-003,EC,CS01,2718.6,KG,H,EC-D6,,204,0000003127,,
4900007639,0001,2024-10-15,201,FE-003,EC,CS01,2524.5,KG,H,EC-D6,,213,0000003163,,
4900007640,0001,2024-10-15,201,FE-003,EC,CS01,1847.1,KG,H,EC-D6,,216,0000003175,,
4900007641,0001,2024-10-15,201,FE-003,EC,CS01,1617.1,KG,H,EC-D6,,223,0000003183,,
4900007642,0001,2024-10-15,201,FE-003,EC,CS01,2523.4,KG,H,EC-D6,,245,0000003191,,
4900007643,0001,2024-10-15,201,FE-003,EC,CS01,1531.3,KG,H,EC-D6,,253,0000003223,,
4900007644,0001,2024-10-15,201,FE-003,EC,CS01,1399.3,KG,H,EC-D6,,268,0000003283,,
4900007645,0001,2024-10-15,201,FE-003,EC,CS01,1089.8,KG,H,EC-D6,,269,0000003287,,
4900007646,0001,2024-10-15,201,FE-003,EC,CS01,914.0,KG,H,EC-D6,,270,0000003291,,
4900007647,0001,2024-10-15,201,FE-003,EC,CS01,1092.1,KG,H,EC-D7,,287,0000003311,,
4900007648,0001,2024-10-15,201,FE-003,EC,CS01,2120.2,KG,H,EC-D7,,291,0000003327,,
4900007649,0001,2024-10-15,201,FE-003,EC,CS01,1521.3,KG,H,EC-D7,,292,0000003331,,
4900007650,0001,2024-10-15,201,FE-003,EC,CS01,1188.5,KG,H,EC-D7,,293,0000003335,,
4900007651,0001,2024-10-15,201,FE-003,EC,CS01,1948.5,KG,H,EC-D7,,299,0000003359,,
4900007652,0001,2024-10-15,201,FE-003,EC,CS01,3103.5,KG,H,EC-D7,,303,0000003375,,
4900007653,0001,2024-10-15,201,FE-003,EC,CS01,1387.1,KG,H,EC-D7,,309,0000003399,,
4900007654,0001,2024-10-15,201,FE-003,EC,CS01,2343.4,KG,H,EC-D7,,311,0000003407,,
4900007655,0001,2024-10-15,201,FE-003,EC,CS01,810.8,KG,H,EC-D7,,328,0000003411,,
4900007656,0001,2024-10-15,201,FE-003,EC,CS01,1502.4,KG,H,EC-D7,,330,0000003419,,
4900007657,0001,2024-10-15,201,FE-003,EC,CS01,1947.4,KG,H,EC-D7,,334,0000003435,,
4900007658,0001,2024-10-15,201,FE-003,EC,CS01,2348.8,KG,H,EC-D7,,335,0000003439,,
4900007659,0001,2024-10-15,201,FE-003,EC,CS01,2908.5,KG,H,EC-D7,,340,0000003459,,
4900007660,0001,2024-10-15,201,FE-004,EC,CS01,69.2,KG,H,EC-D1,,1,0000002332,,
4900007661,0001,2024-10-15,201,FE-004,EC,CS01,58.3,KG,H,EC-D1,,6,0000002352,,
4900007662,0001,2024-10-15,201,FE-004,EC,CS01,247.0,KG,H,EC-D1,,25,0000002428,,
4900007663,0001,2024-10-15,201,FE-004,EC,CS01,192.3,KG,H,EC-D1,,26,0000002432,,
4900007664,0001,2024-10-15,201,FE-004,EC,CS01,245.8,KG,H,EC-D1,,29,0000002444,,
4900007665,0001,2024-10-15,201,FE-004,EC,CS01,273.3,KG,H,EC-D1,,32,0000002456,,
4900007666,0001,2024-10-15,201,FE-004,EC,CS01,348.6,KG,H,EC-D1,,35,0000002468,,
4900007667,0001,2024-10-15,201,FE-004,EC,CS01,265.2,KG,H,EC-D1,,39,0000002484,,
4900007668,0001,2024-10-15,201,FE-004,EC,CS01,226.6,KG,H,EC-D2,,42,0000002496,,
4900007669,0001,2024-10-15,201,FE-004,EC,CS01,294.9,KG,H,EC-D2,,51,0000002528,,
4900007670,0001,2024-10-15,201,FE-004,EC,CS01,145.2,KG,H,EC-D2,,53,0000002536,,
4900007671,0001,2024-10-15,201,FE-004,EC,CS01,335.5,KG,H,EC-D2,,54,0000002540,,
4900007672,0001,2024-10-15,201,FE-004,EC,CS01,246.4,KG,H,EC-D2,,58,0000002556,,
4900007673,0001,2024-10-15,201,FE-004,EC,CS01,219.6,KG,H,EC-D2,,62,0000002568,,
4900007674,0001,2024-10-15,201,FE-004,EC,CS01,211.3,KG,H,EC-D2,,69,0000002596,,
4900007675,0001,2024-10-15,201,FE-004,EC,CS01,220.3,KG,H,EC-D2,,72,0000002608,,
4900007676,0001,2024-10-15,201,FE-004,EC,CS01,324.4,KG,H,EC-D2,,74,0000002616,,
4900007677,0001,2024-10-15,201,FE-004,EC,CS01,245.6,KG,H,EC-D3,,77,0000002632,,
4900007678,0001,2024-10-15,201,FE-004,EC,CS01,278.9,KG,H,EC-D3,,78,0000002636,,
4900007679,0001,2024-10-15,201,FE-004,EC,CS01,270.0,KG,H,EC-D3,,85,0000002664,,
4900007680,0001,2024-10-15,201,FE-004,EC,CS01,265.3,KG,H,EC-D3,,100,0000002724,,
4900007681,0001,2024-10-15,201,FE-004,EC,CS01,96.2,KG,H,EC-D3,,106,0000002748,,
4900007682,0001,2024-10-15,201,FE-004,EC,CS01,352.3,KG,H,EC-D3,,108,0000002756,,
4900007683,0001,2024-10-15,201,FE-004,EC,CS01,199.5,KG,H,EC-D3,,115,0000002784,,
4900007684,0001,2024-10-15,201,FE-004,EC,CS01,118.6,KG,H,EC-D3,,120,0000002804,,
4900007685,0001,2024-10-15,201,FE-004,EC,CS01,46.3,KG,H,EC-D3,,121,0000002808,,
4900007686,0001,2024-10-15,201,FE-004,EC,CS01,81.9,KG,H,EC-D4,,123,0000002824,,
4900007687,0001,2024-10-15,201,FE-004,EC,CS01,74.3,KG,H,EC-D4,,126,0000002836,,
4900007688,0001,2024-10-15,201,FE-004,EC,CS01,16.5,KG,H,EC-D4,,127,0000002840,,
4900007689,0001,2024-10-15,201,FE-004,EC,CS01,207.2,KG,H,EC-D4,,129,0000002848,,
4900007690,0001,2024-10-15,201,FE-004,EC,CS01,248.7,KG,H,EC-D4,,131,0000002856,,
4900007691,0001,2024-10-15,201,FE-004,EC,CS01,412.1,KG,H,EC-D4,,134,0000002868,,
4900007692,0001,2024-10-15,201,FE-004,EC,CS01,235.7,KG,H,EC-D4,,135,0000002872,,
4900007693,0001,2024-10-15,201,FE-004,EC,CS01,386.8,KG,H,EC-D4,,136,0000002876,,
4900007694,0001,2024-10-15,201,FE-004,EC,CS01,437.2,KG,H,EC-D4,,145,0000002912,,
4900007695,0001,2024-10-15,201,FE-004,EC,CS01,278.9,KG,H,EC-D4,,146,0000002916,,
4900007696,0001,2024-10-15,201,FE-004,EC,CS01,243.2,KG,H,EC-D4,,149,0000002928,,
4900007697,0001,2024-10-15,201,FE-004,EC,CS01,301.4,KG,H,EC-D4,,150,0000002932,,
4900007698,0001,2024-10-15,201,FE-004,EC,CS01,280.5,KG,H,EC-D4,,153,0000002944,,
4900007699,0001,2024-10-15,201,FE-004,EC,CS01,243.3,KG,H,EC-D4,,156,0000002956,,
4900007700,0001,2024-10-15,201,FE-004,EC,CS01,249.0,KG,H,EC-D4,,157,0000002960,,
4900007701,0001,2024-10-15,201,FE-004,EC,CS01,417.8,KG,H,EC-D4,,158,0000002964,,
4900007702,0001,2024-10-15,201,FE-004,EC,CS01,155.1,KG,H,EC-D4,,163,0000002976,,
4900007703,0001,2024-10-15,201,FE-004,EC,CS01,148.3,KG,H,EC-D4,,164,0000002980,,
4900007704,0001,2024-10-15,201,FE-004,EC,CS01,354.5,KG,H,EC-D5,,169,0000002996,,
4900007705,0001,2024-10-15,201,FE-004,EC,CS01,152.8,KG,H,EC-D5,,173,0000003012,,
4900007706,0001,2024-10-15,201,FE-004,EC,CS01,284.6,KG,H,EC-D5,,194,0000003084,,
4900007707,0001,2024-10-15,201,FE-004,EC,CS01,286.0,KG,H,EC-D5,,196,0000003092,,
4900007708,0001,2024-10-15,201,FE-004,EC,CS01,81.0,KG,H,EC-D5,,198,0000003100,,
4900007709,0001,2024-10-15,201,FE-004,EC,CS01,189.2,KG,H,EC-D5,,202,0000003116,,
4900007710,0001,2024-10-15,201,FE-004,EC,CS01,31.3,KG,H,EC-D5,,373,0000003120,,
4900007711,0001,2024-10-15,201,FE-004,EC,CS01,454.4,KG,H,EC-D6,,203,0000003124,,
4900007712,0001,2024-10-15,201,FE-004,EC,CS01,265.8,KG,H,EC-D6,,207,0000003140,,
4900007713,0001,2024-10-15,201,FE-004,EC,CS01,256.2,KG,H,EC-D6,,208,0000003144,,
4900007714,0001,2024-10-15,201,FE-004,EC,CS01,246.9,KG,H,EC-D6,,212,0000003160,,
4900007715,0001,2024-10-15,201,FE-004,EC,CS01,298.0,KG,H,EC-D6,,216,0000003176,,
4900007716,0001,2024-10-15,201,FE-004,EC,CS01,388.3,KG,H,EC-D6,,256,0000003236,,
4900007717,0001,2024-10-15,201,FE-004,EC,CS01,328.1,KG,H,EC-D6,,263,0000003264,,
4900007718,0001,2024-10-15,201,FE-004,EC,CS01,192.3,KG,H,EC-D6,,267,0000003280,,
4900007719,0001,2024-10-15,201,FE-004,EC,CS01,102.3,KG,H,EC-D6,,270,0000003292,,
4900007720,0001,2024-10-15,201,FE-004,EC,CS01,157.0,KG,H,EC-D6,,271,0000003296,,
4900007721,0001,2024-10-15,201,FE-004,EC,CS01,392.9,KG,H,EC-D6,,379,0000003304,,
4900007722,0001,2024-10-15,201,FE-004,EC,CS01,173.1,KG,H,EC-D7,,289,0000003320,,
4900007723,0001,2024-10-15,201,FE-004,EC,CS01,105.8,KG,H,EC-D7,,294,0000003340,,
4900007724,0001,2024-10-15,201,FE-004,EC,CS01,210.9,KG,H,EC-D7,,296,0000003348,,
4900007725,0001,2024-10-15,201,FE-004,EC,CS01,299.9,KG,H,EC-D7,,298,0000003356,,
4900007726,0001,2024-10-15,201,FE-004,EC,CS01,213.3,KG,H,EC-D7,,300,0000003364,,
4900007727,0001,2024-10-15,201,FE-004,EC,CS01,84.5,KG,H,EC-D7,,301,0000003368,,
4900007728,0001,2024-10-15,201,FE-004,EC,CS01,122.0,KG,H,EC-D7,,308,0000003396,,
4900007729,0001,2024-10-15,201,FE-004,EC,CS01,256.3,KG,H,EC-D7,,309,0000003400,,
4900007730,0001,2024-10-15,201,FE-004,EC,CS01,320.2,KG,H,EC-D7,,311,0000003408,,
4900007731,0001,2024-10-15,201,FE-004,EC,CS01,159.9,KG,H,EC-D7,,329,0000003416,,
4900007732,0001,2024-10-15,201,FE-004,EC,CS01,99.6,KG,H,EC-D7,,330,0000003420,,
4900007733,0001,2024-10-15,201,FE-004,EC,CS01,256.1,KG,H,EC-D7,,332,0000003428,,
4900007734,0001,2024-10-15,201,FE-004,EC,CS01,220.3,KG,H,EC-D7,,333,0000003432,,
4900007735,0001,2024-10-15,201,FE-004,EC,CS01,170.5,KG,H,EC-D7,,343,0000003472,,
4900007736,0001,2024-10-15,201,FE-004,EC,CS01,268.1,KG,H,EC-D7,,345,0000003480,,
4900007737,0001,2024-10-15,201,FE-004,EC,CS01,239.3,KG,H,EC-D7,,348,0000003492,,
4900007738,0001,2024-10-15,201,FU-001,EC,CS01,93.9,L,H,EC-D1,,,,,
4900007739,0001,2024-10-15,201,FU-001,EC,CS01,103.1,L,H,EC-D2,,,,,
4900007740,0001,2024-10-15,201,FU-001,EC,CS01,123.9,L,H,EC-D3,,,,,
4900007741,0001,2024-10-15,201,FU-001,EC,CS01,163.0,L,H,EC-D4,,,,,
4900007742,0001,2024-10-15,201,FU-001,EC,CS01,102.4,L,H,EC-D5,,,,,
4900007743,0001,2024-10-15,201,FU-001,EC,CS01,121.0,L,H,EC-D6,,,,,
4900007744,0001,2024-10-15,201,FU-001,EC,CS01,117.5,L,H,EC-D7,,,,,
4900007745,0001,2024-10-15,201,FU-001,EC,CS01,641.5,L,H,EC-GEN,,,,,
4900007746,0001,2024-10-15,201,SP-001,EC,CS01,1,EA,H,EC-WS,,,,,
4900007747,0001,2024-10-16,201,AC-001,EC,CS01,85.9,L,H,EC-D4,,,,,
4900007748,0001,2024-10-16,201,AC-003,EC,CS01,0.85,L,H,EC-D1,,,,,
4900007749,0001,2024-10-16,201,FE-001,EC,CS01,8374.7,KG,H,EC-D1,,19,0000002401,,
4900007750,0001,2024-10-16,201,FE-001,EC,CS01,16001.8,KG,H,EC-D1,,35,0000002465,,
4900007751,0001,2024-10-16,201,FE-001,EC,CS01,19532.4,KG,H,EC-D4,,145,0000002909,,
4900007752,0001,2024-10-16,201,FE-001,EC,CS01,13356.3,KG,H,EC-D5,,185,0000003049,,
4900007753,0001,2024-10-16,201,FE-001,EC,CS01,14349.6,KG,H,EC-D6,,216,0000003173,,
4900007754,0001,2024-10-16,201,FE-001,EC,CS01,7421.8,KG,H,EC-D6,,267,0000003277,,
4900007755,0001,2024-10-16,201,FE-001,EC,CS01,15882.9,KG,H,EC-D7,,303,0000003373,,
4900007756,0001,2024-10-16,201,FE-002,EC,CS01,2523.4,KG,H,EC-D2,,63,0000002570,,
4900007757,0001,2024-10-16,201,FE-002,EC,CS01,3430.7,KG,H,EC-D2,,72,0000002606,,
4900007758,0001,2024-10-16,201,FE-002,EC,CS01,2438.7,KG,H,EC-D6,,255,0000003230,,
4900007759,0001,2024-10-16,201,FE-002,EC,CS01,3474.8,KG,H,EC-D7,,341,0000003462,,
4900007760,0001,2024-10-16,201,FE-003,EC,CS01,1524.3,KG,H,EC-D2,,40,0000002487,,
4900007761,0001,2024-10-16,201,FE-003,EC,CS01,1675.7,KG,H,EC-D6,,271,0000003295,,
4900007762,0001,2024-10-16,201,FE-003,EC,CS01,1908.8,KG,H,EC-D7,,298,0000003355,,
4900007763,0001,2024-10-16,101,FE-004,EC,CS01,13100,KG,S,,,,,4500000328,00010
4900007764,0001,2024-10-16,201,FE-004,EC,CS01,197.6,KG,H,EC-D1,,2,0000002336,,
4900007765,0001,2024-10-16,201,FE-004,EC,CS01,304.0,KG,H,EC-D1,,11,0000002372,,
4900007766,0001,2024-10-16,201,FE-004,EC,CS01,173.1,KG,H,EC-D2,,65,0000002580,,
4900007767,0001,2024-10-16,201,FE-004,EC,CS01,231.6,KG,H,EC-D3,,94,0000002700,,
4900007768,0001,2024-10-16,201,FE-004,EC,CS01,27.3,KG,H,EC-D3,,369,0000002812,,
4900007769,0001,2024-10-16,201,FE-004,EC,CS01,334.7,KG,H,EC-D4,,137,0000002880,,
4900007770,0001,2024-10-16,201,FE-004,EC,CS01,272.0,KG,H,EC-D5,,179,0000003032,,
4900007771,0001,2024-10-16,201,FE-004,EC,CS01,246.4,KG,H,EC-D6,,215,0000003172,,
4900007772,0001,2024-10-16,201,FU-001,EC,CS01,94.5,L,H,EC-D1,,,,,
4900007773,0001,2024-10-16,201,FU-001,EC,CS01,94.2,L,H,EC-D2,,,,,
4900007774,0001,2024-10-16,201,FU-001,EC,CS01,131.9,L,H,EC-D3,,,,,
4900007775,0001,2024-10-16,201,FU-001,EC,CS01,144.1,L,H,EC-D4,,,,,
4900007776,0001,2024-10-16,201,FU-001,EC,CS01,111.5,L,H,EC-D5,,,,,
4900007777,0001,2024-10-16,201,FU-001,EC,CS01,136.7,L,H,EC-D6,,,,,
4900007778,0001,2024-10-16,201,FU-001,EC,CS01,122.6,L,H,EC-D7,,,,,
4900007779,0001,2024-10-16,201,FU-001,EC,CS01,629.4,L,H,EC-GEN,,,,,
4900007780,0001,2024-10-16,201,SP-001,EC,CS01,1,EA,H,EC-WS,,,,,
4900007781,0001,2024-10-16,201,SP-005,EC,CS01,1,EA,H,EC-WS,,,,,
4900007782,0001,2024-10-17,101,FE-001,EC,CS01,233300,KG,S,,,,,4500000336,00010
4900007783,0001,2024-10-17,101,FE-001,EC,CS01,233300,KG,S,,,,,4500000360,00010
4900007784,0001,2024-10-17,201,FE-001,EC,CS01,9953.0,KG,H,EC-D1,,20,0000002405,,
4900007785,0001,2024-10-17,201,FE-001,EC,CS01,8128.1,KG,H,EC-D6,,209,0000003145,,
4900007786,0001,2024-10-17,201,FE-002,EC,CS01,2548.0,KG,H,EC-D2,,64,0000002574,,
4900007787,0001,2024-10-17,201,FE-002,EC,CS01,2330.3,KG,H,EC-D3,,78,0000002634,,
4900007788,0001,2024-10-17,201,FE-002,EC,CS01,2412.4,KG,H,EC-D4,,128,0000002842,,
4900007789,0001,2024-10-17,201,FE-002,EC,CS01,1648.8,KG,H,EC-D5,,188,0000003062,,
4900007790,0001,2024-10-17,201,FE-002,EC,CS01,3215.0,KG,H,EC-D6,,222,0000003178,,
4900007791,0001,2024-10-17,201,FE-002,EC,CS01,2805.0,KG,H,EC-D6,,257,0000003238,,
4900007792,0001,2024-10-17,201,FE-003,EC,CS01,2659.1,KG,H,EC-D1,,32,0000002455,,
4900007793,0001,2024-10-17,201,FE-003,EC,CS01,1654.5,KG,H,EC-D1,,34,0000002463,,
4900007794,0001,2024-10-17,201,FE-003,EC,CS01,2041.8,KG,H,EC-D2,,43,0000002499,,
4900007795,0001,2024-10-17,201,FE-003,EC,CS01,1512.3,KG,H,EC-D3,,100,0000002723,,
4900007796,0001,2024-10-17,201,FE-003,EC,CS01,1868.3,KG,H,EC-D3,,115,0000002783,,
4900007797,0001,2024-10-17,201,FE-003,EC,CS01,2993.0,KG,H,EC-D4,,138,0000002883,,
4900007798,0001,2024-10-17,201,FE-003,EC,CS01,1225.6,KG,H,EC-D7,,306,0000003387,,
4900007799,0001,2024-10-17,201,FE-004,EC,CS01,250.8,KG,H,EC-D1,,21,0000002412,,
4900007800,0001,2024-10-17,201,FE-004,EC,CS01,146.1,KG,H,EC-D1,,27,0000002436,,
4900007801,0001,2024-10-17,201,FE-004,EC,CS01,295.9,KG,H,EC-D2,,60,0000002564,,
4900007802,0001,2024-10-17,201,FE-004,EC,CS01,315.1,KG,H,EC-D3,,103,0000002736,,
4900007803,0001,2024-10-17,201,FE-004,EC,CS01,287.2,KG,H,EC-D7,,310,0000003404,,
4900007804,0001,2024-10-17,201,FU-001,EC,CS01,88.4,L,H,EC-D1,,,,,
4900007805,0001,2024-10-17,201,FU-001,EC,CS01,91.7,L,H,EC-D2,,,,,
4900007806,0001,2024-10-17,201,FU-001,EC,CS01,144.4,L,H,EC-D3,,,,,
4900007807,0001,2024-10-17,201,FU-001,EC,CS01,140.3,L,H,EC-D4,,,,,
4900007808,0001,2024-10-17,201,FU-001,EC,CS01,122.1,L,H,EC-D5,,,,,
4900007809,0001,2024-10-17,201,FU-001,EC,CS01,124.1,L,H,EC-D6,,,,,
4900007810,0001,2024-10-17,201,FU-001,EC,CS01,95.8,L,H,EC-D7,,,,,
4900007811,0001,2024-10-17,201,FU-001,EC,CS01,653.3,L,H,EC-GEN,,,,,
4900007812,0001,2024-10-17,201,SP-001,EC,CS01,1,EA,H,EC-WS,,,,,
4900007813,0001,2024-10-17,101,SP-006,EC,CS01,4,EA,S,,,,,4500000370,00010
4900007814,0001,2024-10-18,201,FE-001,EC,CS01,12628.1,KG,H,EC-D5,,179,0000003029,,
4900007815,0001,2024-10-18,201,FE-001,EC,CS01,15816.6,KG,H,EC-D6,,255,0000003229,,
4900007816,0001,2024-10-18,101,FE-002,EC,CS01,88100,KG,S,,,,,4500000348,00010
4900007817,0001,2024-10-18,201,FE-002,EC,CS01,1373.2,KG,H,EC-D4,,163,0000002974,,
4900007818,0001,2024-10-18,101,FE-003,EC,CS01,89200,KG,S,,,,,4500000350,00010
4900007819,0001,2024-10-18,201,FE-003,EC,CS01,1789.6,KG,H,EC-D4,,151,0000002935,,
4900007820,0001,2024-10-18,201,FE-003,EC,CS01,952.6,KG,H,EC-D4,,165,0000002983,,
4900007821,0001,2024-10-18,201,FE-003,EC,CS01,4446.7,KG,H,EC-D6,,203,0000003123,,
4900007822,0001,2024-10-18,201,FE-003,EC,CS01,2323.2,KG,H,EC-D6,,205,0000003131,,
4900007823,0001,2024-10-18,201,FE-003,EC,CS01,2278.6,KG,H,EC-D6,,272,0000003299,,
4900007824,0001,2024-10-18,201,FE-004,EC,CS01,325.7,KG,H,EC-D3,,86,0000002668,,
4900007825,0001,2024-10-18,201,FE-004,EC,CS01,143.3,KG,H,EC-D3,,114,0000002780,,
4900007826,0001,2024-10-18,201,FE-004,EC,CS01,278.0,KG,H,EC-D6,,205,0000003132,,
4900007827,0001,2024-10-18,101,FU-001,EC,CS01,8000,L,S,,,,,4500000379,00010
4900007828,0001,2024-10-18,201,FU-001,EC,CS01,82.2,L,H,EC-D1,,,,,
4900007829,0001,2024-10-18,201,FU-001,EC,CS01,82.2,L,H,EC-D2,,,,,
4900007830,0001,2024-10-18,201,FU-001,EC,CS01,143.9,L,H,EC-D3,,,,,
4900007831,0001,2024-10-18,201,FU-001,EC,CS01,129.5,L,H,EC-D4,,,,,
4900007832,0001,2024-10-18,201,FU-001,EC,CS01,86.3,L,H,EC-D5,,,,,
4900007833,0001,2024-10-18,201,FU-001,EC,CS01,125.2,L,H,EC-D6,,,,,
4900007834,0001,2024-10-18,201,FU-001,EC,CS01,98.4,L,H,EC-D7,,,,,
4900007835,0001,2024-10-18,201,FU-001,EC,CS01,724.0,L,H,EC-GEN,,,,,
4900007836,0001,2024-10-18,201,SP-006,EC,CS01,1,EA,H,EC-WS,,,,,
4900007837,0001,2024-10-19,201,AC-001,EC,CS01,88.5,L,H,EC-D3,,,,,
4900007838,0001,2024-10-19,201,AC-002,EC,CS01,3.37,KG,H,EC-D3,,,,,
4900007839,0001,2024-10-19,201,FE-001,EC,CS01,4202.6,KG,H,EC-D1,,5,0000002345,,
4900007840,0001,2024-10-19,201,FE-001,EC,CS01,10720.8,KG,H,EC-D3,,102,0000002729,,
4900007841,0001,2024-10-19,201,FE-001,EC,CS01,6700.1,KG,H,EC-D3,,116,0000002785,,
4900007842,0001,2024-10-19,201,FE-001,EC,CS01,5447.5,KG,H,EC-D4,,122,0000002817,,
4900007843,0001,2024-10-19,101,FE-002,EC,CS01,88100,KG,S,,,,,4500000344,00010
4900007844,0001,2024-10-19,101,FE-002,EC,CS01,88100,KG,S,,,,,4500000353,00010
4900007845,0001,2024-10-19,201,FE-002,EC,CS01,2267.9,KG,H,EC-D1,,2,0000002334,,
4900007846,0001,2024-10-19,201,FE-002,EC,CS01,1893.6,KG,H,EC-D3,,79,0000002638,,
4900007847,0001,2024-10-19,201,FE-002,EC,CS01,1160.9,KG,H,EC-D4,,123,0000002822,,
4900007848,0001,2024-10-19,201,FE-002,EC,CS01,2040.6,KG,H,EC-D7,,338,0000003450,,
4900007849,0001,2024-10-19,201,FE-004,EC,CS01,381.1,KG,H,EC-D4,,160,0000002972,,
4900007850,0001,2024-10-19,201,FE-004,EC,CS01,240.5,KG,H,EC-D5,,186,0000003056,,
4900007851,0001,2024-10-19,201,FE-004,EC,CS01,133.7,KG,H,EC-D6,,265,0000003272,,
4900007852,0001,2024-10-19,201,FE-004,EC,CS01,118.2,KG,H,EC-D7,,295,0000003344,,
4900007853,0001,2024-10-19,201,FU-001,EC,CS01,107.0,L,H,EC-D1,,,,,
4900007854,0001,2024-10-19,201,FU-001,EC,CS01,79.4,L,H,EC-D2,,,,,
4900007855,0001,2024-10-19,201,FU-001,EC,CS01,123.7,L,H,EC-D3,,,,,
4900007856,0001,2024-10-19,201,FU-001,EC,CS01,130.1,L,H,EC-D4,,,,,
4900007857,0001,2024-10-19,201,FU-001,EC,CS01,94.0,L,H,EC-D5,,,,,
4900007858,0001,2024-10-19,201,FU-001,EC,CS01,127.0,L,H,EC-D6,,,,,
4900007859,0001,2024-10-19,201,FU-001,EC,CS01,145.7,L,H,EC-D7,,,,,
4900007860,0001,2024-10-19,201,FU-001,EC,CS01,619.7,L,H,EC-GEN,,,,,
4900007861,0001,2024-10-19,201,SP-003,EC,CS01,1,EA,H,EC-WS,,,,,
4900007862,0001,2024-10-19,201,SP-004,EC,CS01,1,EA,H,EC-WS,,,,,
4900007863,0001,2024-10-19,201,SP-007,EC,CS01,1,EA,H,EC-WS,,,,,
4900007864,0001,2024-10-20,101,FE-001,EC,CS01,233300,KG,S,,,,,4500000363,00010
4900007865,0001,2024-10-20,201,FE-001,EC,CS01,14126.2,KG,H,EC-D2,,53,0000002533,,
4900007866,0001,2024-10-20,201,FE-001,EC,CS01,15948.4,KG,H,EC-D2,,57,0000002549,,
4900007867,0001,2024-10-20,201,FE-001,EC,CS01,7943.0,KG,H,EC-D3,,79,0000002637,,
4900007868,0001,2024-10-20,201,FE-001,EC,CS01,10795.7,KG,H,EC-D3,,110,0000002761,,
4900007869,0001,2024-10-20,201,FE-001,EC,CS01,1742.1,KG,H,EC-D3,,119,0000002797,,
4900007870,0001,2024-10-20,201,FE-001,EC,CS01,1021.0,KG,H,EC-D3,,370,0000002813,,
4900007871,0001,2024-10-20,201,FE-001,EC,CS01,10532.7,KG,H,EC-D6,,271,0000003293,,
4900007872,0001,2024-10-20,201,FE-001,EC,CS01,9431.0,KG,H,EC-D7,,335,0000003437,,
4900007873,0001,2024-10-20,201,FE-002,EC,CS01,3004.9,KG,H,EC-D7,,310,0000003402,,
4900007874,0001,2024-10-20,201,FE-002,EC,CS01,3068.7,KG,H,EC-D7,,334,0000003434,,
4900007875,0001,2024-10-20,101,FE-003,EC,CS01,89200,KG,S,,,,,4500000346,00010
4900007876,0001,2024-10-20,201,FE-003,EC,CS01,2151.1,KG,H,EC-D1,,28,0000002439,,
4900007877,0001,2024-10-20,201,FE-003,EC,CS01,2163.4,KG,H,EC-D3,,113,0000002775,,
4900007878,0001,2024-10-20,201,FE-003,EC,CS01,2287.8,KG,H,EC-D5,,185,0000003051,,
4900007879,0001,2024-10-20,201,FE-003,EC,CS01,1970.4,KG,H,EC-D6,,209,0000003147,,
4900007880,0001,2024-10-20,201,FE-004,EC,CS01,186.0,KG,H,EC-D2,,49,0000002520,,
4900007881,0001,2024-10-20,201,FE-004,EC,CS01,234.6,KG,H,EC-D3,,89,0000002680,,
4900007882,0001,2024-10-20,201,FE-004,EC,CS01,337.3,KG,H,EC-D3,,107,0000002752,,
4900007883,0001,2024-10-20,201,FE-004,EC,CS01,295.2,KG,H,EC-D4,,141,0000002896,,
4900007884,0001,2024-10-20,201,FE-004,EC,CS01,324.5,KG,H,EC-D5,,176,0000003020,,
4900007885,0001,2024-10-20,201,FE-004,EC,CS01,307.9,KG,H,EC-D5,,189,0000003068,,
4900007886,0001,2024-10-20,201,FE-004,EC,CS01,120.8,KG,H,EC-D5,,199,0000003104,,
4900007887,0001,2024-10-20,201,FU-001,EC,CS01,737.2,L,H,EC-GEN,,,,,
4900007888,0001,2024-10-20,101,SP-007,EC,CS01,4,EA,S,,,,,4500000377,00010
4900007889,0001,2024-10-21,201,AC-001,EC,CS01,97.8,L,H,EC-D1,,,,,
4900007890,0001,2024-10-21,101,FE-001,EC,CS01,233300,KG,S,,,,,4500000347,00010
4900007891,0001,2024-10-21,201,FE-001,EC,CS01,17161.8,KG,H,EC-D4,,132,0000002857,,
4900007892,0001,2024-10-21,201,FE-001,EC,CS01,4628.1,KG,H,EC-D4,,163,0000002973,,
4900007893,0001,2024-10-21,201,FE-001,EC,CS01,13350.7,KG,H,EC-D5,,178,0000003025,,
4900007894,0001,2024-10-21,101,FE-002,EC,CS01,88100,KG,S,,,,,4500000322,00010
4900007895,0001,2024-10-21,201,FE-002,EC,CS01,2421.9,KG,H,EC-D2,,71,0000002602,,
4900007896,0001,2024-10-21,201,FE-002,EC,CS01,3462.5,KG,H,EC-D3,,104,0000002738,,
4900007897,0001,2024-10-21,201,FE-002,EC,CS01,3096.2,KG,H,EC-D4,,151,0000002934,,
4900007898,0001,2024-10-21,201,FE-002,EC,CS01,1511.4,KG,H,EC-D4,,165,0000002982,,
4900007899,0001,2024-10-21,201,FE-002,EC,CS01,475.9,KG,H,EC-D5,,373,0000003118,,
4900007900,0001,2024-10-21,201,FE-002,EC,CS01,2220.2,KG,H,EC-D6,,268,0000003282,,
4900007901,0001,2024-10-21,201,FE-003,EC,CS01,2812.1,KG,H,EC-D6,,222,0000003179,,
4900007902,0001,2024-10-21,201,FE-003,EC,CS01,2270.4,KG,H,EC-D7,,348,0000003491,,
4900007903,0001,2024-10-21,201,FE-004,EC,CS01,223.4,KG,H,EC-D1,,14,0000002384,,
4900007904,0001,2024-10-21,201,FE-004,EC,CS01,256.9,KG,H,EC-D1,,31,0000002452,,
4900007905,0001,2024-10-21,201,FE-004,EC,CS01,194.4,KG,H,EC-D6,,272,0000003300,,
4900007906,0001,2024-10-21,201,FU-001,EC,CS01,98.4,L,H,EC-D1,,,,,
4900007907,0001,2024-10-21,201,FU-001,EC,CS01,89.2,L,H,EC-D2,,,,,
4900007908,0001,2024-10-21,201,FU-001,EC,CS01,132.3,L,H,EC-D3,,,,,
4900007909,0001,2024-10-21,201,FU-001,EC,CS01,146.2,L,H,EC-D4,,,,,
4900007910,0001,2024-10-21,201,FU-001,EC,CS01,104.8,L,H,EC-D5,,,,,
4900007911,0001,2024-10-21,201,FU-001,EC,CS01,140.2,L,H,EC-D6,,,,,
4900007912,0001,2024-10-21,201,FU-001,EC,CS01,124.7,L,H,EC-D7,,,,,
4900007913,0001,2024-10-21,201,FU-001,EC,CS01,547.1,L,H,EC-GEN,,,,,
4900007914,0001,2024-10-21,101,SP-004,EC,CS01,4,EA,S,,,,,4500000369,00010
4900007915,0001,2024-10-21,201,SP-005,EC,CS01,1,EA,H,EC-WS,,,,,
4900007916,0001,2024-10-22,201,AC-001,EC,CS01,107.7,L,H,EC-D5,,,,,
4900007917,0001,2024-10-22,101,FE-001,EC,CS01,233300,KG,S,,,,,4500000356,00010
4900007918,0001,2024-10-22,101,FE-001,EC,CS01,233300,KG,S,,,,,4500000364,00010
4900007919,0001,2024-10-22,201,FE-001,EC,CS01,14774.4,KG,H,EC-D1,,21,0000002409,,
4900007920,0001,2024-10-22,201,FE-001,EC,CS01,12901.4,KG,H,EC-D3,,92,0000002689,,
4900007921,0001,2024-10-22,201,FE-001,EC,CS01,13131.4,KG,H,EC-D5,,193,0000003077,,
4900007922,0001,2024-10-22,201,FE-001,EC,CS01,10210.6,KG,H,EC-D7,,338,0000003449,,
4900007923,0001,2024-10-22,201,FE-002,EC,CS01,2006.0,KG,H,EC-D2,,62,0000002566,,
4900007924,0001,2024-10-22,201,FE-002,EC,CS01,2766.7,KG,H,EC-D3,,110,0000002762,,
4900007925,0001,2024-10-22,201,FE-002,EC,CS01,3172.0,KG,H,EC-D6,,210,0000003150,,
4900007926,0001,2024-10-22,201,FE-002,EC,CS01,814.2,KG,H,EC-D6,,270,0000003290,,
4900007927,0001,2024-10-22,201,FE-002,EC,CS01,1868.1,KG,H,EC-D6,,271,0000003294,,
4900007928,0001,2024-10-22,201,FE-003,EC,CS01,2377.5,KG,H,EC-D1,,15,0000002387,,
4900007929,0001,2024-10-22,201,FE-003,EC,CS01,1670.1,KG,H,EC-D5,,196,0000003091,,
4900007930,0001,2024-10-22,201,FE-003,EC,CS01,2972.6,KG,H,EC-D6,,248,0000003203,,
4900007931,0001,2024-10-22,201,FE-003,EC,CS01,1462.6,KG,H,EC-D7,,300,0000003363,,
4900007932,0001,2024-10-22,201,FE-004,EC,CS01,287.0,KG,H,EC-D2,,66,0000002584,,
4900007933,0001,2024-10-22,201,FE-004,EC,CS01,186.0,KG,H,EC-D3,,79,0000002640,,
4900007934,0001,2024-10-22,201,FE-004,EC,CS01,296.1,KG,H,EC-D4,,148,0000002924,,
4900007935,0001,2024-10-22,201,FU-001,EC,CS01,92.7,L,H,EC-D1,,,,,
4900007936,0001,2024-10-22,201,FU-001,EC,CS01,85.4,L,H,EC-D2,,,,,
4900007937,0001,2024-10-22,201,FU-001,EC,CS01,118.0,L,H,EC-D3,,,,,
4900007938,0001,2024-10-22,201,FU-001,EC,CS01,140.5,L,H,EC-D4,,,,,
4900007939,0001,2024-10-22,201,FU-001,EC,CS01,121.2,L,H,EC-D5,,,,,
4900007940,0001,2024-10-22,201,FU-001,EC,CS01,144.1,L,H,EC-D6,,,,,
4900007941,0001,2024-10-22,201,FU-001,EC,CS01,125.1,L,H,EC-D7,,,,,
4900007942,0001,2024-10-22,201,FU-001,EC,CS01,692.1,L,H,EC-GEN,,,,,
4900007943,0001,2024-10-22,201,SP-003,EC,CS01,1,EA,H,EC-WS,,,,,
4900007944,0001,2024-10-22,201,SP-006,EC,CS01,1,EA,H,EC-WS,,,,,
4900007945,0001,2024-10-22,201,SP-007,EC,CS01,1,EA,H,EC-WS,,,,,
4900007946,0001,2024-10-23,201,AC-001,EC,CS01,73.2,L,H,EC-D6,,,,,
4900007947,0001,2024-10-23,201,AC-002,EC,CS01,3.57,KG,H,EC-D6,,,,,
4900007948,0001,2024-10-23,201,AC-003,EC,CS01,1.33,L,H,EC-D3,,,,,
4900007949,0001,2024-10-23,201,FE-001,EC,CS01,4959.4,KG,H,EC-D5,,192,0000003073,,
4900007950,0001,2024-10-23,201,FE-002,EC,CS01,1884.4,KG,H,EC-D5,,171,0000003002,,
4900007951,0001,2024-10-23,201,FE-002,EC,CS01,2402.6,KG,H,EC-D7,,290,0000003322,,
4900007952,0001,2024-10-23,201,FE-002,EC,CS01,2177.9,KG,H,EC-D7,,305,0000003382,,
4900007953,0001,2024-10-23,201,FE-003,EC,CS01,957.7,KG,H,EC-D5,,174,0000003015,,
4900007954,0001,2024-10-23,201,FE-003,EC,CS01,1801.5,KG,H,EC-D5,,200,0000003107,,
4900007955,0001,2024-10-23,201,FE-003,EC,CS01,1610.3,KG,H,EC-D6,,267,0000003279,,
4900007956,0001,2024-10-23,201,FE-003,EC,CS01,1962.7,KG,H,EC-D7,,346,0000003483,,
4900007957,0001,2024-10-23,201,FE-004,EC,CS01,303.7,KG,H,EC-D3,,84,0000002660,,
4900007958,0001,2024-10-23,201,FE-004,EC,CS01,165.9,KG,H,EC-D4,,122,0000002820,,
4900007959,0001,2024-10-23,201,FE-004,EC,CS01,452.8,KG,H,EC-D4,,138,0000002884,,
4900007960,0001,2024-10-23,201,FE-004,EC,CS01,199.7,KG,H,EC-D4,,140,0000002892,,
4900007961,0001,2024-10-23,201,FE-004,EC,CS01,186.5,KG,H,EC-D4,,166,0000002988,,
4900007962,0001,2024-10-23,201,FE-004,EC,CS01,184.9,KG,H,EC-D5,,178,0000003028,,
4900007963,0001,2024-10-23,201,FE-004,EC,CS01,178.2,KG,H,EC-D5,,184,0000003048,,
4900007964,0001,2024-10-23,201,FE-004,EC,CS01,317.0,KG,H,EC-D6,,266,0000003276,,
4900007965,0001,2024-10-23,101,FU-001,EC,CS01,8000,L,S,,,,,4500000382,00010
4900007966,0001,2024-10-23,201,FU-001,EC,CS01,102.9,L,H,EC-D1,,,,,
4900007967,0001,2024-10-23,201,FU-001,EC,CS01,92.9,L,H,EC-D2,,,,,
4900007968,0001,2024-10-23,201,FU-001,EC,CS01,107.9,L,H,EC-D3,,,,,
4900007969,0001,2024-10-23,201,FU-001,EC,CS01,122.6,L,H,EC-D4,,,,,
4900007970,0001,2024-10-23,201,FU-001,EC,CS01,81.8,L,H,EC-D5,,,,,
4900007971,0001,2024-10-23,201,FU-001,EC,CS01,108.2,L,H,EC-D6,,,,,
4900007972,0001,2024-10-23,201,FU-001,EC,CS01,124.0,L,H,EC-D7,,,,,
4900007973,0001,2024-10-23,201,FU-001,EC,CS01,757.3,L,H,EC-GEN,,,,,
4900007974,0001,2024-10-24,201,AC-001,EC,CS01,115.7,L,H,EC-D5,,,,,
4900007975,0001,2024-10-24,201,AC-003,EC,CS01,6.97,L,H,EC-D1,,,,,
4900007976,0001,2024-10-24,201,FE-001,EC,CS01,4614.2,KG,H,EC-D2,,65,0000002577,,
4900007977,0001,2024-10-24,201,FE-001,EC,CS01,7451.6,KG,H,EC-D2,,68,0000002589,,
4900007978,0001,2024-10-24,201,FE-001,EC,CS01,2047.1,KG,H,EC-D3,,121,0000002805,,
4900007979,0001,2024-10-24,201,FE-001,EC,CS01,9608.9,KG,H,EC-D5,,182,0000003041,,
4900007980,0001,2024-10-24,201,FE-001,EC,CS01,14847.0,KG,H,EC-D5,,196,0000003089,,
4900007981,0001,2024-10-24,201,FE-001,EC,CS01,13880.1,KG,H,EC-D7,,347,0000003485,,
4900007982,0001,2024-10-24,201,FE-002,EC,CS01,2550.7,KG,H,EC-D2,,69,0000002594,,
4900007983,0001,2024-10-24,201,FE-002,EC,CS01,2192.7,KG,H,EC-D3,,112,0000002770,,
4900007984,0001,2024-10-24,201,FE-002,EC,CS01,1653.8,KG,H,EC-D4,,122,0000002818,,
4900007985,0001,2024-10-24,201,FE-002,EC,CS01,1473.4,KG,H,EC-D5,,184,0000003046,,
4900007986,0001,2024-10-24,201,FE-002,EC,CS01,1978.9,KG,H,EC-D6,,267,0000003278,,
4900007987,0001,2024-10-24,101,FE-003,EC,CS01,89200,KG,S,,,,,4500000324,00010
4900007988,0001,2024-10-24,201,FE-003,EC,CS01,446.6,KG,H,EC-D1,,6,0000002351,,
4900007989,0001,2024-10-24,201,FE-003,EC,CS01,2733.8,KG,H,EC-D1,,39,0000002483,,
4900007990,0001,2024-10-24,201,FE-003,EC,CS01,1830.8,KG,H,EC-D2,,54,0000002539,,
4900007991,0001,2024-10-24,201,FE-003,EC,CS01,3399.1,KG,H,EC-D3,,111,0000002767,,
4900007992,0001,2024-10-24,201,FE-003,EC,CS01,1665.0,KG,H,EC-D4,,146,0000002915,,
4900007993,0001,2024-10-24,201,FE-003,EC,CS01,2064.0,KG,H,EC-D6,,210,0000003151,,
4900007994,0001,2024-10-24,201,FE-003,EC,CS01,1117.2,KG,H,EC-D7,,344,0000003475,,
4900007995,0001,2024-10-24,201,FE-004,EC,CS01,97.5,KG,H,EC-D5,,174,0000003016,,
4900007996,0001,2024-10-24,201,FU-001,EC,CS01,101.7,L,H,EC-D1,,,,,
4900007997,0001,2024-10-24,201,FU-001,EC,CS01,87.0,L,H,EC-D2,,,,,
4900007998,0001,2024-10-24,201,FU-001,EC,CS01,108.3,L,H,EC-D3,,,,,
4900007999,0001,2024-10-24,201,FU-001,EC,CS01,132.1,L,H,EC-D4,,,,,
4900008000,0001,2024-10-24,201,FU-001,EC,CS01,99.4,L,H,EC-D5,,,,,
4900008001,0001,2024-10-24,201,FU-001,EC,CS01,119.5,L,H,EC-D6,,,,,
4900008002,0001,2024-10-24,201,FU-001,EC,CS01,102.3,L,H,EC-D7,,,,,
4900008003,0001,2024-10-24,201,FU-001,EC,CS01,718.6,L,H,EC-GEN,,,,,
4900008004,0001,2024-10-24,201,SP-002,EC,CS01,1,EA,H,EC-WS,,,,,
4900008005,0001,2024-10-24,201,SP-006,EC,CS01,1,EA,H,EC-WS,,,,,
4900008006,0001,2024-10-25,201,AC-001,EC,CS01,116.0,L,H,EC-D1,,,,,
4900008007,0001,2024-10-25,201,FE-001,EC,CS01,12234.1,KG,H,EC-D2,,72,0000002605,,
4900008008,0001,2024-10-25,201,FE-001,EC,CS01,2733.4,KG,H,EC-D4,,126,0000002833,,
4900008009,0001,2024-10-25,201,FE-001,EC,CS01,11153.7,KG,H,EC-D4,,160,0000002969,,
4900008010,0001,2024-10-25,201,FE-001,EC,CS01,7652.2,KG,H,EC-D7,,299,0000003357,,
4900008011,0001,2024-10-25,201,FE-001,EC,CS01,10704.4,KG,H,EC-D7,,302,0000003369,,
4900008012,0001,2024-10-25,201,FE-002,EC,CS01,3464.4,KG,H,EC-D1,,22,0000002414,,
4900008013,0001,2024-10-25,201,FE-002,EC,CS01,2076.6,KG,H,EC-D2,,40,0000002486,,
4900008014,0001,2024-10-25,201,FE-002,EC,CS01,2432.6,KG,H,EC-D3,,92,0000002690,,
4900008015,0001,2024-10-25,201,FE-002,EC,CS01,3174.3,KG,H,EC-D4,,130,0000002850,,
4900008016,0001,2024-10-25,201,FE-002,EC,CS01,1309.8,KG,H,EC-D6,,247,0000003198,,
4900008017,0001,2024-10-25,201,FE-002,EC,CS01,2219.5,KG,H,EC-D7,,297,0000003350,,
4900008018,0001,2024-10-25,201,FE-003,EC,CS01,1005.2,KG,H,EC-D4,,124,0000002827,,
4900008019,0001,2024-10-25,201,FE-003,EC,CS01,1825.3,KG,H,EC-D6,,252,0000003219,,
4900008020,0001,2024-10-25,201,FE-003,EC,CS01,2937.2,KG,H,EC-D6,,256,0000003235,,
4900008021,0001,2024-10-25,201,FE-003,EC,CS01,2024.2,KG,H,EC-D7,,331,0000003423,,
4900008022,0001,2024-10-25,201,FE-004,EC,CS01,293.5,KG,H,EC-D5,,180,0000003036,,
4900008023,0001,2024-10-25,201,FE-004,EC,CS01,261.6,KG,H,EC-D5,,188,0000003064,,
4900008024,0001,2024-10-25,201,FU-001,EC,CS01,101.5,L,H,EC-D1,,,,,
4900008025,0001,2024-10-25,201,FU-001,EC,CS01,102.9,L,H,EC-D2,,,,,
4900008026,0001,2024-10-25,201,FU-001,EC,CS01,118.1,L,H,EC-D3,,,,,
4900008027,0001,2024-10-25,201,FU-001,EC,CS01,124.3,L,H,EC-D4,,,,,
4900008028,0001,2024-10-25,201,FU-001,EC,CS01,118.9,L,H,EC-D5,,,,,
4900008029,0001,2024-10-25,201,FU-001,EC,CS01,114.9,L,H,EC-D6,,,,,
4900008030,0001,2024-10-25,201,FU-001,EC,CS01,108.4,L,H,EC-D7,,,,,
4900008031,0001,2024-10-25,201,FU-001,EC,CS01,647.3,L,H,EC-GEN,,,,,
4900008032,0001,2024-10-25,201,SP-003,EC,CS01,1,EA,H,EC-WS,,,,,
4900008033,0001,2024-10-25,201,SP-003,EC,CS01,1,EA,H,EC-WS,,,,,
4900008034,0001,2024-10-26,201,AC-001,EC,CS01,122.6,L,H,EC-D3,,,,,
4900008035,0001,2024-10-26,201,AC-002,EC,CS01,4.43,KG,H,EC-D3,,,,,
4900008036,0001,2024-10-26,201,AC-003,EC,CS01,0.85,L,H,EC-D4,,,,,
4900008037,0001,2024-10-26,201,FE-001,EC,CS01,14181.1,KG,H,EC-D1,,13,0000002377,,
4900008038,0001,2024-10-26,201,FE-001,EC,CS01,9918.3,KG,H,EC-D5,,197,0000003093,,
4900008039,0001,2024-10-26,201,FE-001,EC,CS01,9104.6,KG,H,EC-D6,,207,0000003137,,
4900008040,0001,2024-10-26,201,FE-002,EC,CS01,3103.9,KG,H,EC-D1,,28,0000002438,,
4900008041,0001,2024-10-26,201,FE-002,EC,CS01,2038.8,KG,H,EC-D3,,85,0000002662,,
4900008042,0001,2024-10-26,201,FE-002,EC,CS01,3178.2,KG,H,EC-D5,,170,0000002998,,
4900008043,0001,2024-10-26,201,FE-003,EC,CS01,1993.3,KG,H,EC-D7,,290,0000003323,,
4900008044,0001,2024-10-26,201,FE-004,EC,CS01,390.3,KG,H,EC-D3,,104,0000002740,,
4900008045,0001,2024-10-26,201,FE-004,EC,CS01,220.5,KG,H,EC-D4,,130,0000002852,,
4900008046,0001,2024-10-26,201,FE-004,EC,CS01,273.5,KG,H,EC-D4,,152,0000002940,,
4900008047,0001,2024-10-26,201,FU-001,EC,CS01,94.7,L,H,EC-D1,,,,,
4900008048,0001,2024-10-26,201,FU-001,EC,CS01,111.3,L,H,EC-D2,,,,,
4900008049,0001,2024-10-26,201,FU-001,EC,CS01,125.2,L,H,EC-D3,,,,,
4900008050,0001,2024-10-26,201,FU-001,EC,CS01,166.5,L,H,EC-D4,,,,,
4900008051,0001,2024-10-26,201,FU-001,EC,CS01,101.8,L,H,EC-D5,,,,,
4900008052,0001,2024-10-26,201,FU-001,EC,CS01,139.9,L,H,EC-D6,,,,,
4900008053,0001,2024-10-26,201,FU-001,EC,CS01,103.1,L,H,EC-D7,,,,,
4900008054,0001,2024-10-26,201,FU-001,EC,CS01,678.0,L,H,EC-GEN,,,,,
4900008055,0001,2024-10-26,201,SP-008,EC,CS01,1,EA,H,EC-WS,,,,,
4900008056,0001,2024-10-27,201,FE-001,EC,CS01,13716.5,KG,H,EC-D1,,38,0000002477,,
4900008057,0001,2024-10-27,201,FE-001,EC,CS01,10782.3,KG,H,EC-D4,,149,0000002925,,
4900008058,0001,2024-10-27,201,FE-001,EC,CS01,12479.2,KG,H,EC-D4,,151,0000002933,,
4900008059,0001,2024-10-27,201,FE-001,EC,CS01,853.1,KG,H,EC-D4,,154,0000002945,,
4900008060,0001,2024-10-27,201,FE-001,EC,CS01,3321.8,KG,H,EC-D5,,198,0000003097,,
4900008061,0001,2024-10-27,201,FE-001,EC,CS01,10722.0,KG,H,EC-D6,,211,0000003153,,
4900008062,0001,2024-10-27,201,FE-001,EC,CS01,7006.0,KG,H,EC-D6,,249,0000003205,,
4900008063,0001,2024-10-27,201,FE-001,EC,CS01,2368.4,KG,H,EC-D7,,288,0000003313,,
4900008064,0001,2024-10-27,201,FE-001,EC,CS01,13037.7,KG,H,EC-D7,,341,0000003461,,
4900008065,0001,2024-10-27,201,FE-002,EC,CS01,2436.3,KG,H,EC-D2,,52,0000002530,,
4900008066,0001,2024-10-27,201,FE-002,EC,CS01,324.9,KG,H,EC-D3,,119,0000002798,,
4900008067,0001,2024-10-27,201,FE-002,EC,CS01,1325.6,KG,H,EC-D4,,164,0000002978,,
4900008068,0001,2024-10-27,201,FE-002,EC,CS01,3916.7,KG,H,EC-D5,,187,0000003058,,
4900008069,0001,2024-10-27,201,FE-002,EC,CS01,2526.6,KG,H,EC-D5,,197,0000003094,,
4900008070,0001,2024-10-27,201,FE-003,EC,CS01,2470.2,KG,H,EC-D6,,214,0000003167,,
4900008071,0001,2024-10-27,201,FE-003,EC,CS01,595.3,KG,H,EC-D7,,307,0000003391,,
4900008072,0001,2024-10-27,201,FE-004,EC,CS01,230.1,KG,H,EC-D2,,52,0000002532,,
4900008073,0001,2024-10-27,201,FE-004,EC,CS01,137.0,KG,H,EC-D3,,97,0000002712,,
4900008074,0001,2024-10-27,201,FE-004,EC,CS01,173.9,KG,H,EC-D4,,144,0000002908,,
4900008075,0001,2024-10-27,201,FE-004,EC,CS01,57.0,KG,H,EC-D7,,288,0000003316,,
4900008076,0001,2024-10-27,201,FU-001,EC,CS01,612.5,L,H,EC-GEN,,,,,
4900008077,0001,2024-10-27,101,SP-001,EC,CS01,4,EA,S,,,,,4500000381,00010
4900008078,0001,2024-10-28,201,AC-001,EC,CS01,118.8,L,H,EC-D5,,,,,
4900008079,0001,2024-10-28,201,AC-002,EC,CS01,4.64,KG,H,EC-D5,,,,,
4900008080,0001,2024-10-28,201,AC-003,EC,CS01,2.81,L,H,EC-D4,,,,,
4900008081,0001,2024-10-28,201,FE-001,EC,CS01,9475.7,KG,H,EC-D2,,382,0000002617,,
4900008082,0001,2024-10-28,201,FE-001,EC,CS01,8698.8,KG,H,EC-D4,,129,0000002845,,
4900008083,0001,2024-10-28,201,FE-001,EC,CS01,1407.0,KG,H,EC-D5,,373,0000003117,,
4900008084,0001,2024-10-28,201,FE-001,EC,CS01,9554.2,KG,H,EC-D6,,208,0000003141,,
4900008085,0001,2024-10-28,201,FE-001,EC,CS01,3587.4,KG,H,EC-D7,,307,0000003389,,
4900008086,0001,2024-10-28,201,FE-002,EC,CS01,2456.5,KG,H,EC-D1,,9,0000002362,,
4900008087,0001,2024-10-28,201,FE-002,EC,CS01,1168.6,KG,H,EC-D3,,106,0000002746,,
4900008088,0001,2024-10-28,201,FE-002,EC,CS01,3357.8,KG,H,EC-D6,,248,0000003202,,
4900008089,0001,2024-10-28,201,FE-002,EC,CS01,2011.2,KG,H,EC-D7,,331,0000003422,,
4900008090,0001,2024-10-28,201,FE-003,EC,CS01,2593.1,KG,H,EC-D4,,136,0000002875,,
4900008091,0001,2024-10-28,201,FE-003,EC,CS01,266.9,KG,H,EC-D5,,373,0000003119,,
4900008092,0001,2024-10-28,201,FE-003,EC,CS01,1893.8,KG,H,EC-D7,,339,0000003455,,
4900008093,0001,2024-10-28,201,FE-004,EC,CS01,292.7,KG,H,EC-D2,,43,0000002500,,
4900008094,0001,2024-10-28,201,FE-004,EC,CS01,258.6,KG,H,EC-D3,,83,0000002656,,
4900008095,0001,2024-10-28,201,FE-004,EC,CS01,188.7,KG,H,EC-D7,,341,0000003464,,
4900008096,0001,2024-10-28,201,FU-001,EC,CS01,109.2,L,H,EC-D1,,,,,
4900008097,0001,2024-10-28,201,FU-001,EC,CS01,121.7,L,H,EC-D2,,,,,
4900008098,0001,2024-10-28,201,FU-001,EC,CS01,129.4,L,H,EC-D3,,,,,
4900008099,0001,2024-10-28,201,FU-001,EC,CS01,140.1,L,H,EC-D4,,,,,
4900008100,0001,2024-10-28,201,FU-001,EC,CS01,110.5,L,H,EC-D5,,,,,
4900008101,0001,2024-10-28,201,FU-001,EC,CS01,135.0,L,H,EC-D6,,,,,
4900008102,0001,2024-10-28,201,FU-001,EC,CS01,126.4,L,H,EC-D7,,,,,
4900008103,0001,2024-10-28,201,FU-001,EC,CS01,538.5,L,H,EC-GEN,,,,,
4900008104,0001,2024-10-29,201,AC-001,EC,CS01,101.4,L,H,EC-D6,,,,,
4900008105,0001,2024-10-29,201,AC-003,EC,CS01,11.36,L,H,EC-D7,,,,,
4900008106,0001,2024-10-29,101,FE-001,EC,CS01,233300,KG,S,,,,,4500000330,00010
4900008107,0001,2024-10-29,201,FE-001,EC,CS01,13162.8,KG,H,EC-D1,,29,0000002441,,
4900008108,0001,2024-10-29,201,FE-001,EC,CS01,18725.0,KG,H,EC-D3,,75,0000002621,,
4900008109,0001,2024-10-29,201,FE-001,EC,CS01,9967.1,KG,H,EC-D4,,139,0000002885,,
4900008110,0001,2024-10-29,201,FE-001,EC,CS01,9914.3,KG,H,EC-D7,,293,0000003333,,
4900008111,0001,2024-10-29,201,FE-002,EC,CS01,2604.6,KG,H,EC-D1,,11,0000002370,,
4900008112,0001,2024-10-29,201,FE-002,EC,CS01,2750.0,KG,H,EC-D1,,21,0000002410,,
4900008113,0001,2024-10-29,201,FE-002,EC,CS01,913.5,KG,H,EC-D7,,294,0000003338,,
4900008114,0001,2024-10-29,201,FE-003,EC,CS01,3271.8,KG,H,EC-D3,,96,0000002707,,
4900008115,0001,2024-10-29,201,FE-003,EC,CS01,1284.8,KG,H,EC-D3,,99,0000002719,,
4900008116,0001,2024-10-29,201,FE-003,EC,CS01,1088.6,KG,H,EC-D3,,118,0000002795,,
4900008117,0001,2024-10-29,201,FE-003,EC,CS01,1297.6,KG,H,EC-D4,,164,0000002979,,
4900008118,0001,2024-10-29,201,FE-003,EC,CS01,2221.3,KG,H,EC-D7,,310,0000003403,,
4900008119,0001,2024-10-29,201,FE-004,EC,CS01,92.1,KG,H,EC-D1,,5,0000002348,,
4900008120,0001,2024-10-29,201,FE-004,EC,CS01,145.4,KG,H,EC-D1,,19,0000002404,,
4900008121,0001,2024-10-29,201,FE-004,EC,CS01,293.1,KG,H,EC-D2,,57,0000002552,,
4900008122,0001,2024-10-29,201,FE-004,EC,CS01,286.1,KG,H,EC-D3,,98,0000002716,,
4900008123,0001,2024-10-29,201,FE-004,EC,CS01,257.3,KG,H,EC-D5,,197,0000003096,,
4900008124,0001,2024-10-29,201,FE-004,EC,CS01,429.1,KG,H,EC-D7,,303,0000003376,,
4900008125,0001,2024-10-29,201,FU-001,EC,CS01,95.5,L,H,EC-D1,,,,,
4900008126,0001,2024-10-29,201,FU-001,EC,CS01,84.2,L,H,EC-D2,,,,,
4900008127,0001,2024-10-29,201,FU-001,EC,CS01,122.5,L,H,EC-D3,,,,,
4900008128,0001,2024-10-29,201,FU-001,EC,CS01,146.6,L,H,EC-D4,,,,,
4900008129,0001,2024-10-29,201,FU-001,EC,CS01,93.1,L,H,EC-D5,,,,,
4900008130,0001,2024-10-29,201,FU-001,EC,CS01,149.5,L,H,EC-D6,,,,,
4900008131,0001,2024-10-29,201,FU-001,EC,CS01,119.4,L,H,EC-D7,,,,,
4900008132,0001,2024-10-29,201,FU-001,EC,CS01,622.7,L,H,EC-GEN,,,,,
4900008133,0001,2024-10-29,201,SP-002,EC,CS01,1,EA,H,EC-WS,,,,,
4900008134,0001,2024-10-30,201,FE-001,EC,CS01,14284.0,KG,H,EC-D3,,87,0000002669,,
4900008135,0001,2024-10-30,201,FE-001,EC,CS01,12126.5,KG,H,EC-D5,,202,0000003113,,
4900008136,0001,2024-10-30,201,FE-001,EC,CS01,5705.1,KG,H,EC-D6,,270,0000003289,,
4900008137,0001,2024-10-30,201,FE-001,EC,CS01,4831.8,KG,H,EC-D7,,292,0000003329,,
4900008138,0001,2024-10-30,201,FE-001,EC,CS01,10181.1,KG,H,EC-D7,,333,0000003429,,
4900008139,0001,2024-10-30,201,FE-002,EC,CS01,3350.6,KG,H,EC-D1,,13,0000002378,,
4900008140,0001,2024-10-30,201,FE-002,EC,CS01,2437.2,KG,H,EC-D7,,345,0000003478,,
4900008141,0001,2024-10-30,201,FE-003,EC,CS01,2092.4,KG,H,EC-D1,,17,0000002395,,
4900008142,0001,2024-10-30,201,FE-003,EC,CS01,1864.6,KG,H,EC-D1,,19,0000002403,,
4900008143,0001,2024-10-30,201,FE-003,EC,CS01,1950.5,KG,H,EC-D1,,26,0000002431,,
4900008144,0001,2024-10-30,201,FE-003,EC,CS01,2521.4,KG,H,EC-D2,,67,0000002587,,
4900008145,0001,2024-10-30,201,FE-003,EC,CS01,1673.8,KG,H,EC-D5,,172,0000003007,,
4900008146,0001,2024-10-30,201,FE-003,EC,CS01,1929.6,KG,H,EC-D7,,345,0000003479,,
4900008147,0001,2024-10-30,201,FE-004,EC,CS01,206.5,KG,H,EC-D2,,44,0000002504,,
4900008148,0001,2024-10-30,101,FU-001,EC,CS01,8000,L,S,,,,,4500000385,00010
4900008149,0001,2024-10-30,201,FU-001,EC,CS01,96.1,L,H,EC-D1,,,,,
4900008150,0001,2024-10-30,201,FU-001,EC,CS01,88.6,L,H,EC-D2,,,,,
4900008151,0001,2024-10-30,201,FU-001,EC,CS01,159.1,L,H,EC-D3,,,,,
4900008152,0001,2024-10-30,201,FU-001,EC,CS01,156.4,L,H,EC-D4,,,,,
4900008153,0001,2024-10-30,201,FU-001,EC,CS01,94.5,L,H,EC-D5,,,,,
4900008154,0001,2024-10-30,201,FU-001,EC,CS01,114.2,L,H,EC-D6,,,,,
4900008155,0001,2024-10-30,201,FU-001,EC,CS01,105.8,L,H,EC-D7,,,,,
4900008156,0001,2024-10-30,201,FU-001,EC,CS01,617.5,L,H,EC-GEN,,,,,
4900008157,0001,2024-10-30,201,SP-001,EC,CS01,1,EA,H,EC-WS,,,,,
4900008158,0001,2024-10-31,201,FE-001,EC,CS01,7822.5,KG,H,EC-D1,,34,0000002461,,
4900008159,0001,2024-10-31,201,FE-001,EC,CS01,8954.4,KG,H,EC-D2,,43,0000002497,,
4900008160,0001,2024-10-31,201,FE-001,EC,CS01,5740.0,KG,H,EC-D4,,123,0000002821,,
4900008161,0001,2024-10-31,201,FE-001,EC,CS01,11167.3,KG,H,EC-D4,,152,0000002937,,
4900008162,0001,2024-10-31,201,FE-001,EC,CS01,6678.3,KG,H,EC-D6,,268,0000003281,,
4900008163,0001,2024-10-31,201,FE-001,EC,CS01,5188.6,KG,H,EC-D7,,287,0000003309,,
4900008164,0001,2024-10-31,201,FE-002,EC,CS01,735.6,KG,H,EC-D1,,6,0000002350,,
4900008165,0001,2024-10-31,201,FE-002,EC,CS01,1711.6,KG,H,EC-D5,,172,0000003006,,
4900008166,0001,2024-10-31,201,FE-002,EC,CS01,2208.1,KG,H,EC-D6,,272,0000003298,,
4900008167,0001,2024-10-31,201,FE-002,EC,CS01,3055.7,KG,H,EC-D7,,337,0000003446,,
4900008168,0001,2024-10-31,201,FE-002,EC,CS01,2967.0,KG,H,EC-D7,,342,0000003466,,
4900008169,0001,2024-10-31,201,FE-003,EC,CS01,709.8,KG,H,EC-D3,,80,0000002643,,
4900008170,0001,2024-10-31,201,FE-003,EC,CS01,2274.2,KG,H,EC-D4,,160,0000002971,,
4900008171,0001,2024-10-31,201,FE-004,EC,CS01,132.7,KG,H,EC-D1,,7,0000002356,,
4900008172,0001,2024-10-31,201,FE-004,EC,CS01,190.9,KG,H,EC-D2,,64,0000002576,,
4900008173,0001,2024-10-31,201,FE-004,EC,CS01,288.4,KG,H,EC-D3,,90,0000002684,,
4900008174,0001,2024-10-31,201,FE-004,EC,CS01,113.3,KG,H,EC-D6,,264,0000003268,,
4900008175,0001,2024-10-31,201,FE-004,EC,CS01,188.6,KG,H,EC-D7,,305,0000003384,,
4900008176,0001,2024-10-31,201,FU-001,EC,CS01,90.4,L,H,EC-D1,,,,,
4900008177,0001,2024-10-31,201,FU-001,EC,CS01,96.8,L,H,EC-D2,,,,,
4900008178,0001,2024-10-31,201,FU-001,EC,CS01,124.8,L,H,EC-D3,,,,,
4900008179,0001,2024-10-31,201,FU-001,EC,CS01,144.8,L,H,EC-D4,,,,,
4900008180,0001,2024-10-31,201,FU-001,EC,CS01,79.6,L,H,EC-D5,,,,,
4900008181,0001,2024-10-31,201,FU-001,EC,CS01,122.5,L,H,EC-D6,,,,,
4900008182,0001,2024-10-31,201,FU-001,EC,CS01,124.1,L,H,EC-D7,,,,,
4900008183,0001,2024-10-31,201,FU-001,EC,CS01,717.8,L,H,EC-GEN,,,,,
4900008184,0001,2024-11-01,201,AC-001,EC,CS01,95.8,L,H,EC-D6,,,,,
4900008185,0001,2024-11-01,201,AC-003,EC,CS01,1.33,L,H,EC-D6,,,,,
4900008186,0001,2024-11-01,201,FE-001,EC,CS01,14041.0,KG,H,EC-D1,,8,0000002357,,
4900008187,0001,2024-11-01,201,FE-001,EC,CS01,8878.0,KG,H,EC-D2,,74,0000002613,,
4900008188,0001,2024-11-01,201,FE-001,EC,CS01,11229.9,KG,H,EC-D3,,100,0000002721,,
4900008189,0001,2024-11-01,201,FE-001,EC,CS01,6199.8,KG,H,EC-D5,,200,0000003105,,
4900008190,0001,2024-11-01,201,FE-001,EC,CS01,11357.5,KG,H,EC-D7,,310,0000003401,,
4900008191,0001,2024-11-01,201,FE-002,EC,CS01,2158.1,KG,H,EC-D3,,77,0000002630,,
4900008192,0001,2024-11-01,201,FE-002,EC,CS01,2369.3,KG,H,EC-D4,,131,0000002854,,
4900008193,0001,2024-11-01,201,FE-002,EC,CS01,1428.3,KG,H,EC-D6,,261,0000003254,,
4900008194,0001,2024-11-01,201,FE-002,EC,CS01,804.7,KG,H,EC-D7,,301,0000003366,,
4900008195,0001,2024-11-01,201,FE-003,EC,CS01,2860.9,KG,H,EC-D2,,56,0000002547,,
4900008196,0001,2024-11-01,201,FE-003,EC,CS01,177.8,KG,H,EC-D3,,369,0000002811,,
4900008197,0001,2024-11-01,201,FE-003,EC,CS01,1721.1,KG,H,EC-D5,,171,0000003003,,
4900008198,0001,2024-11-01,201,FE-003,EC,CS01,1484.8,KG,H,EC-D7,,333,0000003431,,
4900008199,0001,2024-11-01,201,FE-004,EC,CS01,281.4,KG,H,EC-D1,,16,0000002392,,
4900008200,0001,2024-11-01,201,FE-004,EC,CS01,109.1,KG,H,EC-D3,,99,0000002720,,
4900008201,0001,2024-11-01,201,FU-001,EC,CS01,101.4,L,H,EC-D1,,,,,
4900008202,0001,2024-11-01,201,FU-001,EC,CS01,94.2,L,H,EC-D2,,,,,
4900008203,0001,2024-11-01,201,FU-001,EC,CS01,133.0,L,H,EC-D3,,,,,
4900008204,0001,2024-11-01,201,FU-001,EC,CS01,154.3,L,H,EC-D4,,,,,
4900008205,0001,2024-11-01,201,FU-001,EC,CS01,111.2,L,H,EC-D5,,,,,
4900008206,0001,2024-11-01,201,FU-001,EC,CS01,110.5,L,H,EC-D6,,,,,
4900008207,0001,2024-11-01,201,FU-001,EC,CS01,150.6,L,H,EC-D7,,,,,
4900008208,0001,2024-11-01,201,FU-001,EC,CS01,674.3,L,H,EC-GEN,,,,,
4900008209,0001,2024-11-01,201,SP-003,EC,CS01,1,EA,H,EC-WS,,,,,
4900008210,0001,2024-11-02,201,AC-001,EC,CS01,122.9,L,H,EC-D5,,,,,
4900008211,0001,2024-11-02,201,FE-001,EC,CS01,17430.3,KG,H,EC-D3,,86,0000002665,,
4900008212,0001,2024-11-02,201,FE-001,EC,CS01,11916.0,KG,H,EC-D3,,98,0000002713,,
4900008213,0001,2024-11-02,201,FE-001,EC,CS01,9806.7,KG,H,EC-D6,,250,0000003209,,
4900008214,0001,2024-11-02,201,FE-002,EC,CS01,2738.2,KG,H,EC-D2,,41,0000002490,,
4900008215,0001,2024-11-02,201,FE-002,EC,CS01,488.8,KG,H,EC-D3,,121,0000002806,,
4900008216,0001,2024-11-02,201,FE-002,EC,CS01,2105.9,KG,H,EC-D6,,205,0000003130,,
4900008217,0001,2024-11-02,201,FE-002,EC,CS01,1869.5,KG,H,EC-D6,,208,0000003142,,
4900008218,0001,2024-11-02,201,FE-002,EC,CS01,2834.9,KG,H,EC-D7,,347,0000003486,,
4900008219,0001,2024-11-02,201,FE-003,EC,CS01,445.8,KG,H,EC-D1,,1,0000002331,,
4900008220,0001,2024-11-02,201,FE-003,EC,CS01,844.9,KG,H,EC-D1,,5,0000002347,,
4900008221,0001,2024-11-02,201,FE-003,EC,CS01,2136.7,KG,H,EC-D6,,206,0000003135,,
4900008222,0001,2024-11-02,201,FE-003,EC,CS01,1748.1,KG,H,EC-D6,,249,0000003207,,
4900008223,0001,2024-11-02,201,FE-003,EC,CS01,2227.2,KG,H,EC-D7,,304,0000003379,,
4900008224,0001,2024-11-02,201,FE-003,EC,CS01,1526.3,KG,H,EC-D7,,338,0000003451,,
4900008225,0001,2024-11-02,201,FE-004,EC,CS01,129.0,KG,H,EC-D1,,4,0000002344,,
4900008226,0001,2024-11-02,201,FE-004,EC,CS01,220.9,KG,H,EC-D1,,18,0000002400,,
4900008227,0001,2024-11-02,201,FE-004,EC,CS01,235.2,KG,H,EC-D1,,28,0000002440,,
4900008228,0001,2024-11-02,201,FE-004,EC,CS01,293.4,KG,H,EC-D1,,38,0000002480,,
4900008229,0001,2024-11-02,201,FE-004,EC,CS01,320.0,KG,H,EC-D2,,73,0000002612,,
4900008230,0001,2024-11-02,201,FE-004,EC,CS01,323.0,KG,H,EC-D3,,95,0000002704,,
4900008231,0001,2024-11-02,201,FE-004,EC,CS01,197.0,KG,H,EC-D3,,102,0000002732,,
4900008232,0001,2024-11-02,201,FE-004,EC,CS01,336.6,KG,H,EC-D3,,111,0000002768,,
4900008233,0001,2024-11-02,201,FE-004,EC,CS01,219.3,KG,H,EC-D4,,159,0000002968,,
4900008234,0001,2024-11-02,201,FE-004,EC,CS01,299.9,KG,H,EC-D6,,222,0000003180,,
4900008235,0001,2024-11-02,201,FE-004,EC,CS01,273.1,KG,H,EC-D7,,302,0000003372,,
4900008236,0001,2024-11-02,201,FU-001,EC,CS01,82.2,L,H,EC-D1,,,,,
4900008237,0001,2024-11-02,201,FU-001,EC,CS01,107.2,L,H,EC-D2,,,,,
4900008238,0001,2024-11-02,201,FU-001,EC,CS01,138.8,L,H,EC-D3,,,,,
4900008239,0001,2024-11-02,201,FU-001,EC,CS01,144.9,L,H,EC-D4,,,,,
4900008240,0001,2024-11-02,201,FU-001,EC,CS01,103.2,L,H,EC-D5,,,,,
4900008241,0001,2024-11-02,201,FU-001,EC,CS01,116.1,L,H,EC-D6,,,,,
4900008242,0001,2024-11-02,201,FU-001,EC,CS01,112.9,L,H,EC-D7,,,,,
4900008243,0001,2024-11-02,201,FU-001,EC,CS01,581.5,L,H,EC-GEN,,,,,
4900008244,0001,2024-11-03,201,FE-001,EC,CS01,1886.6,KG,H,EC-D1,,1,0000002329,,
4900008245,0001,2024-11-03,201,FE-001,EC,CS01,13639.4,KG,H,EC-D1,,23,0000002417,,
4900008246,0001,2024-11-03,201,FE-001,EC,CS01,11773.0,KG,H,EC-D2,,55,0000002541,,
4900008247,0001,2024-11-03,201,FE-001,EC,CS01,6827.8,KG,H,EC-D3,,94,0000002697,,
4900008248,0001,2024-11-03,201,FE-001,EC,CS01,12741.8,KG,H,EC-D7,,304,0000003377,,
4900008249,0001,2024-11-03,201,FE-001,EC,CS01,5475.8,KG,H,EC-D7,,329,0000003413,,
4900008250,0001,2024-11-03,201,FE-002,EC,CS01,3264.8,KG,H,EC-D1,,10,0000002366,,
4900008251,0001,2024-11-03,201,FE-002,EC,CS01,2958.9,KG,H,EC-D1,,29,0000002442,,
4900008252,0001,2024-11-03,201,FE-002,EC,CS01,2237.4,KG,H,EC-D3,,115,0000002782,,
4900008253,0001,2024-11-03,201,FE-002,EC,CS01,1724.4,KG,H,EC-D6,,265,0000003270,,
4900008254,0001,2024-11-03,201,FE-002,EC,CS01,2484.9,KG,H,EC-D6,,380,0000003306,,
4900008255,0001,2024-11-03,201,FE-003,EC,CS01,1553.0,KG,H,EC-D1,,27,0000002435,,
4900008256,0001,2024-11-03,201,FE-003,EC,CS01,2601.5,KG,H,EC-D3,,92,0000002691,,
4900008257,0001,2024-11-03,201,FE-003,EC,CS01,3629.3,KG,H,EC-D5,,201,0000003111,,
4900008258,0001,2024-11-03,201,FE-004,EC,CS01,247.1,KG,H,EC-D1,,17,0000002396,,
4900008259,0001,2024-11-03,201,FE-004,EC,CS01,185.3,KG,H,EC-D1,,20,0000002408,,
4900008260,0001,2024-11-03,201,FE-004,EC,CS01,120.2,KG,H,EC-D3,,116,0000002788,,
4900008261,0001,2024-11-03,201,FE-004,EC,CS01,300.1,KG,H,EC-D6,,211,0000003156,,
4900008262,0001,2024-11-03,201,FE-004,EC,CS01,107.5,KG,H,EC-D7,,287,0000003312,,
4900008263,0001,2024-11-03,201,FU-001,EC,CS01,623.6,L,H,EC-GEN,,,,,
4900008264,0001,2024-11-04,201,AC-003,EC,CS01,8.69,L,H,EC-D7,,,,,
4900008265,0001,2024-11-04,101,FE-001,EC,CS01,233300,KG,S,,,,,4500000368,00010
4900008266,0001,2024-11-04,201,FE-001,EC,CS01,15697.0,KG,H,EC-D2,,54,0000002537,,
4900008267,0001,2024-11-04,201,FE-001,EC,CS01,10727.4,KG,H,EC-D5,,176,0000003017,,
4900008268,0001,2024-11-04,201,FE-001,EC,CS01,17899.5,KG,H,EC-D6,,379,0000003301,,
4900008269,0001,2024-11-04,201,FE-002,EC,CS01,2671.4,KG,H,EC-D2,,382,0000002618,,
4900008270,0001,2024-11-04,201,FE-002,EC,CS01,2618.2,KG,H,EC-D3,,100,0000002722,,
4900008271,0001,2024-11-04,201,FE-002,EC,CS01,2618.6,KG,H,EC-D3,,113,0000002774,,
4900008272,0001,2024-11-04,201,FE-002,EC,CS01,598.5,KG,H,EC-D4,,125,0000002830,,
4900008273,0001,2024-11-04,201,FE-002,EC,CS01,168.3,KG,H,EC-D4,,154,0000002946,,
4900008274,0001,2024-11-04,201,FE-002,EC,CS01,3918.1,KG,H,EC-D5,,181,0000003038,,
4900008275,0001,2024-11-04,201,FE-002,EC,CS01,1866.1,KG,H,EC-D7,,328,0000003410,,
4900008276,0001,2024-11-04,201,FE-003,EC,CS01,2133.8,KG,H,EC-D1,,11,0000002371,,
4900008277,0001,2024-11-04,201,FE-003,EC,CS01,2135.6,KG,H,EC-D4,,157,0000002959,,
4900008278,0001,2024-11-04,201,FE-003,EC,CS01,1090.7,KG,H,EC-D4,,163,0000002975,,
4900008279,0001,2024-11-04,201,FE-003,EC,CS01,1714.2,KG,H,EC-D7,,289,0000003319,,
4900008280,0001,2024-11-04,201,FE-003,EC,CS01,2256.0,KG,H,EC-D7,,296,0000003347,,
4900008281,0001,2024-11-04,201,FE-004,EC,CS01,235.9,KG,H,EC-D6,,249,0000003208,,
4900008282,0001,2024-11-04,201,FU-001,EC,CS01,80.8,L,H,EC-D1,,,,,
4900008283,0001,2024-11-04,201,FU-001,EC,CS01,112.3,L,H,EC-D2,,,,,
4900008284,0001,2024-11-04,201,FU-001,EC,CS01,124.1,L,H,EC-D3,,,,,
4900008285,0001,2024-11-04,201,FU-001,EC,CS01,145.7,L,H,EC-D4,,,,,
4900008286,0001,2024-11-04,201,FU-001,EC,CS01,117.3,L,H,EC-D5,,,,,
4900008287,0001,2024-11-04,201,FU-001,EC,CS01,160.2,L,H,EC-D6,,,,,
4900008288,0001,2024-11-04,201,FU-001,EC,CS01,137.0,L,H,EC-D7,,,,,
4900008289,0001,2024-11-04,201,FU-001,EC,CS01,587.9,L,H,EC-GEN,,,,,
4900008290,0001,2024-11-04,201,SP-004,EC,CS01,1,EA,H,EC-WS,,,,,
4900008291,0001,2024-11-04,201,SP-006,EC,CS01,1,EA,H,EC-WS,,,,,
4900008292,0001,2024-11-04,201,SP-008,EC,CS01,1,EA,H,EC-WS,,,,,
4900008293,0001,2024-11-05,201,AC-001,EC,CS01,199.2,L,H,EC-D3,,,,,
4900008294,0001,2024-11-05,201,AC-002,EC,CS01,7.96,KG,H,EC-D3,,,,,
4900008295,0001,2024-11-05,201,FE-001,EC,CS01,12752.5,KG,H,EC-D1,,11,0000002369,,
4900008296,0001,2024-11-05,201,FE-001,EC,CS01,10719.4,KG,H,EC-D2,,67,0000002585,,
4900008297,0001,2024-11-05,201,FE-001,EC,CS01,7038.3,KG,H,EC-D4,,133,0000002861,,
4900008298,0001,2024-11-05,201,FE-001,EC,CS01,12055.6,KG,H,EC-D5,,188,0000003061,,
4900008299,0001,2024-11-05,201,FE-001,EC,CS01,16523.0,KG,H,EC-D6,,210,0000003149,,
4900008300,0001,2024-11-05,201,FE-001,EC,CS01,12371.8,KG,H,EC-D7,,337,0000003445,,
4900008301,0001,2024-11-05,201,FE-002,EC,CS01,1724.7,KG,H,EC-D1,,20,0000002406,,
4900008302,0001,2024-11-05,201,FE-002,EC,CS01,2757.5,KG,H,EC-D2,,60,0000002562,,
4900008303,0001,2024-11-05,201,FE-002,EC,CS01,3983.7,KG,H,EC-D3,,86,0000002666,,
4900008304,0001,2024-11-05,201,FE-002,EC,CS01,2444.7,KG,H,EC-D3,,95,0000002702,,
4900008305,0001,2024-11-05,201,FE-002,EC,CS01,2785.9,KG,H,EC-D3,,96,0000002706,,
4900008306,0001,2024-11-05,201,FE-002,EC,CS01,292.8,KG,H,EC-D4,,127,0000002838,,
4900008307,0001,2024-11-05,201,FE-002,EC,CS01,2673.8,KG,H,EC-D4,,133,0000002862,,
4900008308,0001,2024-11-05,201,FE-002,EC,CS01,1429.8,KG,H,EC-D7,,300,0000003362,,
4900008309,0001,2024-11-05,201,FE-003,EC,CS01,1766.5,KG,H,EC-D3,,77,0000002631,,
4900008310,0001,2024-11-05,201,FE-003,EC,CS01,1496.8,KG,H,EC-D3,,110,0000002763,,
4900008311,0001,2024-11-05,201,FE-003,EC,CS01,2243.9,KG,H,EC-D4,,158,0000002963,,
4900008312,0001,2024-11-05,201,FE-003,EC,CS01,2315.5,KG,H,EC-D6,,230,0000003187,,
4900008313,0001,2024-11-05,201,FE-003,EC,CS01,1778.7,KG,H,EC-D6,,261,0000003255,,
4900008314,0001,2024-11-05,201,FE-003,EC,CS01,890.2,KG,H,EC-D7,,294,0000003339,,
4900008315,0001,2024-11-05,201,FE-004,EC,CS01,17.4,KG,H,EC-D4,,154,0000002948,,
4900008316,0001,2024-11-05,201,FE-004,EC,CS01,354.1,KG,H,EC-D5,,168,0000002992,,
4900008317,0001,2024-11-05,101,FU-001,EC,CS01,8000,L,S,,,,,4500000387,00010
4900008318,0001,2024-11-05,201,FU-001,EC,CS01,95.1,L,H,EC-D1,,,,,
4900008319,0001,2024-11-05,201,FU-001,EC,CS01,105.1,L,H,EC-D2,,,,,
4900008320,0001,2024-11-05,201,FU-001,EC,CS01,125.7,L,H,EC-D3,,,,,
4900008321,0001,2024-11-05,201,FU-001,EC,CS01,155.9,L,H,EC-D4,,,,,
4900008322,0001,2024-11-05,201,FU-001,EC,CS01,88.1,L,H,EC-D5,,,,,
4900008323,0001,2024-11-05,201,FU-001,EC,CS01,125.4,L,H,EC-D6,,,,,
4900008324,0001,2024-11-05,201,FU-001,EC,CS01,127.3,L,H,EC-D7,,,,,
4900008325,0001,2024-11-05,201,FU-001,EC,CS01,693.0,L,H,EC-GEN,,,,,
4900008326,0001,2024-11-05,201,SP-005,EC,CS01,1,EA,H,EC-WS,,,,,
4900008327,0001,2024-11-06,101,AC-001,EC,CS01,2900,L,S,,,,,4500000378,00010
4900008328,0001,2024-11-06,201,AC-003,EC,CS01,6.22,L,H,EC-D4,,,,,
4900008329,0001,2024-11-06,201,FE-001,EC,CS01,10641.4,KG,H,EC-D1,,27,0000002433,,
4900008330,0001,2024-11-06,201,FE-001,EC,CS01,8507.7,KG,H,EC-D2,,42,0000002493,,
4900008331,0001,2024-11-06,201,FE-001,EC,CS01,4944.2,KG,H,EC-D3,,80,0000002641,,
4900008332,0001,2024-11-06,201,FE-001,EC,CS01,15388.7,KG,H,EC-D4,,153,0000002941,,
4900008333,0001,2024-11-06,201,FE-001,EC,CS01,9092.1,KG,H,EC-D6,,272,0000003297,,
4900008334,0001,2024-11-06,201,FE-002,EC,CS01,3125.2,KG,H,EC-D1,,8,0000002358,,
4900008335,0001,2024-11-06,201,FE-002,EC,CS01,2623.0,KG,H,EC-D2,,51,0000002526,,
4900008336,0001,2024-11-06,201,FE-002,EC,CS01,2549.9,KG,H,EC-D4,,158,0000002962,,
4900008337,0001,2024-11-06,201,FE-002,EC,CS01,2037.7,KG,H,EC-D5,,177,0000003022,,
4900008338,0001,2024-11-06,201,FE-002,EC,CS01,2266.6,KG,H,EC-D7,,329,0000003414,,
4900008339,0001,2024-11-06,201,FE-003,EC,CS01,2427.2,KG,H,EC-D1,,8,0000002359,,
4900008340,0001,2024-11-06,201,FE-003,EC,CS01,201.6,KG,H,EC-D3,,82,0000002651,,
4900008341,0001,2024-11-06,201,FE-004,EC,CS01,250.4,KG,H,EC-D2,,63,0000002572,,
4900008342,0001,2024-11-06,201,FE-004,EC,CS01,110.7,KG,H,EC-D3,,80,0000002644,,
4900008343,0001,2024-11-06,201,FE-004,EC,CS01,216.7,KG,H,EC-D6,,223,0000003184,,
4900008344,0001,2024-11-06,201,FE-004,EC,CS01,264.6,KG,H,EC-D6,,230,0000003188,,
4900008345,0001,2024-11-06,201,FU-001,EC,CS01,112.4,L,H,EC-D1,,,,,
4900008346,0001,2024-11-06,201,FU-001,EC,CS01,91.1,L,H,EC-D2,,,,,
4900008347,0001,2024-11-06,201,FU-001,EC,CS01,131.5,L,H,EC-D3,,,,,
4900008348,0001,2024-11-06,201,FU-001,EC,CS01,121.0,L,H,EC-D4,,,,,
4900008349,0001,2024-11-06,201,FU-001,EC,CS01,109.6,L,H,EC-D5,,,,,
4900008350,0001,2024-11-06,201,FU-001,EC,CS01,164.6,L,H,EC-D6,,,,,
4900008351,0001,2024-11-06,201,FU-001,EC,CS01,139.7,L,H,EC-D7,,,,,
4900008352,0001,2024-11-06,201,FU-001,EC,CS01,584.5,L,H,EC-GEN,,,,,
4900008353,0001,2024-11-06,101,SP-002,EC,CS01,5,EA,S,,,,,4500000376,00010
4900008354,0001,2024-11-07,201,AC-003,EC,CS01,1.68,L,H,EC-D6,,,,,
4900008355,0001,2024-11-07,201,FE-001,EC,CS01,13555.4,KG,H,EC-D4,,147,0000002917,,
4900008356,0001,2024-11-07,201,FE-001,EC,CS01,18728.0,KG,H,EC-D5,,189,0000003065,,
4900008357,0001,2024-11-07,201,FE-002,EC,CS01,2087.5,KG,H,EC-D7,,346,0000003482,,
4900008358,0001,2024-11-07,201,FE-003,EC,CS01,1085.1,KG,H,EC-D1,,4,0000002343,,
4900008359,0001,2024-11-07,201,FE-003,EC,CS01,2796.4,KG,H,EC-D2,,60,0000002563,,
4900008360,0001,2024-11-07,201,FE-003,EC,CS01,1671.9,KG,H,EC-D2,,64,0000002575,,
4900008361,0001,2024-11-07,201,FE-003,EC,CS01,995.3,KG,H,EC-D3,,120,0000002803,,
4900008362,0001,2024-11-07,201,FE-003,EC,CS01,286.6,KG,H,EC-D3,,121,0000002807,,
4900008363,0001,2024-11-07,201,FE-003,EC,CS01,2100.7,KG,H,EC-D5,,187,0000003059,,
4900008364,0001,2024-11-07,201,FE-003,EC,CS01,860.2,KG,H,EC-D5,,198,0000003099,,
4900008365,0001,2024-11-07,201,FE-003,EC,CS01,976.9,KG,H,EC-D6,,247,0000003199,,
4900008366,0001,2024-11-07,201,FE-004,EC,CS01,287.8,KG,H,EC-D1,,15,0000002388,,
4900008367,0001,2024-11-07,201,FE-004,EC,CS01,160.7,KG,H,EC-D6,,246,0000003196,,
4900008368,0001,2024-11-07,201,FE-004,EC,CS01,276.1,KG,H,EC-D7,,290,0000003324,,
4900008369,0001,2024-11-07,201,FE-004,EC,CS01,219.2,KG,H,EC-D7,,304,0000003380,,
4900008370,0001,2024-11-07,201,FU-001,EC,CS01,101.1,L,H,EC-D1,,,,,
4900008371,0001,2024-11-07,201,FU-001,EC,CS01,102.8,L,H,EC-D2,,,,,
4900008372,0001,2024-11-07,201,FU-001,EC,CS01,142.4,L,H,EC-D3,,,,,
4900008373,0001,2024-11-07,201,FU-001,EC,CS01,132.5,L,H,EC-D4,,,,,
4900008374,0001,2024-11-07,201,FU-001,EC,CS01,114.0,L,H,EC-D5,,,,,
4900008375,0001,2024-11-07,201,FU-001,EC,CS01,125.1,L,H,EC-D6,,,,,
4900008376,0001,2024-11-07,201,FU-001,EC,CS01,110.7,L,H,EC-D7,,,,,
4900008377,0001,2024-11-07,201,FU-001,EC,CS01,560.2,L,H,EC-GEN,,,,,
4900008378,0001,2024-11-07,201,SP-001,EC,CS01,1,EA,H,EC-WS,,,,,
4900008379,0001,2024-11-07,201,SP-004,EC,CS01,1,EA,H,EC-WS,,,,,
4900008380,0001,2024-11-08,201,AC-001,EC,CS01,125.8,L,H,EC-D5,,,,,
4900008381,0001,2024-11-08,201,AC-003,EC,CS01,11.36,L,H,EC-D7,,,,,
4900008382,0001,2024-11-08,201,FE-001,EC,CS01,6134.2,KG,H,EC-D1,,7,0000002353,,
4900008383,0001,2024-11-08,201,FE-001,EC,CS01,13173.0,KG,H,EC-D1,,17,0000002393,,
4900008384,0001,2024-11-08,201,FE-001,EC,CS01,12680.4,KG,H,EC-D3,,78,0000002633,,
4900008385,0001,2024-11-08,201,FE-001,EC,CS01,9605.8,KG,H,EC-D3,,115,0000002781,,
4900008386,0001,2024-11-08,201,FE-001,EC,CS01,10720.6,KG,H,EC-D4,,159,0000002965,,
4900008387,0001,2024-11-08,201,FE-001,EC,CS01,10856.0,KG,H,EC-D6,,204,0000003125,,
4900008388,0001,2024-11-08,201,FE-001,EC,CS01,11357.1,KG,H,EC-D6,,251,0000003213,,
4900008389,0001,2024-11-08,201,FE-001,EC,CS01,12815.7,KG,H,EC-D6,,252,0000003217,,
4900008390,0001,2024-11-08,201,FE-001,EC,CS01,14058.9,KG,H,EC-D7,,311,0000003405,,
4900008391,0001,2024-11-08,201,FE-002,EC,CS01,2884.9,KG,H,EC-D3,,90,0000002682,,
4900008392,0001,2024-11-08,201,FE-003,EC,CS01,2079.2,KG,H,EC-D3,,85,0000002663,,
4900008393,0001,2024-11-08,201,FE-003,EC,CS01,1986.9,KG,H,EC-D3,,95,0000002703,,
4900008394,0001,2024-11-08,201,FE-003,EC,CS01,275.2,KG,H,EC-D3,,119,0000002799,,
4900008395,0001,2024-11-08,201,FE-003,EC,CS01,2860.6,KG,H,EC-D4,,150,0000002931,,
4900008396,0001,2024-11-08,201,FE-003,EC,CS01,1761.6,KG,H,EC-D4,,156,0000002955,,
4900008397,0001,2024-11-08,201,FE-003,EC,CS01,1538.9,KG,H,EC-D5,,173,0000003011,,
4900008398,0001,2024-11-08,201,FE-003,EC,CS01,1407.8,KG,H,EC-D5,,184,0000003047,,
4900008399,0001,2024-11-08,201,FE-003,EC,CS01,779.1,KG,H,EC-D7,,295,0000003343,,
4900008400,0001,2024-11-08,201,FE-004,EC,CS01,150.7,KG,H,EC-D1,,3,0000002340,,
4900008401,0001,2024-11-08,201,FE-004,EC,CS01,180.3,KG,H,EC-D3,,105,0000002744,,
4900008402,0001,2024-11-08,201,FE-004,EC,CS01,81.7,KG,H,EC-D3,,117,0000002792,,
4900008403,0001,2024-11-08,201,FE-004,EC,CS01,56.5,KG,H,EC-D4,,125,0000002832,,
4900008404,0001,2024-11-08,201,FE-004,EC,CS01,299.3,KG,H,EC-D4,,151,0000002936,,
4900008405,0001,2024-11-08,201,FU-001,EC,CS01,97.9,L,H,EC-D1,,,,,
4900008406,0001,2024-11-08,201,FU-001,EC,CS01,78.5,L,H,EC-D2,,,,,
4900008407,0001,2024-11-08,201,FU-001,EC,CS01,162.1,L,H,EC-D3,,,,,
4900008408,0001,2024-11-08,201,FU-001,EC,CS01,141.4,L,H,EC-D4,,,,,
4900008409,0001,2024-11-08,201,FU-001,EC,CS01,90.1,L,H,EC-D5,,,,,
4900008410,0001,2024-11-08,201,FU-001,EC,CS01,123.0,L,H,EC-D6,,,,,
4900008411,0001,2024-11-08,201,FU-001,EC,CS01,121.6,L,H,EC-D7,,,,,
4900008412,0001,2024-11-08,201,FU-001,EC,CS01,624.8,L,H,EC-GEN,,,,,
4900008413,0001,2024-11-08,201,SP-004,EC,CS01,1,EA,H,EC-WS,,,,,
4900008414,0001,2024-11-08,201,SP-006,EC,CS01,1,EA,H,EC-WS,,,,,
4900008415,0001,2024-11-09,201,AC-001,EC,CS01,126.1,L,H,EC-D4,,,,,
4900008416,0001,2024-11-09,201,AC-003,EC,CS01,1.36,L,H,EC-D6,,,,,
4900008417,0001,2024-11-09,201,FE-001,EC,CS01,7428.6,KG,H,EC-D3,,105,0000002741,,
4900008418,0001,2024-11-09,201,FE-001,EC,CS01,3467.5,KG,H,EC-D6,,264,0000003265,,
4900008419,0001,2024-11-09,201,FE-001,EC,CS01,9114.1,KG,H,EC-D7,,343,0000003469,,
4900008420,0001,2024-11-09,201,FE-002,EC,CS01,2161.7,KG,H,EC-D1,,33,0000002458,,
4900008421,0001,2024-11-09,201,FE-003,EC,CS01,2580.6,KG,H,EC-D2,,73,0000002611,,
4900008422,0001,2024-11-09,201,FE-003,EC,CS01,3036.9,KG,H,EC-D6,,379,0000003303,,
4900008423,0001,2024-11-09,201,FE-004,EC,CS01,137.7,KG,H,EC-D2,,55,0000002544,,
4900008424,0001,2024-11-09,201,FE-004,EC,CS01,310.1,KG,H,EC-D4,,128,0000002844,,
4900008425,0001,2024-11-09,201,FE-004,EC,CS01,335.4,KG,H,EC-D5,,181,0000003040,,
4900008426,0001,2024-11-09,201,FE-004,EC,CS01,227.2,KG,H,EC-D6,,251,0000003216,,
4900008427,0001,2024-11-09,201,FE-004,EC,CS01,158.2,KG,H,EC-D6,,260,0000003252,,
4900008428,0001,2024-11-09,201,FE-004,EC,CS01,267.7,KG,H,EC-D7,,334,0000003436,,
4900008429,0001,2024-11-09,201,FE-004,EC,CS01,265.5,KG,H,EC-D7,,344,0000003476,,
4900008430,0001,2024-11-09,101,FU-001,EC,CS01,8000,L,S,,,,,4500000389,00010
4900008431,0001,2024-11-09,201,FU-001,EC,CS01,112.7,L,H,EC-D1,,,,,
4900008432,0001,2024-11-09,201,FU-001,EC,CS01,103.0,L,H,EC-D2,,,,,
4900008433,0001,2024-11-09,201,FU-001,EC,CS01,166.6,L,H,EC-D3,,,,,
4900008434,0001,2024-11-09,201,FU-001,EC,CS01,155.5,L,H,EC-D4,,,,,
4900008435,0001,2024-11-09,201,FU-001,EC,CS01,98.1,L,H,EC-D5,,,,,
4900008436,0001,2024-11-09,201,FU-001,EC,CS01,132.1,L,H,EC-D6,,,,,
4900008437,0001,2024-11-09,201,FU-001,EC,CS01,119.8,L,H,EC-D7,,,,,
4900008438,0001,2024-11-09,201,FU-001,EC,CS01,644.7,L,H,EC-GEN,,,,,
4900008439,0001,2024-11-09,201,SP-005,EC,CS01,1,EA,H,EC-WS,,,,,
4900008440,0001,2024-11-09,201,SP-006,EC,CS01,1,EA,H,EC-WS,,,,,
4900008441,0001,2024-11-09,101,SP-008,EC,CS01,4,EA,S,,,,,4500000380,00010
4900008442,0001,2024-11-10,201,FE-001,EC,CS01,13041.5,KG,H,EC-D3,,76,0000002625,,
4900008443,0001,2024-11-10,201,FE-001,EC,CS01,8165.2,KG,H,EC-D6,,245,0000003189,,
4900008444,0001,2024-11-10,201,FE-001,EC,CS01,12042.4,KG,H,EC-D6,,256,0000003233,,
4900008445,0001,2024-11-10,201,FE-001,EC,CS01,5452.1,KG,H,EC-D6,,269,0000003285,,
4900008446,0001,2024-11-10,201,FE-002,EC,CS01,2293.3,KG,H,EC-D2,,68,0000002590,,
4900008447,0001,2024-11-10,201,FE-002,EC,CS01,298.7,KG,H,EC-D3,,82,0000002650,,
4900008448,0001,2024-11-10,201,FE-002,EC,CS01,4018.9,KG,H,EC-D6,,203,0000003122,,
4900008449,0001,2024-11-10,201,FE-002,EC,CS01,1342.8,KG,H,EC-D7,,308,0000003394,,
4900008450,0001,2024-11-10,201,FE-003,EC,CS01,2338.9,KG,H,EC-D3,,98,0000002715,,
4900008451,0001,2024-11-10,201,FE-003,EC,CS01,1491.8,KG,H,EC-D4,,166,0000002987,,
4900008452,0001,2024-11-10,201,FE-003,EC,CS01,1992.3,KG,H,EC-D5,,178,0000003027,,
4900008453,0001,2024-11-10,201,FE-004,EC,CS01,273.5,KG,H,EC-D1,,9,0000002364,,
4900008454,0001,2024-11-10,201,FE-004,EC,CS01,304.3,KG,H,EC-D1,,33,0000002460,,
4900008455,0001,2024-11-10,201,FE-004,EC,CS01,280.1,KG,H,EC-D5,,170,0000003000,,
4900008456,0001,2024-11-10,201,FU-001,EC,CS01,671.3,L,H,EC-GEN,,,,,
4900008457,0001,2024-11-11,201,AC-001,EC,CS01,147.6,L,H,EC-D6,,,,,
4900008458,0001,2024-11-11,201,FE-001,EC,CS01,5197.7,KG,H,EC-D1,,12,0000002373,,
4900008459,0001,2024-11-11,201,FE-001,EC,CS01,9340.6,KG,H,EC-D1,,24,0000002421,,
4900008460,0001,2024-11-11,201,FE-001,EC,CS01,10083.7,KG,H,EC-D2,,47,0000002513,,
4900008461,0001,2024-11-11,201,FE-001,EC,CS01,7757.5,KG,H,EC-D5,,173,0000003009,,
4900008462,0001,2024-11-11,201,FE-002,EC,CS01,2164.1,KG,H,EC-D1,,38,0000002478,,
4900008463,0001,2024-11-11,201,FE-002,EC,CS01,2939.6,KG,H,EC-D6,,230,0000003186,,
4900008464,0001,2024-11-11,201,FE-002,EC,CS01,1423.7,KG,H,EC-D7,,287,0000003310,,
4900008465,0001,2024-11-11,201,FE-003,EC,CS01,1007.2,KG,H,EC-D1,,3,0000002339,,
4900008466,0001,2024-11-11,201,FE-003,EC,CS01,2866.3,KG,H,EC-D5,,197,0000003095,,
4900008467,0001,2024-11-11,201,FE-003,EC,CS01,1864.0,KG,H,EC-D6,,266,0000003275,,
4900008468,0001,2024-11-11,201,FE-003,EC,CS01,848.1,KG,H,EC-D7,,329,0000003415,,
4900008469,0001,2024-11-11,201,FE-004,EC,CS01,237.2,KG,H,EC-D1,,36,0000002472,,
4900008470,0001,2024-11-11,201,FE-004,EC,CS01,211.1,KG,H,EC-D2,,47,0000002516,,
4900008471,0001,2024-11-11,201,FE-004,EC,CS01,117.4,KG,H,EC-D3,,118,0000002796,,
4900008472,0001,2024-11-11,201,FE-004,EC,CS01,276.5,KG,H,EC-D6,,245,0000003192,,
4900008473,0001,2024-11-11,201,FE-004,EC,CS01,359.3,KG,H,EC-D6,,255,0000003232,,
4900008474,0001,2024-11-11,201,FE-004,EC,CS01,245.1,KG,H,EC-D7,,293,0000003336,,
4900008475,0001,2024-11-11,201,FE-004,EC,CS01,243.1,KG,H,EC-D7,,335,0000003440,,
4900008476,0001,2024-11-11,201,FU-001,EC,CS01,102.6,L,H,EC-D1,,,,,
4900008477,0001,2024-11-11,201,FU-001,EC,CS01,93.1,L,H,EC-D2,,,,,
4900008478,0001,2024-11-11,201,FU-001,EC,CS01,121.9,L,H,EC-D3,,,,,
4900008479,0001,2024-11-11,201,FU-001,EC,CS01,100.3,L,H,EC-D4,,,,,
4900008480,0001,2024-11-11,201,FU-001,EC,CS01,89.2,L,H,EC-D5,,,,,
4900008481,0001,2024-11-11,201,FU-001,EC,CS01,122.0,L,H,EC-D6,,,,,
4900008482,0001,2024-11-11,201,FU-001,EC,CS01,110.5,L,H,EC-D7,,,,,
4900008483,0001,2024-11-11,201,FU-001,EC,CS01,590.8,L,H,EC-GEN,,,,,
4900008484,0001,2024-11-11,201,SP-006,EC,CS01,1,EA,H,EC-WS,,,,,
4900008485,0001,2024-11-12,101,AC-002,EC,CS01,42,KG,S,,,,,4500000384,00010
4900008486,0001,2024-11-12,201,AC-003,EC,CS01,10.77,L,H,EC-D3,,,,,
4900008487,0001,2024-11-12,201,AC-004,EC,CS01,2.09,KG,H,EC-D5,,,,,
4900008488,0001,2024-11-12,201,FE-001,EC,CS01,4943.5,KG,H,EC-D3,,118,0000002793,,
4900008489,0001,2024-11-12,201,FE-001,EC,CS01,8594.3,KG,H,EC-D4,,142,0000002897,,
4900008490,0001,2024-11-12,201,FE-001,EC,CS01,9914.6,KG,H,EC-D7,,346,0000003481,,
4900008491,0001,2024-11-12,201,FE-002,EC,CS01,3014.3,KG,H,EC-D1,,34,0000002462,,
4900008492,0001,2024-11-12,201,FE-002,EC,CS01,2104.1,KG,H,EC-D3,,114,0000002778,,
4900008493,0001,2024-11-12,201,FE-002,EC,CS01,2710.9,KG,H,EC-D5,,194,0000003082,,
4900008494,0001,2024-11-12,201,FE-002,EC,CS01,2280.0,KG,H,EC-D6,,213,0000003162,,
4900008495,0001,2024-11-12,201,FE-002,EC,CS01,3413.5,KG,H,EC-D7,,291,0000003326,,
4900008496,0001,2024-11-12,201,FE-002,EC,CS01,3143.3,KG,H,EC-D7,,304,0000003378,,
4900008497,0001,2024-11-12,201,FE-003,EC,CS01,2175.4,KG,H,EC-D1,,25,0000002427,,
4900008498,0001,2024-11-12,201,FE-003,EC,CS01,1947.6,KG,H,EC-D6,,250,0000003211,,
4900008499,0001,2024-11-12,201,FE-003,EC,CS01,2670.8,KG,H,EC-D6,,255,0000003231,,
4900008500,0001,2024-11-12,201,FE-004,EC,CS01,295.0,KG,H,EC-D2,,41,0000002492,,
4900008501,0001,2024-11-12,201,FE-004,EC,CS01,264.7,KG,H,EC-D2,,67,0000002588,,
4900008502,0001,2024-11-12,201,FE-004,EC,CS01,215.9,KG,H,EC-D3,,88,0000002676,,
4900008503,0001,2024-11-12,201,FU-001,EC,CS01,106.2,L,H,EC-D1,,,,,
4900008504,0001,2024-11-12,201,FU-001,EC,CS01,93.0,L,H,EC-D2,,,,,
4900008505,0001,2024-11-12,201,FU-001,EC,CS01,144.4,L,H,EC-D3,,,,,
4900008506,0001,2024-11-12,201,FU-001,EC,CS01,128.4,L,H,EC-D4,,,,,
4900008507,0001,2024-11-12,201,FU-001,EC,CS01,104.4,L,H,EC-D5,,,,,
4900008508,0001,2024-11-12,201,FU-001,EC,CS01,115.8,L,H,EC-D6,,,,,
4900008509,0001,2024-11-12,201,FU-001,EC,CS01,103.3,L,H,EC-D7,,,,,
4900008510,0001,2024-11-12,201,FU-001,EC,CS01,623.5,L,H,EC-GEN,,,,,
4900008511,0001,2024-11-13,201,AC-001,EC,CS01,111.4,L,H,EC-D7,,,,,
4900008512,0001,2024-11-13,201,AC-003,EC,CS01,1.82,L,H,EC-D3,,,,,
4900008513,0001,2024-11-13,101,FE-001,EC,CS01,233300,KG,S,,,,,4500000352,00010
4900008514,0001,2024-11-13,201,FE-001,EC,CS01,11001.0,KG,H,EC-D3,,85,0000002661,,
4900008515,0001,2024-11-13,201,FE-001,EC,CS01,9028.2,KG,H,EC-D3,,113,0000002773,,
4900008516,0001,2024-11-13,201,FE-001,EC,CS01,9759.1,KG,H,EC-D5,,171,0000003001,,
4900008517,0001,2024-11-13,201,FE-001,EC,CS01,12639.3,KG,H,EC-D6,,380,0000003305,,
4900008518,0001,2024-11-13,201,FE-001,EC,CS01,5363.7,KG,H,EC-D7,,295,0000003341,,
4900008519,0001,2024-11-13,201,FE-002,EC,CS01,2525.4,KG,H,EC-D2,,66,0000002582,,
4900008520,0001,2024-11-13,201,FE-002,EC,CS01,2288.4,KG,H,EC-D3,,109,0000002758,,
4900008521,0001,2024-11-13,201,FE-002,EC,CS01,3134.2,KG,H,EC-D4,,153,0000002942,,
4900008522,0001,2024-11-13,201,FE-003,EC,CS01,2886.4,KG,H,EC-D3,,86,0000002667,,
4900008523,0001,2024-11-13,201,FE-003,EC,CS01,2941.8,KG,H,EC-D3,,93,0000002695,,
4900008524,0001,2024-11-13,201,FE-003,EC,CS01,2032.4,KG,H,EC-D7,,297,0000003351,,
4900008525,0001,2024-11-13,201,FE-004,EC,CS01,241.6,KG,H,EC-D1,,34,0000002464,,
4900008526,0001,2024-11-13,201,FE-004,EC,CS01,244.1,KG,H,EC-D6,,262,0000003260,,
4900008527,0001,2024-11-13,201,FE-004,EC,CS01,200.4,KG,H,EC-D7,,328,0000003412,,
4900008528,0001,2024-11-13,201,FU-001,EC,CS01,119.4,L,H,EC-D1,,,,,
4900008529,0001,2024-11-13,201,FU-001,EC,CS01,109.7,L,H,EC-D2,,,,,
4900008530,0001,2024-11-13,201,FU-001,EC,CS01,109.1,L,H,EC-D3,,,,,
4900008531,0001,2024-11-13,201,FU-001,EC,CS01,125.8,L,H,EC-D4,,,,,
4900008532,0001,2024-11-13,201,FU-001,EC,CS01,107.4,L,H,EC-D5,,,,,
4900008533,0001,2024-11-13,201,FU-001,EC,CS01,132.2,L,H,EC-D6,,,,,
4900008534,0001,2024-11-13,201,FU-001,EC,CS01,102.8,L,H,EC-D7,,,,,
4900008535,0001,2024-11-13,201,FU-001,EC,CS01,659.2,L,H,EC-GEN,,,,,
4900008536,0001,2024-11-13,201,SP-002,EC,CS01,1,EA,H,EC-WS,,,,,
4900008537,0001,2024-11-13,201,SP-003,EC,CS01,1,EA,H,EC-WS,,,,,
4900008538,0001,2024-11-14,201,AC-001,EC,CS01,64.3,L,H,EC-D2,,,,,
4900008539,0001,2024-11-14,201,FE-001,EC,CS01,11346.5,KG,H,EC-D1,,22,0000002413,,
4900008540,0001,2024-11-14,201,FE-001,EC,CS01,15214.6,KG,H,EC-D3,,96,0000002705,,
4900008541,0001,2024-11-14,201,FE-001,EC,CS01,11924.4,KG,H,EC-D5,,180,0000003033,,
4900008542,0001,2024-11-14,101,FE-002,EC,CS01,88100,KG,S,,,,,4500000337,00010
4900008543,0001,2024-11-14,201,FE-002,EC,CS01,2227.0,KG,H,EC-D2,,47,0000002514,,
4900008544,0001,2024-11-14,201,FE-002,EC,CS01,1986.6,KG,H,EC-D2,,53,0000002534,,
4900008545,0001,2024-11-14,201,FE-002,EC,CS01,2182.8,KG,H,EC-D6,,250,0000003210,,
4900008546,0001,2024-11-14,201,FE-002,EC,CS01,3230.4,KG,H,EC-D6,,266,0000003274,,
4900008547,0001,2024-11-14,201,FE-002,EC,CS01,4577.0,KG,H,EC-D7,,303,0000003374,,
4900008548,0001,2024-11-14,201,FE-003,EC,CS01,1677.9,KG,H,EC-D6,,251,0000003215,,
4900008549,0001,2024-11-14,201,FE-004,EC,CS01,300.4,KG,H,EC-D3,,75,0000002624,,
4900008550,0001,2024-11-14,201,FE-004,EC,CS01,180.2,KG,H,EC-D5,,182,0000003044,,
4900008551,0001,2024-11-14,201,FE-004,EC,CS01,177.0,KG,H,EC-D5,,200,0000003108,,
4900008552,0001,2024-11-14,201,FE-004,EC,CS01,320.5,KG,H,EC-D6,,213,0000003164,,
4900008553,0001,2024-11-14,201,FE-004,EC,CS01,207.6,KG,H,EC-D7,,291,0000003328,,
4900008554,0001,2024-11-14,101,FU-001,EC,CS01,8000,L,S,,,,,4500000392,00010
4900008555,0001,2024-11-14,201,FU-001,EC,CS01,132.4,L,H,EC-D1,,,,,
4900008556,0001,2024-11-14,201,FU-001,EC,CS01,104.8,L,H,EC-D2,,,,,
4900008557,0001,2024-11-14,201,FU-001,EC,CS01,152.6,L,H,EC-D3,,,,,
4900008558,0001,2024-11-14,201,FU-001,EC,CS01,153.5,L,H,EC-D4,,,,,
4900008559,0001,2024-11-14,201,FU-001,EC,CS01,106.1,L,H,EC-D5,,,,,
4900008560,0001,2024-11-14,201,FU-001,EC,CS01,114.8,L,H,EC-D6,,,,,
4900008561,0001,2024-11-14,201,FU-001,EC,CS01,114.2,L,H,EC-D7,,,,,
4900008562,0001,2024-11-14,201,FU-001,EC,CS01,632.5,L,H,EC-GEN,,,,,
4900008563,0001,2024-11-14,201,SP-001,EC,CS01,1,EA,H,EC-WS,,,,,
4900008564,0001,2024-11-14,201,SP-002,EC,CS01,1,EA,H,EC-WS,,,,,
4900008565,0001,2024-11-14,101,SP-003,EC,CS01,5,EA,S,,,,,4500000388,00010
4900008566,0001,2024-11-14,101,SP-006,EC,CS01,1,EA,S,,,,,4500000395,00010
4900008567,0001,2024-11-14,201,SP-006,EC,CS01,1,EA,H,EC-WS,,,,,
4900008568,0001,2024-11-15,201,FE-001,EC,CS01,12158.0,KG,H,EC-D1,,14,0000002381,,
4900008569,0001,2024-11-15,201,FE-001,EC,CS01,12254.7,KG,H,EC-D1,,28,0000002437,,
4900008570,0001,2024-11-15,201,FE-001,EC,CS01,18301.9,KG,H,EC-D3,,111,0000002765,,
4900008571,0001,2024-11-15,201,FE-001,EC,CS01,5432.7,KG,H,EC-D3,,120,0000002801,,
4900008572,0001,2024-11-15,201,FE-001,EC,CS01,11237.3,KG,H,EC-D4,,137,0000002877,,
4900008573,0001,2024-11-15,201,FE-001,EC,CS01,16065.2,KG,H,EC-D5,,169,0000002993,,
4900008574,0001,2024-11-15,201,FE-001,EC,CS01,4916.2,KG,H,EC-D5,,199,0000003101,,
4900008575,0001,2024-11-15,201,FE-001,EC,CS01,13041.9,KG,H,EC-D7,,340,0000003457,,
4900008576,0001,2024-11-15,201,FE-002,EC,CS01,2701.5,KG,H,EC-D6,,207,0000003138,,
4900008577,0001,2024-11-15,201,FE-002,EC,CS01,2802.1,KG,H,EC-D7,,348,0000003490,,
4900008578,0001,2024-11-15,201,FE-003,EC,CS01,2617.1,KG,H,EC-D2,,63,0000002571,,
4900008579,0001,2024-11-15,201,FE-003,EC,CS01,1427.8,KG,H,EC-D3,,112,0000002771,,
4900008580,0001,2024-11-15,201,FE-003,EC,CS01,1846.2,KG,H,EC-D6,,263,0000003263,,
4900008581,0001,2024-11-15,201,FE-003,EC,CS01,1450.6,KG,H,EC-D7,,342,0000003467,,
4900008582,0001,2024-11-15,201,FE-004,EC,CS01,215.2,KG,H,EC-D1,,22,0000002416,,
4900008583,0001,2024-11-15,201,FE-004,EC,CS01,232.2,KG,H,EC-D5,,195,0000003088,,
4900008584,0001,2024-11-15,201,FE-004,EC,CS01,341.2,KG,H,EC-D7,,347,0000003488,,
4900008585,0001,2024-11-15,201,FU-001,EC,CS01,115.9,L,H,EC-D1,,,,,
4900008586,0001,2024-11-15,201,FU-001,EC,CS01,112.3,L,H,EC-D2,,,,,
4900008587,0001,2024-11-15,201,FU-001,EC,CS01,116.7,L,H,EC-D3,,,,,
4900008588,0001,2024-11-15,201,FU-001,EC,CS01,161.9,L,H,EC-D4,,,,,
4900008589,0001,2024-11-15,201,FU-001,EC,CS01,108.6,L,H,EC-D5,,,,,
4900008590,0001,2024-11-15,201,FU-001,EC,CS01,123.8,L,H,EC-D6,,,,,
4900008591,0001,2024-11-15,201,FU-001,EC,CS01,126.2,L,H,EC-D7,,,,,
4900008592,0001,2024-11-15,201,FU-001,EC,CS01,530.3,L,H,EC-GEN,,,,,
4900008593,0001,2024-11-15,201,SP-002,EC,CS01,1,EA,H,EC-WS,,,,,
4900008594,0001,2024-11-15,201,SP-003,EC,CS01,1,EA,H,EC-WS,,,,,
4900008595,0001,2024-11-15,201,SP-005,EC,CS01,1,EA,H,EC-WS,,,,,
4900008596,0001,2024-11-15,101,SP-006,EC,CS01,4,EA,S,,,,,4500000383,00010
4900008597,0001,2024-11-16,201,AC-001,EC,CS01,195.4,L,H,EC-D4,,,,,
4900008598,0001,2024-11-16,201,AC-002,EC,CS01,8.09,KG,H,EC-D4,,,,,
4900008599,0001,2024-11-16,201,FE-001,EC,CS01,10502.4,KG,H,EC-D1,,26,0000002429,,
4900008600,0001,2024-11-16,201,FE-001,EC,CS01,14050.4,KG,H,EC-D4,,130,0000002849,,
4900008601,0001,2024-11-16,201,FE-002,EC,CS01,712.2,KG,H,EC-D4,,126,0000002834,,
4900008602,0001,2024-11-16,201,FE-002,EC,CS01,3002.8,KG,H,EC-D6,,215,0000003170,,
4900008603,0001,2024-11-16,201,FE-002,EC,CS01,3655.3,KG,H,EC-D6,,256,0000003234,,
4900008604,0001,2024-11-16,201,FE-003,EC,CS01,1962.8,KG,H,EC-D1,,31,0000002451,,
4900008605,0001,2024-11-16,201,FE-003,EC,CS01,402.4,KG,H,EC-D4,,125,0000002831,,
4900008606,0001,2024-11-16,201,FE-003,EC,CS01,2323.4,KG,H,EC-D4,,149,0000002927,,
4900008607,0001,2024-11-16,201,FE-003,EC,CS01,1262.4,KG,H,EC-D4,,159,0000002967,,
4900008608,0001,2024-11-16,201,FE-003,EC,CS01,1740.1,KG,H,EC-D5,,179,0000003031,,
4900008609,0001,2024-11-16,201,FE-003,EC,CS01,2670.1,KG,H,EC-D6,,207,0000003139,,
4900008610,0001,2024-11-16,201,FE-003,EC,CS01,578.4,KG,H,EC-D7,,288,0000003315,,
4900008611,0001,2024-11-16,201,FE-004,EC,CS01,190.9,KG,H,EC-D2,,71,0000002604,,
4900008612,0001,2024-11-16,201,FE-004,EC,CS01,184.2,KG,H,EC-D6,,253,0000003224,,
4900008613,0001,2024-11-16,201,FU-001,EC,CS01,88.9,L,H,EC-D1,,,,,
4900008614,0001,2024-11-16,201,FU-001,EC,CS01,91.9,L,H,EC-D2,,,,,
4900008615,0001,2024-11-16,201,FU-001,EC,CS01,134.9,L,H,EC-D3,,,,,
4900008616,0001,2024-11-16,201,FU-001,EC,CS01,138.3,L,H,EC-D4,,,,,
4900008617,0001,2024-11-16,201,FU-001,EC,CS01,117.5,L,H,EC-D5,,,,,
4900008618,0001,2024-11-16,201,FU-001,EC,CS01,113.7,L,H,EC-D6,,,,,
4900008619,0001,2024-11-16,201,FU-001,EC,CS01,124.8,L,H,EC-D7,,,,,
4900008620,0001,2024-11-16,201,FU-001,EC,CS01,707.3,L,H,EC-GEN,,,,,
4900008621,0001,2024-11-16,201,SP-001,EC,CS01,1,EA,H,EC-WS,,,,,
4900008622,0001,2024-11-16,201,SP-002,EC,CS01,1,EA,H,EC-WS,,,,,
4900008623,0001,2024-11-16,201,SP-008,EC,CS01,1,EA,H,EC-WS,,,,,
4900008624,0001,2024-11-17,201,FE-001,EC,CS01,15008.0,KG,H,EC-D2,,58,0000002553,,
4900008625,0001,2024-11-17,201,FE-001,EC,CS01,9065.2,KG,H,EC-D3,,89,0000002677,,
4900008626,0001,2024-11-17,201,FE-001,EC,CS01,19556.4,KG,H,EC-D3,,101,0000002725,,
4900008627,0001,2024-11-17,201,FE-001,EC,CS01,10272.3,KG,H,EC-D5,,187,0000003057,,
4900008628,0001,2024-11-17,201,FE-002,EC,CS01,613.1,KG,H,EC-D1,,1,0000002330,,
4900008629,0001,2024-11-17,201,FE-002,EC,CS01,2881.7,KG,H,EC-D1,,17,0000002394,,
4900008630,0001,2024-11-17,201,FE-002,EC,CS01,3152.4,KG,H,EC-D1,,35,0000002466,,
4900008631,0001,2024-11-17,201,FE-002,EC,CS01,1699.8,KG,H,EC-D5,,182,0000003042,,
4900008632,0001,2024-11-17,201,FE-002,EC,CS01,1480.4,KG,H,EC-D5,,199,0000003102,,
4900008633,0001,2024-11-17,201,FE-002,EC,CS01,1877.6,KG,H,EC-D5,,200,0000003106,,
4900008634,0001,2024-11-17,201,FE-002,EC,CS01,3594.6,KG,H,EC-D6,,245,0000003190,,
4900008635,0001,2024-11-17,201,FE-003,EC,CS01,2430.0,KG,H,EC-D1,,16,0000002391,,
4900008636,0001,2024-11-17,201,FE-003,EC,CS01,2465.6,KG,H,EC-D1,,22,0000002415,,
4900008637,0001,2024-11-17,201,FE-003,EC,CS01,2000.5,KG,H,EC-D2,,49,0000002519,,
4900008638,0001,2024-11-17,201,FE-003,EC,CS01,1958.2,KG,H,EC-D2,,57,0000002551,,
4900008639,0001,2024-11-17,201,FE-003,EC,CS01,2215.0,KG,H,EC-D7,,337,0000003447,,
4900008640,0001,2024-11-17,201,FE-004,EC,CS01,219.0,KG,H,EC-D2,,50,0000002524,,
4900008641,0001,2024-11-17,201,FE-004,EC,CS01,357.6,KG,H,EC-D2,,56,0000002548,,
4900008642,0001,2024-11-17,201,FE-004,EC,CS01,222.8,KG,H,EC-D5,,172,0000003008,,
4900008643,0001,2024-11-17,201,FE-004,EC,CS01,265.7,KG,H,EC-D6,,250,0000003212,,
4900008644,0001,2024-11-17,201,FU-001,EC,CS01,698.1,L,H,EC-GEN,,,,,
4900008645,0001,2024-11-18,201,AC-001,EC,CS01,153.5,L,H,EC-D1,,,,,
4900008646,0001,2024-11-18,201,AC-003,EC,CS01,12.88,L,H,EC-D2,,,,,
4900008647,0001,2024-11-18,201,FE-001,EC,CS01,11235.6,KG,H,EC-D1,,33,0000002457,,
4900008648,0001,2024-11-18,201,FE-001,EC,CS01,3594.2,KG,H,EC-D3,,117,0000002789,,
4900008649,0001,2024-11-18,201,FE-001,EC,CS01,10172.0,KG,H,EC-D4,,143,0000002901,,
4900008650,0001,2024-11-18,201,FE-001,EC,CS01,14267.3,KG,H,EC-D4,,158,0000002961,,
4900008651,0001,2024-11-18,201,FE-001,EC,CS01,11382.3,KG,H,EC-D7,,336,0000003441,,
4900008652,0001,2024-11-18,201,FE-002,EC,CS01,2360.1,KG,H,EC-D3,,84,0000002658,,
4900008653,0001,2024-11-18,201,FE-002,EC,CS01,2822.0,KG,H,EC-D3,,102,0000002730,,
4900008654,0001,2024-11-18,201,FE-003,EC,CS01,569.5,KG,H,EC-D3,,81,0000002647,,
4900008655,0001,2024-11-18,201,FE-003,EC,CS01,1881.3,KG,H,EC-D4,,144,0000002907,,
4900008656,0001,2024-11-18,201,FE-003,EC,CS01,2844.7,KG,H,EC-D4,,148,0000002923,,
4900008657,0001,2024-11-18,201,FE-003,EC,CS01,2636.0,KG,H,EC-D5,,169,0000002995,,
4900008658,0001,2024-11-18,201,FE-003,EC,CS01,2120.1,KG,H,EC-D6,,380,0000003307,,
4900008659,0001,2024-11-18,201,FE-004,EC,CS01,280.8,KG,H,EC-D1,,24,0000002424,,
4900008660,0001,2024-11-18,201,FE-004,EC,CS01,343.7,KG,H,EC-D3,,93,0000002696,,
4900008661,0001,2024-11-18,201,FE-004,EC,CS01,204.5,KG,H,EC-D3,,110,0000002764,,
4900008662,0001,2024-11-18,201,FE-004,EC,CS01,315.7,KG,H,EC-D6,,259,0000003248,,
4900008663,0001,2024-11-18,201,FE-004,EC,CS01,205.9,KG,H,EC-D7,,342,0000003468,,
4900008664,0001,2024-11-18,201,FU-001,EC,CS01,82.0,L,H,EC-D1,,,,,
4900008665,0001,2024-11-18,201,FU-001,EC,CS01,100.0,L,H,EC-D2,,,,,
4900008666,0001,2024-11-18,201,FU-001,EC,CS01,128.0,L,H,EC-D3,,,,,
4900008667,0001,2024-11-18,201,FU-001,EC,CS01,135.6,L,H,EC-D4,,,,,
4900008668,0001,2024-11-18,201,FU-001,EC,CS01,92.1,L,H,EC-D5,,,,,
4900008669,0001,2024-11-18,201,FU-001,EC,CS01,119.3,L,H,EC-D6,,,,,
4900008670,0001,2024-11-18,201,FU-001,EC,CS01,123.5,L,H,EC-D7,,,,,
4900008671,0001,2024-11-18,201,FU-001,EC,CS01,701.6,L,H,EC-GEN,,,,,
4900008672,0001,2024-11-18,201,SP-005,EC,CS01,1,EA,H,EC-WS,,,,,
4900008673,0001,2024-11-18,201,SP-006,EC,CS01,1,EA,H,EC-WS,,,,,
4900008674,0001,2024-11-18,201,SP-006,EC,CS01,1,EA,H,EC-WS,,,,,
4900008675,0001,2024-11-19,201,AC-001,EC,CS01,121.5,L,H,EC-D5,,,,,
4900008676,0001,2024-11-19,201,AC-003,EC,CS01,6.22,L,H,EC-D4,,,,,
4900008677,0001,2024-11-19,201,FE-001,EC,CS01,13962.0,KG,H,EC-D2,,59,0000002557,,
4900008678,0001,2024-11-19,201,FE-001,EC,CS01,11678.2,KG,H,EC-D4,,128,0000002841,,
4900008679,0001,2024-11-19,201,FE-001,EC,CS01,9642.4,KG,H,EC-D4,,146,0000002913,,
4900008680,0001,2024-11-19,201,FE-002,EC,CS01,2678.4,KG,H,EC-D2,,49,0000002518,,
4900008681,0001,2024-11-19,201,FE-003,EC,CS01,1751.3,KG,H,EC-D2,,59,0000002559,,
4900008682,0001,2024-11-19,201,FE-003,EC,CS01,3356.4,KG,H,EC-D3,,101,0000002727,,
4900008683,0001,2024-11-19,201,FE-003,EC,CS01,1250.0,KG,H,EC-D3,,116,0000002787,,
4900008684,0001,2024-11-19,201,FE-003,EC,CS01,2014.4,KG,H,EC-D5,,180,0000003035,,
4900008685,0001,2024-11-19,201,FE-003,EC,CS01,1869.3,KG,H,EC-D5,,193,0000003079,,
4900008686,0001,2024-11-19,201,FE-003,EC,CS01,657.9,KG,H,EC-D6,,258,0000003243,,
4900008687,0001,2024-11-19,201,FE-003,EC,CS01,2518.3,KG,H,EC-D7,,302,0000003371,,
4900008688,0001,2024-11-19,201,FE-004,EC,CS01,27.4,KG,H,EC-D3,,119,0000002800,,
4900008689,0001,2024-11-19,201,FE-004,EC,CS01,343.8,KG,H,EC-D6,,214,0000003168,,
4900008690,0001,2024-11-19,201,FE-004,EC,CS01,295.5,KG,H,EC-D7,,340,0000003460,,
4900008691,0001,2024-11-19,201,FU-001,EC,CS01,128.1,L,H,EC-D1,,,,,
4900008692,0001,2024-11-19,201,FU-001,EC,CS01,125.5,L,H,EC-D2,,,,,
4900008693,0001,2024-11-19,201,FU-001,EC,CS01,126.8,L,H,EC-D3,,,,,
4900008694,0001,2024-11-19,201,FU-001,EC,CS01,138.0,L,H,EC-D4,,,,,
4900008695,0001,2024-11-19,201,FU-001,EC,CS01,95.3,L,H,EC-D5,,,,,
4900008696,0001,2024-11-19,201,FU-001,EC,CS01,128.3,L,H,EC-D6,,,,,
4900008697,0001,2024-11-19,201,FU-001,EC,CS01,122.1,L,H,EC-D7,,,,,
4900008698,0001,2024-11-19,201,FU-001,EC,CS01,659.3,L,H,EC-GEN,,,,,
4900008699,0001,2024-11-19,101,SP-001,EC,CS01,4,EA,S,,,,,4500000391,00010
4900008700,0001,2024-11-19,201,SP-007,EC,CS01,1,EA,H,EC-WS,,,,,
4900008701,0001,2024-11-19,201,SP-007,EC,CS01,1,EA,H,EC-WS,,,,,
4900008702,0001,2024-11-20,201,FE-001,EC,CS01,5180.2,KG,H,EC-D6,,258,0000003241,,
4900008703,0001,2024-11-20,201,FE-001,EC,CS01,8649.7,KG,H,EC-D7,,290,0000003321,,
4900008704,0001,2024-11-20,201,FE-002,EC,CS01,3690.3,KG,H,EC-D2,,55,0000002542,,
4900008705,0001,2024-11-20,201,FE-002,EC,CS01,2752.6,KG,H,EC-D3,,88,0000002674,,
4900008706,0001,2024-11-20,201,FE-002,EC,CS01,4569.6,KG,H,EC-D5,,168,0000002990,,
4900008707,0001,2024-11-20,201,FE-003,EC,CS01,1412.1,KG,H,EC-D3,,87,0000002671,,
4900008708,0001,2024-11-20,201,FE-003,EC,CS01,2418.5,KG,H,EC-D3,,102,0000002731,,
4900008709,0001,2024-11-20,201,FE-003,EC,CS01,1756.9,KG,H,EC-D6,,257,0000003239,,
4900008710,0001,2024-11-20,201,FE-003,EC,CS01,2508.0,KG,H,EC-D7,,341,0000003463,,
4900008711,0001,2024-11-20,201,FE-004,EC,CS01,360.4,KG,H,EC-D3,,96,0000002708,,
4900008712,0001,2024-11-20,201,FE-004,EC,CS01,292.1,KG,H,EC-D4,,147,0000002920,,
4900008713,0001,2024-11-20,201,FE-004,EC,CS01,344.2,KG,H,EC-D5,,193,0000003080,,
4900008714,0001,2024-11-20,201,FE-004,EC,CS01,166.2,KG,H,EC-D6,,247,0000003200,,
4900008715,0001,2024-11-20,201,FU-001,EC,CS01,109.1,L,H,EC-D1,,,,,
4900008716,0001,2024-11-20,201,FU-001,EC,CS01,105.6,L,H,EC-D2,,,,,
4900008717,0001,2024-11-20,201,FU-001,EC,CS01,147.7,L,H,EC-D3,,,,,
4900008718,0001,2024-11-20,201,FU-001,EC,CS01,133.1,L,H,EC-D4,,,,,
4900008719,0001,2024-11-20,201,FU-001,EC,CS01,95.5,L,H,EC-D5,,,,,
4900008720,0001,2024-11-20,201,FU-001,EC,CS01,136.1,L,H,EC-D6,,,,,
4900008721,0001,2024-11-20,201,FU-001,EC,CS01,125.7,L,H,EC-D7,,,,,
4900008722,0001,2024-11-20,201,FU-001,EC,CS01,493.9,L,H,EC-GEN,,,,,
4900008723,0001,2024-11-21,201,AC-001,EC,CS01,128.9,L,H,EC-D2,,,,,
4900008724,0001,2024-11-21,201,FE-001,EC,CS01,3729.3,KG,H,EC-D3,,106,0000002745,,
4900008725,0001,2024-11-21,201,FE-001,EC,CS01,1069.5,KG,H,EC-D4,,127,0000002837,,
4900008726,0001,2024-11-21,201,FE-001,EC,CS01,7200.6,KG,H,EC-D7,,300,0000003361,,
4900008727,0001,2024-11-21,201,FE-002,EC,CS01,2358.7,KG,H,EC-D5,,176,0000003018,,
4900008728,0001,2024-11-21,201,FE-002,EC,CS01,1622.8,KG,H,EC-D5,,179,0000003030,,
4900008729,0001,2024-11-21,201,FE-002,EC,CS01,2455.3,KG,H,EC-D5,,186,0000003054,,
4900008730,0001,2024-11-21,201,FE-002,EC,CS01,2546.7,KG,H,EC-D6,,209,0000003146,,
4900008731,0001,2024-11-21,201,FE-004,EC,CS01,219.1,KG,H,EC-D1,,13,0000002380,,
4900008732,0001,2024-11-21,201,FE-004,EC,CS01,253.3,KG,H,EC-D5,,171,0000003004,,
4900008733,0001,2024-11-21,201,FE-004,EC,CS01,242.6,KG,H,EC-D6,,206,0000003136,,
4900008734,0001,2024-11-21,201,FE-004,EC,CS01,132.7,KG,H,EC-D6,,268,0000003284,,
4900008735,0001,2024-11-21,101,FU-001,EC,CS01,8000,L,S,,,,,4500000396,00010
4900008736,0001,2024-11-21,201,FU-001,EC,CS01,103.0,L,H,EC-D1,,,,,
4900008737,0001,2024-11-21,201,FU-001,EC,CS01,98.3,L,H,EC-D2,,,,,
4900008738,0001,2024-11-21,201,FU-001,EC,CS01,148.3,L,H,EC-D3,,,,,
4900008739,0001,2024-11-21,201,FU-001,EC,CS01,153.5,L,H,EC-D4,,,,,
4900008740,0001,2024-11-21,201,FU-001,EC,CS01,108.4,L,H,EC-D5,,,,,
4900008741,0001,2024-11-21,201,FU-001,EC,CS01,133.9,L,H,EC-D6,,,,,
4900008742,0001,2024-11-21,201,FU-001,EC,CS01,108.2,L,H,EC-D7,,,,,
4900008743,0001,2024-11-21,201,FU-001,EC,CS01,544.3,L,H,EC-GEN,,,,,
4900008744,0001,2024-11-21,201,SP-003,EC,CS01,1,EA,H,EC-WS,,,,,
4900008745,0001,2024-11-21,101,SP-005,EC,CS01,4,EA,S,,,,,4500000393,00010
4900008746,0001,2024-11-22,201,AC-003,EC,CS01,10.17,L,H,EC-D3,,,,,
4900008747,0001,2024-11-22,201,FE-001,EC,CS01,14527.1,KG,H,EC-D5,,181,0000003037,,
4900008748,0001,2024-11-22,201,FE-001,EC,CS01,14054.1,KG,H,EC-D7,,339,0000003453,,
4900008749,0001,2024-11-22,201,FE-002,EC,CS01,2407.7,KG,H,EC-D2,,57,0000002550,,
4900008750,0001,2024-11-22,201,FE-002,EC,CS01,837.8,KG,H,EC-D4,,155,0000002950,,
4900008751,0001,2024-11-22,201,FE-002,EC,CS01,3167.2,KG,H,EC-D6,,249,0000003206,,
4900008752,0001,2024-11-22,201,FE-003,EC,CS01,1277.4,KG,H,EC-D1,,30,0000002447,,
4900008753,0001,2024-11-22,201,FE-003,EC,CS01,1172.4,KG,H,EC-D6,,264,0000003267,,
4900008754,0001,2024-11-22,201,FE-004,EC,CS01,82.9,KG,H,EC-D3,,81,0000002648,,
4900008755,0001,2024-11-22,201,FE-004,EC,CS01,277.6,KG,H,EC-D5,,187,0000003060,,
4900008756,0001,2024-11-22,201,FE-004,EC,CS01,436.2,KG,H,EC-D5,,201,0000003112,,
4900008757,0001,2024-11-22,201,FE-004,EC,CS01,381.3,KG,H,EC-D6,,210,0000003152,,
4900008758,0001,2024-11-22,201,FE-004,EC,CS01,204.8,KG,H,EC-D6,,261,0000003256,,
4900008759,0001,2024-11-22,201,FU-001,EC,CS01,96.5,L,H,EC-D1,,,,,
4900008760,0001,2024-11-22,201,FU-001,EC,CS01,127.1,L,H,EC-D2,,,,,
4900008761,0001,2024-11-22,201,FU-001,EC,CS01,124.6,L,H,EC-D3,,,,,
4900008762,0001,2024-11-22,201,FU-001,EC,CS01,129.1,L,H,EC-D4,,,,,
4900008763,0001,2024-11-22,201,FU-001,EC,CS01,132.0,L,H,EC-D5,,,,,
4900008764,0001,2024-11-22,201,FU-001,EC,CS01,129.4,L,H,EC-D6,,,,,
4900008765,0001,2024-11-22,201,FU-001,EC,CS01,125.1,L,H,EC-D7,,,,,
4900008766,0001,2024-11-22,201,FU-001,EC,CS01,666.9,L,H,EC-GEN,,,,,
4900008767,0001,2024-11-22,201,SP-003,EC,CS01,1,EA,H,EC-WS,,,,,
4900008768,0001,2024-11-23,201,AC-001,EC,CS01,94.2,L,H,EC-D1,,,,,
4900008769,0001,2024-11-23,201,AC-003,EC,CS01,3.2,L,H,EC-D1,,,,,
4900008770,0001,2024-11-23,201,FE-001,EC,CS01,10852.5,KG,H,EC-D4,,140,0000002889,,
4900008771,0001,2024-11-23,201,FE-001,EC,CS01,11430.9,KG,H,EC-D4,,157,0000002957,,
4900008772,0001,2024-11-23,201,FE-001,EC,CS01,4170.7,KG,H,EC-D6,,254,0000003225,,
4900008773,0001,2024-11-23,201,FE-001,EC,CS01,5704.0,KG,H,EC-D7,,330,0000003417,,
4900008774,0001,2024-11-23,201,FE-001,EC,CS01,11881.3,KG,H,EC-D7,,334,0000003433,,
4900008775,0001,2024-11-23,201,FE-002,EC,CS01,2660.9,KG,H,EC-D3,,107,0000002750,,
4900008776,0001,2024-11-23,201,FE-002,EC,CS01,2118.7,KG,H,EC-D5,,190,0000003070,,
4900008777,0001,2024-11-23,201,FU-001,EC,CS01,99.3,L,H,EC-D1,,,,,
4900008778,0001,2024-11-23,201,FU-001,EC,CS01,88.3,L,H,EC-D2,,,,,
4900008779,0001,2024-11-23,201,FU-001,EC,CS01,118.8,L,H,EC-D3,,,,,
4900008780,0001,2024-11-23,201,FU-001,EC,CS01,159.9,L,H,EC-D4,,,,,
4900008781,0001,2024-11-23,201,FU-001,EC,CS01,107.9,L,H,EC-D5,,,,,
4900008782,0001,2024-11-23,201,FU-001,EC,CS01,147.2,L,H,EC-D6,,,,,
4900008783,0001,2024-11-23,201,FU-001,EC,CS01,112.6,L,H,EC-D7,,,,,
4900008784,0001,2024-11-23,201,FU-001,EC,CS01,652.5,L,H,EC-GEN,,,,,
4900008785,0001,2024-11-24,201,FE-001,EC,CS01,9227.1,KG,H,EC-D2,,70,0000002597,,
4900008786,0001,2024-11-24,201,FE-001,EC,CS01,2469.7,KG,H,EC-D3,,81,0000002645,,
4900008787,0001,2024-11-24,201,FE-001,EC,CS01,8968.6,KG,H,EC-D4,,135,0000002869,,
4900008788,0001,2024-11-24,201,FE-001,EC,CS01,4824.4,KG,H,EC-D4,,155,0000002949,,
4900008789,0001,2024-11-24,201,FE-001,EC,CS01,14052.8,KG,H,EC-D6,,259,0000003245,,
4900008790,0001,2024-11-24,201,FE-002,EC,CS01,2399.7,KG,H,EC-D4,,137,0000002878,,
4900008791,0001,2024-11-24,201,FE-002,EC,CS01,3173.6,KG,H,EC-D4,,148,0000002922,,
4900008792,0001,2024-11-24,201,FE-002,EC,CS01,2799.4,KG,H,EC-D7,,306,0000003386,,
4900008793,0001,2024-11-24,201,FE-002,EC,CS01,2043.9,KG,H,EC-D7,,309,0000003398,,
4900008794,0001,2024-11-24,201,FE-003,EC,CS01,2182.3,KG,H,EC-D4,,152,0000002939,,
4900008795,0001,2024-11-24,201,FE-004,EC,CS01,19.7,KG,H,EC-D3,,370,0000002816,,
4900008796,0001,2024-11-24,201,FE-004,EC,CS01,253.3,KG,H,EC-D5,,190,0000003072,,
4900008797,0001,2024-11-24,201,FE-004,EC,CS01,283.6,KG,H,EC-D7,,297,0000003352,,
4900008798,0001,2024-11-24,201,FU-001,EC,CS01,593.2,L,H,EC-GEN,,,,,
4900008799,0001,2024-11-25,201,AC-001,EC,CS01,80.6,L,H,EC-D4,,,,,
4900008800,0001,2024-11-25,201,AC-002,EC,CS01,3.26,KG,H,EC-D4,,,,,
4900008801,0001,2024-11-25,201,FE-001,EC,CS01,4759.2,KG,H,EC-D1,,3,0000002337,,
4900008802,0001,2024-11-25,201,FE-001,EC,CS01,1262.1,KG,H,EC-D3,,369,0000002809,,
4900008803,0001,2024-11-25,201,FE-001,EC,CS01,13535.2,KG,H,EC-D4,,131,0000002853,,
4900008804,0001,2024-11-25,201,FE-002,EC,CS01,2738.2,KG,H,EC-D4,,145,0000002910,,
4900008805,0001,2024-11-25,201,FE-002,EC,CS01,2997.3,KG,H,EC-D4,,146,0000002914,,
4900008806,0001,2024-11-25,201,FE-002,EC,CS01,2344.7,KG,H,EC-D7,,335,0000003438,,
4900008807,0001,2024-11-25,201,FE-003,EC,CS01,2063.9,KG,H,EC-D2,,50,0000002523,,
4900008808,0001,2024-11-25,201,FE-003,EC,CS01,1345.0,KG,H,EC-D3,,76,0000002627,,
4900008809,0001,2024-11-25,201,FE-003,EC,CS01,1215.9,KG,H,EC-D7,,308,0000003395,,
4900008810,0001,2024-11-25,201,FE-004,EC,CS01,279.2,KG,H,EC-D1,,37,0000002476,,
4900008811,0001,2024-11-25,201,FE-004,EC,CS01,121.8,KG,H,EC-D5,,192,0000003076,,
4900008812,0001,2024-11-25,201,FU-001,EC,CS01,98.8,L,H,EC-D1,,,,,
4900008813,0001,2024-11-25,201,FU-001,EC,CS01,79.7,L,H,EC-D2,,,,,
4900008814,0001,2024-11-25,201,FU-001,EC,CS01,133.9,L,H,EC-D3,,,,,
4900008815,0001,2024-11-25,201,FU-001,EC,CS01,152.7,L,H,EC-D4,,,,,
4900008816,0001,2024-11-25,201,FU-001,EC,CS01,114.0,L,H,EC-D5,,,,,
4900008817,0001,2024-11-25,201,FU-001,EC,CS01,105.9,L,H,EC-D6,,,,,
4900008818,0001,2024-11-25,201,FU-001,EC,CS01,105.2,L,H,EC-D7,,,,,
4900008819,0001,2024-11-25,201,FU-001,EC,CS01,585.2,L,H,EC-GEN,,,,,
4900008820,0001,2024-11-25,201,SP-001,EC,CS01,1,EA,H,EC-WS,,,,,
4900008821,0001,2024-11-25,201,SP-008,EC,CS01,1,EA,H,EC-WS,,,,,
4900008822,0001,2024-11-26,201,AC-001,EC,CS01,81.8,L,H,EC-D3,,,,,
4900008823,0001,2024-11-26,201,AC-002,EC,CS01,3.45,KG,H,EC-D3,,,,,
4900008824,0001,2024-11-26,201,FE-001,EC,CS01,11743.4,KG,H,EC-D1,,39,0000002481,,
4900008825,0001,2024-11-26,201,FE-001,EC,CS01,7361.6,KG,H,EC-D2,,50,0000002521,,
4900008826,0001,2024-11-26,201,FE-001,EC,CS01,11857.8,KG,H,EC-D3,,109,0000002757,,
4900008827,0001,2024-11-26,201,FE-001,EC,CS01,12137.0,KG,H,EC-D7,,309,0000003397,,
4900008828,0001,2024-11-26,201,FE-002,EC,CS01,2944.3,KG,H,EC-D1,,25,0000002426,,
4900008829,0001,2024-11-26,201,FE-002,EC,CS01,1571.9,KG,H,EC-D2,,70,0000002598,,
4900008830,0001,2024-11-26,201,FE-002,EC,CS01,1844.2,KG,H,EC-D4,,129,0000002846,,
4900008831,0001,2024-11-26,201,FE-003,EC,CS01,84.1,KG,H,EC-D4,,154,0000002947,,
4900008832,0001,2024-11-26,201,FE-003,EC,CS01,2235.3,KG,H,EC-D7,,305,0000003383,,
4900008833,0001,2024-11-26,201,FE-004,EC,CS01,327.3,KG,H,EC-D6,,252,0000003220,,
4900008834,0001,2024-11-26,201,FE-004,EC,CS01,226.5,KG,H,EC-D7,,337,0000003448,,
4900008835,0001,2024-11-26,101,FU-001,EC,CS01,8000,L,S,,,,,4500000400,00010
4900008836,0001,2024-11-26,201,FU-001,EC,CS01,99.8,L,H,EC-D1,,,,,
4900008837,0001,2024-11-26,201,FU-001,EC,CS01,95.1,L,H,EC-D2,,,,,
4900008838,0001,2024-11-26,201,FU-001,EC,CS01,110.2,L,H,EC-D3,,,,,
4900008839,0001,2024-11-26,201,FU-001,EC,CS01,143.2,L,H,EC-D4,,,,,
4900008840,0001,2024-11-26,201,FU-001,EC,CS01,103.7,L,H,EC-D5,,,,,
4900008841,0001,2024-11-26,201,FU-001,EC,CS01,130.6,L,H,EC-D6,,,,,
4900008842,0001,2024-11-26,201,FU-001,EC,CS01,114.4,L,H,EC-D7,,,,,
4900008843,0001,2024-11-26,201,FU-001,EC,CS01,612.1,L,H,EC-GEN,,,,,
4900008844,0001,2024-11-27,201,AC-001,EC,CS01,88.9,L,H,EC-D7,,,,,
4900008845,0001,2024-11-27,101,AC-003,EC,CS01,20,L,S,,,,,4500000401,00010
4900008846,0001,2024-11-27,201,AC-003,EC,CS01,5.02,L,H,EC-D5,,,,,
4900008847,0001,2024-11-27,201,FE-001,EC,CS01,9053.7,KG,H,EC-D1,,18,0000002397,,
4900008848,0001,2024-11-27,201,FE-001,EC,CS01,3410.7,KG,H,EC-D3,,99,0000002717,,
4900008849,0001,2024-11-27,201,FE-001,EC,CS01,7953.8,KG,H,EC-D6,,253,0000003221,,
4900008850,0001,2024-11-27,201,FE-001,EC,CS01,4489.1,KG,H,EC-D6,,260,0000003249,,
4900008851,0001,2024-11-27,201,FE-001,EC,CS01,4302.2,KG,H,EC-D7,,301,0000003365,,
4900008852,0001,2024-11-27,201,FE-002,EC,CS01,4578.5,KG,H,EC-D3,,108,0000002754,,
4900008853,0001,2024-11-27,201,FE-002,EC,CS01,3508.9,KG,H,EC-D4,,157,0000002958,,
4900008854,0001,2024-11-27,201,FE-002,EC,CS01,1266.2,KG,H,EC-D6,,258,0000003242,,
4900008855,0001,2024-11-27,201,FE-003,EC,CS01,1357.9,KG,H,EC-D3,,79,0000002639,,
4900008856,0001,2024-11-27,201,FE-004,EC,CS01,290.5,KG,H,EC-D3,,87,0000002672,,
4900008857,0001,2024-11-27,201,FE-004,EC,CS01,232.8,KG,H,EC-D3,,109,0000002760,,
4900008858,0001,2024-11-27,201,FE-004,EC,CS01,258.7,KG,H,EC-D4,,143,0000002904,,
4900008859,0001,2024-11-27,201,FE-004,EC,CS01,200.2,KG,H,EC-D6,,269,0000003288,,
4900008860,0001,2024-11-27,201,FE-004,EC,CS01,210.6,KG,H,EC-D7,,299,0000003360,,
4900008861,0001,2024-11-27,201,FU-001,EC,CS01,134.8,L,H,EC-D1,,,,,
4900008862,0001,2024-11-27,201,FU-001,EC,CS01,106.3,L,H,EC-D2,,,,,
4900008863,0001,2024-11-27,201,FU-001,EC,CS01,150.7,L,H,EC-D3,,,,,
4900008864,0001,2024-11-27,201,FU-001,EC,CS01,142.5,L,H,EC-D4,,,,,
4900008865,0001,2024-11-27,201,FU-001,EC,CS01,99.9,L,H,EC-D5,,,,,
4900008866,0001,2024-11-27,201,FU-001,EC,CS01,133.0,L,H,EC-D6,,,,,
4900008867,0001,2024-11-27,201,FU-001,EC,CS01,112.7,L,H,EC-D7,,,,,
4900008868,0001,2024-11-27,201,FU-001,EC,CS01,762.3,L,H,EC-GEN,,,,,
4900008869,0001,2024-11-27,201,SP-006,EC,CS01,1,EA,H,EC-WS,,,,,
4900008870,0001,2024-11-27,201,SP-008,EC,CS01,1,EA,H,EC-WS,,,,,
4900008871,0001,2024-11-28,201,AC-001,EC,CS01,59.8,L,H,EC-D7,,,,,
4900008872,0001,2024-11-28,201,FE-001,EC,CS01,9596.8,KG,H,EC-D2,,66,0000002581,,
4900008873,0001,2024-11-28,201,FE-001,EC,CS01,11002.5,KG,H,EC-D6,,205,0000003129,,
4900008874,0001,2024-11-28,201,FE-001,EC,CS01,7415.6,KG,H,EC-D7,,289,0000003317,,
4900008875,0001,2024-11-28,201,FE-002,EC,CS01,1163.1,KG,H,EC-D3,,80,0000002642,,
4900008876,0001,2024-11-28,201,FE-002,EC,CS01,3024.9,KG,H,EC-D4,,142,0000002898,,
4900008877,0001,2024-11-28,201,FE-002,EC,CS01,3027.1,KG,H,EC-D5,,195,0000003086,,
4900008878,0001,2024-11-28,201,FE-002,EC,CS01,3658.0,KG,H,EC-D6,,263,0000003262,,
4900008879,0001,2024-11-28,201,FE-003,EC,CS01,1924.1,KG,H,EC-D6,,212,0000003159,,
4900008880,0001,2024-11-28,201,FE-004,EC,CS01,25.1,KG,H,EC-D3,,82,0000002652,,
4900008881,0001,2024-11-28,201,FE-004,EC,CS01,206.6,KG,H,EC-D3,,112,0000002772,,
4900008882,0001,2024-11-28,201,FE-004,EC,CS01,291.5,KG,H,EC-D6,,204,0000003128,,
4900008883,0001,2024-11-28,201,FE-004,EC,CS01,158.3,KG,H,EC-D7,,336,0000003444,,
4900008884,0001,2024-11-28,201,FU-001,EC,CS01,96.8,L,H,EC-D1,,,,,
4900008885,0001,2024-11-28,201,FU-001,EC,CS01,106.0,L,H,EC-D2,,,,,
4900008886,0001,2024-11-28,201,FU-001,EC,CS01,115.6,L,H,EC-D3,,,,,
4900008887,0001,2024-11-28,201,FU-001,EC,CS01,167.4,L,H,EC-D4,,,,,
4900008888,0001,2024-11-28,201,FU-001,EC,CS01,113.3,L,H,EC-D5,,,,,
4900008889,0001,2024-11-28,201,FU-001,EC,CS01,155.2,L,H,EC-D6,,,,,
4900008890,0001,2024-11-28,201,FU-001,EC,CS01,100.2,L,H,EC-D7,,,,,
4900008891,0001,2024-11-28,201,FU-001,EC,CS01,671.1,L,H,EC-GEN,,,,,
4900008892,0001,2024-11-28,201,SP-006,EC,CS01,1,EA,H,EC-WS,,,,,
4900008893,0001,2024-11-29,101,AC-003,EC,CS01,100,L,S,,,,,4500000386,00010
4900008894,0001,2024-11-29,201,AC-003,EC,CS01,6.57,L,H,EC-D1,,,,,
4900008895,0001,2024-11-29,201,FE-001,EC,CS01,8387.8,KG,H,EC-D2,,52,0000002529,,
4900008896,0001,2024-11-29,201,FE-001,EC,CS01,7201.3,KG,H,EC-D4,,166,0000002985,,
4900008897,0001,2024-11-29,201,FE-002,EC,CS01,2960.3,KG,H,EC-D1,,37,0000002474,,
4900008898,0001,2024-11-29,201,FE-002,EC,CS01,2190.5,KG,H,EC-D2,,42,0000002494,,
4900008899,0001,2024-11-29,201,FE-003,EC,CS01,2039.5,KG,H,EC-D3,,78,0000002635,,
4900008900,0001,2024-11-29,201,FE-003,EC,CS01,2525.6,KG,H,EC-D5,,186,0000003055,,
4900008901,0001,2024-11-29,201,FE-004,EC,CS01,318.8,KG,H,EC-D4,,132,0000002860,,
4900008902,0001,2024-11-29,201,FE-004,EC,CS01,138.5,KG,H,EC-D6,,258,0000003244,,
4900008903,0001,2024-11-29,201,FU-001,EC,CS01,92.9,L,H,EC-D1,,,,,
4900008904,0001,2024-11-29,201,FU-001,EC,CS01,87.0,L,H,EC-D2,,,,,
4900008905,0001,2024-11-29,201,FU-001,EC,CS01,142.6,L,H,EC-D3,,,,,
4900008906,0001,2024-11-29,201,FU-001,EC,CS01,165.1,L,H,EC-D4,,,,,
4900008907,0001,2024-11-29,201,FU-001,EC,CS01,104.8,L,H,EC-D5,,,,,
4900008908,0001,2024-11-29,201,FU-001,EC,CS01,117.8,L,H,EC-D6,,,,,
4900008909,0001,2024-11-29,201,FU-001,EC,CS01,108.2,L,H,EC-D7,,,,,
4900008910,0001,2024-11-29,201,FU-001,EC,CS01,531.7,L,H,EC-GEN,,,,,
4900008911,0001,2024-11-29,201,SP-003,EC,CS01,1,EA,H,EC-WS,,,,,
4900008912,0001,2024-11-30,201,AC-001,EC,CS01,115.3,L,H,EC-D4,,,,,
4900008913,0001,2024-11-30,201,AC-002,EC,CS01,4.3,KG,H,EC-D4,,,,,
4900008914,0001,2024-11-30,201,FE-001,EC,CS01,12032.5,KG,H,EC-D2,,73,0000002609,,
4900008915,0001,2024-11-30,201,FE-002,EC,CS01,2424.7,KG,H,EC-D1,,24,0000002422,,
4900008916,0001,2024-11-30,201,FE-002,EC,CS01,3064.3,KG,H,EC-D4,,152,0000002938,,
4900008917,0001,2024-11-30,201,FE-002,EC,CS01,2050.1,KG,H,EC-D7,,333,0000003430,,
4900008918,0001,2024-11-30,201,FE-003,EC,CS01,1507.2,KG,H,EC-D1,,18,0000002399,,
4900008919,0001,2024-11-30,201,FE-003,EC,CS01,2547.5,KG,H,EC-D1,,33,0000002459,,
4900008920,0001,2024-11-30,201,FE-003,EC,CS01,2440.9,KG,H,EC-D1,,35,0000002467,,
4900008921,0001,2024-11-30,201,FE-003,EC,CS01,2157.4,KG,H,EC-D3,,109,0000002759,,
4900008922,0001,2024-11-30,201,FE-003,EC,CS01,2413.8,KG,H,EC-D4,,141,0000002895,,
4900008923,0001,2024-11-30,201,FE-004,EC,CS01,149.8,KG,H,EC-D4,,165,0000002984,,
4900008924,0001,2024-11-30,201,FE-004,EC,CS01,181.1,KG,H,EC-D6,,254,0000003228,,
4900008925,0001,2024-11-30,201,FE-004,EC,CS01,174.6,KG,H,EC-D7,,331,0000003424,,
4900008926,0001,2024-11-30,201,FU-001,EC,CS01,101.8,L,H,EC-D1,,,,,
4900008927,0001,2024-11-30,201,FU-001,EC,CS01,94.5,L,H,EC-D2,,,,,
4900008928,0001,2024-11-30,201,FU-001,EC,CS01,138.3,L,H,EC-D3,,,,,
4900008929,0001,2024-11-30,201,FU-001,EC,CS01,121.0,L,H,EC-D4,,,,,
4900008930,0001,2024-11-30,201,FU-001,EC,CS01,121.8,L,H,EC-D5,,,,,
4900008931,0001,2024-11-30,201,FU-001,EC,CS01,128.0,L,H,EC-D6,,,,,
4900008932,0001,2024-11-30,201,FU-001,EC,CS01,96.2,L,H,EC-D7,,,,,
4900008933,0001,2024-11-30,201,FU-001,EC,CS01,654.0,L,H,EC-GEN,,,,,
4900008934,0001,2024-11-30,101,SP-007,EC,CS01,4,EA,S,,,,,4500000398,00010
4900008935,0001,2024-12-01,201,FE-001,EC,CS01,11365.1,KG,H,EC-D2,,51,0000002525,,
4900008936,0001,2024-12-01,201,FE-001,EC,CS01,12717.7,KG,H,EC-D5,,194,0000003081,,
4900008937,0001,2024-12-01,201,FE-002,EC,CS01,2059.1,KG,H,EC-D1,,16,0000002390,,
4900008938,0001,2024-12-01,201,FE-002,EC,CS01,2714.4,KG,H,EC-D1,,26,0000002430,,
4900008939,0001,2024-12-01,201,FE-002,EC,CS01,3553.8,KG,H,EC-D2,,54,0000002538,,
4900008940,0001,2024-12-01,201,FE-002,EC,CS01,1217.5,KG,H,EC-D3,,117,0000002790,,
4900008941,0001,2024-12-01,201,FE-003,EC,CS01,2449.8,KG,H,EC-D2,,71,0000002603,,
4900008942,0001,2024-12-01,201,FE-003,EC,CS01,1926.3,KG,H,EC-D7,,343,0000003471,,
4900008943,0001,2024-12-01,201,FE-003,EC,CS01,2064.8,KG,H,EC-D7,,347,0000003487,,
4900008944,0001,2024-12-01,201,FE-004,EC,CS01,215.3,KG,H,EC-D1,,10,0000002368,,
4900008945,0001,2024-12-01,201,FE-004,EC,CS01,186.6,KG,H,EC-D2,,40,0000002488,,
4900008946,0001,2024-12-01,201,FE-004,EC,CS01,330.7,KG,H,EC-D2,,45,0000002508,,
4900008947,0001,2024-12-01,201,FE-004,EC,CS01,176.1,KG,H,EC-D4,,139,0000002888,,
4900008948,0001,2024-12-01,201,FU-001,EC,CS01,636.0,L,H,EC-GEN,,,,,
4900008949,0001,2024-12-02,201,FE-001,EC,CS01,5309.9,KG,H,EC-D3,,91,0000002685,,
4900008950,0001,2024-12-02,201,FE-001,EC,CS01,9494.2,KG,H,EC-D4,,150,0000002929,,
4900008951,0001,2024-12-02,201,FE-001,EC,CS01,9897.3,KG,H,EC-D6,,212,0000003157,,
4900008952,0001,2024-12-02,201,FE-001,EC,CS01,9953.5,KG,H,EC-D6,,215,0000003169,,
4900008953,0001,2024-12-02,201,FE-002,EC,CS01,1350.4,KG,H,EC-D5,,174,0000003014,,
4900008954,0001,2024-12-02,201,FE-002,EC,CS01,3251.5,KG,H,EC-D7,,343,0000003470,,
4900008955,0001,2024-12-02,201,FE-003,EC,CS01,1037.3,KG,H,EC-D6,,211,0000003155,,
4900008956,0001,2024-12-02,201,FE-003,EC,CS01,1244.9,KG,H,EC-D6,,265,0000003271,,
4900008957,0001,2024-12-02,201,FE-004,EC,CS01,267.3,KG,H,EC-D4,,133,0000002864,,
4900008958,0001,2024-12-02,201,FU-001,EC,CS01,87.1,L,H,EC-D1,,,,,
4900008959,0001,2024-12-02,201,FU-001,EC,CS01,94.6,L,H,EC-D2,,,,,
4900008960,0001,2024-12-02,201,FU-001,EC,CS01,142.8,L,H,EC-D3,,,,,
4900008961,0001,2024-12-02,201,FU-001,EC,CS01,134.7,L,H,EC-D4,,,,,
4900008962,0001,2024-12-02,201,FU-001,EC,CS01,108.9,L,H,EC-D5,,,,,
4900008963,0001,2024-12-02,201,FU-001,EC,CS01,117.7,L,H,EC-D6,,,,,
4900008964,0001,2024-12-02,201,FU-001,EC,CS01,115.2,L,H,EC-D7,,,,,
4900008965,0001,2024-12-02,201,FU-001,EC,CS01,698.9,L,H,EC-GEN,,,,,
4900008966,0001,2024-12-02,201,SP-001,EC,CS01,1,EA,H,EC-WS,,,,,
4900008967,0001,2024-12-02,201,SP-003,EC,CS01,1,EA,H,EC-WS,,,,,
4900008968,0001,2024-12-02,101,SP-006,EC,CS01,4,EA,S,,,,,4500000394,00010
4900008969,0001,2024-12-03,201,AC-001,EC,CS01,161.2,L,H,EC-D6,,,,,
4900008970,0001,2024-12-03,201,AC-002,EC,CS01,6.51,KG,H,EC-D6,,,,,
4900008971,0001,2024-12-03,201,AC-003,EC,CS01,5.76,L,H,EC-D2,,,,,
4900008972,0001,2024-12-03,201,FE-001,EC,CS01,7229.2,KG,H,EC-D1,,25,0000002425,,
4900008973,0001,2024-12-03,201,FE-001,EC,CS01,13052.6,KG,H,EC-D1,,36,0000002469,,
4900008974,0001,2024-12-03,201,FE-001,EC,CS01,6135.7,KG,H,EC-D4,,164,0000002977,,
4900008975,0001,2024-12-03,201,FE-001,EC,CS01,16175.6,KG,H,EC-D5,,201,0000003109,,
4900008976,0001,2024-12-03,201,FE-001,EC,CS01,12755.7,KG,H,EC-D7,,342,0000003465,,
4900008977,0001,2024-12-03,201,FE-003,EC,CS01,1774.1,KG,H,EC-D6,,246,0000003195,,
4900008978,0001,2024-12-03,201,FU-001,EC,CS01,115.3,L,H,EC-D1,,,,,
4900008979,0001,2024-12-03,201,FU-001,EC,CS01,89.4,L,H,EC-D2,,,,,
4900008980,0001,2024-12-03,201,FU-001,EC,CS01,134.2,L,H,EC-D3,,,,,
4900008981,0001,2024-12-03,201,FU-001,EC,CS01,147.6,L,H,EC-D4,,,,,
4900008982,0001,2024-12-03,201,FU-001,EC,CS01,102.8,L,H,EC-D5,,,,,
4900008983,0001,2024-12-03,201,FU-001,EC,CS01,141.1,L,H,EC-D6,,,,,
4900008984,0001,2024-12-03,201,FU-001,EC,CS01,96.0,L,H,EC-D7,,,,,
4900008985,0001,2024-12-03,201,FU-001,EC,CS01,639.8,L,H,EC-GEN,,,,,
4900008986,0001,2024-12-04,201,AC-001,EC,CS01,187.4,L,H,EC-D4,,,,,
4900008987,0001,2024-12-04,201,AC-003,EC,CS01,5.53,L,H,EC-D2,,,,,
4900008988,0001,2024-12-04,201,FE-001,EC,CS01,13386.6,KG,H,EC-D1,,10,0000002365,,
4900008989,0001,2024-12-04,201,FE-001,EC,CS01,12073.8,KG,H,EC-D3,,90,0000002681,,
4900008990,0001,2024-12-04,201,FE-001,EC,CS01,8596.5,KG,H,EC-D5,,170,0000002997,,
4900008991,0001,2024-12-04,201,FE-002,EC,CS01,1339.7,KG,H,EC-D3,,120,0000002802,,
4900008992,0001,2024-12-04,201,FE-002,EC,CS01,2848.2,KG,H,EC-D4,,141,0000002894,,
4900008993,0001,2024-12-04,201,FE-002,EC,CS01,3072.2,KG,H,EC-D6,,262,0000003258,,
4900008994,0001,2024-12-04,201,FE-002,EC,CS01,1820.8,KG,H,EC-D6,,379,0000003302,,
4900008995,0001,2024-12-04,201,FE-004,EC,CS01,170.5,KG,H,EC-D7,,306,0000003388,,
4900008996,0001,2024-12-04,201,FE-004,EC,CS01,91.4,KG,H,EC-D7,,307,0000003392,,
4900008997,0001,2024-12-04,201,FU-001,EC,CS01,109.8,L,H,EC-D1,,,,,
4900008998,0001,2024-12-04,201,FU-001,EC,CS01,96.8,L,H,EC-D2,,,,,
4900008999,0001,2024-12-04,201,FU-001,EC,CS01,122.4,L,H,EC-D3,,,,,
4900009000,0001,2024-12-04,201,FU-001,EC,CS01,158.2,L,H,EC-D4,,,,,
4900009001,0001,2024-12-04,201,FU-001,EC,CS01,105.7,L,H,EC-D5,,,,,
4900009002,0001,2024-12-04,201,FU-001,EC,CS01,102.5,L,H,EC-D6,,,,,
4900009003,0001,2024-12-04,201,FU-001,EC,CS01,148.0,L,H,EC-D7,,,,,
4900009004,0001,2024-12-04,201,FU-001,EC,CS01,708.4,L,H,EC-GEN,,,,,
4900009005,0001,2024-12-05,201,AC-003,EC,CS01,2.46,L,H,EC-D7,,,,,
4900009006,0001,2024-12-05,201,FE-002,EC,CS01,2366.1,KG,H,EC-D6,,223,0000003182,,
4900009007,0001,2024-12-05,201,FE-003,EC,CS01,2004.5,KG,H,EC-D2,,382,0000002619,,
4900009008,0001,2024-12-05,201,FE-003,EC,CS01,1204.7,KG,H,EC-D3,,91,0000002687,,
4900009009,0001,2024-12-05,201,FE-003,EC,CS01,2106.6,KG,H,EC-D4,,153,0000002943,,
4900009010,0001,2024-12-05,201,FE-004,EC,CS01,287.8,KG,H,EC-D1,,30,0000002448,,
4900009011,0001,2024-12-05,201,FE-004,EC,CS01,234.1,KG,H,EC-D3,,113,0000002776,,
4900009012,0001,2024-12-05,201,FE-004,EC,CS01,331.0,KG,H,EC-D6,,257,0000003240,,
4900009013,0001,2024-12-05,201,FU-001,EC,CS01,112.0,L,H,EC-D1,,,,,
4900009014,0001,2024-12-05,201,FU-001,EC,CS01,90.9,L,H,EC-D2,,,,,
4900009015,0001,2024-12-05,201,FU-001,EC,CS01,129.8,L,H,EC-D3,,,,,
4900009016,0001,2024-12-05,201,FU-001,EC,CS01,137.5,L,H,EC-D4,,,,,
4900009017,0001,2024-12-05,201,FU-001,EC,CS01,106.7,L,H,EC-D5,,,,,
4900009018,0001,2024-12-05,201,FU-001,EC,CS01,130.3,L,H,EC-D6,,,,,
4900009019,0001,2024-12-05,201,FU-001,EC,CS01,106.9,L,H,EC-D7,,,,,
4900009020,0001,2024-12-05,201,FU-001,EC,CS01,616.9,L,H,EC-GEN,,,,,
4900009021,0001,2024-12-05,201,SP-002,EC,CS01,1,EA,H,EC-WS,,,,,
4900009022,0001,2024-12-06,201,AC-001,EC,CS01,99.9,L,H,EC-D3,,,,,
4900009023,0001,2024-12-06,201,AC-003,EC,CS01,5.53,L,H,EC-D5,,,,,
4900009024,0001,2024-12-06,201,FE-001,EC,CS01,12447.6,KG,H,EC-D2,,46,0000002509,,
4900009025,0001,2024-12-06,201,FE-001,EC,CS01,8117.4,KG,H,EC-D7,,296,0000003345,,
4900009026,0001,2024-12-06,201,FE-003,EC,CS01,2377.4,KG,H,EC-D3,,104,0000002739,,
4900009027,0001,2024-12-06,201,FE-004,EC,CS01,345.0,KG,H,EC-D3,,101,0000002728,,
4900009028,0001,2024-12-06,201,FE-004,EC,CS01,197.4,KG,H,EC-D5,,177,0000003024,,
4900009029,0001,2024-12-06,201,FU-001,EC,CS01,97.0,L,H,EC-D1,,,,,
4900009030,0001,2024-12-06,201,FU-001,EC,CS01,90.7,L,H,EC-D2,,,,,
4900009031,0001,2024-12-06,201,FU-001,EC,CS01,135.5,L,H,EC-D3,,,,,
4900009032,0001,2024-12-06,201,FU-001,EC,CS01,148.5,L,H,EC-D4,,,,,
4900009033,0001,2024-12-06,201,FU-001,EC,CS01,107.9,L,H,EC-D5,,,,,
4900009034,0001,2024-12-06,201,FU-001,EC,CS01,139.1,L,H,EC-D6,,,,,
4900009035,0001,2024-12-06,201,FU-001,EC,CS01,98.6,L,H,EC-D7,,,,,
4900009036,0001,2024-12-06,201,FU-001,EC,CS01,676.0,L,H,EC-GEN,,,,,
4900009037,0001,2024-12-06,201,SP-005,EC,CS01,1,EA,H,EC-WS,,,,,
4900009038,0001,2024-12-07,201,FE-002,EC,CS01,1494.3,KG,H,EC-D3,,105,0000002742,,
4900009039,0001,2024-12-07,201,FE-002,EC,CS01,2295.7,KG,H,EC-D6,,246,0000003194,,
4900009040,0001,2024-12-07,201,FE-002,EC,CS01,1130.5,KG,H,EC-D7,,307,0000003390,,
4900009041,0001,2024-12-07,201,FE-003,EC,CS01,1137.5,KG,H,EC-D4,,122,0000002819,,
4900009042,0001,2024-12-07,201,FE-003,EC,CS01,749.3,KG,H,EC-D5,,192,0000003075,,
4900009043,0001,2024-12-07,201,FE-004,EC,CS01,363.7,KG,H,EC-D1,,8,0000002360,,
4900009044,0001,2024-12-07,201,FE-004,EC,CS01,333.7,KG,H,EC-D2,,46,0000002512,,
4900009045,0001,2024-12-07,201,FE-004,EC,CS01,282.8,KG,H,EC-D2,,70,0000002600,,
4900009046,0001,2024-12-07,201,FU-001,EC,CS01,93.6,L,H,EC-D1,,,,,
4900009047,0001,2024-12-07,201,FU-001,EC,CS01,85.3,L,H,EC-D2,,,,,
4900009048,0001,2024-12-07,201,FU-001,EC,CS01,111.7,L,H,EC-D3,,,,,
4900009049,0001,2024-12-07,201,FU-001,EC,CS01,123.8,L,H,EC-D4,,,,,
4900009050,0001,2024-12-07,201,FU-001,EC,CS01,99.2,L,H,EC-D5,,,,,
4900009051,0001,2024-12-07,201,FU-001,EC,CS01,131.5,L,H,EC-D6,,,,,
4900009052,0001,2024-12-07,201,FU-001,EC,CS01,128.3,L,H,EC-D7,,,,,
4900009053,0001,2024-12-07,201,FU-001,EC,CS01,638.9,L,H,EC-GEN,,,,,
4900009054,0001,2024-12-07,201,SP-004,EC,CS01,1,EA,H,EC-WS,,,,,
4900009055,0001,2024-12-07,201,SP-006,EC,CS01,1,EA,H,EC-WS,,,,,
4900009056,0001,2024-12-08,201,FE-001,EC,CS01,5938.4,KG,H,EC-D1,,4,0000002341,,
4900009057,0001,2024-12-08,201,FE-001,EC,CS01,11015.9,KG,H,EC-D1,,30,0000002445,,
4900009058,0001,2024-12-08,201,FE-001,EC,CS01,8564.5,KG,H,EC-D5,,172,0000003005,,
4900009059,0001,2024-12-08,201,FE-002,EC,CS01,2138.1,KG,H,EC-D1,,30,0000002446,,
4900009060,0001,2024-12-08,201,FE-002,EC,CS01,1951.5,KG,H,EC-D1,,32,0000002454,,
4900009061,0001,2024-12-08,201,FE-004,EC,CS01,259.3,KG,H,EC-D6,,380,0000003308,,
4900009062,0001,2024-12-08,101,FU-001,EC,CS01,8000,L,S,,,,,4500000403,00010
4900009063,0001,2024-12-08,201,FU-001,EC,CS01,784.7,L,H,EC-GEN,,,,,
4900009064,0001,2024-12-09,201,AC-001,EC,CS01,159.4,L,H,EC-D6,,,,,
4900009065,0001,2024-12-09,201,AC-002,EC,CS01,6.81,KG,H,EC-D6,,,,,
4900009066,0001,2024-12-09,201,FE-001,EC,CS01,8985.3,KG,H,EC-D4,,156,0000002953,,
4900009067,0001,2024-12-09,201,FE-002,EC,CS01,1526.6,KG,H,EC-D1,,19,0000002402,,
4900009068,0001,2024-12-09,201,FE-002,EC,CS01,3066.8,KG,H,EC-D3,,98,0000002714,,
4900009069,0001,2024-12-09,201,FU-001,EC,CS01,93.1,L,H,EC-D1,,,,,
4900009070,0001,2024-12-09,201,FU-001,EC,CS01,82.2,L,H,EC-D2,,,,,
4900009071,0001,2024-12-09,201,FU-001,EC,CS01,152.7,L,H,EC-D3,,,,,
4900009072,0001,2024-12-09,201,FU-001,EC,CS01,148.1,L,H,EC-D4,,,,,
4900009073,0001,2024-12-09,201,FU-001,EC,CS01,93.2,L,H,EC-D5,,,,,
4900009074,0001,2024-12-09,201,FU-001,EC,CS01,133.1,L,H,EC-D6,,,,,
4900009075,0001,2024-12-09,201,FU-001,EC,CS01,125.8,L,H,EC-D7,,,,,
4900009076,0001,2024-12-09,201,FU-001,EC,CS01,508.0,L,H,EC-GEN,,,,,
4900009077,0001,2024-12-09,201,SP-003,EC,CS01,1,EA,H,EC-WS,,,,,
4900009078,0001,2024-12-09,101,SP-004,EC,CS01,4,EA,S,,,,,4500000390,00010
4900009079,0001,2024-12-09,201,SP-005,EC,CS01,1,EA,H,EC-WS,,,,,
4900009080,0001,2024-12-09,201,SP-008,EC,CS01,1,EA,H,EC-WS,,,,,
4900009081,0001,2024-12-10,201,FE-002,EC,CS01,3300.7,KG,H,EC-D2,,44,0000002502,,
4900009082,0001,2024-12-10,201,FE-003,EC,CS01,2309.5,KG,H,EC-D2,,47,0000002515,,
4900009083,0001,2024-12-10,201,FE-004,EC,CS01,194.3,KG,H,EC-D7,,292,0000003332,,
4900009084,0001,2024-12-10,201,FU-001,EC,CS01,86.0,L,H,EC-D1,,,,,
4900009085,0001,2024-12-10,201,FU-001,EC,CS01,90.1,L,H,EC-D2,,,,,
4900009086,0001,2024-12-10,201,FU-001,EC,CS01,158.6,L,H,EC-D3,,,,,
4900009087,0001,2024-12-10,201,FU-001,EC,CS01,121.1,L,H,EC-D4,,,,,
4900009088,0001,2024-12-10,201,FU-001,EC,CS01,99.0,L,H,EC-D5,,,,,
4900009089,0001,2024-12-10,201,FU-001,EC,CS01,122.9,L,H,EC-D6,,,,,
4900009090,0001,2024-12-10,201,FU-001,EC,CS01,140.6,L,H,EC-D7,,,,,
4900009091,0001,2024-12-10,201,FU-001,EC,CS01,683.1,L,H,EC-GEN,,,,,
4900009092,0001,2024-12-10,201,SP-008,EC,CS01,1,EA,H,EC-WS,,,,,
4900009093,0001,2024-12-11,201,AC-001,EC,CS01,133.8,L,H,EC-D2,,,,,
4900009094,0001,2024-12-11,201,AC-003,EC,CS01,2.21,L,H,EC-D7,,,,,
4900009095,0001,2024-12-11,201,FE-002,EC,CS01,2833.8,KG,H,EC-D1,,18,0000002398,,
4900009096,0001,2024-12-11,201,FE-002,EC,CS01,3429.9,KG,H,EC-D5,,193,0000003078,,
4900009097,0001,2024-12-11,201,FE-004,EC,CS01,288.9,KG,H,EC-D1,,12,0000002376,,
4900009098,0001,2024-12-11,201,FE-004,EC,CS01,223.2,KG,H,EC-D7,,339,0000003456,,
4900009099,0001,2024-12-11,201,FU-001,EC,CS01,92.2,L,H,EC-D1,,,,,
4900009100,0001,2024-12-11,201,FU-001,EC,CS01,110.9,L,H,EC-D2,,,,,
4900009101,0001,2024-12-11,201,FU-001,EC,CS01,142.8,L,H,EC-D3,,,,,
4900009102,0001,2024-12-11,201,FU-001,EC,CS01,130.6,L,H,EC-D4,,,,,
4900009103,0001,2024-12-11,201,FU-001,EC,CS01,115.4,L,H,EC-D5,,,,,
4900009104,0001,2024-12-11,201,FU-001,EC,CS01,128.9,L,H,EC-D6,,,,,
4900009105,0001,2024-12-11,201,FU-001,EC,CS01,112.3,L,H,EC-D7,,,,,
4900009106,0001,2024-12-11,201,FU-001,EC,CS01,643.0,L,H,EC-GEN,,,,,
4900009107,0001,2024-12-11,201,SP-001,EC,CS01,1,EA,H,EC-WS,,,,,
4900009108,0001,2024-12-12,201,FE-001,EC,CS01,12246.8,KG,H,EC-D4,,141,0000002893,,
4900009109,0001,2024-12-12,201,FE-002,EC,CS01,3360.3,KG,H,EC-D1,,14,0000002382,,
4900009110,0001,2024-12-12,201,FE-002,EC,CS01,3319.9,KG,H,EC-D3,,75,0000002622,,
4900009111,0001,2024-12-12,201,FE-002,EC,CS01,1510.6,KG,H,EC-D6,,253,0000003222,,
4900009112,0001,2024-12-12,201,FE-003,EC,CS01,1389.3,KG,H,EC-D3,,94,0000002699,,
4900009113,0001,2024-12-12,101,FU-001,EC,CS01,8000,L,S,,,,,4500000408,00010
4900009114,0001,2024-12-12,201,FU-001,EC,CS01,81.9,L,H,EC-D1,,,,,
4900009115,0001,2024-12-12,201,FU-001,EC,CS01,98.7,L,H,EC-D2,,,,,
4900009116,0001,2024-12-12,201,FU-001,EC,CS01,151.0,L,H,EC-D3,,,,,
4900009117,0001,2024-12-12,201,FU-001,EC,CS01,165.6,L,H,EC-D4,,,,,
4900009118,0001,2024-12-12,201,FU-001,EC,CS01,108.0,L,H,EC-D5,,,,,
4900009119,0001,2024-12-12,201,FU-001,EC,CS01,103.5,L,H,EC-D6,,,,,
4900009120,0001,2024-12-12,201,FU-001,EC,CS01,104.7,L,H,EC-D7,,,,,
4900009121,0001,2024-12-12,201,FU-001,EC,CS01,669.8,L,H,EC-GEN,,,,,
4900009122,0001,2024-12-12,201,SP-003,EC,CS01,1,EA,H,EC-WS,,,,,
4900009123,0001,2024-12-12,201,SP-005,EC,CS01,1,EA,H,EC-WS,,,,,
4900009124,0001,2024-12-13,201,AC-003,EC,CS01,3.2,L,H,EC-D6,,,,,
4900009125,0001,2024-12-13,201,FE-001,EC,CS01,11785.0,KG,H,EC-D2,,71,0000002601,,
4900009126,0001,2024-12-13,201,FE-002,EC,CS01,1043.1,KG,H,EC-D5,,192,0000003074,,
4900009127,0001,2024-12-13,201,FE-003,EC,CS01,1738.0,KG,H,EC-D2,,70,0000002599,,
4900009128,0001,2024-12-13,201,FE-003,EC,CS01,2397.4,KG,H,EC-D4,,134,0000002867,,
4900009129,0001,2024-12-13,201,FU-001,EC,CS01,93.7,L,H,EC-D1,,,,,
4900009130,0001,2024-12-13,201,FU-001,EC,CS01,92.7,L,H,EC-D2,,,,,
4900009131,0001,2024-12-13,201,FU-001,EC,CS01,121.9,L,H,EC-D3,,,,,
4900009132,0001,2024-12-13,201,FU-001,EC,CS01,129.6,L,H,EC-D4,,,,,
4900009133,0001,2024-12-13,201,FU-001,EC,CS01,107.2,L,H,EC-D5,,,,,
4900009134,0001,2024-12-13,201,FU-001,EC,CS01,107.8,L,H,EC-D6,,,,,
4900009135,0001,2024-12-13,201,FU-001,EC,CS01,124.7,L,H,EC-D7,,,,,
4900009136,0001,2024-12-13,201,FU-001,EC,CS01,645.3,L,H,EC-GEN,,,,,
4900009137,0001,2024-12-14,201,AC-003,EC,CS01,3.22,L,H,EC-D4,,,,,
4900009138,0001,2024-12-14,201,FE-003,EC,CS01,923.6,KG,H,EC-D6,,254,0000003227,,
4900009139,0001,2024-12-14,201,FE-004,EC,CS01,185.1,KG,H,EC-D2,,68,0000002592,,
4900009140,0001,2024-12-14,201,FE-004,EC,CS01,316.8,KG,H,EC-D6,,209,0000003148,,
4900009141,0001,2024-12-14,201,FE-004,EC,CS01,227.4,KG,H,EC-D7,,338,0000003452,,
4900009142,0001,2024-12-14,201,FE-004,EC,CS01,245.3,KG,H,EC-D7,,346,0000003484,,
4900009143,0001,2024-12-14,201,FU-001,EC,CS01,96.6,L,H,EC-D1,,,,,
4900009144,0001,2024-12-14,201,FU-001,EC,CS01,95.6,L,H,EC-D2,,,,,
4900009145,0001,2024-12-14,201,FU-001,EC,CS01,124.3,L,H,EC-D3,,,,,
4900009146,0001,2024-12-14,201,FU-001,EC,CS01,141.5,L,H,EC-D4,,,,,
4900009147,0001,2024-12-14,201,FU-001,EC,CS01,81.0,L,H,EC-D5,,,,,
4900009148,0001,2024-12-14,201,FU-001,EC,CS01,111.0,L,H,EC-D6,,,,,
4900009149,0001,2024-12-14,201,FU-001,EC,CS01,103.2,L,H,EC-D7,,,,,
4900009150,0001,2024-12-14,201,FU-001,EC,CS01,780.0,L,H,EC-GEN,,,,,
4900009151,0001,2024-12-14,101,SP-003,EC,CS01,5,EA,S,,,,,4500000405,00010
4900009152,0001,2024-12-15,201,FE-001,EC,CS01,15066.3,KG,H,EC-D3,,84,0000002657,,
4900009153,0001,2024-12-15,201,FE-002,EC,CS01,3562.5,KG,H,EC-D3,,111,0000002766,,
4900009154,0001,2024-12-15,201,FE-002,EC,CS01,1402.8,KG,H,EC-D7,,344,0000003474,,
4900009155,0001,2024-12-15,201,FE-003,EC,CS01,778.0,KG,H,EC-D7,,301,0000003367,,
4900009156,0001,2024-12-15,201,FE-004,EC,CS01,351.4,KG,H,EC-D6,,248,0000003204,,
4900009157,0001,2024-12-15,201,FU-001,EC,CS01,650.1,L,H,EC-GEN,,,,,
4900009158,0001,2024-12-16,201,AC-001,EC,CS01,138.6,L,H,EC-D5,,,,,
4900009159,0001,2024-12-16,201,AC-003,EC,CS01,8.69,L,H,EC-D6,,,,,
4900009160,0001,2024-12-16,201,FE-001,EC,CS01,7225.0,KG,H,EC-D2,,62,0000002565,,
4900009161,0001,2024-12-16,201,FE-002,EC,CS01,2181.6,KG,H,EC-D4,,143,0000002902,,
4900009162,0001,2024-12-16,201,FE-003,EC,CS01,1304.3,KG,H,EC-D1,,20,0000002407,,
4900009163,0001,2024-12-16,201,FE-003,EC,CS01,2564.3,KG,H,EC-D6,,208,0000003143,,
4900009164,0001,2024-12-16,201,FE-003,EC,CS01,2172.5,KG,H,EC-D6,,215,0000003171,,
4900009165,0001,2024-12-16,201,FU-001,EC,CS01,83.8,L,H,EC-D1,,,,,
4900009166,0001,2024-12-16,201,FU-001,EC,CS01,122.5,L,H,EC-D2,,,,,
4900009167,0001,2024-12-16,201,FU-001,EC,CS01,139.6,L,H,EC-D3,,,,,
4900009168,0001,2024-12-16,201,FU-001,EC,CS01,139.8,L,H,EC-D4,,,,,
4900009169,0001,2024-12-16,201,FU-001,EC,CS01,85.8,L,H,EC-D5,,,,,
4900009170,0001,2024-12-16,201,FU-001,EC,CS01,114.7,L,H,EC-D6,,,,,
4900009171,0001,2024-12-16,201,FU-001,EC,CS01,119.0,L,H,EC-D7,,,,,
4900009172,0001,2024-12-16,201,FU-001,EC,CS01,668.3,L,H,EC-GEN,,,,,
4900009173,0001,2024-12-17,201,AC-001,EC,CS01,112.3,L,H,EC-D2,,,,,
4900009174,0001,2024-12-17,201,FE-003,EC,CS01,2276.4,KG,H,EC-D5,,194,0000003083,,
4900009175,0001,2024-12-17,201,FE-004,EC,CS01,319.8,KG,H,EC-D3,,76,0000002628,,
4900009176,0001,2024-12-17,201,FU-001,EC,CS01,92.9,L,H,EC-D1,,,,,
4900009177,0001,2024-12-17,201,FU-001,EC,CS01,125.3,L,H,EC-D2,,,,,
4900009178,0001,2024-12-17,201,FU-001,EC,CS01,119.3,L,H,EC-D3,,,,,
4900009179,0001,2024-12-17,201,FU-001,EC,CS01,145.0,L,H,EC-D4,,,,,
4900009180,0001,2024-12-17,201,FU-001,EC,CS01,113.5,L,H,EC-D5,,,,,
4900009181,0001,2024-12-17,201,FU-001,EC,CS01,120.8,L,H,EC-D6,,,,,
4900009182,0001,2024-12-17,201,FU-001,EC,CS01,104.6,L,H,EC-D7,,,,,
4900009183,0001,2024-12-17,201,FU-001,EC,CS01,632.6,L,H,EC-GEN,,,,,
4900009184,0001,2024-12-17,201,SP-003,EC,CS01,1,EA,H,EC-WS,,,,,
4900009185,0001,2024-12-18,201,AC-001,EC,CS01,102.7,L,H,EC-D5,,,,,
4900009186,0001,2024-12-18,201,AC-002,EC,CS01,4.03,KG,H,EC-D5,,,,,
4900009187,0001,2024-12-18,201,FE-002,EC,CS01,1730.1,KG,H,EC-D2,,74,0000002614,,
4900009188,0001,2024-12-18,201,FE-002,EC,CS01,2814.7,KG,H,EC-D5,,196,0000003090,,
4900009189,0001,2024-12-18,201,FU-001,EC,CS01,82.5,L,H,EC-D1,,,,,
4900009190,0001,2024-12-18,201,FU-001,EC,CS01,105.7,L,H,EC-D2,,,,,
4900009191,0001,2024-12-18,201,FU-001,EC,CS01,125.7,L,H,EC-D3,,,,,
4900009192,0001,2024-12-18,201,FU-001,EC,CS01,151.8,L,H,EC-D4,,,,,
4900009193,0001,2024-12-18,201,FU-001,EC,CS01,94.4,L,H,EC-D5,,,,,
4900009194,0001,2024-12-18,201,FU-001,EC,CS01,108.7,L,H,EC-D6,,,,,
4900009195,0001,2024-12-18,201,FU-001,EC,CS01,109.3,L,H,EC-D7,,,,,
4900009196,0001,2024-12-18,201,FU-001,EC,CS01,555.6,L,H,EC-GEN,,,,,
4900009197,0001,2024-12-18,101,SP-001,EC,CS01,4,EA,S,,,,,4500000406,00010
4900009198,0001,2024-12-18,201,SP-005,EC,CS01,1,EA,H,EC-WS,,,,,
4900009199,0001,2024-12-19,201,AC-001,EC,CS01,158.3,L,H,EC-D2,,,,,
4900009200,0001,2024-12-19,201,AC-003,EC,CS01,9.55,L,H,EC-D4,,,,,
4900009201,0001,2024-12-19,201,FE-001,EC,CS01,9971.2,KG,H,EC-D2,,64,0000002573,,
4900009202,0001,2024-12-19,201,FE-004,EC,CS01,94.4,KG,H,EC-D4,,124,0000002828,,
4900009203,0001,2024-12-19,201,FU-001,EC,CS01,122.6,L,H,EC-D1,,,,,
4900009204,0001,2024-12-19,201,FU-001,EC,CS01,111.6,L,H,EC-D2,,,,,
4900009205,0001,2024-12-19,201,FU-001,EC,CS01,103.7,L,H,EC-D3,,,,,
4900009206,0001,2024-12-19,201,FU-001,EC,CS01,144.0,L,H,EC-D4,,,,,
4900009207,0001,2024-12-19,201,FU-001,EC,CS01,132.1,L,H,EC-D5,,,,,
4900009208,0001,2024-12-19,201,FU-001,EC,CS01,123.4,L,H,EC-D6,,,,,
4900009209,0001,2024-12-19,201,FU-001,EC,CS01,119.3,L,H,EC-D7,,,,,
4900009210,0001,2024-12-19,201,FU-001,EC,CS01,619.8,L,H,EC-GEN,,,,,
4900009211,0001,2024-12-19,101,SP-002,EC,CS01,5,EA,S,,,,,4500000397,00010
4900009212,0001,2024-12-20,201,AC-001,EC,CS01,133.8,L,H,EC-D2,,,,,
4900009213,0001,2024-12-20,201,AC-002,EC,CS01,5.09,KG,H,EC-D2,,,,,
4900009214,0001,2024-12-20,201,AC-003,EC,CS01,1.82,L,H,EC-D3,,,,,
4900009215,0001,2024-12-20,201,FE-002,EC,CS01,1693.9,KG,H,EC-D6,,260,0000003250,,
4900009216,0001,2024-12-20,201,FE-003,EC,CS01,1829.8,KG,H,EC-D6,,262,0000003259,,
4900009217,0001,2024-12-20,201,FU-001,EC,CS01,88.6,L,H,EC-D1,,,,,
4900009218,0001,2024-12-20,201,FU-001,EC,CS01,95.3,L,H,EC-D2,,,,,
4900009219,0001,2024-12-20,201,FU-001,EC,CS01,144.0,L,H,EC-D3,,,,,
4900009220,0001,2024-12-20,201,FU-001,EC,CS01,158.5,L,H,EC-D4,,,,,
4900009221,0001,2024-12-20,201,FU-001,EC,CS01,122.9,L,H,EC-D5,,,,,
4900009222,0001,2024-12-20,201,FU-001,EC,CS01,117.3,L,H,EC-D6,,,,,
4900009223,0001,2024-12-20,201,FU-001,EC,CS01,139.0,L,H,EC-D7,,,,,
4900009224,0001,2024-12-20,201,FU-001,EC,CS01,739.2,L,H,EC-GEN,,,,,
4900009225,0001,2024-12-21,201,AC-001,EC,CS01,64.6,L,H,EC-D2,,,,,
4900009226,0001,2024-12-21,201,AC-002,EC,CS01,2.53,KG,H,EC-D2,,,,,
4900009227,0001,2024-12-21,201,AC-003,EC,CS01,6.97,L,H,EC-D5,,,,,
4900009228,0001,2024-12-21,201,FE-003,EC,CS01,3427.2,KG,H,EC-D5,,168,0000002991,,
4900009229,0001,2024-12-21,201,FU-001,EC,CS01,101.8,L,H,EC-D1,,,,,
4900009230,0001,2024-12-21,201,FU-001,EC,CS01,131.0,L,H,EC-D2,,,,,
4900009231,0001,2024-12-21,201,FU-001,EC,CS01,136.4,L,H,EC-D3,,,,,
4900009232,0001,2024-12-21,201,FU-001,EC,CS01,143.3,L,H,EC-D4,,,,,
4900009233,0001,2024-12-21,201,FU-001,EC,CS01,115.4,L,H,EC-D5,,,,,
4900009234,0001,2024-12-21,201,FU-001,EC,CS01,123.0,L,H,EC-D6,,,,,
4900009235,0001,2024-12-21,201,FU-001,EC,CS01,122.0,L,H,EC-D7,,,,,
4900009236,0001,2024-12-21,201,FU-001,EC,CS01,667.3,L,H,EC-GEN,,,,,
4900009237,0001,2024-12-21,201,SP-001,EC,CS01,1,EA,H,EC-WS,,,,,
4900009238,0001,2024-12-22,201,FE-002,EC,CS01,2714.3,KG,H,EC-D7,,296,0000003346,,
4900009239,0001,2024-12-22,201,FE-004,EC,CS01,114.3,KG,H,EC-D4,,142,0000002900,,
4900009240,0001,2024-12-22,101,FU-001,EC,CS01,8000,L,S,,,,,4500000409,00010
4900009241,0001,2024-12-22,201,FU-001,EC,CS01,774.7,L,H,EC-GEN,,,,,
4900009242,0001,2024-12-23,201,AC-001,EC,CS01,128.0,L,H,EC-D5,,,,,
4900009243,0001,2024-12-23,201,FE-001,EC,CS01,12431.9,KG,H,EC-D2,,49,0000002517,,
4900009244,0001,2024-12-23,201,FE-003,EC,CS01,2762.7,KG,H,EC-D6,,259,0000003247,,
4900009245,0001,2024-12-23,201,FE-004,EC,CS01,323.0,KG,H,EC-D1,,23,0000002420,,
4900009246,0001,2024-12-23,101,FU-001,EC,CS01,8000,L,S,,,,,4500000412,00010
4900009247,0001,2024-12-23,201,FU-001,EC,CS01,96.5,L,H,EC-D1,,,,,
4900009248,0001,2024-12-23,201,FU-001,EC,CS01,98.2,L,H,EC-D2,,,,,
4900009249,0001,2024-12-23,201,FU-001,EC,CS01,141.9,L,H,EC-D3,,,,,
4900009250,0001,2024-12-23,201,FU-001,EC,CS01,162.9,L,H,EC-D4,,,,,
4900009251,0001,2024-12-23,201,FU-001,EC,CS01,108.0,L,H,EC-D5,,,,,
4900009252,0001,2024-12-23,201,FU-001,EC,CS01,127.7,L,H,EC-D6,,,,,
4900009253,0001,2024-12-23,201,FU-001,EC,CS01,104.2,L,H,EC-D7,,,,,
4900009254,0001,2024-12-23,201,FU-001,EC,CS01,758.4,L,H,EC-GEN,,,,,
4900009255,0001,2024-12-23,201,SP-007,EC,CS01,1,EA,H,EC-WS,,,,,
4900009256,0001,2024-12-24,201,AC-001,EC,CS01,94.5,L,H,EC-D4,,,,,
4900009257,0001,2024-12-24,201,AC-003,EC,CS01,6.22,L,H,EC-D1,,,,,
4900009258,0001,2024-12-24,201,FE-003,EC,CS01,850.3,KG,H,EC-D6,,260,0000003251,,
4900009259,0001,2024-12-24,201,FU-001,EC,CS01,97.8,L,H,EC-D1,,,,,
4900009260,0001,2024-12-24,201,FU-001,EC,CS01,102.2,L,H,EC-D2,,,,,
4900009261,0001,2024-12-24,201,FU-001,EC,CS01,150.1,L,H,EC-D3,,,,,
4900009262,0001,2024-12-24,201,FU-001,EC,CS01,122.5,L,H,EC-D4,,,,,
4900009263,0001,2024-12-24,201,FU-001,EC,CS01,102.1,L,H,EC-D5,,,,,
4900009264,0001,2024-12-24,201,FU-001,EC,CS01,104.8,L,H,EC-D6,,,,,
4900009265,0001,2024-12-24,201,FU-001,EC,CS01,111.0,L,H,EC-D7,,,,,
4900009266,0001,2024-12-24,201,FU-001,EC,CS01,642.1,L,H,EC-GEN,,,,,
4900009267,0001,2024-12-24,101,SP-005,EC,CS01,4,EA,S,,,,,4500000410,00010
4900009268,0001,2024-12-24,101,SP-008,EC,CS01,4,EA,S,,,,,4500000402,00010
4900009269,0001,2024-12-25,201,FE-004,EC,CS01,222.5,KG,H,EC-D2,,382,0000002620,,
4900009270,0001,2024-12-25,201,FU-001,EC,CS01,119.4,L,H,EC-D1,,,,,
4900009271,0001,2024-12-25,201,FU-001,EC,CS01,98.5,L,H,EC-D2,,,,,
4900009272,0001,2024-12-25,201,FU-001,EC,CS01,128.6,L,H,EC-D3,,,,,
4900009273,0001,2024-12-25,201,FU-001,EC,CS01,133.6,L,H,EC-D4,,,,,
4900009274,0001,2024-12-25,201,FU-001,EC,CS01,110.9,L,H,EC-D5,,,,,
4900009275,0001,2024-12-25,201,FU-001,EC,CS01,120.8,L,H,EC-D6,,,,,
4900009276,0001,2024-12-25,201,FU-001,EC,CS01,115.1,L,H,EC-D7,,,,,
4900009277,0001,2024-12-25,201,FU-001,EC,CS01,631.5,L,H,EC-GEN,,,,,
4900009278,0001,2024-12-25,201,SP-003,EC,CS01,1,EA,H,EC-WS,,,,,
4900009279,0001,2024-12-26,201,AC-003,EC,CS01,4.57,L,H,EC-D7,,,,,
4900009280,0001,2024-12-26,201,FE-003,EC,CS01,2671.4,KG,H,EC-D3,,83,0000002655,,
4900009281,0001,2024-12-26,201,FU-001,EC,CS01,95.1,L,H,EC-D1,,,,,
4900009282,0001,2024-12-26,201,FU-001,EC,CS01,111.3,L,H,EC-D2,,,,,
4900009283,0001,2024-12-26,201,FU-001,EC,CS01,131.1,L,H,EC-D3,,,,,
4900009284,0001,2024-12-26,201,FU-001,EC,CS01,140.0,L,H,EC-D4,,,,,
4900009285,0001,2024-12-26,201,FU-001,EC,CS01,104.9,L,H,EC-D5,,,,,
4900009286,0001,2024-12-26,201,FU-001,EC,CS01,129.7,L,H,EC-D6,,,,,
4900009287,0001,2024-12-26,201,FU-001,EC,CS01,113.7,L,H,EC-D7,,,,,
4900009288,0001,2024-12-26,201,FU-001,EC,CS01,662.3,L,H,EC-GEN,,,,,
4900009289,0001,2024-12-27,201,AC-003,EC,CS01,5.76,L,H,EC-D4,,,,,
4900009290,0001,2024-12-27,201,FU-001,EC,CS01,103.7,L,H,EC-D1,,,,,
4900009291,0001,2024-12-27,201,FU-001,EC,CS01,128.5,L,H,EC-D2,,,,,
4900009292,0001,2024-12-27,201,FU-001,EC,CS01,116.0,L,H,EC-D3,,,,,
4900009293,0001,2024-12-27,201,FU-001,EC,CS01,147.3,L,H,EC-D4,,,,,
4900009294,0001,2024-12-27,201,FU-001,EC,CS01,91.9,L,H,EC-D5,,,,,
4900009295,0001,2024-12-27,201,FU-001,EC,CS01,138.3,L,H,EC-D6,,,,,
4900009296,0001,2024-12-27,201,FU-001,EC,CS01,114.3,L,H,EC-D7,,,,,
4900009297,0001,2024-12-27,201,FU-001,EC,CS01,622.3,L,H,EC-GEN,,,,,
4900009298,0001,2024-12-27,201,SP-005,EC,CS01,1,EA,H,EC-WS,,,,,
4900009299,0001,2024-12-28,201,AC-001,EC,CS01,126.5,L,H,EC-D7,,,,,
4900009300,0001,2024-12-28,201,AC-002,EC,CS01,4.55,KG,H,EC-D7,,,,,
4900009301,0001,2024-12-28,201,AC-003,EC,CS01,1.47,L,H,EC-D5,,,,,
4900009302,0001,2024-12-28,201,FE-001,EC,CS01,10697.8,KG,H,EC-D4,,144,0000002905,,
4900009303,0001,2024-12-28,201,FE-004,EC,CS01,330.9,KG,H,EC-D3,,92,0000002692,,
4900009304,0001,2024-12-28,201,FU-001,EC,CS01,114.6,L,H,EC-D1,,,,,
4900009305,0001,2024-12-28,201,FU-001,EC,CS01,84.1,L,H,EC-D2,,,,,
4900009306,0001,2024-12-28,201,FU-001,EC,CS01,120.1,L,H,EC-D3,,,,,
4900009307,0001,2024-12-28,201,FU-001,EC,CS01,158.3,L,H,EC-D4,,,,,
4900009308,0001,2024-12-28,201,FU-001,EC,CS01,96.4,L,H,EC-D5,,,,,
4900009309,0001,2024-12-28,201,FU-001,EC,CS01,124.1,L,H,EC-D6,,,,,
4900009310,0001,2024-12-28,201,FU-001,EC,CS01,120.8,L,H,EC-D7,,,,,
4900009311,0001,2024-12-28,201,FU-001,EC,CS01,655.5,L,H,EC-GEN,,,,,
4900009312,0001,2024-12-29,201,FE-001,EC,CS01,18834.6,KG,H,EC-D6,,203,0000003121,,
4900009313,0001,2024-12-29,201,FE-004,EC,CS01,278.4,KG,H,EC-D5,,185,0000003052,,
4900009314,0001,2024-12-29,101,FU-001,EC,CS01,8000,L,S,,,,,4500000413,00010
4900009315,0001,2024-12-29,201,FU-001,EC,CS01,615.3,L,H,EC-GEN,,,,,
4900009316,0001,2024-12-30,101,AC-001,EC,CS01,200,L,S,,,,,4500000416,00010
4900009317,0001,2024-12-30,201,AC-001,EC,CS01,111.0,L,H,EC-D6,,,,,
4900009318,0001,2024-12-30,201,FE-002,EC,CS01,2774.0,KG,H,EC-D1,,39,0000002482,,
4900009319,0001,2024-12-30,201,FE-003,EC,CS01,2234.8,KG,H,EC-D4,,128,0000002843,,
4900009320,0001,2024-12-30,201,FU-001,EC,CS01,126.9,L,H,EC-D1,,,,,
4900009321,0001,2024-12-30,201,FU-001,EC,CS01,108.3,L,H,EC-D2,,,,,
4900009322,0001,2024-12-30,201,FU-001,EC,CS01,163.4,L,H,EC-D3,,,,,
4900009323,0001,2024-12-30,201,FU-001,EC,CS01,147.9,L,H,EC-D4,,,,,
4900009324,0001,2024-12-30,201,FU-001,EC,CS01,139.0,L,H,EC-D5,,,,,
4900009325,0001,2024-12-30,201,FU-001,EC,CS01,134.1,L,H,EC-D6,,,,,
4900009326,0001,2024-12-30,201,FU-001,EC,CS01,130.3,L,H,EC-D7,,,,,
4900009327,0001,2024-12-30,201,FU-001,EC,CS01,600.6,L,H,EC-GEN,,,,,
4900009328,0001,2024-12-30,201,SP-008,EC,CS01,1,EA,H,EC-WS,,,,,
4900009329,0001,2024-12-31,101,AC-001,EC,CS01,2900,L,S,,,,,4500000399,00010
4900009330,0001,2024-12-31,201,AC-001,EC,CS01,190.0,L,H,EC-D4,,,,,
4900009331,0001,2024-12-31,551,FE-002,EC,CS01,4995.55,KG,H,EC-STORE,,,,,
4900009332,0001,2024-12-31,551,FE-003,EC,CS01,1290.75,KG,H,EC-STORE,,,,,
4900009333,0001,2024-12-31,201,FU-001,EC,CS01,111.4,L,H,EC-D1,,,,,
4900009334,0001,2024-12-31,201,FU-001,EC,CS01,83.1,L,H,EC-D2,,,,,
4900009335,0001,2024-12-31,201,FU-001,EC,CS01,145.8,L,H,EC-D3,,,,,
4900009336,0001,2024-12-31,201,FU-001,EC,CS01,127.8,L,H,EC-D4,,,,,
4900009337,0001,2024-12-31,201,FU-001,EC,CS01,114.7,L,H,EC-D5,,,,,
4900009338,0001,2024-12-31,201,FU-001,EC,CS01,133.2,L,H,EC-D6,,,,,
4900009339,0001,2024-12-31,201,FU-001,EC,CS01,122.8,L,H,EC-D7,,,,,
4900009340,0001,2024-12-31,201,FU-001,EC,CS01,688.1,L,H,EC-GEN,,,,,
4900009341,0001,2024-12-31,201,SP-001,EC,CS01,1,EA,H,EC-WS,,,,,
4900009342,0001,2025-01-01,201,AC-001,EC,CS01,30.7,L,H,EC-D1,WO-2025-0101-U-002,25,,,
4900009343,0001,2025-01-01,201,AC-001,EC,CS01,29.3,L,H,EC-D2,WO-2025-0101-U-006,55,,,
4900009344,0001,2025-01-01,201,AC-001,EC,CS01,23.6,L,H,EC-D3,WO-2025-0101-U-009,115,,,
4900009345,0001,2025-01-01,201,AC-001,EC,CS01,27.8,L,H,EC-D4,WO-2025-0101-U-014,135,,,
4900009346,0001,2025-01-01,201,AC-001,EC,CS01,12.7,L,H,EC-D5,WO-2025-0101-U-018,193,,,
4900009347,0001,2025-01-01,201,AC-001,EC,CS01,27.8,L,H,EC-D6,WO-2025-0101-U-022,210,,,
4900009348,0001,2025-01-01,201,AC-001,EC,CS01,27.2,L,H,EC-D7,WO-2025-0101-U-026,305,,,
4900009349,0001,2025-01-01,201,AC-002,EC,CS01,0.98,KG,H,EC-D3,WO-2025-0101-U-009,115,,,
4900009350,0001,2025-01-01,201,AC-002,EC,CS01,0.95,KG,H,EC-D4,WO-2025-0101-U-014,135,,,
4900009351,0001,2025-01-01,201,AC-002,EC,CS01,0.51,KG,H,EC-D5,WO-2025-0101-U-018,193,,,
4900009352,0001,2025-01-01,201,AC-002,EC,CS01,0.94,KG,H,EC-D7,WO-2025-0101-U-026,305,,,
4900009353,0001,2025-01-01,201,FE-003,EC,CS01,1975.5,KG,H,EC-D4,,130,0000002851,,
4900009354,0001,2025-01-01,201,FU-001,EC,CS01,56.2,L,H,EC-D1,,,,,
4900009355,0001,2025-01-01,201,FU-001,EC,CS01,118.8,L,H,EC-D2,,,,,
4900009356,0001,2025-01-01,201,FU-001,EC,CS01,135.2,L,H,EC-D3,,,,,
4900009357,0001,2025-01-01,201,FU-001,EC,CS01,91.4,L,H,EC-D4,,,,,
4900009358,0001,2025-01-01,201,FU-001,EC,CS01,189.0,L,H,EC-D5,,,,,
4900009359,0001,2025-01-01,201,FU-001,EC,CS01,282.2,L,H,EC-D6,,,,,
4900009360,0001,2025-01-01,201,FU-001,EC,CS01,259.6,L,H,EC-D7,,,,,
4900009361,0001,2025-01-01,201,FU-001,EC,CS01,658.0,L,H,EC-GEN,,,,,
4900009362,0001,2025-01-02,201,AC-001,EC,CS01,31.1,L,H,EC-D1,WO-2025-0102-U-003,26,,,
4900009363,0001,2025-01-02,201,AC-001,EC,CS01,4.1,L,H,EC-D2,WO-2025-0102-U-007,55,,,
4900009364,0001,2025-01-02,201,AC-001,EC,CS01,24.5,L,H,EC-D3,WO-2025-0102-U-010,98,,,
4900009365,0001,2025-01-02,201,AC-001,EC,CS01,2.7,L,H,EC-D4,WO-2025-0102-U-015,135,,,
4900009366,0001,2025-01-02,201,AC-001,EC,CS01,13.1,L,H,EC-D5,WO-2025-0102-U-019,193,,,
4900009367,0001,2025-01-02,201,AC-001,EC,CS01,6.1,L,H,EC-D6,WO-2025-0102-U-023,210,,,
4900009368,0001,2025-01-02,201,AC-001,EC,CS01,1.6,L,H,EC-D7,WO-2025-0102-U-027,305,,,
4900009369,0001,2025-01-02,201,FU-001,EC,CS01,64.9,L,H,EC-D1,,,,,
4900009370,0001,2025-01-02,201,FU-001,EC,CS01,98.1,L,H,EC-D2,,,,,
4900009371,0001,2025-01-02,201,FU-001,EC,CS01,142.9,L,H,EC-D3,,,,,
4900009372,0001,2025-01-02,201,FU-001,EC,CS01,187.8,L,H,EC-D4,,,,,
4900009373,0001,2025-01-02,201,FU-001,EC,CS01,130.4,L,H,EC-D5,,,,,
4900009374,0001,2025-01-02,201,FU-001,EC,CS01,187.7,L,H,EC-D6,,,,,
4900009375,0001,2025-01-02,201,FU-001,EC,CS01,243.2,L,H,EC-D7,,,,,
4900009376,0001,2025-01-02,201,FU-001,EC,CS01,736.2,L,H,EC-GEN,,,,,
4900009377,0001,2025-01-02,261,SP-001,EC,CS01,1,EA,H,EC-WS,PM-00027,,,,
4900009378,0001,2025-01-02,261,SP-002,EC,CS01,1,EA,H,EC-WS,PM-00160,,,,
4900009379,0001,2025-01-02,261,SP-007,EC,CS01,1,EA,H,EC-WS,PM-00154,,,,
4900009380,0001,2025-01-03,201,AC-001,EC,CS01,24.7,L,H,EC-D1,WO-2025-0103-U-002,8,,,
4900009381,0001,2025-01-03,201,AC-001,EC,CS01,29.7,L,H,EC-D2,WO-2025-0103-U-006,74,,,
4900009382,0001,2025-01-03,201,AC-001,EC,CS01,8.1,L,H,EC-D3,WO-2025-0103-U-008,98,,,
4900009383,0001,2025-01-03,201,AC-001,EC,CS01,28.7,L,H,EC-D4,WO-2025-0103-U-011,140,,,
4900009384,0001,2025-01-03,201,AC-001,EC,CS01,6.4,L,H,EC-D5,WO-2025-0103-U-015,193,,,
4900009385,0001,2025-01-03,201,AC-001,EC,CS01,22.0,L,H,EC-D6,WO-2025-0103-U-020,253,,,
4900009386,0001,2025-01-03,201,AC-001,EC,CS01,25.8,L,H,EC-D7,WO-2025-0103-U-024,328,,,
4900009387,0001,2025-01-03,201,AC-002,EC,CS01,0.92,KG,H,EC-D7,WO-2025-0103-U-024,328,,,
4900009388,0001,2025-01-03,201,AC-003,EC,CS01,3.53,L,H,EC-D7,WO-2025-0103-P-001,336,,,
4900009389,0001,2025-01-03,201,FE-003,EC,CS01,650.5,KG,H,EC-D3,,106,0000002747,,
4900009390,0001,2025-01-03,201,FE-003,EC,CS01,2056.7,KG,H,EC-D7,,336,0000003443,,
4900009391,0001,2025-01-03,201,FU-001,EC,CS01,107.8,L,H,EC-D1,,,,,
4900009392,0001,2025-01-03,201,FU-001,EC,CS01,71.8,L,H,EC-D2,,,,,
4900009393,0001,2025-01-03,201,FU-001,EC,CS01,178.1,L,H,EC-D3,,,,,
4900009394,0001,2025-01-03,201,FU-001,EC,CS01,133.7,L,H,EC-D4,,,,,
4900009395,0001,2025-01-03,201,FU-001,EC,CS01,116.9,L,H,EC-D5,,,,,
4900009396,0001,2025-01-03,201,FU-001,EC,CS01,239.9,L,H,EC-D6,,,,,
4900009397,0001,2025-01-03,201,FU-001,EC,CS01,126.5,L,H,EC-D7,,,,,
4900009398,0001,2025-01-03,201,FU-001,EC,CS01,613.5,L,H,EC-GEN,,,,,
4900009399,0001,2025-01-04,201,FE-003,EC,CS01,1960.4,KG,H,EC-D2,,55,0000002543,,
4900009400,0001,2025-01-04,201,FE-003,EC,CS01,1706.8,KG,H,EC-D2,,62,0000002567,,
4900009401,0001,2025-01-04,201,FE-003,EC,CS01,1993.8,KG,H,EC-D3,,89,0000002679,,
4900009402,0001,2025-01-04,201,FE-003,EC,CS01,1847.8,KG,H,EC-D7,,332,0000003427,,
4900009403,0001,2025-01-04,201,FU-001,EC,CS01,98.7,L,H,EC-D1,,,,,
4900009404,0001,2025-01-04,201,FU-001,EC,CS01,115.2,L,H,EC-D2,,,,,
4900009405,0001,2025-01-04,201,FU-001,EC,CS01,97.9,L,H,EC-D3,,,,,
4900009406,0001,2025-01-04,201,FU-001,EC,CS01,195.7,L,H,EC-D4,,,,,
4900009407,0001,2025-01-04,201,FU-001,EC,CS01,96.8,L,H,EC-D5,,,,,
4900009408,0001,2025-01-04,201,FU-001,EC,CS01,113.1,L,H,EC-D6,,,,,
4900009409,0001,2025-01-04,201,FU-001,EC,CS01,94.1,L,H,EC-D7,,,,,
4900009410,0001,2025-01-04,201,FU-001,EC,CS01,728.2,L,H,EC-GEN,,,,,
4900009411,0001,2025-01-04,261,SP-005,EC,CS01,1,EA,H,EC-WS,PM-00168,,,,
4900009412,0001,2025-01-04,261,SP-007,EC,CS01,1,EA,H,EC-WS,PM-00010,,,,
4900009413,0001,2025-01-04,261,SP-007,EC,CS01,1,EA,H,EC-WS,PM-00083,,,,
4900009414,0001,2025-01-04,261,SP-008,EC,CS01,1,EA,H,EC-WS,PM-00137,,,,
4900009415,0001,2025-01-05,101,AC-002,EC,CS01,42,KG,S,,,,,4500000407,00010
4900009416,0001,2025-01-05,201,FU-001,EC,CS01,15.5,L,H,EC-D1,,,,,
4900009417,0001,2025-01-05,201,FU-001,EC,CS01,64.0,L,H,EC-D2,,,,,
4900009418,0001,2025-01-05,201,FU-001,EC,CS01,63.8,L,H,EC-D3,,,,,
4900009419,0001,2025-01-05,201,FU-001,EC,CS01,156.7,L,H,EC-D4,,,,,
4900009420,0001,2025-01-05,201,FU-001,EC,CS01,81.7,L,H,EC-D5,,,,,
4900009421,0001,2025-01-05,201,FU-001,EC,CS01,207.0,L,H,EC-D6,,,,,
4900009422,0001,2025-01-05,201,FU-001,EC,CS01,185.3,L,H,EC-D7,,,,,
4900009423,0001,2025-01-05,201,FU-001,EC,CS01,537.1,L,H,EC-GEN,,,,,
4900009424,0001,2025-01-05,261,SP-002,EC,CS01,1,EA,H,EC-WS,PM-00120,,,,
4900009425,0001,2025-01-05,261,SP-005,EC,CS01,1,EA,H,EC-WS,PM-00100,,,,
4900009426,0001,2025-01-06,201,AC-001,EC,CS01,10.0,L,H,EC-D1,WO-2025-0106-U-003,8,,,
4900009427,0001,2025-01-06,201,AC-001,EC,CS01,25.6,L,H,EC-D2,WO-2025-0106-U-007,57,,,
4900009428,0001,2025-01-06,201,AC-001,EC,CS01,28.6,L,H,EC-D3,WO-2025-0106-U-012,103,,,
4900009429,0001,2025-01-06,201,AC-001,EC,CS01,33.6,L,H,EC-D4,WO-2025-0106-U-016,128,,,
4900009430,0001,2025-01-06,201,AC-001,EC,CS01,3.7,L,H,EC-D5,WO-2025-0106-U-019,373,,,
4900009431,0001,2025-01-06,201,AC-001,EC,CS01,28.3,L,H,EC-D6,WO-2025-0106-U-024,230,,,
4900009432,0001,2025-01-06,201,AC-001,EC,CS01,29.5,L,H,EC-D7,WO-2025-0106-U-029,345,,,
4900009433,0001,2025-01-06,201,AC-002,EC,CS01,1.35,KG,H,EC-D4,WO-2025-0106-U-016,128,,,
4900009434,0001,2025-01-06,201,AC-002,EC,CS01,1.09,KG,H,EC-D6,WO-2025-0106-U-024,230,,,
4900009435,0001,2025-01-06,201,AC-003,EC,CS01,6.57,L,H,EC-D5,WO-2025-0106-P-003,188,,,
4900009436,0001,2025-01-06,101,FU-001,EC,CS01,8000,L,S,,,,,4500000415,00010
4900009437,0001,2025-01-06,201,FU-001,EC,CS01,101.7,L,H,EC-D1,,,,,
4900009438,0001,2025-01-06,201,FU-001,EC,CS01,65.8,L,H,EC-D2,,,,,
4900009439,0001,2025-01-06,201,FU-001,EC,CS01,125.9,L,H,EC-D3,,,,,
4900009440,0001,2025-01-06,201,FU-001,EC,CS01,136.2,L,H,EC-D4,,,,,
4900009441,0001,2025-01-06,201,FU-001,EC,CS01,202.9,L,H,EC-D5,,,,,
4900009442,0001,2025-01-06,201,FU-001,EC,CS01,123.0,L,H,EC-D6,,,,,
4900009443,0001,2025-01-06,201,FU-001,EC,CS01,73.4,L,H,EC-D7,,,,,
4900009444,0001,2025-01-06,201,FU-001,EC,CS01,700.5,L,H,EC-GEN,,,,,
4900009445,0001,2025-01-07,201,AC-001,EC,CS01,24.0,L,H,EC-D1,WO-2025-0107-U-003,35,,,
4900009446,0001,2025-01-07,201,AC-001,EC,CS01,7.4,L,H,EC-D2,WO-2025-0107-U-007,57,,,
4900009447,0001,2025-01-07,201,AC-001,EC,CS01,33.6,L,H,EC-D3,WO-2025-0107-U-012,86,,,
4900009448,0001,2025-01-07,201,AC-001,EC,CS01,11.5,L,H,EC-D4,WO-2025-0107-U-017,123,,,
4900009449,0001,2025-01-07,201,AC-001,EC,CS01,11.9,L,H,EC-D5,WO-2025-0107-U-020,174,,,
4900009450,0001,2025-01-07,201,AC-001,EC,CS01,2.8,L,H,EC-D6,WO-2025-0107-U-025,230,,,
4900009451,0001,2025-01-07,201,AC-001,EC,CS01,20.0,L,H,EC-D7,WO-2025-0107-U-030,331,,,
4900009452,0001,2025-01-07,201,AC-002,EC,CS01,0.28,KG,H,EC-D2,WO-2025-0107-U-007,57,,,
4900009453,0001,2025-01-07,201,AC-002,EC,CS01,1.5,KG,H,EC-D3,WO-2025-0107-U-012,86,,,
4900009454,0001,2025-01-07,201,AC-002,EC,CS01,0.11,KG,H,EC-D6,WO-2025-0107-U-025,230,,,
4900009455,0001,2025-01-07,201,AC-002,EC,CS01,0.79,KG,H,EC-D7,WO-2025-0107-U-030,331,,,
4900009456,0001,2025-01-07,101,FU-001,EC,CS01,8000,L,S,,,,,4500000418,00010
4900009457,0001,2025-01-07,201,FU-001,EC,CS01,81.6,L,H,EC-D1,,,,,
4900009458,0001,2025-01-07,201,FU-001,EC,CS01,102.7,L,H,EC-D2,,,,,
4900009459,0001,2025-01-07,201,FU-001,EC,CS01,154.4,L,H,EC-D3,,,,,
4900009460,0001,2025-01-07,201,FU-001,EC,CS01,107.8,L,H,EC-D4,,,,,
4900009461,0001,2025-01-07,201,FU-001,EC,CS01,177.2,L,H,EC-D5,,,,,
4900009462,0001,2025-01-07,201,FU-001,EC,CS01,100.0,L,H,EC-D6,,,,,
4900009463,0001,2025-01-07,201,FU-001,EC,CS01,155.6,L,H,EC-D7,,,,,
4900009464,0001,2025-01-07,201,FU-001,EC,CS01,762.7,L,H,EC-GEN,,,,,
4900009465,0001,2025-01-07,101,SP-003,EC,CS01,5,EA,S,,,,,4500000414,00010
4900009466,0001,2025-01-08,201,FE-003,EC,CS01,1818.3,KG,H,EC-D2,,42,0000002495,,
4900009467,0001,2025-01-08,201,FE-004,EC,CS01,248.5,KG,H,EC-D2,,59,0000002560,,
4900009468,0001,2025-01-08,201,FU-001,EC,CS01,60.6,L,H,EC-D1,,,,,
4900009469,0001,2025-01-08,201,FU-001,EC,CS01,111.1,L,H,EC-D2,,,,,
4900009470,0001,2025-01-08,201,FU-001,EC,CS01,140.3,L,H,EC-D3,,,,,
4900009471,0001,2025-01-08,201,FU-001,EC,CS01,108.2,L,H,EC-D4,,,,,
4900009472,0001,2025-01-08,201,FU-001,EC,CS01,83.0,L,H,EC-D5,,,,,
4900009473,0001,2025-01-08,201,FU-001,EC,CS01,329.5,L,H,EC-D6,,,,,
4900009474,0001,2025-01-08,201,FU-001,EC,CS01,196.7,L,H,EC-D7,,,,,
4900009475,0001,2025-01-08,201,FU-001,EC,CS01,616.4,L,H,EC-GEN,,,,,
4900009476,0001,2025-01-09,201,AC-001,EC,CS01,9.1,L,H,EC-D1,WO-2025-0109-U-003,35,,,
4900009477,0001,2025-01-09,201,AC-001,EC,CS01,27.4,L,H,EC-D2,WO-2025-0109-U-007,70,,,
4900009478,0001,2025-01-09,201,AC-001,EC,CS01,3.3,L,H,EC-D3,WO-2025-0109-U-012,86,,,
4900009479,0001,2025-01-09,201,AC-001,EC,CS01,36.8,L,H,EC-D4,WO-2025-0109-U-016,153,,,
4900009480,0001,2025-01-09,201,AC-001,EC,CS01,25.4,L,H,EC-D5,WO-2025-0109-U-018,182,,,
4900009481,0001,2025-01-09,201,AC-001,EC,CS01,31.5,L,H,EC-D6,WO-2025-0109-U-023,213,,,
4900009482,0001,2025-01-09,201,AC-001,EC,CS01,4.2,L,H,EC-D7,WO-2025-0109-U-028,331,,,
4900009483,0001,2025-01-09,201,AC-002,EC,CS01,0.36,KG,H,EC-D1,WO-2025-0109-U-003,35,,,
4900009484,0001,2025-01-09,201,FE-004,EC,CS01,145.7,KG,H,EC-D3,,91,0000002688,,
4900009485,0001,2025-01-09,201,FU-001,EC,CS01,51.8,L,H,EC-D1,,,,,
4900009486,0001,2025-01-09,201,FU-001,EC,CS01,91.1,L,H,EC-D2,,,,,
4900009487,0001,2025-01-09,201,FU-001,EC,CS01,109.2,L,H,EC-D3,,,,,
4900009488,0001,2025-01-09,201,FU-001,EC,CS01,198.6,L,H,EC-D4,,,,,
4900009489,0001,2025-01-09,201,FU-001,EC,CS01,115.3,L,H,EC-D5,,,,,
4900009490,0001,2025-01-09,201,FU-001,EC,CS01,173.6,L,H,EC-D6,,,,,
4900009491,0001,2025-01-09,201,FU-001,EC,CS01,148.1,L,H,EC-D7,,,,,
4900009492,0001,2025-01-09,201,FU-001,EC,CS01,607.5,L,H,EC-GEN,,,,,
4900009493,0001,2025-01-09,261,SP-004,EC,CS01,1,EA,H,EC-WS,PM-00117,,,,
4900009494,0001,2025-01-10,201,AC-001,EC,CS01,21.0,L,H,EC-D1,WO-2025-0110-U-004,19,,,
4900009495,0001,2025-01-10,201,AC-001,EC,CS01,2.3,L,H,EC-D2,WO-2025-0110-U-008,70,,,
4900009496,0001,2025-01-10,201,AC-001,EC,CS01,23.2,L,H,EC-D3,WO-2025-0110-U-013,112,,,
4900009497,0001,2025-01-10,201,AC-001,EC,CS01,12.8,L,H,EC-D4,WO-2025-0110-U-018,155,,,
4900009498,0001,2025-01-10,201,AC-001,EC,CS01,22.5,L,H,EC-D5,WO-2025-0110-U-020,176,,,
4900009499,0001,2025-01-10,201,AC-001,EC,CS01,30.3,L,H,EC-D6,WO-2025-0110-U-024,259,,,
4900009500,0001,2025-01-10,201,AC-001,EC,CS01,11.4,L,H,EC-D7,WO-2025-0110-U-029,301,,,
4900009501,0001,2025-01-10,201,AC-002,EC,CS01,0.09,KG,H,EC-D2,WO-2025-0110-U-008,70,,,
4900009502,0001,2025-01-10,201,AC-002,EC,CS01,1.28,KG,H,EC-D6,WO-2025-0110-U-024,259,,,
4900009503,0001,2025-01-10,201,AC-004,EC,CS01,1.16,KG,H,EC-D7,WO-2025-0110-P-002,304,,,
4900009504,0001,2025-01-10,201,FE-002,EC,CS01,3563.9,KG,H,EC-D1,,15,0000002386,,
4900009505,0001,2025-01-10,201,FU-001,EC,CS01,78.8,L,H,EC-D1,,,,,
4900009506,0001,2025-01-10,201,FU-001,EC,CS01,87.7,L,H,EC-D2,,,,,
4900009507,0001,2025-01-10,201,FU-001,EC,CS01,168.2,L,H,EC-D3,,,,,
4900009508,0001,2025-01-10,201,FU-001,EC,CS01,62.6,L,H,EC-D4,,,,,
4900009509,0001,2025-01-10,201,FU-001,EC,CS01,119.3,L,H,EC-D5,,,,,
4900009510,0001,2025-01-10,201,FU-001,EC,CS01,152.6,L,H,EC-D6,,,,,
4900009511,0001,2025-01-10,201,FU-001,EC,CS01,70.1,L,H,EC-D7,,,,,
4900009512,0001,2025-01-10,201,FU-001,EC,CS01,626.3,L,H,EC-GEN,,,,,
4900009513,0001,2025-01-10,261,SP-001,EC,CS01,1,EA,H,EC-WS,PM-00151,,,,
4900009514,0001,2025-01-10,261,SP-002,EC,CS01,1,EA,H,EC-WS,PM-00011,,,,
4900009515,0001,2025-01-11,201,FU-001,EC,CS01,61.6,L,H,EC-D1,,,,,
4900009516,0001,2025-01-11,201,FU-001,EC,CS01,30.4,L,H,EC-D2,,,,,
4900009517,0001,2025-01-11,201,FU-001,EC,CS01,82.5,L,H,EC-D3,,,,,
4900009518,0001,2025-01-11,201,FU-001,EC,CS01,128.7,L,H,EC-D4,,,,,
4900009519,0001,2025-01-11,201,FU-001,EC,CS01,57.5,L,H,EC-D5,,,,,
4900009520,0001,2025-01-11,201,FU-001,EC,CS01,130.4,L,H,EC-D6,,,,,
4900009521,0001,2025-01-11,201,FU-001,EC,CS01,192.6,L,H,EC-D7,,,,,
4900009522,0001,2025-01-11,201,FU-001,EC,CS01,578.3,L,H,EC-GEN,,,,,
4900009523,0001,2025-01-12,201,FU-001,EC,CS01,46.1,L,H,EC-D1,,,,,
4900009524,0001,2025-01-12,201,FU-001,EC,CS01,105.6,L,H,EC-D2,,,,,
4900009525,0001,2025-01-12,201,FU-001,EC,CS01,153.6,L,H,EC-D3,,,,,
4900009526,0001,2025-01-12,201,FU-001,EC,CS01,237.2,L,H,EC-D4,,,,,
4900009527,0001,2025-01-12,201,FU-001,EC,CS01,133.8,L,H,EC-D5,,,,,
4900009528,0001,2025-01-12,201,FU-001,EC,CS01,54.2,L,H,EC-D6,,,,,
4900009529,0001,2025-01-12,201,FU-001,EC,CS01,93.0,L,H,EC-D7,,,,,
4900009530,0001,2025-01-12,201,FU-001,EC,CS01,649.9,L,H,EC-GEN,,,,,
4900009531,0001,2025-01-13,201,AC-001,EC,CS01,30.6,L,H,EC-D1,WO-2025-0113-U-003,32,,,
4900009532,0001,2025-01-13,201,AC-001,EC,CS01,31.2,L,H,EC-D2,WO-2025-0113-U-007,72,,,
4900009533,0001,2025-01-13,201,AC-001,EC,CS01,26.0,L,H,EC-D3,WO-2025-0113-U-011,102,,,
4900009534,0001,2025-01-13,201,AC-001,EC,CS01,27.5,L,H,EC-D4,WO-2025-0113-U-015,132,,,
4900009535,0001,2025-01-13,201,AC-001,EC,CS01,6.9,L,H,EC-D5,WO-2025-0113-U-019,176,,,
4900009536,0001,2025-01-13,201,AC-001,EC,CS01,23.1,L,H,EC-D6,WO-2025-0113-U-024,261,,,
4900009537,0001,2025-01-13,201,AC-001,EC,CS01,24.3,L,H,EC-D7,WO-2025-0113-U-029,346,,,
4900009538,0001,2025-01-13,201,AC-002,EC,CS01,1.17,KG,H,EC-D2,WO-2025-0113-U-007,72,,,
4900009539,0001,2025-01-13,201,FU-001,EC,CS01,135.1,L,H,EC-D1,,,,,
4900009540,0001,2025-01-13,201,FU-001,EC,CS01,74.0,L,H,EC-D2,,,,,
4900009541,0001,2025-01-13,201,FU-001,EC,CS01,125.3,L,H,EC-D3,,,,,
4900009542,0001,2025-01-13,201,FU-001,EC,CS01,100.5,L,H,EC-D4,,,,,
4900009543,0001,2025-01-13,201,FU-001,EC,CS01,184.4,L,H,EC-D5,,,,,
4900009544,0001,2025-01-13,201,FU-001,EC,CS01,238.4,L,H,EC-D6,,,,,
4900009545,0001,2025-01-13,201,FU-001,EC,CS01,174.5,L,H,EC-D7,,,,,
4900009546,0001,2025-01-13,201,FU-001,EC,CS01,740.0,L,H,EC-GEN,,,,,
4900009547,0001,2025-01-13,101,SP-006,EC,CS01,4,EA,S,,,,,4500000404,00010
4900009548,0001,2025-01-14,201,FE-002,EC,CS01,1036.8,KG,H,EC-D4,,124,0000002826,,
4900009549,0001,2025-01-14,201,FU-001,EC,CS01,48.7,L,H,EC-D1,,,,,
4900009550,0001,2025-01-14,201,FU-001,EC,CS01,61.3,L,H,EC-D2,,,,,
4900009551,0001,2025-01-14,201,FU-001,EC,CS01,116.7,L,H,EC-D3,,,,,
4900009552,0001,2025-01-14,201,FU-001,EC,CS01,174.4,L,H,EC-D4,,,,,
4900009553,0001,2025-01-14,201,FU-001,EC,CS01,183.7,L,H,EC-D5,,,,,
4900009554,0001,2025-01-14,201,FU-001,EC,CS01,168.5,L,H,EC-D6,,,,,
4900009555,0001,2025-01-14,201,FU-001,EC,CS01,56.6,L,H,EC-D7,,,,,
4900009556,0001,2025-01-14,201,FU-001,EC,CS01,677.9,L,H,EC-GEN,,,,,
4900009557,0001,2025-01-15,201,AC-001,EC,CS01,30.1,L,H,EC-D1,WO-2025-0115-U-003,36,,,
4900009558,0001,2025-01-15,201,AC-001,EC,CS01,19.1,L,H,EC-D2,WO-2025-0115-U-007,45,,,
4900009559,0001,2025-01-15,201,AC-001,EC,CS01,28.4,L,H,EC-D3,WO-2025-0115-U-011,104,,,
4900009560,0001,2025-01-15,201,AC-001,EC,CS01,8.8,L,H,EC-D4,WO-2025-0115-U-015,132,,,
4900009561,0001,2025-01-15,201,AC-001,EC,CS01,27.5,L,H,EC-D5,WO-2025-0115-U-019,185,,,
4900009562,0001,2025-01-15,201,AC-001,EC,CS01,27.0,L,H,EC-D6,WO-2025-0115-U-024,205,,,
4900009563,0001,2025-01-15,201,AC-001,EC,CS01,2.9,L,H,EC-D7,WO-2025-0115-U-028,346,,,
4900009564,0001,2025-01-15,201,AC-002,EC,CS01,0.32,KG,H,EC-D4,WO-2025-0115-U-015,132,,,
4900009565,0001,2025-01-15,201,AC-003,EC,CS01,12.88,L,H,EC-D3,WO-2025-0115-P-001,84,,,
4900009566,0001,2025-01-15,201,FE-004,EC,CS01,107.8,KG,H,EC-D4,,155,0000002952,,
4900009567,0001,2025-01-15,201,FU-001,EC,CS01,72.0,L,H,EC-D1,,,,,
4900009568,0001,2025-01-15,201,FU-001,EC,CS01,104.0,L,H,EC-D2,,,,,
4900009569,0001,2025-01-15,201,FU-001,EC,CS01,126.9,L,H,EC-D3,,,,,
4900009570,0001,2025-01-15,201,FU-001,EC,CS01,179.5,L,H,EC-D4,,,,,
4900009571,0001,2025-01-15,201,FU-001,EC,CS01,144.1,L,H,EC-D5,,,,,
4900009572,0001,2025-01-15,201,FU-001,EC,CS01,223.4,L,H,EC-D6,,,,,
4900009573,0001,2025-01-15,201,FU-001,EC,CS01,184.7,L,H,EC-D7,,,,,
4900009574,0001,2025-01-15,201,FU-001,EC,CS01,719.3,L,H,EC-GEN,,,,,
4900009575,0001,2025-01-16,201,AC-001,EC,CS01,1.3,L,H,EC-D1,WO-2025-0116-U-003,36,,,
4900009576,0001,2025-01-16,201,AC-001,EC,CS01,12.1,L,H,EC-D2,WO-2025-0116-U-007,45,,,
4900009577,0001,2025-01-16,201,AC-001,EC,CS01,7.7,L,H,EC-D3,WO-2025-0116-U-010,104,,,
4900009578,0001,2025-01-16,201,AC-001,EC,CS01,38.9,L,H,EC-D4,WO-2025-0116-U-014,134,,,
4900009579,0001,2025-01-16,201,AC-001,EC,CS01,2.7,L,H,EC-D5,WO-2025-0116-U-016,185,,,
4900009580,0001,2025-01-16,201,AC-001,EC,CS01,30.1,L,H,EC-D6,WO-2025-0116-U-021,211,,,
4900009581,0001,2025-01-16,201,AC-001,EC,CS01,31.8,L,H,EC-D7,WO-2025-0116-U-025,310,,,
4900009582,0001,2025-01-16,201,AC-002,EC,CS01,0.45,KG,H,EC-D2,WO-2025-0116-U-007,45,,,
4900009583,0001,2025-01-16,201,AC-002,EC,CS01,1.28,KG,H,EC-D7,WO-2025-0116-U-025,310,,,
4900009584,0001,2025-01-16,101,FU-001,EC,CS01,8000,L,S,,,,,4500000423,00010
4900009585,0001,2025-01-16,201,FU-001,EC,CS01,63.1,L,H,EC-D1,,,,,
4900009586,0001,2025-01-16,201,FU-001,EC,CS01,129.0,L,H,EC-D2,,,,,
4900009587,0001,2025-01-16,201,FU-001,EC,CS01,116.4,L,H,EC-D3,,,,,
4900009588,0001,2025-01-16,201,FU-001,EC,CS01,188.1,L,H,EC-D4,,,,,
4900009589,0001,2025-01-16,201,FU-001,EC,CS01,42.6,L,H,EC-D5,,,,,
4900009590,0001,2025-01-16,201,FU-001,EC,CS01,84.7,L,H,EC-D6,,,,,
4900009591,0001,2025-01-16,201,FU-001,EC,CS01,122.8,L,H,EC-D7,,,,,
4900009592,0001,2025-01-16,201,FU-001,EC,CS01,698.7,L,H,EC-GEN,,,,,
4900009593,0001,2025-01-16,261,SP-003,EC,CS01,1,EA,H,EC-WS,PM-00029,,,,
4900009594,0001,2025-01-17,201,AC-001,EC,CS01,14.8,L,H,EC-D1,WO-2025-0117-U-003,3,,,
4900009595,0001,2025-01-17,201,AC-001,EC,CS01,28.3,L,H,EC-D2,WO-2025-0117-U-007,44,,,
4900009596,0001,2025-01-17,201,AC-001,EC,CS01,30.9,L,H,EC-D3,WO-2025-0117-U-010,95,,,
4900009597,0001,2025-01-17,201,AC-001,EC,CS01,3.1,L,H,EC-D4,WO-2025-0117-U-014,127,,,
4900009598,0001,2025-01-17,201,AC-001,EC,CS01,28.2,L,H,EC-D5,WO-2025-0117-U-017,196,,,
4900009599,0001,2025-01-17,201,AC-001,EC,CS01,27.7,L,H,EC-D6,WO-2025-0117-U-021,222,,,
4900009600,0001,2025-01-17,201,AC-001,EC,CS01,23.5,L,H,EC-D7,WO-2025-0117-U-025,338,,,
4900009601,0001,2025-01-17,201,AC-002,EC,CS01,1.32,KG,H,EC-D3,WO-2025-0117-U-010,95,,,
4900009602,0001,2025-01-17,201,AC-002,EC,CS01,0.13,KG,H,EC-D4,WO-2025-0117-U-014,127,,,
4900009603,0001,2025-01-17,201,AC-002,EC,CS01,1.13,KG,H,EC-D6,WO-2025-0117-U-021,222,,,
4900009604,0001,2025-01-17,201,AC-002,EC,CS01,1.03,KG,H,EC-D7,WO-2025-0117-U-025,338,,,
4900009605,0001,2025-01-17,201,FE-002,EC,CS01,4419.8,KG,H,EC-D4,,138,0000002882,,
4900009606,0001,2025-01-17,201,FU-001,EC,CS01,68.6,L,H,EC-D1,,,,,
4900009607,0001,2025-01-17,201,FU-001,EC,CS01,71.5,L,H,EC-D2,,,,,
4900009608,0001,2025-01-17,201,FU-001,EC,CS01,92.7,L,H,EC-D3,,,,,
4900009609,0001,2025-01-17,201,FU-001,EC,CS01,78.5,L,H,EC-D4,,,,,
4900009610,0001,2025-01-17,201,FU-001,EC,CS01,99.8,L,H,EC-D5,,,,,
4900009611,0001,2025-01-17,201,FU-001,EC,CS01,208.6,L,H,EC-D6,,,,,
4900009612,0001,2025-01-17,201,FU-001,EC,CS01,274.2,L,H,EC-D7,,,,,
4900009613,0001,2025-01-17,201,FU-001,EC,CS01,670.8,L,H,EC-GEN,,,,,
4900009614,0001,2025-01-17,101,SP-001,EC,CS01,4,EA,S,,,,,4500000419,00010
4900009615,0001,2025-01-17,101,SP-007,EC,CS01,4,EA,S,,,,,4500000422,00010
4900009616,0001,2025-01-18,201,AC-001,EC,CS01,25.8,L,H,EC-D1,WO-2025-0118-U-004,16,,,
4900009617,0001,2025-01-18,201,AC-001,EC,CS01,27.6,L,H,EC-D2,WO-2025-0118-U-008,53,,,
4900009618,0001,2025-01-18,201,AC-001,EC,CS01,35.8,L,H,EC-D3,WO-2025-0118-U-011,96,,,
4900009619,0001,2025-01-18,201,AC-001,EC,CS01,35.5,L,H,EC-D4,WO-2025-0118-U-015,138,,,
4900009620,0001,2025-01-18,201,AC-001,EC,CS01,6.2,L,H,EC-D5,WO-2025-0118-U-019,196,,,
4900009621,0001,2025-01-18,201,AC-001,EC,CS01,2.6,L,H,EC-D6,WO-2025-0118-U-023,222,,,
4900009622,0001,2025-01-18,201,AC-001,EC,CS01,27.5,L,H,EC-D7,WO-2025-0118-U-027,337,,,
4900009623,0001,2025-01-18,201,AC-002,EC,CS01,1.07,KG,H,EC-D2,WO-2025-0118-U-008,53,,,
4900009624,0001,2025-01-18,201,AC-002,EC,CS01,1.45,KG,H,EC-D4,WO-2025-0118-U-015,138,,,
4900009625,0001,2025-01-18,201,AC-002,EC,CS01,1.05,KG,H,EC-D7,WO-2025-0118-U-027,337,,,
4900009626,0001,2025-01-18,201,FU-001,EC,CS01,70.7,L,H,EC-D1,,,,,
4900009627,0001,2025-01-18,201,FU-001,EC,CS01,110.6,L,H,EC-D2,,,,,
4900009628,0001,2025-01-18,201,FU-001,EC,CS01,164.2,L,H,EC-D3,,,,,
4900009629,0001,2025-01-18,201,FU-001,EC,CS01,114.1,L,H,EC-D4,,,,,
4900009630,0001,2025-01-18,201,FU-001,EC,CS01,110.2,L,H,EC-D5,,,,,
4900009631,0001,2025-01-18,201,FU-001,EC,CS01,307.4,L,H,EC-D6,,,,,
4900009632,0001,2025-01-18,201,FU-001,EC,CS01,130.2,L,H,EC-D7,,,,,
4900009633,0001,2025-01-18,201,FU-001,EC,CS01,728.2,L,H,EC-GEN,,,,,
4900009634,0001,2025-01-18,261,SP-004,EC,CS01,1,EA,H,EC-WS,PM-00126,,,,
4900009635,0001,2025-01-18,261,SP-005,EC,CS01,1,EA,H,EC-WS,PM-00161,,,,
4900009636,0001,2025-01-18,261,SP-008,EC,CS01,1,EA,H,EC-WS,PM-00065,,,,
4900009637,0001,2025-01-19,201,FU-001,EC,CS01,99.8,L,H,EC-D1,,,,,
4900009638,0001,2025-01-19,201,FU-001,EC,CS01,61.2,L,H,EC-D2,,,,,
4900009639,0001,2025-01-19,201,FU-001,EC,CS01,146.0,L,H,EC-D3,,,,,
4900009640,0001,2025-01-19,201,FU-001,EC,CS01,118.5,L,H,EC-D4,,,,,
4900009641,0001,2025-01-19,201,FU-001,EC,CS01,122.3,L,H,EC-D5,,,,,
4900009642,0001,2025-01-19,201,FU-001,EC,CS01,126.4,L,H,EC-D6,,,,,
4900009643,0001,2025-01-19,201,FU-001,EC,CS01,98.5,L,H,EC-D7,,,,,
4900009644,0001,2025-01-19,201,FU-001,EC,CS01,618.7,L,H,EC-GEN,,,,,
4900009645,0001,2025-01-20,201,AC-001,EC,CS01,2.6,L,H,EC-D1,WO-2025-0120-U-004,16,,,
4900009646,0001,2025-01-20,201,AC-001,EC,CS01,3.6,L,H,EC-D2,WO-2025-0120-U-008,53,,,
4900009647,0001,2025-01-20,201,AC-001,EC,CS01,22.4,L,H,EC-D3,WO-2025-0120-U-012,110,,,
4900009648,0001,2025-01-20,201,AC-001,EC,CS01,5.6,L,H,EC-D4,WO-2025-0120-U-017,138,,,
4900009649,0001,2025-01-20,201,AC-001,EC,CS01,20.3,L,H,EC-D5,WO-2025-0120-U-021,184,,,
4900009650,0001,2025-01-20,201,AC-001,EC,CS01,32.8,L,H,EC-D6,WO-2025-0120-U-025,204,,,
4900009651,0001,2025-01-20,201,AC-001,EC,CS01,2.6,L,H,EC-D7,WO-2025-0120-U-029,337,,,
4900009652,0001,2025-01-20,201,AC-002,EC,CS01,0.11,KG,H,EC-D1,WO-2025-0120-U-004,16,,,
4900009653,0001,2025-01-20,201,AC-002,EC,CS01,0.89,KG,H,EC-D3,WO-2025-0120-U-012,110,,,
4900009654,0001,2025-01-20,201,AC-002,EC,CS01,0.81,KG,H,EC-D5,WO-2025-0120-U-021,184,,,
4900009655,0001,2025-01-20,201,AC-003,EC,CS01,5.53,L,H,EC-D1,WO-2025-0120-P-001,27,,,
4900009656,0001,2025-01-20,201,AC-003,EC,CS01,2.94,L,H,EC-D1,WO-2025-0120-P-002,29,,,
4900009657,0001,2025-01-20,201,FU-001,EC,CS01,53.8,L,H,EC-D1,,,,,
4900009658,0001,2025-01-20,201,FU-001,EC,CS01,99.6,L,H,EC-D2,,,,,
4900009659,0001,2025-01-20,201,FU-001,EC,CS01,138.9,L,H,EC-D3,,,,,
4900009660,0001,2025-01-20,201,FU-001,EC,CS01,104.3,L,H,EC-D4,,,,,
4900009661,0001,2025-01-20,201,FU-001,EC,CS01,194.2,L,H,EC-D5,,,,,
4900009662,0001,2025-01-20,201,FU-001,EC,CS01,152.5,L,H,EC-D6,,,,,
4900009663,0001,2025-01-20,201,FU-001,EC,CS01,183.2,L,H,EC-D7,,,,,
4900009664,0001,2025-01-20,201,FU-001,EC,CS01,722.5,L,H,EC-GEN,,,,,
4900009665,0001,2025-01-20,101,SP-005,EC,CS01,4,EA,S,,,,,4500000421,00010
4900009666,0001,2025-01-20,261,SP-005,EC,CS01,1,EA,H,EC-WS,PM-00025,,,,
4900009667,0001,2025-01-21,201,AC-001,EC,CS01,25.8,L,H,EC-D1,WO-2025-0121-U-004,9,,,
4900009668,0001,2025-01-21,201,AC-001,EC,CS01,23.2,L,H,EC-D2,WO-2025-0121-U-008,60,,,
4900009669,0001,2025-01-21,201,AC-001,EC,CS01,5.6,L,H,EC-D3,WO-2025-0121-U-013,110,,,
4900009670,0001,2025-01-21,201,AC-001,EC,CS01,24.9,L,H,EC-D4,WO-2025-0121-U-017,143,,,
4900009671,0001,2025-01-21,201,AC-001,EC,CS01,24.9,L,H,EC-D5,WO-2025-0121-U-021,168,,,
4900009672,0001,2025-01-21,201,AC-001,EC,CS01,5.6,L,H,EC-D6,WO-2025-0121-U-025,204,,,
4900009673,0001,2025-01-21,201,AC-001,EC,CS01,14.5,L,H,EC-D7,WO-2025-0121-U-029,348,,,
4900009674,0001,2025-01-21,201,AC-002,EC,CS01,1.06,KG,H,EC-D1,WO-2025-0121-U-004,9,,,
4900009675,0001,2025-01-21,201,AC-002,EC,CS01,0.95,KG,H,EC-D4,WO-2025-0121-U-017,143,,,
4900009676,0001,2025-01-21,201,AC-002,EC,CS01,0.92,KG,H,EC-D5,WO-2025-0121-U-021,168,,,
4900009677,0001,2025-01-21,201,AC-002,EC,CS01,0.22,KG,H,EC-D6,WO-2025-0121-U-025,204,,,
4900009678,0001,2025-01-21,201,AC-002,EC,CS01,0.6,KG,H,EC-D7,WO-2025-0121-U-029,348,,,
4900009679,0001,2025-01-21,201,AC-003,EC,CS01,3.99,L,H,EC-D4,WO-2025-0121-P-001,123,,,
4900009680,0001,2025-01-21,201,FU-001,EC,CS01,67.5,L,H,EC-D1,,,,,
4900009681,0001,2025-01-21,201,FU-001,EC,CS01,82.4,L,H,EC-D2,,,,,
4900009682,0001,2025-01-21,201,FU-001,EC,CS01,118.2,L,H,EC-D3,,,,,
4900009683,0001,2025-01-21,201,FU-001,EC,CS01,194.2,L,H,EC-D4,,,,,
4900009684,0001,2025-01-21,201,FU-001,EC,CS01,98.5,L,H,EC-D5,,,,,
4900009685,0001,2025-01-21,201,FU-001,EC,CS01,116.9,L,H,EC-D6,,,,,
4900009686,0001,2025-01-21,201,FU-001,EC,CS01,112.0,L,H,EC-D7,,,,,
4900009687,0001,2025-01-21,201,FU-001,EC,CS01,655.2,L,H,EC-GEN,,,,,
4900009688,0001,2025-01-21,261,SP-004,EC,CS01,1,EA,H,EC-WS,PM-00156,,,,
4900009689,0001,2025-01-21,261,SP-005,EC,CS01,1,EA,H,EC-WS,PM-00134,,,,
4900009690,0001,2025-01-22,201,AC-001,EC,CS01,14.1,L,H,EC-D1,WO-2025-0122-U-004,4,,,
4900009691,0001,2025-01-22,201,AC-001,EC,CS01,10.4,L,H,EC-D2,WO-2025-0122-U-008,60,,,
4900009692,0001,2025-01-22,201,AC-001,EC,CS01,7.5,L,H,EC-D3,WO-2025-0122-U-013,81,,,
4900009693,0001,2025-01-22,201,AC-001,EC,CS01,5.5,L,H,EC-D4,WO-2025-0122-U-017,143,,,
4900009694,0001,2025-01-22,201,AC-001,EC,CS01,15.6,L,H,EC-D5,WO-2025-0122-U-021,168,,,
4900009695,0001,2025-01-22,201,AC-001,EC,CS01,14.6,L,H,EC-D6,WO-2025-0122-U-025,270,,,
4900009696,0001,2025-01-22,201,AC-001,EC,CS01,18.1,L,H,EC-D7,WO-2025-0122-U-029,348,,,
4900009697,0001,2025-01-22,201,AC-002,EC,CS01,0.32,KG,H,EC-D3,WO-2025-0122-U-013,81,,,
4900009698,0001,2025-01-22,101,AC-003,EC,CS01,100,L,S,,,,,4500000411,00010
4900009699,0001,2025-01-22,201,AC-003,EC,CS01,2.39,L,H,EC-D5,WO-2025-0122-P-001,195,,,
4900009700,0001,2025-01-22,101,FU-001,EC,CS01,8000,L,S,,,,,4500000428,00010
4900009701,0001,2025-01-22,201,FU-001,EC,CS01,107.2,L,H,EC-D1,,,,,
4900009702,0001,2025-01-22,201,FU-001,EC,CS01,129.7,L,H,EC-D2,,,,,
4900009703,0001,2025-01-22,201,FU-001,EC,CS01,46.2,L,H,EC-D3,,,,,
4900009704,0001,2025-01-22,201,FU-001,EC,CS01,189.6,L,H,EC-D4,,,,,
4900009705,0001,2025-01-22,201,FU-001,EC,CS01,116.5,L,H,EC-D5,,,,,
4900009706,0001,2025-01-22,201,FU-001,EC,CS01,38.6,L,H,EC-D6,,,,,
4900009707,0001,2025-01-22,201,FU-001,EC,CS01,132.5,L,H,EC-D7,,,,,
4900009708,0001,2025-01-22,201,FU-001,EC,CS01,578.7,L,H,EC-GEN,,,,,
4900009709,0001,2025-01-22,261,SP-004,EC,CS01,1,EA,H,EC-WS,PM-00057,,,,
4900009710,0001,2025-01-22,261,SP-007,EC,CS01,1,EA,H,EC-WS,PM-00072,,,,
4900009711,0001,2025-01-23,201,AC-001,EC,CS01,31.1,L,H,EC-D1,WO-2025-0123-U-004,33,,,
4900009712,0001,2025-01-23,201,AC-001,EC,CS01,20.8,L,H,EC-D2,WO-2025-0123-U-008,59,,,
4900009713,0001,2025-01-23,201,AC-001,EC,CS01,21.5,L,H,EC-D3,WO-2025-0123-U-012,108,,,
4900009714,0001,2025-01-23,201,AC-001,EC,CS01,24.4,L,H,EC-D4,WO-2025-0123-U-016,157,,,
4900009715,0001,2025-01-23,201,AC-001,EC,CS01,21.1,L,H,EC-D5,WO-2025-0123-U-020,190,,,
4900009716,0001,2025-01-23,201,AC-001,EC,CS01,19.8,L,H,EC-D6,WO-2025-0123-U-025,269,,,
4900009717,0001,2025-01-23,201,AC-001,EC,CS01,24.1,L,H,EC-D7,WO-2025-0123-U-029,304,,,
4900009718,0001,2025-01-23,201,AC-002,EC,CS01,1.25,KG,H,EC-D1,WO-2025-0123-U-004,33,,,
4900009719,0001,2025-01-23,201,AC-002,EC,CS01,0.78,KG,H,EC-D5,WO-2025-0123-U-020,190,,,
4900009720,0001,2025-01-23,201,AC-002,EC,CS01,0.86,KG,H,EC-D6,WO-2025-0123-U-025,269,,,
4900009721,0001,2025-01-23,201,AC-002,EC,CS01,0.96,KG,H,EC-D7,WO-2025-0123-U-029,304,,,
4900009722,0001,2025-01-23,201,AC-003,EC,CS01,3.22,L,H,EC-D3,WO-2025-0123-P-001,100,,,
4900009723,0001,2025-01-23,201,FU-001,EC,CS01,62.3,L,H,EC-D1,,,,,
4900009724,0001,2025-01-23,201,FU-001,EC,CS01,108.3,L,H,EC-D2,,,,,
4900009725,0001,2025-01-23,201,FU-001,EC,CS01,162.2,L,H,EC-D3,,,,,
4900009726,0001,2025-01-23,201,FU-001,EC,CS01,152.9,L,H,EC-D4,,,,,
4900009727,0001,2025-01-23,201,FU-001,EC,CS01,79.4,L,H,EC-D5,,,,,
4900009728,0001,2025-01-23,201,FU-001,EC,CS01,360.1,L,H,EC-D6,,,,,
4900009729,0001,2025-01-23,201,FU-001,EC,CS01,116.6,L,H,EC-D7,,,,,
4900009730,0001,2025-01-23,201,FU-001,EC,CS01,575.2,L,H,EC-GEN,,,,,
4900009731,0001,2025-01-23,261,SP-006,EC,CS01,1,EA,H,EC-WS,PM-00118,,,,
4900009732,0001,2025-01-24,201,FU-001,EC,CS01,56.3,L,H,EC-D1,,,,,
4900009733,0001,2025-01-24,201,FU-001,EC,CS01,43.1,L,H,EC-D2,,,,,
4900009734,0001,2025-01-24,201,FU-001,EC,CS01,119.5,L,H,EC-D3,,,,,
4900009735,0001,2025-01-24,201,FU-001,EC,CS01,156.8,L,H,EC-D4,,,,,
4900009736,0001,2025-01-24,201,FU-001,EC,CS01,225.6,L,H,EC-D5,,,,,
4900009737,0001,2025-01-24,201,FU-001,EC,CS01,178.1,L,H,EC-D6,,,,,
4900009738,0001,2025-01-24,201,FU-001,EC,CS01,142.0,L,H,EC-D7,,,,,
4900009739,0001,2025-01-24,201,FU-001,EC,CS01,549.8,L,H,EC-GEN,,,,,
4900009740,0001,2025-01-24,261,SP-001,EC,CS01,1,EA,H,EC-WS,PM-00111,,,,
4900009741,0001,2025-01-25,201,AC-001,EC,CS01,2.4,L,H,EC-D1,WO-2025-0125-U-004,33,,,
4900009742,0001,2025-01-25,201,AC-001,EC,CS01,14.0,L,H,EC-D2,WO-2025-0125-U-008,59,,,
4900009743,0001,2025-01-25,201,AC-001,EC,CS01,18.6,L,H,EC-D3,WO-2025-0125-U-013,108,,,
4900009744,0001,2025-01-25,201,AC-001,EC,CS01,10.3,L,H,EC-D4,WO-2025-0125-U-018,157,,,
4900009745,0001,2025-01-25,201,AC-001,EC,CS01,10.4,L,H,EC-D5,WO-2025-0125-U-022,190,,,
4900009746,0001,2025-01-25,201,AC-001,EC,CS01,30.9,L,H,EC-D6,WO-2025-0125-U-027,212,,,
4900009747,0001,2025-01-25,201,AC-001,EC,CS01,5.5,L,H,EC-D7,WO-2025-0125-U-032,304,,,
4900009748,0001,2025-01-25,201,AC-002,EC,CS01,0.58,KG,H,EC-D2,WO-2025-0125-U-008,59,,,
4900009749,0001,2025-01-25,201,AC-002,EC,CS01,0.49,KG,H,EC-D4,WO-2025-0125-U-018,157,,,
4900009750,0001,2025-01-25,201,AC-002,EC,CS01,1.17,KG,H,EC-D6,WO-2025-0125-U-027,212,,,
4900009751,0001,2025-01-25,201,AC-003,EC,CS01,1.33,L,H,EC-D2,WO-2025-0125-P-001,71,,,
4900009752,0001,2025-01-25,201,AC-003,EC,CS01,5.76,L,H,EC-D3,WO-2025-0125-P-002,78,,,
4900009753,0001,2025-01-25,201,AC-003,EC,CS01,3.2,L,H,EC-D7,WO-2025-0125-P-004,303,,,
4900009754,0001,2025-01-25,201,FU-001,EC,CS01,51.1,L,H,EC-D1,,,,,
4900009755,0001,2025-01-25,201,FU-001,EC,CS01,67.2,L,H,EC-D2,,,,,
4900009756,0001,2025-01-25,201,FU-001,EC,CS01,85.6,L,H,EC-D3,,,,,
4900009757,0001,2025-01-25,201,FU-001,EC,CS01,82.7,L,H,EC-D4,,,,,
4900009758,0001,2025-01-25,201,FU-001,EC,CS01,73.5,L,H,EC-D5,,,,,
4900009759,0001,2025-01-25,201,FU-001,EC,CS01,109.3,L,H,EC-D6,,,,,
4900009760,0001,2025-01-25,201,FU-001,EC,CS01,119.9,L,H,EC-D7,,,,,
4900009761,0001,2025-01-25,201,FU-001,EC,CS01,738.7,L,H,EC-GEN,,,,,
4900009762,0001,2025-01-26,201,FU-001,EC,CS01,86.2,L,H,EC-D1,,,,,
4900009763,0001,2025-01-26,201,FU-001,EC,CS01,112.6,L,H,EC-D2,,,,,
4900009764,0001,2025-01-26,201,FU-001,EC,CS01,146.9,L,H,EC-D3,,,,,
4900009765,0001,2025-01-26,201,FU-001,EC,CS01,162.7,L,H,EC-D4,,,,,
4900009766,0001,2025-01-26,201,FU-001,EC,CS01,99.8,L,H,EC-D5,,,,,
4900009767,0001,2025-01-26,201,FU-001,EC,CS01,107.3,L,H,EC-D6,,,,,
4900009768,0001,2025-01-26,201,FU-001,EC,CS01,190.0,L,H,EC-D7,,,,,
4900009769,0001,2025-01-26,201,FU-001,EC,CS01,783.1,L,H,EC-GEN,,,,,
4900009770,0001,2025-01-27,201,AC-001,EC,CS01,6.7,L,H,EC-D1,WO-2025-0127-U-004,1,,,
4900009771,0001,2025-01-27,201,AC-001,EC,CS01,30.0,L,H,EC-D2,WO-2025-0127-U-008,46,,,
4900009772,0001,2025-01-27,201,AC-001,EC,CS01,32.2,L,H,EC-D3,WO-2025-0127-U-013,107,,,
4900009773,0001,2025-01-27,201,AC-001,EC,CS01,28.4,L,H,EC-D4,WO-2025-0127-U-018,139,,,
4900009774,0001,2025-01-27,201,AC-001,EC,CS01,20.8,L,H,EC-D5,WO-2025-0127-U-022,173,,,
4900009775,0001,2025-01-27,201,AC-001,EC,CS01,29.7,L,H,EC-D6,WO-2025-0127-U-027,266,,,
4900009776,0001,2025-01-27,201,AC-001,EC,CS01,26.9,L,H,EC-D7,WO-2025-0127-U-032,302,,,
4900009777,0001,2025-01-27,201,AC-002,EC,CS01,1.16,KG,H,EC-D7,WO-2025-0127-U-032,302,,,
4900009778,0001,2025-01-27,201,FE-002,EC,CS01,1751.3,KG,H,EC-D2,,73,0000002610,,
4900009779,0001,2025-01-27,201,FU-001,EC,CS01,89.9,L,H,EC-D1,,,,,
4900009780,0001,2025-01-27,201,FU-001,EC,CS01,64.4,L,H,EC-D2,,,,,
4900009781,0001,2025-01-27,201,FU-001,EC,CS01,103.9,L,H,EC-D3,,,,,
4900009782,0001,2025-01-27,201,FU-001,EC,CS01,142.1,L,H,EC-D4,,,,,
4900009783,0001,2025-01-27,201,FU-001,EC,CS01,116.1,L,H,EC-D5,,,,,
4900009784,0001,2025-01-27,201,FU-001,EC,CS01,152.7,L,H,EC-D6,,,,,
4900009785,0001,2025-01-27,201,FU-001,EC,CS01,161.6,L,H,EC-D7,,,,,
4900009786,0001,2025-01-27,201,FU-001,EC,CS01,768.9,L,H,EC-GEN,,,,,
4900009787,0001,2025-01-27,261,SP-008,EC,CS01,1,EA,H,EC-WS,PM-00088,,,,
4900009788,0001,2025-01-28,201,AC-001,EC,CS01,26.4,L,H,EC-D1,WO-2025-0128-U-004,21,,,
4900009789,0001,2025-01-28,201,AC-001,EC,CS01,2.0,L,H,EC-D3,WO-2025-0128-U-012,107,,,
4900009790,0001,2025-01-28,201,AC-001,EC,CS01,1.3,L,H,EC-D4,WO-2025-0128-U-017,139,,,
4900009791,0001,2025-01-28,201,AC-001,EC,CS01,29.7,L,H,EC-D5,WO-2025-0128-U-021,177,,,
4900009792,0001,2025-01-28,201,AC-001,EC,CS01,25.9,L,H,EC-D6,WO-2025-0128-U-026,249,,,
4900009793,0001,2025-01-28,201,AC-001,EC,CS01,3.0,L,H,EC-D7,WO-2025-0128-U-031,302,,,
4900009794,0001,2025-01-28,201,AC-002,EC,CS01,0.06,KG,H,EC-D4,WO-2025-0128-U-017,139,,,
4900009795,0001,2025-01-28,201,FU-001,EC,CS01,41.1,L,H,EC-D1,,,,,
4900009796,0001,2025-01-28,201,FU-001,EC,CS01,82.3,L,H,EC-D2,,,,,
4900009797,0001,2025-01-28,201,FU-001,EC,CS01,130.6,L,H,EC-D3,,,,,
4900009798,0001,2025-01-28,201,FU-001,EC,CS01,145.7,L,H,EC-D4,,,,,
4900009799,0001,2025-01-28,201,FU-001,EC,CS01,163.1,L,H,EC-D5,,,,,
4900009800,0001,2025-01-28,201,FU-001,EC,CS01,274.2,L,H,EC-D6,,,,,
4900009801,0001,2025-01-28,201,FU-001,EC,CS01,96.8,L,H,EC-D7,,,,,
4900009802,0001,2025-01-28,201,FU-001,EC,CS01,685.9,L,H,EC-GEN,,,,,
4900009803,0001,2025-01-28,261,SP-001,EC,CS01,1,EA,H,EC-WS,PM-00097,,,,
4900009804,0001,2025-01-28,261,SP-002,EC,CS01,1,EA,H,EC-WS,PM-00127,,,,
4900009805,0001,2025-01-28,261,SP-002,EC,CS01,1,EA,H,EC-WS,PM-00169,,,,
4900009806,0001,2025-01-29,201,AC-001,EC,CS01,4.6,L,H,EC-D1,WO-2025-0129-U-004,21,,,
4900009807,0001,2025-01-29,201,AC-001,EC,CS01,19.6,L,H,EC-D2,WO-2025-0129-U-007,43,,,
4900009808,0001,2025-01-29,201,AC-001,EC,CS01,10.7,L,H,EC-D3,WO-2025-0129-U-012,117,,,
4900009809,0001,2025-01-29,201,AC-001,EC,CS01,27.5,L,H,EC-D4,WO-2025-0129-U-016,158,,,
4900009810,0001,2025-01-29,201,AC-001,EC,CS01,4.1,L,H,EC-D5,WO-2025-0129-U-020,177,,,
4900009811,0001,2025-01-29,201,AC-001,EC,CS01,0.9,L,H,EC-D6,WO-2025-0129-U-025,249,,,
4900009812,0001,2025-01-29,201,AC-001,EC,CS01,12.9,L,H,EC-D7,WO-2025-0129-U-030,294,,,
4900009813,0001,2025-01-29,201,AC-002,EC,CS01,0.68,KG,H,EC-D2,WO-2025-0129-U-007,43,,,
4900009814,0001,2025-01-29,201,AC-002,EC,CS01,0.18,KG,H,EC-D5,WO-2025-0129-U-020,177,,,
4900009815,0001,2025-01-29,201,FU-001,EC,CS01,111.4,L,H,EC-D1,,,,,
4900009816,0001,2025-01-29,201,FU-001,EC,CS01,108.2,L,H,EC-D2,,,,,
4900009817,0001,2025-01-29,201,FU-001,EC,CS01,142.7,L,H,EC-D3,,,,,
4900009818,0001,2025-01-29,201,FU-001,EC,CS01,179.0,L,H,EC-D4,,,,,
4900009819,0001,2025-01-29,201,FU-001,EC,CS01,66.2,L,H,EC-D5,,,,,
4900009820,0001,2025-01-29,201,FU-001,EC,CS01,122.2,L,H,EC-D6,,,,,
4900009821,0001,2025-01-29,201,FU-001,EC,CS01,125.9,L,H,EC-D7,,,,,
4900009822,0001,2025-01-29,201,FU-001,EC,CS01,610.5,L,H,EC-GEN,,,,,
4900009823,0001,2025-01-29,261,SP-001,EC,CS01,1,EA,H,EC-WS,PM-00091,,,,
4900009824,0001,2025-01-30,201,AC-001,EC,CS01,18.5,L,H,EC-D1,WO-2025-0130-U-004,15,,,
4900009825,0001,2025-01-30,201,AC-001,EC,CS01,15.1,L,H,EC-D2,WO-2025-0130-U-008,43,,,
4900009826,0001,2025-01-30,201,AC-001,EC,CS01,4.3,L,H,EC-D3,WO-2025-0130-U-013,119,,,
4900009827,0001,2025-01-30,201,AC-001,EC,CS01,7.7,L,H,EC-D4,WO-2025-0130-U-017,158,,,
4900009828,0001,2025-01-30,201,AC-001,EC,CS01,13.8,L,H,EC-D5,WO-2025-0130-U-020,192,,,
4900009829,0001,2025-01-30,201,AC-001,EC,CS01,26.8,L,H,EC-D6,WO-2025-0130-U-025,256,,,
4900009830,0001,2025-01-30,201,AC-001,EC,CS01,19.3,L,H,EC-D7,WO-2025-0130-U-030,330,,,
4900009831,0001,2025-01-30,201,AC-002,EC,CS01,0.83,KG,H,EC-D7,WO-2025-0130-U-030,330,,,
4900009832,0001,2025-01-30,101,FU-001,EC,CS01,8000,L,S,,,,,4500000434,00010
4900009833,0001,2025-01-30,101,FU-001,EC,CS01,8000,L,S,,,,,4500000443,00010
4900009834,0001,2025-01-30,201,FU-001,EC,CS01,80.3,L,H,EC-D1,,,,,
4900009835,0001,2025-01-30,201,FU-001,EC,CS01,55.0,L,H,EC-D2,,,,,
4900009836,0001,2025-01-30,201,FU-001,EC,CS01,127.7,L,H,EC-D3,,,,,
4900009837,0001,2025-01-30,201,FU-001,EC,CS01,167.0,L,H,EC-D4,,,,,
4900009838,0001,2025-01-30,201,FU-001,EC,CS01,179.5,L,H,EC-D5,,,,,
4900009839,0001,2025-01-30,201,FU-001,EC,CS01,102.5,L,H,EC-D6,,,,,
4900009840,0001,2025-01-30,201,FU-001,EC,CS01,112.4,L,H,EC-D7,,,,,
4900009841,0001,2025-01-30,201,FU-001,EC,CS01,647.3,L,H,EC-GEN,,,,,
4900009842,0001,2025-01-30,261,SP-007,EC,CS01,1,EA,H,EC-WS,PM-00145,,,,
4900009843,0001,2025-01-31,201,AC-001,EC,CS01,17.1,L,H,EC-D1,WO-2025-0131-U-004,15,,,
4900009844,0001,2025-01-31,201,AC-001,EC,CS01,16.5,L,H,EC-D2,WO-2025-0131-U-007,58,,,
4900009845,0001,2025-01-31,201,AC-001,EC,CS01,26.8,L,H,EC-D3,WO-2025-0131-U-012,101,,,
4900009846,0001,2025-01-31,201,AC-001,EC,CS01,33.2,L,H,EC-D4,WO-2025-0131-U-016,160,,,
4900009847,0001,2025-01-31,201,AC-001,EC,CS01,20.8,L,H,EC-D5,WO-2025-0131-U-019,202,,,
4900009848,0001,2025-01-31,201,AC-001,EC,CS01,4.2,L,H,EC-D6,WO-2025-0131-U-023,256,,,
4900009849,0001,2025-01-31,201,AC-001,EC,CS01,19.2,L,H,EC-D7,WO-2025-0131-U-028,292,,,
4900009850,0001,2025-01-31,201,AC-002,EC,CS01,1.38,KG,H,EC-D4,WO-2025-0131-U-016,160,,,
4900009851,0001,2025-01-31,201,AC-003,EC,CS01,2.74,L,H,EC-D4,WO-2025-0131-P-002,153,,,
4900009852,0001,2025-01-31,201,FU-001,EC,CS01,53.1,L,H,EC-D1,,,,,
4900009853,0001,2025-01-31,201,FU-001,EC,CS01,65.6,L,H,EC-D2,,,,,
4900009854,0001,2025-01-31,201,FU-001,EC,CS01,79.8,L,H,EC-D3,,,,,
4900009855,0001,2025-01-31,201,FU-001,EC,CS01,43.0,L,H,EC-D4,,,,,
4900009856,0001,2025-01-31,201,FU-001,EC,CS01,32.4,L,H,EC-D5,,,,,
4900009857,0001,2025-01-31,201,FU-001,EC,CS01,85.3,L,H,EC-D6,,,,,
4900009858,0001,2025-01-31,201,FU-001,EC,CS01,91.3,L,H,EC-D7,,,,,
4900009859,0001,2025-01-31,201,FU-001,EC,CS01,631.7,L,H,EC-GEN,,,,,
4900009860,0001,2025-01-31,261,SP-002,EC,CS01,1,EA,H,EC-WS,PM-00170,,,,
4900009861,0001,2025-01-31,261,SP-003,EC,CS01,1,EA,H,EC-WS,PM-00019,,,,
4900009862,0001,2025-01-31,261,SP-003,EC,CS01,1,EA,H,EC-WS,PM-00142,,,,
4900009863,0001,2025-02-01,101,AC-001,EC,CS01,200,L,S,,,,,4500000454,00010
4900009864,0001,2025-02-01,201,AC-001,EC,CS01,23.1,L,H,EC-D1,WO-2025-0201-U-004,10,,,
4900009865,0001,2025-02-01,201,AC-001,EC,CS01,15.0,L,H,EC-D2,WO-2025-0201-U-008,58,,,
4900009866,0001,2025-02-01,201,AC-001,EC,CS01,20.5,L,H,EC-D3,WO-2025-0201-U-013,101,,,
4900009867,0001,2025-02-01,201,AC-001,EC,CS01,2.6,L,H,EC-D4,WO-2025-0201-U-017,160,,,
4900009868,0001,2025-02-01,201,AC-001,EC,CS01,12.2,L,H,EC-D5,WO-2025-0201-U-021,202,,,
4900009869,0001,2025-02-01,201,AC-001,EC,CS01,28.5,L,H,EC-D6,WO-2025-0201-U-026,262,,,
4900009870,0001,2025-02-01,201,AC-001,EC,CS01,27.5,L,H,EC-D7,WO-2025-0201-U-031,293,,,
4900009871,0001,2025-02-01,201,AC-002,EC,CS01,0.5,KG,H,EC-D5,WO-2025-0201-U-021,202,,,
4900009872,0001,2025-02-01,201,AC-003,EC,CS01,1.99,L,H,EC-D1,WO-2025-0201-P-002,17,,,
4900009873,0001,2025-02-01,201,FU-001,EC,CS01,88.2,L,H,EC-D1,,,,,
4900009874,0001,2025-02-01,201,FU-001,EC,CS01,132.6,L,H,EC-D2,,,,,
4900009875,0001,2025-02-01,201,FU-001,EC,CS01,181.4,L,H,EC-D3,,,,,
4900009876,0001,2025-02-01,201,FU-001,EC,CS01,226.7,L,H,EC-D4,,,,,
4900009877,0001,2025-02-01,201,FU-001,EC,CS01,202.8,L,H,EC-D5,,,,,
4900009878,0001,2025-02-01,201,FU-001,EC,CS01,343.8,L,H,EC-D6,,,,,
4900009879,0001,2025-02-01,201,FU-001,EC,CS01,306.2,L,H,EC-D7,,,,,
4900009880,0001,2025-02-01,201,FU-001,EC,CS01,609.6,L,H,EC-GEN,,,,,
4900009881,0001,2025-02-02,201,FU-001,EC,CS01,88.2,L,H,EC-D1,,,,,
4900009882,0001,2025-02-02,201,FU-001,EC,CS01,97.6,L,H,EC-D2,,,,,
4900009883,0001,2025-02-02,201,FU-001,EC,CS01,127.5,L,H,EC-D3,,,,,
4900009884,0001,2025-02-02,201,FU-001,EC,CS01,117.7,L,H,EC-D4,,,,,
4900009885,0001,2025-02-02,201,FU-001,EC,CS01,136.3,L,H,EC-D5,,,,,
4900009886,0001,2025-02-02,201,FU-001,EC,CS01,196.3,L,H,EC-D6,,,,,
4900009887,0001,2025-02-02,201,FU-001,EC,CS01,156.4,L,H,EC-D7,,,,,
4900009888,0001,2025-02-02,201,FU-001,EC,CS01,529.7,L,H,EC-GEN,,,,,
4900009889,0001,2025-02-02,261,SP-002,EC,CS01,1,EA,H,EC-WS,PM-00140,,,,
4900009890,0001,2025-02-02,261,SP-006,EC,CS01,1,EA,H,EC-WS,PM-00040,,,,
4900009891,0001,2025-02-03,201,AC-001,EC,CS01,7.3,L,H,EC-D1,WO-2025-0203-U-004,10,,,
4900009892,0001,2025-02-03,201,AC-001,EC,CS01,31.0,L,H,EC-D2,WO-2025-0203-U-008,63,,,
4900009893,0001,2025-02-03,201,AC-001,EC,CS01,25.8,L,H,EC-D3,WO-2025-0203-U-013,85,,,
4900009894,0001,2025-02-03,201,AC-001,EC,CS01,7.1,L,H,EC-D4,WO-2025-0203-U-017,125,,,
4900009895,0001,2025-02-03,201,AC-001,EC,CS01,23.5,L,H,EC-D5,WO-2025-0203-U-021,197,,,
4900009896,0001,2025-02-03,201,AC-001,EC,CS01,26.0,L,H,EC-D6,WO-2025-0203-U-026,257,,,
4900009897,0001,2025-02-03,201,AC-002,EC,CS01,0.86,KG,H,EC-D5,WO-2025-0203-U-021,197,,,
4900009898,0001,2025-02-03,201,AC-002,EC,CS01,1.15,KG,H,EC-D6,WO-2025-0203-U-026,257,,,
4900009899,0001,2025-02-03,201,AC-003,EC,CS01,7.14,L,H,EC-D7,WO-2025-0203-P-003,348,,,
4900009900,0001,2025-02-03,201,FU-001,EC,CS01,81.9,L,H,EC-D1,,,,,
4900009901,0001,2025-02-03,201,FU-001,EC,CS01,118.5,L,H,EC-D2,,,,,
4900009902,0001,2025-02-03,201,FU-001,EC,CS01,126.3,L,H,EC-D3,,,,,
4900009903,0001,2025-02-03,201,FU-001,EC,CS01,168.9,L,H,EC-D4,,,,,
4900009904,0001,2025-02-03,201,FU-001,EC,CS01,104.1,L,H,EC-D5,,,,,
4900009905,0001,2025-02-03,201,FU-001,EC,CS01,89.2,L,H,EC-D6,,,,,
4900009906,0001,2025-02-03,201,FU-001,EC,CS01,139.4,L,H,EC-D7,,,,,
4900009907,0001,2025-02-03,201,FU-001,EC,CS01,630.0,L,H,EC-GEN,,,,,
4900009908,0001,2025-02-03,261,SP-005,EC,CS01,1,EA,H,EC-WS,PM-00064,,,,
4900009909,0001,2025-02-04,101,AC-001,EC,CS01,200,L,S,,,,,4500000459,00010
4900009910,0001,2025-02-04,201,AC-001,EC,CS01,30.3,L,H,EC-D1,WO-2025-0204-U-004,34,,,
4900009911,0001,2025-02-04,201,AC-001,EC,CS01,3.3,L,H,EC-D2,WO-2025-0204-U-007,63,,,
4900009912,0001,2025-02-04,201,AC-001,EC,CS01,13.6,L,H,EC-D3,WO-2025-0204-U-011,80,,,
4900009913,0001,2025-02-04,201,AC-001,EC,CS01,24.1,L,H,EC-D4,WO-2025-0204-U-015,146,,,
4900009914,0001,2025-02-04,201,AC-001,EC,CS01,11.2,L,H,EC-D5,WO-2025-0204-U-019,197,,,
4900009915,0001,2025-02-04,201,AC-001,EC,CS01,19.7,L,H,EC-D6,WO-2025-0204-U-024,267,,,
4900009916,0001,2025-02-04,201,AC-001,EC,CS01,33.6,L,H,EC-D7,WO-2025-0204-U-028,303,,,
4900009917,0001,2025-02-04,201,AC-002,EC,CS01,0.48,KG,H,EC-D3,WO-2025-0204-U-011,80,,,
4900009918,0001,2025-02-04,201,AC-002,EC,CS01,0.74,KG,H,EC-D6,WO-2025-0204-U-024,267,,,
4900009919,0001,2025-02-04,201,AC-002,EC,CS01,1.41,KG,H,EC-D7,WO-2025-0204-U-028,303,,,
4900009920,0001,2025-02-04,201,AC-003,EC,CS01,6.04,L,H,EC-D7,WO-2025-0204-P-001,341,,,
4900009921,0001,2025-02-04,101,FU-001,EC,CS01,8000,L,S,,,,,4500000449,00010
4900009922,0001,2025-02-04,201,FU-001,EC,CS01,70.8,L,H,EC-D1,,,,,
4900009923,0001,2025-02-04,201,FU-001,EC,CS01,61.6,L,H,EC-D2,,,,,
4900009924,0001,2025-02-04,201,FU-001,EC,CS01,107.9,L,H,EC-D3,,,,,
4900009925,0001,2025-02-04,201,FU-001,EC,CS01,132.1,L,H,EC-D4,,,,,
4900009926,0001,2025-02-04,201,FU-001,EC,CS01,169.3,L,H,EC-D5,,,,,
4900009927,0001,2025-02-04,201,FU-001,EC,CS01,244.2,L,H,EC-D6,,,,,
4900009928,0001,2025-02-04,201,FU-001,EC,CS01,139.6,L,H,EC-D7,,,,,
4900009929,0001,2025-02-04,201,FU-001,EC,CS01,606.0,L,H,EC-GEN,,,,,
4900009930,0001,2025-02-04,101,SP-005,EC,CS01,4,EA,S,,,,,4500000440,00010
4900009931,0001,2025-02-04,261,SP-005,EC,CS01,1,EA,H,EC-WS,PM-00078,,,,
4900009932,0001,2025-02-04,261,SP-007,EC,CS01,1,EA,H,EC-WS,PM-00048,,,,
4900009933,0001,2025-02-05,101,AC-001,EC,CS01,2900,L,S,,,,,4500000420,00010
4900009934,0001,2025-02-05,201,AC-001,EC,CS01,3.5,L,H,EC-D1,WO-2025-0205-U-004,34,,,
4900009935,0001,2025-02-05,201,AC-001,EC,CS01,27.9,L,H,EC-D2,WO-2025-0205-U-007,67,,,
4900009936,0001,2025-02-05,201,AC-001,EC,CS01,27.6,L,H,EC-D3,WO-2025-0205-U-011,88,,,
4900009937,0001,2025-02-05,201,AC-001,EC,CS01,7.2,L,H,EC-D4,WO-2025-0205-U-015,146,,,
4900009938,0001,2025-02-05,201,AC-001,EC,CS01,19.8,L,H,EC-D5,WO-2025-0205-U-019,170,,,
4900009939,0001,2025-02-05,201,AC-001,EC,CS01,22.0,L,H,EC-D6,WO-2025-0205-U-024,246,,,
4900009940,0001,2025-02-05,201,AC-001,EC,CS01,3.4,L,H,EC-D7,WO-2025-0205-U-028,303,,,
4900009941,0001,2025-02-05,201,AC-002,EC,CS01,0.13,KG,H,EC-D1,WO-2025-0205-U-004,34,,,
4900009942,0001,2025-02-05,201,AC-002,EC,CS01,1.11,KG,H,EC-D2,WO-2025-0205-U-007,67,,,
4900009943,0001,2025-02-05,201,AC-002,EC,CS01,0.77,KG,H,EC-D5,WO-2025-0205-U-019,170,,,
4900009944,0001,2025-02-05,201,AC-002,EC,CS01,0.92,KG,H,EC-D6,WO-2025-0205-U-024,246,,,
4900009945,0001,2025-02-05,201,AC-003,EC,CS01,0.37,L,H,EC-D3,WO-2025-0205-P-001,82,,,
4900009946,0001,2025-02-05,201,AC-003,EC,CS01,2.46,L,H,EC-D5,WO-2025-0205-P-002,185,,,
4900009947,0001,2025-02-05,201,FU-001,EC,CS01,85.7,L,H,EC-D1,,,,,
4900009948,0001,2025-02-05,201,FU-001,EC,CS01,111.0,L,H,EC-D2,,,,,
4900009949,0001,2025-02-05,201,FU-001,EC,CS01,145.2,L,H,EC-D3,,,,,
4900009950,0001,2025-02-05,201,FU-001,EC,CS01,116.6,L,H,EC-D4,,,,,
4900009951,0001,2025-02-05,201,FU-001,EC,CS01,162.3,L,H,EC-D5,,,,,
4900009952,0001,2025-02-05,201,FU-001,EC,CS01,294.7,L,H,EC-D6,,,,,
4900009953,0001,2025-02-05,201,FU-001,EC,CS01,151.2,L,H,EC-D7,,,,,
4900009954,0001,2025-02-05,201,FU-001,EC,CS01,695.4,L,H,EC-GEN,,,,,
4900009955,0001,2025-02-06,201,AC-001,EC,CS01,24.6,L,H,EC-D2,WO-2025-0206-U-005,56,,,
4900009956,0001,2025-02-06,201,AC-001,EC,CS01,28.8,L,H,EC-D3,WO-2025-0206-U-009,84,,,
4900009957,0001,2025-02-06,201,AC-001,EC,CS01,23.7,L,H,EC-D4,WO-2025-0206-U-013,129,,,
4900009958,0001,2025-02-06,201,AC-001,EC,CS01,9.7,L,H,EC-D5,WO-2025-0206-U-017,170,,,
4900009959,0001,2025-02-06,201,AC-002,EC,CS01,0.94,KG,H,EC-D4,WO-2025-0206-U-013,129,,,
4900009960,0001,2025-02-06,201,AC-002,EC,CS01,0.38,KG,H,EC-D5,WO-2025-0206-U-017,170,,,
4900009961,0001,2025-02-06,201,FU-001,EC,CS01,71.8,L,H,EC-D1,,,,,
4900009962,0001,2025-02-06,201,FU-001,EC,CS01,149.5,L,H,EC-D2,,,,,
4900009963,0001,2025-02-06,201,FU-001,EC,CS01,137.7,L,H,EC-D3,,,,,
4900009964,0001,2025-02-06,201,FU-001,EC,CS01,180.7,L,H,EC-D4,,,,,
4900009965,0001,2025-02-06,201,FU-001,EC,CS01,155.8,L,H,EC-D5,,,,,
4900009966,0001,2025-02-06,201,FU-001,EC,CS01,149.5,L,H,EC-D6,,,,,
4900009967,0001,2025-02-06,201,FU-001,EC,CS01,84.4,L,H,EC-D7,,,,,
4900009968,0001,2025-02-06,201,FU-001,EC,CS01,688.6,L,H,EC-GEN,,,,,
4900009969,0001,2025-02-06,261,SP-005,EC,CS01,1,EA,H,EC-WS,PM-00090,,,,
4900009970,0001,2025-02-06,261,SP-008,EC,CS01,1,EA,H,EC-WS,PM-00018,,,,
4900009971,0001,2025-02-06,261,SP-008,EC,CS01,1,EA,H,EC-WS,PM-00071,,,,
4900009972,0001,2025-02-07,201,AC-001,EC,CS01,24.7,L,H,EC-D1,WO-2025-0207-U-004,23,,,
4900009973,0001,2025-02-07,201,AC-001,EC,CS01,5.9,L,H,EC-D2,WO-2025-0207-U-007,56,,,
4900009974,0001,2025-02-07,201,AC-001,EC,CS01,3.3,L,H,EC-D3,WO-2025-0207-U-011,84,,,
4900009975,0001,2025-02-07,201,AC-001,EC,CS01,12.3,L,H,EC-D4,WO-2025-0207-U-015,124,,,
4900009976,0001,2025-02-07,201,AC-001,EC,CS01,16.3,L,H,EC-D5,WO-2025-0207-U-019,179,,,
4900009977,0001,2025-02-07,201,AC-001,EC,CS01,17.7,L,H,EC-D6,WO-2025-0207-U-024,247,,,
4900009978,0001,2025-02-07,201,AC-001,EC,CS01,23.8,L,H,EC-D7,WO-2025-0207-U-029,306,,,
4900009979,0001,2025-02-07,101,AC-002,EC,CS01,5,KG,S,,,,,4500000465,00010
4900009980,0001,2025-02-07,201,AC-002,EC,CS01,0.24,KG,H,EC-D2,WO-2025-0207-U-007,56,,,
4900009981,0001,2025-02-07,201,AC-002,EC,CS01,0.45,KG,H,EC-D4,WO-2025-0207-U-015,124,,,
4900009982,0001,2025-02-07,201,AC-002,EC,CS01,0.68,KG,H,EC-D6,WO-2025-0207-U-024,247,,,
4900009983,0001,2025-02-07,201,FU-001,EC,CS01,81.9,L,H,EC-D1,,,,,
4900009984,0001,2025-02-07,201,FU-001,EC,CS01,88.3,L,H,EC-D2,,,,,
4900009985,0001,2025-02-07,201,FU-001,EC,CS01,197.1,L,H,EC-D3,,,,,
4900009986,0001,2025-02-07,201,FU-001,EC,CS01,183.3,L,H,EC-D4,,,,,
4900009987,0001,2025-02-07,201,FU-001,EC,CS01,102.8,L,H,EC-D5,,,,,
4900009988,0001,2025-02-07,201,FU-001,EC,CS01,100.6,L,H,EC-D6,,,,,
4900009989,0001,2025-02-07,201,FU-001,EC,CS01,204.6,L,H,EC-D7,,,,,
4900009990,0001,2025-02-07,201,FU-001,EC,CS01,649.4,L,H,EC-GEN,,,,,
4900009991,0001,2025-02-08,201,AC-001,EC,CS01,6.9,L,H,EC-D1,WO-2025-0208-U-004,23,,,
4900009992,0001,2025-02-08,201,AC-001,EC,CS01,17.6,L,H,EC-D2,WO-2025-0208-U-008,65,,,
4900009993,0001,2025-02-08,201,AC-001,EC,CS01,11.1,L,H,EC-D3,WO-2025-0208-U-012,106,,,
4900009994,0001,2025-02-08,201,AC-001,EC,CS01,26.3,L,H,EC-D4,WO-2025-0208-U-017,142,,,
4900009995,0001,2025-02-08,201,AC-001,EC,CS01,11.2,L,H,EC-D5,WO-2025-0208-U-021,179,,,
4900009996,0001,2025-02-08,201,AC-003,EC,CS01,10.17,L,H,EC-D4,WO-2025-0208-P-009,138,,,
4900009997,0001,2025-02-08,201,FU-001,EC,CS01,95.6,L,H,EC-D1,,,,,
4900009998,0001,2025-02-08,201,FU-001,EC,CS01,110.6,L,H,EC-D2,,,,,
4900009999,0001,2025-02-08,201,FU-001,EC,CS01,154.0,L,H,EC-D3,,,,,
4900010000,0001,2025-02-08,201,FU-001,EC,CS01,111.5,L,H,EC-D4,,,,,
4900010001,0001,2025-02-08,201,FU-001,EC,CS01,129.6,L,H,EC-D5,,,,,
4900010002,0001,2025-02-08,201,FU-001,EC,CS01,228.0,L,H,EC-D6,,,,,
4900010003,0001,2025-02-08,201,FU-001,EC,CS01,171.9,L,H,EC-D7,,,,,
4900010004,0001,2025-02-08,201,FU-001,EC,CS01,562.6,L,H,EC-GEN,,,,,
4900010005,0001,2025-02-08,261,SP-002,EC,CS01,1,EA,H,EC-WS,PM-00038,,,,
4900010006,0001,2025-02-09,201,FU-001,EC,CS01,105.7,L,H,EC-D1,,,,,
4900010007,0001,2025-02-09,201,FU-001,EC,CS01,43.3,L,H,EC-D2,,,,,
4900010008,0001,2025-02-09,201,FU-001,EC,CS01,103.3,L,H,EC-D3,,,,,
4900010009,0001,2025-02-09,201,FU-001,EC,CS01,222.7,L,H,EC-D4,,,,,
4900010010,0001,2025-02-09,201,FU-001,EC,CS01,110.5,L,H,EC-D5,,,,,
4900010011,0001,2025-02-09,201,FU-001,EC,CS01,120.1,L,H,EC-D6,,,,,
4900010012,0001,2025-02-09,201,FU-001,EC,CS01,137.9,L,H,EC-D7,,,,,
4900010013,0001,2025-02-09,201,FU-001,EC,CS01,738.5,L,H,EC-GEN,,,,,
4900010014,0001,2025-02-09,261,SP-001,EC,CS01,1,EA,H,EC-WS,PM-00075,,,,
4900010015,0001,2025-02-10,201,AC-001,EC,CS01,25.1,L,H,EC-D1,WO-2025-0210-U-004,17,,,
4900010016,0001,2025-02-10,201,AC-001,EC,CS01,28.5,L,H,EC-D2,WO-2025-0210-U-008,49,,,
4900010017,0001,2025-02-10,201,AC-001,EC,CS01,30.2,L,H,EC-D3,WO-2025-0210-U-012,90,,,
4900010018,0001,2025-02-10,201,AC-001,EC,CS01,3.4,L,H,EC-D4,WO-2025-0210-U-017,142,,,
4900010019,0001,2025-02-10,201,AC-001,EC,CS01,21.2,L,H,EC-D5,WO-2025-0210-U-021,188,,,
4900010020,0001,2025-02-10,201,AC-001,EC,CS01,28.2,L,H,EC-D6,WO-2025-0210-U-025,250,,,
4900010021,0001,2025-02-10,201,AC-002,EC,CS01,1.03,KG,H,EC-D2,WO-2025-0210-U-008,49,,,
4900010022,0001,2025-02-10,201,AC-002,EC,CS01,0.94,KG,H,EC-D5,WO-2025-0210-U-021,188,,,
4900010023,0001,2025-02-10,201,AC-003,EC,CS01,3.28,L,H,EC-D3,WO-2025-0210-P-009,102,,,
4900010024,0001,2025-02-10,201,AC-003,EC,CS01,2.81,L,H,EC-D7,WO-2025-0210-P-013,345,,,
4900010025,0001,2025-02-10,101,FU-001,EC,CS01,8000,L,S,,,,,4500000458,00010
4900010026,0001,2025-02-10,201,FU-001,EC,CS01,40.8,L,H,EC-D1,,,,,
4900010027,0001,2025-02-10,201,FU-001,EC,CS01,77.4,L,H,EC-D2,,,,,
4900010028,0001,2025-02-10,201,FU-001,EC,CS01,84.5,L,H,EC-D3,,,,,
4900010029,0001,2025-02-10,201,FU-001,EC,CS01,150.9,L,H,EC-D4,,,,,
4900010030,0001,2025-02-10,201,FU-001,EC,CS01,178.7,L,H,EC-D5,,,,,
4900010031,0001,2025-02-10,201,FU-001,EC,CS01,362.2,L,H,EC-D6,,,,,
4900010032,0001,2025-02-10,201,FU-001,EC,CS01,152.7,L,H,EC-D7,,,,,
4900010033,0001,2025-02-10,201,FU-001,EC,CS01,674.0,L,H,EC-GEN,,,,,
4900010034,0001,2025-02-10,261,SP-001,EC,CS01,1,EA,H,EC-WS,PM-00080,,,,
4900010035,0001,2025-02-10,261,SP-003,EC,CS01,1,EA,H,EC-WS,PM-00164,,,,
4900010036,0001,2025-02-10,261,SP-006,EC,CS01,1,EA,H,EC-WS,PM-00037,,,,
4900010037,0001,2025-02-11,201,AC-001,EC,CS01,24.7,L,H,EC-D1,WO-2025-0211-U-004,39,,,
4900010038,0001,2025-02-11,201,AC-001,EC,CS01,38.8,L,H,EC-D3,WO-2025-0211-U-011,83,,,
4900010039,0001,2025-02-11,201,AC-001,EC,CS01,26.3,L,H,EC-D4,WO-2025-0211-U-015,137,,,
4900010040,0001,2025-02-11,201,AC-001,EC,CS01,9.0,L,H,EC-D5,WO-2025-0211-U-018,188,,,
4900010041,0001,2025-02-11,201,AC-002,EC,CS01,1.09,KG,H,EC-D1,WO-2025-0211-U-004,39,,,
4900010042,0001,2025-02-11,201,AC-003,EC,CS01,7.77,L,H,EC-D5,WO-2025-0211-P-010,173,,,
4900010043,0001,2025-02-11,201,FU-001,EC,CS01,86.4,L,H,EC-D1,,,,,
4900010044,0001,2025-02-11,201,FU-001,EC,CS01,133.1,L,H,EC-D2,,,,,
4900010045,0001,2025-02-11,201,FU-001,EC,CS01,128.2,L,H,EC-D3,,,,,
4900010046,0001,2025-02-11,201,FU-001,EC,CS01,118.3,L,H,EC-D4,,,,,
4900010047,0001,2025-02-11,201,FU-001,EC,CS01,94.1,L,H,EC-D5,,,,,
4900010048,0001,2025-02-11,201,FU-001,EC,CS01,90.5,L,H,EC-D6,,,,,
4900010049,0001,2025-02-11,201,FU-001,EC,CS01,90.8,L,H,EC-D7,,,,,
4900010050,0001,2025-02-11,201,FU-001,EC,CS01,643.8,L,H,EC-GEN,,,,,
4900010051,0001,2025-02-12,201,AC-003,EC,CS01,2.66,L,H,EC-D1,WO-2025-0212-P-010,7,,,
4900010052,0001,2025-02-12,201,AC-003,EC,CS01,8.69,L,H,EC-D5,WO-2025-0212-P-012,182,,,
4900010053,0001,2025-02-12,201,FU-001,EC,CS01,60.4,L,H,EC-D1,,,,,
4900010054,0001,2025-02-12,201,FU-001,EC,CS01,104.9,L,H,EC-D2,,,,,
4900010055,0001,2025-02-12,201,FU-001,EC,CS01,141.9,L,H,EC-D3,,,,,
4900010056,0001,2025-02-12,201,FU-001,EC,CS01,91.8,L,H,EC-D4,,,,,
4900010057,0001,2025-02-12,201,FU-001,EC,CS01,188.8,L,H,EC-D5,,,,,
4900010058,0001,2025-02-12,201,FU-001,EC,CS01,180.6,L,H,EC-D6,,,,,
4900010059,0001,2025-02-12,201,FU-001,EC,CS01,196.1,L,H,EC-D7,,,,,
4900010060,0001,2025-02-12,201,FU-001,EC,CS01,547.0,L,H,EC-GEN,,,,,
4900010061,0001,2025-02-12,261,SP-003,EC,CS01,1,EA,H,EC-WS,PM-00123,,,,
4900010062,0001,2025-02-12,261,SP-004,EC,CS01,1,EA,H,EC-WS,PM-00033,,,,
4900010063,0001,2025-02-12,261,SP-006,EC,CS01,1,EA,H,EC-WS,PM-00135,,,,
4900010064,0001,2025-02-13,201,AC-001,EC,CS01,5.3,L,H,EC-D1,WO-2025-0213-U-004,39,,,
4900010065,0001,2025-02-13,201,AC-001,EC,CS01,19.6,L,H,EC-D2,WO-2025-0213-U-008,382,,,
4900010066,0001,2025-02-13,201,AC-001,EC,CS01,4.1,L,H,EC-D4,WO-2025-0213-U-016,137,,,
4900010067,0001,2025-02-13,201,AC-001,EC,CS01,14.9,L,H,EC-D5,WO-2025-0213-U-019,169,,,
4900010068,0001,2025-02-13,201,AC-001,EC,CS01,22.8,L,H,EC-D7,WO-2025-0213-U-027,290,,,
4900010069,0001,2025-02-13,201,AC-002,EC,CS01,0.57,KG,H,EC-D5,WO-2025-0213-U-019,169,,,
4900010070,0001,2025-02-13,201,AC-002,EC,CS01,0.93,KG,H,EC-D7,WO-2025-0213-U-027,290,,,
4900010071,0001,2025-02-13,201,FU-001,EC,CS01,58.4,L,H,EC-D1,,,,,
4900010072,0001,2025-02-13,201,FU-001,EC,CS01,115.2,L,H,EC-D2,,,,,
4900010073,0001,2025-02-13,201,FU-001,EC,CS01,155.7,L,H,EC-D3,,,,,
4900010074,0001,2025-02-13,201,FU-001,EC,CS01,197.3,L,H,EC-D4,,,,,
4900010075,0001,2025-02-13,201,FU-001,EC,CS01,97.3,L,H,EC-D5,,,,,
4900010076,0001,2025-02-13,201,FU-001,EC,CS01,247.8,L,H,EC-D6,,,,,
4900010077,0001,2025-02-13,201,FU-001,EC,CS01,184.1,L,H,EC-D7,,,,,
4900010078,0001,2025-02-13,201,FU-001,EC,CS01,703.4,L,H,EC-GEN,,,,,
4900010079,0001,2025-02-13,101,SP-002,EC,CS01,1,EA,S,,,,,4500000472,00010
4900010080,0001,2025-02-13,261,SP-002,EC,CS01,1,EA,H,EC-WS,PM-00060,,,,
4900010081,0001,2025-02-13,261,SP-005,EC,CS01,1,EA,H,EC-WS,PM-00061,,,,
4900010082,0001,2025-02-14,201,AC-001,EC,CS01,24.0,L,H,EC-D1,WO-2025-0214-U-004,18,,,
4900010083,0001,2025-02-14,201,AC-001,EC,CS01,10.6,L,H,EC-D2,WO-2025-0214-U-007,382,,,
4900010084,0001,2025-02-14,201,AC-001,EC,CS01,18.3,L,H,EC-D3,WO-2025-0214-U-011,100,,,
4900010085,0001,2025-02-14,201,AC-001,EC,CS01,18.7,L,H,EC-D4,WO-2025-0214-U-015,165,,,
4900010086,0001,2025-02-14,201,AC-001,EC,CS01,20.2,L,H,EC-D5,WO-2025-0214-U-019,169,,,
4900010087,0001,2025-02-14,201,AC-001,EC,CS01,1.2,L,H,EC-D7,WO-2025-0214-U-027,290,,,
4900010088,0001,2025-02-14,101,AC-002,EC,CS01,5,KG,S,,,,,4500000478,00010
4900010089,0001,2025-02-14,201,AC-002,EC,CS01,0.83,KG,H,EC-D5,WO-2025-0214-U-019,169,,,
4900010090,0001,2025-02-14,201,FU-001,EC,CS01,76.4,L,H,EC-D1,,,,,
4900010091,0001,2025-02-14,201,FU-001,EC,CS01,62.4,L,H,EC-D2,,,,,
4900010092,0001,2025-02-14,201,FU-001,EC,CS01,137.0,L,H,EC-D3,,,,,
4900010093,0001,2025-02-14,201,FU-001,EC,CS01,107.4,L,H,EC-D4,,,,,
4900010094,0001,2025-02-14,201,FU-001,EC,CS01,182.2,L,H,EC-D5,,,,,
4900010095,0001,2025-02-14,201,FU-001,EC,CS01,201.8,L,H,EC-D6,,,,,
4900010096,0001,2025-02-14,201,FU-001,EC,CS01,172.0,L,H,EC-D7,,,,,
4900010097,0001,2025-02-14,201,FU-001,EC,CS01,662.8,L,H,EC-GEN,,,,,
4900010098,0001,2025-02-14,101,SP-001,EC,CS01,4,EA,S,,,,,4500000452,00010
4900010099,0001,2025-02-14,101,SP-004,EC,CS01,1,EA,S,,,,,4500000477,00010
4900010100,0001,2025-02-14,261,SP-004,EC,CS01,1,EA,H,EC-WS,PM-00042,,,,
4900010101,0001,2025-02-14,261,SP-004,EC,CS01,1,EA,H,EC-WS,PM-00070,,,,
4900010102,0001,2025-02-14,101,SP-008,EC,CS01,4,EA,S,,,,,4500000417,00010
4900010103,0001,2025-02-15,201,AC-001,EC,CS01,8.6,L,H,EC-D3,WO-2025-0215-U-009,100,,,
4900010104,0001,2025-02-15,201,AC-001,EC,CS01,14.0,L,H,EC-D4,WO-2025-0215-U-014,122,,,
4900010105,0001,2025-02-15,201,AC-001,EC,CS01,1.2,L,H,EC-D5,WO-2025-0215-U-018,169,,,
4900010106,0001,2025-02-15,201,FU-001,EC,CS01,78.4,L,H,EC-D1,,,,,
4900010107,0001,2025-02-15,201,FU-001,EC,CS01,65.9,L,H,EC-D2,,,,,
4900010108,0001,2025-02-15,201,FU-001,EC,CS01,155.4,L,H,EC-D3,,,,,
4900010109,0001,2025-02-15,201,FU-001,EC,CS01,237.1,L,H,EC-D4,,,,,
4900010110,0001,2025-02-15,201,FU-001,EC,CS01,112.7,L,H,EC-D5,,,,,
4900010111,0001,2025-02-15,201,FU-001,EC,CS01,138.6,L,H,EC-D6,,,,,
4900010112,0001,2025-02-15,201,FU-001,EC,CS01,141.4,L,H,EC-D7,,,,,
4900010113,0001,2025-02-15,201,FU-001,EC,CS01,819.9,L,H,EC-GEN,,,,,
4900010114,0001,2025-02-15,261,SP-006,EC,CS01,1,EA,H,EC-WS,PM-00004,,,,
4900010115,0001,2025-02-15,261,SP-008,EC,CS01,1,EA,H,EC-WS,PM-00125,,,,
4900010116,0001,2025-02-16,101,AC-004,EC,CS01,5,KG,S,,,,,4500000425,00010
4900010117,0001,2025-02-16,201,FU-001,EC,CS01,105.5,L,H,EC-D1,,,,,
4900010118,0001,2025-02-16,201,FU-001,EC,CS01,70.2,L,H,EC-D2,,,,,
4900010119,0001,2025-02-16,201,FU-001,EC,CS01,151.1,L,H,EC-D3,,,,,
4900010120,0001,2025-02-16,201,FU-001,EC,CS01,81.7,L,H,EC-D4,,,,,
4900010121,0001,2025-02-16,201,FU-001,EC,CS01,157.6,L,H,EC-D5,,,,,
4900010122,0001,2025-02-16,201,FU-001,EC,CS01,157.6,L,H,EC-D6,,,,,
4900010123,0001,2025-02-16,201,FU-001,EC,CS01,105.3,L,H,EC-D7,,,,,
4900010124,0001,2025-02-16,201,FU-001,EC,CS01,706.1,L,H,EC-GEN,,,,,
4900010125,0001,2025-02-17,101,FU-001,EC,CS01,8000,L,S,,,,,4500000468,00010
4900010126,0001,2025-02-17,201,FU-001,EC,CS01,63.3,L,H,EC-D1,,,,,
4900010127,0001,2025-02-17,201,FU-001,EC,CS01,84.3,L,H,EC-D2,,,,,
4900010128,0001,2025-02-17,201,FU-001,EC,CS01,95.4,L,H,EC-D3,,,,,
4900010129,0001,2025-02-17,201,FU-001,EC,CS01,144.5,L,H,EC-D4,,,,,
4900010130,0001,2025-02-17,201,FU-001,EC,CS01,138.7,L,H,EC-D5,,,,,
4900010131,0001,2025-02-17,201,FU-001,EC,CS01,176.7,L,H,EC-D6,,,,,
4900010132,0001,2025-02-17,201,FU-001,EC,CS01,187.9,L,H,EC-D7,,,,,
4900010133,0001,2025-02-17,201,FU-001,EC,CS01,669.4,L,H,EC-GEN,,,,,
4900010134,0001,2025-02-17,261,SP-005,EC,CS01,1,EA,H,EC-WS,PM-00157,,,,
4900010135,0001,2025-02-17,261,SP-007,EC,CS01,1,EA,H,EC-WS,PM-00030,,,,
4900010136,0001,2025-02-18,201,AC-001,EC,CS01,20.1,L,H,EC-D2,WO-2025-0218-U-007,68,,,
4900010137,0001,2025-02-18,201,AC-001,EC,CS01,30.7,L,H,EC-D4,WO-2025-0218-U-015,130,,,
4900010138,0001,2025-02-18,201,AC-001,EC,CS01,20.0,L,H,EC-D5,WO-2025-0218-U-019,189,,,
4900010139,0001,2025-02-18,201,AC-001,EC,CS01,26.2,L,H,EC-D7,WO-2025-0218-U-028,299,,,
4900010140,0001,2025-02-18,201,AC-002,EC,CS01,0.84,KG,H,EC-D2,WO-2025-0218-U-007,68,,,
4900010141,0001,2025-02-18,201,FU-001,EC,CS01,84.8,L,H,EC-D1,,,,,
4900010142,0001,2025-02-18,201,FU-001,EC,CS01,138.5,L,H,EC-D2,,,,,
4900010143,0001,2025-02-18,201,FU-001,EC,CS01,75.3,L,H,EC-D3,,,,,
4900010144,0001,2025-02-18,201,FU-001,EC,CS01,183.6,L,H,EC-D4,,,,,
4900010145,0001,2025-02-18,201,FU-001,EC,CS01,63.9,L,H,EC-D5,,,,,
4900010146,0001,2025-02-18,201,FU-001,EC,CS01,109.4,L,H,EC-D6,,,,,
4900010147,0001,2025-02-18,201,FU-001,EC,CS01,114.6,L,H,EC-D7,,,,,
4900010148,0001,2025-02-18,201,FU-001,EC,CS01,681.3,L,H,EC-GEN,,,,,
4900010149,0001,2025-02-18,101,SP-002,EC,CS01,5,EA,S,,,,,4500000426,00010
4900010150,0001,2025-02-18,261,SP-006,EC,CS01,1,EA,H,EC-WS,PM-00150,,,,
4900010151,0001,2025-02-19,201,AC-001,EC,CS01,4.2,L,H,EC-D4,WO-2025-0219-U-013,130,,,
4900010152,0001,2025-02-19,201,AC-001,EC,CS01,18.5,L,H,EC-D5,WO-2025-0219-U-017,189,,,
4900010153,0001,2025-02-19,201,AC-003,EC,CS01,3.26,L,H,EC-D7,WO-2025-0219-P-008,332,,,
4900010154,0001,2025-02-19,201,FU-001,EC,CS01,69.5,L,H,EC-D1,,,,,
4900010155,0001,2025-02-19,201,FU-001,EC,CS01,138.0,L,H,EC-D2,,,,,
4900010156,0001,2025-02-19,201,FU-001,EC,CS01,162.2,L,H,EC-D3,,,,,
4900010157,0001,2025-02-19,201,FU-001,EC,CS01,130.3,L,H,EC-D4,,,,,
4900010158,0001,2025-02-19,201,FU-001,EC,CS01,192.9,L,H,EC-D5,,,,,
4900010159,0001,2025-02-19,201,FU-001,EC,CS01,283.5,L,H,EC-D6,,,,,
4900010160,0001,2025-02-19,201,FU-001,EC,CS01,113.1,L,H,EC-D7,,,,,
4900010161,0001,2025-02-19,201,FU-001,EC,CS01,615.5,L,H,EC-GEN,,,,,
4900010162,0001,2025-02-19,261,SP-008,EC,CS01,1,EA,H,EC-WS,PM-00013,,,,
4900010163,0001,2025-02-19,261,SP-008,EC,CS01,1,EA,H,EC-WS,PM-00028,,,,
4900010164,0001,2025-02-20,101,AC-002,EC,CS01,42,KG,S,,,,,4500000432,00010
4900010165,0001,2025-02-20,101,FU-001,EC,CS01,8000,L,S,,,,,4500000474,00010
4900010166,0001,2025-02-20,201,FU-001,EC,CS01,72.5,L,H,EC-D1,,,,,
4900010167,0001,2025-02-20,201,FU-001,EC,CS01,49.2,L,H,EC-D2,,,,,
4900010168,0001,2025-02-20,201,FU-001,EC,CS01,221.5,L,H,EC-D3,,,,,
4900010169,0001,2025-02-20,201,FU-001,EC,CS01,157.5,L,H,EC-D4,,,,,
4900010170,0001,2025-02-20,201,FU-001,EC,CS01,50.3,L,H,EC-D5,,,,,
4900010171,0001,2025-02-20,201,FU-001,EC,CS01,210.4,L,H,EC-D6,,,,,
4900010172,0001,2025-02-20,201,FU-001,EC,CS01,166.3,L,H,EC-D7,,,,,
4900010173,0001,2025-02-20,201,FU-001,EC,CS01,622.0,L,H,EC-GEN,,,,,
4900010174,0001,2025-02-21,201,AC-003,EC,CS01,4.25,L,H,EC-D4,WO-2025-0221-P-009,133,,,
4900010175,0001,2025-02-21,201,AC-003,EC,CS01,2.04,L,H,EC-D7,WO-2025-0221-P-010,329,,,
4900010176,0001,2025-02-21,201,FU-001,EC,CS01,95.7,L,H,EC-D1,,,,,
4900010177,0001,2025-02-21,201,FU-001,EC,CS01,48.4,L,H,EC-D2,,,,,
4900010178,0001,2025-02-21,201,FU-001,EC,CS01,81.0,L,H,EC-D3,,,,,
4900010179,0001,2025-02-21,201,FU-001,EC,CS01,214.7,L,H,EC-D4,,,,,
4900010180,0001,2025-02-21,201,FU-001,EC,CS01,223.6,L,H,EC-D5,,,,,
4900010181,0001,2025-02-21,201,FU-001,EC,CS01,139.3,L,H,EC-D6,,,,,
4900010182,0001,2025-02-21,201,FU-001,EC,CS01,171.6,L,H,EC-D7,,,,,
4900010183,0001,2025-02-21,201,FU-001,EC,CS01,584.0,L,H,EC-GEN,,,,,
4900010184,0001,2025-02-21,261,SP-003,EC,CS01,1,EA,H,EC-WS,PM-00099,,,,
4900010185,0001,2025-02-22,201,AC-001,EC,CS01,23.0,L,H,EC-D1,WO-2025-0222-U-004,22,,,
4900010186,0001,2025-02-22,201,AC-001,EC,CS01,27.4,L,H,EC-D2,WO-2025-0222-U-008,73,,,
4900010187,0001,2025-02-22,201,AC-001,EC,CS01,22.8,L,H,EC-D3,WO-2025-0222-U-012,113,,,
4900010188,0001,2025-02-22,201,AC-001,EC,CS01,35.8,L,H,EC-D4,WO-2025-0222-U-017,131,,,
4900010189,0001,2025-02-22,201,AC-001,EC,CS01,17.3,L,H,EC-D5,WO-2025-0222-U-021,201,,,
4900010190,0001,2025-02-22,201,AC-001,EC,CS01,31.8,L,H,EC-D6,WO-2025-0222-U-026,207,,,
4900010191,0001,2025-02-22,201,AC-001,EC,CS01,27.2,L,H,EC-D7,WO-2025-0222-U-031,343,,,
4900010192,0001,2025-02-22,201,AC-002,EC,CS01,0.94,KG,H,EC-D1,WO-2025-0222-U-004,22,,,
4900010193,0001,2025-02-22,201,AC-002,EC,CS01,1.16,KG,H,EC-D2,WO-2025-0222-U-008,73,,,
4900010194,0001,2025-02-22,201,FU-001,EC,CS01,73.9,L,H,EC-D1,,,,,
4900010195,0001,2025-02-22,201,FU-001,EC,CS01,103.1,L,H,EC-D2,,,,,
4900010196,0001,2025-02-22,201,FU-001,EC,CS01,126.9,L,H,EC-D3,,,,,
4900010197,0001,2025-02-22,201,FU-001,EC,CS01,141.8,L,H,EC-D4,,,,,
4900010198,0001,2025-02-22,201,FU-001,EC,CS01,121.6,L,H,EC-D5,,,,,
4900010199,0001,2025-02-22,201,FU-001,EC,CS01,193.4,L,H,EC-D6,,,,,
4900010200,0001,2025-02-22,201,FU-001,EC,CS01,183.4,L,H,EC-D7,,,,,
4900010201,0001,2025-02-22,201,FU-001,EC,CS01,817.3,L,H,EC-GEN,,,,,
4900010202,0001,2025-02-23,101,FU-001,EC,CS01,8000,L,S,,,,,4500000481,00010
4900010203,0001,2025-02-23,201,FU-001,EC,CS01,96.6,L,H,EC-D1,,,,,
4900010204,0001,2025-02-23,201,FU-001,EC,CS01,84.5,L,H,EC-D2,,,,,
4900010205,0001,2025-02-23,201,FU-001,EC,CS01,148.9,L,H,EC-D3,,,,,
4900010206,0001,2025-02-23,201,FU-001,EC,CS01,171.1,L,H,EC-D4,,,,,
4900010207,0001,2025-02-23,201,FU-001,EC,CS01,60.6,L,H,EC-D5,,,,,
4900010208,0001,2025-02-23,201,FU-001,EC,CS01,243.3,L,H,EC-D6,,,,,
4900010209,0001,2025-02-23,201,FU-001,EC,CS01,190.4,L,H,EC-D7,,,,,
4900010210,0001,2025-02-23,201,FU-001,EC,CS01,759.5,L,H,EC-GEN,,,,,
4900010211,0001,2025-02-23,261,SP-007,EC,CS01,1,EA,H,EC-WS,PM-00115,,,,
4900010212,0001,2025-02-24,201,AC-003,EC,CS01,6.03,L,H,EC-D1,WO-2025-0224-P-008,11,,,
4900010213,0001,2025-02-24,201,FU-001,EC,CS01,77.6,L,H,EC-D1,,,,,
4900010214,0001,2025-02-24,201,FU-001,EC,CS01,142.1,L,H,EC-D2,,,,,
4900010215,0001,2025-02-24,201,FU-001,EC,CS01,82.0,L,H,EC-D3,,,,,
4900010216,0001,2025-02-24,201,FU-001,EC,CS01,171.8,L,H,EC-D4,,,,,
4900010217,0001,2025-02-24,201,FU-001,EC,CS01,184.4,L,H,EC-D5,,,,,
4900010218,0001,2025-02-24,201,FU-001,EC,CS01,134.4,L,H,EC-D6,,,,,
4900010219,0001,2025-02-24,201,FU-001,EC,CS01,248.2,L,H,EC-D7,,,,,
4900010220,0001,2025-02-24,201,FU-001,EC,CS01,560.5,L,H,EC-GEN,,,,,
4900010221,0001,2025-02-24,261,SP-001,EC,CS01,1,EA,H,EC-WS,PM-00098,,,,
4900010222,0001,2025-02-24,101,SP-003,EC,CS01,5,EA,S,,,,,4500000475,00010
4900010223,0001,2025-02-24,101,SP-004,EC,CS01,4,EA,S,,,,,4500000424,00010
4900010224,0001,2025-02-24,261,SP-005,EC,CS01,1,EA,H,EC-WS,PM-00087,,,,
4900010225,0001,2025-02-24,261,SP-006,EC,CS01,1,EA,H,EC-WS,PM-00114,,,,
4900010226,0001,2025-02-25,201,AC-003,EC,CS01,5.13,L,H,EC-D3,WO-2025-0225-P-008,101,,,
4900010227,0001,2025-02-25,201,AC-003,EC,CS01,4.86,L,H,EC-D5,WO-2025-0225-P-009,187,,,
4900010228,0001,2025-02-25,101,FE-002,EC,CS01,99300,KG,S,,,,,4500000437,00010
4900010229,0001,2025-02-25,201,FU-001,EC,CS01,70.2,L,H,EC-D1,,,,,
4900010230,0001,2025-02-25,201,FU-001,EC,CS01,76.0,L,H,EC-D2,,,,,
4900010231,0001,2025-02-25,201,FU-001,EC,CS01,124.6,L,H,EC-D3,,,,,
4900010232,0001,2025-02-25,201,FU-001,EC,CS01,94.1,L,H,EC-D4,,,,,
4900010233,0001,2025-02-25,201,FU-001,EC,CS01,189.3,L,H,EC-D5,,,,,
4900010234,0001,2025-02-25,201,FU-001,EC,CS01,161.2,L,H,EC-D6,,,,,
4900010235,0001,2025-02-25,201,FU-001,EC,CS01,46.9,L,H,EC-D7,,,,,
4900010236,0001,2025-02-25,201,FU-001,EC,CS01,591.1,L,H,EC-GEN,,,,,
4900010237,0001,2025-02-25,261,SP-001,EC,CS01,1,EA,H,EC-WS,PM-00152,,,,
4900010238,0001,2025-02-25,101,SP-007,EC,CS01,4,EA,S,,,,,4500000464,00010
4900010239,0001,2025-02-25,261,SP-008,EC,CS01,1,EA,H,EC-WS,PM-00059,,,,
4900010240,0001,2025-02-26,201,AC-001,EC,CS01,9.6,L,H,EC-D1,WO-2025-0226-U-004,22,,,
4900010241,0001,2025-02-26,201,AC-001,EC,CS01,3.1,L,H,EC-D2,WO-2025-0226-U-008,73,,,
4900010242,0001,2025-02-26,201,AC-001,EC,CS01,6.0,L,H,EC-D3,WO-2025-0226-U-012,113,,,
4900010243,0001,2025-02-26,201,AC-001,EC,CS01,27.8,L,H,EC-D4,WO-2025-0226-U-017,144,,,
4900010244,0001,2025-02-26,201,AC-001,EC,CS01,20.0,L,H,EC-D5,WO-2025-0226-U-021,201,,,
4900010245,0001,2025-02-26,201,AC-001,EC,CS01,23.3,L,H,EC-D6,WO-2025-0226-U-026,271,,,
4900010246,0001,2025-02-26,201,AC-001,EC,CS01,5.0,L,H,EC-D7,WO-2025-0226-U-031,343,,,
4900010247,0001,2025-02-26,201,AC-002,EC,CS01,0.13,KG,H,EC-D2,WO-2025-0226-U-008,73,,,
4900010248,0001,2025-02-26,201,AC-002,EC,CS01,1.09,KG,H,EC-D4,WO-2025-0226-U-017,144,,,
4900010249,0001,2025-02-26,201,FU-001,EC,CS01,72.6,L,H,EC-D1,,,,,
4900010250,0001,2025-02-26,201,FU-001,EC,CS01,68.0,L,H,EC-D2,,,,,
4900010251,0001,2025-02-26,201,FU-001,EC,CS01,163.2,L,H,EC-D3,,,,,
4900010252,0001,2025-02-26,201,FU-001,EC,CS01,216.2,L,H,EC-D4,,,,,
4900010253,0001,2025-02-26,201,FU-001,EC,CS01,86.1,L,H,EC-D5,,,,,
4900010254,0001,2025-02-26,201,FU-001,EC,CS01,222.8,L,H,EC-D6,,,,,
4900010255,0001,2025-02-26,201,FU-001,EC,CS01,142.2,L,H,EC-D7,,,,,
4900010256,0001,2025-02-26,201,FU-001,EC,CS01,650.9,L,H,EC-GEN,,,,,
4900010257,0001,2025-02-26,261,SP-004,EC,CS01,1,EA,H,EC-WS,PM-00122,,,,
4900010258,0001,2025-02-27,201,AC-001,EC,CS01,27.9,L,H,EC-D1,WO-2025-0227-U-004,38,,,
4900010259,0001,2025-02-27,201,AC-001,EC,CS01,26.9,L,H,EC-D2,WO-2025-0227-U-008,71,,,
4900010260,0001,2025-02-27,201,AC-001,EC,CS01,27.6,L,H,EC-D3,WO-2025-0227-U-012,109,,,
4900010261,0001,2025-02-27,201,AC-001,EC,CS01,34.3,L,H,EC-D4,WO-2025-0227-U-017,152,,,
4900010262,0001,2025-02-27,201,AC-001,EC,CS01,6.3,L,H,EC-D5,WO-2025-0227-U-021,201,,,
4900010263,0001,2025-02-27,201,AC-001,EC,CS01,31.2,L,H,EC-D6,WO-2025-0227-U-026,252,,,
4900010264,0001,2025-02-27,201,AC-001,EC,CS01,32.0,L,H,EC-D7,WO-2025-0227-U-031,347,,,
4900010265,0001,2025-02-27,201,AC-002,EC,CS01,1.13,KG,H,EC-D1,WO-2025-0227-U-004,38,,,
4900010266,0001,2025-02-27,101,AC-003,EC,CS01,20,L,S,,,,,4500000486,00010
4900010267,0001,2025-02-27,201,AC-003,EC,CS01,4.24,L,H,EC-D1,WO-2025-0227-P-010,23,,,
4900010268,0001,2025-02-27,201,AC-003,EC,CS01,6.97,L,H,EC-D3,WO-2025-0227-P-011,86,,,
4900010269,0001,2025-02-27,201,AC-003,EC,CS01,5.48,L,H,EC-D7,WO-2025-0227-P-012,331,,,
4900010270,0001,2025-02-27,201,AC-003,EC,CS01,1.79,L,H,EC-D7,WO-2025-0227-P-013,346,,,
4900010271,0001,2025-02-27,101,FE-002,EC,CS01,99300,KG,S,,,,,4500000431,00010
4900010272,0001,2025-02-27,201,FU-001,EC,CS01,95.3,L,H,EC-D1,,,,,
4900010273,0001,2025-02-27,201,FU-001,EC,CS01,130.6,L,H,EC-D2,,,,,
4900010274,0001,2025-02-27,201,FU-001,EC,CS01,128.0,L,H,EC-D3,,,,,
4900010275,0001,2025-02-27,201,FU-001,EC,CS01,80.8,L,H,EC-D4,,,,,
4900010276,0001,2025-02-27,201,FU-001,EC,CS01,114.7,L,H,EC-D5,,,,,
4900010277,0001,2025-02-27,201,FU-001,EC,CS01,70.8,L,H,EC-D6,,,,,
4900010278,0001,2025-02-27,201,FU-001,EC,CS01,82.0,L,H,EC-D7,,,,,
4900010279,0001,2025-02-27,201,FU-001,EC,CS01,693.3,L,H,EC-GEN,,,,,
4900010280,0001,2025-02-28,101,AC-003,EC,CS01,100,L,S,,,,,4500000455,00010
4900010281,0001,2025-02-28,201,AC-003,EC,CS01,1.82,L,H,EC-D3,WO-2025-0228-P-009,105,,,
4900010282,0001,2025-02-28,101,FE-003,EC,CS01,66650,KG,S,,,,,4500000448,00010
4900010283,0001,2025-02-28,201,FU-001,EC,CS01,42.0,L,H,EC-D1,,,,,
4900010284,0001,2025-02-28,201,FU-001,EC,CS01,57.7,L,H,EC-D2,,,,,
4900010285,0001,2025-02-28,201,FU-001,EC,CS01,139.9,L,H,EC-D3,,,,,
4900010286,0001,2025-02-28,201,FU-001,EC,CS01,164.4,L,H,EC-D4,,,,,
4900010287,0001,2025-02-28,201,FU-001,EC,CS01,107.3,L,H,EC-D5,,,,,
4900010288,0001,2025-02-28,201,FU-001,EC,CS01,65.2,L,H,EC-D6,,,,,
4900010289,0001,2025-02-28,201,FU-001,EC,CS01,146.6,L,H,EC-D7,,,,,
4900010290,0001,2025-02-28,201,FU-001,EC,CS01,652.5,L,H,EC-GEN,,,,,
4900010291,0001,2025-02-28,101,SP-005,EC,CS01,4,EA,S,,,,,4500000479,00010
4900010292,0001,2025-02-28,101,SP-006,EC,CS01,1,EA,S,,,,,4500000488,00010
4900010293,0001,2025-02-28,261,SP-006,EC,CS01,1,EA,H,EC-WS,PM-00034,,,,
4900010294,0001,2025-02-28,101,SP-008,EC,CS01,1,EA,S,,,,,4500000490,00010
4900010295,0001,2025-02-28,261,SP-008,EC,CS01,1,EA,H,EC-WS,PM-00012,,,,
4900010296,0001,2025-03-01,101,FU-001,EC,CS01,8000,L,S,,,,,4500000485,00010
4900010297,0001,2025-03-01,201,FU-001,EC,CS01,67.3,L,H,EC-D1,,,,,
4900010298,0001,2025-03-01,201,FU-001,EC,CS01,103.0,L,H,EC-D2,,,,,
4900010299,0001,2025-03-01,201,FU-001,EC,CS01,139.4,L,H,EC-D3,,,,,
4900010300,0001,2025-03-01,201,FU-001,EC,CS01,126.6,L,H,EC-D4,,,,,
4900010301,0001,2025-03-01,201,FU-001,EC,CS01,177.7,L,H,EC-D5,,,,,
4900010302,0001,2025-03-01,201,FU-001,EC,CS01,200.1,L,H,EC-D6,,,,,
4900010303,0001,2025-03-01,201,FU-001,EC,CS01,200.2,L,H,EC-D7,,,,,
4900010304,0001,2025-03-01,201,FU-001,EC,CS01,651.5,L,H,EC-GEN,,,,,
4900010305,0001,2025-03-01,261,SP-001,EC,CS01,1,EA,H,EC-WS,PM-00069,,,,
4900010306,0001,2025-03-01,261,SP-001,EC,CS01,1,EA,H,EC-WS,PM-00121,,,,
4900010307,0001,2025-03-02,201,FU-001,EC,CS01,46.9,L,H,EC-D1,,,,,
4900010308,0001,2025-03-02,201,FU-001,EC,CS01,88.6,L,H,EC-D2,,,,,
4900010309,0001,2025-03-02,201,FU-001,EC,CS01,135.4,L,H,EC-D3,,,,,
4900010310,0001,2025-03-02,201,FU-001,EC,CS01,220.3,L,H,EC-D4,,,,,
4900010311,0001,2025-03-02,201,FU-001,EC,CS01,132.0,L,H,EC-D5,,,,,
4900010312,0001,2025-03-02,201,FU-001,EC,CS01,224.1,L,H,EC-D6,,,,,
4900010313,0001,2025-03-02,201,FU-001,EC,CS01,102.3,L,H,EC-D7,,,,,
4900010314,0001,2025-03-02,201,FU-001,EC,CS01,607.8,L,H,EC-GEN,,,,,
4900010315,0001,2025-03-02,261,SP-002,EC,CS01,1,EA,H,EC-WS,PM-00041,,,,
4900010316,0001,2025-03-02,261,SP-002,EC,CS01,1,EA,H,EC-WS,PM-00092,,,,
4900010317,0001,2025-03-02,261,SP-003,EC,CS01,1,EA,H,EC-WS,PM-00102,,,,
4900010318,0001,2025-03-03,201,AC-001,EC,CS01,3.2,L,H,EC-D1,WO-2025-0303-U-004,38,,,
4900010319,0001,2025-03-03,201,AC-001,EC,CS01,1.5,L,H,EC-D2,WO-2025-0303-U-008,71,,,
4900010320,0001,2025-03-03,201,AC-001,EC,CS01,16.4,L,H,EC-D3,WO-2025-0303-U-012,78,,,
4900010321,0001,2025-03-03,201,AC-001,EC,CS01,24.0,L,H,EC-D4,WO-2025-0303-U-017,148,,,
4900010322,0001,2025-03-03,201,AC-001,EC,CS01,23.5,L,H,EC-D5,WO-2025-0303-U-021,178,,,
4900010323,0001,2025-03-03,201,AC-001,EC,CS01,3.0,L,H,EC-D6,WO-2025-0303-U-026,252,,,
4900010324,0001,2025-03-03,201,AC-001,EC,CS01,13.5,L,H,EC-D7,WO-2025-0303-U-031,289,,,
4900010325,0001,2025-03-03,201,AC-002,EC,CS01,0.13,KG,H,EC-D1,WO-2025-0303-U-004,38,,,
4900010326,0001,2025-03-03,201,AC-002,EC,CS01,0.94,KG,H,EC-D5,WO-2025-0303-U-021,178,,,
4900010327,0001,2025-03-03,201,AC-002,EC,CS01,0.13,KG,H,EC-D6,WO-2025-0303-U-026,252,,,
4900010328,0001,2025-03-03,201,FU-001,EC,CS01,76.5,L,H,EC-D1,,,,,
4900010329,0001,2025-03-03,201,FU-001,EC,CS01,74.8,L,H,EC-D2,,,,,
4900010330,0001,2025-03-03,201,FU-001,EC,CS01,70.5,L,H,EC-D3,,,,,
4900010331,0001,2025-03-03,201,FU-001,EC,CS01,53.5,L,H,EC-D4,,,,,
4900010332,0001,2025-03-03,201,FU-001,EC,CS01,100.1,L,H,EC-D5,,,,,
4900010333,0001,2025-03-03,201,FU-001,EC,CS01,224.7,L,H,EC-D6,,,,,
4900010334,0001,2025-03-03,201,FU-001,EC,CS01,111.5,L,H,EC-D7,,,,,
4900010335,0001,2025-03-03,201,FU-001,EC,CS01,675.7,L,H,EC-GEN,,,,,
4900010336,0001,2025-03-03,261,SP-001,EC,CS01,1,EA,H,EC-WS,PM-00026,,,,
4900010337,0001,2025-03-04,201,AC-001,EC,CS01,18.1,L,H,EC-D1,WO-2025-0304-U-004,37,,,
4900010338,0001,2025-03-04,201,AC-001,EC,CS01,27.4,L,H,EC-D2,WO-2025-0304-U-008,41,,,
4900010339,0001,2025-03-04,201,AC-001,EC,CS01,13.9,L,H,EC-D3,WO-2025-0304-U-012,78,,,
4900010340,0001,2025-03-04,201,AC-001,EC,CS01,10.6,L,H,EC-D4,WO-2025-0304-U-017,148,,,
4900010341,0001,2025-03-04,201,AC-001,EC,CS01,8.0,L,H,EC-D5,WO-2025-0304-U-021,178,,,
4900010342,0001,2025-03-04,201,AC-001,EC,CS01,32.1,L,H,EC-D6,WO-2025-0304-U-026,255,,,
4900010343,0001,2025-03-04,201,AC-001,EC,CS01,5.3,L,H,EC-D7,WO-2025-0304-U-031,289,,,
4900010344,0001,2025-03-04,201,AC-002,EC,CS01,1.35,KG,H,EC-D6,WO-2025-0304-U-026,255,,,
4900010345,0001,2025-03-04,201,AC-002,EC,CS01,0.2,KG,H,EC-D7,WO-2025-0304-U-031,289,,,
4900010346,0001,2025-03-04,201,FU-001,EC,CS01,108.2,L,H,EC-D1,,,,,
4900010347,0001,2025-03-04,201,FU-001,EC,CS01,37.0,L,H,EC-D2,,,,,
4900010348,0001,2025-03-04,201,FU-001,EC,CS01,136.5,L,H,EC-D3,,,,,
4900010349,0001,2025-03-04,201,FU-001,EC,CS01,171.8,L,H,EC-D4,,,,,
4900010350,0001,2025-03-04,201,FU-001,EC,CS01,22.9,L,H,EC-D5,,,,,
4900010351,0001,2025-03-04,201,FU-001,EC,CS01,133.4,L,H,EC-D6,,,,,
4900010352,0001,2025-03-04,201,FU-001,EC,CS01,117.0,L,H,EC-D7,,,,,
4900010353,0001,2025-03-04,201,FU-001,EC,CS01,602.7,L,H,EC-GEN,,,,,
4900010354,0001,2025-03-04,261,SP-004,EC,CS01,1,EA,H,EC-WS,PM-00105,,,,
4900010355,0001,2025-03-04,261,SP-004,EC,CS01,1,EA,H,EC-WS,PM-00153,,,,
4900010356,0001,2025-03-04,261,SP-005,EC,CS01,1,EA,H,EC-WS,PM-00124,,,,
4900010357,0001,2025-03-05,201,AC-001,EC,CS01,12.7,L,H,EC-D1,WO-2025-0305-U-004,37,,,
4900010358,0001,2025-03-05,201,AC-001,EC,CS01,24.4,L,H,EC-D3,WO-2025-0305-U-011,92,,,
4900010359,0001,2025-03-05,201,AC-001,EC,CS01,7.2,L,H,EC-D4,WO-2025-0305-U-016,126,,,
4900010360,0001,2025-03-05,201,AC-001,EC,CS01,11.0,L,H,EC-D5,WO-2025-0305-U-020,198,,,
4900010361,0001,2025-03-05,201,AC-001,EC,CS01,20.1,L,H,EC-D6,WO-2025-0305-U-025,268,,,
4900010362,0001,2025-03-05,201,AC-001,EC,CS01,15.7,L,H,EC-D7,WO-2025-0305-U-030,340,,,
4900010363,0001,2025-03-05,201,AC-002,EC,CS01,0.52,KG,H,EC-D1,WO-2025-0305-U-004,37,,,
4900010364,0001,2025-03-05,201,FU-001,EC,CS01,50.1,L,H,EC-D1,,,,,
4900010365,0001,2025-03-05,201,FU-001,EC,CS01,135.1,L,H,EC-D2,,,,,
4900010366,0001,2025-03-05,201,FU-001,EC,CS01,108.3,L,H,EC-D3,,,,,
4900010367,0001,2025-03-05,201,FU-001,EC,CS01,111.8,L,H,EC-D4,,,,,
4900010368,0001,2025-03-05,201,FU-001,EC,CS01,218.9,L,H,EC-D5,,,,,
4900010369,0001,2025-03-05,201,FU-001,EC,CS01,201.7,L,H,EC-D6,,,,,
4900010370,0001,2025-03-05,201,FU-001,EC,CS01,157.3,L,H,EC-D7,,,,,
4900010371,0001,2025-03-05,201,FU-001,EC,CS01,719.6,L,H,EC-GEN,,,,,
4900010372,0001,2025-03-05,261,SP-002,EC,CS01,1,EA,H,EC-WS,PM-00113,,,,
4900010373,0001,2025-03-05,101,SP-008,EC,CS01,1,EA,S,,,,,4500000491,00010
4900010374,0001,2025-03-05,261,SP-008,EC,CS01,1,EA,H,EC-WS,PM-00167,,,,
4900010375,0001,2025-03-06,201,AC-001,EC,CS01,18.6,L,H,EC-D1,WO-2025-0306-U-004,20,,,
4900010376,0001,2025-03-06,201,AC-001,EC,CS01,18.2,L,H,EC-D2,WO-2025-0306-U-008,64,,,
4900010377,0001,2025-03-06,201,AC-001,EC,CS01,8.8,L,H,EC-D3,WO-2025-0306-U-012,92,,,
4900010378,0001,2025-03-06,201,AC-001,EC,CS01,14.5,L,H,EC-D5,WO-2025-0306-U-020,181,,,
4900010379,0001,2025-03-06,201,AC-001,EC,CS01,16.9,L,H,EC-D7,WO-2025-0306-U-029,340,,,
4900010380,0001,2025-03-06,201,FU-001,EC,CS01,43.9,L,H,EC-D1,,,,,
4900010381,0001,2025-03-06,201,FU-001,EC,CS01,89.1,L,H,EC-D2,,,,,
4900010382,0001,2025-03-06,201,FU-001,EC,CS01,149.2,L,H,EC-D3,,,,,
4900010383,0001,2025-03-06,201,FU-001,EC,CS01,172.1,L,H,EC-D4,,,,,
4900010384,0001,2025-03-06,201,FU-001,EC,CS01,108.7,L,H,EC-D5,,,,,
4900010385,0001,2025-03-06,201,FU-001,EC,CS01,132.5,L,H,EC-D6,,,,,
4900010386,0001,2025-03-06,201,FU-001,EC,CS01,24.8,L,H,EC-D7,,,,,
4900010387,0001,2025-03-06,201,FU-001,EC,CS01,598.6,L,H,EC-GEN,,,,,
4900010388,0001,2025-03-06,261,SP-002,EC,CS01,1,EA,H,EC-WS,PM-00003,,,,
4900010389,0001,2025-03-07,201,AC-001,EC,CS01,3.3,L,H,EC-D1,WO-2025-0307-U-004,20,,,
4900010390,0001,2025-03-07,201,AC-001,EC,CS01,9.5,L,H,EC-D2,WO-2025-0307-U-008,64,,,
4900010391,0001,2025-03-07,201,AC-001,EC,CS01,18.9,L,H,EC-D3,WO-2025-0307-U-012,91,,,
4900010392,0001,2025-03-07,201,AC-001,EC,CS01,27.9,L,H,EC-D4,WO-2025-0307-U-016,159,,,
4900010393,0001,2025-03-07,201,AC-001,EC,CS01,19.0,L,H,EC-D5,WO-2025-0307-U-020,181,,,
4900010394,0001,2025-03-07,201,AC-002,EC,CS01,1.18,KG,H,EC-D4,WO-2025-0307-U-016,159,,,
4900010395,0001,2025-03-07,201,AC-002,EC,CS01,0.76,KG,H,EC-D5,WO-2025-0307-U-020,181,,,
4900010396,0001,2025-03-07,101,FE-004,EC,CS01,13550,KG,S,,,,,4500000429,00010
4900010397,0001,2025-03-07,101,FU-001,EC,CS01,8000,L,S,,,,,4500000489,00010
4900010398,0001,2025-03-07,201,FU-001,EC,CS01,73.0,L,H,EC-D1,,,,,
4900010399,0001,2025-03-07,201,FU-001,EC,CS01,65.5,L,H,EC-D2,,,,,
4900010400,0001,2025-03-07,201,FU-001,EC,CS01,123.3,L,H,EC-D3,,,,,
4900010401,0001,2025-03-07,201,FU-001,EC,CS01,137.0,L,H,EC-D4,,,,,
4900010402,0001,2025-03-07,201,FU-001,EC,CS01,102.1,L,H,EC-D5,,,,,
4900010403,0001,2025-03-07,201,FU-001,EC,CS01,92.8,L,H,EC-D6,,,,,
4900010404,0001,2025-03-07,201,FU-001,EC,CS01,212.5,L,H,EC-D7,,,,,
4900010405,0001,2025-03-07,201,FU-001,EC,CS01,681.6,L,H,EC-GEN,,,,,
4900010406,0001,2025-03-07,261,SP-002,EC,CS01,1,EA,H,EC-WS,PM-00052,,,,
4900010407,0001,2025-03-07,101,SP-008,EC,CS01,1,EA,S,,,,,4500000494,00010
4900010408,0001,2025-03-07,261,SP-008,EC,CS01,1,EA,H,EC-WS,PM-00138,,,,
4900010409,0001,2025-03-08,201,AC-003,EC,CS01,4.99,L,H,EC-D4,WO-2025-0308-P-009,129,,,
4900010410,0001,2025-03-08,101,FE-003,EC,CS01,61650,KG,S,,,,,4500000435,00010
4900010411,0001,2025-03-08,101,FE-004,EC,CS01,13550,KG,S,,,,,4500000444,00010
4900010412,0001,2025-03-08,201,FU-001,EC,CS01,46.8,L,H,EC-D1,,,,,
4900010413,0001,2025-03-08,201,FU-001,EC,CS01,85.9,L,H,EC-D2,,,,,
4900010414,0001,2025-03-08,201,FU-001,EC,CS01,42.1,L,H,EC-D3,,,,,
4900010415,0001,2025-03-08,201,FU-001,EC,CS01,98.1,L,H,EC-D4,,,,,
4900010416,0001,2025-03-08,201,FU-001,EC,CS01,128.4,L,H,EC-D5,,,,,
4900010417,0001,2025-03-08,201,FU-001,EC,CS01,102.5,L,H,EC-D6,,,,,
4900010418,0001,2025-03-08,201,FU-001,EC,CS01,104.9,L,H,EC-D7,,,,,
4900010419,0001,2025-03-08,201,FU-001,EC,CS01,498.7,L,H,EC-GEN,,,,,
4900010420,0001,2025-03-09,101,FE-002,EC,CS01,99300,KG,S,,,,,4500000447,00010
4900010421,0001,2025-03-09,201,FU-001,EC,CS01,84.2,L,H,EC-D1,,,,,
4900010422,0001,2025-03-09,201,FU-001,EC,CS01,56.2,L,H,EC-D2,,,,,
4900010423,0001,2025-03-09,201,FU-001,EC,CS01,119.2,L,H,EC-D3,,,,,
4900010424,0001,2025-03-09,201,FU-001,EC,CS01,146.9,L,H,EC-D4,,,,,
4900010425,0001,2025-03-09,201,FU-001,EC,CS01,142.1,L,H,EC-D5,,,,,
4900010426,0001,2025-03-09,201,FU-001,EC,CS01,283.4,L,H,EC-D6,,,,,
4900010427,0001,2025-03-09,201,FU-001,EC,CS01,169.7,L,H,EC-D7,,,,,
4900010428,0001,2025-03-09,201,FU-001,EC,CS01,678.8,L,H,EC-GEN,,,,,
4900010429,0001,2025-03-09,261,SP-001,EC,CS01,1,EA,H,EC-WS,PM-00066,,,,
4900010430,0001,2025-03-10,101,FE-003,EC,CS01,90700,KG,S,,,,,4500000445,00010
4900010431,0001,2025-03-10,101,FE-003,EC,CS01,24050,KG,S,,,,,4500000448,00010
4900010432,0001,2025-03-10,201,FU-001,EC,CS01,55.3,L,H,EC-D1,,,,,
4900010433,0001,2025-03-10,201,FU-001,EC,CS01,73.6,L,H,EC-D2,,,,,
4900010434,0001,2025-03-10,201,FU-001,EC,CS01,155.1,L,H,EC-D3,,,,,
4900010435,0001,2025-03-10,201,FU-001,EC,CS01,187.5,L,H,EC-D4,,,,,
4900010436,0001,2025-03-10,201,FU-001,EC,CS01,48.5,L,H,EC-D5,,,,,
4900010437,0001,2025-03-10,201,FU-001,EC,CS01,75.1,L,H,EC-D6,,,,,
4900010438,0001,2025-03-10,201,FU-001,EC,CS01,26.2,L,H,EC-D7,,,,,
4900010439,0001,2025-03-10,201,FU-001,EC,CS01,716.9,L,H,EC-GEN,,,,,
4900010440,0001,2025-03-10,101,SP-001,EC,CS01,4,EA,S,,,,,4500000487,00010
4900010441,0001,2025-03-10,261,SP-001,EC,CS01,1,EA,H,EC-WS,PM-00147,,,,
4900010442,0001,2025-03-10,101,SP-006,EC,CS01,4,EA,S,,,,,4500000461,00010
4900010443,0001,2025-03-11,201,AC-001,EC,CS01,19.6,L,H,EC-D3,WO-2025-0311-U-011,114,,,
4900010444,0001,2025-03-11,201,AC-001,EC,CS01,12.9,L,H,EC-D5,WO-2025-0311-U-019,194,,,
4900010445,0001,2025-03-11,201,AC-002,EC,CS01,0.58,KG,H,EC-D5,WO-2025-0311-U-019,194,,,
4900010446,0001,2025-03-11,201,AC-003,EC,CS01,0.85,L,H,EC-D1,WO-2025-0311-P-011,33,,,
4900010447,0001,2025-03-11,101,FE-003,EC,CS01,90700,KG,S,,,,,4500000439,00010
4900010448,0001,2025-03-11,201,FU-001,EC,CS01,58.0,L,H,EC-D1,,,,,
4900010449,0001,2025-03-11,201,FU-001,EC,CS01,59.5,L,H,EC-D2,,,,,
4900010450,0001,2025-03-11,201,FU-001,EC,CS01,107.5,L,H,EC-D3,,,,,
4900010451,0001,2025-03-11,201,FU-001,EC,CS01,72.7,L,H,EC-D4,,,,,
4900010452,0001,2025-03-11,201,FU-001,EC,CS01,121.6,L,H,EC-D5,,,,,
4900010453,0001,2025-03-11,201,FU-001,EC,CS01,85.5,L,H,EC-D6,,,,,
4900010454,0001,2025-03-11,201,FU-001,EC,CS01,118.1,L,H,EC-D7,,,,,
4900010455,0001,2025-03-11,201,FU-001,EC,CS01,582.7,L,H,EC-GEN,,,,,
4900010456,0001,2025-03-11,261,SP-006,EC,CS01,1,EA,H,EC-WS,PM-00143,,,,
4900010457,0001,2025-03-12,201,AC-001,EC,CS01,13.8,L,H,EC-D3,WO-2025-0312-U-011,116,,,
4900010458,0001,2025-03-12,201,AC-001,EC,CS01,17.8,L,H,EC-D5,WO-2025-0312-U-019,194,,,
4900010459,0001,2025-03-12,201,AC-001,EC,CS01,22.5,L,H,EC-D7,WO-2025-0312-U-028,336,,,
4900010460,0001,2025-03-12,101,FE-001,EC,CS01,244450,KG,S,,,,,4500000430,00010
4900010461,0001,2025-03-12,201,FU-001,EC,CS01,42.6,L,H,EC-D1,,,,,
4900010462,0001,2025-03-12,201,FU-001,EC,CS01,84.1,L,H,EC-D2,,,,,
4900010463,0001,2025-03-12,201,FU-001,EC,CS01,48.1,L,H,EC-D3,,,,,
4900010464,0001,2025-03-12,201,FU-001,EC,CS01,118.0,L,H,EC-D4,,,,,
4900010465,0001,2025-03-12,201,FU-001,EC,CS01,71.8,L,H,EC-D5,,,,,
4900010466,0001,2025-03-12,201,FU-001,EC,CS01,177.8,L,H,EC-D6,,,,,
4900010467,0001,2025-03-12,201,FU-001,EC,CS01,135.4,L,H,EC-D7,,,,,
4900010468,0001,2025-03-12,201,FU-001,EC,CS01,648.2,L,H,EC-GEN,,,,,
4900010469,0001,2025-03-13,201,AC-003,EC,CS01,10.77,L,H,EC-D5,WO-2025-0313-P-009,179,,,
4900010470,0001,2025-03-13,101,FU-001,EC,CS01,8000,L,S,,,,,4500000492,00010
4900010471,0001,2025-03-13,201,FU-001,EC,CS01,77.8,L,H,EC-D1,,,,,
4900010472,0001,2025-03-13,201,FU-001,EC,CS01,142.0,L,H,EC-D2,,,,,
4900010473,0001,2025-03-13,201,FU-001,EC,CS01,128.6,L,H,EC-D3,,,,,
4900010474,0001,2025-03-13,201,FU-001,EC,CS01,187.4,L,H,EC-D4,,,,,
4900010475,0001,2025-03-13,201,FU-001,EC,CS01,82.1,L,H,EC-D5,,,,,
4900010476,0001,2025-03-13,201,FU-001,EC,CS01,100.3,L,H,EC-D6,,,,,
4900010477,0001,2025-03-13,201,FU-001,EC,CS01,160.2,L,H,EC-D7,,,,,
4900010478,0001,2025-03-13,201,FU-001,EC,CS01,720.9,L,H,EC-GEN,,,,,
4900010479,0001,2025-03-13,261,SP-003,EC,CS01,1,EA,H,EC-WS,PM-00006,,,,
4900010480,0001,2025-03-14,201,FU-001,EC,CS01,82.2,L,H,EC-D1,,,,,
4900010481,0001,2025-03-14,201,FU-001,EC,CS01,51.6,L,H,EC-D2,,,,,
4900010482,0001,2025-03-14,201,FU-001,EC,CS01,149.8,L,H,EC-D3,,,,,
4900010483,0001,2025-03-14,201,FU-001,EC,CS01,154.5,L,H,EC-D4,,,,,
4900010484,0001,2025-03-14,201,FU-001,EC,CS01,199.2,L,H,EC-D5,,,,,
4900010485,0001,2025-03-14,201,FU-001,EC,CS01,257.0,L,H,EC-D6,,,,,
4900010486,0001,2025-03-14,201,FU-001,EC,CS01,108.3,L,H,EC-D7,,,,,
4900010487,0001,2025-03-14,201,FU-001,EC,CS01,772.6,L,H,EC-GEN,,,,,
4900010488,0001,2025-03-14,261,SP-007,EC,CS01,1,EA,H,EC-WS,PM-00067,,,,
4900010489,0001,2025-03-14,261,SP-007,EC,CS01,1,EA,H,EC-WS,PM-00103,,,,
4900010490,0001,2025-03-15,101,FE-001,EC,CS01,10000,KG,S,,,,,4500000499,00010
4900010491,0001,2025-03-15,101,FE-001,EC,CS01,10000,KG,S,,,,,4500000498,00010
4900010492,0001,2025-03-15,101,FE-001,EC,CS01,10000,KG,S,,,,,4500000500,00010
4900010493,0001,2025-03-15,101,FE-001,EC,CS01,10000,KG,S,,,,,4500000502,00010
4900010494,0001,2025-03-15,201,FE-001,EC,CS01,3063.2,KG,H,EC-D1,,6,0000003513,,
4900010495,0001,2025-03-15,201,FE-001,EC,CS01,15761.8,KG,H,EC-D1,,8,0000003521,,
4900010496,0001,2025-03-15,201,FE-001,EC,CS01,9009.7,KG,H,EC-D1,,9,0000003525,,
4900010497,0001,2025-03-15,201,FE-001,EC,CS01,12145.5,KG,H,EC-D1,,15,0000003549,,
4900010498,0001,2025-03-15,201,FE-001,EC,CS01,8467.9,KG,H,EC-D1,,18,0000003561,,
4900010499,0001,2025-03-15,201,FE-001,EC,CS01,8057.6,KG,H,EC-D1,,24,0000003585,,
4900010500,0001,2025-03-15,201,FE-001,EC,CS01,12227.3,KG,H,EC-D1,,28,0000003601,,
4900010501,0001,2025-03-15,201,FE-001,EC,CS01,5950.6,KG,H,EC-D2,,40,0000003649,,
4900010502,0001,2025-03-15,201,FE-001,EC,CS01,12194.1,KG,H,EC-D2,,49,0000003681,,
4900010503,0001,2025-03-15,201,FE-001,EC,CS01,9725.1,KG,H,EC-D2,,51,0000003689,,
4900010504,0001,2025-03-15,201,FE-001,EC,CS01,10774.5,KG,H,EC-D2,,55,0000003705,,
4900010505,0001,2025-03-15,201,FE-001,EC,CS01,12475.1,KG,H,EC-D2,,58,0000003717,,
4900010506,0001,2025-03-15,201,FE-001,EC,CS01,9948.2,KG,H,EC-D2,,60,0000003725,,
4900010507,0001,2025-03-15,201,FE-001,EC,CS01,10768.8,KG,H,EC-D2,,67,0000003749,,
4900010508,0001,2025-03-15,201,FE-001,EC,CS01,10784.9,KG,H,EC-D2,,69,0000003757,,
4900010509,0001,2025-03-15,201,FE-001,EC,CS01,14143.8,KG,H,EC-D2,,70,0000003761,,
4900010510,0001,2025-03-15,201,FE-001,EC,CS01,11330.6,KG,H,EC-D2,,71,0000003765,,
4900010511,0001,2025-03-15,201,FE-001,EC,CS01,10544.6,KG,H,EC-D2,,72,0000003769,,
4900010512,0001,2025-03-15,201,FE-001,EC,CS01,12448.1,KG,H,EC-D2,,74,0000003777,,
4900010513,0001,2025-03-15,201,FE-001,EC,CS01,9360.0,KG,H,EC-D3,,78,0000003797,,
4900010514,0001,2025-03-15,201,FE-001,EC,CS01,15766.0,KG,H,EC-D3,,83,0000003817,,
4900010515,0001,2025-03-15,201,FE-001,EC,CS01,10759.8,KG,H,EC-D3,,84,0000003821,,
4900010516,0001,2025-03-15,201,FE-001,EC,CS01,11671.4,KG,H,EC-D3,,88,0000003837,,
4900010517,0001,2025-03-15,201,FE-001,EC,CS01,6092.7,KG,H,EC-D3,,91,0000003849,,
4900010518,0001,2025-03-15,201,FE-001,EC,CS01,19090.6,KG,H,EC-D3,,93,0000003857,,
4900010519,0001,2025-03-15,201,FE-001,EC,CS01,12229.0,KG,H,EC-D3,,95,0000003865,,
4900010520,0001,2025-03-15,201,FE-001,EC,CS01,13122.7,KG,H,EC-D3,,96,0000003869,,
4900010521,0001,2025-03-15,201,FE-001,EC,CS01,6847.7,KG,H,EC-D3,,105,0000003905,,
4900010522,0001,2025-03-15,201,FE-001,EC,CS01,5839.0,KG,H,EC-D3,,115,0000003945,,
4900010523,0001,2025-03-15,201,FE-001,EC,CS01,3752.5,KG,H,EC-D3,,118,0000003957,,
4900010524,0001,2025-03-15,201,FE-001,EC,CS01,5136.1,KG,H,EC-D3,,120,0000003965,,
4900010525,0001,2025-03-15,201,FE-001,EC,CS01,1035.0,KG,H,EC-D3,,369,0000003973,,
4900010526,0001,2025-03-15,201,FE-001,EC,CS01,925.6,KG,H,EC-D3,,370,0000003977,,
4900010527,0001,2025-03-15,201,FE-001,EC,CS01,4626.3,KG,H,EC-D4,,124,0000003989,,
4900010528,0001,2025-03-15,201,FE-001,EC,CS01,12103.7,KG,H,EC-D4,,131,0000004017,,
4900010529,0001,2025-03-15,201,FE-001,EC,CS01,11971.1,KG,H,EC-D4,,132,0000004021,,
4900010530,0001,2025-03-15,201,FE-001,EC,CS01,8002.7,KG,H,EC-D4,,133,0000004025,,
4900010531,0001,2025-03-15,201,FE-001,EC,CS01,8643.2,KG,H,EC-D4,,137,0000004041,,
4900010532,0001,2025-03-15,201,FE-001,EC,CS01,11649.4,KG,H,EC-D4,,139,0000004049,,
4900010533,0001,2025-03-15,201,FE-001,EC,CS01,7561.0,KG,H,EC-D4,,146,0000004077,,
4900010534,0001,2025-03-15,201,FE-001,EC,CS01,16877.7,KG,H,EC-D4,,148,0000004085,,
4900010535,0001,2025-03-15,201,FE-001,EC,CS01,547.8,KG,H,EC-D4,,154,0000004109,,
4900010536,0001,2025-03-15,201,FE-001,EC,CS01,3227.8,KG,H,EC-D4,,155,0000004113,,
4900010537,0001,2025-03-15,201,FE-001,EC,CS01,13366.8,KG,H,EC-D4,,157,0000004121,,
4900010538,0001,2025-03-15,201,FE-001,EC,CS01,14089.6,KG,H,EC-D4,,160,0000004133,,
4900010539,0001,2025-03-15,201,FE-001,EC,CS01,5038.6,KG,H,EC-D4,,163,0000004137,,
4900010540,0001,2025-03-15,201,FE-001,EC,CS01,5638.8,KG,H,EC-D4,,166,0000004149,,
4900010541,0001,2025-03-15,201,FE-001,EC,CS01,7019.7,KG,H,EC-D5,,171,0000004165,,
4900010542,0001,2025-03-15,201,FE-001,EC,CS01,7862.2,KG,H,EC-D5,,184,0000004209,,
4900010543,0001,2025-03-15,201,FE-001,EC,CS01,3067.1,KG,H,EC-D5,,198,0000004261,,
4900010544,0001,2025-03-15,201,FE-001,EC,CS01,6027.6,KG,H,EC-D5,,199,0000004265,,
4900010545,0001,2025-03-15,201,FE-001,EC,CS01,21160.9,KG,H,EC-D5,,201,0000004273,,
4900010546,0001,2025-03-15,201,FE-001,EC,CS01,1460.2,KG,H,EC-D5,,373,0000004281,,
4900010547,0001,2025-03-15,201,FE-001,EC,CS01,15346.8,KG,H,EC-D6,,204,0000004289,,
4900010548,0001,2025-03-15,201,FE-001,EC,CS01,11410.6,KG,H,EC-D6,,205,0000004293,,
4900010549,0001,2025-03-15,201,FE-001,EC,CS01,6436.3,KG,H,EC-D6,,206,0000004297,,
4900010550,0001,2025-03-15,201,FE-001,EC,CS01,10585.8,KG,H,EC-D6,,208,0000004305,,
4900010551,0001,2025-03-15,201,FE-001,EC,CS01,9952.5,KG,H,EC-D6,,215,0000004333,,
4900010552,0001,2025-03-15,201,FE-001,EC,CS01,11892.6,KG,H,EC-D6,,252,0000004381,,
4900010553,0001,2025-03-15,201,FE-001,EC,CS01,6603.5,KG,H,EC-D6,,253,0000004385,,
4900010554,0001,2025-03-15,201,FE-001,EC,CS01,8306.9,KG,H,EC-D6,,254,0000004389,,
4900010555,0001,2025-03-15,201,FE-001,EC,CS01,11949.9,KG,H,EC-D6,,256,0000004397,,
4900010556,0001,2025-03-15,201,FE-001,EC,CS01,10371.6,KG,H,EC-D6,,257,0000004401,,
4900010557,0001,2025-03-15,201,FE-001,EC,CS01,12207.7,KG,H,EC-D6,,263,0000004425,,
4900010558,0001,2025-03-15,201,FE-001,EC,CS01,7780.6,KG,H,EC-D6,,268,0000004445,,
4900010559,0001,2025-03-15,201,FE-001,EC,CS01,10792.4,KG,H,EC-D6,,272,0000004461,,
4900010560,0001,2025-03-15,201,FE-001,EC,CS01,6855.7,KG,H,EC-D7,,287,0000004473,,
4900010561,0001,2025-03-15,201,FE-001,EC,CS01,8125.3,KG,H,EC-D7,,289,0000004481,,
4900010562,0001,2025-03-15,201,FE-001,EC,CS01,7735.9,KG,H,EC-D7,,299,0000004521,,
4900010563,0001,2025-03-15,201,FE-001,EC,CS01,7222.5,KG,H,EC-D7,,300,0000004525,,
4900010564,0001,2025-03-15,201,FE-001,EC,CS01,17688.0,KG,H,EC-D7,,311,0000004569,,
4900010565,0001,2025-03-15,201,FE-001,EC,CS01,6383.1,KG,H,EC-D7,,331,0000004585,,
4900010566,0001,2025-03-15,201,FE-001,EC,CS01,7527.8,KG,H,EC-D7,,333,0000004593,,
4900010567,0001,2025-03-15,201,FE-001,EC,CS01,10112.7,KG,H,EC-D7,,334,0000004597,,
4900010568,0001,2025-03-15,201,FE-001,EC,CS01,9642.0,KG,H,EC-D7,,336,0000004605,,
4900010569,0001,2025-03-15,201,FE-001,EC,CS01,9233.3,KG,H,EC-D7,,338,0000004613,,
4900010570,0001,2025-03-15,201,FE-001,EC,CS01,14346.5,KG,H,EC-D7,,341,0000004625,,
4900010571,0001,2025-03-15,201,FE-001,EC,CS01,7460.6,KG,H,EC-D7,,345,0000004641,,
4900010572,0001,2025-03-15,201,FE-001,EC,CS01,12183.6,KG,H,EC-D7,,348,0000004653,,
4900010573,0001,2025-03-15,201,FE-002,EC,CS01,599.9,KG,H,EC-D1,,1,0000003494,,
4900010574,0001,2025-03-15,201,FE-002,EC,CS01,1064.5,KG,H,EC-D1,,2,0000003498,,
4900010575,0001,2025-03-15,201,FE-002,EC,CS01,1185.6,KG,H,EC-D1,,4,0000003506,,
4900010576,0001,2025-03-15,201,FE-002,EC,CS01,702.8,KG,H,EC-D1,,6,0000003514,,
4900010577,0001,2025-03-15,201,FE-002,EC,CS01,2530.4,KG,H,EC-D1,,8,0000003522,,
4900010578,0001,2025-03-15,201,FE-002,EC,CS01,2476.8,KG,H,EC-D1,,9,0000003526,,
4900010579,0001,2025-03-15,201,FE-002,EC,CS01,2644.1,KG,H,EC-D1,,15,0000003550,,
4900010580,0001,2025-03-15,201,FE-002,EC,CS01,3310.4,KG,H,EC-D1,,21,0000003574,,
4900010581,0001,2025-03-15,201,FE-002,EC,CS01,2545.4,KG,H,EC-D1,,23,0000003582,,
4900010582,0001,2025-03-15,201,FE-002,EC,CS01,3339.8,KG,H,EC-D1,,25,0000003590,,
4900010583,0001,2025-03-15,201,FE-002,EC,CS01,2576.1,KG,H,EC-D1,,27,0000003598,,
4900010584,0001,2025-03-15,201,FE-002,EC,CS01,3528.2,KG,H,EC-D1,,29,0000003606,,
4900010585,0001,2025-03-15,201,FE-002,EC,CS01,3938.9,KG,H,EC-D1,,35,0000003630,,
4900010586,0001,2025-03-15,201,FE-002,EC,CS01,3574.3,KG,H,EC-D1,,36,0000003634,,
4900010587,0001,2025-03-15,201,FE-002,EC,CS01,3226.2,KG,H,EC-D1,,38,0000003642,,
4900010588,0001,2025-03-15,201,FE-002,EC,CS01,2951.0,KG,H,EC-D2,,45,0000003670,,
4900010589,0001,2025-03-15,201,FE-002,EC,CS01,2763.2,KG,H,EC-D2,,47,0000003678,,
4900010590,0001,2025-03-15,201,FE-002,EC,CS01,3032.4,KG,H,EC-D2,,51,0000003690,,
4900010591,0001,2025-03-15,201,FE-002,EC,CS01,2124.5,KG,H,EC-D2,,55,0000003706,,
4900010592,0001,2025-03-15,201,FE-002,EC,CS01,2692.2,KG,H,EC-D2,,66,0000003746,,
4900010593,0001,2025-03-15,201,FE-002,EC,CS01,1466.5,KG,H,EC-D2,,72,0000003770,,
4900010594,0001,2025-03-15,201,FE-002,EC,CS01,1891.0,KG,H,EC-D2,,74,0000003778,,
4900010595,0001,2025-03-15,201,FE-002,EC,CS01,3381.3,KG,H,EC-D3,,78,0000003798,,
4900010596,0001,2025-03-15,201,FE-002,EC,CS01,1671.9,KG,H,EC-D3,,79,0000003802,,
4900010597,0001,2025-03-15,201,FE-002,EC,CS01,1492.5,KG,H,EC-D3,,80,0000003806,,
4900010598,0001,2025-03-15,201,FE-002,EC,CS01,2885.3,KG,H,EC-D3,,85,0000003826,,
4900010599,0001,2025-03-15,201,FE-002,EC,CS01,3308.7,KG,H,EC-D3,,88,0000003838,,
4900010600,0001,2025-03-15,201,FE-002,EC,CS01,2471.3,KG,H,EC-D3,,90,0000003846,,
4900010601,0001,2025-03-15,201,FE-002,EC,CS01,1952.6,KG,H,EC-D3,,91,0000003850,,
4900010602,0001,2025-03-15,201,FE-002,EC,CS01,3001.6,KG,H,EC-D3,,95,0000003866,,
4900010603,0001,2025-03-15,201,FE-002,EC,CS01,1818.1,KG,H,EC-D3,,97,0000003874,,
4900010604,0001,2025-03-15,201,FE-002,EC,CS01,3146.7,KG,H,EC-D3,,98,0000003878,,
4900010605,0001,2025-03-15,201,FE-002,EC,CS01,1504.5,KG,H,EC-D3,,99,0000003882,,
4900010606,0001,2025-03-15,201,FE-002,EC,CS01,1917.9,KG,H,EC-D3,,100,0000003886,,
4900010607,0001,2025-03-15,201,FE-002,EC,CS01,3761.9,KG,H,EC-D3,,104,0000003902,,
4900010608,0001,2025-03-15,201,FE-002,EC,CS01,1042.2,KG,H,EC-D3,,106,0000003910,,
4900010609,0001,2025-03-15,201,FE-002,EC,CS01,2655.9,KG,H,EC-D3,,109,0000003922,,
4900010610,0001,2025-03-15,201,FE-002,EC,CS01,2380.9,KG,H,EC-D3,,110,0000003926,,
4900010611,0001,2025-03-15,201,FE-002,EC,CS01,2413.2,KG,H,EC-D3,,112,0000003934,,
4900010612,0001,2025-03-15,201,FE-002,EC,CS01,1019.5,KG,H,EC-D3,,118,0000003958,,
4900010613,0001,2025-03-15,201,FE-002,EC,CS01,273.8,KG,H,EC-D3,,370,0000003978,,
4900010614,0001,2025-03-15,201,FE-002,EC,CS01,1009.3,KG,H,EC-D4,,123,0000003986,,
4900010615,0001,2025-03-15,201,FE-002,EC,CS01,2009.1,KG,H,EC-D4,,128,0000004006,,
4900010616,0001,2025-03-15,201,FE-002,EC,CS01,2361.3,KG,H,EC-D4,,133,0000004026,,
4900010617,0001,2025-03-15,201,FE-002,EC,CS01,2728.9,KG,H,EC-D4,,141,0000004058,,
4900010618,0001,2025-03-15,201,FE-002,EC,CS01,1919.4,KG,H,EC-D4,,143,0000004066,,
4900010619,0001,2025-03-15,201,FE-002,EC,CS01,3067.9,KG,H,EC-D4,,148,0000004086,,
4900010620,0001,2025-03-15,201,FE-002,EC,CS01,2288.9,KG,H,EC-D4,,149,0000004090,,
4900010621,0001,2025-03-15,201,FE-002,EC,CS01,1808.8,KG,H,EC-D4,,156,0000004118,,
4900010622,0001,2025-03-15,201,FE-002,EC,CS01,2241.8,KG,H,EC-D4,,159,0000004130,,
4900010623,0001,2025-03-15,201,FE-002,EC,CS01,1968.3,KG,H,EC-D5,,172,0000004170,,
4900010624,0001,2025-03-15,201,FE-002,EC,CS01,611.0,KG,H,EC-D5,,174,0000004178,,
4900010625,0001,2025-03-15,201,FE-002,EC,CS01,2487.8,KG,H,EC-D5,,178,0000004190,,
4900010626,0001,2025-03-15,201,FE-002,EC,CS01,2039.2,KG,H,EC-D5,,182,0000004206,,
4900010627,0001,2025-03-15,201,FE-002,EC,CS01,3468.1,KG,H,EC-D5,,185,0000004214,,
4900010628,0001,2025-03-15,201,FE-002,EC,CS01,1694.6,KG,H,EC-D5,,186,0000004218,,
4900010629,0001,2025-03-15,201,FE-002,EC,CS01,3167.1,KG,H,EC-D5,,190,0000004234,,
4900010630,0001,2025-03-15,201,FE-002,EC,CS01,977.5,KG,H,EC-D5,,198,0000004262,,
4900010631,0001,2025-03-15,201,FE-002,EC,CS01,4037.5,KG,H,EC-D5,,201,0000004274,,
4900010632,0001,2025-03-15,201,FE-002,EC,CS01,3706.0,KG,H,EC-D5,,202,0000004278,,
4900010633,0001,2025-03-15,201,FE-002,EC,CS01,4194.5,KG,H,EC-D6,,204,0000004290,,
4900010634,0001,2025-03-15,201,FE-002,EC,CS01,2754.9,KG,H,EC-D6,,208,0000004306,,
4900010635,0001,2025-03-15,201,FE-002,EC,CS01,2687.7,KG,H,EC-D6,,212,0000004322,,
4900010636,0001,2025-03-15,201,FE-002,EC,CS01,3558.2,KG,H,EC-D6,,213,0000004326,,
4900010637,0001,2025-03-15,201,FE-002,EC,CS01,1862.4,KG,H,EC-D6,,230,0000004350,,
4900010638,0001,2025-03-15,201,FE-002,EC,CS01,2169.2,KG,H,EC-D6,,252,0000004382,,
4900010639,0001,2025-03-15,201,FE-002,EC,CS01,3242.6,KG,H,EC-D6,,256,0000004398,,
4900010640,0001,2025-03-15,201,FE-002,EC,CS01,3235.9,KG,H,EC-D6,,259,0000004410,,
4900010641,0001,2025-03-15,201,FE-002,EC,CS01,2166.0,KG,H,EC-D6,,261,0000004418,,
4900010642,0001,2025-03-15,201,FE-002,EC,CS01,3475.4,KG,H,EC-D6,,262,0000004422,,
4900010643,0001,2025-03-15,201,FE-002,EC,CS01,2966.4,KG,H,EC-D6,,263,0000004426,,
4900010644,0001,2025-03-15,201,FE-002,EC,CS01,2739.8,KG,H,EC-D6,,266,0000004438,,
4900010645,0001,2025-03-15,201,FE-002,EC,CS01,1214.1,KG,H,EC-D6,,267,0000004442,,
4900010646,0001,2025-03-15,201,FE-002,EC,CS01,2994.7,KG,H,EC-D6,,380,0000004470,,
4900010647,0001,2025-03-15,201,FE-002,EC,CS01,648.6,KG,H,EC-D7,,288,0000004478,,
4900010648,0001,2025-03-15,201,FE-002,EC,CS01,2673.6,KG,H,EC-D7,,293,0000004498,,
4900010649,0001,2025-03-15,201,FE-002,EC,CS01,1272.2,KG,H,EC-D7,,294,0000004502,,
4900010650,0001,2025-03-15,201,FE-002,EC,CS01,2367.9,KG,H,EC-D7,,296,0000004510,,
4900010651,0001,2025-03-15,201,FE-002,EC,CS01,1870.0,KG,H,EC-D7,,299,0000004522,,
4900010652,0001,2025-03-15,201,FE-002,EC,CS01,3665.3,KG,H,EC-D7,,302,0000004534,,
4900010653,0001,2025-03-15,201,FE-002,EC,CS01,2195.7,KG,H,EC-D7,,305,0000004546,,
4900010654,0001,2025-03-15,201,FE-002,EC,CS01,4227.6,KG,H,EC-D7,,311,0000004570,,
4900010655,0001,2025-03-15,201,FE-002,EC,CS01,1735.8,KG,H,EC-D7,,330,0000004582,,
4900010656,0001,2025-03-15,201,FE-002,EC,CS01,1793.0,KG,H,EC-D7,,332,0000004590,,
4900010657,0001,2025-03-15,201,FE-002,EC,CS01,2516.4,KG,H,EC-D7,,336,0000004606,,
4900010658,0001,2025-03-15,201,FE-002,EC,CS01,3530.2,KG,H,EC-D7,,337,0000004610,,
4900010659,0001,2025-03-15,201,FE-002,EC,CS01,2661.0,KG,H,EC-D7,,340,0000004622,,
4900010660,0001,2025-03-15,201,FE-002,EC,CS01,3081.7,KG,H,EC-D7,,343,0000004634,,
4900010661,0001,2025-03-15,201,FE-002,EC,CS01,2099.4,KG,H,EC-D7,,344,0000004638,,
4900010662,0001,2025-03-15,201,FE-002,EC,CS01,2877.4,KG,H,EC-D7,,347,0000004650,,
4900010663,0001,2025-03-15,201,FE-003,EC,CS01,2460.3,KG,H,EC-D1,,13,0000003543,,
4900010664,0001,2025-03-15,201,FE-003,EC,CS01,2279.4,KG,H,EC-D1,,15,0000003551,,
4900010665,0001,2025-03-15,201,FE-003,EC,CS01,1100.6,KG,H,EC-D1,,20,0000003571,,
4900010666,0001,2025-03-15,201,FE-003,EC,CS01,2133.8,KG,H,EC-D1,,25,0000003591,,
4900010667,0001,2025-03-15,201,FE-003,EC,CS01,1953.4,KG,H,EC-D1,,28,0000003603,,
4900010668,0001,2025-03-15,201,FE-003,EC,CS01,1559.7,KG,H,EC-D1,,29,0000003607,,
4900010669,0001,2025-03-15,201,FE-003,EC,CS01,2510.5,KG,H,EC-D1,,34,0000003627,,
4900010670,0001,2025-03-15,201,FE-003,EC,CS01,1996.7,KG,H,EC-D1,,37,0000003639,,
4900010671,0001,2025-03-15,201,FE-003,EC,CS01,1924.7,KG,H,EC-D2,,41,0000003655,,
4900010672,0001,2025-03-15,201,FE-003,EC,CS01,1986.9,KG,H,EC-D2,,43,0000003663,,
4900010673,0001,2025-03-15,201,FE-003,EC,CS01,2753.9,KG,H,EC-D2,,51,0000003691,,
4900010674,0001,2025-03-15,201,FE-003,EC,CS01,1444.1,KG,H,EC-D2,,53,0000003699,,
4900010675,0001,2025-03-15,201,FE-003,EC,CS01,2199.5,KG,H,EC-D2,,59,0000003723,,
4900010676,0001,2025-03-15,201,FE-003,EC,CS01,1396.6,KG,H,EC-D2,,68,0000003755,,
4900010677,0001,2025-03-15,201,FE-003,EC,CS01,2355.7,KG,H,EC-D2,,69,0000003759,,
4900010678,0001,2025-03-15,201,FE-003,EC,CS01,2327.7,KG,H,EC-D2,,72,0000003771,,
4900010679,0001,2025-03-15,201,FE-003,EC,CS01,1870.9,KG,H,EC-D2,,73,0000003775,,
4900010680,0001,2025-03-15,201,FE-003,EC,CS01,999.4,KG,H,EC-D3,,80,0000003807,,
4900010681,0001,2025-03-15,201,FE-003,EC,CS01,646.2,KG,H,EC-D3,,81,0000003811,,
4900010682,0001,2025-03-15,201,FE-003,EC,CS01,1344.5,KG,H,EC-D3,,85,0000003827,,
4900010683,0001,2025-03-15,201,FE-003,EC,CS01,2006.8,KG,H,EC-D3,,89,0000003843,,
4900010684,0001,2025-03-15,201,FE-003,EC,CS01,3191.6,KG,H,EC-D3,,93,0000003859,,
4900010685,0001,2025-03-15,201,FE-003,EC,CS01,2082.8,KG,H,EC-D3,,98,0000003879,,
4900010686,0001,2025-03-15,201,FE-003,EC,CS01,1294.3,KG,H,EC-D3,,105,0000003907,,
4900010687,0001,2025-03-15,201,FE-003,EC,CS01,1495.5,KG,H,EC-D3,,110,0000003927,,
4900010688,0001,2025-03-15,201,FE-003,EC,CS01,3837.7,KG,H,EC-D3,,111,0000003931,,
4900010689,0001,2025-03-15,201,FE-003,EC,CS01,1881.9,KG,H,EC-D3,,112,0000003935,,
4900010690,0001,2025-03-15,201,FE-003,EC,CS01,1822.9,KG,H,EC-D3,,113,0000003939,,
4900010691,0001,2025-03-15,201,FE-003,EC,CS01,1713.9,KG,H,EC-D3,,114,0000003943,,
4900010692,0001,2025-03-15,201,FE-003,EC,CS01,602.7,KG,H,EC-D3,,118,0000003959,,
4900010693,0001,2025-03-15,201,FE-003,EC,CS01,139.2,KG,H,EC-D3,,370,0000003979,,
4900010694,0001,2025-03-15,201,FE-003,EC,CS01,1184.2,KG,H,EC-D4,,122,0000003983,,
4900010695,0001,2025-03-15,201,FE-003,EC,CS01,754.1,KG,H,EC-D4,,124,0000003991,,
4900010696,0001,2025-03-15,201,FE-003,EC,CS01,594.0,KG,H,EC-D4,,126,0000003999,,
4900010697,0001,2025-03-15,201,FE-003,EC,CS01,2090.6,KG,H,EC-D4,,139,0000004051,,
4900010698,0001,2025-03-15,201,FE-003,EC,CS01,2009.5,KG,H,EC-D4,,141,0000004059,,
4900010699,0001,2025-03-15,201,FE-003,EC,CS01,1812.8,KG,H,EC-D4,,150,0000004095,,
4900010700,0001,2025-03-15,201,FE-003,EC,CS01,2884.4,KG,H,EC-D4,,151,0000004099,,
4900010701,0001,2025-03-15,201,FE-003,EC,CS01,1958.1,KG,H,EC-D4,,158,0000004127,,
4900010702,0001,2025-03-15,201,FE-003,EC,CS01,1240.5,KG,H,EC-D4,,163,0000004139,,
4900010703,0001,2025-03-15,201,FE-003,EC,CS01,1373.6,KG,H,EC-D4,,165,0000004147,,
4900010704,0001,2025-03-15,201,FE-003,EC,CS01,2351.2,KG,H,EC-D5,,168,0000004155,,
4900010705,0001,2025-03-15,201,FE-003,EC,CS01,835.8,KG,H,EC-D5,,174,0000004179,,
4900010706,0001,2025-03-15,201,FE-003,EC,CS01,1487.2,KG,H,EC-D5,,182,0000004207,,
4900010707,0001,2025-03-15,201,FE-003,EC,CS01,1732.1,KG,H,EC-D5,,184,0000004211,,
4900010708,0001,2025-03-15,201,FE-003,EC,CS01,2420.1,KG,H,EC-D5,,187,0000004223,,
4900010709,0001,2025-03-15,201,FE-003,EC,CS01,907.2,KG,H,EC-D5,,192,0000004239,,
4900010710,0001,2025-03-15,201,FE-003,EC,CS01,2462.9,KG,H,EC-D5,,193,0000004243,,
4900010711,0001,2025-03-15,201,FE-003,EC,CS01,2866.3,KG,H,EC-D5,,197,0000004259,,
4900010712,0001,2025-03-15,201,FE-003,EC,CS01,1849.1,KG,H,EC-D5,,200,0000004271,,
4900010713,0001,2025-03-15,201,FE-003,EC,CS01,2321.5,KG,H,EC-D6,,206,0000004299,,
4900010714,0001,2025-03-15,201,FE-003,EC,CS01,2369.8,KG,H,EC-D6,,207,0000004303,,
4900010715,0001,2025-03-15,201,FE-003,EC,CS01,1519.0,KG,H,EC-D6,,212,0000004323,,
4900010716,0001,2025-03-15,201,FE-003,EC,CS01,2204.4,KG,H,EC-D6,,213,0000004327,,
4900010717,0001,2025-03-15,201,FE-003,EC,CS01,3221.4,KG,H,EC-D6,,214,0000004331,,
4900010718,0001,2025-03-15,201,FE-003,EC,CS01,2530.3,KG,H,EC-D6,,216,0000004339,,
4900010719,0001,2025-03-15,201,FE-003,EC,CS01,1758.5,KG,H,EC-D6,,223,0000004347,,
4900010720,0001,2025-03-15,201,FE-003,EC,CS01,2568.7,KG,H,EC-D6,,245,0000004355,,
4900010721,0001,2025-03-15,201,FE-003,EC,CS01,666.1,KG,H,EC-D6,,247,0000004363,,
4900010722,0001,2025-03-15,201,FE-003,EC,CS01,1793.9,KG,H,EC-D6,,251,0000004379,,
4900010723,0001,2025-03-15,201,FE-003,EC,CS01,2287.8,KG,H,EC-D6,,257,0000004403,,
4900010724,0001,2025-03-15,201,FE-003,EC,CS01,859.3,KG,H,EC-D6,,258,0000004407,,
4900010725,0001,2025-03-15,201,FE-003,EC,CS01,2819.8,KG,H,EC-D6,,259,0000004411,,
4900010726,0001,2025-03-15,201,FE-003,EC,CS01,2717.3,KG,H,EC-D6,,263,0000004427,,
4900010727,0001,2025-03-15,201,FE-003,EC,CS01,1172.4,KG,H,EC-D6,,264,0000004431,,
4900010728,0001,2025-03-15,201,FE-003,EC,CS01,1356.5,KG,H,EC-D6,,267,0000004443,,
4900010729,0001,2025-03-15,201,FE-003,EC,CS01,1548.7,KG,H,EC-D6,,268,0000004447,,
4900010730,0001,2025-03-15,201,FE-003,EC,CS01,3600.2,KG,H,EC-D6,,379,0000004467,,
4900010731,0001,2025-03-15,201,FE-003,EC,CS01,1286.7,KG,H,EC-D7,,292,0000004495,,
4900010732,0001,2025-03-15,201,FE-003,EC,CS01,1761.5,KG,H,EC-D7,,293,0000004499,,
4900010733,0001,2025-03-15,201,FE-003,EC,CS01,869.3,KG,H,EC-D7,,294,0000004503,,
4900010734,0001,2025-03-15,201,FE-003,EC,CS01,1727.1,KG,H,EC-D7,,296,0000004511,,
4900010735,0001,2025-03-15,201,FE-003,EC,CS01,2303.8,KG,H,EC-D7,,297,0000004515,,
4900010736,0001,2025-03-15,201,FE-003,EC,CS01,2556.1,KG,H,EC-D7,,298,0000004519,,
4900010737,0001,2025-03-15,201,FE-003,EC,CS01,2156.8,KG,H,EC-D7,,310,0000004567,,
4900010738,0001,2025-03-15,201,FE-003,EC,CS01,1265.6,KG,H,EC-D7,,333,0000004595,,
4900010739,0001,2025-03-15,201,FE-003,EC,CS01,1158.4,KG,H,EC-D7,,334,0000004599,,
4900010740,0001,2025-03-15,201,FE-003,EC,CS01,1542.4,KG,H,EC-D7,,335,0000004603,,
4900010741,0001,2025-03-15,201,FE-003,EC,CS01,1462.9,KG,H,EC-D7,,338,0000004615,,
4900010742,0001,2025-03-15,201,FE-003,EC,CS01,2827.5,KG,H,EC-D7,,339,0000004619,,
4900010743,0001,2025-03-15,201,FE-003,EC,CS01,2454.5,KG,H,EC-D7,,341,0000004627,,
4900010744,0001,2025-03-15,201,FE-003,EC,CS01,2033.5,KG,H,EC-D7,,342,0000004631,,
4900010745,0001,2025-03-15,201,FE-003,EC,CS01,2304.4,KG,H,EC-D7,,345,0000004643,,
4900010746,0001,2025-03-15,201,FE-003,EC,CS01,1729.0,KG,H,EC-D7,,347,0000004651,,
4900010747,0001,2025-03-15,201,FE-004,EC,CS01,102.1,KG,H,EC-D1,,3,0000003504,,
4900010748,0001,2025-03-15,201,FE-004,EC,CS01,73.2,KG,H,EC-D1,,6,0000003516,,
4900010749,0001,2025-03-15,201,FE-004,EC,CS01,273.5,KG,H,EC-D1,,14,0000003548,,
4900010750,0001,2025-03-15,201,FE-004,EC,CS01,293.0,KG,H,EC-D1,,15,0000003552,,
4900010751,0001,2025-03-15,201,FE-004,EC,CS01,232.5,KG,H,EC-D1,,16,0000003556,,
4900010752,0001,2025-03-15,201,FE-004,EC,CS01,265.7,KG,H,EC-D1,,18,0000003564,,
4900010753,0001,2025-03-15,201,FE-004,EC,CS01,247.7,KG,H,EC-D1,,23,0000003584,,
4900010754,0001,2025-03-15,201,FE-004,EC,CS01,223.4,KG,H,EC-D1,,28,0000003604,,
4900010755,0001,2025-03-15,201,FE-004,EC,CS01,300.5,KG,H,EC-D1,,36,0000003636,,
4900010756,0001,2025-03-15,201,FE-004,EC,CS01,241.1,KG,H,EC-D2,,46,0000003676,,
4900010757,0001,2025-03-15,201,FE-004,EC,CS01,159.5,KG,H,EC-D2,,50,0000003688,,
4900010758,0001,2025-03-15,201,FE-004,EC,CS01,253.7,KG,H,EC-D2,,59,0000003724,,
4900010759,0001,2025-03-15,201,FE-004,EC,CS01,206.8,KG,H,EC-D2,,63,0000003736,,
4900010760,0001,2025-03-15,201,FE-004,EC,CS01,197.9,KG,H,EC-D2,,68,0000003756,,
4900010761,0001,2025-03-15,201,FE-004,EC,CS01,141.8,KG,H,EC-D2,,69,0000003760,,
4900010762,0001,2025-03-15,201,FE-004,EC,CS01,292.2,KG,H,EC-D3,,83,0000003820,,
4900010763,0001,2025-03-15,201,FE-004,EC,CS01,220.6,KG,H,EC-D3,,88,0000003840,,
4900010764,0001,2025-03-15,201,FE-004,EC,CS01,299.5,KG,H,EC-D3,,96,0000003872,,
4900010765,0001,2025-03-15,201,FE-004,EC,CS01,291.7,KG,H,EC-D3,,98,0000003880,,
4900010766,0001,2025-03-15,201,FE-004,EC,CS01,234.7,KG,H,EC-D3,,103,0000003900,,
4900010767,0001,2025-03-15,201,FE-004,EC,CS01,83.4,KG,H,EC-D3,,106,0000003912,,
4900010768,0001,2025-03-15,201,FE-004,EC,CS01,369.2,KG,H,EC-D3,,108,0000003920,,
4900010769,0001,2025-03-15,201,FE-004,EC,CS01,215.6,KG,H,EC-D3,,109,0000003924,,
4900010770,0001,2025-03-15,201,FE-004,EC,CS01,225.2,KG,H,EC-D3,,113,0000003940,,
4900010771,0001,2025-03-15,201,FE-004,EC,CS01,142.1,KG,H,EC-D3,,114,0000003944,,
4900010772,0001,2025-03-15,201,FE-004,EC,CS01,218.4,KG,H,EC-D3,,115,0000003948,,
4900010773,0001,2025-03-15,201,FE-004,EC,CS01,105.4,KG,H,EC-D3,,118,0000003960,,
4900010774,0001,2025-03-15,201,FE-004,EC,CS01,25.4,KG,H,EC-D3,,370,0000003980,,
4900010775,0001,2025-03-15,201,FE-004,EC,CS01,268.3,KG,H,EC-D4,,128,0000004008,,
4900010776,0001,2025-03-15,201,FE-004,EC,CS01,217.6,KG,H,EC-D4,,136,0000004040,,
4900010777,0001,2025-03-15,201,FE-004,EC,CS01,262.3,KG,H,EC-D4,,144,0000004072,,
4900010778,0001,2025-03-15,201,FE-004,EC,CS01,326.3,KG,H,EC-D4,,145,0000004076,,
4900010779,0001,2025-03-15,201,FE-004,EC,CS01,256.7,KG,H,EC-D4,,152,0000004104,,
4900010780,0001,2025-03-15,201,FE-004,EC,CS01,337.2,KG,H,EC-D4,,153,0000004108,,
4900010781,0001,2025-03-15,201,FE-004,EC,CS01,298.6,KG,H,EC-D4,,157,0000004124,,
4900010782,0001,2025-03-15,201,FE-004,EC,CS01,234.7,KG,H,EC-D4,,159,0000004132,,
4900010783,0001,2025-03-15,201,FE-004,EC,CS01,117.7,KG,H,EC-D4,,163,0000004140,,
4900010784,0001,2025-03-15,201,FE-004,EC,CS01,109.1,KG,H,EC-D4,,164,0000004144,,
4900010785,0001,2025-03-15,201,FE-004,EC,CS01,285.1,KG,H,EC-D5,,170,0000004164,,
4900010786,0001,2025-03-15,201,FE-004,EC,CS01,152.6,KG,H,EC-D5,,171,0000004168,,
4900010787,0001,2025-03-15,201,FE-004,EC,CS01,122.4,KG,H,EC-D5,,173,0000004176,,
4900010788,0001,2025-03-15,201,FE-004,EC,CS01,88.0,KG,H,EC-D5,,174,0000004180,,
4900010789,0001,2025-03-15,201,FE-004,EC,CS01,243.3,KG,H,EC-D5,,177,0000004188,,
4900010790,0001,2025-03-15,201,FE-004,EC,CS01,245.1,KG,H,EC-D5,,178,0000004192,,
4900010791,0001,2025-03-15,201,FE-004,EC,CS01,367.3,KG,H,EC-D5,,181,0000004204,,
4900010792,0001,2025-03-15,201,FE-004,EC,CS01,150.1,KG,H,EC-D5,,184,0000004212,,
4900010793,0001,2025-03-15,201,FE-004,EC,CS01,295.7,KG,H,EC-D5,,186,0000004220,,
4900010794,0001,2025-03-15,201,FE-004,EC,CS01,348.6,KG,H,EC-D5,,189,0000004232,,
4900010795,0001,2025-03-15,201,FE-004,EC,CS01,142.4,KG,H,EC-D5,,199,0000004268,,
4900010796,0001,2025-03-15,201,FE-004,EC,CS01,317.5,KG,H,EC-D5,,202,0000004280,,
4900010797,0001,2025-03-15,201,FE-004,EC,CS01,338.7,KG,H,EC-D6,,210,0000004316,,
4900010798,0001,2025-03-15,201,FE-004,EC,CS01,358.2,KG,H,EC-D6,,214,0000004332,,
4900010799,0001,2025-03-15,201,FE-004,EC,CS01,188.2,KG,H,EC-D6,,215,0000004336,,
4900010800,0001,2025-03-15,201,FE-004,EC,CS01,281.3,KG,H,EC-D6,,222,0000004344,,
4900010801,0001,2025-03-15,201,FE-004,EC,CS01,212.9,KG,H,EC-D6,,246,0000004360,,
4900010802,0001,2025-03-15,201,FE-004,EC,CS01,137.6,KG,H,EC-D6,,247,0000004364,,
4900010803,0001,2025-03-15,201,FE-004,EC,CS01,259.0,KG,H,EC-D6,,248,0000004368,,
4900010804,0001,2025-03-15,201,FE-004,EC,CS01,260.9,KG,H,EC-D6,,252,0000004384,,
4900010805,0001,2025-03-15,201,FE-004,EC,CS01,130.0,KG,H,EC-D6,,260,0000004416,,
4900010806,0001,2025-03-15,201,FE-004,EC,CS01,187.5,KG,H,EC-D6,,261,0000004420,,
4900010807,0001,2025-03-15,201,FE-004,EC,CS01,110.8,KG,H,EC-D6,,264,0000004432,,
4900010808,0001,2025-03-15,201,FE-004,EC,CS01,219.9,KG,H,EC-D6,,266,0000004440,,
4900010809,0001,2025-03-15,201,FE-004,EC,CS01,162.0,KG,H,EC-D6,,269,0000004452,,
4900010810,0001,2025-03-15,201,FE-004,EC,CS01,117.3,KG,H,EC-D7,,289,0000004484,,
4900010811,0001,2025-03-15,201,FE-004,EC,CS01,200.5,KG,H,EC-D7,,291,0000004492,,
4900010812,0001,2025-03-15,201,FE-004,EC,CS01,290.8,KG,H,EC-D7,,297,0000004516,,
4900010813,0001,2025-03-15,201,FE-004,EC,CS01,293.1,KG,H,EC-D7,,298,0000004520,,
4900010814,0001,2025-03-15,201,FE-004,EC,CS01,291.2,KG,H,EC-D7,,302,0000004536,,
4900010815,0001,2025-03-15,201,FE-004,EC,CS01,233.2,KG,H,EC-D7,,303,0000004540,,
4900010816,0001,2025-03-15,201,FE-004,EC,CS01,214.8,KG,H,EC-D7,,328,0000004576,,
4900010817,0001,2025-03-15,201,FE-004,EC,CS01,191.6,KG,H,EC-D7,,329,0000004580,,
4900010818,0001,2025-03-15,201,FE-004,EC,CS01,271.8,KG,H,EC-D7,,337,0000004612,,
4900010819,0001,2025-03-15,201,FE-004,EC,CS01,275.6,KG,H,EC-D7,,342,0000004632,,
4900010820,0001,2025-03-15,201,FE-004,EC,CS01,293.3,KG,H,EC-D7,,345,0000004644,,
4900010821,0001,2025-03-15,201,FE-004,EC,CS01,167.8,KG,H,EC-D7,,346,0000004648,,
4900010822,0001,2025-03-15,201,FE-004,EC,CS01,254.4,KG,H,EC-D7,,347,0000004652,,
4900010823,0001,2025-03-15,201,FU-001,EC,CS01,65.5,L,H,EC-D1,,,,,
4900010824,0001,2025-03-15,201,FU-001,EC,CS01,59.1,L,H,EC-D2,,,,,
4900010825,0001,2025-03-15,201,FU-001,EC,CS01,53.2,L,H,EC-D3,,,,,
4900010826,0001,2025-03-15,201,FU-001,EC,CS01,142.3,L,H,EC-D4,,,,,
4900010827,0001,2025-03-15,201,FU-001,EC,CS01,148.4,L,H,EC-D5,,,,,
4900010828,0001,2025-03-15,201,FU-001,EC,CS01,155.5,L,H,EC-D6,,,,,
4900010829,0001,2025-03-15,201,FU-001,EC,CS01,74.4,L,H,EC-D7,,,,,
4900010830,0001,2025-03-15,201,FU-001,EC,CS01,668.0,L,H,EC-GEN,,,,,
4900010831,0001,2025-03-15,261,SP-001,EC,CS01,1,EA,H,EC-WS,PM-00148,,,,
4900010832,0001,2025-03-15,101,SP-002,EC,CS01,5,EA,S,,,,,4500000469,00010
4900010833,0001,2025-03-15,261,SP-007,EC,CS01,1,EA,H,EC-WS,PM-00009,,,,
4900010834,0001,2025-03-16,101,AC-001,EC,CS01,2900,L,S,,,,,4500000471,00010
4900010835,0001,2025-03-16,101,FE-001,EC,CS01,20000,KG,S,,,,,4500000501,00010
4900010836,0001,2025-03-16,101,FE-001,EC,CS01,10000,KG,S,,,,,4500000505,00010
4900010837,0001,2025-03-16,101,FE-001,EC,CS01,10000,KG,S,,,,,4500000506,00010
4900010838,0001,2025-03-16,201,FE-001,EC,CS01,14646.1,KG,H,EC-D1,,10,0000003529,,
4900010839,0001,2025-03-16,201,FE-001,EC,CS01,13056.6,KG,H,EC-D1,,26,0000003593,,
4900010840,0001,2025-03-16,201,FE-001,EC,CS01,10057.6,KG,H,EC-D6,,223,0000004345,,
4900010841,0001,2025-03-16,201,FE-002,EC,CS01,1631.3,KG,H,EC-D1,,18,0000003562,,
4900010842,0001,2025-03-16,201,FE-002,EC,CS01,2486.6,KG,H,EC-D1,,26,0000003594,,
4900010843,0001,2025-03-16,201,FE-002,EC,CS01,1291.7,KG,H,EC-D5,,199,0000004266,,
4900010844,0001,2025-03-16,201,FE-002,EC,CS01,1490.2,KG,H,EC-D6,,269,0000004450,,
4900010845,0001,2025-03-16,201,FE-002,EC,CS01,1586.0,KG,H,EC-D7,,309,0000004562,,
4900010846,0001,2025-03-16,201,FE-003,EC,CS01,2197.5,KG,H,EC-D2,,60,0000003727,,
4900010847,0001,2025-03-16,201,FE-003,EC,CS01,2306.7,KG,H,EC-D2,,66,0000003747,,
4900010848,0001,2025-03-16,201,FE-003,EC,CS01,1354.8,KG,H,EC-D4,,128,0000004007,,
4900010849,0001,2025-03-16,201,FE-003,EC,CS01,920.5,KG,H,EC-D4,,155,0000004115,,
4900010850,0001,2025-03-16,201,FE-004,EC,CS01,182.1,KG,H,EC-D1,,37,0000003640,,
4900010851,0001,2025-03-16,201,FE-004,EC,CS01,241.0,KG,H,EC-D4,,129,0000004012,,
4900010852,0001,2025-03-16,201,FE-004,EC,CS01,412.1,KG,H,EC-D4,,134,0000004032,,
4900010853,0001,2025-03-16,201,FE-004,EC,CS01,341.8,KG,H,EC-D4,,151,0000004100,,
4900010854,0001,2025-03-16,201,FE-004,EC,CS01,218.3,KG,H,EC-D6,,271,0000004460,,
4900010855,0001,2025-03-16,201,FE-004,EC,CS01,328.0,KG,H,EC-D7,,304,0000004544,,
4900010856,0001,2025-03-16,201,FU-001,EC,CS01,30.0,L,H,EC-D1,,,,,
4900010857,0001,2025-03-16,201,FU-001,EC,CS01,65.0,L,H,EC-D2,,,,,
4900010858,0001,2025-03-16,201,FU-001,EC,CS01,116.3,L,H,EC-D3,,,,,
4900010859,0001,2025-03-16,201,FU-001,EC,CS01,103.4,L,H,EC-D4,,,,,
4900010860,0001,2025-03-16,201,FU-001,EC,CS01,92.2,L,H,EC-D5,,,,,
4900010861,0001,2025-03-16,201,FU-001,EC,CS01,88.2,L,H,EC-D6,,,,,
4900010862,0001,2025-03-16,201,FU-001,EC,CS01,155.0,L,H,EC-D7,,,,,
4900010863,0001,2025-03-16,201,FU-001,EC,CS01,564.2,L,H,EC-GEN,,,,,
4900010864,0001,2025-03-17,201,AC-004,EC,CS01,0.5,KG,H,EC-D7,WO-2025-0317-P-008,304,,,
4900010865,0001,2025-03-17,101,FE-001,EC,CS01,10000,KG,S,,,,,4500000507,00010
4900010866,0001,2025-03-17,101,FE-001,EC,CS01,10000,KG,S,,,,,4500000503,00010
4900010867,0001,2025-03-17,201,FE-001,EC,CS01,11976.0,KG,H,EC-D1,,32,0000003617,,
4900010868,0001,2025-03-17,201,FE-001,EC,CS01,12099.8,KG,H,EC-D6,,207,0000004301,,
4900010869,0001,2025-03-17,201,FE-002,EC,CS01,2448.3,KG,H,EC-D1,,24,0000003586,,
4900010870,0001,2025-03-17,201,FE-002,EC,CS01,2911.7,KG,H,EC-D2,,50,0000003686,,
4900010871,0001,2025-03-17,201,FE-002,EC,CS01,3197.0,KG,H,EC-D2,,73,0000003774,,
4900010872,0001,2025-03-17,201,FE-003,EC,CS01,2443.9,KG,H,EC-D1,,35,0000003631,,
4900010873,0001,2025-03-17,201,FE-003,EC,CS01,1729.6,KG,H,EC-D3,,76,0000003791,,
4900010874,0001,2025-03-17,201,FE-003,EC,CS01,1758.9,KG,H,EC-D5,,173,0000004175,,
4900010875,0001,2025-03-17,201,FE-003,EC,CS01,2083.4,KG,H,EC-D6,,208,0000004307,,
4900010876,0001,2025-03-17,201,FE-003,EC,CS01,2427.0,KG,H,EC-D7,,302,0000004535,,
4900010877,0001,2025-03-17,201,FE-003,EC,CS01,691.9,KG,H,EC-D7,,307,0000004555,,
4900010878,0001,2025-03-17,201,FE-004,EC,CS01,106.2,KG,H,EC-D3,,120,0000003968,,
4900010879,0001,2025-03-17,201,FE-004,EC,CS01,213.6,KG,H,EC-D4,,131,0000004020,,
4900010880,0001,2025-03-17,201,FE-004,EC,CS01,318.5,KG,H,EC-D4,,141,0000004060,,
4900010881,0001,2025-03-17,201,FE-004,EC,CS01,324.0,KG,H,EC-D5,,187,0000004224,,
4900010882,0001,2025-03-17,201,FE-004,EC,CS01,243.9,KG,H,EC-D5,,195,0000004252,,
4900010883,0001,2025-03-17,101,FU-001,EC,CS01,8000,L,S,,,,,4500000497,00010
4900010884,0001,2025-03-17,201,FU-001,EC,CS01,85.8,L,H,EC-D1,,,,,
4900010885,0001,2025-03-17,201,FU-001,EC,CS01,68.9,L,H,EC-D2,,,,,
4900010886,0001,2025-03-17,201,FU-001,EC,CS01,81.2,L,H,EC-D3,,,,,
4900010887,0001,2025-03-17,201,FU-001,EC,CS01,89.0,L,H,EC-D4,,,,,
4900010888,0001,2025-03-17,201,FU-001,EC,CS01,148.2,L,H,EC-D5,,,,,
4900010889,0001,2025-03-17,201,FU-001,EC,CS01,138.8,L,H,EC-D6,,,,,
4900010890,0001,2025-03-17,201,FU-001,EC,CS01,117.8,L,H,EC-D7,,,,,
4900010891,0001,2025-03-17,201,FU-001,EC,CS01,653.4,L,H,EC-GEN,,,,,
4900010892,0001,2025-03-17,261,SP-001,EC,CS01,1,EA,H,EC-WS,PM-00162,,,,
4900010893,0001,2025-03-17,101,SP-008,EC,CS01,4,EA,S,,,,,4500000467,00010
4900010894,0001,2025-03-18,101,FE-001,EC,CS01,20000,KG,S,,,,,4500000508,00010
4900010895,0001,2025-03-18,201,FE-001,EC,CS01,13232.6,KG,H,EC-D3,,98,0000003877,,
4900010896,0001,2025-03-18,201,FE-001,EC,CS01,6302.5,KG,H,EC-D6,,265,0000004433,,
4900010897,0001,2025-03-18,201,FE-002,EC,CS01,2119.9,KG,H,EC-D2,,60,0000003726,,
4900010898,0001,2025-03-18,201,FE-002,EC,CS01,3265.9,KG,H,EC-D3,,76,0000003790,,
4900010899,0001,2025-03-18,201,FE-002,EC,CS01,3731.3,KG,H,EC-D7,,339,0000004618,,
4900010900,0001,2025-03-18,201,FE-003,EC,CS01,2410.5,KG,H,EC-D1,,26,0000003595,,
4900010901,0001,2025-03-18,201,FE-003,EC,CS01,2345.6,KG,H,EC-D2,,67,0000003751,,
4900010902,0001,2025-03-18,201,FE-003,EC,CS01,960.0,KG,H,EC-D6,,254,0000004391,,
4900010903,0001,2025-03-18,201,FE-003,EC,CS01,1517.0,KG,H,EC-D7,,328,0000004575,,
4900010904,0001,2025-03-18,201,FE-004,EC,CS01,326.4,KG,H,EC-D4,,146,0000004080,,
4900010905,0001,2025-03-18,201,FE-004,EC,CS01,220.0,KG,H,EC-D6,,255,0000004396,,
4900010906,0001,2025-03-18,201,FE-004,EC,CS01,153.5,KG,H,EC-D6,,267,0000004444,,
4900010907,0001,2025-03-18,201,FU-001,EC,CS01,76.4,L,H,EC-D1,,,,,
4900010908,0001,2025-03-18,201,FU-001,EC,CS01,127.1,L,H,EC-D2,,,,,
4900010909,0001,2025-03-18,201,FU-001,EC,CS01,122.8,L,H,EC-D3,,,,,
4900010910,0001,2025-03-18,201,FU-001,EC,CS01,113.9,L,H,EC-D4,,,,,
4900010911,0001,2025-03-18,201,FU-001,EC,CS01,31.3,L,H,EC-D5,,,,,
4900010912,0001,2025-03-18,201,FU-001,EC,CS01,246.6,L,H,EC-D6,,,,,
4900010913,0001,2025-03-18,201,FU-001,EC,CS01,103.4,L,H,EC-D7,,,,,
4900010914,0001,2025-03-18,201,FU-001,EC,CS01,647.9,L,H,EC-GEN,,,,,
4900010915,0001,2025-03-18,261,SP-003,EC,CS01,1,EA,H,EC-WS,PM-00146,,,,
4900010916,0001,2025-03-19,201,AC-003,EC,CS01,6.67,L,H,EC-D5,WO-2025-0319-P-006,190,,,
4900010917,0001,2025-03-19,101,FE-001,EC,CS01,244450,KG,S,,,,,4500000441,00010
4900010918,0001,2025-03-19,201,FE-001,EC,CS01,3359.9,KG,H,EC-D1,,5,0000003509,,
4900010919,0001,2025-03-19,201,FE-001,EC,CS01,12544.0,KG,H,EC-D1,,39,0000003645,,
4900010920,0001,2025-03-19,201,FE-001,EC,CS01,18775.4,KG,H,EC-D3,,111,0000003929,,
4900010921,0001,2025-03-19,201,FE-001,EC,CS01,13441.7,KG,H,EC-D4,,138,0000004045,,
4900010922,0001,2025-03-19,201,FE-001,EC,CS01,15191.8,KG,H,EC-D4,,158,0000004125,,
4900010923,0001,2025-03-19,201,FE-001,EC,CS01,4952.8,KG,H,EC-D5,,192,0000004237,,
4900010924,0001,2025-03-19,201,FE-002,EC,CS01,2868.7,KG,H,EC-D2,,49,0000003682,,
4900010925,0001,2025-03-19,201,FE-002,EC,CS01,1959.2,KG,H,EC-D3,,96,0000003870,,
4900010926,0001,2025-03-19,201,FE-002,EC,CS01,3317.6,KG,H,EC-D4,,130,0000004014,,
4900010927,0001,2025-03-19,201,FE-002,EC,CS01,2223.5,KG,H,EC-D5,,171,0000004166,,
4900010928,0001,2025-03-19,201,FE-003,EC,CS01,976.7,KG,H,EC-D1,,7,0000003519,,
4900010929,0001,2025-03-19,201,FE-003,EC,CS01,2280.5,KG,H,EC-D4,,140,0000004055,,
4900010930,0001,2025-03-19,201,FE-003,EC,CS01,1797.6,KG,H,EC-D5,,180,0000004199,,
4900010931,0001,2025-03-19,201,FE-003,EC,CS01,2940.7,KG,H,EC-D5,,188,0000004227,,
4900010932,0001,2025-03-19,101,FE-004,EC,CS01,13550,KG,S,,,,,4500000438,00010
4900010933,0001,2025-03-19,201,FE-004,EC,CS01,17.3,KG,H,EC-D3,,121,0000003972,,
4900010934,0001,2025-03-19,201,FE-004,EC,CS01,310.9,KG,H,EC-D4,,138,0000004048,,
4900010935,0001,2025-03-19,201,FE-004,EC,CS01,333.0,KG,H,EC-D4,,158,0000004128,,
4900010936,0001,2025-03-19,201,FU-001,EC,CS01,54.7,L,H,EC-D1,,,,,
4900010937,0001,2025-03-19,201,FU-001,EC,CS01,116.6,L,H,EC-D2,,,,,
4900010938,0001,2025-03-19,201,FU-001,EC,CS01,145.4,L,H,EC-D3,,,,,
4900010939,0001,2025-03-19,201,FU-001,EC,CS01,181.0,L,H,EC-D4,,,,,
4900010940,0001,2025-03-19,201,FU-001,EC,CS01,217.8,L,H,EC-D5,,,,,
4900010941,0001,2025-03-19,201,FU-001,EC,CS01,80.2,L,H,EC-D6,,,,,
4900010942,0001,2025-03-19,201,FU-001,EC,CS01,190.2,L,H,EC-D7,,,,,
4900010943,0001,2025-03-19,201,FU-001,EC,CS01,657.3,L,H,EC-GEN,,,,,
4900010944,0001,2025-03-19,261,SP-001,EC,CS01,1,EA,H,EC-WS,PM-00144,,,,
4900010945,0001,2025-03-20,201,AC-001,EC,CS01,10.4,L,H,EC-D1,WO-2025-0320-U-004,5,,,
4900010946,0001,2025-03-20,201,AC-001,EC,CS01,29.3,L,H,EC-D2,WO-2025-0320-U-008,51,,,
4900010947,0001,2025-03-20,201,AC-001,EC,CS01,19.2,L,H,EC-D3,WO-2025-0320-U-012,77,,,
4900010948,0001,2025-03-20,201,AC-001,EC,CS01,34.0,L,H,EC-D4,WO-2025-0320-U-017,150,,,
4900010949,0001,2025-03-20,201,AC-001,EC,CS01,12.4,L,H,EC-D5,WO-2025-0320-U-021,172,,,
4900010950,0001,2025-03-20,201,AC-001,EC,CS01,29.4,L,H,EC-D6,WO-2025-0320-U-026,203,,,
4900010951,0001,2025-03-20,201,AC-001,EC,CS01,8.0,L,H,EC-D7,WO-2025-0320-U-031,336,,,
4900010952,0001,2025-03-20,201,AC-002,EC,CS01,0.85,KG,H,EC-D3,WO-2025-0320-U-012,77,,,
4900010953,0001,2025-03-20,201,AC-002,EC,CS01,1.27,KG,H,EC-D4,WO-2025-0320-U-017,150,,,
4900010954,0001,2025-03-20,201,AC-002,EC,CS01,0.54,KG,H,EC-D5,WO-2025-0320-U-021,172,,,
4900010955,0001,2025-03-20,201,AC-003,EC,CS01,9.55,L,H,EC-D3,WO-2025-0320-P-006,87,,,
4900010956,0001,2025-03-20,201,FE-001,EC,CS01,6462.2,KG,H,EC-D1,,12,0000003537,,
4900010957,0001,2025-03-20,201,FE-001,EC,CS01,14689.9,KG,H,EC-D1,,30,0000003609,,
4900010958,0001,2025-03-20,201,FE-001,EC,CS01,3707.0,KG,H,EC-D3,,117,0000003953,,
4900010959,0001,2025-03-20,201,FE-001,EC,CS01,13483.7,KG,H,EC-D7,,347,0000004649,,
4900010960,0001,2025-03-20,201,FE-002,EC,CS01,4009.6,KG,H,EC-D1,,13,0000003542,,
4900010961,0001,2025-03-20,201,FE-002,EC,CS01,3361.5,KG,H,EC-D3,,103,0000003898,,
4900010962,0001,2025-03-20,201,FE-002,EC,CS01,1067.0,KG,H,EC-D3,,117,0000003954,,
4900010963,0001,2025-03-20,201,FE-002,EC,CS01,1343.0,KG,H,EC-D3,,120,0000003966,,
4900010964,0001,2025-03-20,201,FE-002,EC,CS01,3444.0,KG,H,EC-D4,,136,0000004038,,
4900010965,0001,2025-03-20,201,FE-002,EC,CS01,3439.2,KG,H,EC-D4,,137,0000004042,,
4900010966,0001,2025-03-20,201,FE-002,EC,CS01,2542.5,KG,H,EC-D4,,147,0000004082,,
4900010967,0001,2025-03-20,201,FE-002,EC,CS01,2084.7,KG,H,EC-D6,,207,0000004302,,
4900010968,0001,2025-03-20,201,FE-002,EC,CS01,2700.6,KG,H,EC-D7,,328,0000004574,,
4900010969,0001,2025-03-20,201,FE-003,EC,CS01,2205.2,KG,H,EC-D4,,137,0000004043,,
4900010970,0001,2025-03-20,201,FE-004,EC,CS01,186.2,KG,H,EC-D6,,211,0000004320,,
4900010971,0001,2025-03-20,201,FU-001,EC,CS01,55.2,L,H,EC-D1,,,,,
4900010972,0001,2025-03-20,201,FU-001,EC,CS01,39.9,L,H,EC-D2,,,,,
4900010973,0001,2025-03-20,201,FU-001,EC,CS01,97.2,L,H,EC-D3,,,,,
4900010974,0001,2025-03-20,201,FU-001,EC,CS01,161.8,L,H,EC-D4,,,,,
4900010975,0001,2025-03-20,201,FU-001,EC,CS01,140.5,L,H,EC-D5,,,,,
4900010976,0001,2025-03-20,201,FU-001,EC,CS01,57.0,L,H,EC-D6,,,,,
4900010977,0001,2025-03-20,201,FU-001,EC,CS01,114.9,L,H,EC-D7,,,,,
4900010978,0001,2025-03-20,201,FU-001,EC,CS01,610.7,L,H,EC-GEN,,,,,
4900010979,0001,2025-03-21,101,FE-001,EC,CS01,244450,KG,S,,,,,4500000466,00010
4900010980,0001,2025-03-21,201,FE-001,EC,CS01,10576.1,KG,H,EC-D1,,19,0000003565,,
4900010981,0001,2025-03-21,201,FE-001,EC,CS01,4442.6,KG,H,EC-D3,,80,0000003805,,
4900010982,0001,2025-03-21,201,FE-001,EC,CS01,1761.7,KG,H,EC-D3,,119,0000003961,,
4900010983,0001,2025-03-21,201,FE-001,EC,CS01,13393.7,KG,H,EC-D4,,141,0000004057,,
4900010984,0001,2025-03-21,201,FE-001,EC,CS01,13969.9,KG,H,EC-D4,,153,0000004105,,
4900010985,0001,2025-03-21,201,FE-001,EC,CS01,18563.9,KG,H,EC-D5,,168,0000004153,,
4900010986,0001,2025-03-21,201,FE-001,EC,CS01,9284.9,KG,H,EC-D5,,200,0000004269,,
4900010987,0001,2025-03-21,201,FE-001,EC,CS01,9563.0,KG,H,EC-D6,,248,0000004365,,
4900010988,0001,2025-03-21,201,FE-001,EC,CS01,9197.7,KG,H,EC-D6,,249,0000004369,,
4900010989,0001,2025-03-21,201,FE-001,EC,CS01,4350.8,KG,H,EC-D7,,294,0000004501,,
4900010990,0001,2025-03-21,201,FE-001,EC,CS01,6442.6,KG,H,EC-D7,,329,0000004577,,
4900010991,0001,2025-03-21,201,FE-002,EC,CS01,1926.9,KG,H,EC-D1,,7,0000003518,,
4900010992,0001,2025-03-21,201,FE-002,EC,CS01,2200.5,KG,H,EC-D2,,56,0000003710,,
4900010993,0001,2025-03-21,201,FE-002,EC,CS01,3556.5,KG,H,EC-D3,,107,0000003914,,
4900010994,0001,2025-03-21,201,FE-002,EC,CS01,1113.9,KG,H,EC-D3,,116,0000003950,,
4900010995,0001,2025-03-21,201,FE-002,EC,CS01,2329.9,KG,H,EC-D4,,139,0000004050,,
4900010996,0001,2025-03-21,201,FE-002,EC,CS01,2985.0,KG,H,EC-D6,,250,0000004374,,
4900010997,0001,2025-03-21,201,FE-002,EC,CS01,919.9,KG,H,EC-D6,,258,0000004406,,
4900010998,0001,2025-03-21,201,FE-003,EC,CS01,1903.9,KG,H,EC-D4,,156,0000004119,,
4900010999,0001,2025-03-21,201,FE-003,EC,CS01,567.9,KG,H,EC-D7,,288,0000004479,,
4900011000,0001,2025-03-21,201,FE-004,EC,CS01,246.0,KG,H,EC-D1,,30,0000003612,,
4900011001,0001,2025-03-21,201,FE-004,EC,CS01,222.2,KG,H,EC-D1,,39,0000003648,,
4900011002,0001,2025-03-21,201,FE-004,EC,CS01,247.7,KG,H,EC-D3,,77,0000003796,,
4900011003,0001,2025-03-21,201,FE-004,EC,CS01,214.1,KG,H,EC-D4,,142,0000004064,,
4900011004,0001,2025-03-21,201,FE-004,EC,CS01,105.8,KG,H,EC-D5,,192,0000004240,,
4900011005,0001,2025-03-21,101,FU-001,EC,CS01,8000,L,S,,,,,4500000509,00010
4900011006,0001,2025-03-21,201,FU-001,EC,CS01,38.6,L,H,EC-D1,,,,,
4900011007,0001,2025-03-21,201,FU-001,EC,CS01,75.8,L,H,EC-D2,,,,,
4900011008,0001,2025-03-21,201,FU-001,EC,CS01,93.8,L,H,EC-D3,,,,,
4900011009,0001,2025-03-21,201,FU-001,EC,CS01,191.4,L,H,EC-D4,,,,,
4900011010,0001,2025-03-21,201,FU-001,EC,CS01,111.9,L,H,EC-D5,,,,,
4900011011,0001,2025-03-21,201,FU-001,EC,CS01,200.8,L,H,EC-D6,,,,,
4900011012,0001,2025-03-21,201,FU-001,EC,CS01,127.8,L,H,EC-D7,,,,,
4900011013,0001,2025-03-21,201,FU-001,EC,CS01,754.1,L,H,EC-GEN,,,,,
4900011014,0001,2025-03-21,101,SP-001,EC,CS01,4,EA,S,,,,,4500000496,00010
4900011015,0001,2025-03-21,261,SP-005,EC,CS01,1,EA,H,EC-WS,PM-00002,,,,
4900011016,0001,2025-03-21,261,SP-007,EC,CS01,1,EA,H,EC-WS,PM-00165,,,,
4900011017,0001,2025-03-22,201,FE-001,EC,CS01,5169.7,KG,H,EC-D1,,7,0000003517,,
4900011018,0001,2025-03-22,201,FE-001,EC,CS01,9606.0,KG,H,EC-D2,,45,0000003669,,
4900011019,0001,2025-03-22,201,FE-001,EC,CS01,10030.1,KG,H,EC-D4,,152,0000004101,,
4900011020,0001,2025-03-22,201,FE-001,EC,CS01,5198.4,KG,H,EC-D5,,174,0000004177,,
4900011021,0001,2025-03-22,201,FE-002,EC,CS01,2309.0,KG,H,EC-D2,,41,0000003654,,
4900011022,0001,2025-03-22,201,FE-002,EC,CS01,3468.0,KG,H,EC-D3,,75,0000003786,,
4900011023,0001,2025-03-22,201,FE-002,EC,CS01,4338.2,KG,H,EC-D4,,160,0000004134,,
4900011024,0001,2025-03-22,201,FE-002,EC,CS01,3600.1,KG,H,EC-D5,,193,0000004242,,
4900011025,0001,2025-03-22,201,FE-002,EC,CS01,2259.7,KG,H,EC-D6,,210,0000004314,,
4900011026,0001,2025-03-22,201,FE-002,EC,CS01,3708.4,KG,H,EC-D6,,248,0000004366,,
4900011027,0001,2025-03-22,201,FE-003,EC,CS01,1159.9,KG,H,EC-D2,,62,0000003731,,
4900011028,0001,2025-03-22,201,FE-003,EC,CS01,1591.8,KG,H,EC-D3,,100,0000003887,,
4900011029,0001,2025-03-22,201,FE-003,EC,CS01,2764.5,KG,H,EC-D4,,131,0000004019,,
4900011030,0001,2025-03-22,201,FE-003,EC,CS01,1440.1,KG,H,EC-D7,,308,0000004559,,
4900011031,0001,2025-03-22,201,FE-003,EC,CS01,930.9,KG,H,EC-D7,,329,0000004579,,
4900011032,0001,2025-03-22,201,FE-004,EC,CS01,336.4,KG,H,EC-D2,,57,0000003716,,
4900011033,0001,2025-03-22,201,FE-004,EC,CS01,121.9,KG,H,EC-D3,,116,0000003952,,
4900011034,0001,2025-03-22,201,FE-004,EC,CS01,332.9,KG,H,EC-D6,,204,0000004292,,
4900011035,0001,2025-03-22,201,FU-001,EC,CS01,122.9,L,H,EC-D1,,,,,
4900011036,0001,2025-03-22,201,FU-001,EC,CS01,75.7,L,H,EC-D2,,,,,
4900011037,0001,2025-03-22,201,FU-001,EC,CS01,90.8,L,H,EC-D3,,,,,
4900011038,0001,2025-03-22,201,FU-001,EC,CS01,87.7,L,H,EC-D4,,,,,
4900011039,0001,2025-03-22,201,FU-001,EC,CS01,127.3,L,H,EC-D6,,,,,
4900011040,0001,2025-03-22,201,FU-001,EC,CS01,84.3,L,H,EC-D7,,,,,
4900011041,0001,2025-03-22,201,FU-001,EC,CS01,697.8,L,H,EC-GEN,,,,,
4900011042,0001,2025-03-22,261,SP-008,EC,CS01,1,EA,H,EC-WS,PM-00093,,,,
4900011043,0001,2025-03-23,101,FE-001,EC,CS01,244450,KG,S,,,,,4500000462,00010
4900011044,0001,2025-03-23,201,FE-001,EC,CS01,8369.0,KG,H,EC-D2,,64,0000003737,,
4900011045,0001,2025-03-23,201,FE-001,EC,CS01,8417.7,KG,H,EC-D2,,68,0000003753,,
4900011046,0001,2025-03-23,201,FE-001,EC,CS01,5142.2,KG,H,EC-D3,,107,0000003913,,
4900011047,0001,2025-03-23,201,FE-001,EC,CS01,10971.0,KG,H,EC-D6,,250,0000004373,,
4900011048,0001,2025-03-23,201,FE-002,EC,CS01,1874.6,KG,H,EC-D7,,304,0000004542,,
4900011049,0001,2025-03-23,201,FE-002,EC,CS01,2946.4,KG,H,EC-D7,,334,0000004598,,
4900011050,0001,2025-03-23,201,FE-003,EC,CS01,2053.0,KG,H,EC-D1,,12,0000003539,,
4900011051,0001,2025-03-23,201,FE-003,EC,CS01,1802.7,KG,H,EC-D1,,21,0000003575,,
4900011052,0001,2025-03-23,201,FE-003,EC,CS01,1591.9,KG,H,EC-D2,,56,0000003711,,
4900011053,0001,2025-03-23,201,FE-003,EC,CS01,2180.8,KG,H,EC-D3,,96,0000003871,,
4900011054,0001,2025-03-23,201,FE-003,EC,CS01,1932.6,KG,H,EC-D5,,194,0000004247,,
4900011055,0001,2025-03-23,201,FE-003,EC,CS01,1764.8,KG,H,EC-D6,,205,0000004295,,
4900011056,0001,2025-03-23,201,FU-001,EC,CS01,87.0,L,H,EC-D1,,,,,
4900011057,0001,2025-03-23,201,FU-001,EC,CS01,51.8,L,H,EC-D2,,,,,
4900011058,0001,2025-03-23,201,FU-001,EC,CS01,83.7,L,H,EC-D3,,,,,
4900011059,0001,2025-03-23,201,FU-001,EC,CS01,130.1,L,H,EC-D4,,,,,
4900011060,0001,2025-03-23,201,FU-001,EC,CS01,144.8,L,H,EC-D5,,,,,
4900011061,0001,2025-03-23,201,FU-001,EC,CS01,48.7,L,H,EC-D6,,,,,
4900011062,0001,2025-03-23,201,FU-001,EC,CS01,134.4,L,H,EC-D7,,,,,
4900011063,0001,2025-03-23,201,FU-001,EC,CS01,683.0,L,H,EC-GEN,,,,,
4900011064,0001,2025-03-23,261,SP-008,EC,CS01,1,EA,H,EC-WS,PM-00086,,,,
4900011065,0001,2025-03-24,201,AC-001,EC,CS01,16.6,L,H,EC-D1,WO-2025-0324-U-004,12,,,
4900011066,0001,2025-03-24,201,AC-001,EC,CS01,10.8,L,H,EC-D3,WO-2025-0324-U-012,77,,,
4900011067,0001,2025-03-24,201,AC-001,EC,CS01,1.0,L,H,EC-D4,WO-2025-0324-U-017,150,,,
4900011068,0001,2025-03-24,201,AC-001,EC,CS01,10.7,L,H,EC-D5,WO-2025-0324-U-021,172,,,
4900011069,0001,2025-03-24,201,AC-001,EC,CS01,18.7,L,H,EC-D6,WO-2025-0324-U-026,203,,,
4900011070,0001,2025-03-24,201,AC-001,EC,CS01,15.2,L,H,EC-D7,WO-2025-0324-U-031,342,,,
4900011071,0001,2025-03-24,201,AC-002,EC,CS01,0.6,KG,H,EC-D1,WO-2025-0324-U-004,12,,,
4900011072,0001,2025-03-24,201,AC-002,EC,CS01,0.04,KG,H,EC-D4,WO-2025-0324-U-017,150,,,
4900011073,0001,2025-03-24,201,FE-001,EC,CS01,7427.0,KG,H,EC-D2,,43,0000003661,,
4900011074,0001,2025-03-24,201,FE-001,EC,CS01,15445.1,KG,H,EC-D3,,75,0000003785,,
4900011075,0001,2025-03-24,101,FE-002,EC,CS01,99300,KG,S,,,,,4500000442,00010
4900011076,0001,2025-03-24,101,FE-002,EC,CS01,99300,KG,S,,,,,4500000463,00010
4900011077,0001,2025-03-24,201,FE-002,EC,CS01,3104.4,KG,H,EC-D2,,44,0000003666,,
4900011078,0001,2025-03-24,201,FE-002,EC,CS01,2204.9,KG,H,EC-D2,,53,0000003698,,
4900011079,0001,2025-03-24,201,FE-002,EC,CS01,4062.6,KG,H,EC-D3,,108,0000003918,,
4900011080,0001,2025-03-24,201,FE-002,EC,CS01,222.3,KG,H,EC-D3,,369,0000003974,,
4900011081,0001,2025-03-24,201,FE-002,EC,CS01,2914.0,KG,H,EC-D4,,132,0000004022,,
4900011082,0001,2025-03-24,201,FE-002,EC,CS01,1008.2,KG,H,EC-D4,,155,0000004114,,
4900011083,0001,2025-03-24,101,FE-003,EC,CS01,29050,KG,S,,,,,4500000435,00010
4900011084,0001,2025-03-24,201,FE-003,EC,CS01,2182.0,KG,H,EC-D2,,47,0000003679,,
4900011085,0001,2025-03-24,201,FE-003,EC,CS01,1374.0,KG,H,EC-D3,,94,0000003863,,
4900011086,0001,2025-03-24,201,FE-003,EC,CS01,1960.9,KG,H,EC-D5,,172,0000004171,,
4900011087,0001,2025-03-24,201,FE-003,EC,CS01,1850.9,KG,H,EC-D7,,309,0000004563,,
4900011088,0001,2025-03-24,101,FE-004,EC,CS01,13550,KG,S,,,,,4500000433,00010
4900011089,0001,2025-03-24,201,FE-004,EC,CS01,25.8,KG,H,EC-D3,,369,0000003976,,
4900011090,0001,2025-03-24,201,FE-004,EC,CS01,226.4,KG,H,EC-D6,,249,0000004372,,
4900011091,0001,2025-03-24,201,FE-004,EC,CS01,60.8,KG,H,EC-D7,,288,0000004480,,
4900011092,0001,2025-03-24,201,FE-004,EC,CS01,224.0,KG,H,EC-D7,,299,0000004524,,
4900011093,0001,2025-03-24,201,FU-001,EC,CS01,55.4,L,H,EC-D1,,,,,
4900011094,0001,2025-03-24,201,FU-001,EC,CS01,111.0,L,H,EC-D2,,,,,
4900011095,0001,2025-03-24,201,FU-001,EC,CS01,178.1,L,H,EC-D3,,,,,
4900011096,0001,2025-03-24,201,FU-001,EC,CS01,66.4,L,H,EC-D4,,,,,
4900011097,0001,2025-03-24,201,FU-001,EC,CS01,150.1,L,H,EC-D5,,,,,
4900011098,0001,2025-03-24,201,FU-001,EC,CS01,143.5,L,H,EC-D6,,,,,
4900011099,0001,2025-03-24,201,FU-001,EC,CS01,87.3,L,H,EC-D7,,,,,
4900011100,0001,2025-03-24,201,FU-001,EC,CS01,679.8,L,H,EC-GEN,,,,,
4900011101,0001,2025-03-24,261,SP-007,EC,CS01,1,EA,H,EC-WS,PM-00036,,,,
4900011102,0001,2025-03-25,201,FE-001,EC,CS01,9648.6,KG,H,EC-D2,,47,0000003677,,
4900011103,0001,2025-03-25,201,FE-001,EC,CS01,13107.5,KG,H,EC-D3,,89,0000003841,,
4900011104,0001,2025-03-25,201,FE-001,EC,CS01,9617.8,KG,H,EC-D3,,103,0000003897,,
4900011105,0001,2025-03-25,201,FE-001,EC,CS01,3597.6,KG,H,EC-D7,,307,0000004553,,
4900011106,0001,2025-03-25,201,FE-002,EC,CS01,3146.3,KG,H,EC-D3,,101,0000003890,,
4900011107,0001,2025-03-25,201,FE-002,EC,CS01,2945.3,KG,H,EC-D4,,135,0000004034,,
4900011108,0001,2025-03-25,101,FE-003,EC,CS01,90700,KG,S,,,,,4500000453,00010
4900011109,0001,2025-03-25,201,FE-003,EC,CS01,1081.8,KG,H,EC-D2,,65,0000003743,,
4900011110,0001,2025-03-25,201,FE-003,EC,CS01,2620.6,KG,H,EC-D4,,152,0000004103,,
4900011111,0001,2025-03-25,201,FE-003,EC,CS01,2261.9,KG,H,EC-D6,,211,0000004319,,
4900011112,0001,2025-03-25,201,FE-003,EC,CS01,1615.9,KG,H,EC-D6,,222,0000004343,,
4900011113,0001,2025-03-25,201,FE-003,EC,CS01,1566.7,KG,H,EC-D7,,291,0000004491,,
4900011114,0001,2025-03-25,201,FE-004,EC,CS01,260.6,KG,H,EC-D2,,44,0000003668,,
4900011115,0001,2025-03-25,201,FE-004,EC,CS01,285.0,KG,H,EC-D2,,60,0000003728,,
4900011116,0001,2025-03-25,201,FE-004,EC,CS01,160.7,KG,H,EC-D4,,165,0000004148,,
4900011117,0001,2025-03-25,201,FE-004,EC,CS01,225.7,KG,H,EC-D6,,230,0000004352,,
4900011118,0001,2025-03-25,201,FU-001,EC,CS01,68.6,L,H,EC-D1,,,,,
4900011119,0001,2025-03-25,201,FU-001,EC,CS01,75.9,L,H,EC-D2,,,,,
4900011120,0001,2025-03-25,201,FU-001,EC,CS01,79.2,L,H,EC-D3,,,,,
4900011121,0001,2025-03-25,201,FU-001,EC,CS01,132.7,L,H,EC-D4,,,,,
4900011122,0001,2025-03-25,201,FU-001,EC,CS01,45.9,L,H,EC-D5,,,,,
4900011123,0001,2025-03-25,201,FU-001,EC,CS01,146.6,L,H,EC-D6,,,,,
4900011124,0001,2025-03-25,201,FU-001,EC,CS01,103.5,L,H,EC-D7,,,,,
4900011125,0001,2025-03-25,201,FU-001,EC,CS01,675.2,L,H,EC-GEN,,,,,
4900011126,0001,2025-03-25,261,SP-001,EC,CS01,1,EA,H,EC-WS,PM-00096,,,,
4900011127,0001,2025-03-26,201,AC-003,EC,CS01,1.36,L,H,EC-D4,WO-2025-0326-P-001,142,,,
4900011128,0001,2025-03-26,201,FE-001,EC,CS01,13535.8,KG,H,EC-D1,,25,0000003589,,
4900011129,0001,2025-03-26,201,FE-001,EC,CS01,12119.6,KG,H,EC-D2,,63,0000003733,,
4900011130,0001,2025-03-26,201,FE-001,EC,CS01,8947.0,KG,H,EC-D4,,140,0000004053,,
4900011131,0001,2025-03-26,201,FE-001,EC,CS01,7376.9,KG,H,EC-D6,,246,0000004357,,
4900011132,0001,2025-03-26,201,FE-001,EC,CS01,8318.9,KG,H,EC-D7,,306,0000004549,,
4900011133,0001,2025-03-26,201,FE-002,EC,CS01,1962.3,KG,H,EC-D2,,57,0000003714,,
4900011134,0001,2025-03-26,201,FE-002,EC,CS01,1218.1,KG,H,EC-D5,,192,0000004238,,
4900011135,0001,2025-03-26,201,FE-003,EC,CS01,2466.0,KG,H,EC-D1,,33,0000003623,,
4900011136,0001,2025-03-26,201,FE-003,EC,CS01,127.3,KG,H,EC-D4,,154,0000004111,,
4900011137,0001,2025-03-26,201,FE-004,EC,CS01,246.9,KG,H,EC-D1,,24,0000003588,,
4900011138,0001,2025-03-26,201,FE-004,EC,CS01,319.8,KG,H,EC-D6,,203,0000004288,,
4900011139,0001,2025-03-26,201,FE-004,EC,CS01,120.8,KG,H,EC-D7,,307,0000004556,,
4900011140,0001,2025-03-26,201,FU-001,EC,CS01,55.5,L,H,EC-D1,,,,,
4900011141,0001,2025-03-26,201,FU-001,EC,CS01,80.9,L,H,EC-D2,,,,,
4900011142,0001,2025-03-26,201,FU-001,EC,CS01,74.6,L,H,EC-D3,,,,,
4900011143,0001,2025-03-26,201,FU-001,EC,CS01,208.8,L,H,EC-D4,,,,,
4900011144,0001,2025-03-26,201,FU-001,EC,CS01,187.3,L,H,EC-D5,,,,,
4900011145,0001,2025-03-26,201,FU-001,EC,CS01,242.5,L,H,EC-D6,,,,,
4900011146,0001,2025-03-26,201,FU-001,EC,CS01,172.1,L,H,EC-D7,,,,,
4900011147,0001,2025-03-26,201,FU-001,EC,CS01,612.2,L,H,EC-GEN,,,,,
4900011148,0001,2025-03-27,201,AC-001,EC,CS01,11.5,L,H,EC-D1,WO-2025-0327-U-004,12,,,
4900011149,0001,2025-03-27,201,AC-001,EC,CS01,22.4,L,H,EC-D2,WO-2025-0327-U-008,66,,,
4900011150,0001,2025-03-27,201,AC-001,EC,CS01,2.5,L,H,EC-D3,WO-2025-0327-U-013,82,,,
4900011151,0001,2025-03-27,201,AC-001,EC,CS01,23.2,L,H,EC-D4,WO-2025-0327-U-018,149,,,
4900011152,0001,2025-03-27,201,AC-001,EC,CS01,3.6,L,H,EC-D5,WO-2025-0327-U-022,172,,,
4900011153,0001,2025-03-27,201,AC-001,EC,CS01,13.7,L,H,EC-D6,WO-2025-0327-U-027,223,,,
4900011154,0001,2025-03-27,201,AC-001,EC,CS01,13.0,L,H,EC-D7,WO-2025-0327-U-031,342,,,
4900011155,0001,2025-03-27,201,AC-002,EC,CS01,0.45,KG,H,EC-D1,WO-2025-0327-U-004,12,,,
4900011156,0001,2025-03-27,201,AC-002,EC,CS01,0.1,KG,H,EC-D3,WO-2025-0327-U-013,82,,,
4900011157,0001,2025-03-27,201,AC-002,EC,CS01,0.14,KG,H,EC-D5,WO-2025-0327-U-022,172,,,
4900011158,0001,2025-03-27,201,AC-002,EC,CS01,0.49,KG,H,EC-D7,WO-2025-0327-U-031,342,,,
4900011159,0001,2025-03-27,201,FE-001,EC,CS01,1089.3,KG,H,EC-D4,,127,0000004001,,
4900011160,0001,2025-03-27,201,FE-001,EC,CS01,17319.6,KG,H,EC-D5,,189,0000004229,,
4900011161,0001,2025-03-27,201,FE-001,EC,CS01,5544.6,KG,H,EC-D6,,270,0000004453,,
4900011162,0001,2025-03-27,201,FE-001,EC,CS01,11774.3,KG,H,EC-D7,,339,0000004617,,
4900011163,0001,2025-03-27,101,FE-002,EC,CS01,99300,KG,S,,,,,4500000451,00010
4900011164,0001,2025-03-27,201,FE-002,EC,CS01,424.2,KG,H,EC-D5,,373,0000004282,,
4900011165,0001,2025-03-27,201,FE-002,EC,CS01,3067.0,KG,H,EC-D6,,222,0000004342,,
4900011166,0001,2025-03-27,201,FE-002,EC,CS01,2304.7,KG,H,EC-D7,,300,0000004526,,
4900011167,0001,2025-03-27,201,FE-003,EC,CS01,772.8,KG,H,EC-D1,,5,0000003511,,
4900011168,0001,2025-03-27,201,FE-003,EC,CS01,1703.5,KG,H,EC-D2,,42,0000003659,,
4900011169,0001,2025-03-27,201,FE-003,EC,CS01,1613.9,KG,H,EC-D2,,54,0000003703,,
4900011170,0001,2025-03-27,201,FE-003,EC,CS01,2053.0,KG,H,EC-D2,,58,0000003719,,
4900011171,0001,2025-03-27,201,FE-003,EC,CS01,3107.4,KG,H,EC-D3,,75,0000003787,,
4900011172,0001,2025-03-27,201,FE-003,EC,CS01,1928.9,KG,H,EC-D4,,146,0000004079,,
4900011173,0001,2025-03-27,201,FE-003,EC,CS01,2497.9,KG,H,EC-D4,,147,0000004083,,
4900011174,0001,2025-03-27,201,FE-004,EC,CS01,199.6,KG,H,EC-D2,,51,0000003692,,
4900011175,0001,2025-03-27,201,FE-004,EC,CS01,181.6,KG,H,EC-D3,,90,0000003848,,
4900011176,0001,2025-03-27,201,FE-004,EC,CS01,106.2,KG,H,EC-D4,,123,0000003988,,
4900011177,0001,2025-03-27,201,FE-004,EC,CS01,115.4,KG,H,EC-D7,,295,0000004508,,
4900011178,0001,2025-03-27,201,FE-004,EC,CS01,191.6,KG,H,EC-D7,,306,0000004552,,
4900011179,0001,2025-03-27,201,FU-001,EC,CS01,62.7,L,H,EC-D1,,,,,
4900011180,0001,2025-03-27,201,FU-001,EC,CS01,91.3,L,H,EC-D2,,,,,
4900011181,0001,2025-03-27,201,FU-001,EC,CS01,89.6,L,H,EC-D3,,,,,
4900011182,0001,2025-03-27,201,FU-001,EC,CS01,156.2,L,H,EC-D4,,,,,
4900011183,0001,2025-03-27,201,FU-001,EC,CS01,126.3,L,H,EC-D5,,,,,
4900011184,0001,2025-03-27,201,FU-001,EC,CS01,242.3,L,H,EC-D6,,,,,
4900011185,0001,2025-03-27,201,FU-001,EC,CS01,119.4,L,H,EC-D7,,,,,
4900011186,0001,2025-03-27,201,FU-001,EC,CS01,696.4,L,H,EC-GEN,,,,,
4900011187,0001,2025-03-28,201,AC-001,EC,CS01,25.1,L,H,EC-D1,WO-2025-0328-U-004,14,,,
4900011188,0001,2025-03-28,201,AC-001,EC,CS01,8.3,L,H,EC-D2,WO-2025-0328-U-008,66,,,
4900011189,0001,2025-03-28,201,AC-001,EC,CS01,3.1,L,H,EC-D3,WO-2025-0328-U-013,369,,,
4900011190,0001,2025-03-28,201,AC-001,EC,CS01,5.2,L,H,EC-D4,WO-2025-0328-U-018,149,,,
4900011191,0001,2025-03-28,201,AC-001,EC,CS01,11.0,L,H,EC-D5,WO-2025-0328-U-022,180,,,
4900011192,0001,2025-03-28,201,AC-001,EC,CS01,17.7,L,H,EC-D6,WO-2025-0328-U-027,223,,,
4900011193,0001,2025-03-28,201,AC-001,EC,CS01,3.3,L,H,EC-D7,WO-2025-0328-U-031,342,,,
4900011194,0001,2025-03-28,201,AC-002,EC,CS01,0.95,KG,H,EC-D1,WO-2025-0328-U-004,14,,,
4900011195,0001,2025-03-28,201,AC-002,EC,CS01,0.32,KG,H,EC-D2,WO-2025-0328-U-008,66,,,
4900011196,0001,2025-03-28,201,AC-002,EC,CS01,0.13,KG,H,EC-D3,WO-2025-0328-U-013,369,,,
4900011197,0001,2025-03-28,201,AC-002,EC,CS01,0.71,KG,H,EC-D6,WO-2025-0328-U-027,223,,,
4900011198,0001,2025-03-28,201,FE-001,EC,CS01,12257.6,KG,H,EC-D2,,382,0000003781,,
4900011199,0001,2025-03-28,201,FE-001,EC,CS01,9172.7,KG,H,EC-D4,,142,0000004061,,
4900011200,0001,2025-03-28,201,FE-001,EC,CS01,8237.8,KG,H,EC-D7,,344,0000004637,,
4900011201,0001,2025-03-28,201,FE-002,EC,CS01,2450.0,KG,H,EC-D1,,20,0000003570,,
4900011202,0001,2025-03-28,201,FE-002,EC,CS01,2163.2,KG,H,EC-D2,,42,0000003658,,
4900011203,0001,2025-03-28,201,FE-002,EC,CS01,2194.1,KG,H,EC-D2,,58,0000003718,,
4900011204,0001,2025-03-28,201,FE-002,EC,CS01,3436.6,KG,H,EC-D4,,158,0000004126,,
4900011205,0001,2025-03-28,201,FE-002,EC,CS01,3251.2,KG,H,EC-D7,,342,0000004630,,
4900011206,0001,2025-03-28,201,FE-003,EC,CS01,822.9,KG,H,EC-D3,,106,0000003911,,
4900011207,0001,2025-03-28,201,FE-003,EC,CS01,1663.4,KG,H,EC-D6,,249,0000004371,,
4900011208,0001,2025-03-28,201,FE-004,EC,CS01,212.6,KG,H,EC-D1,,2,0000003500,,
4900011209,0001,2025-03-28,201,FE-004,EC,CS01,255.6,KG,H,EC-D2,,45,0000003672,,
4900011210,0001,2025-03-28,201,FE-004,EC,CS01,251.4,KG,H,EC-D3,,85,0000003828,,
4900011211,0001,2025-03-28,201,FE-004,EC,CS01,273.8,KG,H,EC-D3,,102,0000003896,,
4900011212,0001,2025-03-28,201,FE-004,EC,CS01,118.7,KG,H,EC-D4,,166,0000004152,,
4900011213,0001,2025-03-28,201,FE-004,EC,CS01,224.5,KG,H,EC-D5,,176,0000004184,,
4900011214,0001,2025-03-28,201,FE-004,EC,CS01,227.0,KG,H,EC-D6,,212,0000004324,,
4900011215,0001,2025-03-28,201,FE-004,EC,CS01,338.5,KG,H,EC-D6,,256,0000004400,,
4900011216,0001,2025-03-28,201,FU-001,EC,CS01,69.5,L,H,EC-D1,,,,,
4900011217,0001,2025-03-28,201,FU-001,EC,CS01,80.0,L,H,EC-D2,,,,,
4900011218,0001,2025-03-28,201,FU-001,EC,CS01,139.0,L,H,EC-D3,,,,,
4900011219,0001,2025-03-28,201,FU-001,EC,CS01,73.2,L,H,EC-D4,,,,,
4900011220,0001,2025-03-28,201,FU-001,EC,CS01,169.3,L,H,EC-D5,,,,,
4900011221,0001,2025-03-28,201,FU-001,EC,CS01,72.8,L,H,EC-D6,,,,,
4900011222,0001,2025-03-28,201,FU-001,EC,CS01,94.9,L,H,EC-D7,,,,,
4900011223,0001,2025-03-28,201,FU-001,EC,CS01,631.0,L,H,EC-GEN,,,,,
4900011224,0001,2025-03-29,201,AC-001,EC,CS01,12.5,L,H,EC-D1,WO-2025-0329-U-004,14,,,
4900011225,0001,2025-03-29,201,AC-001,EC,CS01,11.1,L,H,EC-D2,WO-2025-0329-U-008,40,,,
4900011226,0001,2025-03-29,201,AC-001,EC,CS01,16.3,L,H,EC-D3,WO-2025-0329-U-013,99,,,
4900011227,0001,2025-03-29,201,AC-001,EC,CS01,19.8,L,H,EC-D4,WO-2025-0329-U-018,145,,,
4900011228,0001,2025-03-29,201,AC-001,EC,CS01,13.0,L,H,EC-D5,WO-2025-0329-U-022,180,,,
4900011229,0001,2025-03-29,201,AC-001,EC,CS01,24.6,L,H,EC-D6,WO-2025-0329-U-027,272,,,
4900011230,0001,2025-03-29,201,AC-001,EC,CS01,7.6,L,H,EC-D7,WO-2025-0329-U-031,288,,,
4900011231,0001,2025-03-29,201,AC-002,EC,CS01,0.47,KG,H,EC-D2,WO-2025-0329-U-008,40,,,
4900011232,0001,2025-03-29,201,AC-002,EC,CS01,0.53,KG,H,EC-D5,WO-2025-0329-U-022,180,,,
4900011233,0001,2025-03-29,201,AC-002,EC,CS01,1.04,KG,H,EC-D6,WO-2025-0329-U-027,272,,,
4900011234,0001,2025-03-29,201,AC-002,EC,CS01,0.33,KG,H,EC-D7,WO-2025-0329-U-031,288,,,
4900011235,0001,2025-03-29,201,FE-001,EC,CS01,7849.0,KG,H,EC-D6,,211,0000004317,,
4900011236,0001,2025-03-29,201,FE-001,EC,CS01,9062.7,KG,H,EC-D6,,261,0000004417,,
4900011237,0001,2025-03-29,201,FE-001,EC,CS01,11434.3,KG,H,EC-D6,,266,0000004437,,
4900011238,0001,2025-03-29,201,FE-001,EC,CS01,5287.3,KG,H,EC-D6,,267,0000004441,,
4900011239,0001,2025-03-29,201,FE-002,EC,CS01,2450.7,KG,H,EC-D1,,31,0000003614,,
4900011240,0001,2025-03-29,201,FE-002,EC,CS01,189.4,KG,H,EC-D3,,82,0000003814,,
4900011241,0001,2025-03-29,201,FE-002,EC,CS01,1651.1,KG,H,EC-D3,,94,0000003862,,
4900011242,0001,2025-03-29,201,FE-002,EC,CS01,678.0,KG,H,EC-D4,,126,0000003998,,
4900011243,0001,2025-03-29,201,FE-002,EC,CS01,2570.7,KG,H,EC-D5,,179,0000004194,,
4900011244,0001,2025-03-29,201,FE-003,EC,CS01,2111.6,KG,H,EC-D1,,36,0000003635,,
4900011245,0001,2025-03-29,201,FE-003,EC,CS01,1807.8,KG,H,EC-D2,,71,0000003767,,
4900011246,0001,2025-03-29,201,FE-003,EC,CS01,927.7,KG,H,EC-D3,,97,0000003875,,
4900011247,0001,2025-03-29,201,FE-003,EC,CS01,451.1,KG,H,EC-D4,,125,0000003995,,
4900011248,0001,2025-03-29,201,FE-003,EC,CS01,1675.4,KG,H,EC-D5,,179,0000004195,,
4900011249,0001,2025-03-29,201,FE-004,EC,CS01,61.8,KG,H,EC-D1,,1,0000003496,,
4900011250,0001,2025-03-29,201,FE-004,EC,CS01,182.4,KG,H,EC-D1,,31,0000003616,,
4900011251,0001,2025-03-29,201,FE-004,EC,CS01,239.2,KG,H,EC-D2,,64,0000003740,,
4900011252,0001,2025-03-29,201,FE-004,EC,CS01,271.2,KG,H,EC-D2,,71,0000003768,,
4900011253,0001,2025-03-29,201,FE-004,EC,CS01,167.2,KG,H,EC-D3,,94,0000003864,,
4900011254,0001,2025-03-29,201,FE-004,EC,CS01,203.6,KG,H,EC-D3,,112,0000003936,,
4900011255,0001,2025-03-29,201,FE-004,EC,CS01,257.6,KG,H,EC-D4,,156,0000004120,,
4900011256,0001,2025-03-29,201,FE-004,EC,CS01,103.4,KG,H,EC-D7,,294,0000004504,,
4900011257,0001,2025-03-29,201,FE-004,EC,CS01,249.6,KG,H,EC-D7,,341,0000004628,,
4900011258,0001,2025-03-29,201,FU-001,EC,CS01,81.1,L,H,EC-D1,,,,,
4900011259,0001,2025-03-29,201,FU-001,EC,CS01,77.4,L,H,EC-D2,,,,,
4900011260,0001,2025-03-29,201,FU-001,EC,CS01,126.5,L,H,EC-D3,,,,,
4900011261,0001,2025-03-29,201,FU-001,EC,CS01,157.8,L,H,EC-D4,,,,,
4900011262,0001,2025-03-29,201,FU-001,EC,CS01,136.0,L,H,EC-D5,,,,,
4900011263,0001,2025-03-29,201,FU-001,EC,CS01,148.9,L,H,EC-D6,,,,,
4900011264,0001,2025-03-29,201,FU-001,EC,CS01,129.4,L,H,EC-D7,,,,,
4900011265,0001,2025-03-29,201,FU-001,EC,CS01,800.9,L,H,EC-GEN,,,,,
4900011266,0001,2025-03-29,261,SP-003,EC,CS01,1,EA,H,EC-WS,PM-00062,,,,
4900011267,0001,2025-03-30,201,FE-001,EC,CS01,10492.8,KG,H,EC-D1,,16,0000003553,,
4900011268,0001,2025-03-30,201,FE-001,EC,CS01,8893.8,KG,H,EC-D3,,90,0000003845,,
4900011269,0001,2025-03-30,201,FE-001,EC,CS01,5587.0,KG,H,EC-D3,,99,0000003881,,
4900011270,0001,2025-03-30,201,FE-001,EC,CS01,7676.6,KG,H,EC-D5,,180,0000004197,,
4900011271,0001,2025-03-30,201,FE-001,EC,CS01,10650.2,KG,H,EC-D5,,190,0000004233,,
4900011272,0001,2025-03-30,201,FE-001,EC,CS01,6166.7,KG,H,EC-D7,,330,0000004581,,
4900011273,0001,2025-03-30,201,FE-002,EC,CS01,2853.6,KG,H,EC-D4,,142,0000004062,,
4900011274,0001,2025-03-30,201,FE-002,EC,CS01,1628.2,KG,H,EC-D7,,308,0000004558,,
4900011275,0001,2025-03-30,201,FE-003,EC,CS01,2178.9,KG,H,EC-D1,,16,0000003555,,
4900011276,0001,2025-03-30,201,FE-003,EC,CS01,3155.7,KG,H,EC-D3,,83,0000003819,,
4900011277,0001,2025-03-30,201,FE-003,EC,CS01,1833.0,KG,H,EC-D4,,133,0000004027,,
4900011278,0001,2025-03-30,201,FE-003,EC,CS01,2103.4,KG,H,EC-D4,,159,0000004131,,
4900011279,0001,2025-03-30,201,FE-003,EC,CS01,2690.4,KG,H,EC-D6,,204,0000004291,,
4900011280,0001,2025-03-30,201,FE-003,EC,CS01,2213.4,KG,H,EC-D7,,346,0000004647,,
4900011281,0001,2025-03-30,201,FE-004,EC,CS01,244.6,KG,H,EC-D1,,26,0000003596,,
4900011282,0001,2025-03-30,201,FE-004,EC,CS01,288.9,KG,H,EC-D1,,32,0000003620,,
4900011283,0001,2025-03-30,201,FE-004,EC,CS01,172.3,KG,H,EC-D2,,41,0000003656,,
4900011284,0001,2025-03-30,201,FE-004,EC,CS01,264.5,KG,H,EC-D3,,86,0000003832,,
4900011285,0001,2025-03-30,201,FE-004,EC,CS01,126.3,KG,H,EC-D7,,287,0000004476,,
4900011286,0001,2025-03-30,201,FE-004,EC,CS01,167.6,KG,H,EC-D7,,338,0000004616,,
4900011287,0001,2025-03-30,201,FU-001,EC,CS01,64.6,L,H,EC-D1,,,,,
4900011288,0001,2025-03-30,201,FU-001,EC,CS01,59.4,L,H,EC-D2,,,,,
4900011289,0001,2025-03-30,201,FU-001,EC,CS01,100.5,L,H,EC-D3,,,,,
4900011290,0001,2025-03-30,201,FU-001,EC,CS01,119.4,L,H,EC-D4,,,,,
4900011291,0001,2025-03-30,201,FU-001,EC,CS01,51.3,L,H,EC-D5,,,,,
4900011292,0001,2025-03-30,201,FU-001,EC,CS01,53.6,L,H,EC-D6,,,,,
4900011293,0001,2025-03-30,201,FU-001,EC,CS01,83.7,L,H,EC-D7,,,,,
4900011294,0001,2025-03-30,201,FU-001,EC,CS01,720.4,L,H,EC-GEN,,,,,
4900011295,0001,2025-03-30,261,SP-002,EC,CS01,1,EA,H,EC-WS,PM-00045,,,,
4900011296,0001,2025-03-30,101,SP-007,EC,CS01,4,EA,S,,,,,4500000504,00010
4900011297,0001,2025-03-31,201,AC-003,EC,CS01,1.68,L,H,EC-D1,WO-2025-0331-P-001,24,,,
4900011298,0001,2025-03-31,702,AC-003,EC,CS01,0.06,L,H,EC-STORE,,,,,
4900011299,0001,2025-03-31,201,FE-001,EC,CS01,16163.1,KG,H,EC-D2,,59,0000003721,,
4900011300,0001,2025-03-31,201,FE-001,EC,CS01,11721.5,KG,H,EC-D3,,85,0000003825,,
4900011301,0001,2025-03-31,201,FE-001,EC,CS01,10970.4,KG,H,EC-D5,,172,0000004169,,
4900011302,0001,2025-03-31,201,FE-001,EC,CS01,14783.2,KG,H,EC-D6,,245,0000004353,,
4900011303,0001,2025-03-31,201,FE-001,EC,CS01,5117.7,KG,H,EC-D6,,251,0000004377,,
4900011304,0001,2025-03-31,201,FE-001,EC,CS01,11602.5,KG,H,EC-D6,,380,0000004469,,
4900011305,0001,2025-03-31,201,FE-002,EC,CS01,3195.1,KG,H,EC-D3,,83,0000003818,,
4900011306,0001,2025-03-31,201,FE-002,EC,CS01,1047.6,KG,H,EC-D4,,164,0000004142,,
4900011307,0001,2025-03-31,201,FE-002,EC,CS01,1240.4,KG,H,EC-D7,,287,0000004474,,
4900011308,0001,2025-03-31,201,FE-002,EC,CS01,1918.3,KG,H,EC-D7,,329,0000004578,,
4900011309,0001,2025-03-31,551,FE-002,EC,CS01,3615.32,KG,H,EC-STORE,,,,,
4900011310,0001,2025-03-31,201,FE-003,EC,CS01,2087.1,KG,H,EC-D1,,31,0000003615,,
4900011311,0001,2025-03-31,201,FE-003,EC,CS01,2692.1,KG,H,EC-D4,,138,0000004047,,
4900011312,0001,2025-03-31,201,FE-003,EC,CS01,3085.6,KG,H,EC-D4,,145,0000004075,,
4900011313,0001,2025-03-31,201,FE-003,EC,CS01,2195.3,KG,H,EC-D5,,181,0000004203,,
4900011314,0001,2025-03-31,201,FE-003,EC,CS01,1316.9,KG,H,EC-D5,,199,0000004267,,
4900011315,0001,2025-03-31,551,FE-003,EC,CS01,845.79,KG,H,EC-STORE,,,,,
4900011316,0001,2025-03-31,201,FE-004,EC,CS01,132.8,KG,H,EC-D1,,19,0000003568,,
4900011317,0001,2025-03-31,201,FE-004,EC,CS01,495.4,KG,H,EC-D3,,101,0000003892,,
4900011318,0001,2025-03-31,201,FE-004,EC,CS01,390.3,KG,H,EC-D3,,104,0000003904,,
4900011319,0001,2025-03-31,201,FE-004,EC,CS01,238.6,KG,H,EC-D4,,147,0000004084,,
4900011320,0001,2025-03-31,201,FE-004,EC,CS01,245.5,KG,H,EC-D6,,208,0000004308,,
4900011321,0001,2025-03-31,201,FE-004,EC,CS01,308.0,KG,H,EC-D6,,250,0000004376,,
4900011322,0001,2025-03-31,101,FU-001,EC,CS01,8000,L,S,,,,,4500000513,00010
4900011323,0001,2025-03-31,201,FU-001,EC,CS01,55.5,L,H,EC-D1,,,,,
4900011324,0001,2025-03-31,201,FU-001,EC,CS01,62.3,L,H,EC-D2,,,,,
4900011325,0001,2025-03-31,201,FU-001,EC,CS01,51.7,L,H,EC-D3,,,,,
4900011326,0001,2025-03-31,201,FU-001,EC,CS01,126.0,L,H,EC-D4,,,,,
4900011327,0001,2025-03-31,201,FU-001,EC,CS01,79.0,L,H,EC-D5,,,,,
4900011328,0001,2025-03-31,201,FU-001,EC,CS01,43.2,L,H,EC-D6,,,,,
4900011329,0001,2025-03-31,201,FU-001,EC,CS01,58.9,L,H,EC-D7,,,,,
4900011330,0001,2025-03-31,201,FU-001,EC,CS01,671.6,L,H,EC-GEN,,,,,
4900011331,0001,2025-03-31,261,SP-001,EC,CS01,1,EA,H,EC-WS,PM-00076,,,,
4900011332,0001,2025-03-31,101,SP-004,EC,CS01,4,EA,S,,,,,4500000476,00010
4900011333,0001,2025-03-31,261,SP-006,EC,CS01,1,EA,H,EC-WS,PM-00063,,,,
4900011334,0001,2025-04-01,201,AC-003,EC,CS01,6.22,L,H,EC-D4,WO-2025-0401-P-001,132,,,
4900011335,0001,2025-04-01,201,FE-001,EC,CS01,15344.2,KG,H,EC-D2,,57,0000003713,,
4900011336,0001,2025-04-01,201,FE-001,EC,CS01,2661.6,KG,H,EC-D4,,125,0000003993,,
4900011337,0001,2025-04-01,201,FE-001,EC,CS01,7824.4,KG,H,EC-D5,,179,0000004193,,
4900011338,0001,2025-04-01,201,FE-001,EC,CS01,9088.2,KG,H,EC-D6,,262,0000004421,,
4900011339,0001,2025-04-01,201,FE-001,EC,CS01,6822.3,KG,H,EC-D7,,346,0000004645,,
4900011340,0001,2025-04-01,201,FE-002,EC,CS01,2817.3,KG,H,EC-D1,,22,0000003578,,
4900011341,0001,2025-04-01,201,FE-002,EC,CS01,3298.9,KG,H,EC-D1,,34,0000003626,,
4900011342,0001,2025-04-01,201,FE-002,EC,CS01,1565.9,KG,H,EC-D2,,40,0000003650,,
4900011343,0001,2025-04-01,201,FE-002,EC,CS01,2930.6,KG,H,EC-D2,,59,0000003722,,
4900011344,0001,2025-04-01,201,FE-002,EC,CS01,1196.4,KG,H,EC-D2,,68,0000003754,,
4900011345,0001,2025-04-01,201,FE-002,EC,CS01,3213.8,KG,H,EC-D3,,87,0000003834,,
4900011346,0001,2025-04-01,201,FE-002,EC,CS01,2751.1,KG,H,EC-D3,,93,0000003858,,
4900011347,0001,2025-04-01,201,FE-002,EC,CS01,1551.4,KG,H,EC-D6,,265,0000004434,,
4900011348,0001,2025-04-01,201,FE-002,EC,CS01,2093.3,KG,H,EC-D6,,271,0000004458,,
4900011349,0001,2025-04-01,201,FE-003,EC,CS01,1932.8,KG,H,EC-D2,,49,0000003683,,
4900011350,0001,2025-04-01,201,FE-003,EC,CS01,347.4,KG,H,EC-D3,,119,0000003963,,
4900011351,0001,2025-04-01,201,FE-003,EC,CS01,1016.0,KG,H,EC-D4,,166,0000004151,,
4900011352,0001,2025-04-01,201,FE-003,EC,CS01,1535.1,KG,H,EC-D7,,337,0000004611,,
4900011353,0001,2025-04-01,201,FE-004,EC,CS01,71.6,KG,H,EC-D4,,126,0000004000,,
4900011354,0001,2025-04-01,201,FE-004,EC,CS01,275.4,KG,H,EC-D6,,206,0000004300,,
4900011355,0001,2025-04-01,201,FU-001,EC,CS01,119.2,L,H,EC-D1,,,,,
4900011356,0001,2025-04-01,201,FU-001,EC,CS01,167.1,L,H,EC-D2,,,,,
4900011357,0001,2025-04-01,201,FU-001,EC,CS01,253.5,L,H,EC-D3,,,,,
4900011358,0001,2025-04-01,201,FU-001,EC,CS01,126.4,L,H,EC-D4,,,,,
4900011359,0001,2025-04-01,201,FU-001,EC,CS01,236.7,L,H,EC-D5,,,,,
4900011360,0001,2025-04-01,201,FU-001,EC,CS01,452.9,L,H,EC-D6,,,,,
4900011361,0001,2025-04-01,201,FU-001,EC,CS01,314.7,L,H,EC-D7,,,,,
4900011362,0001,2025-04-01,201,FU-001,EC,CS01,507.5,L,H,EC-GEN,,,,,
4900011363,0001,2025-04-01,261,SP-001,EC,CS01,1,EA,H,EC-WS,PM-00082,,,,
4900011364,0001,2025-04-01,261,SP-002,EC,CS01,1,EA,H,EC-WS,PM-00084,,,,
4900011365,0001,2025-04-01,261,SP-003,EC,CS01,1,EA,H,EC-WS,PM-00155,,,,
4900011366,0001,2025-04-01,101,SP-006,EC,CS01,4,EA,S,,,,,4500000483,00010
4900011367,0001,2025-04-02,101,FE-001,EC,CS01,244450,KG,S,,,,,4500000446,00010
4900011368,0001,2025-04-02,101,FE-001,EC,CS01,244450,KG,S,,,,,4500000456,00010
4900011369,0001,2025-04-02,201,FE-001,EC,CS01,994.5,KG,H,EC-D3,,82,0000003813,,
4900011370,0001,2025-04-02,201,FE-001,EC,CS01,7399.5,KG,H,EC-D4,,144,0000004069,,
4900011371,0001,2025-04-02,201,FE-001,EC,CS01,10917.4,KG,H,EC-D4,,147,0000004081,,
4900011372,0001,2025-04-02,201,FE-001,EC,CS01,9229.0,KG,H,EC-D4,,159,0000004129,,
4900011373,0001,2025-04-02,201,FE-001,EC,CS01,12561.1,KG,H,EC-D5,,169,0000004157,,
4900011374,0001,2025-04-02,201,FE-001,EC,CS01,10240.5,KG,H,EC-D5,,185,0000004213,,
4900011375,0001,2025-04-02,201,FE-001,EC,CS01,10356.9,KG,H,EC-D6,,213,0000004325,,
4900011376,0001,2025-04-02,201,FE-001,EC,CS01,8959.3,KG,H,EC-D7,,292,0000004493,,
4900011377,0001,2025-04-02,201,FE-001,EC,CS01,11876.4,KG,H,EC-D7,,335,0000004601,,
4900011378,0001,2025-04-02,201,FE-002,EC,CS01,2915.5,KG,H,EC-D2,,54,0000003702,,
4900011379,0001,2025-04-02,201,FE-002,EC,CS01,1933.4,KG,H,EC-D6,,209,0000004310,,
4900011380,0001,2025-04-02,201,FE-002,EC,CS01,2030.3,KG,H,EC-D7,,290,0000004486,,
4900011381,0001,2025-04-02,201,FE-003,EC,CS01,555.6,KG,H,EC-D1,,6,0000003515,,
4900011382,0001,2025-04-02,201,FE-003,EC,CS01,1764.8,KG,H,EC-D1,,18,0000003563,,
4900011383,0001,2025-04-02,201,FE-003,EC,CS01,2070.0,KG,H,EC-D3,,88,0000003839,,
4900011384,0001,2025-04-02,201,FE-003,EC,CS01,2178.4,KG,H,EC-D5,,190,0000004235,,
4900011385,0001,2025-04-02,201,FE-003,EC,CS01,2059.5,KG,H,EC-D6,,246,0000004359,,
4900011386,0001,2025-04-02,201,FE-004,EC,CS01,265.3,KG,H,EC-D1,,21,0000003576,,
4900011387,0001,2025-04-02,201,FE-004,EC,CS01,406.7,KG,H,EC-D4,,160,0000004136,,
4900011388,0001,2025-04-02,201,FE-004,EC,CS01,326.1,KG,H,EC-D5,,196,0000004256,,
4900011389,0001,2025-04-02,201,FU-001,EC,CS01,87.8,L,H,EC-D1,,,,,
4900011390,0001,2025-04-02,201,FU-001,EC,CS01,69.4,L,H,EC-D2,,,,,
4900011391,0001,2025-04-02,201,FU-001,EC,CS01,154.6,L,H,EC-D3,,,,,
4900011392,0001,2025-04-02,201,FU-001,EC,CS01,147.4,L,H,EC-D4,,,,,
4900011393,0001,2025-04-02,201,FU-001,EC,CS01,104.9,L,H,EC-D5,,,,,
4900011394,0001,2025-04-02,201,FU-001,EC,CS01,134.8,L,H,EC-D6,,,,,
4900011395,0001,2025-04-02,201,FU-001,EC,CS01,233.2,L,H,EC-D7,,,,,
4900011396,0001,2025-04-02,201,FU-001,EC,CS01,758.6,L,H,EC-GEN,,,,,
4900011397,0001,2025-04-02,101,SP-002,EC,CS01,5,EA,S,,,,,4500000495,00010
4900011398,0001,2025-04-02,261,SP-004,EC,CS01,1,EA,H,EC-WS,PM-00112,,,,
4900011399,0001,2025-04-03,101,FE-001,EC,CS01,244450,KG,S,,,,,4500000436,00010
4900011400,0001,2025-04-03,101,FE-001,EC,CS01,244450,KG,S,,,,,4500000480,00010
4900011401,0001,2025-04-03,201,FE-001,EC,CS01,15032.0,KG,H,EC-D1,,22,0000003577,,
4900011402,0001,2025-04-03,201,FE-001,EC,CS01,9996.9,KG,H,EC-D2,,53,0000003697,,
4900011403,0001,2025-04-03,201,FE-001,EC,CS01,2399.3,KG,H,EC-D4,,126,0000003997,,
4900011404,0001,2025-04-03,201,FE-001,EC,CS01,8582.5,KG,H,EC-D4,,143,0000004065,,
4900011405,0001,2025-04-03,201,FE-001,EC,CS01,9874.8,KG,H,EC-D6,,222,0000004341,,
4900011406,0001,2025-04-03,201,FE-001,EC,CS01,6068.5,KG,H,EC-D7,,308,0000004557,,
4900011407,0001,2025-04-03,201,FE-002,EC,CS01,2115.7,KG,H,EC-D4,,131,0000004018,,
4900011408,0001,2025-04-03,201,FE-002,EC,CS01,3609.4,KG,H,EC-D6,,379,0000004466,,
4900011409,0001,2025-04-03,201,FE-002,EC,CS01,3123.9,KG,H,EC-D7,,291,0000004490,,
4900011410,0001,2025-04-03,201,FE-002,EC,CS01,1135.9,KG,H,EC-D7,,301,0000004530,,
4900011411,0001,2025-04-03,201,FE-003,EC,CS01,2248.9,KG,H,EC-D4,,142,0000004063,,
4900011412,0001,2025-04-03,201,FE-003,EC,CS01,1297.6,KG,H,EC-D4,,164,0000004143,,
4900011413,0001,2025-04-03,201,FE-003,EC,CS01,1363.3,KG,H,EC-D6,,271,0000004459,,
4900011414,0001,2025-04-03,201,FE-003,EC,CS01,1516.0,KG,H,EC-D7,,290,0000004487,,
4900011415,0001,2025-04-03,201,FE-004,EC,CS01,255.9,KG,H,EC-D2,,74,0000003780,,
4900011416,0001,2025-04-03,201,FE-004,EC,CS01,21.2,KG,H,EC-D4,,154,0000004112,,
4900011417,0001,2025-04-03,201,FE-004,EC,CS01,263.8,KG,H,EC-D6,,213,0000004328,,
4900011418,0001,2025-04-03,201,FE-004,EC,CS01,300.0,KG,H,EC-D6,,251,0000004380,,
4900011419,0001,2025-04-03,201,FE-004,EC,CS01,124.9,KG,H,EC-D6,,254,0000004392,,
4900011420,0001,2025-04-03,201,FE-004,EC,CS01,259.6,KG,H,EC-D7,,305,0000004548,,
4900011421,0001,2025-04-03,201,FE-004,EC,CS01,264.8,KG,H,EC-D7,,348,0000004656,,
4900011422,0001,2025-04-03,201,FU-001,EC,CS01,70.2,L,H,EC-D1,,,,,
4900011423,0001,2025-04-03,201,FU-001,EC,CS01,107.1,L,H,EC-D2,,,,,
4900011424,0001,2025-04-03,201,FU-001,EC,CS01,135.8,L,H,EC-D3,,,,,
4900011425,0001,2025-04-03,201,FU-001,EC,CS01,183.3,L,H,EC-D4,,,,,
4900011426,0001,2025-04-03,201,FU-001,EC,CS01,99.0,L,H,EC-D5,,,,,
4900011427,0001,2025-04-03,201,FU-001,EC,CS01,197.7,L,H,EC-D6,,,,,
4900011428,0001,2025-04-03,201,FU-001,EC,CS01,171.3,L,H,EC-D7,,,,,
4900011429,0001,2025-04-03,201,FU-001,EC,CS01,654.2,L,H,EC-GEN,,,,,
4900011430,0001,2025-04-04,201,FE-001,EC,CS01,5542.5,KG,H,EC-D1,,4,0000003505,,
4900011431,0001,2025-04-04,201,FE-001,EC,CS01,8712.7,KG,H,EC-D7,,305,0000004545,,
4900011432,0001,2025-04-04,201,FE-002,EC,CS01,1946.0,KG,H,EC-D1,,37,0000003638,,
4900011433,0001,2025-04-04,201,FE-002,EC,CS01,4174.8,KG,H,EC-D3,,111,0000003930,,
4900011434,0001,2025-04-04,201,FE-002,EC,CS01,566.7,KG,H,EC-D4,,125,0000003994,,
4900011435,0001,2025-04-04,201,FE-002,EC,CS01,1506.1,KG,H,EC-D4,,129,0000004010,,
4900011436,0001,2025-04-04,201,FE-002,EC,CS01,3343.1,KG,H,EC-D4,,157,0000004122,,
4900011437,0001,2025-04-04,201,FE-003,EC,CS01,1630.6,KG,H,EC-D1,,22,0000003579,,
4900011438,0001,2025-04-04,201,FE-003,EC,CS01,2118.6,KG,H,EC-D4,,157,0000004123,,
4900011439,0001,2025-04-04,201,FE-003,EC,CS01,1745.6,KG,H,EC-D5,,186,0000004219,,
4900011440,0001,2025-04-04,201,FE-003,EC,CS01,2359.6,KG,H,EC-D7,,304,0000004543,,
4900011441,0001,2025-04-04,201,FE-003,EC,CS01,1879.7,KG,H,EC-D7,,332,0000004591,,
4900011442,0001,2025-04-04,201,FE-004,EC,CS01,301.9,KG,H,EC-D6,,380,0000004472,,
4900011443,0001,2025-04-04,201,FU-001,EC,CS01,114.1,L,H,EC-D1,,,,,
4900011444,0001,2025-04-04,201,FU-001,EC,CS01,100.2,L,H,EC-D2,,,,,
4900011445,0001,2025-04-04,201,FU-001,EC,CS01,114.6,L,H,EC-D3,,,,,
4900011446,0001,2025-04-04,201,FU-001,EC,CS01,223.0,L,H,EC-D4,,,,,
4900011447,0001,2025-04-04,201,FU-001,EC,CS01,144.3,L,H,EC-D5,,,,,
4900011448,0001,2025-04-04,201,FU-001,EC,CS01,186.2,L,H,EC-D6,,,,,
4900011449,0001,2025-04-04,201,FU-001,EC,CS01,202.1,L,H,EC-D7,,,,,
4900011450,0001,2025-04-04,201,FU-001,EC,CS01,508.1,L,H,EC-GEN,,,,,
4900011451,0001,2025-04-04,101,SP-001,EC,CS01,4,EA,S,,,,,4500000511,00010
4900011452,0001,2025-04-04,101,SP-005,EC,CS01,4,EA,S,,,,,4500000514,00010
4900011453,0001,2025-04-04,261,SP-006,EC,CS01,1,EA,H,EC-WS,PM-00017,,,,
4900011454,0001,2025-04-05,201,AC-001,EC,CS01,20.5,L,H,EC-D1,WO-2025-0405-U-004,13,,,
4900011455,0001,2025-04-05,201,AC-001,EC,CS01,8.1,L,H,EC-D2,WO-2025-0405-U-008,40,,,
4900011456,0001,2025-04-05,201,AC-001,EC,CS01,9.9,L,H,EC-D3,WO-2025-0405-U-013,75,,,
4900011457,0001,2025-04-05,201,AC-001,EC,CS01,11.9,L,H,EC-D4,WO-2025-0405-U-018,145,,,
4900011458,0001,2025-04-05,201,AC-001,EC,CS01,6.3,L,H,EC-D5,WO-2025-0405-U-022,180,,,
4900011459,0001,2025-04-05,201,AC-001,EC,CS01,1.9,L,H,EC-D6,WO-2025-0405-U-027,272,,,
4900011460,0001,2025-04-05,201,AC-001,EC,CS01,11.4,L,H,EC-D7,WO-2025-0405-U-032,308,,,
4900011461,0001,2025-04-05,201,AC-002,EC,CS01,0.89,KG,H,EC-D1,WO-2025-0405-U-004,13,,,
4900011462,0001,2025-04-05,201,AC-002,EC,CS01,0.26,KG,H,EC-D5,WO-2025-0405-U-022,180,,,
4900011463,0001,2025-04-05,201,AC-002,EC,CS01,0.07,KG,H,EC-D6,WO-2025-0405-U-027,272,,,
4900011464,0001,2025-04-05,201,AC-002,EC,CS01,0.47,KG,H,EC-D7,WO-2025-0405-U-032,308,,,
4900011465,0001,2025-04-05,201,AC-004,EC,CS01,2.09,KG,H,EC-D7,WO-2025-0405-P-001,347,,,
4900011466,0001,2025-04-05,201,FE-001,EC,CS01,6086.5,KG,H,EC-D2,,62,0000003729,,
4900011467,0001,2025-04-05,201,FE-001,EC,CS01,8415.9,KG,H,EC-D4,,149,0000004089,,
4900011468,0001,2025-04-05,201,FE-001,EC,CS01,17739.3,KG,H,EC-D6,,379,0000004465,,
4900011469,0001,2025-04-05,201,FE-002,EC,CS01,3512.7,KG,H,EC-D2,,70,0000003762,,
4900011470,0001,2025-04-05,201,FE-002,EC,CS01,2712.2,KG,H,EC-D3,,102,0000003894,,
4900011471,0001,2025-04-05,201,FE-002,EC,CS01,3302.8,KG,H,EC-D4,,150,0000004094,,
4900011472,0001,2025-04-05,201,FE-002,EC,CS01,3589.5,KG,H,EC-D5,,180,0000004198,,
4900011473,0001,2025-04-05,201,FE-002,EC,CS01,2221.4,KG,H,EC-D6,,216,0000004338,,
4900011474,0001,2025-04-05,201,FE-002,EC,CS01,2022.0,KG,H,EC-D6,,223,0000004346,,
4900011475,0001,2025-04-05,201,FE-002,EC,CS01,1352.2,KG,H,EC-D6,,270,0000004454,,
4900011476,0001,2025-04-05,201,FE-003,EC,CS01,1831.8,KG,H,EC-D2,,74,0000003779,,
4900011477,0001,2025-04-05,201,FE-003,EC,CS01,1932.6,KG,H,EC-D3,,103,0000003899,,
4900011478,0001,2025-04-05,201,FE-003,EC,CS01,2317.4,KG,H,EC-D4,,160,0000004135,,
4900011479,0001,2025-04-05,201,FE-003,EC,CS01,1110.4,KG,H,EC-D7,,287,0000004475,,
4900011480,0001,2025-04-05,101,FE-004,EC,CS01,13550,KG,S,,,,,4500000427,00010
4900011481,0001,2025-04-05,201,FE-004,EC,CS01,197.8,KG,H,EC-D1,,8,0000003524,,
4900011482,0001,2025-04-05,201,FE-004,EC,CS01,256.2,KG,H,EC-D1,,10,0000003532,,
4900011483,0001,2025-04-05,201,FE-004,EC,CS01,269.1,KG,H,EC-D4,,143,0000004068,,
4900011484,0001,2025-04-05,201,FE-004,EC,CS01,239.1,KG,H,EC-D5,,179,0000004196,,
4900011485,0001,2025-04-05,201,FE-004,EC,CS01,252.4,KG,H,EC-D5,,193,0000004244,,
4900011486,0001,2025-04-05,201,FE-004,EC,CS01,262.8,KG,H,EC-D6,,209,0000004312,,
4900011487,0001,2025-04-05,201,FE-004,EC,CS01,232.1,KG,H,EC-D7,,300,0000004528,,
4900011488,0001,2025-04-05,201,FE-004,EC,CS01,275.0,KG,H,EC-D7,,309,0000004564,,
4900011489,0001,2025-04-05,201,FE-004,EC,CS01,195.9,KG,H,EC-D7,,334,0000004600,,
4900011490,0001,2025-04-05,201,FU-001,EC,CS01,78.9,L,H,EC-D1,,,,,
4900011491,0001,2025-04-05,201,FU-001,EC,CS01,60.2,L,H,EC-D2,,,,,
4900011492,0001,2025-04-05,201,FU-001,EC,CS01,171.6,L,H,EC-D3,,,,,
4900011493,0001,2025-04-05,201,FU-001,EC,CS01,204.3,L,H,EC-D4,,,,,
4900011494,0001,2025-04-05,201,FU-001,EC,CS01,118.4,L,H,EC-D5,,,,,
4900011495,0001,2025-04-05,201,FU-001,EC,CS01,63.2,L,H,EC-D6,,,,,
4900011496,0001,2025-04-05,201,FU-001,EC,CS01,146.1,L,H,EC-D7,,,,,
4900011497,0001,2025-04-05,201,FU-001,EC,CS01,622.0,L,H,EC-GEN,,,,,
4900011498,0001,2025-04-05,101,SP-004,EC,CS01,4,EA,S,,,,,4500000493,00010
4900011499,0001,2025-04-05,101,SP-008,EC,CS01,4,EA,S,,,,,4500000484,00010
4900011500,0001,2025-04-06,201,FE-001,EC,CS01,4234.6,KG,H,EC-D4,,122,0000003981,,
4900011501,0001,2025-04-06,201,FE-001,EC,CS01,11044.7,KG,H,EC-D6,,259,0000004409,,
4900011502,0001,2025-04-06,201,FE-002,EC,CS01,746.9,KG,H,EC-D1,,5,0000003510,,
4900011503,0001,2025-04-06,201,FE-002,EC,CS01,3388.7,KG,H,EC-D3,,77,0000003794,,
4900011504,0001,2025-04-06,201,FE-002,EC,CS01,2802.5,KG,H,EC-D7,,348,0000004654,,
4900011505,0001,2025-04-06,201,FE-003,EC,CS01,2131.5,KG,H,EC-D4,,148,0000004087,,
4900011506,0001,2025-04-06,201,FE-003,EC,CS01,1582.9,KG,H,EC-D5,,185,0000004215,,
4900011507,0001,2025-04-06,201,FE-003,EC,CS01,1221.0,KG,H,EC-D7,,289,0000004483,,
4900011508,0001,2025-04-06,201,FE-003,EC,CS01,757.3,KG,H,EC-D7,,295,0000004507,,
4900011509,0001,2025-04-06,201,FE-003,EC,CS01,1783.3,KG,H,EC-D7,,336,0000004607,,
4900011510,0001,2025-04-06,201,FE-004,EC,CS01,87.5,KG,H,EC-D1,,5,0000003512,,
4900011511,0001,2025-04-06,201,FE-004,EC,CS01,280.0,KG,H,EC-D2,,49,0000003684,,
4900011512,0001,2025-04-06,201,FE-004,EC,CS01,61.8,KG,H,EC-D4,,125,0000003996,,
4900011513,0001,2025-04-06,201,FE-004,EC,CS01,91.0,KG,H,EC-D7,,301,0000004532,,
4900011514,0001,2025-04-06,201,FE-004,EC,CS01,268.6,KG,H,EC-D7,,340,0000004624,,
4900011515,0001,2025-04-06,201,FU-001,EC,CS01,120.6,L,H,EC-D1,,,,,
4900011516,0001,2025-04-06,201,FU-001,EC,CS01,172.4,L,H,EC-D2,,,,,
4900011517,0001,2025-04-06,201,FU-001,EC,CS01,191.1,L,H,EC-D3,,,,,
4900011518,0001,2025-04-06,201,FU-001,EC,CS01,136.3,L,H,EC-D4,,,,,
4900011519,0001,2025-04-06,201,FU-001,EC,CS01,177.8,L,H,EC-D5,,,,,
4900011520,0001,2025-04-06,201,FU-001,EC,CS01,280.8,L,H,EC-D6,,,,,
4900011521,0001,2025-04-06,201,FU-001,EC,CS01,180.7,L,H,EC-D7,,,,,
4900011522,0001,2025-04-06,201,FU-001,EC,CS01,679.3,L,H,EC-GEN,,,,,
4900011523,0001,2025-04-06,261,SP-002,EC,CS01,1,EA,H,EC-WS,PM-00056,,,,
4900011524,0001,2025-04-06,261,SP-003,EC,CS01,1,EA,H,EC-WS,PM-00101,,,,
4900011525,0001,2025-04-07,201,AC-003,EC,CS01,12.33,L,H,EC-D1,WO-2025-0407-P-001,12,,,
4900011526,0001,2025-04-07,201,AC-003,EC,CS01,4.38,L,H,EC-D4,WO-2025-0407-P-003,139,,,
4900011527,0001,2025-04-07,201,FE-001,EC,CS01,12038.1,KG,H,EC-D1,,13,0000003541,,
4900011528,0001,2025-04-07,201,FE-001,EC,CS01,10534.3,KG,H,EC-D3,,77,0000003793,,
4900011529,0001,2025-04-07,201,FE-002,EC,CS01,2470.3,KG,H,EC-D3,,89,0000003842,,
4900011530,0001,2025-04-07,201,FE-002,EC,CS01,1607.6,KG,H,EC-D6,,254,0000004390,,
4900011531,0001,2025-04-07,201,FE-002,EC,CS01,1288.6,KG,H,EC-D7,,307,0000004554,,
4900011532,0001,2025-04-07,101,FE-003,EC,CS01,90700,KG,S,,,,,4500000460,00010
4900011533,0001,2025-04-07,201,FE-004,EC,CS01,283.9,KG,H,EC-D1,,17,0000003560,,
4900011534,0001,2025-04-07,201,FE-004,EC,CS01,164.2,KG,H,EC-D1,,20,0000003572,,
4900011535,0001,2025-04-07,201,FE-004,EC,CS01,231.6,KG,H,EC-D2,,56,0000003712,,
4900011536,0001,2025-04-07,201,FE-004,EC,CS01,221.2,KG,H,EC-D2,,72,0000003772,,
4900011537,0001,2025-04-07,201,FE-004,EC,CS01,197.8,KG,H,EC-D4,,133,0000004028,,
4900011538,0001,2025-04-07,201,FE-004,EC,CS01,236.4,KG,H,EC-D6,,223,0000004348,,
4900011539,0001,2025-04-07,101,FU-001,EC,CS01,8000,L,S,,,,,4500000515,00010
4900011540,0001,2025-04-07,201,FU-001,EC,CS01,96.3,L,H,EC-D1,,,,,
4900011541,0001,2025-04-07,201,FU-001,EC,CS01,70.1,L,H,EC-D2,,,,,
4900011542,0001,2025-04-07,201,FU-001,EC,CS01,130.4,L,H,EC-D3,,,,,
4900011543,0001,2025-04-07,201,FU-001,EC,CS01,133.3,L,H,EC-D4,,,,,
4900011544,0001,2025-04-07,201,FU-001,EC,CS01,185.5,L,H,EC-D5,,,,,
4900011545,0001,2025-04-07,201,FU-001,EC,CS01,128.7,L,H,EC-D6,,,,,
4900011546,0001,2025-04-07,201,FU-001,EC,CS01,81.3,L,H,EC-D7,,,,,
4900011547,0001,2025-04-07,201,FU-001,EC,CS01,652.4,L,H,EC-GEN,,,,,
4900011548,0001,2025-04-07,261,SP-006,EC,CS01,1,EA,H,EC-WS,PM-00023,,,,
4900011549,0001,2025-04-07,261,SP-006,EC,CS01,1,EA,H,EC-WS,PM-00044,,,,
4900011550,0001,2025-04-07,261,SP-006,EC,CS01,1,EA,H,EC-WS,PM-00132,,,,
4900011551,0001,2025-04-08,201,AC-003,EC,CS01,7.68,L,H,EC-D5,WO-2025-0408-P-001,170,,,
4900011552,0001,2025-04-08,201,FE-001,EC,CS01,13070.4,KG,H,EC-D1,,35,0000003629,,
4900011553,0001,2025-04-08,201,FE-001,EC,CS01,13955.8,KG,H,EC-D2,,42,0000003657,,
4900011554,0001,2025-04-08,201,FE-001,EC,CS01,9206.6,KG,H,EC-D2,,50,0000003685,,
4900011555,0001,2025-04-08,201,FE-001,EC,CS01,3437.7,KG,H,EC-D4,,164,0000004141,,
4900011556,0001,2025-04-08,201,FE-001,EC,CS01,5042.6,KG,H,EC-D6,,247,0000004361,,
4900011557,0001,2025-04-08,201,FE-002,EC,CS01,3443.1,KG,H,EC-D1,,14,0000003546,,
4900011558,0001,2025-04-08,201,FE-002,EC,CS01,1814.3,KG,H,EC-D2,,64,0000003738,,
4900011559,0001,2025-04-08,201,FE-002,EC,CS01,1605.3,KG,H,EC-D4,,122,0000003982,,
4900011560,0001,2025-04-08,201,FE-002,EC,CS01,2835.1,KG,H,EC-D4,,134,0000004030,,
4900011561,0001,2025-04-08,201,FE-002,EC,CS01,2974.9,KG,H,EC-D7,,298,0000004518,,
4900011562,0001,2025-04-08,201,FE-003,EC,CS01,1667.8,KG,H,EC-D1,,39,0000003647,,
4900011563,0001,2025-04-08,201,FE-003,EC,CS01,1606.7,KG,H,EC-D3,,90,0000003847,,
4900011564,0001,2025-04-08,201,FE-003,EC,CS01,1906.1,KG,H,EC-D5,,178,0000004191,,
4900011565,0001,2025-04-08,201,FE-003,EC,CS01,2923.9,KG,H,EC-D5,,189,0000004231,,
4900011566,0001,2025-04-08,201,FE-003,EC,CS01,3684.7,KG,H,EC-D5,,201,0000004275,,
4900011567,0001,2025-04-08,201,FE-003,EC,CS01,1285.0,KG,H,EC-D6,,261,0000004419,,
4900011568,0001,2025-04-08,201,FE-004,EC,CS01,177.9,KG,H,EC-D2,,40,0000003652,,
4900011569,0001,2025-04-08,201,FE-004,EC,CS01,149.4,KG,H,EC-D3,,105,0000003908,,
4900011570,0001,2025-04-08,201,FE-004,EC,CS01,261.8,KG,H,EC-D5,,169,0000004160,,
4900011571,0001,2025-04-08,201,FE-004,EC,CS01,293.1,KG,H,EC-D7,,335,0000004604,,
4900011572,0001,2025-04-08,101,FU-001,EC,CS01,8000,L,S,,,,,4500000517,00010
4900011573,0001,2025-04-08,201,FU-001,EC,CS01,76.2,L,H,EC-D1,,,,,
4900011574,0001,2025-04-08,201,FU-001,EC,CS01,114.2,L,H,EC-D2,,,,,
4900011575,0001,2025-04-08,201,FU-001,EC,CS01,135.0,L,H,EC-D3,,,,,
4900011576,0001,2025-04-08,201,FU-001,EC,CS01,130.4,L,H,EC-D4,,,,,
4900011577,0001,2025-04-08,201,FU-001,EC,CS01,110.6,L,H,EC-D5,,,,,
4900011578,0001,2025-04-08,201,FU-001,EC,CS01,166.4,L,H,EC-D6,,,,,
4900011579,0001,2025-04-08,201,FU-001,EC,CS01,205.7,L,H,EC-D7,,,,,
4900011580,0001,2025-04-08,201,FU-001,EC,CS01,594.3,L,H,EC-GEN,,,,,
4900011581,0001,2025-04-08,261,SP-002,EC,CS01,1,EA,H,EC-WS,PM-00007,,,,
4900011582,0001,2025-04-08,261,SP-003,EC,CS01,1,EA,H,EC-WS,PM-00047,,,,
4900011583,0001,2025-04-09,201,FE-001,EC,CS01,9420.9,KG,H,EC-D2,,41,0000003653,,
4900011584,0001,2025-04-09,201,FE-001,EC,CS01,14333.6,KG,H,EC-D2,,56,0000003709,,
4900011585,0001,2025-04-09,201,FE-001,EC,CS01,10443.9,KG,H,EC-D2,,66,0000003745,,
4900011586,0001,2025-04-09,201,FE-001,EC,CS01,18954.1,KG,H,EC-D3,,108,0000003917,,
4900011587,0001,2025-04-09,201,FE-001,EC,CS01,6925.1,KG,H,EC-D3,,112,0000003933,,
4900011588,0001,2025-04-09,201,FE-001,EC,CS01,12191.4,KG,H,EC-D3,,113,0000003937,,
4900011589,0001,2025-04-09,201,FE-001,EC,CS01,4067.8,KG,H,EC-D7,,301,0000004529,,
4900011590,0001,2025-04-09,201,FE-002,EC,CS01,3370.2,KG,H,EC-D1,,33,0000003622,,
4900011591,0001,2025-04-09,201,FE-002,EC,CS01,2720.9,KG,H,EC-D1,,39,0000003646,,
4900011592,0001,2025-04-09,201,FE-002,EC,CS01,1225.4,KG,H,EC-D2,,65,0000003742,,
4900011593,0001,2025-04-09,201,FE-002,EC,CS01,3951.6,KG,H,EC-D3,,84,0000003822,,
4900011594,0001,2025-04-09,201,FE-002,EC,CS01,2737.5,KG,H,EC-D3,,92,0000003854,,
4900011595,0001,2025-04-09,201,FE-002,EC,CS01,349.2,KG,H,EC-D3,,121,0000003970,,
4900011596,0001,2025-04-09,201,FE-002,EC,CS01,3229.8,KG,H,EC-D5,,169,0000004158,,
4900011597,0001,2025-04-09,201,FE-002,EC,CS01,3074.0,KG,H,EC-D6,,257,0000004402,,
4900011598,0001,2025-04-09,201,FE-003,EC,CS01,1722.9,KG,H,EC-D2,,44,0000003667,,
4900011599,0001,2025-04-09,201,FE-003,EC,CS01,2401.1,KG,H,EC-D2,,63,0000003735,,
4900011600,0001,2025-04-09,201,FE-003,EC,CS01,748.0,KG,H,EC-D3,,117,0000003955,,
4900011601,0001,2025-04-09,201,FE-003,EC,CS01,1319.9,KG,H,EC-D6,,215,0000004335,,
4900011602,0001,2025-04-09,201,FE-003,EC,CS01,2413.3,KG,H,EC-D7,,303,0000004539,,
4900011603,0001,2025-04-09,201,FE-004,EC,CS01,294.4,KG,H,EC-D1,,38,0000003644,,
4900011604,0001,2025-04-09,201,FE-004,EC,CS01,191.0,KG,H,EC-D2,,47,0000003680,,
4900011605,0001,2025-04-09,201,FE-004,EC,CS01,369.7,KG,H,EC-D3,,84,0000003824,,
4900011606,0001,2025-04-09,201,FE-004,EC,CS01,283.8,KG,H,EC-D3,,107,0000003916,,
4900011607,0001,2025-04-09,201,FU-001,EC,CS01,99.2,L,H,EC-D1,,,,,
4900011608,0001,2025-04-09,201,FU-001,EC,CS01,98.9,L,H,EC-D2,,,,,
4900011609,0001,2025-04-09,201,FU-001,EC,CS01,123.3,L,H,EC-D3,,,,,
4900011610,0001,2025-04-09,201,FU-001,EC,CS01,166.4,L,H,EC-D4,,,,,
4900011611,0001,2025-04-09,201,FU-001,EC,CS01,157.1,L,H,EC-D5,,,,,
4900011612,0001,2025-04-09,201,FU-001,EC,CS01,167.4,L,H,EC-D6,,,,,
4900011613,0001,2025-04-09,201,FU-001,EC,CS01,237.6,L,H,EC-D7,,,,,
4900011614,0001,2025-04-09,201,FU-001,EC,CS01,632.9,L,H,EC-GEN,,,,,
4900011615,0001,2025-04-09,261,SP-002,EC,CS01,1,EA,H,EC-WS,PM-00166,,,,
4900011616,0001,2025-04-09,261,SP-003,EC,CS01,1,EA,H,EC-WS,PM-00159,,,,
4900011617,0001,2025-04-10,201,AC-001,EC,CS01,12.8,L,H,EC-D1,WO-2025-0410-U-004,13,,,
4900011618,0001,2025-04-10,201,AC-001,EC,CS01,17.8,L,H,EC-D2,WO-2025-0410-U-008,42,,,
4900011619,0001,2025-04-10,201,AC-001,EC,CS01,20.5,L,H,EC-D3,WO-2025-0410-U-013,75,,,
4900011620,0001,2025-04-10,201,AC-001,EC,CS01,8.1,L,H,EC-D4,WO-2025-0410-U-018,145,,,
4900011621,0001,2025-04-10,201,AC-001,EC,CS01,16.8,L,H,EC-D5,WO-2025-0410-U-022,200,,,
4900011622,0001,2025-04-10,201,AC-001,EC,CS01,34.4,L,H,EC-D6,WO-2025-0410-U-027,215,,,
4900011623,0001,2025-04-10,201,AC-001,EC,CS01,6.2,L,H,EC-D7,WO-2025-0410-U-032,308,,,
4900011624,0001,2025-04-10,201,AC-002,EC,CS01,0.5,KG,H,EC-D1,WO-2025-0410-U-004,13,,,
4900011625,0001,2025-04-10,201,AC-002,EC,CS01,0.71,KG,H,EC-D5,WO-2025-0410-U-022,200,,,
4900011626,0001,2025-04-10,201,FE-001,EC,CS01,7909.8,KG,H,EC-D1,,29,0000003605,,
4900011627,0001,2025-04-10,201,FE-001,EC,CS01,17634.3,KG,H,EC-D3,,101,0000003889,,
4900011628,0001,2025-04-10,201,FE-001,EC,CS01,8753.4,KG,H,EC-D3,,109,0000003921,,
4900011629,0001,2025-04-10,201,FE-001,EC,CS01,2051.9,KG,H,EC-D3,,121,0000003969,,
4900011630,0001,2025-04-10,201,FE-001,EC,CS01,4781.4,KG,H,EC-D6,,230,0000004349,,
4900011631,0001,2025-04-10,201,FE-001,EC,CS01,8541.9,KG,H,EC-D6,,269,0000004449,,
4900011632,0001,2025-04-10,201,FE-001,EC,CS01,12288.4,KG,H,EC-D7,,304,0000004541,,
4900011633,0001,2025-04-10,201,FE-002,EC,CS01,3076.8,KG,H,EC-D1,,10,0000003530,,
4900011634,0001,2025-04-10,201,FE-002,EC,CS01,261.9,KG,H,EC-D4,,127,0000004002,,
4900011635,0001,2025-04-10,201,FE-002,EC,CS01,2011.2,KG,H,EC-D6,,255,0000004394,,
4900011636,0001,2025-04-10,201,FE-002,EC,CS01,1511.0,KG,H,EC-D7,,331,0000004586,,
4900011637,0001,2025-04-10,201,FE-003,EC,CS01,1122.0,KG,H,EC-D2,,40,0000003651,,
4900011638,0001,2025-04-10,201,FE-003,EC,CS01,2528.5,KG,H,EC-D5,,177,0000004187,,
4900011639,0001,2025-04-10,201,FE-004,EC,CS01,243.5,KG,H,EC-D2,,73,0000003776,,
4900011640,0001,2025-04-10,201,FE-004,EC,CS01,259.0,KG,H,EC-D3,,93,0000003860,,
4900011641,0001,2025-04-10,201,FE-004,EC,CS01,306.0,KG,H,EC-D6,,207,0000004304,,
4900011642,0001,2025-04-10,201,FE-004,EC,CS01,334.4,KG,H,EC-D6,,379,0000004468,,
4900011643,0001,2025-04-10,201,FU-001,EC,CS01,45.8,L,H,EC-D1,,,,,
4900011644,0001,2025-04-10,201,FU-001,EC,CS01,96.4,L,H,EC-D2,,,,,
4900011645,0001,2025-04-10,201,FU-001,EC,CS01,151.0,L,H,EC-D3,,,,,
4900011646,0001,2025-04-10,201,FU-001,EC,CS01,82.7,L,H,EC-D4,,,,,
4900011647,0001,2025-04-10,201,FU-001,EC,CS01,136.8,L,H,EC-D5,,,,,
4900011648,0001,2025-04-10,201,FU-001,EC,CS01,289.9,L,H,EC-D6,,,,,
4900011649,0001,2025-04-10,201,FU-001,EC,CS01,168.5,L,H,EC-D7,,,,,
4900011650,0001,2025-04-10,201,FU-001,EC,CS01,629.1,L,H,EC-GEN,,,,,
4900011651,0001,2025-04-11,201,FE-001,EC,CS01,5465.3,KG,H,EC-D3,,79,0000003801,,
4900011652,0001,2025-04-11,201,FE-001,EC,CS01,12190.6,KG,H,EC-D3,,104,0000003901,,
4900011653,0001,2025-04-11,201,FE-001,EC,CS01,16763.3,KG,H,EC-D4,,136,0000004037,,
4900011654,0001,2025-04-11,201,FE-001,EC,CS01,11697.5,KG,H,EC-D5,,196,0000004253,,
4900011655,0001,2025-04-11,201,FE-001,EC,CS01,11889.3,KG,H,EC-D6,,212,0000004321,,
4900011656,0001,2025-04-11,201,FE-001,EC,CS01,10745.8,KG,H,EC-D6,,255,0000004393,,
4900011657,0001,2025-04-11,201,FE-001,EC,CS01,11867.0,KG,H,EC-D7,,337,0000004609,,
4900011658,0001,2025-04-11,201,FE-001,EC,CS01,13029.9,KG,H,EC-D7,,342,0000004629,,
4900011659,0001,2025-04-11,201,FE-002,EC,CS01,2589.3,KG,H,EC-D2,,43,0000003662,,
4900011660,0001,2025-04-11,201,FE-002,EC,CS01,1551.8,KG,H,EC-D3,,114,0000003942,,
4900011661,0001,2025-04-11,201,FE-002,EC,CS01,2444.2,KG,H,EC-D4,,146,0000004078,,
4900011662,0001,2025-04-11,201,FE-002,EC,CS01,1896.1,KG,H,EC-D4,,166,0000004150,,
4900011663,0001,2025-04-11,201,FE-002,EC,CS01,2675.1,KG,H,EC-D5,,181,0000004202,,
4900011664,0001,2025-04-11,201,FE-002,EC,CS01,3266.9,KG,H,EC-D5,,195,0000004250,,
4900011665,0001,2025-04-11,201,FE-002,EC,CS01,3034.6,KG,H,EC-D6,,214,0000004330,,
4900011666,0001,2025-04-11,201,FE-002,EC,CS01,3638.9,KG,H,EC-D6,,245,0000004354,,
4900011667,0001,2025-04-11,201,FE-002,EC,CS01,2329.4,KG,H,EC-D7,,306,0000004550,,
4900011668,0001,2025-04-11,201,FE-003,EC,CS01,1585.8,KG,H,EC-D7,,305,0000004547,,
4900011669,0001,2025-04-11,201,FE-004,EC,CS01,198.6,KG,H,EC-D6,,268,0000004448,,
4900011670,0001,2025-04-11,201,FU-001,EC,CS01,130.5,L,H,EC-D1,,,,,
4900011671,0001,2025-04-11,201,FU-001,EC,CS01,166.8,L,H,EC-D2,,,,,
4900011672,0001,2025-04-11,201,FU-001,EC,CS01,173.6,L,H,EC-D3,,,,,
4900011673,0001,2025-04-11,201,FU-001,EC,CS01,267.4,L,H,EC-D4,,,,,
4900011674,0001,2025-04-11,201,FU-001,EC,CS01,132.0,L,H,EC-D5,,,,,
4900011675,0001,2025-04-11,201,FU-001,EC,CS01,176.3,L,H,EC-D6,,,,,
4900011676,0001,2025-04-11,201,FU-001,EC,CS01,209.6,L,H,EC-D7,,,,,
4900011677,0001,2025-04-11,201,FU-001,EC,CS01,595.1,L,H,EC-GEN,,,,,
4900011678,0001,2025-04-11,101,SP-003,EC,CS01,5,EA,S,,,,,4500000516,00010
4900011679,0001,2025-04-11,261,SP-005,EC,CS01,1,EA,H,EC-WS,PM-00032,,,,
4900011680,0001,2025-04-12,201,AC-003,EC,CS01,1.64,L,H,EC-D1,WO-2025-0412-P-001,19,,,
4900011681,0001,2025-04-12,201,AC-003,EC,CS01,2.89,L,H,EC-D1,WO-2025-0412-P-002,28,,,
4900011682,0001,2025-04-12,201,AC-003,EC,CS01,2.88,L,H,EC-D7,WO-2025-0412-P-003,302,,,
4900011683,0001,2025-04-12,201,FE-001,EC,CS01,10155.9,KG,H,EC-D3,,110,0000003925,,
4900011684,0001,2025-04-12,201,FE-001,EC,CS01,11428.7,KG,H,EC-D4,,156,0000004117,,
4900011685,0001,2025-04-12,201,FE-001,EC,CS01,7575.9,KG,H,EC-D5,,195,0000004249,,
4900011686,0001,2025-04-12,201,FE-002,EC,CS01,3166.2,KG,H,EC-D1,,11,0000003534,,
4900011687,0001,2025-04-12,201,FE-002,EC,CS01,2325.8,KG,H,EC-D1,,28,0000003602,,
4900011688,0001,2025-04-12,201,FE-002,EC,CS01,3313.4,KG,H,EC-D2,,46,0000003674,,
4900011689,0001,2025-04-12,201,FE-002,EC,CS01,2831.9,KG,H,EC-D6,,205,0000004294,,
4900011690,0001,2025-04-12,201,FE-003,EC,CS01,2365.8,KG,H,EC-D1,,10,0000003531,,
4900011691,0001,2025-04-12,201,FE-003,EC,CS01,1521.1,KG,H,EC-D5,,195,0000004251,,
4900011692,0001,2025-04-12,201,FE-003,EC,CS01,1592.2,KG,H,EC-D6,,269,0000004451,,
4900011693,0001,2025-04-12,201,FE-004,EC,CS01,376.0,KG,H,EC-D1,,11,0000003536,,
4900011694,0001,2025-04-12,201,FE-004,EC,CS01,182.1,KG,H,EC-D3,,97,0000003876,,
4900011695,0001,2025-04-12,201,FE-004,EC,CS01,234.2,KG,H,EC-D3,,100,0000003888,,
4900011696,0001,2025-04-12,201,FE-004,EC,CS01,189.0,KG,H,EC-D4,,149,0000004092,,
4900011697,0001,2025-04-12,201,FE-004,EC,CS01,311.9,KG,H,EC-D6,,262,0000004424,,
4900011698,0001,2025-04-12,201,FU-001,EC,CS01,118.5,L,H,EC-D1,,,,,
4900011699,0001,2025-04-12,201,FU-001,EC,CS01,61.8,L,H,EC-D2,,,,,
4900011700,0001,2025-04-12,201,FU-001,EC,CS01,225.6,L,H,EC-D3,,,,,
4900011701,0001,2025-04-12,201,FU-001,EC,CS01,283.5,L,H,EC-D4,,,,,
4900011702,0001,2025-04-12,201,FU-001,EC,CS01,134.6,L,H,EC-D5,,,,,
4900011703,0001,2025-04-12,201,FU-001,EC,CS01,180.4,L,H,EC-D6,,,,,
4900011704,0001,2025-04-12,201,FU-001,EC,CS01,127.7,L,H,EC-D7,,,,,
4900011705,0001,2025-04-12,201,FU-001,EC,CS01,668.3,L,H,EC-GEN,,,,,
4900011706,0001,2025-04-13,201,FE-002,EC,CS01,2032.6,KG,H,EC-D3,,113,0000003938,,
4900011707,0001,2025-04-13,201,FE-002,EC,CS01,210.3,KG,H,EC-D4,,154,0000004110,,
4900011708,0001,2025-04-13,201,FE-003,EC,CS01,2544.7,KG,H,EC-D1,,32,0000003619,,
4900011709,0001,2025-04-13,201,FE-003,EC,CS01,1349.9,KG,H,EC-D3,,77,0000003795,,
4900011710,0001,2025-04-13,201,FE-003,EC,CS01,2028.7,KG,H,EC-D3,,78,0000003799,,
4900011711,0001,2025-04-13,201,FE-003,EC,CS01,2374.9,KG,H,EC-D3,,86,0000003831,,
4900011712,0001,2025-04-13,201,FE-003,EC,CS01,1600.1,KG,H,EC-D4,,135,0000004035,,
4900011713,0001,2025-04-13,201,FE-003,EC,CS01,2400.6,KG,H,EC-D6,,250,0000004375,,
4900011714,0001,2025-04-13,201,FE-003,EC,CS01,982.4,KG,H,EC-D6,,270,0000004455,,
4900011715,0001,2025-04-13,201,FE-004,EC,CS01,291.5,KG,H,EC-D2,,67,0000003752,,
4900011716,0001,2025-04-13,201,FE-004,EC,CS01,50.7,KG,H,EC-D3,,81,0000003812,,
4900011717,0001,2025-04-13,201,FE-004,EC,CS01,166.7,KG,H,EC-D6,,253,0000004388,,
4900011718,0001,2025-04-13,201,FE-004,EC,CS01,276.1,KG,H,EC-D7,,290,0000004488,,
4900011719,0001,2025-04-13,101,FU-001,EC,CS01,8000,L,S,,,,,4500000519,00010
4900011720,0001,2025-04-13,201,FU-001,EC,CS01,76.5,L,H,EC-D1,,,,,
4900011721,0001,2025-04-13,201,FU-001,EC,CS01,107.5,L,H,EC-D2,,,,,
4900011722,0001,2025-04-13,201,FU-001,EC,CS01,120.0,L,H,EC-D3,,,,,
4900011723,0001,2025-04-13,201,FU-001,EC,CS01,89.2,L,H,EC-D4,,,,,
4900011724,0001,2025-04-13,201,FU-001,EC,CS01,182.1,L,H,EC-D5,,,,,
4900011725,0001,2025-04-13,201,FU-001,EC,CS01,136.3,L,H,EC-D6,,,,,
4900011726,0001,2025-04-13,201,FU-001,EC,CS01,125.8,L,H,EC-D7,,,,,
4900011727,0001,2025-04-13,201,FU-001,EC,CS01,702.1,L,H,EC-GEN,,,,,
4900011728,0001,2025-04-13,261,SP-001,EC,CS01,1,EA,H,EC-WS,PM-00171,,,,
4900011729,0001,2025-04-13,261,SP-003,EC,CS01,1,EA,H,EC-WS,PM-00031,,,,
4900011730,0001,2025-04-13,261,SP-007,EC,CS01,1,EA,H,EC-WS,PM-00015,,,,
4900011731,0001,2025-04-14,201,AC-003,EC,CS01,5.66,L,H,EC-D1,WO-2025-0414-P-001,26,,,
4900011732,0001,2025-04-14,201,AC-003,EC,CS01,2.94,L,H,EC-D7,WO-2025-0414-P-002,335,,,
4900011733,0001,2025-04-14,201,FE-001,EC,CS01,8739.4,KG,H,EC-D1,,23,0000003581,,
4900011734,0001,2025-04-14,201,FE-001,EC,CS01,8951.0,KG,H,EC-D1,,38,0000003641,,
4900011735,0001,2025-04-14,201,FE-001,EC,CS01,16066.5,KG,H,EC-D4,,145,0000004073,,
4900011736,0001,2025-04-14,201,FE-001,EC,CS01,13579.1,KG,H,EC-D5,,197,0000004257,,
4900011737,0001,2025-04-14,201,FE-001,EC,CS01,6886.3,KG,H,EC-D6,,209,0000004309,,
4900011738,0001,2025-04-14,201,FE-001,EC,CS01,12438.9,KG,H,EC-D7,,302,0000004533,,
4900011739,0001,2025-04-14,201,FE-002,EC,CS01,3545.5,KG,H,EC-D1,,32,0000003618,,
4900011740,0001,2025-04-14,201,FE-002,EC,CS01,2432.0,KG,H,EC-D4,,152,0000004102,,
4900011741,0001,2025-04-14,201,FE-002,EC,CS01,1835.6,KG,H,EC-D6,,215,0000004334,,
4900011742,0001,2025-04-14,201,FE-003,EC,CS01,2458.1,KG,H,EC-D1,,14,0000003547,,
4900011743,0001,2025-04-14,201,FE-003,EC,CS01,2093.0,KG,H,EC-D2,,45,0000003671,,
4900011744,0001,2025-04-14,201,FE-003,EC,CS01,2955.4,KG,H,EC-D3,,108,0000003919,,
4900011745,0001,2025-04-14,201,FE-003,EC,CS01,1015.0,KG,H,EC-D6,,265,0000004435,,
4900011746,0001,2025-04-14,201,FE-003,EC,CS01,2253.8,KG,H,EC-D7,,340,0000004623,,
4900011747,0001,2025-04-14,201,FE-004,EC,CS01,163.6,KG,H,EC-D2,,62,0000003732,,
4900011748,0001,2025-04-14,201,FE-004,EC,CS01,200.3,KG,H,EC-D4,,139,0000004052,,
4900011749,0001,2025-04-14,201,FE-004,EC,CS01,315.3,KG,H,EC-D5,,190,0000004236,,
4900011750,0001,2025-04-14,201,FE-004,EC,CS01,249.2,KG,H,EC-D7,,296,0000004512,,
4900011751,0001,2025-04-14,201,FE-004,EC,CS01,142.0,KG,H,EC-D7,,330,0000004584,,
4900011752,0001,2025-04-14,201,FU-001,EC,CS01,73.6,L,H,EC-D1,,,,,
4900011753,0001,2025-04-14,201,FU-001,EC,CS01,128.0,L,H,EC-D2,,,,,
4900011754,0001,2025-04-14,201,FU-001,EC,CS01,188.1,L,H,EC-D3,,,,,
4900011755,0001,2025-04-14,201,FU-001,EC,CS01,52.4,L,H,EC-D4,,,,,
4900011756,0001,2025-04-14,201,FU-001,EC,CS01,111.4,L,H,EC-D5,,,,,
4900011757,0001,2025-04-14,201,FU-001,EC,CS01,130.4,L,H,EC-D6,,,,,
4900011758,0001,2025-04-14,201,FU-001,EC,CS01,168.8,L,H,EC-D7,,,,,
4900011759,0001,2025-04-14,201,FU-001,EC,CS01,795.9,L,H,EC-GEN,,,,,
4900011760,0001,2025-04-15,201,AC-001,EC,CS01,7.8,L,H,EC-D1,WO-2025-0415-U-004,6,,,
4900011761,0001,2025-04-15,201,AC-001,EC,CS01,12.2,L,H,EC-D2,WO-2025-0415-U-008,42,,,
4900011762,0001,2025-04-15,201,AC-001,EC,CS01,7.0,L,H,EC-D3,WO-2025-0415-U-013,75,,,
4900011763,0001,2025-04-15,201,AC-001,EC,CS01,30.8,L,H,EC-D4,WO-2025-0415-U-018,147,,,
4900011764,0001,2025-04-15,201,AC-001,EC,CS01,4.7,L,H,EC-D5,WO-2025-0415-U-022,200,,,
4900011765,0001,2025-04-15,201,AC-001,EC,CS01,19.9,L,H,EC-D6,WO-2025-0415-U-027,380,,,
4900011766,0001,2025-04-15,201,AC-001,EC,CS01,18.7,L,H,EC-D7,WO-2025-0415-U-032,341,,,
4900011767,0001,2025-04-15,201,AC-002,EC,CS01,0.48,KG,H,EC-D2,WO-2025-0415-U-008,42,,,
4900011768,0001,2025-04-15,201,AC-002,EC,CS01,1.17,KG,H,EC-D4,WO-2025-0415-U-018,147,,,
4900011769,0001,2025-04-15,201,FE-001,EC,CS01,1947.7,KG,H,EC-D1,,1,0000003493,,
4900011770,0001,2025-04-15,201,FE-001,EC,CS01,9801.5,KG,H,EC-D1,,31,0000003613,,
4900011771,0001,2025-04-15,201,FE-001,EC,CS01,9009.7,KG,H,EC-D2,,52,0000003693,,
4900011772,0001,2025-04-15,201,FE-001,EC,CS01,5778.2,KG,H,EC-D6,,260,0000004413,,
4900011773,0001,2025-04-15,201,FE-001,EC,CS01,2119.2,KG,H,EC-D7,,288,0000004477,,
4900011774,0001,2025-04-15,201,FE-002,EC,CS01,1776.9,KG,H,EC-D5,,200,0000004270,,
4900011775,0001,2025-04-15,201,FE-003,EC,CS01,1211.3,KG,H,EC-D3,,79,0000003803,,
4900011776,0001,2025-04-15,201,FE-003,EC,CS01,2722.2,KG,H,EC-D4,,136,0000004039,,
4900011777,0001,2025-04-15,201,FE-003,EC,CS01,1921.3,KG,H,EC-D4,,149,0000004091,,
4900011778,0001,2025-04-15,201,FE-003,EC,CS01,2848.7,KG,H,EC-D5,,170,0000004163,,
4900011779,0001,2025-04-15,201,FE-003,EC,CS01,1650.9,KG,H,EC-D6,,272,0000004463,,
4900011780,0001,2025-04-15,201,FE-003,EC,CS01,2656.2,KG,H,EC-D6,,380,0000004471,,
4900011781,0001,2025-04-15,201,FE-003,EC,CS01,1288.8,KG,H,EC-D7,,331,0000004587,,
4900011782,0001,2025-04-15,201,FE-004,EC,CS01,268.9,KG,H,EC-D1,,13,0000003544,,
4900011783,0001,2025-04-15,201,FE-004,EC,CS01,200.9,KG,H,EC-D2,,55,0000003708,,
4900011784,0001,2025-04-15,201,FE-004,EC,CS01,197.7,KG,H,EC-D2,,66,0000003748,,
4900011785,0001,2025-04-15,201,FE-004,EC,CS01,270.8,KG,H,EC-D2,,382,0000003784,,
4900011786,0001,2025-04-15,201,FE-004,EC,CS01,183.9,KG,H,EC-D7,,339,0000004620,,
4900011787,0001,2025-04-15,101,FU-001,EC,CS01,8000,L,S,,,,,4500000521,00010
4900011788,0001,2025-04-15,201,FU-001,EC,CS01,119.2,L,H,EC-D1,,,,,
4900011789,0001,2025-04-15,201,FU-001,EC,CS01,138.0,L,H,EC-D2,,,,,
4900011790,0001,2025-04-15,201,FU-001,EC,CS01,148.4,L,H,EC-D3,,,,,
4900011791,0001,2025-04-15,201,FU-001,EC,CS01,154.7,L,H,EC-D4,,,,,
4900011792,0001,2025-04-15,201,FU-001,EC,CS01,180.0,L,H,EC-D5,,,,,
4900011793,0001,2025-04-15,201,FU-001,EC,CS01,273.9,L,H,EC-D6,,,,,
4900011794,0001,2025-04-15,201,FU-001,EC,CS01,202.5,L,H,EC-D7,,,,,
4900011795,0001,2025-04-15,201,FU-001,EC,CS01,620.9,L,H,EC-GEN,,,,,
4900011796,0001,2025-04-15,261,SP-001,EC,CS01,1,EA,H,EC-WS,PM-00073,,,,
4900011797,0001,2025-04-15,261,SP-004,EC,CS01,1,EA,H,EC-WS,PM-00016,,,,
4900011798,0001,2025-04-16,201,AC-001,EC,CS01,13.6,L,H,EC-D1,WO-2025-0416-U-004,2,,,
4900011799,0001,2025-04-16,201,AC-001,EC,CS01,17.0,L,H,EC-D2,WO-2025-0416-U-008,52,,,
4900011800,0001,2025-04-16,201,AC-001,EC,CS01,35.3,L,H,EC-D3,WO-2025-0416-U-013,93,,,
4900011801,0001,2025-04-16,201,AC-001,EC,CS01,25.1,L,H,EC-D4,WO-2025-0416-U-018,151,,,
4900011802,0001,2025-04-16,201,AC-001,EC,CS01,23.8,L,H,EC-D5,WO-2025-0416-U-022,186,,,
4900011803,0001,2025-04-16,201,AC-001,EC,CS01,10.7,L,H,EC-D6,WO-2025-0416-U-027,380,,,
4900011804,0001,2025-04-16,201,AC-001,EC,CS01,15.0,L,H,EC-D7,WO-2025-0416-U-032,341,,,
4900011805,0001,2025-04-16,201,AC-002,EC,CS01,1.36,KG,H,EC-D3,WO-2025-0416-U-013,93,,,
4900011806,0001,2025-04-16,201,AC-002,EC,CS01,0.9,KG,H,EC-D5,WO-2025-0416-U-022,186,,,
4900011807,0001,2025-04-16,201,AC-002,EC,CS01,0.59,KG,H,EC-D7,WO-2025-0416-U-032,341,,,
4900011808,0001,2025-04-16,101,FE-001,EC,CS01,244450,KG,S,,,,,4500000470,00010
4900011809,0001,2025-04-16,201,FE-001,EC,CS01,12503.5,KG,H,EC-D7,,310,0000004565,,
4900011810,0001,2025-04-16,201,FE-002,EC,CS01,1860.6,KG,H,EC-D2,,62,0000003730,,
4900011811,0001,2025-04-16,201,FE-002,EC,CS01,3955.6,KG,H,EC-D6,,203,0000004286,,
4900011812,0001,2025-04-16,201,FE-003,EC,CS01,2242.6,KG,H,EC-D2,,64,0000003739,,
4900011813,0001,2025-04-16,201,FE-003,EC,CS01,1523.5,KG,H,EC-D3,,107,0000003915,,
4900011814,0001,2025-04-16,201,FE-003,EC,CS01,860.2,KG,H,EC-D5,,198,0000004263,,
4900011815,0001,2025-04-16,201,FE-004,EC,CS01,256.2,KG,H,EC-D3,,75,0000003788,,
4900011816,0001,2025-04-16,201,FE-004,EC,CS01,145.7,KG,H,EC-D7,,343,0000004636,,
4900011817,0001,2025-04-16,201,FU-001,EC,CS01,92.0,L,H,EC-D1,,,,,
4900011818,0001,2025-04-16,201,FU-001,EC,CS01,94.3,L,H,EC-D2,,,,,
4900011819,0001,2025-04-16,201,FU-001,EC,CS01,132.1,L,H,EC-D3,,,,,
4900011820,0001,2025-04-16,201,FU-001,EC,CS01,185.4,L,H,EC-D4,,,,,
4900011821,0001,2025-04-16,201,FU-001,EC,CS01,146.7,L,H,EC-D5,,,,,
4900011822,0001,2025-04-16,201,FU-001,EC,CS01,53.8,L,H,EC-D6,,,,,
4900011823,0001,2025-04-16,201,FU-001,EC,CS01,282.7,L,H,EC-D7,,,,,
4900011824,0001,2025-04-16,201,FU-001,EC,CS01,669.5,L,H,EC-GEN,,,,,
4900011825,0001,2025-04-16,261,SP-002,EC,CS01,1,EA,H,EC-WS,PM-00051,,,,
4900011826,0001,2025-04-17,201,AC-003,EC,CS01,1.64,L,H,EC-D3,WO-2025-0417-P-001,81,,,
4900011827,0001,2025-04-17,101,FE-001,EC,CS01,244450,KG,S,,,,,4500000450,00010
4900011828,0001,2025-04-17,201,FE-001,EC,CS01,13777.7,KG,H,EC-D1,,37,0000003637,,
4900011829,0001,2025-04-17,201,FE-001,EC,CS01,10210.3,KG,H,EC-D3,,76,0000003789,,
4900011830,0001,2025-04-17,201,FE-001,EC,CS01,14098.7,KG,H,EC-D7,,340,0000004621,,
4900011831,0001,2025-04-17,201,FE-002,EC,CS01,2880.5,KG,H,EC-D1,,16,0000003554,,
4900011832,0001,2025-04-17,201,FE-002,EC,CS01,4272.0,KG,H,EC-D4,,145,0000004074,,
4900011833,0001,2025-04-17,201,FE-002,EC,CS01,2894.4,KG,H,EC-D5,,189,0000004230,,
4900011834,0001,2025-04-17,201,FE-002,EC,CS01,2375.1,KG,H,EC-D6,,246,0000004358,,
4900011835,0001,2025-04-17,201,FE-003,EC,CS01,1933.2,KG,H,EC-D2,,55,0000003707,,
4900011836,0001,2025-04-17,201,FE-003,EC,CS01,2186.3,KG,H,EC-D6,,210,0000004315,,
4900011837,0001,2025-04-17,201,FE-003,EC,CS01,1254.5,KG,H,EC-D7,,306,0000004551,,
4900011838,0001,2025-04-17,201,FE-004,EC,CS01,364.0,KG,H,EC-D4,,148,0000004088,,
4900011839,0001,2025-04-17,201,FE-004,EC,CS01,60.1,KG,H,EC-D5,,198,0000004264,,
4900011840,0001,2025-04-17,201,FE-004,EC,CS01,225.4,KG,H,EC-D6,,205,0000004296,,
4900011841,0001,2025-04-17,201,FE-004,EC,CS01,351.4,KG,H,EC-D6,,216,0000004340,,
4900011842,0001,2025-04-17,201,FE-004,EC,CS01,265.5,KG,H,EC-D7,,344,0000004640,,
4900011843,0001,2025-04-17,201,FU-001,EC,CS01,55.0,L,H,EC-D1,,,,,
4900011844,0001,2025-04-17,201,FU-001,EC,CS01,107.3,L,H,EC-D2,,,,,
4900011845,0001,2025-04-17,201,FU-001,EC,CS01,113.9,L,H,EC-D3,,,,,
4900011846,0001,2025-04-17,201,FU-001,EC,CS01,182.9,L,H,EC-D4,,,,,
4900011847,0001,2025-04-17,201,FU-001,EC,CS01,79.0,L,H,EC-D5,,,,,
4900011848,0001,2025-04-17,201,FU-001,EC,CS01,254.9,L,H,EC-D6,,,,,
4900011849,0001,2025-04-17,201,FU-001,EC,CS01,119.5,L,H,EC-D7,,,,,
4900011850,0001,2025-04-17,201,FU-001,EC,CS01,582.4,L,H,EC-GEN,,,,,
4900011851,0001,2025-04-18,201,AC-001,EC,CS01,4.9,L,H,EC-D1,WO-2025-0418-U-004,2,,,
4900011852,0001,2025-04-18,201,AC-001,EC,CS01,11.2,L,H,EC-D2,WO-2025-0418-U-008,52,,,
4900011853,0001,2025-04-18,201,AC-001,EC,CS01,6.4,L,H,EC-D3,WO-2025-0418-U-012,93,,,
4900011854,0001,2025-04-18,201,AC-001,EC,CS01,7.0,L,H,EC-D4,WO-2025-0418-U-017,151,,,
4900011855,0001,2025-04-18,201,AC-001,EC,CS01,5.7,L,H,EC-D5,WO-2025-0418-U-021,186,,,
4900011856,0001,2025-04-18,201,AC-001,EC,CS01,36.1,L,H,EC-D6,WO-2025-0418-U-026,248,,,
4900011857,0001,2025-04-18,201,AC-001,EC,CS01,23.2,L,H,EC-D7,WO-2025-0418-U-031,332,,,
4900011858,0001,2025-04-18,201,AC-002,EC,CS01,0.26,KG,H,EC-D3,WO-2025-0418-U-012,93,,,
4900011859,0001,2025-04-18,201,AC-002,EC,CS01,0.28,KG,H,EC-D4,WO-2025-0418-U-017,151,,,
4900011860,0001,2025-04-18,201,AC-002,EC,CS01,1.33,KG,H,EC-D6,WO-2025-0418-U-026,248,,,
4900011861,0001,2025-04-18,201,AC-002,EC,CS01,0.84,KG,H,EC-D7,WO-2025-0418-U-031,332,,,
4900011862,0001,2025-04-18,201,AC-003,EC,CS01,8.47,L,H,EC-D1,WO-2025-0418-P-001,8,,,
4900011863,0001,2025-04-18,201,FE-001,EC,CS01,8568.1,KG,H,EC-D3,,102,0000003893,,
4900011864,0001,2025-04-18,201,FE-001,EC,CS01,7467.8,KG,H,EC-D5,,173,0000004173,,
4900011865,0001,2025-04-18,201,FE-001,EC,CS01,11205.9,KG,H,EC-D5,,181,0000004201,,
4900011866,0001,2025-04-18,201,FE-001,EC,CS01,10910.6,KG,H,EC-D7,,298,0000004517,,
4900011867,0001,2025-04-18,201,FE-002,EC,CS01,2243.3,KG,H,EC-D3,,115,0000003946,,
4900011868,0001,2025-04-18,201,FE-002,EC,CS01,3378.4,KG,H,EC-D5,,176,0000004182,,
4900011869,0001,2025-04-18,201,FE-002,EC,CS01,3036.8,KG,H,EC-D7,,341,0000004626,,
4900011870,0001,2025-04-18,201,FE-003,EC,CS01,2041.0,KG,H,EC-D1,,24,0000003587,,
4900011871,0001,2025-04-18,201,FE-003,EC,CS01,202.9,KG,H,EC-D4,,127,0000004003,,
4900011872,0001,2025-04-18,201,FE-003,EC,CS01,2703.1,KG,H,EC-D4,,130,0000004015,,
4900011873,0001,2025-04-18,201,FE-004,EC,CS01,279.2,KG,H,EC-D1,,25,0000003592,,
4900011874,0001,2025-04-18,201,FE-004,EC,CS01,325.1,KG,H,EC-D5,,185,0000004216,,
4900011875,0001,2025-04-18,201,FE-004,EC,CS01,29.9,KG,H,EC-D5,,373,0000004284,,
4900011876,0001,2025-04-18,201,FE-004,EC,CS01,352.5,KG,H,EC-D6,,259,0000004412,,
4900011877,0001,2025-04-18,201,FU-001,EC,CS01,101.2,L,H,EC-D1,,,,,
4900011878,0001,2025-04-18,201,FU-001,EC,CS01,49.7,L,H,EC-D2,,,,,
4900011879,0001,2025-04-18,201,FU-001,EC,CS01,159.0,L,H,EC-D3,,,,,
4900011880,0001,2025-04-18,201,FU-001,EC,CS01,274.3,L,H,EC-D4,,,,,
4900011881,0001,2025-04-18,201,FU-001,EC,CS01,173.5,L,H,EC-D5,,,,,
4900011882,0001,2025-04-18,201,FU-001,EC,CS01,123.0,L,H,EC-D6,,,,,
4900011883,0001,2025-04-18,201,FU-001,EC,CS01,141.3,L,H,EC-D7,,,,,
4900011884,0001,2025-04-18,201,FU-001,EC,CS01,627.8,L,H,EC-GEN,,,,,
4900011885,0001,2025-04-18,261,SP-002,EC,CS01,1,EA,H,EC-WS,PM-00058,,,,
4900011886,0001,2025-04-18,261,SP-008,EC,CS01,1,EA,H,EC-WS,PM-00110,,,,
4900011887,0001,2025-04-19,201,AC-001,EC,CS01,18.8,L,H,EC-D1,WO-2025-0419-U-004,11,,,
4900011888,0001,2025-04-19,201,AC-001,EC,CS01,14.0,L,H,EC-D2,WO-2025-0419-U-008,62,,,
4900011889,0001,2025-04-19,201,AC-001,EC,CS01,2.3,L,H,EC-D3,WO-2025-0419-U-012,370,,,
4900011890,0001,2025-04-19,201,AC-001,EC,CS01,17.4,L,H,EC-D4,WO-2025-0419-U-017,166,,,
4900011891,0001,2025-04-19,201,AC-001,EC,CS01,27.6,L,H,EC-D5,WO-2025-0419-U-021,195,,,
4900011892,0001,2025-04-19,201,AC-001,EC,CS01,26.6,L,H,EC-D6,WO-2025-0419-U-026,251,,,
4900011893,0001,2025-04-19,201,AC-001,EC,CS01,1.5,L,H,EC-D7,WO-2025-0419-U-031,332,,,
4900011894,0001,2025-04-19,201,AC-002,EC,CS01,0.06,KG,H,EC-D7,WO-2025-0419-U-031,332,,,
4900011895,0001,2025-04-19,101,AC-003,EC,CS01,100,L,S,,,,,4500000510,00010
4900011896,0001,2025-04-19,201,FE-001,EC,CS01,13492.7,KG,H,EC-D1,,14,0000003545,,
4900011897,0001,2025-04-19,201,FE-001,EC,CS01,10749.6,KG,H,EC-D1,,17,0000003557,,
4900011898,0001,2025-04-19,201,FE-001,EC,CS01,14527.2,KG,H,EC-D2,,46,0000003673,,
4900011899,0001,2025-04-19,201,FE-001,EC,CS01,7273.7,KG,H,EC-D2,,54,0000003701,,
4900011900,0001,2025-04-19,201,FE-001,EC,CS01,15007.7,KG,H,EC-D3,,86,0000003829,,
4900011901,0001,2025-04-19,201,FE-001,EC,CS01,6454.9,KG,H,EC-D7,,328,0000004573,,
4900011902,0001,2025-04-19,101,FE-002,EC,CS01,99300,KG,S,,,,,4500000457,00010
4900011903,0001,2025-04-19,201,FE-002,EC,CS01,2215.0,KG,H,EC-D1,,19,0000003566,,
4900011904,0001,2025-04-19,201,FE-003,EC,CS01,1837.4,KG,H,EC-D1,,11,0000003535,,
4900011905,0001,2025-04-19,201,FE-003,EC,CS01,1835.8,KG,H,EC-D1,,19,0000003567,,
4900011906,0001,2025-04-19,201,FE-003,EC,CS01,2535.9,KG,H,EC-D2,,46,0000003675,,
4900011907,0001,2025-04-19,201,FE-003,EC,CS01,1781.5,KG,H,EC-D6,,252,0000004383,,
4900011908,0001,2025-04-19,201,FE-004,EC,CS01,158.9,KG,H,EC-D3,,99,0000003884,,
4900011909,0001,2025-04-19,201,FE-004,EC,CS01,217.6,KG,H,EC-D7,,331,0000004588,,
4900011910,0001,2025-04-19,101,FU-001,EC,CS01,8000,L,S,,,,,4500000525,00010
4900011911,0001,2025-04-19,201,FU-001,EC,CS01,104.4,L,H,EC-D1,,,,,
4900011912,0001,2025-04-19,201,FU-001,EC,CS01,71.0,L,H,EC-D2,,,,,
4900011913,0001,2025-04-19,201,FU-001,EC,CS01,129.2,L,H,EC-D3,,,,,
4900011914,0001,2025-04-19,201,FU-001,EC,CS01,134.0,L,H,EC-D4,,,,,
4900011915,0001,2025-04-19,201,FU-001,EC,CS01,21.0,L,H,EC-D5,,,,,
4900011916,0001,2025-04-19,201,FU-001,EC,CS01,351.4,L,H,EC-D6,,,,,
4900011917,0001,2025-04-19,201,FU-001,EC,CS01,114.2,L,H,EC-D7,,,,,
4900011918,0001,2025-04-19,201,FU-001,EC,CS01,639.2,L,H,EC-GEN,,,,,
4900011919,0001,2025-04-20,101,AC-002,EC,CS01,42,KG,S,,,,,4500000512,00010
4900011920,0001,2025-04-20,101,FE-001,EC,CS01,244450,KG,S,,,,,4500000482,00010
4900011921,0001,2025-04-20,201,FE-001,EC,CS01,9213.4,KG,H,EC-D1,,2,0000003497,,
4900011922,0001,2025-04-20,201,FE-001,EC,CS01,3486.3,KG,H,EC-D3,,106,0000003909,,
4900011923,0001,2025-04-20,201,FE-001,EC,CS01,10603.3,KG,H,EC-D5,,170,0000004161,,
4900011924,0001,2025-04-20,201,FE-001,EC,CS01,12050.2,KG,H,EC-D5,,194,0000004245,,
4900011925,0001,2025-04-20,201,FE-002,EC,CS01,3616.0,KG,H,EC-D1,,30,0000003610,,
4900011926,0001,2025-04-20,201,FE-002,EC,CS01,2901.8,KG,H,EC-D6,,211,0000004318,,
4900011927,0001,2025-04-20,201,FE-002,EC,CS01,1779.9,KG,H,EC-D6,,251,0000004378,,
4900011928,0001,2025-04-20,201,FE-002,EC,CS01,2571.9,KG,H,EC-D7,,335,0000004602,,
4900011929,0001,2025-04-20,201,FE-003,EC,CS01,2705.3,KG,H,EC-D4,,134,0000004031,,
4900011930,0001,2025-04-20,201,FE-003,EC,CS01,1727.8,KG,H,EC-D7,,348,0000004655,,
4900011931,0001,2025-04-20,201,FE-004,EC,CS01,146.0,KG,H,EC-D1,,7,0000003520,,
4900011932,0001,2025-04-20,201,FE-004,EC,CS01,193.3,KG,H,EC-D1,,12,0000003540,,
4900011933,0001,2025-04-20,201,FE-004,EC,CS01,174.9,KG,H,EC-D4,,140,0000004056,,
4900011934,0001,2025-04-20,201,FE-004,EC,CS01,221.6,KG,H,EC-D5,,200,0000004272,,
4900011935,0001,2025-04-20,201,FU-001,EC,CS01,92.1,L,H,EC-D1,,,,,
4900011936,0001,2025-04-20,201,FU-001,EC,CS01,90.8,L,H,EC-D2,,,,,
4900011937,0001,2025-04-20,201,FU-001,EC,CS01,146.3,L,H,EC-D3,,,,,
4900011938,0001,2025-04-20,201,FU-001,EC,CS01,92.7,L,H,EC-D4,,,,,
4900011939,0001,2025-04-20,201,FU-001,EC,CS01,182.5,L,H,EC-D5,,,,,
4900011940,0001,2025-04-20,201,FU-001,EC,CS01,61.1,L,H,EC-D6,,,,,
4900011941,0001,2025-04-20,201,FU-001,EC,CS01,186.4,L,H,EC-D7,,,,,
4900011942,0001,2025-04-20,201,FU-001,EC,CS01,656.2,L,H,EC-GEN,,,,,
4900011943,0001,2025-04-20,261,SP-003,EC,CS01,1,EA,H,EC-WS,PM-00095,,,,
4900011944,0001,2025-04-21,201,AC-003,EC,CS01,1.52,L,H,EC-D1,WO-2025-0421-P-001,21,,,
4900011945,0001,2025-04-21,201,AC-003,EC,CS01,2.74,L,H,EC-D5,WO-2025-0421-P-005,193,,,
4900011946,0001,2025-04-21,201,FE-001,EC,CS01,9737.2,KG,H,EC-D1,,27,0000003597,,
4900011947,0001,2025-04-21,201,FE-001,EC,CS01,9397.4,KG,H,EC-D4,,150,0000004093,,
4900011948,0001,2025-04-21,201,FE-001,EC,CS01,12325.2,KG,H,EC-D7,,291,0000004489,,
4900011949,0001,2025-04-21,201,FE-002,EC,CS01,3162.8,KG,H,EC-D2,,69,0000003758,,
4900011950,0001,2025-04-21,201,FE-002,EC,CS01,2346.3,KG,H,EC-D7,,310,0000004566,,
4900011951,0001,2025-04-21,201,FE-002,EC,CS01,2119.8,KG,H,EC-D7,,345,0000004642,,
4900011952,0001,2025-04-21,201,FE-003,EC,CS01,1133.9,KG,H,EC-D1,,3,0000003503,,
4900011953,0001,2025-04-21,201,FE-003,EC,CS01,900.6,KG,H,EC-D1,,4,0000003507,,
4900011954,0001,2025-04-21,201,FE-003,EC,CS01,1950.9,KG,H,EC-D3,,84,0000003823,,
4900011955,0001,2025-04-21,201,FE-003,EC,CS01,1661.3,KG,H,EC-D7,,300,0000004527,,
4900011956,0001,2025-04-21,201,FE-003,EC,CS01,803.8,KG,H,EC-D7,,301,0000004531,,
4900011957,0001,2025-04-21,201,FU-001,EC,CS01,80.2,L,H,EC-D1,,,,,
4900011958,0001,2025-04-21,201,FU-001,EC,CS01,145.2,L,H,EC-D2,,,,,
4900011959,0001,2025-04-21,201,FU-001,EC,CS01,136.5,L,H,EC-D3,,,,,
4900011960,0001,2025-04-21,201,FU-001,EC,CS01,169.4,L,H,EC-D4,,,,,
4900011961,0001,2025-04-21,201,FU-001,EC,CS01,193.0,L,H,EC-D5,,,,,
4900011962,0001,2025-04-21,201,FU-001,EC,CS01,201.8,L,H,EC-D6,,,,,
4900011963,0001,2025-04-21,201,FU-001,EC,CS01,210.4,L,H,EC-D7,,,,,
4900011964,0001,2025-04-21,201,FU-001,EC,CS01,770.2,L,H,EC-GEN,,,,,
4900011965,0001,2025-04-21,261,SP-006,EC,CS01,1,EA,H,EC-WS,PM-00001,,,,
4900011966,0001,2025-04-22,201,FE-001,EC,CS01,8836.5,KG,H,EC-D3,,94,0000003861,,
4900011967,0001,2025-04-22,201,FE-001,EC,CS01,6562.4,KG,H,EC-D4,,129,0000004009,,
4900011968,0001,2025-04-22,201,FE-001,EC,CS01,10571.7,KG,H,EC-D5,,178,0000004189,,
4900011969,0001,2025-04-22,201,FE-002,EC,CS01,3256.3,KG,H,EC-D4,,144,0000004070,,
4900011970,0001,2025-04-22,201,FE-003,EC,CS01,1570.2,KG,H,EC-D1,,17,0000003559,,
4900011971,0001,2025-04-22,201,FE-003,EC,CS01,3896.7,KG,H,EC-D3,,101,0000003891,,
4900011972,0001,2025-04-22,201,FE-003,EC,CS01,1940.7,KG,H,EC-D4,,144,0000004071,,
4900011973,0001,2025-04-22,201,FE-003,EC,CS01,2746.6,KG,H,EC-D5,,169,0000004159,,
4900011974,0001,2025-04-22,201,FE-004,EC,CS01,172.8,KG,H,EC-D3,,110,0000003928,,
4900011975,0001,2025-04-22,201,FE-004,EC,CS01,250.6,KG,H,EC-D4,,130,0000004016,,
4900011976,0001,2025-04-22,201,FU-001,EC,CS01,109.0,L,H,EC-D1,,,,,
4900011977,0001,2025-04-22,201,FU-001,EC,CS01,108.6,L,H,EC-D2,,,,,
4900011978,0001,2025-04-22,201,FU-001,EC,CS01,164.8,L,H,EC-D3,,,,,
4900011979,0001,2025-04-22,201,FU-001,EC,CS01,337.8,L,H,EC-D4,,,,,
4900011980,0001,2025-04-22,201,FU-001,EC,CS01,109.3,L,H,EC-D5,,,,,
4900011981,0001,2025-04-22,201,FU-001,EC,CS01,89.9,L,H,EC-D6,,,,,
4900011982,0001,2025-04-22,201,FU-001,EC,CS01,185.4,L,H,EC-D7,,,,,
4900011983,0001,2025-04-22,201,FU-001,EC,CS01,599.9,L,H,EC-GEN,,,,,
4900011984,0001,2025-04-23,201,FE-001,EC,CS01,4871.7,KG,H,EC-D3,,116,0000003949,,
4900011985,0001,2025-04-23,201,FE-001,EC,CS01,11907.0,KG,H,EC-D5,,177,0000004185,,
4900011986,0001,2025-04-23,201,FE-001,EC,CS01,7628.7,KG,H,EC-D6,,271,0000004457,,
4900011987,0001,2025-04-23,201,FE-001,EC,CS01,11965.8,KG,H,EC-D7,,290,0000004485,,
4900011988,0001,2025-04-23,201,FE-001,EC,CS01,12309.8,KG,H,EC-D7,,343,0000004633,,
4900011989,0001,2025-04-23,201,FE-002,EC,CS01,522.2,KG,H,EC-D3,,81,0000003810,,
4900011990,0001,2025-04-23,201,FE-002,EC,CS01,2333.7,KG,H,EC-D7,,292,0000004494,,
4900011991,0001,2025-04-23,201,FE-003,EC,CS01,1854.7,KG,H,EC-D3,,95,0000003867,,
4900011992,0001,2025-04-23,201,FE-004,EC,CS01,105.6,KG,H,EC-D3,,80,0000003808,,
4900011993,0001,2025-04-23,201,FU-001,EC,CS01,68.7,L,H,EC-D1,,,,,
4900011994,0001,2025-04-23,201,FU-001,EC,CS01,154.2,L,H,EC-D2,,,,,
4900011995,0001,2025-04-23,201,FU-001,EC,CS01,108.5,L,H,EC-D3,,,,,
4900011996,0001,2025-04-23,201,FU-001,EC,CS01,69.8,L,H,EC-D4,,,,,
4900011997,0001,2025-04-23,201,FU-001,EC,CS01,180.4,L,H,EC-D5,,,,,
4900011998,0001,2025-04-23,201,FU-001,EC,CS01,294.9,L,H,EC-D6,,,,,
4900011999,0001,2025-04-23,201,FU-001,EC,CS01,108.9,L,H,EC-D7,,,,,
4900012000,0001,2025-04-23,201,FU-001,EC,CS01,632.2,L,H,EC-GEN,,,,,
4900012001,0001,2025-04-24,201,FE-001,EC,CS01,9527.1,KG,H,EC-D3,,100,0000003885,,
4900012002,0001,2025-04-24,201,FE-001,EC,CS01,12341.6,KG,H,EC-D4,,151,0000004097,,
4900012003,0001,2025-04-24,201,FE-001,EC,CS01,11349.3,KG,H,EC-D6,,214,0000004329,,
4900012004,0001,2025-04-24,201,FE-002,EC,CS01,3928.7,KG,H,EC-D4,,153,0000004106,,
4900012005,0001,2025-04-24,201,FE-002,EC,CS01,2345.3,KG,H,EC-D5,,188,0000004226,,
4900012006,0001,2025-04-24,201,FE-002,EC,CS01,2951.2,KG,H,EC-D7,,346,0000004646,,
4900012007,0001,2025-04-24,201,FE-003,EC,CS01,1747.5,KG,H,EC-D6,,230,0000004351,,
4900012008,0001,2025-04-24,201,FE-003,EC,CS01,2324.6,KG,H,EC-D7,,343,0000004635,,
4900012009,0001,2025-04-24,201,FE-004,EC,CS01,287.0,KG,H,EC-D4,,150,0000004096,,
4900012010,0001,2025-04-24,201,FE-004,EC,CS01,184.1,KG,H,EC-D6,,272,0000004464,,
4900012011,0001,2025-04-24,201,FU-001,EC,CS01,139.5,L,H,EC-D1,,,,,
4900012012,0001,2025-04-24,201,FU-001,EC,CS01,121.7,L,H,EC-D2,,,,,
4900012013,0001,2025-04-24,201,FU-001,EC,CS01,204.6,L,H,EC-D3,,,,,
4900012014,0001,2025-04-24,201,FU-001,EC,CS01,170.5,L,H,EC-D4,,,,,
4900012015,0001,2025-04-24,201,FU-001,EC,CS01,166.7,L,H,EC-D5,,,,,
4900012016,0001,2025-04-24,201,FU-001,EC,CS01,150.1,L,H,EC-D6,,,,,
4900012017,0001,2025-04-24,201,FU-001,EC,CS01,332.9,L,H,EC-D7,,,,,
4900012018,0001,2025-04-24,201,FU-001,EC,CS01,700.7,L,H,EC-GEN,,,,,
4900012019,0001,2025-04-24,261,SP-008,EC,CS01,1,EA,H,EC-WS,PM-00046,,,,
4900012020,0001,2025-04-25,201,AC-003,EC,CS01,2.46,L,H,EC-D3,WO-2025-0425-P-001,99,,,
4900012021,0001,2025-04-25,201,AC-003,EC,CS01,5.02,L,H,EC-D5,WO-2025-0425-P-002,169,,,
4900012022,0001,2025-04-25,201,FE-002,EC,CS01,1117.8,KG,H,EC-D1,,3,0000003502,,
4900012023,0001,2025-04-25,201,FE-002,EC,CS01,3293.6,KG,H,EC-D2,,71,0000003766,,
4900012024,0001,2025-04-25,201,FE-002,EC,CS01,3305.8,KG,H,EC-D5,,196,0000004254,,
4900012025,0001,2025-04-25,201,FE-003,EC,CS01,1665.8,KG,H,EC-D4,,129,0000004011,,
4900012026,0001,2025-04-25,201,FE-003,EC,CS01,1860.0,KG,H,EC-D4,,132,0000004023,,
4900012027,0001,2025-04-25,201,FE-003,EC,CS01,1253.7,KG,H,EC-D6,,260,0000004415,,
4900012028,0001,2025-04-25,201,FE-003,EC,CS01,2389.0,KG,H,EC-D7,,299,0000004523,,
4900012029,0001,2025-04-25,201,FE-004,EC,CS01,237.1,KG,H,EC-D1,,29,0000003608,,
4900012030,0001,2025-04-25,201,FE-004,EC,CS01,289.2,KG,H,EC-D1,,34,0000003628,,
4900012031,0001,2025-04-25,201,FE-004,EC,CS01,318.5,KG,H,EC-D5,,197,0000004260,,
4900012032,0001,2025-04-25,201,FU-001,EC,CS01,88.7,L,H,EC-D1,,,,,
4900012033,0001,2025-04-25,201,FU-001,EC,CS01,46.5,L,H,EC-D2,,,,,
4900012034,0001,2025-04-25,201,FU-001,EC,CS01,238.6,L,H,EC-D3,,,,,
4900012035,0001,2025-04-25,201,FU-001,EC,CS01,172.0,L,H,EC-D4,,,,,
4900012036,0001,2025-04-25,201,FU-001,EC,CS01,147.7,L,H,EC-D5,,,,,
4900012037,0001,2025-04-25,201,FU-001,EC,CS01,290.0,L,H,EC-D6,,,,,
4900012038,0001,2025-04-25,201,FU-001,EC,CS01,89.7,L,H,EC-D7,,,,,
4900012039,0001,2025-04-25,201,FU-001,EC,CS01,740.3,L,H,EC-GEN,,,,,
4900012040,0001,2025-04-25,101,SP-001,EC,CS01,4,EA,S,,,,,4500000522,00010
4900012041,0001,2025-04-25,261,SP-003,EC,CS01,1,EA,H,EC-WS,PM-00128,,,,
4900012042,0001,2025-04-26,201,AC-001,EC,CS01,17.2,L,H,EC-D1,WO-2025-0426-U-004,11,,,
4900012043,0001,2025-04-26,201,AC-001,EC,CS01,9.8,L,H,EC-D2,WO-2025-0426-U-008,62,,,
4900012044,0001,2025-04-26,201,AC-001,EC,CS01,20.1,L,H,EC-D3,WO-2025-0426-U-012,94,,,
4900012045,0001,2025-04-26,201,AC-001,EC,CS01,28.6,L,H,EC-D4,WO-2025-0426-U-017,136,,,
4900012046,0001,2025-04-26,201,AC-001,EC,CS01,2.6,L,H,EC-D5,WO-2025-0426-U-021,195,,,
4900012047,0001,2025-04-26,201,AC-001,EC,CS01,35.6,L,H,EC-D6,WO-2025-0426-U-026,216,,,
4900012048,0001,2025-04-26,201,AC-001,EC,CS01,28.0,L,H,EC-D7,WO-2025-0426-U-031,334,,,
4900012049,0001,2025-04-26,201,AC-002,EC,CS01,1.13,KG,H,EC-D4,WO-2025-0426-U-017,136,,,
4900012050,0001,2025-04-26,201,FE-001,EC,CS01,10456.3,KG,H,EC-D3,,87,0000003833,,
4900012051,0001,2025-04-26,201,FE-001,EC,CS01,7266.0,KG,H,EC-D3,,92,0000003853,,
4900012052,0001,2025-04-26,201,FE-003,EC,CS01,1947.4,KG,H,EC-D3,,115,0000003947,,
4900012053,0001,2025-04-26,201,FE-003,EC,CS01,282.4,KG,H,EC-D5,,373,0000004283,,
4900012054,0001,2025-04-26,201,FE-004,EC,CS01,190.6,KG,H,EC-D1,,22,0000003580,,
4900012055,0001,2025-04-26,201,FE-004,EC,CS01,276.4,KG,H,EC-D6,,257,0000004404,,
4900012056,0001,2025-04-26,201,FE-004,EC,CS01,118.7,KG,H,EC-D6,,265,0000004436,,
4900012057,0001,2025-04-26,101,FU-001,EC,CS01,8000,L,S,,,,,4500000527,00010
4900012058,0001,2025-04-26,201,FU-001,EC,CS01,73.4,L,H,EC-D1,,,,,
4900012059,0001,2025-04-26,201,FU-001,EC,CS01,74.7,L,H,EC-D2,,,,,
4900012060,0001,2025-04-26,201,FU-001,EC,CS01,114.4,L,H,EC-D3,,,,,
4900012061,0001,2025-04-26,201,FU-001,EC,CS01,210.3,L,H,EC-D4,,,,,
4900012062,0001,2025-04-26,201,FU-001,EC,CS01,200.3,L,H,EC-D5,,,,,
4900012063,0001,2025-04-26,201,FU-001,EC,CS01,232.2,L,H,EC-D6,,,,,
4900012064,0001,2025-04-26,201,FU-001,EC,CS01,270.9,L,H,EC-D7,,,,,
4900012065,0001,2025-04-26,201,FU-001,EC,CS01,681.9,L,H,EC-GEN,,,,,
4900012066,0001,2025-04-26,101,SP-003,EC,CS01,5,EA,S,,,,,4500000523,00010
4900012067,0001,2025-04-26,261,SP-007,EC,CS01,1,EA,H,EC-WS,PM-00116,,,,
4900012068,0001,2025-04-27,101,FE-001,EC,CS01,244450,KG,S,,,,,4500000473,00010
4900012069,0001,2025-04-27,201,FE-001,EC,CS01,5985.8,KG,H,EC-D4,,165,0000004145,,
4900012070,0001,2025-04-27,201,FE-001,EC,CS01,10575.5,KG,H,EC-D5,,176,0000004181,,
4900012071,0001,2025-04-27,201,FE-001,EC,CS01,15892.6,KG,H,EC-D6,,210,0000004313,,
4900012072,0001,2025-04-27,201,FE-001,EC,CS01,11605.6,KG,H,EC-D7,,296,0000004509,,
4900012073,0001,2025-04-27,201,FE-002,EC,CS01,1272.3,KG,H,EC-D4,,124,0000003990,,
4900012074,0001,2025-04-27,201,FE-002,EC,CS01,1478.6,KG,H,EC-D5,,184,0000004210,,
4900012075,0001,2025-04-27,201,FE-002,EC,CS01,1664.8,KG,H,EC-D5,,194,0000004246,,
4900012076,0001,2025-04-27,201,FE-002,EC,CS01,1496.4,KG,H,EC-D6,,260,0000004414,,
4900012077,0001,2025-04-27,201,FE-003,EC,CS01,1555.7,KG,H,EC-D2,,52,0000003695,,
4900012078,0001,2025-04-27,201,FE-003,EC,CS01,1637.1,KG,H,EC-D4,,143,0000004067,,
4900012079,0001,2025-04-27,201,FE-003,EC,CS01,1679.3,KG,H,EC-D6,,253,0000004387,,
4900012080,0001,2025-04-27,201,FE-003,EC,CS01,1921.7,KG,H,EC-D7,,311,0000004571,,
4900012081,0001,2025-04-27,201,FE-004,EC,CS01,286.9,KG,H,EC-D1,,9,0000003528,,
4900012082,0001,2025-04-27,201,FE-004,EC,CS01,229.8,KG,H,EC-D1,,27,0000003600,,
4900012083,0001,2025-04-27,201,FE-004,EC,CS01,291.1,KG,H,EC-D5,,168,0000004156,,
4900012084,0001,2025-04-27,201,FU-001,EC,CS01,88.1,L,H,EC-D1,,,,,
4900012085,0001,2025-04-27,201,FU-001,EC,CS01,138.9,L,H,EC-D2,,,,,
4900012086,0001,2025-04-27,201,FU-001,EC,CS01,108.4,L,H,EC-D3,,,,,
4900012087,0001,2025-04-27,201,FU-001,EC,CS01,19.1,L,H,EC-D4,,,,,
4900012088,0001,2025-04-27,201,FU-001,EC,CS01,91.0,L,H,EC-D5,,,,,
4900012089,0001,2025-04-27,201,FU-001,EC,CS01,144.3,L,H,EC-D6,,,,,
4900012090,0001,2025-04-27,201,FU-001,EC,CS01,180.7,L,H,EC-D7,,,,,
4900012091,0001,2025-04-27,201,FU-001,EC,CS01,661.8,L,H,EC-GEN,,,,,
4900012092,0001,2025-04-27,261,SP-004,EC,CS01,1,EA,H,EC-WS,PM-00149,,,,
4900012093,0001,2025-04-27,101,SP-007,EC,CS01,4,EA,S,,,,,4500000524,00010
4900012094,0001,2025-04-28,201,AC-001,EC,CS01,31.9,L,H,EC-D1,WO-2025-0428-U-004,27,,,
4900012095,0001,2025-04-28,201,AC-001,EC,CS01,23.5,L,H,EC-D2,WO-2025-0428-U-008,54,,,
4900012096,0001,2025-04-28,201,AC-001,EC,CS01,11.5,L,H,EC-D3,WO-2025-0428-U-012,118,,,
4900012097,0001,2025-04-28,201,AC-001,EC,CS01,7.1,L,H,EC-D4,WO-2025-0428-U-017,136,,,
4900012098,0001,2025-04-28,201,AC-001,EC,CS01,24.1,L,H,EC-D5,WO-2025-0428-U-021,171,,,
4900012099,0001,2025-04-28,201,AC-001,EC,CS01,2.1,L,H,EC-D6,WO-2025-0428-U-026,216,,,
4900012100,0001,2025-04-28,201,AC-001,EC,CS01,15.0,L,H,EC-D7,WO-2025-0428-U-031,300,,,
4900012101,0001,2025-04-28,201,AC-003,EC,CS01,0.98,L,H,EC-D7,WO-2025-0428-P-002,330,,,
4900012102,0001,2025-04-28,201,FE-001,EC,CS01,13821.8,KG,H,EC-D1,,33,0000003621,,
4900012103,0001,2025-04-28,201,FE-001,EC,CS01,12808.5,KG,H,EC-D2,,73,0000003773,,
4900012104,0001,2025-04-28,201,FE-001,EC,CS01,9314.1,KG,H,EC-D5,,186,0000004217,,
4900012105,0001,2025-04-28,201,FE-002,EC,CS01,3277.5,KG,H,EC-D4,,151,0000004098,,
4900012106,0001,2025-04-28,201,FE-002,EC,CS01,1711.1,KG,H,EC-D7,,289,0000004482,,
4900012107,0001,2025-04-28,201,FE-002,EC,CS01,2635.0,KG,H,EC-D7,,338,0000004614,,
4900012108,0001,2025-04-28,201,FE-003,EC,CS01,2284.7,KG,H,EC-D5,,176,0000004183,,
4900012109,0001,2025-04-28,201,FE-004,EC,CS01,195.5,KG,H,EC-D2,,42,0000003660,,
4900012110,0001,2025-04-28,201,FE-004,EC,CS01,254.3,KG,H,EC-D4,,135,0000004036,,
4900012111,0001,2025-04-28,201,FE-004,EC,CS01,92.7,KG,H,EC-D4,,155,0000004116,,
4900012112,0001,2025-04-28,201,FE-004,EC,CS01,188.4,KG,H,EC-D5,,188,0000004228,,
4900012113,0001,2025-04-28,201,FU-001,EC,CS01,108.1,L,H,EC-D1,,,,,
4900012114,0001,2025-04-28,201,FU-001,EC,CS01,111.0,L,H,EC-D2,,,,,
4900012115,0001,2025-04-28,201,FU-001,EC,CS01,135.6,L,H,EC-D3,,,,,
4900012116,0001,2025-04-28,201,FU-001,EC,CS01,196.4,L,H,EC-D4,,,,,
4900012117,0001,2025-04-28,201,FU-001,EC,CS01,101.4,L,H,EC-D5,,,,,
4900012118,0001,2025-04-28,201,FU-001,EC,CS01,227.6,L,H,EC-D6,,,,,
4900012119,0001,2025-04-28,201,FU-001,EC,CS01,170.8,L,H,EC-D7,,,,,
4900012120,0001,2025-04-28,201,FU-001,EC,CS01,759.5,L,H,EC-GEN,,,,,
4900012121,0001,2025-04-28,261,SP-004,EC,CS01,1,EA,H,EC-WS,PM-00119,,,,
4900012122,0001,2025-04-28,261,SP-005,EC,CS01,1,EA,H,EC-WS,PM-00055,,,,
4900012123,0001,2025-04-29,201,AC-001,EC,CS01,17.1,L,H,EC-D1,WO-2025-0429-U-004,28,,,
4900012124,0001,2025-04-29,201,AC-001,EC,CS01,9.9,L,H,EC-D2,WO-2025-0429-U-008,54,,,
4900012125,0001,2025-04-29,201,AC-001,EC,CS01,12.7,L,H,EC-D3,WO-2025-0429-U-012,120,,,
4900012126,0001,2025-04-29,201,AC-001,EC,CS01,23.8,L,H,EC-D4,WO-2025-0429-U-017,141,,,
4900012127,0001,2025-04-29,201,AC-001,EC,CS01,22.0,L,H,EC-D5,WO-2025-0429-U-021,199,,,
4900012128,0001,2025-04-29,201,AC-001,EC,CS01,26.9,L,H,EC-D6,WO-2025-0429-U-026,379,,,
4900012129,0001,2025-04-29,201,AC-001,EC,CS01,5.7,L,H,EC-D7,WO-2025-0429-U-031,300,,,
4900012130,0001,2025-04-29,201,AC-002,EC,CS01,0.92,KG,H,EC-D4,WO-2025-0429-U-017,141,,,
4900012131,0001,2025-04-29,201,FE-001,EC,CS01,7462.2,KG,H,EC-D2,,65,0000003741,,
4900012132,0001,2025-04-29,201,FE-002,EC,CS01,2908.5,KG,H,EC-D5,,187,0000004222,,
4900012133,0001,2025-04-29,201,FE-002,EC,CS01,3236.0,KG,H,EC-D5,,197,0000004258,,
4900012134,0001,2025-04-29,201,FE-003,EC,CS01,2599.3,KG,H,EC-D2,,382,0000003783,,
4900012135,0001,2025-04-29,201,FE-003,EC,CS01,2148.0,KG,H,EC-D5,,196,0000004255,,
4900012136,0001,2025-04-29,101,FU-001,EC,CS01,8000,L,S,,,,,4500000529,00010
4900012137,0001,2025-04-29,201,FU-001,EC,CS01,92.4,L,H,EC-D1,,,,,
4900012138,0001,2025-04-29,201,FU-001,EC,CS01,143.6,L,H,EC-D2,,,,,
4900012139,0001,2025-04-29,201,FU-001,EC,CS01,137.2,L,H,EC-D3,,,,,
4900012140,0001,2025-04-29,201,FU-001,EC,CS01,203.2,L,H,EC-D4,,,,,
4900012141,0001,2025-04-29,201,FU-001,EC,CS01,140.3,L,H,EC-D5,,,,,
4900012142,0001,2025-04-29,201,FU-001,EC,CS01,26.4,L,H,EC-D6,,,,,
4900012143,0001,2025-04-29,201,FU-001,EC,CS01,74.5,L,H,EC-D7,,,,,
4900012144,0001,2025-04-29,201,FU-001,EC,CS01,581.2,L,H,EC-GEN,,,,,
4900012145,0001,2025-04-29,261,SP-001,EC,CS01,1,EA,H,EC-WS,PM-00085,,,,
4900012146,0001,2025-04-29,261,SP-002,EC,CS01,1,EA,H,EC-WS,PM-00008,,,,
4900012147,0001,2025-04-29,261,SP-003,EC,CS01,1,EA,H,EC-WS,PM-00074,,,,
4900012148,0001,2025-04-29,261,SP-006,EC,CS01,1,EA,H,EC-WS,PM-00109,,,,
4900012149,0001,2025-04-30,201,FE-002,EC,CS01,2598.7,KG,H,EC-D6,,206,0000004298,,
4900012150,0001,2025-04-30,201,FE-002,EC,CS01,1355.7,KG,H,EC-D6,,253,0000004386,,
4900012151,0001,2025-04-30,201,FE-002,EC,CS01,1254.1,KG,H,EC-D7,,295,0000004506,,
4900012152,0001,2025-04-30,201,FE-002,EC,CS01,4196.6,KG,H,EC-D7,,303,0000004538,,
4900012153,0001,2025-04-30,201,FE-003,EC,CS01,1752.2,KG,H,EC-D1,,23,0000003583,,
4900012154,0001,2025-04-30,201,FE-003,EC,CS01,2332.6,KG,H,EC-D6,,209,0000004311,,
4900012155,0001,2025-04-30,201,FE-004,EC,CS01,294.0,KG,H,EC-D3,,89,0000003844,,
4900012156,0001,2025-04-30,201,FE-004,EC,CS01,177.4,KG,H,EC-D3,,91,0000003852,,
4900012157,0001,2025-04-30,201,FE-004,EC,CS01,167.3,KG,H,EC-D7,,333,0000004596,,
4900012158,0001,2025-04-30,201,FU-001,EC,CS01,54.0,L,H,EC-D1,,,,,
4900012159,0001,2025-04-30,201,FU-001,EC,CS01,41.8,L,H,EC-D2,,,,,
4900012160,0001,2025-04-30,201,FU-001,EC,CS01,133.1,L,H,EC-D3,,,,,
4900012161,0001,2025-04-30,201,FU-001,EC,CS01,218.2,L,H,EC-D4,,,,,
4900012162,0001,2025-04-30,201,FU-001,EC,CS01,47.4,L,H,EC-D5,,,,,
4900012163,0001,2025-04-30,201,FU-001,EC,CS01,21.0,L,H,EC-D6,,,,,
4900012164,0001,2025-04-30,201,FU-001,EC,CS01,114.4,L,H,EC-D7,,,,,
4900012165,0001,2025-04-30,201,FU-001,EC,CS01,633.9,L,H,EC-GEN,,,,,
4900012166,0001,2025-05-01,201,AC-003,EC,CS01,2.16,L,H,EC-D3,WO-2025-0501-P-001,97,,,
4900012167,0001,2025-05-01,201,FE-001,EC,CS01,6298.2,KG,H,EC-D3,,114,0000003941,,
4900012168,0001,2025-05-01,201,FE-001,EC,CS01,12868.1,KG,H,EC-D4,,135,0000004033,,
4900012169,0001,2025-05-01,201,FE-001,EC,CS01,8378.0,KG,H,EC-D5,,182,0000004205,,
4900012170,0001,2025-05-01,201,FE-001,EC,CS01,12789.8,KG,H,EC-D7,,293,0000004497,,
4900012171,0001,2025-05-01,201,FE-002,EC,CS01,1185.5,KG,H,EC-D3,,105,0000003906,,
4900012172,0001,2025-05-01,201,FE-003,EC,CS01,2150.5,KG,H,EC-D2,,50,0000003687,,
4900012173,0001,2025-05-01,201,FE-004,EC,CS01,33.8,KG,H,EC-D3,,119,0000003964,,
4900012174,0001,2025-05-01,201,FE-004,EC,CS01,267.2,KG,H,EC-D7,,336,0000004608,,
4900012175,0001,2025-05-01,201,FU-001,EC,CS01,101.8,L,H,EC-D1,,,,,
4900012176,0001,2025-05-01,201,FU-001,EC,CS01,194.2,L,H,EC-D2,,,,,
4900012177,0001,2025-05-01,201,FU-001,EC,CS01,227.6,L,H,EC-D3,,,,,
4900012178,0001,2025-05-01,201,FU-001,EC,CS01,142.7,L,H,EC-D4,,,,,
4900012179,0001,2025-05-01,201,FU-001,EC,CS01,130.5,L,H,EC-D5,,,,,
4900012180,0001,2025-05-01,201,FU-001,EC,CS01,391.0,L,H,EC-D6,,,,,
4900012181,0001,2025-05-01,201,FU-001,EC,CS01,204.4,L,H,EC-D7,,,,,
4900012182,0001,2025-05-01,201,FU-001,EC,CS01,564.2,L,H,EC-GEN,,,,,
4900012183,0001,2025-05-01,261,SP-004,EC,CS01,1,EA,H,EC-WS,PM-00035,,,,
4900012184,0001,2025-05-01,261,SP-005,EC,CS01,1,EA,H,EC-WS,PM-00022,,,,
4900012185,0001,2025-05-01,101,SP-006,EC,CS01,1,EA,S,,,,,4500000533,00010
4900012186,0001,2025-05-01,261,SP-006,EC,CS01,1,EA,H,EC-WS,PM-00106,,,,
4900012187,0001,2025-05-02,201,AC-001,EC,CS01,11.6,L,H,EC-D1,WO-2025-0502-U-004,28,,,
4900012188,0001,2025-05-02,201,AC-001,EC,CS01,27.9,L,H,EC-D2,WO-2025-0502-U-008,69,,,
4900012189,0001,2025-05-02,201,AC-001,EC,CS01,28.6,L,H,EC-D3,WO-2025-0502-U-012,76,,,
4900012190,0001,2025-05-02,201,AC-001,EC,CS01,8.7,L,H,EC-D4,WO-2025-0502-U-017,141,,,
4900012191,0001,2025-05-02,201,AC-001,EC,CS01,24.4,L,H,EC-D5,WO-2025-0502-U-021,187,,,
4900012192,0001,2025-05-02,201,AC-001,EC,CS01,16.7,L,H,EC-D6,WO-2025-0502-U-026,379,,,
4900012193,0001,2025-05-02,201,AC-001,EC,CS01,19.1,L,H,EC-D7,WO-2025-0502-U-031,329,,,
4900012194,0001,2025-05-02,201,AC-002,EC,CS01,0.96,KG,H,EC-D2,WO-2025-0502-U-008,69,,,
4900012195,0001,2025-05-02,201,AC-002,EC,CS01,0.9,KG,H,EC-D5,WO-2025-0502-U-021,187,,,
4900012196,0001,2025-05-02,201,AC-003,EC,CS01,4.81,L,H,EC-D7,WO-2025-0502-P-002,340,,,
4900012197,0001,2025-05-02,201,FE-001,EC,CS01,6031.6,KG,H,EC-D4,,130,0000004013,,
4900012198,0001,2025-05-02,201,FE-001,EC,CS01,11321.3,KG,H,EC-D5,,202,0000004277,,
4900012199,0001,2025-05-02,201,FE-002,EC,CS01,450.8,KG,H,EC-D3,,119,0000003962,,
4900012200,0001,2025-05-02,201,FE-002,EC,CS01,2244.1,KG,H,EC-D6,,268,0000004446,,
4900012201,0001,2025-05-02,201,FE-003,EC,CS01,2032.3,KG,H,EC-D3,,109,0000003923,,
4900012202,0001,2025-05-02,201,FE-003,EC,CS01,415.9,KG,H,EC-D3,,121,0000003971,,
4900012203,0001,2025-05-02,201,FE-003,EC,CS01,2134.1,KG,H,EC-D5,,202,0000004279,,
4900012204,0001,2025-05-02,201,FE-003,EC,CS01,1293.5,KG,H,EC-D7,,330,0000004583,,
4900012205,0001,2025-05-02,201,FE-004,EC,CS01,159.0,KG,H,EC-D1,,4,0000003508,,
4900012206,0001,2025-05-02,201,FE-004,EC,CS01,246.8,KG,H,EC-D3,,78,0000003800,,
4900012207,0001,2025-05-02,201,FE-004,EC,CS01,113.7,KG,H,EC-D3,,117,0000003956,,
4900012208,0001,2025-05-02,201,FE-004,EC,CS01,177.8,KG,H,EC-D5,,180,0000004200,,
4900012209,0001,2025-05-02,201,FE-004,EC,CS01,280.8,KG,H,EC-D6,,263,0000004428,,
4900012210,0001,2025-05-02,201,FU-001,EC,CS01,49.7,L,H,EC-D1,,,,,
4900012211,0001,2025-05-02,201,FU-001,EC,CS01,100.9,L,H,EC-D2,,,,,
4900012212,0001,2025-05-02,201,FU-001,EC,CS01,40.1,L,H,EC-D3,,,,,
4900012213,0001,2025-05-02,201,FU-001,EC,CS01,111.7,L,H,EC-D4,,,,,
4900012214,0001,2025-05-02,201,FU-001,EC,CS01,94.0,L,H,EC-D5,,,,,
4900012215,0001,2025-05-02,201,FU-001,EC,CS01,185.5,L,H,EC-D6,,,,,
4900012216,0001,2025-05-02,201,FU-001,EC,CS01,260.9,L,H,EC-D7,,,,,
4900012217,0001,2025-05-02,201,FU-001,EC,CS01,646.1,L,H,EC-GEN,,,,,
4900012218,0001,2025-05-02,261,SP-004,EC,CS01,1,EA,H,EC-WS,PM-00053,,,,
4900012219,0001,2025-05-03,201,FE-001,EC,CS01,4913.2,KG,H,EC-D6,,258,0000004405,,
4900012220,0001,2025-05-03,201,FE-002,EC,CS01,2855.6,KG,H,EC-D2,,52,0000003694,,
4900012221,0001,2025-05-03,201,FE-002,EC,CS01,4520.4,KG,H,EC-D4,,138,0000004046,,
4900012222,0001,2025-05-03,201,FE-002,EC,CS01,2760.8,KG,H,EC-D5,,177,0000004186,,
4900012223,0001,2025-05-03,201,FE-003,EC,CS01,1781.2,KG,H,EC-D1,,9,0000003527,,
4900012224,0001,2025-05-03,201,FE-003,EC,CS01,2402.1,KG,H,EC-D6,,255,0000004395,,
4900012225,0001,2025-05-03,201,FE-004,EC,CS01,312.0,KG,H,EC-D4,,132,0000004024,,
4900012226,0001,2025-05-03,201,FE-004,EC,CS01,221.7,KG,H,EC-D5,,194,0000004248,,
4900012227,0001,2025-05-03,201,FE-004,EC,CS01,235.8,KG,H,EC-D7,,332,0000004592,,
4900012228,0001,2025-05-03,201,FU-001,EC,CS01,53.0,L,H,EC-D1,,,,,
4900012229,0001,2025-05-03,201,FU-001,EC,CS01,72.3,L,H,EC-D2,,,,,
4900012230,0001,2025-05-03,201,FU-001,EC,CS01,33.0,L,H,EC-D3,,,,,
4900012231,0001,2025-05-03,201,FU-001,EC,CS01,172.4,L,H,EC-D4,,,,,
4900012232,0001,2025-05-03,201,FU-001,EC,CS01,225.9,L,H,EC-D5,,,,,
4900012233,0001,2025-05-03,201,FU-001,EC,CS01,199.8,L,H,EC-D6,,,,,
4900012234,0001,2025-05-03,201,FU-001,EC,CS01,75.9,L,H,EC-D7,,,,,
4900012235,0001,2025-05-03,201,FU-001,EC,CS01,558.6,L,H,EC-GEN,,,,,
4900012236,0001,2025-05-04,201,FE-001,EC,CS01,10104.3,KG,H,EC-D1,,11,0000003533,,
4900012237,0001,2025-05-04,201,FE-001,EC,CS01,2986.3,KG,H,EC-D3,,81,0000003809,,
4900012238,0001,2025-05-04,201,FE-001,EC,CS01,7666.9,KG,H,EC-D7,,309,0000004561,,
4900012239,0001,2025-05-04,201,FE-002,EC,CS01,3083.6,KG,H,EC-D7,,297,0000004514,,
4900012240,0001,2025-05-04,201,FE-003,EC,CS01,3192.5,KG,H,EC-D6,,203,0000004287,,
4900012241,0001,2025-05-04,201,FE-004,EC,CS01,33.4,KG,H,EC-D4,,127,0000004004,,
4900012242,0001,2025-05-04,201,FE-004,EC,CS01,313.8,KG,H,EC-D6,,245,0000004356,,
4900012243,0001,2025-05-04,101,FU-001,EC,CS01,8000,L,S,,,,,4500000532,00010
4900012244,0001,2025-05-04,201,FU-001,EC,CS01,79.3,L,H,EC-D1,,,,,
4900012245,0001,2025-05-04,201,FU-001,EC,CS01,100.8,L,H,EC-D2,,,,,
4900012246,0001,2025-05-04,201,FU-001,EC,CS01,145.8,L,H,EC-D3,,,,,
4900012247,0001,2025-05-04,201,FU-001,EC,CS01,184.7,L,H,EC-D4,,,,,
4900012248,0001,2025-05-04,201,FU-001,EC,CS01,75.0,L,H,EC-D5,,,,,
4900012249,0001,2025-05-04,201,FU-001,EC,CS01,167.9,L,H,EC-D6,,,,,
4900012250,0001,2025-05-04,201,FU-001,EC,CS01,138.8,L,H,EC-D7,,,,,
4900012251,0001,2025-05-04,201,FU-001,EC,CS01,623.0,L,H,EC-GEN,,,,,
4900012252,0001,2025-05-04,261,SP-001,EC,CS01,1,EA,H,EC-WS,PM-00050,,,,
4900012253,0001,2025-05-04,261,SP-003,EC,CS01,1,EA,H,EC-WS,PM-00077,,,,
4900012254,0001,2025-05-04,101,SP-006,EC,CS01,4,EA,S,,,,,4500000518,00010
4900012255,0001,2025-05-05,201,AC-003,EC,CS01,4.57,L,H,EC-D4,WO-2025-0505-P-003,136,,,
4900012256,0001,2025-05-05,201,AC-003,EC,CS01,1.3,L,H,EC-D7,WO-2025-0505-P-006,310,,,
4900012257,0001,2025-05-05,201,FE-001,EC,CS01,16619.9,KG,H,EC-D5,,187,0000004221,,
4900012258,0001,2025-05-05,201,FE-001,EC,CS01,12087.9,KG,H,EC-D6,,216,0000004337,,
4900012259,0001,2025-05-05,201,FE-002,EC,CS01,1449.4,KG,H,EC-D4,,165,0000004146,,
4900012260,0001,2025-05-05,201,FE-003,EC,CS01,1746.1,KG,H,EC-D2,,57,0000003715,,
4900012261,0001,2025-05-05,201,FE-003,EC,CS01,888.9,KG,H,EC-D3,,99,0000003883,,
4900012262,0001,2025-05-05,201,FE-004,EC,CS01,105.0,KG,H,EC-D4,,124,0000003992,,
4900012263,0001,2025-05-05,201,FE-004,EC,CS01,239.0,KG,H,EC-D7,,310,0000004568,,
4900012264,0001,2025-05-05,201,FU-001,EC,CS01,81.4,L,H,EC-D1,,,,,
4900012265,0001,2025-05-05,201,FU-001,EC,CS01,88.8,L,H,EC-D2,,,,,
4900012266,0001,2025-05-05,201,FU-001,EC,CS01,138.0,L,H,EC-D3,,,,,
4900012267,0001,2025-05-05,201,FU-001,EC,CS01,206.4,L,H,EC-D4,,,,,
4900012268,0001,2025-05-05,201,FU-001,EC,CS01,113.2,L,H,EC-D5,,,,,
4900012269,0001,2025-05-05,201,FU-001,EC,CS01,285.3,L,H,EC-D6,,,,,
4900012270,0001,2025-05-05,201,FU-001,EC,CS01,273.6,L,H,EC-D7,,,,,
4900012271,0001,2025-05-05,201,FU-001,EC,CS01,791.3,L,H,EC-GEN,,,,,
4900012272,0001,2025-05-05,261,SP-007,EC,CS01,1,EA,H,EC-WS,PM-00130,,,,
4900012273,0001,2025-05-06,201,AC-003,EC,CS01,2.21,L,H,EC-D1,WO-2025-0506-P-012,18,,,
4900012274,0001,2025-05-06,201,FE-001,EC,CS01,4786.3,KG,H,EC-D7,,295,0000004505,,
4900012275,0001,2025-05-06,201,FE-002,EC,CS01,2892.6,KG,H,EC-D4,,140,0000004054,,
4900012276,0001,2025-05-06,201,FE-002,EC,CS01,1288.3,KG,H,EC-D5,,173,0000004174,,
4900012277,0001,2025-05-06,201,FE-002,EC,CS01,1662.9,KG,H,EC-D6,,247,0000004362,,
4900012278,0001,2025-05-06,201,FE-003,EC,CS01,368.1,KG,H,EC-D1,,1,0000003495,,
4900012279,0001,2025-05-06,201,FE-003,EC,CS01,907.4,KG,H,EC-D3,,116,0000003951,,
4900012280,0001,2025-05-06,201,FE-004,EC,CS01,221.0,KG,H,EC-D3,,76,0000003792,,
4900012281,0001,2025-05-06,201,FU-001,EC,CS01,78.4,L,H,EC-D1,,,,,
4900012282,0001,2025-05-06,201,FU-001,EC,CS01,32.1,L,H,EC-D2,,,,,
4900012283,0001,2025-05-06,201,FU-001,EC,CS01,125.2,L,H,EC-D3,,,,,
4900012284,0001,2025-05-06,201,FU-001,EC,CS01,178.7,L,H,EC-D4,,,,,
4900012285,0001,2025-05-06,201,FU-001,EC,CS01,229.7,L,H,EC-D5,,,,,
4900012286,0001,2025-05-06,201,FU-001,EC,CS01,311.5,L,H,EC-D6,,,,,
4900012287,0001,2025-05-06,201,FU-001,EC,CS01,274.3,L,H,EC-D7,,,,,
4900012288,0001,2025-05-06,201,FU-001,EC,CS01,642.6,L,H,EC-GEN,,,,,
4900012289,0001,2025-05-07,201,FE-002,EC,CS01,2829.5,KG,H,EC-D3,,86,0000003830,,
4900012290,0001,2025-05-07,201,FE-003,EC,CS01,2196.1,KG,H,EC-D2,,70,0000003763,,
4900012291,0001,2025-05-07,201,FE-003,EC,CS01,2193.6,KG,H,EC-D3,,104,0000003903,,
4900012292,0001,2025-05-07,201,FE-003,EC,CS01,253.3,KG,H,EC-D3,,369,0000003975,,
4900012293,0001,2025-05-07,201,FE-004,EC,CS01,229.4,KG,H,EC-D2,,53,0000003700,,
4900012294,0001,2025-05-07,201,FE-004,EC,CS01,124.7,KG,H,EC-D6,,258,0000004408,,
4900012295,0001,2025-05-07,201,FE-004,EC,CS01,181.6,KG,H,EC-D7,,292,0000004496,,
4900012296,0001,2025-05-07,201,FU-001,EC,CS01,57.0,L,H,EC-D1,,,,,
4900012297,0001,2025-05-07,201,FU-001,EC,CS01,129.6,L,H,EC-D2,,,,,
4900012298,0001,2025-05-07,201,FU-001,EC,CS01,229.0,L,H,EC-D3,,,,,
4900012299,0001,2025-05-07,201,FU-001,EC,CS01,85.2,L,H,EC-D4,,,,,
4900012300,0001,2025-05-07,201,FU-001,EC,CS01,97.6,L,H,EC-D5,,,,,
4900012301,0001,2025-05-07,201,FU-001,EC,CS01,265.0,L,H,EC-D6,,,,,
4900012302,0001,2025-05-07,201,FU-001,EC,CS01,47.8,L,H,EC-D7,,,,,
4900012303,0001,2025-05-07,201,FU-001,EC,CS01,729.5,L,H,EC-GEN,,,,,
4900012304,0001,2025-05-07,261,SP-001,EC,CS01,1,EA,H,EC-WS,PM-00024,,,,
4900012305,0001,2025-05-07,261,SP-008,EC,CS01,1,EA,H,EC-WS,PM-00131,,,,
4900012306,0001,2025-05-08,201,AC-001,EC,CS01,17.6,L,H,EC-D1,WO-2025-0508-U-004,7,,,
4900012307,0001,2025-05-08,201,AC-001,EC,CS01,4.6,L,H,EC-D2,WO-2025-0508-U-008,69,,,
4900012308,0001,2025-05-08,201,AC-001,EC,CS01,31.2,L,H,EC-D3,WO-2025-0508-U-012,111,,,
4900012309,0001,2025-05-08,201,AC-001,EC,CS01,2.1,L,H,EC-D4,WO-2025-0508-U-017,154,,,
4900012310,0001,2025-05-08,201,AC-001,EC,CS01,10.1,L,H,EC-D5,WO-2025-0508-U-021,187,,,
4900012311,0001,2025-05-08,201,AC-001,EC,CS01,29.0,L,H,EC-D6,WO-2025-0508-U-026,263,,,
4900012312,0001,2025-05-08,201,AC-001,EC,CS01,31.1,L,H,EC-D7,WO-2025-0508-U-031,339,,,
4900012313,0001,2025-05-08,201,AC-003,EC,CS01,5.47,L,H,EC-D1,WO-2025-0508-P-010,5,,,
4900012314,0001,2025-05-08,201,AC-003,EC,CS01,11.36,L,H,EC-D5,WO-2025-0508-P-012,189,,,
4900012315,0001,2025-05-08,201,AC-003,EC,CS01,7.59,L,H,EC-D7,WO-2025-0508-P-013,339,,,
4900012316,0001,2025-05-08,201,FE-001,EC,CS01,9318.6,KG,H,EC-D1,,36,0000003633,,
4900012317,0001,2025-05-08,201,FE-001,EC,CS01,15975.6,KG,H,EC-D4,,134,0000004029,,
4900012318,0001,2025-05-08,201,FE-001,EC,CS01,4379.1,KG,H,EC-D6,,264,0000004429,,
4900012319,0001,2025-05-08,201,FE-004,EC,CS01,163.9,KG,H,EC-D5,,172,0000004172,,
4900012320,0001,2025-05-08,201,FE-004,EC,CS01,310.3,KG,H,EC-D7,,311,0000004572,,
4900012321,0001,2025-05-08,201,FU-001,EC,CS01,96.3,L,H,EC-D1,,,,,
4900012322,0001,2025-05-08,201,FU-001,EC,CS01,197.8,L,H,EC-D2,,,,,
4900012323,0001,2025-05-08,201,FU-001,EC,CS01,123.1,L,H,EC-D3,,,,,
4900012324,0001,2025-05-08,201,FU-001,EC,CS01,151.8,L,H,EC-D4,,,,,
4900012325,0001,2025-05-08,201,FU-001,EC,CS01,207.9,L,H,EC-D5,,,,,
4900012326,0001,2025-05-08,201,FU-001,EC,CS01,157.9,L,H,EC-D6,,,,,
4900012327,0001,2025-05-08,201,FU-001,EC,CS01,118.0,L,H,EC-D7,,,,,
4900012328,0001,2025-05-08,201,FU-001,EC,CS01,638.6,L,H,EC-GEN,,,,,
4900012329,0001,2025-05-08,261,SP-002,EC,CS01,1,EA,H,EC-WS,PM-00049,,,,
4900012330,0001,2025-05-08,261,SP-002,EC,CS01,1,EA,H,EC-WS,PM-00173,,,,
4900012331,0001,2025-05-08,261,SP-004,EC,CS01,1,EA,H,EC-WS,PM-00163,,,,
4900012332,0001,2025-05-09,201,AC-003,EC,CS01,2.05,L,H,EC-D3,WO-2025-0509-P-009,104,,,
4900012333,0001,2025-05-09,201,FE-004,EC,CS01,255.1,KG,H,EC-D4,,137,0000004044,,
4900012334,0001,2025-05-09,201,FE-004,EC,CS01,166.2,KG,H,EC-D7,,308,0000004560,,
4900012335,0001,2025-05-09,201,FU-001,EC,CS01,54.8,L,H,EC-D1,,,,,
4900012336,0001,2025-05-09,201,FU-001,EC,CS01,153.8,L,H,EC-D2,,,,,
4900012337,0001,2025-05-09,201,FU-001,EC,CS01,90.8,L,H,EC-D3,,,,,
4900012338,0001,2025-05-09,201,FU-001,EC,CS01,202.6,L,H,EC-D4,,,,,
4900012339,0001,2025-05-09,201,FU-001,EC,CS01,96.5,L,H,EC-D5,,,,,
4900012340,0001,2025-05-09,201,FU-001,EC,CS01,120.2,L,H,EC-D6,,,,,
4900012341,0001,2025-05-09,201,FU-001,EC,CS01,177.6,L,H,EC-D7,,,,,
4900012342,0001,2025-05-09,201,FU-001,EC,CS01,594.2,L,H,EC-GEN,,,,,
4900012343,0001,2025-05-10,201,FE-001,EC,CS01,5749.3,KG,H,EC-D7,,332,0000004589,,
4900012344,0001,2025-05-10,201,FE-002,EC,CS01,3232.8,KG,H,EC-D2,,63,0000003734,,
4900012345,0001,2025-05-10,201,FE-003,EC,CS01,908.7,KG,H,EC-D3,,120,0000003967,,
4900012346,0001,2025-05-10,201,FE-003,EC,CS01,1568.0,KG,H,EC-D5,,171,0000004167,,
4900012347,0001,2025-05-10,201,FE-004,EC,CS01,214.1,KG,H,EC-D5,,182,0000004208,,
4900012348,0001,2025-05-10,101,FU-001,EC,CS01,8000,L,S,,,,,4500000534,00010
4900012349,0001,2025-05-10,201,FU-001,EC,CS01,125.1,L,H,EC-D1,,,,,
4900012350,0001,2025-05-10,201,FU-001,EC,CS01,117.6,L,H,EC-D2,,,,,
4900012351,0001,2025-05-10,201,FU-001,EC,CS01,102.6,L,H,EC-D3,,,,,
4900012352,0001,2025-05-10,201,FU-001,EC,CS01,110.1,L,H,EC-D4,,,,,
4900012353,0001,2025-05-10,201,FU-001,EC,CS01,76.2,L,H,EC-D5,,,,,
4900012354,0001,2025-05-10,201,FU-001,EC,CS01,236.8,L,H,EC-D6,,,,,
4900012355,0001,2025-05-10,201,FU-001,EC,CS01,233.0,L,H,EC-D7,,,,,
4900012356,0001,2025-05-10,201,FU-001,EC,CS01,575.3,L,H,EC-GEN,,,,,
4900012357,0001,2025-05-10,261,SP-003,EC,CS01,1,EA,H,EC-WS,PM-00139,,,,
4900012358,0001,2025-05-10,261,SP-004,EC,CS01,1,EA,H,EC-WS,PM-00014,,,,
4900012359,0001,2025-05-11,201,FE-001,EC,CS01,8186.5,KG,H,EC-D1,,20,0000003569,,
4900012360,0001,2025-05-11,201,FE-001,EC,CS01,5647.8,KG,H,EC-D4,,123,0000003985,,
4900012361,0001,2025-05-11,201,FE-001,EC,CS01,11453.3,KG,H,EC-D7,,297,0000004513,,
4900012362,0001,2025-05-11,201,FE-002,EC,CS01,2410.5,KG,H,EC-D1,,12,0000003538,,
4900012363,0001,2025-05-11,201,FE-003,EC,CS01,1561.2,KG,H,EC-D1,,2,0000003499,,
4900012364,0001,2025-05-11,201,FE-003,EC,CS01,2401.4,KG,H,EC-D3,,87,0000003835,,
4900012365,0001,2025-05-11,201,FE-004,EC,CS01,299.4,KG,H,EC-D2,,70,0000003764,,
4900012366,0001,2025-05-11,201,FU-001,EC,CS01,68.5,L,H,EC-D1,,,,,
4900012367,0001,2025-05-11,201,FU-001,EC,CS01,40.4,L,H,EC-D2,,,,,
4900012368,0001,2025-05-11,201,FU-001,EC,CS01,166.3,L,H,EC-D3,,,,,
4900012369,0001,2025-05-11,201,FU-001,EC,CS01,46.4,L,H,EC-D4,,,,,
4900012370,0001,2025-05-11,201,FU-001,EC,CS01,32.8,L,H,EC-D5,,,,,
4900012371,0001,2025-05-11,201,FU-001,EC,CS01,302.2,L,H,EC-D6,,,,,
4900012372,0001,2025-05-11,201,FU-001,EC,CS01,75.2,L,H,EC-D7,,,,,
4900012373,0001,2025-05-11,201,FU-001,EC,CS01,572.4,L,H,EC-GEN,,,,,
4900012374,0001,2025-05-11,261,SP-004,EC,CS01,1,EA,H,EC-WS,PM-00079,,,,
4900012375,0001,2025-05-11,261,SP-007,EC,CS01,1,EA,H,EC-WS,PM-00104,,,,
4900012376,0001,2025-05-12,201,AC-001,EC,CS01,29.5,L,H,EC-D1,WO-2025-0512-U-004,29,,,
4900012377,0001,2025-05-12,201,AC-001,EC,CS01,19.8,L,H,EC-D2,WO-2025-0512-U-008,47,,,
4900012378,0001,2025-05-12,201,AC-001,EC,CS01,10.2,L,H,EC-D3,WO-2025-0512-U-013,111,,,
4900012379,0001,2025-05-12,201,AC-001,EC,CS01,15.4,L,H,EC-D4,WO-2025-0512-U-018,164,,,
4900012380,0001,2025-05-12,201,AC-001,EC,CS01,24.9,L,H,EC-D5,WO-2025-0512-U-022,193,,,
4900012381,0001,2025-05-12,201,AC-001,EC,CS01,13.2,L,H,EC-D6,WO-2025-0512-U-027,264,,,
4900012382,0001,2025-05-12,201,AC-001,EC,CS01,12.2,L,H,EC-D7,WO-2025-0512-U-032,307,,,
4900012383,0001,2025-05-12,201,AC-002,EC,CS01,1.27,KG,H,EC-D1,WO-2025-0512-U-004,29,,,
4900012384,0001,2025-05-12,201,AC-003,EC,CS01,1.47,L,H,EC-D4,WO-2025-0512-P-010,124,,,
4900012385,0001,2025-05-12,201,FE-001,EC,CS01,14268.4,KG,H,EC-D5,,193,0000004241,,
4900012386,0001,2025-05-12,201,FE-003,EC,CS01,218.2,KG,H,EC-D3,,82,0000003815,,
4900012387,0001,2025-05-12,201,FE-003,EC,CS01,1581.4,KG,H,EC-D6,,256,0000004399,,
4900012388,0001,2025-05-12,201,FE-004,EC,CS01,28.4,KG,H,EC-D3,,82,0000003816,,
4900012389,0001,2025-05-12,101,FU-001,EC,CS01,8000,L,S,,,,,4500000538,00010
4900012390,0001,2025-05-12,201,FU-001,EC,CS01,50.3,L,H,EC-D1,,,,,
4900012391,0001,2025-05-12,201,FU-001,EC,CS01,59.4,L,H,EC-D2,,,,,
4900012392,0001,2025-05-12,201,FU-001,EC,CS01,127.0,L,H,EC-D3,,,,,
4900012393,0001,2025-05-12,201,FU-001,EC,CS01,177.4,L,H,EC-D4,,,,,
4900012394,0001,2025-05-12,201,FU-001,EC,CS01,139.0,L,H,EC-D5,,,,,
4900012395,0001,2025-05-12,201,FU-001,EC,CS01,75.1,L,H,EC-D6,,,,,
4900012396,0001,2025-05-12,201,FU-001,EC,CS01,193.6,L,H,EC-D7,,,,,
4900012397,0001,2025-05-12,201,FU-001,EC,CS01,667.9,L,H,EC-GEN,,,,,
4900012398,0001,2025-05-12,261,SP-003,EC,CS01,1,EA,H,EC-WS,PM-00136,,,,
4900012399,0001,2025-05-13,201,AC-001,EC,CS01,23.0,L,H,EC-D1,WO-2025-0513-U-004,30,,,
4900012400,0001,2025-05-13,201,AC-001,EC,CS01,11.6,L,H,EC-D2,WO-2025-0513-U-008,47,,,
4900012401,0001,2025-05-13,201,AC-001,EC,CS01,5.0,L,H,EC-D3,WO-2025-0513-U-013,121,,,
4900012402,0001,2025-05-13,201,AC-001,EC,CS01,17.2,L,H,EC-D4,WO-2025-0513-U-018,156,,,
4900012403,0001,2025-05-13,201,AC-001,EC,CS01,7.6,L,H,EC-D5,WO-2025-0513-U-022,193,,,
4900012404,0001,2025-05-13,201,AC-001,EC,CS01,17.0,L,H,EC-D6,WO-2025-0513-U-027,260,,,
4900012405,0001,2025-05-13,201,AC-001,EC,CS01,26.7,L,H,EC-D7,WO-2025-0513-U-032,298,,,
4900012406,0001,2025-05-13,201,AC-002,EC,CS01,0.95,KG,H,EC-D1,WO-2025-0513-U-004,30,,,
4900012407,0001,2025-05-13,201,AC-003,EC,CS01,7.52,L,H,EC-D7,WO-2025-0513-P-010,342,,,
4900012408,0001,2025-05-13,201,FE-002,EC,CS01,2513.1,KG,H,EC-D6,,249,0000004370,,
4900012409,0001,2025-05-13,201,FE-004,EC,CS01,211.4,KG,H,EC-D1,,33,0000003624,,
4900012410,0001,2025-05-13,201,FE-004,EC,CS01,279.5,KG,H,EC-D2,,43,0000003664,,
4900012411,0001,2025-05-13,201,FE-004,EC,CS01,123.1,KG,H,EC-D6,,270,0000004456,,
4900012412,0001,2025-05-13,201,FU-001,EC,CS01,47.3,L,H,EC-D1,,,,,
4900012413,0001,2025-05-13,201,FU-001,EC,CS01,185.6,L,H,EC-D2,,,,,
4900012414,0001,2025-05-13,201,FU-001,EC,CS01,151.4,L,H,EC-D3,,,,,
4900012415,0001,2025-05-13,201,FU-001,EC,CS01,118.3,L,H,EC-D4,,,,,
4900012416,0001,2025-05-13,201,FU-001,EC,CS01,172.6,L,H,EC-D5,,,,,
4900012417,0001,2025-05-13,201,FU-001,EC,CS01,243.3,L,H,EC-D6,,,,,
4900012418,0001,2025-05-13,201,FU-001,EC,CS01,136.5,L,H,EC-D7,,,,,
4900012419,0001,2025-05-13,201,FU-001,EC,CS01,606.7,L,H,EC-GEN,,,,,
4900012420,0001,2025-05-13,101,SP-004,EC,CS01,1,EA,S,,,,,4500000541,00010
4900012421,0001,2025-05-13,261,SP-004,EC,CS01,1,EA,H,EC-WS,PM-00108,,,,
4900012422,0001,2025-05-13,261,SP-005,EC,CS01,1,EA,H,EC-WS,PM-00068,,,,
4900012423,0001,2025-05-13,261,SP-005,EC,CS01,1,EA,H,EC-WS,PM-00129,,,,
4900012424,0001,2025-05-14,201,AC-001,EC,CS01,6.2,L,H,EC-D1,WO-2025-0514-U-004,30,,,
4900012425,0001,2025-05-14,201,AC-001,EC,CS01,28.3,L,H,EC-D2,WO-2025-0514-U-008,50,,,
4900012426,0001,2025-05-14,201,AC-001,EC,CS01,29.9,L,H,EC-D3,WO-2025-0514-U-012,89,,,
4900012427,0001,2025-05-14,201,AC-001,EC,CS01,5.7,L,H,EC-D4,WO-2025-0514-U-017,156,,,
4900012428,0001,2025-05-14,201,AC-001,EC,CS01,3.7,L,H,EC-D5,WO-2025-0514-U-021,373,,,
4900012429,0001,2025-05-14,201,AC-001,EC,CS01,27.4,L,H,EC-D6,WO-2025-0514-U-026,209,,,
4900012430,0001,2025-05-14,201,AC-001,EC,CS01,22.5,L,H,EC-D7,WO-2025-0514-U-031,291,,,
4900012431,0001,2025-05-14,201,AC-002,EC,CS01,1.19,KG,H,EC-D2,WO-2025-0514-U-008,50,,,
4900012432,0001,2025-05-14,201,AC-002,EC,CS01,0.83,KG,H,EC-D7,WO-2025-0514-U-031,291,,,
4900012433,0001,2025-05-14,201,FE-001,EC,CS01,6015.9,KG,H,EC-D1,,3,0000003501,,
4900012434,0001,2025-05-14,201,FE-003,EC,CS01,1945.6,KG,H,EC-D3,,102,0000003895,,
4900012435,0001,2025-05-14,201,FE-003,EC,CS01,2277.3,KG,H,EC-D6,,266,0000004439,,
4900012436,0001,2025-05-14,201,FU-001,EC,CS01,102.7,L,H,EC-D1,,,,,
4900012437,0001,2025-05-14,201,FU-001,EC,CS01,107.4,L,H,EC-D2,,,,,
4900012438,0001,2025-05-14,201,FU-001,EC,CS01,108.2,L,H,EC-D3,,,,,
4900012439,0001,2025-05-14,201,FU-001,EC,CS01,177.4,L,H,EC-D4,,,,,
4900012440,0001,2025-05-14,201,FU-001,EC,CS01,59.3,L,H,EC-D5,,,,,
4900012441,0001,2025-05-14,201,FU-001,EC,CS01,261.6,L,H,EC-D6,,,,,
4900012442,0001,2025-05-14,201,FU-001,EC,CS01,194.7,L,H,EC-D7,,,,,
4900012443,0001,2025-05-14,201,FU-001,EC,CS01,626.6,L,H,EC-GEN,,,,,
4900012444,0001,2025-05-14,261,SP-003,EC,CS01,1,EA,H,EC-WS,PM-00081,,,,
4900012445,0001,2025-05-14,261,SP-003,EC,CS01,1,EA,H,EC-WS,PM-00133,,,,
4900012446,0001,2025-05-15,201,AC-001,EC,CS01,27.1,L,H,EC-D1,WO-2025-0515-U-004,24,,,
4900012447,0001,2025-05-15,201,AC-001,EC,CS01,28.4,L,H,EC-D2,WO-2025-0515-U-007,55,,,
4900012448,0001,2025-05-15,201,AC-001,EC,CS01,1.2,L,H,EC-D3,WO-2025-0515-U-011,89,,,
4900012449,0001,2025-05-15,201,AC-001,EC,CS01,14.2,L,H,EC-D4,WO-2025-0515-U-016,163,,,
4900012450,0001,2025-05-15,201,AC-001,EC,CS01,12.2,L,H,EC-D5,WO-2025-0515-U-020,174,,,
4900012451,0001,2025-05-15,201,AC-001,EC,CS01,13.2,L,H,EC-D6,WO-2025-0515-U-024,258,,,
4900012452,0001,2025-05-15,201,AC-001,EC,CS01,6.3,L,H,EC-D7,WO-2025-0515-U-029,291,,,
4900012453,0001,2025-05-15,201,AC-002,EC,CS01,1.03,KG,H,EC-D1,WO-2025-0515-U-004,24,,,
4900012454,0001,2025-05-15,201,AC-002,EC,CS01,0.6,KG,H,EC-D4,WO-2025-0515-U-016,163,,,
4900012455,0001,2025-05-15,201,AC-002,EC,CS01,0.25,KG,H,EC-D7,WO-2025-0515-U-029,291,,,
4900012456,0001,2025-05-15,201,FE-004,EC,CS01,157.5,KG,H,EC-D3,,79,0000003804,,
4900012457,0001,2025-05-15,201,FU-001,EC,CS01,130.3,L,H,EC-D1,,,,,
4900012458,0001,2025-05-15,201,FU-001,EC,CS01,138.7,L,H,EC-D2,,,,,
4900012459,0001,2025-05-15,201,FU-001,EC,CS01,105.2,L,H,EC-D3,,,,,
4900012460,0001,2025-05-15,201,FU-001,EC,CS01,127.6,L,H,EC-D4,,,,,
4900012461,0001,2025-05-15,201,FU-001,EC,CS01,252.4,L,H,EC-D5,,,,,
4900012462,0001,2025-05-15,201,FU-001,EC,CS01,204.3,L,H,EC-D6,,,,,
4900012463,0001,2025-05-15,201,FU-001,EC,CS01,196.9,L,H,EC-D7,,,,,
4900012464,0001,2025-05-15,201,FU-001,EC,CS01,698.5,L,H,EC-GEN,,,,,
4900012465,0001,2025-05-16,201,AC-001,EC,CS01,18.5,L,H,EC-D1,WO-2025-0516-U-004,31,,,
4900012466,0001,2025-05-16,201,AC-001,EC,CS01,2.3,L,H,EC-D2,WO-2025-0516-U-008,55,,,
4900012467,0001,2025-05-16,201,AC-001,EC,CS01,22.3,L,H,EC-D3,WO-2025-0516-U-013,97,,,
4900012468,0001,2025-05-16,201,AC-001,EC,CS01,31.8,L,H,EC-D4,WO-2025-0516-U-018,133,,,
4900012469,0001,2025-05-16,201,AC-001,EC,CS01,24.2,L,H,EC-D5,WO-2025-0516-U-022,182,,,
4900012470,0001,2025-05-16,201,AC-001,EC,CS01,26.3,L,H,EC-D6,WO-2025-0516-U-026,208,,,
4900012471,0001,2025-05-16,201,AC-001,EC,CS01,21.9,L,H,EC-D7,WO-2025-0516-U-031,311,,,
4900012472,0001,2025-05-16,201,AC-002,EC,CS01,0.09,KG,H,EC-D2,WO-2025-0516-U-008,55,,,
4900012473,0001,2025-05-16,201,AC-002,EC,CS01,0.96,KG,H,EC-D3,WO-2025-0516-U-013,97,,,
4900012474,0001,2025-05-16,201,AC-002,EC,CS01,1.08,KG,H,EC-D5,WO-2025-0516-U-022,182,,,
4900012475,0001,2025-05-16,201,FE-003,EC,CS01,2894.6,KG,H,EC-D4,,153,0000004107,,
4900012476,0001,2025-05-16,201,FU-001,EC,CS01,44.9,L,H,EC-D1,,,,,
4900012477,0001,2025-05-16,201,FU-001,EC,CS01,99.5,L,H,EC-D2,,,,,
4900012478,0001,2025-05-16,201,FU-001,EC,CS01,114.6,L,H,EC-D3,,,,,
4900012479,0001,2025-05-16,201,FU-001,EC,CS01,139.6,L,H,EC-D4,,,,,
4900012480,0001,2025-05-16,201,FU-001,EC,CS01,159.2,L,H,EC-D5,,,,,
4900012481,0001,2025-05-16,201,FU-001,EC,CS01,104.8,L,H,EC-D6,,,,,
4900012482,0001,2025-05-16,201,FU-001,EC,CS01,142.8,L,H,EC-D7,,,,,
4900012483,0001,2025-05-16,201,FU-001,EC,CS01,710.2,L,H,EC-GEN,,,,,
4900012484,0001,2025-05-16,261,SP-005,EC,CS01,1,EA,H,EC-WS,PM-00089,,,,
4900012485,0001,2025-05-16,261,SP-005,EC,CS01,1,EA,H,EC-WS,PM-00107,,,,
4900012486,0001,2025-05-17,201,AC-001,EC,CS01,10.3,L,H,EC-D1,WO-2025-0517-U-004,31,,,
4900012487,0001,2025-05-17,201,AC-001,EC,CS01,21.5,L,H,EC-D2,WO-2025-0517-U-008,74,,,
4900012488,0001,2025-05-17,201,AC-001,EC,CS01,18.8,L,H,EC-D3,WO-2025-0517-U-012,105,,,
4900012489,0001,2025-05-17,201,AC-001,EC,CS01,29.6,L,H,EC-D4,WO-2025-0517-U-017,135,,,
4900012490,0001,2025-05-17,201,AC-001,EC,CS01,26.7,L,H,EC-D5,WO-2025-0517-U-021,176,,,
4900012491,0001,2025-05-17,201,AC-001,EC,CS01,29.8,L,H,EC-D6,WO-2025-0517-U-025,245,,,
4900012492,0001,2025-05-17,201,AC-001,EC,CS01,16.5,L,H,EC-D7,WO-2025-0517-U-030,311,,,
4900012493,0001,2025-05-17,201,AC-002,EC,CS01,1.14,KG,H,EC-D4,WO-2025-0517-U-017,135,,,
4900012494,0001,2025-05-17,201,AC-002,EC,CS01,1.19,KG,H,EC-D6,WO-2025-0517-U-025,245,,,
4900012495,0001,2025-05-17,201,AC-003,EC,CS01,2.4,L,H,EC-D4,WO-2025-0517-P-008,144,,,
4900012496,0001,2025-05-17,201,FE-001,EC,CS01,9450.8,KG,H,EC-D3,,97,0000003873,,
4900012497,0001,2025-05-17,201,FE-003,EC,CS01,1838.7,KG,H,EC-D1,,30,0000003611,,
4900012498,0001,2025-05-17,201,FE-003,EC,CS01,583.6,KG,H,EC-D4,,123,0000003987,,
4900012499,0001,2025-05-17,201,FE-003,EC,CS01,2014.9,KG,H,EC-D7,,344,0000004639,,
4900012500,0001,2025-05-17,201,FE-004,EC,CS01,234.7,KG,H,EC-D1,,35,0000003632,,
4900012501,0001,2025-05-17,201,FE-004,EC,CS01,362.2,KG,H,EC-D2,,54,0000003704,,
4900012502,0001,2025-05-17,201,FU-001,EC,CS01,60.3,L,H,EC-D1,,,,,
4900012503,0001,2025-05-17,201,FU-001,EC,CS01,124.7,L,H,EC-D2,,,,,
4900012504,0001,2025-05-17,201,FU-001,EC,CS01,80.7,L,H,EC-D3,,,,,
4900012505,0001,2025-05-17,201,FU-001,EC,CS01,25.3,L,H,EC-D4,,,,,
4900012506,0001,2025-05-17,201,FU-001,EC,CS01,59.9,L,H,EC-D5,,,,,
4900012507,0001,2025-05-17,201,FU-001,EC,CS01,274.2,L,H,EC-D6,,,,,
4900012508,0001,2025-05-17,201,FU-001,EC,CS01,190.4,L,H,EC-D7,,,,,
4900012509,0001,2025-05-17,201,FU-001,EC,CS01,574.6,L,H,EC-GEN,,,,,
4900012510,0001,2025-05-18,201,FE-002,EC,CS01,3361.8,KG,H,EC-D2,,67,0000003750,,
4900012511,0001,2025-05-18,201,FE-002,EC,CS01,1961.9,KG,H,EC-D7,,333,0000004594,,
4900012512,0001,2025-05-18,201,FE-003,EC,CS01,2191.1,KG,H,EC-D1,,38,0000003643,,
4900012513,0001,2025-05-18,201,FE-004,EC,CS01,98.9,KG,H,EC-D2,,65,0000003744,,
4900012514,0001,2025-05-18,201,FU-001,EC,CS01,97.6,L,H,EC-D1,,,,,
4900012515,0001,2025-05-18,201,FU-001,EC,CS01,107.8,L,H,EC-D2,,,,,
4900012516,0001,2025-05-18,201,FU-001,EC,CS01,119.0,L,H,EC-D3,,,,,
4900012517,0001,2025-05-18,201,FU-001,EC,CS01,206.1,L,H,EC-D4,,,,,
4900012518,0001,2025-05-18,201,FU-001,EC,CS01,187.9,L,H,EC-D5,,,,,
4900012519,0001,2025-05-18,201,FU-001,EC,CS01,204.0,L,H,EC-D6,,,,,
4900012520,0001,2025-05-18,201,FU-001,EC,CS01,90.9,L,H,EC-D7,,,,,
4900012521,0001,2025-05-18,201,FU-001,EC,CS01,621.9,L,H,EC-GEN,,,,,
4900012522,0001,2025-05-18,261,SP-001,EC,CS01,1,EA,H,EC-WS,PM-00172,,,,
4900012523,0001,2025-05-18,101,SP-002,EC,CS01,5,EA,S,,,,,4500000520,00010
4900012524,0001,2025-05-19,201,AC-001,EC,CS01,22.2,L,H,EC-D1,WO-2025-0519-U-004,25,,,
4900012525,0001,2025-05-19,201,AC-001,EC,CS01,8.7,L,H,EC-D2,WO-2025-0519-U-008,74,,,
4900012526,0001,2025-05-19,201,AC-001,EC,CS01,21.1,L,H,EC-D3,WO-2025-0519-U-013,79,,,
4900012527,0001,2025-05-19,201,AC-001,EC,CS01,32.1,L,H,EC-D4,WO-2025-0519-U-018,140,,,
4900012528,0001,2025-05-19,201,AC-001,EC,CS01,1.2,L,H,EC-D5,WO-2025-0519-U-022,176,,,
4900012529,0001,2025-05-19,201,AC-001,EC,CS01,22.9,L,H,EC-D6,WO-2025-0519-U-026,254,,,
4900012530,0001,2025-05-19,201,AC-001,EC,CS01,26.6,L,H,EC-D7,WO-2025-0519-U-031,344,,,
4900012531,0001,2025-05-19,201,AC-002,EC,CS01,0.35,KG,H,EC-D2,WO-2025-0519-U-008,74,,,
4900012532,0001,2025-05-19,201,AC-002,EC,CS01,1.1,KG,H,EC-D4,WO-2025-0519-U-018,140,,,
4900012533,0001,2025-05-19,201,FE-002,EC,CS01,3640.0,KG,H,EC-D5,,170,0000004162,,
4900012534,0001,2025-05-19,201,FE-004,EC,CS01,328.1,KG,H,EC-D3,,92,0000003856,,
4900012535,0001,2025-05-19,201,FU-001,EC,CS01,47.3,L,H,EC-D1,,,,,
4900012536,0001,2025-05-19,201,FU-001,EC,CS01,67.9,L,H,EC-D2,,,,,
4900012537,0001,2025-05-19,201,FU-001,EC,CS01,88.5,L,H,EC-D3,,,,,
4900012538,0001,2025-05-19,201,FU-001,EC,CS01,266.8,L,H,EC-D4,,,,,
4900012539,0001,2025-05-19,201,FU-001,EC,CS01,223.7,L,H,EC-D5,,,,,
4900012540,0001,2025-05-19,201,FU-001,EC,CS01,239.9,L,H,EC-D6,,,,,
4900012541,0001,2025-05-19,201,FU-001,EC,CS01,189.9,L,H,EC-D7,,,,,
4900012542,0001,2025-05-19,201,FU-001,EC,CS01,636.6,L,H,EC-GEN,,,,,
4900012543,0001,2025-05-19,101,SP-004,EC,CS01,1,EA,S,,,,,4500000544,00010
4900012544,0001,2025-05-19,261,SP-004,EC,CS01,1,EA,H,EC-WS,PM-00021,,,,
4900012545,0001,2025-05-20,201,AC-001,EC,CS01,8.9,L,H,EC-D1,WO-2025-0520-U-004,25,,,
4900012546,0001,2025-05-20,201,AC-001,EC,CS01,20.8,L,H,EC-D2,WO-2025-0520-U-008,57,,,
4900012547,0001,2025-05-20,201,AC-001,EC,CS01,18.6,L,H,EC-D3,WO-2025-0520-U-013,87,,,
4900012548,0001,2025-05-20,201,AC-001,EC,CS01,18.8,L,H,EC-D4,WO-2025-0520-U-018,128,,,
4900012549,0001,2025-05-20,201,AC-001,EC,CS01,14.4,L,H,EC-D5,WO-2025-0520-U-022,185,,,
4900012550,0001,2025-05-20,201,AC-001,EC,CS01,18.3,L,H,EC-D6,WO-2025-0520-U-026,265,,,
4900012551,0001,2025-05-20,201,AC-001,EC,CS01,26.1,L,H,EC-D7,WO-2025-0520-U-031,297,,,
4900012552,0001,2025-05-20,201,AC-002,EC,CS01,0.95,KG,H,EC-D2,WO-2025-0520-U-008,57,,,
4900012553,0001,2025-05-20,201,AC-002,EC,CS01,0.74,KG,H,EC-D3,WO-2025-0520-U-013,87,,,
4900012554,0001,2025-05-20,201,FE-001,EC,CS01,15298.8,KG,H,EC-D7,,303,0000004537,,
4900012555,0001,2025-05-20,201,FE-002,EC,CS01,1399.5,KG,H,EC-D6,,264,0000004430,,
4900012556,0001,2025-05-20,201,FE-003,EC,CS01,1393.0,KG,H,EC-D3,,91,0000003851,,
4900012557,0001,2025-05-20,201,FU-001,EC,CS01,50.3,L,H,EC-D1,,,,,
4900012558,0001,2025-05-20,201,FU-001,EC,CS01,145.0,L,H,EC-D2,,,,,
4900012559,0001,2025-05-20,201,FU-001,EC,CS01,125.3,L,H,EC-D3,,,,,
4900012560,0001,2025-05-20,201,FU-001,EC,CS01,96.5,L,H,EC-D4,,,,,
4900012561,0001,2025-05-20,201,FU-001,EC,CS01,91.4,L,H,EC-D5,,,,,
4900012562,0001,2025-05-20,201,FU-001,EC,CS01,413.3,L,H,EC-D6,,,,,
4900012563,0001,2025-05-20,201,FU-001,EC,CS01,104.6,L,H,EC-D7,,,,,
4900012564,0001,2025-05-20,201,FU-001,EC,CS01,601.5,L,H,EC-GEN,,,,,
4900012565,0001,2025-05-20,261,SP-002,EC,CS01,1,EA,H,EC-WS,PM-00043,,,,
4900012566,0001,2025-05-20,261,SP-008,EC,CS01,1,EA,H,EC-WS,PM-00020,,,,
4900012567,0001,2025-05-20,261,SP-008,EC,CS01,1,EA,H,EC-WS,PM-00039,,,,
4900012568,0001,2025-05-21,201,FE-001,EC,CS01,12450.9,KG,H,EC-D5,,188,0000004225,,
4900012569,0001,2025-05-21,201,FE-002,EC,CS01,1786.9,KG,H,EC-D6,,272,0000004462,,
4900012570,0001,2025-05-21,201,FE-004,EC,CS01,461.1,KG,H,EC-D5,,201,0000004276,,
4900012571,0001,2025-05-21,201,FU-001,EC,CS01,104.3,L,H,EC-D1,,,,,
4900012572,0001,2025-05-21,201,FU-001,EC,CS01,144.8,L,H,EC-D2,,,,,
4900012573,0001,2025-05-21,201,FU-001,EC,CS01,101.8,L,H,EC-D3,,,,,
4900012574,0001,2025-05-21,201,FU-001,EC,CS01,150.5,L,H,EC-D4,,,,,
4900012575,0001,2025-05-21,201,FU-001,EC,CS01,90.9,L,H,EC-D5,,,,,
4900012576,0001,2025-05-21,201,FU-001,EC,CS01,114.6,L,H,EC-D6,,,,,
4900012577,0001,2025-05-21,201,FU-001,EC,CS01,215.9,L,H,EC-D7,,,,,
4900012578,0001,2025-05-21,201,FU-001,EC,CS01,503.8,L,H,EC-GEN,,,,,
4900012579,0001,2025-05-21,101,SP-005,EC,CS01,4,EA,S,,,,,4500000542,00010
4900012580,0001,2025-05-21,261,SP-006,EC,CS01,1,EA,H,EC-WS,PM-00005,,,,
4900012581,0001,2025-05-22,201,FE-003,EC,CS01,2648.6,KG,H,EC-D1,,8,0000003523,,
4900012582,0001,2025-05-22,101,FU-001,EC,CS01,8000,L,S,,,,,4500000543,00010
4900012583,0001,2025-05-22,201,FU-001,EC,CS01,64.5,L,H,EC-D1,,,,,
4900012584,0001,2025-05-22,201,FU-001,EC,CS01,16.6,L,H,EC-D2,,,,,
4900012585,0001,2025-05-22,201,FU-001,EC,CS01,110.8,L,H,EC-D3,,,,,
4900012586,0001,2025-05-22,201,FU-001,EC,CS01,214.0,L,H,EC-D4,,,,,
4900012587,0001,2025-05-22,201,FU-001,EC,CS01,51.2,L,H,EC-D5,,,,,
4900012588,0001,2025-05-22,201,FU-001,EC,CS01,120.6,L,H,EC-D6,,,,,
4900012589,0001,2025-05-22,201,FU-001,EC,CS01,156.3,L,H,EC-D7,,,,,
4900012590,0001,2025-05-22,201,FU-001,EC,CS01,630.1,L,H,EC-GEN,,,,,
4900012591,0001,2025-05-22,101,SP-001,EC,CS01,4,EA,S,,,,,4500000536,00010
4900012592,0001,2025-05-22,261,SP-003,EC,CS01,1,EA,H,EC-WS,PM-00141,,,,
4900012593,0001,2025-05-22,261,SP-006,EC,CS01,1,EA,H,EC-WS,PM-00094,,,,
4900012594,0001,2025-05-22,261,SP-007,EC,CS01,1,EA,H,EC-WS,PM-00054,,,,
4900012595,0001,2025-05-23,201,AC-001,EC,CS01,32.7,L,H,EC-D1,WO-2025-0523-U-003,26,,,
4900012596,0001,2025-05-23,201,AC-001,EC,CS01,9.9,L,H,EC-D2,WO-2025-0523-U-006,57,,,
4900012597,0001,2025-05-23,201,AC-001,EC,CS01,12.4,L,H,EC-D3,WO-2025-0523-U-011,87,,,
4900012598,0001,2025-05-23,201,AC-001,EC,CS01,12.4,L,H,EC-D4,WO-2025-0523-U-016,128,,,
4900012599,0001,2025-05-23,201,AC-001,EC,CS01,13.5,L,H,EC-D5,WO-2025-0523-U-020,185,,,
4900012600,0001,2025-05-23,201,AC-001,EC,CS01,26.3,L,H,EC-D6,WO-2025-0523-U-024,206,,,
4900012601,0001,2025-05-23,201,AC-001,EC,CS01,2.9,L,H,EC-D7,WO-2025-0523-U-029,297,,,
4900012602,0001,2025-05-23,201,AC-002,EC,CS01,1.12,KG,H,EC-D1,WO-2025-0523-U-003,26,,,
4900012603,0001,2025-05-23,201,AC-002,EC,CS01,0.47,KG,H,EC-D4,WO-2025-0523-U-016,128,,,
4900012604,0001,2025-05-23,201,AC-002,EC,CS01,0.52,KG,H,EC-D5,WO-2025-0523-U-020,185,,,
4900012605,0001,2025-05-23,201,AC-002,EC,CS01,1.07,KG,H,EC-D6,WO-2025-0523-U-024,206,,,
4900012606,0001,2025-05-23,201,FU-001,EC,CS01,76.3,L,H,EC-D1,,,,,
4900012607,0001,2025-05-23,201,FU-001,EC,CS01,122.9,L,H,EC-D2,,,,,
4900012608,0001,2025-05-23,201,FU-001,EC,CS01,147.8,L,H,EC-D3,,,,,
4900012609,0001,2025-05-23,201,FU-001,EC,CS01,106.9,L,H,EC-D4,,,,,
4900012610,0001,2025-05-23,201,FU-001,EC,CS01,69.0,L,H,EC-D5,,,,,
4900012611,0001,2025-05-23,201,FU-001,EC,CS01,81.1,L,H,EC-D6,,,,,
4900012612,0001,2025-05-23,201,FU-001,EC,CS01,115.0,L,H,EC-D7,,,,,
4900012613,0001,2025-05-23,201,FU-001,EC,CS01,611.5,L,H,EC-GEN,,,,,
4900012614,0001,2025-05-23,261,SP-007,EC,CS01,1,EA,H,EC-WS,PM-00158,,,,
