# SYNTHETIC. Fertiliser reservations: RESB, one per block, material and round. kzear X is a final issue. The 2025-03 round's issues dated after 2025-05-23 in ec_fertiliser.csv are open here, which is what they were on that day; 2025-10 is the programme on the books.
rsnum,matnr,werks,bdter,bdmng,enmng,meins,kzear,kostl,block_code,window
0000000001,FE-001,EC,2023-10-15,2737.5,2195.1,KG,X,EC-D1,1,2023-10
0000000002,FE-002,EC,2023-10-15,673.8,625.8,KG,X,EC-D1,1,2023-10
0000000003,FE-003,EC,2023-10-15,505.4,318.7,KG,X,EC-D1,1,2023-10
0000000004,FE-004,EC,2023-10-15,63.2,58.3,KG,X,EC-D1,1,2023-10
0000000005,FE-001,EC,2023-10-15,8226.2,9048.0,KG,X,EC-D1,2,2023-10
0000000006,FE-002,EC,2023-10-15,2024.9,1398.2,KG,X,EC-D1,2,2023-10
0000000007,FE-003,EC,2023-10-15,1518.7,1492.7,KG,X,EC-D1,2,2023-10
0000000008,FE-004,EC,2023-10-15,189.8,167.3,KG,X,EC-D1,2,2023-10
0000000009,FE-001,EC,2023-10-15,6234.3,5475.1,KG,X,EC-D1,3,2023-10
0000000010,FE-002,EC,2023-10-15,1534.6,1132.4,KG,X,EC-D1,3,2023-10
0000000011,FE-003,EC,2023-10-15,1150.9,929.1,KG,X,EC-D1,3,2023-10
0000000012,FE-004,EC,2023-10-15,143.9,112.4,KG,X,EC-D1,3,2023-10
0000000013,FE-001,EC,2023-10-15,6153.2,5301.6,KG,X,EC-D1,4,2023-10
0000000014,FE-002,EC,2023-10-15,1514.6,1696.4,KG,X,EC-D1,4,2023-10
0000000015,FE-003,EC,2023-10-15,1136.0,990.0,KG,X,EC-D1,4,2023-10
0000000016,FE-004,EC,2023-10-15,142.0,136.7,KG,X,EC-D1,4,2023-10
0000000017,FE-001,EC,2023-10-15,4086.4,3325.5,KG,X,EC-D1,5,2023-10
0000000018,FE-002,EC,2023-10-15,1005.9,1020.1,KG,X,EC-D1,5,2023-10
0000000019,FE-003,EC,2023-10-15,754.4,568.4,KG,X,EC-D1,5,2023-10
0000000020,FE-004,EC,2023-10-15,94.3,89.1,KG,X,EC-D1,5,2023-10
0000000021,FE-001,EC,2023-10-15,3221.8,3407.3,KG,X,EC-D1,6,2023-10
0000000022,FE-002,EC,2023-10-15,793.1,669.0,KG,X,EC-D1,6,2023-10
0000000023,FE-003,EC,2023-10-15,594.8,666.2,KG,X,EC-D1,6,2023-10
0000000024,FE-004,EC,2023-10-15,74.4,59.1,KG,X,EC-D1,6,2023-10
0000000025,FE-001,EC,2023-10-15,6989.4,7149.8,KG,X,EC-D1,7,2023-10
0000000026,FE-002,EC,2023-10-15,1720.5,1586.7,KG,X,EC-D1,7,2023-10
0000000027,FE-003,EC,2023-10-15,1290.3,818.9,KG,X,EC-D1,7,2023-10
0000000028,FE-004,EC,2023-10-15,161.3,175.8,KG,X,EC-D1,7,2023-10
0000000029,FE-001,EC,2023-10-15,14073.1,15761.9,KG,X,EC-D1,8,2023-10
0000000030,FE-002,EC,2023-10-15,3464.1,3183.6,KG,X,EC-D1,8,2023-10
0000000031,FE-003,EC,2023-10-15,2598.1,1900.3,KG,X,EC-D1,8,2023-10
0000000032,FE-004,EC,2023-10-15,324.8,240.9,KG,X,EC-D1,8,2023-10
0000000033,FE-001,EC,2023-10-15,11494.3,11765.6,KG,X,EC-D1,9,2023-10
0000000034,FE-002,EC,2023-10-15,2829.4,1333.7,KG,X,EC-D1,9,2023-10
0000000035,FE-003,EC,2023-10-15,2122.0,1935.7,KG,X,EC-D1,9,2023-10
0000000036,FE-004,EC,2023-10-15,265.3,224.6,KG,X,EC-D1,9,2023-10
0000000037,FE-001,EC,2023-10-15,13076.9,12493.5,KG,X,EC-D1,10,2023-10
0000000038,FE-002,EC,2023-10-15,3218.9,2968.3,KG,X,EC-D1,10,2023-10
0000000039,FE-003,EC,2023-10-15,2414.2,1744.6,KG,X,EC-D1,10,2023-10
0000000040,FE-004,EC,2023-10-15,301.8,297.2,KG,X,EC-D1,10,2023-10
0000000041,FE-001,EC,2023-10-15,14572.0,15522.9,KG,X,EC-D1,11,2023-10
0000000042,FE-002,EC,2023-10-15,3586.9,3538.4,KG,X,EC-D1,11,2023-10
0000000043,FE-003,EC,2023-10-15,2690.2,2434.9,KG,X,EC-D1,11,2023-10
0000000044,FE-004,EC,2023-10-15,336.3,341.4,KG,X,EC-D1,11,2023-10
0000000045,FE-001,EC,2023-10-15,11177.6,10990.8,KG,X,EC-D1,12,2023-10
0000000046,FE-002,EC,2023-10-15,2751.4,3053.9,KG,X,EC-D1,12,2023-10
0000000047,FE-003,EC,2023-10-15,2063.5,2311.1,KG,X,EC-D1,12,2023-10
0000000048,FE-004,EC,2023-10-15,257.9,209.1,KG,X,EC-D1,12,2023-10
0000000049,FE-001,EC,2023-10-15,14543.8,15939.5,KG,X,EC-D1,13,2023-10
0000000050,FE-002,EC,2023-10-15,3580.0,3124.5,KG,X,EC-D1,13,2023-10
0000000051,FE-003,EC,2023-10-15,2685.0,1760.9,KG,X,EC-D1,13,2023-10
0000000052,FE-004,EC,2023-10-15,335.6,272.3,KG,X,EC-D1,13,2023-10
0000000053,FE-001,EC,2023-10-15,14746.2,9116.2,KG,X,EC-D1,14,2023-10
0000000054,FE-002,EC,2023-10-15,3629.8,2503.9,KG,X,EC-D1,14,2023-10
0000000055,FE-003,EC,2023-10-15,2722.4,1905.5,KG,X,EC-D1,14,2023-10
0000000056,FE-004,EC,2023-10-15,340.3,280.9,KG,X,EC-D1,14,2023-10
0000000057,FE-001,EC,2023-10-15,14844.0,14601.2,KG,X,EC-D1,15,2023-10
0000000058,FE-002,EC,2023-10-15,3653.9,3845.0,KG,X,EC-D1,15,2023-10
0000000059,FE-003,EC,2023-10-15,2740.4,3069.2,KG,X,EC-D1,15,2023-10
0000000060,FE-004,EC,2023-10-15,342.6,357.4,KG,X,EC-D1,15,2023-10
0000000061,FE-001,EC,2023-10-15,13052.5,10006.5,KG,X,EC-D1,16,2023-10
0000000062,FE-002,EC,2023-10-15,3212.9,2011.9,KG,X,EC-D1,16,2023-10
0000000063,FE-003,EC,2023-10-15,2409.7,2402.5,KG,X,EC-D1,16,2023-10
0000000064,FE-004,EC,2023-10-15,301.2,264.2,KG,X,EC-D1,16,2023-10
0000000065,FE-001,EC,2023-10-15,11761.6,9782.4,KG,X,EC-D1,17,2023-10
0000000066,FE-002,EC,2023-10-15,2895.2,2891.5,KG,X,EC-D1,17,2023-10
0000000067,FE-003,EC,2023-10-15,2171.4,1120.0,KG,X,EC-D1,17,2023-10
0000000068,FE-004,EC,2023-10-15,271.4,202.5,KG,X,EC-D1,17,2023-10
0000000069,FE-001,EC,2023-10-15,10278.9,9250.4,KG,X,EC-D1,18,2023-10
0000000070,FE-002,EC,2023-10-15,2530.2,2694.2,KG,X,EC-D1,18,2023-10
0000000071,FE-003,EC,2023-10-15,1897.6,1705.1,KG,X,EC-D1,18,2023-10
0000000072,FE-004,EC,2023-10-15,237.2,213.5,KG,X,EC-D1,18,2023-10
0000000073,FE-001,EC,2023-10-15,9443.0,7532.8,KG,X,EC-D1,19,2023-10
0000000074,FE-002,EC,2023-10-15,2324.4,1592.1,KG,X,EC-D1,19,2023-10
0000000075,FE-003,EC,2023-10-15,1743.3,1636.2,KG,X,EC-D1,19,2023-10
0000000076,FE-004,EC,2023-10-15,217.9,240.0,KG,X,EC-D1,19,2023-10
0000000077,FE-001,EC,2023-10-15,8886.6,5046.1,KG,X,EC-D1,20,2023-10
0000000078,FE-002,EC,2023-10-15,2187.5,1623.5,KG,X,EC-D1,20,2023-10
0000000079,FE-003,EC,2023-10-15,1640.6,1383.7,KG,X,EC-D1,20,2023-10
0000000080,FE-004,EC,2023-10-15,205.1,162.6,KG,X,EC-D1,20,2023-10
0000000081,FE-001,EC,2023-10-15,13835.4,13125.0,KG,X,EC-D1,21,2023-10
0000000082,FE-002,EC,2023-10-15,3405.6,2653.0,KG,X,EC-D1,21,2023-10
0000000083,FE-003,EC,2023-10-15,2554.2,2309.5,KG,X,EC-D1,21,2023-10
0000000084,FE-004,EC,2023-10-15,319.3,272.4,KG,X,EC-D1,21,2023-10
0000000085,FE-001,EC,2023-10-15,13484.7,12530.2,KG,X,EC-D1,22,2023-10
0000000086,FE-002,EC,2023-10-15,3319.3,3583.4,KG,X,EC-D1,22,2023-10
0000000087,FE-003,EC,2023-10-15,2489.5,1443.0,KG,X,EC-D1,22,2023-10
0000000088,FE-004,EC,2023-10-15,311.2,343.7,KG,X,EC-D1,22,2023-10
0000000089,FE-001,EC,2023-10-15,13427.9,13141.9,KG,X,EC-D1,23,2023-10
0000000090,FE-002,EC,2023-10-15,3305.3,2683.4,KG,X,EC-D1,23,2023-10
0000000091,FE-003,EC,2023-10-15,2479.0,2160.7,KG,X,EC-D1,23,2023-10
0000000092,FE-004,EC,2023-10-15,309.9,341.5,KG,X,EC-D1,23,2023-10
0000000093,FE-001,EC,2023-10-15,10865.9,10117.3,KG,X,EC-D1,24,2023-10
0000000094,FE-002,EC,2023-10-15,2674.7,2269.7,KG,X,EC-D1,24,2023-10
0000000095,FE-003,EC,2023-10-15,2006.0,803.8,KG,X,EC-D1,24,2023-10
0000000096,FE-004,EC,2023-10-15,250.8,178.7,KG,X,EC-D1,24,2023-10
0000000097,FE-001,EC,2023-10-15,12266.5,11696.0,KG,X,EC-D1,25,2023-10
0000000098,FE-002,EC,2023-10-15,3019.4,2994.9,KG,X,EC-D1,25,2023-10
0000000099,FE-003,EC,2023-10-15,2264.6,2128.6,KG,X,EC-D1,25,2023-10
0000000100,FE-004,EC,2023-10-15,283.1,220.1,KG,X,EC-D1,25,2023-10
0000000101,FE-001,EC,2023-10-15,11657.7,11338.5,KG,X,EC-D1,26,2023-10
0000000102,FE-002,EC,2023-10-15,2869.6,3214.0,KG,X,EC-D1,26,2023-10
0000000103,FE-003,EC,2023-10-15,2152.2,2410.5,KG,X,EC-D1,26,2023-10
0000000104,FE-004,EC,2023-10-15,269.0,295.5,KG,X,EC-D1,26,2023-10
0000000105,FE-001,EC,2023-10-15,12919.9,11780.4,KG,X,EC-D1,27,2023-10
0000000106,FE-002,EC,2023-10-15,3180.3,3205.4,KG,X,EC-D1,27,2023-10
0000000107,FE-003,EC,2023-10-15,2385.2,2083.4,KG,X,EC-D1,27,2023-10
0000000108,FE-004,EC,2023-10-15,298.2,312.5,KG,X,EC-D1,27,2023-10
0000000109,FE-001,EC,2023-10-15,11695.8,11899.1,KG,X,EC-D1,28,2023-10
0000000110,FE-002,EC,2023-10-15,2879.0,2580.5,KG,X,EC-D1,28,2023-10
0000000111,FE-003,EC,2023-10-15,2159.2,1684.1,KG,X,EC-D1,28,2023-10
0000000112,FE-004,EC,2023-10-15,269.9,215.1,KG,X,EC-D1,28,2023-10
0000000113,FE-001,EC,2023-10-15,12797.5,11880.1,KG,X,EC-D1,29,2023-10
0000000114,FE-002,EC,2023-10-15,3150.2,3058.6,KG,X,EC-D1,29,2023-10
0000000115,FE-003,EC,2023-10-15,2362.6,2525.4,KG,X,EC-D1,29,2023-10
0000000116,FE-004,EC,2023-10-15,295.3,283.4,KG,X,EC-D1,29,2023-10
0000000117,FE-001,EC,2023-10-15,13115.9,13180.3,KG,X,EC-D1,30,2023-10
0000000118,FE-002,EC,2023-10-15,3228.5,2889.4,KG,X,EC-D1,30,2023-10
0000000119,FE-003,EC,2023-10-15,2421.4,2060.6,KG,X,EC-D1,30,2023-10
0000000120,FE-004,EC,2023-10-15,302.7,332.7,KG,X,EC-D1,30,2023-10
0000000121,FE-001,EC,2023-10-15,12899.7,12226.2,KG,X,EC-D1,31,2023-10
0000000122,FE-002,EC,2023-10-15,3175.3,2397.5,KG,X,EC-D1,31,2023-10
0000000123,FE-003,EC,2023-10-15,2381.5,2667.3,KG,X,EC-D1,31,2023-10
0000000124,FE-004,EC,2023-10-15,297.7,197.9,KG,X,EC-D1,31,2023-10
0000000125,FE-001,EC,2023-10-15,12860.4,14403.6,KG,X,EC-D1,32,2023-10
0000000126,FE-002,EC,2023-10-15,3165.6,2132.3,KG,X,EC-D1,32,2023-10
0000000127,FE-003,EC,2023-10-15,2374.2,1798.1,KG,X,EC-D1,32,2023-10
0000000128,FE-004,EC,2023-10-15,296.8,280.2,KG,X,EC-D1,32,2023-10
0000000129,FE-001,EC,2023-10-15,14542.5,10720.1,KG,X,EC-D1,33,2023-10
0000000130,FE-002,EC,2023-10-15,3579.7,3316.1,KG,X,EC-D1,33,2023-10
0000000131,FE-003,EC,2023-10-15,2684.8,1254.8,KG,X,EC-D1,33,2023-10
0000000132,FE-004,EC,2023-10-15,335.6,296.5,KG,X,EC-D1,33,2023-10
0000000133,FE-001,EC,2023-10-15,12141.4,10180.2,KG,X,EC-D1,34,2023-10
0000000134,FE-002,EC,2023-10-15,2988.6,2362.9,KG,X,EC-D1,34,2023-10
0000000135,FE-003,EC,2023-10-15,2241.5,2510.5,KG,X,EC-D1,34,2023-10
0000000136,FE-004,EC,2023-10-15,280.2,209.4,KG,X,EC-D1,34,2023-10
0000000137,FE-001,EC,2023-10-15,14287.4,13172.2,KG,X,EC-D1,35,2023-10
0000000138,FE-002,EC,2023-10-15,3516.9,3152.5,KG,X,EC-D1,35,2023-10
0000000139,FE-003,EC,2023-10-15,2637.7,2080.7,KG,X,EC-D1,35,2023-10
0000000140,FE-004,EC,2023-10-15,329.7,170.2,KG,X,EC-D1,35,2023-10
0000000141,FE-001,EC,2023-10-15,13773.1,11616.4,KG,X,EC-D1,36,2023-10
0000000142,FE-002,EC,2023-10-15,3390.3,3102.0,KG,X,EC-D1,36,2023-10
0000000143,FE-003,EC,2023-10-15,2542.7,1838.9,KG,X,EC-D1,36,2023-10
0000000144,FE-004,EC,2023-10-15,317.8,258.1,KG,X,EC-D1,36,2023-10
0000000145,FE-001,EC,2023-10-15,13795.9,12551.0,KG,X,EC-D1,37,2023-10
0000000146,FE-002,EC,2023-10-15,3395.9,3803.4,KG,X,EC-D1,37,2023-10
0000000147,FE-003,EC,2023-10-15,2546.9,2650.6,KG,X,EC-D1,37,2023-10
0000000148,FE-004,EC,2023-10-15,318.4,304.6,KG,X,EC-D1,37,2023-10
0000000149,FE-001,EC,2023-10-15,13062.6,10364.5,KG,X,EC-D1,38,2023-10
0000000150,FE-002,EC,2023-10-15,3215.4,2832.3,KG,X,EC-D1,38,2023-10
0000000151,FE-003,EC,2023-10-15,2411.6,2223.7,KG,X,EC-D1,38,2023-10
0000000152,FE-004,EC,2023-10-15,301.4,307.9,KG,X,EC-D1,38,2023-10
0000000153,FE-001,EC,2023-10-15,13722.7,12389.4,KG,X,EC-D1,39,2023-10
0000000154,FE-002,EC,2023-10-15,3377.9,3696.9,KG,X,EC-D1,39,2023-10
0000000155,FE-003,EC,2023-10-15,2533.4,2238.8,KG,X,EC-D1,39,2023-10
0000000156,FE-004,EC,2023-10-15,316.7,184.0,KG,X,EC-D1,39,2023-10
0000000157,FE-001,EC,2023-10-15,8008.3,6361.8,KG,X,EC-D2,40,2023-10
0000000158,FE-002,EC,2023-10-15,1971.3,1309.2,KG,X,EC-D2,40,2023-10
0000000159,FE-003,EC,2023-10-15,1478.5,1186.2,KG,X,EC-D2,40,2023-10
0000000160,FE-004,EC,2023-10-15,184.8,164.8,KG,X,EC-D2,40,2023-10
0000000161,FE-001,EC,2023-10-15,12028.4,8938.0,KG,X,EC-D2,41,2023-10
0000000162,FE-002,EC,2023-10-15,2960.8,2852.5,KG,X,EC-D2,41,2023-10
0000000163,FE-003,EC,2023-10-15,2220.6,2059.4,KG,X,EC-D2,41,2023-10
0000000164,FE-004,EC,2023-10-15,277.6,176.9,KG,X,EC-D2,41,2023-10
0000000165,FE-001,EC,2023-10-15,12460.5,7786.0,KG,X,EC-D2,42,2023-10
0000000166,FE-002,EC,2023-10-15,3067.2,2840.8,KG,X,EC-D2,42,2023-10
0000000167,FE-003,EC,2023-10-15,2300.4,1879.2,KG,X,EC-D2,42,2023-10
0000000168,FE-004,EC,2023-10-15,287.6,209.3,KG,X,EC-D2,42,2023-10
0000000169,FE-001,EC,2023-10-15,13053.2,10039.5,KG,X,EC-D2,43,2023-10
0000000170,FE-002,EC,2023-10-15,3213.1,2635.6,KG,X,EC-D2,43,2023-10
0000000171,FE-003,EC,2023-10-15,2409.8,2292.0,KG,X,EC-D2,43,2023-10
0000000172,FE-004,EC,2023-10-15,301.2,337.3,KG,X,EC-D2,43,2023-10
0000000173,FE-001,EC,2023-10-15,11972.6,12129.1,KG,X,EC-D2,44,2023-10
0000000174,FE-002,EC,2023-10-15,2947.1,3108.2,KG,X,EC-D2,44,2023-10
0000000175,FE-003,EC,2023-10-15,2210.3,2190.9,KG,X,EC-D2,44,2023-10
0000000176,FE-004,EC,2023-10-15,276.3,210.3,KG,X,EC-D2,44,2023-10
0000000177,FE-001,EC,2023-10-15,12795.6,7929.8,KG,X,EC-D2,45,2023-10
0000000178,FE-002,EC,2023-10-15,3149.7,2605.8,KG,X,EC-D2,45,2023-10
0000000179,FE-003,EC,2023-10-15,2362.3,2458.8,KG,X,EC-D2,45,2023-10
0000000180,FE-004,EC,2023-10-15,295.3,185.9,KG,X,EC-D2,45,2023-10
0000000181,FE-001,EC,2023-10-15,12970.7,12723.0,KG,X,EC-D2,46,2023-10
0000000182,FE-002,EC,2023-10-15,3192.8,2986.0,KG,X,EC-D2,46,2023-10
0000000183,FE-003,EC,2023-10-15,2394.6,2417.6,KG,X,EC-D2,46,2023-10
0000000184,FE-004,EC,2023-10-15,299.3,280.7,KG,X,EC-D2,46,2023-10
0000000185,FE-001,EC,2023-10-15,12543.1,13770.0,KG,X,EC-D2,47,2023-10
0000000186,FE-002,EC,2023-10-15,3087.5,2399.9,KG,X,EC-D2,47,2023-10
0000000187,FE-003,EC,2023-10-15,2315.7,1555.6,KG,X,EC-D2,47,2023-10
0000000188,FE-004,EC,2023-10-15,289.5,284.9,KG,X,EC-D2,47,2023-10
0000000189,FE-001,EC,2023-10-15,11099.9,9925.8,KG,X,EC-D2,49,2023-10
0000000190,FE-002,EC,2023-10-15,2732.3,2504.0,KG,X,EC-D2,49,2023-10
0000000191,FE-003,EC,2023-10-15,2049.2,1559.8,KG,X,EC-D2,49,2023-10
0000000192,FE-004,EC,2023-10-15,256.2,192.9,KG,X,EC-D2,49,2023-10
0000000193,FE-001,EC,2023-10-15,11776.1,7949.3,KG,X,EC-D2,50,2023-10
0000000194,FE-002,EC,2023-10-15,2898.7,1978.5,KG,X,EC-D2,50,2023-10
0000000195,FE-003,EC,2023-10-15,2174.1,1043.0,KG,X,EC-D2,50,2023-10
0000000196,FE-004,EC,2023-10-15,271.8,282.1,KG,X,EC-D2,50,2023-10
0000000197,FE-001,EC,2023-10-15,13318.9,12952.5,KG,X,EC-D2,51,2023-10
0000000198,FE-002,EC,2023-10-15,3278.5,3104.3,KG,X,EC-D2,51,2023-10
0000000199,FE-003,EC,2023-10-15,2458.9,2387.9,KG,X,EC-D2,51,2023-10
0000000200,FE-004,EC,2023-10-15,307.4,273.0,KG,X,EC-D2,51,2023-10
0000000201,FE-001,EC,2023-10-15,11931.5,11392.8,KG,X,EC-D2,52,2023-10
0000000202,FE-002,EC,2023-10-15,2937.0,2526.7,KG,X,EC-D2,52,2023-10
0000000203,FE-003,EC,2023-10-15,2202.7,2178.6,KG,X,EC-D2,52,2023-10
0000000204,FE-004,EC,2023-10-15,275.3,294.4,KG,X,EC-D2,52,2023-10
0000000205,FE-001,EC,2023-10-15,12861.0,10855.5,KG,X,EC-D2,53,2023-10
0000000206,FE-002,EC,2023-10-15,3165.8,2710.0,KG,X,EC-D2,53,2023-10
0000000207,FE-003,EC,2023-10-15,2374.3,1394.2,KG,X,EC-D2,53,2023-10
0000000208,FE-004,EC,2023-10-15,296.8,300.8,KG,X,EC-D2,53,2023-10
0000000209,FE-001,EC,2023-10-15,14015.2,15686.4,KG,X,EC-D2,54,2023-10
0000000210,FE-002,EC,2023-10-15,3449.9,2276.3,KG,X,EC-D2,54,2023-10
0000000211,FE-003,EC,2023-10-15,2587.4,2375.2,KG,X,EC-D2,54,2023-10
0000000212,FE-004,EC,2023-10-15,323.4,314.5,KG,X,EC-D2,54,2023-10
0000000213,FE-001,EC,2023-10-15,13385.4,14991.6,KG,X,EC-D2,55,2023-10
0000000214,FE-002,EC,2023-10-15,3294.9,2815.3,KG,X,EC-D2,55,2023-10
0000000215,FE-003,EC,2023-10-15,2471.2,2593.1,KG,X,EC-D2,55,2023-10
0000000216,FE-004,EC,2023-10-15,308.9,308.1,KG,X,EC-D2,55,2023-10
0000000217,FE-001,EC,2023-10-15,13836.0,12583.3,KG,X,EC-D2,56,2023-10
0000000218,FE-002,EC,2023-10-15,3405.8,2504.0,KG,X,EC-D2,56,2023-10
0000000219,FE-003,EC,2023-10-15,2554.3,2860.8,KG,X,EC-D2,56,2023-10
0000000220,FE-004,EC,2023-10-15,319.3,226.8,KG,X,EC-D2,56,2023-10
0000000221,FE-001,EC,2023-10-15,14239.6,10050.5,KG,X,EC-D2,57,2023-10
0000000222,FE-002,EC,2023-10-15,3505.1,3298.4,KG,X,EC-D2,57,2023-10
0000000223,FE-003,EC,2023-10-15,2628.9,2403.3,KG,X,EC-D2,57,2023-10
0000000224,FE-004,EC,2023-10-15,328.6,349.9,KG,X,EC-D2,57,2023-10
0000000225,FE-001,EC,2023-10-15,13400.0,12977.8,KG,X,EC-D2,58,2023-10
0000000226,FE-002,EC,2023-10-15,3298.5,3190.8,KG,X,EC-D2,58,2023-10
0000000227,FE-003,EC,2023-10-15,2473.8,2699.3,KG,X,EC-D2,58,2023-10
0000000228,FE-004,EC,2023-10-15,309.2,270.5,KG,X,EC-D2,58,2023-10
0000000229,FE-001,EC,2023-10-15,14431.4,9969.2,KG,X,EC-D2,59,2023-10
0000000230,FE-002,EC,2023-10-15,3552.3,3608.8,KG,X,EC-D2,59,2023-10
0000000231,FE-003,EC,2023-10-15,2664.3,2326.3,KG,X,EC-D2,59,2023-10
0000000232,FE-004,EC,2023-10-15,333.0,290.7,KG,X,EC-D2,59,2023-10
0000000233,FE-001,EC,2023-10-15,13524.0,10994.7,KG,X,EC-D2,60,2023-10
0000000234,FE-002,EC,2023-10-15,3329.0,3192.4,KG,X,EC-D2,60,2023-10
0000000235,FE-003,EC,2023-10-15,2496.7,1740.4,KG,X,EC-D2,60,2023-10
0000000236,FE-004,EC,2023-10-15,312.1,244.4,KG,X,EC-D2,60,2023-10
0000000237,FE-001,EC,2023-10-15,8842.2,9017.4,KG,X,EC-D2,62,2023-10
0000000238,FE-002,EC,2023-10-15,2176.5,1767.3,KG,X,EC-D2,62,2023-10
0000000239,FE-003,EC,2023-10-15,1632.4,1026.7,KG,X,EC-D2,62,2023-10
0000000240,FE-004,EC,2023-10-15,204.0,178.7,KG,X,EC-D2,62,2023-10
0000000241,FE-001,EC,2023-10-15,13960.2,14050.0,KG,X,EC-D2,63,2023-10
0000000242,FE-002,EC,2023-10-15,3436.4,3238.9,KG,X,EC-D2,63,2023-10
0000000243,FE-003,EC,2023-10-15,2577.3,2036.8,KG,X,EC-D2,63,2023-10
0000000244,FE-004,EC,2023-10-15,322.2,285.1,KG,X,EC-D2,63,2023-10
0000000245,FE-001,EC,2023-10-15,10845.7,10521.6,KG,X,EC-D2,64,2023-10
0000000246,FE-002,EC,2023-10-15,2669.7,2083.6,KG,X,EC-D2,64,2023-10
0000000247,FE-003,EC,2023-10-15,2002.3,1396.7,KG,X,EC-D2,64,2023-10
0000000248,FE-004,EC,2023-10-15,250.3,188.0,KG,X,EC-D2,64,2023-10
0000000249,FE-001,EC,2023-10-15,6695.6,6545.4,KG,X,EC-D2,65,2023-10
0000000250,FE-002,EC,2023-10-15,1648.1,1838.2,KG,X,EC-D2,65,2023-10
0000000251,FE-003,EC,2023-10-15,1236.1,1205.9,KG,X,EC-D2,65,2023-10
0000000252,FE-004,EC,2023-10-15,154.5,91.2,KG,X,EC-D2,65,2023-10
0000000253,FE-001,EC,2023-10-15,12619.8,7988.6,KG,X,EC-D2,66,2023-10
0000000254,FE-002,EC,2023-10-15,3106.4,2847.3,KG,X,EC-D2,66,2023-10
0000000255,FE-003,EC,2023-10-15,2329.8,1533.4,KG,X,EC-D2,66,2023-10
0000000256,FE-004,EC,2023-10-15,291.2,267.7,KG,X,EC-D2,66,2023-10
0000000257,FE-001,EC,2023-10-15,12194.2,12178.4,KG,X,EC-D2,67,2023-10
0000000258,FE-002,EC,2023-10-15,3001.6,3361.8,KG,X,EC-D2,67,2023-10
0000000259,FE-003,EC,2023-10-15,2251.2,2000.5,KG,X,EC-D2,67,2023-10
0000000260,FE-004,EC,2023-10-15,281.4,234.6,KG,X,EC-D2,67,2023-10
0000000261,FE-001,EC,2023-10-15,8788.8,7533.1,KG,X,EC-D2,68,2023-10
0000000262,FE-002,EC,2023-10-15,2163.4,1785.6,KG,X,EC-D2,68,2023-10
0000000263,FE-003,EC,2023-10-15,1622.6,1019.8,KG,X,EC-D2,68,2023-10
0000000264,FE-004,EC,2023-10-15,202.8,170.7,KG,X,EC-D2,68,2023-10
0000000265,FE-001,EC,2023-10-15,12837.2,9935.9,KG,X,EC-D2,69,2023-10
0000000266,FE-002,EC,2023-10-15,3159.9,2817.9,KG,X,EC-D2,69,2023-10
0000000267,FE-003,EC,2023-10-15,2369.9,1682.8,KG,X,EC-D2,69,2023-10
0000000268,FE-004,EC,2023-10-15,296.2,187.5,KG,X,EC-D2,69,2023-10
0000000269,FE-001,EC,2023-10-15,12741.5,13456.4,KG,X,EC-D2,70,2023-10
0000000270,FE-002,EC,2023-10-15,3136.4,3131.2,KG,X,EC-D2,70,2023-10
0000000271,FE-003,EC,2023-10-15,2352.3,2006.4,KG,X,EC-D2,70,2023-10
0000000272,FE-004,EC,2023-10-15,294.0,271.9,KG,X,EC-D2,70,2023-10
0000000273,FE-001,EC,2023-10-15,12381.5,5101.8,KG,X,EC-D2,71,2023-10
0000000274,FE-002,EC,2023-10-15,3047.8,2526.6,KG,X,EC-D2,71,2023-10
0000000275,FE-003,EC,2023-10-15,2285.8,1859.4,KG,X,EC-D2,71,2023-10
0000000276,FE-004,EC,2023-10-15,285.7,219.6,KG,X,EC-D2,71,2023-10
0000000277,FE-001,EC,2023-10-15,12751.4,11002.8,KG,X,EC-D2,72,2023-10
0000000278,FE-002,EC,2023-10-15,3138.8,2863.7,KG,X,EC-D2,72,2023-10
0000000279,FE-003,EC,2023-10-15,2354.1,2025.3,KG,X,EC-D2,72,2023-10
0000000280,FE-004,EC,2023-10-15,294.3,329.5,KG,X,EC-D2,72,2023-10
0000000281,FE-001,EC,2023-10-15,13292.3,13738.7,KG,X,EC-D2,73,2023-10
0000000282,FE-002,EC,2023-10-15,3272.0,3408.2,KG,X,EC-D2,73,2023-10
0000000283,FE-003,EC,2023-10-15,2454.0,1942.9,KG,X,EC-D2,73,2023-10
0000000284,FE-004,EC,2023-10-15,306.7,157.7,KG,X,EC-D2,73,2023-10
0000000285,FE-001,EC,2023-10-15,12595.3,11325.5,KG,X,EC-D2,74,2023-10
0000000286,FE-002,EC,2023-10-15,3100.4,3472.4,KG,X,EC-D2,74,2023-10
0000000287,FE-003,EC,2023-10-15,2325.3,1847.8,KG,X,EC-D2,74,2023-10
0000000288,FE-004,EC,2023-10-15,290.7,257.8,KG,X,EC-D2,74,2023-10
0000000289,FE-001,EC,2023-10-15,13015.2,14094.5,KG,X,EC-D2,382,2023-10
0000000290,FE-002,EC,2023-10-15,3203.7,1923.2,KG,X,EC-D2,382,2023-10
0000000291,FE-003,EC,2023-10-15,2402.8,2691.1,KG,X,EC-D2,382,2023-10
0000000292,FE-004,EC,2023-10-15,300.3,307.2,KG,X,EC-D2,382,2023-10
0000000293,FE-001,EC,2023-10-15,16718.8,16511.9,KG,X,EC-D3,75,2023-10
0000000294,FE-002,EC,2023-10-15,4115.4,3198.6,KG,X,EC-D3,75,2023-10
0000000295,FE-003,EC,2023-10-15,3086.5,3456.9,KG,X,EC-D3,75,2023-10
0000000296,FE-004,EC,2023-10-15,385.8,401.3,KG,X,EC-D3,75,2023-10
0000000297,FE-001,EC,2023-10-15,12373.3,7677.6,KG,X,EC-D3,76,2023-10
0000000298,FE-002,EC,2023-10-15,3045.7,2810.6,KG,X,EC-D3,76,2023-10
0000000299,FE-003,EC,2023-10-15,2284.3,1601.9,KG,X,EC-D3,76,2023-10
0000000300,FE-004,EC,2023-10-15,285.5,268.4,KG,X,EC-D3,76,2023-10
0000000301,FE-001,EC,2023-10-15,12291.6,9443.4,KG,X,EC-D3,77,2023-10
0000000302,FE-002,EC,2023-10-15,3025.6,3388.7,KG,X,EC-D3,77,2023-10
0000000303,FE-003,EC,2023-10-15,2269.2,1382.9,KG,X,EC-D3,77,2023-10
0000000304,FE-004,EC,2023-10-15,283.7,287.0,KG,X,EC-D3,77,2023-10
0000000305,FE-001,EC,2023-10-15,13080.9,13862.0,KG,X,EC-D3,78,2023-10
0000000306,FE-002,EC,2023-10-15,3219.9,2416.2,KG,X,EC-D3,78,2023-10
0000000307,FE-003,EC,2023-10-15,2414.9,1879.3,KG,X,EC-D3,78,2023-10
0000000308,FE-004,EC,2023-10-15,301.9,305.1,KG,X,EC-D3,78,2023-10
0000000309,FE-001,EC,2023-10-15,8189.5,6421.7,KG,X,EC-D3,79,2023-10
0000000310,FE-002,EC,2023-10-15,2015.9,1615.2,KG,X,EC-D3,79,2023-10
0000000311,FE-003,EC,2023-10-15,1511.9,1352.8,KG,X,EC-D3,79,2023-10
0000000312,FE-004,EC,2023-10-15,189.0,122.2,KG,X,EC-D3,79,2023-10
0000000313,FE-001,EC,2023-10-15,5413.8,3736.9,KG,X,EC-D3,80,2023-10
0000000314,FE-002,EC,2023-10-15,1332.6,974.7,KG,X,EC-D3,80,2023-10
0000000315,FE-003,EC,2023-10-15,999.5,722.0,KG,X,EC-D3,80,2023-10
0000000316,FE-004,EC,2023-10-15,124.9,125.5,KG,X,EC-D3,80,2023-10
0000000317,FE-001,EC,2023-10-15,3588.6,3086.6,KG,X,EC-D3,81,2023-10
0000000318,FE-002,EC,2023-10-15,883.3,563.6,KG,X,EC-D3,81,2023-10
0000000319,FE-003,EC,2023-10-15,662.5,615.0,KG,X,EC-D3,81,2023-10
0000000320,FE-004,EC,2023-10-15,82.8,89.8,KG,X,EC-D3,81,2023-10
0000000321,FE-001,EC,2023-10-15,1123.1,1193.1,KG,X,EC-D3,82,2023-10
0000000322,FE-002,EC,2023-10-15,276.5,214.5,KG,X,EC-D3,82,2023-10
0000000323,FE-003,EC,2023-10-15,207.3,167.1,KG,X,EC-D3,82,2023-10
0000000324,FE-004,EC,2023-10-15,25.9,27.2,KG,X,EC-D3,82,2023-10
0000000325,FE-001,EC,2023-10-15,16409.5,17119.3,KG,X,EC-D3,83,2023-10
0000000326,FE-002,EC,2023-10-15,4039.3,3880.2,KG,X,EC-D3,83,2023-10
0000000327,FE-003,EC,2023-10-15,3029.4,3160.5,KG,X,EC-D3,83,2023-10
0000000328,FE-004,EC,2023-10-15,378.7,275.7,KG,X,EC-D3,83,2023-10
0000000329,FE-001,EC,2023-10-15,14361.0,11722.3,KG,X,EC-D3,84,2023-10
0000000330,FE-002,EC,2023-10-15,3535.0,1923.0,KG,X,EC-D3,84,2023-10
0000000331,FE-003,EC,2023-10-15,2651.3,2440.4,KG,X,EC-D3,84,2023-10
0000000332,FE-004,EC,2023-10-15,331.4,232.5,KG,X,EC-D3,84,2023-10
0000000333,FE-001,EC,2023-10-15,10465.6,7954.2,KG,X,EC-D3,85,2023-10
0000000334,FE-002,EC,2023-10-15,2576.1,1962.9,KG,X,EC-D3,85,2023-10
0000000335,FE-003,EC,2023-10-15,1932.1,1525.3,KG,X,EC-D3,85,2023-10
0000000336,FE-004,EC,2023-10-15,241.5,247.8,KG,X,EC-D3,85,2023-10
0000000337,FE-001,EC,2023-10-15,16776.3,11740.8,KG,X,EC-D3,86,2023-10
0000000338,FE-002,EC,2023-10-15,4129.5,3451.3,KG,X,EC-D3,86,2023-10
0000000339,FE-003,EC,2023-10-15,3097.2,3389.3,KG,X,EC-D3,86,2023-10
0000000340,FE-004,EC,2023-10-15,387.1,433.6,KG,X,EC-D3,86,2023-10
0000000341,FE-001,EC,2023-10-15,13247.5,10520.1,KG,X,EC-D3,87,2023-10
0000000342,FE-002,EC,2023-10-15,3260.9,2646.9,KG,X,EC-D3,87,2023-10
0000000343,FE-003,EC,2023-10-15,2445.7,1563.7,KG,X,EC-D3,87,2023-10
0000000344,FE-004,EC,2023-10-15,305.7,279.9,KG,X,EC-D3,87,2023-10
0000000345,FE-001,EC,2023-10-15,12001.5,9435.2,KG,X,EC-D3,88,2023-10
0000000346,FE-002,EC,2023-10-15,2954.2,3308.7,KG,X,EC-D3,88,2023-10
0000000347,FE-003,EC,2023-10-15,2215.7,1728.3,KG,X,EC-D3,88,2023-10
0000000348,FE-004,EC,2023-10-15,277.0,252.4,KG,X,EC-D3,88,2023-10
0000000349,FE-001,EC,2023-10-15,13784.4,15438.5,KG,X,EC-D3,89,2023-10
0000000350,FE-002,EC,2023-10-15,3393.1,1723.8,KG,X,EC-D3,89,2023-10
0000000351,FE-003,EC,2023-10-15,2544.8,1986.4,KG,X,EC-D3,89,2023-10
0000000352,FE-004,EC,2023-10-15,318.1,234.9,KG,X,EC-D3,89,2023-10
0000000353,FE-001,EC,2023-10-15,12058.0,10083.4,KG,X,EC-D3,90,2023-10
0000000354,FE-002,EC,2023-10-15,2968.1,2643.8,KG,X,EC-D3,90,2023-10
0000000355,FE-003,EC,2023-10-15,2226.1,1560.0,KG,X,EC-D3,90,2023-10
0000000356,FE-004,EC,2023-10-15,278.3,281.7,KG,X,EC-D3,90,2023-10
0000000357,FE-001,EC,2023-10-15,7082.6,6124.3,KG,X,EC-D3,91,2023-10
0000000358,FE-002,EC,2023-10-15,1743.4,1725.9,KG,X,EC-D3,91,2023-10
0000000359,FE-003,EC,2023-10-15,1307.6,1267.9,KG,X,EC-D3,91,2023-10
0000000360,FE-004,EC,2023-10-15,163.4,148.7,KG,X,EC-D3,91,2023-10
0000000361,FE-001,EC,2023-10-15,14839.6,12595.8,KG,X,EC-D3,92,2023-10
0000000362,FE-002,EC,2023-10-15,3652.8,3661.1,KG,X,EC-D3,92,2023-10
0000000363,FE-003,EC,2023-10-15,2739.6,2634.4,KG,X,EC-D3,92,2023-10
0000000364,FE-004,EC,2023-10-15,342.5,287.5,KG,X,EC-D3,92,2023-10
0000000365,FE-001,EC,2023-10-15,17517.2,16622.9,KG,X,EC-D3,93,2023-10
0000000366,FE-002,EC,2023-10-15,4311.9,3443.8,KG,X,EC-D3,93,2023-10
0000000367,FE-003,EC,2023-10-15,3233.9,3022.8,KG,X,EC-D3,93,2023-10
0000000368,FE-004,EC,2023-10-15,404.2,423.4,KG,X,EC-D3,93,2023-10
0000000369,FE-001,EC,2023-10-15,9081.9,6154.2,KG,X,EC-D3,94,2023-10
0000000370,FE-002,EC,2023-10-15,2235.6,1972.3,KG,X,EC-D3,94,2023-10
0000000371,FE-003,EC,2023-10-15,1676.7,1560.4,KG,X,EC-D3,94,2023-10
0000000372,FE-004,EC,2023-10-15,209.6,124.6,KG,X,EC-D3,94,2023-10
0000000373,FE-001,EC,2023-10-15,13126.0,13059.3,KG,X,EC-D3,95,2023-10
0000000374,FE-002,EC,2023-10-15,3231.0,3440.4,KG,X,EC-D3,95,2023-10
0000000375,FE-003,EC,2023-10-15,2423.3,2422.8,KG,X,EC-D3,95,2023-10
0000000376,FE-004,EC,2023-10-15,302.9,269.5,KG,X,EC-D3,95,2023-10
0000000377,FE-001,EC,2023-10-15,15823.4,12618.8,KG,X,EC-D3,96,2023-10
0000000378,FE-002,EC,2023-10-15,3895.0,3692.6,KG,X,EC-D3,96,2023-10
0000000379,FE-003,EC,2023-10-15,2921.2,2585.5,KG,X,EC-D3,96,2023-10
0000000380,FE-004,EC,2023-10-15,365.2,339.3,KG,X,EC-D3,96,2023-10
0000000381,FE-001,EC,2023-10-15,9928.7,8298.4,KG,X,EC-D3,97,2023-10
0000000382,FE-002,EC,2023-10-15,2444.0,2301.3,KG,X,EC-D3,97,2023-10
0000000383,FE-003,EC,2023-10-15,1833.0,804.1,KG,X,EC-D3,97,2023-10
0000000384,FE-004,EC,2023-10-15,229.1,223.8,KG,X,EC-D3,97,2023-10
0000000385,FE-001,EC,2023-10-15,14160.6,11498.0,KG,X,EC-D3,98,2023-10
0000000386,FE-002,EC,2023-10-15,3485.7,3035.8,KG,X,EC-D3,98,2023-10
0000000387,FE-003,EC,2023-10-15,2614.3,2928.0,KG,X,EC-D3,98,2023-10
0000000388,FE-004,EC,2023-10-15,326.8,366.0,KG,X,EC-D3,98,2023-10
0000000389,FE-001,EC,2023-10-15,6213.6,6646.3,KG,X,EC-D3,99,2023-10
0000000390,FE-002,EC,2023-10-15,1529.5,1420.7,KG,X,EC-D3,99,2023-10
0000000391,FE-003,EC,2023-10-15,1147.1,746.2,KG,X,EC-D3,99,2023-10
0000000392,FE-004,EC,2023-10-15,143.4,115.3,KG,X,EC-D3,99,2023-10
0000000393,FE-001,EC,2023-10-15,11611.8,8506.3,KG,X,EC-D3,100,2023-10
0000000394,FE-002,EC,2023-10-15,2858.3,1829.5,KG,X,EC-D3,100,2023-10
0000000395,FE-003,EC,2023-10-15,2143.7,2126.4,KG,X,EC-D3,100,2023-10
0000000396,FE-004,EC,2023-10-15,268.0,214.6,KG,X,EC-D3,100,2023-10
0000000397,FE-001,EC,2023-10-15,19929.4,19291.4,KG,X,EC-D3,101,2023-10
0000000398,FE-002,EC,2023-10-15,4905.7,3747.6,KG,X,EC-D3,101,2023-10
0000000399,FE-003,EC,2023-10-15,3679.3,3122.6,KG,X,EC-D3,101,2023-10
0000000400,FE-004,EC,2023-10-15,459.9,414.3,KG,X,EC-D3,101,2023-10
0000000401,FE-001,EC,2023-10-15,11696.4,11326.0,KG,X,EC-D3,102,2023-10
0000000402,FE-002,EC,2023-10-15,2879.1,2663.3,KG,X,EC-D3,102,2023-10
0000000403,FE-003,EC,2023-10-15,2159.3,1552.2,KG,X,EC-D3,102,2023-10
0000000404,FE-004,EC,2023-10-15,269.9,212.4,KG,X,EC-D3,102,2023-10
0000000405,FE-001,EC,2023-10-15,12192.8,13112.7,KG,X,EC-D3,103,2023-10
0000000406,FE-002,EC,2023-10-15,3001.3,1744.1,KG,X,EC-D3,103,2023-10
0000000407,FE-003,EC,2023-10-15,2251.0,2521.1,KG,X,EC-D3,103,2023-10
0000000408,FE-004,EC,2023-10-15,281.4,315.2,KG,X,EC-D3,103,2023-10
0000000409,FE-001,EC,2023-10-15,15099.4,11646.3,KG,X,EC-D3,104,2023-10
0000000410,FE-002,EC,2023-10-15,3716.8,2889.1,KG,X,EC-D3,104,2023-10
0000000411,FE-003,EC,2023-10-15,2787.6,1915.8,KG,X,EC-D3,104,2023-10
0000000412,FE-004,EC,2023-10-15,348.4,235.9,KG,X,EC-D3,104,2023-10
0000000413,FE-001,EC,2023-10-15,8287.1,8496.9,KG,X,EC-D3,105,2023-10
0000000414,FE-002,EC,2023-10-15,2039.9,1690.3,KG,X,EC-D3,105,2023-10
0000000415,FE-003,EC,2023-10-15,1529.9,1556.3,KG,X,EC-D3,105,2023-10
0000000416,FE-004,EC,2023-10-15,191.2,149.8,KG,X,EC-D3,105,2023-10
0000000417,FE-001,EC,2023-10-15,4238.9,3780.7,KG,X,EC-D3,106,2023-10
0000000418,FE-002,EC,2023-10-15,1043.4,1056.3,KG,X,EC-D3,106,2023-10
0000000419,FE-003,EC,2023-10-15,782.6,602.2,KG,X,EC-D3,106,2023-10
0000000420,FE-004,EC,2023-10-15,97.8,67.9,KG,X,EC-D3,106,2023-10
0000000421,FE-001,EC,2023-10-15,14273.8,12567.6,KG,X,EC-D3,107,2023-10
0000000422,FE-002,EC,2023-10-15,3513.6,2966.5,KG,X,EC-D3,107,2023-10
0000000423,FE-003,EC,2023-10-15,2635.2,2418.4,KG,X,EC-D3,107,2023-10
0000000424,FE-004,EC,2023-10-15,329.4,319.3,KG,X,EC-D3,107,2023-10
0000000425,FE-001,EC,2023-10-15,18019.0,14394.2,KG,X,EC-D3,108,2023-10
0000000426,FE-002,EC,2023-10-15,4435.5,3819.9,KG,X,EC-D3,108,2023-10
0000000427,FE-003,EC,2023-10-15,3326.6,3725.8,KG,X,EC-D3,108,2023-10
0000000428,FE-004,EC,2023-10-15,415.8,277.3,KG,X,EC-D3,108,2023-10
0000000429,FE-001,EC,2023-10-15,11547.1,6549.2,KG,X,EC-D3,109,2023-10
0000000430,FE-002,EC,2023-10-15,2842.4,3183.5,KG,X,EC-D3,109,2023-10
0000000431,FE-003,EC,2023-10-15,2131.8,1806.7,KG,X,EC-D3,109,2023-10
0000000432,FE-004,EC,2023-10-15,266.5,189.7,KG,X,EC-D3,109,2023-10
0000000433,FE-001,EC,2023-10-15,11053.2,10607.7,KG,X,EC-D3,110,2023-10
0000000434,FE-002,EC,2023-10-15,2720.8,1975.9,KG,X,EC-D3,110,2023-10
0000000435,FE-003,EC,2023-10-15,2040.6,1601.5,KG,X,EC-D3,110,2023-10
0000000436,FE-004,EC,2023-10-15,255.1,262.7,KG,X,EC-D3,110,2023-10
0000000437,FE-001,EC,2023-10-15,18560.2,15903.5,KG,X,EC-D3,111,2023-10
0000000438,FE-002,EC,2023-10-15,4568.7,4450.4,KG,X,EC-D3,111,2023-10
0000000439,FE-003,EC,2023-10-15,3426.5,1851.4,KG,X,EC-D3,111,2023-10
0000000440,FE-004,EC,2023-10-15,428.3,366.4,KG,X,EC-D3,111,2023-10
0000000441,FE-001,EC,2023-10-15,9955.0,3484.2,KG,X,EC-D3,112,2023-10
0000000442,FE-002,EC,2023-10-15,2450.5,2744.6,KG,X,EC-D3,112,2023-10
0000000443,FE-003,EC,2023-10-15,1837.8,1491.2,KG,X,EC-D3,112,2023-10
0000000444,FE-004,EC,2023-10-15,229.7,136.8,KG,X,EC-D3,112,2023-10
0000000445,FE-001,EC,2023-10-15,12504.6,9086.1,KG,X,EC-D3,113,2023-10
0000000446,FE-002,EC,2023-10-15,3078.1,2770.3,KG,X,EC-D3,113,2023-10
0000000447,FE-003,EC,2023-10-15,2308.5,2428.8,KG,X,EC-D3,113,2023-10
0000000448,FE-004,EC,2023-10-15,288.6,306.9,KG,X,EC-D3,113,2023-10
0000000449,FE-001,EC,2023-10-15,8289.1,7224.8,KG,X,EC-D3,114,2023-10
0000000450,FE-002,EC,2023-10-15,2040.4,2285.2,KG,X,EC-D3,114,2023-10
0000000451,FE-003,EC,2023-10-15,1530.3,1541.4,KG,X,EC-D3,114,2023-10
0000000452,FE-004,EC,2023-10-15,191.3,198.1,KG,X,EC-D3,114,2023-10
0000000453,FE-001,EC,2023-10-15,10037.0,7798.0,KG,X,EC-D3,115,2023-10
0000000454,FE-002,EC,2023-10-15,2470.6,2132.1,KG,X,EC-D3,115,2023-10
0000000455,FE-003,EC,2023-10-15,1853.0,911.3,KG,X,EC-D3,115,2023-10
0000000456,FE-004,EC,2023-10-15,231.6,256.7,KG,X,EC-D3,115,2023-10
0000000457,FE-001,EC,2023-10-15,6045.3,6417.6,KG,X,EC-D3,116,2023-10
0000000458,FE-002,EC,2023-10-15,1488.1,1565.8,KG,X,EC-D3,116,2023-10
0000000459,FE-003,EC,2023-10-15,1116.0,1249.9,KG,X,EC-D3,116,2023-10
0000000460,FE-004,EC,2023-10-15,139.5,119.4,KG,X,EC-D3,116,2023-10
0000000461,FE-001,EC,2023-10-15,4653.0,4141.5,KG,X,EC-D3,117,2023-10
0000000462,FE-002,EC,2023-10-15,1145.3,744.4,KG,X,EC-D3,117,2023-10
0000000463,FE-003,EC,2023-10-15,859.0,962.1,KG,X,EC-D3,117,2023-10
0000000464,FE-004,EC,2023-10-15,107.4,105.2,KG,X,EC-D3,117,2023-10
0000000465,FE-001,EC,2023-10-15,5264.7,3140.4,KG,X,EC-D3,118,2023-10
0000000466,FE-002,EC,2023-10-15,1295.9,837.1,KG,X,EC-D3,118,2023-10
0000000467,FE-003,EC,2023-10-15,971.9,914.0,KG,X,EC-D3,118,2023-10
0000000468,FE-004,EC,2023-10-15,121.5,114.3,KG,X,EC-D3,118,2023-10
0000000469,FE-001,EC,2023-10-15,1748.0,1694.9,KG,X,EC-D3,119,2023-10
0000000470,FE-002,EC,2023-10-15,430.3,364.1,KG,X,EC-D3,119,2023-10
0000000471,FE-003,EC,2023-10-15,322.7,252.7,KG,X,EC-D3,119,2023-10
0000000472,FE-004,EC,2023-10-15,40.3,22.0,KG,X,EC-D3,119,2023-10
0000000473,FE-001,EC,2023-10-15,5716.9,6093.7,KG,X,EC-D3,120,2023-10
0000000474,FE-002,EC,2023-10-15,1407.2,1216.8,KG,X,EC-D3,120,2023-10
0000000475,FE-003,EC,2023-10-15,1055.4,903.3,KG,X,EC-D3,120,2023-10
0000000476,FE-004,EC,2023-10-15,131.9,82.1,KG,X,EC-D3,120,2023-10
0000000477,FE-001,EC,2023-10-15,2137.6,1396.7,KG,X,EC-D3,121,2023-10
0000000478,FE-002,EC,2023-10-15,526.2,469.1,KG,X,EC-D3,121,2023-10
0000000479,FE-003,EC,2023-10-15,394.6,320.3,KG,X,EC-D3,121,2023-10
0000000480,FE-004,EC,2023-10-15,49.3,47.9,KG,X,EC-D3,121,2023-10
0000000481,FE-001,EC,2023-10-15,1234.6,1248.9,KG,X,EC-D3,369,2023-10
0000000482,FE-002,EC,2023-10-15,303.9,199.3,KG,X,EC-D3,369,2023-10
0000000483,FE-003,EC,2023-10-15,227.9,180.1,KG,X,EC-D3,369,2023-10
0000000484,FE-004,EC,2023-10-15,28.5,26.1,KG,X,EC-D3,369,2023-10
0000000485,FE-001,EC,2023-10-15,993.0,774.4,KG,X,EC-D3,370,2023-10
0000000486,FE-002,EC,2023-10-15,244.4,164.0,KG,X,EC-D3,370,2023-10
0000000487,FE-003,EC,2023-10-15,183.3,194.9,KG,X,EC-D3,370,2023-10
0000000488,FE-004,EC,2023-10-15,22.9,24.3,KG,X,EC-D3,370,2023-10
0000000489,FE-001,EC,2023-10-15,6417.3,3604.5,KG,X,EC-D4,122,2023-10
0000000490,FE-002,EC,2023-10-15,1579.6,581.7,KG,X,EC-D4,122,2023-10
0000000491,FE-003,EC,2023-10-15,1184.7,1086.1,KG,X,EC-D4,122,2023-10
0000000492,FE-004,EC,2023-10-15,148.1,114.0,KG,X,EC-D4,122,2023-10
0000000493,FE-001,EC,2023-10-15,5125.0,3703.6,KG,X,EC-D4,123,2023-10
0000000494,FE-002,EC,2023-10-15,1261.5,1165.7,KG,X,EC-D4,123,2023-10
0000000495,FE-003,EC,2023-10-15,946.2,934.7,KG,X,EC-D4,123,2023-10
0000000496,FE-004,EC,2023-10-15,118.3,70.3,KG,X,EC-D4,123,2023-10
0000000497,FE-001,EC,2023-10-15,4861.2,5299.3,KG,X,EC-D4,124,2023-10
0000000498,FE-002,EC,2023-10-15,1196.6,1083.2,KG,X,EC-D4,124,2023-10
0000000499,FE-003,EC,2023-10-15,897.5,1005.2,KG,X,EC-D4,124,2023-10
0000000500,FE-004,EC,2023-10-15,112.2,112.9,KG,X,EC-D4,124,2023-10
0000000501,FE-001,EC,2023-10-15,2784.3,3118.4,KG,X,EC-D4,125,2023-10
0000000502,FE-002,EC,2023-10-15,685.4,731.5,KG,X,EC-D4,125,2023-10
0000000503,FE-003,EC,2023-10-15,514.0,473.3,KG,X,EC-D4,125,2023-10
0000000504,FE-004,EC,2023-10-15,64.3,72.0,KG,X,EC-D4,125,2023-10
0000000505,FE-001,EC,2023-10-15,2872.8,2434.6,KG,X,EC-D4,126,2023-10
0000000506,FE-002,EC,2023-10-15,707.2,792.1,KG,X,EC-D4,126,2023-10
0000000507,FE-003,EC,2023-10-15,530.4,513.3,KG,X,EC-D4,126,2023-10
0000000508,FE-004,EC,2023-10-15,66.3,74.3,KG,X,EC-D4,126,2023-10
0000000509,FE-001,EC,2023-10-15,1293.3,988.9,KG,X,EC-D4,127,2023-10
0000000510,FE-002,EC,2023-10-15,318.4,323.5,KG,X,EC-D4,127,2023-10
0000000511,FE-003,EC,2023-10-15,238.8,187.8,KG,X,EC-D4,127,2023-10
0000000512,FE-004,EC,2023-10-15,29.8,23.1,KG,X,EC-D4,127,2023-10
0000000513,FE-001,EC,2023-10-15,12879.4,12169.9,KG,X,EC-D4,128,2023-10
0000000514,FE-002,EC,2023-10-15,3170.3,2916.2,KG,X,EC-D4,128,2023-10
0000000515,FE-003,EC,2023-10-15,2377.7,2424.4,KG,X,EC-D4,128,2023-10
0000000516,FE-004,EC,2023-10-15,297.2,314.8,KG,X,EC-D4,128,2023-10
0000000517,FE-001,EC,2023-10-15,9881.5,7517.8,KG,X,EC-D4,129,2023-10
0000000518,FE-002,EC,2023-10-15,2432.4,1930.9,KG,X,EC-D4,129,2023-10
0000000519,FE-003,EC,2023-10-15,1824.3,2043.2,KG,X,EC-D4,129,2023-10
0000000520,FE-004,EC,2023-10-15,228.0,201.3,KG,X,EC-D4,129,2023-10
0000000521,FE-001,EC,2023-10-15,13971.2,13666.9,KG,X,EC-D4,130,2023-10
0000000522,FE-002,EC,2023-10-15,3439.1,1596.0,KG,X,EC-D4,130,2023-10
0000000523,FE-003,EC,2023-10-15,2579.3,2145.7,KG,X,EC-D4,130,2023-10
0000000524,FE-004,EC,2023-10-15,322.4,205.8,KG,X,EC-D4,130,2023-10
0000000525,FE-001,EC,2023-10-15,14003.8,12163.8,KG,X,EC-D4,131,2023-10
0000000526,FE-002,EC,2023-10-15,3447.1,2698.0,KG,X,EC-D4,131,2023-10
0000000527,FE-003,EC,2023-10-15,2585.3,2438.8,KG,X,EC-D4,131,2023-10
0000000528,FE-004,EC,2023-10-15,323.2,274.2,KG,X,EC-D4,131,2023-10
0000000529,FE-001,EC,2023-10-15,15323.0,10587.9,KG,X,EC-D4,132,2023-10
0000000530,FE-002,EC,2023-10-15,3771.8,4224.4,KG,X,EC-D4,132,2023-10
0000000531,FE-003,EC,2023-10-15,2828.9,1781.7,KG,X,EC-D4,132,2023-10
0000000532,FE-004,EC,2023-10-15,353.6,314.9,KG,X,EC-D4,132,2023-10
0000000533,FE-001,EC,2023-10-15,10343.3,9817.5,KG,X,EC-D4,133,2023-10
0000000534,FE-002,EC,2023-10-15,2546.0,1655.8,KG,X,EC-D4,133,2023-10
0000000535,FE-003,EC,2023-10-15,1909.5,1706.9,KG,X,EC-D4,133,2023-10
0000000536,FE-004,EC,2023-10-15,238.7,183.5,KG,X,EC-D4,133,2023-10
0000000537,FE-001,EC,2023-10-15,15942.8,13366.1,KG,X,EC-D4,134,2023-10
0000000538,FE-002,EC,2023-10-15,3924.4,4053.3,KG,X,EC-D4,134,2023-10
0000000539,FE-003,EC,2023-10-15,2943.3,2519.5,KG,X,EC-D4,134,2023-10
0000000540,FE-004,EC,2023-10-15,367.9,286.5,KG,X,EC-D4,134,2023-10
0000000541,FE-001,EC,2023-10-15,12355.4,8126.0,KG,X,EC-D4,135,2023-10
0000000542,FE-002,EC,2023-10-15,3041.3,3289.2,KG,X,EC-D4,135,2023-10
0000000543,FE-003,EC,2023-10-15,2281.0,2000.6,KG,X,EC-D4,135,2023-10
0000000544,FE-004,EC,2023-10-15,285.1,273.6,KG,X,EC-D4,135,2023-10
0000000545,FE-001,EC,2023-10-15,14967.3,10793.4,KG,X,EC-D4,136,2023-10
0000000546,FE-002,EC,2023-10-15,3684.2,2099.8,KG,X,EC-D4,136,2023-10
0000000547,FE-003,EC,2023-10-15,2763.2,1942.5,KG,X,EC-D4,136,2023-10
0000000548,FE-004,EC,2023-10-15,345.4,334.2,KG,X,EC-D4,136,2023-10
0000000549,FE-001,EC,2023-10-15,13938.8,13539.2,KG,X,EC-D4,137,2023-10
0000000550,FE-002,EC,2023-10-15,3431.1,2565.3,KG,X,EC-D4,137,2023-10
0000000551,FE-003,EC,2023-10-15,2573.3,2038.7,KG,X,EC-D4,137,2023-10
0000000552,FE-004,EC,2023-10-15,321.7,360.3,KG,X,EC-D4,137,2023-10
0000000553,FE-001,EC,2023-10-15,17574.5,15682.5,KG,X,EC-D4,138,2023-10
0000000554,FE-002,EC,2023-10-15,4326.0,4471.6,KG,X,EC-D4,138,2023-10
0000000555,FE-003,EC,2023-10-15,3244.5,2908.7,KG,X,EC-D4,138,2023-10
0000000556,FE-004,EC,2023-10-15,405.6,287.8,KG,X,EC-D4,138,2023-10
0000000557,FE-001,EC,2023-10-15,10401.3,4308.0,KG,X,EC-D4,139,2023-10
0000000558,FE-002,EC,2023-10-15,2560.3,2849.8,KG,X,EC-D4,139,2023-10
0000000559,FE-003,EC,2023-10-15,1920.2,2013.7,KG,X,EC-D4,139,2023-10
0000000560,FE-004,EC,2023-10-15,240.0,150.4,KG,X,EC-D4,139,2023-10
0000000561,FE-001,EC,2023-10-15,12029.1,11365.0,KG,X,EC-D4,140,2023-10
0000000562,FE-002,EC,2023-10-15,2961.0,2108.9,KG,X,EC-D4,140,2023-10
0000000563,FE-003,EC,2023-10-15,2220.8,2126.9,KG,X,EC-D4,140,2023-10
0000000564,FE-004,EC,2023-10-15,277.6,108.3,KG,X,EC-D4,140,2023-10
0000000565,FE-001,EC,2023-10-15,12917.8,7909.8,KG,X,EC-D4,141,2023-10
0000000566,FE-002,EC,2023-10-15,3179.8,2382.9,KG,X,EC-D4,141,2023-10
0000000567,FE-003,EC,2023-10-15,2384.8,2336.8,KG,X,EC-D4,141,2023-10
0000000568,FE-004,EC,2023-10-15,298.1,288.7,KG,X,EC-D4,141,2023-10
0000000569,FE-001,EC,2023-10-15,11342.9,8954.7,KG,X,EC-D4,142,2023-10
0000000570,FE-002,EC,2023-10-15,2792.1,2168.3,KG,X,EC-D4,142,2023-10
0000000571,FE-003,EC,2023-10-15,2094.1,2140.0,KG,X,EC-D4,142,2023-10
0000000572,FE-004,EC,2023-10-15,261.8,293.2,KG,X,EC-D4,142,2023-10
0000000573,FE-001,EC,2023-10-15,11102.8,6159.0,KG,X,EC-D4,143,2023-10
0000000574,FE-002,EC,2023-10-15,2733.0,2427.7,KG,X,EC-D4,143,2023-10
0000000575,FE-003,EC,2023-10-15,2049.7,2295.7,KG,X,EC-D4,143,2023-10
0000000576,FE-004,EC,2023-10-15,256.2,252.3,KG,X,EC-D4,143,2023-10
0000000577,FE-001,EC,2023-10-15,11811.5,10414.0,KG,X,EC-D4,144,2023-10
0000000578,FE-002,EC,2023-10-15,2907.4,2412.5,KG,X,EC-D4,144,2023-10
0000000579,FE-003,EC,2023-10-15,2180.6,1895.1,KG,X,EC-D4,144,2023-10
0000000580,FE-004,EC,2023-10-15,272.6,183.4,KG,X,EC-D4,144,2023-10
0000000581,FE-001,EC,2023-10-15,17439.6,14712.8,KG,X,EC-D4,145,2023-10
0000000582,FE-002,EC,2023-10-15,4292.8,4023.9,KG,X,EC-D4,145,2023-10
0000000583,FE-003,EC,2023-10-15,3219.6,2426.0,KG,X,EC-D4,145,2023-10
0000000584,FE-004,EC,2023-10-15,402.5,348.0,KG,X,EC-D4,145,2023-10
0000000585,FE-001,EC,2023-10-15,12713.6,13580.2,KG,X,EC-D4,146,2023-10
0000000586,FE-002,EC,2023-10-15,3129.5,2766.8,KG,X,EC-D4,146,2023-10
0000000587,FE-003,EC,2023-10-15,2347.1,1972.5,KG,X,EC-D4,146,2023-10
0000000588,FE-004,EC,2023-10-15,293.4,267.0,KG,X,EC-D4,146,2023-10
0000000589,FE-001,EC,2023-10-15,12103.1,13555.5,KG,X,EC-D4,147,2023-10
0000000590,FE-002,EC,2023-10-15,2979.2,2682.8,KG,X,EC-D4,147,2023-10
0000000591,FE-003,EC,2023-10-15,2234.4,2285.4,KG,X,EC-D4,147,2023-10
0000000592,FE-004,EC,2023-10-15,279.3,293.5,KG,X,EC-D4,147,2023-10
0000000593,FE-001,EC,2023-10-15,15069.4,14007.7,KG,X,EC-D4,148,2023-10
0000000594,FE-002,EC,2023-10-15,3709.4,3830.9,KG,X,EC-D4,148,2023-10
0000000595,FE-003,EC,2023-10-15,2782.0,1891.6,KG,X,EC-D4,148,2023-10
0000000596,FE-004,EC,2023-10-15,347.8,275.6,KG,X,EC-D4,148,2023-10
0000000597,FE-001,EC,2023-10-15,11705.9,13110.6,KG,X,EC-D4,149,2023-10
0000000598,FE-002,EC,2023-10-15,2881.5,2697.0,KG,X,EC-D4,149,2023-10
0000000599,FE-003,EC,2023-10-15,2161.1,1525.5,KG,X,EC-D4,149,2023-10
0000000600,FE-004,EC,2023-10-15,270.1,201.0,KG,X,EC-D4,149,2023-10
0000000601,FE-001,EC,2023-10-15,13834.5,11631.9,KG,X,EC-D4,150,2023-10
0000000602,FE-002,EC,2023-10-15,3405.4,3687.8,KG,X,EC-D4,150,2023-10
0000000603,FE-003,EC,2023-10-15,2554.1,2052.9,KG,X,EC-D4,150,2023-10
0000000604,FE-004,EC,2023-10-15,319.3,274.7,KG,X,EC-D4,150,2023-10
0000000605,FE-001,EC,2023-10-15,13949.7,15142.5,KG,X,EC-D4,151,2023-10
0000000606,FE-002,EC,2023-10-15,3433.8,2205.0,KG,X,EC-D4,151,2023-10
0000000607,FE-003,EC,2023-10-15,2575.3,1905.4,KG,X,EC-D4,151,2023-10
0000000608,FE-004,EC,2023-10-15,321.9,202.1,KG,X,EC-D4,151,2023-10
0000000609,FE-001,EC,2023-10-15,12807.3,11608.3,KG,X,EC-D4,152,2023-10
0000000610,FE-002,EC,2023-10-15,3152.6,2876.7,KG,X,EC-D4,152,2023-10
0000000611,FE-003,EC,2023-10-15,2364.4,1789.8,KG,X,EC-D4,152,2023-10
0000000612,FE-004,EC,2023-10-15,295.6,314.6,KG,X,EC-D4,152,2023-10
0000000613,FE-001,EC,2023-10-15,15654.9,12935.8,KG,X,EC-D4,153,2023-10
0000000614,FE-002,EC,2023-10-15,3853.5,3537.6,KG,X,EC-D4,153,2023-10
0000000615,FE-003,EC,2023-10-15,2890.1,2567.7,KG,X,EC-D4,153,2023-10
0000000616,FE-004,EC,2023-10-15,361.3,344.1,KG,X,EC-D4,153,2023-10
0000000617,FE-001,EC,2023-10-15,820.2,748.9,KG,X,EC-D4,154,2023-10
0000000618,FE-002,EC,2023-10-15,201.9,195.2,KG,X,EC-D4,154,2023-10
0000000619,FE-003,EC,2023-10-15,151.4,107.7,KG,X,EC-D4,154,2023-10
0000000620,FE-004,EC,2023-10-15,18.9,17.7,KG,X,EC-D4,154,2023-10
0000000621,FE-001,EC,2023-10-15,4704.1,4074.0,KG,X,EC-D4,155,2023-10
0000000622,FE-002,EC,2023-10-15,1157.9,1070.0,KG,X,EC-D4,155,2023-10
0000000623,FE-003,EC,2023-10-15,868.4,717.0,KG,X,EC-D4,155,2023-10
0000000624,FE-004,EC,2023-10-15,108.6,90.9,KG,X,EC-D4,155,2023-10
0000000625,FE-001,EC,2023-10-15,10204.2,6979.1,KG,X,EC-D4,156,2023-10
0000000626,FE-002,EC,2023-10-15,2511.8,1999.1,KG,X,EC-D4,156,2023-10
0000000627,FE-003,EC,2023-10-15,1883.8,1629.5,KG,X,EC-D4,156,2023-10
0000000628,FE-004,EC,2023-10-15,235.5,222.7,KG,X,EC-D4,156,2023-10
0000000629,FE-001,EC,2023-10-15,16003.3,17308.9,KG,X,EC-D4,157,2023-10
0000000630,FE-002,EC,2023-10-15,3939.3,2833.5,KG,X,EC-D4,157,2023-10
0000000631,FE-003,EC,2023-10-15,2954.5,2676.9,KG,X,EC-D4,157,2023-10
0000000632,FE-004,EC,2023-10-15,369.3,220.6,KG,X,EC-D4,157,2023-10
0000000633,FE-001,EC,2023-10-15,16163.6,13641.5,KG,X,EC-D4,158,2023-10
0000000634,FE-002,EC,2023-10-15,3978.7,4142.6,KG,X,EC-D4,158,2023-10
0000000635,FE-003,EC,2023-10-15,2984.1,2703.0,KG,X,EC-D4,158,2023-10
0000000636,FE-004,EC,2023-10-15,373.0,417.2,KG,X,EC-D4,158,2023-10
0000000637,FE-001,EC,2023-10-15,11075.4,12404.4,KG,X,EC-D4,159,2023-10
0000000638,FE-002,EC,2023-10-15,2726.2,2802.0,KG,X,EC-D4,159,2023-10
0000000639,FE-003,EC,2023-10-15,2044.7,1770.7,KG,X,EC-D4,159,2023-10
0000000640,FE-004,EC,2023-10-15,255.6,245.9,KG,X,EC-D4,159,2023-10
0000000641,FE-001,EC,2023-10-15,15735.6,17623.9,KG,X,EC-D4,160,2023-10
0000000642,FE-002,EC,2023-10-15,3873.4,3196.9,KG,X,EC-D4,160,2023-10
0000000643,FE-003,EC,2023-10-15,2905.0,2984.1,KG,X,EC-D4,160,2023-10
0000000644,FE-004,EC,2023-10-15,363.1,381.4,KG,X,EC-D4,160,2023-10
0000000645,FE-001,EC,2023-10-15,5999.4,4418.8,KG,X,EC-D4,163,2023-10
0000000646,FE-002,EC,2023-10-15,1476.8,1059.6,KG,X,EC-D4,163,2023-10
0000000647,FE-003,EC,2023-10-15,1107.6,782.7,KG,X,EC-D4,163,2023-10
0000000648,FE-004,EC,2023-10-15,138.4,125.1,KG,X,EC-D4,163,2023-10
0000000649,FE-001,EC,2023-10-15,6275.4,5183.0,KG,X,EC-D4,164,2023-10
0000000650,FE-002,EC,2023-10-15,1544.7,1100.1,KG,X,EC-D4,164,2023-10
0000000651,FE-003,EC,2023-10-15,1158.5,1237.1,KG,X,EC-D4,164,2023-10
0000000652,FE-004,EC,2023-10-15,144.8,139.3,KG,X,EC-D4,164,2023-10
0000000653,FE-001,EC,2023-10-15,8315.8,6698.0,KG,X,EC-D4,165,2023-10
0000000654,FE-002,EC,2023-10-15,2047.0,1335.9,KG,X,EC-D4,165,2023-10
0000000655,FE-003,EC,2023-10-15,1535.2,1524.9,KG,X,EC-D4,165,2023-10
0000000656,FE-004,EC,2023-10-15,191.9,214.9,KG,X,EC-D4,165,2023-10
0000000657,FE-001,EC,2023-10-15,7214.9,6658.1,KG,X,EC-D4,166,2023-10
0000000658,FE-002,EC,2023-10-15,1776.0,1989.1,KG,X,EC-D4,166,2023-10
0000000659,FE-003,EC,2023-10-15,1332.0,1491.8,KG,X,EC-D4,166,2023-10
0000000660,FE-004,EC,2023-10-15,166.5,173.3,KG,X,EC-D4,166,2023-10
0000000661,FE-001,EC,2023-10-15,16574.9,17254.2,KG,X,EC-D5,168,2023-10
0000000662,FE-002,EC,2023-10-15,4080.0,3960.4,KG,X,EC-D5,168,2023-10
0000000663,FE-003,EC,2023-10-15,3060.0,2709.7,KG,X,EC-D5,168,2023-10
0000000664,FE-004,EC,2023-10-15,382.5,314.1,KG,X,EC-D5,168,2023-10
0000000665,FE-001,EC,2023-10-15,16553.3,14361.6,KG,X,EC-D5,169,2023-10
0000000666,FE-002,EC,2023-10-15,4074.7,3475.1,KG,X,EC-D5,169,2023-10
0000000667,FE-003,EC,2023-10-15,3056.0,1453.1,KG,X,EC-D5,169,2023-10
0000000668,FE-004,EC,2023-10-15,382.0,418.0,KG,X,EC-D5,169,2023-10
0000000669,FE-001,EC,2023-10-15,13777.3,9919.3,KG,X,EC-D5,170,2023-10
0000000670,FE-002,EC,2023-10-15,3391.3,2538.2,KG,X,EC-D5,170,2023-10
0000000671,FE-003,EC,2023-10-15,2543.5,1476.1,KG,X,EC-D5,170,2023-10
0000000672,FE-004,EC,2023-10-15,317.9,293.3,KG,X,EC-D5,170,2023-10
0000000673,FE-001,EC,2023-10-15,9801.1,8219.3,KG,X,EC-D5,171,2023-10
0000000674,FE-002,EC,2023-10-15,2412.6,1811.0,KG,X,EC-D5,171,2023-10
0000000675,FE-003,EC,2023-10-15,1809.4,1434.4,KG,X,EC-D5,171,2023-10
0000000676,FE-004,EC,2023-10-15,226.2,219.1,KG,X,EC-D5,171,2023-10
0000000677,FE-001,EC,2023-10-15,11024.0,9578.3,KG,X,EC-D5,172,2023-10
0000000678,FE-002,EC,2023-10-15,2713.6,2272.2,KG,X,EC-D5,172,2023-10
0000000679,FE-003,EC,2023-10-15,2035.2,1170.0,KG,X,EC-D5,172,2023-10
0000000680,FE-004,EC,2023-10-15,254.4,194.8,KG,X,EC-D5,172,2023-10
0000000681,FE-001,EC,2023-10-15,9003.9,7529.0,KG,X,EC-D5,173,2023-10
0000000682,FE-002,EC,2023-10-15,2216.3,1813.2,KG,X,EC-D5,173,2023-10
0000000683,FE-003,EC,2023-10-15,1662.3,1355.3,KG,X,EC-D5,173,2023-10
0000000684,FE-004,EC,2023-10-15,207.8,194.5,KG,X,EC-D5,173,2023-10
0000000685,FE-001,EC,2023-10-15,5194.1,4119.6,KG,X,EC-D5,174,2023-10
0000000686,FE-002,EC,2023-10-15,1278.5,1033.6,KG,X,EC-D5,174,2023-10
0000000687,FE-003,EC,2023-10-15,958.9,938.6,KG,X,EC-D5,174,2023-10
0000000688,FE-004,EC,2023-10-15,119.9,131.3,KG,X,EC-D5,174,2023-10
0000000689,FE-001,EC,2023-10-15,12555.2,8130.1,KG,X,EC-D5,176,2023-10
0000000690,FE-002,EC,2023-10-15,3090.5,2777.6,KG,X,EC-D5,176,2023-10
0000000691,FE-003,EC,2023-10-15,2317.9,1646.1,KG,X,EC-D5,176,2023-10
0000000692,FE-004,EC,2023-10-15,289.7,324.4,KG,X,EC-D5,176,2023-10
0000000693,FE-001,EC,2023-10-15,13008.7,10328.9,KG,X,EC-D5,177,2023-10
0000000694,FE-002,EC,2023-10-15,3202.2,2320.2,KG,X,EC-D5,177,2023-10
0000000695,FE-003,EC,2023-10-15,2401.6,1793.2,KG,X,EC-D5,177,2023-10
0000000696,FE-004,EC,2023-10-15,300.2,225.1,KG,X,EC-D5,177,2023-10
0000000697,FE-001,EC,2023-10-15,11920.3,8674.2,KG,X,EC-D5,178,2023-10
0000000698,FE-002,EC,2023-10-15,2934.2,2319.3,KG,X,EC-D5,178,2023-10
0000000699,FE-003,EC,2023-10-15,2200.7,1711.6,KG,X,EC-D5,178,2023-10
0000000700,FE-004,EC,2023-10-15,275.1,266.5,KG,X,EC-D5,178,2023-10
0000000701,FE-001,EC,2023-10-15,11275.1,10995.8,KG,X,EC-D5,179,2023-10
0000000702,FE-002,EC,2023-10-15,2775.4,2658.9,KG,X,EC-D5,179,2023-10
0000000703,FE-003,EC,2023-10-15,2081.6,1800.5,KG,X,EC-D5,179,2023-10
0000000704,FE-004,EC,2023-10-15,260.2,291.4,KG,X,EC-D5,179,2023-10
0000000705,FE-001,EC,2023-10-15,13092.1,14663.2,KG,X,EC-D5,180,2023-10
0000000706,FE-002,EC,2023-10-15,3222.7,3000.6,KG,X,EC-D5,180,2023-10
0000000707,FE-003,EC,2023-10-15,2417.0,2228.1,KG,X,EC-D5,180,2023-10
0000000708,FE-004,EC,2023-10-15,302.1,276.2,KG,X,EC-D5,180,2023-10
0000000709,FE-001,EC,2023-10-15,14211.9,10773.1,KG,X,EC-D5,181,2023-10
0000000710,FE-002,EC,2023-10-15,3498.3,3439.6,KG,X,EC-D5,181,2023-10
0000000711,FE-003,EC,2023-10-15,2623.7,2177.9,KG,X,EC-D5,181,2023-10
0000000712,FE-004,EC,2023-10-15,328.0,361.1,KG,X,EC-D5,181,2023-10
0000000713,FE-001,EC,2023-10-15,9639.8,9324.6,KG,X,EC-D5,182,2023-10
0000000714,FE-002,EC,2023-10-15,2372.9,2251.8,KG,X,EC-D5,182,2023-10
0000000715,FE-003,EC,2023-10-15,1779.7,1788.5,KG,X,EC-D5,182,2023-10
0000000716,FE-004,EC,2023-10-15,222.5,232.4,KG,X,EC-D5,182,2023-10
0000000717,FE-001,EC,2023-10-15,8518.3,8927.4,KG,X,EC-D5,184,2023-10
0000000718,FE-002,EC,2023-10-15,2096.8,2005.6,KG,X,EC-D5,184,2023-10
0000000719,FE-003,EC,2023-10-15,1572.6,1387.1,KG,X,EC-D5,184,2023-10
0000000720,FE-004,EC,2023-10-15,196.6,139.4,KG,X,EC-D5,184,2023-10
0000000721,FE-001,EC,2023-10-15,12579.4,10203.4,KG,X,EC-D5,185,2023-10
0000000722,FE-002,EC,2023-10-15,3096.5,3308.3,KG,X,EC-D5,185,2023-10
0000000723,FE-003,EC,2023-10-15,2322.4,1782.5,KG,X,EC-D5,185,2023-10
0000000724,FE-004,EC,2023-10-15,290.3,252.2,KG,X,EC-D5,185,2023-10
0000000725,FE-001,EC,2023-10-15,12680.2,10972.1,KG,X,EC-D5,186,2023-10
0000000726,FE-002,EC,2023-10-15,3121.3,1994.1,KG,X,EC-D5,186,2023-10
0000000727,FE-003,EC,2023-10-15,2341.0,2241.8,KG,X,EC-D5,186,2023-10
0000000728,FE-004,EC,2023-10-15,292.6,260.3,KG,X,EC-D5,186,2023-10
0000000729,FE-001,EC,2023-10-15,14839.2,12188.1,KG,X,EC-D5,187,2023-10
0000000730,FE-002,EC,2023-10-15,3652.7,3111.6,KG,X,EC-D5,187,2023-10
0000000731,FE-003,EC,2023-10-15,2739.5,2802.1,KG,X,EC-D5,187,2023-10
0000000732,FE-004,EC,2023-10-15,342.4,295.1,KG,X,EC-D5,187,2023-10
0000000733,FE-001,EC,2023-10-15,14222.1,8666.5,KG,X,EC-D5,188,2023-10
0000000734,FE-002,EC,2023-10-15,3500.8,3375.3,KG,X,EC-D5,188,2023-10
0000000735,FE-003,EC,2023-10-15,2625.6,2228.9,KG,X,EC-D5,188,2023-10
0000000736,FE-004,EC,2023-10-15,328.2,354.5,KG,X,EC-D5,188,2023-10
0000000737,FE-001,EC,2023-10-15,17280.6,15150.6,KG,X,EC-D5,189,2023-10
0000000738,FE-002,EC,2023-10-15,4253.7,4764.1,KG,X,EC-D5,189,2023-10
0000000739,FE-003,EC,2023-10-15,3190.3,3573.1,KG,X,EC-D5,189,2023-10
0000000740,FE-004,EC,2023-10-15,398.8,413.4,KG,X,EC-D5,189,2023-10
0000000741,FE-001,EC,2023-10-15,12200.3,13664.3,KG,X,EC-D5,190,2023-10
0000000742,FE-002,EC,2023-10-15,3003.2,2591.8,KG,X,EC-D5,190,2023-10
0000000743,FE-003,EC,2023-10-15,2252.4,1961.8,KG,X,EC-D5,190,2023-10
0000000744,FE-004,EC,2023-10-15,281.5,258.0,KG,X,EC-D5,190,2023-10
0000000745,FE-001,EC,2023-10-15,5151.2,3369.6,KG,X,EC-D5,192,2023-10
0000000746,FE-002,EC,2023-10-15,1268.0,1017.3,KG,X,EC-D5,192,2023-10
0000000747,FE-003,EC,2023-10-15,951.0,607.1,KG,X,EC-D5,192,2023-10
0000000748,FE-004,EC,2023-10-15,118.9,113.1,KG,X,EC-D5,192,2023-10
0000000749,FE-001,EC,2023-10-15,13316.0,9742.9,KG,X,EC-D5,193,2023-10
0000000750,FE-002,EC,2023-10-15,3277.8,3007.8,KG,X,EC-D5,193,2023-10
0000000751,FE-003,EC,2023-10-15,2458.3,1951.5,KG,X,EC-D5,193,2023-10
0000000752,FE-004,EC,2023-10-15,307.3,287.3,KG,X,EC-D5,193,2023-10
0000000753,FE-001,EC,2023-10-15,12936.2,8717.9,KG,X,EC-D5,194,2023-10
0000000754,FE-002,EC,2023-10-15,3184.3,3011.7,KG,X,EC-D5,194,2023-10
0000000755,FE-003,EC,2023-10-15,2388.2,1877.0,KG,X,EC-D5,194,2023-10
0000000756,FE-004,EC,2023-10-15,298.5,211.4,KG,X,EC-D5,194,2023-10
0000000757,FE-001,EC,2023-10-15,12587.7,14098.2,KG,X,EC-D5,195,2023-10
0000000758,FE-002,EC,2023-10-15,3098.5,3470.3,KG,X,EC-D5,195,2023-10
0000000759,FE-003,EC,2023-10-15,2323.9,2602.8,KG,X,EC-D5,195,2023-10
0000000760,FE-004,EC,2023-10-15,290.5,302.0,KG,X,EC-D5,195,2023-10
0000000761,FE-001,EC,2023-10-15,15170.0,14957.9,KG,X,EC-D5,196,2023-10
0000000762,FE-002,EC,2023-10-15,3734.1,2607.8,KG,X,EC-D5,196,2023-10
0000000763,FE-003,EC,2023-10-15,2800.6,2281.2,KG,X,EC-D5,196,2023-10
0000000764,FE-004,EC,2023-10-15,350.1,347.8,KG,X,EC-D5,196,2023-10
0000000765,FE-001,EC,2023-10-15,13862.1,11692.3,KG,X,EC-D5,197,2023-10
0000000766,FE-002,EC,2023-10-15,3412.2,3013.6,KG,X,EC-D5,197,2023-10
0000000767,FE-003,EC,2023-10-15,2559.2,1432.2,KG,X,EC-D5,197,2023-10
0000000768,FE-004,EC,2023-10-15,319.9,325.0,KG,X,EC-D5,197,2023-10
0000000769,FE-001,EC,2023-10-15,4160.2,2891.7,KG,X,EC-D5,198,2023-10
0000000770,FE-002,EC,2023-10-15,1024.0,1001.7,KG,X,EC-D5,198,2023-10
0000000771,FE-003,EC,2023-10-15,768.0,600.9,KG,X,EC-D5,198,2023-10
0000000772,FE-004,EC,2023-10-15,96.0,78.4,KG,X,EC-D5,198,2023-10
0000000773,FE-001,EC,2023-10-15,7794.9,6107.8,KG,X,EC-D5,199,2023-10
0000000774,FE-002,EC,2023-10-15,1918.7,2088.1,KG,X,EC-D5,199,2023-10
0000000775,FE-003,EC,2023-10-15,1439.1,860.9,KG,X,EC-D5,199,2023-10
0000000776,FE-004,EC,2023-10-15,179.9,188.1,KG,X,EC-D5,199,2023-10
0000000777,FE-001,EC,2023-10-15,9236.2,8317.1,KG,X,EC-D5,200,2023-10
0000000778,FE-002,EC,2023-10-15,2273.5,1979.6,KG,X,EC-D5,200,2023-10
0000000779,FE-003,EC,2023-10-15,1705.1,1865.4,KG,X,EC-D5,200,2023-10
0000000780,FE-004,EC,2023-10-15,213.1,182.9,KG,X,EC-D5,200,2023-10
0000000781,FE-001,EC,2023-10-15,18921.5,14420.6,KG,X,EC-D5,201,2023-10
0000000782,FE-002,EC,2023-10-15,4657.6,3563.4,KG,X,EC-D5,201,2023-10
0000000783,FE-003,EC,2023-10-15,3493.2,3771.2,KG,X,EC-D5,201,2023-10
0000000784,FE-004,EC,2023-10-15,436.7,326.4,KG,X,EC-D5,201,2023-10
0000000785,FE-001,EC,2023-10-15,13442.6,11378.7,KG,X,EC-D5,202,2023-10
0000000786,FE-002,EC,2023-10-15,3308.9,3530.7,KG,X,EC-D5,202,2023-10
0000000787,FE-003,EC,2023-10-15,2481.7,2367.2,KG,X,EC-D5,202,2023-10
0000000788,FE-004,EC,2023-10-15,310.2,277.5,KG,X,EC-D5,202,2023-10
0000000789,FE-001,EC,2023-10-15,1753.6,909.4,KG,X,EC-D5,373,2023-10
0000000790,FE-002,EC,2023-10-15,431.7,287.6,KG,X,EC-D5,373,2023-10
0000000791,FE-003,EC,2023-10-15,323.7,270.7,KG,X,EC-D5,373,2023-10
0000000792,FE-004,EC,2023-10-15,40.5,37.8,KG,X,EC-D5,373,2023-10
0000000793,FE-001,EC,2023-10-15,21505.6,16389.4,KG,X,EC-D6,203,2023-10
0000000794,FE-002,EC,2023-10-15,5293.7,4669.5,KG,X,EC-D6,203,2023-10
0000000795,FE-003,EC,2023-10-15,3970.3,3912.8,KG,X,EC-D6,203,2023-10
0000000796,FE-004,EC,2023-10-15,496.3,367.0,KG,X,EC-D6,203,2023-10
0000000797,FE-001,EC,2023-10-15,15239.2,12601.9,KG,X,EC-D6,204,2023-10
0000000798,FE-002,EC,2023-10-15,3751.2,3756.5,KG,X,EC-D6,204,2023-10
0000000799,FE-003,EC,2023-10-15,2813.4,2119.8,KG,X,EC-D6,204,2023-10
0000000800,FE-004,EC,2023-10-15,351.7,373.9,KG,X,EC-D6,204,2023-10
0000000801,FE-001,EC,2023-10-15,11235.8,8892.9,KG,X,EC-D6,205,2023-10
0000000802,FE-002,EC,2023-10-15,2765.7,1669.3,KG,X,EC-D6,205,2023-10
0000000803,FE-003,EC,2023-10-15,2074.3,1847.7,KG,X,EC-D6,205,2023-10
0000000804,FE-004,EC,2023-10-15,259.3,264.1,KG,X,EC-D6,205,2023-10
0000000805,FE-001,EC,2023-10-15,11227.4,10867.6,KG,X,EC-D6,206,2023-10
0000000806,FE-002,EC,2023-10-15,2763.7,2562.0,KG,X,EC-D6,206,2023-10
0000000807,FE-003,EC,2023-10-15,2072.8,1277.7,KG,X,EC-D6,206,2023-10
0000000808,FE-004,EC,2023-10-15,259.1,183.8,KG,X,EC-D6,206,2023-10
0000000809,FE-001,EC,2023-10-15,12913.3,10039.0,KG,X,EC-D6,207,2023-10
0000000810,FE-002,EC,2023-10-15,3178.7,2607.2,KG,X,EC-D6,207,2023-10
0000000811,FE-003,EC,2023-10-15,2384.0,1300.5,KG,X,EC-D6,207,2023-10
0000000812,FE-004,EC,2023-10-15,298.0,279.4,KG,X,EC-D6,207,2023-10
0000000813,FE-001,EC,2023-10-15,12401.5,10121.7,KG,X,EC-D6,208,2023-10
0000000814,FE-002,EC,2023-10-15,3052.7,3195.1,KG,X,EC-D6,208,2023-10
0000000815,FE-003,EC,2023-10-15,2289.5,1799.9,KG,X,EC-D6,208,2023-10
0000000816,FE-004,EC,2023-10-15,286.2,274.4,KG,X,EC-D6,208,2023-10
0000000817,FE-001,EC,2023-10-15,12255.5,11858.9,KG,X,EC-D6,209,2023-10
0000000818,FE-002,EC,2023-10-15,3016.7,2378.1,KG,X,EC-D6,209,2023-10
0000000819,FE-003,EC,2023-10-15,2262.6,2092.0,KG,X,EC-D6,209,2023-10
0000000820,FE-004,EC,2023-10-15,282.8,99.0,KG,X,EC-D6,209,2023-10
0000000821,FE-001,EC,2023-10-15,14752.7,10154.7,KG,X,EC-D6,210,2023-10
0000000822,FE-002,EC,2023-10-15,3631.4,3511.5,KG,X,EC-D6,210,2023-10
0000000823,FE-003,EC,2023-10-15,2723.6,2812.1,KG,X,EC-D6,210,2023-10
0000000824,FE-004,EC,2023-10-15,340.4,373.8,KG,X,EC-D6,210,2023-10
0000000825,FE-001,EC,2023-10-15,12287.8,8174.7,KG,X,EC-D6,211,2023-10
0000000826,FE-002,EC,2023-10-15,3024.7,2581.9,KG,X,EC-D6,211,2023-10
0000000827,FE-003,EC,2023-10-15,2268.5,1662.5,KG,X,EC-D6,211,2023-10
0000000828,FE-004,EC,2023-10-15,283.6,297.3,KG,X,EC-D6,211,2023-10
0000000829,FE-001,EC,2023-10-15,12127.1,7788.6,KG,X,EC-D6,212,2023-10
0000000830,FE-002,EC,2023-10-15,2985.1,3343.3,KG,X,EC-D6,212,2023-10
0000000831,FE-003,EC,2023-10-15,2238.8,1798.1,KG,X,EC-D6,212,2023-10
0000000832,FE-004,EC,2023-10-15,279.9,302.7,KG,X,EC-D6,212,2023-10
0000000833,FE-001,EC,2023-10-15,12906.5,13635.9,KG,X,EC-D6,213,2023-10
0000000834,FE-002,EC,2023-10-15,3177.0,3260.9,KG,X,EC-D6,213,2023-10
0000000835,FE-003,EC,2023-10-15,2382.7,1981.6,KG,X,EC-D6,213,2023-10
0000000836,FE-004,EC,2023-10-15,297.8,280.7,KG,X,EC-D6,213,2023-10
0000000837,FE-001,EC,2023-10-15,15622.3,16666.3,KG,X,EC-D6,214,2023-10
0000000838,FE-002,EC,2023-10-15,3845.5,2529.9,KG,X,EC-D6,214,2023-10
0000000839,FE-003,EC,2023-10-15,2884.1,3230.2,KG,X,EC-D6,214,2023-10
0000000840,FE-004,EC,2023-10-15,360.5,395.9,KG,X,EC-D6,214,2023-10
0000000841,FE-001,EC,2023-10-15,13398.0,12966.6,KG,X,EC-D6,215,2023-10
0000000842,FE-002,EC,2023-10-15,3298.0,3693.8,KG,X,EC-D6,215,2023-10
0000000843,FE-003,EC,2023-10-15,2473.5,2329.6,KG,X,EC-D6,215,2023-10
0000000844,FE-004,EC,2023-10-15,309.2,239.8,KG,X,EC-D6,215,2023-10
0000000845,FE-001,EC,2023-10-15,14181.6,8528.2,KG,X,EC-D6,216,2023-10
0000000846,FE-002,EC,2023-10-15,3490.8,3873.7,KG,X,EC-D6,216,2023-10
0000000847,FE-003,EC,2023-10-15,2618.1,2155.9,KG,X,EC-D6,216,2023-10
0000000848,FE-004,EC,2023-10-15,327.3,346.3,KG,X,EC-D6,216,2023-10
0000000849,FE-001,EC,2023-10-15,13600.3,14347.5,KG,X,EC-D6,222,2023-10
0000000850,FE-002,EC,2023-10-15,3347.8,3233.8,KG,X,EC-D6,222,2023-10
0000000851,FE-003,EC,2023-10-15,2510.8,1741.3,KG,X,EC-D6,222,2023-10
0000000852,FE-004,EC,2023-10-15,313.9,246.8,KG,X,EC-D6,222,2023-10
0000000853,FE-001,EC,2023-10-15,12804.8,8946.9,KG,X,EC-D6,223,2023-10
0000000854,FE-002,EC,2023-10-15,3152.0,2407.8,KG,X,EC-D6,223,2023-10
0000000855,FE-003,EC,2023-10-15,2364.0,2339.7,KG,X,EC-D6,223,2023-10
0000000856,FE-004,EC,2023-10-15,295.5,244.2,KG,X,EC-D6,223,2023-10
0000000857,FE-001,EC,2023-10-15,12358.9,12437.5,KG,X,EC-D6,230,2023-10
0000000858,FE-002,EC,2023-10-15,3042.2,1249.4,KG,X,EC-D6,230,2023-10
0000000859,FE-003,EC,2023-10-15,2281.6,2111.4,KG,X,EC-D6,230,2023-10
0000000860,FE-004,EC,2023-10-15,285.2,293.6,KG,X,EC-D6,230,2023-10
0000000861,FE-001,EC,2023-10-15,13199.3,11988.6,KG,X,EC-D6,245,2023-10
0000000862,FE-002,EC,2023-10-15,3249.1,3639.0,KG,X,EC-D6,245,2023-10
0000000863,FE-003,EC,2023-10-15,2436.8,1907.9,KG,X,EC-D6,245,2023-10
0000000864,FE-004,EC,2023-10-15,304.6,263.5,KG,X,EC-D6,245,2023-10
0000000865,FE-001,EC,2023-10-15,10100.8,6188.0,KG,X,EC-D6,246,2023-10
0000000866,FE-002,EC,2023-10-15,2486.4,2351.0,KG,X,EC-D6,246,2023-10
0000000867,FE-003,EC,2023-10-15,1864.8,1166.2,KG,X,EC-D6,246,2023-10
0000000868,FE-004,EC,2023-10-15,233.1,179.3,KG,X,EC-D6,246,2023-10
0000000869,FE-001,EC,2023-10-15,7045.7,7291.0,KG,X,EC-D6,247,2023-10
0000000870,FE-002,EC,2023-10-15,1734.3,1426.9,KG,X,EC-D6,247,2023-10
0000000871,FE-003,EC,2023-10-15,1300.7,674.8,KG,X,EC-D6,247,2023-10
0000000872,FE-004,EC,2023-10-15,162.6,167.2,KG,X,EC-D6,247,2023-10
0000000873,FE-001,EC,2023-10-15,15186.3,14616.5,KG,X,EC-D6,248,2023-10
0000000874,FE-002,EC,2023-10-15,3738.2,3389.4,KG,X,EC-D6,248,2023-10
0000000875,FE-003,EC,2023-10-15,2803.6,2615.2,KG,X,EC-D6,248,2023-10
0000000876,FE-004,EC,2023-10-15,350.5,254.7,KG,X,EC-D6,248,2023-10
0000000877,FE-001,EC,2023-10-15,11889.1,11505.8,KG,X,EC-D6,249,2023-10
0000000878,FE-002,EC,2023-10-15,2926.6,2302.0,KG,X,EC-D6,249,2023-10
0000000879,FE-003,EC,2023-10-15,2194.9,1739.7,KG,X,EC-D6,249,2023-10
0000000880,FE-004,EC,2023-10-15,274.4,288.0,KG,X,EC-D6,249,2023-10
0000000881,FE-001,EC,2023-10-15,12038.2,11686.1,KG,X,EC-D6,250,2023-10
0000000882,FE-002,EC,2023-10-15,2963.3,2598.0,KG,X,EC-D6,250,2023-10
0000000883,FE-003,EC,2023-10-15,2222.4,2489.1,KG,X,EC-D6,250,2023-10
0000000884,FE-004,EC,2023-10-15,277.8,164.6,KG,X,EC-D6,250,2023-10
0000000885,FE-001,EC,2023-10-15,11607.6,9319.0,KG,X,EC-D6,251,2023-10
0000000886,FE-002,EC,2023-10-15,2857.3,2785.4,KG,X,EC-D6,251,2023-10
0000000887,FE-003,EC,2023-10-15,2142.9,1618.1,KG,X,EC-D6,251,2023-10
0000000888,FE-004,EC,2023-10-15,267.9,277.4,KG,X,EC-D6,251,2023-10
0000000889,FE-001,EC,2023-10-15,13376.9,10200.7,KG,X,EC-D6,252,2023-10
0000000890,FE-002,EC,2023-10-15,3292.8,3450.3,KG,X,EC-D6,252,2023-10
0000000891,FE-003,EC,2023-10-15,2469.6,2545.0,KG,X,EC-D6,252,2023-10
0000000892,FE-004,EC,2023-10-15,308.7,228.0,KG,X,EC-D6,252,2023-10
0000000893,FE-001,EC,2023-10-15,8308.1,8403.8,KG,X,EC-D6,253,2023-10
0000000894,FE-002,EC,2023-10-15,2045.1,2290.5,KG,X,EC-D6,253,2023-10
0000000895,FE-003,EC,2023-10-15,1533.8,1589.2,KG,X,EC-D6,253,2023-10
0000000896,FE-004,EC,2023-10-15,191.7,177.2,KG,X,EC-D6,253,2023-10
0000000897,FE-001,EC,2023-10-15,8914.3,5399.4,KG,X,EC-D6,254,2023-10
0000000898,FE-002,EC,2023-10-15,2194.3,1770.9,KG,X,EC-D6,254,2023-10
0000000899,FE-003,EC,2023-10-15,1645.7,756.7,KG,X,EC-D6,254,2023-10
0000000900,FE-004,EC,2023-10-15,205.7,230.4,KG,X,EC-D6,254,2023-10
0000000901,FE-001,EC,2023-10-15,14121.9,15816.5,KG,X,EC-D6,255,2023-10
0000000902,FE-002,EC,2023-10-15,3476.2,2575.0,KG,X,EC-D6,255,2023-10
0000000903,FE-003,EC,2023-10-15,2607.1,1866.9,KG,X,EC-D6,255,2023-10
0000000904,FE-004,EC,2023-10-15,325.9,206.8,KG,X,EC-D6,255,2023-10
0000000905,FE-001,EC,2023-10-15,15022.9,13030.5,KG,X,EC-D6,256,2023-10
0000000906,FE-002,EC,2023-10-15,3697.9,4141.6,KG,X,EC-D6,256,2023-10
0000000907,FE-003,EC,2023-10-15,2773.4,1964.2,KG,X,EC-D6,256,2023-10
0000000908,FE-004,EC,2023-10-15,346.7,272.4,KG,X,EC-D6,256,2023-10
0000000909,FE-001,EC,2023-10-15,12807.8,11803.9,KG,X,EC-D6,257,2023-10
0000000910,FE-002,EC,2023-10-15,3152.7,2218.0,KG,X,EC-D6,257,2023-10
0000000911,FE-003,EC,2023-10-15,2364.5,2373.1,KG,X,EC-D6,257,2023-10
0000000912,FE-004,EC,2023-10-15,295.6,246.9,KG,X,EC-D6,257,2023-10
0000000913,FE-001,EC,2023-10-15,5357.3,4618.7,KG,X,EC-D6,258,2023-10
0000000914,FE-002,EC,2023-10-15,1318.7,981.2,KG,X,EC-D6,258,2023-10
0000000915,FE-003,EC,2023-10-15,989.0,873.3,KG,X,EC-D6,258,2023-10
0000000916,FE-004,EC,2023-10-15,123.6,116.3,KG,X,EC-D6,258,2023-10
0000000917,FE-001,EC,2023-10-15,13637.5,11707.0,KG,X,EC-D6,259,2023-10
0000000918,FE-002,EC,2023-10-15,3356.9,3615.0,KG,X,EC-D6,259,2023-10
0000000919,FE-003,EC,2023-10-15,2517.7,948.3,KG,X,EC-D6,259,2023-10
0000000920,FE-004,EC,2023-10-15,314.7,262.3,KG,X,EC-D6,259,2023-10
0000000921,FE-001,EC,2023-10-15,6795.4,5538.1,KG,X,EC-D6,260,2023-10
0000000922,FE-002,EC,2023-10-15,1672.7,1053.1,KG,X,EC-D6,260,2023-10
0000000923,FE-003,EC,2023-10-15,1254.5,1405.0,KG,X,EC-D6,260,2023-10
0000000924,FE-004,EC,2023-10-15,156.8,156.9,KG,X,EC-D6,260,2023-10
0000000925,FE-001,EC,2023-10-15,8950.0,9744.0,KG,X,EC-D6,261,2023-10
0000000926,FE-002,EC,2023-10-15,2203.1,1874.8,KG,X,EC-D6,261,2023-10
0000000927,FE-003,EC,2023-10-15,1652.3,1494.8,KG,X,EC-D6,261,2023-10
0000000928,FE-004,EC,2023-10-15,206.5,99.3,KG,X,EC-D6,261,2023-10
0000000929,FE-001,EC,2023-10-15,12675.6,9889.7,KG,X,EC-D6,262,2023-10
0000000930,FE-002,EC,2023-10-15,3120.2,3494.6,KG,X,EC-D6,262,2023-10
0000000931,FE-003,EC,2023-10-15,2340.1,1778.0,KG,X,EC-D6,262,2023-10
0000000932,FE-004,EC,2023-10-15,292.5,254.9,KG,X,EC-D6,262,2023-10
0000000933,FE-001,EC,2023-10-15,13268.5,11482.5,KG,X,EC-D6,263,2023-10
0000000934,FE-002,EC,2023-10-15,3266.1,3394.8,KG,X,EC-D6,263,2023-10
0000000935,FE-003,EC,2023-10-15,2449.6,2400.5,KG,X,EC-D6,263,2023-10
0000000936,FE-004,EC,2023-10-15,306.2,190.7,KG,X,EC-D6,263,2023-10
0000000937,FE-001,EC,2023-10-15,5670.1,4682.9,KG,X,EC-D6,264,2023-10
0000000938,FE-002,EC,2023-10-15,1395.7,1113.9,KG,X,EC-D6,264,2023-10
0000000939,FE-003,EC,2023-10-15,1046.8,771.2,KG,X,EC-D6,264,2023-10
0000000940,FE-004,EC,2023-10-15,130.8,107.6,KG,X,EC-D6,264,2023-10
0000000941,FE-001,EC,2023-10-15,7554.7,6539.5,KG,X,EC-D6,265,2023-10
0000000942,FE-002,EC,2023-10-15,1859.6,1684.5,KG,X,EC-D6,265,2023-10
0000000943,FE-003,EC,2023-10-15,1394.7,1144.3,KG,X,EC-D6,265,2023-10
0000000944,FE-004,EC,2023-10-15,174.3,93.0,KG,X,EC-D6,265,2023-10
0000000945,FE-001,EC,2023-10-15,12729.7,8320.9,KG,X,EC-D6,266,2023-10
0000000946,FE-002,EC,2023-10-15,3133.5,2313.8,KG,X,EC-D6,266,2023-10
0000000947,FE-003,EC,2023-10-15,2350.1,2139.8,KG,X,EC-D6,266,2023-10
0000000948,FE-004,EC,2023-10-15,293.8,261.2,KG,X,EC-D6,266,2023-10
0000000949,FE-001,EC,2023-10-15,8047.3,5081.5,KG,X,EC-D6,267,2023-10
0000000950,FE-002,EC,2023-10-15,1980.9,1742.4,KG,X,EC-D6,267,2023-10
0000000951,FE-003,EC,2023-10-15,1485.7,1460.0,KG,X,EC-D6,267,2023-10
0000000952,FE-004,EC,2023-10-15,185.7,130.2,KG,X,EC-D6,267,2023-10
0000000953,FE-001,EC,2023-10-15,8974.8,6982.7,KG,X,EC-D6,268,2023-10
0000000954,FE-002,EC,2023-10-15,2209.2,1597.6,KG,X,EC-D6,268,2023-10
0000000955,FE-003,EC,2023-10-15,1656.9,1733.7,KG,X,EC-D6,268,2023-10
0000000956,FE-004,EC,2023-10-15,207.1,225.3,KG,X,EC-D6,268,2023-10
0000000957,FE-001,EC,2023-10-15,9188.5,7451.8,KG,X,EC-D6,269,2023-10
0000000958,FE-002,EC,2023-10-15,2261.8,1662.4,KG,X,EC-D6,269,2023-10
0000000959,FE-003,EC,2023-10-15,1696.3,1825.7,KG,X,EC-D6,269,2023-10
0000000960,FE-004,EC,2023-10-15,212.0,237.4,KG,X,EC-D6,269,2023-10
0000000961,FE-001,EC,2023-10-15,6407.2,5852.7,KG,X,EC-D6,270,2023-10
0000000962,FE-002,EC,2023-10-15,1577.2,1520.3,KG,X,EC-D6,270,2023-10
0000000963,FE-003,EC,2023-10-15,1182.9,1191.6,KG,X,EC-D6,270,2023-10
0000000964,FE-004,EC,2023-10-15,147.9,117.9,KG,X,EC-D6,270,2023-10
0000000965,FE-001,EC,2023-10-15,9404.2,8409.3,KG,X,EC-D6,271,2023-10
0000000966,FE-002,EC,2023-10-15,2314.9,2559.0,KG,X,EC-D6,271,2023-10
0000000967,FE-003,EC,2023-10-15,1736.2,837.7,KG,X,EC-D6,271,2023-10
0000000968,FE-004,EC,2023-10-15,217.0,108.6,KG,X,EC-D6,271,2023-10
0000000969,FE-001,EC,2023-10-15,11552.6,8048.5,KG,X,EC-D6,272,2023-10
0000000970,FE-002,EC,2023-10-15,2843.7,2623.3,KG,X,EC-D6,272,2023-10
0000000971,FE-003,EC,2023-10-15,2132.8,2104.3,KG,X,EC-D6,272,2023-10
0000000972,FE-004,EC,2023-10-15,266.6,205.0,KG,X,EC-D6,272,2023-10
0000000973,FE-001,EC,2023-10-15,17943.7,19717.4,KG,X,EC-D6,379,2023-10
0000000974,FE-002,EC,2023-10-15,4416.9,3614.2,KG,X,EC-D6,379,2023-10
0000000975,FE-003,EC,2023-10-15,3312.7,3245.2,KG,X,EC-D6,379,2023-10
0000000976,FE-004,EC,2023-10-15,414.1,454.6,KG,X,EC-D6,379,2023-10
0000000977,FE-001,EC,2023-10-15,12846.2,10573.2,KG,X,EC-D6,380,2023-10
0000000978,FE-002,EC,2023-10-15,3162.1,2910.3,KG,X,EC-D6,380,2023-10
0000000979,FE-003,EC,2023-10-15,2371.6,1409.6,KG,X,EC-D6,380,2023-10
0000000980,FE-004,EC,2023-10-15,296.5,306.5,KG,X,EC-D6,380,2023-10
0000000981,FE-001,EC,2023-10-15,6292.2,4655.2,KG,X,EC-D7,287,2023-10
0000000982,FE-002,EC,2023-10-15,1548.8,1382.7,KG,X,EC-D7,287,2023-10
0000000983,FE-003,EC,2023-10-15,1161.6,904.7,KG,X,EC-D7,287,2023-10
0000000984,FE-004,EC,2023-10-15,145.2,158.5,KG,X,EC-D7,287,2023-10
0000000985,FE-001,EC,2023-10-15,2797.2,2078.8,KG,X,EC-D7,288,2023-10
0000000986,FE-002,EC,2023-10-15,688.6,743.4,KG,X,EC-D7,288,2023-10
0000000987,FE-003,EC,2023-10-15,516.4,539.7,KG,X,EC-D7,288,2023-10
0000000988,FE-004,EC,2023-10-15,64.6,62.9,KG,X,EC-D7,288,2023-10
0000000989,FE-001,EC,2023-10-15,8290.5,5818.6,KG,X,EC-D7,289,2023-10
0000000990,FE-002,EC,2023-10-15,2040.7,2285.6,KG,X,EC-D7,289,2023-10
0000000991,FE-003,EC,2023-10-15,1530.6,1688.6,KG,X,EC-D7,289,2023-10
0000000992,FE-004,EC,2023-10-15,191.3,174.4,KG,X,EC-D7,289,2023-10
0000000993,FE-001,EC,2023-10-15,10683.7,9230.8,KG,X,EC-D7,290,2023-10
0000000994,FE-002,EC,2023-10-15,2629.8,2501.1,KG,X,EC-D7,290,2023-10
0000000995,FE-003,EC,2023-10-15,1972.4,1261.6,KG,X,EC-D7,290,2023-10
0000000996,FE-004,EC,2023-10-15,246.5,209.6,KG,X,EC-D7,290,2023-10
0000000997,FE-001,EC,2023-10-15,12381.6,7590.3,KG,X,EC-D7,291,2023-10
0000000998,FE-002,EC,2023-10-15,3047.8,3232.4,KG,X,EC-D7,291,2023-10
0000000999,FE-003,EC,2023-10-15,2285.8,2208.0,KG,X,EC-D7,291,2023-10
0000001000,FE-004,EC,2023-10-15,285.7,320.0,KG,X,EC-D7,291,2023-10
0000001001,FE-001,EC,2023-10-15,8465.0,8639.4,KG,X,EC-D7,292,2023-10
0000001002,FE-002,EC,2023-10-15,2083.7,2187.0,KG,X,EC-D7,292,2023-10
0000001003,FE-003,EC,2023-10-15,1562.8,1326.3,KG,X,EC-D7,292,2023-10
0000001004,FE-004,EC,2023-10-15,195.3,200.4,KG,X,EC-D7,292,2023-10
0000001005,FE-001,EC,2023-10-15,11419.4,8429.5,KG,X,EC-D7,293,2023-10
0000001006,FE-002,EC,2023-10-15,2810.9,3026.8,KG,X,EC-D7,293,2023-10
0000001007,FE-003,EC,2023-10-15,2108.2,2259.5,KG,X,EC-D7,293,2023-10
0000001008,FE-004,EC,2023-10-15,263.5,219.5,KG,X,EC-D7,293,2023-10
0000001009,FE-001,EC,2023-10-15,5417.6,5522.9,KG,X,EC-D7,294,2023-10
0000001010,FE-002,EC,2023-10-15,1333.6,827.9,KG,X,EC-D7,294,2023-10
0000001011,FE-003,EC,2023-10-15,1000.2,766.0,KG,X,EC-D7,294,2023-10
0000001012,FE-004,EC,2023-10-15,125.0,110.5,KG,X,EC-D7,294,2023-10
0000001013,FE-001,EC,2023-10-15,5215.0,3562.9,KG,X,EC-D7,295,2023-10
0000001014,FE-002,EC,2023-10-15,1283.7,1193.2,KG,X,EC-D7,295,2023-10
0000001015,FE-003,EC,2023-10-15,962.8,998.8,KG,X,EC-D7,295,2023-10
0000001016,FE-004,EC,2023-10-15,120.3,80.5,KG,X,EC-D7,295,2023-10
0000001017,FE-001,EC,2023-10-15,11640.9,6572.3,KG,X,EC-D7,296,2023-10
0000001018,FE-002,EC,2023-10-15,2865.5,2035.4,KG,X,EC-D7,296,2023-10
0000001019,FE-003,EC,2023-10-15,2149.1,2250.4,KG,X,EC-D7,296,2023-10
0000001020,FE-004,EC,2023-10-15,268.6,181.6,KG,X,EC-D7,296,2023-10
0000001021,FE-001,EC,2023-10-15,13677.1,10197.2,KG,X,EC-D7,297,2023-10
0000001022,FE-002,EC,2023-10-15,3366.7,2961.5,KG,X,EC-D7,297,2023-10
0000001023,FE-003,EC,2023-10-15,2525.0,2510.5,KG,X,EC-D7,297,2023-10
0000001024,FE-004,EC,2023-10-15,315.6,328.8,KG,X,EC-D7,297,2023-10
0000001025,FE-001,EC,2023-10-15,12361.9,10047.7,KG,X,EC-D7,298,2023-10
0000001026,FE-002,EC,2023-10-15,3042.9,2837.7,KG,X,EC-D7,298,2023-10
0000001027,FE-003,EC,2023-10-15,2282.2,1901.7,KG,X,EC-D7,298,2023-10
0000001028,FE-004,EC,2023-10-15,285.3,297.5,KG,X,EC-D7,298,2023-10
0000001029,FE-001,EC,2023-10-15,11775.7,13009.5,KG,X,EC-D7,299,2023-10
0000001030,FE-002,EC,2023-10-15,2898.6,2814.3,KG,X,EC-D7,299,2023-10
0000001031,FE-003,EC,2023-10-15,2174.0,1526.4,KG,X,EC-D7,299,2023-10
0000001032,FE-004,EC,2023-10-15,271.7,207.8,KG,X,EC-D7,299,2023-10
0000001033,FE-001,EC,2023-10-15,9262.2,10373.7,KG,X,EC-D7,300,2023-10
0000001034,FE-002,EC,2023-10-15,2279.9,1651.4,KG,X,EC-D7,300,2023-10
0000001035,FE-003,EC,2023-10-15,1710.0,1266.8,KG,X,EC-D7,300,2023-10
0000001036,FE-004,EC,2023-10-15,213.7,209.4,KG,X,EC-D7,300,2023-10
0000001037,FE-001,EC,2023-10-15,4477.4,4421.9,KG,X,EC-D7,301,2023-10
0000001038,FE-002,EC,2023-10-15,1102.1,1223.9,KG,X,EC-D7,301,2023-10
0000001039,FE-003,EC,2023-10-15,826.6,876.1,KG,X,EC-D7,301,2023-10
0000001040,FE-004,EC,2023-10-15,103.3,90.1,KG,X,EC-D7,301,2023-10
0000001041,FE-001,EC,2023-10-15,13512.5,9885.5,KG,X,EC-D7,302,2023-10
0000001042,FE-002,EC,2023-10-15,3326.1,3246.0,KG,X,EC-D7,302,2023-10
0000001043,FE-003,EC,2023-10-15,2494.6,2544.9,KG,X,EC-D7,302,2023-10
0000001044,FE-004,EC,2023-10-15,311.8,304.0,KG,X,EC-D7,302,2023-10
0000001045,FE-001,EC,2023-10-15,16601.7,16937.8,KG,X,EC-D7,303,2023-10
0000001046,FE-002,EC,2023-10-15,4086.6,4037.7,KG,X,EC-D7,303,2023-10
0000001047,FE-003,EC,2023-10-15,3064.9,2334.7,KG,X,EC-D7,303,2023-10
0000001048,FE-004,EC,2023-10-15,383.1,252.1,KG,X,EC-D7,303,2023-10
0000001049,FE-001,EC,2023-10-15,12690.7,14213.6,KG,X,EC-D7,304,2023-10
0000001050,FE-002,EC,2023-10-15,3123.9,2851.3,KG,X,EC-D7,304,2023-10
0000001051,FE-003,EC,2023-10-15,2342.9,2468.2,KG,X,EC-D7,304,2023-10
0000001052,FE-004,EC,2023-10-15,292.9,203.0,KG,X,EC-D7,304,2023-10
0000001053,FE-001,EC,2023-10-15,11761.6,9805.7,KG,X,EC-D7,305,2023-10
0000001054,FE-002,EC,2023-10-15,2895.2,2538.9,KG,X,EC-D7,305,2023-10
0000001055,FE-003,EC,2023-10-15,2171.4,2019.4,KG,X,EC-D7,305,2023-10
0000001056,FE-004,EC,2023-10-15,271.4,304.0,KG,X,EC-D7,305,2023-10
0000001057,FE-001,EC,2023-10-15,10154.2,7501.0,KG,X,EC-D7,306,2023-10
0000001058,FE-002,EC,2023-10-15,2499.5,2286.0,KG,X,EC-D7,306,2023-10
0000001059,FE-003,EC,2023-10-15,1874.6,1811.6,KG,X,EC-D7,306,2023-10
0000001060,FE-004,EC,2023-10-15,234.3,141.2,KG,X,EC-D7,306,2023-10
0000001061,FE-001,EC,2023-10-15,4673.9,5068.4,KG,X,EC-D7,307,2023-10
0000001062,FE-002,EC,2023-10-15,1150.5,1165.7,KG,X,EC-D7,307,2023-10
0000001063,FE-003,EC,2023-10-15,862.9,713.2,KG,X,EC-D7,307,2023-10
0000001064,FE-004,EC,2023-10-15,107.9,85.2,KG,X,EC-D7,307,2023-10
0000001065,FE-001,EC,2023-10-15,7160.8,5396.9,KG,X,EC-D7,308,2023-10
0000001066,FE-002,EC,2023-10-15,1762.7,1727.2,KG,X,EC-D7,308,2023-10
0000001067,FE-003,EC,2023-10-15,1322.0,1098.6,KG,X,EC-D7,308,2023-10
0000001068,FE-004,EC,2023-10-15,165.2,124.8,KG,X,EC-D7,308,2023-10
0000001069,FE-001,EC,2023-10-15,11269.2,7725.6,KG,X,EC-D7,309,2023-10
0000001070,FE-002,EC,2023-10-15,2773.9,1728.2,KG,X,EC-D7,309,2023-10
0000001071,FE-003,EC,2023-10-15,2080.5,1277.5,KG,X,EC-D7,309,2023-10
0000001072,FE-004,EC,2023-10-15,260.1,216.3,KG,X,EC-D7,309,2023-10
0000001073,FE-001,EC,2023-10-15,13848.6,10007.2,KG,X,EC-D7,310,2023-10
0000001074,FE-002,EC,2023-10-15,3408.9,2080.2,KG,X,EC-D7,310,2023-10
0000001075,FE-003,EC,2023-10-15,2556.7,1700.2,KG,X,EC-D7,310,2023-10
0000001076,FE-004,EC,2023-10-15,319.6,320.3,KG,X,EC-D7,310,2023-10
0000001077,FE-001,EC,2023-10-15,15792.9,14500.0,KG,X,EC-D7,311,2023-10
0000001078,FE-002,EC,2023-10-15,3887.5,3662.0,KG,X,EC-D7,311,2023-10
0000001079,FE-003,EC,2023-10-15,2915.6,3265.5,KG,X,EC-D7,311,2023-10
0000001080,FE-004,EC,2023-10-15,364.5,294.9,KG,X,EC-D7,311,2023-10
0000001081,FE-001,EC,2023-10-15,9795.7,9841.8,KG,X,EC-D7,328,2023-10
0000001082,FE-002,EC,2023-10-15,2411.2,1696.3,KG,X,EC-D7,328,2023-10
0000001083,FE-003,EC,2023-10-15,1808.4,1198.1,KG,X,EC-D7,328,2023-10
0000001084,FE-004,EC,2023-10-15,226.1,253.2,KG,X,EC-D7,328,2023-10
0000001085,FE-001,EC,2023-10-15,8221.5,5142.7,KG,X,EC-D7,329,2023-10
0000001086,FE-002,EC,2023-10-15,2023.8,1872.7,KG,X,EC-D7,329,2023-10
0000001087,FE-003,EC,2023-10-15,1517.8,679.9,KG,X,EC-D7,329,2023-10
0000001088,FE-004,EC,2023-10-15,189.7,190.4,KG,X,EC-D7,329,2023-10
0000001089,FE-001,EC,2023-10-15,7628.7,6003.2,KG,X,EC-D7,330,2023-10
0000001090,FE-002,EC,2023-10-15,1877.8,1483.4,KG,X,EC-D7,330,2023-10
0000001091,FE-003,EC,2023-10-15,1408.4,1104.3,KG,X,EC-D7,330,2023-10
0000001092,FE-004,EC,2023-10-15,176.0,99.2,KG,X,EC-D7,330,2023-10
0000001093,FE-001,EC,2023-10-15,9789.7,10198.2,KG,X,EC-D7,331,2023-10
0000001094,FE-002,EC,2023-10-15,2409.8,2699.0,KG,X,EC-D7,331,2023-10
0000001095,FE-003,EC,2023-10-15,1807.3,1341.2,KG,X,EC-D7,331,2023-10
0000001096,FE-004,EC,2023-10-15,225.9,153.1,KG,X,EC-D7,331,2023-10
0000001097,FE-001,EC,2023-10-15,9908.0,6092.6,KG,X,EC-D7,332,2023-10
0000001098,FE-002,EC,2023-10-15,2438.9,2027.5,KG,X,EC-D7,332,2023-10
0000001099,FE-003,EC,2023-10-15,1829.2,1726.7,KG,X,EC-D7,332,2023-10
0000001100,FE-004,EC,2023-10-15,228.6,253.9,KG,X,EC-D7,332,2023-10
0000001101,FE-001,EC,2023-10-15,9358.8,9749.9,KG,X,EC-D7,333,2023-10
0000001102,FE-002,EC,2023-10-15,2303.7,2084.4,KG,X,EC-D7,333,2023-10
0000001103,FE-003,EC,2023-10-15,1727.8,999.2,KG,X,EC-D7,333,2023-10
0000001104,FE-004,EC,2023-10-15,216.0,199.8,KG,X,EC-D7,333,2023-10
0000001105,FE-001,EC,2023-10-15,12320.5,10131.1,KG,X,EC-D7,334,2023-10
0000001106,FE-002,EC,2023-10-15,3032.7,2195.2,KG,X,EC-D7,334,2023-10
0000001107,FE-003,EC,2023-10-15,2274.6,1915.6,KG,X,EC-D7,334,2023-10
0000001108,FE-004,EC,2023-10-15,284.3,296.5,KG,X,EC-D7,334,2023-10
0000001109,FE-001,EC,2023-10-15,11751.2,9304.4,KG,X,EC-D7,335,2023-10
0000001110,FE-002,EC,2023-10-15,2892.6,3239.7,KG,X,EC-D7,335,2023-10
0000001111,FE-003,EC,2023-10-15,2169.5,1628.4,KG,X,EC-D7,335,2023-10
0000001112,FE-004,EC,2023-10-15,271.2,228.3,KG,X,EC-D7,335,2023-10
0000001113,FE-001,EC,2023-10-15,11362.8,7943.2,KG,X,EC-D7,336,2023-10
0000001114,FE-002,EC,2023-10-15,2797.0,2294.3,KG,X,EC-D7,336,2023-10
0000001115,FE-003,EC,2023-10-15,2097.8,1758.7,KG,X,EC-D7,336,2023-10
0000001116,FE-004,EC,2023-10-15,262.2,160.6,KG,X,EC-D7,336,2023-10
0000001117,FE-001,EC,2023-10-15,13012.1,10985.0,KG,X,EC-D7,337,2023-10
0000001118,FE-002,EC,2023-10-15,3203.0,2046.0,KG,X,EC-D7,337,2023-10
0000001119,FE-003,EC,2023-10-15,2402.2,1942.0,KG,X,EC-D7,337,2023-10
0000001120,FE-004,EC,2023-10-15,300.3,279.7,KG,X,EC-D7,337,2023-10
0000001121,FE-001,EC,2023-10-15,10777.6,8635.8,KG,X,EC-D7,338,2023-10
0000001122,FE-002,EC,2023-10-15,2653.0,1827.8,KG,X,EC-D7,338,2023-10
0000001123,FE-003,EC,2023-10-15,1989.7,812.6,KG,X,EC-D7,338,2023-10
0000001124,FE-004,EC,2023-10-15,248.7,232.7,KG,X,EC-D7,338,2023-10
0000001125,FE-001,EC,2023-10-15,13678.4,11841.6,KG,X,EC-D7,339,2023-10
0000001126,FE-002,EC,2023-10-15,3367.0,1987.6,KG,X,EC-D7,339,2023-10
0000001127,FE-003,EC,2023-10-15,2525.2,1769.0,KG,X,EC-D7,339,2023-10
0000001128,FE-004,EC,2023-10-15,315.7,280.3,KG,X,EC-D7,339,2023-10
0000001129,FE-001,EC,2023-10-15,14068.2,13157.0,KG,X,EC-D7,340,2023-10
0000001130,FE-002,EC,2023-10-15,3462.9,3503.7,KG,X,EC-D7,340,2023-10
0000001131,FE-003,EC,2023-10-15,2597.2,2908.9,KG,X,EC-D7,340,2023-10
0000001132,FE-004,EC,2023-10-15,324.7,252.9,KG,X,EC-D7,340,2023-10
0000001133,FE-001,EC,2023-10-15,14010.6,11416.4,KG,X,EC-D7,341,2023-10
0000001134,FE-002,EC,2023-10-15,3448.8,3479.2,KG,X,EC-D7,341,2023-10
0000001135,FE-003,EC,2023-10-15,2586.6,2261.9,KG,X,EC-D7,341,2023-10
0000001136,FE-004,EC,2023-10-15,323.3,223.0,KG,X,EC-D7,341,2023-10
0000001137,FE-001,EC,2023-10-15,13886.9,14242.3,KG,X,EC-D7,342,2023-10
0000001138,FE-002,EC,2023-10-15,3418.3,3307.0,KG,X,EC-D7,342,2023-10
0000001139,FE-003,EC,2023-10-15,2563.7,2871.3,KG,X,EC-D7,342,2023-10
0000001140,FE-004,EC,2023-10-15,320.5,282.7,KG,X,EC-D7,342,2023-10
0000001141,FE-001,EC,2023-10-15,13018.4,12657.8,KG,X,EC-D7,343,2023-10
0000001142,FE-002,EC,2023-10-15,3204.5,2115.2,KG,X,EC-D7,343,2023-10
0000001143,FE-003,EC,2023-10-15,2403.4,1257.3,KG,X,EC-D7,343,2023-10
0000001144,FE-004,EC,2023-10-15,300.4,248.4,KG,X,EC-D7,343,2023-10
0000001145,FE-001,EC,2023-10-15,10271.8,8578.0,KG,X,EC-D7,344,2023-10
0000001146,FE-002,EC,2023-10-15,2528.4,2523.2,KG,X,EC-D7,344,2023-10
0000001147,FE-003,EC,2023-10-15,1896.3,1823.5,KG,X,EC-D7,344,2023-10
0000001148,FE-004,EC,2023-10-15,237.0,158.1,KG,X,EC-D7,344,2023-10
0000001149,FE-001,EC,2023-10-15,11349.3,11692.6,KG,X,EC-D7,345,2023-10
0000001150,FE-002,EC,2023-10-15,2793.7,2242.3,KG,X,EC-D7,345,2023-10
0000001151,FE-003,EC,2023-10-15,2095.2,1920.2,KG,X,EC-D7,345,2023-10
0000001152,FE-004,EC,2023-10-15,261.9,171.7,KG,X,EC-D7,345,2023-10
0000001153,FE-001,EC,2023-10-15,10704.6,11989.2,KG,X,EC-D7,346,2023-10
0000001154,FE-002,EC,2023-10-15,2635.0,2147.1,KG,X,EC-D7,346,2023-10
0000001155,FE-003,EC,2023-10-15,1976.2,1483.8,KG,X,EC-D7,346,2023-10
0000001156,FE-004,EC,2023-10-15,247.0,165.7,KG,X,EC-D7,346,2023-10
0000001157,FE-001,EC,2023-10-15,13200.2,14784.2,KG,X,EC-D7,347,2023-10
0000001158,FE-002,EC,2023-10-15,3249.3,2599.9,KG,X,EC-D7,347,2023-10
0000001159,FE-003,EC,2023-10-15,2437.0,2537.7,KG,X,EC-D7,347,2023-10
0000001160,FE-004,EC,2023-10-15,304.6,213.9,KG,X,EC-D7,347,2023-10
0000001161,FE-001,EC,2023-10-15,12820.4,8053.1,KG,X,EC-D7,348,2023-10
0000001162,FE-002,EC,2023-10-15,3155.8,2775.0,KG,X,EC-D7,348,2023-10
0000001163,FE-003,EC,2023-10-15,2366.8,1521.8,KG,X,EC-D7,348,2023-10
0000001164,FE-004,EC,2023-10-15,295.9,274.6,KG,X,EC-D7,348,2023-10
0000001165,FE-001,EC,2024-03-15,2737.5,2009.7,KG,X,EC-D1,1,2024-03
0000001166,FE-002,EC,2024-03-15,673.8,471.4,KG,X,EC-D1,1,2024-03
0000001167,FE-003,EC,2024-03-15,505.4,465.3,KG,X,EC-D1,1,2024-03
0000001168,FE-004,EC,2024-03-15,63.2,59.8,KG,X,EC-D1,1,2024-03
0000001169,FE-001,EC,2024-03-15,8226.2,6670.6,KG,X,EC-D1,2,2024-03
0000001170,FE-002,EC,2024-03-15,2024.9,1535.4,KG,X,EC-D1,2,2024-03
0000001171,FE-003,EC,2024-03-15,1518.7,1463.0,KG,X,EC-D1,2,2024-03
0000001172,FE-004,EC,2024-03-15,189.8,205.0,KG,X,EC-D1,2,2024-03
0000001173,FE-001,EC,2024-03-15,6234.3,5066.3,KG,X,EC-D1,3,2024-03
0000001174,FE-002,EC,2024-03-15,1534.6,1304.1,KG,X,EC-D1,3,2024-03
0000001175,FE-003,EC,2024-03-15,1150.9,800.2,KG,X,EC-D1,3,2024-03
0000001176,FE-004,EC,2024-03-15,143.9,123.5,KG,X,EC-D1,3,2024-03
0000001177,FE-001,EC,2024-03-15,6153.2,5456.8,KG,X,EC-D1,4,2024-03
0000001178,FE-002,EC,2024-03-15,1514.6,1546.4,KG,X,EC-D1,4,2024-03
0000001179,FE-003,EC,2024-03-15,1136.0,990.1,KG,X,EC-D1,4,2024-03
0000001180,FE-004,EC,2024-03-15,142.0,118.8,KG,X,EC-D1,4,2024-03
0000001181,FE-001,EC,2024-03-15,4086.4,2937.1,KG,X,EC-D1,5,2024-03
0000001182,FE-002,EC,2024-03-15,1005.9,770.6,KG,X,EC-D1,5,2024-03
0000001183,FE-003,EC,2024-03-15,754.4,571.0,KG,X,EC-D1,5,2024-03
0000001184,FE-004,EC,2024-03-15,94.3,59.0,KG,X,EC-D1,5,2024-03
0000001185,FE-001,EC,2024-03-15,3221.8,3461.4,KG,X,EC-D1,6,2024-03
0000001186,FE-002,EC,2024-03-15,793.1,848.3,KG,X,EC-D1,6,2024-03
0000001187,FE-003,EC,2024-03-15,594.8,531.2,KG,X,EC-D1,6,2024-03
0000001188,FE-004,EC,2024-03-15,74.4,54.1,KG,X,EC-D1,6,2024-03
0000001189,FE-001,EC,2024-03-15,6989.4,7032.9,KG,X,EC-D1,7,2024-03
0000001190,FE-002,EC,2024-03-15,1720.5,1313.3,KG,X,EC-D1,7,2024-03
0000001191,FE-003,EC,2024-03-15,1290.3,1309.7,KG,X,EC-D1,7,2024-03
0000001192,FE-004,EC,2024-03-15,161.3,131.2,KG,X,EC-D1,7,2024-03
0000001193,FE-001,EC,2024-03-15,14073.1,9389.0,KG,X,EC-D1,8,2024-03
0000001194,FE-002,EC,2024-03-15,3464.1,2138.1,KG,X,EC-D1,8,2024-03
0000001195,FE-003,EC,2024-03-15,2598.1,1917.3,KG,X,EC-D1,8,2024-03
0000001196,FE-004,EC,2024-03-15,324.8,241.9,KG,X,EC-D1,8,2024-03
0000001197,FE-001,EC,2024-03-15,11494.3,9586.3,KG,X,EC-D1,9,2024-03
0000001198,FE-002,EC,2024-03-15,2829.4,1922.2,KG,X,EC-D1,9,2024-03
0000001199,FE-003,EC,2024-03-15,2122.0,2085.6,KG,X,EC-D1,9,2024-03
0000001200,FE-004,EC,2024-03-15,265.3,256.0,KG,X,EC-D1,9,2024-03
0000001201,FE-001,EC,2024-03-15,13076.9,13318.7,KG,X,EC-D1,10,2024-03
0000001202,FE-002,EC,2024-03-15,3218.9,3077.1,KG,X,EC-D1,10,2024-03
0000001203,FE-003,EC,2024-03-15,2414.2,2069.3,KG,X,EC-D1,10,2024-03
0000001204,FE-004,EC,2024-03-15,301.8,253.5,KG,X,EC-D1,10,2024-03
0000001205,FE-001,EC,2024-03-15,14572.0,11344.5,KG,X,EC-D1,11,2024-03
0000001206,FE-002,EC,2024-03-15,3586.9,3152.2,KG,X,EC-D1,11,2024-03
0000001207,FE-003,EC,2024-03-15,2690.2,2348.8,KG,X,EC-D1,11,2024-03
0000001208,FE-004,EC,2024-03-15,336.3,210.2,KG,X,EC-D1,11,2024-03
0000001209,FE-001,EC,2024-03-15,11177.6,12518.9,KG,X,EC-D1,12,2024-03
0000001210,FE-002,EC,2024-03-15,2751.4,1842.5,KG,X,EC-D1,12,2024-03
0000001211,FE-003,EC,2024-03-15,2063.5,1893.3,KG,X,EC-D1,12,2024-03
0000001212,FE-004,EC,2024-03-15,257.9,207.3,KG,X,EC-D1,12,2024-03
0000001213,FE-001,EC,2024-03-15,14543.8,15660.8,KG,X,EC-D1,13,2024-03
0000001214,FE-002,EC,2024-03-15,3580.0,1856.7,KG,X,EC-D1,13,2024-03
0000001215,FE-003,EC,2024-03-15,2685.0,1597.2,KG,X,EC-D1,13,2024-03
0000001216,FE-004,EC,2024-03-15,335.6,325.4,KG,X,EC-D1,13,2024-03
0000001217,FE-001,EC,2024-03-15,14746.2,11142.3,KG,X,EC-D1,14,2024-03
0000001218,FE-002,EC,2024-03-15,3629.8,3527.5,KG,X,EC-D1,14,2024-03
0000001219,FE-003,EC,2024-03-15,2722.4,1780.3,KG,X,EC-D1,14,2024-03
0000001220,FE-004,EC,2024-03-15,340.3,279.0,KG,X,EC-D1,14,2024-03
0000001221,FE-001,EC,2024-03-15,14844.0,15066.6,KG,X,EC-D1,15,2024-03
0000001222,FE-002,EC,2024-03-15,3653.9,2101.0,KG,X,EC-D1,15,2024-03
0000001223,FE-003,EC,2024-03-15,2740.4,2247.9,KG,X,EC-D1,15,2024-03
0000001224,FE-004,EC,2024-03-15,342.6,331.2,KG,X,EC-D1,15,2024-03
0000001225,FE-001,EC,2024-03-15,13052.5,10157.6,KG,X,EC-D1,16,2024-03
0000001226,FE-002,EC,2024-03-15,3212.9,2965.1,KG,X,EC-D1,16,2024-03
0000001227,FE-003,EC,2024-03-15,2409.7,2198.4,KG,X,EC-D1,16,2024-03
0000001228,FE-004,EC,2024-03-15,301.2,290.6,KG,X,EC-D1,16,2024-03
0000001229,FE-001,EC,2024-03-15,11761.6,9488.1,KG,X,EC-D1,17,2024-03
0000001230,FE-002,EC,2024-03-15,2895.2,2346.3,KG,X,EC-D1,17,2024-03
0000001231,FE-003,EC,2024-03-15,2171.4,2417.9,KG,X,EC-D1,17,2024-03
0000001232,FE-004,EC,2024-03-15,271.4,262.5,KG,X,EC-D1,17,2024-03
0000001233,FE-001,EC,2024-03-15,10278.9,9364.7,KG,X,EC-D1,18,2024-03
0000001234,FE-002,EC,2024-03-15,2530.2,1922.4,KG,X,EC-D1,18,2024-03
0000001235,FE-003,EC,2024-03-15,1897.6,2093.5,KG,X,EC-D1,18,2024-03
0000001236,FE-004,EC,2024-03-15,237.2,249.9,KG,X,EC-D1,18,2024-03
0000001237,FE-001,EC,2024-03-15,9443.0,6260.2,KG,X,EC-D1,19,2024-03
0000001238,FE-002,EC,2024-03-15,2324.4,2603.3,KG,X,EC-D1,19,2024-03
0000001239,FE-003,EC,2024-03-15,1743.3,1572.1,KG,X,EC-D1,19,2024-03
0000001240,FE-004,EC,2024-03-15,217.9,166.8,KG,X,EC-D1,19,2024-03
0000001241,FE-001,EC,2024-03-15,8886.6,8259.5,KG,X,EC-D1,20,2024-03
0000001242,FE-002,EC,2024-03-15,2187.5,1682.2,KG,X,EC-D1,20,2024-03
0000001243,FE-003,EC,2024-03-15,1640.6,1571.8,KG,X,EC-D1,20,2024-03
0000001244,FE-004,EC,2024-03-15,205.1,142.4,KG,X,EC-D1,20,2024-03
0000001245,FE-001,EC,2024-03-15,13835.4,15495.6,KG,X,EC-D1,21,2024-03
0000001246,FE-002,EC,2024-03-15,3405.6,2579.1,KG,X,EC-D1,21,2024-03
0000001247,FE-003,EC,2024-03-15,2554.2,2860.7,KG,X,EC-D1,21,2024-03
0000001248,FE-004,EC,2024-03-15,319.3,269.5,KG,X,EC-D1,21,2024-03
0000001249,FE-001,EC,2024-03-15,13484.7,12742.4,KG,X,EC-D1,22,2024-03
0000001250,FE-002,EC,2024-03-15,3319.3,3717.6,KG,X,EC-D1,22,2024-03
0000001251,FE-003,EC,2024-03-15,2489.5,2600.7,KG,X,EC-D1,22,2024-03
0000001252,FE-004,EC,2024-03-15,311.2,280.2,KG,X,EC-D1,22,2024-03
0000001253,FE-001,EC,2024-03-15,13427.9,12814.0,KG,X,EC-D1,23,2024-03
0000001254,FE-002,EC,2024-03-15,3305.3,3701.9,KG,X,EC-D1,23,2024-03
0000001255,FE-003,EC,2024-03-15,2479.0,2033.6,KG,X,EC-D1,23,2024-03
0000001256,FE-004,EC,2024-03-15,309.9,314.6,KG,X,EC-D1,23,2024-03
0000001257,FE-001,EC,2024-03-15,10865.9,8312.8,KG,X,EC-D1,24,2024-03
0000001258,FE-002,EC,2024-03-15,2674.7,1610.2,KG,X,EC-D1,24,2024-03
0000001259,FE-003,EC,2024-03-15,2006.0,2241.7,KG,X,EC-D1,24,2024-03
0000001260,FE-004,EC,2024-03-15,250.8,181.2,KG,X,EC-D1,24,2024-03
0000001261,FE-001,EC,2024-03-15,12266.5,13738.5,KG,X,EC-D1,25,2024-03
0000001262,FE-002,EC,2024-03-15,3019.4,3036.9,KG,X,EC-D1,25,2024-03
0000001263,FE-003,EC,2024-03-15,2264.6,2536.4,KG,X,EC-D1,25,2024-03
0000001264,FE-004,EC,2024-03-15,283.1,195.2,KG,X,EC-D1,25,2024-03
0000001265,FE-001,EC,2024-03-15,11657.7,7751.4,KG,X,EC-D1,26,2024-03
0000001266,FE-002,EC,2024-03-15,2869.6,2688.7,KG,X,EC-D1,26,2024-03
0000001267,FE-003,EC,2024-03-15,2152.2,1730.5,KG,X,EC-D1,26,2024-03
0000001268,FE-004,EC,2024-03-15,269.0,255.9,KG,X,EC-D1,26,2024-03
0000001269,FE-001,EC,2024-03-15,12919.9,10953.3,KG,X,EC-D1,27,2024-03
0000001270,FE-002,EC,2024-03-15,3180.3,3045.2,KG,X,EC-D1,27,2024-03
0000001271,FE-003,EC,2024-03-15,2385.2,2671.4,KG,X,EC-D1,27,2024-03
0000001272,FE-004,EC,2024-03-15,298.2,331.3,KG,X,EC-D1,27,2024-03
0000001273,FE-001,EC,2024-03-15,11695.8,11481.2,KG,X,EC-D1,28,2024-03
0000001274,FE-002,EC,2024-03-15,2879.0,3139.6,KG,X,EC-D1,28,2024-03
0000001275,FE-003,EC,2024-03-15,2159.2,2216.9,KG,X,EC-D1,28,2024-03
0000001276,FE-004,EC,2024-03-15,269.9,242.9,KG,X,EC-D1,28,2024-03
0000001277,FE-001,EC,2024-03-15,12797.5,11297.2,KG,X,EC-D1,29,2024-03
0000001278,FE-002,EC,2024-03-15,3150.2,3286.7,KG,X,EC-D1,29,2024-03
0000001279,FE-003,EC,2024-03-15,2362.6,1983.5,KG,X,EC-D1,29,2024-03
0000001280,FE-004,EC,2024-03-15,295.3,248.0,KG,X,EC-D1,29,2024-03
0000001281,FE-001,EC,2024-03-15,13115.9,14689.8,KG,X,EC-D1,30,2024-03
0000001282,FE-002,EC,2024-03-15,3228.5,2388.6,KG,X,EC-D1,30,2024-03
0000001283,FE-003,EC,2024-03-15,2421.4,2456.7,KG,X,EC-D1,30,2024-03
0000001284,FE-004,EC,2024-03-15,302.7,238.8,KG,X,EC-D1,30,2024-03
0000001285,FE-001,EC,2024-03-15,12899.7,10070.7,KG,X,EC-D1,31,2024-03
0000001286,FE-002,EC,2024-03-15,3175.3,2013.8,KG,X,EC-D1,31,2024-03
0000001287,FE-003,EC,2024-03-15,2381.5,1271.8,KG,X,EC-D1,31,2024-03
0000001288,FE-004,EC,2024-03-15,297.7,303.8,KG,X,EC-D1,31,2024-03
0000001289,FE-001,EC,2024-03-15,12860.4,14403.6,KG,X,EC-D1,32,2024-03
0000001290,FE-002,EC,2024-03-15,3165.6,2668.3,KG,X,EC-D1,32,2024-03
0000001291,FE-003,EC,2024-03-15,2374.2,1948.1,KG,X,EC-D1,32,2024-03
0000001292,FE-004,EC,2024-03-15,296.8,211.8,KG,X,EC-D1,32,2024-03
0000001293,FE-001,EC,2024-03-15,14542.5,8801.6,KG,X,EC-D1,33,2024-03
0000001294,FE-002,EC,2024-03-15,3579.7,2578.9,KG,X,EC-D1,33,2024-03
0000001295,FE-003,EC,2024-03-15,2684.8,2926.2,KG,X,EC-D1,33,2024-03
0000001296,FE-004,EC,2024-03-15,335.6,273.7,KG,X,EC-D1,33,2024-03
0000001297,FE-001,EC,2024-03-15,12141.4,11291.4,KG,X,EC-D1,34,2024-03
0000001298,FE-002,EC,2024-03-15,2988.6,3156.5,KG,X,EC-D1,34,2024-03
0000001299,FE-003,EC,2024-03-15,2241.5,2510.5,KG,X,EC-D1,34,2024-03
0000001300,FE-004,EC,2024-03-15,280.2,204.0,KG,X,EC-D1,34,2024-03
0000001301,FE-001,EC,2024-03-15,14287.4,11581.2,KG,X,EC-D1,35,2024-03
0000001302,FE-002,EC,2024-03-15,3516.9,2899.0,KG,X,EC-D1,35,2024-03
0000001303,FE-003,EC,2024-03-15,2637.7,1877.0,KG,X,EC-D1,35,2024-03
0000001304,FE-004,EC,2024-03-15,329.7,280.7,KG,X,EC-D1,35,2024-03
0000001305,FE-001,EC,2024-03-15,13773.1,13682.5,KG,X,EC-D1,36,2024-03
0000001306,FE-002,EC,2024-03-15,3390.3,2570.4,KG,X,EC-D1,36,2024-03
0000001307,FE-003,EC,2024-03-15,2542.7,2135.6,KG,X,EC-D1,36,2024-03
0000001308,FE-004,EC,2024-03-15,317.8,177.1,KG,X,EC-D1,36,2024-03
0000001309,FE-001,EC,2024-03-15,13795.9,12753.5,KG,X,EC-D1,37,2024-03
0000001310,FE-002,EC,2024-03-15,3395.9,3086.6,KG,X,EC-D1,37,2024-03
0000001311,FE-003,EC,2024-03-15,2546.9,2381.0,KG,X,EC-D1,37,2024-03
0000001312,FE-004,EC,2024-03-15,318.4,323.2,KG,X,EC-D1,37,2024-03
0000001313,FE-001,EC,2024-03-15,13062.6,10802.1,KG,X,EC-D1,38,2024-03
0000001314,FE-002,EC,2024-03-15,3215.4,3384.0,KG,X,EC-D1,38,2024-03
0000001315,FE-003,EC,2024-03-15,2411.6,1952.9,KG,X,EC-D1,38,2024-03
0000001316,FE-004,EC,2024-03-15,301.4,243.8,KG,X,EC-D1,38,2024-03
0000001317,FE-001,EC,2024-03-15,13722.7,13449.1,KG,X,EC-D1,39,2024-03
0000001318,FE-002,EC,2024-03-15,3377.9,3004.4,KG,X,EC-D1,39,2024-03
0000001319,FE-003,EC,2024-03-15,2533.4,2833.5,KG,X,EC-D1,39,2024-03
0000001320,FE-004,EC,2024-03-15,316.7,274.7,KG,X,EC-D1,39,2024-03
0000001321,FE-001,EC,2024-03-15,8008.3,6693.4,KG,X,EC-D2,40,2024-03
0000001322,FE-002,EC,2024-03-15,1971.3,1730.4,KG,X,EC-D2,40,2024-03
0000001323,FE-003,EC,2024-03-15,1478.5,1250.5,KG,X,EC-D2,40,2024-03
0000001324,FE-004,EC,2024-03-15,184.8,110.8,KG,X,EC-D2,40,2024-03
0000001325,FE-001,EC,2024-03-15,12028.4,11812.0,KG,X,EC-D2,41,2024-03
0000001326,FE-002,EC,2024-03-15,2960.8,1953.4,KG,X,EC-D2,41,2024-03
0000001327,FE-003,EC,2024-03-15,2220.6,2487.1,KG,X,EC-D2,41,2024-03
0000001328,FE-004,EC,2024-03-15,277.6,227.7,KG,X,EC-D2,41,2024-03
0000001329,FE-001,EC,2024-03-15,12460.5,7989.4,KG,X,EC-D2,42,2024-03
0000001330,FE-002,EC,2024-03-15,3067.2,2082.0,KG,X,EC-D2,42,2024-03
0000001331,FE-003,EC,2024-03-15,2300.4,2048.7,KG,X,EC-D2,42,2024-03
0000001332,FE-004,EC,2024-03-15,287.6,217.3,KG,X,EC-D2,42,2024-03
0000001333,FE-001,EC,2024-03-15,13053.2,13792.3,KG,X,EC-D2,43,2024-03
0000001334,FE-002,EC,2024-03-15,3213.1,2500.3,KG,X,EC-D2,43,2024-03
0000001335,FE-003,EC,2024-03-15,2409.8,1952.2,KG,X,EC-D2,43,2024-03
0000001336,FE-004,EC,2024-03-15,301.2,293.4,KG,X,EC-D2,43,2024-03
0000001337,FE-001,EC,2024-03-15,11972.6,7655.0,KG,X,EC-D2,44,2024-03
0000001338,FE-002,EC,2024-03-15,2947.1,2817.1,KG,X,EC-D2,44,2024-03
0000001339,FE-003,EC,2024-03-15,2210.3,2363.9,KG,X,EC-D2,44,2024-03
0000001340,FE-004,EC,2024-03-15,276.3,250.1,KG,X,EC-D2,44,2024-03
0000001341,FE-001,EC,2024-03-15,12795.6,11718.6,KG,X,EC-D2,45,2024-03
0000001342,FE-002,EC,2024-03-15,3149.7,1809.7,KG,X,EC-D2,45,2024-03
0000001343,FE-003,EC,2024-03-15,2362.3,2285.7,KG,X,EC-D2,45,2024-03
0000001344,FE-004,EC,2024-03-15,295.3,244.2,KG,X,EC-D2,45,2024-03
0000001345,FE-001,EC,2024-03-15,12970.7,11556.9,KG,X,EC-D2,46,2024-03
0000001346,FE-002,EC,2024-03-15,3192.8,3286.6,KG,X,EC-D2,46,2024-03
0000001347,FE-003,EC,2024-03-15,2394.6,2099.0,KG,X,EC-D2,46,2024-03
0000001348,FE-004,EC,2024-03-15,299.3,293.3,KG,X,EC-D2,46,2024-03
0000001349,FE-001,EC,2024-03-15,12543.1,10274.4,KG,X,EC-D2,47,2024-03
0000001350,FE-002,EC,2024-03-15,3087.5,3458.0,KG,X,EC-D2,47,2024-03
0000001351,FE-003,EC,2024-03-15,2315.7,1699.2,KG,X,EC-D2,47,2024-03
0000001352,FE-004,EC,2024-03-15,289.5,207.6,KG,X,EC-D2,47,2024-03
0000001353,FE-001,EC,2024-03-15,11099.9,9683.4,KG,X,EC-D2,49,2024-03
0000001354,FE-002,EC,2024-03-15,2732.3,2819.6,KG,X,EC-D2,49,2024-03
0000001355,FE-003,EC,2024-03-15,2049.2,1742.4,KG,X,EC-D2,49,2024-03
0000001356,FE-004,EC,2024-03-15,256.2,205.3,KG,X,EC-D2,49,2024-03
0000001357,FE-001,EC,2024-03-15,11776.1,11014.5,KG,X,EC-D2,50,2024-03
0000001358,FE-002,EC,2024-03-15,2898.7,3054.0,KG,X,EC-D2,50,2024-03
0000001359,FE-003,EC,2024-03-15,2174.1,2010.0,KG,X,EC-D2,50,2024-03
0000001360,FE-004,EC,2024-03-15,271.8,211.1,KG,X,EC-D2,50,2024-03
0000001361,FE-001,EC,2024-03-15,13318.9,11957.7,KG,X,EC-D2,51,2024-03
0000001362,FE-002,EC,2024-03-15,3278.5,2353.6,KG,X,EC-D2,51,2024-03
0000001363,FE-003,EC,2024-03-15,2458.9,1876.4,KG,X,EC-D2,51,2024-03
0000001364,FE-004,EC,2024-03-15,307.4,277.3,KG,X,EC-D2,51,2024-03
0000001365,FE-001,EC,2024-03-15,11931.5,11558.9,KG,X,EC-D2,52,2024-03
0000001366,FE-002,EC,2024-03-15,2937.0,2527.9,KG,X,EC-D2,52,2024-03
0000001367,FE-003,EC,2024-03-15,2202.7,1491.0,KG,X,EC-D2,52,2024-03
0000001368,FE-004,EC,2024-03-15,275.3,308.3,KG,X,EC-D2,52,2024-03
0000001369,FE-001,EC,2024-03-15,12861.0,10808.8,KG,X,EC-D2,53,2024-03
0000001370,FE-002,EC,2024-03-15,3165.8,2880.6,KG,X,EC-D2,53,2024-03
0000001371,FE-003,EC,2024-03-15,2374.3,2096.7,KG,X,EC-D2,53,2024-03
0000001372,FE-004,EC,2024-03-15,296.8,282.6,KG,X,EC-D2,53,2024-03
0000001373,FE-001,EC,2024-03-15,14015.2,12034.7,KG,X,EC-D2,54,2024-03
0000001374,FE-002,EC,2024-03-15,3449.9,1933.4,KG,X,EC-D2,54,2024-03
0000001375,FE-003,EC,2024-03-15,2587.4,2690.1,KG,X,EC-D2,54,2024-03
0000001376,FE-004,EC,2024-03-15,323.4,262.1,KG,X,EC-D2,54,2024-03
0000001377,FE-001,EC,2024-03-15,13385.4,14991.6,KG,X,EC-D2,55,2024-03
0000001378,FE-002,EC,2024-03-15,3294.9,2437.7,KG,X,EC-D2,55,2024-03
0000001379,FE-003,EC,2024-03-15,2471.2,2368.3,KG,X,EC-D2,55,2024-03
0000001380,FE-004,EC,2024-03-15,308.9,288.6,KG,X,EC-D2,55,2024-03
0000001381,FE-001,EC,2024-03-15,13836.0,8723.8,KG,X,EC-D2,56,2024-03
0000001382,FE-002,EC,2024-03-15,3405.8,2184.9,KG,X,EC-D2,56,2024-03
0000001383,FE-003,EC,2024-03-15,2554.3,1310.9,KG,X,EC-D2,56,2024-03
0000001384,FE-004,EC,2024-03-15,319.3,208.3,KG,X,EC-D2,56,2024-03
0000001385,FE-001,EC,2024-03-15,14239.6,15948.4,KG,X,EC-D2,57,2024-03
0000001386,FE-002,EC,2024-03-15,3505.1,2151.4,KG,X,EC-D2,57,2024-03
0000001387,FE-003,EC,2024-03-15,2628.9,2122.0,KG,X,EC-D2,57,2024-03
0000001388,FE-004,EC,2024-03-15,328.6,134.4,KG,X,EC-D2,57,2024-03
0000001389,FE-001,EC,2024-03-15,13400.0,10685.8,KG,X,EC-D2,58,2024-03
0000001390,FE-002,EC,2024-03-15,3298.5,3001.7,KG,X,EC-D2,58,2024-03
0000001391,FE-003,EC,2024-03-15,2473.8,2575.4,KG,X,EC-D2,58,2024-03
0000001392,FE-004,EC,2024-03-15,309.2,291.9,KG,X,EC-D2,58,2024-03
0000001393,FE-001,EC,2024-03-15,14431.4,12027.6,KG,X,EC-D2,59,2024-03
0000001394,FE-002,EC,2024-03-15,3552.3,2772.0,KG,X,EC-D2,59,2024-03
0000001395,FE-003,EC,2024-03-15,2664.3,2737.3,KG,X,EC-D2,59,2024-03
0000001396,FE-004,EC,2024-03-15,333.0,314.8,KG,X,EC-D2,59,2024-03
0000001397,FE-001,EC,2024-03-15,13524.0,8507.2,KG,X,EC-D2,60,2024-03
0000001398,FE-002,EC,2024-03-15,3329.0,2965.5,KG,X,EC-D2,60,2024-03
0000001399,FE-003,EC,2024-03-15,2496.7,1822.3,KG,X,EC-D2,60,2024-03
0000001400,FE-004,EC,2024-03-15,312.1,226.1,KG,X,EC-D2,60,2024-03
0000001401,FE-001,EC,2024-03-15,8842.2,8069.3,KG,X,EC-D2,62,2024-03
0000001402,FE-002,EC,2024-03-15,2176.5,2173.0,KG,X,EC-D2,62,2024-03
0000001403,FE-003,EC,2024-03-15,1632.4,673.9,KG,X,EC-D2,62,2024-03
0000001404,FE-004,EC,2024-03-15,204.0,108.0,KG,X,EC-D2,62,2024-03
0000001405,FE-001,EC,2024-03-15,13960.2,14400.0,KG,X,EC-D2,63,2024-03
0000001406,FE-002,EC,2024-03-15,3436.4,2083.8,KG,X,EC-D2,63,2024-03
0000001407,FE-003,EC,2024-03-15,2577.3,2886.6,KG,X,EC-D2,63,2024-03
0000001408,FE-004,EC,2024-03-15,322.2,307.6,KG,X,EC-D2,63,2024-03
0000001409,FE-001,EC,2024-03-15,10845.7,8727.8,KG,X,EC-D2,64,2024-03
0000001410,FE-002,EC,2024-03-15,2669.7,2603.6,KG,X,EC-D2,64,2024-03
0000001411,FE-003,EC,2024-03-15,2002.3,1567.3,KG,X,EC-D2,64,2024-03
0000001412,FE-004,EC,2024-03-15,250.3,164.2,KG,X,EC-D2,64,2024-03
0000001413,FE-001,EC,2024-03-15,6695.6,5376.2,KG,X,EC-D2,65,2024-03
0000001414,FE-002,EC,2024-03-15,1648.1,1252.4,KG,X,EC-D2,65,2024-03
0000001415,FE-003,EC,2024-03-15,1236.1,1221.7,KG,X,EC-D2,65,2024-03
0000001416,FE-004,EC,2024-03-15,154.5,155.4,KG,X,EC-D2,65,2024-03
0000001417,FE-001,EC,2024-03-15,12619.8,11958.1,KG,X,EC-D2,66,2024-03
0000001418,FE-002,EC,2024-03-15,3106.4,1957.7,KG,X,EC-D2,66,2024-03
0000001419,FE-003,EC,2024-03-15,2329.8,2019.7,KG,X,EC-D2,66,2024-03
0000001420,FE-004,EC,2024-03-15,291.2,254.2,KG,X,EC-D2,66,2024-03
0000001421,FE-001,EC,2024-03-15,12194.2,12206.9,KG,X,EC-D2,67,2024-03
0000001422,FE-002,EC,2024-03-15,3001.6,2455.6,KG,X,EC-D2,67,2024-03
0000001423,FE-003,EC,2024-03-15,2251.2,1813.4,KG,X,EC-D2,67,2024-03
0000001424,FE-004,EC,2024-03-15,281.4,182.5,KG,X,EC-D2,67,2024-03
0000001425,FE-001,EC,2024-03-15,8788.8,5247.2,KG,X,EC-D2,68,2024-03
0000001426,FE-002,EC,2024-03-15,2163.4,1321.5,KG,X,EC-D2,68,2024-03
0000001427,FE-003,EC,2024-03-15,1622.6,861.1,KG,X,EC-D2,68,2024-03
0000001428,FE-004,EC,2024-03-15,202.8,151.5,KG,X,EC-D2,68,2024-03
0000001429,FE-001,EC,2024-03-15,12837.2,11572.3,KG,X,EC-D2,69,2024-03
0000001430,FE-002,EC,2024-03-15,3159.9,2695.6,KG,X,EC-D2,69,2024-03
0000001431,FE-003,EC,2024-03-15,2369.9,2654.3,KG,X,EC-D2,69,2024-03
0000001432,FE-004,EC,2024-03-15,296.2,249.8,KG,X,EC-D2,69,2024-03
0000001433,FE-001,EC,2024-03-15,12741.5,13114.8,KG,X,EC-D2,70,2024-03
0000001434,FE-002,EC,2024-03-15,3136.4,3094.8,KG,X,EC-D2,70,2024-03
0000001435,FE-003,EC,2024-03-15,2352.3,2145.0,KG,X,EC-D2,70,2024-03
0000001436,FE-004,EC,2024-03-15,294.0,298.8,KG,X,EC-D2,70,2024-03
0000001437,FE-001,EC,2024-03-15,12381.5,12966.6,KG,X,EC-D2,71,2024-03
0000001438,FE-002,EC,2024-03-15,3047.8,2371.1,KG,X,EC-D2,71,2024-03
0000001439,FE-003,EC,2024-03-15,2285.8,1800.3,KG,X,EC-D2,71,2024-03
0000001440,FE-004,EC,2024-03-15,285.7,201.2,KG,X,EC-D2,71,2024-03
0000001441,FE-001,EC,2024-03-15,12751.4,9274.3,KG,X,EC-D2,72,2024-03
0000001442,FE-002,EC,2024-03-15,3138.8,2162.0,KG,X,EC-D2,72,2024-03
0000001443,FE-003,EC,2024-03-15,2354.1,1644.7,KG,X,EC-D2,72,2024-03
0000001444,FE-004,EC,2024-03-15,294.3,286.2,KG,X,EC-D2,72,2024-03
0000001445,FE-001,EC,2024-03-15,13292.3,9850.2,KG,X,EC-D2,73,2024-03
0000001446,FE-002,EC,2024-03-15,3272.0,2386.1,KG,X,EC-D2,73,2024-03
0000001447,FE-003,EC,2024-03-15,2454.0,1306.7,KG,X,EC-D2,73,2024-03
0000001448,FE-004,EC,2024-03-15,306.7,277.4,KG,X,EC-D2,73,2024-03
0000001449,FE-001,EC,2024-03-15,12595.3,12017.9,KG,X,EC-D2,74,2024-03
0000001450,FE-002,EC,2024-03-15,3100.4,3192.2,KG,X,EC-D2,74,2024-03
0000001451,FE-003,EC,2024-03-15,2325.3,1608.5,KG,X,EC-D2,74,2024-03
0000001452,FE-004,EC,2024-03-15,290.7,292.0,KG,X,EC-D2,74,2024-03
0000001453,FE-001,EC,2024-03-15,13015.2,9591.2,KG,X,EC-D2,382,2024-03
0000001454,FE-002,EC,2024-03-15,3203.7,2375.7,KG,X,EC-D2,382,2024-03
0000001455,FE-003,EC,2024-03-15,2402.8,2447.3,KG,X,EC-D2,382,2024-03
0000001456,FE-004,EC,2024-03-15,300.3,296.9,KG,X,EC-D2,382,2024-03
0000001457,FE-001,EC,2024-03-15,16718.8,14390.6,KG,X,EC-D3,75,2024-03
0000001458,FE-002,EC,2024-03-15,4115.4,4538.5,KG,X,EC-D3,75,2024-03
0000001459,FE-003,EC,2024-03-15,3086.5,2025.2,KG,X,EC-D3,75,2024-03
0000001460,FE-004,EC,2024-03-15,385.8,335.3,KG,X,EC-D3,75,2024-03
0000001461,FE-001,EC,2024-03-15,12373.3,10840.4,KG,X,EC-D3,76,2024-03
0000001462,FE-002,EC,2024-03-15,3045.7,3259.8,KG,X,EC-D3,76,2024-03
0000001463,FE-003,EC,2024-03-15,2284.3,1929.4,KG,X,EC-D3,76,2024-03
0000001464,FE-004,EC,2024-03-15,285.5,215.6,KG,X,EC-D3,76,2024-03
0000001465,FE-001,EC,2024-03-15,12291.6,12578.6,KG,X,EC-D3,77,2024-03
0000001466,FE-002,EC,2024-03-15,3025.6,3388.7,KG,X,EC-D3,77,2024-03
0000001467,FE-003,EC,2024-03-15,2269.2,1726.0,KG,X,EC-D3,77,2024-03
0000001468,FE-004,EC,2024-03-15,283.7,185.5,KG,X,EC-D3,77,2024-03
0000001469,FE-001,EC,2024-03-15,13080.9,9624.1,KG,X,EC-D3,78,2024-03
0000001470,FE-002,EC,2024-03-15,3219.9,2625.9,KG,X,EC-D3,78,2024-03
0000001471,FE-003,EC,2024-03-15,2414.9,2273.8,KG,X,EC-D3,78,2024-03
0000001472,FE-004,EC,2024-03-15,301.9,302.5,KG,X,EC-D3,78,2024-03
0000001473,FE-001,EC,2024-03-15,8189.5,7111.6,KG,X,EC-D3,79,2024-03
0000001474,FE-002,EC,2024-03-15,2015.9,1927.4,KG,X,EC-D3,79,2024-03
0000001475,FE-003,EC,2024-03-15,1511.9,1256.3,KG,X,EC-D3,79,2024-03
0000001476,FE-004,EC,2024-03-15,189.0,210.5,KG,X,EC-D3,79,2024-03
0000001477,FE-001,EC,2024-03-15,5413.8,5451.6,KG,X,EC-D3,80,2024-03
0000001478,FE-002,EC,2024-03-15,1332.6,752.6,KG,X,EC-D3,80,2024-03
0000001479,FE-003,EC,2024-03-15,999.5,995.0,KG,X,EC-D3,80,2024-03
0000001480,FE-004,EC,2024-03-15,124.9,107.3,KG,X,EC-D3,80,2024-03
0000001481,FE-001,EC,2024-03-15,3588.6,3500.2,KG,X,EC-D3,81,2024-03
0000001482,FE-002,EC,2024-03-15,883.3,989.3,KG,X,EC-D3,81,2024-03
0000001483,FE-003,EC,2024-03-15,662.5,595.8,KG,X,EC-D3,81,2024-03
0000001484,FE-004,EC,2024-03-15,82.8,45.1,KG,X,EC-D3,81,2024-03
0000001485,FE-001,EC,2024-03-15,1123.1,894.4,KG,X,EC-D3,82,2024-03
0000001486,FE-002,EC,2024-03-15,276.5,300.0,KG,X,EC-D3,82,2024-03
0000001487,FE-003,EC,2024-03-15,207.3,164.7,KG,X,EC-D3,82,2024-03
0000001488,FE-004,EC,2024-03-15,25.9,25.6,KG,X,EC-D3,82,2024-03
0000001489,FE-001,EC,2024-03-15,16409.5,13049.2,KG,X,EC-D3,83,2024-03
0000001490,FE-002,EC,2024-03-15,4039.3,4214.4,KG,X,EC-D3,83,2024-03
0000001491,FE-003,EC,2024-03-15,3029.4,2611.7,KG,X,EC-D3,83,2024-03
0000001492,FE-004,EC,2024-03-15,378.7,424.1,KG,X,EC-D3,83,2024-03
0000001493,FE-001,EC,2024-03-15,14361.0,8723.6,KG,X,EC-D3,84,2024-03
0000001494,FE-002,EC,2024-03-15,3535.0,2763.4,KG,X,EC-D3,84,2024-03
0000001495,FE-003,EC,2024-03-15,2651.3,2403.6,KG,X,EC-D3,84,2024-03
0000001496,FE-004,EC,2024-03-15,331.4,281.9,KG,X,EC-D3,84,2024-03
0000001497,FE-001,EC,2024-03-15,10465.6,6623.4,KG,X,EC-D3,85,2024-03
0000001498,FE-002,EC,2024-03-15,2576.1,2013.3,KG,X,EC-D3,85,2024-03
0000001499,FE-003,EC,2024-03-15,1932.1,1846.1,KG,X,EC-D3,85,2024-03
0000001500,FE-004,EC,2024-03-15,241.5,234.2,KG,X,EC-D3,85,2024-03
0000001501,FE-001,EC,2024-03-15,16776.3,18789.5,KG,X,EC-D3,86,2024-03
0000001502,FE-002,EC,2024-03-15,4129.5,3881.1,KG,X,EC-D3,86,2024-03
0000001503,FE-003,EC,2024-03-15,3097.2,3204.4,KG,X,EC-D3,86,2024-03
0000001504,FE-004,EC,2024-03-15,387.1,358.7,KG,X,EC-D3,86,2024-03
0000001505,FE-001,EC,2024-03-15,13247.5,11851.1,KG,X,EC-D3,87,2024-03
0000001506,FE-002,EC,2024-03-15,3260.9,2027.4,KG,X,EC-D3,87,2024-03
0000001507,FE-003,EC,2024-03-15,2445.7,2739.2,KG,X,EC-D3,87,2024-03
0000001508,FE-004,EC,2024-03-15,305.7,276.0,KG,X,EC-D3,87,2024-03
0000001509,FE-001,EC,2024-03-15,12001.5,8248.4,KG,X,EC-D3,88,2024-03
0000001510,FE-002,EC,2024-03-15,2954.2,2026.5,KG,X,EC-D3,88,2024-03
0000001511,FE-003,EC,2024-03-15,2215.7,2035.9,KG,X,EC-D3,88,2024-03
0000001512,FE-004,EC,2024-03-15,277.0,219.6,KG,X,EC-D3,88,2024-03
0000001513,FE-001,EC,2024-03-15,13784.4,15438.5,KG,X,EC-D3,89,2024-03
0000001514,FE-002,EC,2024-03-15,3393.1,2667.4,KG,X,EC-D3,89,2024-03
0000001515,FE-003,EC,2024-03-15,2544.8,1330.0,KG,X,EC-D3,89,2024-03
0000001516,FE-004,EC,2024-03-15,318.1,351.0,KG,X,EC-D3,89,2024-03
0000001517,FE-001,EC,2024-03-15,12058.0,11127.1,KG,X,EC-D3,90,2024-03
0000001518,FE-002,EC,2024-03-15,2968.1,2559.9,KG,X,EC-D3,90,2024-03
0000001519,FE-003,EC,2024-03-15,2226.1,2265.7,KG,X,EC-D3,90,2024-03
0000001520,FE-004,EC,2024-03-15,278.3,202.6,KG,X,EC-D3,90,2024-03
0000001521,FE-001,EC,2024-03-15,7082.6,6317.0,KG,X,EC-D3,91,2024-03
0000001522,FE-002,EC,2024-03-15,1743.4,1705.3,KG,X,EC-D3,91,2024-03
0000001523,FE-003,EC,2024-03-15,1307.6,896.1,KG,X,EC-D3,91,2024-03
0000001524,FE-004,EC,2024-03-15,163.4,125.7,KG,X,EC-D3,91,2024-03
0000001525,FE-001,EC,2024-03-15,14839.6,16620.4,KG,X,EC-D3,92,2024-03
0000001526,FE-002,EC,2024-03-15,3652.8,3391.5,KG,X,EC-D3,92,2024-03
0000001527,FE-003,EC,2024-03-15,2739.6,2995.9,KG,X,EC-D3,92,2024-03
0000001528,FE-004,EC,2024-03-15,342.5,281.2,KG,X,EC-D3,92,2024-03
0000001529,FE-001,EC,2024-03-15,17517.2,14102.3,KG,X,EC-D3,93,2024-03
0000001530,FE-002,EC,2024-03-15,4311.9,3685.2,KG,X,EC-D3,93,2024-03
0000001531,FE-003,EC,2024-03-15,3233.9,2321.6,KG,X,EC-D3,93,2024-03
0000001532,FE-004,EC,2024-03-15,404.2,452.7,KG,X,EC-D3,93,2024-03
0000001533,FE-001,EC,2024-03-15,9081.9,9431.7,KG,X,EC-D3,94,2024-03
0000001534,FE-002,EC,2024-03-15,2235.6,2192.5,KG,X,EC-D3,94,2024-03
0000001535,FE-003,EC,2024-03-15,1676.7,1697.6,KG,X,EC-D3,94,2024-03
0000001536,FE-004,EC,2024-03-15,209.6,155.4,KG,X,EC-D3,94,2024-03
0000001537,FE-001,EC,2024-03-15,13126.0,12983.4,KG,X,EC-D3,95,2024-03
0000001538,FE-002,EC,2024-03-15,3231.0,2402.3,KG,X,EC-D3,95,2024-03
0000001539,FE-003,EC,2024-03-15,2423.3,1778.1,KG,X,EC-D3,95,2024-03
0000001540,FE-004,EC,2024-03-15,302.9,195.5,KG,X,EC-D3,95,2024-03
0000001541,FE-001,EC,2024-03-15,15823.4,12550.4,KG,X,EC-D3,96,2024-03
0000001542,FE-002,EC,2024-03-15,3895.0,3658.1,KG,X,EC-D3,96,2024-03
0000001543,FE-003,EC,2024-03-15,2921.2,2830.7,KG,X,EC-D3,96,2024-03
0000001544,FE-004,EC,2024-03-15,365.2,231.8,KG,X,EC-D3,96,2024-03
0000001545,FE-001,EC,2024-03-15,9928.7,10090.4,KG,X,EC-D3,97,2024-03
0000001546,FE-002,EC,2024-03-15,2444.0,2654.9,KG,X,EC-D3,97,2024-03
0000001547,FE-003,EC,2024-03-15,1833.0,1681.6,KG,X,EC-D3,97,2024-03
0000001548,FE-004,EC,2024-03-15,229.1,175.8,KG,X,EC-D3,97,2024-03
0000001549,FE-001,EC,2024-03-15,14160.6,13525.0,KG,X,EC-D3,98,2024-03
0000001550,FE-002,EC,2024-03-15,3485.7,2280.6,KG,X,EC-D3,98,2024-03
0000001551,FE-003,EC,2024-03-15,2614.3,2413.6,KG,X,EC-D3,98,2024-03
0000001552,FE-004,EC,2024-03-15,326.8,239.5,KG,X,EC-D3,98,2024-03
0000001553,FE-001,EC,2024-03-15,6213.6,5786.7,KG,X,EC-D3,99,2024-03
0000001554,FE-002,EC,2024-03-15,1529.5,983.3,KG,X,EC-D3,99,2024-03
0000001555,FE-003,EC,2024-03-15,1147.1,1129.5,KG,X,EC-D3,99,2024-03
0000001556,FE-004,EC,2024-03-15,143.4,140.0,KG,X,EC-D3,99,2024-03
0000001557,FE-001,EC,2024-03-15,11611.8,9416.3,KG,X,EC-D3,100,2024-03
0000001558,FE-002,EC,2024-03-15,2858.3,2923.9,KG,X,EC-D3,100,2024-03
0000001559,FE-003,EC,2024-03-15,2143.7,1809.5,KG,X,EC-D3,100,2024-03
0000001560,FE-004,EC,2024-03-15,268.0,292.1,KG,X,EC-D3,100,2024-03
0000001561,FE-001,EC,2024-03-15,19929.4,17904.4,KG,X,EC-D3,101,2024-03
0000001562,FE-002,EC,2024-03-15,4905.7,4463.2,KG,X,EC-D3,101,2024-03
0000001563,FE-003,EC,2024-03-15,3679.3,2062.1,KG,X,EC-D3,101,2024-03
0000001564,FE-004,EC,2024-03-15,459.9,410.6,KG,X,EC-D3,101,2024-03
0000001565,FE-001,EC,2024-03-15,11696.4,7495.9,KG,X,EC-D3,102,2024-03
0000001566,FE-002,EC,2024-03-15,2879.1,2646.8,KG,X,EC-D3,102,2024-03
0000001567,FE-003,EC,2024-03-15,2159.3,2418.4,KG,X,EC-D3,102,2024-03
0000001568,FE-004,EC,2024-03-15,269.9,283.2,KG,X,EC-D3,102,2024-03
0000001569,FE-001,EC,2024-03-15,12192.8,10727.4,KG,X,EC-D3,103,2024-03
0000001570,FE-002,EC,2024-03-15,3001.3,2604.9,KG,X,EC-D3,103,2024-03
0000001571,FE-003,EC,2024-03-15,2251.0,2521.1,KG,X,EC-D3,103,2024-03
0000001572,FE-004,EC,2024-03-15,281.4,153.7,KG,X,EC-D3,103,2024-03
0000001573,FE-001,EC,2024-03-15,15099.4,12608.0,KG,X,EC-D3,104,2024-03
0000001574,FE-002,EC,2024-03-15,3716.8,3323.9,KG,X,EC-D3,104,2024-03
0000001575,FE-003,EC,2024-03-15,2787.6,3122.1,KG,X,EC-D3,104,2024-03
0000001576,FE-004,EC,2024-03-15,348.4,378.8,KG,X,EC-D3,104,2024-03
0000001577,FE-001,EC,2024-03-15,8287.1,6605.7,KG,X,EC-D3,105,2024-03
0000001578,FE-002,EC,2024-03-15,2039.9,1876.4,KG,X,EC-D3,105,2024-03
0000001579,FE-003,EC,2024-03-15,1529.9,1397.8,KG,X,EC-D3,105,2024-03
0000001580,FE-004,EC,2024-03-15,191.2,170.0,KG,X,EC-D3,105,2024-03
0000001581,FE-001,EC,2024-03-15,4238.9,3984.0,KG,X,EC-D3,106,2024-03
0000001582,FE-002,EC,2024-03-15,1043.4,816.3,KG,X,EC-D3,106,2024-03
0000001583,FE-003,EC,2024-03-15,782.6,876.5,KG,X,EC-D3,106,2024-03
0000001584,FE-004,EC,2024-03-15,97.8,67.1,KG,X,EC-D3,106,2024-03
0000001585,FE-001,EC,2024-03-15,14273.8,13497.1,KG,X,EC-D3,107,2024-03
0000001586,FE-002,EC,2024-03-15,3513.6,2767.3,KG,X,EC-D3,107,2024-03
0000001587,FE-003,EC,2024-03-15,2635.2,1615.6,KG,X,EC-D3,107,2024-03
0000001588,FE-004,EC,2024-03-15,329.4,344.1,KG,X,EC-D3,107,2024-03
0000001589,FE-001,EC,2024-03-15,18019.0,17362.7,KG,X,EC-D3,108,2024-03
0000001590,FE-002,EC,2024-03-15,4435.5,4840.5,KG,X,EC-D3,108,2024-03
0000001591,FE-003,EC,2024-03-15,3326.6,3603.3,KG,X,EC-D3,108,2024-03
0000001592,FE-004,EC,2024-03-15,415.8,465.7,KG,X,EC-D3,108,2024-03
0000001593,FE-001,EC,2024-03-15,11547.1,12765.4,KG,X,EC-D3,109,2024-03
0000001594,FE-002,EC,2024-03-15,2842.4,2360.4,KG,X,EC-D3,109,2024-03
0000001595,FE-003,EC,2024-03-15,2131.8,2387.6,KG,X,EC-D3,109,2024-03
0000001596,FE-004,EC,2024-03-15,266.5,208.1,KG,X,EC-D3,109,2024-03
0000001597,FE-001,EC,2024-03-15,11053.2,10823.2,KG,X,EC-D3,110,2024-03
0000001598,FE-002,EC,2024-03-15,2720.8,2235.3,KG,X,EC-D3,110,2024-03
0000001599,FE-003,EC,2024-03-15,2040.6,2184.0,KG,X,EC-D3,110,2024-03
0000001600,FE-004,EC,2024-03-15,255.1,264.7,KG,X,EC-D3,110,2024-03
0000001601,FE-001,EC,2024-03-15,18560.2,18591.5,KG,X,EC-D3,111,2024-03
0000001602,FE-002,EC,2024-03-15,4568.7,3211.4,KG,X,EC-D3,111,2024-03
0000001603,FE-003,EC,2024-03-15,3426.5,3836.2,KG,X,EC-D3,111,2024-03
0000001604,FE-004,EC,2024-03-15,428.3,362.5,KG,X,EC-D3,111,2024-03
0000001605,FE-001,EC,2024-03-15,9955.0,9379.2,KG,X,EC-D3,112,2024-03
0000001606,FE-002,EC,2024-03-15,2450.5,1839.6,KG,X,EC-D3,112,2024-03
0000001607,FE-003,EC,2024-03-15,1837.8,1542.1,KG,X,EC-D3,112,2024-03
0000001608,FE-004,EC,2024-03-15,229.7,190.6,KG,X,EC-D3,112,2024-03
0000001609,FE-001,EC,2024-03-15,12504.6,11893.4,KG,X,EC-D3,113,2024-03
0000001610,FE-002,EC,2024-03-15,3078.1,2630.4,KG,X,EC-D3,113,2024-03
0000001611,FE-003,EC,2024-03-15,2308.5,2585.5,KG,X,EC-D3,113,2024-03
0000001612,FE-004,EC,2024-03-15,288.6,287.3,KG,X,EC-D3,113,2024-03
0000001613,FE-001,EC,2024-03-15,8289.1,8782.4,KG,X,EC-D3,114,2024-03
0000001614,FE-002,EC,2024-03-15,2040.4,1968.6,KG,X,EC-D3,114,2024-03
0000001615,FE-003,EC,2024-03-15,1530.3,1713.9,KG,X,EC-D3,114,2024-03
0000001616,FE-004,EC,2024-03-15,191.3,214.3,KG,X,EC-D3,114,2024-03
0000001617,FE-001,EC,2024-03-15,10037.0,10193.5,KG,X,EC-D3,115,2024-03
0000001618,FE-002,EC,2024-03-15,2470.6,2022.2,KG,X,EC-D3,115,2024-03
0000001619,FE-003,EC,2024-03-15,1853.0,1547.3,KG,X,EC-D3,115,2024-03
0000001620,FE-004,EC,2024-03-15,231.6,253.7,KG,X,EC-D3,115,2024-03
0000001621,FE-001,EC,2024-03-15,6045.3,3508.0,KG,X,EC-D3,116,2024-03
0000001622,FE-002,EC,2024-03-15,1488.1,1074.4,KG,X,EC-D3,116,2024-03
0000001623,FE-003,EC,2024-03-15,1116.0,979.0,KG,X,EC-D3,116,2024-03
0000001624,FE-004,EC,2024-03-15,139.5,156.2,KG,X,EC-D3,116,2024-03
0000001625,FE-001,EC,2024-03-15,4653.0,4372.5,KG,X,EC-D3,117,2024-03
0000001626,FE-002,EC,2024-03-15,1145.3,984.6,KG,X,EC-D3,117,2024-03
0000001627,FE-003,EC,2024-03-15,859.0,560.0,KG,X,EC-D3,117,2024-03
0000001628,FE-004,EC,2024-03-15,107.4,88.8,KG,X,EC-D3,117,2024-03
0000001629,FE-001,EC,2024-03-15,5264.7,5493.5,KG,X,EC-D3,118,2024-03
0000001630,FE-002,EC,2024-03-15,1295.9,927.2,KG,X,EC-D3,118,2024-03
0000001631,FE-003,EC,2024-03-15,971.9,1048.5,KG,X,EC-D3,118,2024-03
0000001632,FE-004,EC,2024-03-15,121.5,101.2,KG,X,EC-D3,118,2024-03
0000001633,FE-001,EC,2024-03-15,1748.0,1081.3,KG,X,EC-D3,119,2024-03
0000001634,FE-002,EC,2024-03-15,430.3,470.1,KG,X,EC-D3,119,2024-03
0000001635,FE-003,EC,2024-03-15,322.7,253.8,KG,X,EC-D3,119,2024-03
0000001636,FE-004,EC,2024-03-15,40.3,38.7,KG,X,EC-D3,119,2024-03
0000001637,FE-001,EC,2024-03-15,5716.9,6402.9,KG,X,EC-D3,120,2024-03
0000001638,FE-002,EC,2024-03-15,1407.2,1100.2,KG,X,EC-D3,120,2024-03
0000001639,FE-003,EC,2024-03-15,1055.4,1166.7,KG,X,EC-D3,120,2024-03
0000001640,FE-004,EC,2024-03-15,131.9,108.7,KG,X,EC-D3,120,2024-03
0000001641,FE-001,EC,2024-03-15,2137.6,1653.9,KG,X,EC-D3,121,2024-03
0000001642,FE-002,EC,2024-03-15,526.2,399.9,KG,X,EC-D3,121,2024-03
0000001643,FE-003,EC,2024-03-15,394.6,416.0,KG,X,EC-D3,121,2024-03
0000001644,FE-004,EC,2024-03-15,49.3,37.3,KG,X,EC-D3,121,2024-03
0000001645,FE-001,EC,2024-03-15,1234.6,1156.4,KG,X,EC-D3,369,2024-03
0000001646,FE-002,EC,2024-03-15,303.9,232.2,KG,X,EC-D3,369,2024-03
0000001647,FE-003,EC,2024-03-15,227.9,167.3,KG,X,EC-D3,369,2024-03
0000001648,FE-004,EC,2024-03-15,28.5,21.7,KG,X,EC-D3,369,2024-03
0000001649,FE-001,EC,2024-03-15,993.0,565.8,KG,X,EC-D3,370,2024-03
0000001650,FE-002,EC,2024-03-15,244.4,179.8,KG,X,EC-D3,370,2024-03
0000001651,FE-003,EC,2024-03-15,183.3,163.6,KG,X,EC-D3,370,2024-03
0000001652,FE-004,EC,2024-03-15,22.9,20.2,KG,X,EC-D3,370,2024-03
0000001653,FE-001,EC,2024-03-15,6417.3,6643.5,KG,X,EC-D4,122,2024-03
0000001654,FE-002,EC,2024-03-15,1579.6,1430.5,KG,X,EC-D4,122,2024-03
0000001655,FE-003,EC,2024-03-15,1184.7,1248.8,KG,X,EC-D4,122,2024-03
0000001656,FE-004,EC,2024-03-15,148.1,135.9,KG,X,EC-D4,122,2024-03
0000001657,FE-001,EC,2024-03-15,5125.0,4219.2,KG,X,EC-D4,123,2024-03
0000001658,FE-002,EC,2024-03-15,1261.5,984.9,KG,X,EC-D4,123,2024-03
0000001659,FE-003,EC,2024-03-15,946.2,499.3,KG,X,EC-D4,123,2024-03
0000001660,FE-004,EC,2024-03-15,118.3,105.8,KG,X,EC-D4,123,2024-03
0000001661,FE-001,EC,2024-03-15,4861.2,3968.1,KG,X,EC-D4,124,2024-03
0000001662,FE-002,EC,2024-03-15,1196.6,765.5,KG,X,EC-D4,124,2024-03
0000001663,FE-003,EC,2024-03-15,897.5,706.5,KG,X,EC-D4,124,2024-03
0000001664,FE-004,EC,2024-03-15,112.2,95.0,KG,X,EC-D4,124,2024-03
0000001665,FE-001,EC,2024-03-15,2784.3,982.1,KG,X,EC-D4,125,2024-03
0000001666,FE-002,EC,2024-03-15,685.4,566.5,KG,X,EC-D4,125,2024-03
0000001667,FE-003,EC,2024-03-15,514.0,410.7,KG,X,EC-D4,125,2024-03
0000001668,FE-004,EC,2024-03-15,64.3,49.6,KG,X,EC-D4,125,2024-03
0000001669,FE-001,EC,2024-03-15,2872.8,2656.9,KG,X,EC-D4,126,2024-03
0000001670,FE-002,EC,2024-03-15,707.2,739.3,KG,X,EC-D4,126,2024-03
0000001671,FE-003,EC,2024-03-15,530.4,594.0,KG,X,EC-D4,126,2024-03
0000001672,FE-004,EC,2024-03-15,66.3,74.3,KG,X,EC-D4,126,2024-03
0000001673,FE-001,EC,2024-03-15,1293.3,769.4,KG,X,EC-D4,127,2024-03
0000001674,FE-002,EC,2024-03-15,318.4,324.3,KG,X,EC-D4,127,2024-03
0000001675,FE-003,EC,2024-03-15,238.8,195.5,KG,X,EC-D4,127,2024-03
0000001676,FE-004,EC,2024-03-15,29.8,26.2,KG,X,EC-D4,127,2024-03
0000001677,FE-001,EC,2024-03-15,12879.4,11734.2,KG,X,EC-D4,128,2024-03
0000001678,FE-002,EC,2024-03-15,3170.3,2529.3,KG,X,EC-D4,128,2024-03
0000001679,FE-003,EC,2024-03-15,2377.7,2161.2,KG,X,EC-D4,128,2024-03
0000001680,FE-004,EC,2024-03-15,297.2,208.5,KG,X,EC-D4,128,2024-03
0000001681,FE-001,EC,2024-03-15,9881.5,8867.5,KG,X,EC-D4,129,2024-03
0000001682,FE-002,EC,2024-03-15,2432.4,2348.3,KG,X,EC-D4,129,2024-03
0000001683,FE-003,EC,2024-03-15,1824.3,1108.7,KG,X,EC-D4,129,2024-03
0000001684,FE-004,EC,2024-03-15,228.0,255.4,KG,X,EC-D4,129,2024-03
0000001685,FE-001,EC,2024-03-15,13971.2,9857.2,KG,X,EC-D4,130,2024-03
0000001686,FE-002,EC,2024-03-15,3439.1,2143.8,KG,X,EC-D4,130,2024-03
0000001687,FE-003,EC,2024-03-15,2579.3,2379.7,KG,X,EC-D4,130,2024-03
0000001688,FE-004,EC,2024-03-15,322.4,244.3,KG,X,EC-D4,130,2024-03
0000001689,FE-001,EC,2024-03-15,14003.8,13247.7,KG,X,EC-D4,131,2024-03
0000001690,FE-002,EC,2024-03-15,3447.1,3221.4,KG,X,EC-D4,131,2024-03
0000001691,FE-003,EC,2024-03-15,2585.3,2566.2,KG,X,EC-D4,131,2024-03
0000001692,FE-004,EC,2024-03-15,323.2,327.4,KG,X,EC-D4,131,2024-03
0000001693,FE-001,EC,2024-03-15,15323.0,8788.8,KG,X,EC-D4,132,2024-03
0000001694,FE-002,EC,2024-03-15,3771.8,2084.1,KG,X,EC-D4,132,2024-03
0000001695,FE-003,EC,2024-03-15,2828.9,2861.0,KG,X,EC-D4,132,2024-03
0000001696,FE-004,EC,2024-03-15,353.6,289.0,KG,X,EC-D4,132,2024-03
0000001697,FE-001,EC,2024-03-15,10343.3,9984.6,KG,X,EC-D4,133,2024-03
0000001698,FE-002,EC,2024-03-15,2546.0,2674.9,KG,X,EC-D4,133,2024-03
0000001699,FE-003,EC,2024-03-15,1909.5,2089.7,KG,X,EC-D4,133,2024-03
0000001700,FE-004,EC,2024-03-15,238.7,168.5,KG,X,EC-D4,133,2024-03
0000001701,FE-001,EC,2024-03-15,15942.8,14886.5,KG,X,EC-D4,134,2024-03
0000001702,FE-002,EC,2024-03-15,3924.4,3736.4,KG,X,EC-D4,134,2024-03
0000001703,FE-003,EC,2024-03-15,2943.3,2973.0,KG,X,EC-D4,134,2024-03
0000001704,FE-004,EC,2024-03-15,367.9,282.3,KG,X,EC-D4,134,2024-03
0000001705,FE-001,EC,2024-03-15,12355.4,11163.5,KG,X,EC-D4,135,2024-03
0000001706,FE-002,EC,2024-03-15,3041.3,2102.1,KG,X,EC-D4,135,2024-03
0000001707,FE-003,EC,2024-03-15,2281.0,2285.1,KG,X,EC-D4,135,2024-03
0000001708,FE-004,EC,2024-03-15,285.1,195.6,KG,X,EC-D4,135,2024-03
0000001709,FE-001,EC,2024-03-15,14967.3,13950.9,KG,X,EC-D4,136,2024-03
0000001710,FE-002,EC,2024-03-15,3684.2,2501.5,KG,X,EC-D4,136,2024-03
0000001711,FE-003,EC,2024-03-15,2763.2,1789.2,KG,X,EC-D4,136,2024-03
0000001712,FE-004,EC,2024-03-15,345.4,268.2,KG,X,EC-D4,136,2024-03
0000001713,FE-001,EC,2024-03-15,13938.8,13932.7,KG,X,EC-D4,137,2024-03
0000001714,FE-002,EC,2024-03-15,3431.1,2597.6,KG,X,EC-D4,137,2024-03
0000001715,FE-003,EC,2024-03-15,2573.3,1957.1,KG,X,EC-D4,137,2024-03
0000001716,FE-004,EC,2024-03-15,321.7,293.4,KG,X,EC-D4,137,2024-03
0000001717,FE-001,EC,2024-03-15,17574.5,15091.0,KG,X,EC-D4,138,2024-03
0000001718,FE-002,EC,2024-03-15,4326.0,4189.4,KG,X,EC-D4,138,2024-03
0000001719,FE-003,EC,2024-03-15,3244.5,2184.5,KG,X,EC-D4,138,2024-03
0000001720,FE-004,EC,2024-03-15,405.6,371.4,KG,X,EC-D4,138,2024-03
0000001721,FE-001,EC,2024-03-15,10401.3,9622.1,KG,X,EC-D4,139,2024-03
0000001722,FE-002,EC,2024-03-15,2560.3,2813.7,KG,X,EC-D4,139,2024-03
0000001723,FE-003,EC,2024-03-15,1920.2,1733.2,KG,X,EC-D4,139,2024-03
0000001724,FE-004,EC,2024-03-15,240.0,250.2,KG,X,EC-D4,139,2024-03
0000001725,FE-001,EC,2024-03-15,12029.1,12425.4,KG,X,EC-D4,140,2024-03
0000001726,FE-002,EC,2024-03-15,2961.0,2368.4,KG,X,EC-D4,140,2024-03
0000001727,FE-003,EC,2024-03-15,2220.8,2320.9,KG,X,EC-D4,140,2024-03
0000001728,FE-004,EC,2024-03-15,277.6,227.1,KG,X,EC-D4,140,2024-03
0000001729,FE-001,EC,2024-03-15,12917.8,14340.0,KG,X,EC-D4,141,2024-03
0000001730,FE-002,EC,2024-03-15,3179.8,3561.4,KG,X,EC-D4,141,2024-03
0000001731,FE-003,EC,2024-03-15,2384.8,2545.6,KG,X,EC-D4,141,2024-03
0000001732,FE-004,EC,2024-03-15,298.1,264.8,KG,X,EC-D4,141,2024-03
0000001733,FE-001,EC,2024-03-15,11342.9,8818.3,KG,X,EC-D4,142,2024-03
0000001734,FE-002,EC,2024-03-15,2792.1,2251.7,KG,X,EC-D4,142,2024-03
0000001735,FE-003,EC,2024-03-15,2094.1,1690.6,KG,X,EC-D4,142,2024-03
0000001736,FE-004,EC,2024-03-15,261.8,186.0,KG,X,EC-D4,142,2024-03
0000001737,FE-001,EC,2024-03-15,11102.8,7645.4,KG,X,EC-D4,143,2024-03
0000001738,FE-002,EC,2024-03-15,2733.0,2840.4,KG,X,EC-D4,143,2024-03
0000001739,FE-003,EC,2024-03-15,2049.7,1522.8,KG,X,EC-D4,143,2024-03
0000001740,FE-004,EC,2024-03-15,256.2,187.3,KG,X,EC-D4,143,2024-03
0000001741,FE-001,EC,2024-03-15,11811.5,9868.8,KG,X,EC-D4,144,2024-03
0000001742,FE-002,EC,2024-03-15,2907.4,2817.4,KG,X,EC-D4,144,2024-03
0000001743,FE-003,EC,2024-03-15,2180.6,1718.0,KG,X,EC-D4,144,2024-03
0000001744,FE-004,EC,2024-03-15,272.6,187.9,KG,X,EC-D4,144,2024-03
0000001745,FE-001,EC,2024-03-15,17439.6,12106.4,KG,X,EC-D4,145,2024-03
0000001746,FE-002,EC,2024-03-15,4292.8,4089.6,KG,X,EC-D4,145,2024-03
0000001747,FE-003,EC,2024-03-15,3219.6,2540.8,KG,X,EC-D4,145,2024-03
0000001748,FE-004,EC,2024-03-15,402.5,450.8,KG,X,EC-D4,145,2024-03
0000001749,FE-001,EC,2024-03-15,12713.6,10875.2,KG,X,EC-D4,146,2024-03
0000001750,FE-002,EC,2024-03-15,3129.5,3078.2,KG,X,EC-D4,146,2024-03
0000001751,FE-003,EC,2024-03-15,2347.1,2193.8,KG,X,EC-D4,146,2024-03
0000001752,FE-004,EC,2024-03-15,293.4,206.1,KG,X,EC-D4,146,2024-03
0000001753,FE-001,EC,2024-03-15,12103.1,7512.3,KG,X,EC-D4,147,2024-03
0000001754,FE-002,EC,2024-03-15,2979.2,2856.0,KG,X,EC-D4,147,2024-03
0000001755,FE-003,EC,2024-03-15,2234.4,1881.7,KG,X,EC-D4,147,2024-03
0000001756,FE-004,EC,2024-03-15,279.3,227.7,KG,X,EC-D4,147,2024-03
0000001757,FE-001,EC,2024-03-15,15069.4,8404.9,KG,X,EC-D4,148,2024-03
0000001758,FE-002,EC,2024-03-15,3709.4,1788.9,KG,X,EC-D4,148,2024-03
0000001759,FE-003,EC,2024-03-15,2782.0,2442.6,KG,X,EC-D4,148,2024-03
0000001760,FE-004,EC,2024-03-15,347.8,320.2,KG,X,EC-D4,148,2024-03
0000001761,FE-001,EC,2024-03-15,11705.9,13110.6,KG,X,EC-D4,149,2024-03
0000001762,FE-002,EC,2024-03-15,2881.5,1989.4,KG,X,EC-D4,149,2024-03
0000001763,FE-003,EC,2024-03-15,2161.1,2093.1,KG,X,EC-D4,149,2024-03
0000001764,FE-004,EC,2024-03-15,270.1,225.7,KG,X,EC-D4,149,2024-03
0000001765,FE-001,EC,2024-03-15,13834.5,12313.1,KG,X,EC-D4,150,2024-03
0000001766,FE-002,EC,2024-03-15,3405.4,2782.1,KG,X,EC-D4,150,2024-03
0000001767,FE-003,EC,2024-03-15,2554.1,2403.5,KG,X,EC-D4,150,2024-03
0000001768,FE-004,EC,2024-03-15,319.3,258.5,KG,X,EC-D4,150,2024-03
0000001769,FE-001,EC,2024-03-15,13949.7,12064.5,KG,X,EC-D4,151,2024-03
0000001770,FE-002,EC,2024-03-15,3433.8,2359.3,KG,X,EC-D4,151,2024-03
0000001771,FE-003,EC,2024-03-15,2575.3,1415.5,KG,X,EC-D4,151,2024-03
0000001772,FE-004,EC,2024-03-15,321.9,330.5,KG,X,EC-D4,151,2024-03
0000001773,FE-001,EC,2024-03-15,12807.3,12333.5,KG,X,EC-D4,152,2024-03
0000001774,FE-002,EC,2024-03-15,3152.6,2630.6,KG,X,EC-D4,152,2024-03
0000001775,FE-003,EC,2024-03-15,2364.4,2416.5,KG,X,EC-D4,152,2024-03
0000001776,FE-004,EC,2024-03-15,295.6,285.0,KG,X,EC-D4,152,2024-03
0000001777,FE-001,EC,2024-03-15,15654.9,13669.0,KG,X,EC-D4,153,2024-03
0000001778,FE-002,EC,2024-03-15,3853.5,3512.5,KG,X,EC-D4,153,2024-03
0000001779,FE-003,EC,2024-03-15,2890.1,2218.9,KG,X,EC-D4,153,2024-03
0000001780,FE-004,EC,2024-03-15,361.3,282.7,KG,X,EC-D4,153,2024-03
0000001781,FE-001,EC,2024-03-15,820.2,640.6,KG,X,EC-D4,154,2024-03
0000001782,FE-002,EC,2024-03-15,201.9,155.1,KG,X,EC-D4,154,2024-03
0000001783,FE-003,EC,2024-03-15,151.4,158.5,KG,X,EC-D4,154,2024-03
0000001784,FE-004,EC,2024-03-15,18.9,14.5,KG,X,EC-D4,154,2024-03
0000001785,FE-001,EC,2024-03-15,4704.1,4596.8,KG,X,EC-D4,155,2024-03
0000001786,FE-002,EC,2024-03-15,1157.9,1239.7,KG,X,EC-D4,155,2024-03
0000001787,FE-003,EC,2024-03-15,868.4,624.5,KG,X,EC-D4,155,2024-03
0000001788,FE-004,EC,2024-03-15,108.6,56.0,KG,X,EC-D4,155,2024-03
0000001789,FE-001,EC,2024-03-15,10204.2,11428.7,KG,X,EC-D4,156,2024-03
0000001790,FE-002,EC,2024-03-15,2511.8,2650.0,KG,X,EC-D4,156,2024-03
0000001791,FE-003,EC,2024-03-15,1883.8,1625.4,KG,X,EC-D4,156,2024-03
0000001792,FE-004,EC,2024-03-15,235.5,188.1,KG,X,EC-D4,156,2024-03
0000001793,FE-001,EC,2024-03-15,16003.3,8677.0,KG,X,EC-D4,157,2024-03
0000001794,FE-002,EC,2024-03-15,3939.3,3968.2,KG,X,EC-D4,157,2024-03
0000001795,FE-003,EC,2024-03-15,2954.5,2596.2,KG,X,EC-D4,157,2024-03
0000001796,FE-004,EC,2024-03-15,369.3,331.8,KG,X,EC-D4,157,2024-03
0000001797,FE-001,EC,2024-03-15,16163.6,18103.2,KG,X,EC-D4,158,2024-03
0000001798,FE-002,EC,2024-03-15,3978.7,4039.7,KG,X,EC-D4,158,2024-03
0000001799,FE-003,EC,2024-03-15,2984.1,2725.8,KG,X,EC-D4,158,2024-03
0000001800,FE-004,EC,2024-03-15,373.0,265.0,KG,X,EC-D4,158,2024-03
0000001801,FE-001,EC,2024-03-15,11075.4,12404.4,KG,X,EC-D4,159,2024-03
0000001802,FE-002,EC,2024-03-15,2726.2,2895.4,KG,X,EC-D4,159,2024-03
0000001803,FE-003,EC,2024-03-15,2044.7,1917.6,KG,X,EC-D4,159,2024-03
0000001804,FE-004,EC,2024-03-15,255.6,175.1,KG,X,EC-D4,159,2024-03
0000001805,FE-001,EC,2024-03-15,15735.6,13707.6,KG,X,EC-D4,160,2024-03
0000001806,FE-002,EC,2024-03-15,3873.4,2986.2,KG,X,EC-D4,160,2024-03
0000001807,FE-003,EC,2024-03-15,2905.0,2569.2,KG,X,EC-D4,160,2024-03
0000001808,FE-004,EC,2024-03-15,363.1,191.9,KG,X,EC-D4,160,2024-03
0000001809,FE-001,EC,2024-03-15,5999.4,5574.5,KG,X,EC-D4,163,2024-03
0000001810,FE-002,EC,2024-03-15,1476.8,1235.8,KG,X,EC-D4,163,2024-03
0000001811,FE-003,EC,2024-03-15,1107.6,679.9,KG,X,EC-D4,163,2024-03
0000001812,FE-004,EC,2024-03-15,138.4,123.4,KG,X,EC-D4,163,2024-03
0000001813,FE-001,EC,2024-03-15,6275.4,3577.9,KG,X,EC-D4,164,2024-03
0000001814,FE-002,EC,2024-03-15,1544.7,1730.1,KG,X,EC-D4,164,2024-03
0000001815,FE-003,EC,2024-03-15,1158.5,1266.5,KG,X,EC-D4,164,2024-03
0000001816,FE-004,EC,2024-03-15,144.8,102.8,KG,X,EC-D4,164,2024-03
0000001817,FE-001,EC,2024-03-15,8315.8,7849.6,KG,X,EC-D4,165,2024-03
0000001818,FE-002,EC,2024-03-15,2047.0,1811.6,KG,X,EC-D4,165,2024-03
0000001819,FE-003,EC,2024-03-15,1535.2,1453.7,KG,X,EC-D4,165,2024-03
0000001820,FE-004,EC,2024-03-15,191.9,179.2,KG,X,EC-D4,165,2024-03
0000001821,FE-001,EC,2024-03-15,7214.9,5022.8,KG,X,EC-D4,166,2024-03
0000001822,FE-002,EC,2024-03-15,1776.0,1556.1,KG,X,EC-D4,166,2024-03
0000001823,FE-003,EC,2024-03-15,1332.0,800.0,KG,X,EC-D4,166,2024-03
0000001824,FE-004,EC,2024-03-15,166.5,178.0,KG,X,EC-D4,166,2024-03
0000001825,FE-001,EC,2024-03-15,16574.9,18563.9,KG,X,EC-D5,168,2024-03
0000001826,FE-002,EC,2024-03-15,4080.0,2575.0,KG,X,EC-D5,168,2024-03
0000001827,FE-003,EC,2024-03-15,3060.0,2415.2,KG,X,EC-D5,168,2024-03
0000001828,FE-004,EC,2024-03-15,382.5,348.0,KG,X,EC-D5,168,2024-03
0000001829,FE-001,EC,2024-03-15,16553.3,16402.1,KG,X,EC-D5,169,2024-03
0000001830,FE-002,EC,2024-03-15,4074.7,4228.7,KG,X,EC-D5,169,2024-03
0000001831,FE-003,EC,2024-03-15,3056.0,3422.7,KG,X,EC-D5,169,2024-03
0000001832,FE-004,EC,2024-03-15,382.0,308.8,KG,X,EC-D5,169,2024-03
0000001833,FE-001,EC,2024-03-15,13777.3,8167.5,KG,X,EC-D5,170,2024-03
0000001834,FE-002,EC,2024-03-15,3391.3,3324.1,KG,X,EC-D5,170,2024-03
0000001835,FE-003,EC,2024-03-15,2543.5,2264.5,KG,X,EC-D5,170,2024-03
0000001836,FE-004,EC,2024-03-15,317.9,236.6,KG,X,EC-D5,170,2024-03
0000001837,FE-001,EC,2024-03-15,9801.1,10977.2,KG,X,EC-D5,171,2024-03
0000001838,FE-002,EC,2024-03-15,2412.6,2702.1,KG,X,EC-D5,171,2024-03
0000001839,FE-003,EC,2024-03-15,1809.4,1571.6,KG,X,EC-D5,171,2024-03
0000001840,FE-004,EC,2024-03-15,226.2,164.9,KG,X,EC-D5,171,2024-03
0000001841,FE-001,EC,2024-03-15,11024.0,12346.9,KG,X,EC-D5,172,2024-03
0000001842,FE-002,EC,2024-03-15,2713.6,1930.2,KG,X,EC-D5,172,2024-03
0000001843,FE-003,EC,2024-03-15,2035.2,1894.1,KG,X,EC-D5,172,2024-03
0000001844,FE-004,EC,2024-03-15,254.4,228.8,KG,X,EC-D5,172,2024-03
0000001845,FE-001,EC,2024-03-15,9003.9,7494.4,KG,X,EC-D5,173,2024-03
0000001846,FE-002,EC,2024-03-15,2216.3,1977.6,KG,X,EC-D5,173,2024-03
0000001847,FE-003,EC,2024-03-15,1662.3,1708.5,KG,X,EC-D5,173,2024-03
0000001848,FE-004,EC,2024-03-15,207.8,183.7,KG,X,EC-D5,173,2024-03
0000001849,FE-001,EC,2024-03-15,5194.1,4142.2,KG,X,EC-D5,174,2024-03
0000001850,FE-002,EC,2024-03-15,1278.5,1078.2,KG,X,EC-D5,174,2024-03
0000001851,FE-003,EC,2024-03-15,958.9,1074.0,KG,X,EC-D5,174,2024-03
0000001852,FE-004,EC,2024-03-15,119.9,76.4,KG,X,EC-D5,174,2024-03
0000001853,FE-001,EC,2024-03-15,12555.2,8741.1,KG,X,EC-D5,176,2024-03
0000001854,FE-002,EC,2024-03-15,3090.5,2724.9,KG,X,EC-D5,176,2024-03
0000001855,FE-003,EC,2024-03-15,2317.9,1469.0,KG,X,EC-D5,176,2024-03
0000001856,FE-004,EC,2024-03-15,289.7,228.5,KG,X,EC-D5,176,2024-03
0000001857,FE-001,EC,2024-03-15,13008.7,13327.4,KG,X,EC-D5,177,2024-03
0000001858,FE-002,EC,2024-03-15,3202.2,2704.9,KG,X,EC-D5,177,2024-03
0000001859,FE-003,EC,2024-03-15,2401.6,2122.9,KG,X,EC-D5,177,2024-03
0000001860,FE-004,EC,2024-03-15,300.2,264.3,KG,X,EC-D5,177,2024-03
0000001861,FE-001,EC,2024-03-15,11920.3,10966.1,KG,X,EC-D5,178,2024-03
0000001862,FE-002,EC,2024-03-15,2934.2,2914.8,KG,X,EC-D5,178,2024-03
0000001863,FE-003,EC,2024-03-15,2200.7,2464.8,KG,X,EC-D5,178,2024-03
0000001864,FE-004,EC,2024-03-15,275.1,206.1,KG,X,EC-D5,178,2024-03
0000001865,FE-001,EC,2024-03-15,11275.1,12148.1,KG,X,EC-D5,179,2024-03
0000001866,FE-002,EC,2024-03-15,2775.4,3108.4,KG,X,EC-D5,179,2024-03
0000001867,FE-003,EC,2024-03-15,2081.6,1861.0,KG,X,EC-D5,179,2024-03
0000001868,FE-004,EC,2024-03-15,260.2,291.4,KG,X,EC-D5,179,2024-03
0000001869,FE-001,EC,2024-03-15,13092.1,10990.6,KG,X,EC-D5,180,2024-03
0000001870,FE-002,EC,2024-03-15,3222.7,2595.2,KG,X,EC-D5,180,2024-03
0000001871,FE-003,EC,2024-03-15,2417.0,2707.0,KG,X,EC-D5,180,2024-03
0000001872,FE-004,EC,2024-03-15,302.1,267.4,KG,X,EC-D5,180,2024-03
0000001873,FE-001,EC,2024-03-15,14211.9,9651.8,KG,X,EC-D5,181,2024-03
0000001874,FE-002,EC,2024-03-15,3498.3,2236.9,KG,X,EC-D5,181,2024-03
0000001875,FE-003,EC,2024-03-15,2623.7,2165.9,KG,X,EC-D5,181,2024-03
0000001876,FE-004,EC,2024-03-15,328.0,279.7,KG,X,EC-D5,181,2024-03
0000001877,FE-001,EC,2024-03-15,9639.8,7108.2,KG,X,EC-D5,182,2024-03
0000001878,FE-002,EC,2024-03-15,2372.9,2199.2,KG,X,EC-D5,182,2024-03
0000001879,FE-003,EC,2024-03-15,1779.7,1347.9,KG,X,EC-D5,182,2024-03
0000001880,FE-004,EC,2024-03-15,222.5,238.3,KG,X,EC-D5,182,2024-03
0000001881,FE-001,EC,2024-03-15,8518.3,8928.3,KG,X,EC-D5,184,2024-03
0000001882,FE-002,EC,2024-03-15,2096.8,1788.2,KG,X,EC-D5,184,2024-03
0000001883,FE-003,EC,2024-03-15,1572.6,1510.5,KG,X,EC-D5,184,2024-03
0000001884,FE-004,EC,2024-03-15,196.6,139.5,KG,X,EC-D5,184,2024-03
0000001885,FE-001,EC,2024-03-15,12579.4,9267.3,KG,X,EC-D5,185,2024-03
0000001886,FE-002,EC,2024-03-15,3096.5,3022.5,KG,X,EC-D5,185,2024-03
0000001887,FE-003,EC,2024-03-15,2322.4,2169.1,KG,X,EC-D5,185,2024-03
0000001888,FE-004,EC,2024-03-15,290.3,275.6,KG,X,EC-D5,185,2024-03
0000001889,FE-001,EC,2024-03-15,12680.2,8168.4,KG,X,EC-D5,186,2024-03
0000001890,FE-002,EC,2024-03-15,3121.3,3122.4,KG,X,EC-D5,186,2024-03
0000001891,FE-003,EC,2024-03-15,2341.0,1632.5,KG,X,EC-D5,186,2024-03
0000001892,FE-004,EC,2024-03-15,292.6,289.5,KG,X,EC-D5,186,2024-03
0000001893,FE-001,EC,2024-03-15,14839.2,14793.9,KG,X,EC-D5,187,2024-03
0000001894,FE-002,EC,2024-03-15,3652.7,3135.4,KG,X,EC-D5,187,2024-03
0000001895,FE-003,EC,2024-03-15,2739.5,2401.2,KG,X,EC-D5,187,2024-03
0000001896,FE-004,EC,2024-03-15,342.4,318.9,KG,X,EC-D5,187,2024-03
0000001897,FE-001,EC,2024-03-15,14222.1,12197.0,KG,X,EC-D5,188,2024-03
0000001898,FE-002,EC,2024-03-15,3500.8,3455.0,KG,X,EC-D5,188,2024-03
0000001899,FE-003,EC,2024-03-15,2625.6,2420.3,KG,X,EC-D5,188,2024-03
0000001900,FE-004,EC,2024-03-15,328.2,342.2,KG,X,EC-D5,188,2024-03
0000001901,FE-001,EC,2024-03-15,17280.6,15311.0,KG,X,EC-D5,189,2024-03
0000001902,FE-002,EC,2024-03-15,4253.7,4764.1,KG,X,EC-D5,189,2024-03
0000001903,FE-003,EC,2024-03-15,3190.3,3006.4,KG,X,EC-D5,189,2024-03
0000001904,FE-004,EC,2024-03-15,398.8,353.8,KG,X,EC-D5,189,2024-03
0000001905,FE-001,EC,2024-03-15,12200.3,11345.7,KG,X,EC-D5,190,2024-03
0000001906,FE-002,EC,2024-03-15,3003.2,2502.8,KG,X,EC-D5,190,2024-03
0000001907,FE-003,EC,2024-03-15,2252.4,1930.3,KG,X,EC-D5,190,2024-03
0000001908,FE-004,EC,2024-03-15,281.5,231.5,KG,X,EC-D5,190,2024-03
0000001909,FE-001,EC,2024-03-15,5151.2,5417.0,KG,X,EC-D5,192,2024-03
0000001910,FE-002,EC,2024-03-15,1268.0,669.8,KG,X,EC-D5,192,2024-03
0000001911,FE-003,EC,2024-03-15,951.0,802.3,KG,X,EC-D5,192,2024-03
0000001912,FE-004,EC,2024-03-15,118.9,93.4,KG,X,EC-D5,192,2024-03
0000001913,FE-001,EC,2024-03-15,13316.0,10379.8,KG,X,EC-D5,193,2024-03
0000001914,FE-002,EC,2024-03-15,3277.8,3031.8,KG,X,EC-D5,193,2024-03
0000001915,FE-003,EC,2024-03-15,2458.3,2137.9,KG,X,EC-D5,193,2024-03
0000001916,FE-004,EC,2024-03-15,307.3,330.3,KG,X,EC-D5,193,2024-03
0000001917,FE-001,EC,2024-03-15,12936.2,12698.6,KG,X,EC-D5,194,2024-03
0000001918,FE-002,EC,2024-03-15,3184.3,3387.1,KG,X,EC-D5,194,2024-03
0000001919,FE-003,EC,2024-03-15,2388.2,2264.5,KG,X,EC-D5,194,2024-03
0000001920,FE-004,EC,2024-03-15,298.5,206.7,KG,X,EC-D5,194,2024-03
0000001921,FE-001,EC,2024-03-15,12587.7,12486.9,KG,X,EC-D5,195,2024-03
0000001922,FE-002,EC,2024-03-15,3098.5,3029.3,KG,X,EC-D5,195,2024-03
0000001923,FE-003,EC,2024-03-15,2323.9,1644.8,KG,X,EC-D5,195,2024-03
0000001924,FE-004,EC,2024-03-15,290.5,218.7,KG,X,EC-D5,195,2024-03
0000001925,FE-001,EC,2024-03-15,15170.0,16364.6,KG,X,EC-D5,196,2024-03
0000001926,FE-002,EC,2024-03-15,3734.1,2948.1,KG,X,EC-D5,196,2024-03
0000001927,FE-003,EC,2024-03-15,2800.6,2624.1,KG,X,EC-D5,196,2024-03
0000001928,FE-004,EC,2024-03-15,350.1,392.1,KG,X,EC-D5,196,2024-03
0000001929,FE-001,EC,2024-03-15,13862.1,10185.3,KG,X,EC-D5,197,2024-03
0000001930,FE-002,EC,2024-03-15,3412.2,3091.4,KG,X,EC-D5,197,2024-03
0000001931,FE-003,EC,2024-03-15,2559.2,2146.8,KG,X,EC-D5,197,2024-03
0000001932,FE-004,EC,2024-03-15,319.9,302.5,KG,X,EC-D5,197,2024-03
0000001933,FE-001,EC,2024-03-15,4160.2,4012.5,KG,X,EC-D5,198,2024-03
0000001934,FE-002,EC,2024-03-15,1024.0,619.2,KG,X,EC-D5,198,2024-03
0000001935,FE-003,EC,2024-03-15,768.0,669.3,KG,X,EC-D5,198,2024-03
0000001936,FE-004,EC,2024-03-15,96.0,87.5,KG,X,EC-D5,198,2024-03
0000001937,FE-001,EC,2024-03-15,7794.9,8544.1,KG,X,EC-D5,199,2024-03
0000001938,FE-002,EC,2024-03-15,1918.7,1422.7,KG,X,EC-D5,199,2024-03
0000001939,FE-003,EC,2024-03-15,1439.1,943.5,KG,X,EC-D5,199,2024-03
0000001940,FE-004,EC,2024-03-15,179.9,199.9,KG,X,EC-D5,199,2024-03
0000001941,FE-001,EC,2024-03-15,9236.2,10344.5,KG,X,EC-D5,200,2024-03
0000001942,FE-002,EC,2024-03-15,2273.5,2020.2,KG,X,EC-D5,200,2024-03
0000001943,FE-003,EC,2024-03-15,1705.1,1705.5,KG,X,EC-D5,200,2024-03
0000001944,FE-004,EC,2024-03-15,213.1,111.4,KG,X,EC-D5,200,2024-03
0000001945,FE-001,EC,2024-03-15,18921.5,15388.6,KG,X,EC-D5,201,2024-03
0000001946,FE-002,EC,2024-03-15,4657.6,3564.3,KG,X,EC-D5,201,2024-03
0000001947,FE-003,EC,2024-03-15,3493.2,3314.9,KG,X,EC-D5,201,2024-03
0000001948,FE-004,EC,2024-03-15,436.7,403.2,KG,X,EC-D5,201,2024-03
0000001949,FE-001,EC,2024-03-15,13442.6,15055.7,KG,X,EC-D5,202,2024-03
0000001950,FE-002,EC,2024-03-15,3308.9,2369.1,KG,X,EC-D5,202,2024-03
0000001951,FE-003,EC,2024-03-15,2481.7,1612.3,KG,X,EC-D5,202,2024-03
0000001952,FE-004,EC,2024-03-15,310.2,254.8,KG,X,EC-D5,202,2024-03
0000001953,FE-001,EC,2024-03-15,1753.6,1799.5,KG,X,EC-D5,373,2024-03
0000001954,FE-002,EC,2024-03-15,431.7,278.4,KG,X,EC-D5,373,2024-03
0000001955,FE-003,EC,2024-03-15,323.7,292.3,KG,X,EC-D5,373,2024-03
0000001956,FE-004,EC,2024-03-15,40.5,43.7,KG,X,EC-D5,373,2024-03
0000001957,FE-001,EC,2024-03-15,21505.6,15340.8,KG,X,EC-D6,203,2024-03
0000001958,FE-002,EC,2024-03-15,5293.7,4879.6,KG,X,EC-D6,203,2024-03
0000001959,FE-003,EC,2024-03-15,3970.3,3094.8,KG,X,EC-D6,203,2024-03
0000001960,FE-004,EC,2024-03-15,496.3,344.2,KG,X,EC-D6,203,2024-03
0000001961,FE-001,EC,2024-03-15,15239.2,13483.5,KG,X,EC-D6,204,2024-03
0000001962,FE-002,EC,2024-03-15,3751.2,2554.8,KG,X,EC-D6,204,2024-03
0000001963,FE-003,EC,2024-03-15,2813.4,3081.6,KG,X,EC-D6,204,2024-03
0000001964,FE-004,EC,2024-03-15,351.7,345.6,KG,X,EC-D6,204,2024-03
0000001965,FE-001,EC,2024-03-15,11235.8,8289.4,KG,X,EC-D6,205,2024-03
0000001966,FE-002,EC,2024-03-15,2765.7,1612.6,KG,X,EC-D6,205,2024-03
0000001967,FE-003,EC,2024-03-15,2074.3,1650.6,KG,X,EC-D6,205,2024-03
0000001968,FE-004,EC,2024-03-15,259.3,215.8,KG,X,EC-D6,205,2024-03
0000001969,FE-001,EC,2024-03-15,11227.4,9866.6,KG,X,EC-D6,206,2024-03
0000001970,FE-002,EC,2024-03-15,2763.7,2918.4,KG,X,EC-D6,206,2024-03
0000001971,FE-003,EC,2024-03-15,2072.8,1374.1,KG,X,EC-D6,206,2024-03
0000001972,FE-004,EC,2024-03-15,259.1,146.3,KG,X,EC-D6,206,2024-03
0000001973,FE-001,EC,2024-03-15,12913.3,14026.3,KG,X,EC-D6,207,2024-03
0000001974,FE-002,EC,2024-03-15,3178.7,2512.9,KG,X,EC-D6,207,2024-03
0000001975,FE-003,EC,2024-03-15,2384.0,2670.1,KG,X,EC-D6,207,2024-03
0000001976,FE-004,EC,2024-03-15,298.0,242.9,KG,X,EC-D6,207,2024-03
0000001977,FE-001,EC,2024-03-15,12401.5,11877.8,KG,X,EC-D6,208,2024-03
0000001978,FE-002,EC,2024-03-15,3052.7,2992.1,KG,X,EC-D6,208,2024-03
0000001979,FE-003,EC,2024-03-15,2289.5,1250.9,KG,X,EC-D6,208,2024-03
0000001980,FE-004,EC,2024-03-15,286.2,294.1,KG,X,EC-D6,208,2024-03
0000001981,FE-001,EC,2024-03-15,12255.5,13422.2,KG,X,EC-D6,209,2024-03
0000001982,FE-002,EC,2024-03-15,3016.7,2893.7,KG,X,EC-D6,209,2024-03
0000001983,FE-003,EC,2024-03-15,2262.6,1599.9,KG,X,EC-D6,209,2024-03
0000001984,FE-004,EC,2024-03-15,282.8,183.3,KG,X,EC-D6,209,2024-03
0000001985,FE-001,EC,2024-03-15,14752.7,15691.6,KG,X,EC-D6,210,2024-03
0000001986,FE-002,EC,2024-03-15,3631.4,2332.1,KG,X,EC-D6,210,2024-03
0000001987,FE-003,EC,2024-03-15,2723.6,2435.4,KG,X,EC-D6,210,2024-03
0000001988,FE-004,EC,2024-03-15,340.4,381.2,KG,X,EC-D6,210,2024-03
0000001989,FE-001,EC,2024-03-15,12287.8,10165.4,KG,X,EC-D6,211,2024-03
0000001990,FE-002,EC,2024-03-15,3024.7,2415.0,KG,X,EC-D6,211,2024-03
0000001991,FE-003,EC,2024-03-15,2268.5,1895.0,KG,X,EC-D6,211,2024-03
0000001992,FE-004,EC,2024-03-15,283.6,285.9,KG,X,EC-D6,211,2024-03
0000001993,FE-001,EC,2024-03-15,12127.1,8215.3,KG,X,EC-D6,212,2024-03
0000001994,FE-002,EC,2024-03-15,2985.1,2118.3,KG,X,EC-D6,212,2024-03
0000001995,FE-003,EC,2024-03-15,2238.8,2039.2,KG,X,EC-D6,212,2024-03
0000001996,FE-004,EC,2024-03-15,279.9,305.4,KG,X,EC-D6,212,2024-03
0000001997,FE-001,EC,2024-03-15,12906.5,14455.3,KG,X,EC-D6,213,2024-03
0000001998,FE-002,EC,2024-03-15,3177.0,2939.3,KG,X,EC-D6,213,2024-03
0000001999,FE-003,EC,2024-03-15,2382.7,2045.6,KG,X,EC-D6,213,2024-03
0000002000,FE-004,EC,2024-03-15,297.8,269.9,KG,X,EC-D6,213,2024-03
0000002001,FE-001,EC,2024-03-15,15622.3,11650.7,KG,X,EC-D6,214,2024-03
0000002002,FE-002,EC,2024-03-15,3845.5,2944.5,KG,X,EC-D6,214,2024-03
0000002003,FE-003,EC,2024-03-15,2884.1,1674.3,KG,X,EC-D6,214,2024-03
0000002004,FE-004,EC,2024-03-15,360.5,232.9,KG,X,EC-D6,214,2024-03
0000002005,FE-001,EC,2024-03-15,13398.0,13787.6,KG,X,EC-D6,215,2024-03
0000002006,FE-002,EC,2024-03-15,3298.0,3098.1,KG,X,EC-D6,215,2024-03
0000002007,FE-003,EC,2024-03-15,2473.5,2508.8,KG,X,EC-D6,215,2024-03
0000002008,FE-004,EC,2024-03-15,309.2,301.7,KG,X,EC-D6,215,2024-03
0000002009,FE-001,EC,2024-03-15,14181.6,15033.6,KG,X,EC-D6,216,2024-03
0000002010,FE-002,EC,2024-03-15,3490.8,3440.8,KG,X,EC-D6,216,2024-03
0000002011,FE-003,EC,2024-03-15,2618.1,1651.4,KG,X,EC-D6,216,2024-03
0000002012,FE-004,EC,2024-03-15,327.3,276.8,KG,X,EC-D6,216,2024-03
0000002013,FE-001,EC,2024-03-15,13600.3,14616.5,KG,X,EC-D6,222,2024-03
0000002014,FE-002,EC,2024-03-15,3347.8,2670.5,KG,X,EC-D6,222,2024-03
0000002015,FE-003,EC,2024-03-15,2510.8,1794.3,KG,X,EC-D6,222,2024-03
0000002016,FE-004,EC,2024-03-15,313.9,327.0,KG,X,EC-D6,222,2024-03
0000002017,FE-001,EC,2024-03-15,12804.8,12184.8,KG,X,EC-D6,223,2024-03
0000002018,FE-002,EC,2024-03-15,3152.0,3117.0,KG,X,EC-D6,223,2024-03
0000002019,FE-003,EC,2024-03-15,2364.0,1207.8,KG,X,EC-D6,223,2024-03
0000002020,FE-004,EC,2024-03-15,295.5,275.9,KG,X,EC-D6,223,2024-03
0000002021,FE-001,EC,2024-03-15,12358.9,10135.3,KG,X,EC-D6,230,2024-03
0000002022,FE-002,EC,2024-03-15,3042.2,2249.5,KG,X,EC-D6,230,2024-03
0000002023,FE-003,EC,2024-03-15,2281.6,1717.7,KG,X,EC-D6,230,2024-03
0000002024,FE-004,EC,2024-03-15,285.2,203.4,KG,X,EC-D6,230,2024-03
0000002025,FE-001,EC,2024-03-15,13199.3,11747.5,KG,X,EC-D6,245,2024-03
0000002026,FE-002,EC,2024-03-15,3249.1,3345.0,KG,X,EC-D6,245,2024-03
0000002027,FE-003,EC,2024-03-15,2436.8,2533.6,KG,X,EC-D6,245,2024-03
0000002028,FE-004,EC,2024-03-15,304.6,341.2,KG,X,EC-D6,245,2024-03
0000002029,FE-001,EC,2024-03-15,10100.8,5944.5,KG,X,EC-D6,246,2024-03
0000002030,FE-002,EC,2024-03-15,2486.4,1918.5,KG,X,EC-D6,246,2024-03
0000002031,FE-003,EC,2024-03-15,1864.8,1572.6,KG,X,EC-D6,246,2024-03
0000002032,FE-004,EC,2024-03-15,233.1,219.6,KG,X,EC-D6,246,2024-03
0000002033,FE-001,EC,2024-03-15,7045.7,7624.2,KG,X,EC-D6,247,2024-03
0000002034,FE-002,EC,2024-03-15,1734.3,1424.1,KG,X,EC-D6,247,2024-03
0000002035,FE-003,EC,2024-03-15,1300.7,1005.2,KG,X,EC-D6,247,2024-03
0000002036,FE-004,EC,2024-03-15,162.6,124.3,KG,X,EC-D6,247,2024-03
0000002037,FE-001,EC,2024-03-15,15186.3,5915.5,KG,X,EC-D6,248,2024-03
0000002038,FE-002,EC,2024-03-15,3738.2,2675.8,KG,X,EC-D6,248,2024-03
0000002039,FE-003,EC,2024-03-15,2803.6,3035.9,KG,X,EC-D6,248,2024-03
0000002040,FE-004,EC,2024-03-15,350.5,392.6,KG,X,EC-D6,248,2024-03
0000002041,FE-001,EC,2024-03-15,11889.1,8161.6,KG,X,EC-D6,249,2024-03
0000002042,FE-002,EC,2024-03-15,2926.6,3277.8,KG,X,EC-D6,249,2024-03
0000002043,FE-003,EC,2024-03-15,2194.9,2458.3,KG,X,EC-D6,249,2024-03
0000002044,FE-004,EC,2024-03-15,274.4,215.5,KG,X,EC-D6,249,2024-03
0000002045,FE-001,EC,2024-03-15,12038.2,11304.2,KG,X,EC-D6,250,2024-03
0000002046,FE-002,EC,2024-03-15,2963.3,2273.8,KG,X,EC-D6,250,2024-03
0000002047,FE-003,EC,2024-03-15,2222.4,2489.1,KG,X,EC-D6,250,2024-03
0000002048,FE-004,EC,2024-03-15,277.8,171.1,KG,X,EC-D6,250,2024-03
0000002049,FE-001,EC,2024-03-15,11607.6,10393.2,KG,X,EC-D6,251,2024-03
0000002050,FE-002,EC,2024-03-15,2857.3,3200.2,KG,X,EC-D6,251,2024-03
0000002051,FE-003,EC,2024-03-15,2142.9,1595.9,KG,X,EC-D6,251,2024-03
0000002052,FE-004,EC,2024-03-15,267.9,265.9,KG,X,EC-D6,251,2024-03
0000002053,FE-001,EC,2024-03-15,13376.9,12987.5,KG,X,EC-D6,252,2024-03
0000002054,FE-002,EC,2024-03-15,3292.8,2822.4,KG,X,EC-D6,252,2024-03
0000002055,FE-003,EC,2024-03-15,2469.6,1964.7,KG,X,EC-D6,252,2024-03
0000002056,FE-004,EC,2024-03-15,308.7,286.9,KG,X,EC-D6,252,2024-03
0000002057,FE-001,EC,2024-03-15,8308.1,9305.1,KG,X,EC-D6,253,2024-03
0000002058,FE-002,EC,2024-03-15,2045.1,1681.2,KG,X,EC-D6,253,2024-03
0000002059,FE-003,EC,2024-03-15,1533.8,1717.9,KG,X,EC-D6,253,2024-03
0000002060,FE-004,EC,2024-03-15,191.7,159.7,KG,X,EC-D6,253,2024-03
0000002061,FE-001,EC,2024-03-15,8914.3,9983.1,KG,X,EC-D6,254,2024-03
0000002062,FE-002,EC,2024-03-15,2194.3,2029.0,KG,X,EC-D6,254,2024-03
0000002063,FE-003,EC,2024-03-15,1645.7,1302.8,KG,X,EC-D6,254,2024-03
0000002064,FE-004,EC,2024-03-15,205.7,137.3,KG,X,EC-D6,254,2024-03
0000002065,FE-001,EC,2024-03-15,14121.9,12158.3,KG,X,EC-D6,255,2024-03
0000002066,FE-002,EC,2024-03-15,3476.2,3587.7,KG,X,EC-D6,255,2024-03
0000002067,FE-003,EC,2024-03-15,2607.1,2144.0,KG,X,EC-D6,255,2024-03
0000002068,FE-004,EC,2024-03-15,325.9,267.7,KG,X,EC-D6,255,2024-03
0000002069,FE-001,EC,2024-03-15,15022.9,13940.1,KG,X,EC-D6,256,2024-03
0000002070,FE-002,EC,2024-03-15,3697.9,3075.1,KG,X,EC-D6,256,2024-03
0000002071,FE-003,EC,2024-03-15,2773.4,1592.8,KG,X,EC-D6,256,2024-03
0000002072,FE-004,EC,2024-03-15,346.7,220.8,KG,X,EC-D6,256,2024-03
0000002073,FE-001,EC,2024-03-15,12807.8,12526.2,KG,X,EC-D6,257,2024-03
0000002074,FE-002,EC,2024-03-15,3152.7,3030.6,KG,X,EC-D6,257,2024-03
0000002075,FE-003,EC,2024-03-15,2364.5,2096.4,KG,X,EC-D6,257,2024-03
0000002076,FE-004,EC,2024-03-15,295.6,280.1,KG,X,EC-D6,257,2024-03
0000002077,FE-001,EC,2024-03-15,5357.3,5069.1,KG,X,EC-D6,258,2024-03
0000002078,FE-002,EC,2024-03-15,1318.7,1444.0,KG,X,EC-D6,258,2024-03
0000002079,FE-003,EC,2024-03-15,989.0,968.9,KG,X,EC-D6,258,2024-03
0000002080,FE-004,EC,2024-03-15,123.6,51.9,KG,X,EC-D6,258,2024-03
0000002081,FE-001,EC,2024-03-15,13637.5,6453.8,KG,X,EC-D6,259,2024-03
0000002082,FE-002,EC,2024-03-15,3356.9,3347.2,KG,X,EC-D6,259,2024-03
0000002083,FE-003,EC,2024-03-15,2517.7,1651.5,KG,X,EC-D6,259,2024-03
0000002084,FE-004,EC,2024-03-15,314.7,323.3,KG,X,EC-D6,259,2024-03
0000002085,FE-001,EC,2024-03-15,6795.4,4928.4,KG,X,EC-D6,260,2024-03
0000002086,FE-002,EC,2024-03-15,1672.7,1335.5,KG,X,EC-D6,260,2024-03
0000002087,FE-003,EC,2024-03-15,1254.5,855.5,KG,X,EC-D6,260,2024-03
0000002088,FE-004,EC,2024-03-15,156.8,138.5,KG,X,EC-D6,260,2024-03
0000002089,FE-001,EC,2024-03-15,8950.0,7609.0,KG,X,EC-D6,261,2024-03
0000002090,FE-002,EC,2024-03-15,2203.1,1667.6,KG,X,EC-D6,261,2024-03
0000002091,FE-003,EC,2024-03-15,1652.3,1780.7,KG,X,EC-D6,261,2024-03
0000002092,FE-004,EC,2024-03-15,206.5,229.8,KG,X,EC-D6,261,2024-03
0000002093,FE-001,EC,2024-03-15,12675.6,9546.8,KG,X,EC-D6,262,2024-03
0000002094,FE-002,EC,2024-03-15,3120.2,2587.5,KG,X,EC-D6,262,2024-03
0000002095,FE-003,EC,2024-03-15,2340.1,1936.1,KG,X,EC-D6,262,2024-03
0000002096,FE-004,EC,2024-03-15,292.5,273.3,KG,X,EC-D6,262,2024-03
0000002097,FE-001,EC,2024-03-15,13268.5,10119.9,KG,X,EC-D6,263,2024-03
0000002098,FE-002,EC,2024-03-15,3266.1,3422.4,KG,X,EC-D6,263,2024-03
0000002099,FE-003,EC,2024-03-15,2449.6,2618.9,KG,X,EC-D6,263,2024-03
0000002100,FE-004,EC,2024-03-15,306.2,303.2,KG,X,EC-D6,263,2024-03
0000002101,FE-001,EC,2024-03-15,5670.1,5172.6,KG,X,EC-D6,264,2024-03
0000002102,FE-002,EC,2024-03-15,1395.7,1183.8,KG,X,EC-D6,264,2024-03
0000002103,FE-003,EC,2024-03-15,1046.8,1009.6,KG,X,EC-D6,264,2024-03
0000002104,FE-004,EC,2024-03-15,130.8,105.8,KG,X,EC-D6,264,2024-03
0000002105,FE-001,EC,2024-03-15,7554.7,8461.3,KG,X,EC-D6,265,2024-03
0000002106,FE-002,EC,2024-03-15,1859.6,1819.1,KG,X,EC-D6,265,2024-03
0000002107,FE-003,EC,2024-03-15,1394.7,1500.9,KG,X,EC-D6,265,2024-03
0000002108,FE-004,EC,2024-03-15,174.3,195.2,KG,X,EC-D6,265,2024-03
0000002109,FE-001,EC,2024-03-15,12729.7,10138.1,KG,X,EC-D6,266,2024-03
0000002110,FE-002,EC,2024-03-15,3133.5,1949.9,KG,X,EC-D6,266,2024-03
0000002111,FE-003,EC,2024-03-15,2350.1,1727.7,KG,X,EC-D6,266,2024-03
0000002112,FE-004,EC,2024-03-15,293.8,170.9,KG,X,EC-D6,266,2024-03
0000002113,FE-001,EC,2024-03-15,8047.3,6081.3,KG,X,EC-D6,267,2024-03
0000002114,FE-002,EC,2024-03-15,1980.9,2218.6,KG,X,EC-D6,267,2024-03
0000002115,FE-003,EC,2024-03-15,1485.7,1184.6,KG,X,EC-D6,267,2024-03
0000002116,FE-004,EC,2024-03-15,185.7,186.4,KG,X,EC-D6,267,2024-03
0000002117,FE-001,EC,2024-03-15,8974.8,9714.7,KG,X,EC-D6,268,2024-03
0000002118,FE-002,EC,2024-03-15,2209.2,1778.0,KG,X,EC-D6,268,2024-03
0000002119,FE-003,EC,2024-03-15,1656.9,1406.5,KG,X,EC-D6,268,2024-03
0000002120,FE-004,EC,2024-03-15,207.1,231.6,KG,X,EC-D6,268,2024-03
0000002121,FE-001,EC,2024-03-15,9188.5,8945.4,KG,X,EC-D6,269,2024-03
0000002122,FE-002,EC,2024-03-15,2261.8,2309.9,KG,X,EC-D6,269,2024-03
0000002123,FE-003,EC,2024-03-15,1696.3,1436.3,KG,X,EC-D6,269,2024-03
0000002124,FE-004,EC,2024-03-15,212.0,165.7,KG,X,EC-D6,269,2024-03
0000002125,FE-001,EC,2024-03-15,6407.2,6352.2,KG,X,EC-D6,270,2024-03
0000002126,FE-002,EC,2024-03-15,1577.2,1766.5,KG,X,EC-D6,270,2024-03
0000002127,FE-003,EC,2024-03-15,1182.9,938.8,KG,X,EC-D6,270,2024-03
0000002128,FE-004,EC,2024-03-15,147.9,114.8,KG,X,EC-D6,270,2024-03
0000002129,FE-001,EC,2024-03-15,9404.2,10127.6,KG,X,EC-D6,271,2024-03
0000002130,FE-002,EC,2024-03-15,2314.9,2008.7,KG,X,EC-D6,271,2024-03
0000002131,FE-003,EC,2024-03-15,1736.2,1639.3,KG,X,EC-D6,271,2024-03
0000002132,FE-004,EC,2024-03-15,217.0,219.9,KG,X,EC-D6,271,2024-03
0000002133,FE-001,EC,2024-03-15,11552.6,9251.9,KG,X,EC-D6,272,2024-03
0000002134,FE-002,EC,2024-03-15,2843.7,2332.0,KG,X,EC-D6,272,2024-03
0000002135,FE-003,EC,2024-03-15,2132.8,1533.2,KG,X,EC-D6,272,2024-03
0000002136,FE-004,EC,2024-03-15,266.6,180.8,KG,X,EC-D6,272,2024-03
0000002137,FE-001,EC,2024-03-15,17943.7,12005.8,KG,X,EC-D6,379,2024-03
0000002138,FE-002,EC,2024-03-15,4416.9,4050.7,KG,X,EC-D6,379,2024-03
0000002139,FE-003,EC,2024-03-15,3312.7,3710.2,KG,X,EC-D6,379,2024-03
0000002140,FE-004,EC,2024-03-15,414.1,349.9,KG,X,EC-D6,379,2024-03
0000002141,FE-001,EC,2024-03-15,12846.2,10027.6,KG,X,EC-D6,380,2024-03
0000002142,FE-002,EC,2024-03-15,3162.1,2648.1,KG,X,EC-D6,380,2024-03
0000002143,FE-003,EC,2024-03-15,2371.6,1214.1,KG,X,EC-D6,380,2024-03
0000002144,FE-004,EC,2024-03-15,296.5,158.7,KG,X,EC-D6,380,2024-03
0000002145,FE-001,EC,2024-03-15,6292.2,4230.5,KG,X,EC-D7,287,2024-03
0000002146,FE-002,EC,2024-03-15,1548.8,1734.7,KG,X,EC-D7,287,2024-03
0000002147,FE-003,EC,2024-03-15,1161.6,814.0,KG,X,EC-D7,287,2024-03
0000002148,FE-004,EC,2024-03-15,145.2,162.6,KG,X,EC-D7,287,2024-03
0000002149,FE-001,EC,2024-03-15,2797.2,2241.0,KG,X,EC-D7,288,2024-03
0000002150,FE-002,EC,2024-03-15,688.6,651.2,KG,X,EC-D7,288,2024-03
0000002151,FE-003,EC,2024-03-15,516.4,578.4,KG,X,EC-D7,288,2024-03
0000002152,FE-004,EC,2024-03-15,64.6,45.1,KG,X,EC-D7,288,2024-03
0000002153,FE-001,EC,2024-03-15,8290.5,7660.8,KG,X,EC-D7,289,2024-03
0000002154,FE-002,EC,2024-03-15,2040.7,1958.1,KG,X,EC-D7,289,2024-03
0000002155,FE-003,EC,2024-03-15,1530.6,1113.6,KG,X,EC-D7,289,2024-03
0000002156,FE-004,EC,2024-03-15,191.3,205.4,KG,X,EC-D7,289,2024-03
0000002157,FE-001,EC,2024-03-15,10683.7,8622.3,KG,X,EC-D7,290,2024-03
0000002158,FE-002,EC,2024-03-15,2629.8,2945.4,KG,X,EC-D7,290,2024-03
0000002159,FE-003,EC,2024-03-15,1972.4,1802.3,KG,X,EC-D7,290,2024-03
0000002160,FE-004,EC,2024-03-15,246.5,161.3,KG,X,EC-D7,290,2024-03
0000002161,FE-001,EC,2024-03-15,12381.6,10210.5,KG,X,EC-D7,291,2024-03
0000002162,FE-002,EC,2024-03-15,3047.8,3136.0,KG,X,EC-D7,291,2024-03
0000002163,FE-003,EC,2024-03-15,2285.8,1574.4,KG,X,EC-D7,291,2024-03
0000002164,FE-004,EC,2024-03-15,285.7,226.0,KG,X,EC-D7,291,2024-03
0000002165,FE-001,EC,2024-03-15,8465.0,7480.4,KG,X,EC-D7,292,2024-03
0000002166,FE-002,EC,2024-03-15,2083.7,1736.7,KG,X,EC-D7,292,2024-03
0000002167,FE-003,EC,2024-03-15,1562.8,1229.3,KG,X,EC-D7,292,2024-03
0000002168,FE-004,EC,2024-03-15,195.3,163.6,KG,X,EC-D7,292,2024-03
0000002169,FE-001,EC,2024-03-15,11419.4,10994.3,KG,X,EC-D7,293,2024-03
0000002170,FE-002,EC,2024-03-15,2810.9,2961.5,KG,X,EC-D7,293,2024-03
0000002171,FE-003,EC,2024-03-15,2108.2,2310.0,KG,X,EC-D7,293,2024-03
0000002172,FE-004,EC,2024-03-15,263.5,272.1,KG,X,EC-D7,293,2024-03
0000002173,FE-001,EC,2024-03-15,5417.6,5002.6,KG,X,EC-D7,294,2024-03
0000002174,FE-002,EC,2024-03-15,1333.6,1357.9,KG,X,EC-D7,294,2024-03
0000002175,FE-003,EC,2024-03-15,1000.2,599.0,KG,X,EC-D7,294,2024-03
0000002176,FE-004,EC,2024-03-15,125.0,72.3,KG,X,EC-D7,294,2024-03
0000002177,FE-001,EC,2024-03-15,5215.0,4843.7,KG,X,EC-D7,295,2024-03
0000002178,FE-002,EC,2024-03-15,1283.7,1257.6,KG,X,EC-D7,295,2024-03
0000002179,FE-003,EC,2024-03-15,962.8,633.9,KG,X,EC-D7,295,2024-03
0000002180,FE-004,EC,2024-03-15,120.3,108.6,KG,X,EC-D7,295,2024-03
0000002181,FE-001,EC,2024-03-15,11640.9,10043.6,KG,X,EC-D7,296,2024-03
0000002182,FE-002,EC,2024-03-15,2865.5,2355.5,KG,X,EC-D7,296,2024-03
0000002183,FE-003,EC,2024-03-15,2149.1,2407.0,KG,X,EC-D7,296,2024-03
0000002184,FE-004,EC,2024-03-15,268.6,213.8,KG,X,EC-D7,296,2024-03
0000002185,FE-001,EC,2024-03-15,13677.1,9982.6,KG,X,EC-D7,297,2024-03
0000002186,FE-002,EC,2024-03-15,3366.7,3523.2,KG,X,EC-D7,297,2024-03
0000002187,FE-003,EC,2024-03-15,2525.0,1874.5,KG,X,EC-D7,297,2024-03
0000002188,FE-004,EC,2024-03-15,315.6,309.4,KG,X,EC-D7,297,2024-03
0000002189,FE-001,EC,2024-03-15,12361.9,9710.6,KG,X,EC-D7,298,2024-03
0000002190,FE-002,EC,2024-03-15,3042.9,1547.7,KG,X,EC-D7,298,2024-03
0000002191,FE-003,EC,2024-03-15,2282.2,2216.4,KG,X,EC-D7,298,2024-03
0000002192,FE-004,EC,2024-03-15,285.3,285.4,KG,X,EC-D7,298,2024-03
0000002193,FE-001,EC,2024-03-15,11775.7,6800.0,KG,X,EC-D7,299,2024-03
0000002194,FE-002,EC,2024-03-15,2898.6,2458.6,KG,X,EC-D7,299,2024-03
0000002195,FE-003,EC,2024-03-15,2174.0,2221.5,KG,X,EC-D7,299,2024-03
0000002196,FE-004,EC,2024-03-15,271.7,220.1,KG,X,EC-D7,299,2024-03
0000002197,FE-001,EC,2024-03-15,9262.2,10373.7,KG,X,EC-D7,300,2024-03
0000002198,FE-002,EC,2024-03-15,2279.9,1694.6,KG,X,EC-D7,300,2024-03
0000002199,FE-003,EC,2024-03-15,1710.0,1774.6,KG,X,EC-D7,300,2024-03
0000002200,FE-004,EC,2024-03-15,213.7,235.8,KG,X,EC-D7,300,2024-03
0000002201,FE-001,EC,2024-03-15,4477.4,4071.2,KG,X,EC-D7,301,2024-03
0000002202,FE-002,EC,2024-03-15,1102.1,961.8,KG,X,EC-D7,301,2024-03
0000002203,FE-003,EC,2024-03-15,826.6,594.9,KG,X,EC-D7,301,2024-03
0000002204,FE-004,EC,2024-03-15,103.3,93.6,KG,X,EC-D7,301,2024-03
0000002205,FE-001,EC,2024-03-15,13512.5,14273.5,KG,X,EC-D7,302,2024-03
0000002206,FE-002,EC,2024-03-15,3326.1,1752.5,KG,X,EC-D7,302,2024-03
0000002207,FE-003,EC,2024-03-15,2494.6,2225.1,KG,X,EC-D7,302,2024-03
0000002208,FE-004,EC,2024-03-15,311.8,233.3,KG,X,EC-D7,302,2024-03
0000002209,FE-001,EC,2024-03-15,16601.7,13676.8,KG,X,EC-D7,303,2024-03
0000002210,FE-002,EC,2024-03-15,4086.6,2947.3,KG,X,EC-D7,303,2024-03
0000002211,FE-003,EC,2024-03-15,3064.9,3043.9,KG,X,EC-D7,303,2024-03
0000002212,FE-004,EC,2024-03-15,383.1,412.9,KG,X,EC-D7,303,2024-03
0000002213,FE-001,EC,2024-03-15,12690.7,13054.1,KG,X,EC-D7,304,2024-03
0000002214,FE-002,EC,2024-03-15,3123.9,3260.8,KG,X,EC-D7,304,2024-03
0000002215,FE-003,EC,2024-03-15,2342.9,2129.7,KG,X,EC-D7,304,2024-03
0000002216,FE-004,EC,2024-03-15,292.9,209.9,KG,X,EC-D7,304,2024-03
0000002217,FE-001,EC,2024-03-15,11761.6,10224.1,KG,X,EC-D7,305,2024-03
0000002218,FE-002,EC,2024-03-15,2895.2,2280.7,KG,X,EC-D7,305,2024-03
0000002219,FE-003,EC,2024-03-15,2171.4,1433.6,KG,X,EC-D7,305,2024-03
0000002220,FE-004,EC,2024-03-15,271.4,212.9,KG,X,EC-D7,305,2024-03
0000002221,FE-001,EC,2024-03-15,10154.2,9645.3,KG,X,EC-D7,306,2024-03
0000002222,FE-002,EC,2024-03-15,2499.5,2654.3,KG,X,EC-D7,306,2024-03
0000002223,FE-003,EC,2024-03-15,1874.6,1319.7,KG,X,EC-D7,306,2024-03
0000002224,FE-004,EC,2024-03-15,234.3,241.1,KG,X,EC-D7,306,2024-03
0000002225,FE-001,EC,2024-03-15,4673.9,2912.4,KG,X,EC-D7,307,2024-03
0000002226,FE-002,EC,2024-03-15,1150.5,659.3,KG,X,EC-D7,307,2024-03
0000002227,FE-003,EC,2024-03-15,862.9,914.2,KG,X,EC-D7,307,2024-03
0000002228,FE-004,EC,2024-03-15,107.9,92.4,KG,X,EC-D7,307,2024-03
0000002229,FE-001,EC,2024-03-15,7160.8,7184.2,KG,X,EC-D7,308,2024-03
0000002230,FE-002,EC,2024-03-15,1762.7,1264.1,KG,X,EC-D7,308,2024-03
0000002231,FE-003,EC,2024-03-15,1322.0,707.1,KG,X,EC-D7,308,2024-03
0000002232,FE-004,EC,2024-03-15,165.2,142.5,KG,X,EC-D7,308,2024-03
0000002233,FE-001,EC,2024-03-15,11269.2,11046.2,KG,X,EC-D7,309,2024-03
0000002234,FE-002,EC,2024-03-15,2773.9,2558.3,KG,X,EC-D7,309,2024-03
0000002235,FE-003,EC,2024-03-15,2080.5,1561.3,KG,X,EC-D7,309,2024-03
0000002236,FE-004,EC,2024-03-15,260.1,231.9,KG,X,EC-D7,309,2024-03
0000002237,FE-001,EC,2024-03-15,13848.6,13708.3,KG,X,EC-D7,310,2024-03
0000002238,FE-002,EC,2024-03-15,3408.9,2188.6,KG,X,EC-D7,310,2024-03
0000002239,FE-003,EC,2024-03-15,2556.7,2639.9,KG,X,EC-D7,310,2024-03
0000002240,FE-004,EC,2024-03-15,319.6,287.5,KG,X,EC-D7,310,2024-03
0000002241,FE-001,EC,2024-03-15,15792.9,12292.8,KG,X,EC-D7,311,2024-03
0000002242,FE-002,EC,2024-03-15,3887.5,2701.1,KG,X,EC-D7,311,2024-03
0000002243,FE-003,EC,2024-03-15,2915.6,2143.4,KG,X,EC-D7,311,2024-03
0000002244,FE-004,EC,2024-03-15,364.5,235.2,KG,X,EC-D7,311,2024-03
0000002245,FE-001,EC,2024-03-15,9795.7,8833.8,KG,X,EC-D7,328,2024-03
0000002246,FE-002,EC,2024-03-15,2411.2,1597.7,KG,X,EC-D7,328,2024-03
0000002247,FE-003,EC,2024-03-15,1808.4,1682.9,KG,X,EC-D7,328,2024-03
0000002248,FE-004,EC,2024-03-15,226.1,151.5,KG,X,EC-D7,328,2024-03
0000002249,FE-001,EC,2024-03-15,8221.5,7080.7,KG,X,EC-D7,329,2024-03
0000002250,FE-002,EC,2024-03-15,2023.8,1930.7,KG,X,EC-D7,329,2024-03
0000002251,FE-003,EC,2024-03-15,1517.8,1037.0,KG,X,EC-D7,329,2024-03
0000002252,FE-004,EC,2024-03-15,189.7,148.0,KG,X,EC-D7,329,2024-03
0000002253,FE-001,EC,2024-03-15,7628.7,8117.8,KG,X,EC-D7,330,2024-03
0000002254,FE-002,EC,2024-03-15,1877.8,1773.6,KG,X,EC-D7,330,2024-03
0000002255,FE-003,EC,2024-03-15,1408.4,1153.8,KG,X,EC-D7,330,2024-03
0000002256,FE-004,EC,2024-03-15,176.0,162.3,KG,X,EC-D7,330,2024-03
0000002257,FE-001,EC,2024-03-15,9789.7,5443.0,KG,X,EC-D7,331,2024-03
0000002258,FE-002,EC,2024-03-15,2409.8,1944.2,KG,X,EC-D7,331,2024-03
0000002259,FE-003,EC,2024-03-15,1807.3,1582.6,KG,X,EC-D7,331,2024-03
0000002260,FE-004,EC,2024-03-15,225.9,193.3,KG,X,EC-D7,331,2024-03
0000002261,FE-001,EC,2024-03-15,9908.0,9810.3,KG,X,EC-D7,332,2024-03
0000002262,FE-002,EC,2024-03-15,2438.9,1594.8,KG,X,EC-D7,332,2024-03
0000002263,FE-003,EC,2024-03-15,1829.2,1628.6,KG,X,EC-D7,332,2024-03
0000002264,FE-004,EC,2024-03-15,228.6,219.1,KG,X,EC-D7,332,2024-03
0000002265,FE-001,EC,2024-03-15,9358.8,6370.6,KG,X,EC-D7,333,2024-03
0000002266,FE-002,EC,2024-03-15,2303.7,2580.1,KG,X,EC-D7,333,2024-03
0000002267,FE-003,EC,2024-03-15,1727.8,903.6,KG,X,EC-D7,333,2024-03
0000002268,FE-004,EC,2024-03-15,216.0,153.5,KG,X,EC-D7,333,2024-03
0000002269,FE-001,EC,2024-03-15,12320.5,11696.3,KG,X,EC-D7,334,2024-03
0000002270,FE-002,EC,2024-03-15,3032.7,3228.3,KG,X,EC-D7,334,2024-03
0000002271,FE-003,EC,2024-03-15,2274.6,1966.3,KG,X,EC-D7,334,2024-03
0000002272,FE-004,EC,2024-03-15,284.3,263.2,KG,X,EC-D7,334,2024-03
0000002273,FE-001,EC,2024-03-15,11751.2,12112.8,KG,X,EC-D7,335,2024-03
0000002274,FE-002,EC,2024-03-15,2892.6,2303.9,KG,X,EC-D7,335,2024-03
0000002275,FE-003,EC,2024-03-15,2169.5,1831.5,KG,X,EC-D7,335,2024-03
0000002276,FE-004,EC,2024-03-15,271.2,220.3,KG,X,EC-D7,335,2024-03
0000002277,FE-001,EC,2024-03-15,11362.8,8584.0,KG,X,EC-D7,336,2024-03
0000002278,FE-002,EC,2024-03-15,2797.0,2813.1,KG,X,EC-D7,336,2024-03
0000002279,FE-003,EC,2024-03-15,2097.8,1950.9,KG,X,EC-D7,336,2024-03
0000002280,FE-004,EC,2024-03-15,262.2,221.9,KG,X,EC-D7,336,2024-03
0000002281,FE-001,EC,2024-03-15,13012.1,9195.9,KG,X,EC-D7,337,2024-03
0000002282,FE-002,EC,2024-03-15,3203.0,2863.1,KG,X,EC-D7,337,2024-03
0000002283,FE-003,EC,2024-03-15,2402.2,2114.6,KG,X,EC-D7,337,2024-03
0000002284,FE-004,EC,2024-03-15,300.3,183.0,KG,X,EC-D7,337,2024-03
0000002285,FE-001,EC,2024-03-15,10777.6,8929.5,KG,X,EC-D7,338,2024-03
0000002286,FE-002,EC,2024-03-15,2653.0,2227.8,KG,X,EC-D7,338,2024-03
0000002287,FE-003,EC,2024-03-15,1989.7,2065.6,KG,X,EC-D7,338,2024-03
0000002288,FE-004,EC,2024-03-15,248.7,276.9,KG,X,EC-D7,338,2024-03
0000002289,FE-001,EC,2024-03-15,13678.4,13569.1,KG,X,EC-D7,339,2024-03
0000002290,FE-002,EC,2024-03-15,3367.0,2962.3,KG,X,EC-D7,339,2024-03
0000002291,FE-003,EC,2024-03-15,2525.2,2539.8,KG,X,EC-D7,339,2024-03
0000002292,FE-004,EC,2024-03-15,315.7,339.3,KG,X,EC-D7,339,2024-03
0000002293,FE-001,EC,2024-03-15,14068.2,10325.0,KG,X,EC-D7,340,2024-03
0000002294,FE-002,EC,2024-03-15,3462.9,2965.8,KG,X,EC-D7,340,2024-03
0000002295,FE-003,EC,2024-03-15,2597.2,2517.9,KG,X,EC-D7,340,2024-03
0000002296,FE-004,EC,2024-03-15,324.7,267.2,KG,X,EC-D7,340,2024-03
0000002297,FE-001,EC,2024-03-15,14010.6,15375.4,KG,X,EC-D7,341,2024-03
0000002298,FE-002,EC,2024-03-15,3448.8,3830.4,KG,X,EC-D7,341,2024-03
0000002299,FE-003,EC,2024-03-15,2586.6,2224.4,KG,X,EC-D7,341,2024-03
0000002300,FE-004,EC,2024-03-15,323.3,272.6,KG,X,EC-D7,341,2024-03
0000002301,FE-001,EC,2024-03-15,13886.9,9361.0,KG,X,EC-D7,342,2024-03
0000002302,FE-002,EC,2024-03-15,3418.3,3340.7,KG,X,EC-D7,342,2024-03
0000002303,FE-003,EC,2024-03-15,2563.7,2871.3,KG,X,EC-D7,342,2024-03
0000002304,FE-004,EC,2024-03-15,320.5,284.7,KG,X,EC-D7,342,2024-03
0000002305,FE-001,EC,2024-03-15,13018.4,8995.8,KG,X,EC-D7,343,2024-03
0000002306,FE-002,EC,2024-03-15,3204.5,2340.3,KG,X,EC-D7,343,2024-03
0000002307,FE-003,EC,2024-03-15,2403.4,2322.2,KG,X,EC-D7,343,2024-03
0000002308,FE-004,EC,2024-03-15,300.4,225.5,KG,X,EC-D7,343,2024-03
0000002309,FE-001,EC,2024-03-15,10271.8,9233.1,KG,X,EC-D7,344,2024-03
0000002310,FE-002,EC,2024-03-15,2528.4,2225.9,KG,X,EC-D7,344,2024-03
0000002311,FE-003,EC,2024-03-15,1896.3,1928.3,KG,X,EC-D7,344,2024-03
0000002312,FE-004,EC,2024-03-15,237.0,215.6,KG,X,EC-D7,344,2024-03
0000002313,FE-001,EC,2024-03-15,11349.3,10735.4,KG,X,EC-D7,345,2024-03
0000002314,FE-002,EC,2024-03-15,2793.7,2705.7,KG,X,EC-D7,345,2024-03
0000002315,FE-003,EC,2024-03-15,2095.2,2346.6,KG,X,EC-D7,345,2024-03
0000002316,FE-004,EC,2024-03-15,261.9,293.3,KG,X,EC-D7,345,2024-03
0000002317,FE-001,EC,2024-03-15,10704.6,7272.8,KG,X,EC-D7,346,2024-03
0000002318,FE-002,EC,2024-03-15,2635.0,2951.2,KG,X,EC-D7,346,2024-03
0000002319,FE-003,EC,2024-03-15,1976.2,1661.1,KG,X,EC-D7,346,2024-03
0000002320,FE-004,EC,2024-03-15,247.0,216.7,KG,X,EC-D7,346,2024-03
0000002321,FE-001,EC,2024-03-15,13200.2,13343.1,KG,X,EC-D7,347,2024-03
0000002322,FE-002,EC,2024-03-15,3249.3,2694.7,KG,X,EC-D7,347,2024-03
0000002323,FE-003,EC,2024-03-15,2437.0,1968.8,KG,X,EC-D7,347,2024-03
0000002324,FE-004,EC,2024-03-15,304.6,197.5,KG,X,EC-D7,347,2024-03
0000002325,FE-001,EC,2024-03-15,12820.4,9832.3,KG,X,EC-D7,348,2024-03
0000002326,FE-002,EC,2024-03-15,3155.8,3024.0,KG,X,EC-D7,348,2024-03
0000002327,FE-003,EC,2024-03-15,2366.8,2039.7,KG,X,EC-D7,348,2024-03
0000002328,FE-004,EC,2024-03-15,295.9,163.9,KG,X,EC-D7,348,2024-03
0000002329,FE-001,EC,2024-10-15,2737.5,1886.6,KG,X,EC-D1,1,2024-10
0000002330,FE-002,EC,2024-10-15,673.8,613.1,KG,X,EC-D1,1,2024-10
0000002331,FE-003,EC,2024-10-15,505.4,445.8,KG,X,EC-D1,1,2024-10
0000002332,FE-004,EC,2024-10-15,63.2,69.2,KG,X,EC-D1,1,2024-10
0000002333,FE-001,EC,2024-10-15,8226.2,7148.4,KG,X,EC-D1,2,2024-10
0000002334,FE-002,EC,2024-10-15,2024.9,2267.9,KG,X,EC-D1,2,2024-10
0000002335,FE-003,EC,2024-10-15,1518.7,1700.9,KG,X,EC-D1,2,2024-10
0000002336,FE-004,EC,2024-10-15,189.8,197.6,KG,X,EC-D1,2,2024-10
0000002337,FE-001,EC,2024-10-15,6234.3,4759.2,KG,X,EC-D1,3,2024-10
0000002338,FE-002,EC,2024-10-15,1534.6,1349.6,KG,X,EC-D1,3,2024-10
0000002339,FE-003,EC,2024-10-15,1150.9,1007.2,KG,X,EC-D1,3,2024-10
0000002340,FE-004,EC,2024-10-15,143.9,150.7,KG,X,EC-D1,3,2024-10
0000002341,FE-001,EC,2024-10-15,6153.2,5938.4,KG,X,EC-D1,4,2024-10
0000002342,FE-002,EC,2024-10-15,1514.6,1275.8,KG,X,EC-D1,4,2024-10
0000002343,FE-003,EC,2024-10-15,1136.0,1085.1,KG,X,EC-D1,4,2024-10
0000002344,FE-004,EC,2024-10-15,142.0,129.0,KG,X,EC-D1,4,2024-10
0000002345,FE-001,EC,2024-10-15,4086.4,4202.6,KG,X,EC-D1,5,2024-10
0000002346,FE-002,EC,2024-10-15,1005.9,736.2,KG,X,EC-D1,5,2024-10
0000002347,FE-003,EC,2024-10-15,754.4,844.9,KG,X,EC-D1,5,2024-10
0000002348,FE-004,EC,2024-10-15,94.3,92.1,KG,X,EC-D1,5,2024-10
0000002349,FE-001,EC,2024-10-15,3221.8,3100.4,KG,X,EC-D1,6,2024-10
0000002350,FE-002,EC,2024-10-15,793.1,735.6,KG,X,EC-D1,6,2024-10
0000002351,FE-003,EC,2024-10-15,594.8,446.6,KG,X,EC-D1,6,2024-10
0000002352,FE-004,EC,2024-10-15,74.4,58.3,KG,X,EC-D1,6,2024-10
0000002353,FE-001,EC,2024-10-15,6989.4,6134.2,KG,X,EC-D1,7,2024-10
0000002354,FE-002,EC,2024-10-15,1720.5,1817.0,KG,X,EC-D1,7,2024-10
0000002355,FE-003,EC,2024-10-15,1290.3,1284.4,KG,X,EC-D1,7,2024-10
0000002356,FE-004,EC,2024-10-15,161.3,132.7,KG,X,EC-D1,7,2024-10
0000002357,FE-001,EC,2024-10-15,14073.1,14041.0,KG,X,EC-D1,8,2024-10
0000002358,FE-002,EC,2024-10-15,3464.1,3125.2,KG,X,EC-D1,8,2024-10
0000002359,FE-003,EC,2024-10-15,2598.1,2427.2,KG,X,EC-D1,8,2024-10
0000002360,FE-004,EC,2024-10-15,324.8,363.7,KG,X,EC-D1,8,2024-10
0000002361,FE-001,EC,2024-10-15,11494.3,8405.3,KG,X,EC-D1,9,2024-10
0000002362,FE-002,EC,2024-10-15,2829.4,2456.5,KG,X,EC-D1,9,2024-10
0000002363,FE-003,EC,2024-10-15,2122.0,2198.9,KG,X,EC-D1,9,2024-10
0000002364,FE-004,EC,2024-10-15,265.3,273.5,KG,X,EC-D1,9,2024-10
0000002365,FE-001,EC,2024-10-15,13076.9,13386.6,KG,X,EC-D1,10,2024-10
0000002366,FE-002,EC,2024-10-15,3218.9,3264.8,KG,X,EC-D1,10,2024-10
0000002367,FE-003,EC,2024-10-15,2414.2,1800.9,KG,X,EC-D1,10,2024-10
0000002368,FE-004,EC,2024-10-15,301.8,215.3,KG,X,EC-D1,10,2024-10
0000002369,FE-001,EC,2024-10-15,14572.0,12752.5,KG,X,EC-D1,11,2024-10
0000002370,FE-002,EC,2024-10-15,3586.9,2604.6,KG,X,EC-D1,11,2024-10
0000002371,FE-003,EC,2024-10-15,2690.2,2133.8,KG,X,EC-D1,11,2024-10
0000002372,FE-004,EC,2024-10-15,336.3,304.0,KG,X,EC-D1,11,2024-10
0000002373,FE-001,EC,2024-10-15,11177.6,5197.7,KG,X,EC-D1,12,2024-10
0000002374,FE-002,EC,2024-10-15,2751.4,1798.5,KG,X,EC-D1,12,2024-10
0000002375,FE-003,EC,2024-10-15,2063.5,1987.1,KG,X,EC-D1,12,2024-10
0000002376,FE-004,EC,2024-10-15,257.9,288.9,KG,X,EC-D1,12,2024-10
0000002377,FE-001,EC,2024-10-15,14543.8,14181.1,KG,X,EC-D1,13,2024-10
0000002378,FE-002,EC,2024-10-15,3580.0,3350.6,KG,X,EC-D1,13,2024-10
0000002379,FE-003,EC,2024-10-15,2685.0,1958.2,KG,X,EC-D1,13,2024-10
0000002380,FE-004,EC,2024-10-15,335.6,219.1,KG,X,EC-D1,13,2024-10
0000002381,FE-001,EC,2024-10-15,14746.2,12158.0,KG,X,EC-D1,14,2024-10
0000002382,FE-002,EC,2024-10-15,3629.8,3360.3,KG,X,EC-D1,14,2024-10
0000002383,FE-003,EC,2024-10-15,2722.4,1737.6,KG,X,EC-D1,14,2024-10
0000002384,FE-004,EC,2024-10-15,340.3,223.4,KG,X,EC-D1,14,2024-10
0000002385,FE-001,EC,2024-10-15,14844.0,16232.4,KG,X,EC-D1,15,2024-10
0000002386,FE-002,EC,2024-10-15,3653.9,3563.9,KG,X,EC-D1,15,2024-10
0000002387,FE-003,EC,2024-10-15,2740.4,2377.5,KG,X,EC-D1,15,2024-10
0000002388,FE-004,EC,2024-10-15,342.6,287.8,KG,X,EC-D1,15,2024-10
0000002389,FE-001,EC,2024-10-15,13052.5,10998.9,KG,X,EC-D1,16,2024-10
0000002390,FE-002,EC,2024-10-15,3212.9,2059.1,KG,X,EC-D1,16,2024-10
0000002391,FE-003,EC,2024-10-15,2409.7,2430.0,KG,X,EC-D1,16,2024-10
0000002392,FE-004,EC,2024-10-15,301.2,281.4,KG,X,EC-D1,16,2024-10
0000002393,FE-001,EC,2024-10-15,11761.6,13173.0,KG,X,EC-D1,17,2024-10
0000002394,FE-002,EC,2024-10-15,2895.2,2881.7,KG,X,EC-D1,17,2024-10
0000002395,FE-003,EC,2024-10-15,2171.4,2092.4,KG,X,EC-D1,17,2024-10
0000002396,FE-004,EC,2024-10-15,271.4,247.1,KG,X,EC-D1,17,2024-10
0000002397,FE-001,EC,2024-10-15,10278.9,9053.7,KG,X,EC-D1,18,2024-10
0000002398,FE-002,EC,2024-10-15,2530.2,2833.8,KG,X,EC-D1,18,2024-10
0000002399,FE-003,EC,2024-10-15,1897.6,1507.2,KG,X,EC-D1,18,2024-10
0000002400,FE-004,EC,2024-10-15,237.2,220.9,KG,X,EC-D1,18,2024-10
0000002401,FE-001,EC,2024-10-15,9443.0,8374.7,KG,X,EC-D1,19,2024-10
0000002402,FE-002,EC,2024-10-15,2324.4,1526.6,KG,X,EC-D1,19,2024-10
0000002403,FE-003,EC,2024-10-15,1743.3,1864.6,KG,X,EC-D1,19,2024-10
0000002404,FE-004,EC,2024-10-15,217.9,145.4,KG,X,EC-D1,19,2024-10
0000002405,FE-001,EC,2024-10-15,8886.6,9953.0,KG,X,EC-D1,20,2024-10
0000002406,FE-002,EC,2024-10-15,2187.5,1724.7,KG,X,EC-D1,20,2024-10
0000002407,FE-003,EC,2024-10-15,1640.6,1304.3,KG,X,EC-D1,20,2024-10
0000002408,FE-004,EC,2024-10-15,205.1,185.3,KG,X,EC-D1,20,2024-10
0000002409,FE-001,EC,2024-10-15,13835.4,14774.4,KG,X,EC-D1,21,2024-10
0000002410,FE-002,EC,2024-10-15,3405.6,2750.0,KG,X,EC-D1,21,2024-10
0000002411,FE-003,EC,2024-10-15,2554.2,2119.5,KG,X,EC-D1,21,2024-10
0000002412,FE-004,EC,2024-10-15,319.3,250.8,KG,X,EC-D1,21,2024-10
0000002413,FE-001,EC,2024-10-15,13484.7,11346.5,KG,X,EC-D1,22,2024-10
0000002414,FE-002,EC,2024-10-15,3319.3,3464.4,KG,X,EC-D1,22,2024-10
0000002415,FE-003,EC,2024-10-15,2489.5,2465.6,KG,X,EC-D1,22,2024-10
0000002416,FE-004,EC,2024-10-15,311.2,215.2,KG,X,EC-D1,22,2024-10
0000002417,FE-001,EC,2024-10-15,13427.9,13639.4,KG,X,EC-D1,23,2024-10
0000002418,FE-002,EC,2024-10-15,3305.3,2487.8,KG,X,EC-D1,23,2024-10
0000002419,FE-003,EC,2024-10-15,2479.0,2066.8,KG,X,EC-D1,23,2024-10
0000002420,FE-004,EC,2024-10-15,309.9,323.0,KG,X,EC-D1,23,2024-10
0000002421,FE-001,EC,2024-10-15,10865.9,9340.6,KG,X,EC-D1,24,2024-10
0000002422,FE-002,EC,2024-10-15,2674.7,2424.7,KG,X,EC-D1,24,2024-10
0000002423,FE-003,EC,2024-10-15,2006.0,1732.9,KG,X,EC-D1,24,2024-10
0000002424,FE-004,EC,2024-10-15,250.8,280.8,KG,X,EC-D1,24,2024-10
0000002425,FE-001,EC,2024-10-15,12266.5,7229.2,KG,X,EC-D1,25,2024-10
0000002426,FE-002,EC,2024-10-15,3019.4,2944.3,KG,X,EC-D1,25,2024-10
0000002427,FE-003,EC,2024-10-15,2264.6,2175.4,KG,X,EC-D1,25,2024-10
0000002428,FE-004,EC,2024-10-15,283.1,247.0,KG,X,EC-D1,25,2024-10
0000002429,FE-001,EC,2024-10-15,11657.7,10502.4,KG,X,EC-D1,26,2024-10
0000002430,FE-002,EC,2024-10-15,2869.6,2714.4,KG,X,EC-D1,26,2024-10
0000002431,FE-003,EC,2024-10-15,2152.2,1950.5,KG,X,EC-D1,26,2024-10
0000002432,FE-004,EC,2024-10-15,269.0,192.3,KG,X,EC-D1,26,2024-10
0000002433,FE-001,EC,2024-10-15,12919.9,10641.4,KG,X,EC-D1,27,2024-10
0000002434,FE-002,EC,2024-10-15,3180.3,2655.4,KG,X,EC-D1,27,2024-10
0000002435,FE-003,EC,2024-10-15,2385.2,1553.0,KG,X,EC-D1,27,2024-10
0000002436,FE-004,EC,2024-10-15,298.2,146.1,KG,X,EC-D1,27,2024-10
0000002437,FE-001,EC,2024-10-15,11695.8,12254.7,KG,X,EC-D1,28,2024-10
0000002438,FE-002,EC,2024-10-15,2879.0,3103.9,KG,X,EC-D1,28,2024-10
0000002439,FE-003,EC,2024-10-15,2159.2,2151.1,KG,X,EC-D1,28,2024-10
0000002440,FE-004,EC,2024-10-15,269.9,235.2,KG,X,EC-D1,28,2024-10
0000002441,FE-001,EC,2024-10-15,12797.5,13162.8,KG,X,EC-D1,29,2024-10
0000002442,FE-002,EC,2024-10-15,3150.2,2958.9,KG,X,EC-D1,29,2024-10
0000002443,FE-003,EC,2024-10-15,2362.6,1963.0,KG,X,EC-D1,29,2024-10
0000002444,FE-004,EC,2024-10-15,295.3,245.8,KG,X,EC-D1,29,2024-10
0000002445,FE-001,EC,2024-10-15,13115.9,11015.9,KG,X,EC-D1,30,2024-10
0000002446,FE-002,EC,2024-10-15,3228.5,2138.1,KG,X,EC-D1,30,2024-10
0000002447,FE-003,EC,2024-10-15,2421.4,1277.4,KG,X,EC-D1,30,2024-10
0000002448,FE-004,EC,2024-10-15,302.7,287.8,KG,X,EC-D1,30,2024-10
0000002449,FE-001,EC,2024-10-15,12899.7,9553.4,KG,X,EC-D1,31,2024-10
0000002450,FE-002,EC,2024-10-15,3175.3,3038.1,KG,X,EC-D1,31,2024-10
0000002451,FE-003,EC,2024-10-15,2381.5,1962.8,KG,X,EC-D1,31,2024-10
0000002452,FE-004,EC,2024-10-15,297.7,256.9,KG,X,EC-D1,31,2024-10
0000002453,FE-001,EC,2024-10-15,12860.4,11964.1,KG,X,EC-D1,32,2024-10
0000002454,FE-002,EC,2024-10-15,3165.6,1951.5,KG,X,EC-D1,32,2024-10
0000002455,FE-003,EC,2024-10-15,2374.2,2659.1,KG,X,EC-D1,32,2024-10
0000002456,FE-004,EC,2024-10-15,296.8,273.3,KG,X,EC-D1,32,2024-10
0000002457,FE-001,EC,2024-10-15,14542.5,11235.6,KG,X,EC-D1,33,2024-10
0000002458,FE-002,EC,2024-10-15,3579.7,2161.7,KG,X,EC-D1,33,2024-10
0000002459,FE-003,EC,2024-10-15,2684.8,2547.5,KG,X,EC-D1,33,2024-10
0000002460,FE-004,EC,2024-10-15,335.6,304.3,KG,X,EC-D1,33,2024-10
0000002461,FE-001,EC,2024-10-15,12141.4,7822.5,KG,X,EC-D1,34,2024-10
0000002462,FE-002,EC,2024-10-15,2988.6,3014.3,KG,X,EC-D1,34,2024-10
0000002463,FE-003,EC,2024-10-15,2241.5,1654.5,KG,X,EC-D1,34,2024-10
0000002464,FE-004,EC,2024-10-15,280.2,241.6,KG,X,EC-D1,34,2024-10
0000002465,FE-001,EC,2024-10-15,14287.4,16001.8,KG,X,EC-D1,35,2024-10
0000002466,FE-002,EC,2024-10-15,3516.9,3152.4,KG,X,EC-D1,35,2024-10
0000002467,FE-003,EC,2024-10-15,2637.7,2440.9,KG,X,EC-D1,35,2024-10
0000002468,FE-004,EC,2024-10-15,329.7,348.6,KG,X,EC-D1,35,2024-10
0000002469,FE-001,EC,2024-10-15,13773.1,13052.6,KG,X,EC-D1,36,2024-10
0000002470,FE-002,EC,2024-10-15,3390.3,2487.6,KG,X,EC-D1,36,2024-10
0000002471,FE-003,EC,2024-10-15,2542.7,2747.6,KG,X,EC-D1,36,2024-10
0000002472,FE-004,EC,2024-10-15,317.8,237.2,KG,X,EC-D1,36,2024-10
0000002473,FE-001,EC,2024-10-15,13795.9,9811.1,KG,X,EC-D1,37,2024-10
0000002474,FE-002,EC,2024-10-15,3395.9,2960.3,KG,X,EC-D1,37,2024-10
0000002475,FE-003,EC,2024-10-15,2546.9,2801.2,KG,X,EC-D1,37,2024-10
0000002476,FE-004,EC,2024-10-15,318.4,279.2,KG,X,EC-D1,37,2024-10
0000002477,FE-001,EC,2024-10-15,13062.6,13716.5,KG,X,EC-D1,38,2024-10
0000002478,FE-002,EC,2024-10-15,3215.4,2164.1,KG,X,EC-D1,38,2024-10
0000002479,FE-003,EC,2024-10-15,2411.6,2227.5,KG,X,EC-D1,38,2024-10
0000002480,FE-004,EC,2024-10-15,301.4,293.4,KG,X,EC-D1,38,2024-10
0000002481,FE-001,EC,2024-10-15,13722.7,11743.4,KG,X,EC-D1,39,2024-10
0000002482,FE-002,EC,2024-10-15,3377.9,2774.0,KG,X,EC-D1,39,2024-10
0000002483,FE-003,EC,2024-10-15,2533.4,2733.8,KG,X,EC-D1,39,2024-10
0000002484,FE-004,EC,2024-10-15,316.7,265.2,KG,X,EC-D1,39,2024-10
0000002485,FE-001,EC,2024-10-15,8008.3,7106.0,KG,X,EC-D2,40,2024-10
0000002486,FE-002,EC,2024-10-15,1971.3,2076.6,KG,X,EC-D2,40,2024-10
0000002487,FE-003,EC,2024-10-15,1478.5,1524.3,KG,X,EC-D2,40,2024-10
0000002488,FE-004,EC,2024-10-15,184.8,186.6,KG,X,EC-D2,40,2024-10
0000002489,FE-001,EC,2024-10-15,12028.4,10117.3,KG,X,EC-D2,41,2024-10
0000002490,FE-002,EC,2024-10-15,2960.8,2738.2,KG,X,EC-D2,41,2024-10
0000002491,FE-003,EC,2024-10-15,2220.6,2041.9,KG,X,EC-D2,41,2024-10
0000002492,FE-004,EC,2024-10-15,277.6,295.0,KG,X,EC-D2,41,2024-10
0000002493,FE-001,EC,2024-10-15,12460.5,8507.7,KG,X,EC-D2,42,2024-10
0000002494,FE-002,EC,2024-10-15,3067.2,2190.5,KG,X,EC-D2,42,2024-10
0000002495,FE-003,EC,2024-10-15,2300.4,1818.3,KG,X,EC-D2,42,2024-10
0000002496,FE-004,EC,2024-10-15,287.6,226.6,KG,X,EC-D2,42,2024-10
0000002497,FE-001,EC,2024-10-15,13053.2,8954.4,KG,X,EC-D2,43,2024-10
0000002498,FE-002,EC,2024-10-15,3213.1,3014.4,KG,X,EC-D2,43,2024-10
0000002499,FE-003,EC,2024-10-15,2409.8,2041.8,KG,X,EC-D2,43,2024-10
0000002500,FE-004,EC,2024-10-15,301.2,292.7,KG,X,EC-D2,43,2024-10
0000002501,FE-001,EC,2024-10-15,11972.6,11771.3,KG,X,EC-D2,44,2024-10
0000002502,FE-002,EC,2024-10-15,2947.1,3300.7,KG,X,EC-D2,44,2024-10
0000002503,FE-003,EC,2024-10-15,2210.3,1596.0,KG,X,EC-D2,44,2024-10
0000002504,FE-004,EC,2024-10-15,276.3,206.5,KG,X,EC-D2,44,2024-10
0000002505,FE-001,EC,2024-10-15,12795.6,11965.3,KG,X,EC-D2,45,2024-10
0000002506,FE-002,EC,2024-10-15,3149.7,3039.0,KG,X,EC-D2,45,2024-10
0000002507,FE-003,EC,2024-10-15,2362.3,2207.5,KG,X,EC-D2,45,2024-10
0000002508,FE-004,EC,2024-10-15,295.3,330.7,KG,X,EC-D2,45,2024-10
0000002509,FE-001,EC,2024-10-15,12970.7,12447.6,KG,X,EC-D2,46,2024-10
0000002510,FE-002,EC,2024-10-15,3192.8,2225.2,KG,X,EC-D2,46,2024-10
0000002511,FE-003,EC,2024-10-15,2394.6,2108.6,KG,X,EC-D2,46,2024-10
0000002512,FE-004,EC,2024-10-15,299.3,333.7,KG,X,EC-D2,46,2024-10
0000002513,FE-001,EC,2024-10-15,12543.1,10083.7,KG,X,EC-D2,47,2024-10
0000002514,FE-002,EC,2024-10-15,3087.5,2227.0,KG,X,EC-D2,47,2024-10
0000002515,FE-003,EC,2024-10-15,2315.7,2309.5,KG,X,EC-D2,47,2024-10
0000002516,FE-004,EC,2024-10-15,289.5,211.1,KG,X,EC-D2,47,2024-10
0000002517,FE-001,EC,2024-10-15,11099.9,12431.9,KG,X,EC-D2,49,2024-10
0000002518,FE-002,EC,2024-10-15,2732.3,2678.4,KG,X,EC-D2,49,2024-10
0000002519,FE-003,EC,2024-10-15,2049.2,2000.5,KG,X,EC-D2,49,2024-10
0000002520,FE-004,EC,2024-10-15,256.2,186.0,KG,X,EC-D2,49,2024-10
0000002521,FE-001,EC,2024-10-15,11776.1,7361.6,KG,X,EC-D2,50,2024-10
0000002522,FE-002,EC,2024-10-15,2898.7,1908.1,KG,X,EC-D2,50,2024-10
0000002523,FE-003,EC,2024-10-15,2174.1,2063.9,KG,X,EC-D2,50,2024-10
0000002524,FE-004,EC,2024-10-15,271.8,219.0,KG,X,EC-D2,50,2024-10
0000002525,FE-001,EC,2024-10-15,13318.9,11365.1,KG,X,EC-D2,51,2024-10
0000002526,FE-002,EC,2024-10-15,3278.5,2623.0,KG,X,EC-D2,51,2024-10
0000002527,FE-003,EC,2024-10-15,2458.9,2190.2,KG,X,EC-D2,51,2024-10
0000002528,FE-004,EC,2024-10-15,307.4,294.9,KG,X,EC-D2,51,2024-10
0000002529,FE-001,EC,2024-10-15,11931.5,8387.8,KG,X,EC-D2,52,2024-10
0000002530,FE-002,EC,2024-10-15,2937.0,2436.3,KG,X,EC-D2,52,2024-10
0000002531,FE-003,EC,2024-10-15,2202.7,1657.1,KG,X,EC-D2,52,2024-10
0000002532,FE-004,EC,2024-10-15,275.3,230.1,KG,X,EC-D2,52,2024-10
0000002533,FE-001,EC,2024-10-15,12861.0,14126.2,KG,X,EC-D2,53,2024-10
0000002534,FE-002,EC,2024-10-15,3165.8,1986.6,KG,X,EC-D2,53,2024-10
0000002535,FE-003,EC,2024-10-15,2374.3,1421.9,KG,X,EC-D2,53,2024-10
0000002536,FE-004,EC,2024-10-15,296.8,145.2,KG,X,EC-D2,53,2024-10
0000002537,FE-001,EC,2024-10-15,14015.2,15697.0,KG,X,EC-D2,54,2024-10
0000002538,FE-002,EC,2024-10-15,3449.9,3553.8,KG,X,EC-D2,54,2024-10
0000002539,FE-003,EC,2024-10-15,2587.4,1830.8,KG,X,EC-D2,54,2024-10
0000002540,FE-004,EC,2024-10-15,323.4,335.5,KG,X,EC-D2,54,2024-10
0000002541,FE-001,EC,2024-10-15,13385.4,11773.0,KG,X,EC-D2,55,2024-10
0000002542,FE-002,EC,2024-10-15,3294.9,3690.3,KG,X,EC-D2,55,2024-10
0000002543,FE-003,EC,2024-10-15,2471.2,1960.4,KG,X,EC-D2,55,2024-10
0000002544,FE-004,EC,2024-10-15,308.9,137.7,KG,X,EC-D2,55,2024-10
0000002545,FE-001,EC,2024-10-15,13836.0,9672.8,KG,X,EC-D2,56,2024-10
0000002546,FE-002,EC,2024-10-15,3405.8,2407.0,KG,X,EC-D2,56,2024-10
0000002547,FE-003,EC,2024-10-15,2554.3,2860.9,KG,X,EC-D2,56,2024-10
0000002548,FE-004,EC,2024-10-15,319.3,357.6,KG,X,EC-D2,56,2024-10
0000002549,FE-001,EC,2024-10-15,14239.6,15948.4,KG,X,EC-D2,57,2024-10
0000002550,FE-002,EC,2024-10-15,3505.1,2407.7,KG,X,EC-D2,57,2024-10
0000002551,FE-003,EC,2024-10-15,2628.9,1958.2,KG,X,EC-D2,57,2024-10
0000002552,FE-004,EC,2024-10-15,328.6,293.1,KG,X,EC-D2,57,2024-10
0000002553,FE-001,EC,2024-10-15,13400.0,15008.0,KG,X,EC-D2,58,2024-10
0000002554,FE-002,EC,2024-10-15,3298.5,3584.7,KG,X,EC-D2,58,2024-10
0000002555,FE-003,EC,2024-10-15,2473.8,2264.0,KG,X,EC-D2,58,2024-10
0000002556,FE-004,EC,2024-10-15,309.2,246.4,KG,X,EC-D2,58,2024-10
0000002557,FE-001,EC,2024-10-15,14431.4,13962.0,KG,X,EC-D2,59,2024-10
0000002558,FE-002,EC,2024-10-15,3552.3,2003.0,KG,X,EC-D2,59,2024-10
0000002559,FE-003,EC,2024-10-15,2664.3,1751.3,KG,X,EC-D2,59,2024-10
0000002560,FE-004,EC,2024-10-15,333.0,248.5,KG,X,EC-D2,59,2024-10
0000002561,FE-001,EC,2024-10-15,13524.0,11647.7,KG,X,EC-D2,60,2024-10
0000002562,FE-002,EC,2024-10-15,3329.0,2757.5,KG,X,EC-D2,60,2024-10
0000002563,FE-003,EC,2024-10-15,2496.7,2796.4,KG,X,EC-D2,60,2024-10
0000002564,FE-004,EC,2024-10-15,312.1,295.9,KG,X,EC-D2,60,2024-10
0000002565,FE-001,EC,2024-10-15,8842.2,7225.0,KG,X,EC-D2,62,2024-10
0000002566,FE-002,EC,2024-10-15,2176.5,2006.0,KG,X,EC-D2,62,2024-10
0000002567,FE-003,EC,2024-10-15,1632.4,1706.8,KG,X,EC-D2,62,2024-10
0000002568,FE-004,EC,2024-10-15,204.0,219.6,KG,X,EC-D2,62,2024-10
0000002569,FE-001,EC,2024-10-15,13960.2,13450.3,KG,X,EC-D2,63,2024-10
0000002570,FE-002,EC,2024-10-15,3436.4,2523.4,KG,X,EC-D2,63,2024-10
0000002571,FE-003,EC,2024-10-15,2577.3,2617.1,KG,X,EC-D2,63,2024-10
0000002572,FE-004,EC,2024-10-15,322.2,250.4,KG,X,EC-D2,63,2024-10
0000002573,FE-001,EC,2024-10-15,10845.7,9971.2,KG,X,EC-D2,64,2024-10
0000002574,FE-002,EC,2024-10-15,2669.7,2548.0,KG,X,EC-D2,64,2024-10
0000002575,FE-003,EC,2024-10-15,2002.3,1671.9,KG,X,EC-D2,64,2024-10
0000002576,FE-004,EC,2024-10-15,250.3,190.9,KG,X,EC-D2,64,2024-10
0000002577,FE-001,EC,2024-10-15,6695.6,4614.2,KG,X,EC-D2,65,2024-10
0000002578,FE-002,EC,2024-10-15,1648.1,1137.6,KG,X,EC-D2,65,2024-10
0000002579,FE-003,EC,2024-10-15,1236.1,1015.3,KG,X,EC-D2,65,2024-10
0000002580,FE-004,EC,2024-10-15,154.5,173.1,KG,X,EC-D2,65,2024-10
0000002581,FE-001,EC,2024-10-15,12619.8,9596.8,KG,X,EC-D2,66,2024-10
0000002582,FE-002,EC,2024-10-15,3106.4,2525.4,KG,X,EC-D2,66,2024-10
0000002583,FE-003,EC,2024-10-15,2329.8,2418.5,KG,X,EC-D2,66,2024-10
0000002584,FE-004,EC,2024-10-15,291.2,287.0,KG,X,EC-D2,66,2024-10
0000002585,FE-001,EC,2024-10-15,12194.2,10719.4,KG,X,EC-D2,67,2024-10
0000002586,FE-002,EC,2024-10-15,3001.6,2942.8,KG,X,EC-D2,67,2024-10
0000002587,FE-003,EC,2024-10-15,2251.2,2521.4,KG,X,EC-D2,67,2024-10
0000002588,FE-004,EC,2024-10-15,281.4,264.7,KG,X,EC-D2,67,2024-10
0000002589,FE-001,EC,2024-10-15,8788.8,7451.6,KG,X,EC-D2,68,2024-10
0000002590,FE-002,EC,2024-10-15,2163.4,2293.3,KG,X,EC-D2,68,2024-10
0000002591,FE-003,EC,2024-10-15,1622.6,1528.8,KG,X,EC-D2,68,2024-10
0000002592,FE-004,EC,2024-10-15,202.8,185.1,KG,X,EC-D2,68,2024-10
0000002593,FE-001,EC,2024-10-15,12837.2,13520.5,KG,X,EC-D2,69,2024-10
0000002594,FE-002,EC,2024-10-15,3159.9,2550.7,KG,X,EC-D2,69,2024-10
0000002595,FE-003,EC,2024-10-15,2369.9,2136.6,KG,X,EC-D2,69,2024-10
0000002596,FE-004,EC,2024-10-15,296.2,211.3,KG,X,EC-D2,69,2024-10
0000002597,FE-001,EC,2024-10-15,12741.5,9227.1,KG,X,EC-D2,70,2024-10
0000002598,FE-002,EC,2024-10-15,3136.4,1571.9,KG,X,EC-D2,70,2024-10
0000002599,FE-003,EC,2024-10-15,2352.3,1738.0,KG,X,EC-D2,70,2024-10
0000002600,FE-004,EC,2024-10-15,294.0,282.8,KG,X,EC-D2,70,2024-10
0000002601,FE-001,EC,2024-10-15,12381.5,11785.0,KG,X,EC-D2,71,2024-10
0000002602,FE-002,EC,2024-10-15,3047.8,2421.9,KG,X,EC-D2,71,2024-10
0000002603,FE-003,EC,2024-10-15,2285.8,2449.8,KG,X,EC-D2,71,2024-10
0000002604,FE-004,EC,2024-10-15,285.7,190.9,KG,X,EC-D2,71,2024-10
0000002605,FE-001,EC,2024-10-15,12751.4,12234.1,KG,X,EC-D2,72,2024-10
0000002606,FE-002,EC,2024-10-15,3138.8,3430.7,KG,X,EC-D2,72,2024-10
0000002607,FE-003,EC,2024-10-15,2354.1,2440.4,KG,X,EC-D2,72,2024-10
0000002608,FE-004,EC,2024-10-15,294.3,220.3,KG,X,EC-D2,72,2024-10
0000002609,FE-001,EC,2024-10-15,13292.3,12032.5,KG,X,EC-D2,73,2024-10
0000002610,FE-002,EC,2024-10-15,3272.0,1751.3,KG,X,EC-D2,73,2024-10
0000002611,FE-003,EC,2024-10-15,2454.0,2580.6,KG,X,EC-D2,73,2024-10
0000002612,FE-004,EC,2024-10-15,306.7,320.0,KG,X,EC-D2,73,2024-10
0000002613,FE-001,EC,2024-10-15,12595.3,8878.0,KG,X,EC-D2,74,2024-10
0000002614,FE-002,EC,2024-10-15,3100.4,1730.1,KG,X,EC-D2,74,2024-10
0000002615,FE-003,EC,2024-10-15,2325.3,2072.6,KG,X,EC-D2,74,2024-10
0000002616,FE-004,EC,2024-10-15,290.7,324.4,KG,X,EC-D2,74,2024-10
0000002617,FE-001,EC,2024-10-15,13015.2,9475.7,KG,X,EC-D2,382,2024-10
0000002618,FE-002,EC,2024-10-15,3203.7,2671.4,KG,X,EC-D2,382,2024-10
0000002619,FE-003,EC,2024-10-15,2402.8,2004.5,KG,X,EC-D2,382,2024-10
0000002620,FE-004,EC,2024-10-15,300.3,222.5,KG,X,EC-D2,382,2024-10
0000002621,FE-001,EC,2024-10-15,16718.8,18725.0,KG,X,EC-D3,75,2024-10
0000002622,FE-002,EC,2024-10-15,4115.4,3319.9,KG,X,EC-D3,75,2024-10
0000002623,FE-003,EC,2024-10-15,3086.5,3014.1,KG,X,EC-D3,75,2024-10
0000002624,FE-004,EC,2024-10-15,385.8,300.4,KG,X,EC-D3,75,2024-10
0000002625,FE-001,EC,2024-10-15,12373.3,13041.5,KG,X,EC-D3,76,2024-10
0000002626,FE-002,EC,2024-10-15,3045.7,2457.8,KG,X,EC-D3,76,2024-10
0000002627,FE-003,EC,2024-10-15,2284.3,1345.0,KG,X,EC-D3,76,2024-10
0000002628,FE-004,EC,2024-10-15,285.5,319.8,KG,X,EC-D3,76,2024-10
0000002629,FE-001,EC,2024-10-15,12291.6,9426.9,KG,X,EC-D3,77,2024-10
0000002630,FE-002,EC,2024-10-15,3025.6,2158.1,KG,X,EC-D3,77,2024-10
0000002631,FE-003,EC,2024-10-15,2269.2,1766.5,KG,X,EC-D3,77,2024-10
0000002632,FE-004,EC,2024-10-15,283.7,245.6,KG,X,EC-D3,77,2024-10
0000002633,FE-001,EC,2024-10-15,13080.9,12680.4,KG,X,EC-D3,78,2024-10
0000002634,FE-002,EC,2024-10-15,3219.9,2330.3,KG,X,EC-D3,78,2024-10
0000002635,FE-003,EC,2024-10-15,2414.9,2039.5,KG,X,EC-D3,78,2024-10
0000002636,FE-004,EC,2024-10-15,301.9,278.9,KG,X,EC-D3,78,2024-10
0000002637,FE-001,EC,2024-10-15,8189.5,7943.0,KG,X,EC-D3,79,2024-10
0000002638,FE-002,EC,2024-10-15,2015.9,1893.6,KG,X,EC-D3,79,2024-10
0000002639,FE-003,EC,2024-10-15,1511.9,1357.9,KG,X,EC-D3,79,2024-10
0000002640,FE-004,EC,2024-10-15,189.0,186.0,KG,X,EC-D3,79,2024-10
0000002641,FE-001,EC,2024-10-15,5413.8,4944.2,KG,X,EC-D3,80,2024-10
0000002642,FE-002,EC,2024-10-15,1332.6,1163.1,KG,X,EC-D3,80,2024-10
0000002643,FE-003,EC,2024-10-15,999.5,709.8,KG,X,EC-D3,80,2024-10
0000002644,FE-004,EC,2024-10-15,124.9,110.7,KG,X,EC-D3,80,2024-10
0000002645,FE-001,EC,2024-10-15,3588.6,2469.7,KG,X,EC-D3,81,2024-10
0000002646,FE-002,EC,2024-10-15,883.3,748.5,KG,X,EC-D3,81,2024-10
0000002647,FE-003,EC,2024-10-15,662.5,569.5,KG,X,EC-D3,81,2024-10
0000002648,FE-004,EC,2024-10-15,82.8,82.9,KG,X,EC-D3,81,2024-10
0000002649,FE-001,EC,2024-10-15,1123.1,763.1,KG,X,EC-D3,82,2024-10
0000002650,FE-002,EC,2024-10-15,276.5,298.7,KG,X,EC-D3,82,2024-10
0000002651,FE-003,EC,2024-10-15,207.3,201.6,KG,X,EC-D3,82,2024-10
0000002652,FE-004,EC,2024-10-15,25.9,25.1,KG,X,EC-D3,82,2024-10
0000002653,FE-001,EC,2024-10-15,16409.5,12898.6,KG,X,EC-D3,83,2024-10
0000002654,FE-002,EC,2024-10-15,4039.3,4110.9,KG,X,EC-D3,83,2024-10
0000002655,FE-003,EC,2024-10-15,3029.4,2671.4,KG,X,EC-D3,83,2024-10
0000002656,FE-004,EC,2024-10-15,378.7,258.6,KG,X,EC-D3,83,2024-10
0000002657,FE-001,EC,2024-10-15,14361.0,15066.3,KG,X,EC-D3,84,2024-10
0000002658,FE-002,EC,2024-10-15,3535.0,2360.1,KG,X,EC-D3,84,2024-10
0000002659,FE-003,EC,2024-10-15,2651.3,2486.7,KG,X,EC-D3,84,2024-10
0000002660,FE-004,EC,2024-10-15,331.4,303.7,KG,X,EC-D3,84,2024-10
0000002661,FE-001,EC,2024-10-15,10465.6,11001.0,KG,X,EC-D3,85,2024-10
0000002662,FE-002,EC,2024-10-15,2576.1,2038.8,KG,X,EC-D3,85,2024-10
0000002663,FE-003,EC,2024-10-15,1932.1,2079.2,KG,X,EC-D3,85,2024-10
0000002664,FE-004,EC,2024-10-15,241.5,270.0,KG,X,EC-D3,85,2024-10
0000002665,FE-001,EC,2024-10-15,16776.3,17430.3,KG,X,EC-D3,86,2024-10
0000002666,FE-002,EC,2024-10-15,4129.5,3983.7,KG,X,EC-D3,86,2024-10
0000002667,FE-003,EC,2024-10-15,3097.2,2886.4,KG,X,EC-D3,86,2024-10
0000002668,FE-004,EC,2024-10-15,387.1,325.7,KG,X,EC-D3,86,2024-10
0000002669,FE-001,EC,2024-10-15,13247.5,14284.0,KG,X,EC-D3,87,2024-10
0000002670,FE-002,EC,2024-10-15,3260.9,2660.6,KG,X,EC-D3,87,2024-10
0000002671,FE-003,EC,2024-10-15,2445.7,1412.1,KG,X,EC-D3,87,2024-10
0000002672,FE-004,EC,2024-10-15,305.7,290.5,KG,X,EC-D3,87,2024-10
0000002673,FE-001,EC,2024-10-15,12001.5,11795.2,KG,X,EC-D3,88,2024-10
0000002674,FE-002,EC,2024-10-15,2954.2,2752.6,KG,X,EC-D3,88,2024-10
0000002675,FE-003,EC,2024-10-15,2215.7,1757.2,KG,X,EC-D3,88,2024-10
0000002676,FE-004,EC,2024-10-15,277.0,215.9,KG,X,EC-D3,88,2024-10
0000002677,FE-001,EC,2024-10-15,13784.4,9065.2,KG,X,EC-D3,89,2024-10
0000002678,FE-002,EC,2024-10-15,3393.1,3352.3,KG,X,EC-D3,89,2024-10
0000002679,FE-003,EC,2024-10-15,2544.8,1993.8,KG,X,EC-D3,89,2024-10
0000002680,FE-004,EC,2024-10-15,318.1,234.6,KG,X,EC-D3,89,2024-10
0000002681,FE-001,EC,2024-10-15,12058.0,12073.8,KG,X,EC-D3,90,2024-10
0000002682,FE-002,EC,2024-10-15,2968.1,2884.9,KG,X,EC-D3,90,2024-10
0000002683,FE-003,EC,2024-10-15,2226.1,1867.3,KG,X,EC-D3,90,2024-10
0000002684,FE-004,EC,2024-10-15,278.3,288.4,KG,X,EC-D3,90,2024-10
0000002685,FE-001,EC,2024-10-15,7082.6,5309.9,KG,X,EC-D3,91,2024-10
0000002686,FE-002,EC,2024-10-15,1743.4,1534.5,KG,X,EC-D3,91,2024-10
0000002687,FE-003,EC,2024-10-15,1307.6,1204.7,KG,X,EC-D3,91,2024-10
0000002688,FE-004,EC,2024-10-15,163.4,145.7,KG,X,EC-D3,91,2024-10
0000002689,FE-001,EC,2024-10-15,14839.6,12901.4,KG,X,EC-D3,92,2024-10
0000002690,FE-002,EC,2024-10-15,3652.8,2432.6,KG,X,EC-D3,92,2024-10
0000002691,FE-003,EC,2024-10-15,2739.6,2601.5,KG,X,EC-D3,92,2024-10
0000002692,FE-004,EC,2024-10-15,342.5,330.9,KG,X,EC-D3,92,2024-10
0000002693,FE-001,EC,2024-10-15,17517.2,18596.5,KG,X,EC-D3,93,2024-10
0000002694,FE-002,EC,2024-10-15,4311.9,3029.1,KG,X,EC-D3,93,2024-10
0000002695,FE-003,EC,2024-10-15,3233.9,2941.8,KG,X,EC-D3,93,2024-10
0000002696,FE-004,EC,2024-10-15,404.2,343.7,KG,X,EC-D3,93,2024-10
0000002697,FE-001,EC,2024-10-15,9081.9,6827.8,KG,X,EC-D3,94,2024-10
0000002698,FE-002,EC,2024-10-15,2235.6,2097.1,KG,X,EC-D3,94,2024-10
0000002699,FE-003,EC,2024-10-15,1676.7,1389.3,KG,X,EC-D3,94,2024-10
0000002700,FE-004,EC,2024-10-15,209.6,231.6,KG,X,EC-D3,94,2024-10
0000002701,FE-001,EC,2024-10-15,13126.0,10182.6,KG,X,EC-D3,95,2024-10
0000002702,FE-002,EC,2024-10-15,3231.0,2444.7,KG,X,EC-D3,95,2024-10
0000002703,FE-003,EC,2024-10-15,2423.3,1986.9,KG,X,EC-D3,95,2024-10
0000002704,FE-004,EC,2024-10-15,302.9,323.0,KG,X,EC-D3,95,2024-10
0000002705,FE-001,EC,2024-10-15,15823.4,15214.6,KG,X,EC-D3,96,2024-10
0000002706,FE-002,EC,2024-10-15,3895.0,2785.9,KG,X,EC-D3,96,2024-10
0000002707,FE-003,EC,2024-10-15,2921.2,3271.8,KG,X,EC-D3,96,2024-10
0000002708,FE-004,EC,2024-10-15,365.2,360.4,KG,X,EC-D3,96,2024-10
0000002709,FE-001,EC,2024-10-15,9928.7,11120.1,KG,X,EC-D3,97,2024-10
0000002710,FE-002,EC,2024-10-15,2444.0,2737.3,KG,X,EC-D3,97,2024-10
0000002711,FE-003,EC,2024-10-15,1833.0,1468.2,KG,X,EC-D3,97,2024-10
0000002712,FE-004,EC,2024-10-15,229.1,137.0,KG,X,EC-D3,97,2024-10
0000002713,FE-001,EC,2024-10-15,14160.6,11916.0,KG,X,EC-D3,98,2024-10
0000002714,FE-002,EC,2024-10-15,3485.7,3066.8,KG,X,EC-D3,98,2024-10
0000002715,FE-003,EC,2024-10-15,2614.3,2338.9,KG,X,EC-D3,98,2024-10
0000002716,FE-004,EC,2024-10-15,326.8,286.1,KG,X,EC-D3,98,2024-10
0000002717,FE-001,EC,2024-10-15,6213.6,3410.7,KG,X,EC-D3,99,2024-10
0000002718,FE-002,EC,2024-10-15,1529.5,1163.1,KG,X,EC-D3,99,2024-10
0000002719,FE-003,EC,2024-10-15,1147.1,1284.8,KG,X,EC-D3,99,2024-10
0000002720,FE-004,EC,2024-10-15,143.4,109.1,KG,X,EC-D3,99,2024-10
0000002721,FE-001,EC,2024-10-15,11611.8,11229.9,KG,X,EC-D3,100,2024-10
0000002722,FE-002,EC,2024-10-15,2858.3,2618.2,KG,X,EC-D3,100,2024-10
0000002723,FE-003,EC,2024-10-15,2143.7,1512.3,KG,X,EC-D3,100,2024-10
0000002724,FE-004,EC,2024-10-15,268.0,265.3,KG,X,EC-D3,100,2024-10
0000002725,FE-001,EC,2024-10-15,19929.4,19556.4,KG,X,EC-D3,101,2024-10
0000002726,FE-002,EC,2024-10-15,4905.7,4094.7,KG,X,EC-D3,101,2024-10
0000002727,FE-003,EC,2024-10-15,3679.3,3356.4,KG,X,EC-D3,101,2024-10
0000002728,FE-004,EC,2024-10-15,459.9,345.0,KG,X,EC-D3,101,2024-10
0000002729,FE-001,EC,2024-10-15,11696.4,10720.8,KG,X,EC-D3,102,2024-10
0000002730,FE-002,EC,2024-10-15,2879.1,2822.0,KG,X,EC-D3,102,2024-10
0000002731,FE-003,EC,2024-10-15,2159.3,2418.5,KG,X,EC-D3,102,2024-10
0000002732,FE-004,EC,2024-10-15,269.9,197.0,KG,X,EC-D3,102,2024-10
0000002733,FE-001,EC,2024-10-15,12192.8,12402.3,KG,X,EC-D3,103,2024-10
0000002734,FE-002,EC,2024-10-15,3001.3,1757.5,KG,X,EC-D3,103,2024-10
0000002735,FE-003,EC,2024-10-15,2251.0,2521.1,KG,X,EC-D3,103,2024-10
0000002736,FE-004,EC,2024-10-15,281.4,315.1,KG,X,EC-D3,103,2024-10
0000002737,FE-001,EC,2024-10-15,15099.4,11190.0,KG,X,EC-D3,104,2024-10
0000002738,FE-002,EC,2024-10-15,3716.8,3462.5,KG,X,EC-D3,104,2024-10
0000002739,FE-003,EC,2024-10-15,2787.6,2377.4,KG,X,EC-D3,104,2024-10
0000002740,FE-004,EC,2024-10-15,348.4,390.3,KG,X,EC-D3,104,2024-10
0000002741,FE-001,EC,2024-10-15,8287.1,7428.6,KG,X,EC-D3,105,2024-10
0000002742,FE-002,EC,2024-10-15,2039.9,1494.3,KG,X,EC-D3,105,2024-10
0000002743,FE-003,EC,2024-10-15,1529.9,1154.4,KG,X,EC-D3,105,2024-10
0000002744,FE-004,EC,2024-10-15,191.2,180.3,KG,X,EC-D3,105,2024-10
0000002745,FE-001,EC,2024-10-15,4238.9,3729.3,KG,X,EC-D3,106,2024-10
0000002746,FE-002,EC,2024-10-15,1043.4,1168.6,KG,X,EC-D3,106,2024-10
0000002747,FE-003,EC,2024-10-15,782.6,650.5,KG,X,EC-D3,106,2024-10
0000002748,FE-004,EC,2024-10-15,97.8,96.2,KG,X,EC-D3,106,2024-10
0000002749,FE-001,EC,2024-10-15,14273.8,12775.7,KG,X,EC-D3,107,2024-10
0000002750,FE-002,EC,2024-10-15,3513.6,2660.9,KG,X,EC-D3,107,2024-10
0000002751,FE-003,EC,2024-10-15,2635.2,2033.4,KG,X,EC-D3,107,2024-10
0000002752,FE-004,EC,2024-10-15,329.4,337.3,KG,X,EC-D3,107,2024-10
0000002753,FE-001,EC,2024-10-15,18019.0,15608.8,KG,X,EC-D3,108,2024-10
0000002754,FE-002,EC,2024-10-15,4435.5,4578.5,KG,X,EC-D3,108,2024-10
0000002755,FE-003,EC,2024-10-15,3326.6,2853.2,KG,X,EC-D3,108,2024-10
0000002756,FE-004,EC,2024-10-15,415.8,352.3,KG,X,EC-D3,108,2024-10
0000002757,FE-001,EC,2024-10-15,11547.1,11857.8,KG,X,EC-D3,109,2024-10
0000002758,FE-002,EC,2024-10-15,2842.4,2288.4,KG,X,EC-D3,109,2024-10
0000002759,FE-003,EC,2024-10-15,2131.8,2157.4,KG,X,EC-D3,109,2024-10
0000002760,FE-004,EC,2024-10-15,266.5,232.8,KG,X,EC-D3,109,2024-10
0000002761,FE-001,EC,2024-10-15,11053.2,10795.7,KG,X,EC-D3,110,2024-10
0000002762,FE-002,EC,2024-10-15,2720.8,2766.7,KG,X,EC-D3,110,2024-10
0000002763,FE-003,EC,2024-10-15,2040.6,1496.8,KG,X,EC-D3,110,2024-10
0000002764,FE-004,EC,2024-10-15,255.1,204.5,KG,X,EC-D3,110,2024-10
0000002765,FE-001,EC,2024-10-15,18560.2,18301.9,KG,X,EC-D3,111,2024-10
0000002766,FE-002,EC,2024-10-15,4568.7,3562.5,KG,X,EC-D3,111,2024-10
0000002767,FE-003,EC,2024-10-15,3426.5,3399.1,KG,X,EC-D3,111,2024-10
0000002768,FE-004,EC,2024-10-15,428.3,336.6,KG,X,EC-D3,111,2024-10
0000002769,FE-001,EC,2024-10-15,9955.0,11149.6,KG,X,EC-D3,112,2024-10
0000002770,FE-002,EC,2024-10-15,2450.5,2192.7,KG,X,EC-D3,112,2024-10
0000002771,FE-003,EC,2024-10-15,1837.8,1427.8,KG,X,EC-D3,112,2024-10
0000002772,FE-004,EC,2024-10-15,229.7,206.6,KG,X,EC-D3,112,2024-10
0000002773,FE-001,EC,2024-10-15,12504.6,9028.2,KG,X,EC-D3,113,2024-10
0000002774,FE-002,EC,2024-10-15,3078.1,2618.6,KG,X,EC-D3,113,2024-10
0000002775,FE-003,EC,2024-10-15,2308.5,2163.4,KG,X,EC-D3,113,2024-10
0000002776,FE-004,EC,2024-10-15,288.6,234.1,KG,X,EC-D3,113,2024-10
0000002777,FE-001,EC,2024-10-15,8289.1,7103.6,KG,X,EC-D3,114,2024-10
0000002778,FE-002,EC,2024-10-15,2040.4,2104.1,KG,X,EC-D3,114,2024-10
0000002779,FE-003,EC,2024-10-15,1530.3,1381.8,KG,X,EC-D3,114,2024-10
0000002780,FE-004,EC,2024-10-15,191.3,143.3,KG,X,EC-D3,114,2024-10
0000002781,FE-001,EC,2024-10-15,10037.0,9605.8,KG,X,EC-D3,115,2024-10
0000002782,FE-002,EC,2024-10-15,2470.6,2237.4,KG,X,EC-D3,115,2024-10
0000002783,FE-003,EC,2024-10-15,1853.0,1868.3,KG,X,EC-D3,115,2024-10
0000002784,FE-004,EC,2024-10-15,231.6,199.5,KG,X,EC-D3,115,2024-10
0000002785,FE-001,EC,2024-10-15,6045.3,6700.1,KG,X,EC-D3,116,2024-10
0000002786,FE-002,EC,2024-10-15,1488.1,1355.7,KG,X,EC-D3,116,2024-10
0000002787,FE-003,EC,2024-10-15,1116.0,1250.0,KG,X,EC-D3,116,2024-10
0000002788,FE-004,EC,2024-10-15,139.5,120.2,KG,X,EC-D3,116,2024-10
0000002789,FE-001,EC,2024-10-15,4653.0,3594.2,KG,X,EC-D3,117,2024-10
0000002790,FE-002,EC,2024-10-15,1145.3,1217.5,KG,X,EC-D3,117,2024-10
0000002791,FE-003,EC,2024-10-15,859.0,524.2,KG,X,EC-D3,117,2024-10
0000002792,FE-004,EC,2024-10-15,107.4,81.7,KG,X,EC-D3,117,2024-10
0000002793,FE-001,EC,2024-10-15,5264.7,4943.5,KG,X,EC-D3,118,2024-10
0000002794,FE-002,EC,2024-10-15,1295.9,1207.1,KG,X,EC-D3,118,2024-10
0000002795,FE-003,EC,2024-10-15,971.9,1088.6,KG,X,EC-D3,118,2024-10
0000002796,FE-004,EC,2024-10-15,121.5,117.4,KG,X,EC-D3,118,2024-10
0000002797,FE-001,EC,2024-10-15,1748.0,1742.1,KG,X,EC-D3,119,2024-10
0000002798,FE-002,EC,2024-10-15,430.3,324.9,KG,X,EC-D3,119,2024-10
0000002799,FE-003,EC,2024-10-15,322.7,275.2,KG,X,EC-D3,119,2024-10
0000002800,FE-004,EC,2024-10-15,40.3,27.4,KG,X,EC-D3,119,2024-10
0000002801,FE-001,EC,2024-10-15,5716.9,5432.7,KG,X,EC-D3,120,2024-10
0000002802,FE-002,EC,2024-10-15,1407.2,1339.7,KG,X,EC-D3,120,2024-10
0000002803,FE-003,EC,2024-10-15,1055.4,995.3,KG,X,EC-D3,120,2024-10
0000002804,FE-004,EC,2024-10-15,131.9,118.6,KG,X,EC-D3,120,2024-10
0000002805,FE-001,EC,2024-10-15,2137.6,2047.1,KG,X,EC-D3,121,2024-10
0000002806,FE-002,EC,2024-10-15,526.2,488.8,KG,X,EC-D3,121,2024-10
0000002807,FE-003,EC,2024-10-15,394.6,286.6,KG,X,EC-D3,121,2024-10
0000002808,FE-004,EC,2024-10-15,49.3,46.3,KG,X,EC-D3,121,2024-10
0000002809,FE-001,EC,2024-10-15,1234.6,1262.1,KG,X,EC-D3,369,2024-10
0000002810,FE-002,EC,2024-10-15,303.9,304.6,KG,X,EC-D3,369,2024-10
0000002811,FE-003,EC,2024-10-15,227.9,177.8,KG,X,EC-D3,369,2024-10
0000002812,FE-004,EC,2024-10-15,28.5,27.3,KG,X,EC-D3,369,2024-10
0000002813,FE-001,EC,2024-10-15,993.0,1021.0,KG,X,EC-D3,370,2024-10
0000002814,FE-002,EC,2024-10-15,244.4,166.4,KG,X,EC-D3,370,2024-10
0000002815,FE-003,EC,2024-10-15,183.3,141.3,KG,X,EC-D3,370,2024-10
0000002816,FE-004,EC,2024-10-15,22.9,19.7,KG,X,EC-D3,370,2024-10
0000002817,FE-001,EC,2024-10-15,6417.3,5447.5,KG,X,EC-D4,122,2024-10
0000002818,FE-002,EC,2024-10-15,1579.6,1653.8,KG,X,EC-D4,122,2024-10
0000002819,FE-003,EC,2024-10-15,1184.7,1137.5,KG,X,EC-D4,122,2024-10
0000002820,FE-004,EC,2024-10-15,148.1,165.9,KG,X,EC-D4,122,2024-10
0000002821,FE-001,EC,2024-10-15,5125.0,5740.0,KG,X,EC-D4,123,2024-10
0000002822,FE-002,EC,2024-10-15,1261.5,1160.9,KG,X,EC-D4,123,2024-10
0000002823,FE-003,EC,2024-10-15,946.2,850.5,KG,X,EC-D4,123,2024-10
0000002824,FE-004,EC,2024-10-15,118.3,81.9,KG,X,EC-D4,123,2024-10
0000002825,FE-001,EC,2024-10-15,4861.2,5152.0,KG,X,EC-D4,124,2024-10
0000002826,FE-002,EC,2024-10-15,1196.6,1036.8,KG,X,EC-D4,124,2024-10
0000002827,FE-003,EC,2024-10-15,897.5,1005.2,KG,X,EC-D4,124,2024-10
0000002828,FE-004,EC,2024-10-15,112.2,94.4,KG,X,EC-D4,124,2024-10
0000002829,FE-001,EC,2024-10-15,2784.3,2581.2,KG,X,EC-D4,125,2024-10
0000002830,FE-002,EC,2024-10-15,685.4,598.5,KG,X,EC-D4,125,2024-10
0000002831,FE-003,EC,2024-10-15,514.0,402.4,KG,X,EC-D4,125,2024-10
0000002832,FE-004,EC,2024-10-15,64.3,56.5,KG,X,EC-D4,125,2024-10
0000002833,FE-001,EC,2024-10-15,2872.8,2733.4,KG,X,EC-D4,126,2024-10
0000002834,FE-002,EC,2024-10-15,707.2,712.2,KG,X,EC-D4,126,2024-10
0000002835,FE-003,EC,2024-10-15,530.4,431.9,KG,X,EC-D4,126,2024-10
0000002836,FE-004,EC,2024-10-15,66.3,74.3,KG,X,EC-D4,126,2024-10
0000002837,FE-001,EC,2024-10-15,1293.3,1069.5,KG,X,EC-D4,127,2024-10
0000002838,FE-002,EC,2024-10-15,318.4,292.8,KG,X,EC-D4,127,2024-10
0000002839,FE-003,EC,2024-10-15,238.8,202.8,KG,X,EC-D4,127,2024-10
0000002840,FE-004,EC,2024-10-15,29.8,16.5,KG,X,EC-D4,127,2024-10
0000002841,FE-001,EC,2024-10-15,12879.4,11678.2,KG,X,EC-D4,128,2024-10
0000002842,FE-002,EC,2024-10-15,3170.3,2412.4,KG,X,EC-D4,128,2024-10
0000002843,FE-003,EC,2024-10-15,2377.7,2234.8,KG,X,EC-D4,128,2024-10
0000002844,FE-004,EC,2024-10-15,297.2,310.1,KG,X,EC-D4,128,2024-10
0000002845,FE-001,EC,2024-10-15,9881.5,8698.8,KG,X,EC-D4,129,2024-10
0000002846,FE-002,EC,2024-10-15,2432.4,1844.2,KG,X,EC-D4,129,2024-10
0000002847,FE-003,EC,2024-10-15,1824.3,1125.9,KG,X,EC-D4,129,2024-10
0000002848,FE-004,EC,2024-10-15,228.0,207.2,KG,X,EC-D4,129,2024-10
0000002849,FE-001,EC,2024-10-15,13971.2,14050.4,KG,X,EC-D4,130,2024-10
0000002850,FE-002,EC,2024-10-15,3439.1,3174.3,KG,X,EC-D4,130,2024-10
0000002851,FE-003,EC,2024-10-15,2579.3,1975.5,KG,X,EC-D4,130,2024-10
0000002852,FE-004,EC,2024-10-15,322.4,220.5,KG,X,EC-D4,130,2024-10
0000002853,FE-001,EC,2024-10-15,14003.8,13535.2,KG,X,EC-D4,131,2024-10
0000002854,FE-002,EC,2024-10-15,3447.1,2369.3,KG,X,EC-D4,131,2024-10
0000002855,FE-003,EC,2024-10-15,2585.3,2086.8,KG,X,EC-D4,131,2024-10
0000002856,FE-004,EC,2024-10-15,323.2,248.7,KG,X,EC-D4,131,2024-10
0000002857,FE-001,EC,2024-10-15,15323.0,17161.8,KG,X,EC-D4,132,2024-10
0000002858,FE-002,EC,2024-10-15,3771.8,3645.9,KG,X,EC-D4,132,2024-10
0000002859,FE-003,EC,2024-10-15,2828.9,2979.3,KG,X,EC-D4,132,2024-10
0000002860,FE-004,EC,2024-10-15,353.6,318.8,KG,X,EC-D4,132,2024-10
0000002861,FE-001,EC,2024-10-15,10343.3,7038.3,KG,X,EC-D4,133,2024-10
0000002862,FE-002,EC,2024-10-15,2546.0,2673.8,KG,X,EC-D4,133,2024-10
0000002863,FE-003,EC,2024-10-15,1909.5,1193.7,KG,X,EC-D4,133,2024-10
0000002864,FE-004,EC,2024-10-15,238.7,267.3,KG,X,EC-D4,133,2024-10
0000002865,FE-001,EC,2024-10-15,15942.8,12471.6,KG,X,EC-D4,134,2024-10
0000002866,FE-002,EC,2024-10-15,3924.4,3550.1,KG,X,EC-D4,134,2024-10
0000002867,FE-003,EC,2024-10-15,2943.3,2397.4,KG,X,EC-D4,134,2024-10
0000002868,FE-004,EC,2024-10-15,367.9,412.1,KG,X,EC-D4,134,2024-10
0000002869,FE-001,EC,2024-10-15,12355.4,8968.6,KG,X,EC-D4,135,2024-10
0000002870,FE-002,EC,2024-10-15,3041.3,3124.3,KG,X,EC-D4,135,2024-10
0000002871,FE-003,EC,2024-10-15,2281.0,1808.0,KG,X,EC-D4,135,2024-10
0000002872,FE-004,EC,2024-10-15,285.1,235.7,KG,X,EC-D4,135,2024-10
0000002873,FE-001,EC,2024-10-15,14967.3,12767.4,KG,X,EC-D4,136,2024-10
0000002874,FE-002,EC,2024-10-15,3684.2,2982.0,KG,X,EC-D4,136,2024-10
0000002875,FE-003,EC,2024-10-15,2763.2,2593.1,KG,X,EC-D4,136,2024-10
0000002876,FE-004,EC,2024-10-15,345.4,386.8,KG,X,EC-D4,136,2024-10
0000002877,FE-001,EC,2024-10-15,13938.8,11237.3,KG,X,EC-D4,137,2024-10
0000002878,FE-002,EC,2024-10-15,3431.1,2399.7,KG,X,EC-D4,137,2024-10
0000002879,FE-003,EC,2024-10-15,2573.3,2072.7,KG,X,EC-D4,137,2024-10
0000002880,FE-004,EC,2024-10-15,321.7,334.7,KG,X,EC-D4,137,2024-10
0000002881,FE-001,EC,2024-10-15,17574.5,18659.0,KG,X,EC-D4,138,2024-10
0000002882,FE-002,EC,2024-10-15,4326.0,4419.8,KG,X,EC-D4,138,2024-10
0000002883,FE-003,EC,2024-10-15,3244.5,2993.0,KG,X,EC-D4,138,2024-10
0000002884,FE-004,EC,2024-10-15,405.6,452.8,KG,X,EC-D4,138,2024-10
0000002885,FE-001,EC,2024-10-15,10401.3,9967.1,KG,X,EC-D4,139,2024-10
0000002886,FE-002,EC,2024-10-15,2560.3,1644.8,KG,X,EC-D4,139,2024-10
0000002887,FE-003,EC,2024-10-15,1920.2,2150.7,KG,X,EC-D4,139,2024-10
0000002888,FE-004,EC,2024-10-15,240.0,176.1,KG,X,EC-D4,139,2024-10
0000002889,FE-001,EC,2024-10-15,12029.1,10852.5,KG,X,EC-D4,140,2024-10
0000002890,FE-002,EC,2024-10-15,2961.0,2264.8,KG,X,EC-D4,140,2024-10
0000002891,FE-003,EC,2024-10-15,2220.8,1880.6,KG,X,EC-D4,140,2024-10
0000002892,FE-004,EC,2024-10-15,277.6,199.7,KG,X,EC-D4,140,2024-10
0000002893,FE-001,EC,2024-10-15,12917.8,12246.8,KG,X,EC-D4,141,2024-10
0000002894,FE-002,EC,2024-10-15,3179.8,2848.2,KG,X,EC-D4,141,2024-10
0000002895,FE-003,EC,2024-10-15,2384.8,2413.8,KG,X,EC-D4,141,2024-10
0000002896,FE-004,EC,2024-10-15,298.1,295.2,KG,X,EC-D4,141,2024-10
0000002897,FE-001,EC,2024-10-15,11342.9,8594.3,KG,X,EC-D4,142,2024-10
0000002898,FE-002,EC,2024-10-15,2792.1,3024.9,KG,X,EC-D4,142,2024-10
0000002899,FE-003,EC,2024-10-15,2094.1,2158.9,KG,X,EC-D4,142,2024-10
0000002900,FE-004,EC,2024-10-15,261.8,114.3,KG,X,EC-D4,142,2024-10
0000002901,FE-001,EC,2024-10-15,11102.8,10172.0,KG,X,EC-D4,143,2024-10
0000002902,FE-002,EC,2024-10-15,2733.0,2181.6,KG,X,EC-D4,143,2024-10
0000002903,FE-003,EC,2024-10-15,2049.7,1691.7,KG,X,EC-D4,143,2024-10
0000002904,FE-004,EC,2024-10-15,256.2,258.7,KG,X,EC-D4,143,2024-10
0000002905,FE-001,EC,2024-10-15,11811.5,10697.8,KG,X,EC-D4,144,2024-10
0000002906,FE-002,EC,2024-10-15,2907.4,2083.3,KG,X,EC-D4,144,2024-10
0000002907,FE-003,EC,2024-10-15,2180.6,1881.3,KG,X,EC-D4,144,2024-10
0000002908,FE-004,EC,2024-10-15,272.6,173.9,KG,X,EC-D4,144,2024-10
0000002909,FE-001,EC,2024-10-15,17439.6,19532.4,KG,X,EC-D4,145,2024-10
0000002910,FE-002,EC,2024-10-15,4292.8,2738.2,KG,X,EC-D4,145,2024-10
0000002911,FE-003,EC,2024-10-15,3219.6,2089.6,KG,X,EC-D4,145,2024-10
0000002912,FE-004,EC,2024-10-15,402.5,437.2,KG,X,EC-D4,145,2024-10
0000002913,FE-001,EC,2024-10-15,12713.6,9642.4,KG,X,EC-D4,146,2024-10
0000002914,FE-002,EC,2024-10-15,3129.5,2997.3,KG,X,EC-D4,146,2024-10
0000002915,FE-003,EC,2024-10-15,2347.1,1665.0,KG,X,EC-D4,146,2024-10
0000002916,FE-004,EC,2024-10-15,293.4,278.9,KG,X,EC-D4,146,2024-10
0000002917,FE-001,EC,2024-10-15,12103.1,13555.4,KG,X,EC-D4,147,2024-10
0000002918,FE-002,EC,2024-10-15,2979.2,2922.2,KG,X,EC-D4,147,2024-10
0000002919,FE-003,EC,2024-10-15,2234.4,2502.5,KG,X,EC-D4,147,2024-10
0000002920,FE-004,EC,2024-10-15,279.3,292.1,KG,X,EC-D4,147,2024-10
0000002921,FE-001,EC,2024-10-15,15069.4,16714.6,KG,X,EC-D4,148,2024-10
0000002922,FE-002,EC,2024-10-15,3709.4,3173.6,KG,X,EC-D4,148,2024-10
0000002923,FE-003,EC,2024-10-15,2782.0,2844.7,KG,X,EC-D4,148,2024-10
0000002924,FE-004,EC,2024-10-15,347.8,296.1,KG,X,EC-D4,148,2024-10
0000002925,FE-001,EC,2024-10-15,11705.9,10782.3,KG,X,EC-D4,149,2024-10
0000002926,FE-002,EC,2024-10-15,2881.5,2413.3,KG,X,EC-D4,149,2024-10
0000002927,FE-003,EC,2024-10-15,2161.1,2323.4,KG,X,EC-D4,149,2024-10
0000002928,FE-004,EC,2024-10-15,270.1,243.2,KG,X,EC-D4,149,2024-10
0000002929,FE-001,EC,2024-10-15,13834.5,9494.2,KG,X,EC-D4,150,2024-10
0000002930,FE-002,EC,2024-10-15,3405.4,2758.0,KG,X,EC-D4,150,2024-10
0000002931,FE-003,EC,2024-10-15,2554.1,2860.6,KG,X,EC-D4,150,2024-10
0000002932,FE-004,EC,2024-10-15,319.3,301.4,KG,X,EC-D4,150,2024-10
0000002933,FE-001,EC,2024-10-15,13949.7,12479.2,KG,X,EC-D4,151,2024-10
0000002934,FE-002,EC,2024-10-15,3433.8,3096.2,KG,X,EC-D4,151,2024-10
0000002935,FE-003,EC,2024-10-15,2575.3,1789.6,KG,X,EC-D4,151,2024-10
0000002936,FE-004,EC,2024-10-15,321.9,299.3,KG,X,EC-D4,151,2024-10
0000002937,FE-001,EC,2024-10-15,12807.3,11167.3,KG,X,EC-D4,152,2024-10
0000002938,FE-002,EC,2024-10-15,3152.6,3064.3,KG,X,EC-D4,152,2024-10
0000002939,FE-003,EC,2024-10-15,2364.4,2182.3,KG,X,EC-D4,152,2024-10
0000002940,FE-004,EC,2024-10-15,295.6,273.5,KG,X,EC-D4,152,2024-10
0000002941,FE-001,EC,2024-10-15,15654.9,15388.7,KG,X,EC-D4,153,2024-10
0000002942,FE-002,EC,2024-10-15,3853.5,3134.2,KG,X,EC-D4,153,2024-10
0000002943,FE-003,EC,2024-10-15,2890.1,2106.6,KG,X,EC-D4,153,2024-10
0000002944,FE-004,EC,2024-10-15,361.3,280.5,KG,X,EC-D4,153,2024-10
0000002945,FE-001,EC,2024-10-15,820.2,853.1,KG,X,EC-D4,154,2024-10
0000002946,FE-002,EC,2024-10-15,201.9,168.3,KG,X,EC-D4,154,2024-10
0000002947,FE-003,EC,2024-10-15,151.4,84.1,KG,X,EC-D4,154,2024-10
0000002948,FE-004,EC,2024-10-15,18.9,17.4,KG,X,EC-D4,154,2024-10
0000002949,FE-001,EC,2024-10-15,4704.1,4824.4,KG,X,EC-D4,155,2024-10
0000002950,FE-002,EC,2024-10-15,1157.9,837.8,KG,X,EC-D4,155,2024-10
0000002951,FE-003,EC,2024-10-15,868.4,629.8,KG,X,EC-D4,155,2024-10
0000002952,FE-004,EC,2024-10-15,108.6,107.8,KG,X,EC-D4,155,2024-10
0000002953,FE-001,EC,2024-10-15,10204.2,8985.3,KG,X,EC-D4,156,2024-10
0000002954,FE-002,EC,2024-10-15,2511.8,2208.9,KG,X,EC-D4,156,2024-10
0000002955,FE-003,EC,2024-10-15,1883.8,1761.6,KG,X,EC-D4,156,2024-10
0000002956,FE-004,EC,2024-10-15,235.5,243.3,KG,X,EC-D4,156,2024-10
0000002957,FE-001,EC,2024-10-15,16003.3,11430.9,KG,X,EC-D4,157,2024-10
0000002958,FE-002,EC,2024-10-15,3939.3,3508.9,KG,X,EC-D4,157,2024-10
0000002959,FE-003,EC,2024-10-15,2954.5,2135.6,KG,X,EC-D4,157,2024-10
0000002960,FE-004,EC,2024-10-15,369.3,249.0,KG,X,EC-D4,157,2024-10
0000002961,FE-001,EC,2024-10-15,16163.6,14267.3,KG,X,EC-D4,158,2024-10
0000002962,FE-002,EC,2024-10-15,3978.7,2549.9,KG,X,EC-D4,158,2024-10
0000002963,FE-003,EC,2024-10-15,2984.1,2243.9,KG,X,EC-D4,158,2024-10
0000002964,FE-004,EC,2024-10-15,373.0,417.8,KG,X,EC-D4,158,2024-10
0000002965,FE-001,EC,2024-10-15,11075.4,10720.6,KG,X,EC-D4,159,2024-10
0000002966,FE-002,EC,2024-10-15,2726.2,3053.4,KG,X,EC-D4,159,2024-10
0000002967,FE-003,EC,2024-10-15,2044.7,1262.4,KG,X,EC-D4,159,2024-10
0000002968,FE-004,EC,2024-10-15,255.6,219.3,KG,X,EC-D4,159,2024-10
0000002969,FE-001,EC,2024-10-15,15735.6,11153.7,KG,X,EC-D4,160,2024-10
0000002970,FE-002,EC,2024-10-15,3873.4,3846.7,KG,X,EC-D4,160,2024-10
0000002971,FE-003,EC,2024-10-15,2905.0,2274.2,KG,X,EC-D4,160,2024-10
0000002972,FE-004,EC,2024-10-15,363.1,381.1,KG,X,EC-D4,160,2024-10
0000002973,FE-001,EC,2024-10-15,5999.4,4628.1,KG,X,EC-D4,163,2024-10
0000002974,FE-002,EC,2024-10-15,1476.8,1373.2,KG,X,EC-D4,163,2024-10
0000002975,FE-003,EC,2024-10-15,1107.6,1090.7,KG,X,EC-D4,163,2024-10
0000002976,FE-004,EC,2024-10-15,138.4,155.1,KG,X,EC-D4,163,2024-10
0000002977,FE-001,EC,2024-10-15,6275.4,6135.7,KG,X,EC-D4,164,2024-10
0000002978,FE-002,EC,2024-10-15,1544.7,1325.6,KG,X,EC-D4,164,2024-10
0000002979,FE-003,EC,2024-10-15,1158.5,1297.6,KG,X,EC-D4,164,2024-10
0000002980,FE-004,EC,2024-10-15,144.8,148.3,KG,X,EC-D4,164,2024-10
0000002981,FE-001,EC,2024-10-15,8315.8,5097.2,KG,X,EC-D4,165,2024-10
0000002982,FE-002,EC,2024-10-15,2047.0,1511.4,KG,X,EC-D4,165,2024-10
0000002983,FE-003,EC,2024-10-15,1535.2,952.6,KG,X,EC-D4,165,2024-10
0000002984,FE-004,EC,2024-10-15,191.9,149.8,KG,X,EC-D4,165,2024-10
0000002985,FE-001,EC,2024-10-15,7214.9,7201.3,KG,X,EC-D4,166,2024-10
0000002986,FE-002,EC,2024-10-15,1776.0,1628.1,KG,X,EC-D4,166,2024-10
0000002987,FE-003,EC,2024-10-15,1332.0,1491.8,KG,X,EC-D4,166,2024-10
0000002988,FE-004,EC,2024-10-15,166.5,186.5,KG,X,EC-D4,166,2024-10
0000002989,FE-001,EC,2024-10-15,16574.9,17470.9,KG,X,EC-D5,168,2024-10
0000002990,FE-002,EC,2024-10-15,4080.0,4569.6,KG,X,EC-D5,168,2024-10
0000002991,FE-003,EC,2024-10-15,3060.0,3427.2,KG,X,EC-D5,168,2024-10
0000002992,FE-004,EC,2024-10-15,382.5,354.1,KG,X,EC-D5,168,2024-10
0000002993,FE-001,EC,2024-10-15,16553.3,16065.2,KG,X,EC-D5,169,2024-10
0000002994,FE-002,EC,2024-10-15,4074.7,4563.6,KG,X,EC-D5,169,2024-10
0000002995,FE-003,EC,2024-10-15,3056.0,2636.0,KG,X,EC-D5,169,2024-10
0000002996,FE-004,EC,2024-10-15,382.0,354.5,KG,X,EC-D5,169,2024-10
0000002997,FE-001,EC,2024-10-15,13777.3,8596.5,KG,X,EC-D5,170,2024-10
0000002998,FE-002,EC,2024-10-15,3391.3,3178.2,KG,X,EC-D5,170,2024-10
0000002999,FE-003,EC,2024-10-15,2543.5,1872.8,KG,X,EC-D5,170,2024-10
0000003000,FE-004,EC,2024-10-15,317.9,280.1,KG,X,EC-D5,170,2024-10
0000003001,FE-001,EC,2024-10-15,9801.1,9759.1,KG,X,EC-D5,171,2024-10
0000003002,FE-002,EC,2024-10-15,2412.6,1884.4,KG,X,EC-D5,171,2024-10
0000003003,FE-003,EC,2024-10-15,1809.4,1721.1,KG,X,EC-D5,171,2024-10
0000003004,FE-004,EC,2024-10-15,226.2,253.3,KG,X,EC-D5,171,2024-10
0000003005,FE-001,EC,2024-10-15,11024.0,8564.5,KG,X,EC-D5,172,2024-10
0000003006,FE-002,EC,2024-10-15,2713.6,1711.6,KG,X,EC-D5,172,2024-10
0000003007,FE-003,EC,2024-10-15,2035.2,1673.8,KG,X,EC-D5,172,2024-10
0000003008,FE-004,EC,2024-10-15,254.4,222.8,KG,X,EC-D5,172,2024-10
0000003009,FE-001,EC,2024-10-15,9003.9,7757.5,KG,X,EC-D5,173,2024-10
0000003010,FE-002,EC,2024-10-15,2216.3,2102.7,KG,X,EC-D5,173,2024-10
0000003011,FE-003,EC,2024-10-15,1662.3,1538.9,KG,X,EC-D5,173,2024-10
0000003012,FE-004,EC,2024-10-15,207.8,152.8,KG,X,EC-D5,173,2024-10
0000003013,FE-001,EC,2024-10-15,5194.1,4767.1,KG,X,EC-D5,174,2024-10
0000003014,FE-002,EC,2024-10-15,1278.5,1350.4,KG,X,EC-D5,174,2024-10
0000003015,FE-003,EC,2024-10-15,958.9,957.7,KG,X,EC-D5,174,2024-10
0000003016,FE-004,EC,2024-10-15,119.9,97.5,KG,X,EC-D5,174,2024-10
0000003017,FE-001,EC,2024-10-15,12555.2,10727.4,KG,X,EC-D5,176,2024-10
0000003018,FE-002,EC,2024-10-15,3090.5,2358.7,KG,X,EC-D5,176,2024-10
0000003019,FE-003,EC,2024-10-15,2317.9,2051.1,KG,X,EC-D5,176,2024-10
0000003020,FE-004,EC,2024-10-15,289.7,324.5,KG,X,EC-D5,176,2024-10
0000003021,FE-001,EC,2024-10-15,13008.7,12226.7,KG,X,EC-D5,177,2024-10
0000003022,FE-002,EC,2024-10-15,3202.2,2037.7,KG,X,EC-D5,177,2024-10
0000003023,FE-003,EC,2024-10-15,2401.6,1697.2,KG,X,EC-D5,177,2024-10
0000003024,FE-004,EC,2024-10-15,300.2,197.4,KG,X,EC-D5,177,2024-10
0000003025,FE-001,EC,2024-10-15,11920.3,13350.7,KG,X,EC-D5,178,2024-10
0000003026,FE-002,EC,2024-10-15,2934.2,2688.8,KG,X,EC-D5,178,2024-10
0000003027,FE-003,EC,2024-10-15,2200.7,1992.3,KG,X,EC-D5,178,2024-10
0000003028,FE-004,EC,2024-10-15,275.1,184.9,KG,X,EC-D5,178,2024-10
0000003029,FE-001,EC,2024-10-15,11275.1,12628.1,KG,X,EC-D5,179,2024-10
0000003030,FE-002,EC,2024-10-15,2775.4,1622.8,KG,X,EC-D5,179,2024-10
0000003031,FE-003,EC,2024-10-15,2081.6,1740.1,KG,X,EC-D5,179,2024-10
0000003032,FE-004,EC,2024-10-15,260.2,272.0,KG,X,EC-D5,179,2024-10
0000003033,FE-001,EC,2024-10-15,13092.1,11924.4,KG,X,EC-D5,180,2024-10
0000003034,FE-002,EC,2024-10-15,3222.7,3200.1,KG,X,EC-D5,180,2024-10
0000003035,FE-003,EC,2024-10-15,2417.0,2014.4,KG,X,EC-D5,180,2024-10
0000003036,FE-004,EC,2024-10-15,302.1,293.5,KG,X,EC-D5,180,2024-10
0000003037,FE-001,EC,2024-10-15,14211.9,14527.1,KG,X,EC-D5,181,2024-10
0000003038,FE-002,EC,2024-10-15,3498.3,3918.1,KG,X,EC-D5,181,2024-10
0000003039,FE-003,EC,2024-10-15,2623.7,2291.1,KG,X,EC-D5,181,2024-10
0000003040,FE-004,EC,2024-10-15,328.0,335.4,KG,X,EC-D5,181,2024-10
0000003041,FE-001,EC,2024-10-15,9639.8,9608.9,KG,X,EC-D5,182,2024-10
0000003042,FE-002,EC,2024-10-15,2372.9,1699.8,KG,X,EC-D5,182,2024-10
0000003043,FE-003,EC,2024-10-15,1779.7,1689.4,KG,X,EC-D5,182,2024-10
0000003044,FE-004,EC,2024-10-15,222.5,180.2,KG,X,EC-D5,182,2024-10
0000003045,FE-001,EC,2024-10-15,8518.3,8773.2,KG,X,EC-D5,184,2024-10
0000003046,FE-002,EC,2024-10-15,2096.8,1473.4,KG,X,EC-D5,184,2024-10
0000003047,FE-003,EC,2024-10-15,1572.6,1407.8,KG,X,EC-D5,184,2024-10
0000003048,FE-004,EC,2024-10-15,196.6,178.2,KG,X,EC-D5,184,2024-10
0000003049,FE-001,EC,2024-10-15,12579.4,13356.3,KG,X,EC-D5,185,2024-10
0000003050,FE-002,EC,2024-10-15,3096.5,2313.9,KG,X,EC-D5,185,2024-10
0000003051,FE-003,EC,2024-10-15,2322.4,2287.8,KG,X,EC-D5,185,2024-10
0000003052,FE-004,EC,2024-10-15,290.3,278.4,KG,X,EC-D5,185,2024-10
0000003053,FE-001,EC,2024-10-15,12680.2,10245.1,KG,X,EC-D5,186,2024-10
0000003054,FE-002,EC,2024-10-15,3121.3,2455.3,KG,X,EC-D5,186,2024-10
0000003055,FE-003,EC,2024-10-15,2341.0,2525.6,KG,X,EC-D5,186,2024-10
0000003056,FE-004,EC,2024-10-15,292.6,240.5,KG,X,EC-D5,186,2024-10
0000003057,FE-001,EC,2024-10-15,14839.2,10272.3,KG,X,EC-D5,187,2024-10
0000003058,FE-002,EC,2024-10-15,3652.7,3916.7,KG,X,EC-D5,187,2024-10
0000003059,FE-003,EC,2024-10-15,2739.5,2100.7,KG,X,EC-D5,187,2024-10
0000003060,FE-004,EC,2024-10-15,342.4,277.6,KG,X,EC-D5,187,2024-10
0000003061,FE-001,EC,2024-10-15,14222.1,12055.6,KG,X,EC-D5,188,2024-10
0000003062,FE-002,EC,2024-10-15,3500.8,1648.8,KG,X,EC-D5,188,2024-10
0000003063,FE-003,EC,2024-10-15,2625.6,2783.1,KG,X,EC-D5,188,2024-10
0000003064,FE-004,EC,2024-10-15,328.2,261.6,KG,X,EC-D5,188,2024-10
0000003065,FE-001,EC,2024-10-15,17280.6,18728.0,KG,X,EC-D5,189,2024-10
0000003066,FE-002,EC,2024-10-15,4253.7,3830.1,KG,X,EC-D5,189,2024-10
0000003067,FE-003,EC,2024-10-15,3190.3,3573.1,KG,X,EC-D5,189,2024-10
0000003068,FE-004,EC,2024-10-15,398.8,307.9,KG,X,EC-D5,189,2024-10
0000003069,FE-001,EC,2024-10-15,12200.3,11619.5,KG,X,EC-D5,190,2024-10
0000003070,FE-002,EC,2024-10-15,3003.2,2118.7,KG,X,EC-D5,190,2024-10
0000003071,FE-003,EC,2024-10-15,2252.4,1991.4,KG,X,EC-D5,190,2024-10
0000003072,FE-004,EC,2024-10-15,281.5,253.3,KG,X,EC-D5,190,2024-10
0000003073,FE-001,EC,2024-10-15,5151.2,4959.4,KG,X,EC-D5,192,2024-10
0000003074,FE-002,EC,2024-10-15,1268.0,1043.1,KG,X,EC-D5,192,2024-10
0000003075,FE-003,EC,2024-10-15,951.0,749.3,KG,X,EC-D5,192,2024-10
0000003076,FE-004,EC,2024-10-15,118.9,121.8,KG,X,EC-D5,192,2024-10
0000003077,FE-001,EC,2024-10-15,13316.0,13131.4,KG,X,EC-D5,193,2024-10
0000003078,FE-002,EC,2024-10-15,3277.8,3429.9,KG,X,EC-D5,193,2024-10
0000003079,FE-003,EC,2024-10-15,2458.3,1869.3,KG,X,EC-D5,193,2024-10
0000003080,FE-004,EC,2024-10-15,307.3,344.2,KG,X,EC-D5,193,2024-10
0000003081,FE-001,EC,2024-10-15,12936.2,12717.7,KG,X,EC-D5,194,2024-10
0000003082,FE-002,EC,2024-10-15,3184.3,2710.9,KG,X,EC-D5,194,2024-10
0000003083,FE-003,EC,2024-10-15,2388.2,2276.4,KG,X,EC-D5,194,2024-10
0000003084,FE-004,EC,2024-10-15,298.5,284.6,KG,X,EC-D5,194,2024-10
0000003085,FE-001,EC,2024-10-15,12587.7,10268.0,KG,X,EC-D5,195,2024-10
0000003086,FE-002,EC,2024-10-15,3098.5,3027.1,KG,X,EC-D5,195,2024-10
0000003087,FE-003,EC,2024-10-15,2323.9,2602.7,KG,X,EC-D5,195,2024-10
0000003088,FE-004,EC,2024-10-15,290.5,232.2,KG,X,EC-D5,195,2024-10
0000003089,FE-001,EC,2024-10-15,15170.0,14847.0,KG,X,EC-D5,196,2024-10
0000003090,FE-002,EC,2024-10-15,3734.1,2814.7,KG,X,EC-D5,196,2024-10
0000003091,FE-003,EC,2024-10-15,2800.6,1670.1,KG,X,EC-D5,196,2024-10
0000003092,FE-004,EC,2024-10-15,350.1,286.0,KG,X,EC-D5,196,2024-10
0000003093,FE-001,EC,2024-10-15,13862.1,9918.3,KG,X,EC-D5,197,2024-10
0000003094,FE-002,EC,2024-10-15,3412.2,2526.6,KG,X,EC-D5,197,2024-10
0000003095,FE-003,EC,2024-10-15,2559.2,2866.3,KG,X,EC-D5,197,2024-10
0000003096,FE-004,EC,2024-10-15,319.9,257.3,KG,X,EC-D5,197,2024-10
0000003097,FE-001,EC,2024-10-15,4160.2,3321.8,KG,X,EC-D5,198,2024-10
0000003098,FE-002,EC,2024-10-15,1024.0,902.8,KG,X,EC-D5,198,2024-10
0000003099,FE-003,EC,2024-10-15,768.0,860.2,KG,X,EC-D5,198,2024-10
0000003100,FE-004,EC,2024-10-15,96.0,81.0,KG,X,EC-D5,198,2024-10
0000003101,FE-001,EC,2024-10-15,7794.9,4916.2,KG,X,EC-D5,199,2024-10
0000003102,FE-002,EC,2024-10-15,1918.7,1480.4,KG,X,EC-D5,199,2024-10
0000003103,FE-003,EC,2024-10-15,1439.1,1426.2,KG,X,EC-D5,199,2024-10
0000003104,FE-004,EC,2024-10-15,179.9,120.8,KG,X,EC-D5,199,2024-10
0000003105,FE-001,EC,2024-10-15,9236.2,6199.8,KG,X,EC-D5,200,2024-10
0000003106,FE-002,EC,2024-10-15,2273.5,1877.6,KG,X,EC-D5,200,2024-10
0000003107,FE-003,EC,2024-10-15,1705.1,1801.5,KG,X,EC-D5,200,2024-10
0000003108,FE-004,EC,2024-10-15,213.1,177.0,KG,X,EC-D5,200,2024-10
0000003109,FE-001,EC,2024-10-15,18921.5,16175.6,KG,X,EC-D5,201,2024-10
0000003110,FE-002,EC,2024-10-15,4657.6,3704.9,KG,X,EC-D5,201,2024-10
0000003111,FE-003,EC,2024-10-15,3493.2,3629.3,KG,X,EC-D5,201,2024-10
0000003112,FE-004,EC,2024-10-15,436.7,436.2,KG,X,EC-D5,201,2024-10
0000003113,FE-001,EC,2024-10-15,13442.6,12126.5,KG,X,EC-D5,202,2024-10
0000003114,FE-002,EC,2024-10-15,3308.9,3315.8,KG,X,EC-D5,202,2024-10
0000003115,FE-003,EC,2024-10-15,2481.7,2573.8,KG,X,EC-D5,202,2024-10
0000003116,FE-004,EC,2024-10-15,310.2,189.2,KG,X,EC-D5,202,2024-10
0000003117,FE-001,EC,2024-10-15,1753.6,1407.0,KG,X,EC-D5,373,2024-10
0000003118,FE-002,EC,2024-10-15,431.7,475.9,KG,X,EC-D5,373,2024-10
0000003119,FE-003,EC,2024-10-15,323.7,266.9,KG,X,EC-D5,373,2024-10
0000003120,FE-004,EC,2024-10-15,40.5,31.3,KG,X,EC-D5,373,2024-10
0000003121,FE-001,EC,2024-10-15,21505.6,18834.6,KG,X,EC-D6,203,2024-10
0000003122,FE-002,EC,2024-10-15,5293.7,4018.9,KG,X,EC-D6,203,2024-10
0000003123,FE-003,EC,2024-10-15,3970.3,4446.7,KG,X,EC-D6,203,2024-10
0000003124,FE-004,EC,2024-10-15,496.3,454.4,KG,X,EC-D6,203,2024-10
0000003125,FE-001,EC,2024-10-15,15239.2,10856.0,KG,X,EC-D6,204,2024-10
0000003126,FE-002,EC,2024-10-15,3751.2,4201.3,KG,X,EC-D6,204,2024-10
0000003127,FE-003,EC,2024-10-15,2813.4,2718.6,KG,X,EC-D6,204,2024-10
0000003128,FE-004,EC,2024-10-15,351.7,291.5,KG,X,EC-D6,204,2024-10
0000003129,FE-001,EC,2024-10-15,11235.8,11002.5,KG,X,EC-D6,205,2024-10
0000003130,FE-002,EC,2024-10-15,2765.7,2105.9,KG,X,EC-D6,205,2024-10
0000003131,FE-003,EC,2024-10-15,2074.3,2323.2,KG,X,EC-D6,205,2024-10
0000003132,FE-004,EC,2024-10-15,259.3,278.0,KG,X,EC-D6,205,2024-10
0000003133,FE-001,EC,2024-10-15,11227.4,9411.8,KG,X,EC-D6,206,2024-10
0000003134,FE-002,EC,2024-10-15,2763.7,1407.1,KG,X,EC-D6,206,2024-10
0000003135,FE-003,EC,2024-10-15,2072.8,2136.7,KG,X,EC-D6,206,2024-10
0000003136,FE-004,EC,2024-10-15,259.1,242.6,KG,X,EC-D6,206,2024-10
0000003137,FE-001,EC,2024-10-15,12913.3,9104.6,KG,X,EC-D6,207,2024-10
0000003138,FE-002,EC,2024-10-15,3178.7,2701.5,KG,X,EC-D6,207,2024-10
0000003139,FE-003,EC,2024-10-15,2384.0,2670.1,KG,X,EC-D6,207,2024-10
0000003140,FE-004,EC,2024-10-15,298.0,265.8,KG,X,EC-D6,207,2024-10
0000003141,FE-001,EC,2024-10-15,12401.5,9554.2,KG,X,EC-D6,208,2024-10
0000003142,FE-002,EC,2024-10-15,3052.7,1869.5,KG,X,EC-D6,208,2024-10
0000003143,FE-003,EC,2024-10-15,2289.5,2564.3,KG,X,EC-D6,208,2024-10
0000003144,FE-004,EC,2024-10-15,286.2,256.2,KG,X,EC-D6,208,2024-10
0000003145,FE-001,EC,2024-10-15,12255.5,8128.1,KG,X,EC-D6,209,2024-10
0000003146,FE-002,EC,2024-10-15,3016.7,2546.7,KG,X,EC-D6,209,2024-10
0000003147,FE-003,EC,2024-10-15,2262.6,1970.4,KG,X,EC-D6,209,2024-10
0000003148,FE-004,EC,2024-10-15,282.8,316.8,KG,X,EC-D6,209,2024-10
0000003149,FE-001,EC,2024-10-15,14752.7,16523.0,KG,X,EC-D6,210,2024-10
0000003150,FE-002,EC,2024-10-15,3631.4,3172.0,KG,X,EC-D6,210,2024-10
0000003151,FE-003,EC,2024-10-15,2723.6,2064.0,KG,X,EC-D6,210,2024-10
0000003152,FE-004,EC,2024-10-15,340.4,381.3,KG,X,EC-D6,210,2024-10
0000003153,FE-001,EC,2024-10-15,12287.8,10722.0,KG,X,EC-D6,211,2024-10
0000003154,FE-002,EC,2024-10-15,3024.7,2687.6,KG,X,EC-D6,211,2024-10
0000003155,FE-003,EC,2024-10-15,2268.5,1037.3,KG,X,EC-D6,211,2024-10
0000003156,FE-004,EC,2024-10-15,283.6,300.1,KG,X,EC-D6,211,2024-10
0000003157,FE-001,EC,2024-10-15,12127.1,9897.3,KG,X,EC-D6,212,2024-10
0000003158,FE-002,EC,2024-10-15,2985.1,3056.4,KG,X,EC-D6,212,2024-10
0000003159,FE-003,EC,2024-10-15,2238.8,1924.1,KG,X,EC-D6,212,2024-10
0000003160,FE-004,EC,2024-10-15,279.9,246.9,KG,X,EC-D6,212,2024-10
0000003161,FE-001,EC,2024-10-15,12906.5,10650.5,KG,X,EC-D6,213,2024-10
0000003162,FE-002,EC,2024-10-15,3177.0,2280.0,KG,X,EC-D6,213,2024-10
0000003163,FE-003,EC,2024-10-15,2382.7,2524.5,KG,X,EC-D6,213,2024-10
0000003164,FE-004,EC,2024-10-15,297.8,320.5,KG,X,EC-D6,213,2024-10
0000003165,FE-001,EC,2024-10-15,15622.3,16728.7,KG,X,EC-D6,214,2024-10
0000003166,FE-002,EC,2024-10-15,3845.5,3406.1,KG,X,EC-D6,214,2024-10
0000003167,FE-003,EC,2024-10-15,2884.1,2470.2,KG,X,EC-D6,214,2024-10
0000003168,FE-004,EC,2024-10-15,360.5,343.8,KG,X,EC-D6,214,2024-10
0000003169,FE-001,EC,2024-10-15,13398.0,9953.5,KG,X,EC-D6,215,2024-10
0000003170,FE-002,EC,2024-10-15,3298.0,3002.8,KG,X,EC-D6,215,2024-10
0000003171,FE-003,EC,2024-10-15,2473.5,2172.5,KG,X,EC-D6,215,2024-10
0000003172,FE-004,EC,2024-10-15,309.2,246.4,KG,X,EC-D6,215,2024-10
0000003173,FE-001,EC,2024-10-15,14181.6,14349.6,KG,X,EC-D6,216,2024-10
0000003174,FE-002,EC,2024-10-15,3490.8,3155.0,KG,X,EC-D6,216,2024-10
0000003175,FE-003,EC,2024-10-15,2618.1,1847.1,KG,X,EC-D6,216,2024-10
0000003176,FE-004,EC,2024-10-15,327.3,298.0,KG,X,EC-D6,216,2024-10
0000003177,FE-001,EC,2024-10-15,13600.3,9517.5,KG,X,EC-D6,222,2024-10
0000003178,FE-002,EC,2024-10-15,3347.8,3215.0,KG,X,EC-D6,222,2024-10
0000003179,FE-003,EC,2024-10-15,2510.8,2812.1,KG,X,EC-D6,222,2024-10
0000003180,FE-004,EC,2024-10-15,313.9,299.9,KG,X,EC-D6,222,2024-10
0000003181,FE-001,EC,2024-10-15,12804.8,8905.2,KG,X,EC-D6,223,2024-10
0000003182,FE-002,EC,2024-10-15,3152.0,2366.1,KG,X,EC-D6,223,2024-10
0000003183,FE-003,EC,2024-10-15,2364.0,1617.1,KG,X,EC-D6,223,2024-10
0000003184,FE-004,EC,2024-10-15,295.5,216.7,KG,X,EC-D6,223,2024-10
0000003185,FE-001,EC,2024-10-15,12358.9,10047.2,KG,X,EC-D6,230,2024-10
0000003186,FE-002,EC,2024-10-15,3042.2,2939.6,KG,X,EC-D6,230,2024-10
0000003187,FE-003,EC,2024-10-15,2281.6,2315.5,KG,X,EC-D6,230,2024-10
0000003188,FE-004,EC,2024-10-15,285.2,264.6,KG,X,EC-D6,230,2024-10
0000003189,FE-001,EC,2024-10-15,13199.3,8165.2,KG,X,EC-D6,245,2024-10
0000003190,FE-002,EC,2024-10-15,3249.1,3594.6,KG,X,EC-D6,245,2024-10
0000003191,FE-003,EC,2024-10-15,2436.8,2523.4,KG,X,EC-D6,245,2024-10
0000003192,FE-004,EC,2024-10-15,304.6,276.5,KG,X,EC-D6,245,2024-10
0000003193,FE-001,EC,2024-10-15,10100.8,6311.2,KG,X,EC-D6,246,2024-10
0000003194,FE-002,EC,2024-10-15,2486.4,2295.7,KG,X,EC-D6,246,2024-10
0000003195,FE-003,EC,2024-10-15,1864.8,1774.1,KG,X,EC-D6,246,2024-10
0000003196,FE-004,EC,2024-10-15,233.1,160.7,KG,X,EC-D6,246,2024-10
0000003197,FE-001,EC,2024-10-15,7045.7,7891.2,KG,X,EC-D6,247,2024-10
0000003198,FE-002,EC,2024-10-15,1734.3,1309.8,KG,X,EC-D6,247,2024-10
0000003199,FE-003,EC,2024-10-15,1300.7,976.9,KG,X,EC-D6,247,2024-10
0000003200,FE-004,EC,2024-10-15,162.6,166.2,KG,X,EC-D6,247,2024-10
0000003201,FE-001,EC,2024-10-15,15186.3,12504.2,KG,X,EC-D6,248,2024-10
0000003202,FE-002,EC,2024-10-15,3738.2,3357.8,KG,X,EC-D6,248,2024-10
0000003203,FE-003,EC,2024-10-15,2803.6,2972.6,KG,X,EC-D6,248,2024-10
0000003204,FE-004,EC,2024-10-15,350.5,351.4,KG,X,EC-D6,248,2024-10
0000003205,FE-001,EC,2024-10-15,11889.1,7006.0,KG,X,EC-D6,249,2024-10
0000003206,FE-002,EC,2024-10-15,2926.6,3167.2,KG,X,EC-D6,249,2024-10
0000003207,FE-003,EC,2024-10-15,2194.9,1748.1,KG,X,EC-D6,249,2024-10
0000003208,FE-004,EC,2024-10-15,274.4,235.9,KG,X,EC-D6,249,2024-10
0000003209,FE-001,EC,2024-10-15,12038.2,9806.7,KG,X,EC-D6,250,2024-10
0000003210,FE-002,EC,2024-10-15,2963.3,2182.8,KG,X,EC-D6,250,2024-10
0000003211,FE-003,EC,2024-10-15,2222.4,1947.6,KG,X,EC-D6,250,2024-10
0000003212,FE-004,EC,2024-10-15,277.8,265.7,KG,X,EC-D6,250,2024-10
0000003213,FE-001,EC,2024-10-15,11607.6,11357.1,KG,X,EC-D6,251,2024-10
0000003214,FE-002,EC,2024-10-15,2857.3,1981.3,KG,X,EC-D6,251,2024-10
0000003215,FE-003,EC,2024-10-15,2142.9,1677.9,KG,X,EC-D6,251,2024-10
0000003216,FE-004,EC,2024-10-15,267.9,227.2,KG,X,EC-D6,251,2024-10
0000003217,FE-001,EC,2024-10-15,13376.9,12815.7,KG,X,EC-D6,252,2024-10
0000003218,FE-002,EC,2024-10-15,3292.8,2779.5,KG,X,EC-D6,252,2024-10
0000003219,FE-003,EC,2024-10-15,2469.6,1825.3,KG,X,EC-D6,252,2024-10
0000003220,FE-004,EC,2024-10-15,308.7,327.3,KG,X,EC-D6,252,2024-10
0000003221,FE-001,EC,2024-10-15,8308.1,7953.8,KG,X,EC-D6,253,2024-10
0000003222,FE-002,EC,2024-10-15,2045.1,1510.6,KG,X,EC-D6,253,2024-10
0000003223,FE-003,EC,2024-10-15,1533.8,1531.3,KG,X,EC-D6,253,2024-10
0000003224,FE-004,EC,2024-10-15,191.7,184.2,KG,X,EC-D6,253,2024-10
0000003225,FE-001,EC,2024-10-15,8914.3,4170.7,KG,X,EC-D6,254,2024-10
0000003226,FE-002,EC,2024-10-15,2194.3,1587.6,KG,X,EC-D6,254,2024-10
0000003227,FE-003,EC,2024-10-15,1645.7,923.6,KG,X,EC-D6,254,2024-10
0000003228,FE-004,EC,2024-10-15,205.7,181.1,KG,X,EC-D6,254,2024-10
0000003229,FE-001,EC,2024-10-15,14121.9,15816.6,KG,X,EC-D6,255,2024-10
0000003230,FE-002,EC,2024-10-15,3476.2,2438.7,KG,X,EC-D6,255,2024-10
0000003231,FE-003,EC,2024-10-15,2607.1,2670.8,KG,X,EC-D6,255,2024-10
0000003232,FE-004,EC,2024-10-15,325.9,359.3,KG,X,EC-D6,255,2024-10
0000003233,FE-001,EC,2024-10-15,15022.9,12042.4,KG,X,EC-D6,256,2024-10
0000003234,FE-002,EC,2024-10-15,3697.9,3655.3,KG,X,EC-D6,256,2024-10
0000003235,FE-003,EC,2024-10-15,2773.4,2937.2,KG,X,EC-D6,256,2024-10
0000003236,FE-004,EC,2024-10-15,346.7,388.3,KG,X,EC-D6,256,2024-10
0000003237,FE-001,EC,2024-10-15,12807.8,12621.1,KG,X,EC-D6,257,2024-10
0000003238,FE-002,EC,2024-10-15,3152.7,2805.0,KG,X,EC-D6,257,2024-10
0000003239,FE-003,EC,2024-10-15,2364.5,1756.9,KG,X,EC-D6,257,2024-10
0000003240,FE-004,EC,2024-10-15,295.6,331.0,KG,X,EC-D6,257,2024-10
0000003241,FE-001,EC,2024-10-15,5357.3,5180.2,KG,X,EC-D6,258,2024-10
0000003242,FE-002,EC,2024-10-15,1318.7,1266.2,KG,X,EC-D6,258,2024-10
0000003243,FE-003,EC,2024-10-15,989.0,657.9,KG,X,EC-D6,258,2024-10
0000003244,FE-004,EC,2024-10-15,123.6,138.5,KG,X,EC-D6,258,2024-10
0000003245,FE-001,EC,2024-10-15,13637.5,14052.8,KG,X,EC-D6,259,2024-10
0000003246,FE-002,EC,2024-10-15,3356.9,2501.7,KG,X,EC-D6,259,2024-10
0000003247,FE-003,EC,2024-10-15,2517.7,2762.7,KG,X,EC-D6,259,2024-10
0000003248,FE-004,EC,2024-10-15,314.7,315.7,KG,X,EC-D6,259,2024-10
0000003249,FE-001,EC,2024-10-15,6795.4,4489.1,KG,X,EC-D6,260,2024-10
0000003250,FE-002,EC,2024-10-15,1672.7,1693.9,KG,X,EC-D6,260,2024-10
0000003251,FE-003,EC,2024-10-15,1254.5,850.3,KG,X,EC-D6,260,2024-10
0000003252,FE-004,EC,2024-10-15,156.8,158.2,KG,X,EC-D6,260,2024-10
0000003253,FE-001,EC,2024-10-15,8950.0,9031.3,KG,X,EC-D6,261,2024-10
0000003254,FE-002,EC,2024-10-15,2203.1,1428.3,KG,X,EC-D6,261,2024-10
0000003255,FE-003,EC,2024-10-15,1652.3,1778.7,KG,X,EC-D6,261,2024-10
0000003256,FE-004,EC,2024-10-15,206.5,204.8,KG,X,EC-D6,261,2024-10
0000003257,FE-001,EC,2024-10-15,12675.6,9948.0,KG,X,EC-D6,262,2024-10
0000003258,FE-002,EC,2024-10-15,3120.2,3072.2,KG,X,EC-D6,262,2024-10
0000003259,FE-003,EC,2024-10-15,2340.1,1829.8,KG,X,EC-D6,262,2024-10
0000003260,FE-004,EC,2024-10-15,292.5,244.1,KG,X,EC-D6,262,2024-10
0000003261,FE-001,EC,2024-10-15,13268.5,11143.0,KG,X,EC-D6,263,2024-10
0000003262,FE-002,EC,2024-10-15,3266.1,3658.0,KG,X,EC-D6,263,2024-10
0000003263,FE-003,EC,2024-10-15,2449.6,1846.2,KG,X,EC-D6,263,2024-10
0000003264,FE-004,EC,2024-10-15,306.2,328.1,KG,X,EC-D6,263,2024-10
0000003265,FE-001,EC,2024-10-15,5670.1,3467.5,KG,X,EC-D6,264,2024-10
0000003266,FE-002,EC,2024-10-15,1395.7,1326.4,KG,X,EC-D6,264,2024-10
0000003267,FE-003,EC,2024-10-15,1046.8,1172.4,KG,X,EC-D6,264,2024-10
0000003268,FE-004,EC,2024-10-15,130.8,113.3,KG,X,EC-D6,264,2024-10
0000003269,FE-001,EC,2024-10-15,7554.7,7245.0,KG,X,EC-D6,265,2024-10
0000003270,FE-002,EC,2024-10-15,1859.6,1724.4,KG,X,EC-D6,265,2024-10
0000003271,FE-003,EC,2024-10-15,1394.7,1244.9,KG,X,EC-D6,265,2024-10
0000003272,FE-004,EC,2024-10-15,174.3,133.7,KG,X,EC-D6,265,2024-10
0000003273,FE-001,EC,2024-10-15,12729.7,9097.9,KG,X,EC-D6,266,2024-10
0000003274,FE-002,EC,2024-10-15,3133.5,3230.4,KG,X,EC-D6,266,2024-10
0000003275,FE-003,EC,2024-10-15,2350.1,1864.0,KG,X,EC-D6,266,2024-10
0000003276,FE-004,EC,2024-10-15,293.8,317.0,KG,X,EC-D6,266,2024-10
0000003277,FE-001,EC,2024-10-15,8047.3,7421.8,KG,X,EC-D6,267,2024-10
0000003278,FE-002,EC,2024-10-15,1980.9,1978.9,KG,X,EC-D6,267,2024-10
0000003279,FE-003,EC,2024-10-15,1485.7,1610.3,KG,X,EC-D6,267,2024-10
0000003280,FE-004,EC,2024-10-15,185.7,192.3,KG,X,EC-D6,267,2024-10
0000003281,FE-001,EC,2024-10-15,8974.8,6678.3,KG,X,EC-D6,268,2024-10
0000003282,FE-002,EC,2024-10-15,2209.2,2220.2,KG,X,EC-D6,268,2024-10
0000003283,FE-003,EC,2024-10-15,1656.9,1399.3,KG,X,EC-D6,268,2024-10
0000003284,FE-004,EC,2024-10-15,207.1,132.7,KG,X,EC-D6,268,2024-10
0000003285,FE-001,EC,2024-10-15,9188.5,5452.1,KG,X,EC-D6,269,2024-10
0000003286,FE-002,EC,2024-10-15,2261.8,1301.2,KG,X,EC-D6,269,2024-10
0000003287,FE-003,EC,2024-10-15,1696.3,1089.8,KG,X,EC-D6,269,2024-10
0000003288,FE-004,EC,2024-10-15,212.0,200.2,KG,X,EC-D6,269,2024-10
0000003289,FE-001,EC,2024-10-15,6407.2,5705.1,KG,X,EC-D6,270,2024-10
0000003290,FE-002,EC,2024-10-15,1577.2,814.2,KG,X,EC-D6,270,2024-10
0000003291,FE-003,EC,2024-10-15,1182.9,914.0,KG,X,EC-D6,270,2024-10
0000003292,FE-004,EC,2024-10-15,147.9,102.3,KG,X,EC-D6,270,2024-10
0000003293,FE-001,EC,2024-10-15,9404.2,10532.7,KG,X,EC-D6,271,2024-10
0000003294,FE-002,EC,2024-10-15,2314.9,1868.1,KG,X,EC-D6,271,2024-10
0000003295,FE-003,EC,2024-10-15,1736.2,1675.7,KG,X,EC-D6,271,2024-10
0000003296,FE-004,EC,2024-10-15,217.0,157.0,KG,X,EC-D6,271,2024-10
0000003297,FE-001,EC,2024-10-15,11552.6,9092.1,KG,X,EC-D6,272,2024-10
0000003298,FE-002,EC,2024-10-15,2843.7,2208.1,KG,X,EC-D6,272,2024-10
0000003299,FE-003,EC,2024-10-15,2132.8,2278.6,KG,X,EC-D6,272,2024-10
0000003300,FE-004,EC,2024-10-15,266.6,194.4,KG,X,EC-D6,272,2024-10
0000003301,FE-001,EC,2024-10-15,17943.7,17899.5,KG,X,EC-D6,379,2024-10
0000003302,FE-002,EC,2024-10-15,4416.9,1820.8,KG,X,EC-D6,379,2024-10
0000003303,FE-003,EC,2024-10-15,3312.7,3036.9,KG,X,EC-D6,379,2024-10
0000003304,FE-004,EC,2024-10-15,414.1,392.9,KG,X,EC-D6,379,2024-10
0000003305,FE-001,EC,2024-10-15,12846.2,12639.3,KG,X,EC-D6,380,2024-10
0000003306,FE-002,EC,2024-10-15,3162.1,2484.9,KG,X,EC-D6,380,2024-10
0000003307,FE-003,EC,2024-10-15,2371.6,2120.1,KG,X,EC-D6,380,2024-10
0000003308,FE-004,EC,2024-10-15,296.5,259.3,KG,X,EC-D6,380,2024-10
0000003309,FE-001,EC,2024-10-15,6292.2,5188.6,KG,X,EC-D7,287,2024-10
0000003310,FE-002,EC,2024-10-15,1548.8,1423.7,KG,X,EC-D7,287,2024-10
0000003311,FE-003,EC,2024-10-15,1161.6,1092.1,KG,X,EC-D7,287,2024-10
0000003312,FE-004,EC,2024-10-15,145.2,107.5,KG,X,EC-D7,287,2024-10
0000003313,FE-001,EC,2024-10-15,2797.2,2368.4,KG,X,EC-D7,288,2024-10
0000003314,FE-002,EC,2024-10-15,688.6,564.7,KG,X,EC-D7,288,2024-10
0000003315,FE-003,EC,2024-10-15,516.4,578.4,KG,X,EC-D7,288,2024-10
0000003316,FE-004,EC,2024-10-15,64.6,57.0,KG,X,EC-D7,288,2024-10
0000003317,FE-001,EC,2024-10-15,8290.5,7415.6,KG,X,EC-D7,289,2024-10
0000003318,FE-002,EC,2024-10-15,2040.7,1748.9,KG,X,EC-D7,289,2024-10
0000003319,FE-003,EC,2024-10-15,1530.6,1714.2,KG,X,EC-D7,289,2024-10
0000003320,FE-004,EC,2024-10-15,191.3,173.1,KG,X,EC-D7,289,2024-10
0000003321,FE-001,EC,2024-10-15,10683.7,8649.7,KG,X,EC-D7,290,2024-10
0000003322,FE-002,EC,2024-10-15,2629.8,2402.6,KG,X,EC-D7,290,2024-10
0000003323,FE-003,EC,2024-10-15,1972.4,1993.3,KG,X,EC-D7,290,2024-10
0000003324,FE-004,EC,2024-10-15,246.5,276.1,KG,X,EC-D7,290,2024-10
0000003325,FE-001,EC,2024-10-15,12381.6,11349.5,KG,X,EC-D7,291,2024-10
0000003326,FE-002,EC,2024-10-15,3047.8,3413.5,KG,X,EC-D7,291,2024-10
0000003327,FE-003,EC,2024-10-15,2285.8,2120.2,KG,X,EC-D7,291,2024-10
0000003328,FE-004,EC,2024-10-15,285.7,207.6,KG,X,EC-D7,291,2024-10
0000003329,FE-001,EC,2024-10-15,8465.0,4831.8,KG,X,EC-D7,292,2024-10
0000003330,FE-002,EC,2024-10-15,2083.7,1827.5,KG,X,EC-D7,292,2024-10
0000003331,FE-003,EC,2024-10-15,1562.8,1521.3,KG,X,EC-D7,292,2024-10
0000003332,FE-004,EC,2024-10-15,195.3,194.3,KG,X,EC-D7,292,2024-10
0000003333,FE-001,EC,2024-10-15,11419.4,9914.3,KG,X,EC-D7,293,2024-10
0000003334,FE-002,EC,2024-10-15,2810.9,1714.0,KG,X,EC-D7,293,2024-10
0000003335,FE-003,EC,2024-10-15,2108.2,1188.5,KG,X,EC-D7,293,2024-10
0000003336,FE-004,EC,2024-10-15,263.5,245.1,KG,X,EC-D7,293,2024-10
0000003337,FE-001,EC,2024-10-15,5417.6,5389.0,KG,X,EC-D7,294,2024-10
0000003338,FE-002,EC,2024-10-15,1333.6,913.5,KG,X,EC-D7,294,2024-10
0000003339,FE-003,EC,2024-10-15,1000.2,890.2,KG,X,EC-D7,294,2024-10
0000003340,FE-004,EC,2024-10-15,125.0,105.8,KG,X,EC-D7,294,2024-10
0000003341,FE-001,EC,2024-10-15,5215.0,5363.7,KG,X,EC-D7,295,2024-10
0000003342,FE-002,EC,2024-10-15,1283.7,966.5,KG,X,EC-D7,295,2024-10
0000003343,FE-003,EC,2024-10-15,962.8,779.1,KG,X,EC-D7,295,2024-10
0000003344,FE-004,EC,2024-10-15,120.3,118.2,KG,X,EC-D7,295,2024-10
0000003345,FE-001,EC,2024-10-15,11640.9,8117.4,KG,X,EC-D7,296,2024-10
0000003346,FE-002,EC,2024-10-15,2865.5,2714.3,KG,X,EC-D7,296,2024-10
0000003347,FE-003,EC,2024-10-15,2149.1,2256.0,KG,X,EC-D7,296,2024-10
0000003348,FE-004,EC,2024-10-15,268.6,210.9,KG,X,EC-D7,296,2024-10
0000003349,FE-001,EC,2024-10-15,13677.1,10921.4,KG,X,EC-D7,297,2024-10
0000003350,FE-002,EC,2024-10-15,3366.7,2219.5,KG,X,EC-D7,297,2024-10
0000003351,FE-003,EC,2024-10-15,2525.0,2032.4,KG,X,EC-D7,297,2024-10
0000003352,FE-004,EC,2024-10-15,315.6,283.6,KG,X,EC-D7,297,2024-10
0000003353,FE-001,EC,2024-10-15,12361.9,13845.3,KG,X,EC-D7,298,2024-10
0000003354,FE-002,EC,2024-10-15,3042.9,2770.0,KG,X,EC-D7,298,2024-10
0000003355,FE-003,EC,2024-10-15,2282.2,1908.8,KG,X,EC-D7,298,2024-10
0000003356,FE-004,EC,2024-10-15,285.3,299.9,KG,X,EC-D7,298,2024-10
0000003357,FE-001,EC,2024-10-15,11775.7,7652.2,KG,X,EC-D7,299,2024-10
0000003358,FE-002,EC,2024-10-15,2898.6,3010.6,KG,X,EC-D7,299,2024-10
0000003359,FE-003,EC,2024-10-15,2174.0,1948.5,KG,X,EC-D7,299,2024-10
0000003360,FE-004,EC,2024-10-15,271.7,210.6,KG,X,EC-D7,299,2024-10
0000003361,FE-001,EC,2024-10-15,9262.2,7200.6,KG,X,EC-D7,300,2024-10
0000003362,FE-002,EC,2024-10-15,2279.9,1429.8,KG,X,EC-D7,300,2024-10
0000003363,FE-003,EC,2024-10-15,1710.0,1462.6,KG,X,EC-D7,300,2024-10
0000003364,FE-004,EC,2024-10-15,213.7,213.3,KG,X,EC-D7,300,2024-10
0000003365,FE-001,EC,2024-10-15,4477.4,4302.2,KG,X,EC-D7,301,2024-10
0000003366,FE-002,EC,2024-10-15,1102.1,804.7,KG,X,EC-D7,301,2024-10
0000003367,FE-003,EC,2024-10-15,826.6,778.0,KG,X,EC-D7,301,2024-10
0000003368,FE-004,EC,2024-10-15,103.3,84.5,KG,X,EC-D7,301,2024-10
0000003369,FE-001,EC,2024-10-15,13512.5,10704.4,KG,X,EC-D7,302,2024-10
0000003370,FE-002,EC,2024-10-15,3326.1,3725.3,KG,X,EC-D7,302,2024-10
0000003371,FE-003,EC,2024-10-15,2494.6,2518.3,KG,X,EC-D7,302,2024-10
0000003372,FE-004,EC,2024-10-15,311.8,273.1,KG,X,EC-D7,302,2024-10
0000003373,FE-001,EC,2024-10-15,16601.7,15882.9,KG,X,EC-D7,303,2024-10
0000003374,FE-002,EC,2024-10-15,4086.6,4577.0,KG,X,EC-D7,303,2024-10
0000003375,FE-003,EC,2024-10-15,3064.9,3103.5,KG,X,EC-D7,303,2024-10
0000003376,FE-004,EC,2024-10-15,383.1,429.1,KG,X,EC-D7,303,2024-10
0000003377,FE-001,EC,2024-10-15,12690.7,12741.8,KG,X,EC-D7,304,2024-10
0000003378,FE-002,EC,2024-10-15,3123.9,3143.3,KG,X,EC-D7,304,2024-10
0000003379,FE-003,EC,2024-10-15,2342.9,2227.2,KG,X,EC-D7,304,2024-10
0000003380,FE-004,EC,2024-10-15,292.9,219.2,KG,X,EC-D7,304,2024-10
0000003381,FE-001,EC,2024-10-15,11761.6,12080.9,KG,X,EC-D7,305,2024-10
0000003382,FE-002,EC,2024-10-15,2895.2,2177.9,KG,X,EC-D7,305,2024-10
0000003383,FE-003,EC,2024-10-15,2171.4,2235.3,KG,X,EC-D7,305,2024-10
0000003384,FE-004,EC,2024-10-15,271.4,188.6,KG,X,EC-D7,305,2024-10
0000003385,FE-001,EC,2024-10-15,10154.2,11372.7,KG,X,EC-D7,306,2024-10
0000003386,FE-002,EC,2024-10-15,2499.5,2799.4,KG,X,EC-D7,306,2024-10
0000003387,FE-003,EC,2024-10-15,1874.6,1225.6,KG,X,EC-D7,306,2024-10
0000003388,FE-004,EC,2024-10-15,234.3,170.5,KG,X,EC-D7,306,2024-10
0000003389,FE-001,EC,2024-10-15,4673.9,3587.4,KG,X,EC-D7,307,2024-10
0000003390,FE-002,EC,2024-10-15,1150.5,1130.5,KG,X,EC-D7,307,2024-10
0000003391,FE-003,EC,2024-10-15,862.9,595.3,KG,X,EC-D7,307,2024-10
0000003392,FE-004,EC,2024-10-15,107.9,91.4,KG,X,EC-D7,307,2024-10
0000003393,FE-001,EC,2024-10-15,7160.8,8020.1,KG,X,EC-D7,308,2024-10
0000003394,FE-002,EC,2024-10-15,1762.7,1342.8,KG,X,EC-D7,308,2024-10
0000003395,FE-003,EC,2024-10-15,1322.0,1215.9,KG,X,EC-D7,308,2024-10
0000003396,FE-004,EC,2024-10-15,165.2,122.0,KG,X,EC-D7,308,2024-10
0000003397,FE-001,EC,2024-10-15,11269.2,12137.0,KG,X,EC-D7,309,2024-10
0000003398,FE-002,EC,2024-10-15,2773.9,2043.9,KG,X,EC-D7,309,2024-10
0000003399,FE-003,EC,2024-10-15,2080.5,1387.1,KG,X,EC-D7,309,2024-10
0000003400,FE-004,EC,2024-10-15,260.1,256.3,KG,X,EC-D7,309,2024-10
0000003401,FE-001,EC,2024-10-15,13848.6,11357.5,KG,X,EC-D7,310,2024-10
0000003402,FE-002,EC,2024-10-15,3408.9,3004.9,KG,X,EC-D7,310,2024-10
0000003403,FE-003,EC,2024-10-15,2556.7,2221.3,KG,X,EC-D7,310,2024-10
0000003404,FE-004,EC,2024-10-15,319.6,287.2,KG,X,EC-D7,310,2024-10
0000003405,FE-001,EC,2024-10-15,15792.9,14058.9,KG,X,EC-D7,311,2024-10
0000003406,FE-002,EC,2024-10-15,3887.5,3694.8,KG,X,EC-D7,311,2024-10
0000003407,FE-003,EC,2024-10-15,2915.6,2343.4,KG,X,EC-D7,311,2024-10
0000003408,FE-004,EC,2024-10-15,364.5,320.2,KG,X,EC-D7,311,2024-10
0000003409,FE-001,EC,2024-10-15,9795.7,7987.8,KG,X,EC-D7,328,2024-10
0000003410,FE-002,EC,2024-10-15,2411.2,1866.1,KG,X,EC-D7,328,2024-10
0000003411,FE-003,EC,2024-10-15,1808.4,810.8,KG,X,EC-D7,328,2024-10
0000003412,FE-004,EC,2024-10-15,226.1,200.4,KG,X,EC-D7,328,2024-10
0000003413,FE-001,EC,2024-10-15,8221.5,5475.8,KG,X,EC-D7,329,2024-10
0000003414,FE-002,EC,2024-10-15,2023.8,2266.6,KG,X,EC-D7,329,2024-10
0000003415,FE-003,EC,2024-10-15,1517.8,848.1,KG,X,EC-D7,329,2024-10
0000003416,FE-004,EC,2024-10-15,189.7,159.9,KG,X,EC-D7,329,2024-10
0000003417,FE-001,EC,2024-10-15,7628.7,5704.0,KG,X,EC-D7,330,2024-10
0000003418,FE-002,EC,2024-10-15,1877.8,1809.3,KG,X,EC-D7,330,2024-10
0000003419,FE-003,EC,2024-10-15,1408.4,1502.4,KG,X,EC-D7,330,2024-10
0000003420,FE-004,EC,2024-10-15,176.0,99.6,KG,X,EC-D7,330,2024-10
0000003421,FE-001,EC,2024-10-15,9789.7,8269.4,KG,X,EC-D7,331,2024-10
0000003422,FE-002,EC,2024-10-15,2409.8,2011.2,KG,X,EC-D7,331,2024-10
0000003423,FE-003,EC,2024-10-15,1807.3,2024.2,KG,X,EC-D7,331,2024-10
0000003424,FE-004,EC,2024-10-15,225.9,174.6,KG,X,EC-D7,331,2024-10
0000003425,FE-001,EC,2024-10-15,9908.0,7526.9,KG,X,EC-D7,332,2024-10
0000003426,FE-002,EC,2024-10-15,2438.9,2479.2,KG,X,EC-D7,332,2024-10
0000003427,FE-003,EC,2024-10-15,1829.2,1847.8,KG,X,EC-D7,332,2024-10
0000003428,FE-004,EC,2024-10-15,228.6,256.1,KG,X,EC-D7,332,2024-10
0000003429,FE-001,EC,2024-10-15,9358.8,10181.1,KG,X,EC-D7,333,2024-10
0000003430,FE-002,EC,2024-10-15,2303.7,2050.1,KG,X,EC-D7,333,2024-10
0000003431,FE-003,EC,2024-10-15,1727.8,1484.8,KG,X,EC-D7,333,2024-10
0000003432,FE-004,EC,2024-10-15,216.0,220.3,KG,X,EC-D7,333,2024-10
0000003433,FE-001,EC,2024-10-15,12320.5,11881.3,KG,X,EC-D7,334,2024-10
0000003434,FE-002,EC,2024-10-15,3032.7,3068.7,KG,X,EC-D7,334,2024-10
0000003435,FE-003,EC,2024-10-15,2274.6,1947.4,KG,X,EC-D7,334,2024-10
0000003436,FE-004,EC,2024-10-15,284.3,267.7,KG,X,EC-D7,334,2024-10
0000003437,FE-001,EC,2024-10-15,11751.2,9431.0,KG,X,EC-D7,335,2024-10
0000003438,FE-002,EC,2024-10-15,2892.6,2344.7,KG,X,EC-D7,335,2024-10
0000003439,FE-003,EC,2024-10-15,2169.5,2348.8,KG,X,EC-D7,335,2024-10
0000003440,FE-004,EC,2024-10-15,271.2,243.1,KG,X,EC-D7,335,2024-10
0000003441,FE-001,EC,2024-10-15,11362.8,11382.3,KG,X,EC-D7,336,2024-10
0000003442,FE-002,EC,2024-10-15,2797.0,2491.5,KG,X,EC-D7,336,2024-10
0000003443,FE-003,EC,2024-10-15,2097.8,2056.7,KG,X,EC-D7,336,2024-10
0000003444,FE-004,EC,2024-10-15,262.2,158.3,KG,X,EC-D7,336,2024-10
0000003445,FE-001,EC,2024-10-15,13012.1,12371.8,KG,X,EC-D7,337,2024-10
0000003446,FE-002,EC,2024-10-15,3203.0,3055.7,KG,X,EC-D7,337,2024-10
0000003447,FE-003,EC,2024-10-15,2402.2,2215.0,KG,X,EC-D7,337,2024-10
0000003448,FE-004,EC,2024-10-15,300.3,226.5,KG,X,EC-D7,337,2024-10
0000003449,FE-001,EC,2024-10-15,10777.6,10210.6,KG,X,EC-D7,338,2024-10
0000003450,FE-002,EC,2024-10-15,2653.0,2040.6,KG,X,EC-D7,338,2024-10
0000003451,FE-003,EC,2024-10-15,1989.7,1526.3,KG,X,EC-D7,338,2024-10
0000003452,FE-004,EC,2024-10-15,248.7,227.4,KG,X,EC-D7,338,2024-10
0000003453,FE-001,EC,2024-10-15,13678.4,14054.1,KG,X,EC-D7,339,2024-10
0000003454,FE-002,EC,2024-10-15,3367.0,2791.4,KG,X,EC-D7,339,2024-10
0000003455,FE-003,EC,2024-10-15,2525.2,1893.8,KG,X,EC-D7,339,2024-10
0000003456,FE-004,EC,2024-10-15,315.7,223.2,KG,X,EC-D7,339,2024-10
0000003457,FE-001,EC,2024-10-15,14068.2,13041.9,KG,X,EC-D7,340,2024-10
0000003458,FE-002,EC,2024-10-15,3462.9,2560.2,KG,X,EC-D7,340,2024-10
0000003459,FE-003,EC,2024-10-15,2597.2,2908.5,KG,X,EC-D7,340,2024-10
0000003460,FE-004,EC,2024-10-15,324.7,295.5,KG,X,EC-D7,340,2024-10
0000003461,FE-001,EC,2024-10-15,14010.6,13037.7,KG,X,EC-D7,341,2024-10
0000003462,FE-002,EC,2024-10-15,3448.8,3474.8,KG,X,EC-D7,341,2024-10
0000003463,FE-003,EC,2024-10-15,2586.6,2508.0,KG,X,EC-D7,341,2024-10
0000003464,FE-004,EC,2024-10-15,323.3,188.7,KG,X,EC-D7,341,2024-10
0000003465,FE-001,EC,2024-10-15,13886.9,12755.7,KG,X,EC-D7,342,2024-10
0000003466,FE-002,EC,2024-10-15,3418.3,2967.0,KG,X,EC-D7,342,2024-10
0000003467,FE-003,EC,2024-10-15,2563.7,1450.6,KG,X,EC-D7,342,2024-10
0000003468,FE-004,EC,2024-10-15,320.5,205.9,KG,X,EC-D7,342,2024-10
0000003469,FE-001,EC,2024-10-15,13018.4,9114.1,KG,X,EC-D7,343,2024-10
0000003470,FE-002,EC,2024-10-15,3204.5,3251.5,KG,X,EC-D7,343,2024-10
0000003471,FE-003,EC,2024-10-15,2403.4,1926.3,KG,X,EC-D7,343,2024-10
0000003472,FE-004,EC,2024-10-15,300.4,170.5,KG,X,EC-D7,343,2024-10
0000003473,FE-001,EC,2024-10-15,10271.8,7034.4,KG,X,EC-D7,344,2024-10
0000003474,FE-002,EC,2024-10-15,2528.4,1402.8,KG,X,EC-D7,344,2024-10
0000003475,FE-003,EC,2024-10-15,1896.3,1117.2,KG,X,EC-D7,344,2024-10
0000003476,FE-004,EC,2024-10-15,237.0,265.5,KG,X,EC-D7,344,2024-10
0000003477,FE-001,EC,2024-10-15,11349.3,8098.3,KG,X,EC-D7,345,2024-10
0000003478,FE-002,EC,2024-10-15,2793.7,2437.2,KG,X,EC-D7,345,2024-10
0000003479,FE-003,EC,2024-10-15,2095.2,1929.6,KG,X,EC-D7,345,2024-10
0000003480,FE-004,EC,2024-10-15,261.9,268.1,KG,X,EC-D7,345,2024-10
0000003481,FE-001,EC,2024-10-15,10704.6,9914.6,KG,X,EC-D7,346,2024-10
0000003482,FE-002,EC,2024-10-15,2635.0,2087.5,KG,X,EC-D7,346,2024-10
0000003483,FE-003,EC,2024-10-15,1976.2,1962.7,KG,X,EC-D7,346,2024-10
0000003484,FE-004,EC,2024-10-15,247.0,245.3,KG,X,EC-D7,346,2024-10
0000003485,FE-001,EC,2024-10-15,13200.2,13880.1,KG,X,EC-D7,347,2024-10
0000003486,FE-002,EC,2024-10-15,3249.3,2834.9,KG,X,EC-D7,347,2024-10
0000003487,FE-003,EC,2024-10-15,2437.0,2064.8,KG,X,EC-D7,347,2024-10
0000003488,FE-004,EC,2024-10-15,304.6,341.2,KG,X,EC-D7,347,2024-10
0000003489,FE-001,EC,2024-10-15,12820.4,10207.7,KG,X,EC-D7,348,2024-10
0000003490,FE-002,EC,2024-10-15,3155.8,2802.1,KG,X,EC-D7,348,2024-10
0000003491,FE-003,EC,2024-10-15,2366.8,2270.4,KG,X,EC-D7,348,2024-10
0000003492,FE-004,EC,2024-10-15,295.9,239.3,KG,X,EC-D7,348,2024-10
0000003493,FE-001,EC,2025-03-15,2737.5,1947.7,KG,X,EC-D1,1,2025-03
0000003494,FE-002,EC,2025-03-15,673.8,599.9,KG,X,EC-D1,1,2025-03
0000003495,FE-003,EC,2025-03-15,505.4,368.1,KG,X,EC-D1,1,2025-03
0000003496,FE-004,EC,2025-03-15,63.2,61.8,KG,X,EC-D1,1,2025-03
0000003497,FE-001,EC,2025-03-15,8226.2,9213.4,KG,X,EC-D1,2,2025-03
0000003498,FE-002,EC,2025-03-15,2024.9,1064.5,KG,X,EC-D1,2,2025-03
0000003499,FE-003,EC,2025-03-15,1518.7,1561.2,KG,X,EC-D1,2,2025-03
0000003500,FE-004,EC,2025-03-15,189.8,212.6,KG,X,EC-D1,2,2025-03
0000003501,FE-001,EC,2025-03-15,6234.3,6015.9,KG,X,EC-D1,3,2025-03
0000003502,FE-002,EC,2025-03-15,1534.6,1117.8,KG,X,EC-D1,3,2025-03
0000003503,FE-003,EC,2025-03-15,1150.9,1133.9,KG,X,EC-D1,3,2025-03
0000003504,FE-004,EC,2025-03-15,143.9,102.1,KG,X,EC-D1,3,2025-03
0000003505,FE-001,EC,2025-03-15,6153.2,5542.5,KG,X,EC-D1,4,2025-03
0000003506,FE-002,EC,2025-03-15,1514.6,1185.6,KG,X,EC-D1,4,2025-03
0000003507,FE-003,EC,2025-03-15,1136.0,900.6,KG,X,EC-D1,4,2025-03
0000003508,FE-004,EC,2025-03-15,142.0,159.0,KG,X,EC-D1,4,2025-03
0000003509,FE-001,EC,2025-03-15,4086.4,3359.9,KG,X,EC-D1,5,2025-03
0000003510,FE-002,EC,2025-03-15,1005.9,746.9,KG,X,EC-D1,5,2025-03
0000003511,FE-003,EC,2025-03-15,754.4,772.8,KG,X,EC-D1,5,2025-03
0000003512,FE-004,EC,2025-03-15,94.3,87.5,KG,X,EC-D1,5,2025-03
0000003513,FE-001,EC,2025-03-15,3221.8,3063.2,KG,X,EC-D1,6,2025-03
0000003514,FE-002,EC,2025-03-15,793.1,702.8,KG,X,EC-D1,6,2025-03
0000003515,FE-003,EC,2025-03-15,594.8,555.6,KG,X,EC-D1,6,2025-03
0000003516,FE-004,EC,2025-03-15,74.4,73.2,KG,X,EC-D1,6,2025-03
0000003517,FE-001,EC,2025-03-15,6989.4,5169.7,KG,X,EC-D1,7,2025-03
0000003518,FE-002,EC,2025-03-15,1720.5,1926.9,KG,X,EC-D1,7,2025-03
0000003519,FE-003,EC,2025-03-15,1290.3,976.7,KG,X,EC-D1,7,2025-03
0000003520,FE-004,EC,2025-03-15,161.3,146.0,KG,X,EC-D1,7,2025-03
0000003521,FE-001,EC,2025-03-15,14073.1,15761.8,KG,X,EC-D1,8,2025-03
0000003522,FE-002,EC,2025-03-15,3464.1,2530.4,KG,X,EC-D1,8,2025-03
0000003523,FE-003,EC,2025-03-15,2598.1,2648.6,KG,X,EC-D1,8,2025-03
0000003524,FE-004,EC,2025-03-15,324.8,197.8,KG,X,EC-D1,8,2025-03
0000003525,FE-001,EC,2025-03-15,11494.3,9009.7,KG,X,EC-D1,9,2025-03
0000003526,FE-002,EC,2025-03-15,2829.4,2476.8,KG,X,EC-D1,9,2025-03
0000003527,FE-003,EC,2025-03-15,2122.0,1781.2,KG,X,EC-D1,9,2025-03
0000003528,FE-004,EC,2025-03-15,265.3,286.9,KG,X,EC-D1,9,2025-03
0000003529,FE-001,EC,2025-03-15,13076.9,14646.1,KG,X,EC-D1,10,2025-03
0000003530,FE-002,EC,2025-03-15,3218.9,3076.8,KG,X,EC-D1,10,2025-03
0000003531,FE-003,EC,2025-03-15,2414.2,2365.8,KG,X,EC-D1,10,2025-03
0000003532,FE-004,EC,2025-03-15,301.8,256.2,KG,X,EC-D1,10,2025-03
0000003533,FE-001,EC,2025-03-15,14572.0,10104.3,KG,X,EC-D1,11,2025-03
0000003534,FE-002,EC,2025-03-15,3586.9,3166.2,KG,X,EC-D1,11,2025-03
0000003535,FE-003,EC,2025-03-15,2690.2,1837.4,KG,X,EC-D1,11,2025-03
0000003536,FE-004,EC,2025-03-15,336.3,376.0,KG,X,EC-D1,11,2025-03
0000003537,FE-001,EC,2025-03-15,11177.6,6462.2,KG,X,EC-D1,12,2025-03
0000003538,FE-002,EC,2025-03-15,2751.4,2410.5,KG,X,EC-D1,12,2025-03
0000003539,FE-003,EC,2025-03-15,2063.5,2053.0,KG,X,EC-D1,12,2025-03
0000003540,FE-004,EC,2025-03-15,257.9,193.3,KG,X,EC-D1,12,2025-03
0000003541,FE-001,EC,2025-03-15,14543.8,12038.1,KG,X,EC-D1,13,2025-03
0000003542,FE-002,EC,2025-03-15,3580.0,4009.6,KG,X,EC-D1,13,2025-03
0000003543,FE-003,EC,2025-03-15,2685.0,2460.3,KG,X,EC-D1,13,2025-03
0000003544,FE-004,EC,2025-03-15,335.6,268.9,KG,X,EC-D1,13,2025-03
0000003545,FE-001,EC,2025-03-15,14746.2,13492.7,KG,X,EC-D1,14,2025-03
0000003546,FE-002,EC,2025-03-15,3629.8,3443.1,KG,X,EC-D1,14,2025-03
0000003547,FE-003,EC,2025-03-15,2722.4,2458.1,KG,X,EC-D1,14,2025-03
0000003548,FE-004,EC,2025-03-15,340.3,273.5,KG,X,EC-D1,14,2025-03
0000003549,FE-001,EC,2025-03-15,14844.0,12145.5,KG,X,EC-D1,15,2025-03
0000003550,FE-002,EC,2025-03-15,3653.9,2644.1,KG,X,EC-D1,15,2025-03
0000003551,FE-003,EC,2025-03-15,2740.4,2279.4,KG,X,EC-D1,15,2025-03
0000003552,FE-004,EC,2025-03-15,342.6,293.0,KG,X,EC-D1,15,2025-03
0000003553,FE-001,EC,2025-03-15,13052.5,10492.8,KG,X,EC-D1,16,2025-03
0000003554,FE-002,EC,2025-03-15,3212.9,2880.5,KG,X,EC-D1,16,2025-03
0000003555,FE-003,EC,2025-03-15,2409.7,2178.9,KG,X,EC-D1,16,2025-03
0000003556,FE-004,EC,2025-03-15,301.2,232.5,KG,X,EC-D1,16,2025-03
0000003557,FE-001,EC,2025-03-15,11761.6,10749.6,KG,X,EC-D1,17,2025-03
0000003558,FE-002,EC,2025-03-15,2895.2,0.0,KG,,EC-D1,17,2025-03
0000003559,FE-003,EC,2025-03-15,2171.4,1570.2,KG,X,EC-D1,17,2025-03
0000003560,FE-004,EC,2025-03-15,271.4,283.9,KG,X,EC-D1,17,2025-03
0000003561,FE-001,EC,2025-03-15,10278.9,8467.9,KG,X,EC-D1,18,2025-03
0000003562,FE-002,EC,2025-03-15,2530.2,1631.3,KG,X,EC-D1,18,2025-03
0000003563,FE-003,EC,2025-03-15,1897.6,1764.8,KG,X,EC-D1,18,2025-03
0000003564,FE-004,EC,2025-03-15,237.2,265.7,KG,X,EC-D1,18,2025-03
0000003565,FE-001,EC,2025-03-15,9443.0,10576.1,KG,X,EC-D1,19,2025-03
0000003566,FE-002,EC,2025-03-15,2324.4,2215.0,KG,X,EC-D1,19,2025-03
0000003567,FE-003,EC,2025-03-15,1743.3,1835.8,KG,X,EC-D1,19,2025-03
0000003568,FE-004,EC,2025-03-15,217.9,132.8,KG,X,EC-D1,19,2025-03
0000003569,FE-001,EC,2025-03-15,8886.6,8186.5,KG,X,EC-D1,20,2025-03
0000003570,FE-002,EC,2025-03-15,2187.5,2450.0,KG,X,EC-D1,20,2025-03
0000003571,FE-003,EC,2025-03-15,1640.6,1100.6,KG,X,EC-D1,20,2025-03
0000003572,FE-004,EC,2025-03-15,205.1,164.2,KG,X,EC-D1,20,2025-03
0000003573,FE-001,EC,2025-03-15,13835.4,0.0,KG,,EC-D1,21,2025-03
0000003574,FE-002,EC,2025-03-15,3405.6,3310.4,KG,X,EC-D1,21,2025-03
0000003575,FE-003,EC,2025-03-15,2554.2,1802.7,KG,X,EC-D1,21,2025-03
0000003576,FE-004,EC,2025-03-15,319.3,265.3,KG,X,EC-D1,21,2025-03
0000003577,FE-001,EC,2025-03-15,13484.7,15032.0,KG,X,EC-D1,22,2025-03
0000003578,FE-002,EC,2025-03-15,3319.3,2817.3,KG,X,EC-D1,22,2025-03
0000003579,FE-003,EC,2025-03-15,2489.5,1630.6,KG,X,EC-D1,22,2025-03
0000003580,FE-004,EC,2025-03-15,311.2,190.6,KG,X,EC-D1,22,2025-03
0000003581,FE-001,EC,2025-03-15,13427.9,8739.4,KG,X,EC-D1,23,2025-03
0000003582,FE-002,EC,2025-03-15,3305.3,2545.4,KG,X,EC-D1,23,2025-03
0000003583,FE-003,EC,2025-03-15,2479.0,1752.2,KG,X,EC-D1,23,2025-03
0000003584,FE-004,EC,2025-03-15,309.9,247.7,KG,X,EC-D1,23,2025-03
0000003585,FE-001,EC,2025-03-15,10865.9,8057.6,KG,X,EC-D1,24,2025-03
0000003586,FE-002,EC,2025-03-15,2674.7,2448.3,KG,X,EC-D1,24,2025-03
0000003587,FE-003,EC,2025-03-15,2006.0,2041.0,KG,X,EC-D1,24,2025-03
0000003588,FE-004,EC,2025-03-15,250.8,246.9,KG,X,EC-D1,24,2025-03
0000003589,FE-001,EC,2025-03-15,12266.5,13535.8,KG,X,EC-D1,25,2025-03
0000003590,FE-002,EC,2025-03-15,3019.4,3339.8,KG,X,EC-D1,25,2025-03
0000003591,FE-003,EC,2025-03-15,2264.6,2133.8,KG,X,EC-D1,25,2025-03
0000003592,FE-004,EC,2025-03-15,283.1,279.2,KG,X,EC-D1,25,2025-03
0000003593,FE-001,EC,2025-03-15,11657.7,13056.6,KG,X,EC-D1,26,2025-03
0000003594,FE-002,EC,2025-03-15,2869.6,2486.6,KG,X,EC-D1,26,2025-03
0000003595,FE-003,EC,2025-03-15,2152.2,2410.5,KG,X,EC-D1,26,2025-03
0000003596,FE-004,EC,2025-03-15,269.0,244.6,KG,X,EC-D1,26,2025-03
0000003597,FE-001,EC,2025-03-15,12919.9,9737.2,KG,X,EC-D1,27,2025-03
0000003598,FE-002,EC,2025-03-15,3180.3,2576.1,KG,X,EC-D1,27,2025-03
0000003599,FE-003,EC,2025-03-15,2385.2,0.0,KG,,EC-D1,27,2025-03
0000003600,FE-004,EC,2025-03-15,298.2,229.8,KG,X,EC-D1,27,2025-03
0000003601,FE-001,EC,2025-03-15,11695.8,12227.3,KG,X,EC-D1,28,2025-03
0000003602,FE-002,EC,2025-03-15,2879.0,2325.8,KG,X,EC-D1,28,2025-03
0000003603,FE-003,EC,2025-03-15,2159.2,1953.4,KG,X,EC-D1,28,2025-03
0000003604,FE-004,EC,2025-03-15,269.9,223.4,KG,X,EC-D1,28,2025-03
0000003605,FE-001,EC,2025-03-15,12797.5,7909.8,KG,X,EC-D1,29,2025-03
0000003606,FE-002,EC,2025-03-15,3150.2,3528.2,KG,X,EC-D1,29,2025-03
0000003607,FE-003,EC,2025-03-15,2362.6,1559.7,KG,X,EC-D1,29,2025-03
0000003608,FE-004,EC,2025-03-15,295.3,237.1,KG,X,EC-D1,29,2025-03
0000003609,FE-001,EC,2025-03-15,13115.9,14689.9,KG,X,EC-D1,30,2025-03
0000003610,FE-002,EC,2025-03-15,3228.5,3616.0,KG,X,EC-D1,30,2025-03
0000003611,FE-003,EC,2025-03-15,2421.4,1838.7,KG,X,EC-D1,30,2025-03
0000003612,FE-004,EC,2025-03-15,302.7,246.0,KG,X,EC-D1,30,2025-03
0000003613,FE-001,EC,2025-03-15,12899.7,9801.5,KG,X,EC-D1,31,2025-03
0000003614,FE-002,EC,2025-03-15,3175.3,2450.7,KG,X,EC-D1,31,2025-03
0000003615,FE-003,EC,2025-03-15,2381.5,2087.1,KG,X,EC-D1,31,2025-03
0000003616,FE-004,EC,2025-03-15,297.7,182.4,KG,X,EC-D1,31,2025-03
0000003617,FE-001,EC,2025-03-15,12860.4,11976.0,KG,X,EC-D1,32,2025-03
0000003618,FE-002,EC,2025-03-15,3165.6,3545.5,KG,X,EC-D1,32,2025-03
0000003619,FE-003,EC,2025-03-15,2374.2,2544.7,KG,X,EC-D1,32,2025-03
0000003620,FE-004,EC,2025-03-15,296.8,288.9,KG,X,EC-D1,32,2025-03
0000003621,FE-001,EC,2025-03-15,14542.5,13821.8,KG,X,EC-D1,33,2025-03
0000003622,FE-002,EC,2025-03-15,3579.7,3370.2,KG,X,EC-D1,33,2025-03
0000003623,FE-003,EC,2025-03-15,2684.8,2466.0,KG,X,EC-D1,33,2025-03
0000003624,FE-004,EC,2025-03-15,335.6,211.4,KG,X,EC-D1,33,2025-03
0000003625,FE-001,EC,2025-03-15,12141.4,0.0,KG,,EC-D1,34,2025-03
0000003626,FE-002,EC,2025-03-15,2988.6,3298.9,KG,X,EC-D1,34,2025-03
0000003627,FE-003,EC,2025-03-15,2241.5,2510.5,KG,X,EC-D1,34,2025-03
0000003628,FE-004,EC,2025-03-15,280.2,289.2,KG,X,EC-D1,34,2025-03
0000003629,FE-001,EC,2025-03-15,14287.4,13070.4,KG,X,EC-D1,35,2025-03
0000003630,FE-002,EC,2025-03-15,3516.9,3938.9,KG,X,EC-D1,35,2025-03
0000003631,FE-003,EC,2025-03-15,2637.7,2443.9,KG,X,EC-D1,35,2025-03
0000003632,FE-004,EC,2025-03-15,329.7,234.7,KG,X,EC-D1,35,2025-03
0000003633,FE-001,EC,2025-03-15,13773.1,9318.6,KG,X,EC-D1,36,2025-03
0000003634,FE-002,EC,2025-03-15,3390.3,3574.3,KG,X,EC-D1,36,2025-03
0000003635,FE-003,EC,2025-03-15,2542.7,2111.6,KG,X,EC-D1,36,2025-03
0000003636,FE-004,EC,2025-03-15,317.8,300.5,KG,X,EC-D1,36,2025-03
0000003637,FE-001,EC,2025-03-15,13795.9,13777.7,KG,X,EC-D1,37,2025-03
0000003638,FE-002,EC,2025-03-15,3395.9,1946.0,KG,X,EC-D1,37,2025-03
0000003639,FE-003,EC,2025-03-15,2546.9,1996.7,KG,X,EC-D1,37,2025-03
0000003640,FE-004,EC,2025-03-15,318.4,182.1,KG,X,EC-D1,37,2025-03
0000003641,FE-001,EC,2025-03-15,13062.6,8951.0,KG,X,EC-D1,38,2025-03
0000003642,FE-002,EC,2025-03-15,3215.4,3226.2,KG,X,EC-D1,38,2025-03
0000003643,FE-003,EC,2025-03-15,2411.6,2191.1,KG,X,EC-D1,38,2025-03
0000003644,FE-004,EC,2025-03-15,301.4,294.4,KG,X,EC-D1,38,2025-03
0000003645,FE-001,EC,2025-03-15,13722.7,12544.0,KG,X,EC-D1,39,2025-03
0000003646,FE-002,EC,2025-03-15,3377.9,2720.9,KG,X,EC-D1,39,2025-03
0000003647,FE-003,EC,2025-03-15,2533.4,1667.8,KG,X,EC-D1,39,2025-03
0000003648,FE-004,EC,2025-03-15,316.7,222.2,KG,X,EC-D1,39,2025-03
0000003649,FE-001,EC,2025-03-15,8008.3,5950.6,KG,X,EC-D2,40,2025-03
0000003650,FE-002,EC,2025-03-15,1971.3,1565.9,KG,X,EC-D2,40,2025-03
0000003651,FE-003,EC,2025-03-15,1478.5,1122.0,KG,X,EC-D2,40,2025-03
0000003652,FE-004,EC,2025-03-15,184.8,177.9,KG,X,EC-D2,40,2025-03
0000003653,FE-001,EC,2025-03-15,12028.4,9420.9,KG,X,EC-D2,41,2025-03
0000003654,FE-002,EC,2025-03-15,2960.8,2309.0,KG,X,EC-D2,41,2025-03
0000003655,FE-003,EC,2025-03-15,2220.6,1924.7,KG,X,EC-D2,41,2025-03
0000003656,FE-004,EC,2025-03-15,277.6,172.3,KG,X,EC-D2,41,2025-03
0000003657,FE-001,EC,2025-03-15,12460.5,13955.8,KG,X,EC-D2,42,2025-03
0000003658,FE-002,EC,2025-03-15,3067.2,2163.2,KG,X,EC-D2,42,2025-03
0000003659,FE-003,EC,2025-03-15,2300.4,1703.5,KG,X,EC-D2,42,2025-03
0000003660,FE-004,EC,2025-03-15,287.6,195.5,KG,X,EC-D2,42,2025-03
0000003661,FE-001,EC,2025-03-15,13053.2,7427.0,KG,X,EC-D2,43,2025-03
0000003662,FE-002,EC,2025-03-15,3213.1,2589.3,KG,X,EC-D2,43,2025-03
0000003663,FE-003,EC,2025-03-15,2409.8,1986.9,KG,X,EC-D2,43,2025-03
0000003664,FE-004,EC,2025-03-15,301.2,279.5,KG,X,EC-D2,43,2025-03
0000003665,FE-001,EC,2025-03-15,11972.6,0.0,KG,,EC-D2,44,2025-03
0000003666,FE-002,EC,2025-03-15,2947.1,3104.4,KG,X,EC-D2,44,2025-03
0000003667,FE-003,EC,2025-03-15,2210.3,1722.9,KG,X,EC-D2,44,2025-03
0000003668,FE-004,EC,2025-03-15,276.3,260.6,KG,X,EC-D2,44,2025-03
0000003669,FE-001,EC,2025-03-15,12795.6,9606.0,KG,X,EC-D2,45,2025-03
0000003670,FE-002,EC,2025-03-15,3149.7,2951.0,KG,X,EC-D2,45,2025-03
0000003671,FE-003,EC,2025-03-15,2362.3,2093.0,KG,X,EC-D2,45,2025-03
0000003672,FE-004,EC,2025-03-15,295.3,255.6,KG,X,EC-D2,45,2025-03
0000003673,FE-001,EC,2025-03-15,12970.7,14527.2,KG,X,EC-D2,46,2025-03
0000003674,FE-002,EC,2025-03-15,3192.8,3313.4,KG,X,EC-D2,46,2025-03
0000003675,FE-003,EC,2025-03-15,2394.6,2535.9,KG,X,EC-D2,46,2025-03
0000003676,FE-004,EC,2025-03-15,299.3,241.1,KG,X,EC-D2,46,2025-03
0000003677,FE-001,EC,2025-03-15,12543.1,9648.6,KG,X,EC-D2,47,2025-03
0000003678,FE-002,EC,2025-03-15,3087.5,2763.2,KG,X,EC-D2,47,2025-03
0000003679,FE-003,EC,2025-03-15,2315.7,2182.0,KG,X,EC-D2,47,2025-03
0000003680,FE-004,EC,2025-03-15,289.5,191.0,KG,X,EC-D2,47,2025-03
0000003681,FE-001,EC,2025-03-15,11099.9,12194.1,KG,X,EC-D2,49,2025-03
0000003682,FE-002,EC,2025-03-15,2732.3,2868.7,KG,X,EC-D2,49,2025-03
0000003683,FE-003,EC,2025-03-15,2049.2,1932.8,KG,X,EC-D2,49,2025-03
0000003684,FE-004,EC,2025-03-15,256.2,280.0,KG,X,EC-D2,49,2025-03
0000003685,FE-001,EC,2025-03-15,11776.1,9206.6,KG,X,EC-D2,50,2025-03
0000003686,FE-002,EC,2025-03-15,2898.7,2911.7,KG,X,EC-D2,50,2025-03
0000003687,FE-003,EC,2025-03-15,2174.1,2150.5,KG,X,EC-D2,50,2025-03
0000003688,FE-004,EC,2025-03-15,271.8,159.5,KG,X,EC-D2,50,2025-03
0000003689,FE-001,EC,2025-03-15,13318.9,9725.1,KG,X,EC-D2,51,2025-03
0000003690,FE-002,EC,2025-03-15,3278.5,3032.4,KG,X,EC-D2,51,2025-03
0000003691,FE-003,EC,2025-03-15,2458.9,2753.9,KG,X,EC-D2,51,2025-03
0000003692,FE-004,EC,2025-03-15,307.4,199.6,KG,X,EC-D2,51,2025-03
0000003693,FE-001,EC,2025-03-15,11931.5,9009.7,KG,X,EC-D2,52,2025-03
0000003694,FE-002,EC,2025-03-15,2937.0,2855.6,KG,X,EC-D2,52,2025-03
0000003695,FE-003,EC,2025-03-15,2202.7,1555.7,KG,X,EC-D2,52,2025-03
0000003696,FE-004,EC,2025-03-15,275.3,0.0,KG,,EC-D2,52,2025-03
0000003697,FE-001,EC,2025-03-15,12861.0,9996.9,KG,X,EC-D2,53,2025-03
0000003698,FE-002,EC,2025-03-15,3165.8,2204.9,KG,X,EC-D2,53,2025-03
0000003699,FE-003,EC,2025-03-15,2374.3,1444.1,KG,X,EC-D2,53,2025-03
0000003700,FE-004,EC,2025-03-15,296.8,229.4,KG,X,EC-D2,53,2025-03
0000003701,FE-001,EC,2025-03-15,14015.2,7273.7,KG,X,EC-D2,54,2025-03
0000003702,FE-002,EC,2025-03-15,3449.9,2915.5,KG,X,EC-D2,54,2025-03
0000003703,FE-003,EC,2025-03-15,2587.4,1613.9,KG,X,EC-D2,54,2025-03
0000003704,FE-004,EC,2025-03-15,323.4,362.2,KG,X,EC-D2,54,2025-03
0000003705,FE-001,EC,2025-03-15,13385.4,10774.5,KG,X,EC-D2,55,2025-03
0000003706,FE-002,EC,2025-03-15,3294.9,2124.5,KG,X,EC-D2,55,2025-03
0000003707,FE-003,EC,2025-03-15,2471.2,1933.2,KG,X,EC-D2,55,2025-03
0000003708,FE-004,EC,2025-03-15,308.9,200.9,KG,X,EC-D2,55,2025-03
0000003709,FE-001,EC,2025-03-15,13836.0,14333.6,KG,X,EC-D2,56,2025-03
0000003710,FE-002,EC,2025-03-15,3405.8,2200.5,KG,X,EC-D2,56,2025-03
0000003711,FE-003,EC,2025-03-15,2554.3,1591.9,KG,X,EC-D2,56,2025-03
0000003712,FE-004,EC,2025-03-15,319.3,231.6,KG,X,EC-D2,56,2025-03
0000003713,FE-001,EC,2025-03-15,14239.6,15344.2,KG,X,EC-D2,57,2025-03
0000003714,FE-002,EC,2025-03-15,3505.1,1962.3,KG,X,EC-D2,57,2025-03
0000003715,FE-003,EC,2025-03-15,2628.9,1746.1,KG,X,EC-D2,57,2025-03
0000003716,FE-004,EC,2025-03-15,328.6,336.4,KG,X,EC-D2,57,2025-03
0000003717,FE-001,EC,2025-03-15,13400.0,12475.1,KG,X,EC-D2,58,2025-03
0000003718,FE-002,EC,2025-03-15,3298.5,2194.1,KG,X,EC-D2,58,2025-03
0000003719,FE-003,EC,2025-03-15,2473.8,2053.0,KG,X,EC-D2,58,2025-03
0000003720,FE-004,EC,2025-03-15,309.2,0.0,KG,,EC-D2,58,2025-03
0000003721,FE-001,EC,2025-03-15,14431.4,16163.1,KG,X,EC-D2,59,2025-03
0000003722,FE-002,EC,2025-03-15,3552.3,2930.6,KG,X,EC-D2,59,2025-03
0000003723,FE-003,EC,2025-03-15,2664.3,2199.5,KG,X,EC-D2,59,2025-03
0000003724,FE-004,EC,2025-03-15,333.0,253.7,KG,X,EC-D2,59,2025-03
0000003725,FE-001,EC,2025-03-15,13524.0,9948.2,KG,X,EC-D2,60,2025-03
0000003726,FE-002,EC,2025-03-15,3329.0,2119.9,KG,X,EC-D2,60,2025-03
0000003727,FE-003,EC,2025-03-15,2496.7,2197.5,KG,X,EC-D2,60,2025-03
0000003728,FE-004,EC,2025-03-15,312.1,285.0,KG,X,EC-D2,60,2025-03
0000003729,FE-001,EC,2025-03-15,8842.2,6086.5,KG,X,EC-D2,62,2025-03
0000003730,FE-002,EC,2025-03-15,2176.5,1860.6,KG,X,EC-D2,62,2025-03
0000003731,FE-003,EC,2025-03-15,1632.4,1159.9,KG,X,EC-D2,62,2025-03
0000003732,FE-004,EC,2025-03-15,204.0,163.6,KG,X,EC-D2,62,2025-03
0000003733,FE-001,EC,2025-03-15,13960.2,12119.6,KG,X,EC-D2,63,2025-03
0000003734,FE-002,EC,2025-03-15,3436.4,3232.8,KG,X,EC-D2,63,2025-03
0000003735,FE-003,EC,2025-03-15,2577.3,2401.1,KG,X,EC-D2,63,2025-03
0000003736,FE-004,EC,2025-03-15,322.2,206.8,KG,X,EC-D2,63,2025-03
0000003737,FE-001,EC,2025-03-15,10845.7,8369.0,KG,X,EC-D2,64,2025-03
0000003738,FE-002,EC,2025-03-15,2669.7,1814.3,KG,X,EC-D2,64,2025-03
0000003739,FE-003,EC,2025-03-15,2002.3,2242.6,KG,X,EC-D2,64,2025-03
0000003740,FE-004,EC,2025-03-15,250.3,239.2,KG,X,EC-D2,64,2025-03
0000003741,FE-001,EC,2025-03-15,6695.6,7462.2,KG,X,EC-D2,65,2025-03
0000003742,FE-002,EC,2025-03-15,1648.1,1225.4,KG,X,EC-D2,65,2025-03
0000003743,FE-003,EC,2025-03-15,1236.1,1081.8,KG,X,EC-D2,65,2025-03
0000003744,FE-004,EC,2025-03-15,154.5,98.9,KG,X,EC-D2,65,2025-03
0000003745,FE-001,EC,2025-03-15,12619.8,10443.9,KG,X,EC-D2,66,2025-03
0000003746,FE-002,EC,2025-03-15,3106.4,2692.2,KG,X,EC-D2,66,2025-03
0000003747,FE-003,EC,2025-03-15,2329.8,2306.7,KG,X,EC-D2,66,2025-03
0000003748,FE-004,EC,2025-03-15,291.2,197.7,KG,X,EC-D2,66,2025-03
0000003749,FE-001,EC,2025-03-15,12194.2,10768.8,KG,X,EC-D2,67,2025-03
0000003750,FE-002,EC,2025-03-15,3001.6,3361.8,KG,X,EC-D2,67,2025-03
0000003751,FE-003,EC,2025-03-15,2251.2,2345.6,KG,X,EC-D2,67,2025-03
0000003752,FE-004,EC,2025-03-15,281.4,291.5,KG,X,EC-D2,67,2025-03
0000003753,FE-001,EC,2025-03-15,8788.8,8417.7,KG,X,EC-D2,68,2025-03
0000003754,FE-002,EC,2025-03-15,2163.4,1196.4,KG,X,EC-D2,68,2025-03
0000003755,FE-003,EC,2025-03-15,1622.6,1396.6,KG,X,EC-D2,68,2025-03
0000003756,FE-004,EC,2025-03-15,202.8,197.9,KG,X,EC-D2,68,2025-03
0000003757,FE-001,EC,2025-03-15,12837.2,10784.9,KG,X,EC-D2,69,2025-03
0000003758,FE-002,EC,2025-03-15,3159.9,3162.8,KG,X,EC-D2,69,2025-03
0000003759,FE-003,EC,2025-03-15,2369.9,2355.7,KG,X,EC-D2,69,2025-03
0000003760,FE-004,EC,2025-03-15,296.2,141.8,KG,X,EC-D2,69,2025-03
0000003761,FE-001,EC,2025-03-15,12741.5,14143.8,KG,X,EC-D2,70,2025-03
0000003762,FE-002,EC,2025-03-15,3136.4,3512.7,KG,X,EC-D2,70,2025-03
0000003763,FE-003,EC,2025-03-15,2352.3,2196.1,KG,X,EC-D2,70,2025-03
0000003764,FE-004,EC,2025-03-15,294.0,299.4,KG,X,EC-D2,70,2025-03
0000003765,FE-001,EC,2025-03-15,12381.5,11330.6,KG,X,EC-D2,71,2025-03
0000003766,FE-002,EC,2025-03-15,3047.8,3293.6,KG,X,EC-D2,71,2025-03
0000003767,FE-003,EC,2025-03-15,2285.8,1807.8,KG,X,EC-D2,71,2025-03
0000003768,FE-004,EC,2025-03-15,285.7,271.2,KG,X,EC-D2,71,2025-03
0000003769,FE-001,EC,2025-03-15,12751.4,10544.6,KG,X,EC-D2,72,2025-03
0000003770,FE-002,EC,2025-03-15,3138.8,1466.5,KG,X,EC-D2,72,2025-03
0000003771,FE-003,EC,2025-03-15,2354.1,2327.7,KG,X,EC-D2,72,2025-03
0000003772,FE-004,EC,2025-03-15,294.3,221.2,KG,X,EC-D2,72,2025-03
0000003773,FE-001,EC,2025-03-15,13292.3,12808.5,KG,X,EC-D2,73,2025-03
0000003774,FE-002,EC,2025-03-15,3272.0,3197.0,KG,X,EC-D2,73,2025-03
0000003775,FE-003,EC,2025-03-15,2454.0,1870.9,KG,X,EC-D2,73,2025-03
0000003776,FE-004,EC,2025-03-15,306.7,243.5,KG,X,EC-D2,73,2025-03
0000003777,FE-001,EC,2025-03-15,12595.3,12448.1,KG,X,EC-D2,74,2025-03
0000003778,FE-002,EC,2025-03-15,3100.4,1891.0,KG,X,EC-D2,74,2025-03
0000003779,FE-003,EC,2025-03-15,2325.3,1831.8,KG,X,EC-D2,74,2025-03
0000003780,FE-004,EC,2025-03-15,290.7,255.9,KG,X,EC-D2,74,2025-03
0000003781,FE-001,EC,2025-03-15,13015.2,12257.6,KG,X,EC-D2,382,2025-03
0000003782,FE-002,EC,2025-03-15,3203.7,0.0,KG,,EC-D2,382,2025-03
0000003783,FE-003,EC,2025-03-15,2402.8,2599.3,KG,X,EC-D2,382,2025-03
0000003784,FE-004,EC,2025-03-15,300.3,270.8,KG,X,EC-D2,382,2025-03
0000003785,FE-001,EC,2025-03-15,16718.8,15445.1,KG,X,EC-D3,75,2025-03
0000003786,FE-002,EC,2025-03-15,4115.4,3468.0,KG,X,EC-D3,75,2025-03
0000003787,FE-003,EC,2025-03-15,3086.5,3107.4,KG,X,EC-D3,75,2025-03
0000003788,FE-004,EC,2025-03-15,385.8,256.2,KG,X,EC-D3,75,2025-03
0000003789,FE-001,EC,2025-03-15,12373.3,10210.3,KG,X,EC-D3,76,2025-03
0000003790,FE-002,EC,2025-03-15,3045.7,3265.9,KG,X,EC-D3,76,2025-03
0000003791,FE-003,EC,2025-03-15,2284.3,1729.6,KG,X,EC-D3,76,2025-03
0000003792,FE-004,EC,2025-03-15,285.5,221.0,KG,X,EC-D3,76,2025-03
0000003793,FE-001,EC,2025-03-15,12291.6,10534.3,KG,X,EC-D3,77,2025-03
0000003794,FE-002,EC,2025-03-15,3025.6,3388.7,KG,X,EC-D3,77,2025-03
0000003795,FE-003,EC,2025-03-15,2269.2,1349.9,KG,X,EC-D3,77,2025-03
0000003796,FE-004,EC,2025-03-15,283.7,247.7,KG,X,EC-D3,77,2025-03
0000003797,FE-001,EC,2025-03-15,13080.9,9360.0,KG,X,EC-D3,78,2025-03
0000003798,FE-002,EC,2025-03-15,3219.9,3381.3,KG,X,EC-D3,78,2025-03
0000003799,FE-003,EC,2025-03-15,2414.9,2028.7,KG,X,EC-D3,78,2025-03
0000003800,FE-004,EC,2025-03-15,301.9,246.8,KG,X,EC-D3,78,2025-03
0000003801,FE-001,EC,2025-03-15,8189.5,5465.3,KG,X,EC-D3,79,2025-03
0000003802,FE-002,EC,2025-03-15,2015.9,1671.9,KG,X,EC-D3,79,2025-03
0000003803,FE-003,EC,2025-03-15,1511.9,1211.3,KG,X,EC-D3,79,2025-03
0000003804,FE-004,EC,2025-03-15,189.0,157.5,KG,X,EC-D3,79,2025-03
0000003805,FE-001,EC,2025-03-15,5413.8,4442.6,KG,X,EC-D3,80,2025-03
0000003806,FE-002,EC,2025-03-15,1332.6,1492.5,KG,X,EC-D3,80,2025-03
0000003807,FE-003,EC,2025-03-15,999.5,999.4,KG,X,EC-D3,80,2025-03
0000003808,FE-004,EC,2025-03-15,124.9,105.6,KG,X,EC-D3,80,2025-03
0000003809,FE-001,EC,2025-03-15,3588.6,2986.3,KG,X,EC-D3,81,2025-03
0000003810,FE-002,EC,2025-03-15,883.3,522.2,KG,X,EC-D3,81,2025-03
0000003811,FE-003,EC,2025-03-15,662.5,646.2,KG,X,EC-D3,81,2025-03
0000003812,FE-004,EC,2025-03-15,82.8,50.7,KG,X,EC-D3,81,2025-03
0000003813,FE-001,EC,2025-03-15,1123.1,994.5,KG,X,EC-D3,82,2025-03
0000003814,FE-002,EC,2025-03-15,276.5,189.4,KG,X,EC-D3,82,2025-03
0000003815,FE-003,EC,2025-03-15,207.3,218.2,KG,X,EC-D3,82,2025-03
0000003816,FE-004,EC,2025-03-15,25.9,28.4,KG,X,EC-D3,82,2025-03
0000003817,FE-001,EC,2025-03-15,16409.5,15766.0,KG,X,EC-D3,83,2025-03
0000003818,FE-002,EC,2025-03-15,4039.3,3195.1,KG,X,EC-D3,83,2025-03
0000003819,FE-003,EC,2025-03-15,3029.4,3155.7,KG,X,EC-D3,83,2025-03
0000003820,FE-004,EC,2025-03-15,378.7,292.2,KG,X,EC-D3,83,2025-03
0000003821,FE-001,EC,2025-03-15,14361.0,10759.8,KG,X,EC-D3,84,2025-03
0000003822,FE-002,EC,2025-03-15,3535.0,3951.6,KG,X,EC-D3,84,2025-03
0000003823,FE-003,EC,2025-03-15,2651.3,1950.9,KG,X,EC-D3,84,2025-03
0000003824,FE-004,EC,2025-03-15,331.4,369.7,KG,X,EC-D3,84,2025-03
0000003825,FE-001,EC,2025-03-15,10465.6,11721.5,KG,X,EC-D3,85,2025-03
0000003826,FE-002,EC,2025-03-15,2576.1,2885.3,KG,X,EC-D3,85,2025-03
0000003827,FE-003,EC,2025-03-15,1932.1,1344.5,KG,X,EC-D3,85,2025-03
0000003828,FE-004,EC,2025-03-15,241.5,251.4,KG,X,EC-D3,85,2025-03
0000003829,FE-001,EC,2025-03-15,16776.3,15007.7,KG,X,EC-D3,86,2025-03
0000003830,FE-002,EC,2025-03-15,4129.5,2829.5,KG,X,EC-D3,86,2025-03
0000003831,FE-003,EC,2025-03-15,3097.2,2374.9,KG,X,EC-D3,86,2025-03
0000003832,FE-004,EC,2025-03-15,387.1,264.5,KG,X,EC-D3,86,2025-03
0000003833,FE-001,EC,2025-03-15,13247.5,10456.3,KG,X,EC-D3,87,2025-03
0000003834,FE-002,EC,2025-03-15,3260.9,3213.8,KG,X,EC-D3,87,2025-03
0000003835,FE-003,EC,2025-03-15,2445.7,2401.4,KG,X,EC-D3,87,2025-03
0000003836,FE-004,EC,2025-03-15,305.7,0.0,KG,,EC-D3,87,2025-03
0000003837,FE-001,EC,2025-03-15,12001.5,11671.4,KG,X,EC-D3,88,2025-03
0000003838,FE-002,EC,2025-03-15,2954.2,3308.7,KG,X,EC-D3,88,2025-03
0000003839,FE-003,EC,2025-03-15,2215.7,2070.0,KG,X,EC-D3,88,2025-03
0000003840,FE-004,EC,2025-03-15,277.0,220.6,KG,X,EC-D3,88,2025-03
0000003841,FE-001,EC,2025-03-15,13784.4,13107.5,KG,X,EC-D3,89,2025-03
0000003842,FE-002,EC,2025-03-15,3393.1,2470.3,KG,X,EC-D3,89,2025-03
0000003843,FE-003,EC,2025-03-15,2544.8,2006.8,KG,X,EC-D3,89,2025-03
0000003844,FE-004,EC,2025-03-15,318.1,294.0,KG,X,EC-D3,89,2025-03
0000003845,FE-001,EC,2025-03-15,12058.0,8893.8,KG,X,EC-D3,90,2025-03
0000003846,FE-002,EC,2025-03-15,2968.1,2471.3,KG,X,EC-D3,90,2025-03
0000003847,FE-003,EC,2025-03-15,2226.1,1606.7,KG,X,EC-D3,90,2025-03
0000003848,FE-004,EC,2025-03-15,278.3,181.6,KG,X,EC-D3,90,2025-03
0000003849,FE-001,EC,2025-03-15,7082.6,6092.7,KG,X,EC-D3,91,2025-03
0000003850,FE-002,EC,2025-03-15,1743.4,1952.6,KG,X,EC-D3,91,2025-03
0000003851,FE-003,EC,2025-03-15,1307.6,1393.0,KG,X,EC-D3,91,2025-03
0000003852,FE-004,EC,2025-03-15,163.4,177.4,KG,X,EC-D3,91,2025-03
0000003853,FE-001,EC,2025-03-15,14839.6,7266.0,KG,X,EC-D3,92,2025-03
0000003854,FE-002,EC,2025-03-15,3652.8,2737.5,KG,X,EC-D3,92,2025-03
0000003855,FE-003,EC,2025-03-15,2739.6,0.0,KG,,EC-D3,92,2025-03
0000003856,FE-004,EC,2025-03-15,342.5,328.1,KG,X,EC-D3,92,2025-03
0000003857,FE-001,EC,2025-03-15,17517.2,19090.6,KG,X,EC-D3,93,2025-03
0000003858,FE-002,EC,2025-03-15,4311.9,2751.1,KG,X,EC-D3,93,2025-03
0000003859,FE-003,EC,2025-03-15,3233.9,3191.6,KG,X,EC-D3,93,2025-03
0000003860,FE-004,EC,2025-03-15,404.2,259.0,KG,X,EC-D3,93,2025-03
0000003861,FE-001,EC,2025-03-15,9081.9,8836.5,KG,X,EC-D3,94,2025-03
0000003862,FE-002,EC,2025-03-15,2235.6,1651.1,KG,X,EC-D3,94,2025-03
0000003863,FE-003,EC,2025-03-15,1676.7,1374.0,KG,X,EC-D3,94,2025-03
0000003864,FE-004,EC,2025-03-15,209.6,167.2,KG,X,EC-D3,94,2025-03
0000003865,FE-001,EC,2025-03-15,13126.0,12229.0,KG,X,EC-D3,95,2025-03
0000003866,FE-002,EC,2025-03-15,3231.0,3001.6,KG,X,EC-D3,95,2025-03
0000003867,FE-003,EC,2025-03-15,2423.3,1854.7,KG,X,EC-D3,95,2025-03
0000003868,FE-004,EC,2025-03-15,302.9,0.0,KG,,EC-D3,95,2025-03
0000003869,FE-001,EC,2025-03-15,15823.4,13122.7,KG,X,EC-D3,96,2025-03
0000003870,FE-002,EC,2025-03-15,3895.0,1959.2,KG,X,EC-D3,96,2025-03
0000003871,FE-003,EC,2025-03-15,2921.2,2180.8,KG,X,EC-D3,96,2025-03
0000003872,FE-004,EC,2025-03-15,365.2,299.5,KG,X,EC-D3,96,2025-03
0000003873,FE-001,EC,2025-03-15,9928.7,9450.8,KG,X,EC-D3,97,2025-03
0000003874,FE-002,EC,2025-03-15,2444.0,1818.1,KG,X,EC-D3,97,2025-03
0000003875,FE-003,EC,2025-03-15,1833.0,927.7,KG,X,EC-D3,97,2025-03
0000003876,FE-004,EC,2025-03-15,229.1,182.1,KG,X,EC-D3,97,2025-03
0000003877,FE-001,EC,2025-03-15,14160.6,13232.6,KG,X,EC-D3,98,2025-03
0000003878,FE-002,EC,2025-03-15,3485.7,3146.7,KG,X,EC-D3,98,2025-03
0000003879,FE-003,EC,2025-03-15,2614.3,2082.8,KG,X,EC-D3,98,2025-03
0000003880,FE-004,EC,2025-03-15,326.8,291.7,KG,X,EC-D3,98,2025-03
0000003881,FE-001,EC,2025-03-15,6213.6,5587.0,KG,X,EC-D3,99,2025-03
0000003882,FE-002,EC,2025-03-15,1529.5,1504.5,KG,X,EC-D3,99,2025-03
0000003883,FE-003,EC,2025-03-15,1147.1,888.9,KG,X,EC-D3,99,2025-03
0000003884,FE-004,EC,2025-03-15,143.4,158.9,KG,X,EC-D3,99,2025-03
0000003885,FE-001,EC,2025-03-15,11611.8,9527.1,KG,X,EC-D3,100,2025-03
0000003886,FE-002,EC,2025-03-15,2858.3,1917.9,KG,X,EC-D3,100,2025-03
0000003887,FE-003,EC,2025-03-15,2143.7,1591.8,KG,X,EC-D3,100,2025-03
0000003888,FE-004,EC,2025-03-15,268.0,234.2,KG,X,EC-D3,100,2025-03
0000003889,FE-001,EC,2025-03-15,19929.4,17634.3,KG,X,EC-D3,101,2025-03
0000003890,FE-002,EC,2025-03-15,4905.7,3146.3,KG,X,EC-D3,101,2025-03
0000003891,FE-003,EC,2025-03-15,3679.3,3896.7,KG,X,EC-D3,101,2025-03
0000003892,FE-004,EC,2025-03-15,459.9,495.4,KG,X,EC-D3,101,2025-03
0000003893,FE-001,EC,2025-03-15,11696.4,8568.1,KG,X,EC-D3,102,2025-03
0000003894,FE-002,EC,2025-03-15,2879.1,2712.2,KG,X,EC-D3,102,2025-03
0000003895,FE-003,EC,2025-03-15,2159.3,1945.6,KG,X,EC-D3,102,2025-03
0000003896,FE-004,EC,2025-03-15,269.9,273.8,KG,X,EC-D3,102,2025-03
0000003897,FE-001,EC,2025-03-15,12192.8,9617.8,KG,X,EC-D3,103,2025-03
0000003898,FE-002,EC,2025-03-15,3001.3,3361.5,KG,X,EC-D3,103,2025-03
0000003899,FE-003,EC,2025-03-15,2251.0,1932.6,KG,X,EC-D3,103,2025-03
0000003900,FE-004,EC,2025-03-15,281.4,234.7,KG,X,EC-D3,103,2025-03
0000003901,FE-001,EC,2025-03-15,15099.4,12190.6,KG,X,EC-D3,104,2025-03
0000003902,FE-002,EC,2025-03-15,3716.8,3761.9,KG,X,EC-D3,104,2025-03
0000003903,FE-003,EC,2025-03-15,2787.6,2193.6,KG,X,EC-D3,104,2025-03
0000003904,FE-004,EC,2025-03-15,348.4,390.3,KG,X,EC-D3,104,2025-03
0000003905,FE-001,EC,2025-03-15,8287.1,6847.7,KG,X,EC-D3,105,2025-03
0000003906,FE-002,EC,2025-03-15,2039.9,1185.5,KG,X,EC-D3,105,2025-03
0000003907,FE-003,EC,2025-03-15,1529.9,1294.3,KG,X,EC-D3,105,2025-03
0000003908,FE-004,EC,2025-03-15,191.2,149.4,KG,X,EC-D3,105,2025-03
0000003909,FE-001,EC,2025-03-15,4238.9,3486.3,KG,X,EC-D3,106,2025-03
0000003910,FE-002,EC,2025-03-15,1043.4,1042.2,KG,X,EC-D3,106,2025-03
0000003911,FE-003,EC,2025-03-15,782.6,822.9,KG,X,EC-D3,106,2025-03
0000003912,FE-004,EC,2025-03-15,97.8,83.4,KG,X,EC-D3,106,2025-03
0000003913,FE-001,EC,2025-03-15,14273.8,5142.2,KG,X,EC-D3,107,2025-03
0000003914,FE-002,EC,2025-03-15,3513.6,3556.5,KG,X,EC-D3,107,2025-03
0000003915,FE-003,EC,2025-03-15,2635.2,1523.5,KG,X,EC-D3,107,2025-03
0000003916,FE-004,EC,2025-03-15,329.4,283.8,KG,X,EC-D3,107,2025-03
0000003917,FE-001,EC,2025-03-15,18019.0,18954.1,KG,X,EC-D3,108,2025-03
0000003918,FE-002,EC,2025-03-15,4435.5,4062.6,KG,X,EC-D3,108,2025-03
0000003919,FE-003,EC,2025-03-15,3326.6,2955.4,KG,X,EC-D3,108,2025-03
0000003920,FE-004,EC,2025-03-15,415.8,369.2,KG,X,EC-D3,108,2025-03
0000003921,FE-001,EC,2025-03-15,11547.1,8753.4,KG,X,EC-D3,109,2025-03
0000003922,FE-002,EC,2025-03-15,2842.4,2655.9,KG,X,EC-D3,109,2025-03
0000003923,FE-003,EC,2025-03-15,2131.8,2032.3,KG,X,EC-D3,109,2025-03
0000003924,FE-004,EC,2025-03-15,266.5,215.6,KG,X,EC-D3,109,2025-03
0000003925,FE-001,EC,2025-03-15,11053.2,10155.9,KG,X,EC-D3,110,2025-03
0000003926,FE-002,EC,2025-03-15,2720.8,2380.9,KG,X,EC-D3,110,2025-03
0000003927,FE-003,EC,2025-03-15,2040.6,1495.5,KG,X,EC-D3,110,2025-03
0000003928,FE-004,EC,2025-03-15,255.1,172.8,KG,X,EC-D3,110,2025-03
0000003929,FE-001,EC,2025-03-15,18560.2,18775.4,KG,X,EC-D3,111,2025-03
0000003930,FE-002,EC,2025-03-15,4568.7,4174.8,KG,X,EC-D3,111,2025-03
0000003931,FE-003,EC,2025-03-15,3426.5,3837.7,KG,X,EC-D3,111,2025-03
0000003932,FE-004,EC,2025-03-15,428.3,0.0,KG,,EC-D3,111,2025-03
0000003933,FE-001,EC,2025-03-15,9955.0,6925.1,KG,X,EC-D3,112,2025-03
0000003934,FE-002,EC,2025-03-15,2450.5,2413.2,KG,X,EC-D3,112,2025-03
0000003935,FE-003,EC,2025-03-15,1837.8,1881.9,KG,X,EC-D3,112,2025-03
0000003936,FE-004,EC,2025-03-15,229.7,203.6,KG,X,EC-D3,112,2025-03
0000003937,FE-001,EC,2025-03-15,12504.6,12191.4,KG,X,EC-D3,113,2025-03
0000003938,FE-002,EC,2025-03-15,3078.1,2032.6,KG,X,EC-D3,113,2025-03
0000003939,FE-003,EC,2025-03-15,2308.5,1822.9,KG,X,EC-D3,113,2025-03
0000003940,FE-004,EC,2025-03-15,288.6,225.2,KG,X,EC-D3,113,2025-03
0000003941,FE-001,EC,2025-03-15,8289.1,6298.2,KG,X,EC-D3,114,2025-03
0000003942,FE-002,EC,2025-03-15,2040.4,1551.8,KG,X,EC-D3,114,2025-03
0000003943,FE-003,EC,2025-03-15,1530.3,1713.9,KG,X,EC-D3,114,2025-03
0000003944,FE-004,EC,2025-03-15,191.3,142.1,KG,X,EC-D3,114,2025-03
0000003945,FE-001,EC,2025-03-15,10037.0,5839.0,KG,X,EC-D3,115,2025-03
0000003946,FE-002,EC,2025-03-15,2470.6,2243.3,KG,X,EC-D3,115,2025-03
0000003947,FE-003,EC,2025-03-15,1853.0,1947.4,KG,X,EC-D3,115,2025-03
0000003948,FE-004,EC,2025-03-15,231.6,218.4,KG,X,EC-D3,115,2025-03
0000003949,FE-001,EC,2025-03-15,6045.3,4871.7,KG,X,EC-D3,116,2025-03
0000003950,FE-002,EC,2025-03-15,1488.1,1113.9,KG,X,EC-D3,116,2025-03
0000003951,FE-003,EC,2025-03-15,1116.0,907.4,KG,X,EC-D3,116,2025-03
0000003952,FE-004,EC,2025-03-15,139.5,121.9,KG,X,EC-D3,116,2025-03
0000003953,FE-001,EC,2025-03-15,4653.0,3707.0,KG,X,EC-D3,117,2025-03
0000003954,FE-002,EC,2025-03-15,1145.3,1067.0,KG,X,EC-D3,117,2025-03
0000003955,FE-003,EC,2025-03-15,859.0,748.0,KG,X,EC-D3,117,2025-03
0000003956,FE-004,EC,2025-03-15,107.4,113.7,KG,X,EC-D3,117,2025-03
0000003957,FE-001,EC,2025-03-15,5264.7,3752.5,KG,X,EC-D3,118,2025-03
0000003958,FE-002,EC,2025-03-15,1295.9,1019.5,KG,X,EC-D3,118,2025-03
0000003959,FE-003,EC,2025-03-15,971.9,602.7,KG,X,EC-D3,118,2025-03
0000003960,FE-004,EC,2025-03-15,121.5,105.4,KG,X,EC-D3,118,2025-03
0000003961,FE-001,EC,2025-03-15,1748.0,1761.7,KG,X,EC-D3,119,2025-03
0000003962,FE-002,EC,2025-03-15,430.3,450.8,KG,X,EC-D3,119,2025-03
0000003963,FE-003,EC,2025-03-15,322.7,347.4,KG,X,EC-D3,119,2025-03
0000003964,FE-004,EC,2025-03-15,40.3,33.8,KG,X,EC-D3,119,2025-03
0000003965,FE-001,EC,2025-03-15,5716.9,5136.1,KG,X,EC-D3,120,2025-03
0000003966,FE-002,EC,2025-03-15,1407.2,1343.0,KG,X,EC-D3,120,2025-03
0000003967,FE-003,EC,2025-03-15,1055.4,908.7,KG,X,EC-D3,120,2025-03
0000003968,FE-004,EC,2025-03-15,131.9,106.2,KG,X,EC-D3,120,2025-03
0000003969,FE-001,EC,2025-03-15,2137.6,2051.9,KG,X,EC-D3,121,2025-03
0000003970,FE-002,EC,2025-03-15,526.2,349.2,KG,X,EC-D3,121,2025-03
0000003971,FE-003,EC,2025-03-15,394.6,415.9,KG,X,EC-D3,121,2025-03
0000003972,FE-004,EC,2025-03-15,49.3,17.3,KG,X,EC-D3,121,2025-03
0000003973,FE-001,EC,2025-03-15,1234.6,1035.0,KG,X,EC-D3,369,2025-03
0000003974,FE-002,EC,2025-03-15,303.9,222.3,KG,X,EC-D3,369,2025-03
0000003975,FE-003,EC,2025-03-15,227.9,253.3,KG,X,EC-D3,369,2025-03
0000003976,FE-004,EC,2025-03-15,28.5,25.8,KG,X,EC-D3,369,2025-03
0000003977,FE-001,EC,2025-03-15,993.0,925.6,KG,X,EC-D3,370,2025-03
0000003978,FE-002,EC,2025-03-15,244.4,273.8,KG,X,EC-D3,370,2025-03
0000003979,FE-003,EC,2025-03-15,183.3,139.2,KG,X,EC-D3,370,2025-03
0000003980,FE-004,EC,2025-03-15,22.9,25.4,KG,X,EC-D3,370,2025-03
0000003981,FE-001,EC,2025-03-15,6417.3,4234.6,KG,X,EC-D4,122,2025-03
0000003982,FE-002,EC,2025-03-15,1579.6,1605.3,KG,X,EC-D4,122,2025-03
0000003983,FE-003,EC,2025-03-15,1184.7,1184.2,KG,X,EC-D4,122,2025-03
0000003984,FE-004,EC,2025-03-15,148.1,0.0,KG,,EC-D4,122,2025-03
0000003985,FE-001,EC,2025-03-15,5125.0,5647.8,KG,X,EC-D4,123,2025-03
0000003986,FE-002,EC,2025-03-15,1261.5,1009.3,KG,X,EC-D4,123,2025-03
0000003987,FE-003,EC,2025-03-15,946.2,583.6,KG,X,EC-D4,123,2025-03
0000003988,FE-004,EC,2025-03-15,118.3,106.2,KG,X,EC-D4,123,2025-03
0000003989,FE-001,EC,2025-03-15,4861.2,4626.3,KG,X,EC-D4,124,2025-03
0000003990,FE-002,EC,2025-03-15,1196.6,1272.3,KG,X,EC-D4,124,2025-03
0000003991,FE-003,EC,2025-03-15,897.5,754.1,KG,X,EC-D4,124,2025-03
0000003992,FE-004,EC,2025-03-15,112.2,105.0,KG,X,EC-D4,124,2025-03
0000003993,FE-001,EC,2025-03-15,2784.3,2661.6,KG,X,EC-D4,125,2025-03
0000003994,FE-002,EC,2025-03-15,685.4,566.7,KG,X,EC-D4,125,2025-03
0000003995,FE-003,EC,2025-03-15,514.0,451.1,KG,X,EC-D4,125,2025-03
0000003996,FE-004,EC,2025-03-15,64.3,61.8,KG,X,EC-D4,125,2025-03
0000003997,FE-001,EC,2025-03-15,2872.8,2399.3,KG,X,EC-D4,126,2025-03
0000003998,FE-002,EC,2025-03-15,707.2,678.0,KG,X,EC-D4,126,2025-03
0000003999,FE-003,EC,2025-03-15,530.4,594.0,KG,X,EC-D4,126,2025-03
0000004000,FE-004,EC,2025-03-15,66.3,71.6,KG,X,EC-D4,126,2025-03
0000004001,FE-001,EC,2025-03-15,1293.3,1089.3,KG,X,EC-D4,127,2025-03
0000004002,FE-002,EC,2025-03-15,318.4,261.9,KG,X,EC-D4,127,2025-03
0000004003,FE-003,EC,2025-03-15,238.8,202.9,KG,X,EC-D4,127,2025-03
0000004004,FE-004,EC,2025-03-15,29.8,33.4,KG,X,EC-D4,127,2025-03
0000004005,FE-001,EC,2025-03-15,12879.4,0.0,KG,,EC-D4,128,2025-03
0000004006,FE-002,EC,2025-03-15,3170.3,2009.1,KG,X,EC-D4,128,2025-03
0000004007,FE-003,EC,2025-03-15,2377.7,1354.8,KG,X,EC-D4,128,2025-03
0000004008,FE-004,EC,2025-03-15,297.2,268.3,KG,X,EC-D4,128,2025-03
0000004009,FE-001,EC,2025-03-15,9881.5,6562.4,KG,X,EC-D4,129,2025-03
0000004010,FE-002,EC,2025-03-15,2432.4,1506.1,KG,X,EC-D4,129,2025-03
0000004011,FE-003,EC,2025-03-15,1824.3,1665.8,KG,X,EC-D4,129,2025-03
0000004012,FE-004,EC,2025-03-15,228.0,241.0,KG,X,EC-D4,129,2025-03
0000004013,FE-001,EC,2025-03-15,13971.2,6031.6,KG,X,EC-D4,130,2025-03
0000004014,FE-002,EC,2025-03-15,3439.1,3317.6,KG,X,EC-D4,130,2025-03
0000004015,FE-003,EC,2025-03-15,2579.3,2703.1,KG,X,EC-D4,130,2025-03
0000004016,FE-004,EC,2025-03-15,322.4,250.6,KG,X,EC-D4,130,2025-03
0000004017,FE-001,EC,2025-03-15,14003.8,12103.7,KG,X,EC-D4,131,2025-03
0000004018,FE-002,EC,2025-03-15,3447.1,2115.7,KG,X,EC-D4,131,2025-03
0000004019,FE-003,EC,2025-03-15,2585.3,2764.5,KG,X,EC-D4,131,2025-03
0000004020,FE-004,EC,2025-03-15,323.2,213.6,KG,X,EC-D4,131,2025-03
0000004021,FE-001,EC,2025-03-15,15323.0,11971.1,KG,X,EC-D4,132,2025-03
0000004022,FE-002,EC,2025-03-15,3771.8,2914.0,KG,X,EC-D4,132,2025-03
0000004023,FE-003,EC,2025-03-15,2828.9,1860.0,KG,X,EC-D4,132,2025-03
0000004024,FE-004,EC,2025-03-15,353.6,312.0,KG,X,EC-D4,132,2025-03
0000004025,FE-001,EC,2025-03-15,10343.3,8002.7,KG,X,EC-D4,133,2025-03
0000004026,FE-002,EC,2025-03-15,2546.0,2361.3,KG,X,EC-D4,133,2025-03
0000004027,FE-003,EC,2025-03-15,1909.5,1833.0,KG,X,EC-D4,133,2025-03
0000004028,FE-004,EC,2025-03-15,238.7,197.8,KG,X,EC-D4,133,2025-03
0000004029,FE-001,EC,2025-03-15,15942.8,15975.6,KG,X,EC-D4,134,2025-03
0000004030,FE-002,EC,2025-03-15,3924.4,2835.1,KG,X,EC-D4,134,2025-03
0000004031,FE-003,EC,2025-03-15,2943.3,2705.3,KG,X,EC-D4,134,2025-03
0000004032,FE-004,EC,2025-03-15,367.9,412.1,KG,X,EC-D4,134,2025-03
0000004033,FE-001,EC,2025-03-15,12355.4,12868.1,KG,X,EC-D4,135,2025-03
0000004034,FE-002,EC,2025-03-15,3041.3,2945.3,KG,X,EC-D4,135,2025-03
0000004035,FE-003,EC,2025-03-15,2281.0,1600.1,KG,X,EC-D4,135,2025-03
0000004036,FE-004,EC,2025-03-15,285.1,254.3,KG,X,EC-D4,135,2025-03
0000004037,FE-001,EC,2025-03-15,14967.3,16763.3,KG,X,EC-D4,136,2025-03
0000004038,FE-002,EC,2025-03-15,3684.2,3444.0,KG,X,EC-D4,136,2025-03
0000004039,FE-003,EC,2025-03-15,2763.2,2722.2,KG,X,EC-D4,136,2025-03
0000004040,FE-004,EC,2025-03-15,345.4,217.6,KG,X,EC-D4,136,2025-03
0000004041,FE-001,EC,2025-03-15,13938.8,8643.2,KG,X,EC-D4,137,2025-03
0000004042,FE-002,EC,2025-03-15,3431.1,3439.2,KG,X,EC-D4,137,2025-03
0000004043,FE-003,EC,2025-03-15,2573.3,2205.2,KG,X,EC-D4,137,2025-03
0000004044,FE-004,EC,2025-03-15,321.7,255.1,KG,X,EC-D4,137,2025-03
0000004045,FE-001,EC,2025-03-15,17574.5,13441.7,KG,X,EC-D4,138,2025-03
0000004046,FE-002,EC,2025-03-15,4326.0,4520.4,KG,X,EC-D4,138,2025-03
0000004047,FE-003,EC,2025-03-15,3244.5,2692.1,KG,X,EC-D4,138,2025-03
0000004048,FE-004,EC,2025-03-15,405.6,310.9,KG,X,EC-D4,138,2025-03
0000004049,FE-001,EC,2025-03-15,10401.3,11649.4,KG,X,EC-D4,139,2025-03
0000004050,FE-002,EC,2025-03-15,2560.3,2329.9,KG,X,EC-D4,139,2025-03
0000004051,FE-003,EC,2025-03-15,1920.2,2090.6,KG,X,EC-D4,139,2025-03
0000004052,FE-004,EC,2025-03-15,240.0,200.3,KG,X,EC-D4,139,2025-03
0000004053,FE-001,EC,2025-03-15,12029.1,8947.0,KG,X,EC-D4,140,2025-03
0000004054,FE-002,EC,2025-03-15,2961.0,2892.6,KG,X,EC-D4,140,2025-03
0000004055,FE-003,EC,2025-03-15,2220.8,2280.5,KG,X,EC-D4,140,2025-03
0000004056,FE-004,EC,2025-03-15,277.6,174.9,KG,X,EC-D4,140,2025-03
0000004057,FE-001,EC,2025-03-15,12917.8,13393.7,KG,X,EC-D4,141,2025-03
0000004058,FE-002,EC,2025-03-15,3179.8,2728.9,KG,X,EC-D4,141,2025-03
0000004059,FE-003,EC,2025-03-15,2384.8,2009.5,KG,X,EC-D4,141,2025-03
0000004060,FE-004,EC,2025-03-15,298.1,318.5,KG,X,EC-D4,141,2025-03
0000004061,FE-001,EC,2025-03-15,11342.9,9172.7,KG,X,EC-D4,142,2025-03
0000004062,FE-002,EC,2025-03-15,2792.1,2853.6,KG,X,EC-D4,142,2025-03
0000004063,FE-003,EC,2025-03-15,2094.1,2248.9,KG,X,EC-D4,142,2025-03
0000004064,FE-004,EC,2025-03-15,261.8,214.1,KG,X,EC-D4,142,2025-03
0000004065,FE-001,EC,2025-03-15,11102.8,8582.5,KG,X,EC-D4,143,2025-03
0000004066,FE-002,EC,2025-03-15,2733.0,1919.4,KG,X,EC-D4,143,2025-03
0000004067,FE-003,EC,2025-03-15,2049.7,1637.1,KG,X,EC-D4,143,2025-03
0000004068,FE-004,EC,2025-03-15,256.2,269.1,KG,X,EC-D4,143,2025-03
0000004069,FE-001,EC,2025-03-15,11811.5,7399.5,KG,X,EC-D4,144,2025-03
0000004070,FE-002,EC,2025-03-15,2907.4,3256.3,KG,X,EC-D4,144,2025-03
0000004071,FE-003,EC,2025-03-15,2180.6,1940.7,KG,X,EC-D4,144,2025-03
0000004072,FE-004,EC,2025-03-15,272.6,262.3,KG,X,EC-D4,144,2025-03
0000004073,FE-001,EC,2025-03-15,17439.6,16066.5,KG,X,EC-D4,145,2025-03
0000004074,FE-002,EC,2025-03-15,4292.8,4272.0,KG,X,EC-D4,145,2025-03
0000004075,FE-003,EC,2025-03-15,3219.6,3085.6,KG,X,EC-D4,145,2025-03
0000004076,FE-004,EC,2025-03-15,402.5,326.3,KG,X,EC-D4,145,2025-03
0000004077,FE-001,EC,2025-03-15,12713.6,7561.0,KG,X,EC-D4,146,2025-03
0000004078,FE-002,EC,2025-03-15,3129.5,2444.2,KG,X,EC-D4,146,2025-03
0000004079,FE-003,EC,2025-03-15,2347.1,1928.9,KG,X,EC-D4,146,2025-03
0000004080,FE-004,EC,2025-03-15,293.4,326.4,KG,X,EC-D4,146,2025-03
0000004081,FE-001,EC,2025-03-15,12103.1,10917.4,KG,X,EC-D4,147,2025-03
0000004082,FE-002,EC,2025-03-15,2979.2,2542.5,KG,X,EC-D4,147,2025-03
0000004083,FE-003,EC,2025-03-15,2234.4,2497.9,KG,X,EC-D4,147,2025-03
0000004084,FE-004,EC,2025-03-15,279.3,238.6,KG,X,EC-D4,147,2025-03
0000004085,FE-001,EC,2025-03-15,15069.4,16877.7,KG,X,EC-D4,148,2025-03
0000004086,FE-002,EC,2025-03-15,3709.4,3067.9,KG,X,EC-D4,148,2025-03
0000004087,FE-003,EC,2025-03-15,2782.0,2131.5,KG,X,EC-D4,148,2025-03
0000004088,FE-004,EC,2025-03-15,347.8,364.0,KG,X,EC-D4,148,2025-03
0000004089,FE-001,EC,2025-03-15,11705.9,8415.9,KG,X,EC-D4,149,2025-03
0000004090,FE-002,EC,2025-03-15,2881.5,2288.9,KG,X,EC-D4,149,2025-03
0000004091,FE-003,EC,2025-03-15,2161.1,1921.3,KG,X,EC-D4,149,2025-03
0000004092,FE-004,EC,2025-03-15,270.1,189.0,KG,X,EC-D4,149,2025-03
0000004093,FE-001,EC,2025-03-15,13834.5,9397.4,KG,X,EC-D4,150,2025-03
0000004094,FE-002,EC,2025-03-15,3405.4,3302.8,KG,X,EC-D4,150,2025-03
0000004095,FE-003,EC,2025-03-15,2554.1,1812.8,KG,X,EC-D4,150,2025-03
0000004096,FE-004,EC,2025-03-15,319.3,287.0,KG,X,EC-D4,150,2025-03
0000004097,FE-001,EC,2025-03-15,13949.7,12341.6,KG,X,EC-D4,151,2025-03
0000004098,FE-002,EC,2025-03-15,3433.8,3277.5,KG,X,EC-D4,151,2025-03
0000004099,FE-003,EC,2025-03-15,2575.3,2884.4,KG,X,EC-D4,151,2025-03
0000004100,FE-004,EC,2025-03-15,321.9,341.8,KG,X,EC-D4,151,2025-03
0000004101,FE-001,EC,2025-03-15,12807.3,10030.1,KG,X,EC-D4,152,2025-03
0000004102,FE-002,EC,2025-03-15,3152.6,2432.0,KG,X,EC-D4,152,2025-03
0000004103,FE-003,EC,2025-03-15,2364.4,2620.6,KG,X,EC-D4,152,2025-03
0000004104,FE-004,EC,2025-03-15,295.6,256.7,KG,X,EC-D4,152,2025-03
0000004105,FE-001,EC,2025-03-15,15654.9,13969.9,KG,X,EC-D4,153,2025-03
0000004106,FE-002,EC,2025-03-15,3853.5,3928.7,KG,X,EC-D4,153,2025-03
0000004107,FE-003,EC,2025-03-15,2890.1,2894.6,KG,X,EC-D4,153,2025-03
0000004108,FE-004,EC,2025-03-15,361.3,337.2,KG,X,EC-D4,153,2025-03
0000004109,FE-001,EC,2025-03-15,820.2,547.8,KG,X,EC-D4,154,2025-03
0000004110,FE-002,EC,2025-03-15,201.9,210.3,KG,X,EC-D4,154,2025-03
0000004111,FE-003,EC,2025-03-15,151.4,127.3,KG,X,EC-D4,154,2025-03
0000004112,FE-004,EC,2025-03-15,18.9,21.2,KG,X,EC-D4,154,2025-03
0000004113,FE-001,EC,2025-03-15,4704.1,3227.8,KG,X,EC-D4,155,2025-03
0000004114,FE-002,EC,2025-03-15,1157.9,1008.2,KG,X,EC-D4,155,2025-03
0000004115,FE-003,EC,2025-03-15,868.4,920.5,KG,X,EC-D4,155,2025-03
0000004116,FE-004,EC,2025-03-15,108.6,92.7,KG,X,EC-D4,155,2025-03
0000004117,FE-001,EC,2025-03-15,10204.2,11428.7,KG,X,EC-D4,156,2025-03
0000004118,FE-002,EC,2025-03-15,2511.8,1808.8,KG,X,EC-D4,156,2025-03
0000004119,FE-003,EC,2025-03-15,1883.8,1903.9,KG,X,EC-D4,156,2025-03
0000004120,FE-004,EC,2025-03-15,235.5,257.6,KG,X,EC-D4,156,2025-03
0000004121,FE-001,EC,2025-03-15,16003.3,13366.8,KG,X,EC-D4,157,2025-03
0000004122,FE-002,EC,2025-03-15,3939.3,3343.1,KG,X,EC-D4,157,2025-03
0000004123,FE-003,EC,2025-03-15,2954.5,2118.6,KG,X,EC-D4,157,2025-03
0000004124,FE-004,EC,2025-03-15,369.3,298.6,KG,X,EC-D4,157,2025-03
0000004125,FE-001,EC,2025-03-15,16163.6,15191.8,KG,X,EC-D4,158,2025-03
0000004126,FE-002,EC,2025-03-15,3978.7,3436.6,KG,X,EC-D4,158,2025-03
0000004127,FE-003,EC,2025-03-15,2984.1,1958.1,KG,X,EC-D4,158,2025-03
0000004128,FE-004,EC,2025-03-15,373.0,333.0,KG,X,EC-D4,158,2025-03
0000004129,FE-001,EC,2025-03-15,11075.4,9229.0,KG,X,EC-D4,159,2025-03
0000004130,FE-002,EC,2025-03-15,2726.2,2241.8,KG,X,EC-D4,159,2025-03
0000004131,FE-003,EC,2025-03-15,2044.7,2103.4,KG,X,EC-D4,159,2025-03
0000004132,FE-004,EC,2025-03-15,255.6,234.7,KG,X,EC-D4,159,2025-03
0000004133,FE-001,EC,2025-03-15,15735.6,14089.6,KG,X,EC-D4,160,2025-03
0000004134,FE-002,EC,2025-03-15,3873.4,4338.2,KG,X,EC-D4,160,2025-03
0000004135,FE-003,EC,2025-03-15,2905.0,2317.4,KG,X,EC-D4,160,2025-03
0000004136,FE-004,EC,2025-03-15,363.1,406.7,KG,X,EC-D4,160,2025-03
0000004137,FE-001,EC,2025-03-15,5999.4,5038.6,KG,X,EC-D4,163,2025-03
0000004138,FE-002,EC,2025-03-15,1476.8,0.0,KG,,EC-D4,163,2025-03
0000004139,FE-003,EC,2025-03-15,1107.6,1240.5,KG,X,EC-D4,163,2025-03
0000004140,FE-004,EC,2025-03-15,138.4,117.7,KG,X,EC-D4,163,2025-03
0000004141,FE-001,EC,2025-03-15,6275.4,3437.7,KG,X,EC-D4,164,2025-03
0000004142,FE-002,EC,2025-03-15,1544.7,1047.6,KG,X,EC-D4,164,2025-03
0000004143,FE-003,EC,2025-03-15,1158.5,1297.6,KG,X,EC-D4,164,2025-03
0000004144,FE-004,EC,2025-03-15,144.8,109.1,KG,X,EC-D4,164,2025-03
0000004145,FE-001,EC,2025-03-15,8315.8,5985.8,KG,X,EC-D4,165,2025-03
0000004146,FE-002,EC,2025-03-15,2047.0,1449.4,KG,X,EC-D4,165,2025-03
0000004147,FE-003,EC,2025-03-15,1535.2,1373.6,KG,X,EC-D4,165,2025-03
0000004148,FE-004,EC,2025-03-15,191.9,160.7,KG,X,EC-D4,165,2025-03
0000004149,FE-001,EC,2025-03-15,7214.9,5638.8,KG,X,EC-D4,166,2025-03
0000004150,FE-002,EC,2025-03-15,1776.0,1896.1,KG,X,EC-D4,166,2025-03
0000004151,FE-003,EC,2025-03-15,1332.0,1016.0,KG,X,EC-D4,166,2025-03
0000004152,FE-004,EC,2025-03-15,166.5,118.7,KG,X,EC-D4,166,2025-03
0000004153,FE-001,EC,2025-03-15,16574.9,18563.9,KG,X,EC-D5,168,2025-03
0000004154,FE-002,EC,2025-03-15,4080.0,0.0,KG,,EC-D5,168,2025-03
0000004155,FE-003,EC,2025-03-15,3060.0,2351.2,KG,X,EC-D5,168,2025-03
0000004156,FE-004,EC,2025-03-15,382.5,291.1,KG,X,EC-D5,168,2025-03
0000004157,FE-001,EC,2025-03-15,16553.3,12561.1,KG,X,EC-D5,169,2025-03
0000004158,FE-002,EC,2025-03-15,4074.7,3229.8,KG,X,EC-D5,169,2025-03
0000004159,FE-003,EC,2025-03-15,3056.0,2746.6,KG,X,EC-D5,169,2025-03
0000004160,FE-004,EC,2025-03-15,382.0,261.8,KG,X,EC-D5,169,2025-03
0000004161,FE-001,EC,2025-03-15,13777.3,10603.3,KG,X,EC-D5,170,2025-03
0000004162,FE-002,EC,2025-03-15,3391.3,3640.0,KG,X,EC-D5,170,2025-03
0000004163,FE-003,EC,2025-03-15,2543.5,2848.7,KG,X,EC-D5,170,2025-03
0000004164,FE-004,EC,2025-03-15,317.9,285.1,KG,X,EC-D5,170,2025-03
0000004165,FE-001,EC,2025-03-15,9801.1,7019.7,KG,X,EC-D5,171,2025-03
0000004166,FE-002,EC,2025-03-15,2412.6,2223.5,KG,X,EC-D5,171,2025-03
0000004167,FE-003,EC,2025-03-15,1809.4,1568.0,KG,X,EC-D5,171,2025-03
0000004168,FE-004,EC,2025-03-15,226.2,152.6,KG,X,EC-D5,171,2025-03
0000004169,FE-001,EC,2025-03-15,11024.0,10970.4,KG,X,EC-D5,172,2025-03
0000004170,FE-002,EC,2025-03-15,2713.6,1968.3,KG,X,EC-D5,172,2025-03
0000004171,FE-003,EC,2025-03-15,2035.2,1960.9,KG,X,EC-D5,172,2025-03
0000004172,FE-004,EC,2025-03-15,254.4,163.9,KG,X,EC-D5,172,2025-03
0000004173,FE-001,EC,2025-03-15,9003.9,7467.8,KG,X,EC-D5,173,2025-03
0000004174,FE-002,EC,2025-03-15,2216.3,1288.3,KG,X,EC-D5,173,2025-03
0000004175,FE-003,EC,2025-03-15,1662.3,1758.9,KG,X,EC-D5,173,2025-03
0000004176,FE-004,EC,2025-03-15,207.8,122.4,KG,X,EC-D5,173,2025-03
0000004177,FE-001,EC,2025-03-15,5194.1,5198.4,KG,X,EC-D5,174,2025-03
0000004178,FE-002,EC,2025-03-15,1278.5,611.0,KG,X,EC-D5,174,2025-03
0000004179,FE-003,EC,2025-03-15,958.9,835.8,KG,X,EC-D5,174,2025-03
0000004180,FE-004,EC,2025-03-15,119.9,88.0,KG,X,EC-D5,174,2025-03
0000004181,FE-001,EC,2025-03-15,12555.2,10575.5,KG,X,EC-D5,176,2025-03
0000004182,FE-002,EC,2025-03-15,3090.5,3378.4,KG,X,EC-D5,176,2025-03
0000004183,FE-003,EC,2025-03-15,2317.9,2284.7,KG,X,EC-D5,176,2025-03
0000004184,FE-004,EC,2025-03-15,289.7,224.5,KG,X,EC-D5,176,2025-03
0000004185,FE-001,EC,2025-03-15,13008.7,11907.0,KG,X,EC-D5,177,2025-03
0000004186,FE-002,EC,2025-03-15,3202.2,2760.8,KG,X,EC-D5,177,2025-03
0000004187,FE-003,EC,2025-03-15,2401.6,2528.5,KG,X,EC-D5,177,2025-03
0000004188,FE-004,EC,2025-03-15,300.2,243.3,KG,X,EC-D5,177,2025-03
0000004189,FE-001,EC,2025-03-15,11920.3,10571.7,KG,X,EC-D5,178,2025-03
0000004190,FE-002,EC,2025-03-15,2934.2,2487.8,KG,X,EC-D5,178,2025-03
0000004191,FE-003,EC,2025-03-15,2200.7,1906.1,KG,X,EC-D5,178,2025-03
0000004192,FE-004,EC,2025-03-15,275.1,245.1,KG,X,EC-D5,178,2025-03
0000004193,FE-001,EC,2025-03-15,11275.1,7824.4,KG,X,EC-D5,179,2025-03
0000004194,FE-002,EC,2025-03-15,2775.4,2570.7,KG,X,EC-D5,179,2025-03
0000004195,FE-003,EC,2025-03-15,2081.6,1675.4,KG,X,EC-D5,179,2025-03
0000004196,FE-004,EC,2025-03-15,260.2,239.1,KG,X,EC-D5,179,2025-03
0000004197,FE-001,EC,2025-03-15,13092.1,7676.6,KG,X,EC-D5,180,2025-03
0000004198,FE-002,EC,2025-03-15,3222.7,3589.5,KG,X,EC-D5,180,2025-03
0000004199,FE-003,EC,2025-03-15,2417.0,1797.6,KG,X,EC-D5,180,2025-03
0000004200,FE-004,EC,2025-03-15,302.1,177.8,KG,X,EC-D5,180,2025-03
0000004201,FE-001,EC,2025-03-15,14211.9,11205.9,KG,X,EC-D5,181,2025-03
0000004202,FE-002,EC,2025-03-15,3498.3,2675.1,KG,X,EC-D5,181,2025-03
0000004203,FE-003,EC,2025-03-15,2623.7,2195.3,KG,X,EC-D5,181,2025-03
0000004204,FE-004,EC,2025-03-15,328.0,367.3,KG,X,EC-D5,181,2025-03
0000004205,FE-001,EC,2025-03-15,9639.8,8378.0,KG,X,EC-D5,182,2025-03
0000004206,FE-002,EC,2025-03-15,2372.9,2039.2,KG,X,EC-D5,182,2025-03
0000004207,FE-003,EC,2025-03-15,1779.7,1487.2,KG,X,EC-D5,182,2025-03
0000004208,FE-004,EC,2025-03-15,222.5,214.1,KG,X,EC-D5,182,2025-03
0000004209,FE-001,EC,2025-03-15,8518.3,7862.2,KG,X,EC-D5,184,2025-03
0000004210,FE-002,EC,2025-03-15,2096.8,1478.6,KG,X,EC-D5,184,2025-03
0000004211,FE-003,EC,2025-03-15,1572.6,1732.1,KG,X,EC-D5,184,2025-03
0000004212,FE-004,EC,2025-03-15,196.6,150.1,KG,X,EC-D5,184,2025-03
0000004213,FE-001,EC,2025-03-15,12579.4,10240.5,KG,X,EC-D5,185,2025-03
0000004214,FE-002,EC,2025-03-15,3096.5,3468.1,KG,X,EC-D5,185,2025-03
0000004215,FE-003,EC,2025-03-15,2322.4,1582.9,KG,X,EC-D5,185,2025-03
0000004216,FE-004,EC,2025-03-15,290.3,325.1,KG,X,EC-D5,185,2025-03
0000004217,FE-001,EC,2025-03-15,12680.2,9314.1,KG,X,EC-D5,186,2025-03
0000004218,FE-002,EC,2025-03-15,3121.3,1694.6,KG,X,EC-D5,186,2025-03
0000004219,FE-003,EC,2025-03-15,2341.0,1745.6,KG,X,EC-D5,186,2025-03
0000004220,FE-004,EC,2025-03-15,292.6,295.7,KG,X,EC-D5,186,2025-03
0000004221,FE-001,EC,2025-03-15,14839.2,16619.9,KG,X,EC-D5,187,2025-03
0000004222,FE-002,EC,2025-03-15,3652.7,2908.5,KG,X,EC-D5,187,2025-03
0000004223,FE-003,EC,2025-03-15,2739.5,2420.1,KG,X,EC-D5,187,2025-03
0000004224,FE-004,EC,2025-03-15,342.4,324.0,KG,X,EC-D5,187,2025-03
0000004225,FE-001,EC,2025-03-15,14222.1,12450.9,KG,X,EC-D5,188,2025-03
0000004226,FE-002,EC,2025-03-15,3500.8,2345.3,KG,X,EC-D5,188,2025-03
0000004227,FE-003,EC,2025-03-15,2625.6,2940.7,KG,X,EC-D5,188,2025-03
0000004228,FE-004,EC,2025-03-15,328.2,188.4,KG,X,EC-D5,188,2025-03
0000004229,FE-001,EC,2025-03-15,17280.6,17319.6,KG,X,EC-D5,189,2025-03
0000004230,FE-002,EC,2025-03-15,4253.7,2894.4,KG,X,EC-D5,189,2025-03
0000004231,FE-003,EC,2025-03-15,3190.3,2923.9,KG,X,EC-D5,189,2025-03
0000004232,FE-004,EC,2025-03-15,398.8,348.6,KG,X,EC-D5,189,2025-03
0000004233,FE-001,EC,2025-03-15,12200.3,10650.2,KG,X,EC-D5,190,2025-03
0000004234,FE-002,EC,2025-03-15,3003.2,3167.1,KG,X,EC-D5,190,2025-03
0000004235,FE-003,EC,2025-03-15,2252.4,2178.4,KG,X,EC-D5,190,2025-03
0000004236,FE-004,EC,2025-03-15,281.5,315.3,KG,X,EC-D5,190,2025-03
0000004237,FE-001,EC,2025-03-15,5151.2,4952.8,KG,X,EC-D5,192,2025-03
0000004238,FE-002,EC,2025-03-15,1268.0,1218.1,KG,X,EC-D5,192,2025-03
0000004239,FE-003,EC,2025-03-15,951.0,907.2,KG,X,EC-D5,192,2025-03
0000004240,FE-004,EC,2025-03-15,118.9,105.8,KG,X,EC-D5,192,2025-03
0000004241,FE-001,EC,2025-03-15,13316.0,14268.4,KG,X,EC-D5,193,2025-03
0000004242,FE-002,EC,2025-03-15,3277.8,3600.1,KG,X,EC-D5,193,2025-03
0000004243,FE-003,EC,2025-03-15,2458.3,2462.9,KG,X,EC-D5,193,2025-03
0000004244,FE-004,EC,2025-03-15,307.3,252.4,KG,X,EC-D5,193,2025-03
0000004245,FE-001,EC,2025-03-15,12936.2,12050.2,KG,X,EC-D5,194,2025-03
0000004246,FE-002,EC,2025-03-15,3184.3,1664.8,KG,X,EC-D5,194,2025-03
0000004247,FE-003,EC,2025-03-15,2388.2,1932.6,KG,X,EC-D5,194,2025-03
0000004248,FE-004,EC,2025-03-15,298.5,221.7,KG,X,EC-D5,194,2025-03
0000004249,FE-001,EC,2025-03-15,12587.7,7575.9,KG,X,EC-D5,195,2025-03
0000004250,FE-002,EC,2025-03-15,3098.5,3266.9,KG,X,EC-D5,195,2025-03
0000004251,FE-003,EC,2025-03-15,2323.9,1521.1,KG,X,EC-D5,195,2025-03
0000004252,FE-004,EC,2025-03-15,290.5,243.9,KG,X,EC-D5,195,2025-03
0000004253,FE-001,EC,2025-03-15,15170.0,11697.5,KG,X,EC-D5,196,2025-03
0000004254,FE-002,EC,2025-03-15,3734.1,3305.8,KG,X,EC-D5,196,2025-03
0000004255,FE-003,EC,2025-03-15,2800.6,2148.0,KG,X,EC-D5,196,2025-03
0000004256,FE-004,EC,2025-03-15,350.1,326.1,KG,X,EC-D5,196,2025-03
0000004257,FE-001,EC,2025-03-15,13862.1,13579.1,KG,X,EC-D5,197,2025-03
0000004258,FE-002,EC,2025-03-15,3412.2,3236.0,KG,X,EC-D5,197,2025-03
0000004259,FE-003,EC,2025-03-15,2559.2,2866.3,KG,X,EC-D5,197,2025-03
0000004260,FE-004,EC,2025-03-15,319.9,318.5,KG,X,EC-D5,197,2025-03
0000004261,FE-001,EC,2025-03-15,4160.2,3067.1,KG,X,EC-D5,198,2025-03
0000004262,FE-002,EC,2025-03-15,1024.0,977.5,KG,X,EC-D5,198,2025-03
0000004263,FE-003,EC,2025-03-15,768.0,860.2,KG,X,EC-D5,198,2025-03
0000004264,FE-004,EC,2025-03-15,96.0,60.1,KG,X,EC-D5,198,2025-03
0000004265,FE-001,EC,2025-03-15,7794.9,6027.6,KG,X,EC-D5,199,2025-03
0000004266,FE-002,EC,2025-03-15,1918.7,1291.7,KG,X,EC-D5,199,2025-03
0000004267,FE-003,EC,2025-03-15,1439.1,1316.9,KG,X,EC-D5,199,2025-03
0000004268,FE-004,EC,2025-03-15,179.9,142.4,KG,X,EC-D5,199,2025-03
0000004269,FE-001,EC,2025-03-15,9236.2,9284.9,KG,X,EC-D5,200,2025-03
0000004270,FE-002,EC,2025-03-15,2273.5,1776.9,KG,X,EC-D5,200,2025-03
0000004271,FE-003,EC,2025-03-15,1705.1,1849.1,KG,X,EC-D5,200,2025-03
0000004272,FE-004,EC,2025-03-15,213.1,221.6,KG,X,EC-D5,200,2025-03
0000004273,FE-001,EC,2025-03-15,18921.5,21160.9,KG,X,EC-D5,201,2025-03
0000004274,FE-002,EC,2025-03-15,4657.6,4037.5,KG,X,EC-D5,201,2025-03
0000004275,FE-003,EC,2025-03-15,3493.2,3684.7,KG,X,EC-D5,201,2025-03
0000004276,FE-004,EC,2025-03-15,436.7,461.1,KG,X,EC-D5,201,2025-03
0000004277,FE-001,EC,2025-03-15,13442.6,11321.3,KG,X,EC-D5,202,2025-03
0000004278,FE-002,EC,2025-03-15,3308.9,3706.0,KG,X,EC-D5,202,2025-03
0000004279,FE-003,EC,2025-03-15,2481.7,2134.1,KG,X,EC-D5,202,2025-03
0000004280,FE-004,EC,2025-03-15,310.2,317.5,KG,X,EC-D5,202,2025-03
0000004281,FE-001,EC,2025-03-15,1753.6,1460.2,KG,X,EC-D5,373,2025-03
0000004282,FE-002,EC,2025-03-15,431.7,424.2,KG,X,EC-D5,373,2025-03
0000004283,FE-003,EC,2025-03-15,323.7,282.4,KG,X,EC-D5,373,2025-03
0000004284,FE-004,EC,2025-03-15,40.5,29.9,KG,X,EC-D5,373,2025-03
0000004285,FE-001,EC,2025-03-15,21505.6,0.0,KG,,EC-D6,203,2025-03
0000004286,FE-002,EC,2025-03-15,5293.7,3955.6,KG,X,EC-D6,203,2025-03
0000004287,FE-003,EC,2025-03-15,3970.3,3192.5,KG,X,EC-D6,203,2025-03
0000004288,FE-004,EC,2025-03-15,496.3,319.8,KG,X,EC-D6,203,2025-03
0000004289,FE-001,EC,2025-03-15,15239.2,15346.8,KG,X,EC-D6,204,2025-03
0000004290,FE-002,EC,2025-03-15,3751.2,4194.5,KG,X,EC-D6,204,2025-03
0000004291,FE-003,EC,2025-03-15,2813.4,2690.4,KG,X,EC-D6,204,2025-03
0000004292,FE-004,EC,2025-03-15,351.7,332.9,KG,X,EC-D6,204,2025-03
0000004293,FE-001,EC,2025-03-15,11235.8,11410.6,KG,X,EC-D6,205,2025-03
0000004294,FE-002,EC,2025-03-15,2765.7,2831.9,KG,X,EC-D6,205,2025-03
0000004295,FE-003,EC,2025-03-15,2074.3,1764.8,KG,X,EC-D6,205,2025-03
0000004296,FE-004,EC,2025-03-15,259.3,225.4,KG,X,EC-D6,205,2025-03
0000004297,FE-001,EC,2025-03-15,11227.4,6436.3,KG,X,EC-D6,206,2025-03
0000004298,FE-002,EC,2025-03-15,2763.7,2598.7,KG,X,EC-D6,206,2025-03
0000004299,FE-003,EC,2025-03-15,2072.8,2321.5,KG,X,EC-D6,206,2025-03
0000004300,FE-004,EC,2025-03-15,259.1,275.4,KG,X,EC-D6,206,2025-03
0000004301,FE-001,EC,2025-03-15,12913.3,12099.8,KG,X,EC-D6,207,2025-03
0000004302,FE-002,EC,2025-03-15,3178.7,2084.7,KG,X,EC-D6,207,2025-03
0000004303,FE-003,EC,2025-03-15,2384.0,2369.8,KG,X,EC-D6,207,2025-03
0000004304,FE-004,EC,2025-03-15,298.0,306.0,KG,X,EC-D6,207,2025-03
0000004305,FE-001,EC,2025-03-15,12401.5,10585.8,KG,X,EC-D6,208,2025-03
0000004306,FE-002,EC,2025-03-15,3052.7,2754.9,KG,X,EC-D6,208,2025-03
0000004307,FE-003,EC,2025-03-15,2289.5,2083.4,KG,X,EC-D6,208,2025-03
0000004308,FE-004,EC,2025-03-15,286.2,245.5,KG,X,EC-D6,208,2025-03
0000004309,FE-001,EC,2025-03-15,12255.5,6886.3,KG,X,EC-D6,209,2025-03
0000004310,FE-002,EC,2025-03-15,3016.7,1933.4,KG,X,EC-D6,209,2025-03
0000004311,FE-003,EC,2025-03-15,2262.6,2332.6,KG,X,EC-D6,209,2025-03
0000004312,FE-004,EC,2025-03-15,282.8,262.8,KG,X,EC-D6,209,2025-03
0000004313,FE-001,EC,2025-03-15,14752.7,15892.6,KG,X,EC-D6,210,2025-03
0000004314,FE-002,EC,2025-03-15,3631.4,2259.7,KG,X,EC-D6,210,2025-03
0000004315,FE-003,EC,2025-03-15,2723.6,2186.3,KG,X,EC-D6,210,2025-03
0000004316,FE-004,EC,2025-03-15,340.4,338.7,KG,X,EC-D6,210,2025-03
0000004317,FE-001,EC,2025-03-15,12287.8,7849.0,KG,X,EC-D6,211,2025-03
0000004318,FE-002,EC,2025-03-15,3024.7,2901.8,KG,X,EC-D6,211,2025-03
0000004319,FE-003,EC,2025-03-15,2268.5,2261.9,KG,X,EC-D6,211,2025-03
0000004320,FE-004,EC,2025-03-15,283.6,186.2,KG,X,EC-D6,211,2025-03
0000004321,FE-001,EC,2025-03-15,12127.1,11889.3,KG,X,EC-D6,212,2025-03
0000004322,FE-002,EC,2025-03-15,2985.1,2687.7,KG,X,EC-D6,212,2025-03
0000004323,FE-003,EC,2025-03-15,2238.8,1519.0,KG,X,EC-D6,212,2025-03
0000004324,FE-004,EC,2025-03-15,279.9,227.0,KG,X,EC-D6,212,2025-03
0000004325,FE-001,EC,2025-03-15,12906.5,10356.9,KG,X,EC-D6,213,2025-03
0000004326,FE-002,EC,2025-03-15,3177.0,3558.2,KG,X,EC-D6,213,2025-03
0000004327,FE-003,EC,2025-03-15,2382.7,2204.4,KG,X,EC-D6,213,2025-03
0000004328,FE-004,EC,2025-03-15,297.8,263.8,KG,X,EC-D6,213,2025-03
0000004329,FE-001,EC,2025-03-15,15622.3,11349.3,KG,X,EC-D6,214,2025-03
0000004330,FE-002,EC,2025-03-15,3845.5,3034.6,KG,X,EC-D6,214,2025-03
0000004331,FE-003,EC,2025-03-15,2884.1,3221.4,KG,X,EC-D6,214,2025-03
0000004332,FE-004,EC,2025-03-15,360.5,358.2,KG,X,EC-D6,214,2025-03
0000004333,FE-001,EC,2025-03-15,13398.0,9952.5,KG,X,EC-D6,215,2025-03
0000004334,FE-002,EC,2025-03-15,3298.0,1835.6,KG,X,EC-D6,215,2025-03
0000004335,FE-003,EC,2025-03-15,2473.5,1319.9,KG,X,EC-D6,215,2025-03
0000004336,FE-004,EC,2025-03-15,309.2,188.2,KG,X,EC-D6,215,2025-03
0000004337,FE-001,EC,2025-03-15,14181.6,12087.9,KG,X,EC-D6,216,2025-03
0000004338,FE-002,EC,2025-03-15,3490.8,2221.4,KG,X,EC-D6,216,2025-03
0000004339,FE-003,EC,2025-03-15,2618.1,2530.3,KG,X,EC-D6,216,2025-03
0000004340,FE-004,EC,2025-03-15,327.3,351.4,KG,X,EC-D6,216,2025-03
0000004341,FE-001,EC,2025-03-15,13600.3,9874.8,KG,X,EC-D6,222,2025-03
0000004342,FE-002,EC,2025-03-15,3347.8,3067.0,KG,X,EC-D6,222,2025-03
0000004343,FE-003,EC,2025-03-15,2510.8,1615.9,KG,X,EC-D6,222,2025-03
0000004344,FE-004,EC,2025-03-15,313.9,281.3,KG,X,EC-D6,222,2025-03
0000004345,FE-001,EC,2025-03-15,12804.8,10057.6,KG,X,EC-D6,223,2025-03
0000004346,FE-002,EC,2025-03-15,3152.0,2022.0,KG,X,EC-D6,223,2025-03
0000004347,FE-003,EC,2025-03-15,2364.0,1758.5,KG,X,EC-D6,223,2025-03
0000004348,FE-004,EC,2025-03-15,295.5,236.4,KG,X,EC-D6,223,2025-03
0000004349,FE-001,EC,2025-03-15,12358.9,4781.4,KG,X,EC-D6,230,2025-03
0000004350,FE-002,EC,2025-03-15,3042.2,1862.4,KG,X,EC-D6,230,2025-03
0000004351,FE-003,EC,2025-03-15,2281.6,1747.5,KG,X,EC-D6,230,2025-03
0000004352,FE-004,EC,2025-03-15,285.2,225.7,KG,X,EC-D6,230,2025-03
0000004353,FE-001,EC,2025-03-15,13199.3,14783.2,KG,X,EC-D6,245,2025-03
0000004354,FE-002,EC,2025-03-15,3249.1,3638.9,KG,X,EC-D6,245,2025-03
0000004355,FE-003,EC,2025-03-15,2436.8,2568.7,KG,X,EC-D6,245,2025-03
0000004356,FE-004,EC,2025-03-15,304.6,313.8,KG,X,EC-D6,245,2025-03
0000004357,FE-001,EC,2025-03-15,10100.8,7376.9,KG,X,EC-D6,246,2025-03
0000004358,FE-002,EC,2025-03-15,2486.4,2375.1,KG,X,EC-D6,246,2025-03
0000004359,FE-003,EC,2025-03-15,1864.8,2059.5,KG,X,EC-D6,246,2025-03
0000004360,FE-004,EC,2025-03-15,233.1,212.9,KG,X,EC-D6,246,2025-03
0000004361,FE-001,EC,2025-03-15,7045.7,5042.6,KG,X,EC-D6,247,2025-03
0000004362,FE-002,EC,2025-03-15,1734.3,1662.9,KG,X,EC-D6,247,2025-03
0000004363,FE-003,EC,2025-03-15,1300.7,666.1,KG,X,EC-D6,247,2025-03
0000004364,FE-004,EC,2025-03-15,162.6,137.6,KG,X,EC-D6,247,2025-03
0000004365,FE-001,EC,2025-03-15,15186.3,9563.0,KG,X,EC-D6,248,2025-03
0000004366,FE-002,EC,2025-03-15,3738.2,3708.4,KG,X,EC-D6,248,2025-03
0000004367,FE-003,EC,2025-03-15,2803.6,0.0,KG,,EC-D6,248,2025-03
0000004368,FE-004,EC,2025-03-15,350.5,259.0,KG,X,EC-D6,248,2025-03
0000004369,FE-001,EC,2025-03-15,11889.1,9197.7,KG,X,EC-D6,249,2025-03
0000004370,FE-002,EC,2025-03-15,2926.6,2513.1,KG,X,EC-D6,249,2025-03
0000004371,FE-003,EC,2025-03-15,2194.9,1663.4,KG,X,EC-D6,249,2025-03
0000004372,FE-004,EC,2025-03-15,274.4,226.4,KG,X,EC-D6,249,2025-03
0000004373,FE-001,EC,2025-03-15,12038.2,10971.0,KG,X,EC-D6,250,2025-03
0000004374,FE-002,EC,2025-03-15,2963.3,2985.0,KG,X,EC-D6,250,2025-03
0000004375,FE-003,EC,2025-03-15,2222.4,2400.6,KG,X,EC-D6,250,2025-03
0000004376,FE-004,EC,2025-03-15,277.8,308.0,KG,X,EC-D6,250,2025-03
0000004377,FE-001,EC,2025-03-15,11607.6,5117.7,KG,X,EC-D6,251,2025-03
0000004378,FE-002,EC,2025-03-15,2857.3,1779.9,KG,X,EC-D6,251,2025-03
0000004379,FE-003,EC,2025-03-15,2142.9,1793.9,KG,X,EC-D6,251,2025-03
0000004380,FE-004,EC,2025-03-15,267.9,300.0,KG,X,EC-D6,251,2025-03
0000004381,FE-001,EC,2025-03-15,13376.9,11892.6,KG,X,EC-D6,252,2025-03
0000004382,FE-002,EC,2025-03-15,3292.8,2169.2,KG,X,EC-D6,252,2025-03
0000004383,FE-003,EC,2025-03-15,2469.6,1781.5,KG,X,EC-D6,252,2025-03
0000004384,FE-004,EC,2025-03-15,308.7,260.9,KG,X,EC-D6,252,2025-03
0000004385,FE-001,EC,2025-03-15,8308.1,6603.5,KG,X,EC-D6,253,2025-03
0000004386,FE-002,EC,2025-03-15,2045.1,1355.7,KG,X,EC-D6,253,2025-03
0000004387,FE-003,EC,2025-03-15,1533.8,1679.3,KG,X,EC-D6,253,2025-03
0000004388,FE-004,EC,2025-03-15,191.7,166.7,KG,X,EC-D6,253,2025-03
0000004389,FE-001,EC,2025-03-15,8914.3,8306.9,KG,X,EC-D6,254,2025-03
0000004390,FE-002,EC,2025-03-15,2194.3,1607.6,KG,X,EC-D6,254,2025-03
0000004391,FE-003,EC,2025-03-15,1645.7,960.0,KG,X,EC-D6,254,2025-03
0000004392,FE-004,EC,2025-03-15,205.7,124.9,KG,X,EC-D6,254,2025-03
0000004393,FE-001,EC,2025-03-15,14121.9,10745.8,KG,X,EC-D6,255,2025-03
0000004394,FE-002,EC,2025-03-15,3476.2,2011.2,KG,X,EC-D6,255,2025-03
0000004395,FE-003,EC,2025-03-15,2607.1,2402.1,KG,X,EC-D6,255,2025-03
0000004396,FE-004,EC,2025-03-15,325.9,220.0,KG,X,EC-D6,255,2025-03
0000004397,FE-001,EC,2025-03-15,15022.9,11949.9,KG,X,EC-D6,256,2025-03
0000004398,FE-002,EC,2025-03-15,3697.9,3242.6,KG,X,EC-D6,256,2025-03
0000004399,FE-003,EC,2025-03-15,2773.4,1581.4,KG,X,EC-D6,256,2025-03
0000004400,FE-004,EC,2025-03-15,346.7,338.5,KG,X,EC-D6,256,2025-03
0000004401,FE-001,EC,2025-03-15,12807.8,10371.6,KG,X,EC-D6,257,2025-03
0000004402,FE-002,EC,2025-03-15,3152.7,3074.0,KG,X,EC-D6,257,2025-03
0000004403,FE-003,EC,2025-03-15,2364.5,2287.8,KG,X,EC-D6,257,2025-03
0000004404,FE-004,EC,2025-03-15,295.6,276.4,KG,X,EC-D6,257,2025-03
0000004405,FE-001,EC,2025-03-15,5357.3,4913.2,KG,X,EC-D6,258,2025-03
0000004406,FE-002,EC,2025-03-15,1318.7,919.9,KG,X,EC-D6,258,2025-03
0000004407,FE-003,EC,2025-03-15,989.0,859.3,KG,X,EC-D6,258,2025-03
0000004408,FE-004,EC,2025-03-15,123.6,124.7,KG,X,EC-D6,258,2025-03
0000004409,FE-001,EC,2025-03-15,13637.5,11044.7,KG,X,EC-D6,259,2025-03
0000004410,FE-002,EC,2025-03-15,3356.9,3235.9,KG,X,EC-D6,259,2025-03
0000004411,FE-003,EC,2025-03-15,2517.7,2819.8,KG,X,EC-D6,259,2025-03
0000004412,FE-004,EC,2025-03-15,314.7,352.5,KG,X,EC-D6,259,2025-03
0000004413,FE-001,EC,2025-03-15,6795.4,5778.2,KG,X,EC-D6,260,2025-03
0000004414,FE-002,EC,2025-03-15,1672.7,1496.4,KG,X,EC-D6,260,2025-03
0000004415,FE-003,EC,2025-03-15,1254.5,1253.7,KG,X,EC-D6,260,2025-03
0000004416,FE-004,EC,2025-03-15,156.8,130.0,KG,X,EC-D6,260,2025-03
0000004417,FE-001,EC,2025-03-15,8950.0,9062.7,KG,X,EC-D6,261,2025-03
0000004418,FE-002,EC,2025-03-15,2203.1,2166.0,KG,X,EC-D6,261,2025-03
0000004419,FE-003,EC,2025-03-15,1652.3,1285.0,KG,X,EC-D6,261,2025-03
0000004420,FE-004,EC,2025-03-15,206.5,187.5,KG,X,EC-D6,261,2025-03
0000004421,FE-001,EC,2025-03-15,12675.6,9088.2,KG,X,EC-D6,262,2025-03
0000004422,FE-002,EC,2025-03-15,3120.2,3475.4,KG,X,EC-D6,262,2025-03
0000004423,FE-003,EC,2025-03-15,2340.1,0.0,KG,,EC-D6,262,2025-03
0000004424,FE-004,EC,2025-03-15,292.5,311.9,KG,X,EC-D6,262,2025-03
0000004425,FE-001,EC,2025-03-15,13268.5,12207.7,KG,X,EC-D6,263,2025-03
0000004426,FE-002,EC,2025-03-15,3266.1,2966.4,KG,X,EC-D6,263,2025-03
0000004427,FE-003,EC,2025-03-15,2449.6,2717.3,KG,X,EC-D6,263,2025-03
0000004428,FE-004,EC,2025-03-15,306.2,280.8,KG,X,EC-D6,263,2025-03
0000004429,FE-001,EC,2025-03-15,5670.1,4379.1,KG,X,EC-D6,264,2025-03
0000004430,FE-002,EC,2025-03-15,1395.7,1399.5,KG,X,EC-D6,264,2025-03
0000004431,FE-003,EC,2025-03-15,1046.8,1172.4,KG,X,EC-D6,264,2025-03
0000004432,FE-004,EC,2025-03-15,130.8,110.8,KG,X,EC-D6,264,2025-03
0000004433,FE-001,EC,2025-03-15,7554.7,6302.5,KG,X,EC-D6,265,2025-03
0000004434,FE-002,EC,2025-03-15,1859.6,1551.4,KG,X,EC-D6,265,2025-03
0000004435,FE-003,EC,2025-03-15,1394.7,1015.0,KG,X,EC-D6,265,2025-03
0000004436,FE-004,EC,2025-03-15,174.3,118.7,KG,X,EC-D6,265,2025-03
0000004437,FE-001,EC,2025-03-15,12729.7,11434.3,KG,X,EC-D6,266,2025-03
0000004438,FE-002,EC,2025-03-15,3133.5,2739.8,KG,X,EC-D6,266,2025-03
0000004439,FE-003,EC,2025-03-15,2350.1,2277.3,KG,X,EC-D6,266,2025-03
0000004440,FE-004,EC,2025-03-15,293.8,219.9,KG,X,EC-D6,266,2025-03
0000004441,FE-001,EC,2025-03-15,8047.3,5287.3,KG,X,EC-D6,267,2025-03
0000004442,FE-002,EC,2025-03-15,1980.9,1214.1,KG,X,EC-D6,267,2025-03
0000004443,FE-003,EC,2025-03-15,1485.7,1356.5,KG,X,EC-D6,267,2025-03
0000004444,FE-004,EC,2025-03-15,185.7,153.5,KG,X,EC-D6,267,2025-03
0000004445,FE-001,EC,2025-03-15,8974.8,7780.6,KG,X,EC-D6,268,2025-03
0000004446,FE-002,EC,2025-03-15,2209.2,2244.1,KG,X,EC-D6,268,2025-03
0000004447,FE-003,EC,2025-03-15,1656.9,1548.7,KG,X,EC-D6,268,2025-03
0000004448,FE-004,EC,2025-03-15,207.1,198.6,KG,X,EC-D6,268,2025-03
0000004449,FE-001,EC,2025-03-15,9188.5,8541.9,KG,X,EC-D6,269,2025-03
0000004450,FE-002,EC,2025-03-15,2261.8,1490.2,KG,X,EC-D6,269,2025-03
0000004451,FE-003,EC,2025-03-15,1696.3,1592.2,KG,X,EC-D6,269,2025-03
0000004452,FE-004,EC,2025-03-15,212.0,162.0,KG,X,EC-D6,269,2025-03
0000004453,FE-001,EC,2025-03-15,6407.2,5544.6,KG,X,EC-D6,270,2025-03
0000004454,FE-002,EC,2025-03-15,1577.2,1352.2,KG,X,EC-D6,270,2025-03
0000004455,FE-003,EC,2025-03-15,1182.9,982.4,KG,X,EC-D6,270,2025-03
0000004456,FE-004,EC,2025-03-15,147.9,123.1,KG,X,EC-D6,270,2025-03
0000004457,FE-001,EC,2025-03-15,9404.2,7628.7,KG,X,EC-D6,271,2025-03
0000004458,FE-002,EC,2025-03-15,2314.9,2093.3,KG,X,EC-D6,271,2025-03
0000004459,FE-003,EC,2025-03-15,1736.2,1363.3,KG,X,EC-D6,271,2025-03
0000004460,FE-004,EC,2025-03-15,217.0,218.3,KG,X,EC-D6,271,2025-03
0000004461,FE-001,EC,2025-03-15,11552.6,10792.4,KG,X,EC-D6,272,2025-03
0000004462,FE-002,EC,2025-03-15,2843.7,1786.9,KG,X,EC-D6,272,2025-03
0000004463,FE-003,EC,2025-03-15,2132.8,1650.9,KG,X,EC-D6,272,2025-03
0000004464,FE-004,EC,2025-03-15,266.6,184.1,KG,X,EC-D6,272,2025-03
0000004465,FE-001,EC,2025-03-15,17943.7,17739.3,KG,X,EC-D6,379,2025-03
0000004466,FE-002,EC,2025-03-15,4416.9,3609.4,KG,X,EC-D6,379,2025-03
0000004467,FE-003,EC,2025-03-15,3312.7,3600.2,KG,X,EC-D6,379,2025-03
0000004468,FE-004,EC,2025-03-15,414.1,334.4,KG,X,EC-D6,379,2025-03
0000004469,FE-001,EC,2025-03-15,12846.2,11602.5,KG,X,EC-D6,380,2025-03
0000004470,FE-002,EC,2025-03-15,3162.1,2994.7,KG,X,EC-D6,380,2025-03
0000004471,FE-003,EC,2025-03-15,2371.6,2656.2,KG,X,EC-D6,380,2025-03
0000004472,FE-004,EC,2025-03-15,296.5,301.9,KG,X,EC-D6,380,2025-03
0000004473,FE-001,EC,2025-03-15,6292.2,6855.7,KG,X,EC-D7,287,2025-03
0000004474,FE-002,EC,2025-03-15,1548.8,1240.4,KG,X,EC-D7,287,2025-03
0000004475,FE-003,EC,2025-03-15,1161.6,1110.4,KG,X,EC-D7,287,2025-03
0000004476,FE-004,EC,2025-03-15,145.2,126.3,KG,X,EC-D7,287,2025-03
0000004477,FE-001,EC,2025-03-15,2797.2,2119.2,KG,X,EC-D7,288,2025-03
0000004478,FE-002,EC,2025-03-15,688.6,648.6,KG,X,EC-D7,288,2025-03
0000004479,FE-003,EC,2025-03-15,516.4,567.9,KG,X,EC-D7,288,2025-03
0000004480,FE-004,EC,2025-03-15,64.6,60.8,KG,X,EC-D7,288,2025-03
0000004481,FE-001,EC,2025-03-15,8290.5,8125.3,KG,X,EC-D7,289,2025-03
0000004482,FE-002,EC,2025-03-15,2040.7,1711.1,KG,X,EC-D7,289,2025-03
0000004483,FE-003,EC,2025-03-15,1530.6,1221.0,KG,X,EC-D7,289,2025-03
0000004484,FE-004,EC,2025-03-15,191.3,117.3,KG,X,EC-D7,289,2025-03
0000004485,FE-001,EC,2025-03-15,10683.7,11965.8,KG,X,EC-D7,290,2025-03
0000004486,FE-002,EC,2025-03-15,2629.8,2030.3,KG,X,EC-D7,290,2025-03
0000004487,FE-003,EC,2025-03-15,1972.4,1516.0,KG,X,EC-D7,290,2025-03
0000004488,FE-004,EC,2025-03-15,246.5,276.1,KG,X,EC-D7,290,2025-03
0000004489,FE-001,EC,2025-03-15,12381.6,12325.2,KG,X,EC-D7,291,2025-03
0000004490,FE-002,EC,2025-03-15,3047.8,3123.9,KG,X,EC-D7,291,2025-03
0000004491,FE-003,EC,2025-03-15,2285.8,1566.7,KG,X,EC-D7,291,2025-03
0000004492,FE-004,EC,2025-03-15,285.7,200.5,KG,X,EC-D7,291,2025-03
0000004493,FE-001,EC,2025-03-15,8465.0,8959.3,KG,X,EC-D7,292,2025-03
0000004494,FE-002,EC,2025-03-15,2083.7,2333.7,KG,X,EC-D7,292,2025-03
0000004495,FE-003,EC,2025-03-15,1562.8,1286.7,KG,X,EC-D7,292,2025-03
0000004496,FE-004,EC,2025-03-15,195.3,181.6,KG,X,EC-D7,292,2025-03
0000004497,FE-001,EC,2025-03-15,11419.4,12789.8,KG,X,EC-D7,293,2025-03
0000004498,FE-002,EC,2025-03-15,2810.9,2673.6,KG,X,EC-D7,293,2025-03
0000004499,FE-003,EC,2025-03-15,2108.2,1761.5,KG,X,EC-D7,293,2025-03
0000004500,FE-004,EC,2025-03-15,263.5,0.0,KG,,EC-D7,293,2025-03
0000004501,FE-001,EC,2025-03-15,5417.6,4350.8,KG,X,EC-D7,294,2025-03
0000004502,FE-002,EC,2025-03-15,1333.6,1272.2,KG,X,EC-D7,294,2025-03
0000004503,FE-003,EC,2025-03-15,1000.2,869.3,KG,X,EC-D7,294,2025-03
0000004504,FE-004,EC,2025-03-15,125.0,103.4,KG,X,EC-D7,294,2025-03
0000004505,FE-001,EC,2025-03-15,5215.0,4786.3,KG,X,EC-D7,295,2025-03
0000004506,FE-002,EC,2025-03-15,1283.7,1254.1,KG,X,EC-D7,295,2025-03
0000004507,FE-003,EC,2025-03-15,962.8,757.3,KG,X,EC-D7,295,2025-03
0000004508,FE-004,EC,2025-03-15,120.3,115.4,KG,X,EC-D7,295,2025-03
0000004509,FE-001,EC,2025-03-15,11640.9,11605.6,KG,X,EC-D7,296,2025-03
0000004510,FE-002,EC,2025-03-15,2865.5,2367.9,KG,X,EC-D7,296,2025-03
0000004511,FE-003,EC,2025-03-15,2149.1,1727.1,KG,X,EC-D7,296,2025-03
0000004512,FE-004,EC,2025-03-15,268.6,249.2,KG,X,EC-D7,296,2025-03
0000004513,FE-001,EC,2025-03-15,13677.1,11453.3,KG,X,EC-D7,297,2025-03
0000004514,FE-002,EC,2025-03-15,3366.7,3083.6,KG,X,EC-D7,297,2025-03
0000004515,FE-003,EC,2025-03-15,2525.0,2303.8,KG,X,EC-D7,297,2025-03
0000004516,FE-004,EC,2025-03-15,315.6,290.8,KG,X,EC-D7,297,2025-03
0000004517,FE-001,EC,2025-03-15,12361.9,10910.6,KG,X,EC-D7,298,2025-03
0000004518,FE-002,EC,2025-03-15,3042.9,2974.9,KG,X,EC-D7,298,2025-03
0000004519,FE-003,EC,2025-03-15,2282.2,2556.1,KG,X,EC-D7,298,2025-03
0000004520,FE-004,EC,2025-03-15,285.3,293.1,KG,X,EC-D7,298,2025-03
0000004521,FE-001,EC,2025-03-15,11775.7,7735.9,KG,X,EC-D7,299,2025-03
0000004522,FE-002,EC,2025-03-15,2898.6,1870.0,KG,X,EC-D7,299,2025-03
0000004523,FE-003,EC,2025-03-15,2174.0,2389.0,KG,X,EC-D7,299,2025-03
0000004524,FE-004,EC,2025-03-15,271.7,224.0,KG,X,EC-D7,299,2025-03
0000004525,FE-001,EC,2025-03-15,9262.2,7222.5,KG,X,EC-D7,300,2025-03
0000004526,FE-002,EC,2025-03-15,2279.9,2304.7,KG,X,EC-D7,300,2025-03
0000004527,FE-003,EC,2025-03-15,1710.0,1661.3,KG,X,EC-D7,300,2025-03
0000004528,FE-004,EC,2025-03-15,213.7,232.1,KG,X,EC-D7,300,2025-03
0000004529,FE-001,EC,2025-03-15,4477.4,4067.8,KG,X,EC-D7,301,2025-03
0000004530,FE-002,EC,2025-03-15,1102.1,1135.9,KG,X,EC-D7,301,2025-03
0000004531,FE-003,EC,2025-03-15,826.6,803.8,KG,X,EC-D7,301,2025-03
0000004532,FE-004,EC,2025-03-15,103.3,91.0,KG,X,EC-D7,301,2025-03
0000004533,FE-001,EC,2025-03-15,13512.5,12438.9,KG,X,EC-D7,302,2025-03
0000004534,FE-002,EC,2025-03-15,3326.1,3665.3,KG,X,EC-D7,302,2025-03
0000004535,FE-003,EC,2025-03-15,2494.6,2427.0,KG,X,EC-D7,302,2025-03
0000004536,FE-004,EC,2025-03-15,311.8,291.2,KG,X,EC-D7,302,2025-03
0000004537,FE-001,EC,2025-03-15,16601.7,15298.8,KG,X,EC-D7,303,2025-03
0000004538,FE-002,EC,2025-03-15,4086.6,4196.6,KG,X,EC-D7,303,2025-03
0000004539,FE-003,EC,2025-03-15,3064.9,2413.3,KG,X,EC-D7,303,2025-03
0000004540,FE-004,EC,2025-03-15,383.1,233.2,KG,X,EC-D7,303,2025-03
0000004541,FE-001,EC,2025-03-15,12690.7,12288.4,KG,X,EC-D7,304,2025-03
0000004542,FE-002,EC,2025-03-15,3123.9,1874.6,KG,X,EC-D7,304,2025-03
0000004543,FE-003,EC,2025-03-15,2342.9,2359.6,KG,X,EC-D7,304,2025-03
0000004544,FE-004,EC,2025-03-15,292.9,328.0,KG,X,EC-D7,304,2025-03
0000004545,FE-001,EC,2025-03-15,11761.6,8712.7,KG,X,EC-D7,305,2025-03
0000004546,FE-002,EC,2025-03-15,2895.2,2195.7,KG,X,EC-D7,305,2025-03
0000004547,FE-003,EC,2025-03-15,2171.4,1585.8,KG,X,EC-D7,305,2025-03
0000004548,FE-004,EC,2025-03-15,271.4,259.6,KG,X,EC-D7,305,2025-03
0000004549,FE-001,EC,2025-03-15,10154.2,8318.9,KG,X,EC-D7,306,2025-03
0000004550,FE-002,EC,2025-03-15,2499.5,2329.4,KG,X,EC-D7,306,2025-03
0000004551,FE-003,EC,2025-03-15,1874.6,1254.5,KG,X,EC-D7,306,2025-03
0000004552,FE-004,EC,2025-03-15,234.3,191.6,KG,X,EC-D7,306,2025-03
0000004553,FE-001,EC,2025-03-15,4673.9,3597.6,KG,X,EC-D7,307,2025-03
0000004554,FE-002,EC,2025-03-15,1150.5,1288.6,KG,X,EC-D7,307,2025-03
0000004555,FE-003,EC,2025-03-15,862.9,691.9,KG,X,EC-D7,307,2025-03
0000004556,FE-004,EC,2025-03-15,107.9,120.8,KG,X,EC-D7,307,2025-03
0000004557,FE-001,EC,2025-03-15,7160.8,6068.5,KG,X,EC-D7,308,2025-03
0000004558,FE-002,EC,2025-03-15,1762.7,1628.2,KG,X,EC-D7,308,2025-03
0000004559,FE-003,EC,2025-03-15,1322.0,1440.1,KG,X,EC-D7,308,2025-03
0000004560,FE-004,EC,2025-03-15,165.2,166.2,KG,X,EC-D7,308,2025-03
0000004561,FE-001,EC,2025-03-15,11269.2,7666.9,KG,X,EC-D7,309,2025-03
0000004562,FE-002,EC,2025-03-15,2773.9,1586.0,KG,X,EC-D7,309,2025-03
0000004563,FE-003,EC,2025-03-15,2080.5,1850.9,KG,X,EC-D7,309,2025-03
0000004564,FE-004,EC,2025-03-15,260.1,275.0,KG,X,EC-D7,309,2025-03
0000004565,FE-001,EC,2025-03-15,13848.6,12503.5,KG,X,EC-D7,310,2025-03
0000004566,FE-002,EC,2025-03-15,3408.9,2346.3,KG,X,EC-D7,310,2025-03
0000004567,FE-003,EC,2025-03-15,2556.7,2156.8,KG,X,EC-D7,310,2025-03
0000004568,FE-004,EC,2025-03-15,319.6,239.0,KG,X,EC-D7,310,2025-03
0000004569,FE-001,EC,2025-03-15,15792.9,17688.0,KG,X,EC-D7,311,2025-03
0000004570,FE-002,EC,2025-03-15,3887.5,4227.6,KG,X,EC-D7,311,2025-03
0000004571,FE-003,EC,2025-03-15,2915.6,1921.7,KG,X,EC-D7,311,2025-03
0000004572,FE-004,EC,2025-03-15,364.5,310.3,KG,X,EC-D7,311,2025-03
0000004573,FE-001,EC,2025-03-15,9795.7,6454.9,KG,X,EC-D7,328,2025-03
0000004574,FE-002,EC,2025-03-15,2411.2,2700.6,KG,X,EC-D7,328,2025-03
0000004575,FE-003,EC,2025-03-15,1808.4,1517.0,KG,X,EC-D7,328,2025-03
0000004576,FE-004,EC,2025-03-15,226.1,214.8,KG,X,EC-D7,328,2025-03
0000004577,FE-001,EC,2025-03-15,8221.5,6442.6,KG,X,EC-D7,329,2025-03
0000004578,FE-002,EC,2025-03-15,2023.8,1918.3,KG,X,EC-D7,329,2025-03
0000004579,FE-003,EC,2025-03-15,1517.8,930.9,KG,X,EC-D7,329,2025-03
0000004580,FE-004,EC,2025-03-15,189.7,191.6,KG,X,EC-D7,329,2025-03
0000004581,FE-001,EC,2025-03-15,7628.7,6166.7,KG,X,EC-D7,330,2025-03
0000004582,FE-002,EC,2025-03-15,1877.8,1735.8,KG,X,EC-D7,330,2025-03
0000004583,FE-003,EC,2025-03-15,1408.4,1293.5,KG,X,EC-D7,330,2025-03
0000004584,FE-004,EC,2025-03-15,176.0,142.0,KG,X,EC-D7,330,2025-03
0000004585,FE-001,EC,2025-03-15,9789.7,6383.1,KG,X,EC-D7,331,2025-03
0000004586,FE-002,EC,2025-03-15,2409.8,1511.0,KG,X,EC-D7,331,2025-03
0000004587,FE-003,EC,2025-03-15,1807.3,1288.8,KG,X,EC-D7,331,2025-03
0000004588,FE-004,EC,2025-03-15,225.9,217.6,KG,X,EC-D7,331,2025-03
0000004589,FE-001,EC,2025-03-15,9908.0,5749.3,KG,X,EC-D7,332,2025-03
0000004590,FE-002,EC,2025-03-15,2438.9,1793.0,KG,X,EC-D7,332,2025-03
0000004591,FE-003,EC,2025-03-15,1829.2,1879.7,KG,X,EC-D7,332,2025-03
0000004592,FE-004,EC,2025-03-15,228.6,235.8,KG,X,EC-D7,332,2025-03
0000004593,FE-001,EC,2025-03-15,9358.8,7527.8,KG,X,EC-D7,333,2025-03
0000004594,FE-002,EC,2025-03-15,2303.7,1961.9,KG,X,EC-D7,333,2025-03
0000004595,FE-003,EC,2025-03-15,1727.8,1265.6,KG,X,EC-D7,333,2025-03
0000004596,FE-004,EC,2025-03-15,216.0,167.3,KG,X,EC-D7,333,2025-03
0000004597,FE-001,EC,2025-03-15,12320.5,10112.7,KG,X,EC-D7,334,2025-03
0000004598,FE-002,EC,2025-03-15,3032.7,2946.4,KG,X,EC-D7,334,2025-03
0000004599,FE-003,EC,2025-03-15,2274.6,1158.4,KG,X,EC-D7,334,2025-03
0000004600,FE-004,EC,2025-03-15,284.3,195.9,KG,X,EC-D7,334,2025-03
0000004601,FE-001,EC,2025-03-15,11751.2,11876.4,KG,X,EC-D7,335,2025-03
0000004602,FE-002,EC,2025-03-15,2892.6,2571.9,KG,X,EC-D7,335,2025-03
0000004603,FE-003,EC,2025-03-15,2169.5,1542.4,KG,X,EC-D7,335,2025-03
0000004604,FE-004,EC,2025-03-15,271.2,293.1,KG,X,EC-D7,335,2025-03
0000004605,FE-001,EC,2025-03-15,11362.8,9642.0,KG,X,EC-D7,336,2025-03
0000004606,FE-002,EC,2025-03-15,2797.0,2516.4,KG,X,EC-D7,336,2025-03
0000004607,FE-003,EC,2025-03-15,2097.8,1783.3,KG,X,EC-D7,336,2025-03
0000004608,FE-004,EC,2025-03-15,262.2,267.2,KG,X,EC-D7,336,2025-03
0000004609,FE-001,EC,2025-03-15,13012.1,11867.0,KG,X,EC-D7,337,2025-03
0000004610,FE-002,EC,2025-03-15,3203.0,3530.2,KG,X,EC-D7,337,2025-03
0000004611,FE-003,EC,2025-03-15,2402.2,1535.1,KG,X,EC-D7,337,2025-03
0000004612,FE-004,EC,2025-03-15,300.3,271.8,KG,X,EC-D7,337,2025-03
0000004613,FE-001,EC,2025-03-15,10777.6,9233.3,KG,X,EC-D7,338,2025-03
0000004614,FE-002,EC,2025-03-15,2653.0,2635.0,KG,X,EC-D7,338,2025-03
0000004615,FE-003,EC,2025-03-15,1989.7,1462.9,KG,X,EC-D7,338,2025-03
0000004616,FE-004,EC,2025-03-15,248.7,167.6,KG,X,EC-D7,338,2025-03
0000004617,FE-001,EC,2025-03-15,13678.4,11774.3,KG,X,EC-D7,339,2025-03
0000004618,FE-002,EC,2025-03-15,3367.0,3731.3,KG,X,EC-D7,339,2025-03
0000004619,FE-003,EC,2025-03-15,2525.2,2827.5,KG,X,EC-D7,339,2025-03
0000004620,FE-004,EC,2025-03-15,315.7,183.9,KG,X,EC-D7,339,2025-03
0000004621,FE-001,EC,2025-03-15,14068.2,14098.7,KG,X,EC-D7,340,2025-03
0000004622,FE-002,EC,2025-03-15,3462.9,2661.0,KG,X,EC-D7,340,2025-03
0000004623,FE-003,EC,2025-03-15,2597.2,2253.8,KG,X,EC-D7,340,2025-03
0000004624,FE-004,EC,2025-03-15,324.7,268.6,KG,X,EC-D7,340,2025-03
0000004625,FE-001,EC,2025-03-15,14010.6,14346.5,KG,X,EC-D7,341,2025-03
0000004626,FE-002,EC,2025-03-15,3448.8,3036.8,KG,X,EC-D7,341,2025-03
0000004627,FE-003,EC,2025-03-15,2586.6,2454.5,KG,X,EC-D7,341,2025-03
0000004628,FE-004,EC,2025-03-15,323.3,249.6,KG,X,EC-D7,341,2025-03
0000004629,FE-001,EC,2025-03-15,13886.9,13029.9,KG,X,EC-D7,342,2025-03
0000004630,FE-002,EC,2025-03-15,3418.3,3251.2,KG,X,EC-D7,342,2025-03
0000004631,FE-003,EC,2025-03-15,2563.7,2033.5,KG,X,EC-D7,342,2025-03
0000004632,FE-004,EC,2025-03-15,320.5,275.6,KG,X,EC-D7,342,2025-03
0000004633,FE-001,EC,2025-03-15,13018.4,12309.8,KG,X,EC-D7,343,2025-03
0000004634,FE-002,EC,2025-03-15,3204.5,3081.7,KG,X,EC-D7,343,2025-03
0000004635,FE-003,EC,2025-03-15,2403.4,2324.6,KG,X,EC-D7,343,2025-03
0000004636,FE-004,EC,2025-03-15,300.4,145.7,KG,X,EC-D7,343,2025-03
0000004637,FE-001,EC,2025-03-15,10271.8,8237.8,KG,X,EC-D7,344,2025-03
0000004638,FE-002,EC,2025-03-15,2528.4,2099.4,KG,X,EC-D7,344,2025-03
0000004639,FE-003,EC,2025-03-15,1896.3,2014.9,KG,X,EC-D7,344,2025-03
0000004640,FE-004,EC,2025-03-15,237.0,265.5,KG,X,EC-D7,344,2025-03
0000004641,FE-001,EC,2025-03-15,11349.3,7460.6,KG,X,EC-D7,345,2025-03
0000004642,FE-002,EC,2025-03-15,2793.7,2119.8,KG,X,EC-D7,345,2025-03
0000004643,FE-003,EC,2025-03-15,2095.2,2304.4,KG,X,EC-D7,345,2025-03
0000004644,FE-004,EC,2025-03-15,261.9,293.3,KG,X,EC-D7,345,2025-03
0000004645,FE-001,EC,2025-03-15,10704.6,6822.3,KG,X,EC-D7,346,2025-03
0000004646,FE-002,EC,2025-03-15,2635.0,2951.2,KG,X,EC-D7,346,2025-03
0000004647,FE-003,EC,2025-03-15,1976.2,2213.4,KG,X,EC-D7,346,2025-03
0000004648,FE-004,EC,2025-03-15,247.0,167.8,KG,X,EC-D7,346,2025-03
0000004649,FE-001,EC,2025-03-15,13200.2,13483.7,KG,X,EC-D7,347,2025-03
0000004650,FE-002,EC,2025-03-15,3249.3,2877.4,KG,X,EC-D7,347,2025-03
0000004651,FE-003,EC,2025-03-15,2437.0,1729.0,KG,X,EC-D7,347,2025-03
0000004652,FE-004,EC,2025-03-15,304.6,254.4,KG,X,EC-D7,347,2025-03
0000004653,FE-001,EC,2025-03-15,12820.4,12183.6,KG,X,EC-D7,348,2025-03
0000004654,FE-002,EC,2025-03-15,3155.8,2802.5,KG,X,EC-D7,348,2025-03
0000004655,FE-003,EC,2025-03-15,2366.8,1727.8,KG,X,EC-D7,348,2025-03
0000004656,FE-004,EC,2025-03-15,295.9,264.8,KG,X,EC-D7,348,2025-03
0000004657,FE-001,EC,2025-10-15,2737.5,0.0,KG,,EC-D1,1,2025-10
0000004658,FE-002,EC,2025-10-15,673.8,0.0,KG,,EC-D1,1,2025-10
0000004659,FE-003,EC,2025-10-15,505.4,0.0,KG,,EC-D1,1,2025-10
0000004660,FE-004,EC,2025-10-15,63.2,0.0,KG,,EC-D1,1,2025-10
0000004661,FE-001,EC,2025-10-15,8226.2,0.0,KG,,EC-D1,2,2025-10
0000004662,FE-002,EC,2025-10-15,2024.9,0.0,KG,,EC-D1,2,2025-10
0000004663,FE-003,EC,2025-10-15,1518.7,0.0,KG,,EC-D1,2,2025-10
0000004664,FE-004,EC,2025-10-15,189.8,0.0,KG,,EC-D1,2,2025-10
0000004665,FE-001,EC,2025-10-15,6234.3,0.0,KG,,EC-D1,3,2025-10
0000004666,FE-002,EC,2025-10-15,1534.6,0.0,KG,,EC-D1,3,2025-10
0000004667,FE-003,EC,2025-10-15,1150.9,0.0,KG,,EC-D1,3,2025-10
0000004668,FE-004,EC,2025-10-15,143.9,0.0,KG,,EC-D1,3,2025-10
0000004669,FE-001,EC,2025-10-15,6153.2,0.0,KG,,EC-D1,4,2025-10
0000004670,FE-002,EC,2025-10-15,1514.6,0.0,KG,,EC-D1,4,2025-10
0000004671,FE-003,EC,2025-10-15,1136.0,0.0,KG,,EC-D1,4,2025-10
0000004672,FE-004,EC,2025-10-15,142.0,0.0,KG,,EC-D1,4,2025-10
0000004673,FE-001,EC,2025-10-15,4086.4,0.0,KG,,EC-D1,5,2025-10
0000004674,FE-002,EC,2025-10-15,1005.9,0.0,KG,,EC-D1,5,2025-10
0000004675,FE-003,EC,2025-10-15,754.4,0.0,KG,,EC-D1,5,2025-10
0000004676,FE-004,EC,2025-10-15,94.3,0.0,KG,,EC-D1,5,2025-10
0000004677,FE-001,EC,2025-10-15,3221.8,0.0,KG,,EC-D1,6,2025-10
0000004678,FE-002,EC,2025-10-15,793.1,0.0,KG,,EC-D1,6,2025-10
0000004679,FE-003,EC,2025-10-15,594.8,0.0,KG,,EC-D1,6,2025-10
0000004680,FE-004,EC,2025-10-15,74.4,0.0,KG,,EC-D1,6,2025-10
0000004681,FE-001,EC,2025-10-15,6989.4,0.0,KG,,EC-D1,7,2025-10
0000004682,FE-002,EC,2025-10-15,1720.5,0.0,KG,,EC-D1,7,2025-10
0000004683,FE-003,EC,2025-10-15,1290.3,0.0,KG,,EC-D1,7,2025-10
0000004684,FE-004,EC,2025-10-15,161.3,0.0,KG,,EC-D1,7,2025-10
0000004685,FE-001,EC,2025-10-15,14073.1,0.0,KG,,EC-D1,8,2025-10
0000004686,FE-002,EC,2025-10-15,3464.1,0.0,KG,,EC-D1,8,2025-10
0000004687,FE-003,EC,2025-10-15,2598.1,0.0,KG,,EC-D1,8,2025-10
0000004688,FE-004,EC,2025-10-15,324.8,0.0,KG,,EC-D1,8,2025-10
0000004689,FE-001,EC,2025-10-15,11494.3,0.0,KG,,EC-D1,9,2025-10
0000004690,FE-002,EC,2025-10-15,2829.4,0.0,KG,,EC-D1,9,2025-10
0000004691,FE-003,EC,2025-10-15,2122.0,0.0,KG,,EC-D1,9,2025-10
0000004692,FE-004,EC,2025-10-15,265.3,0.0,KG,,EC-D1,9,2025-10
0000004693,FE-001,EC,2025-10-15,13076.9,0.0,KG,,EC-D1,10,2025-10
0000004694,FE-002,EC,2025-10-15,3218.9,0.0,KG,,EC-D1,10,2025-10
0000004695,FE-003,EC,2025-10-15,2414.2,0.0,KG,,EC-D1,10,2025-10
0000004696,FE-004,EC,2025-10-15,301.8,0.0,KG,,EC-D1,10,2025-10
0000004697,FE-001,EC,2025-10-15,14572.0,0.0,KG,,EC-D1,11,2025-10
0000004698,FE-002,EC,2025-10-15,3586.9,0.0,KG,,EC-D1,11,2025-10
0000004699,FE-003,EC,2025-10-15,2690.2,0.0,KG,,EC-D1,11,2025-10
0000004700,FE-004,EC,2025-10-15,336.3,0.0,KG,,EC-D1,11,2025-10
0000004701,FE-001,EC,2025-10-15,11177.6,0.0,KG,,EC-D1,12,2025-10
0000004702,FE-002,EC,2025-10-15,2751.4,0.0,KG,,EC-D1,12,2025-10
0000004703,FE-003,EC,2025-10-15,2063.5,0.0,KG,,EC-D1,12,2025-10
0000004704,FE-004,EC,2025-10-15,257.9,0.0,KG,,EC-D1,12,2025-10
0000004705,FE-001,EC,2025-10-15,14543.8,0.0,KG,,EC-D1,13,2025-10
0000004706,FE-002,EC,2025-10-15,3580.0,0.0,KG,,EC-D1,13,2025-10
0000004707,FE-003,EC,2025-10-15,2685.0,0.0,KG,,EC-D1,13,2025-10
0000004708,FE-004,EC,2025-10-15,335.6,0.0,KG,,EC-D1,13,2025-10
0000004709,FE-001,EC,2025-10-15,14746.2,0.0,KG,,EC-D1,14,2025-10
0000004710,FE-002,EC,2025-10-15,3629.8,0.0,KG,,EC-D1,14,2025-10
0000004711,FE-003,EC,2025-10-15,2722.4,0.0,KG,,EC-D1,14,2025-10
0000004712,FE-004,EC,2025-10-15,340.3,0.0,KG,,EC-D1,14,2025-10
0000004713,FE-001,EC,2025-10-15,14844.0,0.0,KG,,EC-D1,15,2025-10
0000004714,FE-002,EC,2025-10-15,3653.9,0.0,KG,,EC-D1,15,2025-10
0000004715,FE-003,EC,2025-10-15,2740.4,0.0,KG,,EC-D1,15,2025-10
0000004716,FE-004,EC,2025-10-15,342.6,0.0,KG,,EC-D1,15,2025-10
0000004717,FE-001,EC,2025-10-15,13052.5,0.0,KG,,EC-D1,16,2025-10
0000004718,FE-002,EC,2025-10-15,3212.9,0.0,KG,,EC-D1,16,2025-10
0000004719,FE-003,EC,2025-10-15,2409.7,0.0,KG,,EC-D1,16,2025-10
0000004720,FE-004,EC,2025-10-15,301.2,0.0,KG,,EC-D1,16,2025-10
0000004721,FE-001,EC,2025-10-15,11761.6,0.0,KG,,EC-D1,17,2025-10
0000004722,FE-002,EC,2025-10-15,2895.2,0.0,KG,,EC-D1,17,2025-10
0000004723,FE-003,EC,2025-10-15,2171.4,0.0,KG,,EC-D1,17,2025-10
0000004724,FE-004,EC,2025-10-15,271.4,0.0,KG,,EC-D1,17,2025-10
0000004725,FE-001,EC,2025-10-15,10278.9,0.0,KG,,EC-D1,18,2025-10
0000004726,FE-002,EC,2025-10-15,2530.2,0.0,KG,,EC-D1,18,2025-10
0000004727,FE-003,EC,2025-10-15,1897.6,0.0,KG,,EC-D1,18,2025-10
0000004728,FE-004,EC,2025-10-15,237.2,0.0,KG,,EC-D1,18,2025-10
0000004729,FE-001,EC,2025-10-15,9443.0,0.0,KG,,EC-D1,19,2025-10
0000004730,FE-002,EC,2025-10-15,2324.4,0.0,KG,,EC-D1,19,2025-10
0000004731,FE-003,EC,2025-10-15,1743.3,0.0,KG,,EC-D1,19,2025-10
0000004732,FE-004,EC,2025-10-15,217.9,0.0,KG,,EC-D1,19,2025-10
0000004733,FE-001,EC,2025-10-15,8886.6,0.0,KG,,EC-D1,20,2025-10
0000004734,FE-002,EC,2025-10-15,2187.5,0.0,KG,,EC-D1,20,2025-10
0000004735,FE-003,EC,2025-10-15,1640.6,0.0,KG,,EC-D1,20,2025-10
0000004736,FE-004,EC,2025-10-15,205.1,0.0,KG,,EC-D1,20,2025-10
0000004737,FE-001,EC,2025-10-15,13835.4,0.0,KG,,EC-D1,21,2025-10
0000004738,FE-002,EC,2025-10-15,3405.6,0.0,KG,,EC-D1,21,2025-10
0000004739,FE-003,EC,2025-10-15,2554.2,0.0,KG,,EC-D1,21,2025-10
0000004740,FE-004,EC,2025-10-15,319.3,0.0,KG,,EC-D1,21,2025-10
0000004741,FE-001,EC,2025-10-15,13484.7,0.0,KG,,EC-D1,22,2025-10
0000004742,FE-002,EC,2025-10-15,3319.3,0.0,KG,,EC-D1,22,2025-10
0000004743,FE-003,EC,2025-10-15,2489.5,0.0,KG,,EC-D1,22,2025-10
0000004744,FE-004,EC,2025-10-15,311.2,0.0,KG,,EC-D1,22,2025-10
0000004745,FE-001,EC,2025-10-15,13427.9,0.0,KG,,EC-D1,23,2025-10
0000004746,FE-002,EC,2025-10-15,3305.3,0.0,KG,,EC-D1,23,2025-10
0000004747,FE-003,EC,2025-10-15,2479.0,0.0,KG,,EC-D1,23,2025-10
0000004748,FE-004,EC,2025-10-15,309.9,0.0,KG,,EC-D1,23,2025-10
0000004749,FE-001,EC,2025-10-15,10865.9,0.0,KG,,EC-D1,24,2025-10
0000004750,FE-002,EC,2025-10-15,2674.7,0.0,KG,,EC-D1,24,2025-10
0000004751,FE-003,EC,2025-10-15,2006.0,0.0,KG,,EC-D1,24,2025-10
0000004752,FE-004,EC,2025-10-15,250.8,0.0,KG,,EC-D1,24,2025-10
0000004753,FE-001,EC,2025-10-15,12266.5,0.0,KG,,EC-D1,25,2025-10
0000004754,FE-002,EC,2025-10-15,3019.4,0.0,KG,,EC-D1,25,2025-10
0000004755,FE-003,EC,2025-10-15,2264.6,0.0,KG,,EC-D1,25,2025-10
0000004756,FE-004,EC,2025-10-15,283.1,0.0,KG,,EC-D1,25,2025-10
0000004757,FE-001,EC,2025-10-15,11657.7,0.0,KG,,EC-D1,26,2025-10
0000004758,FE-002,EC,2025-10-15,2869.6,0.0,KG,,EC-D1,26,2025-10
0000004759,FE-003,EC,2025-10-15,2152.2,0.0,KG,,EC-D1,26,2025-10
0000004760,FE-004,EC,2025-10-15,269.0,0.0,KG,,EC-D1,26,2025-10
0000004761,FE-001,EC,2025-10-15,12919.9,0.0,KG,,EC-D1,27,2025-10
0000004762,FE-002,EC,2025-10-15,3180.3,0.0,KG,,EC-D1,27,2025-10
0000004763,FE-003,EC,2025-10-15,2385.2,0.0,KG,,EC-D1,27,2025-10
0000004764,FE-004,EC,2025-10-15,298.2,0.0,KG,,EC-D1,27,2025-10
0000004765,FE-001,EC,2025-10-15,11695.8,0.0,KG,,EC-D1,28,2025-10
0000004766,FE-002,EC,2025-10-15,2879.0,0.0,KG,,EC-D1,28,2025-10
0000004767,FE-003,EC,2025-10-15,2159.2,0.0,KG,,EC-D1,28,2025-10
0000004768,FE-004,EC,2025-10-15,269.9,0.0,KG,,EC-D1,28,2025-10
0000004769,FE-001,EC,2025-10-15,12797.5,0.0,KG,,EC-D1,29,2025-10
0000004770,FE-002,EC,2025-10-15,3150.2,0.0,KG,,EC-D1,29,2025-10
0000004771,FE-003,EC,2025-10-15,2362.6,0.0,KG,,EC-D1,29,2025-10
0000004772,FE-004,EC,2025-10-15,295.3,0.0,KG,,EC-D1,29,2025-10
0000004773,FE-001,EC,2025-10-15,13115.9,0.0,KG,,EC-D1,30,2025-10
0000004774,FE-002,EC,2025-10-15,3228.5,0.0,KG,,EC-D1,30,2025-10
0000004775,FE-003,EC,2025-10-15,2421.4,0.0,KG,,EC-D1,30,2025-10
0000004776,FE-004,EC,2025-10-15,302.7,0.0,KG,,EC-D1,30,2025-10
0000004777,FE-001,EC,2025-10-15,12899.7,0.0,KG,,EC-D1,31,2025-10
0000004778,FE-002,EC,2025-10-15,3175.3,0.0,KG,,EC-D1,31,2025-10
0000004779,FE-003,EC,2025-10-15,2381.5,0.0,KG,,EC-D1,31,2025-10
0000004780,FE-004,EC,2025-10-15,297.7,0.0,KG,,EC-D1,31,2025-10
0000004781,FE-001,EC,2025-10-15,12860.4,0.0,KG,,EC-D1,32,2025-10
0000004782,FE-002,EC,2025-10-15,3165.6,0.0,KG,,EC-D1,32,2025-10
0000004783,FE-003,EC,2025-10-15,2374.2,0.0,KG,,EC-D1,32,2025-10
0000004784,FE-004,EC,2025-10-15,296.8,0.0,KG,,EC-D1,32,2025-10
0000004785,FE-001,EC,2025-10-15,14542.5,0.0,KG,,EC-D1,33,2025-10
0000004786,FE-002,EC,2025-10-15,3579.7,0.0,KG,,EC-D1,33,2025-10
0000004787,FE-003,EC,2025-10-15,2684.8,0.0,KG,,EC-D1,33,2025-10
0000004788,FE-004,EC,2025-10-15,335.6,0.0,KG,,EC-D1,33,2025-10
0000004789,FE-001,EC,2025-10-15,12141.4,0.0,KG,,EC-D1,34,2025-10
0000004790,FE-002,EC,2025-10-15,2988.6,0.0,KG,,EC-D1,34,2025-10
0000004791,FE-003,EC,2025-10-15,2241.5,0.0,KG,,EC-D1,34,2025-10
0000004792,FE-004,EC,2025-10-15,280.2,0.0,KG,,EC-D1,34,2025-10
0000004793,FE-001,EC,2025-10-15,14287.4,0.0,KG,,EC-D1,35,2025-10
0000004794,FE-002,EC,2025-10-15,3516.9,0.0,KG,,EC-D1,35,2025-10
0000004795,FE-003,EC,2025-10-15,2637.7,0.0,KG,,EC-D1,35,2025-10
0000004796,FE-004,EC,2025-10-15,329.7,0.0,KG,,EC-D1,35,2025-10
0000004797,FE-001,EC,2025-10-15,13773.1,0.0,KG,,EC-D1,36,2025-10
0000004798,FE-002,EC,2025-10-15,3390.3,0.0,KG,,EC-D1,36,2025-10
0000004799,FE-003,EC,2025-10-15,2542.7,0.0,KG,,EC-D1,36,2025-10
0000004800,FE-004,EC,2025-10-15,317.8,0.0,KG,,EC-D1,36,2025-10
0000004801,FE-001,EC,2025-10-15,13795.9,0.0,KG,,EC-D1,37,2025-10
0000004802,FE-002,EC,2025-10-15,3395.9,0.0,KG,,EC-D1,37,2025-10
0000004803,FE-003,EC,2025-10-15,2546.9,0.0,KG,,EC-D1,37,2025-10
0000004804,FE-004,EC,2025-10-15,318.4,0.0,KG,,EC-D1,37,2025-10
0000004805,FE-001,EC,2025-10-15,13062.6,0.0,KG,,EC-D1,38,2025-10
0000004806,FE-002,EC,2025-10-15,3215.4,0.0,KG,,EC-D1,38,2025-10
0000004807,FE-003,EC,2025-10-15,2411.6,0.0,KG,,EC-D1,38,2025-10
0000004808,FE-004,EC,2025-10-15,301.4,0.0,KG,,EC-D1,38,2025-10
0000004809,FE-001,EC,2025-10-15,13722.7,0.0,KG,,EC-D1,39,2025-10
0000004810,FE-002,EC,2025-10-15,3377.9,0.0,KG,,EC-D1,39,2025-10
0000004811,FE-003,EC,2025-10-15,2533.4,0.0,KG,,EC-D1,39,2025-10
0000004812,FE-004,EC,2025-10-15,316.7,0.0,KG,,EC-D1,39,2025-10
0000004813,FE-001,EC,2025-10-15,8008.3,0.0,KG,,EC-D2,40,2025-10
0000004814,FE-002,EC,2025-10-15,1971.3,0.0,KG,,EC-D2,40,2025-10
0000004815,FE-003,EC,2025-10-15,1478.5,0.0,KG,,EC-D2,40,2025-10
0000004816,FE-004,EC,2025-10-15,184.8,0.0,KG,,EC-D2,40,2025-10
0000004817,FE-001,EC,2025-10-15,12028.4,0.0,KG,,EC-D2,41,2025-10
0000004818,FE-002,EC,2025-10-15,2960.8,0.0,KG,,EC-D2,41,2025-10
0000004819,FE-003,EC,2025-10-15,2220.6,0.0,KG,,EC-D2,41,2025-10
0000004820,FE-004,EC,2025-10-15,277.6,0.0,KG,,EC-D2,41,2025-10
0000004821,FE-001,EC,2025-10-15,12460.5,0.0,KG,,EC-D2,42,2025-10
0000004822,FE-002,EC,2025-10-15,3067.2,0.0,KG,,EC-D2,42,2025-10
0000004823,FE-003,EC,2025-10-15,2300.4,0.0,KG,,EC-D2,42,2025-10
0000004824,FE-004,EC,2025-10-15,287.6,0.0,KG,,EC-D2,42,2025-10
0000004825,FE-001,EC,2025-10-15,13053.2,0.0,KG,,EC-D2,43,2025-10
0000004826,FE-002,EC,2025-10-15,3213.1,0.0,KG,,EC-D2,43,2025-10
0000004827,FE-003,EC,2025-10-15,2409.8,0.0,KG,,EC-D2,43,2025-10
0000004828,FE-004,EC,2025-10-15,301.2,0.0,KG,,EC-D2,43,2025-10
0000004829,FE-001,EC,2025-10-15,11972.6,0.0,KG,,EC-D2,44,2025-10
0000004830,FE-002,EC,2025-10-15,2947.1,0.0,KG,,EC-D2,44,2025-10
0000004831,FE-003,EC,2025-10-15,2210.3,0.0,KG,,EC-D2,44,2025-10
0000004832,FE-004,EC,2025-10-15,276.3,0.0,KG,,EC-D2,44,2025-10
0000004833,FE-001,EC,2025-10-15,12795.6,0.0,KG,,EC-D2,45,2025-10
0000004834,FE-002,EC,2025-10-15,3149.7,0.0,KG,,EC-D2,45,2025-10
0000004835,FE-003,EC,2025-10-15,2362.3,0.0,KG,,EC-D2,45,2025-10
0000004836,FE-004,EC,2025-10-15,295.3,0.0,KG,,EC-D2,45,2025-10
0000004837,FE-001,EC,2025-10-15,12970.7,0.0,KG,,EC-D2,46,2025-10
0000004838,FE-002,EC,2025-10-15,3192.8,0.0,KG,,EC-D2,46,2025-10
0000004839,FE-003,EC,2025-10-15,2394.6,0.0,KG,,EC-D2,46,2025-10
0000004840,FE-004,EC,2025-10-15,299.3,0.0,KG,,EC-D2,46,2025-10
0000004841,FE-001,EC,2025-10-15,12543.1,0.0,KG,,EC-D2,47,2025-10
0000004842,FE-002,EC,2025-10-15,3087.5,0.0,KG,,EC-D2,47,2025-10
0000004843,FE-003,EC,2025-10-15,2315.7,0.0,KG,,EC-D2,47,2025-10
0000004844,FE-004,EC,2025-10-15,289.5,0.0,KG,,EC-D2,47,2025-10
0000004845,FE-001,EC,2025-10-15,11099.9,0.0,KG,,EC-D2,49,2025-10
0000004846,FE-002,EC,2025-10-15,2732.3,0.0,KG,,EC-D2,49,2025-10
0000004847,FE-003,EC,2025-10-15,2049.2,0.0,KG,,EC-D2,49,2025-10
0000004848,FE-004,EC,2025-10-15,256.2,0.0,KG,,EC-D2,49,2025-10
0000004849,FE-001,EC,2025-10-15,11776.1,0.0,KG,,EC-D2,50,2025-10
0000004850,FE-002,EC,2025-10-15,2898.7,0.0,KG,,EC-D2,50,2025-10
0000004851,FE-003,EC,2025-10-15,2174.1,0.0,KG,,EC-D2,50,2025-10
0000004852,FE-004,EC,2025-10-15,271.8,0.0,KG,,EC-D2,50,2025-10
0000004853,FE-001,EC,2025-10-15,13318.9,0.0,KG,,EC-D2,51,2025-10
0000004854,FE-002,EC,2025-10-15,3278.5,0.0,KG,,EC-D2,51,2025-10
0000004855,FE-003,EC,2025-10-15,2458.9,0.0,KG,,EC-D2,51,2025-10
0000004856,FE-004,EC,2025-10-15,307.4,0.0,KG,,EC-D2,51,2025-10
0000004857,FE-001,EC,2025-10-15,11931.5,0.0,KG,,EC-D2,52,2025-10
0000004858,FE-002,EC,2025-10-15,2937.0,0.0,KG,,EC-D2,52,2025-10
0000004859,FE-003,EC,2025-10-15,2202.7,0.0,KG,,EC-D2,52,2025-10
0000004860,FE-004,EC,2025-10-15,275.3,0.0,KG,,EC-D2,52,2025-10
0000004861,FE-001,EC,2025-10-15,12861.0,0.0,KG,,EC-D2,53,2025-10
0000004862,FE-002,EC,2025-10-15,3165.8,0.0,KG,,EC-D2,53,2025-10
0000004863,FE-003,EC,2025-10-15,2374.3,0.0,KG,,EC-D2,53,2025-10
0000004864,FE-004,EC,2025-10-15,296.8,0.0,KG,,EC-D2,53,2025-10
0000004865,FE-001,EC,2025-10-15,14015.2,0.0,KG,,EC-D2,54,2025-10
0000004866,FE-002,EC,2025-10-15,3449.9,0.0,KG,,EC-D2,54,2025-10
0000004867,FE-003,EC,2025-10-15,2587.4,0.0,KG,,EC-D2,54,2025-10
0000004868,FE-004,EC,2025-10-15,323.4,0.0,KG,,EC-D2,54,2025-10
0000004869,FE-001,EC,2025-10-15,13385.4,0.0,KG,,EC-D2,55,2025-10
0000004870,FE-002,EC,2025-10-15,3294.9,0.0,KG,,EC-D2,55,2025-10
0000004871,FE-003,EC,2025-10-15,2471.2,0.0,KG,,EC-D2,55,2025-10
0000004872,FE-004,EC,2025-10-15,308.9,0.0,KG,,EC-D2,55,2025-10
0000004873,FE-001,EC,2025-10-15,13836.0,0.0,KG,,EC-D2,56,2025-10
0000004874,FE-002,EC,2025-10-15,3405.8,0.0,KG,,EC-D2,56,2025-10
0000004875,FE-003,EC,2025-10-15,2554.3,0.0,KG,,EC-D2,56,2025-10
0000004876,FE-004,EC,2025-10-15,319.3,0.0,KG,,EC-D2,56,2025-10
0000004877,FE-001,EC,2025-10-15,14239.6,0.0,KG,,EC-D2,57,2025-10
0000004878,FE-002,EC,2025-10-15,3505.1,0.0,KG,,EC-D2,57,2025-10
0000004879,FE-003,EC,2025-10-15,2628.9,0.0,KG,,EC-D2,57,2025-10
0000004880,FE-004,EC,2025-10-15,328.6,0.0,KG,,EC-D2,57,2025-10
0000004881,FE-001,EC,2025-10-15,13400.0,0.0,KG,,EC-D2,58,2025-10
0000004882,FE-002,EC,2025-10-15,3298.5,0.0,KG,,EC-D2,58,2025-10
0000004883,FE-003,EC,2025-10-15,2473.8,0.0,KG,,EC-D2,58,2025-10
0000004884,FE-004,EC,2025-10-15,309.2,0.0,KG,,EC-D2,58,2025-10
0000004885,FE-001,EC,2025-10-15,14431.4,0.0,KG,,EC-D2,59,2025-10
0000004886,FE-002,EC,2025-10-15,3552.3,0.0,KG,,EC-D2,59,2025-10
0000004887,FE-003,EC,2025-10-15,2664.3,0.0,KG,,EC-D2,59,2025-10
0000004888,FE-004,EC,2025-10-15,333.0,0.0,KG,,EC-D2,59,2025-10
0000004889,FE-001,EC,2025-10-15,13524.0,0.0,KG,,EC-D2,60,2025-10
0000004890,FE-002,EC,2025-10-15,3329.0,0.0,KG,,EC-D2,60,2025-10
0000004891,FE-003,EC,2025-10-15,2496.7,0.0,KG,,EC-D2,60,2025-10
0000004892,FE-004,EC,2025-10-15,312.1,0.0,KG,,EC-D2,60,2025-10
0000004893,FE-001,EC,2025-10-15,8842.2,0.0,KG,,EC-D2,62,2025-10
0000004894,FE-002,EC,2025-10-15,2176.5,0.0,KG,,EC-D2,62,2025-10
0000004895,FE-003,EC,2025-10-15,1632.4,0.0,KG,,EC-D2,62,2025-10
0000004896,FE-004,EC,2025-10-15,204.0,0.0,KG,,EC-D2,62,2025-10
0000004897,FE-001,EC,2025-10-15,13960.2,0.0,KG,,EC-D2,63,2025-10
0000004898,FE-002,EC,2025-10-15,3436.4,0.0,KG,,EC-D2,63,2025-10
0000004899,FE-003,EC,2025-10-15,2577.3,0.0,KG,,EC-D2,63,2025-10
0000004900,FE-004,EC,2025-10-15,322.2,0.0,KG,,EC-D2,63,2025-10
0000004901,FE-001,EC,2025-10-15,10845.7,0.0,KG,,EC-D2,64,2025-10
0000004902,FE-002,EC,2025-10-15,2669.7,0.0,KG,,EC-D2,64,2025-10
0000004903,FE-003,EC,2025-10-15,2002.3,0.0,KG,,EC-D2,64,2025-10
0000004904,FE-004,EC,2025-10-15,250.3,0.0,KG,,EC-D2,64,2025-10
0000004905,FE-001,EC,2025-10-15,6695.6,0.0,KG,,EC-D2,65,2025-10
0000004906,FE-002,EC,2025-10-15,1648.1,0.0,KG,,EC-D2,65,2025-10
0000004907,FE-003,EC,2025-10-15,1236.1,0.0,KG,,EC-D2,65,2025-10
0000004908,FE-004,EC,2025-10-15,154.5,0.0,KG,,EC-D2,65,2025-10
0000004909,FE-001,EC,2025-10-15,12619.8,0.0,KG,,EC-D2,66,2025-10
0000004910,FE-002,EC,2025-10-15,3106.4,0.0,KG,,EC-D2,66,2025-10
0000004911,FE-003,EC,2025-10-15,2329.8,0.0,KG,,EC-D2,66,2025-10
0000004912,FE-004,EC,2025-10-15,291.2,0.0,KG,,EC-D2,66,2025-10
0000004913,FE-001,EC,2025-10-15,12194.2,0.0,KG,,EC-D2,67,2025-10
0000004914,FE-002,EC,2025-10-15,3001.6,0.0,KG,,EC-D2,67,2025-10
0000004915,FE-003,EC,2025-10-15,2251.2,0.0,KG,,EC-D2,67,2025-10
0000004916,FE-004,EC,2025-10-15,281.4,0.0,KG,,EC-D2,67,2025-10
0000004917,FE-001,EC,2025-10-15,8788.8,0.0,KG,,EC-D2,68,2025-10
0000004918,FE-002,EC,2025-10-15,2163.4,0.0,KG,,EC-D2,68,2025-10
0000004919,FE-003,EC,2025-10-15,1622.6,0.0,KG,,EC-D2,68,2025-10
0000004920,FE-004,EC,2025-10-15,202.8,0.0,KG,,EC-D2,68,2025-10
0000004921,FE-001,EC,2025-10-15,12837.2,0.0,KG,,EC-D2,69,2025-10
0000004922,FE-002,EC,2025-10-15,3159.9,0.0,KG,,EC-D2,69,2025-10
0000004923,FE-003,EC,2025-10-15,2369.9,0.0,KG,,EC-D2,69,2025-10
0000004924,FE-004,EC,2025-10-15,296.2,0.0,KG,,EC-D2,69,2025-10
0000004925,FE-001,EC,2025-10-15,12741.5,0.0,KG,,EC-D2,70,2025-10
0000004926,FE-002,EC,2025-10-15,3136.4,0.0,KG,,EC-D2,70,2025-10
0000004927,FE-003,EC,2025-10-15,2352.3,0.0,KG,,EC-D2,70,2025-10
0000004928,FE-004,EC,2025-10-15,294.0,0.0,KG,,EC-D2,70,2025-10
0000004929,FE-001,EC,2025-10-15,12381.5,0.0,KG,,EC-D2,71,2025-10
0000004930,FE-002,EC,2025-10-15,3047.8,0.0,KG,,EC-D2,71,2025-10
0000004931,FE-003,EC,2025-10-15,2285.8,0.0,KG,,EC-D2,71,2025-10
0000004932,FE-004,EC,2025-10-15,285.7,0.0,KG,,EC-D2,71,2025-10
0000004933,FE-001,EC,2025-10-15,12751.4,0.0,KG,,EC-D2,72,2025-10
0000004934,FE-002,EC,2025-10-15,3138.8,0.0,KG,,EC-D2,72,2025-10
0000004935,FE-003,EC,2025-10-15,2354.1,0.0,KG,,EC-D2,72,2025-10
0000004936,FE-004,EC,2025-10-15,294.3,0.0,KG,,EC-D2,72,2025-10
0000004937,FE-001,EC,2025-10-15,13292.3,0.0,KG,,EC-D2,73,2025-10
0000004938,FE-002,EC,2025-10-15,3272.0,0.0,KG,,EC-D2,73,2025-10
0000004939,FE-003,EC,2025-10-15,2454.0,0.0,KG,,EC-D2,73,2025-10
0000004940,FE-004,EC,2025-10-15,306.7,0.0,KG,,EC-D2,73,2025-10
0000004941,FE-001,EC,2025-10-15,12595.3,0.0,KG,,EC-D2,74,2025-10
0000004942,FE-002,EC,2025-10-15,3100.4,0.0,KG,,EC-D2,74,2025-10
0000004943,FE-003,EC,2025-10-15,2325.3,0.0,KG,,EC-D2,74,2025-10
0000004944,FE-004,EC,2025-10-15,290.7,0.0,KG,,EC-D2,74,2025-10
0000004945,FE-001,EC,2025-10-15,13015.2,0.0,KG,,EC-D2,382,2025-10
0000004946,FE-002,EC,2025-10-15,3203.7,0.0,KG,,EC-D2,382,2025-10
0000004947,FE-003,EC,2025-10-15,2402.8,0.0,KG,,EC-D2,382,2025-10
0000004948,FE-004,EC,2025-10-15,300.3,0.0,KG,,EC-D2,382,2025-10
0000004949,FE-001,EC,2025-10-15,16718.8,0.0,KG,,EC-D3,75,2025-10
0000004950,FE-002,EC,2025-10-15,4115.4,0.0,KG,,EC-D3,75,2025-10
0000004951,FE-003,EC,2025-10-15,3086.5,0.0,KG,,EC-D3,75,2025-10
0000004952,FE-004,EC,2025-10-15,385.8,0.0,KG,,EC-D3,75,2025-10
0000004953,FE-001,EC,2025-10-15,12373.3,0.0,KG,,EC-D3,76,2025-10
0000004954,FE-002,EC,2025-10-15,3045.7,0.0,KG,,EC-D3,76,2025-10
0000004955,FE-003,EC,2025-10-15,2284.3,0.0,KG,,EC-D3,76,2025-10
0000004956,FE-004,EC,2025-10-15,285.5,0.0,KG,,EC-D3,76,2025-10
0000004957,FE-001,EC,2025-10-15,12291.6,0.0,KG,,EC-D3,77,2025-10
0000004958,FE-002,EC,2025-10-15,3025.6,0.0,KG,,EC-D3,77,2025-10
0000004959,FE-003,EC,2025-10-15,2269.2,0.0,KG,,EC-D3,77,2025-10
0000004960,FE-004,EC,2025-10-15,283.7,0.0,KG,,EC-D3,77,2025-10
0000004961,FE-001,EC,2025-10-15,13080.9,0.0,KG,,EC-D3,78,2025-10
0000004962,FE-002,EC,2025-10-15,3219.9,0.0,KG,,EC-D3,78,2025-10
0000004963,FE-003,EC,2025-10-15,2414.9,0.0,KG,,EC-D3,78,2025-10
0000004964,FE-004,EC,2025-10-15,301.9,0.0,KG,,EC-D3,78,2025-10
0000004965,FE-001,EC,2025-10-15,8189.5,0.0,KG,,EC-D3,79,2025-10
0000004966,FE-002,EC,2025-10-15,2015.9,0.0,KG,,EC-D3,79,2025-10
0000004967,FE-003,EC,2025-10-15,1511.9,0.0,KG,,EC-D3,79,2025-10
0000004968,FE-004,EC,2025-10-15,189.0,0.0,KG,,EC-D3,79,2025-10
0000004969,FE-001,EC,2025-10-15,5413.8,0.0,KG,,EC-D3,80,2025-10
0000004970,FE-002,EC,2025-10-15,1332.6,0.0,KG,,EC-D3,80,2025-10
0000004971,FE-003,EC,2025-10-15,999.5,0.0,KG,,EC-D3,80,2025-10
0000004972,FE-004,EC,2025-10-15,124.9,0.0,KG,,EC-D3,80,2025-10
0000004973,FE-001,EC,2025-10-15,3588.6,0.0,KG,,EC-D3,81,2025-10
0000004974,FE-002,EC,2025-10-15,883.3,0.0,KG,,EC-D3,81,2025-10
0000004975,FE-003,EC,2025-10-15,662.5,0.0,KG,,EC-D3,81,2025-10
0000004976,FE-004,EC,2025-10-15,82.8,0.0,KG,,EC-D3,81,2025-10
0000004977,FE-001,EC,2025-10-15,1123.1,0.0,KG,,EC-D3,82,2025-10
0000004978,FE-002,EC,2025-10-15,276.5,0.0,KG,,EC-D3,82,2025-10
0000004979,FE-003,EC,2025-10-15,207.3,0.0,KG,,EC-D3,82,2025-10
0000004980,FE-004,EC,2025-10-15,25.9,0.0,KG,,EC-D3,82,2025-10
0000004981,FE-001,EC,2025-10-15,16409.5,0.0,KG,,EC-D3,83,2025-10
0000004982,FE-002,EC,2025-10-15,4039.3,0.0,KG,,EC-D3,83,2025-10
0000004983,FE-003,EC,2025-10-15,3029.4,0.0,KG,,EC-D3,83,2025-10
0000004984,FE-004,EC,2025-10-15,378.7,0.0,KG,,EC-D3,83,2025-10
0000004985,FE-001,EC,2025-10-15,14361.0,0.0,KG,,EC-D3,84,2025-10
0000004986,FE-002,EC,2025-10-15,3535.0,0.0,KG,,EC-D3,84,2025-10
0000004987,FE-003,EC,2025-10-15,2651.3,0.0,KG,,EC-D3,84,2025-10
0000004988,FE-004,EC,2025-10-15,331.4,0.0,KG,,EC-D3,84,2025-10
0000004989,FE-001,EC,2025-10-15,10465.6,0.0,KG,,EC-D3,85,2025-10
0000004990,FE-002,EC,2025-10-15,2576.1,0.0,KG,,EC-D3,85,2025-10
0000004991,FE-003,EC,2025-10-15,1932.1,0.0,KG,,EC-D3,85,2025-10
0000004992,FE-004,EC,2025-10-15,241.5,0.0,KG,,EC-D3,85,2025-10
0000004993,FE-001,EC,2025-10-15,16776.3,0.0,KG,,EC-D3,86,2025-10
0000004994,FE-002,EC,2025-10-15,4129.5,0.0,KG,,EC-D3,86,2025-10
0000004995,FE-003,EC,2025-10-15,3097.2,0.0,KG,,EC-D3,86,2025-10
0000004996,FE-004,EC,2025-10-15,387.1,0.0,KG,,EC-D3,86,2025-10
0000004997,FE-001,EC,2025-10-15,13247.5,0.0,KG,,EC-D3,87,2025-10
0000004998,FE-002,EC,2025-10-15,3260.9,0.0,KG,,EC-D3,87,2025-10
0000004999,FE-003,EC,2025-10-15,2445.7,0.0,KG,,EC-D3,87,2025-10
0000005000,FE-004,EC,2025-10-15,305.7,0.0,KG,,EC-D3,87,2025-10
0000005001,FE-001,EC,2025-10-15,12001.5,0.0,KG,,EC-D3,88,2025-10
0000005002,FE-002,EC,2025-10-15,2954.2,0.0,KG,,EC-D3,88,2025-10
0000005003,FE-003,EC,2025-10-15,2215.7,0.0,KG,,EC-D3,88,2025-10
0000005004,FE-004,EC,2025-10-15,277.0,0.0,KG,,EC-D3,88,2025-10
0000005005,FE-001,EC,2025-10-15,13784.4,0.0,KG,,EC-D3,89,2025-10
0000005006,FE-002,EC,2025-10-15,3393.1,0.0,KG,,EC-D3,89,2025-10
0000005007,FE-003,EC,2025-10-15,2544.8,0.0,KG,,EC-D3,89,2025-10
0000005008,FE-004,EC,2025-10-15,318.1,0.0,KG,,EC-D3,89,2025-10
0000005009,FE-001,EC,2025-10-15,12058.0,0.0,KG,,EC-D3,90,2025-10
0000005010,FE-002,EC,2025-10-15,2968.1,0.0,KG,,EC-D3,90,2025-10
0000005011,FE-003,EC,2025-10-15,2226.1,0.0,KG,,EC-D3,90,2025-10
0000005012,FE-004,EC,2025-10-15,278.3,0.0,KG,,EC-D3,90,2025-10
0000005013,FE-001,EC,2025-10-15,7082.6,0.0,KG,,EC-D3,91,2025-10
0000005014,FE-002,EC,2025-10-15,1743.4,0.0,KG,,EC-D3,91,2025-10
0000005015,FE-003,EC,2025-10-15,1307.6,0.0,KG,,EC-D3,91,2025-10
0000005016,FE-004,EC,2025-10-15,163.4,0.0,KG,,EC-D3,91,2025-10
0000005017,FE-001,EC,2025-10-15,14839.6,0.0,KG,,EC-D3,92,2025-10
0000005018,FE-002,EC,2025-10-15,3652.8,0.0,KG,,EC-D3,92,2025-10
0000005019,FE-003,EC,2025-10-15,2739.6,0.0,KG,,EC-D3,92,2025-10
0000005020,FE-004,EC,2025-10-15,342.5,0.0,KG,,EC-D3,92,2025-10
0000005021,FE-001,EC,2025-10-15,17517.2,0.0,KG,,EC-D3,93,2025-10
0000005022,FE-002,EC,2025-10-15,4311.9,0.0,KG,,EC-D3,93,2025-10
0000005023,FE-003,EC,2025-10-15,3233.9,0.0,KG,,EC-D3,93,2025-10
0000005024,FE-004,EC,2025-10-15,404.2,0.0,KG,,EC-D3,93,2025-10
0000005025,FE-001,EC,2025-10-15,9081.9,0.0,KG,,EC-D3,94,2025-10
0000005026,FE-002,EC,2025-10-15,2235.6,0.0,KG,,EC-D3,94,2025-10
0000005027,FE-003,EC,2025-10-15,1676.7,0.0,KG,,EC-D3,94,2025-10
0000005028,FE-004,EC,2025-10-15,209.6,0.0,KG,,EC-D3,94,2025-10
0000005029,FE-001,EC,2025-10-15,13126.0,0.0,KG,,EC-D3,95,2025-10
0000005030,FE-002,EC,2025-10-15,3231.0,0.0,KG,,EC-D3,95,2025-10
0000005031,FE-003,EC,2025-10-15,2423.3,0.0,KG,,EC-D3,95,2025-10
0000005032,FE-004,EC,2025-10-15,302.9,0.0,KG,,EC-D3,95,2025-10
0000005033,FE-001,EC,2025-10-15,15823.4,0.0,KG,,EC-D3,96,2025-10
0000005034,FE-002,EC,2025-10-15,3895.0,0.0,KG,,EC-D3,96,2025-10
0000005035,FE-003,EC,2025-10-15,2921.2,0.0,KG,,EC-D3,96,2025-10
0000005036,FE-004,EC,2025-10-15,365.2,0.0,KG,,EC-D3,96,2025-10
0000005037,FE-001,EC,2025-10-15,9928.7,0.0,KG,,EC-D3,97,2025-10
0000005038,FE-002,EC,2025-10-15,2444.0,0.0,KG,,EC-D3,97,2025-10
0000005039,FE-003,EC,2025-10-15,1833.0,0.0,KG,,EC-D3,97,2025-10
0000005040,FE-004,EC,2025-10-15,229.1,0.0,KG,,EC-D3,97,2025-10
0000005041,FE-001,EC,2025-10-15,14160.6,0.0,KG,,EC-D3,98,2025-10
0000005042,FE-002,EC,2025-10-15,3485.7,0.0,KG,,EC-D3,98,2025-10
0000005043,FE-003,EC,2025-10-15,2614.3,0.0,KG,,EC-D3,98,2025-10
0000005044,FE-004,EC,2025-10-15,326.8,0.0,KG,,EC-D3,98,2025-10
0000005045,FE-001,EC,2025-10-15,6213.6,0.0,KG,,EC-D3,99,2025-10
0000005046,FE-002,EC,2025-10-15,1529.5,0.0,KG,,EC-D3,99,2025-10
0000005047,FE-003,EC,2025-10-15,1147.1,0.0,KG,,EC-D3,99,2025-10
0000005048,FE-004,EC,2025-10-15,143.4,0.0,KG,,EC-D3,99,2025-10
0000005049,FE-001,EC,2025-10-15,11611.8,0.0,KG,,EC-D3,100,2025-10
0000005050,FE-002,EC,2025-10-15,2858.3,0.0,KG,,EC-D3,100,2025-10
0000005051,FE-003,EC,2025-10-15,2143.7,0.0,KG,,EC-D3,100,2025-10
0000005052,FE-004,EC,2025-10-15,268.0,0.0,KG,,EC-D3,100,2025-10
0000005053,FE-001,EC,2025-10-15,19929.4,0.0,KG,,EC-D3,101,2025-10
0000005054,FE-002,EC,2025-10-15,4905.7,0.0,KG,,EC-D3,101,2025-10
0000005055,FE-003,EC,2025-10-15,3679.3,0.0,KG,,EC-D3,101,2025-10
0000005056,FE-004,EC,2025-10-15,459.9,0.0,KG,,EC-D3,101,2025-10
0000005057,FE-001,EC,2025-10-15,11696.4,0.0,KG,,EC-D3,102,2025-10
0000005058,FE-002,EC,2025-10-15,2879.1,0.0,KG,,EC-D3,102,2025-10
0000005059,FE-003,EC,2025-10-15,2159.3,0.0,KG,,EC-D3,102,2025-10
0000005060,FE-004,EC,2025-10-15,269.9,0.0,KG,,EC-D3,102,2025-10
0000005061,FE-001,EC,2025-10-15,12192.8,0.0,KG,,EC-D3,103,2025-10
0000005062,FE-002,EC,2025-10-15,3001.3,0.0,KG,,EC-D3,103,2025-10
0000005063,FE-003,EC,2025-10-15,2251.0,0.0,KG,,EC-D3,103,2025-10
0000005064,FE-004,EC,2025-10-15,281.4,0.0,KG,,EC-D3,103,2025-10
0000005065,FE-001,EC,2025-10-15,15099.4,0.0,KG,,EC-D3,104,2025-10
0000005066,FE-002,EC,2025-10-15,3716.8,0.0,KG,,EC-D3,104,2025-10
0000005067,FE-003,EC,2025-10-15,2787.6,0.0,KG,,EC-D3,104,2025-10
0000005068,FE-004,EC,2025-10-15,348.4,0.0,KG,,EC-D3,104,2025-10
0000005069,FE-001,EC,2025-10-15,8287.1,0.0,KG,,EC-D3,105,2025-10
0000005070,FE-002,EC,2025-10-15,2039.9,0.0,KG,,EC-D3,105,2025-10
0000005071,FE-003,EC,2025-10-15,1529.9,0.0,KG,,EC-D3,105,2025-10
0000005072,FE-004,EC,2025-10-15,191.2,0.0,KG,,EC-D3,105,2025-10
0000005073,FE-001,EC,2025-10-15,4238.9,0.0,KG,,EC-D3,106,2025-10
0000005074,FE-002,EC,2025-10-15,1043.4,0.0,KG,,EC-D3,106,2025-10
0000005075,FE-003,EC,2025-10-15,782.6,0.0,KG,,EC-D3,106,2025-10
0000005076,FE-004,EC,2025-10-15,97.8,0.0,KG,,EC-D3,106,2025-10
0000005077,FE-001,EC,2025-10-15,14273.8,0.0,KG,,EC-D3,107,2025-10
0000005078,FE-002,EC,2025-10-15,3513.6,0.0,KG,,EC-D3,107,2025-10
0000005079,FE-003,EC,2025-10-15,2635.2,0.0,KG,,EC-D3,107,2025-10
0000005080,FE-004,EC,2025-10-15,329.4,0.0,KG,,EC-D3,107,2025-10
0000005081,FE-001,EC,2025-10-15,18019.0,0.0,KG,,EC-D3,108,2025-10
0000005082,FE-002,EC,2025-10-15,4435.5,0.0,KG,,EC-D3,108,2025-10
0000005083,FE-003,EC,2025-10-15,3326.6,0.0,KG,,EC-D3,108,2025-10
0000005084,FE-004,EC,2025-10-15,415.8,0.0,KG,,EC-D3,108,2025-10
0000005085,FE-001,EC,2025-10-15,11547.1,0.0,KG,,EC-D3,109,2025-10
0000005086,FE-002,EC,2025-10-15,2842.4,0.0,KG,,EC-D3,109,2025-10
0000005087,FE-003,EC,2025-10-15,2131.8,0.0,KG,,EC-D3,109,2025-10
0000005088,FE-004,EC,2025-10-15,266.5,0.0,KG,,EC-D3,109,2025-10
0000005089,FE-001,EC,2025-10-15,11053.2,0.0,KG,,EC-D3,110,2025-10
0000005090,FE-002,EC,2025-10-15,2720.8,0.0,KG,,EC-D3,110,2025-10
0000005091,FE-003,EC,2025-10-15,2040.6,0.0,KG,,EC-D3,110,2025-10
0000005092,FE-004,EC,2025-10-15,255.1,0.0,KG,,EC-D3,110,2025-10
0000005093,FE-001,EC,2025-10-15,18560.2,0.0,KG,,EC-D3,111,2025-10
0000005094,FE-002,EC,2025-10-15,4568.7,0.0,KG,,EC-D3,111,2025-10
0000005095,FE-003,EC,2025-10-15,3426.5,0.0,KG,,EC-D3,111,2025-10
0000005096,FE-004,EC,2025-10-15,428.3,0.0,KG,,EC-D3,111,2025-10
0000005097,FE-001,EC,2025-10-15,9955.0,0.0,KG,,EC-D3,112,2025-10
0000005098,FE-002,EC,2025-10-15,2450.5,0.0,KG,,EC-D3,112,2025-10
0000005099,FE-003,EC,2025-10-15,1837.8,0.0,KG,,EC-D3,112,2025-10
0000005100,FE-004,EC,2025-10-15,229.7,0.0,KG,,EC-D3,112,2025-10
0000005101,FE-001,EC,2025-10-15,12504.6,0.0,KG,,EC-D3,113,2025-10
0000005102,FE-002,EC,2025-10-15,3078.1,0.0,KG,,EC-D3,113,2025-10
0000005103,FE-003,EC,2025-10-15,2308.5,0.0,KG,,EC-D3,113,2025-10
0000005104,FE-004,EC,2025-10-15,288.6,0.0,KG,,EC-D3,113,2025-10
0000005105,FE-001,EC,2025-10-15,8289.1,0.0,KG,,EC-D3,114,2025-10
0000005106,FE-002,EC,2025-10-15,2040.4,0.0,KG,,EC-D3,114,2025-10
0000005107,FE-003,EC,2025-10-15,1530.3,0.0,KG,,EC-D3,114,2025-10
0000005108,FE-004,EC,2025-10-15,191.3,0.0,KG,,EC-D3,114,2025-10
0000005109,FE-001,EC,2025-10-15,10037.0,0.0,KG,,EC-D3,115,2025-10
0000005110,FE-002,EC,2025-10-15,2470.6,0.0,KG,,EC-D3,115,2025-10
0000005111,FE-003,EC,2025-10-15,1853.0,0.0,KG,,EC-D3,115,2025-10
0000005112,FE-004,EC,2025-10-15,231.6,0.0,KG,,EC-D3,115,2025-10
0000005113,FE-001,EC,2025-10-15,6045.3,0.0,KG,,EC-D3,116,2025-10
0000005114,FE-002,EC,2025-10-15,1488.1,0.0,KG,,EC-D3,116,2025-10
0000005115,FE-003,EC,2025-10-15,1116.0,0.0,KG,,EC-D3,116,2025-10
0000005116,FE-004,EC,2025-10-15,139.5,0.0,KG,,EC-D3,116,2025-10
0000005117,FE-001,EC,2025-10-15,4653.0,0.0,KG,,EC-D3,117,2025-10
0000005118,FE-002,EC,2025-10-15,1145.3,0.0,KG,,EC-D3,117,2025-10
0000005119,FE-003,EC,2025-10-15,859.0,0.0,KG,,EC-D3,117,2025-10
0000005120,FE-004,EC,2025-10-15,107.4,0.0,KG,,EC-D3,117,2025-10
0000005121,FE-001,EC,2025-10-15,5264.7,0.0,KG,,EC-D3,118,2025-10
0000005122,FE-002,EC,2025-10-15,1295.9,0.0,KG,,EC-D3,118,2025-10
0000005123,FE-003,EC,2025-10-15,971.9,0.0,KG,,EC-D3,118,2025-10
0000005124,FE-004,EC,2025-10-15,121.5,0.0,KG,,EC-D3,118,2025-10
0000005125,FE-001,EC,2025-10-15,1748.0,0.0,KG,,EC-D3,119,2025-10
0000005126,FE-002,EC,2025-10-15,430.3,0.0,KG,,EC-D3,119,2025-10
0000005127,FE-003,EC,2025-10-15,322.7,0.0,KG,,EC-D3,119,2025-10
0000005128,FE-004,EC,2025-10-15,40.3,0.0,KG,,EC-D3,119,2025-10
0000005129,FE-001,EC,2025-10-15,5716.9,0.0,KG,,EC-D3,120,2025-10
0000005130,FE-002,EC,2025-10-15,1407.2,0.0,KG,,EC-D3,120,2025-10
0000005131,FE-003,EC,2025-10-15,1055.4,0.0,KG,,EC-D3,120,2025-10
0000005132,FE-004,EC,2025-10-15,131.9,0.0,KG,,EC-D3,120,2025-10
0000005133,FE-001,EC,2025-10-15,2137.6,0.0,KG,,EC-D3,121,2025-10
0000005134,FE-002,EC,2025-10-15,526.2,0.0,KG,,EC-D3,121,2025-10
0000005135,FE-003,EC,2025-10-15,394.6,0.0,KG,,EC-D3,121,2025-10
0000005136,FE-004,EC,2025-10-15,49.3,0.0,KG,,EC-D3,121,2025-10
0000005137,FE-001,EC,2025-10-15,1234.6,0.0,KG,,EC-D3,369,2025-10
0000005138,FE-002,EC,2025-10-15,303.9,0.0,KG,,EC-D3,369,2025-10
0000005139,FE-003,EC,2025-10-15,227.9,0.0,KG,,EC-D3,369,2025-10
0000005140,FE-004,EC,2025-10-15,28.5,0.0,KG,,EC-D3,369,2025-10
0000005141,FE-001,EC,2025-10-15,993.0,0.0,KG,,EC-D3,370,2025-10
0000005142,FE-002,EC,2025-10-15,244.4,0.0,KG,,EC-D3,370,2025-10
0000005143,FE-003,EC,2025-10-15,183.3,0.0,KG,,EC-D3,370,2025-10
0000005144,FE-004,EC,2025-10-15,22.9,0.0,KG,,EC-D3,370,2025-10
0000005145,FE-001,EC,2025-10-15,6417.3,0.0,KG,,EC-D4,122,2025-10
0000005146,FE-002,EC,2025-10-15,1579.6,0.0,KG,,EC-D4,122,2025-10
0000005147,FE-003,EC,2025-10-15,1184.7,0.0,KG,,EC-D4,122,2025-10
0000005148,FE-004,EC,2025-10-15,148.1,0.0,KG,,EC-D4,122,2025-10
0000005149,FE-001,EC,2025-10-15,5125.0,0.0,KG,,EC-D4,123,2025-10
0000005150,FE-002,EC,2025-10-15,1261.5,0.0,KG,,EC-D4,123,2025-10
0000005151,FE-003,EC,2025-10-15,946.2,0.0,KG,,EC-D4,123,2025-10
0000005152,FE-004,EC,2025-10-15,118.3,0.0,KG,,EC-D4,123,2025-10
0000005153,FE-001,EC,2025-10-15,4861.2,0.0,KG,,EC-D4,124,2025-10
0000005154,FE-002,EC,2025-10-15,1196.6,0.0,KG,,EC-D4,124,2025-10
0000005155,FE-003,EC,2025-10-15,897.5,0.0,KG,,EC-D4,124,2025-10
0000005156,FE-004,EC,2025-10-15,112.2,0.0,KG,,EC-D4,124,2025-10
0000005157,FE-001,EC,2025-10-15,2784.3,0.0,KG,,EC-D4,125,2025-10
0000005158,FE-002,EC,2025-10-15,685.4,0.0,KG,,EC-D4,125,2025-10
0000005159,FE-003,EC,2025-10-15,514.0,0.0,KG,,EC-D4,125,2025-10
0000005160,FE-004,EC,2025-10-15,64.3,0.0,KG,,EC-D4,125,2025-10
0000005161,FE-001,EC,2025-10-15,2872.8,0.0,KG,,EC-D4,126,2025-10
0000005162,FE-002,EC,2025-10-15,707.2,0.0,KG,,EC-D4,126,2025-10
0000005163,FE-003,EC,2025-10-15,530.4,0.0,KG,,EC-D4,126,2025-10
0000005164,FE-004,EC,2025-10-15,66.3,0.0,KG,,EC-D4,126,2025-10
0000005165,FE-001,EC,2025-10-15,1293.3,0.0,KG,,EC-D4,127,2025-10
0000005166,FE-002,EC,2025-10-15,318.4,0.0,KG,,EC-D4,127,2025-10
0000005167,FE-003,EC,2025-10-15,238.8,0.0,KG,,EC-D4,127,2025-10
0000005168,FE-004,EC,2025-10-15,29.8,0.0,KG,,EC-D4,127,2025-10
0000005169,FE-001,EC,2025-10-15,12879.4,0.0,KG,,EC-D4,128,2025-10
0000005170,FE-002,EC,2025-10-15,3170.3,0.0,KG,,EC-D4,128,2025-10
0000005171,FE-003,EC,2025-10-15,2377.7,0.0,KG,,EC-D4,128,2025-10
0000005172,FE-004,EC,2025-10-15,297.2,0.0,KG,,EC-D4,128,2025-10
0000005173,FE-001,EC,2025-10-15,9881.5,0.0,KG,,EC-D4,129,2025-10
0000005174,FE-002,EC,2025-10-15,2432.4,0.0,KG,,EC-D4,129,2025-10
0000005175,FE-003,EC,2025-10-15,1824.3,0.0,KG,,EC-D4,129,2025-10
0000005176,FE-004,EC,2025-10-15,228.0,0.0,KG,,EC-D4,129,2025-10
0000005177,FE-001,EC,2025-10-15,13971.2,0.0,KG,,EC-D4,130,2025-10
0000005178,FE-002,EC,2025-10-15,3439.1,0.0,KG,,EC-D4,130,2025-10
0000005179,FE-003,EC,2025-10-15,2579.3,0.0,KG,,EC-D4,130,2025-10
0000005180,FE-004,EC,2025-10-15,322.4,0.0,KG,,EC-D4,130,2025-10
0000005181,FE-001,EC,2025-10-15,14003.8,0.0,KG,,EC-D4,131,2025-10
0000005182,FE-002,EC,2025-10-15,3447.1,0.0,KG,,EC-D4,131,2025-10
0000005183,FE-003,EC,2025-10-15,2585.3,0.0,KG,,EC-D4,131,2025-10
0000005184,FE-004,EC,2025-10-15,323.2,0.0,KG,,EC-D4,131,2025-10
0000005185,FE-001,EC,2025-10-15,15323.0,0.0,KG,,EC-D4,132,2025-10
0000005186,FE-002,EC,2025-10-15,3771.8,0.0,KG,,EC-D4,132,2025-10
0000005187,FE-003,EC,2025-10-15,2828.9,0.0,KG,,EC-D4,132,2025-10
0000005188,FE-004,EC,2025-10-15,353.6,0.0,KG,,EC-D4,132,2025-10
0000005189,FE-001,EC,2025-10-15,10343.3,0.0,KG,,EC-D4,133,2025-10
0000005190,FE-002,EC,2025-10-15,2546.0,0.0,KG,,EC-D4,133,2025-10
0000005191,FE-003,EC,2025-10-15,1909.5,0.0,KG,,EC-D4,133,2025-10
0000005192,FE-004,EC,2025-10-15,238.7,0.0,KG,,EC-D4,133,2025-10
0000005193,FE-001,EC,2025-10-15,15942.8,0.0,KG,,EC-D4,134,2025-10
0000005194,FE-002,EC,2025-10-15,3924.4,0.0,KG,,EC-D4,134,2025-10
0000005195,FE-003,EC,2025-10-15,2943.3,0.0,KG,,EC-D4,134,2025-10
0000005196,FE-004,EC,2025-10-15,367.9,0.0,KG,,EC-D4,134,2025-10
0000005197,FE-001,EC,2025-10-15,12355.4,0.0,KG,,EC-D4,135,2025-10
0000005198,FE-002,EC,2025-10-15,3041.3,0.0,KG,,EC-D4,135,2025-10
0000005199,FE-003,EC,2025-10-15,2281.0,0.0,KG,,EC-D4,135,2025-10
0000005200,FE-004,EC,2025-10-15,285.1,0.0,KG,,EC-D4,135,2025-10
0000005201,FE-001,EC,2025-10-15,14967.3,0.0,KG,,EC-D4,136,2025-10
0000005202,FE-002,EC,2025-10-15,3684.2,0.0,KG,,EC-D4,136,2025-10
0000005203,FE-003,EC,2025-10-15,2763.2,0.0,KG,,EC-D4,136,2025-10
0000005204,FE-004,EC,2025-10-15,345.4,0.0,KG,,EC-D4,136,2025-10
0000005205,FE-001,EC,2025-10-15,13938.8,0.0,KG,,EC-D4,137,2025-10
0000005206,FE-002,EC,2025-10-15,3431.1,0.0,KG,,EC-D4,137,2025-10
0000005207,FE-003,EC,2025-10-15,2573.3,0.0,KG,,EC-D4,137,2025-10
0000005208,FE-004,EC,2025-10-15,321.7,0.0,KG,,EC-D4,137,2025-10
0000005209,FE-001,EC,2025-10-15,17574.5,0.0,KG,,EC-D4,138,2025-10
0000005210,FE-002,EC,2025-10-15,4326.0,0.0,KG,,EC-D4,138,2025-10
0000005211,FE-003,EC,2025-10-15,3244.5,0.0,KG,,EC-D4,138,2025-10
0000005212,FE-004,EC,2025-10-15,405.6,0.0,KG,,EC-D4,138,2025-10
0000005213,FE-001,EC,2025-10-15,10401.3,0.0,KG,,EC-D4,139,2025-10
0000005214,FE-002,EC,2025-10-15,2560.3,0.0,KG,,EC-D4,139,2025-10
0000005215,FE-003,EC,2025-10-15,1920.2,0.0,KG,,EC-D4,139,2025-10
0000005216,FE-004,EC,2025-10-15,240.0,0.0,KG,,EC-D4,139,2025-10
0000005217,FE-001,EC,2025-10-15,12029.1,0.0,KG,,EC-D4,140,2025-10
0000005218,FE-002,EC,2025-10-15,2961.0,0.0,KG,,EC-D4,140,2025-10
0000005219,FE-003,EC,2025-10-15,2220.8,0.0,KG,,EC-D4,140,2025-10
0000005220,FE-004,EC,2025-10-15,277.6,0.0,KG,,EC-D4,140,2025-10
0000005221,FE-001,EC,2025-10-15,12917.8,0.0,KG,,EC-D4,141,2025-10
0000005222,FE-002,EC,2025-10-15,3179.8,0.0,KG,,EC-D4,141,2025-10
0000005223,FE-003,EC,2025-10-15,2384.8,0.0,KG,,EC-D4,141,2025-10
0000005224,FE-004,EC,2025-10-15,298.1,0.0,KG,,EC-D4,141,2025-10
0000005225,FE-001,EC,2025-10-15,11342.9,0.0,KG,,EC-D4,142,2025-10
0000005226,FE-002,EC,2025-10-15,2792.1,0.0,KG,,EC-D4,142,2025-10
0000005227,FE-003,EC,2025-10-15,2094.1,0.0,KG,,EC-D4,142,2025-10
0000005228,FE-004,EC,2025-10-15,261.8,0.0,KG,,EC-D4,142,2025-10
0000005229,FE-001,EC,2025-10-15,11102.8,0.0,KG,,EC-D4,143,2025-10
0000005230,FE-002,EC,2025-10-15,2733.0,0.0,KG,,EC-D4,143,2025-10
0000005231,FE-003,EC,2025-10-15,2049.7,0.0,KG,,EC-D4,143,2025-10
0000005232,FE-004,EC,2025-10-15,256.2,0.0,KG,,EC-D4,143,2025-10
0000005233,FE-001,EC,2025-10-15,11811.5,0.0,KG,,EC-D4,144,2025-10
0000005234,FE-002,EC,2025-10-15,2907.4,0.0,KG,,EC-D4,144,2025-10
0000005235,FE-003,EC,2025-10-15,2180.6,0.0,KG,,EC-D4,144,2025-10
0000005236,FE-004,EC,2025-10-15,272.6,0.0,KG,,EC-D4,144,2025-10
0000005237,FE-001,EC,2025-10-15,17439.6,0.0,KG,,EC-D4,145,2025-10
0000005238,FE-002,EC,2025-10-15,4292.8,0.0,KG,,EC-D4,145,2025-10
0000005239,FE-003,EC,2025-10-15,3219.6,0.0,KG,,EC-D4,145,2025-10
0000005240,FE-004,EC,2025-10-15,402.5,0.0,KG,,EC-D4,145,2025-10
0000005241,FE-001,EC,2025-10-15,12713.6,0.0,KG,,EC-D4,146,2025-10
0000005242,FE-002,EC,2025-10-15,3129.5,0.0,KG,,EC-D4,146,2025-10
0000005243,FE-003,EC,2025-10-15,2347.1,0.0,KG,,EC-D4,146,2025-10
0000005244,FE-004,EC,2025-10-15,293.4,0.0,KG,,EC-D4,146,2025-10
0000005245,FE-001,EC,2025-10-15,12103.1,0.0,KG,,EC-D4,147,2025-10
0000005246,FE-002,EC,2025-10-15,2979.2,0.0,KG,,EC-D4,147,2025-10
0000005247,FE-003,EC,2025-10-15,2234.4,0.0,KG,,EC-D4,147,2025-10
0000005248,FE-004,EC,2025-10-15,279.3,0.0,KG,,EC-D4,147,2025-10
0000005249,FE-001,EC,2025-10-15,15069.4,0.0,KG,,EC-D4,148,2025-10
0000005250,FE-002,EC,2025-10-15,3709.4,0.0,KG,,EC-D4,148,2025-10
0000005251,FE-003,EC,2025-10-15,2782.0,0.0,KG,,EC-D4,148,2025-10
0000005252,FE-004,EC,2025-10-15,347.8,0.0,KG,,EC-D4,148,2025-10
0000005253,FE-001,EC,2025-10-15,11705.9,0.0,KG,,EC-D4,149,2025-10
0000005254,FE-002,EC,2025-10-15,2881.5,0.0,KG,,EC-D4,149,2025-10
0000005255,FE-003,EC,2025-10-15,2161.1,0.0,KG,,EC-D4,149,2025-10
0000005256,FE-004,EC,2025-10-15,270.1,0.0,KG,,EC-D4,149,2025-10
0000005257,FE-001,EC,2025-10-15,13834.5,0.0,KG,,EC-D4,150,2025-10
0000005258,FE-002,EC,2025-10-15,3405.4,0.0,KG,,EC-D4,150,2025-10
0000005259,FE-003,EC,2025-10-15,2554.1,0.0,KG,,EC-D4,150,2025-10
0000005260,FE-004,EC,2025-10-15,319.3,0.0,KG,,EC-D4,150,2025-10
0000005261,FE-001,EC,2025-10-15,13949.7,0.0,KG,,EC-D4,151,2025-10
0000005262,FE-002,EC,2025-10-15,3433.8,0.0,KG,,EC-D4,151,2025-10
0000005263,FE-003,EC,2025-10-15,2575.3,0.0,KG,,EC-D4,151,2025-10
0000005264,FE-004,EC,2025-10-15,321.9,0.0,KG,,EC-D4,151,2025-10
0000005265,FE-001,EC,2025-10-15,12807.3,0.0,KG,,EC-D4,152,2025-10
0000005266,FE-002,EC,2025-10-15,3152.6,0.0,KG,,EC-D4,152,2025-10
0000005267,FE-003,EC,2025-10-15,2364.4,0.0,KG,,EC-D4,152,2025-10
0000005268,FE-004,EC,2025-10-15,295.6,0.0,KG,,EC-D4,152,2025-10
0000005269,FE-001,EC,2025-10-15,15654.9,0.0,KG,,EC-D4,153,2025-10
0000005270,FE-002,EC,2025-10-15,3853.5,0.0,KG,,EC-D4,153,2025-10
0000005271,FE-003,EC,2025-10-15,2890.1,0.0,KG,,EC-D4,153,2025-10
0000005272,FE-004,EC,2025-10-15,361.3,0.0,KG,,EC-D4,153,2025-10
0000005273,FE-001,EC,2025-10-15,820.2,0.0,KG,,EC-D4,154,2025-10
0000005274,FE-002,EC,2025-10-15,201.9,0.0,KG,,EC-D4,154,2025-10
0000005275,FE-003,EC,2025-10-15,151.4,0.0,KG,,EC-D4,154,2025-10
0000005276,FE-004,EC,2025-10-15,18.9,0.0,KG,,EC-D4,154,2025-10
0000005277,FE-001,EC,2025-10-15,4704.1,0.0,KG,,EC-D4,155,2025-10
0000005278,FE-002,EC,2025-10-15,1157.9,0.0,KG,,EC-D4,155,2025-10
0000005279,FE-003,EC,2025-10-15,868.4,0.0,KG,,EC-D4,155,2025-10
0000005280,FE-004,EC,2025-10-15,108.6,0.0,KG,,EC-D4,155,2025-10
0000005281,FE-001,EC,2025-10-15,10204.2,0.0,KG,,EC-D4,156,2025-10
0000005282,FE-002,EC,2025-10-15,2511.8,0.0,KG,,EC-D4,156,2025-10
0000005283,FE-003,EC,2025-10-15,1883.8,0.0,KG,,EC-D4,156,2025-10
0000005284,FE-004,EC,2025-10-15,235.5,0.0,KG,,EC-D4,156,2025-10
0000005285,FE-001,EC,2025-10-15,16003.3,0.0,KG,,EC-D4,157,2025-10
0000005286,FE-002,EC,2025-10-15,3939.3,0.0,KG,,EC-D4,157,2025-10
0000005287,FE-003,EC,2025-10-15,2954.5,0.0,KG,,EC-D4,157,2025-10
0000005288,FE-004,EC,2025-10-15,369.3,0.0,KG,,EC-D4,157,2025-10
0000005289,FE-001,EC,2025-10-15,16163.6,0.0,KG,,EC-D4,158,2025-10
0000005290,FE-002,EC,2025-10-15,3978.7,0.0,KG,,EC-D4,158,2025-10
0000005291,FE-003,EC,2025-10-15,2984.1,0.0,KG,,EC-D4,158,2025-10
0000005292,FE-004,EC,2025-10-15,373.0,0.0,KG,,EC-D4,158,2025-10
0000005293,FE-001,EC,2025-10-15,11075.4,0.0,KG,,EC-D4,159,2025-10
0000005294,FE-002,EC,2025-10-15,2726.2,0.0,KG,,EC-D4,159,2025-10
0000005295,FE-003,EC,2025-10-15,2044.7,0.0,KG,,EC-D4,159,2025-10
0000005296,FE-004,EC,2025-10-15,255.6,0.0,KG,,EC-D4,159,2025-10
0000005297,FE-001,EC,2025-10-15,15735.6,0.0,KG,,EC-D4,160,2025-10
0000005298,FE-002,EC,2025-10-15,3873.4,0.0,KG,,EC-D4,160,2025-10
0000005299,FE-003,EC,2025-10-15,2905.0,0.0,KG,,EC-D4,160,2025-10
0000005300,FE-004,EC,2025-10-15,363.1,0.0,KG,,EC-D4,160,2025-10
0000005301,FE-001,EC,2025-10-15,5999.4,0.0,KG,,EC-D4,163,2025-10
0000005302,FE-002,EC,2025-10-15,1476.8,0.0,KG,,EC-D4,163,2025-10
0000005303,FE-003,EC,2025-10-15,1107.6,0.0,KG,,EC-D4,163,2025-10
0000005304,FE-004,EC,2025-10-15,138.4,0.0,KG,,EC-D4,163,2025-10
0000005305,FE-001,EC,2025-10-15,6275.4,0.0,KG,,EC-D4,164,2025-10
0000005306,FE-002,EC,2025-10-15,1544.7,0.0,KG,,EC-D4,164,2025-10
0000005307,FE-003,EC,2025-10-15,1158.5,0.0,KG,,EC-D4,164,2025-10
0000005308,FE-004,EC,2025-10-15,144.8,0.0,KG,,EC-D4,164,2025-10
0000005309,FE-001,EC,2025-10-15,8315.8,0.0,KG,,EC-D4,165,2025-10
0000005310,FE-002,EC,2025-10-15,2047.0,0.0,KG,,EC-D4,165,2025-10
0000005311,FE-003,EC,2025-10-15,1535.2,0.0,KG,,EC-D4,165,2025-10
0000005312,FE-004,EC,2025-10-15,191.9,0.0,KG,,EC-D4,165,2025-10
0000005313,FE-001,EC,2025-10-15,7214.9,0.0,KG,,EC-D4,166,2025-10
0000005314,FE-002,EC,2025-10-15,1776.0,0.0,KG,,EC-D4,166,2025-10
0000005315,FE-003,EC,2025-10-15,1332.0,0.0,KG,,EC-D4,166,2025-10
0000005316,FE-004,EC,2025-10-15,166.5,0.0,KG,,EC-D4,166,2025-10
0000005317,FE-001,EC,2025-10-15,16574.9,0.0,KG,,EC-D5,168,2025-10
0000005318,FE-002,EC,2025-10-15,4080.0,0.0,KG,,EC-D5,168,2025-10
0000005319,FE-003,EC,2025-10-15,3060.0,0.0,KG,,EC-D5,168,2025-10
0000005320,FE-004,EC,2025-10-15,382.5,0.0,KG,,EC-D5,168,2025-10
0000005321,FE-001,EC,2025-10-15,16553.3,0.0,KG,,EC-D5,169,2025-10
0000005322,FE-002,EC,2025-10-15,4074.7,0.0,KG,,EC-D5,169,2025-10
0000005323,FE-003,EC,2025-10-15,3056.0,0.0,KG,,EC-D5,169,2025-10
0000005324,FE-004,EC,2025-10-15,382.0,0.0,KG,,EC-D5,169,2025-10
0000005325,FE-001,EC,2025-10-15,13777.3,0.0,KG,,EC-D5,170,2025-10
0000005326,FE-002,EC,2025-10-15,3391.3,0.0,KG,,EC-D5,170,2025-10
0000005327,FE-003,EC,2025-10-15,2543.5,0.0,KG,,EC-D5,170,2025-10
0000005328,FE-004,EC,2025-10-15,317.9,0.0,KG,,EC-D5,170,2025-10
0000005329,FE-001,EC,2025-10-15,9801.1,0.0,KG,,EC-D5,171,2025-10
0000005330,FE-002,EC,2025-10-15,2412.6,0.0,KG,,EC-D5,171,2025-10
0000005331,FE-003,EC,2025-10-15,1809.4,0.0,KG,,EC-D5,171,2025-10
0000005332,FE-004,EC,2025-10-15,226.2,0.0,KG,,EC-D5,171,2025-10
0000005333,FE-001,EC,2025-10-15,11024.0,0.0,KG,,EC-D5,172,2025-10
0000005334,FE-002,EC,2025-10-15,2713.6,0.0,KG,,EC-D5,172,2025-10
0000005335,FE-003,EC,2025-10-15,2035.2,0.0,KG,,EC-D5,172,2025-10
0000005336,FE-004,EC,2025-10-15,254.4,0.0,KG,,EC-D5,172,2025-10
0000005337,FE-001,EC,2025-10-15,9003.9,0.0,KG,,EC-D5,173,2025-10
0000005338,FE-002,EC,2025-10-15,2216.3,0.0,KG,,EC-D5,173,2025-10
0000005339,FE-003,EC,2025-10-15,1662.3,0.0,KG,,EC-D5,173,2025-10
0000005340,FE-004,EC,2025-10-15,207.8,0.0,KG,,EC-D5,173,2025-10
0000005341,FE-001,EC,2025-10-15,5194.1,0.0,KG,,EC-D5,174,2025-10
0000005342,FE-002,EC,2025-10-15,1278.5,0.0,KG,,EC-D5,174,2025-10
0000005343,FE-003,EC,2025-10-15,958.9,0.0,KG,,EC-D5,174,2025-10
0000005344,FE-004,EC,2025-10-15,119.9,0.0,KG,,EC-D5,174,2025-10
0000005345,FE-001,EC,2025-10-15,12555.2,0.0,KG,,EC-D5,176,2025-10
0000005346,FE-002,EC,2025-10-15,3090.5,0.0,KG,,EC-D5,176,2025-10
0000005347,FE-003,EC,2025-10-15,2317.9,0.0,KG,,EC-D5,176,2025-10
0000005348,FE-004,EC,2025-10-15,289.7,0.0,KG,,EC-D5,176,2025-10
0000005349,FE-001,EC,2025-10-15,13008.7,0.0,KG,,EC-D5,177,2025-10
0000005350,FE-002,EC,2025-10-15,3202.2,0.0,KG,,EC-D5,177,2025-10
0000005351,FE-003,EC,2025-10-15,2401.6,0.0,KG,,EC-D5,177,2025-10
0000005352,FE-004,EC,2025-10-15,300.2,0.0,KG,,EC-D5,177,2025-10
0000005353,FE-001,EC,2025-10-15,11920.3,0.0,KG,,EC-D5,178,2025-10
0000005354,FE-002,EC,2025-10-15,2934.2,0.0,KG,,EC-D5,178,2025-10
0000005355,FE-003,EC,2025-10-15,2200.7,0.0,KG,,EC-D5,178,2025-10
0000005356,FE-004,EC,2025-10-15,275.1,0.0,KG,,EC-D5,178,2025-10
0000005357,FE-001,EC,2025-10-15,11275.1,0.0,KG,,EC-D5,179,2025-10
0000005358,FE-002,EC,2025-10-15,2775.4,0.0,KG,,EC-D5,179,2025-10
0000005359,FE-003,EC,2025-10-15,2081.6,0.0,KG,,EC-D5,179,2025-10
0000005360,FE-004,EC,2025-10-15,260.2,0.0,KG,,EC-D5,179,2025-10
0000005361,FE-001,EC,2025-10-15,13092.1,0.0,KG,,EC-D5,180,2025-10
0000005362,FE-002,EC,2025-10-15,3222.7,0.0,KG,,EC-D5,180,2025-10
0000005363,FE-003,EC,2025-10-15,2417.0,0.0,KG,,EC-D5,180,2025-10
0000005364,FE-004,EC,2025-10-15,302.1,0.0,KG,,EC-D5,180,2025-10
0000005365,FE-001,EC,2025-10-15,14211.9,0.0,KG,,EC-D5,181,2025-10
0000005366,FE-002,EC,2025-10-15,3498.3,0.0,KG,,EC-D5,181,2025-10
0000005367,FE-003,EC,2025-10-15,2623.7,0.0,KG,,EC-D5,181,2025-10
0000005368,FE-004,EC,2025-10-15,328.0,0.0,KG,,EC-D5,181,2025-10
0000005369,FE-001,EC,2025-10-15,9639.8,0.0,KG,,EC-D5,182,2025-10
0000005370,FE-002,EC,2025-10-15,2372.9,0.0,KG,,EC-D5,182,2025-10
0000005371,FE-003,EC,2025-10-15,1779.7,0.0,KG,,EC-D5,182,2025-10
0000005372,FE-004,EC,2025-10-15,222.5,0.0,KG,,EC-D5,182,2025-10
0000005373,FE-001,EC,2025-10-15,8518.3,0.0,KG,,EC-D5,184,2025-10
0000005374,FE-002,EC,2025-10-15,2096.8,0.0,KG,,EC-D5,184,2025-10
0000005375,FE-003,EC,2025-10-15,1572.6,0.0,KG,,EC-D5,184,2025-10
0000005376,FE-004,EC,2025-10-15,196.6,0.0,KG,,EC-D5,184,2025-10
0000005377,FE-001,EC,2025-10-15,12579.4,0.0,KG,,EC-D5,185,2025-10
0000005378,FE-002,EC,2025-10-15,3096.5,0.0,KG,,EC-D5,185,2025-10
0000005379,FE-003,EC,2025-10-15,2322.4,0.0,KG,,EC-D5,185,2025-10
0000005380,FE-004,EC,2025-10-15,290.3,0.0,KG,,EC-D5,185,2025-10
0000005381,FE-001,EC,2025-10-15,12680.2,0.0,KG,,EC-D5,186,2025-10
0000005382,FE-002,EC,2025-10-15,3121.3,0.0,KG,,EC-D5,186,2025-10
0000005383,FE-003,EC,2025-10-15,2341.0,0.0,KG,,EC-D5,186,2025-10
0000005384,FE-004,EC,2025-10-15,292.6,0.0,KG,,EC-D5,186,2025-10
0000005385,FE-001,EC,2025-10-15,14839.2,0.0,KG,,EC-D5,187,2025-10
0000005386,FE-002,EC,2025-10-15,3652.7,0.0,KG,,EC-D5,187,2025-10
0000005387,FE-003,EC,2025-10-15,2739.5,0.0,KG,,EC-D5,187,2025-10
0000005388,FE-004,EC,2025-10-15,342.4,0.0,KG,,EC-D5,187,2025-10
0000005389,FE-001,EC,2025-10-15,14222.1,0.0,KG,,EC-D5,188,2025-10
0000005390,FE-002,EC,2025-10-15,3500.8,0.0,KG,,EC-D5,188,2025-10
0000005391,FE-003,EC,2025-10-15,2625.6,0.0,KG,,EC-D5,188,2025-10
0000005392,FE-004,EC,2025-10-15,328.2,0.0,KG,,EC-D5,188,2025-10
0000005393,FE-001,EC,2025-10-15,17280.6,0.0,KG,,EC-D5,189,2025-10
0000005394,FE-002,EC,2025-10-15,4253.7,0.0,KG,,EC-D5,189,2025-10
0000005395,FE-003,EC,2025-10-15,3190.3,0.0,KG,,EC-D5,189,2025-10
0000005396,FE-004,EC,2025-10-15,398.8,0.0,KG,,EC-D5,189,2025-10
0000005397,FE-001,EC,2025-10-15,12200.3,0.0,KG,,EC-D5,190,2025-10
0000005398,FE-002,EC,2025-10-15,3003.2,0.0,KG,,EC-D5,190,2025-10
0000005399,FE-003,EC,2025-10-15,2252.4,0.0,KG,,EC-D5,190,2025-10
0000005400,FE-004,EC,2025-10-15,281.5,0.0,KG,,EC-D5,190,2025-10
0000005401,FE-001,EC,2025-10-15,5151.2,0.0,KG,,EC-D5,192,2025-10
0000005402,FE-002,EC,2025-10-15,1268.0,0.0,KG,,EC-D5,192,2025-10
0000005403,FE-003,EC,2025-10-15,951.0,0.0,KG,,EC-D5,192,2025-10
0000005404,FE-004,EC,2025-10-15,118.9,0.0,KG,,EC-D5,192,2025-10
0000005405,FE-001,EC,2025-10-15,13316.0,0.0,KG,,EC-D5,193,2025-10
0000005406,FE-002,EC,2025-10-15,3277.8,0.0,KG,,EC-D5,193,2025-10
0000005407,FE-003,EC,2025-10-15,2458.3,0.0,KG,,EC-D5,193,2025-10
0000005408,FE-004,EC,2025-10-15,307.3,0.0,KG,,EC-D5,193,2025-10
0000005409,FE-001,EC,2025-10-15,12936.2,0.0,KG,,EC-D5,194,2025-10
0000005410,FE-002,EC,2025-10-15,3184.3,0.0,KG,,EC-D5,194,2025-10
0000005411,FE-003,EC,2025-10-15,2388.2,0.0,KG,,EC-D5,194,2025-10
0000005412,FE-004,EC,2025-10-15,298.5,0.0,KG,,EC-D5,194,2025-10
0000005413,FE-001,EC,2025-10-15,12587.7,0.0,KG,,EC-D5,195,2025-10
0000005414,FE-002,EC,2025-10-15,3098.5,0.0,KG,,EC-D5,195,2025-10
0000005415,FE-003,EC,2025-10-15,2323.9,0.0,KG,,EC-D5,195,2025-10
0000005416,FE-004,EC,2025-10-15,290.5,0.0,KG,,EC-D5,195,2025-10
0000005417,FE-001,EC,2025-10-15,15170.0,0.0,KG,,EC-D5,196,2025-10
0000005418,FE-002,EC,2025-10-15,3734.1,0.0,KG,,EC-D5,196,2025-10
0000005419,FE-003,EC,2025-10-15,2800.6,0.0,KG,,EC-D5,196,2025-10
0000005420,FE-004,EC,2025-10-15,350.1,0.0,KG,,EC-D5,196,2025-10
0000005421,FE-001,EC,2025-10-15,13862.1,0.0,KG,,EC-D5,197,2025-10
0000005422,FE-002,EC,2025-10-15,3412.2,0.0,KG,,EC-D5,197,2025-10
0000005423,FE-003,EC,2025-10-15,2559.2,0.0,KG,,EC-D5,197,2025-10
0000005424,FE-004,EC,2025-10-15,319.9,0.0,KG,,EC-D5,197,2025-10
0000005425,FE-001,EC,2025-10-15,4160.2,0.0,KG,,EC-D5,198,2025-10
0000005426,FE-002,EC,2025-10-15,1024.0,0.0,KG,,EC-D5,198,2025-10
0000005427,FE-003,EC,2025-10-15,768.0,0.0,KG,,EC-D5,198,2025-10
0000005428,FE-004,EC,2025-10-15,96.0,0.0,KG,,EC-D5,198,2025-10
0000005429,FE-001,EC,2025-10-15,7794.9,0.0,KG,,EC-D5,199,2025-10
0000005430,FE-002,EC,2025-10-15,1918.7,0.0,KG,,EC-D5,199,2025-10
0000005431,FE-003,EC,2025-10-15,1439.1,0.0,KG,,EC-D5,199,2025-10
0000005432,FE-004,EC,2025-10-15,179.9,0.0,KG,,EC-D5,199,2025-10
0000005433,FE-001,EC,2025-10-15,9236.2,0.0,KG,,EC-D5,200,2025-10
0000005434,FE-002,EC,2025-10-15,2273.5,0.0,KG,,EC-D5,200,2025-10
0000005435,FE-003,EC,2025-10-15,1705.1,0.0,KG,,EC-D5,200,2025-10
0000005436,FE-004,EC,2025-10-15,213.1,0.0,KG,,EC-D5,200,2025-10
0000005437,FE-001,EC,2025-10-15,18921.5,0.0,KG,,EC-D5,201,2025-10
0000005438,FE-002,EC,2025-10-15,4657.6,0.0,KG,,EC-D5,201,2025-10
0000005439,FE-003,EC,2025-10-15,3493.2,0.0,KG,,EC-D5,201,2025-10
0000005440,FE-004,EC,2025-10-15,436.7,0.0,KG,,EC-D5,201,2025-10
0000005441,FE-001,EC,2025-10-15,13442.6,0.0,KG,,EC-D5,202,2025-10
0000005442,FE-002,EC,2025-10-15,3308.9,0.0,KG,,EC-D5,202,2025-10
0000005443,FE-003,EC,2025-10-15,2481.7,0.0,KG,,EC-D5,202,2025-10
0000005444,FE-004,EC,2025-10-15,310.2,0.0,KG,,EC-D5,202,2025-10
0000005445,FE-001,EC,2025-10-15,1753.6,0.0,KG,,EC-D5,373,2025-10
0000005446,FE-002,EC,2025-10-15,431.7,0.0,KG,,EC-D5,373,2025-10
0000005447,FE-003,EC,2025-10-15,323.7,0.0,KG,,EC-D5,373,2025-10
0000005448,FE-004,EC,2025-10-15,40.5,0.0,KG,,EC-D5,373,2025-10
0000005449,FE-001,EC,2025-10-15,21505.6,0.0,KG,,EC-D6,203,2025-10
0000005450,FE-002,EC,2025-10-15,5293.7,0.0,KG,,EC-D6,203,2025-10
0000005451,FE-003,EC,2025-10-15,3970.3,0.0,KG,,EC-D6,203,2025-10
0000005452,FE-004,EC,2025-10-15,496.3,0.0,KG,,EC-D6,203,2025-10
0000005453,FE-001,EC,2025-10-15,15239.2,0.0,KG,,EC-D6,204,2025-10
0000005454,FE-002,EC,2025-10-15,3751.2,0.0,KG,,EC-D6,204,2025-10
0000005455,FE-003,EC,2025-10-15,2813.4,0.0,KG,,EC-D6,204,2025-10
0000005456,FE-004,EC,2025-10-15,351.7,0.0,KG,,EC-D6,204,2025-10
0000005457,FE-001,EC,2025-10-15,11235.8,0.0,KG,,EC-D6,205,2025-10
0000005458,FE-002,EC,2025-10-15,2765.7,0.0,KG,,EC-D6,205,2025-10
0000005459,FE-003,EC,2025-10-15,2074.3,0.0,KG,,EC-D6,205,2025-10
0000005460,FE-004,EC,2025-10-15,259.3,0.0,KG,,EC-D6,205,2025-10
0000005461,FE-001,EC,2025-10-15,11227.4,0.0,KG,,EC-D6,206,2025-10
0000005462,FE-002,EC,2025-10-15,2763.7,0.0,KG,,EC-D6,206,2025-10
0000005463,FE-003,EC,2025-10-15,2072.8,0.0,KG,,EC-D6,206,2025-10
0000005464,FE-004,EC,2025-10-15,259.1,0.0,KG,,EC-D6,206,2025-10
0000005465,FE-001,EC,2025-10-15,12913.3,0.0,KG,,EC-D6,207,2025-10
0000005466,FE-002,EC,2025-10-15,3178.7,0.0,KG,,EC-D6,207,2025-10
0000005467,FE-003,EC,2025-10-15,2384.0,0.0,KG,,EC-D6,207,2025-10
0000005468,FE-004,EC,2025-10-15,298.0,0.0,KG,,EC-D6,207,2025-10
0000005469,FE-001,EC,2025-10-15,12401.5,0.0,KG,,EC-D6,208,2025-10
0000005470,FE-002,EC,2025-10-15,3052.7,0.0,KG,,EC-D6,208,2025-10
0000005471,FE-003,EC,2025-10-15,2289.5,0.0,KG,,EC-D6,208,2025-10
0000005472,FE-004,EC,2025-10-15,286.2,0.0,KG,,EC-D6,208,2025-10
0000005473,FE-001,EC,2025-10-15,12255.5,0.0,KG,,EC-D6,209,2025-10
0000005474,FE-002,EC,2025-10-15,3016.7,0.0,KG,,EC-D6,209,2025-10
0000005475,FE-003,EC,2025-10-15,2262.6,0.0,KG,,EC-D6,209,2025-10
0000005476,FE-004,EC,2025-10-15,282.8,0.0,KG,,EC-D6,209,2025-10
0000005477,FE-001,EC,2025-10-15,14752.7,0.0,KG,,EC-D6,210,2025-10
0000005478,FE-002,EC,2025-10-15,3631.4,0.0,KG,,EC-D6,210,2025-10
0000005479,FE-003,EC,2025-10-15,2723.6,0.0,KG,,EC-D6,210,2025-10
0000005480,FE-004,EC,2025-10-15,340.4,0.0,KG,,EC-D6,210,2025-10
0000005481,FE-001,EC,2025-10-15,12287.8,0.0,KG,,EC-D6,211,2025-10
0000005482,FE-002,EC,2025-10-15,3024.7,0.0,KG,,EC-D6,211,2025-10
0000005483,FE-003,EC,2025-10-15,2268.5,0.0,KG,,EC-D6,211,2025-10
0000005484,FE-004,EC,2025-10-15,283.6,0.0,KG,,EC-D6,211,2025-10
0000005485,FE-001,EC,2025-10-15,12127.1,0.0,KG,,EC-D6,212,2025-10
0000005486,FE-002,EC,2025-10-15,2985.1,0.0,KG,,EC-D6,212,2025-10
0000005487,FE-003,EC,2025-10-15,2238.8,0.0,KG,,EC-D6,212,2025-10
0000005488,FE-004,EC,2025-10-15,279.9,0.0,KG,,EC-D6,212,2025-10
0000005489,FE-001,EC,2025-10-15,12906.5,0.0,KG,,EC-D6,213,2025-10
0000005490,FE-002,EC,2025-10-15,3177.0,0.0,KG,,EC-D6,213,2025-10
0000005491,FE-003,EC,2025-10-15,2382.7,0.0,KG,,EC-D6,213,2025-10
0000005492,FE-004,EC,2025-10-15,297.8,0.0,KG,,EC-D6,213,2025-10
0000005493,FE-001,EC,2025-10-15,15622.3,0.0,KG,,EC-D6,214,2025-10
0000005494,FE-002,EC,2025-10-15,3845.5,0.0,KG,,EC-D6,214,2025-10
0000005495,FE-003,EC,2025-10-15,2884.1,0.0,KG,,EC-D6,214,2025-10
0000005496,FE-004,EC,2025-10-15,360.5,0.0,KG,,EC-D6,214,2025-10
0000005497,FE-001,EC,2025-10-15,13398.0,0.0,KG,,EC-D6,215,2025-10
0000005498,FE-002,EC,2025-10-15,3298.0,0.0,KG,,EC-D6,215,2025-10
0000005499,FE-003,EC,2025-10-15,2473.5,0.0,KG,,EC-D6,215,2025-10
0000005500,FE-004,EC,2025-10-15,309.2,0.0,KG,,EC-D6,215,2025-10
0000005501,FE-001,EC,2025-10-15,14181.6,0.0,KG,,EC-D6,216,2025-10
0000005502,FE-002,EC,2025-10-15,3490.8,0.0,KG,,EC-D6,216,2025-10
0000005503,FE-003,EC,2025-10-15,2618.1,0.0,KG,,EC-D6,216,2025-10
0000005504,FE-004,EC,2025-10-15,327.3,0.0,KG,,EC-D6,216,2025-10
0000005505,FE-001,EC,2025-10-15,13600.3,0.0,KG,,EC-D6,222,2025-10
0000005506,FE-002,EC,2025-10-15,3347.8,0.0,KG,,EC-D6,222,2025-10
0000005507,FE-003,EC,2025-10-15,2510.8,0.0,KG,,EC-D6,222,2025-10
0000005508,FE-004,EC,2025-10-15,313.9,0.0,KG,,EC-D6,222,2025-10
0000005509,FE-001,EC,2025-10-15,12804.8,0.0,KG,,EC-D6,223,2025-10
0000005510,FE-002,EC,2025-10-15,3152.0,0.0,KG,,EC-D6,223,2025-10
0000005511,FE-003,EC,2025-10-15,2364.0,0.0,KG,,EC-D6,223,2025-10
0000005512,FE-004,EC,2025-10-15,295.5,0.0,KG,,EC-D6,223,2025-10
0000005513,FE-001,EC,2025-10-15,12358.9,0.0,KG,,EC-D6,230,2025-10
0000005514,FE-002,EC,2025-10-15,3042.2,0.0,KG,,EC-D6,230,2025-10
0000005515,FE-003,EC,2025-10-15,2281.6,0.0,KG,,EC-D6,230,2025-10
0000005516,FE-004,EC,2025-10-15,285.2,0.0,KG,,EC-D6,230,2025-10
0000005517,FE-001,EC,2025-10-15,13199.3,0.0,KG,,EC-D6,245,2025-10
0000005518,FE-002,EC,2025-10-15,3249.1,0.0,KG,,EC-D6,245,2025-10
0000005519,FE-003,EC,2025-10-15,2436.8,0.0,KG,,EC-D6,245,2025-10
0000005520,FE-004,EC,2025-10-15,304.6,0.0,KG,,EC-D6,245,2025-10
0000005521,FE-001,EC,2025-10-15,10100.8,0.0,KG,,EC-D6,246,2025-10
0000005522,FE-002,EC,2025-10-15,2486.4,0.0,KG,,EC-D6,246,2025-10
0000005523,FE-003,EC,2025-10-15,1864.8,0.0,KG,,EC-D6,246,2025-10
0000005524,FE-004,EC,2025-10-15,233.1,0.0,KG,,EC-D6,246,2025-10
0000005525,FE-001,EC,2025-10-15,7045.7,0.0,KG,,EC-D6,247,2025-10
0000005526,FE-002,EC,2025-10-15,1734.3,0.0,KG,,EC-D6,247,2025-10
0000005527,FE-003,EC,2025-10-15,1300.7,0.0,KG,,EC-D6,247,2025-10
0000005528,FE-004,EC,2025-10-15,162.6,0.0,KG,,EC-D6,247,2025-10
0000005529,FE-001,EC,2025-10-15,15186.3,0.0,KG,,EC-D6,248,2025-10
0000005530,FE-002,EC,2025-10-15,3738.2,0.0,KG,,EC-D6,248,2025-10
0000005531,FE-003,EC,2025-10-15,2803.6,0.0,KG,,EC-D6,248,2025-10
0000005532,FE-004,EC,2025-10-15,350.5,0.0,KG,,EC-D6,248,2025-10
0000005533,FE-001,EC,2025-10-15,11889.1,0.0,KG,,EC-D6,249,2025-10
0000005534,FE-002,EC,2025-10-15,2926.6,0.0,KG,,EC-D6,249,2025-10
0000005535,FE-003,EC,2025-10-15,2194.9,0.0,KG,,EC-D6,249,2025-10
0000005536,FE-004,EC,2025-10-15,274.4,0.0,KG,,EC-D6,249,2025-10
0000005537,FE-001,EC,2025-10-15,12038.2,0.0,KG,,EC-D6,250,2025-10
0000005538,FE-002,EC,2025-10-15,2963.3,0.0,KG,,EC-D6,250,2025-10
0000005539,FE-003,EC,2025-10-15,2222.4,0.0,KG,,EC-D6,250,2025-10
0000005540,FE-004,EC,2025-10-15,277.8,0.0,KG,,EC-D6,250,2025-10
0000005541,FE-001,EC,2025-10-15,11607.6,0.0,KG,,EC-D6,251,2025-10
0000005542,FE-002,EC,2025-10-15,2857.3,0.0,KG,,EC-D6,251,2025-10
0000005543,FE-003,EC,2025-10-15,2142.9,0.0,KG,,EC-D6,251,2025-10
0000005544,FE-004,EC,2025-10-15,267.9,0.0,KG,,EC-D6,251,2025-10
0000005545,FE-001,EC,2025-10-15,13376.9,0.0,KG,,EC-D6,252,2025-10
0000005546,FE-002,EC,2025-10-15,3292.8,0.0,KG,,EC-D6,252,2025-10
0000005547,FE-003,EC,2025-10-15,2469.6,0.0,KG,,EC-D6,252,2025-10
0000005548,FE-004,EC,2025-10-15,308.7,0.0,KG,,EC-D6,252,2025-10
0000005549,FE-001,EC,2025-10-15,8308.1,0.0,KG,,EC-D6,253,2025-10
0000005550,FE-002,EC,2025-10-15,2045.1,0.0,KG,,EC-D6,253,2025-10
0000005551,FE-003,EC,2025-10-15,1533.8,0.0,KG,,EC-D6,253,2025-10
0000005552,FE-004,EC,2025-10-15,191.7,0.0,KG,,EC-D6,253,2025-10
0000005553,FE-001,EC,2025-10-15,8914.3,0.0,KG,,EC-D6,254,2025-10
0000005554,FE-002,EC,2025-10-15,2194.3,0.0,KG,,EC-D6,254,2025-10
0000005555,FE-003,EC,2025-10-15,1645.7,0.0,KG,,EC-D6,254,2025-10
0000005556,FE-004,EC,2025-10-15,205.7,0.0,KG,,EC-D6,254,2025-10
0000005557,FE-001,EC,2025-10-15,14121.9,0.0,KG,,EC-D6,255,2025-10
0000005558,FE-002,EC,2025-10-15,3476.2,0.0,KG,,EC-D6,255,2025-10
0000005559,FE-003,EC,2025-10-15,2607.1,0.0,KG,,EC-D6,255,2025-10
0000005560,FE-004,EC,2025-10-15,325.9,0.0,KG,,EC-D6,255,2025-10
0000005561,FE-001,EC,2025-10-15,15022.9,0.0,KG,,EC-D6,256,2025-10
0000005562,FE-002,EC,2025-10-15,3697.9,0.0,KG,,EC-D6,256,2025-10
0000005563,FE-003,EC,2025-10-15,2773.4,0.0,KG,,EC-D6,256,2025-10
0000005564,FE-004,EC,2025-10-15,346.7,0.0,KG,,EC-D6,256,2025-10
0000005565,FE-001,EC,2025-10-15,12807.8,0.0,KG,,EC-D6,257,2025-10
0000005566,FE-002,EC,2025-10-15,3152.7,0.0,KG,,EC-D6,257,2025-10
0000005567,FE-003,EC,2025-10-15,2364.5,0.0,KG,,EC-D6,257,2025-10
0000005568,FE-004,EC,2025-10-15,295.6,0.0,KG,,EC-D6,257,2025-10
0000005569,FE-001,EC,2025-10-15,5357.3,0.0,KG,,EC-D6,258,2025-10
0000005570,FE-002,EC,2025-10-15,1318.7,0.0,KG,,EC-D6,258,2025-10
0000005571,FE-003,EC,2025-10-15,989.0,0.0,KG,,EC-D6,258,2025-10
0000005572,FE-004,EC,2025-10-15,123.6,0.0,KG,,EC-D6,258,2025-10
0000005573,FE-001,EC,2025-10-15,13637.5,0.0,KG,,EC-D6,259,2025-10
0000005574,FE-002,EC,2025-10-15,3356.9,0.0,KG,,EC-D6,259,2025-10
0000005575,FE-003,EC,2025-10-15,2517.7,0.0,KG,,EC-D6,259,2025-10
0000005576,FE-004,EC,2025-10-15,314.7,0.0,KG,,EC-D6,259,2025-10
0000005577,FE-001,EC,2025-10-15,6795.4,0.0,KG,,EC-D6,260,2025-10
0000005578,FE-002,EC,2025-10-15,1672.7,0.0,KG,,EC-D6,260,2025-10
0000005579,FE-003,EC,2025-10-15,1254.5,0.0,KG,,EC-D6,260,2025-10
0000005580,FE-004,EC,2025-10-15,156.8,0.0,KG,,EC-D6,260,2025-10
0000005581,FE-001,EC,2025-10-15,8950.0,0.0,KG,,EC-D6,261,2025-10
0000005582,FE-002,EC,2025-10-15,2203.1,0.0,KG,,EC-D6,261,2025-10
0000005583,FE-003,EC,2025-10-15,1652.3,0.0,KG,,EC-D6,261,2025-10
0000005584,FE-004,EC,2025-10-15,206.5,0.0,KG,,EC-D6,261,2025-10
0000005585,FE-001,EC,2025-10-15,12675.6,0.0,KG,,EC-D6,262,2025-10
0000005586,FE-002,EC,2025-10-15,3120.2,0.0,KG,,EC-D6,262,2025-10
0000005587,FE-003,EC,2025-10-15,2340.1,0.0,KG,,EC-D6,262,2025-10
0000005588,FE-004,EC,2025-10-15,292.5,0.0,KG,,EC-D6,262,2025-10
0000005589,FE-001,EC,2025-10-15,13268.5,0.0,KG,,EC-D6,263,2025-10
0000005590,FE-002,EC,2025-10-15,3266.1,0.0,KG,,EC-D6,263,2025-10
0000005591,FE-003,EC,2025-10-15,2449.6,0.0,KG,,EC-D6,263,2025-10
0000005592,FE-004,EC,2025-10-15,306.2,0.0,KG,,EC-D6,263,2025-10
0000005593,FE-001,EC,2025-10-15,5670.1,0.0,KG,,EC-D6,264,2025-10
0000005594,FE-002,EC,2025-10-15,1395.7,0.0,KG,,EC-D6,264,2025-10
0000005595,FE-003,EC,2025-10-15,1046.8,0.0,KG,,EC-D6,264,2025-10
0000005596,FE-004,EC,2025-10-15,130.8,0.0,KG,,EC-D6,264,2025-10
0000005597,FE-001,EC,2025-10-15,7554.7,0.0,KG,,EC-D6,265,2025-10
0000005598,FE-002,EC,2025-10-15,1859.6,0.0,KG,,EC-D6,265,2025-10
0000005599,FE-003,EC,2025-10-15,1394.7,0.0,KG,,EC-D6,265,2025-10
0000005600,FE-004,EC,2025-10-15,174.3,0.0,KG,,EC-D6,265,2025-10
0000005601,FE-001,EC,2025-10-15,12729.7,0.0,KG,,EC-D6,266,2025-10
0000005602,FE-002,EC,2025-10-15,3133.5,0.0,KG,,EC-D6,266,2025-10
0000005603,FE-003,EC,2025-10-15,2350.1,0.0,KG,,EC-D6,266,2025-10
0000005604,FE-004,EC,2025-10-15,293.8,0.0,KG,,EC-D6,266,2025-10
0000005605,FE-001,EC,2025-10-15,8047.3,0.0,KG,,EC-D6,267,2025-10
0000005606,FE-002,EC,2025-10-15,1980.9,0.0,KG,,EC-D6,267,2025-10
0000005607,FE-003,EC,2025-10-15,1485.7,0.0,KG,,EC-D6,267,2025-10
0000005608,FE-004,EC,2025-10-15,185.7,0.0,KG,,EC-D6,267,2025-10
0000005609,FE-001,EC,2025-10-15,8974.8,0.0,KG,,EC-D6,268,2025-10
0000005610,FE-002,EC,2025-10-15,2209.2,0.0,KG,,EC-D6,268,2025-10
0000005611,FE-003,EC,2025-10-15,1656.9,0.0,KG,,EC-D6,268,2025-10
0000005612,FE-004,EC,2025-10-15,207.1,0.0,KG,,EC-D6,268,2025-10
0000005613,FE-001,EC,2025-10-15,9188.5,0.0,KG,,EC-D6,269,2025-10
0000005614,FE-002,EC,2025-10-15,2261.8,0.0,KG,,EC-D6,269,2025-10
0000005615,FE-003,EC,2025-10-15,1696.3,0.0,KG,,EC-D6,269,2025-10
0000005616,FE-004,EC,2025-10-15,212.0,0.0,KG,,EC-D6,269,2025-10
0000005617,FE-001,EC,2025-10-15,6407.2,0.0,KG,,EC-D6,270,2025-10
0000005618,FE-002,EC,2025-10-15,1577.2,0.0,KG,,EC-D6,270,2025-10
0000005619,FE-003,EC,2025-10-15,1182.9,0.0,KG,,EC-D6,270,2025-10
0000005620,FE-004,EC,2025-10-15,147.9,0.0,KG,,EC-D6,270,2025-10
0000005621,FE-001,EC,2025-10-15,9404.2,0.0,KG,,EC-D6,271,2025-10
0000005622,FE-002,EC,2025-10-15,2314.9,0.0,KG,,EC-D6,271,2025-10
0000005623,FE-003,EC,2025-10-15,1736.2,0.0,KG,,EC-D6,271,2025-10
0000005624,FE-004,EC,2025-10-15,217.0,0.0,KG,,EC-D6,271,2025-10
0000005625,FE-001,EC,2025-10-15,11552.6,0.0,KG,,EC-D6,272,2025-10
0000005626,FE-002,EC,2025-10-15,2843.7,0.0,KG,,EC-D6,272,2025-10
0000005627,FE-003,EC,2025-10-15,2132.8,0.0,KG,,EC-D6,272,2025-10
0000005628,FE-004,EC,2025-10-15,266.6,0.0,KG,,EC-D6,272,2025-10
0000005629,FE-001,EC,2025-10-15,17943.7,0.0,KG,,EC-D6,379,2025-10
0000005630,FE-002,EC,2025-10-15,4416.9,0.0,KG,,EC-D6,379,2025-10
0000005631,FE-003,EC,2025-10-15,3312.7,0.0,KG,,EC-D6,379,2025-10
0000005632,FE-004,EC,2025-10-15,414.1,0.0,KG,,EC-D6,379,2025-10
0000005633,FE-001,EC,2025-10-15,12846.2,0.0,KG,,EC-D6,380,2025-10
0000005634,FE-002,EC,2025-10-15,3162.1,0.0,KG,,EC-D6,380,2025-10
0000005635,FE-003,EC,2025-10-15,2371.6,0.0,KG,,EC-D6,380,2025-10
0000005636,FE-004,EC,2025-10-15,296.5,0.0,KG,,EC-D6,380,2025-10
0000005637,FE-001,EC,2025-10-15,6292.2,0.0,KG,,EC-D7,287,2025-10
0000005638,FE-002,EC,2025-10-15,1548.8,0.0,KG,,EC-D7,287,2025-10
0000005639,FE-003,EC,2025-10-15,1161.6,0.0,KG,,EC-D7,287,2025-10
0000005640,FE-004,EC,2025-10-15,145.2,0.0,KG,,EC-D7,287,2025-10
0000005641,FE-001,EC,2025-10-15,2797.2,0.0,KG,,EC-D7,288,2025-10
0000005642,FE-002,EC,2025-10-15,688.6,0.0,KG,,EC-D7,288,2025-10
0000005643,FE-003,EC,2025-10-15,516.4,0.0,KG,,EC-D7,288,2025-10
0000005644,FE-004,EC,2025-10-15,64.6,0.0,KG,,EC-D7,288,2025-10
0000005645,FE-001,EC,2025-10-15,8290.5,0.0,KG,,EC-D7,289,2025-10
0000005646,FE-002,EC,2025-10-15,2040.7,0.0,KG,,EC-D7,289,2025-10
0000005647,FE-003,EC,2025-10-15,1530.6,0.0,KG,,EC-D7,289,2025-10
0000005648,FE-004,EC,2025-10-15,191.3,0.0,KG,,EC-D7,289,2025-10
0000005649,FE-001,EC,2025-10-15,10683.7,0.0,KG,,EC-D7,290,2025-10
0000005650,FE-002,EC,2025-10-15,2629.8,0.0,KG,,EC-D7,290,2025-10
0000005651,FE-003,EC,2025-10-15,1972.4,0.0,KG,,EC-D7,290,2025-10
0000005652,FE-004,EC,2025-10-15,246.5,0.0,KG,,EC-D7,290,2025-10
0000005653,FE-001,EC,2025-10-15,12381.6,0.0,KG,,EC-D7,291,2025-10
0000005654,FE-002,EC,2025-10-15,3047.8,0.0,KG,,EC-D7,291,2025-10
0000005655,FE-003,EC,2025-10-15,2285.8,0.0,KG,,EC-D7,291,2025-10
0000005656,FE-004,EC,2025-10-15,285.7,0.0,KG,,EC-D7,291,2025-10
0000005657,FE-001,EC,2025-10-15,8465.0,0.0,KG,,EC-D7,292,2025-10
0000005658,FE-002,EC,2025-10-15,2083.7,0.0,KG,,EC-D7,292,2025-10
0000005659,FE-003,EC,2025-10-15,1562.8,0.0,KG,,EC-D7,292,2025-10
0000005660,FE-004,EC,2025-10-15,195.3,0.0,KG,,EC-D7,292,2025-10
0000005661,FE-001,EC,2025-10-15,11419.4,0.0,KG,,EC-D7,293,2025-10
0000005662,FE-002,EC,2025-10-15,2810.9,0.0,KG,,EC-D7,293,2025-10
0000005663,FE-003,EC,2025-10-15,2108.2,0.0,KG,,EC-D7,293,2025-10
0000005664,FE-004,EC,2025-10-15,263.5,0.0,KG,,EC-D7,293,2025-10
0000005665,FE-001,EC,2025-10-15,5417.6,0.0,KG,,EC-D7,294,2025-10
0000005666,FE-002,EC,2025-10-15,1333.6,0.0,KG,,EC-D7,294,2025-10
0000005667,FE-003,EC,2025-10-15,1000.2,0.0,KG,,EC-D7,294,2025-10
0000005668,FE-004,EC,2025-10-15,125.0,0.0,KG,,EC-D7,294,2025-10
0000005669,FE-001,EC,2025-10-15,5215.0,0.0,KG,,EC-D7,295,2025-10
0000005670,FE-002,EC,2025-10-15,1283.7,0.0,KG,,EC-D7,295,2025-10
0000005671,FE-003,EC,2025-10-15,962.8,0.0,KG,,EC-D7,295,2025-10
0000005672,FE-004,EC,2025-10-15,120.3,0.0,KG,,EC-D7,295,2025-10
0000005673,FE-001,EC,2025-10-15,11640.9,0.0,KG,,EC-D7,296,2025-10
0000005674,FE-002,EC,2025-10-15,2865.5,0.0,KG,,EC-D7,296,2025-10
0000005675,FE-003,EC,2025-10-15,2149.1,0.0,KG,,EC-D7,296,2025-10
0000005676,FE-004,EC,2025-10-15,268.6,0.0,KG,,EC-D7,296,2025-10
0000005677,FE-001,EC,2025-10-15,13677.1,0.0,KG,,EC-D7,297,2025-10
0000005678,FE-002,EC,2025-10-15,3366.7,0.0,KG,,EC-D7,297,2025-10
0000005679,FE-003,EC,2025-10-15,2525.0,0.0,KG,,EC-D7,297,2025-10
0000005680,FE-004,EC,2025-10-15,315.6,0.0,KG,,EC-D7,297,2025-10
0000005681,FE-001,EC,2025-10-15,12361.9,0.0,KG,,EC-D7,298,2025-10
0000005682,FE-002,EC,2025-10-15,3042.9,0.0,KG,,EC-D7,298,2025-10
0000005683,FE-003,EC,2025-10-15,2282.2,0.0,KG,,EC-D7,298,2025-10
0000005684,FE-004,EC,2025-10-15,285.3,0.0,KG,,EC-D7,298,2025-10
0000005685,FE-001,EC,2025-10-15,11775.7,0.0,KG,,EC-D7,299,2025-10
0000005686,FE-002,EC,2025-10-15,2898.6,0.0,KG,,EC-D7,299,2025-10
0000005687,FE-003,EC,2025-10-15,2174.0,0.0,KG,,EC-D7,299,2025-10
0000005688,FE-004,EC,2025-10-15,271.7,0.0,KG,,EC-D7,299,2025-10
0000005689,FE-001,EC,2025-10-15,9262.2,0.0,KG,,EC-D7,300,2025-10
0000005690,FE-002,EC,2025-10-15,2279.9,0.0,KG,,EC-D7,300,2025-10
0000005691,FE-003,EC,2025-10-15,1710.0,0.0,KG,,EC-D7,300,2025-10
0000005692,FE-004,EC,2025-10-15,213.7,0.0,KG,,EC-D7,300,2025-10
0000005693,FE-001,EC,2025-10-15,4477.4,0.0,KG,,EC-D7,301,2025-10
0000005694,FE-002,EC,2025-10-15,1102.1,0.0,KG,,EC-D7,301,2025-10
0000005695,FE-003,EC,2025-10-15,826.6,0.0,KG,,EC-D7,301,2025-10
0000005696,FE-004,EC,2025-10-15,103.3,0.0,KG,,EC-D7,301,2025-10
0000005697,FE-001,EC,2025-10-15,13512.5,0.0,KG,,EC-D7,302,2025-10
0000005698,FE-002,EC,2025-10-15,3326.1,0.0,KG,,EC-D7,302,2025-10
0000005699,FE-003,EC,2025-10-15,2494.6,0.0,KG,,EC-D7,302,2025-10
0000005700,FE-004,EC,2025-10-15,311.8,0.0,KG,,EC-D7,302,2025-10
0000005701,FE-001,EC,2025-10-15,16601.7,0.0,KG,,EC-D7,303,2025-10
0000005702,FE-002,EC,2025-10-15,4086.6,0.0,KG,,EC-D7,303,2025-10
0000005703,FE-003,EC,2025-10-15,3064.9,0.0,KG,,EC-D7,303,2025-10
0000005704,FE-004,EC,2025-10-15,383.1,0.0,KG,,EC-D7,303,2025-10
0000005705,FE-001,EC,2025-10-15,12690.7,0.0,KG,,EC-D7,304,2025-10
0000005706,FE-002,EC,2025-10-15,3123.9,0.0,KG,,EC-D7,304,2025-10
0000005707,FE-003,EC,2025-10-15,2342.9,0.0,KG,,EC-D7,304,2025-10
0000005708,FE-004,EC,2025-10-15,292.9,0.0,KG,,EC-D7,304,2025-10
0000005709,FE-001,EC,2025-10-15,11761.6,0.0,KG,,EC-D7,305,2025-10
0000005710,FE-002,EC,2025-10-15,2895.2,0.0,KG,,EC-D7,305,2025-10
0000005711,FE-003,EC,2025-10-15,2171.4,0.0,KG,,EC-D7,305,2025-10
0000005712,FE-004,EC,2025-10-15,271.4,0.0,KG,,EC-D7,305,2025-10
0000005713,FE-001,EC,2025-10-15,10154.2,0.0,KG,,EC-D7,306,2025-10
0000005714,FE-002,EC,2025-10-15,2499.5,0.0,KG,,EC-D7,306,2025-10
0000005715,FE-003,EC,2025-10-15,1874.6,0.0,KG,,EC-D7,306,2025-10
0000005716,FE-004,EC,2025-10-15,234.3,0.0,KG,,EC-D7,306,2025-10
0000005717,FE-001,EC,2025-10-15,4673.9,0.0,KG,,EC-D7,307,2025-10
0000005718,FE-002,EC,2025-10-15,1150.5,0.0,KG,,EC-D7,307,2025-10
0000005719,FE-003,EC,2025-10-15,862.9,0.0,KG,,EC-D7,307,2025-10
0000005720,FE-004,EC,2025-10-15,107.9,0.0,KG,,EC-D7,307,2025-10
0000005721,FE-001,EC,2025-10-15,7160.8,0.0,KG,,EC-D7,308,2025-10
0000005722,FE-002,EC,2025-10-15,1762.7,0.0,KG,,EC-D7,308,2025-10
0000005723,FE-003,EC,2025-10-15,1322.0,0.0,KG,,EC-D7,308,2025-10
0000005724,FE-004,EC,2025-10-15,165.2,0.0,KG,,EC-D7,308,2025-10
0000005725,FE-001,EC,2025-10-15,11269.2,0.0,KG,,EC-D7,309,2025-10
0000005726,FE-002,EC,2025-10-15,2773.9,0.0,KG,,EC-D7,309,2025-10
0000005727,FE-003,EC,2025-10-15,2080.5,0.0,KG,,EC-D7,309,2025-10
0000005728,FE-004,EC,2025-10-15,260.1,0.0,KG,,EC-D7,309,2025-10
0000005729,FE-001,EC,2025-10-15,13848.6,0.0,KG,,EC-D7,310,2025-10
0000005730,FE-002,EC,2025-10-15,3408.9,0.0,KG,,EC-D7,310,2025-10
0000005731,FE-003,EC,2025-10-15,2556.7,0.0,KG,,EC-D7,310,2025-10
0000005732,FE-004,EC,2025-10-15,319.6,0.0,KG,,EC-D7,310,2025-10
0000005733,FE-001,EC,2025-10-15,15792.9,0.0,KG,,EC-D7,311,2025-10
0000005734,FE-002,EC,2025-10-15,3887.5,0.0,KG,,EC-D7,311,2025-10
0000005735,FE-003,EC,2025-10-15,2915.6,0.0,KG,,EC-D7,311,2025-10
0000005736,FE-004,EC,2025-10-15,364.5,0.0,KG,,EC-D7,311,2025-10
0000005737,FE-001,EC,2025-10-15,9795.7,0.0,KG,,EC-D7,328,2025-10
0000005738,FE-002,EC,2025-10-15,2411.2,0.0,KG,,EC-D7,328,2025-10
0000005739,FE-003,EC,2025-10-15,1808.4,0.0,KG,,EC-D7,328,2025-10
0000005740,FE-004,EC,2025-10-15,226.1,0.0,KG,,EC-D7,328,2025-10
0000005741,FE-001,EC,2025-10-15,8221.5,0.0,KG,,EC-D7,329,2025-10
0000005742,FE-002,EC,2025-10-15,2023.8,0.0,KG,,EC-D7,329,2025-10
0000005743,FE-003,EC,2025-10-15,1517.8,0.0,KG,,EC-D7,329,2025-10
0000005744,FE-004,EC,2025-10-15,189.7,0.0,KG,,EC-D7,329,2025-10
0000005745,FE-001,EC,2025-10-15,7628.7,0.0,KG,,EC-D7,330,2025-10
0000005746,FE-002,EC,2025-10-15,1877.8,0.0,KG,,EC-D7,330,2025-10
0000005747,FE-003,EC,2025-10-15,1408.4,0.0,KG,,EC-D7,330,2025-10
0000005748,FE-004,EC,2025-10-15,176.0,0.0,KG,,EC-D7,330,2025-10
0000005749,FE-001,EC,2025-10-15,9789.7,0.0,KG,,EC-D7,331,2025-10
0000005750,FE-002,EC,2025-10-15,2409.8,0.0,KG,,EC-D7,331,2025-10
0000005751,FE-003,EC,2025-10-15,1807.3,0.0,KG,,EC-D7,331,2025-10
0000005752,FE-004,EC,2025-10-15,225.9,0.0,KG,,EC-D7,331,2025-10
0000005753,FE-001,EC,2025-10-15,9908.0,0.0,KG,,EC-D7,332,2025-10
0000005754,FE-002,EC,2025-10-15,2438.9,0.0,KG,,EC-D7,332,2025-10
0000005755,FE-003,EC,2025-10-15,1829.2,0.0,KG,,EC-D7,332,2025-10
0000005756,FE-004,EC,2025-10-15,228.6,0.0,KG,,EC-D7,332,2025-10
0000005757,FE-001,EC,2025-10-15,9358.8,0.0,KG,,EC-D7,333,2025-10
0000005758,FE-002,EC,2025-10-15,2303.7,0.0,KG,,EC-D7,333,2025-10
0000005759,FE-003,EC,2025-10-15,1727.8,0.0,KG,,EC-D7,333,2025-10
0000005760,FE-004,EC,2025-10-15,216.0,0.0,KG,,EC-D7,333,2025-10
0000005761,FE-001,EC,2025-10-15,12320.5,0.0,KG,,EC-D7,334,2025-10
0000005762,FE-002,EC,2025-10-15,3032.7,0.0,KG,,EC-D7,334,2025-10
0000005763,FE-003,EC,2025-10-15,2274.6,0.0,KG,,EC-D7,334,2025-10
0000005764,FE-004,EC,2025-10-15,284.3,0.0,KG,,EC-D7,334,2025-10
0000005765,FE-001,EC,2025-10-15,11751.2,0.0,KG,,EC-D7,335,2025-10
0000005766,FE-002,EC,2025-10-15,2892.6,0.0,KG,,EC-D7,335,2025-10
0000005767,FE-003,EC,2025-10-15,2169.5,0.0,KG,,EC-D7,335,2025-10
0000005768,FE-004,EC,2025-10-15,271.2,0.0,KG,,EC-D7,335,2025-10
0000005769,FE-001,EC,2025-10-15,11362.8,0.0,KG,,EC-D7,336,2025-10
0000005770,FE-002,EC,2025-10-15,2797.0,0.0,KG,,EC-D7,336,2025-10
0000005771,FE-003,EC,2025-10-15,2097.8,0.0,KG,,EC-D7,336,2025-10
0000005772,FE-004,EC,2025-10-15,262.2,0.0,KG,,EC-D7,336,2025-10
0000005773,FE-001,EC,2025-10-15,13012.1,0.0,KG,,EC-D7,337,2025-10
0000005774,FE-002,EC,2025-10-15,3203.0,0.0,KG,,EC-D7,337,2025-10
0000005775,FE-003,EC,2025-10-15,2402.2,0.0,KG,,EC-D7,337,2025-10
0000005776,FE-004,EC,2025-10-15,300.3,0.0,KG,,EC-D7,337,2025-10
0000005777,FE-001,EC,2025-10-15,10777.6,0.0,KG,,EC-D7,338,2025-10
0000005778,FE-002,EC,2025-10-15,2653.0,0.0,KG,,EC-D7,338,2025-10
0000005779,FE-003,EC,2025-10-15,1989.7,0.0,KG,,EC-D7,338,2025-10
0000005780,FE-004,EC,2025-10-15,248.7,0.0,KG,,EC-D7,338,2025-10
0000005781,FE-001,EC,2025-10-15,13678.4,0.0,KG,,EC-D7,339,2025-10
0000005782,FE-002,EC,2025-10-15,3367.0,0.0,KG,,EC-D7,339,2025-10
0000005783,FE-003,EC,2025-10-15,2525.2,0.0,KG,,EC-D7,339,2025-10
0000005784,FE-004,EC,2025-10-15,315.7,0.0,KG,,EC-D7,339,2025-10
0000005785,FE-001,EC,2025-10-15,14068.2,0.0,KG,,EC-D7,340,2025-10
0000005786,FE-002,EC,2025-10-15,3462.9,0.0,KG,,EC-D7,340,2025-10
0000005787,FE-003,EC,2025-10-15,2597.2,0.0,KG,,EC-D7,340,2025-10
0000005788,FE-004,EC,2025-10-15,324.7,0.0,KG,,EC-D7,340,2025-10
0000005789,FE-001,EC,2025-10-15,14010.6,0.0,KG,,EC-D7,341,2025-10
0000005790,FE-002,EC,2025-10-15,3448.8,0.0,KG,,EC-D7,341,2025-10
0000005791,FE-003,EC,2025-10-15,2586.6,0.0,KG,,EC-D7,341,2025-10
0000005792,FE-004,EC,2025-10-15,323.3,0.0,KG,,EC-D7,341,2025-10
0000005793,FE-001,EC,2025-10-15,13886.9,0.0,KG,,EC-D7,342,2025-10
0000005794,FE-002,EC,2025-10-15,3418.3,0.0,KG,,EC-D7,342,2025-10
0000005795,FE-003,EC,2025-10-15,2563.7,0.0,KG,,EC-D7,342,2025-10
0000005796,FE-004,EC,2025-10-15,320.5,0.0,KG,,EC-D7,342,2025-10
0000005797,FE-001,EC,2025-10-15,13018.4,0.0,KG,,EC-D7,343,2025-10
0000005798,FE-002,EC,2025-10-15,3204.5,0.0,KG,,EC-D7,343,2025-10
0000005799,FE-003,EC,2025-10-15,2403.4,0.0,KG,,EC-D7,343,2025-10
0000005800,FE-004,EC,2025-10-15,300.4,0.0,KG,,EC-D7,343,2025-10
0000005801,FE-001,EC,2025-10-15,10271.8,0.0,KG,,EC-D7,344,2025-10
0000005802,FE-002,EC,2025-10-15,2528.4,0.0,KG,,EC-D7,344,2025-10
0000005803,FE-003,EC,2025-10-15,1896.3,0.0,KG,,EC-D7,344,2025-10
0000005804,FE-004,EC,2025-10-15,237.0,0.0,KG,,EC-D7,344,2025-10
0000005805,FE-001,EC,2025-10-15,11349.3,0.0,KG,,EC-D7,345,2025-10
0000005806,FE-002,EC,2025-10-15,2793.7,0.0,KG,,EC-D7,345,2025-10
0000005807,FE-003,EC,2025-10-15,2095.2,0.0,KG,,EC-D7,345,2025-10
0000005808,FE-004,EC,2025-10-15,261.9,0.0,KG,,EC-D7,345,2025-10
0000005809,FE-001,EC,2025-10-15,10704.6,0.0,KG,,EC-D7,346,2025-10
0000005810,FE-002,EC,2025-10-15,2635.0,0.0,KG,,EC-D7,346,2025-10
0000005811,FE-003,EC,2025-10-15,1976.2,0.0,KG,,EC-D7,346,2025-10
0000005812,FE-004,EC,2025-10-15,247.0,0.0,KG,,EC-D7,346,2025-10
0000005813,FE-001,EC,2025-10-15,13200.2,0.0,KG,,EC-D7,347,2025-10
0000005814,FE-002,EC,2025-10-15,3249.3,0.0,KG,,EC-D7,347,2025-10
0000005815,FE-003,EC,2025-10-15,2437.0,0.0,KG,,EC-D7,347,2025-10
0000005816,FE-004,EC,2025-10-15,304.6,0.0,KG,,EC-D7,347,2025-10
0000005817,FE-001,EC,2025-10-15,12820.4,0.0,KG,,EC-D7,348,2025-10
0000005818,FE-002,EC,2025-10-15,3155.8,0.0,KG,,EC-D7,348,2025-10
0000005819,FE-003,EC,2025-10-15,2366.8,0.0,KG,,EC-D7,348,2025-10
0000005820,FE-004,EC,2025-10-15,295.9,0.0,KG,,EC-D7,348,2025-10
