# SYNTHETIC. Upkeep work orders: pruning, circle weeding, path upkeep and spraying, SIMULATED crew by crew and day by day. Each crew takes its most overdue job each morning, plans the day off expected headcount, and does what attendance, real daily rainfall and road condition allowed; the remainder carries to tomorrow. Stands in for EPMS t_workplan / t_work_assignment.
order_id,date,operation,activity,division_code,block_code,crew_code,headcount_plan,headcount_actual,planned_qty,actual_qty,unit,man_days_plan,man_days_actual,status,started,finished,carried_to
WO-2025-0101-U-001,2025-01-01,weed,path_upkeep,1,38,U1-03,16,18,22.87,19.05,ha,16.0,18.0,partial,07:06,13:04,WO-2025-0102-U-002
WO-2025-0101-U-002,2025-01-01,spray,spraying,1,25,S1-01,12,14,29.39,29.39,ha,12.0,14.0,completed,07:01,13:52,
WO-2025-0101-U-003,2025-01-01,weed,path_upkeep,2,42,U2-01,15,16,24.25,20.92,ha,15.0,16.0,partial,06:48,13:07,WO-2025-0102-U-004
WO-2025-0101-U-004,2025-01-01,weed,circle_weeding,2,59,U2-02,15,16,18.0,22.08,ha,15.0,16.0,partial,07:07,14:07,WO-2025-0102-U-005
WO-2025-0101-U-005,2025-01-01,weed,circle_weeding,2,72,U2-03,15,16,16.91,12.38,ha,15.0,16.0,partial,06:54,12:29,WO-2025-0102-U-006
WO-2025-0101-U-006,2025-01-01,spray,spraying,2,55,S2-01,12,13,29.89,26.46,ha,12.0,13.0,partial,07:09,13:36,WO-2025-0102-U-007
WO-2025-0101-U-007,2025-01-01,weed,path_upkeep,3,86,U3-01,14,16,20.58,19.77,ha,14.0,16.0,partial,07:11,14:17,WO-2025-0102-U-008
WO-2025-0101-U-008,2025-01-01,weed,circle_weeding,3,121,U3-04,5,14,4.68,4.68,ha,5.0,14.0,completed,07:02,14:01,
WO-2025-0101-U-009,2025-01-01,spray,spraying,3,115,S3-01,9,14,21.14,21.14,ha,9.0,14.0,completed,06:57,13:46,
WO-2025-0101-U-010,2025-01-01,weed,path_upkeep,4,129,U4-01,14,15,16.8,10.71,ha,14.0,15.0,partial,06:52,11:09,WO-2025-0102-U-011
WO-2025-0101-U-011,2025-01-01,weed,circle_weeding,4,142,U4-02,14,13,16.88,11.31,ha,14.0,13.0,partial,07:02,11:29,WO-2025-0102-U-012
WO-2025-0101-U-012,2025-01-01,weed,circle_weeding,4,144,U4-03,14,15,15.03,12.82,ha,14.0,15.0,partial,07:14,13:32,WO-2025-0102-U-013
WO-2025-0101-U-013,2025-01-01,weed,circle_weeding,4,156,U4-04,14,14,14.48,14.6,ha,14.0,14.0,partial,06:51,14:07,WO-2025-0102-U-014
WO-2025-0101-U-014,2025-01-01,spray,spraying,4,135,S4-01,11,15,27.26,24.57,ha,11.0,15.0,partial,06:55,13:28,WO-2025-0102-U-015
WO-2025-0101-U-015,2025-01-01,weed,path_upkeep,5,179,U5-01,15,16,24.41,23.23,ha,15.0,16.0,partial,06:56,13:52,WO-2025-0102-U-016
WO-2025-0101-U-016,2025-01-01,weed,path_upkeep,5,188,U5-02,15,15,25.47,17.74,ha,15.0,15.0,partial,07:08,12:24,WO-2025-0102-U-017
WO-2025-0101-U-017,2025-01-01,prune,pruning,5,198,U5-03,15,15,990,509,palms,15.0,15.0,partial,06:58,10:29,WO-2025-0102-U-018
WO-2025-0101-U-018,2025-01-01,spray,spraying,5,193,S5-01,12,11,27.74,11.16,ha,12.0,11.0,partial,07:13,09:45,WO-2025-0102-U-019
WO-2025-0101-U-019,2025-01-01,weed,path_upkeep,6,246,U6-02,13,14,20.26,16.21,ha,13.0,14.0,partial,06:54,12:59,WO-2025-0102-U-020
WO-2025-0101-U-020,2025-01-01,weed,circle_weeding,6,258,U6-03,10,16,11.0,11.0,ha,10.0,16.0,completed,06:47,13:44,
WO-2025-0101-U-021,2025-01-01,prune,pruning,6,270,U6-04,14,16,818,678,palms,14.0,16.0,partial,06:54,12:25,WO-2025-0102-U-022
WO-2025-0101-U-022,2025-01-01,spray,spraying,6,210,S6-01,12,15,31.79,26.08,ha,12.0,15.0,partial,07:06,13:06,WO-2025-0102-U-023
WO-2025-0101-U-023,2025-01-01,weed,circle_weeding,7,293,U7-01,12,12,11.93,7.82,ha,12.0,12.0,partial,07:09,11:29,WO-2025-0102-U-024
WO-2025-0101-U-024,2025-01-01,weed,circle_weeding,7,304,U7-02,12,12,12.87,10.37,ha,12.0,12.0,partial,07:05,12:59,WO-2025-0102-U-025
WO-2025-0101-U-025,2025-01-01,weed,path_upkeep,7,329,U7-03,12,13,17.84,17.43,ha,12.0,13.0,partial,07:09,13:56,WO-2025-0102-U-026
WO-2025-0101-U-026,2025-01-01,spray,spraying,7,305,S7-01,11,13,25.7,24.3,ha,11.0,13.0,partial,06:58,13:38,WO-2025-0102-U-027
WO-2025-0102-U-001,2025-01-02,prune,pruning,1,17,U1-02,16,15,988,1018,palms,16.0,15.0,partial,06:49,13:34,WO-2025-0103-U-001
WO-2025-0102-U-002,2025-01-02,weed,path_upkeep,1,38,U1-03,7,17,9.61,9.61,ha,7.0,17.0,completed,06:48,14:11,
WO-2025-0102-U-003,2025-01-02,spray,spraying,1,26,S1-01,12,14,27.78,27.78,ha,12.0,14.0,completed,06:00,14:25,
WO-2025-0102-U-004,2025-01-02,weed,path_upkeep,2,42,U2-01,6,15,8.1,8.1,ha,6.0,15.0,completed,07:14,14:14,
WO-2025-0102-U-005,2025-01-02,weed,circle_weeding,2,59,U2-02,9,14,9.68,9.68,ha,9.0,14.0,completed,06:46,13:33,
WO-2025-0102-U-006,2025-01-02,weed,circle_weeding,2,72,U2-03,14,15,15.57,10.5,ha,14.0,15.0,partial,07:01,12:00,WO-2025-0103-U-005
WO-2025-0102-U-007,2025-01-02,spray,spraying,2,55,S2-01,2,13,3.43,3.43,ha,2.0,13.0,completed,06:49,13:34,
WO-2025-0102-U-008,2025-01-02,weed,path_upkeep,3,86,U3-01,12,12,16.91,14.36,ha,12.0,12.0,partial,06:54,12:34,WO-2025-0103-U-007
WO-2025-0102-U-009,2025-01-02,prune,pruning,3,370,U3-04,6,13,292,292,palms,6.0,13.0,completed,06:57,14:08,
WO-2025-0102-U-010,2025-01-02,spray,spraying,3,98,S3-01,12,14,29.67,21.89,ha,12.0,14.0,partial,06:53,12:29,WO-2025-0103-U-008
WO-2025-0102-U-011,2025-01-02,weed,path_upkeep,4,129,U4-01,11,15,12.11,12.11,ha,11.0,15.0,completed,07:08,14:07,
WO-2025-0102-U-012,2025-01-02,weed,circle_weeding,4,142,U4-02,13,14,14.79,14.79,ha,13.0,14.0,completed,07:02,14:19,
WO-2025-0102-U-013,2025-01-02,weed,circle_weeding,4,144,U4-03,12,15,12.74,10.64,ha,12.0,15.0,partial,07:04,13:03,WO-2025-0103-U-010
WO-2025-0102-U-014,2025-01-02,weed,circle_weeding,4,156,U4-04,8,15,7.31,7.31,ha,8.0,15.0,completed,06:45,13:33,
WO-2025-0102-U-015,2025-01-02,spray,spraying,4,135,S4-01,2,15,2.69,2.69,ha,2.0,15.0,completed,06:57,14:14,
WO-2025-0102-U-016,2025-01-02,weed,path_upkeep,5,179,U5-01,2,15,2.28,2.28,ha,2.0,15.0,completed,06:53,13:49,
WO-2025-0102-U-017,2025-01-02,weed,path_upkeep,5,188,U5-02,8,16,13.22,13.22,ha,8.0,16.0,completed,06:57,13:54,
WO-2025-0102-U-018,2025-01-02,prune,pruning,5,198,U5-03,14,15,898,783,palms,14.0,15.0,partial,07:10,13:13,WO-2025-0103-U-014
WO-2025-0102-U-019,2025-01-02,spray,spraying,5,193,S5-01,8,13,18.02,12.05,ha,8.0,13.0,partial,07:05,11:31,WO-2025-0103-U-015
WO-2025-0102-U-020,2025-01-02,weed,path_upkeep,6,246,U6-02,3,17,4.05,4.05,ha,3.0,17.0,completed,06:56,14:10,
WO-2025-0102-U-021,2025-01-02,weed,path_upkeep,6,256,U6-03,14,16,23.2,27.46,ha,14.0,16.0,partial,06:46,13:54,WO-2025-0103-U-018
WO-2025-0102-U-022,2025-01-02,prune,pruning,6,270,U6-04,14,15,818,561,palms,14.0,15.0,partial,06:58,11:30,WO-2025-0103-U-019
WO-2025-0102-U-023,2025-01-02,spray,spraying,6,210,S6-01,3,14,5.71,5.71,ha,3.0,14.0,completed,06:52,14:13,
WO-2025-0102-U-024,2025-01-02,weed,circle_weeding,7,293,U7-01,12,13,11.93,12.52,ha,12.0,13.0,partial,07:03,14:21,WO-2025-0103-U-021
WO-2025-0102-U-025,2025-01-02,weed,circle_weeding,7,304,U7-02,12,10,12.87,6.97,ha,12.0,10.0,partial,06:53,10:58,WO-2025-0103-U-022
WO-2025-0102-U-026,2025-01-02,weed,path_upkeep,7,329,U7-03,1,13,1.37,1.37,ha,1.0,13.0,completed,06:48,13:47,
WO-2025-0102-U-027,2025-01-02,spray,spraying,7,305,S7-01,1,13,1.4,1.4,ha,1.0,13.0,completed,06:59,13:55,
WO-2025-0103-U-001,2025-01-03,prune,pruning,1,17,U1-02,16,17,988,621,palms,16.0,17.0,partial,06:48,11:01,WO-2025-0104-U-001
WO-2025-0103-U-002,2025-01-03,spray,spraying,1,8,S1-01,13,12,31.62,22.24,ha,13.0,12.0,partial,06:54,11:40,WO-2025-0104-U-003
WO-2025-0103-U-003,2025-01-03,weed,circle_weeding,2,52,U2-01,15,17,17.79,14.36,ha,15.0,17.0,partial,07:09,12:33,WO-2025-0104-U-004
WO-2025-0103-U-004,2025-01-03,prune,pruning,2,65,U2-02,15,17,900,863,palms,15.0,17.0,partial,06:49,13:54,WO-2025-0104-U-005
WO-2025-0103-U-005,2025-01-03,weed,circle_weeding,2,72,U2-03,5,16,5.07,5.07,ha,5.0,16.0,completed,07:04,14:17,
WO-2025-0103-U-006,2025-01-03,spray,spraying,2,74,S2-01,11,11,28.51,28.51,ha,11.0,11.0,completed,06:45,13:40,
WO-2025-0103-U-007,2025-01-03,weed,path_upkeep,3,86,U3-01,2,13,2.55,2.55,ha,2.0,13.0,completed,06:56,13:52,
WO-2025-0103-U-008,2025-01-03,spray,spraying,3,98,S3-01,4,16,7.78,7.78,ha,4.0,16.0,completed,06:00,14:08,
WO-2025-0103-U-009,2025-01-03,prune,pruning,4,137,U4-02,14,15,844,692,palms,14.0,15.0,partial,07:03,12:37,WO-2025-0104-U-013
WO-2025-0103-U-010,2025-01-03,weed,circle_weeding,4,144,U4-03,2,15,2.1,2.1,ha,2.0,15.0,completed,07:01,13:58,
WO-2025-0103-U-011,2025-01-03,spray,spraying,4,140,S4-01,11,15,27.92,27.92,ha,11.0,15.0,completed,07:14,14:31,
WO-2025-0103-U-012,2025-01-03,prune,pruning,5,176,U5-01,15,15,895,777,palms,15.0,15.0,partial,07:10,13:10,WO-2025-0104-U-016
WO-2025-0103-U-013,2025-01-03,weed,path_upkeep,5,185,U5-02,15,15,25.47,20.61,ha,15.0,15.0,partial,07:12,12:35,WO-2025-0104-U-017
WO-2025-0103-U-014,2025-01-03,prune,pruning,5,198,U5-03,2,15,116,116,palms,2.0,15.0,completed,07:05,14:13,
WO-2025-0103-U-015,2025-01-03,spray,spraying,5,193,S5-01,3,12,5.98,5.98,ha,3.0,12.0,completed,06:51,13:34,
WO-2025-0103-U-016,2025-01-03,prune,pruning,6,209,U6-01,14,16,770,529,palms,14.0,16.0,partial,06:51,11:38,WO-2025-0104-U-020
WO-2025-0103-U-017,2025-01-03,weed,path_upkeep,6,222,U6-02,14,16,22.07,18.65,ha,14.0,16.0,partial,07:05,12:57,WO-2025-0104-U-021
WO-2025-0103-U-018,2025-01-03,weed,path_upkeep,6,256,U6-03,2,12,2.0,2.0,ha,2.0,12.0,completed,07:14,14:37,
WO-2025-0103-U-019,2025-01-03,prune,pruning,6,270,U6-04,12,15,665,665,palms,12.0,15.0,completed,07:13,14:10,
WO-2025-0103-U-020,2025-01-03,spray,spraying,6,253,S6-01,8,16,20.27,20.27,ha,8.0,16.0,completed,07:12,14:35,
WO-2025-0103-U-021,2025-01-03,weed,circle_weeding,7,293,U7-01,4,11,3.83,3.83,ha,4.0,11.0,completed,06:51,14:20,
WO-2025-0103-U-022,2025-01-03,weed,circle_weeding,7,304,U7-02,10,12,9.91,7.35,ha,10.0,12.0,partial,06:46,11:45,WO-2025-0104-U-025
WO-2025-0103-U-023,2025-01-03,prune,pruning,7,343,U7-04,12,11,743,407,palms,12.0,11.0,partial,07:10,11:11,WO-2025-0104-U-026
WO-2025-0103-U-024,2025-01-03,spray,spraying,7,328,S7-01,10,13,23.07,23.07,ha,10.0,13.0,completed,07:14,14:09,
WO-2025-0104-U-001,2025-01-04,prune,pruning,1,17,U1-02,16,17,988,885,palms,16.0,17.0,partial,07:03,13:15,WO-2025-0106-U-001
WO-2025-0104-U-002,2025-01-04,weed,path_upkeep,1,35,U1-03,16,16,22.87,20.44,ha,16.0,16.0,partial,06:57,13:23,WO-2025-0106-U-002
WO-2025-0104-U-003,2025-01-04,spray,spraying,1,8,S1-01,4,11,9.38,0.0,ha,4.0,3.3,weathered_off,06:47,08:28,WO-2025-0106-U-003
WO-2025-0104-U-004,2025-01-04,weed,circle_weeding,2,52,U2-01,10,14,11.28,11.28,ha,10.0,14.0,completed,06:58,14:12,
WO-2025-0104-U-005,2025-01-04,prune,pruning,2,65,U2-02,15,17,900,637,palms,15.0,17.0,partial,06:55,11:59,WO-2025-0106-U-005
WO-2025-0104-U-006,2025-01-04,weed,path_upkeep,2,382,U2-03,15,14,23.06,16.06,ha,15.0,14.0,partial,06:56,12:06,WO-2025-0106-U-006
WO-2025-0104-U-007,2025-01-04,spray,spraying,2,57,S2-01,12,12,29.86,0.0,ha,12.0,3.6,weathered_off,07:09,08:13,WO-2025-0106-U-007
WO-2025-0104-U-008,2025-01-04,weed,path_upkeep,3,81,U3-01,6,12,7.45,7.45,ha,6.0,12.0,completed,07:02,14:13,
WO-2025-0104-U-009,2025-01-04,weed,path_upkeep,3,101,U3-03,14,12,22.26,16.87,ha,14.0,12.0,partial,06:53,12:23,WO-2025-0106-U-010
WO-2025-0104-U-010,2025-01-04,prune,pruning,3,117,U3-04,14,13,788,440,palms,14.0,13.0,partial,07:02,11:14,WO-2025-0106-U-011
WO-2025-0104-U-011,2025-01-04,spray,spraying,3,103,S3-01,11,14,25.51,0.0,ha,11.0,4.2,weathered_off,06:56,08:19,WO-2025-0106-U-012
WO-2025-0104-U-012,2025-01-04,prune,pruning,4,131,U4-01,14,15,616,470,palms,14.0,15.0,partial,06:51,12:29,WO-2025-0106-U-013
WO-2025-0104-U-013,2025-01-04,prune,pruning,4,137,U4-02,14,14,844,654,palms,14.0,14.0,partial,06:00,12:50,WO-2025-0106-U-014
WO-2025-0104-U-014,2025-01-04,weed,circle_weeding,4,152,U4-03,14,14,15.03,8.89,ha,14.0,14.0,partial,07:11,11:04,WO-2025-0106-U-015
WO-2025-0104-U-015,2025-01-04,spray,spraying,4,128,S4-01,12,16,30.24,0.0,ha,12.0,4.8,weathered_off,07:03,09:01,WO-2025-0106-U-016
WO-2025-0104-U-016,2025-01-04,prune,pruning,5,176,U5-01,15,15,895,745,palms,15.0,15.0,partial,07:03,13:00,WO-2025-0106-U-017
WO-2025-0104-U-017,2025-01-04,weed,path_upkeep,5,185,U5-02,5,16,6.8,6.8,ha,5.0,16.0,completed,07:01,14:17,
WO-2025-0104-U-018,2025-01-04,weed,path_upkeep,5,202,U5-03,15,14,27.0,13.44,ha,15.0,14.0,partial,07:10,10:29,WO-2025-0106-U-018
WO-2025-0104-U-019,2025-01-04,spray,spraying,5,373,S5-01,2,12,3.42,0.0,ha,2.0,3.6,weathered_off,07:13,09:56,WO-2025-0106-U-019
WO-2025-0104-U-020,2025-01-04,prune,pruning,6,209,U6-01,14,16,770,632,palms,14.0,16.0,partial,07:01,12:39,WO-2025-0106-U-020
WO-2025-0104-U-021,2025-01-04,weed,path_upkeep,6,222,U6-02,6,15,9.29,9.29,ha,6.0,15.0,completed,06:45,14:07,
WO-2025-0104-U-022,2025-01-04,weed,circle_weeding,6,253,U6-03,14,15,17.02,15.24,ha,14.0,15.0,partial,06:54,13:28,WO-2025-0106-U-022
WO-2025-0104-U-023,2025-01-04,prune,pruning,6,265,U6-04,14,14,818,465,palms,14.0,14.0,partial,07:09,11:22,WO-2025-0106-U-023
WO-2025-0104-U-024,2025-01-04,spray,spraying,6,230,S6-01,11,14,27.35,0.0,ha,11.0,4.2,weathered_off,07:01,08:17,WO-2025-0106-U-024
WO-2025-0104-U-025,2025-01-04,weed,circle_weeding,7,304,U7-02,3,11,2.57,2.57,ha,3.0,11.0,completed,07:01,14:31,
WO-2025-0104-U-026,2025-01-04,prune,pruning,7,343,U7-04,12,11,743,625,palms,12.0,11.0,partial,07:12,12:49,WO-2025-0106-U-028
WO-2025-0104-U-027,2025-01-04,spray,spraying,7,345,S7-01,11,16,27.08,0.0,ha,11.0,4.8,weathered_off,06:45,08:35,WO-2025-0106-U-029
WO-2025-0106-U-001,2025-01-06,prune,pruning,1,17,U1-02,15,16,925,925,palms,15.0,16.0,completed,06:46,13:29,
WO-2025-0106-U-002,2025-01-06,weed,path_upkeep,1,35,U1-03,8,17,11.01,11.01,ha,8.0,17.0,completed,06:56,13:49,
WO-2025-0106-U-003,2025-01-06,spray,spraying,1,8,S1-01,4,11,9.38,9.38,ha,4.0,11.0,completed,07:02,14:17,
WO-2025-0106-U-004,2025-01-06,weed,path_upkeep,2,45,U2-01,15,17,24.25,28.5,ha,15.0,17.0,completed,06:48,14:13,
WO-2025-0106-U-005,2025-01-06,prune,pruning,2,65,U2-02,10,17,586,507,palms,10.0,17.0,partial,06:47,13:02,WO-2025-0107-U-005
WO-2025-0106-U-006,2025-01-06,weed,path_upkeep,2,382,U2-03,9,15,12.74,12.74,ha,9.0,15.0,completed,07:13,14:09,
WO-2025-0106-U-007,2025-01-06,spray,spraying,2,57,S2-01,12,12,29.86,23.16,ha,12.0,12.0,partial,06:59,12:28,WO-2025-0107-U-007
WO-2025-0106-U-008,2025-01-06,weed,path_upkeep,3,80,U3-01,9,15,11.89,11.89,ha,9.0,15.0,completed,06:46,14:10,
WO-2025-0106-U-009,2025-01-06,prune,pruning,3,92,U3-02,14,13,763,388,palms,14.0,13.0,partial,07:10,10:39,WO-2025-0107-U-009
WO-2025-0106-U-010,2025-01-06,weed,path_upkeep,3,101,U3-03,14,13,22.26,16.45,ha,14.0,13.0,partial,07:09,12:48,WO-2025-0107-U-010
WO-2025-0106-U-011,2025-01-06,prune,pruning,3,117,U3-04,14,14,788,702,palms,14.0,14.0,partial,07:02,13:25,WO-2025-0107-U-011
WO-2025-0106-U-012,2025-01-06,spray,spraying,3,103,S3-01,11,16,25.51,25.51,ha,11.0,16.0,completed,06:47,13:00,
WO-2025-0106-U-013,2025-01-06,prune,pruning,4,131,U4-01,14,14,616,372,palms,14.0,14.0,partial,07:06,11:31,WO-2025-0107-U-013
WO-2025-0106-U-014,2025-01-06,prune,pruning,4,137,U4-02,14,15,844,781,palms,14.0,15.0,partial,06:50,13:26,WO-2025-0107-U-014
WO-2025-0106-U-015,2025-01-06,weed,circle_weeding,4,152,U4-03,14,14,15.03,9.89,ha,14.0,14.0,partial,06:57,11:36,WO-2025-0107-U-015
WO-2025-0106-U-016,2025-01-06,spray,spraying,4,128,S4-01,12,16,30.24,30.24,ha,12.0,16.0,completed,07:13,13:58,
WO-2025-0106-U-017,2025-01-06,prune,pruning,5,176,U5-01,15,15,895,659,palms,15.0,15.0,partial,07:08,12:46,WO-2025-0107-U-018
WO-2025-0106-U-018,2025-01-06,weed,path_upkeep,5,202,U5-03,10,16,16.65,16.65,ha,10.0,16.0,completed,07:09,14:35,
WO-2025-0106-U-019,2025-01-06,spray,spraying,5,373,S5-01,2,12,3.42,3.42,ha,2.0,12.0,completed,07:07,14:04,
WO-2025-0106-U-020,2025-01-06,prune,pruning,6,209,U6-01,14,16,770,731,palms,14.0,16.0,partial,07:04,13:55,WO-2025-0107-U-021
WO-2025-0106-U-021,2025-01-06,weed,circle_weeding,6,230,U6-02,14,16,16.19,10.76,ha,14.0,16.0,partial,07:01,11:55,WO-2025-0107-U-022
WO-2025-0106-U-022,2025-01-06,weed,circle_weeding,6,253,U6-03,5,16,5.03,5.03,ha,5.0,16.0,completed,06:48,13:47,
WO-2025-0106-U-023,2025-01-06,prune,pruning,6,265,U6-04,14,12,818,476,palms,14.0,12.0,partial,06:50,10:55,WO-2025-0107-U-024
WO-2025-0106-U-024,2025-01-06,spray,spraying,6,230,S6-01,11,16,27.35,24.69,ha,11.0,16.0,partial,07:07,13:39,WO-2025-0107-U-025
WO-2025-0106-U-025,2025-01-06,weed,path_upkeep,7,293,U7-01,12,14,16.27,12.84,ha,12.0,14.0,partial,06:51,12:45,WO-2025-0107-U-026
WO-2025-0106-U-026,2025-01-06,weed,circle_weeding,7,301,U7-02,10,11,10.39,9.26,ha,10.0,11.0,partial,07:11,13:50,WO-2025-0107-U-027
WO-2025-0106-U-027,2025-01-06,weed,circle_weeding,7,330,U7-03,12,13,13.08,12.56,ha,12.0,13.0,partial,07:06,13:35,WO-2025-0107-U-028
WO-2025-0106-U-028,2025-01-06,prune,pruning,7,343,U7-04,12,11,743,444,palms,12.0,11.0,partial,06:53,11:27,WO-2025-0107-U-029
WO-2025-0106-U-029,2025-01-06,spray,spraying,7,345,S7-01,11,14,27.08,27.08,ha,11.0,14.0,completed,06:53,13:37,
WO-2025-0107-U-001,2025-01-07,weed,path_upkeep,1,10,U1-01,16,17,25.8,20.52,ha,16.0,17.0,partial,07:00,12:30,WO-2025-0108-U-001
WO-2025-0107-U-002,2025-01-07,weed,path_upkeep,1,14,U1-02,16,16,26.95,14.9,ha,16.0,16.0,partial,06:55,11:08,WO-2025-0108-U-002
WO-2025-0107-U-003,2025-01-07,spray,spraying,1,35,S1-01,13,13,31.45,22.62,ha,13.0,13.0,partial,06:45,11:58,WO-2025-0108-U-003
WO-2025-0107-U-004,2025-01-07,weed,path_upkeep,2,44,U2-01,15,17,24.25,22.68,ha,15.0,17.0,partial,06:57,13:51,WO-2025-0108-U-004
WO-2025-0107-U-005,2025-01-07,prune,pruning,2,65,U2-02,2,17,79,79,palms,2.0,17.0,completed,07:11,14:21,
WO-2025-0107-U-006,2025-01-07,prune,pruning,2,69,U2-03,15,15,846,502,palms,15.0,15.0,partial,07:01,11:31,WO-2025-0108-U-006
WO-2025-0107-U-007,2025-01-07,spray,spraying,2,57,S2-01,3,12,6.7,6.7,ha,3.0,12.0,completed,07:14,14:05,
WO-2025-0107-U-008,2025-01-07,prune,pruning,3,87,U3-01,14,15,755,671,palms,14.0,15.0,partial,07:08,13:40,WO-2025-0108-U-008
WO-2025-0107-U-009,2025-01-07,prune,pruning,3,92,U3-02,14,13,763,787,palms,14.0,13.0,partial,06:58,13:45,WO-2025-0108-U-009
WO-2025-0107-U-010,2025-01-07,weed,path_upkeep,3,101,U3-03,6,14,8.84,8.84,ha,6.0,14.0,completed,07:15,14:10,
WO-2025-0107-U-011,2025-01-07,prune,pruning,3,117,U3-04,4,15,217,217,palms,4.0,15.0,completed,07:12,14:27,
WO-2025-0107-U-012,2025-01-07,spray,spraying,3,86,S3-01,15,13,36.68,33.5,ha,15.0,13.0,partial,06:57,13:50,WO-2025-0108-U-011
WO-2025-0107-U-013,2025-01-07,prune,pruning,4,131,U4-01,14,14,616,643,palms,14.0,14.0,partial,07:03,13:51,WO-2025-0108-U-012
WO-2025-0107-U-014,2025-01-07,prune,pruning,4,137,U4-02,14,15,844,685,palms,14.0,15.0,partial,06:48,12:55,WO-2025-0108-U-013
WO-2025-0107-U-015,2025-01-07,weed,circle_weeding,4,152,U4-03,11,15,11.6,11.6,ha,11.0,15.0,completed,06:47,13:43,
WO-2025-0107-U-016,2025-01-07,weed,path_upkeep,4,164,U4-04,10,14,13.73,13.73,ha,10.0,14.0,completed,07:07,14:32,
WO-2025-0107-U-017,2025-01-07,spray,spraying,4,123,S4-01,5,15,10.58,10.58,ha,5.0,15.0,completed,06:59,14:09,
WO-2025-0107-U-018,2025-01-07,prune,pruning,5,176,U5-01,15,14,895,821,palms,15.0,14.0,partial,06:00,13:14,WO-2025-0108-U-016
WO-2025-0107-U-019,2025-01-07,weed,path_upkeep,5,195,U5-03,15,15,27.0,23.29,ha,15.0,15.0,partial,06:50,12:51,WO-2025-0108-U-017
WO-2025-0107-U-020,2025-01-07,spray,spraying,5,174,S5-01,5,11,10.64,10.64,ha,5.0,11.0,completed,06:54,14:04,
WO-2025-0107-U-021,2025-01-07,prune,pruning,6,209,U6-01,14,15,770,744,palms,14.0,15.0,partial,06:59,13:33,WO-2025-0108-U-019
WO-2025-0107-U-022,2025-01-07,weed,circle_weeding,6,230,U6-02,14,17,16.19,16.59,ha,14.0,17.0,completed,07:07,14:14,
WO-2025-0107-U-023,2025-01-07,prune,pruning,6,253,U6-03,14,13,851,673,palms,14.0,13.0,partial,06:46,12:30,WO-2025-0108-U-021
WO-2025-0107-U-024,2025-01-07,prune,pruning,6,265,U6-04,14,13,818,594,palms,14.0,13.0,partial,07:04,11:53,WO-2025-0108-U-022
WO-2025-0107-U-025,2025-01-07,spray,spraying,6,230,S6-01,1,15,2.66,2.66,ha,1.0,15.0,completed,07:04,14:29,
WO-2025-0107-U-026,2025-01-07,weed,path_upkeep,7,293,U7-01,9,15,11.33,11.33,ha,9.0,15.0,completed,07:01,14:29,
WO-2025-0107-U-027,2025-01-07,weed,circle_weeding,7,301,U7-02,2,14,1.13,1.13,ha,2.0,14.0,completed,06:55,13:43,
WO-2025-0107-U-028,2025-01-07,weed,circle_weeding,7,330,U7-03,6,13,5.88,5.88,ha,6.0,13.0,completed,07:09,14:09,
WO-2025-0107-U-029,2025-01-07,prune,pruning,7,343,U7-04,12,14,743,845,palms,12.0,14.0,partial,06:54,13:52,WO-2025-0108-U-027
WO-2025-0107-U-030,2025-01-07,spray,spraying,7,331,S7-01,9,15,21.79,17.88,ha,9.0,15.0,partial,07:09,13:01,WO-2025-0108-U-028
WO-2025-0108-U-001,2025-01-08,weed,path_upkeep,1,10,U1-01,6,16,9.19,9.19,ha,6.0,16.0,completed,07:11,14:07,
WO-2025-0108-U-002,2025-01-08,weed,path_upkeep,1,14,U1-02,12,16,19.33,19.33,ha,12.0,16.0,completed,06:58,13:50,
WO-2025-0108-U-003,2025-01-08,spray,spraying,1,35,S1-01,4,13,8.83,0.0,ha,4.0,3.9,weathered_off,07:04,09:24,WO-2025-0109-U-003
WO-2025-0108-U-004,2025-01-08,weed,path_upkeep,2,44,U2-01,3,13,4.66,4.66,ha,3.0,13.0,completed,06:47,13:43,
WO-2025-0108-U-005,2025-01-08,weed,circle_weeding,2,60,U2-02,15,14,18.0,8.72,ha,15.0,14.0,partial,06:47,10:26,WO-2025-0109-U-005
WO-2025-0108-U-006,2025-01-08,prune,pruning,2,69,U2-03,15,15,846,345,palms,15.0,15.0,partial,06:53,09:46,WO-2025-0109-U-006
WO-2025-0108-U-007,2025-01-08,spray,spraying,2,70,S2-01,11,10,28.54,0.0,ha,11.0,3.0,weathered_off,07:02,08:30,WO-2025-0109-U-007
WO-2025-0108-U-008,2025-01-08,prune,pruning,3,87,U3-01,14,13,755,259,palms,14.0,13.0,partial,07:10,09:20,WO-2025-0109-U-008
WO-2025-0108-U-009,2025-01-08,prune,pruning,3,92,U3-02,14,13,763,237,palms,14.0,13.0,partial,06:52,09:24,WO-2025-0109-U-009
WO-2025-0108-U-010,2025-01-08,weed,circle_weeding,3,110,U3-03,14,12,16.32,5.21,ha,14.0,12.0,partial,06:46,09:05,WO-2025-0109-U-010
WO-2025-0108-U-011,2025-01-08,spray,spraying,3,86,S3-01,2,13,3.18,0.0,ha,2.0,3.9,weathered_off,07:15,08:22,WO-2025-0109-U-012
WO-2025-0108-U-012,2025-01-08,prune,pruning,4,131,U4-01,14,14,616,304,palms,14.0,14.0,partial,07:08,10:47,WO-2025-0109-U-013
WO-2025-0108-U-013,2025-01-08,prune,pruning,4,137,U4-02,14,12,844,319,palms,14.0,12.0,partial,06:49,09:29,WO-2025-0109-U-014
WO-2025-0108-U-014,2025-01-08,weed,path_upkeep,4,148,U4-03,14,13,20.5,7.22,ha,14.0,13.0,partial,07:03,09:27,WO-2025-0109-U-015
WO-2025-0108-U-015,2025-01-08,spray,spraying,4,153,S4-01,14,14,34.23,0.0,ha,14.0,4.2,weathered_off,06:59,09:56,WO-2025-0109-U-016
WO-2025-0108-U-016,2025-01-08,prune,pruning,5,176,U5-01,13,12,733,349,palms,13.0,12.0,partial,07:02,10:22,WO-2025-0109-U-017
WO-2025-0108-U-017,2025-01-08,weed,path_upkeep,5,195,U5-03,3,16,5.02,5.02,ha,3.0,16.0,completed,06:54,13:39,
WO-2025-0108-U-018,2025-01-08,spray,spraying,5,182,S5-01,11,11,23.54,0.0,ha,11.0,3.3,weathered_off,07:07,08:23,WO-2025-0109-U-018
WO-2025-0108-U-019,2025-01-08,prune,pruning,6,209,U6-01,14,14,770,429,palms,14.0,14.0,partial,06:45,11:04,WO-2025-0109-U-019
WO-2025-0108-U-020,2025-01-08,weed,path_upkeep,6,247,U6-02,10,14,15.14,8.45,ha,10.0,14.0,partial,07:09,11:29,WO-2025-0109-U-020
WO-2025-0108-U-021,2025-01-08,prune,pruning,6,253,U6-03,14,14,851,582,palms,14.0,14.0,partial,07:10,11:58,WO-2025-0109-U-021
WO-2025-0108-U-022,2025-01-08,prune,pruning,6,265,U6-04,14,14,797,293,palms,14.0,14.0,partial,06:00,09:55,WO-2025-0109-U-022
WO-2025-0108-U-023,2025-01-08,spray,spraying,6,213,S6-01,11,14,28.75,0.0,ha,11.0,4.2,weathered_off,06:00,09:40,WO-2025-0109-U-023
WO-2025-0108-U-024,2025-01-08,weed,path_upkeep,7,296,U7-01,12,12,16.27,8.22,ha,12.0,12.0,partial,07:02,10:48,WO-2025-0109-U-024
WO-2025-0108-U-025,2025-01-08,prune,pruning,7,308,U7-02,12,12,644,245,palms,12.0,12.0,partial,06:52,09:17,WO-2025-0109-U-025
WO-2025-0108-U-026,2025-01-08,weed,path_upkeep,7,311,U7-03,12,11,17.84,10.52,ha,12.0,11.0,partial,06:56,11:07,WO-2025-0109-U-026
WO-2025-0108-U-027,2025-01-08,prune,pruning,7,343,U7-04,12,11,743,347,palms,12.0,11.0,partial,06:45,10:15,WO-2025-0109-U-027
WO-2025-0108-U-028,2025-01-08,spray,spraying,7,331,S7-01,2,12,3.91,0.0,ha,2.0,3.6,weathered_off,06:52,09:17,WO-2025-0109-U-028
WO-2025-0109-U-001,2025-01-09,weed,path_upkeep,1,4,U1-01,9,17,13.46,11.26,ha,9.0,17.0,partial,07:11,13:17,WO-2025-0110-U-001
WO-2025-0109-U-002,2025-01-09,weed,path_upkeep,1,16,U1-02,16,18,26.95,23.64,ha,16.0,18.0,partial,07:12,13:06,WO-2025-0110-U-002
WO-2025-0109-U-003,2025-01-09,spray,spraying,1,35,S1-01,4,12,8.83,8.83,ha,4.0,12.0,completed,07:07,14:03,
WO-2025-0109-U-004,2025-01-09,weed,circle_weeding,2,51,U2-01,15,15,17.79,12.09,ha,15.0,15.0,partial,07:04,12:17,WO-2025-0110-U-005
WO-2025-0109-U-005,2025-01-09,weed,circle_weeding,2,60,U2-02,15,17,18.0,13.89,ha,15.0,17.0,partial,06:54,12:18,WO-2025-0110-U-006
WO-2025-0109-U-006,2025-01-09,prune,pruning,2,69,U2-03,15,15,846,605,palms,15.0,15.0,partial,07:02,12:10,WO-2025-0110-U-007
WO-2025-0109-U-007,2025-01-09,spray,spraying,2,70,S2-01,11,13,28.54,26.41,ha,11.0,13.0,partial,06:54,13:19,WO-2025-0110-U-008
WO-2025-0109-U-008,2025-01-09,prune,pruning,3,87,U3-01,14,12,755,518,palms,14.0,12.0,partial,07:08,11:42,WO-2025-0110-U-009
WO-2025-0109-U-009,2025-01-09,prune,pruning,3,92,U3-02,14,14,763,584,palms,14.0,14.0,partial,06:45,12:13,WO-2025-0110-U-010
WO-2025-0109-U-010,2025-01-09,weed,circle_weeding,3,110,U3-03,14,14,16.32,12.83,ha,14.0,14.0,partial,06:55,12:09,WO-2025-0110-U-011
WO-2025-0109-U-011,2025-01-09,prune,pruning,3,116,U3-04,14,15,788,544,palms,14.0,15.0,partial,07:06,11:59,WO-2025-0110-U-012
WO-2025-0109-U-012,2025-01-09,spray,spraying,3,86,S3-01,2,13,3.18,3.18,ha,2.0,13.0,completed,07:12,14:06,
WO-2025-0109-U-013,2025-01-09,prune,pruning,4,131,U4-01,14,15,616,361,palms,14.0,15.0,partial,06:48,10:56,WO-2025-0110-U-014
WO-2025-0109-U-014,2025-01-09,prune,pruning,4,137,U4-02,14,15,844,782,palms,14.0,15.0,partial,06:53,13:20,WO-2025-0110-U-015
WO-2025-0109-U-015,2025-01-09,weed,path_upkeep,4,148,U4-03,14,15,20.5,19.05,ha,14.0,15.0,partial,06:59,13:24,WO-2025-0110-U-016
WO-2025-0109-U-016,2025-01-09,spray,spraying,4,153,S4-01,14,16,34.23,34.23,ha,14.0,16.0,completed,06:47,13:55,
WO-2025-0109-U-017,2025-01-09,prune,pruning,5,176,U5-01,7,15,384,384,palms,7.0,15.0,completed,07:07,14:24,
WO-2025-0109-U-018,2025-01-09,spray,spraying,5,182,S5-01,11,12,23.54,23.54,ha,11.0,12.0,completed,07:10,14:32,
WO-2025-0109-U-019,2025-01-09,prune,pruning,6,209,U6-01,8,15,400,400,palms,8.0,15.0,completed,07:14,14:26,
WO-2025-0109-U-020,2025-01-09,weed,path_upkeep,6,247,U6-02,5,12,6.69,6.69,ha,5.0,12.0,completed,06:52,13:53,
WO-2025-0109-U-021,2025-01-09,prune,pruning,6,253,U6-03,14,15,851,977,palms,14.0,15.0,partial,07:03,14:11,WO-2025-0110-U-022
WO-2025-0109-U-022,2025-01-09,prune,pruning,6,265,U6-04,9,16,504,504,palms,9.0,16.0,completed,07:10,13:00,
WO-2025-0109-U-023,2025-01-09,spray,spraying,6,213,S6-01,11,17,28.75,28.75,ha,11.0,17.0,completed,07:12,14:02,
WO-2025-0109-U-024,2025-01-09,weed,path_upkeep,7,296,U7-01,12,13,16.27,18.16,ha,12.0,13.0,completed,06:55,14:00,
WO-2025-0109-U-025,2025-01-09,prune,pruning,7,308,U7-02,12,11,644,305,palms,12.0,11.0,partial,07:06,10:18,WO-2025-0110-U-026
WO-2025-0109-U-026,2025-01-09,weed,path_upkeep,7,311,U7-03,12,11,17.84,11.64,ha,12.0,11.0,partial,06:54,11:20,WO-2025-0110-U-027
WO-2025-0109-U-027,2025-01-09,prune,pruning,7,343,U7-04,12,12,743,468,palms,12.0,12.0,partial,07:01,11:45,WO-2025-0110-U-028
WO-2025-0109-U-028,2025-01-09,spray,spraying,7,331,S7-01,2,15,3.91,3.91,ha,2.0,15.0,completed,07:04,14:15,
WO-2025-0110-U-001,2025-01-10,weed,path_upkeep,1,4,U1-01,2,15,2.2,2.2,ha,2.0,15.0,completed,07:08,13:52,
WO-2025-0110-U-002,2025-01-10,weed,path_upkeep,1,16,U1-02,3,17,4.7,4.7,ha,3.0,17.0,completed,07:08,13:55,
WO-2025-0110-U-003,2025-01-10,weed,path_upkeep,1,27,U1-03,16,16,22.87,12.15,ha,16.0,16.0,partial,06:59,10:49,WO-2025-0111-U-002
WO-2025-0110-U-004,2025-01-10,spray,spraying,1,19,S1-01,9,13,20.22,20.22,ha,9.0,13.0,completed,07:06,14:32,
WO-2025-0110-U-005,2025-01-10,weed,circle_weeding,2,51,U2-01,15,14,16.82,9.39,ha,15.0,14.0,partial,07:09,11:30,WO-2025-0111-U-004
WO-2025-0110-U-006,2025-01-10,weed,circle_weeding,2,60,U2-02,7,14,7.97,7.97,ha,7.0,14.0,completed,07:12,14:18,
WO-2025-0110-U-007,2025-01-10,prune,pruning,2,69,U2-03,15,15,846,553,palms,15.0,15.0,partial,07:14,11:44,WO-2025-0111-U-006
WO-2025-0110-U-008,2025-01-10,spray,spraying,2,70,S2-01,1,14,2.13,2.13,ha,1.0,14.0,completed,06:58,14:05,
WO-2025-0110-U-009,2025-01-10,prune,pruning,3,87,U3-01,14,11,755,428,palms,14.0,11.0,partial,06:55,11:03,WO-2025-0111-U-008
WO-2025-0110-U-010,2025-01-10,prune,pruning,3,92,U3-02,14,15,763,423,palms,14.0,15.0,partial,06:58,10:56,WO-2025-0111-U-009
WO-2025-0110-U-011,2025-01-10,weed,circle_weeding,3,110,U3-03,7,12,7.28,7.28,ha,7.0,12.0,completed,06:47,13:38,
WO-2025-0110-U-012,2025-01-10,prune,pruning,3,116,U3-04,14,13,788,449,palms,14.0,13.0,partial,06:50,10:38,WO-2025-0111-U-010
WO-2025-0110-U-013,2025-01-10,spray,spraying,3,112,S3-01,9,15,22.16,22.16,ha,9.0,15.0,completed,06:59,14:05,
WO-2025-0110-U-014,2025-01-10,prune,pruning,4,131,U4-01,14,15,616,417,palms,14.0,15.0,partial,07:07,11:44,WO-2025-0111-U-012
WO-2025-0110-U-015,2025-01-10,prune,pruning,4,137,U4-02,5,15,269,269,palms,5.0,15.0,completed,06:47,13:44,
WO-2025-0110-U-016,2025-01-10,weed,path_upkeep,4,148,U4-03,5,15,6.58,6.58,ha,5.0,15.0,completed,06:55,13:57,
WO-2025-0110-U-017,2025-01-10,weed,path_upkeep,4,165,U4-04,13,12,17.23,11.23,ha,13.0,12.0,partial,07:02,11:32,WO-2025-0111-U-015
WO-2025-0110-U-018,2025-01-10,spray,spraying,4,155,S4-01,5,16,11.8,11.8,ha,5.0,16.0,completed,07:15,14:37,
WO-2025-0110-U-019,2025-01-10,weed,circle_weeding,5,178,U5-01,15,15,17.9,13.37,ha,15.0,15.0,partial,06:51,12:27,WO-2025-0111-U-017
WO-2025-0110-U-020,2025-01-10,spray,spraying,5,176,S5-01,12,12,26.57,19.89,ha,12.0,12.0,partial,07:01,12:26,WO-2025-0111-U-019
WO-2025-0110-U-021,2025-01-10,weed,circle_weeding,6,251,U6-02,14,14,16.19,7.75,ha,14.0,14.0,partial,07:14,10:59,WO-2025-0111-U-021
WO-2025-0110-U-022,2025-01-10,prune,pruning,6,253,U6-03,9,16,538,538,palms,9.0,16.0,completed,07:14,14:17,
WO-2025-0110-U-023,2025-01-10,weed,path_upkeep,6,379,U6-04,14,15,22.3,13.76,ha,14.0,15.0,partial,06:54,11:07,WO-2025-0111-U-023
WO-2025-0110-U-024,2025-01-10,spray,spraying,6,259,S6-01,11,15,29.18,29.18,ha,11.0,15.0,completed,06:48,14:17,
WO-2025-0110-U-025,2025-01-10,prune,pruning,7,297,U7-01,12,11,597,310,palms,12.0,11.0,partial,06:51,10:23,WO-2025-0111-U-025
WO-2025-0110-U-026,2025-01-10,prune,pruning,7,308,U7-02,12,12,644,476,palms,12.0,12.0,partial,07:04,12:11,WO-2025-0111-U-026
WO-2025-0110-U-027,2025-01-10,weed,path_upkeep,7,311,U7-03,9,13,13.05,13.05,ha,9.0,13.0,completed,06:48,14:01,
WO-2025-0110-U-028,2025-01-10,prune,pruning,7,343,U7-04,11,12,627,478,palms,11.0,12.0,partial,07:04,12:31,WO-2025-0111-U-027
WO-2025-0110-U-029,2025-01-10,spray,spraying,7,301,S7-01,5,16,10.39,10.39,ha,5.0,16.0,completed,06:50,14:03,
WO-2025-0111-U-001,2025-01-11,weed,path_upkeep,1,18,U1-02,13,15,21.28,21.28,ha,13.0,15.0,completed,06:46,13:57,
WO-2025-0111-U-002,2025-01-11,weed,path_upkeep,1,27,U1-03,12,16,16.06,16.06,ha,12.0,16.0,completed,06:56,14:05,
WO-2025-0111-U-003,2025-01-11,spray,spraying,1,32,S1-01,11,14,27.46,0.0,ha,11.0,4.2,weathered_off,07:02,09:06,WO-2025-0113-U-003
WO-2025-0111-U-004,2025-01-11,weed,circle_weeding,2,51,U2-01,7,15,7.43,7.43,ha,7.0,15.0,completed,06:56,14:13,
WO-2025-0111-U-005,2025-01-11,prune,pruning,2,60,U2-02,15,16,900,1104,palms,15.0,16.0,partial,06:55,14:20,WO-2025-0113-U-005
WO-2025-0111-U-006,2025-01-11,prune,pruning,2,69,U2-03,15,16,846,693,palms,15.0,16.0,partial,07:10,13:18,WO-2025-0113-U-006
WO-2025-0111-U-007,2025-01-11,spray,spraying,2,72,S2-01,11,13,27.95,0.0,ha,11.0,3.9,weathered_off,06:49,08:06,WO-2025-0113-U-007
WO-2025-0111-U-008,2025-01-11,prune,pruning,3,87,U3-01,14,14,755,449,palms,14.0,14.0,partial,07:15,11:45,WO-2025-0113-U-008
WO-2025-0111-U-009,2025-01-11,prune,pruning,3,92,U3-02,14,15,763,435,palms,14.0,15.0,partial,07:12,11:12,WO-2025-0113-U-009
WO-2025-0111-U-010,2025-01-11,prune,pruning,3,116,U3-04,12,13,656,313,palms,12.0,13.0,partial,07:13,10:35,WO-2025-0113-U-010
WO-2025-0111-U-011,2025-01-11,spray,spraying,3,102,S3-01,11,14,25.47,0.0,ha,11.0,4.2,weathered_off,06:49,08:39,WO-2025-0113-U-011
WO-2025-0111-U-012,2025-01-11,prune,pruning,4,131,U4-01,14,15,616,478,palms,14.0,15.0,partial,06:49,12:02,WO-2025-0113-U-012
WO-2025-0111-U-013,2025-01-11,weed,circle_weeding,4,141,U4-02,14,14,16.88,9.49,ha,14.0,14.0,partial,06:59,10:47,WO-2025-0113-U-013
WO-2025-0111-U-014,2025-01-11,prune,pruning,4,151,U4-03,14,14,752,629,palms,14.0,14.0,partial,07:12,13:21,WO-2025-0113-U-014
WO-2025-0111-U-015,2025-01-11,weed,path_upkeep,4,165,U4-04,5,15,6.0,6.0,ha,5.0,15.0,completed,06:49,13:46,
WO-2025-0111-U-016,2025-01-11,spray,spraying,4,132,S4-01,14,15,34.05,0.0,ha,14.0,4.5,weathered_off,07:14,09:22,WO-2025-0113-U-015
WO-2025-0111-U-017,2025-01-11,weed,circle_weeding,5,178,U5-01,13,16,15.02,11.16,ha,13.0,16.0,partial,06:51,12:32,WO-2025-0113-U-016
WO-2025-0111-U-018,2025-01-11,prune,pruning,5,199,U5-03,15,14,990,595,palms,15.0,14.0,partial,07:13,11:28,WO-2025-0113-U-018
WO-2025-0111-U-019,2025-01-11,spray,spraying,5,176,S5-01,3,12,6.68,0.0,ha,3.0,3.6,weathered_off,06:51,07:51,WO-2025-0113-U-019
WO-2025-0111-U-020,2025-01-11,prune,pruning,6,206,U6-01,14,16,770,729,palms,14.0,16.0,partial,07:03,13:22,WO-2025-0113-U-020
WO-2025-0111-U-021,2025-01-11,weed,circle_weeding,6,251,U6-02,14,14,16.19,11.23,ha,14.0,14.0,partial,06:58,11:36,WO-2025-0113-U-021
WO-2025-0111-U-022,2025-01-11,prune,pruning,6,262,U6-03,14,15,851,628,palms,14.0,15.0,partial,06:57,12:24,WO-2025-0113-U-022
WO-2025-0111-U-023,2025-01-11,weed,path_upkeep,6,379,U6-04,14,15,22.3,13.15,ha,14.0,15.0,partial,07:05,10:59,WO-2025-0113-U-023
WO-2025-0111-U-024,2025-01-11,spray,spraying,6,261,S6-01,8,16,20.23,0.0,ha,8.0,4.8,weathered_off,06:51,08:47,WO-2025-0113-U-024
WO-2025-0111-U-025,2025-01-11,prune,pruning,7,297,U7-01,12,14,597,437,palms,12.0,14.0,partial,07:14,12:12,WO-2025-0113-U-025
WO-2025-0111-U-026,2025-01-11,prune,pruning,7,308,U7-02,12,14,644,671,palms,12.0,14.0,partial,07:09,14:03,WO-2025-0113-U-026
WO-2025-0111-U-027,2025-01-11,prune,pruning,7,343,U7-04,3,14,149,149,palms,3.0,14.0,completed,06:49,13:35,
WO-2025-0111-U-028,2025-01-11,spray,spraying,7,346,S7-01,10,14,24.72,0.0,ha,10.0,4.2,weathered_off,06:49,09:31,WO-2025-0113-U-029
WO-2025-0113-U-001,2025-01-13,prune,pruning,1,14,U1-02,16,17,988,1135,palms,16.0,17.0,partial,06:52,13:43,WO-2025-0114-U-001
WO-2025-0113-U-002,2025-01-13,prune,pruning,1,27,U1-03,16,15,839,904,palms,16.0,15.0,partial,06:54,14:22,WO-2025-0114-U-002
WO-2025-0113-U-003,2025-01-13,spray,spraying,1,32,S1-01,11,12,27.46,27.46,ha,11.0,12.0,completed,07:09,14:38,
WO-2025-0113-U-004,2025-01-13,weed,path_upkeep,2,43,U2-01,15,16,24.25,16.79,ha,15.0,16.0,partial,07:04,11:56,WO-2025-0114-U-004
WO-2025-0113-U-005,2025-01-13,prune,pruning,2,60,U2-02,15,16,900,791,palms,15.0,16.0,partial,07:13,13:38,WO-2025-0114-U-005
WO-2025-0113-U-006,2025-01-13,prune,pruning,2,69,U2-03,15,17,846,810,palms,15.0,17.0,partial,07:12,14:11,WO-2025-0114-U-006
WO-2025-0113-U-007,2025-01-13,spray,spraying,2,72,S2-01,11,11,27.95,27.95,ha,11.0,11.0,completed,06:46,13:57,
WO-2025-0113-U-008,2025-01-13,prune,pruning,3,87,U3-01,14,12,755,377,palms,14.0,12.0,partial,06:54,10:33,WO-2025-0114-U-008
WO-2025-0113-U-009,2025-01-13,prune,pruning,3,92,U3-02,14,13,763,295,palms,14.0,13.0,partial,07:09,09:42,WO-2025-0114-U-009
WO-2025-0113-U-010,2025-01-13,prune,pruning,3,116,U3-04,7,14,344,344,palms,7.0,14.0,completed,06:57,13:56,
WO-2025-0113-U-011,2025-01-13,spray,spraying,3,102,S3-01,11,15,25.47,25.47,ha,11.0,15.0,completed,07:09,14:16,
WO-2025-0113-U-012,2025-01-13,prune,pruning,4,131,U4-01,14,13,616,393,palms,14.0,13.0,partial,06:50,11:03,WO-2025-0114-U-012
WO-2025-0113-U-013,2025-01-13,weed,circle_weeding,4,141,U4-02,14,14,16.88,17.3,ha,14.0,14.0,partial,07:05,13:56,WO-2025-0114-U-013
WO-2025-0113-U-014,2025-01-13,prune,pruning,4,151,U4-03,14,15,752,672,palms,14.0,15.0,partial,06:58,13:15,WO-2025-0114-U-014
WO-2025-0113-U-015,2025-01-13,spray,spraying,4,132,S4-01,14,16,34.05,26.02,ha,14.0,16.0,partial,06:59,12:48,WO-2025-0114-U-015
WO-2025-0113-U-016,2025-01-13,weed,circle_weeding,5,178,U5-01,4,16,3.85,3.85,ha,4.0,16.0,completed,07:04,14:21,
WO-2025-0113-U-017,2025-01-13,prune,pruning,5,180,U5-02,15,15,934,647,palms,15.0,15.0,partial,06:53,11:33,WO-2025-0114-U-017
WO-2025-0113-U-018,2025-01-13,prune,pruning,5,199,U5-03,15,15,990,874,palms,15.0,15.0,partial,06:53,12:55,WO-2025-0114-U-018
WO-2025-0113-U-019,2025-01-13,spray,spraying,5,176,S5-01,3,13,6.68,6.68,ha,3.0,13.0,completed,07:13,14:39,
WO-2025-0113-U-020,2025-01-13,prune,pruning,6,206,U6-01,14,16,770,1012,palms,14.0,16.0,partial,06:56,14:15,WO-2025-0114-U-020
WO-2025-0113-U-021,2025-01-13,weed,circle_weeding,6,251,U6-02,6,14,5.82,5.82,ha,6.0,14.0,completed,06:58,13:41,
WO-2025-0113-U-022,2025-01-13,prune,pruning,6,262,U6-03,14,15,851,711,palms,14.0,15.0,partial,06:55,12:00,WO-2025-0114-U-022
WO-2025-0113-U-023,2025-01-13,weed,path_upkeep,6,379,U6-04,8,15,12.06,12.06,ha,8.0,15.0,completed,06:48,13:54,
WO-2025-0113-U-024,2025-01-13,spray,spraying,6,261,S6-01,8,17,20.23,20.23,ha,8.0,17.0,completed,07:00,13:51,
WO-2025-0113-U-025,2025-01-13,prune,pruning,7,297,U7-01,12,12,597,679,palms,12.0,12.0,partial,07:03,14:32,WO-2025-0114-U-025
WO-2025-0113-U-026,2025-01-13,prune,pruning,7,308,U7-02,9,13,463,463,palms,9.0,13.0,completed,06:49,13:56,
WO-2025-0113-U-027,2025-01-13,weed,path_upkeep,7,332,U7-03,12,12,17.84,9.46,ha,12.0,12.0,partial,07:01,11:10,WO-2025-0114-U-027
WO-2025-0113-U-028,2025-01-13,weed,path_upkeep,7,348,U7-04,12,12,20.27,16.2,ha,12.0,12.0,partial,06:58,12:55,WO-2025-0114-U-028
WO-2025-0113-U-029,2025-01-13,spray,spraying,7,346,S7-01,10,11,24.72,21.98,ha,10.0,11.0,partial,07:09,13:25,WO-2025-0114-U-029
WO-2025-0114-U-001,2025-01-14,prune,pruning,1,14,U1-02,16,17,988,759,palms,16.0,17.0,partial,07:03,12:48,WO-2025-0115-U-001
WO-2025-0114-U-002,2025-01-14,prune,pruning,1,27,U1-03,16,16,839,417,palms,16.0,16.0,partial,06:46,10:25,WO-2025-0115-U-002
WO-2025-0114-U-003,2025-01-14,spray,spraying,1,36,S1-01,12,14,28.82,0.0,ha,12.0,4.2,weathered_off,06:46,08:29,WO-2025-0115-U-003
WO-2025-0114-U-004,2025-01-14,weed,path_upkeep,2,43,U2-01,8,16,12.87,12.87,ha,8.0,16.0,completed,07:05,14:02,
WO-2025-0114-U-005,2025-01-14,prune,pruning,2,60,U2-02,15,16,900,1011,palms,15.0,16.0,partial,06:50,13:50,WO-2025-0115-U-005
WO-2025-0114-U-006,2025-01-14,prune,pruning,2,69,U2-03,7,13,380,380,palms,7.0,13.0,completed,07:13,14:01,
WO-2025-0114-U-007,2025-01-14,spray,spraying,2,45,S2-01,11,11,28.5,0.0,ha,11.0,3.3,weathered_off,06:54,08:09,WO-2025-0115-U-007
WO-2025-0114-U-008,2025-01-14,prune,pruning,3,87,U3-01,14,15,755,641,palms,14.0,15.0,partial,06:47,12:00,WO-2025-0115-U-008
WO-2025-0114-U-009,2025-01-14,prune,pruning,3,92,U3-02,14,14,763,479,palms,14.0,14.0,partial,06:51,11:20,WO-2025-0115-U-009
WO-2025-0114-U-010,2025-01-14,weed,circle_weeding,3,116,U3-04,12,16,12.54,12.54,ha,12.0,16.0,completed,07:09,14:39,
WO-2025-0114-U-011,2025-01-14,spray,spraying,3,104,S3-01,14,16,32.93,0.0,ha,14.0,4.8,weathered_off,07:00,09:51,WO-2025-0115-U-011
WO-2025-0114-U-012,2025-01-14,prune,pruning,4,131,U4-01,14,15,616,609,palms,14.0,15.0,partial,07:02,13:49,WO-2025-0115-U-012
WO-2025-0114-U-013,2025-01-14,weed,circle_weeding,4,141,U4-02,3,15,2.87,2.87,ha,3.0,15.0,completed,06:55,13:44,
WO-2025-0114-U-014,2025-01-14,prune,pruning,4,151,U4-03,14,15,752,470,palms,14.0,15.0,partial,06:52,11:17,WO-2025-0115-U-014
WO-2025-0114-U-015,2025-01-14,spray,spraying,4,132,S4-01,4,16,8.03,0.0,ha,4.0,4.8,weathered_off,06:47,09:27,WO-2025-0115-U-015
WO-2025-0114-U-016,2025-01-14,weed,circle_weeding,5,171,U5-01,15,15,17.9,12.18,ha,15.0,15.0,partial,06:49,12:00,WO-2025-0115-U-016
WO-2025-0114-U-017,2025-01-14,prune,pruning,5,180,U5-02,15,13,934,578,palms,15.0,13.0,partial,06:58,11:43,WO-2025-0115-U-017
WO-2025-0114-U-018,2025-01-14,prune,pruning,5,199,U5-03,15,13,990,786,palms,15.0,13.0,partial,06:59,12:59,WO-2025-0115-U-018
WO-2025-0114-U-019,2025-01-14,spray,spraying,5,185,S5-01,12,12,27.41,0.0,ha,12.0,3.6,weathered_off,07:00,08:15,WO-2025-0115-U-019
WO-2025-0114-U-020,2025-01-14,prune,pruning,6,206,U6-01,14,13,770,512,palms,14.0,13.0,partial,06:52,11:50,WO-2025-0115-U-020
WO-2025-0114-U-021,2025-01-14,prune,pruning,6,249,U6-02,14,14,809,652,palms,14.0,14.0,partial,06:55,13:03,WO-2025-0115-U-021
WO-2025-0114-U-022,2025-01-14,prune,pruning,6,262,U6-03,14,15,851,530,palms,14.0,15.0,partial,06:00,11:43,WO-2025-0115-U-022
WO-2025-0114-U-023,2025-01-14,weed,path_upkeep,6,264,U6-04,8,15,11.92,11.92,ha,8.0,15.0,completed,06:48,14:07,
WO-2025-0114-U-024,2025-01-14,spray,spraying,6,205,S6-01,10,13,25.21,0.0,ha,10.0,3.9,weathered_off,06:48,08:44,WO-2025-0115-U-024
WO-2025-0114-U-025,2025-01-14,prune,pruning,7,297,U7-01,12,13,597,326,palms,12.0,13.0,partial,06:46,10:53,WO-2025-0115-U-025
WO-2025-0114-U-026,2025-01-14,weed,circle_weeding,7,308,U7-02,12,12,12.87,7.56,ha,12.0,12.0,partial,07:12,11:09,WO-2025-0115-U-026
WO-2025-0114-U-027,2025-01-14,weed,path_upkeep,7,332,U7-03,9,13,12.66,12.66,ha,9.0,13.0,completed,06:51,13:51,
WO-2025-0114-U-028,2025-01-14,weed,path_upkeep,7,348,U7-04,9,11,13.89,12.37,ha,9.0,11.0,partial,07:06,13:41,WO-2025-0115-U-027
WO-2025-0114-U-029,2025-01-14,spray,spraying,7,346,S7-01,2,12,2.74,0.0,ha,2.0,3.6,weathered_off,07:11,09:54,WO-2025-0115-U-028
WO-2025-0115-U-001,2025-01-15,prune,pruning,1,14,U1-02,16,17,988,664,palms,16.0,17.0,partial,07:02,11:35,WO-2025-0116-U-001
WO-2025-0115-U-002,2025-01-15,prune,pruning,1,27,U1-03,16,15,839,622,palms,16.0,15.0,partial,06:58,12:07,WO-2025-0116-U-002
WO-2025-0115-U-003,2025-01-15,spray,spraying,1,36,S1-01,12,13,28.82,27.7,ha,12.0,13.0,partial,07:04,13:54,WO-2025-0116-U-003
WO-2025-0115-U-004,2025-01-15,prune,pruning,2,52,U2-01,15,16,889,771,palms,15.0,16.0,partial,07:03,13:24,WO-2025-0116-U-004
WO-2025-0115-U-005,2025-01-15,prune,pruning,2,60,U2-02,15,15,900,601,palms,15.0,15.0,partial,07:06,12:09,WO-2025-0116-U-005
WO-2025-0115-U-006,2025-01-15,prune,pruning,2,66,U2-03,15,16,846,660,palms,15.0,16.0,partial,06:51,12:22,WO-2025-0116-U-006
WO-2025-0115-U-007,2025-01-15,spray,spraying,2,45,S2-01,11,12,28.5,17.74,ha,11.0,12.0,partial,06:59,11:38,WO-2025-0116-U-007
WO-2025-0115-U-008,2025-01-15,prune,pruning,3,87,U3-01,14,14,755,457,palms,14.0,14.0,partial,07:03,11:28,WO-2025-0116-U-008
WO-2025-0115-U-009,2025-01-15,prune,pruning,3,92,U3-02,12,15,605,452,palms,12.0,15.0,partial,07:00,12:31,WO-2025-0116-U-009
WO-2025-0115-U-010,2025-01-15,weed,circle_weeding,3,369,U3-04,3,15,2.98,2.98,ha,3.0,15.0,completed,06:52,14:16,
WO-2025-0115-U-011,2025-01-15,spray,spraying,3,104,S3-01,14,14,32.93,25.97,ha,14.0,14.0,partial,07:12,12:29,WO-2025-0116-U-010
WO-2025-0115-U-012,2025-01-15,prune,pruning,4,131,U4-01,11,15,452,452,palms,11.0,15.0,completed,07:14,14:01,
WO-2025-0115-U-013,2025-01-15,weed,path_upkeep,4,136,U4-02,14,14,23.02,21.48,ha,14.0,14.0,partial,06:53,13:33,WO-2025-0116-U-012
WO-2025-0115-U-014,2025-01-15,prune,pruning,4,151,U4-03,14,15,752,549,palms,14.0,15.0,partial,07:02,12:29,WO-2025-0116-U-013
WO-2025-0115-U-015,2025-01-15,spray,spraying,4,132,S4-01,4,14,8.03,8.03,ha,4.0,14.0,completed,06:50,14:03,
WO-2025-0115-U-016,2025-01-15,weed,circle_weeding,5,171,U5-01,9,16,10.08,10.08,ha,9.0,16.0,completed,06:45,13:47,
WO-2025-0115-U-017,2025-01-15,prune,pruning,5,180,U5-02,15,15,934,542,palms,15.0,15.0,partial,07:08,11:30,WO-2025-0116-U-015
WO-2025-0115-U-018,2025-01-15,prune,pruning,5,199,U5-03,4,13,222,222,palms,4.0,13.0,completed,06:59,13:48,
WO-2025-0115-U-019,2025-01-15,spray,spraying,5,185,S5-01,12,13,27.41,24.95,ha,12.0,13.0,partial,06:55,13:16,WO-2025-0116-U-016
WO-2025-0115-U-020,2025-01-15,prune,pruning,6,206,U6-01,14,14,770,832,palms,14.0,14.0,partial,06:48,13:40,WO-2025-0116-U-017
WO-2025-0115-U-021,2025-01-15,prune,pruning,6,249,U6-02,14,12,809,491,palms,14.0,12.0,partial,07:10,11:17,WO-2025-0116-U-018
WO-2025-0115-U-022,2025-01-15,prune,pruning,6,262,U6-03,14,15,851,733,palms,14.0,15.0,partial,06:55,13:18,WO-2025-0116-U-019
WO-2025-0115-U-023,2025-01-15,prune,pruning,6,272,U6-04,14,13,818,457,palms,14.0,13.0,partial,07:00,10:54,WO-2025-0116-U-020
WO-2025-0115-U-024,2025-01-15,spray,spraying,6,205,S6-01,10,17,25.21,25.21,ha,10.0,17.0,completed,06:57,14:06,
WO-2025-0115-U-025,2025-01-15,prune,pruning,7,297,U7-01,12,13,597,398,palms,12.0,13.0,partial,06:56,11:49,WO-2025-0116-U-022
WO-2025-0115-U-026,2025-01-15,weed,circle_weeding,7,308,U7-02,8,12,8.35,8.35,ha,8.0,12.0,completed,06:56,14:14,
WO-2025-0115-U-027,2025-01-15,weed,path_upkeep,7,348,U7-04,1,12,1.51,1.51,ha,1.0,12.0,completed,07:10,13:54,
WO-2025-0115-U-028,2025-01-15,spray,spraying,7,346,S7-01,2,15,2.74,2.74,ha,2.0,15.0,completed,06:55,13:41,
WO-2025-0116-U-001,2025-01-16,prune,pruning,1,14,U1-02,16,18,988,880,palms,16.0,18.0,partial,07:03,13:33,WO-2025-0117-U-001
WO-2025-0116-U-002,2025-01-16,prune,pruning,1,27,U1-03,16,17,839,741,palms,16.0,17.0,partial,06:47,13:18,WO-2025-0117-U-002
WO-2025-0116-U-003,2025-01-16,spray,spraying,1,36,S1-01,1,12,1.12,1.12,ha,1.0,12.0,completed,06:49,13:44,
WO-2025-0116-U-004,2025-01-16,prune,pruning,2,52,U2-01,15,15,889,713,palms,15.0,15.0,partial,06:53,12:49,WO-2025-0117-U-004
WO-2025-0116-U-005,2025-01-16,prune,pruning,2,60,U2-02,13,15,733,733,palms,13.0,15.0,completed,07:07,14:02,
WO-2025-0116-U-006,2025-01-16,prune,pruning,2,66,U2-03,15,14,846,447,palms,15.0,14.0,partial,07:02,11:11,WO-2025-0117-U-006
WO-2025-0116-U-007,2025-01-16,spray,spraying,2,45,S2-01,5,14,10.76,10.76,ha,5.0,14.0,completed,07:04,14:12,
WO-2025-0116-U-008,2025-01-16,prune,pruning,3,87,U3-01,8,15,413,413,palms,8.0,15.0,completed,06:56,13:46,
WO-2025-0116-U-009,2025-01-16,prune,pruning,3,92,U3-02,3,14,153,153,palms,3.0,14.0,completed,06:54,13:57,
WO-2025-0116-U-010,2025-01-16,spray,spraying,3,104,S3-01,3,16,6.96,6.96,ha,3.0,16.0,completed,07:04,14:29,
WO-2025-0116-U-011,2025-01-16,weed,circle_weeding,4,128,U4-01,14,14,12.32,11.27,ha,14.0,14.0,partial,06:49,13:10,WO-2025-0117-U-011
WO-2025-0116-U-012,2025-01-16,weed,path_upkeep,4,136,U4-02,7,15,10.87,10.87,ha,7.0,15.0,completed,06:45,13:35,
WO-2025-0116-U-013,2025-01-16,prune,pruning,4,151,U4-03,14,14,752,589,palms,14.0,14.0,partial,06:47,11:59,WO-2025-0117-U-013
WO-2025-0116-U-014,2025-01-16,spray,spraying,4,134,S4-01,14,16,35.89,35.89,ha,14.0,16.0,completed,06:00,14:21,
WO-2025-0116-U-015,2025-01-16,prune,pruning,5,180,U5-02,15,14,934,952,palms,15.0,14.0,partial,06:53,13:54,WO-2025-0117-U-016
WO-2025-0116-U-016,2025-01-16,spray,spraying,5,185,S5-01,2,13,2.46,2.46,ha,2.0,13.0,completed,06:59,13:43,
WO-2025-0116-U-017,2025-01-16,prune,pruning,6,206,U6-01,6,16,283,283,palms,6.0,16.0,completed,07:03,14:12,
WO-2025-0116-U-018,2025-01-16,prune,pruning,6,249,U6-02,14,15,809,713,palms,14.0,15.0,partial,06:57,12:51,WO-2025-0117-U-018
WO-2025-0116-U-019,2025-01-16,prune,pruning,6,262,U6-03,14,15,851,818,palms,14.0,15.0,partial,07:06,13:50,WO-2025-0117-U-019
WO-2025-0116-U-020,2025-01-16,prune,pruning,6,272,U6-04,14,15,818,1008,palms,14.0,15.0,partial,07:08,13:50,WO-2025-0117-U-020
WO-2025-0116-U-021,2025-01-16,spray,spraying,6,211,S6-01,11,14,27.69,27.69,ha,11.0,14.0,completed,07:06,13:58,
WO-2025-0116-U-022,2025-01-16,prune,pruning,7,297,U7-01,12,12,597,616,palms,12.0,12.0,partial,07:07,14:36,WO-2025-0117-U-022
WO-2025-0116-U-023,2025-01-16,weed,path_upkeep,7,303,U7-02,12,12,17.55,10.25,ha,12.0,12.0,partial,06:47,11:22,WO-2025-0117-U-023
WO-2025-0116-U-024,2025-01-16,prune,pruning,7,348,U7-04,12,14,743,997,palms,12.0,14.0,partial,07:06,14:31,WO-2025-0117-U-024
WO-2025-0116-U-025,2025-01-16,spray,spraying,7,310,S7-01,13,15,29.86,29.86,ha,13.0,15.0,completed,06:55,14:14,
WO-2025-0117-U-001,2025-01-17,prune,pruning,1,14,U1-02,16,18,988,1323,palms,16.0,18.0,completed,07:03,14:27,
WO-2025-0117-U-002,2025-01-17,prune,pruning,1,27,U1-03,16,16,839,573,palms,16.0,16.0,partial,06:48,11:57,WO-2025-0118-U-003
WO-2025-0117-U-003,2025-01-17,spray,spraying,1,3,S1-01,6,13,13.82,13.82,ha,6.0,13.0,completed,07:11,13:56,
WO-2025-0117-U-004,2025-01-17,prune,pruning,2,52,U2-01,15,17,889,1004,palms,15.0,17.0,partial,06:46,13:55,WO-2025-0118-U-005
WO-2025-0117-U-005,2025-01-17,weed,path_upkeep,2,62,U2-02,14,16,22.61,16.64,ha,14.0,16.0,partial,06:55,12:08,WO-2025-0118-U-006
WO-2025-0117-U-006,2025-01-17,prune,pruning,2,66,U2-03,15,15,846,903,palms,15.0,15.0,partial,07:08,14:20,WO-2025-0118-U-007
WO-2025-0117-U-007,2025-01-17,spray,spraying,2,44,S2-01,11,12,27.34,27.34,ha,11.0,12.0,completed,07:09,14:21,
WO-2025-0117-U-008,2025-01-17,weed,path_upkeep,3,83,U3-01,14,15,20.58,18.59,ha,14.0,15.0,partial,07:08,13:45,WO-2025-0118-U-009
WO-2025-0117-U-009,2025-01-17,weed,circle_weeding,3,96,U3-02,14,12,15.26,8.33,ha,14.0,12.0,partial,07:11,11:23,WO-2025-0118-U-010
WO-2025-0117-U-010,2025-01-17,spray,spraying,3,95,S3-01,12,15,29.95,29.95,ha,12.0,15.0,completed,06:55,14:01,
WO-2025-0117-U-011,2025-01-17,weed,circle_weeding,4,128,U4-01,14,14,12.32,10.82,ha,14.0,14.0,partial,07:13,13:24,WO-2025-0118-U-012
WO-2025-0117-U-012,2025-01-17,weed,path_upkeep,4,139,U4-02,14,15,23.02,17.38,ha,14.0,15.0,partial,07:15,12:22,WO-2025-0118-U-013
WO-2025-0117-U-013,2025-01-17,prune,pruning,4,151,U4-03,14,14,752,793,palms,14.0,14.0,partial,06:46,13:58,WO-2025-0118-U-014
WO-2025-0117-U-014,2025-01-17,spray,spraying,4,127,S4-01,2,15,3.06,3.06,ha,2.0,15.0,completed,06:58,14:19,
WO-2025-0117-U-015,2025-01-17,weed,path_upkeep,5,168,U5-01,15,15,24.41,13.27,ha,15.0,15.0,partial,07:04,10:56,WO-2025-0118-U-016
WO-2025-0117-U-016,2025-01-17,prune,pruning,5,180,U5-02,15,15,934,473,palms,15.0,15.0,partial,07:14,10:43,WO-2025-0118-U-017
WO-2025-0117-U-017,2025-01-17,spray,spraying,5,196,S5-01,12,13,27.74,26.79,ha,12.0,13.0,partial,06:57,13:52,WO-2025-0118-U-019
WO-2025-0117-U-018,2025-01-17,prune,pruning,6,249,U6-02,14,15,809,624,palms,14.0,15.0,partial,07:08,12:28,WO-2025-0118-U-020
WO-2025-0117-U-019,2025-01-17,prune,pruning,6,262,U6-03,4,14,200,200,palms,4.0,14.0,completed,07:02,14:31,
WO-2025-0117-U-020,2025-01-17,prune,pruning,6,272,U6-04,14,13,818,606,palms,14.0,13.0,partial,06:59,12:05,WO-2025-0118-U-022
WO-2025-0117-U-021,2025-01-17,spray,spraying,6,222,S6-01,11,16,27.94,25.52,ha,11.0,16.0,partial,06:47,13:35,WO-2025-0118-U-023
WO-2025-0117-U-022,2025-01-17,prune,pruning,7,297,U7-01,12,13,597,578,palms,12.0,13.0,partial,07:12,13:41,WO-2025-0118-U-024
WO-2025-0117-U-023,2025-01-17,weed,path_upkeep,7,303,U7-02,12,12,17.55,15.14,ha,12.0,12.0,partial,06:47,12:39,WO-2025-0118-U-025
WO-2025-0117-U-024,2025-01-17,prune,pruning,7,348,U7-04,12,14,743,751,palms,12.0,14.0,partial,06:52,14:18,WO-2025-0118-U-026
WO-2025-0117-U-025,2025-01-17,spray,spraying,7,338,S7-01,10,14,23.53,23.53,ha,10.0,14.0,completed,07:03,14:18,
WO-2025-0118-U-001,2025-01-18,weed,path_upkeep,1,13,U1-01,16,18,25.8,23.07,ha,16.0,18.0,partial,06:45,12:43,WO-2025-0120-U-001
WO-2025-0118-U-002,2025-01-18,weed,path_upkeep,1,23,U1-02,16,16,26.95,28.14,ha,16.0,16.0,completed,06:49,14:04,
WO-2025-0118-U-003,2025-01-18,prune,pruning,1,27,U1-03,12,16,628,628,palms,12.0,16.0,completed,07:12,14:25,
WO-2025-0118-U-004,2025-01-18,spray,spraying,1,16,S1-01,12,12,28.34,25.91,ha,12.0,12.0,partial,06:50,13:08,WO-2025-0120-U-004
WO-2025-0118-U-005,2025-01-18,prune,pruning,2,52,U2-01,15,15,889,567,palms,15.0,15.0,partial,06:46,11:06,WO-2025-0120-U-005
WO-2025-0118-U-006,2025-01-18,weed,path_upkeep,2,62,U2-02,4,15,5.97,5.97,ha,4.0,15.0,completed,07:11,14:18,
WO-2025-0118-U-007,2025-01-18,prune,pruning,2,66,U2-03,15,18,846,909,palms,15.0,18.0,partial,06:54,13:59,WO-2025-0120-U-007
WO-2025-0118-U-008,2025-01-18,spray,spraying,2,53,S2-01,11,10,29.12,25.82,ha,11.0,10.0,partial,06:57,13:23,WO-2025-0120-U-008
WO-2025-0118-U-009,2025-01-18,weed,path_upkeep,3,83,U3-01,12,14,17.23,13.74,ha,12.0,14.0,partial,07:12,12:47,WO-2025-0120-U-009
WO-2025-0118-U-010,2025-01-18,weed,circle_weeding,3,96,U3-02,14,11,15.26,9.1,ha,14.0,11.0,partial,06:51,11:07,WO-2025-0120-U-010
WO-2025-0118-U-011,2025-01-18,spray,spraying,3,96,S3-01,14,16,33.41,33.41,ha,14.0,16.0,completed,07:03,13:57,
WO-2025-0118-U-012,2025-01-18,weed,circle_weeding,4,128,U4-01,10,14,8.15,8.15,ha,10.0,14.0,completed,07:11,14:26,
WO-2025-0118-U-013,2025-01-18,weed,path_upkeep,4,139,U4-02,6,14,8.61,8.61,ha,6.0,14.0,completed,07:03,13:51,
WO-2025-0118-U-014,2025-01-18,prune,pruning,4,151,U4-03,12,12,591,424,palms,12.0,12.0,partial,07:08,11:54,WO-2025-0120-U-015
WO-2025-0118-U-015,2025-01-18,spray,spraying,4,138,S4-01,15,15,38.25,33.05,ha,15.0,15.0,partial,06:50,13:11,WO-2025-0120-U-017
WO-2025-0118-U-016,2025-01-18,weed,path_upkeep,5,168,U5-01,15,14,22.97,15.6,ha,15.0,14.0,partial,06:52,11:24,WO-2025-0120-U-018
WO-2025-0118-U-017,2025-01-18,prune,pruning,5,180,U5-02,15,16,877,877,palms,15.0,16.0,completed,06:49,13:50,
WO-2025-0118-U-018,2025-01-18,weed,circle_weeding,5,195,U5-03,15,14,19.8,21.25,ha,15.0,14.0,partial,06:56,14:12,WO-2025-0120-U-020
WO-2025-0118-U-019,2025-01-18,spray,spraying,5,196,S5-01,3,13,5.81,5.81,ha,3.0,13.0,completed,06:58,14:13,
WO-2025-0118-U-020,2025-01-18,prune,pruning,6,249,U6-02,14,13,809,396,palms,14.0,13.0,partial,06:49,10:39,WO-2025-0120-U-022
WO-2025-0118-U-021,2025-01-18,weed,path_upkeep,6,262,U6-03,14,15,23.2,24.77,ha,14.0,15.0,partial,06:52,14:07,WO-2025-0120-U-023
WO-2025-0118-U-022,2025-01-18,prune,pruning,6,272,U6-04,14,15,818,376,palms,14.0,15.0,partial,06:56,10:04,WO-2025-0120-U-024
WO-2025-0118-U-023,2025-01-18,spray,spraying,6,222,S6-01,1,16,2.42,2.42,ha,1.0,16.0,completed,07:12,14:22,
WO-2025-0118-U-024,2025-01-18,prune,pruning,7,297,U7-01,12,11,597,295,palms,12.0,11.0,partial,06:59,10:26,WO-2025-0120-U-026
WO-2025-0118-U-025,2025-01-18,weed,path_upkeep,7,303,U7-02,7,13,9.33,9.33,ha,7.0,13.0,completed,07:13,14:00,
WO-2025-0118-U-026,2025-01-18,prune,pruning,7,348,U7-04,12,12,743,790,palms,12.0,12.0,partial,07:06,14:17,WO-2025-0120-U-028
WO-2025-0118-U-027,2025-01-18,spray,spraying,7,337,S7-01,12,14,27.35,24.74,ha,12.0,14.0,partial,07:08,13:12,WO-2025-0120-U-029
WO-2025-0120-U-001,2025-01-20,weed,path_upkeep,1,13,U1-01,6,14,9.03,9.03,ha,6.0,14.0,completed,07:06,14:15,
WO-2025-0120-U-002,2025-01-20,weed,path_upkeep,1,24,U1-02,15,17,24.51,18.49,ha,15.0,17.0,partial,07:09,12:25,WO-2025-0121-U-002
WO-2025-0120-U-003,2025-01-20,weed,circle_weeding,1,29,U1-03,16,16,16.77,13.77,ha,16.0,16.0,partial,07:12,12:52,WO-2025-0121-U-003
WO-2025-0120-U-004,2025-01-20,spray,spraying,1,16,S1-01,1,14,2.43,2.43,ha,1.0,14.0,completed,06:47,13:59,
WO-2025-0120-U-005,2025-01-20,prune,pruning,2,52,U2-01,8,13,452,452,palms,8.0,13.0,completed,07:02,14:25,
WO-2025-0120-U-006,2025-01-20,weed,path_upkeep,2,63,U2-02,15,13,24.55,14.78,ha,15.0,13.0,partial,07:15,11:42,WO-2025-0121-U-006
WO-2025-0120-U-007,2025-01-20,prune,pruning,2,66,U2-03,15,17,846,965,palms,15.0,17.0,completed,06:56,13:54,
WO-2025-0120-U-008,2025-01-20,spray,spraying,2,53,S2-01,2,11,3.3,3.3,ha,2.0,11.0,completed,06:55,13:46,
WO-2025-0120-U-009,2025-01-20,weed,path_upkeep,3,83,U3-01,3,15,3.49,3.49,ha,3.0,15.0,completed,06:00,13:53,
WO-2025-0120-U-010,2025-01-20,weed,circle_weeding,3,96,U3-02,14,15,15.26,7.02,ha,14.0,15.0,partial,06:56,09:00,WO-2025-0121-U-010
WO-2025-0120-U-011,2025-01-20,prune,pruning,3,101,U3-03,14,13,816,611,palms,14.0,13.0,partial,07:10,12:12,WO-2025-0121-U-011
WO-2025-0120-U-012,2025-01-20,spray,spraying,3,110,S3-01,11,14,25.32,20.55,ha,11.0,14.0,partial,07:15,12:40,WO-2025-0121-U-013
WO-2025-0120-U-013,2025-01-20,weed,path_upkeep,4,128,U4-01,14,13,16.8,10.71,ha,14.0,13.0,partial,07:10,11:51,WO-2025-0121-U-014
WO-2025-0120-U-014,2025-01-20,prune,pruning,4,141,U4-02,14,14,844,971,palms,14.0,14.0,partial,07:00,13:46,WO-2025-0121-U-015
WO-2025-0120-U-015,2025-01-20,prune,pruning,4,151,U4-03,4,15,167,167,palms,4.0,15.0,completed,07:09,13:57,
WO-2025-0120-U-016,2025-01-20,weed,path_upkeep,4,166,U4-04,11,14,15.22,15.22,ha,11.0,14.0,completed,06:54,14:20,
WO-2025-0120-U-017,2025-01-20,spray,spraying,4,138,S4-01,3,15,5.2,5.2,ha,3.0,15.0,completed,06:49,13:40,
WO-2025-0120-U-018,2025-01-20,weed,path_upkeep,5,168,U5-01,5,14,7.37,7.37,ha,5.0,14.0,completed,07:06,14:25,
WO-2025-0120-U-019,2025-01-20,weed,path_upkeep,5,180,U5-02,15,16,25.47,19.46,ha,15.0,16.0,partial,06:56,12:03,WO-2025-0121-U-019
WO-2025-0120-U-020,2025-01-20,weed,circle_weeding,5,195,U5-03,6,13,7.06,7.06,ha,6.0,13.0,completed,06:46,13:51,
WO-2025-0120-U-021,2025-01-20,spray,spraying,5,184,S5-01,9,12,19.18,19.18,ha,9.0,12.0,completed,07:09,14:23,
WO-2025-0120-U-022,2025-01-20,prune,pruning,6,249,U6-02,11,15,611,611,palms,11.0,15.0,completed,06:56,14:14,
WO-2025-0120-U-023,2025-01-20,weed,path_upkeep,6,262,U6-03,2,16,1.74,1.74,ha,2.0,16.0,completed,07:01,14:20,
WO-2025-0120-U-024,2025-01-20,prune,pruning,6,272,U6-04,14,14,818,410,palms,14.0,14.0,partial,06:58,10:12,WO-2025-0121-U-024
WO-2025-0120-U-025,2025-01-20,spray,spraying,6,204,S6-01,13,15,33.94,28.68,ha,13.0,15.0,partial,07:07,13:14,WO-2025-0121-U-025
WO-2025-0120-U-026,2025-01-20,prune,pruning,7,297,U7-01,7,13,306,306,palms,7.0,13.0,completed,06:52,13:59,
WO-2025-0120-U-027,2025-01-20,weed,circle_weeding,7,300,U7-02,12,10,12.87,6.82,ha,12.0,10.0,partial,06:48,10:25,WO-2025-0121-U-027
WO-2025-0120-U-028,2025-01-20,prune,pruning,7,348,U7-04,12,13,743,604,palms,12.0,13.0,partial,07:01,13:11,WO-2025-0121-U-028
WO-2025-0120-U-029,2025-01-20,spray,spraying,7,337,S7-01,2,13,2.61,2.61,ha,2.0,13.0,completed,06:49,13:55,
WO-2025-0121-U-001,2025-01-21,weed,circle_weeding,1,7,U1-01,14,17,16.14,16.14,ha,14.0,17.0,completed,07:01,14:05,
WO-2025-0121-U-002,2025-01-21,weed,path_upkeep,1,24,U1-02,4,16,6.02,6.02,ha,4.0,16.0,completed,06:55,13:46,
WO-2025-0121-U-003,2025-01-21,weed,circle_weeding,1,29,U1-03,15,16,14.83,10.78,ha,15.0,16.0,partial,06:49,12:24,WO-2025-0122-U-003
WO-2025-0121-U-004,2025-01-21,spray,spraying,1,9,S1-01,11,12,25.87,25.87,ha,11.0,12.0,completed,06:56,14:20,
WO-2025-0121-U-005,2025-01-21,weed,circle_weeding,2,40,U2-01,15,16,17.79,15.99,ha,15.0,16.0,partial,06:00,13:21,WO-2025-0122-U-005
WO-2025-0121-U-006,2025-01-21,weed,path_upkeep,2,63,U2-02,11,15,17.47,17.47,ha,11.0,15.0,completed,06:52,13:45,
WO-2025-0121-U-007,2025-01-21,weed,circle_weeding,2,68,U2-03,15,15,16.91,12.41,ha,15.0,15.0,partial,06:57,12:05,WO-2025-0122-U-007
WO-2025-0121-U-008,2025-01-21,spray,spraying,2,60,S2-01,12,12,30.59,20.99,ha,12.0,12.0,partial,07:08,12:03,WO-2025-0122-U-008
WO-2025-0121-U-009,2025-01-21,weed,path_upkeep,3,84,U3-01,14,14,20.58,16.49,ha,14.0,14.0,partial,06:48,12:14,WO-2025-0122-U-009
WO-2025-0121-U-010,2025-01-21,weed,circle_weeding,3,96,U3-02,9,14,8.96,8.96,ha,9.0,14.0,completed,07:01,13:54,
WO-2025-0121-U-011,2025-01-21,prune,pruning,3,101,U3-03,14,15,816,494,palms,14.0,15.0,partial,07:03,11:34,WO-2025-0122-U-011
WO-2025-0121-U-012,2025-01-21,weed,circle_weeding,3,115,U3-04,14,15,15.77,12.72,ha,14.0,15.0,partial,07:07,12:32,WO-2025-0122-U-012
WO-2025-0121-U-013,2025-01-21,spray,spraying,3,110,S3-01,2,14,4.77,4.77,ha,2.0,14.0,completed,06:56,13:52,
WO-2025-0121-U-014,2025-01-21,weed,path_upkeep,4,128,U4-01,14,15,16.8,19.53,ha,14.0,15.0,completed,07:12,14:13,
WO-2025-0121-U-015,2025-01-21,prune,pruning,4,141,U4-02,14,15,844,786,palms,14.0,15.0,partial,06:49,13:17,WO-2025-0122-U-015
WO-2025-0121-U-016,2025-01-21,prune,pruning,4,154,U4-03,5,14,263,263,palms,5.0,14.0,completed,07:15,14:24,
WO-2025-0121-U-017,2025-01-21,spray,spraying,4,143,S4-01,11,15,27.97,23.12,ha,11.0,15.0,partial,07:02,12:43,WO-2025-0122-U-017
WO-2025-0121-U-018,2025-01-21,weed,path_upkeep,5,177,U5-01,15,15,24.41,19.9,ha,15.0,15.0,partial,06:57,13:05,WO-2025-0122-U-018
WO-2025-0121-U-019,2025-01-21,weed,path_upkeep,5,180,U5-02,6,16,9.53,9.53,ha,6.0,16.0,completed,07:11,14:09,
WO-2025-0121-U-020,2025-01-21,prune,pruning,5,200,U5-03,15,15,990,647,palms,15.0,15.0,partial,07:15,11:55,WO-2025-0122-U-020
WO-2025-0121-U-021,2025-01-21,spray,spraying,5,168,S5-01,12,13,27.74,21.5,ha,12.0,13.0,partial,07:07,12:44,WO-2025-0122-U-021
WO-2025-0121-U-022,2025-01-21,weed,path_upkeep,6,250,U6-02,14,12,22.07,12.9,ha,14.0,12.0,partial,06:56,10:50,WO-2025-0122-U-022
WO-2025-0121-U-023,2025-01-21,weed,circle_weeding,6,255,U6-03,14,16,17.02,10.53,ha,14.0,16.0,partial,06:46,10:52,WO-2025-0122-U-023
WO-2025-0121-U-024,2025-01-21,prune,pruning,6,272,U6-04,8,13,430,430,palms,8.0,13.0,completed,06:58,13:56,
WO-2025-0121-U-025,2025-01-21,spray,spraying,6,204,S6-01,2,16,5.26,5.26,ha,2.0,16.0,completed,07:04,14:06,
WO-2025-0121-U-026,2025-01-21,weed,circle_weeding,7,297,U7-01,12,14,11.93,9.46,ha,12.0,14.0,partial,07:13,13:11,WO-2025-0122-U-026
WO-2025-0121-U-027,2025-01-21,weed,circle_weeding,7,300,U7-02,12,11,12.64,8.29,ha,12.0,11.0,partial,07:05,11:32,WO-2025-0122-U-027
WO-2025-0121-U-028,2025-01-21,prune,pruning,7,348,U7-04,12,12,743,615,palms,12.0,12.0,partial,07:15,12:48,WO-2025-0122-U-028
WO-2025-0121-U-029,2025-01-21,spray,spraying,7,348,S7-01,13,13,30.09,13.45,ha,13.0,13.0,partial,07:08,10:08,WO-2025-0122-U-029
WO-2025-0122-U-001,2025-01-22,weed,path_upkeep,1,9,U1-01,16,15,25.8,20.97,ha,16.0,15.0,partial,06:54,12:49,WO-2025-0123-U-001
WO-2025-0122-U-002,2025-01-22,weed,path_upkeep,1,15,U1-02,16,17,26.95,21.68,ha,16.0,17.0,partial,07:13,12:48,WO-2025-0123-U-002
WO-2025-0122-U-003,2025-01-22,weed,circle_weeding,1,29,U1-03,4,19,4.05,4.05,ha,4.0,19.0,completed,07:14,14:29,
WO-2025-0122-U-004,2025-01-22,spray,spraying,1,4,S1-01,6,13,13.46,13.46,ha,6.0,13.0,completed,07:05,14:03,
WO-2025-0122-U-005,2025-01-22,weed,circle_weeding,2,40,U2-01,2,15,2.08,2.08,ha,2.0,15.0,completed,06:50,13:38,
WO-2025-0122-U-006,2025-01-22,weed,path_upkeep,2,59,U2-02,15,15,24.55,18.62,ha,15.0,15.0,partial,07:15,12:32,WO-2025-0123-U-006
WO-2025-0122-U-007,2025-01-22,weed,circle_weeding,2,68,U2-03,7,15,6.84,6.84,ha,7.0,15.0,completed,06:52,14:20,
WO-2025-0122-U-008,2025-01-22,spray,spraying,2,60,S2-01,4,14,9.6,9.6,ha,4.0,14.0,completed,06:54,14:08,
WO-2025-0122-U-009,2025-01-22,weed,path_upkeep,3,84,U3-01,11,15,15.96,13.81,ha,11.0,15.0,partial,07:02,13:13,WO-2025-0123-U-009
WO-2025-0122-U-010,2025-01-22,weed,circle_weeding,3,97,U3-02,14,15,15.26,14.27,ha,14.0,15.0,partial,06:47,13:26,WO-2025-0123-U-010
WO-2025-0122-U-011,2025-01-22,prune,pruning,3,101,U3-03,14,16,816,477,palms,14.0,16.0,partial,06:46,10:53,WO-2025-0123-U-011
WO-2025-0122-U-012,2025-01-22,weed,circle_weeding,3,115,U3-04,8,15,8.42,8.42,ha,8.0,15.0,completed,07:09,14:17,
WO-2025-0122-U-013,2025-01-22,spray,spraying,3,81,S3-01,3,15,7.45,7.45,ha,3.0,15.0,completed,06:49,13:44,
WO-2025-0122-U-014,2025-01-22,prune,pruning,4,122,U4-01,14,13,616,305,palms,14.0,13.0,partial,06:46,10:38,WO-2025-0123-U-013
WO-2025-0122-U-015,2025-01-22,prune,pruning,4,141,U4-02,14,15,844,539,palms,14.0,15.0,partial,07:08,11:54,WO-2025-0123-U-014
WO-2025-0122-U-016,2025-01-22,weed,path_upkeep,4,146,U4-03,14,15,20.5,20.56,ha,14.0,15.0,partial,06:57,14:05,WO-2025-0123-U-015
WO-2025-0122-U-017,2025-01-22,spray,spraying,4,143,S4-01,2,16,4.85,4.85,ha,2.0,16.0,completed,06:59,14:06,
WO-2025-0122-U-018,2025-01-22,weed,path_upkeep,5,177,U5-01,6,16,9.1,9.1,ha,6.0,16.0,completed,07:13,14:24,
WO-2025-0122-U-019,2025-01-22,weed,path_upkeep,5,184,U5-02,12,15,19.18,13.07,ha,12.0,15.0,partial,07:01,11:43,WO-2025-0123-U-018
WO-2025-0122-U-020,2025-01-22,prune,pruning,5,200,U5-03,15,16,990,675,palms,15.0,16.0,partial,06:59,11:45,WO-2025-0123-U-019
WO-2025-0122-U-021,2025-01-22,spray,spraying,5,168,S5-01,7,11,14.74,14.74,ha,7.0,11.0,completed,06:00,13:45,
WO-2025-0122-U-022,2025-01-22,weed,path_upkeep,6,250,U6-02,9,12,13.18,13.18,ha,9.0,12.0,completed,06:50,13:36,
WO-2025-0122-U-023,2025-01-22,weed,circle_weeding,6,255,U6-03,14,16,17.02,13.59,ha,14.0,16.0,partial,07:11,12:33,WO-2025-0123-U-023
WO-2025-0122-U-024,2025-01-22,weed,circle_weeding,6,272,U6-04,14,16,16.35,11.3,ha,14.0,16.0,partial,07:00,11:47,WO-2025-0123-U-024
WO-2025-0122-U-025,2025-01-22,spray,spraying,6,270,S6-01,6,17,14.17,14.17,ha,6.0,17.0,completed,06:47,13:36,
WO-2025-0122-U-026,2025-01-22,weed,circle_weeding,7,297,U7-01,12,12,11.93,10.3,ha,12.0,12.0,partial,07:13,13:35,WO-2025-0123-U-026
WO-2025-0122-U-027,2025-01-22,weed,circle_weeding,7,300,U7-02,5,11,4.35,4.35,ha,5.0,11.0,completed,06:52,14:05,
WO-2025-0122-U-028,2025-01-22,prune,pruning,7,348,U7-04,6,11,328,328,palms,6.0,11.0,completed,07:01,14:04,
WO-2025-0122-U-029,2025-01-22,spray,spraying,7,348,S7-01,7,15,16.64,16.64,ha,7.0,15.0,completed,06:00,13:49,
WO-2025-0123-U-001,2025-01-23,weed,path_upkeep,1,9,U1-01,4,16,4.9,4.9,ha,4.0,16.0,completed,06:53,13:58,
WO-2025-0123-U-002,2025-01-23,weed,path_upkeep,1,15,U1-02,8,15,12.32,12.32,ha,8.0,15.0,completed,06:58,14:27,
WO-2025-0123-U-003,2025-01-23,weed,path_upkeep,1,31,U1-03,16,16,22.87,25.1,ha,16.0,16.0,partial,06:51,14:08,WO-2025-0124-U-003
WO-2025-0123-U-004,2025-01-23,spray,spraying,1,33,S1-01,12,13,29.94,27.73,ha,12.0,13.0,partial,07:05,13:39,WO-2025-0124-U-004
WO-2025-0123-U-005,2025-01-23,weed,circle_weeding,2,41,U2-01,15,14,17.79,10.76,ha,15.0,14.0,partial,07:12,11:22,WO-2025-0124-U-005
WO-2025-0123-U-006,2025-01-23,weed,path_upkeep,2,59,U2-02,9,15,13.14,13.14,ha,9.0,15.0,completed,06:51,14:10,
WO-2025-0123-U-007,2025-01-23,prune,pruning,2,68,U2-03,15,15,846,535,palms,15.0,15.0,partial,07:15,11:36,WO-2025-0124-U-007
WO-2025-0123-U-008,2025-01-23,spray,spraying,2,59,S2-01,12,12,31.76,18.14,ha,12.0,12.0,partial,06:48,11:08,WO-2025-0124-U-008
WO-2025-0123-U-009,2025-01-23,weed,path_upkeep,3,84,U3-01,2,14,2.15,2.15,ha,2.0,14.0,completed,06:58,14:00,
WO-2025-0123-U-010,2025-01-23,weed,circle_weeding,3,97,U3-02,8,15,7.76,7.76,ha,8.0,15.0,completed,06:53,14:03,
WO-2025-0123-U-011,2025-01-23,prune,pruning,3,101,U3-03,14,15,816,743,palms,14.0,15.0,partial,07:04,13:55,WO-2025-0124-U-011
WO-2025-0123-U-012,2025-01-23,spray,spraying,3,108,S3-01,15,15,37.63,20.61,ha,15.0,15.0,partial,06:54,10:36,WO-2025-0124-U-013
WO-2025-0123-U-013,2025-01-23,prune,pruning,4,122,U4-01,14,14,616,362,palms,14.0,14.0,partial,07:11,11:41,WO-2025-0124-U-014
WO-2025-0123-U-014,2025-01-23,prune,pruning,4,141,U4-02,14,15,844,564,palms,14.0,15.0,partial,06:48,11:24,WO-2025-0124-U-015
WO-2025-0123-U-015,2025-01-23,weed,path_upkeep,4,146,U4-03,6,14,8.03,8.03,ha,6.0,14.0,completed,06:57,13:58,
WO-2025-0123-U-016,2025-01-23,spray,spraying,4,157,S4-01,13,15,33.39,23.24,ha,13.0,15.0,partial,07:12,12:26,WO-2025-0124-U-018
WO-2025-0123-U-017,2025-01-23,prune,pruning,5,170,U5-01,15,15,895,509,palms,15.0,15.0,partial,07:10,11:24,WO-2025-0124-U-019
WO-2025-0123-U-018,2025-01-23,weed,path_upkeep,5,184,U5-02,4,16,6.11,6.11,ha,4.0,16.0,completed,07:04,14:19,
WO-2025-0123-U-019,2025-01-23,prune,pruning,5,200,U5-03,15,15,990,602,palms,15.0,15.0,partial,06:57,11:04,WO-2025-0124-U-021
WO-2025-0123-U-020,2025-01-23,spray,spraying,5,190,S5-01,12,13,27.74,19.23,ha,12.0,13.0,partial,07:03,12:16,WO-2025-0124-U-022
WO-2025-0123-U-021,2025-01-23,prune,pruning,6,211,U6-01,14,17,770,405,palms,14.0,17.0,partial,07:02,11:04,WO-2025-0124-U-023
WO-2025-0123-U-022,2025-01-23,weed,path_upkeep,6,215,U6-02,14,15,22.07,20.25,ha,14.0,15.0,partial,06:58,13:38,WO-2025-0124-U-024
WO-2025-0123-U-023,2025-01-23,weed,circle_weeding,6,255,U6-03,4,15,4.33,4.33,ha,4.0,15.0,completed,07:00,14:23,
WO-2025-0123-U-024,2025-01-23,weed,circle_weeding,6,272,U6-04,12,13,13.05,9.57,ha,12.0,13.0,partial,06:52,11:42,WO-2025-0124-U-025
WO-2025-0123-U-025,2025-01-23,spray,spraying,6,269,S6-01,8,17,20.11,20.11,ha,8.0,17.0,completed,06:58,14:12,
WO-2025-0123-U-026,2025-01-23,weed,circle_weeding,7,297,U7-01,9,12,8.49,6.55,ha,9.0,12.0,partial,06:57,12:05,WO-2025-0124-U-027
WO-2025-0123-U-027,2025-01-23,weed,path_upkeep,7,306,U7-02,12,12,17.55,15.68,ha,12.0,12.0,partial,07:08,13:33,WO-2025-0124-U-028
WO-2025-0123-U-028,2025-01-23,weed,circle_weeding,7,345,U7-04,12,12,14.86,7.87,ha,12.0,12.0,partial,07:06,11:07,WO-2025-0124-U-029
WO-2025-0123-U-029,2025-01-23,spray,spraying,7,304,S7-01,11,15,27.25,22.18,ha,11.0,15.0,partial,06:59,12:56,WO-2025-0124-U-030
WO-2025-0124-U-001,2025-01-24,weed,circle_weeding,1,1,U1-01,6,15,6.4,6.4,ha,6.0,15.0,completed,06:56,13:55,
WO-2025-0124-U-002,2025-01-24,weed,path_upkeep,1,20,U1-02,12,15,19.93,19.3,ha,12.0,15.0,partial,07:11,13:50,WO-2025-0125-U-002
WO-2025-0124-U-003,2025-01-24,weed,path_upkeep,1,31,U1-03,3,14,2.89,2.89,ha,3.0,14.0,completed,07:05,13:51,
WO-2025-0124-U-004,2025-01-24,spray,spraying,1,33,S1-01,1,12,2.21,0.0,ha,1.0,3.6,weathered_off,06:49,09:15,WO-2025-0125-U-004
WO-2025-0124-U-005,2025-01-24,weed,circle_weeding,2,41,U2-01,13,15,14.76,9.84,ha,13.0,15.0,partial,07:11,12:19,WO-2025-0125-U-005
WO-2025-0124-U-006,2025-01-24,weed,path_upkeep,2,57,U2-02,15,15,24.55,15.78,ha,15.0,15.0,partial,06:53,11:47,WO-2025-0125-U-006
WO-2025-0124-U-007,2025-01-24,prune,pruning,2,68,U2-03,15,15,846,530,palms,15.0,15.0,partial,06:50,10:00,WO-2025-0125-U-007
WO-2025-0124-U-008,2025-01-24,spray,spraying,2,59,S2-01,6,10,13.62,0.0,ha,6.0,3.0,weathered_off,07:08,08:59,WO-2025-0125-U-008
WO-2025-0124-U-009,2025-01-24,weed,path_upkeep,3,87,U3-01,14,13,20.58,7.7,ha,14.0,13.0,partial,06:58,09:24,WO-2025-0125-U-009
WO-2025-0124-U-010,2025-01-24,weed,path_upkeep,3,99,U3-02,10,14,14.15,10.26,ha,10.0,14.0,partial,07:11,12:20,WO-2025-0125-U-010
WO-2025-0124-U-011,2025-01-24,prune,pruning,3,101,U3-03,14,10,816,175,palms,14.0,10.0,partial,07:07,08:37,WO-2025-0125-U-011
WO-2025-0124-U-012,2025-01-24,weed,circle_weeding,3,118,U3-04,10,13,11.04,9.85,ha,10.0,13.0,partial,07:02,13:45,WO-2025-0125-U-012
WO-2025-0124-U-013,2025-01-24,spray,spraying,3,108,S3-01,8,14,18.16,0.0,ha,8.0,4.2,weathered_off,06:45,08:00,WO-2025-0125-U-013
WO-2025-0124-U-014,2025-01-24,prune,pruning,4,122,U4-01,14,13,616,208,palms,14.0,13.0,partial,07:01,09:43,WO-2025-0125-U-014
WO-2025-0124-U-015,2025-01-24,prune,pruning,4,141,U4-02,14,11,844,232,palms,14.0,11.0,partial,06:59,08:40,WO-2025-0125-U-015
WO-2025-0124-U-016,2025-01-24,weed,path_upkeep,4,152,U4-03,14,14,20.5,14.59,ha,14.0,14.0,partial,07:08,12:16,WO-2025-0125-U-016
WO-2025-0124-U-017,2025-01-24,prune,pruning,4,164,U4-04,14,13,724,302,palms,14.0,13.0,partial,07:04,09:47,WO-2025-0125-U-017
WO-2025-0124-U-018,2025-01-24,spray,spraying,4,157,S4-01,4,13,10.15,0.0,ha,4.0,3.9,weathered_off,06:57,08:22,WO-2025-0125-U-018
WO-2025-0124-U-019,2025-01-24,prune,pruning,5,170,U5-01,15,14,895,275,palms,15.0,14.0,partial,06:49,09:07,WO-2025-0125-U-019
WO-2025-0124-U-020,2025-01-24,weed,path_upkeep,5,192,U5-02,7,13,11.84,11.84,ha,7.0,13.0,completed,06:57,13:52,
WO-2025-0124-U-021,2025-01-24,prune,pruning,5,200,U5-03,15,12,964,491,palms,15.0,12.0,partial,06:50,10:51,WO-2025-0125-U-021
WO-2025-0124-U-022,2025-01-24,spray,spraying,5,190,S5-01,5,11,9.62,0.0,ha,5.0,3.3,weathered_off,06:53,09:32,WO-2025-0125-U-022
WO-2025-0124-U-023,2025-01-24,prune,pruning,6,211,U6-01,14,12,770,322,palms,14.0,12.0,partial,07:00,10:12,WO-2025-0125-U-023
WO-2025-0124-U-024,2025-01-24,weed,path_upkeep,6,215,U6-02,6,14,8.84,8.84,ha,6.0,14.0,completed,06:57,13:39,
WO-2025-0124-U-025,2025-01-24,weed,circle_weeding,6,272,U6-04,3,14,3.48,3.48,ha,3.0,14.0,completed,06:57,14:12,
WO-2025-0124-U-026,2025-01-24,spray,spraying,6,212,S6-01,11,16,27.63,0.0,ha,11.0,4.8,weathered_off,06:45,09:35,WO-2025-0125-U-027
WO-2025-0124-U-027,2025-01-24,weed,circle_weeding,7,297,U7-01,2,11,1.94,1.94,ha,2.0,11.0,completed,06:50,13:55,
WO-2025-0124-U-028,2025-01-24,weed,path_upkeep,7,306,U7-02,5,12,7.06,7.06,ha,5.0,12.0,completed,06:59,13:59,
WO-2025-0124-U-029,2025-01-24,weed,circle_weeding,7,345,U7-04,12,11,14.86,7.92,ha,12.0,11.0,partial,07:10,10:51,WO-2025-0125-U-031
WO-2025-0124-U-030,2025-01-24,spray,spraying,7,304,S7-01,3,12,5.07,0.0,ha,3.0,3.6,weathered_off,07:01,09:50,WO-2025-0125-U-032
WO-2025-0125-U-001,2025-01-25,weed,path_upkeep,1,7,U1-01,11,15,16.14,16.14,ha,11.0,15.0,completed,06:50,13:52,
WO-2025-0125-U-002,2025-01-25,weed,path_upkeep,1,20,U1-02,1,14,0.63,0.63,ha,1.0,14.0,completed,07:15,14:28,
WO-2025-0125-U-003,2025-01-25,weed,path_upkeep,1,37,U1-03,16,15,22.87,17.08,ha,16.0,15.0,partial,07:14,12:19,WO-2025-0127-U-003
WO-2025-0125-U-004,2025-01-25,spray,spraying,1,33,S1-01,1,12,2.21,2.21,ha,1.0,12.0,completed,07:02,14:16,
WO-2025-0125-U-005,2025-01-25,weed,circle_weeding,2,41,U2-01,5,15,4.92,4.92,ha,5.0,15.0,completed,07:01,14:24,
WO-2025-0125-U-006,2025-01-25,weed,path_upkeep,2,57,U2-02,9,14,14.08,14.08,ha,9.0,14.0,completed,07:01,14:20,
WO-2025-0125-U-007,2025-01-25,prune,pruning,2,68,U2-03,15,16,846,632,palms,15.0,16.0,partial,07:13,12:09,WO-2025-0127-U-007
WO-2025-0125-U-008,2025-01-25,spray,spraying,2,59,S2-01,6,13,13.62,13.62,ha,6.0,13.0,completed,07:14,14:00,
WO-2025-0125-U-009,2025-01-25,weed,path_upkeep,3,87,U3-01,14,15,20.58,18.41,ha,14.0,15.0,partial,07:09,13:39,WO-2025-0127-U-009
WO-2025-0125-U-010,2025-01-25,weed,path_upkeep,3,99,U3-02,3,14,3.89,3.89,ha,3.0,14.0,completed,07:14,14:30,
WO-2025-0125-U-011,2025-01-25,prune,pruning,3,101,U3-03,14,13,816,411,palms,14.0,13.0,partial,06:52,10:53,WO-2025-0127-U-011
WO-2025-0125-U-012,2025-01-25,weed,circle_weeding,3,118,U3-04,2,14,1.19,1.19,ha,2.0,14.0,completed,07:01,14:06,
WO-2025-0125-U-013,2025-01-25,spray,spraying,3,108,S3-01,8,15,18.16,18.16,ha,8.0,15.0,completed,06:47,14:04,
WO-2025-0125-U-014,2025-01-25,prune,pruning,4,122,U4-01,14,14,616,627,palms,14.0,14.0,partial,06:57,13:59,WO-2025-0127-U-014
WO-2025-0125-U-015,2025-01-25,prune,pruning,4,141,U4-02,14,14,844,1036,palms,14.0,14.0,completed,06:51,13:44,
WO-2025-0125-U-016,2025-01-25,weed,path_upkeep,4,152,U4-03,11,15,15.79,15.79,ha,11.0,15.0,completed,06:59,14:13,
WO-2025-0125-U-017,2025-01-25,prune,pruning,4,164,U4-04,14,15,724,756,palms,14.0,15.0,partial,06:51,13:49,WO-2025-0127-U-017
WO-2025-0125-U-018,2025-01-25,spray,spraying,4,157,S4-01,4,15,10.15,10.15,ha,4.0,15.0,completed,07:04,13:51,
WO-2025-0125-U-019,2025-01-25,prune,pruning,5,170,U5-01,15,16,895,549,palms,15.0,16.0,partial,06:45,10:47,WO-2025-0127-U-019
WO-2025-0125-U-020,2025-01-25,weed,circle_weeding,5,181,U5-02,15,15,18.68,15.11,ha,15.0,15.0,partial,07:03,12:57,WO-2025-0127-U-020
WO-2025-0125-U-021,2025-01-25,prune,pruning,5,200,U5-03,8,14,473,473,palms,8.0,14.0,completed,06:57,13:43,
WO-2025-0125-U-022,2025-01-25,spray,spraying,5,190,S5-01,5,12,9.62,9.62,ha,5.0,12.0,completed,07:13,13:56,
WO-2025-0125-U-023,2025-01-25,prune,pruning,6,211,U6-01,14,15,770,531,palms,14.0,15.0,partial,07:01,11:47,WO-2025-0127-U-023
WO-2025-0125-U-024,2025-01-25,prune,pruning,6,223,U6-02,14,13,809,585,palms,14.0,13.0,partial,07:09,11:55,WO-2025-0127-U-024
WO-2025-0125-U-025,2025-01-25,weed,circle_weeding,6,256,U6-03,14,14,17.02,9.3,ha,14.0,14.0,partial,06:46,10:40,WO-2025-0127-U-025
WO-2025-0125-U-026,2025-01-25,prune,pruning,6,266,U6-04,14,13,818,873,palms,14.0,13.0,partial,06:59,13:56,WO-2025-0127-U-026
WO-2025-0125-U-027,2025-01-25,spray,spraying,6,212,S6-01,11,16,27.63,27.63,ha,11.0,16.0,completed,06:54,14:21,
WO-2025-0125-U-028,2025-01-25,weed,path_upkeep,7,297,U7-01,12,12,16.27,7.15,ha,12.0,12.0,partial,06:46,10:17,WO-2025-0127-U-028
WO-2025-0125-U-029,2025-01-25,prune,pruning,7,310,U7-02,12,12,644,448,palms,12.0,12.0,partial,06:57,12:18,WO-2025-0127-U-029
WO-2025-0125-U-030,2025-01-25,weed,path_upkeep,7,331,U7-03,12,11,17.84,11.52,ha,12.0,11.0,partial,06:46,11:30,WO-2025-0127-U-030
WO-2025-0125-U-031,2025-01-25,weed,circle_weeding,7,345,U7-04,10,13,11.29,11.29,ha,10.0,13.0,completed,06:59,13:59,
WO-2025-0125-U-032,2025-01-25,spray,spraying,7,304,S7-01,3,14,5.07,5.07,ha,3.0,14.0,completed,07:12,14:12,
WO-2025-0127-U-001,2025-01-27,prune,pruning,1,12,U1-01,16,17,946,566,palms,16.0,17.0,partial,06:58,11:36,WO-2025-0128-U-001
WO-2025-0127-U-002,2025-01-27,weed,path_upkeep,1,26,U1-02,16,16,26.95,26.29,ha,16.0,16.0,partial,07:02,14:04,WO-2025-0128-U-002
WO-2025-0127-U-003,2025-01-27,weed,path_upkeep,1,37,U1-03,9,16,12.21,12.21,ha,9.0,16.0,completed,07:06,13:50,
WO-2025-0127-U-004,2025-01-27,spray,spraying,1,1,S1-01,3,11,6.4,6.4,ha,3.0,11.0,completed,06:58,13:47,
WO-2025-0127-U-005,2025-01-27,weed,circle_weeding,2,47,U2-01,15,17,17.79,18.24,ha,15.0,17.0,partial,06:48,14:17,WO-2025-0128-U-005
WO-2025-0127-U-006,2025-01-27,prune,pruning,2,59,U2-02,15,15,900,723,palms,15.0,15.0,partial,06:48,12:36,WO-2025-0128-U-006
WO-2025-0127-U-007,2025-01-27,prune,pruning,2,68,U2-03,15,16,846,682,palms,15.0,16.0,partial,07:14,13:11,WO-2025-0128-U-007
WO-2025-0127-U-008,2025-01-27,spray,spraying,2,46,S2-01,12,12,29.23,29.23,ha,12.0,12.0,completed,06:49,13:54,
WO-2025-0127-U-009,2025-01-27,weed,path_upkeep,3,87,U3-01,3,15,4.07,4.07,ha,3.0,15.0,completed,06:52,13:42,
WO-2025-0127-U-010,2025-01-27,weed,circle_weeding,3,94,U3-02,14,15,15.26,18.07,ha,14.0,15.0,partial,06:46,13:35,WO-2025-0128-U-009
WO-2025-0127-U-011,2025-01-27,prune,pruning,3,101,U3-03,14,13,816,566,palms,14.0,13.0,partial,07:02,12:10,WO-2025-0128-U-010
WO-2025-0127-U-012,2025-01-27,weed,path_upkeep,3,121,U3-04,4,15,4.68,4.68,ha,4.0,15.0,completed,07:09,14:07,
WO-2025-0127-U-013,2025-01-27,spray,spraying,3,107,S3-01,13,15,30.99,29.2,ha,13.0,15.0,partial,07:08,13:33,WO-2025-0128-U-012
WO-2025-0127-U-014,2025-01-27,prune,pruning,4,122,U4-01,8,15,340,340,palms,8.0,15.0,completed,06:47,14:15,
WO-2025-0127-U-015,2025-01-27,prune,pruning,4,140,U4-02,14,15,844,936,palms,14.0,15.0,partial,07:07,14:12,WO-2025-0128-U-014
WO-2025-0127-U-016,2025-01-27,weed,path_upkeep,4,145,U4-03,14,14,20.5,10.08,ha,14.0,14.0,partial,07:00,10:52,WO-2025-0128-U-015
WO-2025-0127-U-017,2025-01-27,prune,pruning,4,164,U4-04,14,15,724,663,palms,14.0,15.0,partial,07:02,13:13,WO-2025-0128-U-016
WO-2025-0127-U-018,2025-01-27,spray,spraying,4,139,S4-01,11,14,25.99,24.72,ha,11.0,14.0,partial,06:59,13:40,WO-2025-0128-U-017
WO-2025-0127-U-019,2025-01-27,prune,pruning,5,170,U5-01,15,16,895,838,palms,15.0,16.0,partial,06:52,13:31,WO-2025-0128-U-018
WO-2025-0127-U-020,2025-01-27,weed,circle_weeding,5,181,U5-02,12,15,14.65,14.65,ha,12.0,15.0,completed,06:52,14:17,
WO-2025-0127-U-021,2025-01-27,weed,circle_weeding,5,201,U5-03,15,14,19.8,11.78,ha,15.0,14.0,partial,06:54,11:29,WO-2025-0128-U-020
WO-2025-0127-U-022,2025-01-27,spray,spraying,5,173,S5-01,9,13,19.15,19.15,ha,9.0,13.0,completed,06:47,13:38,
WO-2025-0127-U-023,2025-01-27,prune,pruning,6,211,U6-01,14,15,770,587,palms,14.0,15.0,partial,07:13,12:33,WO-2025-0128-U-022
WO-2025-0127-U-024,2025-01-27,prune,pruning,6,223,U6-02,14,14,809,512,palms,14.0,14.0,partial,07:08,11:53,WO-2025-0128-U-023
WO-2025-0127-U-025,2025-01-27,weed,circle_weeding,6,256,U6-03,14,15,17.02,14.49,ha,14.0,15.0,partial,07:14,13:18,WO-2025-0128-U-024
WO-2025-0127-U-026,2025-01-27,prune,pruning,6,266,U6-04,14,15,818,581,palms,14.0,15.0,partial,06:50,12:11,WO-2025-0128-U-025
WO-2025-0127-U-027,2025-01-27,spray,spraying,6,266,S6-01,11,17,27.63,27.63,ha,11.0,17.0,completed,07:02,14:24,
WO-2025-0127-U-028,2025-01-27,weed,path_upkeep,7,297,U7-01,12,14,16.27,13.38,ha,12.0,14.0,partial,06:55,12:23,WO-2025-0128-U-027
WO-2025-0127-U-029,2025-01-27,prune,pruning,7,310,U7-02,12,12,644,360,palms,12.0,12.0,partial,06:57,11:18,WO-2025-0128-U-028
WO-2025-0127-U-030,2025-01-27,weed,path_upkeep,7,331,U7-03,7,14,10.27,10.27,ha,7.0,14.0,completed,06:00,14:03,
WO-2025-0127-U-031,2025-01-27,weed,path_upkeep,7,347,U7-04,12,12,20.27,17.97,ha,12.0,12.0,partial,07:06,13:42,WO-2025-0128-U-030
WO-2025-0127-U-032,2025-01-27,spray,spraying,7,302,S7-01,12,13,28.71,25.77,ha,12.0,13.0,partial,07:09,13:28,WO-2025-0128-U-031
WO-2025-0128-U-001,2025-01-28,prune,pruning,1,12,U1-01,16,16,946,868,palms,16.0,16.0,partial,07:13,14:06,WO-2025-0129-U-001
WO-2025-0128-U-002,2025-01-28,weed,path_upkeep,1,26,U1-02,1,15,1.49,1.49,ha,1.0,15.0,completed,07:02,13:50,
WO-2025-0128-U-003,2025-01-28,weed,circle_weeding,1,33,U1-03,16,16,16.77,9.28,ha,16.0,16.0,partial,06:48,10:38,WO-2025-0129-U-003
WO-2025-0128-U-004,2025-01-28,spray,spraying,1,21,S1-01,12,12,29.55,25.21,ha,12.0,12.0,partial,06:49,13:09,WO-2025-0129-U-004
WO-2025-0128-U-005,2025-01-28,weed,circle_weeding,2,47,U2-01,10,17,11.43,11.43,ha,10.0,17.0,completed,07:04,14:21,
WO-2025-0128-U-006,2025-01-28,prune,pruning,2,59,U2-02,15,15,900,553,palms,15.0,15.0,partial,07:15,11:57,WO-2025-0129-U-005
WO-2025-0128-U-007,2025-01-28,prune,pruning,2,68,U2-03,5,14,274,274,palms,5.0,14.0,completed,06:59,14:21,
WO-2025-0128-U-008,2025-01-28,weed,circle_weeding,3,75,U3-01,14,15,15.09,11.1,ha,14.0,15.0,partial,07:01,12:34,WO-2025-0129-U-008
WO-2025-0128-U-009,2025-01-28,weed,circle_weeding,3,94,U3-02,2,14,1.61,1.61,ha,2.0,14.0,completed,07:12,14:20,
WO-2025-0128-U-010,2025-01-28,prune,pruning,3,101,U3-03,14,13,816,763,palms,14.0,13.0,partial,06:52,13:28,WO-2025-0129-U-010
WO-2025-0128-U-011,2025-01-28,weed,path_upkeep,3,117,U3-04,7,14,10.19,10.19,ha,7.0,14.0,completed,07:09,14:05,
WO-2025-0128-U-012,2025-01-28,spray,spraying,3,107,S3-01,1,14,1.79,1.79,ha,1.0,14.0,completed,07:03,14:06,
WO-2025-0128-U-013,2025-01-28,weed,circle_weeding,4,132,U4-01,14,15,12.32,15.18,ha,14.0,15.0,partial,07:08,14:07,WO-2025-0129-U-013
WO-2025-0128-U-014,2025-01-28,prune,pruning,4,140,U4-02,14,15,844,666,palms,14.0,15.0,partial,06:51,12:19,WO-2025-0129-U-014
WO-2025-0128-U-015,2025-01-28,weed,path_upkeep,4,145,U4-03,14,13,20.5,14.26,ha,14.0,13.0,partial,07:06,11:44,WO-2025-0129-U-015
WO-2025-0128-U-016,2025-01-28,prune,pruning,4,164,U4-04,4,14,171,171,palms,4.0,14.0,completed,07:01,14:19,
WO-2025-0128-U-017,2025-01-28,spray,spraying,4,139,S4-01,1,15,1.27,1.27,ha,1.0,15.0,completed,06:48,14:14,
WO-2025-0128-U-018,2025-01-28,prune,pruning,5,170,U5-01,15,16,895,658,palms,15.0,16.0,partial,06:52,11:53,WO-2025-0129-U-017
WO-2025-0128-U-019,2025-01-28,weed,circle_weeding,5,182,U5-02,15,15,18.68,21.09,ha,15.0,15.0,partial,07:12,14:05,WO-2025-0129-U-018
WO-2025-0128-U-020,2025-01-28,weed,circle_weeding,5,201,U5-03,15,16,19.8,11.84,ha,15.0,16.0,partial,07:05,11:27,WO-2025-0129-U-019
WO-2025-0128-U-021,2025-01-28,spray,spraying,5,177,S5-01,12,13,27.74,25.26,ha,12.0,13.0,partial,07:08,13:59,WO-2025-0129-U-020
WO-2025-0128-U-022,2025-01-28,prune,pruning,6,211,U6-01,14,17,770,498,palms,14.0,17.0,partial,07:04,11:48,WO-2025-0129-U-021
WO-2025-0128-U-023,2025-01-28,prune,pruning,6,223,U6-02,14,16,809,830,palms,14.0,16.0,partial,07:04,14:28,WO-2025-0129-U-022
WO-2025-0128-U-024,2025-01-28,weed,circle_weeding,6,256,U6-03,5,17,5.67,5.67,ha,5.0,17.0,completed,07:12,14:40,
WO-2025-0128-U-025,2025-01-28,prune,pruning,6,266,U6-04,14,16,818,425,palms,14.0,16.0,partial,06:54,10:55,WO-2025-0129-U-024
WO-2025-0128-U-026,2025-01-28,spray,spraying,6,249,S6-01,10,16,25.71,24.85,ha,10.0,16.0,partial,06:58,13:54,WO-2025-0129-U-025
WO-2025-0128-U-027,2025-01-28,weed,path_upkeep,7,297,U7-01,6,10,7.73,6.61,ha,6.0,10.0,partial,07:06,13:21,WO-2025-0129-U-026
WO-2025-0128-U-028,2025-01-28,prune,pruning,7,310,U7-02,12,12,644,388,palms,12.0,12.0,partial,07:06,11:02,WO-2025-0129-U-027
WO-2025-0128-U-029,2025-01-28,weed,circle_weeding,7,332,U7-03,12,12,13.08,6.8,ha,12.0,12.0,partial,06:45,10:20,WO-2025-0129-U-028
WO-2025-0128-U-030,2025-01-28,weed,path_upkeep,7,347,U7-04,8,12,12.95,12.95,ha,8.0,12.0,completed,06:46,14:11,
WO-2025-0128-U-031,2025-01-28,spray,spraying,7,302,S7-01,2,13,2.94,2.94,ha,2.0,13.0,completed,07:10,13:58,
WO-2025-0129-U-001,2025-01-29,prune,pruning,1,12,U1-01,16,15,946,512,palms,16.0,15.0,partial,06:48,10:54,WO-2025-0130-U-001
WO-2025-0129-U-002,2025-01-29,weed,circle_weeding,1,16,U1-02,16,16,19.76,17.31,ha,16.0,16.0,partial,06:53,13:07,WO-2025-0130-U-002
WO-2025-0129-U-003,2025-01-29,weed,circle_weeding,1,33,U1-03,16,17,16.77,15.94,ha,16.0,17.0,partial,07:10,13:49,WO-2025-0130-U-003
WO-2025-0129-U-004,2025-01-29,spray,spraying,1,21,S1-01,2,13,4.34,4.34,ha,2.0,13.0,completed,07:00,13:46,
WO-2025-0129-U-005,2025-01-29,prune,pruning,2,59,U2-02,15,16,900,721,palms,15.0,16.0,partial,07:03,13:08,WO-2025-0130-U-006
WO-2025-0129-U-006,2025-01-29,weed,circle_weeding,2,71,U2-03,15,16,16.91,14.22,ha,15.0,16.0,partial,07:02,13:13,WO-2025-0130-U-007
WO-2025-0129-U-007,2025-01-29,spray,spraying,2,43,S2-01,12,12,29.66,15.45,ha,12.0,12.0,partial,06:49,10:32,WO-2025-0130-U-008
WO-2025-0129-U-008,2025-01-29,weed,circle_weeding,3,75,U3-01,14,15,15.09,13.45,ha,14.0,15.0,partial,06:54,13:08,WO-2025-0130-U-009
WO-2025-0129-U-009,2025-01-29,weed,circle_weeding,3,95,U3-02,14,15,15.26,13.22,ha,14.0,15.0,partial,06:48,12:59,WO-2025-0130-U-010
WO-2025-0129-U-010,2025-01-29,prune,pruning,3,101,U3-03,14,14,816,591,palms,14.0,14.0,partial,07:11,12:25,WO-2025-0130-U-011
WO-2025-0129-U-011,2025-01-29,weed,circle_weeding,3,120,U3-04,12,14,12.55,11.22,ha,12.0,14.0,partial,06:49,12:58,WO-2025-0130-U-012
WO-2025-0129-U-012,2025-01-29,spray,spraying,3,117,S3-01,5,17,10.19,10.19,ha,5.0,17.0,completed,07:12,14:38,
WO-2025-0129-U-013,2025-01-29,weed,circle_weeding,4,132,U4-01,14,15,12.32,8.54,ha,14.0,15.0,partial,07:11,12:24,WO-2025-0130-U-014
WO-2025-0129-U-014,2025-01-29,prune,pruning,4,140,U4-02,14,15,844,760,palms,14.0,15.0,partial,07:07,13:12,WO-2025-0130-U-015
WO-2025-0129-U-015,2025-01-29,weed,path_upkeep,4,145,U4-03,8,14,11.22,11.22,ha,8.0,14.0,completed,06:46,13:34,
WO-2025-0129-U-016,2025-01-29,spray,spraying,4,158,S4-01,13,16,32.44,25.54,ha,13.0,16.0,partial,07:06,12:58,WO-2025-0130-U-017
WO-2025-0129-U-017,2025-01-29,prune,pruning,5,170,U5-01,15,15,895,662,palms,15.0,15.0,partial,07:07,12:16,WO-2025-0130-U-018
WO-2025-0129-U-018,2025-01-29,weed,circle_weeding,5,182,U5-02,2,16,2.45,2.45,ha,2.0,16.0,completed,07:11,14:26,
WO-2025-0129-U-019,2025-01-29,weed,circle_weeding,5,201,U5-03,11,16,14.09,9.1,ha,11.0,16.0,partial,06:51,11:28,WO-2025-0130-U-019
WO-2025-0129-U-020,2025-01-29,spray,spraying,5,177,S5-01,2,11,3.74,3.74,ha,2.0,11.0,completed,06:53,13:58,
WO-2025-0129-U-021,2025-01-29,prune,pruning,6,211,U6-01,14,13,770,623,palms,14.0,13.0,partial,06:57,12:30,WO-2025-0130-U-021
WO-2025-0129-U-022,2025-01-29,prune,pruning,6,223,U6-02,14,15,809,688,palms,14.0,15.0,partial,07:05,12:58,WO-2025-0130-U-022
WO-2025-0129-U-023,2025-01-29,weed,circle_weeding,6,260,U6-03,14,14,15.91,13.96,ha,14.0,14.0,partial,07:10,13:13,WO-2025-0130-U-023
WO-2025-0129-U-024,2025-01-29,prune,pruning,6,266,U6-04,14,16,818,824,palms,14.0,16.0,partial,07:09,14:15,WO-2025-0130-U-024
WO-2025-0129-U-025,2025-01-29,spray,spraying,6,249,S6-01,1,16,0.86,0.86,ha,1.0,16.0,completed,06:49,13:40,
WO-2025-0129-U-026,2025-01-29,weed,path_upkeep,7,297,U7-01,1,12,1.12,1.12,ha,1.0,12.0,completed,06:52,14:20,
WO-2025-0129-U-027,2025-01-29,prune,pruning,7,310,U7-02,12,13,644,386,palms,12.0,13.0,partial,07:08,11:38,WO-2025-0130-U-027
WO-2025-0129-U-028,2025-01-29,weed,circle_weeding,7,332,U7-03,12,13,13.08,12.59,ha,12.0,13.0,partial,07:04,14:05,WO-2025-0130-U-028
WO-2025-0129-U-029,2025-01-29,weed,circle_weeding,7,339,U7-04,12,11,14.86,13.27,ha,12.0,11.0,partial,07:04,13:28,WO-2025-0130-U-029
WO-2025-0129-U-030,2025-01-29,spray,spraying,7,294,S7-01,5,14,12.14,12.14,ha,5.0,14.0,completed,06:53,14:13,
WO-2025-0130-U-001,2025-01-30,prune,pruning,1,12,U1-01,16,17,946,740,palms,16.0,17.0,partial,06:59,12:19,WO-2025-0131-U-001
WO-2025-0130-U-002,2025-01-30,weed,circle_weeding,1,16,U1-02,9,13,11.03,11.03,ha,9.0,13.0,completed,06:56,14:19,
WO-2025-0130-U-003,2025-01-30,weed,circle_weeding,1,33,U1-03,5,17,4.72,4.72,ha,5.0,17.0,completed,06:56,14:06,
WO-2025-0130-U-004,2025-01-30,spray,spraying,1,15,S1-01,13,14,32.48,17.35,ha,13.0,14.0,partial,06:55,10:58,WO-2025-0131-U-004
WO-2025-0130-U-005,2025-01-30,prune,pruning,2,44,U2-01,15,15,889,804,palms,15.0,15.0,partial,06:53,13:17,WO-2025-0131-U-005
WO-2025-0130-U-006,2025-01-30,prune,pruning,2,59,U2-02,15,14,900,547,palms,15.0,14.0,partial,07:03,11:07,WO-2025-0131-U-006
WO-2025-0130-U-007,2025-01-30,weed,circle_weeding,2,71,U2-03,12,16,13.37,13.37,ha,12.0,16.0,completed,07:09,14:20,
WO-2025-0130-U-008,2025-01-30,spray,spraying,2,43,S2-01,6,12,14.21,14.21,ha,6.0,12.0,completed,06:52,14:03,
WO-2025-0130-U-009,2025-01-30,weed,circle_weeding,3,75,U3-01,11,14,10.84,9.41,ha,11.0,14.0,partial,06:45,13:13,WO-2025-0131-U-008
WO-2025-0130-U-010,2025-01-30,weed,circle_weeding,3,95,U3-02,14,14,15.26,9.54,ha,14.0,14.0,partial,07:08,11:26,WO-2025-0131-U-009
WO-2025-0130-U-011,2025-01-30,prune,pruning,3,101,U3-03,14,15,816,644,palms,14.0,15.0,partial,07:13,12:43,WO-2025-0131-U-010
WO-2025-0130-U-012,2025-01-30,weed,circle_weeding,3,120,U3-04,2,14,1.33,1.33,ha,2.0,14.0,completed,07:07,14:28,
WO-2025-0130-U-013,2025-01-30,spray,spraying,3,119,S3-01,2,14,4.05,4.05,ha,2.0,14.0,completed,06:54,13:57,
WO-2025-0130-U-014,2025-01-30,weed,circle_weeding,4,132,U4-01,12,13,10.33,9.23,ha,12.0,13.0,partial,06:47,12:47,WO-2025-0131-U-013
WO-2025-0130-U-015,2025-01-30,prune,pruning,4,140,U4-02,14,14,844,784,palms,14.0,14.0,partial,07:07,13:45,WO-2025-0131-U-014
WO-2025-0130-U-016,2025-01-30,weed,path_upkeep,4,144,U4-03,14,13,20.5,21.58,ha,14.0,13.0,partial,06:57,13:42,WO-2025-0131-U-015
WO-2025-0130-U-017,2025-01-30,spray,spraying,4,158,S4-01,3,14,6.9,6.9,ha,3.0,14.0,completed,07:09,14:17,
WO-2025-0130-U-018,2025-01-30,prune,pruning,5,170,U5-01,10,16,578,578,palms,10.0,16.0,completed,07:14,14:37,
WO-2025-0130-U-019,2025-01-30,weed,circle_weeding,5,201,U5-03,4,16,4.99,4.99,ha,4.0,16.0,completed,07:04,14:23,
WO-2025-0130-U-020,2025-01-30,spray,spraying,5,192,S5-01,6,12,11.84,11.84,ha,6.0,12.0,completed,07:01,14:12,
WO-2025-0130-U-021,2025-01-30,prune,pruning,6,211,U6-01,14,16,770,567,palms,14.0,16.0,partial,07:13,12:06,WO-2025-0131-U-020
WO-2025-0130-U-022,2025-01-30,prune,pruning,6,223,U6-02,14,17,809,598,palms,14.0,17.0,partial,07:05,12:37,WO-2025-0131-U-021
WO-2025-0130-U-023,2025-01-30,weed,circle_weeding,6,260,U6-03,2,16,1.95,1.95,ha,2.0,16.0,completed,07:14,14:31,
WO-2025-0130-U-024,2025-01-30,prune,pruning,6,266,U6-04,14,15,818,710,palms,14.0,15.0,partial,07:02,12:59,WO-2025-0131-U-022
WO-2025-0130-U-025,2025-01-30,spray,spraying,6,256,S6-01,11,14,29.46,25.52,ha,11.0,14.0,partial,06:57,13:21,WO-2025-0131-U-023
WO-2025-0130-U-026,2025-01-30,weed,path_upkeep,7,288,U7-01,6,13,7.16,7.16,ha,6.0,13.0,completed,07:07,14:16,
WO-2025-0130-U-027,2025-01-30,prune,pruning,7,310,U7-02,12,12,644,539,palms,12.0,12.0,partial,06:51,12:58,WO-2025-0131-U-025
WO-2025-0130-U-028,2025-01-30,weed,circle_weeding,7,332,U7-03,3,13,2.72,2.72,ha,3.0,13.0,completed,07:04,13:57,
WO-2025-0130-U-029,2025-01-30,weed,circle_weeding,7,339,U7-04,12,12,14.86,14.0,ha,12.0,12.0,partial,06:56,13:42,WO-2025-0131-U-027
WO-2025-0130-U-030,2025-01-30,spray,spraying,7,330,S7-01,8,15,18.44,18.44,ha,8.0,15.0,completed,07:09,14:28,
WO-2025-0131-U-001,2025-01-31,prune,pruning,1,12,U1-01,16,16,946,974,palms,16.0,16.0,completed,06:52,14:07,
WO-2025-0131-U-002,2025-01-31,weed,circle_weeding,1,19,U1-02,16,16,19.76,11.1,ha,16.0,16.0,partial,06:48,10:28,WO-2025-0201-U-002
WO-2025-0131-U-003,2025-01-31,weed,path_upkeep,1,34,U1-03,16,18,22.87,22.01,ha,16.0,18.0,partial,07:12,13:40,WO-2025-0201-U-003
WO-2025-0131-U-004,2025-01-31,spray,spraying,1,15,S1-01,7,12,16.65,16.65,ha,7.0,12.0,completed,07:06,14:16,
WO-2025-0131-U-005,2025-01-31,prune,pruning,2,44,U2-01,15,14,889,606,palms,15.0,14.0,partial,07:06,12:15,WO-2025-0201-U-005
WO-2025-0131-U-006,2025-01-31,prune,pruning,2,59,U2-02,15,16,900,800,palms,15.0,16.0,partial,06:47,13:01,WO-2025-0201-U-006
WO-2025-0131-U-007,2025-01-31,spray,spraying,2,58,S2-01,11,12,28.7,15.79,ha,11.0,12.0,partial,07:08,11:05,WO-2025-0201-U-008
WO-2025-0131-U-008,2025-01-31,weed,circle_weeding,3,75,U3-01,2,15,1.43,1.43,ha,2.0,15.0,completed,07:01,13:54,
WO-2025-0131-U-009,2025-01-31,weed,circle_weeding,3,95,U3-02,7,15,7.19,7.19,ha,7.0,15.0,completed,06:54,14:06,
WO-2025-0131-U-010,2025-01-31,prune,pruning,3,101,U3-03,7,15,387,387,palms,7.0,15.0,completed,06:54,13:40,
WO-2025-0131-U-011,2025-01-31,weed,path_upkeep,3,119,U3-04,3,13,4.05,4.05,ha,3.0,13.0,completed,07:12,14:11,
WO-2025-0131-U-012,2025-01-31,spray,spraying,3,101,S3-01,15,16,37.63,23.6,ha,15.0,16.0,partial,06:59,11:09,WO-2025-0201-U-013
WO-2025-0131-U-013,2025-01-31,weed,circle_weeding,4,132,U4-01,2,15,1.1,1.1,ha,2.0,15.0,completed,06:51,14:21,
WO-2025-0131-U-014,2025-01-31,prune,pruning,4,140,U4-02,13,15,776,486,palms,13.0,15.0,partial,07:04,11:42,WO-2025-0201-U-015
WO-2025-0131-U-015,2025-01-31,weed,path_upkeep,4,144,U4-03,3,15,3.98,3.98,ha,3.0,15.0,completed,06:55,14:18,
WO-2025-0131-U-016,2025-01-31,spray,spraying,4,160,S4-01,14,16,33.88,31.46,ha,14.0,16.0,partial,07:06,13:55,WO-2025-0201-U-017
WO-2025-0131-U-017,2025-01-31,weed,circle_weeding,5,173,U5-01,15,15,17.9,17.48,ha,15.0,15.0,partial,07:03,14:07,WO-2025-0201-U-018
WO-2025-0131-U-018,2025-01-31,weed,circle_weeding,5,373,U5-03,3,13,3.42,3.42,ha,3.0,13.0,completed,06:51,13:41,
WO-2025-0131-U-019,2025-01-31,spray,spraying,5,202,S5-01,12,12,27.74,18.75,ha,12.0,12.0,partial,06:48,11:39,WO-2025-0201-U-021
WO-2025-0131-U-020,2025-01-31,prune,pruning,6,211,U6-01,6,15,327,327,palms,6.0,15.0,completed,07:10,14:12,
WO-2025-0131-U-021,2025-01-31,prune,pruning,6,223,U6-02,13,16,701,701,palms,13.0,16.0,completed,06:55,14:24,
WO-2025-0131-U-022,2025-01-31,prune,pruning,6,266,U6-04,8,13,418,418,palms,8.0,13.0,completed,06:52,13:39,
WO-2025-0131-U-023,2025-01-31,spray,spraying,6,256,S6-01,2,17,3.94,3.94,ha,2.0,17.0,completed,06:55,14:11,
WO-2025-0131-U-024,2025-01-31,weed,circle_weeding,7,287,U7-01,12,10,11.93,7.66,ha,12.0,10.0,partial,06:59,11:45,WO-2025-0201-U-027
WO-2025-0131-U-025,2025-01-31,prune,pruning,7,310,U7-02,12,13,644,578,palms,12.0,13.0,partial,06:48,13:07,WO-2025-0201-U-028
WO-2025-0131-U-026,2025-01-31,weed,circle_weeding,7,335,U7-03,12,13,13.08,16.3,ha,12.0,13.0,partial,06:57,14:23,WO-2025-0201-U-029
WO-2025-0131-U-027,2025-01-31,weed,circle_weeding,7,339,U7-04,2,12,2.31,2.31,ha,2.0,12.0,completed,07:06,14:04,
WO-2025-0131-U-028,2025-01-31,spray,spraying,7,292,S7-01,8,14,18.44,18.44,ha,8.0,14.0,completed,07:13,14:13,
WO-2025-0201-U-001,2025-02-01,weed,circle_weeding,1,10,U1-01,17,18,20.1,16.2,ha,17.0,18.0,partial,06:47,12:32,WO-2025-0203-U-001
WO-2025-0201-U-002,2025-02-01,weed,circle_weeding,1,19,U1-02,8,19,9.12,9.12,ha,8.0,19.0,completed,06:55,14:19,
WO-2025-0201-U-003,2025-02-01,weed,path_upkeep,1,34,U1-03,5,18,6.23,6.23,ha,5.0,18.0,completed,06:56,14:24,
WO-2025-0201-U-004,2025-02-01,spray,spraying,1,10,S1-01,12,15,29.71,22.43,ha,12.0,15.0,partial,07:10,12:26,WO-2025-0203-U-004
WO-2025-0201-U-005,2025-02-01,prune,pruning,2,44,U2-01,15,17,889,444,palms,15.0,17.0,partial,06:50,10:11,WO-2025-0203-U-005
WO-2025-0201-U-006,2025-02-01,prune,pruning,2,59,U2-02,15,13,900,697,palms,15.0,13.0,partial,07:09,12:53,WO-2025-0203-U-006
WO-2025-0201-U-007,2025-02-01,weed,circle_weeding,2,67,U2-03,15,15,16.91,19.45,ha,15.0,15.0,partial,07:08,14:18,WO-2025-0203-U-007
WO-2025-0201-U-008,2025-02-01,spray,spraying,2,58,S2-01,5,12,12.91,12.91,ha,5.0,12.0,completed,06:49,13:53,
WO-2025-0201-U-009,2025-02-01,weed,circle_weeding,3,77,U3-01,14,15,15.09,9.8,ha,14.0,15.0,partial,07:05,11:39,WO-2025-0203-U-009
WO-2025-0201-U-010,2025-02-01,weed,path_upkeep,3,100,U3-02,14,14,20.81,22.18,ha,14.0,14.0,partial,07:01,14:26,WO-2025-0203-U-010
WO-2025-0201-U-011,2025-02-01,weed,circle_weeding,3,104,U3-03,14,12,16.32,12.6,ha,14.0,12.0,partial,07:05,12:33,WO-2025-0203-U-011
WO-2025-0201-U-012,2025-02-01,weed,circle_weeding,3,370,U3-04,2,16,2.09,2.09,ha,2.0,16.0,completed,06:56,14:15,
WO-2025-0201-U-013,2025-02-01,spray,spraying,3,101,S3-01,8,15,18.55,18.55,ha,8.0,15.0,completed,07:14,14:10,
WO-2025-0201-U-014,2025-02-01,weed,circle_weeding,4,123,U4-01,13,14,10.58,9.7,ha,13.0,14.0,partial,07:02,13:57,WO-2025-0203-U-014
WO-2025-0201-U-015,2025-02-01,prune,pruning,4,140,U4-02,5,14,289,289,palms,5.0,14.0,completed,07:05,13:58,
WO-2025-0201-U-016,2025-02-01,weed,path_upkeep,4,154,U4-03,2,14,2.04,2.04,ha,2.0,14.0,completed,06:47,13:49,
WO-2025-0201-U-017,2025-02-01,spray,spraying,4,160,S4-01,1,14,2.42,2.42,ha,1.0,14.0,completed,07:14,14:23,
WO-2025-0201-U-018,2025-02-01,weed,circle_weeding,5,173,U5-01,2,14,1.67,1.67,ha,2.0,14.0,completed,07:05,13:57,
WO-2025-0201-U-019,2025-02-01,prune,pruning,5,185,U5-02,15,16,934,573,palms,15.0,16.0,partial,07:13,11:59,WO-2025-0203-U-019
WO-2025-0201-U-020,2025-02-01,weed,path_upkeep,5,199,U5-03,11,16,18.58,18.58,ha,11.0,16.0,completed,07:11,13:57,
WO-2025-0201-U-021,2025-02-01,spray,spraying,5,202,S5-01,5,12,11.34,11.34,ha,5.0,12.0,completed,06:56,14:23,
WO-2025-0201-U-022,2025-02-01,weed,circle_weeding,6,208,U6-01,15,15,16.5,11.86,ha,15.0,15.0,partial,06:56,11:45,WO-2025-0203-U-022
WO-2025-0201-U-023,2025-02-01,weed,circle_weeding,6,250,U6-02,15,16,17.34,14.29,ha,15.0,16.0,partial,07:06,12:46,WO-2025-0203-U-023
WO-2025-0201-U-024,2025-02-01,prune,pruning,6,261,U6-03,15,15,912,617,palms,15.0,15.0,partial,07:10,12:13,WO-2025-0203-U-024
WO-2025-0201-U-025,2025-02-01,weed,circle_weeding,6,267,U6-04,15,16,17.52,11.68,ha,15.0,16.0,partial,06:55,11:29,WO-2025-0203-U-025
WO-2025-0201-U-026,2025-02-01,spray,spraying,6,262,S6-01,10,16,26.51,26.51,ha,10.0,16.0,completed,07:03,14:21,
WO-2025-0201-U-027,2025-02-01,weed,circle_weeding,7,287,U7-01,7,14,6.04,6.04,ha,7.0,14.0,completed,06:51,14:07,
WO-2025-0201-U-028,2025-02-01,prune,pruning,7,310,U7-02,13,14,697,661,palms,13.0,14.0,partial,06:50,13:48,WO-2025-0203-U-028
WO-2025-0201-U-029,2025-02-01,weed,circle_weeding,7,335,U7-03,9,13,9.67,9.67,ha,9.0,13.0,completed,07:03,14:06,
WO-2025-0201-U-030,2025-02-01,weed,path_upkeep,7,341,U7-04,13,12,21.96,21.23,ha,13.0,12.0,partial,07:07,13:47,WO-2025-0203-U-029
WO-2025-0201-U-031,2025-02-01,spray,spraying,7,293,S7-01,10,15,24.17,24.17,ha,10.0,15.0,completed,07:04,14:26,
WO-2025-0203-U-001,2025-02-03,weed,circle_weeding,1,10,U1-01,12,18,13.51,13.51,ha,12.0,18.0,completed,06:48,13:48,
WO-2025-0203-U-002,2025-02-03,weed,circle_weeding,1,23,U1-02,17,17,21.0,15.97,ha,17.0,17.0,partial,07:01,12:08,WO-2025-0204-U-002
WO-2025-0203-U-003,2025-02-03,weed,circle_weeding,1,32,U1-03,17,19,17.82,11.14,ha,17.0,19.0,partial,06:53,11:38,WO-2025-0204-U-003
WO-2025-0203-U-004,2025-02-03,spray,spraying,1,10,S1-01,3,13,7.28,7.28,ha,3.0,13.0,completed,07:03,14:16,
WO-2025-0203-U-005,2025-02-03,prune,pruning,2,44,U2-01,15,14,889,576,palms,15.0,14.0,partial,07:06,11:37,WO-2025-0204-U-005
WO-2025-0203-U-006,2025-02-03,prune,pruning,2,59,U2-02,6,15,350,350,palms,6.0,15.0,completed,06:55,13:48,
WO-2025-0203-U-007,2025-02-03,weed,circle_weeding,2,67,U2-03,7,15,7.14,7.14,ha,7.0,15.0,completed,07:13,14:09,
WO-2025-0203-U-008,2025-02-03,spray,spraying,2,63,S2-01,12,12,31.86,29.24,ha,12.0,12.0,partial,07:06,13:20,WO-2025-0204-U-007
WO-2025-0203-U-009,2025-02-03,weed,circle_weeding,3,77,U3-01,14,13,15.09,11.92,ha,14.0,13.0,partial,07:12,12:39,WO-2025-0204-U-008
WO-2025-0203-U-010,2025-02-03,weed,path_upkeep,3,100,U3-02,3,14,4.46,4.46,ha,3.0,14.0,completed,07:03,14:25,
WO-2025-0203-U-011,2025-02-03,weed,circle_weeding,3,104,U3-03,14,15,16.32,15.76,ha,14.0,15.0,partial,06:54,13:31,WO-2025-0204-U-010
WO-2025-0203-U-012,2025-02-03,weed,path_upkeep,3,118,U3-04,8,14,11.04,11.04,ha,8.0,14.0,completed,07:00,13:44,
WO-2025-0203-U-013,2025-02-03,spray,spraying,3,85,S3-01,10,15,22.99,22.99,ha,10.0,15.0,completed,06:55,13:43,
WO-2025-0203-U-014,2025-02-03,weed,circle_weeding,4,123,U4-01,2,14,0.88,0.88,ha,2.0,14.0,completed,06:47,13:43,
WO-2025-0203-U-015,2025-02-03,weed,circle_weeding,4,134,U4-02,13,12,15.67,12.81,ha,13.0,12.0,partial,07:09,13:01,WO-2025-0204-U-013
WO-2025-0203-U-016,2025-02-03,weed,path_upkeep,4,147,U4-03,13,15,19.03,14.41,ha,13.0,15.0,partial,07:02,12:50,WO-2025-0204-U-014
WO-2025-0203-U-017,2025-02-03,spray,spraying,4,125,S4-01,3,13,6.64,6.64,ha,3.0,13.0,completed,06:45,13:38,
WO-2025-0203-U-018,2025-02-03,weed,circle_weeding,5,172,U5-01,15,15,17.9,16.06,ha,15.0,15.0,partial,06:55,13:05,WO-2025-0204-U-016
WO-2025-0203-U-019,2025-02-03,prune,pruning,5,185,U5-02,15,14,934,885,palms,15.0,14.0,partial,07:11,14:16,WO-2025-0204-U-017
WO-2025-0203-U-020,2025-02-03,weed,circle_weeding,5,202,U5-03,15,14,19.8,15.38,ha,15.0,14.0,partial,07:01,12:37,WO-2025-0204-U-018
WO-2025-0203-U-021,2025-02-03,spray,spraying,5,197,S5-01,12,12,27.74,20.54,ha,12.0,12.0,partial,07:04,12:19,WO-2025-0204-U-019
WO-2025-0203-U-022,2025-02-03,weed,circle_weeding,6,208,U6-01,13,17,13.38,13.38,ha,13.0,17.0,completed,07:01,14:18,
WO-2025-0203-U-023,2025-02-03,weed,circle_weeding,6,250,U6-02,11,15,11.79,10.84,ha,11.0,15.0,partial,07:08,13:40,WO-2025-0204-U-021
WO-2025-0203-U-024,2025-02-03,prune,pruning,6,261,U6-03,15,16,912,1070,palms,15.0,16.0,partial,07:10,14:07,WO-2025-0204-U-022
WO-2025-0203-U-025,2025-02-03,weed,circle_weeding,6,267,U6-04,6,14,6.09,6.09,ha,6.0,14.0,completed,06:53,13:55,
WO-2025-0203-U-026,2025-02-03,spray,spraying,6,257,S6-01,11,18,27.37,27.37,ha,11.0,18.0,completed,07:08,14:25,
WO-2025-0203-U-027,2025-02-03,weed,circle_weeding,7,288,U7-01,8,15,7.16,7.16,ha,8.0,15.0,completed,06:49,13:43,
WO-2025-0203-U-028,2025-02-03,prune,pruning,7,310,U7-02,13,14,697,642,palms,13.0,14.0,partial,07:02,13:40,WO-2025-0204-U-026
WO-2025-0203-U-029,2025-02-03,weed,path_upkeep,7,341,U7-04,6,14,9.71,9.71,ha,6.0,14.0,completed,06:45,13:56,
WO-2025-0204-U-001,2025-02-04,weed,circle_weeding,1,12,U1-01,17,16,20.1,15.76,ha,17.0,16.0,partial,06:50,12:03,WO-2025-0205-U-001
WO-2025-0204-U-002,2025-02-04,weed,circle_weeding,1,23,U1-02,10,16,12.17,12.17,ha,10.0,16.0,completed,07:09,14:10,
WO-2025-0204-U-003,2025-02-04,weed,circle_weeding,1,32,U1-03,16,19,16.32,11.45,ha,16.0,19.0,partial,07:06,11:55,WO-2025-0205-U-003
WO-2025-0204-U-004,2025-02-04,spray,spraying,1,34,S1-01,12,12,28.24,25.16,ha,12.0,12.0,partial,06:59,13:35,WO-2025-0205-U-004
WO-2025-0204-U-005,2025-02-04,prune,pruning,2,44,U2-01,15,14,889,659,palms,15.0,14.0,partial,07:13,12:49,WO-2025-0205-U-005
WO-2025-0204-U-006,2025-02-04,weed,path_upkeep,2,64,U2-02,15,16,24.55,16.73,ha,15.0,16.0,partial,06:54,11:33,WO-2025-0205-U-006
WO-2025-0204-U-007,2025-02-04,spray,spraying,2,63,S2-01,2,13,3.01,3.01,ha,2.0,13.0,completed,07:01,14:15,
WO-2025-0204-U-008,2025-02-04,weed,circle_weeding,3,77,U3-01,7,14,6.68,6.68,ha,7.0,14.0,completed,07:15,14:35,
WO-2025-0204-U-009,2025-02-04,weed,path_upkeep,3,90,U3-02,14,15,20.81,16.25,ha,14.0,15.0,partial,06:56,12:26,WO-2025-0205-U-009
WO-2025-0204-U-010,2025-02-04,weed,circle_weeding,3,104,U3-03,4,12,4.57,4.57,ha,4.0,12.0,completed,06:00,13:49,
WO-2025-0204-U-011,2025-02-04,spray,spraying,3,80,S3-01,5,15,11.89,11.89,ha,5.0,15.0,completed,06:47,13:33,
WO-2025-0204-U-012,2025-02-04,weed,circle_weeding,4,124,U4-01,13,14,10.85,6.79,ha,13.0,14.0,partial,06:50,11:19,WO-2025-0205-U-012
WO-2025-0204-U-013,2025-02-04,weed,circle_weeding,4,134,U4-02,13,14,15.67,14.24,ha,13.0,14.0,partial,06:47,13:07,WO-2025-0205-U-013
WO-2025-0204-U-014,2025-02-04,weed,path_upkeep,4,147,U4-03,9,12,12.08,12.08,ha,9.0,12.0,completed,07:01,14:08,
WO-2025-0204-U-015,2025-02-04,spray,spraying,4,146,S4-01,12,15,28.59,21.52,ha,12.0,15.0,partial,06:46,12:15,WO-2025-0205-U-015
WO-2025-0204-U-016,2025-02-04,weed,circle_weeding,5,172,U5-01,8,16,9.38,9.38,ha,8.0,16.0,completed,06:00,14:19,
WO-2025-0204-U-017,2025-02-04,prune,pruning,5,185,U5-02,15,16,934,867,palms,15.0,16.0,partial,06:47,13:01,WO-2025-0205-U-017
WO-2025-0204-U-018,2025-02-04,weed,circle_weeding,5,202,U5-03,12,16,14.71,9.56,ha,12.0,16.0,partial,07:06,11:28,WO-2025-0205-U-018
WO-2025-0204-U-019,2025-02-04,spray,spraying,5,197,S5-01,5,13,10.04,10.04,ha,5.0,13.0,completed,07:13,14:34,
WO-2025-0204-U-020,2025-02-04,weed,path_upkeep,6,208,U6-01,15,16,22.5,18.52,ha,15.0,16.0,partial,06:47,12:40,WO-2025-0205-U-020
WO-2025-0204-U-021,2025-02-04,weed,circle_weeding,6,250,U6-02,1,15,0.95,0.95,ha,1.0,15.0,completed,07:11,14:07,
WO-2025-0204-U-022,2025-02-04,prune,pruning,6,261,U6-03,15,17,912,585,palms,15.0,17.0,partial,06:54,11:26,WO-2025-0205-U-022
WO-2025-0204-U-023,2025-02-04,weed,circle_weeding,6,269,U6-04,15,17,17.52,16.17,ha,15.0,17.0,partial,07:02,13:29,WO-2025-0205-U-023
WO-2025-0204-U-024,2025-02-04,spray,spraying,6,267,S6-01,7,17,17.77,17.77,ha,7.0,17.0,completed,07:08,14:21,
WO-2025-0204-U-025,2025-02-04,weed,circle_weeding,7,289,U7-01,13,15,12.93,15.26,ha,13.0,15.0,partial,06:46,13:50,WO-2025-0205-U-025
WO-2025-0204-U-026,2025-02-04,prune,pruning,7,310,U7-02,3,13,147,147,palms,3.0,13.0,completed,06:52,14:08,
WO-2025-0204-U-027,2025-02-04,prune,pruning,7,340,U7-04,13,13,805,926,palms,13.0,13.0,partial,07:14,14:39,WO-2025-0205-U-027
WO-2025-0204-U-028,2025-02-04,spray,spraying,7,303,S7-01,14,17,34.72,31.89,ha,14.0,17.0,partial,07:13,13:40,WO-2025-0205-U-028
WO-2025-0205-U-001,2025-02-05,weed,circle_weeding,1,12,U1-01,9,16,10.44,10.44,ha,9.0,16.0,completed,06:59,14:17,
WO-2025-0205-U-002,2025-02-05,weed,circle_weeding,1,15,U1-02,17,16,21.0,17.38,ha,17.0,16.0,partial,06:47,12:18,WO-2025-0206-U-002
WO-2025-0205-U-003,2025-02-05,weed,circle_weeding,1,32,U1-03,5,19,4.87,4.87,ha,5.0,19.0,completed,06:49,14:04,
WO-2025-0205-U-004,2025-02-05,spray,spraying,1,34,S1-01,2,14,3.08,3.08,ha,2.0,14.0,completed,06:53,14:03,
WO-2025-0205-U-005,2025-02-05,prune,pruning,2,44,U2-01,11,16,618,618,palms,11.0,16.0,completed,07:03,14:25,
WO-2025-0205-U-006,2025-02-05,weed,path_upkeep,2,64,U2-02,5,14,7.96,7.96,ha,5.0,14.0,completed,07:04,14:06,
WO-2025-0205-U-007,2025-02-05,spray,spraying,2,67,S2-01,11,13,26.59,26.59,ha,11.0,13.0,completed,06:58,14:22,
WO-2025-0205-U-008,2025-02-05,weed,path_upkeep,3,78,U3-01,14,15,20.58,18.89,ha,14.0,15.0,partial,07:05,13:17,WO-2025-0206-U-006
WO-2025-0205-U-009,2025-02-05,weed,path_upkeep,3,90,U3-02,7,15,10.23,10.23,ha,7.0,15.0,completed,06:54,14:16,
WO-2025-0205-U-010,2025-02-05,weed,circle_weeding,3,105,U3-03,14,15,16.32,11.46,ha,14.0,15.0,partial,07:07,11:53,WO-2025-0206-U-008
WO-2025-0205-U-011,2025-02-05,spray,spraying,3,88,S3-01,11,16,25.8,25.8,ha,11.0,16.0,completed,06:54,13:37,
WO-2025-0205-U-012,2025-02-05,weed,circle_weeding,4,124,U4-01,5,13,4.06,4.06,ha,5.0,13.0,completed,07:06,13:55,
WO-2025-0205-U-013,2025-02-05,weed,circle_weeding,4,134,U4-02,8,12,8.84,8.84,ha,8.0,12.0,completed,07:01,13:55,
WO-2025-0205-U-014,2025-02-05,weed,path_upkeep,4,151,U4-03,13,12,19.03,12.88,ha,13.0,12.0,partial,07:11,11:40,WO-2025-0206-U-012
WO-2025-0205-U-015,2025-02-05,spray,spraying,4,146,S4-01,3,15,7.07,7.07,ha,3.0,15.0,completed,06:59,14:20,
WO-2025-0205-U-016,2025-02-05,weed,circle_weeding,5,170,U5-01,15,15,17.9,13.56,ha,15.0,15.0,partial,07:02,12:27,WO-2025-0206-U-014
WO-2025-0205-U-017,2025-02-05,prune,pruning,5,185,U5-02,15,16,934,1117,palms,15.0,16.0,partial,06:49,14:03,WO-2025-0206-U-015
WO-2025-0205-U-018,2025-02-05,weed,circle_weeding,5,202,U5-03,4,15,5.15,5.15,ha,4.0,15.0,completed,06:53,14:21,
WO-2025-0205-U-019,2025-02-05,spray,spraying,5,170,S5-01,12,13,27.74,20.21,ha,12.0,13.0,partial,06:53,12:14,WO-2025-0206-U-017
WO-2025-0205-U-020,2025-02-05,weed,path_upkeep,6,208,U6-01,5,15,6.72,6.72,ha,5.0,15.0,completed,07:08,14:38,
WO-2025-0205-U-021,2025-02-05,weed,path_upkeep,6,216,U6-02,15,17,23.65,28.7,ha,15.0,17.0,partial,07:05,13:48,WO-2025-0206-U-019
WO-2025-0205-U-022,2025-02-05,prune,pruning,6,261,U6-03,8,16,427,427,palms,8.0,16.0,completed,07:08,14:38,
WO-2025-0205-U-023,2025-02-05,weed,circle_weeding,6,269,U6-04,4,15,3.94,3.94,ha,4.0,15.0,completed,07:04,14:31,
WO-2025-0205-U-024,2025-02-05,spray,spraying,6,246,S6-01,8,16,20.26,20.26,ha,8.0,16.0,completed,07:14,14:36,
WO-2025-0205-U-025,2025-02-05,weed,circle_weeding,7,289,U7-01,3,14,2.43,2.43,ha,3.0,14.0,completed,07:08,14:36,
WO-2025-0205-U-026,2025-02-05,weed,path_upkeep,7,302,U7-02,13,15,19.01,22.97,ha,13.0,15.0,partial,07:10,14:12,WO-2025-0206-U-021
WO-2025-0205-U-027,2025-02-05,prune,pruning,7,340,U7-04,13,14,805,635,palms,13.0,14.0,partial,06:58,12:53,WO-2025-0206-U-023
WO-2025-0205-U-028,2025-02-05,spray,spraying,7,303,S7-01,2,17,2.83,2.83,ha,2.0,17.0,completed,06:58,14:22,
WO-2025-0206-U-001,2025-02-06,weed,circle_weeding,1,5,U1-01,8,18,8.77,8.77,ha,8.0,18.0,completed,06:54,14:14,
WO-2025-0206-U-002,2025-02-06,weed,circle_weeding,1,15,U1-02,14,17,16.62,13.06,ha,14.0,17.0,partial,06:54,12:28,WO-2025-0207-U-002
WO-2025-0206-U-003,2025-02-06,weed,path_upkeep,1,39,U1-03,17,17,24.3,21.56,ha,17.0,17.0,partial,06:57,13:31,WO-2025-0207-U-003
WO-2025-0206-U-004,2025-02-06,weed,circle_weeding,2,57,U2-02,15,15,18.0,15.0,ha,15.0,15.0,partial,07:07,13:14,WO-2025-0207-U-005
WO-2025-0206-U-005,2025-02-06,spray,spraying,2,56,S2-01,12,13,30.36,24.99,ha,12.0,13.0,partial,07:10,13:05,WO-2025-0207-U-007
WO-2025-0206-U-006,2025-02-06,weed,path_upkeep,3,78,U3-01,7,16,9.96,9.96,ha,7.0,16.0,completed,06:49,14:10,
WO-2025-0206-U-007,2025-02-06,weed,circle_weeding,3,91,U3-02,14,13,15.26,9.89,ha,14.0,13.0,partial,07:04,11:39,WO-2025-0207-U-009
WO-2025-0206-U-008,2025-02-06,weed,circle_weeding,3,105,U3-03,7,14,7.21,7.21,ha,7.0,14.0,completed,07:10,14:39,
WO-2025-0206-U-009,2025-02-06,spray,spraying,3,84,S3-01,13,17,32.45,29.3,ha,13.0,17.0,partial,06:58,13:33,WO-2025-0207-U-011
WO-2025-0206-U-010,2025-02-06,weed,path_upkeep,4,130,U4-01,13,14,15.6,12.66,ha,13.0,14.0,partial,07:01,12:46,WO-2025-0207-U-012
WO-2025-0206-U-011,2025-02-06,weed,path_upkeep,4,134,U4-02,13,14,21.37,15.79,ha,13.0,14.0,partial,07:07,12:45,WO-2025-0207-U-013
WO-2025-0206-U-012,2025-02-06,weed,path_upkeep,4,151,U4-03,12,14,17.31,13.77,ha,12.0,14.0,partial,07:13,13:16,WO-2025-0207-U-014
WO-2025-0206-U-013,2025-02-06,spray,spraying,4,129,S4-01,9,16,22.82,22.82,ha,9.0,16.0,completed,06:54,14:05,
WO-2025-0206-U-014,2025-02-06,weed,circle_weeding,5,170,U5-01,14,15,15.72,11.8,ha,14.0,15.0,partial,07:03,12:03,WO-2025-0207-U-016
WO-2025-0206-U-015,2025-02-06,prune,pruning,5,185,U5-02,7,14,380,380,palms,7.0,14.0,completed,07:11,14:11,
WO-2025-0206-U-016,2025-02-06,weed,circle_weeding,5,200,U5-03,15,16,19.8,13.56,ha,15.0,16.0,partial,06:48,11:23,WO-2025-0207-U-018
WO-2025-0206-U-017,2025-02-06,spray,spraying,5,170,S5-01,4,11,9.07,9.07,ha,4.0,11.0,completed,06:46,13:30,
WO-2025-0206-U-018,2025-02-06,weed,circle_weeding,6,210,U6-01,15,16,16.5,15.23,ha,15.0,16.0,partial,06:53,13:04,WO-2025-0207-U-020
WO-2025-0206-U-019,2025-02-06,weed,path_upkeep,6,216,U6-02,1,16,1.37,1.37,ha,1.0,16.0,completed,07:07,14:35,
WO-2025-0206-U-020,2025-02-06,weed,circle_weeding,6,264,U6-04,11,14,11.92,11.92,ha,11.0,14.0,completed,06:52,13:40,
WO-2025-0206-U-021,2025-02-06,weed,path_upkeep,7,302,U7-02,4,15,5.74,5.74,ha,4.0,15.0,completed,06:49,13:42,
WO-2025-0206-U-022,2025-02-06,prune,pruning,7,311,U7-03,13,14,709,503,palms,13.0,14.0,partial,07:10,12:07,WO-2025-0207-U-027
WO-2025-0206-U-023,2025-02-06,prune,pruning,7,340,U7-04,13,13,805,652,palms,13.0,13.0,partial,07:12,12:34,WO-2025-0207-U-028
WO-2025-0207-U-001,2025-02-07,prune,pruning,1,8,U1-01,17,17,1005,688,palms,17.0,17.0,partial,06:46,11:20,WO-2025-0208-U-001
WO-2025-0207-U-002,2025-02-07,weed,circle_weeding,1,15,U1-02,3,17,3.57,3.57,ha,3.0,17.0,completed,06:53,13:52,
WO-2025-0207-U-003,2025-02-07,weed,path_upkeep,1,39,U1-03,6,18,7.83,7.83,ha,6.0,18.0,completed,07:12,14:39,
WO-2025-0207-U-004,2025-02-07,spray,spraying,1,23,S1-01,12,14,28.14,21.54,ha,12.0,14.0,partial,06:47,12:12,WO-2025-0208-U-004
WO-2025-0207-U-005,2025-02-07,weed,circle_weeding,2,57,U2-02,13,14,14.86,14.86,ha,13.0,14.0,completed,06:52,14:02,
WO-2025-0207-U-006,2025-02-07,weed,circle_weeding,2,70,U2-03,15,12,16.91,15.56,ha,15.0,12.0,partial,07:12,13:49,WO-2025-0208-U-007
WO-2025-0207-U-007,2025-02-07,spray,spraying,2,56,S2-01,3,12,5.37,5.37,ha,3.0,12.0,completed,07:08,14:10,
WO-2025-0207-U-008,2025-02-07,weed,circle_weeding,3,85,U3-01,14,16,15.09,13.64,ha,14.0,16.0,partial,06:51,13:13,WO-2025-0208-U-009
WO-2025-0207-U-009,2025-02-07,weed,circle_weeding,3,91,U3-02,7,15,7.14,7.14,ha,7.0,15.0,completed,06:52,14:15,
WO-2025-0207-U-010,2025-02-07,prune,pruning,3,111,U3-03,14,16,816,888,palms,14.0,16.0,partial,06:56,13:42,WO-2025-0208-U-011
WO-2025-0207-U-011,2025-02-07,spray,spraying,3,84,S3-01,2,15,3.15,3.15,ha,2.0,15.0,completed,06:46,14:04,
WO-2025-0207-U-012,2025-02-07,weed,path_upkeep,4,130,U4-01,13,12,15.6,16.56,ha,13.0,12.0,partial,07:06,13:52,WO-2025-0208-U-013
WO-2025-0207-U-013,2025-02-07,weed,path_upkeep,4,134,U4-02,13,15,20.1,20.1,ha,13.0,15.0,completed,07:07,14:12,
WO-2025-0207-U-014,2025-02-07,weed,path_upkeep,4,151,U4-03,3,15,3.55,3.55,ha,3.0,15.0,completed,06:52,13:56,
WO-2025-0207-U-015,2025-02-07,spray,spraying,4,124,S4-01,5,14,10.85,10.85,ha,5.0,14.0,completed,07:10,13:54,
WO-2025-0207-U-016,2025-02-07,weed,circle_weeding,5,170,U5-01,4,16,3.93,3.93,ha,4.0,16.0,completed,07:11,14:10,
WO-2025-0207-U-017,2025-02-07,weed,circle_weeding,5,187,U5-02,15,14,18.68,10.39,ha,15.0,14.0,partial,06:58,10:45,WO-2025-0208-U-019
WO-2025-0207-U-018,2025-02-07,weed,circle_weeding,5,200,U5-03,6,16,7.47,7.47,ha,6.0,16.0,completed,07:13,14:09,
WO-2025-0207-U-019,2025-02-07,spray,spraying,5,179,S5-01,12,11,25.51,15.31,ha,12.0,11.0,partial,07:03,11:18,WO-2025-0208-U-021
WO-2025-0207-U-020,2025-02-07,weed,circle_weeding,6,210,U6-01,15,17,16.5,14.02,ha,15.0,17.0,partial,07:12,13:23,WO-2025-0208-U-022
WO-2025-0207-U-021,2025-02-07,weed,circle_weeding,6,248,U6-02,15,17,17.34,15.3,ha,15.0,17.0,partial,06:51,13:22,WO-2025-0208-U-023
WO-2025-0207-U-022,2025-02-07,weed,circle_weeding,6,261,U6-03,15,17,18.23,17.24,ha,15.0,17.0,partial,06:49,13:23,WO-2025-0208-U-024
WO-2025-0207-U-023,2025-02-07,prune,pruning,6,379,U6-04,15,15,876,687,palms,15.0,15.0,partial,07:10,12:36,WO-2025-0208-U-025
WO-2025-0207-U-024,2025-02-07,spray,spraying,6,247,S6-01,6,16,15.14,15.14,ha,6.0,16.0,completed,06:53,14:07,
WO-2025-0207-U-025,2025-02-07,weed,circle_weeding,7,291,U7-01,13,14,12.93,14.75,ha,13.0,14.0,partial,06:47,13:52,WO-2025-0208-U-026
WO-2025-0207-U-026,2025-02-07,weed,path_upkeep,7,309,U7-02,13,12,19.01,10.26,ha,13.0,12.0,partial,07:13,11:11,WO-2025-0208-U-027
WO-2025-0207-U-027,2025-02-07,prune,pruning,7,311,U7-03,13,15,709,902,palms,13.0,15.0,partial,07:13,14:04,WO-2025-0208-U-028
WO-2025-0207-U-028,2025-02-07,prune,pruning,7,340,U7-04,13,14,805,652,palms,13.0,14.0,partial,06:57,12:47,WO-2025-0208-U-029
WO-2025-0207-U-029,2025-02-07,spray,spraying,7,306,S7-01,10,17,22.74,22.74,ha,10.0,17.0,completed,06:56,14:08,
WO-2025-0208-U-001,2025-02-08,prune,pruning,1,8,U1-01,17,16,1005,705,palms,17.0,16.0,partial,06:47,11:53,WO-2025-0210-U-001
WO-2025-0208-U-002,2025-02-08,prune,pruning,1,21,U1-02,17,18,1050,994,palms,17.0,18.0,partial,07:12,13:33,WO-2025-0210-U-002
WO-2025-0208-U-003,2025-02-08,weed,circle_weeding,1,36,U1-03,17,18,17.82,13.13,ha,17.0,18.0,partial,06:00,12:29,WO-2025-0210-U-003
WO-2025-0208-U-004,2025-02-08,spray,spraying,1,23,S1-01,3,14,6.6,6.6,ha,3.0,14.0,completed,06:48,13:51,
WO-2025-0208-U-005,2025-02-08,weed,circle_weeding,2,43,U2-01,15,18,17.79,24.55,ha,15.0,18.0,partial,06:50,13:49,WO-2025-0210-U-005
WO-2025-0208-U-006,2025-02-08,weed,path_upkeep,2,56,U2-02,15,14,24.55,14.13,ha,15.0,14.0,partial,07:07,11:36,WO-2025-0210-U-006
WO-2025-0208-U-007,2025-02-08,weed,circle_weeding,2,70,U2-03,12,15,12.98,11.86,ha,12.0,15.0,partial,07:13,13:33,WO-2025-0210-U-007
WO-2025-0208-U-008,2025-02-08,spray,spraying,2,65,S2-01,7,12,16.33,16.33,ha,7.0,12.0,completed,07:11,14:37,
WO-2025-0208-U-009,2025-02-08,weed,circle_weeding,3,85,U3-01,9,13,9.35,9.35,ha,9.0,13.0,completed,06:47,13:30,
WO-2025-0208-U-010,2025-02-08,weed,circle_weeding,3,98,U3-02,14,15,15.26,14.85,ha,14.0,15.0,partial,06:56,14:06,WO-2025-0210-U-010
WO-2025-0208-U-011,2025-02-08,prune,pruning,3,111,U3-03,14,15,816,828,palms,14.0,15.0,partial,06:52,14:07,WO-2025-0210-U-011
WO-2025-0208-U-012,2025-02-08,spray,spraying,3,106,S3-01,4,16,9.84,9.84,ha,4.0,16.0,completed,07:07,14:34,
WO-2025-0208-U-013,2025-02-08,weed,path_upkeep,4,130,U4-01,3,14,2.54,2.54,ha,3.0,14.0,completed,06:50,13:43,
WO-2025-0208-U-014,2025-02-08,weed,circle_weeding,4,135,U4-02,13,14,15.67,10.36,ha,13.0,14.0,partial,06:56,12:02,WO-2025-0210-U-014
WO-2025-0208-U-015,2025-02-08,weed,circle_weeding,4,148,U4-03,13,13,13.96,13.0,ha,13.0,13.0,partial,06:50,13:10,WO-2025-0210-U-015
WO-2025-0208-U-016,2025-02-08,weed,circle_weeding,4,165,U4-04,13,14,13.44,11.71,ha,13.0,14.0,partial,06:51,12:56,WO-2025-0210-U-016
WO-2025-0208-U-017,2025-02-08,spray,spraying,4,142,S4-01,11,15,26.1,23.24,ha,11.0,15.0,partial,06:50,12:59,WO-2025-0210-U-017
WO-2025-0208-U-018,2025-02-08,weed,circle_weeding,5,179,U5-01,15,15,17.9,14.16,ha,15.0,15.0,partial,07:08,12:45,WO-2025-0210-U-018
WO-2025-0208-U-019,2025-02-08,weed,circle_weeding,5,187,U5-02,15,15,18.68,11.42,ha,15.0,15.0,partial,06:59,11:40,WO-2025-0210-U-019
WO-2025-0208-U-020,2025-02-08,weed,path_upkeep,5,200,U5-03,12,14,21.03,21.03,ha,12.0,14.0,completed,06:57,13:51,
WO-2025-0208-U-021,2025-02-08,spray,spraying,5,179,S5-01,5,12,10.2,10.2,ha,5.0,12.0,completed,07:15,14:42,
WO-2025-0208-U-022,2025-02-08,weed,circle_weeding,6,210,U6-01,3,17,2.54,2.54,ha,3.0,17.0,completed,07:00,14:23,
WO-2025-0208-U-023,2025-02-08,weed,circle_weeding,6,248,U6-02,14,16,15.42,15.42,ha,14.0,16.0,completed,07:10,14:22,
WO-2025-0208-U-024,2025-02-08,weed,circle_weeding,6,261,U6-03,3,17,2.99,2.99,ha,3.0,17.0,completed,06:45,13:50,
WO-2025-0208-U-025,2025-02-08,prune,pruning,6,379,U6-04,15,17,876,700,palms,15.0,17.0,partial,06:52,12:56,WO-2025-0210-U-024
WO-2025-0208-U-026,2025-02-08,weed,circle_weeding,7,291,U7-01,11,14,10.82,9.27,ha,11.0,14.0,partial,06:52,13:03,WO-2025-0210-U-026
WO-2025-0208-U-027,2025-02-08,weed,path_upkeep,7,309,U7-02,10,14,14.59,13.75,ha,10.0,14.0,partial,07:13,14:09,WO-2025-0210-U-027
WO-2025-0208-U-028,2025-02-08,prune,pruning,7,311,U7-03,13,13,709,815,palms,13.0,13.0,partial,06:55,14:05,WO-2025-0210-U-028
WO-2025-0208-U-029,2025-02-08,prune,pruning,7,340,U7-04,13,14,805,432,palms,13.0,14.0,partial,07:11,10:59,WO-2025-0210-U-029
WO-2025-0210-U-001,2025-02-10,prune,pruning,1,8,U1-01,17,18,1005,866,palms,17.0,18.0,partial,06:59,12:46,WO-2025-0211-U-001
WO-2025-0210-U-002,2025-02-10,prune,pruning,1,21,U1-02,17,17,1050,1168,palms,17.0,17.0,partial,07:08,14:35,WO-2025-0211-U-002
WO-2025-0210-U-003,2025-02-10,weed,circle_weeding,1,36,U1-03,15,18,15.69,11.89,ha,15.0,18.0,partial,07:03,12:44,WO-2025-0211-U-003
WO-2025-0210-U-004,2025-02-10,spray,spraying,1,17,S1-01,11,10,25.17,25.17,ha,11.0,10.0,completed,07:06,13:00,
WO-2025-0210-U-005,2025-02-10,weed,circle_weeding,2,43,U2-01,5,15,5.11,5.11,ha,5.0,15.0,completed,07:12,13:59,
WO-2025-0210-U-006,2025-02-10,weed,path_upkeep,2,56,U2-02,10,15,16.23,16.23,ha,10.0,15.0,completed,07:05,14:03,
WO-2025-0210-U-007,2025-02-10,weed,circle_weeding,2,70,U2-03,1,16,1.12,1.12,ha,1.0,16.0,completed,07:10,14:19,
WO-2025-0210-U-008,2025-02-10,spray,spraying,2,49,S2-01,10,13,25.33,25.33,ha,10.0,13.0,completed,07:08,14:08,
WO-2025-0210-U-009,2025-02-10,prune,pruning,3,85,U3-01,14,16,755,691,palms,14.0,16.0,partial,07:06,13:55,WO-2025-0211-U-008
WO-2025-0210-U-010,2025-02-10,weed,circle_weeding,3,98,U3-02,14,13,14.82,12.08,ha,14.0,13.0,partial,06:59,12:55,WO-2025-0211-U-009
WO-2025-0210-U-011,2025-02-10,prune,pruning,3,111,U3-03,14,15,816,833,palms,14.0,15.0,partial,06:53,13:51,WO-2025-0211-U-010
WO-2025-0210-U-012,2025-02-10,spray,spraying,3,90,S3-01,11,17,26.48,26.48,ha,11.0,17.0,completed,07:06,14:01,
WO-2025-0210-U-013,2025-02-10,prune,pruning,4,125,U4-01,13,12,572,336,palms,13.0,12.0,partial,06:54,10:52,WO-2025-0211-U-012
WO-2025-0210-U-014,2025-02-10,weed,circle_weeding,4,135,U4-02,13,13,15.67,14.63,ha,13.0,13.0,partial,07:03,14:03,WO-2025-0211-U-013
WO-2025-0210-U-015,2025-02-10,weed,circle_weeding,4,148,U4-03,13,15,13.96,10.77,ha,13.0,15.0,partial,06:50,12:08,WO-2025-0211-U-014
WO-2025-0210-U-016,2025-02-10,weed,circle_weeding,4,165,U4-04,6,14,5.52,5.52,ha,6.0,14.0,completed,06:56,14:08,
WO-2025-0210-U-017,2025-02-10,spray,spraying,4,142,S4-01,2,14,2.86,2.86,ha,2.0,14.0,completed,07:07,14:01,
WO-2025-0210-U-018,2025-02-10,weed,circle_weeding,5,179,U5-01,10,15,11.35,10.56,ha,10.0,15.0,partial,07:08,13:22,WO-2025-0211-U-016
WO-2025-0210-U-019,2025-02-10,weed,circle_weeding,5,187,U5-02,8,16,8.9,8.9,ha,8.0,16.0,completed,07:10,14:32,
WO-2025-0210-U-020,2025-02-10,prune,pruning,5,373,U5-03,8,15,472,472,palms,8.0,15.0,completed,07:06,14:02,
WO-2025-0210-U-021,2025-02-10,spray,spraying,5,188,S5-01,12,12,27.74,21.47,ha,12.0,12.0,partial,07:14,12:47,WO-2025-0211-U-018
WO-2025-0210-U-022,2025-02-10,weed,circle_weeding,6,211,U6-01,15,16,16.5,17.74,ha,15.0,16.0,partial,06:50,13:53,WO-2025-0211-U-019
WO-2025-0210-U-023,2025-02-10,weed,circle_weeding,6,215,U6-02,15,14,17.34,12.53,ha,15.0,14.0,partial,07:06,12:29,WO-2025-0211-U-020
WO-2025-0210-U-024,2025-02-10,prune,pruning,6,379,U6-04,15,14,876,750,palms,15.0,14.0,partial,07:10,13:37,WO-2025-0211-U-022
WO-2025-0210-U-025,2025-02-10,spray,spraying,6,250,S6-01,10,18,26.08,26.08,ha,10.0,18.0,completed,06:56,14:20,
WO-2025-0210-U-026,2025-02-10,weed,circle_weeding,7,291,U7-01,2,14,1.55,1.55,ha,2.0,14.0,completed,07:10,14:37,
WO-2025-0210-U-027,2025-02-10,weed,path_upkeep,7,309,U7-02,1,14,0.84,0.84,ha,1.0,14.0,completed,07:08,14:16,
WO-2025-0210-U-028,2025-02-10,prune,pruning,7,311,U7-03,13,14,709,486,palms,13.0,14.0,partial,06:58,11:51,WO-2025-0211-U-025
WO-2025-0210-U-029,2025-02-10,prune,pruning,7,340,U7-04,13,15,805,902,palms,13.0,15.0,completed,07:00,14:04,
WO-2025-0211-U-001,2025-02-11,prune,pruning,1,8,U1-01,17,16,1005,742,palms,17.0,16.0,partial,06:46,11:55,WO-2025-0212-U-001
WO-2025-0211-U-002,2025-02-11,prune,pruning,1,21,U1-02,17,18,1050,698,palms,17.0,18.0,partial,06:46,11:15,WO-2025-0212-U-002
WO-2025-0211-U-003,2025-02-11,weed,circle_weeding,1,36,U1-03,4,16,3.8,3.8,ha,4.0,16.0,completed,06:53,14:10,
WO-2025-0211-U-004,2025-02-11,spray,spraying,1,39,S1-01,12,15,29.39,24.17,ha,12.0,15.0,partial,07:06,12:53,WO-2025-0212-U-004
WO-2025-0211-U-005,2025-02-11,prune,pruning,2,43,U2-01,15,16,889,712,palms,15.0,16.0,partial,06:46,12:19,WO-2025-0212-U-005
WO-2025-0211-U-006,2025-02-11,weed,circle_weeding,2,55,U2-02,15,16,18.0,17.27,ha,15.0,16.0,partial,07:13,13:49,WO-2025-0212-U-006
WO-2025-0211-U-007,2025-02-11,weed,circle_weeding,2,73,U2-03,15,14,16.91,10.09,ha,15.0,14.0,partial,07:02,11:13,WO-2025-0212-U-007
WO-2025-0211-U-008,2025-02-11,prune,pruning,3,85,U3-01,14,14,755,471,palms,14.0,14.0,partial,06:48,11:13,WO-2025-0212-U-008
WO-2025-0211-U-009,2025-02-11,weed,circle_weeding,3,98,U3-02,3,13,2.74,2.74,ha,3.0,13.0,completed,07:15,14:18,
WO-2025-0211-U-010,2025-02-11,prune,pruning,3,111,U3-03,14,14,816,433,palms,14.0,14.0,partial,06:57,10:55,WO-2025-0212-U-010
WO-2025-0211-U-011,2025-02-11,spray,spraying,3,83,S3-01,15,16,35.82,35.82,ha,15.0,16.0,completed,07:13,14:06,
WO-2025-0211-U-012,2025-02-11,prune,pruning,4,125,U4-01,13,13,572,535,palms,13.0,13.0,partial,06:53,13:50,WO-2025-0212-U-012
WO-2025-0211-U-013,2025-02-11,weed,circle_weeding,4,135,U4-02,2,15,2.28,2.28,ha,2.0,15.0,completed,06:45,14:09,
WO-2025-0211-U-014,2025-02-11,weed,circle_weeding,4,148,U4-03,9,14,9.08,9.08,ha,9.0,14.0,completed,06:50,14:04,
WO-2025-0211-U-015,2025-02-11,spray,spraying,4,137,S4-01,12,16,29.68,25.56,ha,12.0,16.0,partial,06:47,12:00,WO-2025-0212-U-016
WO-2025-0211-U-016,2025-02-11,weed,circle_weeding,5,179,U5-01,1,16,0.79,0.79,ha,1.0,16.0,completed,06:48,13:51,
WO-2025-0211-U-017,2025-02-11,weed,circle_weeding,5,190,U5-02,15,15,18.68,15.84,ha,15.0,15.0,partial,07:01,13:18,WO-2025-0212-U-018
WO-2025-0211-U-018,2025-02-11,spray,spraying,5,188,S5-01,5,13,9.49,9.49,ha,5.0,13.0,completed,07:02,14:29,
WO-2025-0211-U-019,2025-02-11,weed,circle_weeding,6,211,U6-01,10,17,9.95,9.95,ha,10.0,17.0,completed,06:58,14:18,
WO-2025-0211-U-020,2025-02-11,weed,circle_weeding,6,215,U6-02,15,16,16.56,12.73,ha,15.0,16.0,partial,07:12,13:02,WO-2025-0212-U-021
WO-2025-0211-U-021,2025-02-11,weed,circle_weeding,6,262,U6-03,15,17,18.23,21.67,ha,15.0,17.0,partial,06:53,13:46,WO-2025-0212-U-022
WO-2025-0211-U-022,2025-02-11,prune,pruning,6,379,U6-04,15,14,876,626,palms,15.0,14.0,partial,07:00,12:07,WO-2025-0212-U-023
WO-2025-0211-U-023,2025-02-11,weed,circle_weeding,7,295,U7-01,13,14,12.58,11.9,ha,13.0,14.0,partial,07:10,14:02,WO-2025-0212-U-024
WO-2025-0211-U-024,2025-02-11,weed,path_upkeep,7,307,U7-02,8,14,10.73,10.73,ha,8.0,14.0,completed,07:04,14:13,
WO-2025-0211-U-025,2025-02-11,prune,pruning,7,311,U7-03,13,14,709,423,palms,13.0,14.0,partial,06:51,11:32,WO-2025-0212-U-026
WO-2025-0211-U-026,2025-02-11,weed,circle_weeding,7,347,U7-04,13,13,16.1,14.74,ha,13.0,13.0,partial,07:13,13:44,WO-2025-0212-U-027
WO-2025-0212-U-001,2025-02-12,prune,pruning,1,8,U1-01,17,18,1005,761,palms,17.0,18.0,partial,06:58,12:19,WO-2025-0213-U-001
WO-2025-0212-U-002,2025-02-12,prune,pruning,1,21,U1-02,17,17,1050,726,palms,17.0,17.0,partial,07:05,12:17,WO-2025-0213-U-002
WO-2025-0212-U-003,2025-02-12,weed,circle_weeding,1,38,U1-03,17,19,17.82,15.48,ha,17.0,19.0,partial,06:48,13:11,WO-2025-0213-U-003
WO-2025-0212-U-004,2025-02-12,spray,spraying,1,39,S1-01,3,13,5.22,0.0,ha,3.0,3.9,weathered_off,06:46,08:50,WO-2025-0213-U-004
WO-2025-0212-U-005,2025-02-12,prune,pruning,2,43,U2-01,15,16,889,706,palms,15.0,16.0,partial,07:13,12:44,WO-2025-0213-U-005
WO-2025-0212-U-006,2025-02-12,weed,circle_weeding,2,55,U2-02,11,14,12.62,12.62,ha,11.0,14.0,completed,06:51,13:35,
WO-2025-0212-U-007,2025-02-12,weed,circle_weeding,2,73,U2-03,15,17,16.91,13.72,ha,15.0,17.0,partial,06:57,12:26,WO-2025-0213-U-007
WO-2025-0212-U-008,2025-02-12,prune,pruning,3,85,U3-01,14,15,755,543,palms,14.0,15.0,partial,06:51,12:04,WO-2025-0213-U-009
WO-2025-0212-U-009,2025-02-12,weed,path_upkeep,3,98,U3-02,14,15,20.81,16.04,ha,14.0,15.0,partial,06:58,12:35,WO-2025-0213-U-010
WO-2025-0212-U-010,2025-02-12,prune,pruning,3,111,U3-03,14,15,816,614,palms,14.0,15.0,partial,06:57,12:04,WO-2025-0213-U-011
WO-2025-0212-U-011,2025-02-12,weed,path_upkeep,3,370,U3-04,2,15,2.09,2.09,ha,2.0,15.0,completed,06:58,13:51,
WO-2025-0212-U-012,2025-02-12,prune,pruning,4,125,U4-01,2,14,72,72,palms,2.0,14.0,completed,06:59,13:55,
WO-2025-0212-U-013,2025-02-12,prune,pruning,4,138,U4-02,13,14,784,496,palms,13.0,14.0,partial,07:07,11:50,WO-2025-0213-U-013
WO-2025-0212-U-014,2025-02-12,weed,circle_weeding,4,153,U4-03,13,12,13.96,14.82,ha,13.0,12.0,partial,06:00,14:27,WO-2025-0213-U-014
WO-2025-0212-U-015,2025-02-12,weed,circle_weeding,4,164,U4-04,13,14,13.44,10.59,ha,13.0,14.0,partial,06:46,12:20,WO-2025-0213-U-015
WO-2025-0212-U-016,2025-02-12,spray,spraying,4,137,S4-01,2,14,4.12,0.0,ha,2.0,4.2,weathered_off,07:04,09:50,WO-2025-0213-U-016
WO-2025-0212-U-017,2025-02-12,prune,pruning,5,177,U5-01,15,16,895,578,palms,15.0,16.0,partial,07:01,11:36,WO-2025-0213-U-017
WO-2025-0212-U-018,2025-02-12,weed,circle_weeding,5,190,U5-02,11,15,13.01,13.01,ha,11.0,15.0,completed,07:13,14:07,
WO-2025-0212-U-019,2025-02-12,spray,spraying,5,169,S5-01,12,12,27.74,0.0,ha,12.0,3.6,weathered_off,07:07,08:39,WO-2025-0213-U-019
WO-2025-0212-U-020,2025-02-12,weed,circle_weeding,6,205,U6-01,15,15,16.5,12.3,ha,15.0,15.0,partial,06:59,12:09,WO-2025-0213-U-020
WO-2025-0212-U-021,2025-02-12,weed,circle_weeding,6,215,U6-02,4,17,3.84,3.84,ha,4.0,17.0,completed,07:06,14:16,
WO-2025-0212-U-022,2025-02-12,weed,circle_weeding,6,262,U6-03,4,16,4.84,4.84,ha,4.0,16.0,completed,06:59,13:52,
WO-2025-0212-U-023,2025-02-12,prune,pruning,6,379,U6-04,15,15,876,484,palms,15.0,15.0,partial,06:59,11:20,WO-2025-0213-U-022
WO-2025-0212-U-024,2025-02-12,weed,circle_weeding,7,295,U7-01,1,15,0.68,0.68,ha,1.0,15.0,completed,07:05,14:21,
WO-2025-0212-U-025,2025-02-12,weed,circle_weeding,7,302,U7-02,13,15,13.94,15.3,ha,13.0,15.0,partial,07:03,14:30,WO-2025-0213-U-024
WO-2025-0212-U-026,2025-02-12,prune,pruning,7,311,U7-03,13,9,709,356,palms,13.0,9.0,partial,06:47,10:23,WO-2025-0213-U-025
WO-2025-0212-U-027,2025-02-12,weed,circle_weeding,7,347,U7-04,13,15,16.1,16.18,ha,13.0,15.0,completed,07:07,13:51,
WO-2025-0213-U-001,2025-02-13,prune,pruning,1,8,U1-01,11,16,639,639,palms,11.0,16.0,completed,07:13,14:35,
WO-2025-0213-U-002,2025-02-13,prune,pruning,1,21,U1-02,9,18,552,552,palms,9.0,18.0,completed,06:59,14:26,
WO-2025-0213-U-003,2025-02-13,weed,circle_weeding,1,38,U1-03,13,16,13.18,13.18,ha,13.0,16.0,completed,07:01,14:17,
WO-2025-0213-U-004,2025-02-13,spray,spraying,1,39,S1-01,3,12,5.22,5.22,ha,3.0,12.0,completed,07:01,13:53,
WO-2025-0213-U-005,2025-02-13,prune,pruning,2,43,U2-01,15,14,889,890,palms,15.0,14.0,partial,06:48,13:59,WO-2025-0214-U-005
WO-2025-0213-U-006,2025-02-13,prune,pruning,2,63,U2-02,15,15,900,624,palms,15.0,15.0,partial,07:13,12:28,WO-2025-0214-U-006
WO-2025-0213-U-007,2025-02-13,weed,circle_weeding,2,73,U2-03,6,15,5.91,5.91,ha,6.0,15.0,completed,07:08,13:59,
WO-2025-0213-U-008,2025-02-13,spray,spraying,2,382,S2-01,11,11,28.8,18.93,ha,11.0,11.0,partial,07:04,11:34,WO-2025-0214-U-007
WO-2025-0213-U-009,2025-02-13,prune,pruning,3,85,U3-01,14,11,755,464,palms,14.0,11.0,partial,06:51,11:37,WO-2025-0214-U-008
WO-2025-0213-U-010,2025-02-13,weed,path_upkeep,3,98,U3-02,10,14,13.63,13.63,ha,10.0,14.0,completed,07:11,14:24,
WO-2025-0213-U-011,2025-02-13,prune,pruning,3,111,U3-03,14,13,816,587,palms,14.0,13.0,partial,07:11,12:15,WO-2025-0214-U-010
WO-2025-0213-U-012,2025-02-13,weed,circle_weeding,4,126,U4-01,8,12,6.22,6.22,ha,8.0,12.0,completed,07:08,14:26,
WO-2025-0213-U-013,2025-02-13,prune,pruning,4,138,U4-02,13,14,784,947,palms,13.0,14.0,partial,07:06,13:58,WO-2025-0214-U-013
WO-2025-0213-U-014,2025-02-13,weed,circle_weeding,4,153,U4-03,13,13,13.96,15.67,ha,13.0,13.0,partial,06:55,14:08,WO-2025-0214-U-014
WO-2025-0213-U-015,2025-02-13,weed,circle_weeding,4,164,U4-04,4,15,3.14,3.14,ha,4.0,15.0,completed,06:50,14:02,
WO-2025-0213-U-016,2025-02-13,spray,spraying,4,137,S4-01,2,13,4.12,4.12,ha,2.0,13.0,completed,06:00,14:22,
WO-2025-0213-U-017,2025-02-13,prune,pruning,5,177,U5-01,15,15,895,794,palms,15.0,15.0,partial,06:58,13:34,WO-2025-0214-U-016
WO-2025-0213-U-018,2025-02-13,weed,circle_weeding,5,184,U5-02,15,16,18.68,16.11,ha,15.0,16.0,partial,06:47,13:09,WO-2025-0214-U-017
WO-2025-0213-U-019,2025-02-13,spray,spraying,5,169,S5-01,12,12,27.74,13.98,ha,12.0,12.0,partial,07:00,10:53,WO-2025-0214-U-019
WO-2025-0213-U-020,2025-02-13,weed,circle_weeding,6,205,U6-01,12,17,12.91,12.91,ha,12.0,17.0,completed,07:10,14:06,
WO-2025-0213-U-021,2025-02-13,weed,circle_weeding,6,216,U6-02,15,16,17.34,18.37,ha,15.0,16.0,partial,07:08,13:51,WO-2025-0214-U-021
WO-2025-0213-U-022,2025-02-13,prune,pruning,6,379,U6-04,15,17,876,749,palms,15.0,17.0,partial,06:50,12:51,WO-2025-0214-U-022
WO-2025-0213-U-023,2025-02-13,weed,circle_weeding,7,298,U7-01,13,14,12.93,10.15,ha,13.0,14.0,partial,06:50,12:40,WO-2025-0214-U-023
WO-2025-0213-U-024,2025-02-13,weed,circle_weeding,7,302,U7-02,13,14,13.41,12.5,ha,13.0,14.0,partial,06:50,13:17,WO-2025-0214-U-024
WO-2025-0213-U-025,2025-02-13,prune,pruning,7,311,U7-03,13,15,709,630,palms,13.0,15.0,partial,06:56,13:34,WO-2025-0214-U-025
WO-2025-0213-U-026,2025-02-13,weed,circle_weeding,7,348,U7-04,13,14,16.1,9.93,ha,13.0,14.0,partial,07:01,11:24,WO-2025-0214-U-026
WO-2025-0213-U-027,2025-02-13,spray,spraying,7,290,S7-01,9,15,21.2,19.98,ha,9.0,15.0,partial,07:03,13:54,WO-2025-0214-U-027
WO-2025-0214-U-001,2025-02-14,weed,circle_weeding,1,8,U1-01,17,17,20.1,15.17,ha,17.0,17.0,partial,07:02,12:41,WO-2025-0215-U-001
WO-2025-0214-U-002,2025-02-14,prune,pruning,1,22,U1-02,17,19,1050,763,palms,17.0,19.0,partial,06:56,12:24,WO-2025-0215-U-002
WO-2025-0214-U-003,2025-02-14,weed,circle_weeding,1,34,U1-03,17,19,17.82,15.57,ha,17.0,19.0,partial,07:08,13:13,WO-2025-0215-U-003
WO-2025-0214-U-004,2025-02-14,spray,spraying,1,18,S1-01,9,13,21.28,21.28,ha,9.0,13.0,completed,06:57,13:41,
WO-2025-0214-U-005,2025-02-14,prune,pruning,2,43,U2-01,15,14,889,907,palms,15.0,14.0,partial,06:58,14:18,WO-2025-0215-U-004
WO-2025-0214-U-006,2025-02-14,prune,pruning,2,63,U2-02,15,15,900,628,palms,15.0,15.0,partial,06:48,11:26,WO-2025-0215-U-005
WO-2025-0214-U-007,2025-02-14,spray,spraying,2,382,S2-01,4,11,9.87,9.87,ha,4.0,11.0,completed,06:58,14:08,
WO-2025-0214-U-008,2025-02-14,prune,pruning,3,85,U3-01,14,16,755,596,palms,14.0,16.0,partial,06:56,12:48,WO-2025-0215-U-006
WO-2025-0214-U-009,2025-02-14,weed,path_upkeep,3,88,U3-02,14,13,20.81,15.64,ha,14.0,13.0,partial,06:47,11:48,WO-2025-0215-U-007
WO-2025-0214-U-010,2025-02-14,prune,pruning,3,111,U3-03,14,14,816,596,palms,14.0,14.0,partial,06:47,12:20,WO-2025-0215-U-008
WO-2025-0214-U-011,2025-02-14,spray,spraying,3,100,S3-01,11,14,26.64,18.36,ha,11.0,14.0,partial,06:47,11:20,WO-2025-0215-U-009
WO-2025-0214-U-012,2025-02-14,prune,pruning,4,127,U4-01,10,12,417,417,palms,10.0,12.0,completed,07:05,14:21,
WO-2025-0214-U-013,2025-02-14,prune,pruning,4,138,U4-02,13,15,784,844,palms,13.0,15.0,partial,06:55,14:11,WO-2025-0215-U-011
WO-2025-0214-U-014,2025-02-14,weed,circle_weeding,4,153,U4-03,4,14,3.74,3.74,ha,4.0,14.0,completed,06:45,13:40,
WO-2025-0214-U-015,2025-02-14,spray,spraying,4,165,S4-01,7,14,17.23,17.23,ha,7.0,14.0,completed,06:56,13:53,
WO-2025-0214-U-016,2025-02-14,prune,pruning,5,177,U5-01,15,16,895,806,palms,15.0,16.0,partial,07:03,13:32,WO-2025-0215-U-015
WO-2025-0214-U-017,2025-02-14,weed,circle_weeding,5,184,U5-02,3,14,3.07,3.07,ha,3.0,14.0,completed,07:01,14:09,
WO-2025-0214-U-018,2025-02-14,weed,circle_weeding,5,193,U5-03,15,15,19.8,21.6,ha,15.0,15.0,partial,06:45,13:51,WO-2025-0215-U-017
WO-2025-0214-U-019,2025-02-14,spray,spraying,5,169,S5-01,9,12,20.64,19.5,ha,9.0,12.0,partial,07:07,13:00,WO-2025-0215-U-018
WO-2025-0214-U-020,2025-02-14,weed,circle_weeding,6,204,U6-01,15,16,16.5,12.39,ha,15.0,16.0,partial,06:49,12:02,WO-2025-0215-U-019
WO-2025-0214-U-021,2025-02-14,weed,circle_weeding,6,216,U6-02,11,16,11.7,11.7,ha,11.0,16.0,completed,07:06,14:08,
WO-2025-0214-U-022,2025-02-14,prune,pruning,6,379,U6-04,15,15,876,797,palms,15.0,15.0,partial,07:07,13:46,WO-2025-0215-U-022
WO-2025-0214-U-023,2025-02-14,weed,circle_weeding,7,298,U7-01,13,15,12.93,14.01,ha,13.0,15.0,partial,06:51,13:51,WO-2025-0215-U-023
WO-2025-0214-U-024,2025-02-14,weed,circle_weeding,7,302,U7-02,1,13,0.91,0.91,ha,1.0,13.0,completed,06:46,13:50,
WO-2025-0214-U-025,2025-02-14,prune,pruning,7,311,U7-03,13,14,709,798,palms,13.0,14.0,completed,07:07,14:13,
WO-2025-0214-U-026,2025-02-14,weed,circle_weeding,7,348,U7-04,13,13,16.1,10.11,ha,13.0,13.0,partial,07:09,11:53,WO-2025-0215-U-026
WO-2025-0214-U-027,2025-02-14,spray,spraying,7,290,S7-01,1,15,1.22,1.22,ha,1.0,15.0,completed,06:56,14:03,
WO-2025-0215-U-001,2025-02-15,weed,circle_weeding,1,8,U1-01,14,17,16.45,16.45,ha,14.0,17.0,completed,06:49,14:03,
WO-2025-0215-U-002,2025-02-15,prune,pruning,1,22,U1-02,17,17,1050,818,palms,17.0,17.0,partial,07:13,12:53,WO-2025-0217-U-002
WO-2025-0215-U-003,2025-02-15,weed,circle_weeding,1,34,U1-03,13,14,12.67,11.03,ha,13.0,14.0,partial,06:50,12:53,WO-2025-0217-U-003
WO-2025-0215-U-004,2025-02-15,prune,pruning,2,43,U2-01,15,14,866,560,palms,15.0,14.0,partial,07:03,11:59,WO-2025-0217-U-004
WO-2025-0215-U-005,2025-02-15,prune,pruning,2,63,U2-02,15,16,900,773,palms,15.0,16.0,partial,06:53,12:58,WO-2025-0217-U-005
WO-2025-0215-U-006,2025-02-15,prune,pruning,3,85,U3-01,8,16,407,407,palms,8.0,16.0,completed,06:47,13:55,
WO-2025-0215-U-007,2025-02-15,weed,path_upkeep,3,88,U3-02,7,14,10.16,10.16,ha,7.0,14.0,completed,06:50,13:50,
WO-2025-0215-U-008,2025-02-15,prune,pruning,3,111,U3-03,10,16,572,572,palms,10.0,16.0,completed,07:11,14:24,
WO-2025-0215-U-009,2025-02-15,spray,spraying,3,100,S3-01,4,16,8.28,8.28,ha,4.0,16.0,completed,07:13,13:55,
WO-2025-0215-U-010,2025-02-15,weed,circle_weeding,4,127,U4-01,4,13,3.06,3.06,ha,4.0,13.0,completed,06:47,13:55,
WO-2025-0215-U-011,2025-02-15,prune,pruning,4,138,U4-02,13,14,784,851,palms,13.0,14.0,partial,07:11,13:58,WO-2025-0217-U-012
WO-2025-0215-U-012,2025-02-15,weed,circle_weeding,4,146,U4-03,13,15,13.96,15.05,ha,13.0,15.0,partial,06:53,13:49,WO-2025-0217-U-013
WO-2025-0215-U-013,2025-02-15,weed,circle_weeding,4,159,U4-04,13,14,13.44,14.94,ha,13.0,14.0,partial,07:01,14:12,WO-2025-0217-U-014
WO-2025-0215-U-014,2025-02-15,spray,spraying,4,122,S4-01,6,16,13.04,13.04,ha,6.0,16.0,completed,06:52,14:10,
WO-2025-0215-U-015,2025-02-15,prune,pruning,5,177,U5-01,15,14,895,551,palms,15.0,14.0,partial,07:06,11:53,WO-2025-0217-U-016
WO-2025-0215-U-016,2025-02-15,weed,circle_weeding,5,185,U5-02,15,15,18.68,15.1,ha,15.0,15.0,partial,06:55,12:33,WO-2025-0217-U-017
WO-2025-0215-U-017,2025-02-15,weed,circle_weeding,5,193,U5-03,6,14,7.58,7.58,ha,6.0,14.0,completed,07:14,14:23,
WO-2025-0215-U-018,2025-02-15,spray,spraying,5,169,S5-01,1,13,1.14,1.14,ha,1.0,13.0,completed,07:10,14:16,
WO-2025-0215-U-019,2025-02-15,weed,circle_weeding,6,204,U6-01,15,16,16.5,11.16,ha,15.0,16.0,partial,07:01,11:32,WO-2025-0217-U-020
WO-2025-0215-U-020,2025-02-15,weed,circle_weeding,6,222,U6-02,15,16,17.34,14.06,ha,15.0,16.0,partial,07:00,12:40,WO-2025-0217-U-021
WO-2025-0215-U-021,2025-02-15,weed,circle_weeding,6,259,U6-03,15,15,18.23,9.73,ha,15.0,15.0,partial,06:50,10:23,WO-2025-0217-U-022
WO-2025-0215-U-022,2025-02-15,prune,pruning,6,379,U6-04,10,16,579,579,palms,10.0,16.0,completed,06:48,13:43,
WO-2025-0215-U-023,2025-02-15,weed,circle_weeding,7,298,U7-01,2,13,1.0,1.0,ha,2.0,13.0,completed,06:58,14:23,
WO-2025-0215-U-024,2025-02-15,prune,pruning,7,305,U7-02,13,15,697,473,palms,13.0,15.0,partial,06:48,12:03,WO-2025-0217-U-025
WO-2025-0215-U-025,2025-02-15,weed,circle_weeding,7,336,U7-03,13,15,14.17,11.78,ha,13.0,15.0,partial,06:59,12:41,WO-2025-0217-U-026
WO-2025-0215-U-026,2025-02-15,weed,circle_weeding,7,348,U7-04,9,15,10.05,10.05,ha,9.0,15.0,completed,07:13,14:25,
WO-2025-0217-U-001,2025-02-17,weed,path_upkeep,1,6,U1-01,5,18,7.03,7.03,ha,5.0,18.0,completed,07:11,14:25,
WO-2025-0217-U-002,2025-02-17,prune,pruning,1,22,U1-02,17,18,1050,848,palms,17.0,18.0,partial,06:52,12:41,WO-2025-0218-U-002
WO-2025-0217-U-003,2025-02-17,weed,circle_weeding,1,34,U1-03,2,18,1.63,1.63,ha,2.0,18.0,completed,07:01,13:55,
WO-2025-0217-U-004,2025-02-17,prune,pruning,2,43,U2-01,6,17,306,306,palms,6.0,17.0,completed,06:55,14:19,
WO-2025-0217-U-005,2025-02-17,prune,pruning,2,63,U2-02,15,16,900,645,palms,15.0,16.0,partial,07:08,12:13,WO-2025-0218-U-005
WO-2025-0217-U-006,2025-02-17,weed,path_upkeep,2,71,U2-03,15,15,23.06,19.76,ha,15.0,15.0,partial,06:59,13:23,WO-2025-0218-U-006
WO-2025-0217-U-007,2025-02-17,spray,spraying,2,68,S2-01,8,10,19.25,0.0,ha,8.0,3.0,weathered_off,06:51,08:28,WO-2025-0218-U-007
WO-2025-0217-U-008,2025-02-17,weed,circle_weeding,3,80,U3-01,12,13,11.89,8.42,ha,12.0,13.0,partial,07:06,11:57,WO-2025-0218-U-008
WO-2025-0217-U-009,2025-02-17,weed,circle_weeding,3,92,U3-02,14,13,15.26,7.26,ha,14.0,13.0,partial,07:03,10:39,WO-2025-0218-U-009
WO-2025-0217-U-010,2025-02-17,weed,circle_weeding,3,106,U3-03,9,15,9.84,9.84,ha,9.0,15.0,completed,07:07,13:58,
WO-2025-0217-U-011,2025-02-17,weed,circle_weeding,4,130,U4-01,13,13,11.44,10.57,ha,13.0,13.0,partial,06:53,13:33,WO-2025-0218-U-011
WO-2025-0217-U-012,2025-02-17,prune,pruning,4,138,U4-02,13,13,784,901,palms,13.0,13.0,partial,06:54,14:17,WO-2025-0218-U-012
WO-2025-0217-U-013,2025-02-17,weed,circle_weeding,4,146,U4-03,13,14,13.54,10.54,ha,13.0,14.0,partial,07:02,12:20,WO-2025-0218-U-013
WO-2025-0217-U-014,2025-02-17,weed,circle_weeding,4,159,U4-04,12,12,11.7,11.7,ha,12.0,12.0,completed,07:11,14:36,
WO-2025-0217-U-015,2025-02-17,spray,spraying,4,130,S4-01,13,16,31.76,0.0,ha,13.0,4.8,weathered_off,06:57,09:37,WO-2025-0218-U-015
WO-2025-0217-U-016,2025-02-17,prune,pruning,5,177,U5-01,15,15,895,727,palms,15.0,15.0,partial,07:02,12:44,WO-2025-0218-U-016
WO-2025-0217-U-017,2025-02-17,weed,circle_weeding,5,185,U5-02,10,15,12.31,12.31,ha,10.0,15.0,completed,07:01,13:57,
WO-2025-0217-U-018,2025-02-17,prune,pruning,5,195,U5-03,15,15,990,774,palms,15.0,15.0,partial,06:58,12:25,WO-2025-0218-U-018
WO-2025-0217-U-019,2025-02-17,spray,spraying,5,189,S5-01,12,12,27.74,0.0,ha,12.0,3.6,weathered_off,06:54,08:47,WO-2025-0218-U-019
WO-2025-0217-U-020,2025-02-17,weed,circle_weeding,6,204,U6-01,10,17,10.38,10.38,ha,10.0,17.0,completed,07:00,14:17,
WO-2025-0217-U-021,2025-02-17,weed,circle_weeding,6,222,U6-02,13,17,13.88,13.88,ha,13.0,17.0,completed,06:57,13:55,
WO-2025-0217-U-022,2025-02-17,weed,circle_weeding,6,259,U6-03,15,17,18.23,13.85,ha,15.0,17.0,partial,07:12,12:41,WO-2025-0218-U-022
WO-2025-0217-U-023,2025-02-17,prune,pruning,6,264,U6-04,15,14,876,292,palms,15.0,14.0,partial,06:57,09:25,WO-2025-0218-U-023
WO-2025-0217-U-024,2025-02-17,weed,path_upkeep,7,294,U7-01,9,14,12.14,12.14,ha,9.0,14.0,completed,06:48,13:40,
WO-2025-0217-U-025,2025-02-17,prune,pruning,7,305,U7-02,13,14,697,658,palms,13.0,14.0,partial,07:11,13:39,WO-2025-0218-U-025
WO-2025-0217-U-026,2025-02-17,weed,circle_weeding,7,336,U7-03,13,13,14.17,7.18,ha,13.0,13.0,partial,06:57,10:33,WO-2025-0218-U-026
WO-2025-0217-U-027,2025-02-17,weed,circle_weeding,7,346,U7-04,13,14,16.1,12.31,ha,13.0,14.0,partial,06:55,12:29,WO-2025-0218-U-027
WO-2025-0217-U-028,2025-02-17,spray,spraying,7,299,S7-01,11,17,25.29,0.0,ha,11.0,5.1,weathered_off,06:52,09:10,WO-2025-0218-U-028
WO-2025-0218-U-001,2025-02-18,weed,path_upkeep,1,11,U1-01,17,17,27.41,31.52,ha,17.0,17.0,partial,06:51,13:36,WO-2025-0219-U-001
WO-2025-0218-U-002,2025-02-18,prune,pruning,1,22,U1-02,17,17,1050,842,palms,17.0,17.0,partial,06:56,12:47,WO-2025-0219-U-002
WO-2025-0218-U-003,2025-02-18,weed,circle_weeding,1,27,U1-03,17,17,17.82,14.62,ha,17.0,17.0,partial,06:49,12:46,WO-2025-0219-U-003
WO-2025-0218-U-004,2025-02-18,weed,circle_weeding,2,42,U2-01,15,14,17.79,14.37,ha,15.0,14.0,partial,06:48,12:29,WO-2025-0219-U-004
WO-2025-0218-U-005,2025-02-18,prune,pruning,2,63,U2-02,15,16,900,625,palms,15.0,16.0,partial,06:54,11:33,WO-2025-0219-U-005
WO-2025-0218-U-006,2025-02-18,weed,path_upkeep,2,71,U2-03,6,15,7.83,7.83,ha,6.0,15.0,completed,07:08,13:55,
WO-2025-0218-U-007,2025-02-18,spray,spraying,2,68,S2-01,8,12,19.25,19.25,ha,8.0,12.0,completed,07:06,14:18,
WO-2025-0218-U-008,2025-02-18,weed,circle_weeding,3,80,U3-01,4,13,3.47,3.47,ha,4.0,13.0,completed,07:06,13:55,
WO-2025-0218-U-009,2025-02-18,weed,circle_weeding,3,92,U3-02,14,16,15.26,11.42,ha,14.0,16.0,partial,07:06,12:43,WO-2025-0219-U-007
WO-2025-0218-U-010,2025-02-18,weed,circle_weeding,3,113,U3-03,14,14,16.32,11.05,ha,14.0,14.0,partial,06:53,11:24,WO-2025-0219-U-008
WO-2025-0218-U-011,2025-02-18,weed,circle_weeding,4,130,U4-01,13,14,11.44,6.63,ha,13.0,14.0,partial,07:06,11:38,WO-2025-0219-U-009
WO-2025-0218-U-012,2025-02-18,prune,pruning,4,138,U4-02,13,15,784,753,palms,13.0,15.0,partial,07:02,13:50,WO-2025-0219-U-010
WO-2025-0218-U-013,2025-02-18,weed,circle_weeding,4,146,U4-03,3,13,3.0,3.0,ha,3.0,13.0,completed,07:06,13:50,
WO-2025-0218-U-014,2025-02-18,weed,circle_weeding,4,160,U4-04,13,15,13.44,7.37,ha,13.0,15.0,partial,07:14,10:58,WO-2025-0219-U-012
WO-2025-0218-U-015,2025-02-18,spray,spraying,4,130,S4-01,13,15,31.76,28.0,ha,13.0,15.0,partial,07:12,13:48,WO-2025-0219-U-013
WO-2025-0218-U-016,2025-02-18,prune,pruning,5,177,U5-01,10,15,589,589,palms,10.0,15.0,completed,07:12,13:59,
WO-2025-0218-U-017,2025-02-18,weed,circle_weeding,5,180,U5-02,15,16,18.68,16.59,ha,15.0,16.0,partial,07:05,13:44,WO-2025-0219-U-015
WO-2025-0218-U-018,2025-02-18,prune,pruning,5,195,U5-03,15,15,990,743,palms,15.0,15.0,partial,07:09,12:47,WO-2025-0219-U-016
WO-2025-0218-U-019,2025-02-18,spray,spraying,5,189,S5-01,12,13,27.74,17.99,ha,12.0,13.0,partial,07:07,11:27,WO-2025-0219-U-017
WO-2025-0218-U-020,2025-02-18,weed,circle_weeding,6,214,U6-01,15,15,16.5,8.8,ha,15.0,15.0,partial,07:00,11:12,WO-2025-0219-U-018
WO-2025-0218-U-021,2025-02-18,weed,circle_weeding,6,249,U6-02,15,17,17.34,16.14,ha,15.0,17.0,partial,07:03,13:30,WO-2025-0219-U-019
WO-2025-0218-U-022,2025-02-18,weed,circle_weeding,6,259,U6-03,5,14,5.61,5.61,ha,5.0,14.0,completed,07:02,13:46,
WO-2025-0218-U-023,2025-02-18,prune,pruning,6,264,U6-04,15,16,876,527,palms,15.0,16.0,partial,06:45,11:20,WO-2025-0219-U-021
WO-2025-0218-U-024,2025-02-18,prune,pruning,7,294,U7-01,13,13,646,542,palms,13.0,13.0,partial,07:10,12:58,WO-2025-0219-U-022
WO-2025-0218-U-025,2025-02-18,prune,pruning,7,305,U7-02,13,14,697,673,palms,13.0,14.0,partial,06:56,13:59,WO-2025-0219-U-023
WO-2025-0218-U-026,2025-02-18,weed,circle_weeding,7,336,U7-03,9,14,9.38,9.38,ha,9.0,14.0,completed,06:52,13:55,
WO-2025-0218-U-027,2025-02-18,weed,circle_weeding,7,346,U7-04,11,13,12.41,10.71,ha,11.0,13.0,partial,07:10,13:37,WO-2025-0219-U-025
WO-2025-0218-U-028,2025-02-18,spray,spraying,7,299,S7-01,11,15,25.29,25.29,ha,11.0,15.0,completed,06:46,13:47,
WO-2025-0219-U-001,2025-02-19,weed,path_upkeep,1,11,U1-01,2,19,1.62,1.62,ha,2.0,19.0,completed,07:04,14:03,
WO-2025-0219-U-002,2025-02-19,prune,pruning,1,22,U1-02,13,17,773,773,palms,13.0,17.0,completed,07:15,14:25,
WO-2025-0219-U-003,2025-02-19,weed,circle_weeding,1,27,U1-03,13,19,13.59,13.59,ha,13.0,19.0,completed,06:52,14:17,
WO-2025-0219-U-004,2025-02-19,weed,circle_weeding,2,42,U2-01,13,13,14.65,11.2,ha,13.0,13.0,partial,07:11,12:41,WO-2025-0220-U-004
WO-2025-0219-U-005,2025-02-19,prune,pruning,2,63,U2-02,15,15,900,651,palms,15.0,15.0,partial,07:01,11:53,WO-2025-0220-U-005
WO-2025-0219-U-006,2025-02-19,weed,circle_weeding,3,79,U3-01,14,14,15.09,10.1,ha,14.0,14.0,partial,07:08,11:51,WO-2025-0220-U-007
WO-2025-0219-U-007,2025-02-19,weed,circle_weeding,3,92,U3-02,13,14,13.73,13.73,ha,13.0,14.0,completed,07:05,13:54,
WO-2025-0219-U-008,2025-02-19,weed,circle_weeding,3,113,U3-03,14,16,15.77,12.4,ha,14.0,16.0,partial,07:14,13:14,WO-2025-0220-U-009
WO-2025-0219-U-009,2025-02-19,weed,circle_weeding,4,130,U4-01,13,14,11.44,7.66,ha,13.0,14.0,partial,06:46,11:19,WO-2025-0220-U-011
WO-2025-0219-U-010,2025-02-19,prune,pruning,4,138,U4-02,10,13,566,566,palms,10.0,13.0,completed,06:53,14:20,
WO-2025-0219-U-011,2025-02-19,weed,circle_weeding,4,150,U4-03,13,14,13.96,12.15,ha,13.0,14.0,partial,06:48,12:47,WO-2025-0220-U-013
WO-2025-0219-U-012,2025-02-19,weed,circle_weeding,4,160,U4-04,13,14,13.44,11.3,ha,13.0,14.0,partial,06:54,12:38,WO-2025-0220-U-014
WO-2025-0219-U-013,2025-02-19,spray,spraying,4,130,S4-01,2,16,3.76,3.76,ha,2.0,16.0,completed,07:07,13:52,
WO-2025-0219-U-014,2025-02-19,weed,path_upkeep,5,172,U5-01,15,14,24.41,15.05,ha,15.0,14.0,partial,07:03,11:43,WO-2025-0220-U-015
WO-2025-0219-U-015,2025-02-19,weed,circle_weeding,5,180,U5-02,10,16,12.4,12.4,ha,10.0,16.0,completed,07:06,14:14,
WO-2025-0219-U-016,2025-02-19,prune,pruning,5,195,U5-03,15,15,990,586,palms,15.0,15.0,partial,07:01,10:57,WO-2025-0220-U-017
WO-2025-0219-U-017,2025-02-19,spray,spraying,5,189,S5-01,8,13,17.72,17.72,ha,8.0,13.0,completed,06:54,14:21,
WO-2025-0219-U-018,2025-02-19,weed,circle_weeding,6,214,U6-01,15,16,16.5,16.1,ha,15.0,16.0,partial,07:03,13:54,WO-2025-0220-U-019
WO-2025-0219-U-019,2025-02-19,weed,circle_weeding,6,249,U6-02,9,16,9.57,9.57,ha,9.0,16.0,completed,07:10,14:24,
WO-2025-0219-U-020,2025-02-19,prune,pruning,6,252,U6-03,15,16,912,909,palms,15.0,16.0,partial,07:02,14:04,WO-2025-0220-U-021
WO-2025-0219-U-021,2025-02-19,prune,pruning,6,264,U6-04,14,14,791,594,palms,14.0,14.0,partial,07:07,12:14,WO-2025-0220-U-022
WO-2025-0219-U-022,2025-02-19,prune,pruning,7,294,U7-01,13,15,646,640,palms,13.0,15.0,partial,07:11,14:07,WO-2025-0220-U-023
WO-2025-0219-U-023,2025-02-19,prune,pruning,7,305,U7-02,13,15,697,656,palms,13.0,15.0,partial,07:11,13:55,WO-2025-0220-U-024
WO-2025-0219-U-024,2025-02-19,weed,circle_weeding,7,333,U7-03,13,14,14.17,11.38,ha,13.0,14.0,partial,06:48,12:21,WO-2025-0220-U-025
WO-2025-0219-U-025,2025-02-19,weed,circle_weeding,7,346,U7-04,2,13,1.7,1.7,ha,2.0,13.0,completed,06:53,14:17,
WO-2025-0220-U-001,2025-02-20,weed,circle_weeding,1,9,U1-01,17,18,20.1,13.53,ha,17.0,18.0,partial,06:49,11:15,WO-2025-0221-U-001
WO-2025-0220-U-002,2025-02-20,weed,circle_weeding,1,21,U1-02,17,19,21.0,20.47,ha,17.0,19.0,partial,07:07,14:09,WO-2025-0221-U-002
WO-2025-0220-U-003,2025-02-20,weed,circle_weeding,1,31,U1-03,17,17,17.82,13.53,ha,17.0,17.0,partial,06:57,12:38,WO-2025-0221-U-003
WO-2025-0220-U-004,2025-02-20,weed,circle_weeding,2,42,U2-01,3,16,3.44,3.44,ha,3.0,16.0,completed,07:03,14:14,
WO-2025-0220-U-005,2025-02-20,prune,pruning,2,63,U2-02,6,15,335,335,palms,6.0,15.0,completed,06:49,13:35,
WO-2025-0220-U-006,2025-02-20,weed,path_upkeep,2,72,U2-03,15,13,23.06,11.6,ha,15.0,13.0,partial,07:02,10:23,WO-2025-0221-U-007
WO-2025-0220-U-007,2025-02-20,weed,circle_weeding,3,79,U3-01,8,15,8.36,8.36,ha,8.0,15.0,completed,07:14,14:32,
WO-2025-0220-U-008,2025-02-20,weed,path_upkeep,3,97,U3-02,14,13,20.81,16.75,ha,14.0,13.0,partial,06:53,12:14,WO-2025-0221-U-009
WO-2025-0220-U-009,2025-02-20,weed,circle_weeding,3,113,U3-03,3,14,3.36,3.36,ha,3.0,14.0,completed,07:09,14:27,
WO-2025-0220-U-010,2025-02-20,weed,path_upkeep,3,120,U3-04,9,13,12.55,11.32,ha,9.0,13.0,partial,07:07,13:49,WO-2025-0221-U-011
WO-2025-0220-U-011,2025-02-20,weed,circle_weeding,4,130,U4-01,8,13,6.9,6.9,ha,8.0,13.0,completed,06:54,13:39,
WO-2025-0220-U-012,2025-02-20,weed,circle_weeding,4,143,U4-02,13,15,15.67,12.02,ha,13.0,15.0,partial,07:02,12:35,WO-2025-0221-U-014
WO-2025-0220-U-013,2025-02-20,weed,circle_weeding,4,150,U4-03,13,14,13.96,10.17,ha,13.0,14.0,partial,06:54,11:54,WO-2025-0221-U-015
WO-2025-0220-U-014,2025-02-20,weed,circle_weeding,4,160,U4-04,13,14,13.44,10.65,ha,13.0,14.0,partial,07:07,12:43,WO-2025-0221-U-016
WO-2025-0220-U-015,2025-02-20,weed,path_upkeep,5,172,U5-01,7,16,10.39,10.39,ha,7.0,16.0,completed,07:04,14:07,
WO-2025-0220-U-016,2025-02-20,prune,pruning,5,188,U5-02,15,16,934,469,palms,15.0,16.0,partial,06:50,10:25,WO-2025-0221-U-019
WO-2025-0220-U-017,2025-02-20,prune,pruning,5,195,U5-03,15,16,990,799,palms,15.0,16.0,partial,06:55,12:45,WO-2025-0221-U-020
WO-2025-0220-U-018,2025-02-20,spray,spraying,5,201,S5-01,12,12,27.74,0.0,ha,12.0,3.6,weathered_off,07:06,09:44,WO-2025-0221-U-021
WO-2025-0220-U-019,2025-02-20,weed,circle_weeding,6,214,U6-01,8,16,7.76,7.76,ha,8.0,16.0,completed,06:59,13:48,
WO-2025-0220-U-020,2025-02-20,weed,circle_weeding,6,245,U6-02,15,17,17.34,13.17,ha,15.0,17.0,partial,06:55,12:27,WO-2025-0221-U-023
WO-2025-0220-U-021,2025-02-20,prune,pruning,6,252,U6-03,15,17,912,508,palms,15.0,17.0,partial,06:56,10:38,WO-2025-0221-U-024
WO-2025-0220-U-022,2025-02-20,prune,pruning,6,264,U6-04,4,17,196,196,palms,4.0,17.0,completed,07:12,13:00,
WO-2025-0220-U-023,2025-02-20,prune,pruning,7,294,U7-01,10,13,452,452,palms,10.0,13.0,completed,06:58,13:52,
WO-2025-0220-U-024,2025-02-20,prune,pruning,7,305,U7-02,13,15,697,454,palms,13.0,15.0,partial,07:13,11:34,WO-2025-0221-U-028
WO-2025-0220-U-025,2025-02-20,weed,circle_weeding,7,333,U7-03,10,13,10.55,10.55,ha,10.0,13.0,completed,07:00,14:12,
WO-2025-0220-U-026,2025-02-20,weed,circle_weeding,7,344,U7-04,13,15,16.1,15.67,ha,13.0,15.0,partial,06:49,13:34,WO-2025-0221-U-030
WO-2025-0221-U-001,2025-02-21,weed,circle_weeding,1,9,U1-01,11,19,12.34,12.34,ha,11.0,19.0,completed,07:07,14:32,
WO-2025-0221-U-002,2025-02-21,weed,circle_weeding,1,21,U1-02,8,18,9.08,9.08,ha,8.0,18.0,completed,06:59,14:04,
WO-2025-0221-U-003,2025-02-21,weed,circle_weeding,1,31,U1-03,14,16,14.46,11.3,ha,14.0,16.0,partial,07:08,13:06,WO-2025-0222-U-003
WO-2025-0221-U-004,2025-02-21,spray,spraying,1,22,S1-01,12,13,29.26,0.0,ha,12.0,3.9,weathered_off,07:08,09:12,WO-2025-0222-U-004
WO-2025-0221-U-005,2025-02-21,weed,path_upkeep,2,51,U2-01,15,12,24.25,12.59,ha,15.0,12.0,partial,07:11,11:12,WO-2025-0222-U-005
WO-2025-0221-U-006,2025-02-21,weed,circle_weeding,2,62,U2-02,15,13,18.0,12.45,ha,15.0,13.0,partial,06:54,12:12,WO-2025-0222-U-006
WO-2025-0221-U-007,2025-02-21,weed,path_upkeep,2,72,U2-03,11,15,16.35,16.35,ha,11.0,15.0,completed,07:03,14:02,
WO-2025-0221-U-008,2025-02-21,weed,circle_weeding,3,81,U3-01,7,14,7.45,7.45,ha,7.0,14.0,completed,07:11,14:23,
WO-2025-0221-U-009,2025-02-21,weed,path_upkeep,3,97,U3-02,4,16,5.28,5.28,ha,4.0,16.0,completed,07:12,14:41,
WO-2025-0221-U-010,2025-02-21,weed,circle_weeding,3,109,U3-03,14,16,16.32,10.04,ha,14.0,16.0,partial,07:08,11:11,WO-2025-0222-U-011
WO-2025-0221-U-011,2025-02-21,weed,path_upkeep,3,120,U3-04,1,16,1.23,1.23,ha,1.0,16.0,completed,07:10,14:15,
WO-2025-0221-U-012,2025-02-21,spray,spraying,3,113,S3-01,11,17,26.82,0.0,ha,11.0,5.1,weathered_off,07:00,08:27,WO-2025-0222-U-012
WO-2025-0221-U-013,2025-02-21,weed,circle_weeding,4,125,U4-01,8,14,6.64,6.64,ha,8.0,14.0,completed,07:13,14:15,
WO-2025-0221-U-014,2025-02-21,weed,circle_weeding,4,143,U4-02,13,14,15.67,12.17,ha,13.0,14.0,partial,06:55,12:13,WO-2025-0222-U-014
WO-2025-0221-U-015,2025-02-21,weed,circle_weeding,4,150,U4-03,9,13,8.74,8.74,ha,9.0,13.0,completed,07:07,13:50,
WO-2025-0221-U-016,2025-02-21,weed,circle_weeding,4,160,U4-04,5,13,4.57,4.57,ha,5.0,13.0,completed,06:49,14:13,
WO-2025-0221-U-017,2025-02-21,spray,spraying,4,131,S4-01,13,15,31.69,0.0,ha,13.0,4.5,weathered_off,06:55,09:19,WO-2025-0222-U-017
WO-2025-0221-U-018,2025-02-21,weed,circle_weeding,5,169,U5-01,15,16,17.9,14.02,ha,15.0,16.0,partial,07:08,12:22,WO-2025-0222-U-018
WO-2025-0221-U-019,2025-02-21,prune,pruning,5,188,U5-02,15,14,934,870,palms,15.0,14.0,partial,06:48,13:34,WO-2025-0222-U-019
WO-2025-0221-U-020,2025-02-21,prune,pruning,5,195,U5-03,15,16,990,619,palms,15.0,16.0,partial,07:04,11:09,WO-2025-0222-U-020
WO-2025-0221-U-021,2025-02-21,spray,spraying,5,201,S5-01,12,13,27.74,0.0,ha,12.0,3.9,weathered_off,07:03,08:03,WO-2025-0222-U-021
WO-2025-0221-U-022,2025-02-21,weed,path_upkeep,6,203,U6-01,15,15,22.5,15.69,ha,15.0,15.0,partial,07:03,11:38,WO-2025-0222-U-022
WO-2025-0221-U-023,2025-02-21,weed,circle_weeding,6,245,U6-02,13,16,14.59,11.03,ha,13.0,16.0,partial,06:55,12:10,WO-2025-0222-U-023
WO-2025-0221-U-024,2025-02-21,prune,pruning,6,252,U6-03,15,17,912,774,palms,15.0,17.0,partial,06:57,12:46,WO-2025-0222-U-024
WO-2025-0221-U-025,2025-02-21,weed,circle_weeding,6,379,U6-04,15,15,17.52,14.39,ha,15.0,15.0,partial,06:50,13:03,WO-2025-0222-U-025
WO-2025-0221-U-026,2025-02-21,spray,spraying,6,207,S6-01,11,16,27.83,0.0,ha,11.0,4.8,weathered_off,06:58,09:40,WO-2025-0222-U-026
WO-2025-0221-U-027,2025-02-21,weed,path_upkeep,7,290,U7-01,13,13,17.63,6.93,ha,13.0,13.0,partial,06:49,09:42,WO-2025-0222-U-027
WO-2025-0221-U-028,2025-02-21,prune,pruning,7,305,U7-02,13,15,697,376,palms,13.0,15.0,partial,07:09,11:20,WO-2025-0222-U-028
WO-2025-0221-U-029,2025-02-21,weed,circle_weeding,7,328,U7-03,13,14,14.17,16.66,ha,13.0,14.0,partial,06:46,14:13,WO-2025-0222-U-029
WO-2025-0221-U-030,2025-02-21,weed,circle_weeding,7,344,U7-04,7,14,8.66,8.66,ha,7.0,14.0,completed,06:59,13:56,
WO-2025-0221-U-031,2025-02-21,spray,spraying,7,343,S7-01,12,16,27.36,0.0,ha,12.0,4.8,weathered_off,06:00,09:07,WO-2025-0222-U-031
WO-2025-0222-U-001,2025-02-22,prune,pruning,1,9,U1-01,17,18,1005,1013,palms,17.0,18.0,partial,07:11,14:21,WO-2025-0224-U-001
WO-2025-0222-U-002,2025-02-22,weed,circle_weeding,1,26,U1-02,17,18,21.0,18.7,ha,17.0,18.0,partial,07:08,13:21,WO-2025-0224-U-002
WO-2025-0222-U-003,2025-02-22,weed,circle_weeding,1,31,U1-03,4,18,3.16,3.16,ha,4.0,18.0,completed,06:58,13:54,
WO-2025-0222-U-004,2025-02-22,spray,spraying,1,22,S1-01,12,14,29.26,20.29,ha,12.0,14.0,partial,06:52,12:07,WO-2025-0224-U-004
WO-2025-0222-U-005,2025-02-22,weed,path_upkeep,2,51,U2-01,11,16,16.32,16.32,ha,11.0,16.0,completed,07:08,14:08,
WO-2025-0222-U-006,2025-02-22,weed,circle_weeding,2,62,U2-02,9,16,10.16,10.16,ha,9.0,16.0,completed,07:05,14:10,
WO-2025-0222-U-007,2025-02-22,weed,circle_weeding,2,69,U2-03,15,15,16.91,9.07,ha,15.0,15.0,partial,07:15,11:04,WO-2025-0224-U-007
WO-2025-0222-U-008,2025-02-22,spray,spraying,2,73,S2-01,12,12,29.72,27.04,ha,12.0,12.0,partial,06:55,13:17,WO-2025-0224-U-008
WO-2025-0222-U-009,2025-02-22,prune,pruning,3,75,U3-01,14,14,755,552,palms,14.0,14.0,partial,07:09,12:29,WO-2025-0224-U-009
WO-2025-0222-U-010,2025-02-22,weed,circle_weeding,3,100,U3-02,14,14,15.26,13.62,ha,14.0,14.0,partial,07:01,13:36,WO-2025-0224-U-010
WO-2025-0222-U-011,2025-02-22,weed,circle_weeding,3,109,U3-03,14,15,15.21,12.18,ha,14.0,15.0,partial,07:07,12:55,WO-2025-0224-U-011
WO-2025-0222-U-012,2025-02-22,spray,spraying,3,113,S3-01,11,17,26.82,20.84,ha,11.0,17.0,partial,06:58,12:28,WO-2025-0224-U-013
WO-2025-0222-U-013,2025-02-22,weed,circle_weeding,4,129,U4-01,13,14,11.44,8.16,ha,13.0,14.0,partial,06:48,11:49,WO-2025-0224-U-014
WO-2025-0222-U-014,2025-02-22,weed,circle_weeding,4,143,U4-02,4,14,3.78,3.78,ha,4.0,14.0,completed,07:05,14:08,
WO-2025-0222-U-015,2025-02-22,prune,pruning,4,152,U4-03,13,15,698,926,palms,13.0,15.0,partial,07:06,14:02,WO-2025-0224-U-016
WO-2025-0222-U-016,2025-02-22,weed,circle_weeding,4,166,U4-04,13,14,13.44,10.24,ha,13.0,14.0,partial,06:52,12:34,WO-2025-0224-U-017
WO-2025-0222-U-017,2025-02-22,spray,spraying,4,131,S4-01,13,14,31.69,31.69,ha,13.0,14.0,completed,06:59,13:43,
WO-2025-0222-U-018,2025-02-22,weed,circle_weeding,5,169,U5-01,15,16,17.9,14.19,ha,15.0,16.0,partial,06:53,12:36,WO-2025-0224-U-019
WO-2025-0222-U-019,2025-02-22,prune,pruning,5,188,U5-02,15,15,934,699,palms,15.0,15.0,partial,06:54,12:31,WO-2025-0224-U-020
WO-2025-0222-U-020,2025-02-22,prune,pruning,5,195,U5-03,7,13,446,446,palms,7.0,13.0,completed,07:02,14:31,
WO-2025-0222-U-021,2025-02-22,spray,spraying,5,201,S5-01,12,11,27.74,14.83,ha,12.0,11.0,partial,07:08,11:01,WO-2025-0224-U-022
WO-2025-0222-U-022,2025-02-22,weed,path_upkeep,6,203,U6-01,15,17,22.5,25.5,ha,15.0,17.0,partial,06:47,13:52,WO-2025-0224-U-023
WO-2025-0222-U-023,2025-02-22,weed,circle_weeding,6,245,U6-02,4,15,3.55,3.55,ha,4.0,15.0,completed,06:57,14:03,
WO-2025-0222-U-024,2025-02-22,prune,pruning,6,252,U6-03,15,16,912,520,palms,15.0,16.0,partial,06:51,10:36,WO-2025-0224-U-025
WO-2025-0222-U-025,2025-02-22,weed,circle_weeding,6,379,U6-04,15,16,17.52,12.78,ha,15.0,16.0,partial,07:10,11:59,WO-2025-0224-U-026
WO-2025-0222-U-026,2025-02-22,spray,spraying,6,207,S6-01,11,17,27.83,27.83,ha,11.0,17.0,completed,07:02,14:16,
WO-2025-0222-U-027,2025-02-22,weed,path_upkeep,7,290,U7-01,11,14,14.27,14.27,ha,11.0,14.0,completed,07:11,14:06,
WO-2025-0222-U-028,2025-02-22,prune,pruning,7,305,U7-02,7,14,325,325,palms,7.0,14.0,completed,07:04,14:25,
WO-2025-0222-U-029,2025-02-22,weed,circle_weeding,7,328,U7-03,6,14,6.41,6.41,ha,6.0,14.0,completed,06:59,14:00,
WO-2025-0222-U-030,2025-02-22,weed,circle_weeding,7,341,U7-04,13,15,16.1,13.9,ha,13.0,15.0,partial,06:50,12:55,WO-2025-0224-U-031
WO-2025-0222-U-031,2025-02-22,spray,spraying,7,343,S7-01,12,16,27.36,22.96,ha,12.0,16.0,partial,07:08,13:04,WO-2025-0224-U-032
WO-2025-0224-U-001,2025-02-24,prune,pruning,1,9,U1-01,17,18,1005,663,palms,17.0,18.0,partial,07:00,11:57,WO-2025-0225-U-001
WO-2025-0224-U-002,2025-02-24,weed,circle_weeding,1,26,U1-02,8,16,9.08,9.08,ha,8.0,16.0,completed,06:54,14:19,
WO-2025-0224-U-003,2025-02-24,weed,circle_weeding,1,35,U1-03,17,15,17.82,12.63,ha,17.0,15.0,partial,06:48,12:06,WO-2025-0225-U-003
WO-2025-0224-U-004,2025-02-24,spray,spraying,1,22,S1-01,4,14,8.97,0.0,ha,4.0,4.2,weathered_off,07:08,08:45,WO-2025-0225-U-004
WO-2025-0224-U-005,2025-02-24,weed,path_upkeep,2,49,U2-01,15,15,24.25,11.37,ha,15.0,15.0,partial,07:07,10:22,WO-2025-0225-U-005
WO-2025-0224-U-006,2025-02-24,weed,circle_weeding,2,58,U2-02,15,15,18.0,20.21,ha,15.0,15.0,partial,06:48,13:38,WO-2025-0225-U-006
WO-2025-0224-U-007,2025-02-24,weed,circle_weeding,2,69,U2-03,15,15,16.91,15.47,ha,15.0,15.0,partial,07:06,13:29,WO-2025-0225-U-007
WO-2025-0224-U-008,2025-02-24,spray,spraying,2,73,S2-01,2,11,2.68,0.0,ha,2.0,3.3,weathered_off,06:57,08:21,WO-2025-0225-U-008
WO-2025-0224-U-009,2025-02-24,prune,pruning,3,75,U3-01,14,11,755,550,palms,14.0,11.0,partial,07:10,12:41,WO-2025-0225-U-009
WO-2025-0224-U-010,2025-02-24,weed,circle_weeding,3,100,U3-02,12,15,13.02,13.02,ha,12.0,15.0,completed,07:10,14:00,
WO-2025-0224-U-011,2025-02-24,weed,circle_weeding,3,109,U3-03,3,15,3.03,3.03,ha,3.0,15.0,completed,06:56,13:54,
WO-2025-0224-U-012,2025-02-24,weed,circle_weeding,3,119,U3-04,4,16,4.05,4.05,ha,4.0,16.0,completed,06:54,13:55,
WO-2025-0224-U-013,2025-02-24,spray,spraying,3,113,S3-01,3,15,5.98,0.0,ha,3.0,4.5,weathered_off,07:03,08:31,WO-2025-0225-U-012
WO-2025-0224-U-014,2025-02-24,weed,circle_weeding,4,129,U4-01,13,13,11.44,7.27,ha,13.0,13.0,partial,07:02,11:17,WO-2025-0225-U-013
WO-2025-0224-U-015,2025-02-24,weed,circle_weeding,4,133,U4-02,13,14,15.67,18.75,ha,13.0,14.0,partial,07:03,14:11,WO-2025-0225-U-014
WO-2025-0224-U-016,2025-02-24,prune,pruning,4,152,U4-03,13,13,698,516,palms,13.0,13.0,partial,07:01,12:10,WO-2025-0225-U-015
WO-2025-0224-U-017,2025-02-24,weed,circle_weeding,4,166,U4-04,5,14,4.98,4.98,ha,5.0,14.0,completed,07:02,14:28,
WO-2025-0224-U-018,2025-02-24,spray,spraying,4,144,S4-01,10,15,25.56,0.0,ha,10.0,4.5,weathered_off,06:55,08:55,WO-2025-0225-U-017
WO-2025-0224-U-019,2025-02-24,weed,circle_weeding,5,169,U5-01,6,16,6.41,6.41,ha,6.0,16.0,completed,07:12,13:57,
WO-2025-0224-U-020,2025-02-24,prune,pruning,5,188,U5-02,15,15,934,745,palms,15.0,15.0,partial,06:59,13:03,WO-2025-0225-U-019
WO-2025-0224-U-021,2025-02-24,weed,circle_weeding,5,197,U5-03,15,15,19.8,14.63,ha,15.0,15.0,partial,07:13,12:33,WO-2025-0225-U-020
WO-2025-0224-U-022,2025-02-24,spray,spraying,5,201,S5-01,10,12,22.88,0.0,ha,10.0,3.6,weathered_off,06:58,09:51,WO-2025-0225-U-021
WO-2025-0224-U-023,2025-02-24,weed,path_upkeep,6,203,U6-01,3,16,3.41,3.41,ha,3.0,16.0,completed,07:06,14:03,
WO-2025-0224-U-024,2025-02-24,weed,circle_weeding,6,247,U6-02,14,16,15.14,15.14,ha,14.0,16.0,completed,06:00,13:53,
WO-2025-0224-U-025,2025-02-24,prune,pruning,6,252,U6-03,15,17,912,679,palms,15.0,17.0,partial,06:47,11:57,WO-2025-0225-U-024
WO-2025-0224-U-026,2025-02-24,weed,circle_weeding,6,379,U6-04,11,17,11.8,11.8,ha,11.0,17.0,completed,06:58,13:42,
WO-2025-0224-U-027,2025-02-24,spray,spraying,6,271,S6-01,8,16,21.29,0.0,ha,8.0,4.8,weathered_off,07:09,08:56,WO-2025-0225-U-026
WO-2025-0224-U-028,2025-02-24,weed,circle_weeding,7,290,U7-01,13,15,12.93,9.62,ha,13.0,15.0,partial,06:55,12:03,WO-2025-0225-U-027
WO-2025-0224-U-029,2025-02-24,weed,path_upkeep,7,305,U7-02,13,12,19.01,13.48,ha,13.0,12.0,partial,06:59,11:46,WO-2025-0225-U-028
WO-2025-0224-U-030,2025-02-24,prune,pruning,7,337,U7-03,13,14,709,505,palms,13.0,14.0,partial,06:51,12:01,WO-2025-0225-U-029
WO-2025-0224-U-031,2025-02-24,weed,circle_weeding,7,341,U7-04,13,15,16.1,15.78,ha,13.0,15.0,partial,06:53,14:08,WO-2025-0225-U-030
WO-2025-0224-U-032,2025-02-24,spray,spraying,7,343,S7-01,2,17,4.4,0.0,ha,2.0,5.1,weathered_off,06:50,09:16,WO-2025-0225-U-031
WO-2025-0225-U-001,2025-02-25,prune,pruning,1,9,U1-01,17,19,1005,854,palms,17.0,19.0,partial,06:58,12:41,WO-2025-0226-U-001
WO-2025-0225-U-002,2025-02-25,weed,circle_weeding,1,14,U1-02,17,18,21.0,14.25,ha,17.0,18.0,partial,06:55,11:55,WO-2025-0226-U-002
WO-2025-0225-U-003,2025-02-25,weed,circle_weeding,1,35,U1-03,17,17,17.82,11.06,ha,17.0,17.0,partial,07:07,11:20,WO-2025-0226-U-003
WO-2025-0225-U-004,2025-02-25,spray,spraying,1,22,S1-01,4,14,8.97,0.0,ha,4.0,4.2,weathered_off,07:08,09:18,WO-2025-0226-U-004
WO-2025-0225-U-005,2025-02-25,weed,path_upkeep,2,49,U2-01,9,15,13.96,13.96,ha,9.0,15.0,completed,07:04,14:14,
WO-2025-0225-U-006,2025-02-25,weed,circle_weeding,2,58,U2-02,8,15,8.49,8.49,ha,8.0,15.0,completed,07:06,13:57,
WO-2025-0225-U-007,2025-02-25,weed,circle_weeding,2,69,U2-03,4,16,3.87,3.87,ha,4.0,16.0,completed,07:12,14:34,
WO-2025-0225-U-008,2025-02-25,spray,spraying,2,73,S2-01,2,10,2.68,0.0,ha,2.0,3.0,weathered_off,07:10,08:37,WO-2025-0226-U-008
WO-2025-0225-U-009,2025-02-25,prune,pruning,3,75,U3-01,14,14,755,536,palms,14.0,14.0,partial,06:54,11:37,WO-2025-0226-U-009
WO-2025-0225-U-010,2025-02-25,weed,circle_weeding,3,93,U3-02,14,14,15.26,8.52,ha,14.0,14.0,partial,06:50,10:41,WO-2025-0226-U-010
WO-2025-0225-U-011,2025-02-25,weed,circle_weeding,3,102,U3-03,14,15,16.32,13.67,ha,14.0,15.0,partial,07:06,13:18,WO-2025-0226-U-011
WO-2025-0225-U-012,2025-02-25,spray,spraying,3,113,S3-01,3,13,5.98,0.0,ha,3.0,3.9,weathered_off,07:09,10:09,WO-2025-0226-U-012
WO-2025-0225-U-013,2025-02-25,weed,circle_weeding,4,129,U4-01,9,13,7.39,7.39,ha,9.0,13.0,completed,07:10,14:06,
WO-2025-0225-U-014,2025-02-25,weed,circle_weeding,4,133,U4-02,8,15,8.69,8.69,ha,8.0,15.0,completed,07:04,14:19,
WO-2025-0225-U-015,2025-02-25,prune,pruning,4,152,U4-03,13,15,698,578,palms,13.0,15.0,partial,07:01,12:52,WO-2025-0226-U-015
WO-2025-0225-U-016,2025-02-25,weed,circle_weeding,4,155,U4-04,12,14,11.8,11.8,ha,12.0,14.0,completed,06:52,13:40,
WO-2025-0225-U-017,2025-02-25,spray,spraying,4,144,S4-01,10,14,25.56,0.0,ha,10.0,4.2,weathered_off,07:05,09:00,WO-2025-0226-U-017
WO-2025-0225-U-018,2025-02-25,weed,circle_weeding,5,176,U5-01,15,16,17.9,12.38,ha,15.0,16.0,partial,07:03,11:37,WO-2025-0226-U-018
WO-2025-0225-U-019,2025-02-25,prune,pruning,5,188,U5-02,15,16,934,532,palms,15.0,16.0,partial,07:14,11:07,WO-2025-0226-U-019
WO-2025-0225-U-020,2025-02-25,weed,circle_weeding,5,197,U5-03,13,14,15.95,15.95,ha,13.0,14.0,completed,06:55,14:10,
WO-2025-0225-U-021,2025-02-25,spray,spraying,5,201,S5-01,10,13,22.88,0.0,ha,10.0,3.9,weathered_off,07:00,08:59,WO-2025-0226-U-021
WO-2025-0225-U-022,2025-02-25,weed,circle_weeding,6,209,U6-01,15,16,16.5,9.69,ha,15.0,16.0,partial,07:12,11:04,WO-2025-0226-U-022
WO-2025-0225-U-023,2025-02-25,weed,circle_weeding,6,223,U6-02,15,16,17.34,18.9,ha,15.0,16.0,partial,06:49,13:31,WO-2025-0226-U-023
WO-2025-0225-U-024,2025-02-25,prune,pruning,6,252,U6-03,13,16,780,780,palms,13.0,16.0,completed,06:55,13:55,
WO-2025-0225-U-025,2025-02-25,weed,circle_weeding,6,268,U6-04,15,16,17.52,9.78,ha,15.0,16.0,partial,06:57,10:39,WO-2025-0226-U-025
WO-2025-0225-U-026,2025-02-25,spray,spraying,6,271,S6-01,8,18,21.29,0.0,ha,8.0,5.4,weathered_off,07:02,09:47,WO-2025-0226-U-026
WO-2025-0225-U-027,2025-02-25,weed,circle_weeding,7,290,U7-01,12,14,11.58,6.33,ha,12.0,14.0,partial,06:59,11:12,WO-2025-0226-U-027
WO-2025-0225-U-028,2025-02-25,weed,path_upkeep,7,305,U7-02,9,14,12.22,10.27,ha,9.0,14.0,partial,07:09,13:22,WO-2025-0226-U-028
WO-2025-0225-U-029,2025-02-25,prune,pruning,7,337,U7-03,13,12,709,362,palms,13.0,12.0,partial,06:51,10:33,WO-2025-0226-U-029
WO-2025-0225-U-030,2025-02-25,weed,circle_weeding,7,341,U7-04,2,14,1.26,1.26,ha,2.0,14.0,completed,06:48,13:42,
WO-2025-0225-U-031,2025-02-25,spray,spraying,7,343,S7-01,2,14,4.4,0.0,ha,2.0,4.2,weathered_off,07:02,08:51,WO-2025-0226-U-031
WO-2025-0226-U-001,2025-02-26,prune,pruning,1,9,U1-01,17,19,1005,638,palms,17.0,19.0,partial,07:13,11:47,WO-2025-0227-U-001
WO-2025-0226-U-002,2025-02-26,weed,circle_weeding,1,14,U1-02,17,18,19.98,19.98,ha,17.0,18.0,completed,06:59,13:58,
WO-2025-0226-U-003,2025-02-26,weed,circle_weeding,1,35,U1-03,8,17,7.75,7.75,ha,8.0,17.0,completed,07:10,14:02,
WO-2025-0226-U-004,2025-02-26,spray,spraying,1,22,S1-01,4,14,8.97,8.97,ha,4.0,14.0,completed,06:51,14:06,
WO-2025-0226-U-005,2025-02-26,weed,circle_weeding,2,44,U2-01,15,16,17.79,14.37,ha,15.0,16.0,partial,07:13,13:17,WO-2025-0227-U-005
WO-2025-0226-U-006,2025-02-26,weed,circle_weeding,2,54,U2-02,15,14,18.0,7.87,ha,15.0,14.0,partial,07:11,10:34,WO-2025-0227-U-006
WO-2025-0226-U-007,2025-02-26,weed,path_upkeep,2,70,U2-03,15,14,23.06,15.32,ha,15.0,14.0,partial,06:50,11:50,WO-2025-0227-U-007
WO-2025-0226-U-008,2025-02-26,spray,spraying,2,73,S2-01,2,12,2.68,2.68,ha,2.0,12.0,completed,07:05,14:18,
WO-2025-0226-U-009,2025-02-26,prune,pruning,3,75,U3-01,14,15,755,692,palms,14.0,15.0,partial,07:02,13:55,WO-2025-0227-U-009
WO-2025-0226-U-010,2025-02-26,weed,circle_weeding,3,93,U3-02,14,14,15.26,10.91,ha,14.0,14.0,partial,07:07,11:58,WO-2025-0227-U-010
WO-2025-0226-U-011,2025-02-26,weed,circle_weeding,3,102,U3-03,11,13,11.8,11.8,ha,11.0,13.0,completed,06:51,13:58,
WO-2025-0226-U-012,2025-02-26,spray,spraying,3,113,S3-01,3,14,5.98,5.98,ha,3.0,14.0,completed,06:50,14:05,
WO-2025-0226-U-013,2025-02-26,weed,path_upkeep,4,127,U4-01,3,14,3.06,3.06,ha,3.0,14.0,completed,07:10,14:32,
WO-2025-0226-U-014,2025-02-26,weed,circle_weeding,4,139,U4-02,13,13,15.67,13.53,ha,13.0,13.0,partial,07:12,13:41,WO-2025-0227-U-014
WO-2025-0226-U-015,2025-02-26,prune,pruning,4,152,U4-03,13,14,698,617,palms,13.0,14.0,partial,06:55,12:49,WO-2025-0227-U-015
WO-2025-0226-U-016,2025-02-26,weed,path_upkeep,4,155,U4-04,9,14,11.8,11.8,ha,9.0,14.0,completed,06:53,13:53,
WO-2025-0226-U-017,2025-02-26,spray,spraying,4,144,S4-01,10,15,25.56,25.56,ha,10.0,15.0,completed,07:06,14:31,
WO-2025-0226-U-018,2025-02-26,weed,circle_weeding,5,176,U5-01,12,15,14.19,14.19,ha,12.0,15.0,completed,07:15,14:38,
WO-2025-0226-U-019,2025-02-26,prune,pruning,5,188,U5-02,15,14,934,545,palms,15.0,14.0,partial,06:48,11:20,WO-2025-0227-U-019
WO-2025-0226-U-020,2025-02-26,weed,circle_weeding,5,194,U5-03,15,16,19.8,13.5,ha,15.0,16.0,partial,06:51,11:30,WO-2025-0227-U-020
WO-2025-0226-U-021,2025-02-26,spray,spraying,5,201,S5-01,10,13,22.88,17.28,ha,10.0,13.0,partial,06:48,12:21,WO-2025-0227-U-021
WO-2025-0226-U-022,2025-02-26,weed,circle_weeding,6,209,U6-01,15,16,15.59,14.76,ha,15.0,16.0,partial,06:50,13:30,WO-2025-0227-U-022
WO-2025-0226-U-023,2025-02-26,weed,circle_weeding,6,223,U6-02,9,16,9.7,9.7,ha,9.0,16.0,completed,06:46,13:52,
WO-2025-0226-U-024,2025-02-26,weed,circle_weeding,6,254,U6-03,15,16,18.23,19.77,ha,15.0,16.0,completed,07:02,13:49,
WO-2025-0226-U-025,2025-02-26,weed,circle_weeding,6,268,U6-04,8,14,8.94,8.94,ha,8.0,14.0,completed,06:57,14:24,
WO-2025-0226-U-026,2025-02-26,spray,spraying,6,271,S6-01,8,16,21.29,21.29,ha,8.0,16.0,completed,07:07,14:20,
WO-2025-0226-U-027,2025-02-26,weed,circle_weeding,7,290,U7-01,6,13,5.24,5.24,ha,6.0,13.0,completed,06:53,14:22,
WO-2025-0226-U-028,2025-02-26,weed,path_upkeep,7,305,U7-02,2,13,1.95,1.95,ha,2.0,13.0,completed,07:09,13:55,
WO-2025-0226-U-029,2025-02-26,prune,pruning,7,337,U7-03,13,14,709,777,palms,13.0,14.0,partial,07:13,14:22,WO-2025-0227-U-029
WO-2025-0226-U-030,2025-02-26,weed,circle_weeding,7,340,U7-04,13,13,16.1,10.71,ha,13.0,13.0,partial,06:53,11:33,WO-2025-0227-U-030
WO-2025-0226-U-031,2025-02-26,spray,spraying,7,343,S7-01,2,16,4.4,4.4,ha,2.0,16.0,completed,06:50,14:02,
WO-2025-0227-U-001,2025-02-27,prune,pruning,1,9,U1-01,8,19,445,445,palms,8.0,19.0,completed,07:05,14:14,
WO-2025-0227-U-002,2025-02-27,weed,circle_weeding,1,24,U1-02,17,19,21.0,11.01,ha,17.0,19.0,partial,06:48,10:48,WO-2025-0228-U-002
WO-2025-0227-U-003,2025-02-27,weed,circle_weeding,1,30,U1-03,17,18,17.82,16.52,ha,17.0,18.0,partial,06:59,13:32,WO-2025-0228-U-003
WO-2025-0227-U-004,2025-02-27,spray,spraying,1,38,S1-01,12,14,28.66,25.66,ha,12.0,14.0,partial,06:57,13:19,WO-2025-0228-U-004
WO-2025-0227-U-005,2025-02-27,weed,circle_weeding,2,44,U2-01,11,13,12.97,12.97,ha,11.0,13.0,completed,06:48,13:41,
WO-2025-0227-U-006,2025-02-27,weed,circle_weeding,2,54,U2-02,15,15,18.0,13.14,ha,15.0,15.0,partial,06:54,12:19,WO-2025-0228-U-006
WO-2025-0227-U-007,2025-02-27,weed,path_upkeep,2,70,U2-03,9,14,13.22,13.22,ha,9.0,14.0,completed,07:08,14:00,
WO-2025-0227-U-008,2025-02-27,spray,spraying,2,71,S2-01,11,11,27.59,26.11,ha,11.0,11.0,partial,06:58,13:38,WO-2025-0228-U-008
WO-2025-0227-U-009,2025-02-27,prune,pruning,3,75,U3-01,14,15,755,747,palms,14.0,15.0,partial,07:00,14:05,WO-2025-0228-U-009
WO-2025-0227-U-010,2025-02-27,weed,circle_weeding,3,93,U3-02,14,13,15.26,8.13,ha,14.0,13.0,partial,07:09,10:47,WO-2025-0228-U-010
WO-2025-0227-U-011,2025-02-27,weed,circle_weeding,3,101,U3-03,14,15,16.32,11.01,ha,14.0,15.0,partial,06:59,12:11,WO-2025-0228-U-011
WO-2025-0227-U-012,2025-02-27,spray,spraying,3,109,S3-01,11,17,25.25,25.25,ha,11.0,17.0,completed,06:59,13:44,
WO-2025-0227-U-013,2025-02-27,weed,circle_weeding,4,131,U4-01,13,14,11.44,9.27,ha,13.0,14.0,partial,07:10,13:18,WO-2025-0228-U-013
WO-2025-0227-U-014,2025-02-27,weed,circle_weeding,4,139,U4-02,11,12,12.46,8.94,ha,11.0,12.0,partial,07:03,11:56,WO-2025-0228-U-014
WO-2025-0227-U-015,2025-02-27,prune,pruning,4,152,U4-03,13,15,698,705,palms,13.0,15.0,partial,07:08,14:30,WO-2025-0228-U-015
WO-2025-0227-U-016,2025-02-27,weed,circle_weeding,4,163,U4-04,13,15,12.99,12.99,ha,13.0,15.0,completed,06:58,14:13,
WO-2025-0227-U-017,2025-02-27,spray,spraying,4,152,S4-01,12,16,30.38,30.38,ha,12.0,16.0,completed,07:09,14:22,
WO-2025-0227-U-018,2025-02-27,weed,circle_weeding,5,174,U5-01,9,16,10.64,10.64,ha,9.0,16.0,completed,07:02,14:07,
WO-2025-0227-U-019,2025-02-27,prune,pruning,5,188,U5-02,7,15,396,396,palms,7.0,15.0,completed,06:45,13:48,
WO-2025-0227-U-020,2025-02-27,weed,circle_weeding,5,194,U5-03,12,16,15.47,15.47,ha,12.0,16.0,completed,06:48,13:00,
WO-2025-0227-U-021,2025-02-27,spray,spraying,5,201,S5-01,3,12,5.6,5.6,ha,3.0,12.0,completed,07:09,14:08,
WO-2025-0227-U-022,2025-02-27,weed,circle_weeding,6,209,U6-01,1,16,0.83,0.83,ha,1.0,16.0,completed,07:15,14:33,
WO-2025-0227-U-023,2025-02-27,prune,pruning,6,247,U6-02,15,16,867,772,palms,15.0,16.0,partial,07:01,13:05,WO-2025-0228-U-022
WO-2025-0227-U-024,2025-02-27,weed,path_upkeep,6,260,U6-03,10,15,15.91,15.91,ha,10.0,15.0,completed,07:13,14:04,
WO-2025-0227-U-025,2025-02-27,weed,circle_weeding,6,265,U6-04,15,16,17.48,13.65,ha,15.0,16.0,partial,07:13,12:30,WO-2025-0228-U-024
WO-2025-0227-U-026,2025-02-27,spray,spraying,6,252,S6-01,12,15,30.31,27.41,ha,12.0,15.0,partial,06:56,13:15,WO-2025-0228-U-025
WO-2025-0227-U-027,2025-02-27,weed,circle_weeding,7,294,U7-01,13,14,12.14,12.14,ha,13.0,14.0,completed,06:58,13:51,
WO-2025-0227-U-028,2025-02-27,prune,pruning,7,300,U7-02,13,13,697,397,palms,13.0,13.0,partial,07:02,10:58,WO-2025-0228-U-027
WO-2025-0227-U-029,2025-02-27,prune,pruning,7,337,U7-03,13,15,709,476,palms,13.0,15.0,partial,06:47,11:20,WO-2025-0228-U-028
WO-2025-0227-U-030,2025-02-27,weed,circle_weeding,7,340,U7-04,13,14,16.1,13.28,ha,13.0,14.0,partial,06:51,12:52,WO-2025-0228-U-029
WO-2025-0227-U-031,2025-02-27,spray,spraying,7,347,S7-01,13,17,30.92,30.92,ha,13.0,17.0,completed,07:13,14:16,
WO-2025-0228-U-001,2025-02-28,weed,path_upkeep,1,5,U1-01,6,15,8.77,8.77,ha,6.0,15.0,completed,06:57,14:08,
WO-2025-0228-U-002,2025-02-28,weed,circle_weeding,1,24,U1-02,11,17,13.5,13.5,ha,11.0,17.0,completed,06:53,13:50,
WO-2025-0228-U-003,2025-02-28,weed,circle_weeding,1,30,U1-03,11,17,10.65,8.61,ha,11.0,17.0,partial,06:46,12:09,WO-2025-0301-U-003
WO-2025-0228-U-004,2025-02-28,spray,spraying,1,38,S1-01,2,13,3.0,0.0,ha,2.0,3.9,weathered_off,06:50,07:59,WO-2025-0301-U-004
WO-2025-0228-U-005,2025-02-28,weed,path_upkeep,2,50,U2-01,15,14,24.25,11.88,ha,15.0,14.0,partial,07:11,10:34,WO-2025-0301-U-005
WO-2025-0228-U-006,2025-02-28,weed,circle_weeding,2,54,U2-02,8,15,8.44,8.44,ha,8.0,15.0,completed,07:04,14:07,
WO-2025-0228-U-007,2025-02-28,weed,circle_weeding,2,74,U2-03,15,13,16.91,11.36,ha,15.0,13.0,partial,06:55,11:55,WO-2025-0301-U-007
WO-2025-0228-U-008,2025-02-28,spray,spraying,2,71,S2-01,1,12,1.48,0.0,ha,1.0,3.6,weathered_off,06:00,08:04,WO-2025-0301-U-008
WO-2025-0228-U-009,2025-02-28,prune,pruning,3,75,U3-01,14,15,755,349,palms,14.0,15.0,partial,06:51,10:02,WO-2025-0301-U-009
WO-2025-0228-U-010,2025-02-28,weed,circle_weeding,3,93,U3-02,9,12,9.64,9.64,ha,9.0,12.0,completed,06:48,14:03,
WO-2025-0228-U-011,2025-02-28,weed,circle_weeding,3,101,U3-03,14,13,16.32,6.76,ha,14.0,13.0,partial,07:04,10:26,WO-2025-0301-U-011
WO-2025-0228-U-012,2025-02-28,spray,spraying,3,78,S3-01,12,15,28.85,0.0,ha,12.0,4.5,weathered_off,07:05,08:29,WO-2025-0301-U-012
WO-2025-0228-U-013,2025-02-28,weed,circle_weeding,4,131,U4-01,13,11,11.44,7.04,ha,13.0,11.0,partial,07:14,11:50,WO-2025-0301-U-013
WO-2025-0228-U-014,2025-02-28,weed,circle_weeding,4,139,U4-02,3,12,3.52,3.52,ha,3.0,12.0,completed,06:46,13:33,
WO-2025-0228-U-015,2025-02-28,prune,pruning,4,152,U4-03,13,12,698,435,palms,13.0,12.0,partial,06:56,11:10,WO-2025-0301-U-015
WO-2025-0228-U-016,2025-02-28,weed,path_upkeep,4,160,U4-04,13,13,18.33,12.75,ha,13.0,13.0,partial,06:57,11:56,WO-2025-0301-U-016
WO-2025-0228-U-017,2025-02-28,weed,circle_weeding,5,177,U5-01,15,15,17.9,11.73,ha,15.0,15.0,partial,06:59,11:30,WO-2025-0301-U-018
WO-2025-0228-U-018,2025-02-28,weed,circle_weeding,5,189,U5-02,15,15,18.68,7.79,ha,15.0,15.0,partial,06:49,09:37,WO-2025-0301-U-019
WO-2025-0228-U-019,2025-02-28,weed,circle_weeding,5,196,U5-03,15,14,19.8,9.51,ha,15.0,14.0,partial,07:12,10:53,WO-2025-0301-U-020
WO-2025-0228-U-020,2025-02-28,spray,spraying,5,178,S5-01,12,13,27.74,0.0,ha,12.0,3.9,weathered_off,07:09,08:56,WO-2025-0301-U-021
WO-2025-0228-U-021,2025-02-28,weed,circle_weeding,6,213,U6-01,15,14,16.5,5.98,ha,15.0,14.0,partial,06:53,09:08,WO-2025-0301-U-022
WO-2025-0228-U-022,2025-02-28,prune,pruning,6,247,U6-02,15,16,867,349,palms,15.0,16.0,partial,06:58,10:00,WO-2025-0301-U-023
WO-2025-0228-U-023,2025-02-28,weed,circle_weeding,6,252,U6-03,15,15,18.23,11.02,ha,15.0,15.0,partial,07:14,11:26,WO-2025-0301-U-024
WO-2025-0228-U-024,2025-02-28,weed,circle_weeding,6,265,U6-04,4,14,3.83,3.83,ha,4.0,14.0,completed,06:56,14:19,
WO-2025-0228-U-025,2025-02-28,spray,spraying,6,252,S6-01,2,15,2.9,0.0,ha,2.0,4.5,weathered_off,06:56,08:12,WO-2025-0301-U-026
WO-2025-0228-U-026,2025-02-28,weed,circle_weeding,7,292,U7-01,13,13,12.93,7.75,ha,13.0,13.0,partial,07:13,11:34,WO-2025-0301-U-027
WO-2025-0228-U-027,2025-02-28,prune,pruning,7,300,U7-02,13,14,697,481,palms,13.0,14.0,partial,06:54,12:05,WO-2025-0301-U-028
WO-2025-0228-U-028,2025-02-28,prune,pruning,7,337,U7-03,13,13,709,417,palms,13.0,13.0,partial,06:52,11:09,WO-2025-0301-U-029
WO-2025-0228-U-029,2025-02-28,weed,circle_weeding,7,340,U7-04,6,13,6.38,6.38,ha,6.0,13.0,completed,07:12,14:39,
WO-2025-0228-U-030,2025-02-28,spray,spraying,7,289,S7-01,8,14,17.69,0.0,ha,8.0,4.2,weathered_off,06:59,09:41,WO-2025-0301-U-031
WO-2025-0301-U-001,2025-03-01,weed,circle_weeding,1,11,U1-01,12,14,14.19,10.61,ha,12.0,14.0,partial,07:00,12:24,WO-2025-0303-U-001
WO-2025-0301-U-002,2025-03-01,prune,pruning,1,20,U1-02,12,13,741,467,palms,12.0,13.0,partial,07:03,11:44,WO-2025-0303-U-002
WO-2025-0301-U-003,2025-03-01,weed,circle_weeding,1,30,U1-03,2,14,2.04,2.04,ha,2.0,14.0,completed,07:09,14:35,
WO-2025-0301-U-004,2025-03-01,spray,spraying,1,38,S1-01,2,10,3.0,0.0,ha,2.0,3.0,weathered_off,06:57,09:39,WO-2025-0303-U-004
WO-2025-0301-U-005,2025-03-01,weed,path_upkeep,2,50,U2-01,10,13,14.86,11.55,ha,10.0,13.0,partial,06:56,12:15,WO-2025-0303-U-005
WO-2025-0301-U-006,2025-03-01,prune,pruning,2,55,U2-02,12,11,720,384,palms,12.0,11.0,partial,07:04,11:03,WO-2025-0303-U-006
WO-2025-0301-U-007,2025-03-01,weed,circle_weeding,2,74,U2-03,12,12,13.53,6.28,ha,12.0,12.0,partial,07:12,10:22,WO-2025-0303-U-007
WO-2025-0301-U-008,2025-03-01,spray,spraying,2,71,S2-01,1,10,1.48,0.0,ha,1.0,3.0,weathered_off,06:57,09:16,WO-2025-0303-U-008
WO-2025-0301-U-009,2025-03-01,prune,pruning,3,75,U3-01,12,13,647,311,palms,12.0,13.0,partial,06:48,09:59,WO-2025-0303-U-009
WO-2025-0301-U-010,2025-03-01,prune,pruning,3,96,U3-02,12,12,654,221,palms,12.0,12.0,partial,06:52,09:10,WO-2025-0303-U-010
WO-2025-0301-U-011,2025-03-01,weed,circle_weeding,3,101,U3-03,12,10,13.99,6.54,ha,12.0,10.0,partial,07:11,10:42,WO-2025-0303-U-011
WO-2025-0301-U-012,2025-03-01,spray,spraying,3,78,S3-01,12,12,28.85,0.0,ha,12.0,3.6,weathered_off,06:54,08:09,WO-2025-0303-U-012
WO-2025-0301-U-013,2025-03-01,weed,circle_weeding,4,131,U4-01,11,11,9.68,3.63,ha,11.0,11.0,partial,06:59,09:40,WO-2025-0303-U-013
WO-2025-0301-U-014,2025-03-01,prune,pruning,4,133,U4-02,11,12,663,374,palms,11.0,12.0,partial,07:10,10:57,WO-2025-0303-U-014
WO-2025-0301-U-015,2025-03-01,prune,pruning,4,152,U4-03,10,10,484,257,palms,10.0,10.0,partial,07:09,10:53,WO-2025-0303-U-015
WO-2025-0301-U-016,2025-03-01,weed,path_upkeep,4,160,U4-04,11,12,15.51,8.33,ha,11.0,12.0,partial,06:50,10:57,WO-2025-0303-U-016
WO-2025-0301-U-017,2025-03-01,spray,spraying,4,148,S4-01,12,11,30.83,0.0,ha,12.0,3.3,weathered_off,07:05,09:07,WO-2025-0303-U-017
WO-2025-0301-U-018,2025-03-01,weed,circle_weeding,5,177,U5-01,11,11,13.13,8.1,ha,11.0,11.0,partial,07:15,11:45,WO-2025-0303-U-018
WO-2025-0301-U-019,2025-03-01,weed,circle_weeding,5,189,U5-02,11,10,13.7,7.53,ha,11.0,10.0,partial,07:01,10:54,WO-2025-0303-U-019
WO-2025-0301-U-020,2025-03-01,weed,circle_weeding,5,196,U5-03,11,10,14.52,8.01,ha,11.0,10.0,partial,07:10,11:16,WO-2025-0303-U-020
WO-2025-0301-U-021,2025-03-01,spray,spraying,5,178,S5-01,9,10,20.8,0.0,ha,9.0,3.0,weathered_off,07:10,09:47,WO-2025-0303-U-021
WO-2025-0301-U-022,2025-03-01,weed,circle_weeding,6,213,U6-01,12,11,13.2,7.07,ha,12.0,11.0,partial,06:47,10:33,WO-2025-0303-U-022
WO-2025-0301-U-023,2025-03-01,prune,pruning,6,247,U6-02,12,11,694,358,palms,12.0,11.0,partial,06:58,10:20,WO-2025-0303-U-023
WO-2025-0301-U-024,2025-03-01,weed,circle_weeding,6,252,U6-03,12,11,14.59,7.07,ha,12.0,11.0,partial,06:48,10:15,WO-2025-0303-U-024
WO-2025-0301-U-025,2025-03-01,weed,circle_weeding,6,266,U6-04,12,12,14.02,10.63,ha,12.0,12.0,partial,07:01,12:20,WO-2025-0303-U-025
WO-2025-0301-U-026,2025-03-01,spray,spraying,6,252,S6-01,2,11,2.9,0.0,ha,2.0,3.3,weathered_off,06:58,08:53,WO-2025-0303-U-026
WO-2025-0301-U-027,2025-03-01,weed,circle_weeding,7,292,U7-01,10,9,9.94,4.49,ha,10.0,9.0,partial,07:10,10:36,WO-2025-0303-U-027
WO-2025-0301-U-028,2025-03-01,prune,pruning,7,300,U7-02,10,10,536,282,palms,10.0,10.0,partial,07:07,10:47,WO-2025-0303-U-028
WO-2025-0301-U-029,2025-03-01,prune,pruning,7,337,U7-03,10,9,545,232,palms,10.0,9.0,partial,06:56,09:57,WO-2025-0303-U-029
WO-2025-0301-U-030,2025-03-01,weed,circle_weeding,7,343,U7-04,10,11,12.39,6.52,ha,10.0,11.0,partial,07:14,11:22,WO-2025-0303-U-030
WO-2025-0301-U-031,2025-03-01,spray,spraying,7,289,S7-01,8,11,17.69,0.0,ha,8.0,3.3,weathered_off,06:52,09:40,WO-2025-0303-U-031
WO-2025-0303-U-001,2025-03-03,weed,circle_weeding,1,11,U1-01,12,14,14.19,15.01,ha,12.0,14.0,partial,06:49,13:59,WO-2025-0304-U-001
WO-2025-0303-U-002,2025-03-03,prune,pruning,1,20,U1-02,12,12,741,522,palms,12.0,12.0,partial,07:15,11:54,WO-2025-0304-U-002
WO-2025-0303-U-003,2025-03-03,weed,path_upkeep,1,28,U1-03,12,15,17.15,24.66,ha,12.0,15.0,partial,07:05,14:01,WO-2025-0304-U-003
WO-2025-0303-U-004,2025-03-03,spray,spraying,1,38,S1-01,2,11,3.0,3.0,ha,2.0,11.0,completed,06:50,13:40,
WO-2025-0303-U-005,2025-03-03,weed,path_upkeep,2,50,U2-01,3,11,3.3,3.3,ha,3.0,11.0,completed,06:49,14:14,
WO-2025-0303-U-006,2025-03-03,prune,pruning,2,55,U2-02,12,14,720,758,palms,12.0,14.0,partial,07:05,14:17,WO-2025-0304-U-006
WO-2025-0303-U-007,2025-03-03,weed,circle_weeding,2,74,U2-03,10,12,10.87,10.87,ha,10.0,12.0,completed,07:00,14:01,
WO-2025-0303-U-008,2025-03-03,spray,spraying,2,71,S2-01,1,8,1.48,1.48,ha,1.0,8.0,completed,06:48,14:04,
WO-2025-0303-U-009,2025-03-03,prune,pruning,3,75,U3-01,12,12,647,469,palms,12.0,12.0,partial,06:51,12:17,WO-2025-0304-U-009
WO-2025-0303-U-010,2025-03-03,prune,pruning,3,96,U3-02,12,15,654,596,palms,12.0,15.0,partial,07:03,13:15,WO-2025-0304-U-010
WO-2025-0303-U-011,2025-03-03,weed,circle_weeding,3,101,U3-03,12,11,13.99,5.35,ha,12.0,11.0,partial,07:03,09:58,WO-2025-0304-U-011
WO-2025-0303-U-012,2025-03-03,spray,spraying,3,78,S3-01,12,13,28.85,15.59,ha,12.0,13.0,partial,07:02,11:12,WO-2025-0304-U-012
WO-2025-0303-U-013,2025-03-03,weed,circle_weeding,4,131,U4-01,11,13,9.68,10.4,ha,11.0,13.0,partial,06:45,13:54,WO-2025-0304-U-013
WO-2025-0303-U-014,2025-03-03,prune,pruning,4,133,U4-02,11,11,663,646,palms,11.0,11.0,partial,07:06,13:50,WO-2025-0304-U-014
WO-2025-0303-U-015,2025-03-03,prune,pruning,4,152,U4-03,5,13,228,228,palms,5.0,13.0,completed,06:47,14:07,
WO-2025-0303-U-016,2025-03-03,weed,path_upkeep,4,160,U4-04,10,14,12.8,12.8,ha,10.0,14.0,completed,07:04,14:06,
WO-2025-0303-U-017,2025-03-03,spray,spraying,4,148,S4-01,12,12,30.83,23.05,ha,12.0,12.0,partial,06:49,12:03,WO-2025-0304-U-017
WO-2025-0303-U-018,2025-03-03,weed,circle_weeding,5,177,U5-01,8,13,9.17,9.17,ha,8.0,13.0,completed,07:01,13:53,
WO-2025-0303-U-019,2025-03-03,weed,circle_weeding,5,189,U5-02,11,12,13.7,11.58,ha,11.0,12.0,partial,07:06,12:56,WO-2025-0304-U-019
WO-2025-0303-U-020,2025-03-03,weed,circle_weeding,5,196,U5-03,11,10,14.52,12.56,ha,11.0,10.0,partial,07:11,13:20,WO-2025-0304-U-020
WO-2025-0303-U-021,2025-03-03,spray,spraying,5,178,S5-01,9,8,20.8,21.26,ha,9.0,8.0,partial,07:07,14:10,WO-2025-0304-U-021
WO-2025-0303-U-022,2025-03-03,weed,circle_weeding,6,213,U6-01,12,11,13.2,6.74,ha,12.0,11.0,partial,07:11,10:52,WO-2025-0304-U-022
WO-2025-0303-U-023,2025-03-03,prune,pruning,6,247,U6-02,10,11,533,400,palms,10.0,11.0,partial,06:00,12:19,WO-2025-0304-U-023
WO-2025-0303-U-024,2025-03-03,weed,circle_weeding,6,252,U6-03,11,13,12.22,12.22,ha,11.0,13.0,completed,06:58,14:18,
WO-2025-0303-U-025,2025-03-03,weed,circle_weeding,6,266,U6-04,12,13,14.02,10.32,ha,12.0,13.0,partial,06:45,12:10,WO-2025-0304-U-025
WO-2025-0303-U-026,2025-03-03,spray,spraying,6,252,S6-01,2,14,2.9,2.9,ha,2.0,14.0,completed,06:55,14:09,
WO-2025-0303-U-027,2025-03-03,weed,circle_weeding,7,292,U7-01,7,10,6.2,6.2,ha,7.0,10.0,completed,07:14,14:17,
WO-2025-0303-U-028,2025-03-03,prune,pruning,7,300,U7-02,10,10,536,289,palms,10.0,10.0,partial,07:06,11:10,WO-2025-0304-U-028
WO-2025-0303-U-029,2025-03-03,prune,pruning,7,337,U7-03,10,10,545,503,palms,10.0,10.0,partial,07:01,13:51,WO-2025-0304-U-029
WO-2025-0303-U-030,2025-03-03,weed,circle_weeding,7,343,U7-04,10,13,12.39,14.37,ha,10.0,13.0,partial,07:08,14:31,WO-2025-0304-U-030
WO-2025-0303-U-031,2025-03-03,spray,spraying,7,289,S7-01,8,9,17.69,13.0,ha,8.0,9.0,partial,07:07,12:05,WO-2025-0304-U-031
WO-2025-0304-U-001,2025-03-04,weed,circle_weeding,1,11,U1-01,7,13,7.53,7.53,ha,7.0,13.0,completed,07:12,14:28,
WO-2025-0304-U-002,2025-03-04,prune,pruning,1,20,U1-02,12,13,741,895,palms,12.0,13.0,partial,06:56,14:22,WO-2025-0305-U-002
WO-2025-0304-U-003,2025-03-04,weed,path_upkeep,1,28,U1-03,2,14,2.06,2.06,ha,2.0,14.0,completed,07:03,14:26,
WO-2025-0304-U-004,2025-03-04,spray,spraying,1,37,S1-01,10,11,24.99,17.44,ha,10.0,11.0,partial,06:53,11:58,WO-2025-0305-U-004
WO-2025-0304-U-005,2025-03-04,weed,path_upkeep,2,52,U2-01,12,14,19.4,16.37,ha,12.0,14.0,partial,07:09,12:47,WO-2025-0305-U-005
WO-2025-0304-U-006,2025-03-04,prune,pruning,2,55,U2-02,12,14,720,604,palms,12.0,14.0,partial,07:01,12:53,WO-2025-0305-U-006
WO-2025-0304-U-007,2025-03-04,weed,circle_weeding,2,382,U2-03,12,13,13.53,11.0,ha,12.0,13.0,partial,07:07,13:14,WO-2025-0305-U-007
WO-2025-0304-U-008,2025-03-04,spray,spraying,2,41,S2-01,9,10,23.89,25.52,ha,9.0,10.0,completed,07:07,14:01,
WO-2025-0304-U-009,2025-03-04,prune,pruning,3,75,U3-01,12,13,647,409,palms,12.0,13.0,partial,06:47,11:39,WO-2025-0305-U-008
WO-2025-0304-U-010,2025-03-04,prune,pruning,3,96,U3-02,12,15,654,724,palms,12.0,15.0,partial,07:09,13:57,WO-2025-0305-U-009
WO-2025-0304-U-011,2025-03-04,weed,circle_weeding,3,101,U3-03,11,14,12.49,12.49,ha,11.0,14.0,completed,06:52,13:44,
WO-2025-0304-U-012,2025-03-04,spray,spraying,3,78,S3-01,6,15,13.26,13.26,ha,6.0,15.0,completed,07:06,14:22,
WO-2025-0304-U-013,2025-03-04,weed,circle_weeding,4,131,U4-01,2,12,1.36,1.36,ha,2.0,12.0,completed,06:46,13:49,
WO-2025-0304-U-014,2025-03-04,prune,pruning,4,133,U4-02,11,13,663,631,palms,11.0,13.0,partial,07:11,14:05,WO-2025-0305-U-013
WO-2025-0304-U-015,2025-03-04,weed,circle_weeding,4,154,U4-03,2,12,2.04,2.04,ha,2.0,12.0,completed,06:54,13:42,
WO-2025-0304-U-016,2025-03-04,weed,path_upkeep,4,156,U4-04,11,13,15.51,11.07,ha,11.0,13.0,partial,06:57,11:51,WO-2025-0305-U-015
WO-2025-0304-U-017,2025-03-04,spray,spraying,4,148,S4-01,4,12,9.8,9.8,ha,4.0,12.0,completed,07:07,14:05,
WO-2025-0304-U-018,2025-03-04,prune,pruning,5,178,U5-01,11,9,656,418,palms,11.0,9.0,partial,06:54,11:31,WO-2025-0305-U-017
WO-2025-0304-U-019,2025-03-04,weed,circle_weeding,5,189,U5-02,8,11,8.81,8.81,ha,8.0,11.0,completed,07:02,13:50,
WO-2025-0304-U-020,2025-03-04,weed,circle_weeding,5,196,U5-03,2,13,2.52,2.52,ha,2.0,13.0,completed,07:03,14:28,
WO-2025-0304-U-021,2025-03-04,spray,spraying,5,178,S5-01,4,8,7.13,7.13,ha,4.0,8.0,completed,06:58,14:13,
WO-2025-0304-U-022,2025-03-04,weed,circle_weeding,6,213,U6-01,9,14,8.95,8.95,ha,9.0,14.0,completed,07:15,14:42,
WO-2025-0304-U-023,2025-03-04,prune,pruning,6,247,U6-02,3,14,134,134,palms,3.0,14.0,completed,06:51,14:13,
WO-2025-0304-U-024,2025-03-04,prune,pruning,6,254,U6-03,12,12,729,693,palms,12.0,12.0,partial,07:02,13:32,WO-2025-0305-U-023
WO-2025-0304-U-025,2025-03-04,weed,circle_weeding,6,266,U6-04,6,14,6.68,6.68,ha,6.0,14.0,completed,06:46,13:43,
WO-2025-0304-U-026,2025-03-04,spray,spraying,6,255,S6-01,11,13,28.45,28.45,ha,11.0,13.0,completed,06:50,13:55,
WO-2025-0304-U-027,2025-03-04,weed,circle_weeding,7,296,U7-01,10,11,9.94,7.84,ha,10.0,11.0,partial,06:46,12:27,WO-2025-0305-U-026
WO-2025-0304-U-028,2025-03-04,prune,pruning,7,300,U7-02,10,10,536,229,palms,10.0,10.0,partial,07:07,09:58,WO-2025-0305-U-027
WO-2025-0304-U-029,2025-03-04,prune,pruning,7,337,U7-03,10,10,545,553,palms,10.0,10.0,completed,07:11,14:17,
WO-2025-0304-U-030,2025-03-04,weed,circle_weeding,7,343,U7-04,6,10,6.47,6.47,ha,6.0,10.0,completed,06:59,13:51,
WO-2025-0304-U-031,2025-03-04,spray,spraying,7,289,S7-01,2,13,4.69,4.69,ha,2.0,13.0,completed,06:45,14:06,
WO-2025-0305-U-001,2025-03-05,weed,path_upkeep,1,1,U1-01,4,15,6.4,6.4,ha,4.0,15.0,completed,07:03,13:57,
WO-2025-0305-U-002,2025-03-05,prune,pruning,1,20,U1-02,12,11,741,541,palms,12.0,11.0,partial,06:47,12:03,WO-2025-0306-U-002
WO-2025-0305-U-003,2025-03-05,weed,path_upkeep,1,30,U1-03,12,14,17.15,13.2,ha,12.0,14.0,partial,06:59,12:20,WO-2025-0306-U-003
WO-2025-0305-U-004,2025-03-05,spray,spraying,1,37,S1-01,5,12,11.85,11.85,ha,5.0,12.0,completed,07:02,14:26,
WO-2025-0305-U-005,2025-03-05,weed,path_upkeep,2,52,U2-01,6,13,9.27,9.27,ha,6.0,13.0,completed,06:53,13:49,
WO-2025-0305-U-006,2025-03-05,prune,pruning,2,55,U2-02,12,12,720,568,palms,12.0,12.0,partial,06:46,11:59,WO-2025-0306-U-006
WO-2025-0305-U-007,2025-03-05,weed,circle_weeding,2,382,U2-03,12,13,13.53,9.84,ha,12.0,13.0,partial,06:59,12:11,WO-2025-0306-U-007
WO-2025-0305-U-008,2025-03-05,prune,pruning,3,75,U3-01,7,14,367,367,palms,7.0,14.0,completed,07:05,13:49,
WO-2025-0305-U-009,2025-03-05,prune,pruning,3,96,U3-02,12,14,654,622,palms,12.0,14.0,partial,06:52,13:15,WO-2025-0306-U-010
WO-2025-0305-U-010,2025-03-05,weed,circle_weeding,3,111,U3-03,12,12,13.99,8.75,ha,12.0,12.0,partial,06:48,11:19,WO-2025-0306-U-011
WO-2025-0305-U-011,2025-03-05,spray,spraying,3,92,S3-01,13,14,32.41,23.93,ha,13.0,14.0,partial,07:01,12:05,WO-2025-0306-U-012
WO-2025-0305-U-012,2025-03-05,weed,circle_weeding,4,122,U4-01,11,12,9.68,4.17,ha,11.0,12.0,partial,06:53,10:11,WO-2025-0306-U-013
WO-2025-0305-U-013,2025-03-05,prune,pruning,4,133,U4-02,11,11,663,594,palms,11.0,11.0,partial,06:47,13:22,WO-2025-0306-U-014
WO-2025-0305-U-014,2025-03-05,weed,circle_weeding,4,151,U4-03,11,11,11.81,4.65,ha,11.0,11.0,partial,06:46,09:39,WO-2025-0306-U-015
WO-2025-0305-U-015,2025-03-05,weed,path_upkeep,4,156,U4-04,8,12,10.84,10.84,ha,8.0,12.0,completed,06:51,13:45,
WO-2025-0305-U-016,2025-03-05,spray,spraying,4,126,S4-01,3,14,6.22,6.22,ha,3.0,14.0,completed,07:02,13:45,
WO-2025-0305-U-017,2025-03-05,prune,pruning,5,178,U5-01,11,11,656,439,palms,11.0,11.0,partial,07:14,11:50,WO-2025-0306-U-017
WO-2025-0305-U-018,2025-03-05,weed,circle_weeding,5,188,U5-02,11,11,13.7,11.45,ha,11.0,11.0,partial,06:49,12:48,WO-2025-0306-U-018
WO-2025-0305-U-019,2025-03-05,weed,circle_weeding,5,199,U5-03,11,12,14.52,11.19,ha,11.0,12.0,partial,06:46,12:22,WO-2025-0306-U-019
WO-2025-0305-U-020,2025-03-05,spray,spraying,5,198,S5-01,5,7,10.22,10.22,ha,5.0,7.0,completed,07:00,14:02,
WO-2025-0305-U-021,2025-03-05,weed,circle_weeding,6,206,U6-01,12,14,13.2,15.83,ha,12.0,14.0,partial,07:04,14:22,WO-2025-0306-U-021
WO-2025-0305-U-022,2025-03-05,weed,circle_weeding,6,246,U6-02,12,14,13.87,8.61,ha,12.0,14.0,partial,06:52,10:55,WO-2025-0306-U-022
WO-2025-0305-U-023,2025-03-05,prune,pruning,6,254,U6-03,12,14,729,602,palms,12.0,14.0,partial,07:04,12:44,WO-2025-0306-U-023
WO-2025-0305-U-024,2025-03-05,weed,circle_weeding,6,270,U6-04,12,13,14.02,11.32,ha,12.0,13.0,partial,06:46,12:49,WO-2025-0306-U-024
WO-2025-0305-U-025,2025-03-05,spray,spraying,6,268,S6-01,7,14,18.72,18.72,ha,7.0,14.0,completed,07:05,14:24,
WO-2025-0305-U-026,2025-03-05,weed,circle_weeding,7,296,U7-01,10,12,9.94,8.44,ha,10.0,12.0,partial,06:51,12:38,WO-2025-0306-U-025
WO-2025-0305-U-027,2025-03-05,prune,pruning,7,300,U7-02,10,10,536,617,palms,10.0,10.0,partial,07:13,14:36,WO-2025-0306-U-026
WO-2025-0305-U-028,2025-03-05,weed,circle_weeding,7,311,U7-03,10,11,10.9,11.54,ha,10.0,11.0,partial,07:03,13:59,WO-2025-0306-U-027
WO-2025-0305-U-029,2025-03-05,weed,path_upkeep,7,344,U7-04,10,9,16.89,15.8,ha,10.0,9.0,partial,07:06,14:06,WO-2025-0306-U-028
WO-2025-0305-U-030,2025-03-05,spray,spraying,7,340,S7-01,11,12,27.28,14.76,ha,11.0,12.0,partial,07:02,10:43,WO-2025-0306-U-029
WO-2025-0306-U-001,2025-03-06,weed,circle_weeding,1,13,U1-01,12,14,14.19,12.86,ha,12.0,14.0,partial,06:48,13:23,WO-2025-0307-U-001
WO-2025-0306-U-002,2025-03-06,prune,pruning,1,20,U1-02,5,14,279,279,palms,5.0,14.0,completed,06:50,14:17,
WO-2025-0306-U-003,2025-03-06,weed,path_upkeep,1,30,U1-03,10,15,13.97,12.31,ha,10.0,15.0,partial,07:07,13:38,WO-2025-0307-U-003
WO-2025-0306-U-004,2025-03-06,spray,spraying,1,20,S1-01,8,11,19.93,16.44,ha,8.0,11.0,partial,07:05,12:43,WO-2025-0307-U-004
WO-2025-0306-U-005,2025-03-06,weed,circle_weeding,2,49,U2-01,12,14,14.23,11.27,ha,12.0,14.0,partial,06:58,12:20,WO-2025-0307-U-005
WO-2025-0306-U-006,2025-03-06,prune,pruning,2,55,U2-02,12,12,720,580,palms,12.0,12.0,partial,06:47,12:28,WO-2025-0307-U-006
WO-2025-0306-U-007,2025-03-06,weed,circle_weeding,2,382,U2-03,8,14,7.96,7.96,ha,8.0,14.0,completed,07:11,14:27,
WO-2025-0306-U-008,2025-03-06,spray,spraying,2,64,S2-01,9,8,23.89,16.05,ha,9.0,8.0,partial,06:54,12:04,WO-2025-0307-U-008
WO-2025-0306-U-009,2025-03-06,weed,circle_weeding,3,76,U3-01,12,13,12.94,12.03,ha,12.0,13.0,partial,06:47,13:25,WO-2025-0307-U-009
WO-2025-0306-U-010,2025-03-06,prune,pruning,3,96,U3-02,12,14,654,491,palms,12.0,14.0,partial,07:04,12:15,WO-2025-0307-U-010
WO-2025-0306-U-011,2025-03-06,weed,circle_weeding,3,111,U3-03,12,12,13.99,14.5,ha,12.0,12.0,partial,07:03,14:14,WO-2025-0307-U-011
WO-2025-0306-U-012,2025-03-06,spray,spraying,3,92,S3-01,4,14,8.48,8.48,ha,4.0,14.0,completed,06:53,14:12,
WO-2025-0306-U-013,2025-03-06,weed,circle_weeding,4,122,U4-01,11,13,8.87,8.87,ha,11.0,13.0,completed,07:08,14:14,
WO-2025-0306-U-014,2025-03-06,prune,pruning,4,133,U4-02,11,11,663,671,palms,11.0,11.0,partial,06:59,13:52,WO-2025-0307-U-013
WO-2025-0306-U-015,2025-03-06,weed,circle_weeding,4,151,U4-03,11,14,11.81,10.65,ha,11.0,14.0,partial,06:52,13:25,WO-2025-0307-U-014
WO-2025-0306-U-016,2025-03-06,weed,circle_weeding,4,158,U4-04,11,11,11.37,6.22,ha,11.0,11.0,partial,07:04,11:20,WO-2025-0307-U-015
WO-2025-0306-U-017,2025-03-06,prune,pruning,5,178,U5-01,11,12,656,515,palms,11.0,12.0,partial,07:03,13:02,WO-2025-0307-U-017
WO-2025-0306-U-018,2025-03-06,weed,circle_weeding,5,188,U5-02,11,9,13.7,11.15,ha,11.0,9.0,partial,07:09,12:38,WO-2025-0307-U-018
WO-2025-0306-U-019,2025-03-06,weed,circle_weeding,5,199,U5-03,6,11,7.39,7.39,ha,6.0,11.0,completed,07:07,14:10,
WO-2025-0306-U-020,2025-03-06,spray,spraying,5,181,S5-01,9,8,20.8,12.43,ha,9.0,8.0,partial,06:00,11:04,WO-2025-0307-U-020
WO-2025-0306-U-021,2025-03-06,weed,circle_weeding,6,206,U6-01,9,11,9.04,9.04,ha,9.0,11.0,completed,07:03,14:18,
WO-2025-0306-U-022,2025-03-06,weed,circle_weeding,6,246,U6-02,11,12,11.65,10.07,ha,11.0,12.0,partial,07:00,13:08,WO-2025-0307-U-022
WO-2025-0306-U-023,2025-03-06,prune,pruning,6,254,U6-03,12,13,729,511,palms,12.0,13.0,partial,07:14,12:29,WO-2025-0307-U-023
WO-2025-0306-U-024,2025-03-06,weed,circle_weeding,6,270,U6-04,3,12,2.85,2.85,ha,3.0,12.0,completed,06:53,13:57,
WO-2025-0306-U-025,2025-03-06,weed,circle_weeding,7,296,U7-01,10,9,9.94,7.64,ha,10.0,9.0,partial,07:09,12:25,WO-2025-0307-U-025
WO-2025-0306-U-026,2025-03-06,prune,pruning,7,300,U7-02,8,10,424,424,palms,8.0,10.0,completed,06:58,13:58,
WO-2025-0306-U-027,2025-03-06,weed,circle_weeding,7,311,U7-03,10,10,10.9,10.12,ha,10.0,10.0,partial,07:04,13:33,WO-2025-0307-U-027
WO-2025-0306-U-028,2025-03-06,weed,path_upkeep,7,344,U7-04,6,8,8.53,8.53,ha,6.0,8.0,completed,07:10,14:39,
WO-2025-0306-U-029,2025-03-06,spray,spraying,7,340,S7-01,7,12,15.62,15.62,ha,7.0,12.0,completed,06:57,14:26,
WO-2025-0307-U-001,2025-03-07,weed,circle_weeding,1,13,U1-01,12,12,14.19,14.2,ha,12.0,12.0,partial,07:13,13:58,WO-2025-0308-U-001
WO-2025-0307-U-002,2025-03-07,weed,circle_weeding,1,25,U1-02,12,15,14.82,11.37,ha,12.0,15.0,partial,06:48,12:35,WO-2025-0308-U-002
WO-2025-0307-U-003,2025-03-07,weed,path_upkeep,1,30,U1-03,2,14,1.65,1.65,ha,2.0,14.0,completed,06:54,14:07,
WO-2025-0307-U-004,2025-03-07,spray,spraying,1,20,S1-01,2,12,3.49,3.49,ha,2.0,12.0,completed,07:07,14:18,
WO-2025-0307-U-005,2025-03-07,weed,circle_weeding,2,49,U2-01,12,15,14.06,14.06,ha,12.0,15.0,completed,06:51,14:03,
WO-2025-0307-U-006,2025-03-07,prune,pruning,2,55,U2-02,12,13,720,454,palms,12.0,13.0,partial,07:15,11:45,WO-2025-0308-U-005
WO-2025-0307-U-007,2025-03-07,weed,circle_weeding,2,66,U2-03,12,13,13.53,14.15,ha,12.0,13.0,partial,06:58,13:49,WO-2025-0308-U-006
WO-2025-0307-U-008,2025-03-07,spray,spraying,2,64,S2-01,4,8,8.64,8.64,ha,4.0,8.0,completed,07:07,14:36,
WO-2025-0307-U-009,2025-03-07,weed,circle_weeding,3,76,U3-01,12,15,12.94,11.44,ha,12.0,15.0,partial,06:56,12:00,WO-2025-0308-U-007
WO-2025-0307-U-010,2025-03-07,prune,pruning,3,96,U3-02,12,12,654,555,palms,12.0,12.0,partial,06:45,12:29,WO-2025-0308-U-008
WO-2025-0307-U-011,2025-03-07,weed,circle_weeding,3,111,U3-03,12,14,13.99,9.14,ha,12.0,14.0,partial,07:06,12:01,WO-2025-0308-U-009
WO-2025-0307-U-012,2025-03-07,spray,spraying,3,91,S3-01,7,14,17.03,17.03,ha,7.0,14.0,completed,06:00,14:25,
WO-2025-0307-U-013,2025-03-07,prune,pruning,4,133,U4-02,11,11,663,446,palms,11.0,11.0,partial,06:54,12:02,WO-2025-0308-U-011
WO-2025-0307-U-014,2025-03-07,weed,circle_weeding,4,151,U4-03,11,10,11.81,7.32,ha,11.0,10.0,partial,06:46,11:08,WO-2025-0308-U-012
WO-2025-0307-U-015,2025-03-07,weed,circle_weeding,4,158,U4-04,11,13,11.37,6.3,ha,11.0,13.0,partial,07:12,10:51,WO-2025-0308-U-013
WO-2025-0307-U-016,2025-03-07,spray,spraying,4,159,S4-01,11,15,26.64,26.64,ha,11.0,15.0,completed,06:53,13:40,
WO-2025-0307-U-017,2025-03-07,prune,pruning,5,178,U5-01,11,13,656,597,palms,11.0,13.0,partial,06:51,13:04,WO-2025-0308-U-014
WO-2025-0307-U-018,2025-03-07,weed,circle_weeding,5,188,U5-02,7,8,8.36,8.36,ha,7.0,8.0,completed,07:13,14:08,
WO-2025-0307-U-019,2025-03-07,prune,pruning,5,196,U5-03,11,11,726,720,palms,11.0,11.0,partial,07:02,14:02,WO-2025-0308-U-016
WO-2025-0307-U-020,2025-03-07,spray,spraying,5,181,S5-01,8,9,17.33,17.33,ha,8.0,9.0,completed,06:59,14:18,
WO-2025-0307-U-021,2025-03-07,weed,circle_weeding,6,203,U6-01,12,14,13.2,13.88,ha,12.0,14.0,partial,06:54,14:03,WO-2025-0308-U-018
WO-2025-0307-U-022,2025-03-07,weed,circle_weeding,6,246,U6-02,2,14,1.58,1.58,ha,2.0,14.0,completed,07:02,14:19,
WO-2025-0307-U-023,2025-03-07,prune,pruning,6,254,U6-03,12,12,729,603,palms,12.0,12.0,partial,06:48,12:51,WO-2025-0308-U-020
WO-2025-0307-U-024,2025-03-07,weed,circle_weeding,6,380,U6-04,12,15,14.02,15.04,ha,12.0,15.0,partial,07:08,14:11,WO-2025-0308-U-021
WO-2025-0307-U-025,2025-03-07,weed,circle_weeding,7,296,U7-01,3,9,2.46,2.46,ha,3.0,9.0,completed,07:00,14:10,
WO-2025-0307-U-026,2025-03-07,weed,circle_weeding,7,309,U7-02,10,12,10.72,8.24,ha,10.0,12.0,partial,06:57,12:13,WO-2025-0308-U-023
WO-2025-0307-U-027,2025-03-07,weed,circle_weeding,7,311,U7-03,10,9,10.9,6.94,ha,10.0,9.0,partial,07:08,11:44,WO-2025-0308-U-024
WO-2025-0307-U-028,2025-03-07,weed,circle_weeding,7,342,U7-04,10,12,12.39,7.02,ha,10.0,12.0,partial,07:09,11:35,WO-2025-0308-U-025
WO-2025-0308-U-001,2025-03-08,weed,circle_weeding,1,13,U1-01,5,15,5.04,5.04,ha,5.0,15.0,completed,07:00,13:44,
WO-2025-0308-U-002,2025-03-08,weed,circle_weeding,1,25,U1-02,12,14,14.82,8.89,ha,12.0,14.0,partial,07:02,11:20,WO-2025-0310-U-002
WO-2025-0308-U-003,2025-03-08,weed,circle_weeding,1,37,U1-03,12,13,12.58,8.07,ha,12.0,13.0,partial,07:07,12:06,WO-2025-0310-U-003
WO-2025-0308-U-004,2025-03-08,weed,circle_weeding,2,46,U2-01,12,10,14.23,11.06,ha,12.0,10.0,partial,06:55,12:52,WO-2025-0310-U-004
WO-2025-0308-U-005,2025-03-08,prune,pruning,2,55,U2-02,12,13,720,532,palms,12.0,13.0,partial,06:51,12:17,WO-2025-0310-U-005
WO-2025-0308-U-006,2025-03-08,weed,circle_weeding,2,66,U2-03,12,12,13.53,9.54,ha,12.0,12.0,partial,06:48,11:35,WO-2025-0310-U-006
WO-2025-0308-U-007,2025-03-08,weed,circle_weeding,3,76,U3-01,5,14,4.71,4.71,ha,5.0,14.0,completed,06:58,13:50,
WO-2025-0308-U-008,2025-03-08,prune,pruning,3,96,U3-02,12,15,654,576,palms,12.0,15.0,partial,07:13,13:50,WO-2025-0310-U-008
WO-2025-0308-U-009,2025-03-08,weed,circle_weeding,3,111,U3-03,6,11,6.57,6.57,ha,6.0,11.0,completed,06:56,13:46,
WO-2025-0308-U-010,2025-03-08,spray,spraying,3,114,S3-01,8,12,18.47,0.0,ha,8.0,3.6,weathered_off,06:57,09:36,WO-2025-0310-U-011
WO-2025-0308-U-011,2025-03-08,prune,pruning,4,133,U4-02,8,12,469,469,palms,8.0,12.0,completed,06:50,13:55,
WO-2025-0308-U-012,2025-03-08,weed,circle_weeding,4,151,U4-03,8,12,7.57,7.57,ha,8.0,12.0,completed,07:07,14:01,
WO-2025-0308-U-013,2025-03-08,weed,circle_weeding,4,158,U4-04,11,12,11.37,9.48,ha,11.0,12.0,partial,07:07,12:40,WO-2025-0310-U-015
WO-2025-0308-U-014,2025-03-08,prune,pruning,5,178,U5-01,11,11,656,360,palms,11.0,11.0,partial,06:54,10:30,WO-2025-0310-U-016
WO-2025-0308-U-015,2025-03-08,prune,pruning,5,190,U5-02,11,12,685,692,palms,11.0,12.0,partial,07:13,14:01,WO-2025-0310-U-017
WO-2025-0308-U-016,2025-03-08,prune,pruning,5,196,U5-03,11,10,726,382,palms,11.0,10.0,partial,07:15,11:22,WO-2025-0310-U-018
WO-2025-0308-U-017,2025-03-08,spray,spraying,5,194,S5-01,9,9,20.8,0.0,ha,9.0,2.7,weathered_off,06:58,09:29,WO-2025-0310-U-019
WO-2025-0308-U-018,2025-03-08,weed,circle_weeding,6,203,U6-01,12,14,13.2,11.71,ha,12.0,14.0,partial,06:56,13:33,WO-2025-0310-U-020
WO-2025-0308-U-019,2025-03-08,prune,pruning,6,216,U6-02,12,13,694,374,palms,12.0,13.0,partial,07:01,10:54,WO-2025-0310-U-021
WO-2025-0308-U-020,2025-03-08,prune,pruning,6,254,U6-03,5,14,293,293,palms,5.0,14.0,completed,06:53,13:00,
WO-2025-0308-U-021,2025-03-08,weed,circle_weeding,6,380,U6-04,12,14,14.02,14.8,ha,12.0,14.0,completed,07:10,14:34,
WO-2025-0308-U-022,2025-03-08,prune,pruning,7,295,U7-01,10,10,497,260,palms,10.0,10.0,partial,06:53,10:51,WO-2025-0310-U-024
WO-2025-0308-U-023,2025-03-08,weed,circle_weeding,7,309,U7-02,10,11,10.72,6.31,ha,10.0,11.0,partial,06:53,10:56,WO-2025-0310-U-025
WO-2025-0308-U-024,2025-03-08,weed,circle_weeding,7,311,U7-03,7,12,6.61,6.61,ha,7.0,12.0,completed,06:55,14:13,
WO-2025-0308-U-025,2025-03-08,weed,circle_weeding,7,342,U7-04,10,8,12.39,3.66,ha,10.0,8.0,partial,06:56,08:49,WO-2025-0310-U-027
WO-2025-0310-U-001,2025-03-10,weed,circle_weeding,1,2,U1-01,12,14,14.19,11.07,ha,12.0,14.0,partial,06:51,12:39,WO-2025-0311-U-001
WO-2025-0310-U-002,2025-03-10,weed,circle_weeding,1,25,U1-02,8,13,9.13,9.13,ha,8.0,13.0,completed,06:57,14:07,
WO-2025-0310-U-003,2025-03-10,weed,circle_weeding,1,37,U1-03,12,13,12.58,10.09,ha,12.0,13.0,partial,06:52,12:34,WO-2025-0311-U-003
WO-2025-0310-U-004,2025-03-10,weed,circle_weeding,2,46,U2-01,12,12,14.23,10.22,ha,12.0,12.0,partial,06:00,12:21,WO-2025-0311-U-004
WO-2025-0310-U-005,2025-03-10,prune,pruning,2,55,U2-02,5,13,241,241,palms,5.0,13.0,completed,06:54,14:18,
WO-2025-0310-U-006,2025-03-10,weed,circle_weeding,2,66,U2-03,5,13,5.19,5.19,ha,5.0,13.0,completed,06:49,13:44,
WO-2025-0310-U-007,2025-03-10,weed,circle_weeding,3,78,U3-01,12,14,12.94,7.61,ha,12.0,14.0,partial,06:50,10:51,WO-2025-0311-U-007
WO-2025-0310-U-008,2025-03-10,prune,pruning,3,96,U3-02,12,12,654,370,palms,12.0,12.0,partial,06:49,10:54,WO-2025-0311-U-008
WO-2025-0310-U-009,2025-03-10,weed,path_upkeep,3,104,U3-03,12,13,19.08,15.42,ha,12.0,13.0,partial,07:05,12:36,WO-2025-0311-U-009
WO-2025-0310-U-010,2025-03-10,weed,circle_weeding,3,114,U3-04,12,12,13.52,12.81,ha,12.0,12.0,partial,07:02,13:37,WO-2025-0311-U-010
WO-2025-0310-U-011,2025-03-10,spray,spraying,3,114,S3-01,8,15,18.47,0.0,ha,8.0,4.5,weathered_off,06:51,08:59,WO-2025-0311-U-011
WO-2025-0310-U-012,2025-03-10,prune,pruning,4,128,U4-01,11,11,484,417,palms,11.0,11.0,partial,07:09,13:28,WO-2025-0311-U-012
WO-2025-0310-U-013,2025-03-10,prune,pruning,4,143,U4-02,11,11,663,437,palms,11.0,11.0,partial,07:07,12:06,WO-2025-0311-U-013
WO-2025-0310-U-014,2025-03-10,weed,circle_weeding,4,147,U4-03,11,12,11.81,10.9,ha,11.0,12.0,partial,07:13,13:50,WO-2025-0311-U-014
WO-2025-0310-U-015,2025-03-10,weed,circle_weeding,4,158,U4-04,11,12,10.44,8.73,ha,11.0,12.0,partial,07:04,13:16,WO-2025-0311-U-015
WO-2025-0310-U-016,2025-03-10,prune,pruning,5,178,U5-01,11,9,656,380,palms,11.0,9.0,partial,06:50,10:36,WO-2025-0311-U-016
WO-2025-0310-U-017,2025-03-10,prune,pruning,5,190,U5-02,11,12,685,709,palms,11.0,12.0,partial,06:58,14:07,WO-2025-0311-U-017
WO-2025-0310-U-018,2025-03-10,prune,pruning,5,196,U5-03,11,12,726,548,palms,11.0,12.0,partial,06:54,12:16,WO-2025-0311-U-018
WO-2025-0310-U-019,2025-03-10,spray,spraying,5,194,S5-01,9,10,20.8,0.0,ha,9.0,3.0,weathered_off,07:02,08:00,WO-2025-0311-U-019
WO-2025-0310-U-020,2025-03-10,weed,circle_weeding,6,203,U6-01,12,13,13.2,9.98,ha,12.0,13.0,partial,07:03,12:35,WO-2025-0311-U-020
WO-2025-0310-U-021,2025-03-10,prune,pruning,6,216,U6-02,12,12,694,378,palms,12.0,12.0,partial,06:57,10:39,WO-2025-0311-U-021
WO-2025-0310-U-022,2025-03-10,weed,path_upkeep,6,258,U6-03,7,14,11.0,11.0,ha,7.0,14.0,completed,06:52,13:34,
WO-2025-0310-U-023,2025-03-10,weed,circle_weeding,6,271,U6-04,12,14,14.02,10.07,ha,12.0,14.0,partial,07:09,12:19,WO-2025-0311-U-023
WO-2025-0310-U-024,2025-03-10,prune,pruning,7,295,U7-01,10,9,497,402,palms,10.0,9.0,partial,06:48,12:58,WO-2025-0311-U-024
WO-2025-0310-U-025,2025-03-10,weed,circle_weeding,7,309,U7-02,10,11,10.31,10.31,ha,10.0,11.0,completed,06:57,14:19,
WO-2025-0310-U-026,2025-03-10,weed,circle_weeding,7,331,U7-03,10,11,10.9,8.47,ha,10.0,11.0,partial,07:14,12:55,WO-2025-0311-U-026
WO-2025-0310-U-027,2025-03-10,weed,circle_weeding,7,342,U7-04,10,11,12.39,11.11,ha,10.0,11.0,partial,07:11,13:29,WO-2025-0311-U-027
WO-2025-0311-U-001,2025-03-11,weed,circle_weeding,1,2,U1-01,6,15,6.42,6.42,ha,6.0,15.0,completed,06:00,13:46,
WO-2025-0311-U-002,2025-03-11,weed,circle_weeding,1,18,U1-02,12,16,14.82,17.28,ha,12.0,16.0,partial,07:10,14:39,WO-2025-0312-U-002
WO-2025-0311-U-003,2025-03-11,weed,circle_weeding,1,37,U1-03,11,13,11.13,8.56,ha,11.0,13.0,partial,07:06,12:32,WO-2025-0312-U-003
WO-2025-0311-U-004,2025-03-11,weed,circle_weeding,2,46,U2-01,7,15,7.95,7.95,ha,7.0,15.0,completed,07:00,14:02,
WO-2025-0311-U-005,2025-03-11,weed,circle_weeding,2,63,U2-02,12,13,14.4,9.16,ha,12.0,13.0,partial,06:48,11:43,WO-2025-0312-U-005
WO-2025-0311-U-006,2025-03-11,prune,pruning,2,73,U2-03,12,12,676,535,palms,12.0,12.0,partial,06:54,12:22,WO-2025-0312-U-006
WO-2025-0311-U-007,2025-03-11,weed,circle_weeding,3,78,U3-01,12,13,12.94,10.45,ha,12.0,13.0,partial,07:08,13:12,WO-2025-0312-U-007
WO-2025-0311-U-008,2025-03-11,prune,pruning,3,96,U3-02,12,14,654,506,palms,12.0,14.0,partial,06:47,12:02,WO-2025-0312-U-008
WO-2025-0311-U-009,2025-03-11,weed,path_upkeep,3,104,U3-03,12,13,17.51,17.51,ha,12.0,13.0,completed,07:07,14:32,
WO-2025-0311-U-010,2025-03-11,weed,circle_weeding,3,114,U3-04,6,11,5.66,5.66,ha,6.0,11.0,completed,07:09,13:54,
WO-2025-0311-U-011,2025-03-11,spray,spraying,3,114,S3-01,8,14,18.47,18.47,ha,8.0,14.0,completed,06:45,13:51,
WO-2025-0311-U-012,2025-03-11,prune,pruning,4,128,U4-01,11,11,484,361,palms,11.0,11.0,partial,07:10,12:48,WO-2025-0312-U-012
WO-2025-0311-U-013,2025-03-11,prune,pruning,4,143,U4-02,11,13,663,604,palms,11.0,13.0,partial,07:11,13:44,WO-2025-0312-U-013
WO-2025-0311-U-014,2025-03-11,weed,circle_weeding,4,147,U4-03,11,12,11.81,8.64,ha,11.0,12.0,partial,06:56,12:30,WO-2025-0312-U-014
WO-2025-0311-U-015,2025-03-11,weed,circle_weeding,4,158,U4-04,2,12,1.7,1.7,ha,2.0,12.0,completed,07:12,14:14,
WO-2025-0311-U-016,2025-03-11,prune,pruning,5,178,U5-01,11,9,656,393,palms,11.0,9.0,partial,07:04,10:58,WO-2025-0312-U-016
WO-2025-0311-U-017,2025-03-11,prune,pruning,5,190,U5-02,11,14,685,614,palms,11.0,14.0,partial,07:02,13:23,WO-2025-0312-U-017
WO-2025-0311-U-018,2025-03-11,prune,pruning,5,196,U5-03,11,12,726,785,palms,11.0,12.0,partial,07:09,14:18,WO-2025-0312-U-018
WO-2025-0311-U-019,2025-03-11,spray,spraying,5,194,S5-01,9,10,20.8,12.92,ha,9.0,10.0,partial,06:46,11:09,WO-2025-0312-U-019
WO-2025-0311-U-020,2025-03-11,weed,circle_weeding,6,203,U6-01,9,15,9.03,9.03,ha,9.0,15.0,completed,06:49,14:01,
WO-2025-0311-U-021,2025-03-11,prune,pruning,6,216,U6-02,12,15,694,753,palms,12.0,15.0,partial,06:59,14:04,WO-2025-0312-U-021
WO-2025-0311-U-022,2025-03-11,weed,circle_weeding,6,263,U6-03,12,14,14.59,14.97,ha,12.0,14.0,partial,07:15,14:15,WO-2025-0312-U-022
WO-2025-0311-U-023,2025-03-11,weed,circle_weeding,6,271,U6-04,10,13,11.22,9.03,ha,10.0,13.0,partial,07:11,13:05,WO-2025-0312-U-023
WO-2025-0311-U-024,2025-03-11,prune,pruning,7,295,U7-01,10,10,497,406,palms,10.0,10.0,partial,07:10,12:58,WO-2025-0312-U-024
WO-2025-0311-U-025,2025-03-11,weed,path_upkeep,7,301,U7-02,8,11,10.39,10.39,ha,8.0,11.0,completed,07:04,13:47,
WO-2025-0311-U-026,2025-03-11,weed,circle_weeding,7,331,U7-03,10,11,10.9,9.98,ha,10.0,11.0,partial,06:46,13:27,WO-2025-0312-U-026
WO-2025-0311-U-027,2025-03-11,weed,circle_weeding,7,342,U7-04,7,10,7.55,7.55,ha,7.0,10.0,completed,07:06,13:00,
WO-2025-0312-U-001,2025-03-12,prune,pruning,1,6,U1-01,12,13,710,589,palms,12.0,13.0,partial,06:57,12:56,WO-2025-0313-U-001
WO-2025-0312-U-002,2025-03-12,weed,circle_weeding,1,18,U1-02,4,16,4.0,4.0,ha,4.0,16.0,completed,06:51,14:16,
WO-2025-0312-U-003,2025-03-12,weed,circle_weeding,1,37,U1-03,3,15,2.57,2.57,ha,3.0,15.0,completed,07:14,14:41,
WO-2025-0312-U-004,2025-03-12,prune,pruning,2,41,U2-01,12,12,711,427,palms,12.0,12.0,partial,07:10,11:30,WO-2025-0313-U-005
WO-2025-0312-U-005,2025-03-12,weed,circle_weeding,2,63,U2-02,12,13,14.4,10.54,ha,12.0,13.0,partial,07:11,12:35,WO-2025-0313-U-006
WO-2025-0312-U-006,2025-03-12,prune,pruning,2,73,U2-03,12,13,676,524,palms,12.0,13.0,partial,07:11,12:58,WO-2025-0313-U-007
WO-2025-0312-U-007,2025-03-12,weed,circle_weeding,3,78,U3-01,11,14,10.8,10.8,ha,11.0,14.0,completed,06:57,13:47,
WO-2025-0312-U-008,2025-03-12,prune,pruning,3,96,U3-02,5,11,224,224,palms,5.0,11.0,completed,07:15,13:59,
WO-2025-0312-U-009,2025-03-12,weed,circle_weeding,3,112,U3-03,12,14,13.99,10.38,ha,12.0,14.0,partial,06:50,11:51,WO-2025-0313-U-010
WO-2025-0312-U-010,2025-03-12,weed,circle_weeding,3,117,U3-04,10,14,10.19,9.82,ha,10.0,14.0,partial,07:14,13:50,WO-2025-0313-U-011
WO-2025-0312-U-011,2025-03-12,spray,spraying,3,116,S3-01,5,16,12.54,12.54,ha,5.0,16.0,completed,06:51,13:46,
WO-2025-0312-U-012,2025-03-12,prune,pruning,4,128,U4-01,11,13,484,454,palms,11.0,13.0,partial,07:01,13:50,WO-2025-0313-U-013
WO-2025-0312-U-013,2025-03-12,prune,pruning,4,143,U4-02,11,12,663,682,palms,11.0,12.0,partial,07:06,14:21,WO-2025-0313-U-014
WO-2025-0312-U-014,2025-03-12,weed,circle_weeding,4,147,U4-03,7,12,6.94,6.94,ha,7.0,12.0,completed,06:51,13:46,
WO-2025-0312-U-015,2025-03-12,weed,circle_weeding,4,157,U4-04,11,12,11.37,9.13,ha,11.0,12.0,partial,06:50,12:21,WO-2025-0313-U-016
WO-2025-0312-U-016,2025-03-12,prune,pruning,5,178,U5-01,11,13,656,837,palms,11.0,13.0,completed,06:50,13:59,
WO-2025-0312-U-017,2025-03-12,prune,pruning,5,190,U5-02,11,11,685,483,palms,11.0,11.0,partial,07:00,12:11,WO-2025-0313-U-018
WO-2025-0312-U-018,2025-03-12,prune,pruning,5,196,U5-03,11,12,726,537,palms,11.0,12.0,partial,06:58,12:20,WO-2025-0313-U-019
WO-2025-0312-U-019,2025-03-12,spray,spraying,5,194,S5-01,7,10,16.05,16.05,ha,7.0,10.0,completed,07:05,14:18,
WO-2025-0312-U-020,2025-03-12,weed,circle_weeding,6,207,U6-01,12,13,13.2,7.75,ha,12.0,13.0,partial,07:04,11:00,WO-2025-0313-U-021
WO-2025-0312-U-021,2025-03-12,prune,pruning,6,216,U6-02,12,12,694,518,palms,12.0,12.0,partial,07:02,12:42,WO-2025-0313-U-022
WO-2025-0312-U-022,2025-03-12,weed,circle_weeding,6,263,U6-03,11,14,13.31,13.31,ha,11.0,14.0,completed,07:03,14:19,
WO-2025-0312-U-023,2025-03-12,weed,circle_weeding,6,271,U6-04,2,14,2.19,2.19,ha,2.0,14.0,completed,06:50,13:57,
WO-2025-0312-U-024,2025-03-12,prune,pruning,7,295,U7-01,10,10,497,504,palms,10.0,10.0,partial,07:05,14:06,WO-2025-0313-U-025
WO-2025-0312-U-025,2025-03-12,weed,circle_weeding,7,303,U7-02,10,12,10.72,4.83,ha,10.0,12.0,partial,06:54,10:30,WO-2025-0313-U-026
WO-2025-0312-U-026,2025-03-12,weed,circle_weeding,7,331,U7-03,4,13,3.33,3.33,ha,4.0,13.0,completed,06:48,13:49,
WO-2025-0312-U-027,2025-03-12,weed,path_upkeep,7,342,U7-04,10,8,16.89,15.54,ha,10.0,8.0,partial,06:52,13:33,WO-2025-0313-U-028
WO-2025-0312-U-028,2025-03-12,spray,spraying,7,336,S7-01,11,13,27.28,20.88,ha,11.0,13.0,partial,06:52,12:35,WO-2025-0313-U-029
WO-2025-0313-U-001,2025-03-13,prune,pruning,1,6,U1-01,7,14,368,368,palms,7.0,14.0,completed,07:00,14:16,
WO-2025-0313-U-002,2025-03-13,weed,circle_weeding,1,22,U1-02,12,12,14.82,8.07,ha,12.0,12.0,partial,07:08,11:02,WO-2025-0314-U-002
WO-2025-0313-U-003,2025-03-13,weed,circle_weeding,1,39,U1-03,12,15,12.58,11.33,ha,12.0,15.0,partial,06:45,13:19,WO-2025-0314-U-003
WO-2025-0313-U-004,2025-03-13,spray,spraying,1,5,S1-01,4,11,8.77,0.0,ha,4.0,3.3,weathered_off,07:08,09:16,WO-2025-0314-U-004
WO-2025-0313-U-005,2025-03-13,prune,pruning,2,41,U2-01,12,14,711,504,palms,12.0,14.0,partial,06:47,12:04,WO-2025-0314-U-005
WO-2025-0313-U-006,2025-03-13,weed,circle_weeding,2,63,U2-02,11,14,12.55,12.55,ha,11.0,14.0,completed,07:09,14:06,
WO-2025-0313-U-007,2025-03-13,prune,pruning,2,73,U2-03,12,14,676,608,palms,12.0,14.0,partial,07:13,13:56,WO-2025-0314-U-007
WO-2025-0313-U-008,2025-03-13,weed,circle_weeding,3,83,U3-01,12,12,12.94,9.27,ha,12.0,12.0,partial,07:04,12:26,WO-2025-0314-U-008
WO-2025-0313-U-009,2025-03-13,weed,circle_weeding,3,90,U3-02,12,11,13.08,10.56,ha,12.0,11.0,partial,07:07,12:47,WO-2025-0314-U-009
WO-2025-0313-U-010,2025-03-13,weed,circle_weeding,3,112,U3-03,11,14,11.78,9.82,ha,11.0,14.0,partial,06:54,13:10,WO-2025-0314-U-010
WO-2025-0313-U-011,2025-03-13,weed,circle_weeding,3,117,U3-04,1,15,0.37,0.37,ha,1.0,15.0,completed,06:57,13:49,
WO-2025-0313-U-012,2025-03-13,spray,spraying,3,77,S3-01,12,11,28.4,0.0,ha,12.0,3.3,weathered_off,07:00,08:14,WO-2025-0314-U-012
WO-2025-0313-U-013,2025-03-13,prune,pruning,4,128,U4-01,11,12,484,315,palms,11.0,12.0,partial,06:58,11:23,WO-2025-0314-U-013
WO-2025-0313-U-014,2025-03-13,prune,pruning,4,143,U4-02,11,11,663,497,palms,11.0,11.0,partial,07:01,12:44,WO-2025-0314-U-014
WO-2025-0313-U-015,2025-03-13,weed,path_upkeep,4,153,U4-03,11,13,16.1,12.41,ha,11.0,13.0,partial,07:07,12:56,WO-2025-0314-U-015
WO-2025-0313-U-016,2025-03-13,weed,circle_weeding,4,157,U4-04,11,13,11.37,7.25,ha,11.0,13.0,partial,07:06,12:03,WO-2025-0314-U-016
WO-2025-0313-U-017,2025-03-13,weed,circle_weeding,5,168,U5-01,11,11,13.13,10.33,ha,11.0,11.0,partial,07:12,12:26,WO-2025-0314-U-017
WO-2025-0313-U-018,2025-03-13,prune,pruning,5,190,U5-02,11,11,685,526,palms,11.0,11.0,partial,07:09,12:37,WO-2025-0314-U-018
WO-2025-0313-U-019,2025-03-13,prune,pruning,5,196,U5-03,11,12,726,686,palms,11.0,12.0,partial,07:06,14:00,WO-2025-0314-U-019
WO-2025-0313-U-020,2025-03-13,spray,spraying,5,172,S5-01,9,8,20.8,0.0,ha,9.0,2.4,weathered_off,06:51,09:43,WO-2025-0314-U-020
WO-2025-0313-U-021,2025-03-13,weed,circle_weeding,6,207,U6-01,12,14,13.2,8.3,ha,12.0,14.0,partial,07:08,11:15,WO-2025-0314-U-021
WO-2025-0313-U-022,2025-03-13,prune,pruning,6,216,U6-02,12,14,694,511,palms,12.0,14.0,partial,06:48,12:07,WO-2025-0314-U-022
WO-2025-0313-U-023,2025-03-13,weed,path_upkeep,6,252,U6-03,12,12,19.89,10.2,ha,12.0,12.0,partial,06:59,10:51,WO-2025-0314-U-023
WO-2025-0313-U-024,2025-03-13,weed,path_upkeep,6,268,U6-04,12,13,18.72,10.46,ha,12.0,13.0,partial,07:14,11:08,WO-2025-0314-U-024
WO-2025-0313-U-025,2025-03-13,prune,pruning,7,295,U7-01,4,11,152,152,palms,4.0,11.0,completed,06:57,13:47,
WO-2025-0313-U-026,2025-03-13,weed,circle_weeding,7,303,U7-02,10,10,10.72,11.08,ha,10.0,10.0,partial,06:50,14:14,WO-2025-0314-U-026
WO-2025-0313-U-027,2025-03-13,weed,path_upkeep,7,336,U7-03,10,11,14.86,9.61,ha,10.0,11.0,partial,07:10,11:36,WO-2025-0314-U-027
WO-2025-0313-U-028,2025-03-13,weed,path_upkeep,7,342,U7-04,9,12,13.8,11.48,ha,9.0,12.0,partial,07:12,13:12,WO-2025-0314-U-028
WO-2025-0313-U-029,2025-03-13,spray,spraying,7,336,S7-01,4,13,7.46,0.0,ha,4.0,3.9,weathered_off,06:54,09:21,WO-2025-0314-U-029
WO-2025-0314-U-001,2025-03-14,prune,pruning,1,1,U1-01,12,14,710,790,palms,12.0,14.0,completed,06:54,13:47,
WO-2025-0314-U-002,2025-03-14,weed,circle_weeding,1,22,U1-02,12,15,14.82,9.02,ha,12.0,15.0,partial,07:10,11:15,WO-2025-0315-U-002
WO-2025-0314-U-003,2025-03-14,weed,circle_weeding,1,39,U1-03,12,11,12.58,8.42,ha,12.0,11.0,partial,06:58,11:46,WO-2025-0315-U-003
WO-2025-0314-U-004,2025-03-14,spray,spraying,1,5,S1-01,4,11,8.77,0.0,ha,4.0,3.3,weathered_off,07:06,09:13,WO-2025-0315-U-004
WO-2025-0314-U-005,2025-03-14,prune,pruning,2,41,U2-01,12,13,711,777,palms,12.0,13.0,partial,07:15,14:12,WO-2025-0315-U-005
WO-2025-0314-U-006,2025-03-14,weed,path_upkeep,2,53,U2-02,12,13,19.64,16.69,ha,12.0,13.0,partial,06:49,12:44,WO-2025-0315-U-006
WO-2025-0314-U-007,2025-03-14,prune,pruning,2,73,U2-03,12,13,676,843,palms,12.0,13.0,partial,06:51,14:18,WO-2025-0315-U-007
WO-2025-0314-U-008,2025-03-14,weed,circle_weeding,3,83,U3-01,12,14,12.94,8.62,ha,12.0,14.0,partial,07:15,12:16,WO-2025-0315-U-009
WO-2025-0314-U-009,2025-03-14,weed,circle_weeding,3,90,U3-02,12,12,13.08,8.36,ha,12.0,12.0,partial,07:14,11:00,WO-2025-0315-U-010
WO-2025-0314-U-010,2025-03-14,weed,circle_weeding,3,112,U3-03,2,11,1.96,1.96,ha,2.0,11.0,completed,07:08,14:27,
WO-2025-0314-U-011,2025-03-14,weed,circle_weeding,3,121,U3-04,5,13,4.68,4.68,ha,5.0,13.0,completed,06:51,13:48,
WO-2025-0314-U-012,2025-03-14,spray,spraying,3,77,S3-01,12,14,28.4,0.0,ha,12.0,4.2,weathered_off,07:08,08:51,WO-2025-0315-U-013
WO-2025-0314-U-013,2025-03-14,prune,pruning,4,128,U4-01,11,13,484,340,palms,11.0,13.0,partial,06:54,11:57,WO-2025-0315-U-014
WO-2025-0314-U-014,2025-03-14,prune,pruning,4,143,U4-02,11,13,663,510,palms,11.0,13.0,partial,06:00,12:09,WO-2025-0315-U-015
WO-2025-0314-U-015,2025-03-14,weed,path_upkeep,4,153,U4-03,11,13,16.1,18.71,ha,11.0,13.0,partial,06:47,13:40,WO-2025-0315-U-016
WO-2025-0314-U-016,2025-03-14,weed,circle_weeding,4,157,U4-04,11,10,11.37,7.89,ha,11.0,10.0,partial,06:51,12:12,WO-2025-0315-U-017
WO-2025-0314-U-017,2025-03-14,weed,circle_weeding,5,168,U5-01,11,10,13.13,8.0,ha,11.0,10.0,partial,07:11,11:25,WO-2025-0315-U-018
WO-2025-0314-U-018,2025-03-14,prune,pruning,5,190,U5-02,11,9,685,457,palms,11.0,9.0,partial,06:53,11:22,WO-2025-0315-U-019
WO-2025-0314-U-019,2025-03-14,prune,pruning,5,196,U5-03,11,11,726,464,palms,11.0,11.0,partial,06:57,11:21,WO-2025-0315-U-020
WO-2025-0314-U-020,2025-03-14,spray,spraying,5,172,S5-01,9,8,20.8,0.0,ha,9.0,2.4,weathered_off,07:05,08:38,WO-2025-0315-U-021
WO-2025-0314-U-021,2025-03-14,weed,circle_weeding,6,207,U6-01,11,12,11.79,11.79,ha,11.0,12.0,completed,06:53,14:03,
WO-2025-0314-U-022,2025-03-14,prune,pruning,6,216,U6-02,12,14,694,570,palms,12.0,14.0,partial,06:57,12:52,WO-2025-0315-U-023
WO-2025-0314-U-023,2025-03-14,weed,path_upkeep,6,252,U6-03,12,14,19.89,14.85,ha,12.0,14.0,partial,06:59,12:14,WO-2025-0315-U-024
WO-2025-0314-U-024,2025-03-14,weed,path_upkeep,6,268,U6-04,6,13,8.26,8.26,ha,6.0,13.0,completed,06:56,14:09,
WO-2025-0314-U-025,2025-03-14,weed,path_upkeep,7,292,U7-01,10,9,13.56,7.55,ha,10.0,9.0,partial,06:47,10:27,WO-2025-0315-U-027
WO-2025-0314-U-026,2025-03-14,weed,circle_weeding,7,303,U7-02,10,10,10.72,5.73,ha,10.0,10.0,partial,06:55,10:39,WO-2025-0315-U-028
WO-2025-0314-U-027,2025-03-14,weed,path_upkeep,7,336,U7-03,10,9,14.86,8.01,ha,10.0,9.0,partial,07:10,11:14,WO-2025-0315-U-029
WO-2025-0314-U-028,2025-03-14,weed,path_upkeep,7,342,U7-04,2,11,2.32,2.32,ha,2.0,11.0,completed,07:05,14:09,
WO-2025-0314-U-029,2025-03-14,spray,spraying,7,336,S7-01,4,13,7.46,0.0,ha,4.0,3.9,weathered_off,06:49,09:16,WO-2025-0315-U-030
WO-2025-0315-U-001,2025-03-15,weed,circle_weeding,1,6,U1-01,6,13,7.03,7.03,ha,6.0,13.0,completed,06:57,14:21,
WO-2025-0315-U-002,2025-03-15,weed,circle_weeding,1,22,U1-02,10,14,12.16,9.73,ha,10.0,14.0,partial,06:46,12:37,WO-2025-0317-U-002
WO-2025-0315-U-003,2025-03-15,weed,circle_weeding,1,39,U1-03,10,13,9.64,9.64,ha,10.0,13.0,completed,06:00,14:13,
WO-2025-0315-U-004,2025-03-15,spray,spraying,1,5,S1-01,4,11,8.77,0.0,ha,4.0,3.3,weathered_off,07:03,08:08,WO-2025-0317-U-004
WO-2025-0315-U-005,2025-03-15,prune,pruning,2,41,U2-01,12,12,711,465,palms,12.0,12.0,partial,07:05,11:47,WO-2025-0317-U-005
WO-2025-0315-U-006,2025-03-15,weed,path_upkeep,2,53,U2-02,8,12,12.43,12.43,ha,8.0,12.0,completed,07:14,14:20,
WO-2025-0315-U-007,2025-03-15,prune,pruning,2,73,U2-03,12,14,676,397,palms,12.0,14.0,partial,07:08,11:36,WO-2025-0317-U-007
WO-2025-0315-U-008,2025-03-15,spray,spraying,2,51,S2-01,9,10,23.89,0.0,ha,9.0,3.0,weathered_off,07:05,08:38,WO-2025-0317-U-008
WO-2025-0315-U-009,2025-03-15,weed,circle_weeding,3,83,U3-01,12,13,12.94,7.34,ha,12.0,13.0,partial,07:04,11:15,WO-2025-0317-U-009
WO-2025-0315-U-010,2025-03-15,weed,circle_weeding,3,90,U3-02,7,12,7.56,7.56,ha,7.0,12.0,completed,07:04,13:57,
WO-2025-0315-U-011,2025-03-15,weed,circle_weeding,3,107,U3-03,12,14,13.99,12.86,ha,12.0,14.0,partial,06:49,13:10,WO-2025-0317-U-011
WO-2025-0315-U-012,2025-03-15,prune,pruning,3,118,U3-04,12,14,676,727,palms,12.0,14.0,partial,06:58,13:43,WO-2025-0317-U-012
WO-2025-0315-U-013,2025-03-15,spray,spraying,3,77,S3-01,12,12,28.4,0.0,ha,12.0,3.6,weathered_off,07:04,08:54,WO-2025-0317-U-013
WO-2025-0315-U-014,2025-03-15,prune,pruning,4,128,U4-01,11,12,484,399,palms,11.0,12.0,partial,06:50,12:48,WO-2025-0317-U-014
WO-2025-0315-U-015,2025-03-15,prune,pruning,4,143,U4-02,11,12,663,648,palms,11.0,12.0,partial,06:53,14:10,WO-2025-0317-U-015
WO-2025-0315-U-016,2025-03-15,weed,path_upkeep,4,153,U4-03,3,13,3.11,3.11,ha,3.0,13.0,completed,06:56,14:22,
WO-2025-0315-U-017,2025-03-15,weed,circle_weeding,4,157,U4-04,9,12,9.12,6.42,ha,9.0,12.0,partial,06:47,11:00,WO-2025-0317-U-017
WO-2025-0315-U-018,2025-03-15,weed,circle_weeding,5,168,U5-01,11,10,13.13,7.96,ha,11.0,10.0,partial,06:46,11:14,WO-2025-0317-U-019
WO-2025-0315-U-019,2025-03-15,prune,pruning,5,190,U5-02,11,10,647,647,palms,11.0,10.0,completed,07:04,14:17,
WO-2025-0315-U-020,2025-03-15,prune,pruning,5,196,U5-03,7,13,408,408,palms,7.0,13.0,completed,06:56,13:59,
WO-2025-0315-U-021,2025-03-15,spray,spraying,5,172,S5-01,9,7,20.8,0.0,ha,9.0,2.1,weathered_off,06:51,08:50,WO-2025-0317-U-022
WO-2025-0315-U-022,2025-03-15,weed,circle_weeding,6,212,U6-01,12,11,13.2,13.92,ha,12.0,11.0,partial,07:03,14:09,WO-2025-0317-U-023
WO-2025-0315-U-023,2025-03-15,prune,pruning,6,216,U6-02,12,14,694,739,palms,12.0,14.0,partial,07:12,14:30,WO-2025-0317-U-024
WO-2025-0315-U-024,2025-03-15,weed,path_upkeep,6,252,U6-03,4,14,5.26,5.26,ha,4.0,14.0,completed,06:48,13:34,
WO-2025-0315-U-025,2025-03-15,prune,pruning,6,271,U6-04,12,13,701,327,palms,12.0,13.0,partial,06:59,10:09,WO-2025-0317-U-026
WO-2025-0315-U-026,2025-03-15,spray,spraying,6,203,S6-01,13,11,35.35,0.0,ha,13.0,3.3,weathered_off,07:08,08:36,WO-2025-0317-U-027
WO-2025-0315-U-027,2025-03-15,weed,path_upkeep,7,292,U7-01,9,11,10.89,9.14,ha,9.0,11.0,partial,06:57,12:56,WO-2025-0317-U-028
WO-2025-0315-U-028,2025-03-15,weed,circle_weeding,7,303,U7-02,10,10,10.72,10.71,ha,10.0,10.0,partial,06:51,13:52,WO-2025-0317-U-029
WO-2025-0315-U-029,2025-03-15,weed,path_upkeep,7,336,U7-03,8,11,10.72,10.72,ha,8.0,11.0,completed,06:52,13:59,
WO-2025-0315-U-030,2025-03-15,spray,spraying,7,336,S7-01,4,11,7.46,0.0,ha,4.0,3.3,weathered_off,07:06,08:30,WO-2025-0317-U-031
WO-2025-0317-U-001,2025-03-17,weed,circle_weeding,1,4,U1-01,12,15,13.46,11.02,ha,12.0,15.0,partial,07:01,12:55,WO-2025-0318-U-001
WO-2025-0317-U-002,2025-03-17,weed,circle_weeding,1,22,U1-02,2,13,2.43,2.43,ha,2.0,13.0,completed,07:02,13:59,
WO-2025-0317-U-003,2025-03-17,weed,circle_weeding,1,28,U1-03,12,12,12.58,7.25,ha,12.0,12.0,partial,07:06,11:25,WO-2025-0318-U-003
WO-2025-0317-U-004,2025-03-17,spray,spraying,1,5,S1-01,4,10,8.77,0.0,ha,4.0,3.0,weathered_off,06:56,08:04,WO-2025-0318-U-004
WO-2025-0317-U-005,2025-03-17,prune,pruning,2,41,U2-01,12,13,711,886,palms,12.0,13.0,partial,06:00,13:49,WO-2025-0318-U-005
WO-2025-0317-U-006,2025-03-17,weed,circle_weeding,2,56,U2-02,12,12,14.4,10.24,ha,12.0,12.0,partial,07:02,12:22,WO-2025-0318-U-006
WO-2025-0317-U-007,2025-03-17,prune,pruning,2,73,U2-03,12,10,676,329,palms,12.0,10.0,partial,07:09,10:37,WO-2025-0318-U-007
WO-2025-0317-U-008,2025-03-17,spray,spraying,2,51,S2-01,9,10,23.89,0.0,ha,9.0,3.0,weathered_off,06:55,09:41,WO-2025-0318-U-008
WO-2025-0317-U-009,2025-03-17,weed,circle_weeding,3,83,U3-01,10,12,10.59,8.98,ha,10.0,12.0,partial,06:51,13:04,WO-2025-0318-U-009
WO-2025-0317-U-010,2025-03-17,weed,circle_weeding,3,89,U3-02,12,12,13.08,6.93,ha,12.0,12.0,partial,07:11,10:44,WO-2025-0318-U-010
WO-2025-0317-U-011,2025-03-17,weed,circle_weeding,3,107,U3-03,12,11,13.99,6.04,ha,12.0,11.0,partial,06:59,09:47,WO-2025-0318-U-011
WO-2025-0317-U-012,2025-03-17,prune,pruning,3,118,U3-04,12,12,676,451,palms,12.0,12.0,partial,07:14,12:01,WO-2025-0318-U-012
WO-2025-0317-U-013,2025-03-17,spray,spraying,3,77,S3-01,12,12,28.4,0.0,ha,12.0,3.6,weathered_off,06:58,09:44,WO-2025-0318-U-013
WO-2025-0317-U-014,2025-03-17,prune,pruning,4,128,U4-01,11,10,484,284,palms,11.0,10.0,partial,06:46,11:07,WO-2025-0318-U-014
WO-2025-0317-U-015,2025-03-17,prune,pruning,4,143,U4-02,4,11,193,193,palms,4.0,11.0,completed,06:49,13:40,
WO-2025-0317-U-016,2025-03-17,weed,circle_weeding,4,149,U4-03,11,11,11.81,6.27,ha,11.0,11.0,partial,06:57,10:30,WO-2025-0318-U-016
WO-2025-0317-U-017,2025-03-17,weed,circle_weeding,4,157,U4-04,3,11,2.7,2.7,ha,3.0,11.0,completed,06:55,13:37,
WO-2025-0317-U-018,2025-03-17,spray,spraying,4,150,S4-01,12,11,30.83,0.0,ha,12.0,3.3,weathered_off,07:14,09:52,WO-2025-0318-U-018
WO-2025-0317-U-019,2025-03-17,weed,circle_weeding,5,168,U5-01,9,12,9.96,4.41,ha,9.0,12.0,partial,06:51,09:45,WO-2025-0318-U-019
WO-2025-0317-U-020,2025-03-17,weed,circle_weeding,5,186,U5-02,11,11,13.7,10.09,ha,11.0,11.0,partial,07:02,12:20,WO-2025-0318-U-020
WO-2025-0317-U-021,2025-03-17,weed,circle_weeding,5,198,U5-03,8,11,10.22,6.61,ha,8.0,11.0,partial,06:59,11:22,WO-2025-0318-U-021
WO-2025-0317-U-022,2025-03-17,spray,spraying,5,172,S5-01,9,9,20.8,0.0,ha,9.0,2.7,weathered_off,06:50,08:40,WO-2025-0318-U-022
WO-2025-0317-U-023,2025-03-17,weed,circle_weeding,6,212,U6-01,12,12,13.2,9.5,ha,12.0,12.0,partial,07:00,12:01,WO-2025-0318-U-023
WO-2025-0317-U-024,2025-03-17,prune,pruning,6,216,U6-02,6,11,321,321,palms,6.0,11.0,completed,06:51,13:43,
WO-2025-0317-U-025,2025-03-17,weed,path_upkeep,6,257,U6-03,12,13,19.89,10.31,ha,12.0,13.0,partial,06:52,10:46,WO-2025-0318-U-025
WO-2025-0317-U-026,2025-03-17,prune,pruning,6,271,U6-04,12,13,701,414,palms,12.0,13.0,partial,06:59,11:02,WO-2025-0318-U-026
WO-2025-0317-U-027,2025-03-17,spray,spraying,6,203,S6-01,13,13,35.35,0.0,ha,13.0,3.9,weathered_off,06:54,07:59,WO-2025-0318-U-027
WO-2025-0317-U-028,2025-03-17,weed,path_upkeep,7,292,U7-01,2,10,1.76,1.76,ha,2.0,10.0,completed,06:59,13:42,
WO-2025-0317-U-029,2025-03-17,weed,circle_weeding,7,303,U7-02,3,6,2.38,2.38,ha,3.0,6.0,completed,06:48,13:59,
WO-2025-0317-U-030,2025-03-17,weed,circle_weeding,7,338,U7-03,10,8,10.9,7.78,ha,10.0,8.0,partial,06:53,12:14,WO-2025-0318-U-030
WO-2025-0317-U-031,2025-03-17,spray,spraying,7,336,S7-01,4,12,7.46,0.0,ha,4.0,3.6,weathered_off,06:58,08:13,WO-2025-0318-U-031
WO-2025-0318-U-001,2025-03-18,weed,circle_weeding,1,4,U1-01,3,11,2.44,2.44,ha,3.0,11.0,completed,07:12,13:00,
WO-2025-0318-U-002,2025-03-18,weed,circle_weeding,1,20,U1-02,12,11,14.82,7.52,ha,12.0,11.0,partial,06:57,10:43,WO-2025-0319-U-002
WO-2025-0318-U-003,2025-03-18,weed,circle_weeding,1,28,U1-03,12,11,12.58,6.92,ha,12.0,11.0,partial,07:09,11:12,WO-2025-0319-U-003
WO-2025-0318-U-004,2025-03-18,spray,spraying,1,5,S1-01,4,8,8.77,0.0,ha,4.0,2.4,weathered_off,06:46,09:04,WO-2025-0319-U-004
WO-2025-0318-U-005,2025-03-18,prune,pruning,2,41,U2-01,9,13,488,488,palms,9.0,13.0,completed,07:05,14:20,
WO-2025-0318-U-006,2025-03-18,weed,circle_weeding,2,56,U2-02,12,11,14.4,11.98,ha,12.0,11.0,partial,07:00,12:57,WO-2025-0319-U-006
WO-2025-0318-U-007,2025-03-18,prune,pruning,2,73,U2-03,12,12,676,378,palms,12.0,12.0,partial,06:50,10:42,WO-2025-0319-U-007
WO-2025-0318-U-008,2025-03-18,spray,spraying,2,51,S2-01,9,11,23.89,0.0,ha,9.0,3.3,weathered_off,06:59,09:31,WO-2025-0319-U-008
WO-2025-0318-U-009,2025-03-18,weed,circle_weeding,3,83,U3-01,2,12,1.62,1.62,ha,2.0,12.0,completed,07:15,14:35,
WO-2025-0318-U-010,2025-03-18,weed,circle_weeding,3,89,U3-02,12,13,13.08,11.0,ha,12.0,13.0,partial,06:50,13:12,WO-2025-0319-U-010
WO-2025-0318-U-011,2025-03-18,weed,circle_weeding,3,107,U3-03,11,8,12.09,5.17,ha,11.0,8.0,partial,06:58,10:04,WO-2025-0319-U-011
WO-2025-0318-U-012,2025-03-18,prune,pruning,3,118,U3-04,5,10,249,249,palms,5.0,10.0,completed,07:13,14:32,
WO-2025-0318-U-013,2025-03-18,spray,spraying,3,77,S3-01,12,12,28.4,0.0,ha,12.0,3.6,weathered_off,07:13,08:22,WO-2025-0319-U-012
WO-2025-0318-U-014,2025-03-18,prune,pruning,4,128,U4-01,11,11,484,294,palms,11.0,11.0,partial,07:04,11:33,WO-2025-0319-U-013
WO-2025-0318-U-015,2025-03-18,weed,circle_weeding,4,136,U4-02,11,10,13.26,8.4,ha,11.0,10.0,partial,07:09,11:45,WO-2025-0319-U-014
WO-2025-0318-U-016,2025-03-18,weed,circle_weeding,4,149,U4-03,11,10,11.81,4.43,ha,11.0,10.0,partial,07:15,09:46,WO-2025-0319-U-015
WO-2025-0318-U-017,2025-03-18,prune,pruning,4,165,U4-04,11,10,569,292,palms,11.0,10.0,partial,07:07,10:51,WO-2025-0319-U-016
WO-2025-0318-U-018,2025-03-18,spray,spraying,4,150,S4-01,12,12,30.83,0.0,ha,12.0,3.6,weathered_off,06:56,08:14,WO-2025-0319-U-017
WO-2025-0318-U-019,2025-03-18,weed,circle_weeding,5,168,U5-01,5,9,5.55,5.55,ha,5.0,9.0,completed,07:03,14:14,
WO-2025-0318-U-020,2025-03-18,weed,circle_weeding,5,186,U5-02,11,11,13.7,8.75,ha,11.0,11.0,partial,07:11,11:43,WO-2025-0319-U-019
WO-2025-0318-U-021,2025-03-18,weed,circle_weeding,5,198,U5-03,3,12,3.61,3.61,ha,3.0,12.0,completed,06:46,13:57,
WO-2025-0318-U-022,2025-03-18,spray,spraying,5,172,S5-01,9,8,20.8,0.0,ha,9.0,2.4,weathered_off,07:13,09:50,WO-2025-0319-U-021
WO-2025-0318-U-023,2025-03-18,weed,circle_weeding,6,212,U6-01,4,13,4.22,4.22,ha,4.0,13.0,completed,07:10,14:03,
WO-2025-0318-U-024,2025-03-18,weed,path_upkeep,6,248,U6-02,12,13,18.92,8.66,ha,12.0,13.0,partial,07:07,10:32,WO-2025-0319-U-023
WO-2025-0318-U-025,2025-03-18,weed,path_upkeep,6,257,U6-03,11,12,17.06,14.06,ha,11.0,12.0,partial,06:50,12:24,WO-2025-0319-U-024
WO-2025-0318-U-026,2025-03-18,prune,pruning,6,271,U6-04,12,11,701,645,palms,12.0,11.0,partial,06:48,13:03,WO-2025-0319-U-025
WO-2025-0318-U-027,2025-03-18,spray,spraying,6,203,S6-01,13,11,35.35,0.0,ha,13.0,3.3,weathered_off,07:12,09:22,WO-2025-0319-U-026
WO-2025-0318-U-028,2025-03-18,weed,circle_weeding,7,293,U7-01,10,12,9.94,7.83,ha,10.0,12.0,partial,07:14,12:37,WO-2025-0319-U-027
WO-2025-0318-U-029,2025-03-18,weed,circle_weeding,7,307,U7-02,10,9,10.72,5.54,ha,10.0,9.0,partial,07:13,10:00,WO-2025-0319-U-028
WO-2025-0318-U-030,2025-03-18,weed,circle_weeding,7,338,U7-03,10,10,10.9,3.93,ha,10.0,10.0,partial,06:54,09:55,WO-2025-0319-U-029
WO-2025-0318-U-031,2025-03-18,spray,spraying,7,336,S7-01,4,11,7.46,0.0,ha,4.0,3.3,weathered_off,07:01,08:41,WO-2025-0319-U-030
WO-2025-0319-U-001,2025-03-19,weed,path_upkeep,1,3,U1-01,9,14,13.82,13.82,ha,9.0,14.0,completed,06:46,13:32,
WO-2025-0319-U-002,2025-03-19,weed,circle_weeding,1,20,U1-02,11,12,12.41,11.13,ha,11.0,12.0,partial,06:57,13:39,WO-2025-0320-U-002
WO-2025-0319-U-003,2025-03-19,weed,circle_weeding,1,28,U1-03,12,12,12.55,7.79,ha,12.0,12.0,partial,06:55,10:58,WO-2025-0320-U-003
WO-2025-0319-U-004,2025-03-19,spray,spraying,1,5,S1-01,4,11,8.77,0.0,ha,4.0,3.3,weathered_off,07:13,08:19,WO-2025-0320-U-004
WO-2025-0319-U-005,2025-03-19,weed,circle_weeding,2,45,U2-01,12,13,14.23,8.21,ha,12.0,13.0,partial,07:02,10:49,WO-2025-0320-U-005
WO-2025-0319-U-006,2025-03-19,weed,circle_weeding,2,56,U2-02,7,11,8.14,8.14,ha,7.0,11.0,completed,06:53,14:04,
WO-2025-0319-U-007,2025-03-19,prune,pruning,2,73,U2-03,7,14,392,392,palms,7.0,14.0,completed,06:54,13:00,
WO-2025-0319-U-008,2025-03-19,spray,spraying,2,51,S2-01,9,10,23.89,0.0,ha,9.0,3.0,weathered_off,06:57,08:10,WO-2025-0320-U-008
WO-2025-0319-U-009,2025-03-19,weed,circle_weeding,3,82,U3-01,3,13,2.46,2.46,ha,3.0,13.0,completed,07:02,14:24,
WO-2025-0319-U-010,2025-03-19,weed,circle_weeding,3,89,U3-02,11,14,11.41,11.41,ha,11.0,14.0,completed,07:00,13:50,
WO-2025-0319-U-011,2025-03-19,weed,circle_weeding,3,107,U3-03,6,12,6.92,6.92,ha,6.0,12.0,completed,07:01,14:19,
WO-2025-0319-U-012,2025-03-19,spray,spraying,3,77,S3-01,12,13,28.4,0.0,ha,12.0,3.9,weathered_off,06:49,08:53,WO-2025-0320-U-012
WO-2025-0319-U-013,2025-03-19,prune,pruning,4,128,U4-01,11,11,484,374,palms,11.0,11.0,partial,07:02,12:17,WO-2025-0320-U-013
WO-2025-0319-U-014,2025-03-19,weed,circle_weeding,4,136,U4-02,11,13,13.26,12.92,ha,11.0,13.0,partial,06:47,13:46,WO-2025-0320-U-014
WO-2025-0319-U-015,2025-03-19,weed,circle_weeding,4,149,U4-03,11,12,11.81,7.32,ha,11.0,12.0,partial,06:59,11:42,WO-2025-0320-U-015
WO-2025-0319-U-016,2025-03-19,prune,pruning,4,165,U4-04,11,12,569,357,palms,11.0,12.0,partial,06:56,11:33,WO-2025-0320-U-016
WO-2025-0319-U-017,2025-03-19,spray,spraying,4,150,S4-01,12,13,30.83,0.0,ha,12.0,3.9,weathered_off,06:52,09:43,WO-2025-0320-U-017
WO-2025-0319-U-018,2025-03-19,weed,path_upkeep,5,174,U5-01,7,13,10.64,10.64,ha,7.0,13.0,completed,07:12,14:38,
WO-2025-0319-U-019,2025-03-19,weed,circle_weeding,5,186,U5-02,7,9,8.68,7.0,ha,7.0,9.0,partial,07:05,13:02,WO-2025-0320-U-019
WO-2025-0319-U-020,2025-03-19,weed,path_upkeep,5,198,U5-03,6,11,10.22,10.22,ha,6.0,11.0,completed,07:01,14:07,
WO-2025-0319-U-021,2025-03-19,spray,spraying,5,172,S5-01,9,9,20.8,0.0,ha,9.0,2.7,weathered_off,07:12,08:47,WO-2025-0320-U-021
WO-2025-0319-U-022,2025-03-19,weed,path_upkeep,6,204,U6-01,12,11,18.0,17.91,ha,12.0,11.0,partial,06:48,13:29,WO-2025-0320-U-022
WO-2025-0319-U-023,2025-03-19,weed,path_upkeep,6,248,U6-02,12,13,18.92,9.17,ha,12.0,13.0,partial,07:12,10:56,WO-2025-0320-U-023
WO-2025-0319-U-024,2025-03-19,weed,path_upkeep,6,257,U6-03,2,14,3.0,3.0,ha,2.0,14.0,completed,06:48,13:45,
WO-2025-0319-U-025,2025-03-19,prune,pruning,6,271,U6-04,12,13,701,323,palms,12.0,13.0,partial,06:55,10:09,WO-2025-0320-U-025
WO-2025-0319-U-026,2025-03-19,spray,spraying,6,203,S6-01,13,15,35.35,0.0,ha,13.0,4.5,weathered_off,06:56,08:02,WO-2025-0320-U-026
WO-2025-0319-U-027,2025-03-19,weed,circle_weeding,7,293,U7-01,10,11,9.94,5.52,ha,10.0,11.0,partial,07:12,10:00,WO-2025-0320-U-027
WO-2025-0319-U-028,2025-03-19,weed,circle_weeding,7,307,U7-02,5,8,5.19,5.19,ha,5.0,8.0,completed,07:08,14:33,
WO-2025-0319-U-029,2025-03-19,weed,circle_weeding,7,338,U7-03,10,9,10.9,6.66,ha,10.0,9.0,partial,06:52,11:15,WO-2025-0320-U-029
WO-2025-0319-U-030,2025-03-19,spray,spraying,7,336,S7-01,4,8,7.46,0.0,ha,4.0,2.4,weathered_off,07:08,09:08,WO-2025-0320-U-031
WO-2025-0320-U-001,2025-03-20,weed,circle_weeding,1,3,U1-01,12,15,13.82,12.23,ha,12.0,15.0,partial,06:58,13:02,WO-2025-0321-U-001
WO-2025-0320-U-002,2025-03-20,weed,circle_weeding,1,20,U1-02,2,12,1.28,1.28,ha,2.0,12.0,completed,06:48,13:41,
WO-2025-0320-U-003,2025-03-20,weed,circle_weeding,1,28,U1-03,5,14,4.76,4.76,ha,5.0,14.0,completed,07:13,14:16,
WO-2025-0320-U-004,2025-03-20,spray,spraying,1,5,S1-01,4,10,8.77,8.77,ha,4.0,10.0,completed,06:52,13:43,
WO-2025-0320-U-005,2025-03-20,weed,circle_weeding,2,45,U2-01,12,13,14.23,10.77,ha,12.0,13.0,partial,07:06,12:38,WO-2025-0321-U-005
WO-2025-0320-U-006,2025-03-20,weed,path_upkeep,2,54,U2-02,12,12,19.64,12.32,ha,12.0,12.0,partial,06:57,11:35,WO-2025-0321-U-006
WO-2025-0320-U-007,2025-03-20,weed,path_upkeep,2,68,U2-03,12,13,18.45,13.34,ha,12.0,13.0,partial,07:01,12:08,WO-2025-0321-U-007
WO-2025-0320-U-008,2025-03-20,spray,spraying,2,51,S2-01,9,12,23.89,28.91,ha,9.0,12.0,completed,06:45,13:54,
WO-2025-0320-U-009,2025-03-20,weed,circle_weeding,3,86,U3-01,12,11,12.94,9.95,ha,12.0,11.0,partial,07:03,12:32,WO-2025-0321-U-008
WO-2025-0320-U-010,2025-03-20,weed,circle_weeding,3,88,U3-02,12,15,13.08,12.56,ha,12.0,15.0,partial,06:54,13:29,WO-2025-0321-U-009
WO-2025-0320-U-011,2025-03-20,weed,circle_weeding,3,108,U3-03,12,16,13.99,12.45,ha,12.0,16.0,partial,06:53,12:59,WO-2025-0321-U-010
WO-2025-0320-U-012,2025-03-20,spray,spraying,3,77,S3-01,12,10,28.4,18.99,ha,12.0,10.0,partial,06:52,11:20,WO-2025-0321-U-011
WO-2025-0320-U-013,2025-03-20,prune,pruning,4,128,U4-01,11,12,484,310,palms,11.0,12.0,partial,06:54,11:51,WO-2025-0321-U-012
WO-2025-0320-U-014,2025-03-20,weed,circle_weeding,4,136,U4-02,10,12,11.03,8.62,ha,10.0,12.0,partial,07:11,12:35,WO-2025-0321-U-013
WO-2025-0320-U-015,2025-03-20,weed,circle_weeding,4,149,U4-03,8,12,8.07,8.07,ha,8.0,12.0,completed,07:05,13:48,
WO-2025-0320-U-016,2025-03-20,prune,pruning,4,165,U4-04,11,10,569,334,palms,11.0,10.0,partial,07:00,11:26,WO-2025-0321-U-015
WO-2025-0320-U-017,2025-03-20,spray,spraying,4,150,S4-01,12,12,30.83,30.08,ha,12.0,12.0,partial,07:11,13:52,WO-2025-0321-U-016
WO-2025-0320-U-018,2025-03-20,weed,path_upkeep,5,170,U5-01,11,11,17.9,9.12,ha,11.0,11.0,partial,07:07,11:00,WO-2025-0321-U-017
WO-2025-0320-U-019,2025-03-20,weed,circle_weeding,5,186,U5-02,2,13,1.68,1.68,ha,2.0,13.0,completed,06:53,14:07,
WO-2025-0320-U-020,2025-03-20,weed,path_upkeep,5,196,U5-03,11,11,19.8,14.77,ha,11.0,11.0,partial,07:07,12:50,WO-2025-0321-U-019
WO-2025-0320-U-021,2025-03-20,spray,spraying,5,172,S5-01,9,9,20.8,12.11,ha,9.0,9.0,partial,06:54,11:04,WO-2025-0321-U-020
WO-2025-0320-U-022,2025-03-20,weed,path_upkeep,6,204,U6-01,11,14,16.03,16.03,ha,11.0,14.0,completed,06:53,13:42,
WO-2025-0320-U-023,2025-03-20,weed,path_upkeep,6,248,U6-02,9,13,12.89,9.39,ha,9.0,13.0,partial,07:12,12:42,WO-2025-0321-U-022
WO-2025-0320-U-024,2025-03-20,weed,circle_weeding,6,257,U6-03,12,13,14.59,14.82,ha,12.0,13.0,partial,07:01,13:47,WO-2025-0321-U-023
WO-2025-0320-U-025,2025-03-20,prune,pruning,6,271,U6-04,12,14,701,405,palms,12.0,14.0,partial,07:14,11:33,WO-2025-0321-U-024
WO-2025-0320-U-026,2025-03-20,spray,spraying,6,203,S6-01,13,15,35.35,26.54,ha,13.0,15.0,partial,07:11,12:40,WO-2025-0321-U-025
WO-2025-0320-U-027,2025-03-20,weed,circle_weeding,7,293,U7-01,10,10,9.94,10.82,ha,10.0,10.0,completed,06:45,13:34,
WO-2025-0320-U-028,2025-03-20,weed,circle_weeding,7,306,U7-02,10,9,10.72,7.67,ha,10.0,9.0,partial,06:58,11:45,WO-2025-0321-U-027
WO-2025-0320-U-029,2025-03-20,weed,circle_weeding,7,338,U7-03,5,10,5.17,5.17,ha,5.0,10.0,completed,06:48,13:52,
WO-2025-0320-U-030,2025-03-20,prune,pruning,7,344,U7-04,10,11,619,602,palms,10.0,11.0,partial,07:14,14:15,WO-2025-0321-U-029
WO-2025-0320-U-031,2025-03-20,spray,spraying,7,336,S7-01,4,10,7.46,7.46,ha,4.0,10.0,completed,07:11,14:15,
WO-2025-0321-U-001,2025-03-21,weed,circle_weeding,1,3,U1-01,2,13,1.59,1.59,ha,2.0,13.0,completed,06:49,13:59,
WO-2025-0321-U-002,2025-03-21,weed,circle_weeding,1,17,U1-02,12,11,14.82,10.0,ha,12.0,11.0,partial,06:59,11:28,WO-2025-0322-U-002
WO-2025-0321-U-003,2025-03-21,prune,pruning,1,28,U1-03,12,14,629,579,palms,12.0,14.0,partial,06:51,13:41,WO-2025-0322-U-003
WO-2025-0321-U-004,2025-03-21,spray,spraying,1,12,S1-01,10,11,24.99,0.0,ha,10.0,3.3,weathered_off,06:55,08:28,WO-2025-0322-U-004
WO-2025-0321-U-005,2025-03-21,weed,circle_weeding,2,45,U2-01,9,14,9.52,9.52,ha,9.0,14.0,completed,07:02,14:06,
WO-2025-0321-U-006,2025-03-21,weed,path_upkeep,2,54,U2-02,11,13,17.13,15.49,ha,11.0,13.0,partial,07:05,13:33,WO-2025-0322-U-006
WO-2025-0321-U-007,2025-03-21,weed,path_upkeep,2,68,U2-03,4,13,5.91,5.91,ha,4.0,13.0,completed,07:14,14:30,
WO-2025-0321-U-008,2025-03-21,weed,circle_weeding,3,86,U3-01,12,12,12.94,7.88,ha,12.0,12.0,partial,06:47,11:05,WO-2025-0322-U-008
WO-2025-0321-U-009,2025-03-21,weed,circle_weeding,3,88,U3-02,12,15,13.08,11.13,ha,12.0,15.0,partial,06:51,13:06,WO-2025-0322-U-009
WO-2025-0321-U-010,2025-03-21,weed,circle_weeding,3,108,U3-03,12,13,13.99,9.73,ha,12.0,13.0,partial,07:02,11:51,WO-2025-0322-U-010
WO-2025-0321-U-011,2025-03-21,spray,spraying,3,77,S3-01,4,14,9.41,0.0,ha,4.0,4.2,weathered_off,06:00,09:40,WO-2025-0322-U-012
WO-2025-0321-U-012,2025-03-21,prune,pruning,4,128,U4-01,11,12,484,432,palms,11.0,12.0,partial,06:48,13:26,WO-2025-0322-U-013
WO-2025-0321-U-013,2025-03-21,weed,circle_weeding,4,136,U4-02,2,9,2.41,2.41,ha,2.0,9.0,completed,06:54,13:49,
WO-2025-0321-U-014,2025-03-21,weed,circle_weeding,4,145,U4-03,11,13,11.81,9.04,ha,11.0,13.0,partial,07:12,12:19,WO-2025-0322-U-015
WO-2025-0321-U-015,2025-03-21,prune,pruning,4,165,U4-04,11,11,569,409,palms,11.0,11.0,partial,07:01,11:58,WO-2025-0322-U-016
WO-2025-0321-U-016,2025-03-21,spray,spraying,4,150,S4-01,1,13,0.98,0.0,ha,1.0,3.9,weathered_off,07:12,10:12,WO-2025-0322-U-017
WO-2025-0321-U-017,2025-03-21,weed,path_upkeep,5,170,U5-01,11,11,17.9,9.3,ha,11.0,11.0,partial,07:02,10:42,WO-2025-0322-U-018
WO-2025-0321-U-018,2025-03-21,weed,circle_weeding,5,192,U5-02,10,12,11.84,11.84,ha,10.0,12.0,completed,06:47,13:31,
WO-2025-0321-U-019,2025-03-21,weed,path_upkeep,5,196,U5-03,10,12,17.83,10.14,ha,10.0,12.0,partial,06:58,11:13,WO-2025-0322-U-020
WO-2025-0321-U-020,2025-03-21,spray,spraying,5,172,S5-01,6,9,13.33,0.0,ha,6.0,2.7,weathered_off,06:56,09:23,WO-2025-0322-U-021
WO-2025-0321-U-021,2025-03-21,prune,pruning,6,213,U6-01,12,15,660,493,palms,12.0,15.0,partial,07:08,12:19,WO-2025-0322-U-022
WO-2025-0321-U-022,2025-03-21,weed,path_upkeep,6,248,U6-02,3,13,3.5,3.5,ha,3.0,13.0,completed,07:06,14:29,
WO-2025-0321-U-023,2025-03-21,weed,circle_weeding,6,257,U6-03,11,12,12.55,12.55,ha,11.0,12.0,completed,07:12,14:08,
WO-2025-0321-U-024,2025-03-21,prune,pruning,6,271,U6-04,12,14,682,682,palms,12.0,14.0,completed,06:56,13:00,
WO-2025-0321-U-025,2025-03-21,spray,spraying,6,203,S6-01,7,12,18.06,0.0,ha,7.0,3.6,weathered_off,07:10,09:38,WO-2025-0322-U-026
WO-2025-0321-U-026,2025-03-21,weed,path_upkeep,7,287,U7-01,10,8,13.56,5.53,ha,10.0,8.0,partial,06:58,10:11,WO-2025-0322-U-027
WO-2025-0321-U-027,2025-03-21,weed,circle_weeding,7,306,U7-02,10,12,10.72,10.07,ha,10.0,12.0,partial,06:54,13:53,WO-2025-0322-U-028
WO-2025-0321-U-028,2025-03-21,weed,circle_weeding,7,329,U7-03,10,12,10.9,9.44,ha,10.0,12.0,partial,07:13,13:37,WO-2025-0322-U-029
WO-2025-0321-U-029,2025-03-21,prune,pruning,7,344,U7-04,10,7,619,276,palms,10.0,7.0,partial,07:07,10:24,WO-2025-0322-U-030
WO-2025-0321-U-030,2025-03-21,spray,spraying,7,342,S7-01,11,13,27.28,0.0,ha,11.0,3.9,weathered_off,07:03,08:08,WO-2025-0322-U-031
WO-2025-0322-U-001,2025-03-22,prune,pruning,1,2,U1-01,12,11,710,381,palms,12.0,11.0,partial,07:08,11:16,WO-2025-0324-U-001
WO-2025-0322-U-002,2025-03-22,weed,circle_weeding,1,17,U1-02,12,12,14.82,8.37,ha,12.0,12.0,partial,06:52,11:12,WO-2025-0324-U-002
WO-2025-0322-U-003,2025-03-22,prune,pruning,1,28,U1-03,12,11,629,389,palms,12.0,11.0,partial,07:12,11:56,WO-2025-0324-U-003
WO-2025-0322-U-004,2025-03-22,spray,spraying,1,12,S1-01,10,10,24.99,0.0,ha,10.0,3.0,weathered_off,07:14,09:33,WO-2025-0324-U-004
WO-2025-0322-U-005,2025-03-22,weed,circle_weeding,2,50,U2-01,12,13,14.23,8.72,ha,12.0,13.0,partial,07:12,11:37,WO-2025-0324-U-005
WO-2025-0322-U-006,2025-03-22,weed,path_upkeep,2,54,U2-02,2,12,1.65,1.65,ha,2.0,12.0,completed,07:10,14:26,
WO-2025-0322-U-007,2025-03-22,weed,circle_weeding,2,72,U2-03,12,11,13.53,6.87,ha,12.0,11.0,partial,07:12,10:39,WO-2025-0324-U-007
WO-2025-0322-U-008,2025-03-22,weed,circle_weeding,3,86,U3-01,12,10,12.94,7.25,ha,12.0,10.0,partial,06:46,10:57,WO-2025-0324-U-008
WO-2025-0322-U-009,2025-03-22,weed,circle_weeding,3,88,U3-02,2,13,2.1,2.1,ha,2.0,13.0,completed,06:56,14:25,
WO-2025-0322-U-010,2025-03-22,weed,circle_weeding,3,108,U3-03,12,12,13.99,9.37,ha,12.0,12.0,partial,06:55,11:24,WO-2025-0324-U-010
WO-2025-0322-U-011,2025-03-22,weed,path_upkeep,3,115,U3-04,12,11,18.43,9.76,ha,12.0,11.0,partial,06:52,10:43,WO-2025-0324-U-011
WO-2025-0322-U-012,2025-03-22,spray,spraying,3,77,S3-01,4,13,9.41,0.0,ha,4.0,3.9,weathered_off,07:10,09:30,WO-2025-0324-U-012
WO-2025-0322-U-013,2025-03-22,prune,pruning,4,128,U4-01,7,12,266,266,palms,7.0,12.0,completed,06:59,14:14,
WO-2025-0322-U-014,2025-03-22,weed,path_upkeep,4,133,U4-02,11,10,18.08,14.12,ha,11.0,10.0,partial,06:56,12:23,WO-2025-0324-U-014
WO-2025-0322-U-015,2025-03-22,weed,circle_weeding,4,145,U4-03,11,11,11.81,9.58,ha,11.0,11.0,partial,06:52,12:38,WO-2025-0324-U-015
WO-2025-0322-U-016,2025-03-22,prune,pruning,4,165,U4-04,11,12,569,386,palms,11.0,12.0,partial,06:57,11:43,WO-2025-0324-U-016
WO-2025-0322-U-017,2025-03-22,spray,spraying,4,150,S4-01,1,12,0.98,0.0,ha,1.0,3.6,weathered_off,07:08,08:49,WO-2025-0324-U-017
WO-2025-0322-U-018,2025-03-22,weed,path_upkeep,5,170,U5-01,7,12,10.86,9.44,ha,7.0,12.0,partial,06:56,12:44,WO-2025-0324-U-018
WO-2025-0322-U-019,2025-03-22,prune,pruning,5,184,U5-02,11,10,685,241,palms,11.0,10.0,partial,06:54,09:16,WO-2025-0324-U-019
WO-2025-0322-U-020,2025-03-22,weed,path_upkeep,5,196,U5-03,5,11,7.69,7.69,ha,5.0,11.0,completed,07:02,14:10,
WO-2025-0322-U-021,2025-03-22,spray,spraying,5,172,S5-01,6,9,13.33,0.0,ha,6.0,2.7,weathered_off,06:55,09:27,WO-2025-0324-U-021
WO-2025-0322-U-022,2025-03-22,prune,pruning,6,213,U6-01,12,13,660,231,palms,12.0,13.0,partial,07:10,09:22,WO-2025-0324-U-022
WO-2025-0322-U-023,2025-03-22,weed,path_upkeep,6,249,U6-02,12,12,18.92,12.16,ha,12.0,12.0,partial,07:01,11:29,WO-2025-0324-U-023
WO-2025-0322-U-024,2025-03-22,weed,path_upkeep,6,253,U6-03,12,12,19.89,19.15,ha,12.0,12.0,partial,06:00,14:11,WO-2025-0324-U-024
WO-2025-0322-U-025,2025-03-22,weed,path_upkeep,6,265,U6-04,11,11,17.48,10.1,ha,11.0,11.0,partial,06:51,11:00,WO-2025-0324-U-025
WO-2025-0322-U-026,2025-03-22,spray,spraying,6,203,S6-01,7,13,18.06,0.0,ha,7.0,3.9,weathered_off,07:08,08:21,WO-2025-0324-U-026
WO-2025-0322-U-027,2025-03-22,weed,path_upkeep,7,287,U7-01,7,8,8.17,6.29,ha,7.0,8.0,partial,07:04,12:56,WO-2025-0324-U-027
WO-2025-0322-U-028,2025-03-22,weed,circle_weeding,7,306,U7-02,5,9,5.0,5.0,ha,5.0,9.0,completed,07:05,13:50,
WO-2025-0322-U-029,2025-03-22,weed,circle_weeding,7,329,U7-03,9,8,9.36,6.12,ha,9.0,8.0,partial,06:49,11:18,WO-2025-0324-U-029
WO-2025-0322-U-030,2025-03-22,prune,pruning,7,344,U7-04,10,11,619,331,palms,10.0,11.0,partial,07:04,10:42,WO-2025-0324-U-030
WO-2025-0322-U-031,2025-03-22,spray,spraying,7,342,S7-01,11,13,27.28,0.0,ha,11.0,3.9,weathered_off,06:50,09:25,WO-2025-0324-U-031
WO-2025-0324-U-001,2025-03-24,prune,pruning,1,2,U1-01,12,9,710,272,palms,12.0,9.0,partial,07:08,10:03,WO-2025-0325-U-001
WO-2025-0324-U-002,2025-03-24,weed,circle_weeding,1,17,U1-02,6,10,6.81,6.81,ha,6.0,10.0,completed,07:04,13:54,
WO-2025-0324-U-003,2025-03-24,prune,pruning,1,28,U1-03,12,10,629,252,palms,12.0,10.0,partial,07:06,09:52,WO-2025-0325-U-003
WO-2025-0324-U-004,2025-03-24,spray,spraying,1,12,S1-01,10,7,24.99,15.29,ha,10.0,7.0,partial,06:59,11:39,WO-2025-0325-U-004
WO-2025-0324-U-005,2025-03-24,weed,circle_weeding,2,50,U2-01,12,10,14.23,5.99,ha,12.0,10.0,partial,06:52,09:36,WO-2025-0325-U-005
WO-2025-0324-U-006,2025-03-24,weed,path_upkeep,2,55,U2-02,12,11,19.64,14.66,ha,12.0,11.0,partial,06:59,12:30,WO-2025-0325-U-006
WO-2025-0324-U-007,2025-03-24,weed,circle_weeding,2,72,U2-03,12,8,13.53,7.42,ha,12.0,8.0,partial,07:13,10:59,WO-2025-0325-U-007
WO-2025-0324-U-008,2025-03-24,weed,circle_weeding,3,86,U3-01,11,8,11.6,5.8,ha,11.0,8.0,partial,06:50,10:46,WO-2025-0325-U-008
WO-2025-0324-U-009,2025-03-24,prune,pruning,3,100,U3-02,12,9,654,360,palms,12.0,9.0,partial,07:05,11:25,WO-2025-0325-U-009
WO-2025-0324-U-010,2025-03-24,weed,circle_weeding,3,108,U3-03,7,11,7.22,7.22,ha,7.0,11.0,completed,06:59,14:04,
WO-2025-0324-U-011,2025-03-24,weed,path_upkeep,3,115,U3-04,8,10,11.38,11.38,ha,8.0,10.0,completed,06:00,14:00,
WO-2025-0324-U-012,2025-03-24,spray,spraying,3,77,S3-01,4,11,9.41,9.41,ha,4.0,11.0,completed,07:00,14:29,
WO-2025-0324-U-013,2025-03-24,weed,path_upkeep,4,122,U4-01,11,8,13.04,3.57,ha,11.0,8.0,partial,07:02,09:09,WO-2025-0325-U-013
WO-2025-0324-U-014,2025-03-24,weed,path_upkeep,4,133,U4-02,9,9,13.32,13.32,ha,9.0,9.0,completed,06:49,13:47,
WO-2025-0324-U-015,2025-03-24,weed,circle_weeding,4,145,U4-03,11,9,11.81,5.2,ha,11.0,9.0,partial,07:01,10:28,WO-2025-0325-U-015
WO-2025-0324-U-016,2025-03-24,prune,pruning,4,165,U4-04,11,9,569,455,palms,11.0,9.0,partial,07:15,12:38,WO-2025-0325-U-016
WO-2025-0324-U-017,2025-03-24,spray,spraying,4,150,S4-01,1,10,0.98,0.98,ha,1.0,10.0,completed,07:15,14:40,
WO-2025-0324-U-018,2025-03-24,weed,path_upkeep,5,170,U5-01,1,7,1.42,1.42,ha,1.0,7.0,completed,06:54,14:18,
WO-2025-0324-U-019,2025-03-24,prune,pruning,5,184,U5-02,11,8,685,461,palms,11.0,8.0,partial,07:10,11:46,WO-2025-0325-U-019
WO-2025-0324-U-020,2025-03-24,prune,pruning,5,193,U5-03,11,8,726,241,palms,11.0,8.0,partial,07:05,09:16,WO-2025-0325-U-020
WO-2025-0324-U-021,2025-03-24,spray,spraying,5,172,S5-01,6,6,13.33,10.14,ha,6.0,6.0,partial,07:13,12:33,WO-2025-0325-U-021
WO-2025-0324-U-022,2025-03-24,prune,pruning,6,213,U6-01,12,11,660,424,palms,12.0,11.0,partial,07:13,11:46,WO-2025-0325-U-022
WO-2025-0324-U-023,2025-03-24,weed,path_upkeep,6,249,U6-02,9,9,13.55,10.84,ha,9.0,9.0,partial,06:00,12:45,WO-2025-0325-U-023
WO-2025-0324-U-024,2025-03-24,weed,path_upkeep,6,253,U6-03,1,10,1.12,1.12,ha,1.0,10.0,completed,06:51,13:54,
WO-2025-0324-U-025,2025-03-24,weed,path_upkeep,6,265,U6-04,5,9,7.38,7.38,ha,5.0,9.0,completed,06:58,14:20,
WO-2025-0324-U-026,2025-03-24,spray,spraying,6,203,S6-01,7,10,18.06,18.06,ha,7.0,10.0,completed,07:09,14:06,
WO-2025-0324-U-027,2025-03-24,weed,path_upkeep,7,287,U7-01,2,9,1.88,1.88,ha,2.0,9.0,completed,06:48,14:04,
WO-2025-0324-U-028,2025-03-24,prune,pruning,7,299,U7-02,10,6,536,257,palms,10.0,6.0,partial,07:12,10:32,WO-2025-0325-U-027
WO-2025-0324-U-029,2025-03-24,weed,circle_weeding,7,329,U7-03,3,6,3.24,3.24,ha,3.0,6.0,completed,06:00,14:22,
WO-2025-0324-U-030,2025-03-24,prune,pruning,7,344,U7-04,10,8,619,347,palms,10.0,8.0,partial,07:13,11:34,WO-2025-0325-U-029
WO-2025-0324-U-031,2025-03-24,spray,spraying,7,342,S7-01,11,7,27.28,13.92,ha,11.0,7.0,partial,07:05,11:01,WO-2025-0325-U-030
WO-2025-0325-U-001,2025-03-25,prune,pruning,1,2,U1-01,12,11,710,359,palms,12.0,11.0,partial,06:57,10:39,WO-2025-0326-U-001
WO-2025-0325-U-002,2025-03-25,prune,pruning,1,18,U1-02,12,10,741,388,palms,12.0,10.0,partial,07:06,11:00,WO-2025-0326-U-002
WO-2025-0325-U-003,2025-03-25,prune,pruning,1,28,U1-03,12,10,629,396,palms,12.0,10.0,partial,06:50,10:00,WO-2025-0326-U-003
WO-2025-0325-U-004,2025-03-25,spray,spraying,1,12,S1-01,5,7,10.91,0.0,ha,5.0,2.1,weathered_off,06:59,09:48,WO-2025-0326-U-004
WO-2025-0325-U-005,2025-03-25,weed,circle_weeding,2,50,U2-01,11,9,12.03,8.22,ha,11.0,9.0,partial,06:49,11:19,WO-2025-0326-U-005
WO-2025-0325-U-006,2025-03-25,weed,path_upkeep,2,55,U2-02,10,9,15.23,10.61,ha,10.0,9.0,partial,07:10,11:46,WO-2025-0326-U-006
WO-2025-0325-U-007,2025-03-25,weed,circle_weeding,2,72,U2-03,12,9,13.53,6.9,ha,12.0,9.0,partial,06:49,10:41,WO-2025-0326-U-007
WO-2025-0325-U-008,2025-03-25,weed,circle_weeding,3,86,U3-01,6,7,5.8,3.96,ha,6.0,7.0,partial,06:46,11:16,WO-2025-0326-U-008
WO-2025-0325-U-009,2025-03-25,prune,pruning,3,100,U3-02,12,11,654,453,palms,12.0,11.0,partial,06:58,11:47,WO-2025-0326-U-009
WO-2025-0325-U-010,2025-03-25,weed,circle_weeding,3,103,U3-03,12,9,13.99,5.0,ha,12.0,9.0,partial,06:54,09:32,WO-2025-0326-U-010
WO-2025-0325-U-011,2025-03-25,weed,circle_weeding,3,116,U3-04,12,10,12.54,4.95,ha,12.0,10.0,partial,07:03,10:10,WO-2025-0326-U-011
WO-2025-0325-U-012,2025-03-25,spray,spraying,3,82,S3-01,1,8,2.46,0.0,ha,1.0,2.4,weathered_off,06:47,09:16,WO-2025-0326-U-012
WO-2025-0325-U-013,2025-03-25,weed,path_upkeep,4,122,U4-01,8,9,9.47,5.16,ha,8.0,9.0,partial,07:07,11:08,WO-2025-0326-U-013
WO-2025-0325-U-014,2025-03-25,weed,circle_weeding,4,138,U4-02,11,8,13.26,6.61,ha,11.0,8.0,partial,06:49,10:47,WO-2025-0326-U-014
WO-2025-0325-U-015,2025-03-25,weed,circle_weeding,4,145,U4-03,11,9,11.73,8.53,ha,11.0,9.0,partial,07:10,12:25,WO-2025-0326-U-015
WO-2025-0325-U-016,2025-03-25,prune,pruning,4,165,U4-04,4,7,174,174,palms,4.0,7.0,completed,07:08,13:56,
WO-2025-0325-U-017,2025-03-25,spray,spraying,4,149,S4-01,11,10,26.1,0.0,ha,11.0,3.0,weathered_off,06:46,08:02,WO-2025-0326-U-017
WO-2025-0325-U-018,2025-03-25,prune,pruning,5,168,U5-01,11,8,656,304,palms,11.0,8.0,partial,06:57,09:55,WO-2025-0326-U-018
WO-2025-0325-U-019,2025-03-25,prune,pruning,5,184,U5-02,11,7,685,348,palms,11.0,7.0,partial,06:54,10:24,WO-2025-0326-U-019
WO-2025-0325-U-020,2025-03-25,prune,pruning,5,193,U5-03,11,6,726,311,palms,11.0,6.0,partial,06:49,09:41,WO-2025-0326-U-020
WO-2025-0325-U-021,2025-03-25,spray,spraying,5,172,S5-01,2,6,3.19,0.0,ha,2.0,1.8,weathered_off,06:55,08:13,WO-2025-0326-U-021
WO-2025-0325-U-022,2025-03-25,prune,pruning,6,213,U6-01,12,11,660,537,palms,12.0,11.0,partial,07:13,13:08,WO-2025-0326-U-022
WO-2025-0325-U-023,2025-03-25,weed,path_upkeep,6,249,U6-02,2,9,2.71,2.71,ha,2.0,9.0,completed,07:15,14:15,
WO-2025-0325-U-024,2025-03-25,weed,circle_weeding,6,258,U6-03,10,10,11.0,9.17,ha,10.0,10.0,partial,07:05,12:47,WO-2025-0326-U-024
WO-2025-0325-U-025,2025-03-25,weed,path_upkeep,6,380,U6-04,12,10,19.12,10.38,ha,12.0,10.0,partial,07:06,10:53,WO-2025-0326-U-025
WO-2025-0325-U-026,2025-03-25,spray,spraying,6,223,S6-01,11,10,28.6,0.0,ha,11.0,3.0,weathered_off,06:54,09:10,WO-2025-0326-U-026
WO-2025-0325-U-027,2025-03-25,prune,pruning,7,299,U7-02,10,8,536,322,palms,10.0,8.0,partial,06:55,10:50,WO-2025-0326-U-027
WO-2025-0325-U-028,2025-03-25,weed,circle_weeding,7,334,U7-03,10,8,10.9,6.77,ha,10.0,8.0,partial,06:53,11:34,WO-2025-0326-U-028
WO-2025-0325-U-029,2025-03-25,prune,pruning,7,344,U7-04,10,7,619,335,palms,10.0,7.0,partial,06:51,10:32,WO-2025-0326-U-029
WO-2025-0325-U-030,2025-03-25,spray,spraying,7,342,S7-01,7,9,15.42,0.0,ha,7.0,2.7,weathered_off,07:03,09:14,WO-2025-0326-U-030
WO-2025-0326-U-001,2025-03-26,prune,pruning,1,2,U1-01,12,8,710,263,palms,12.0,8.0,partial,06:00,09:50,WO-2025-0327-U-001
WO-2025-0326-U-002,2025-03-26,prune,pruning,1,18,U1-02,12,9,741,369,palms,12.0,9.0,partial,07:12,10:53,WO-2025-0327-U-002
WO-2025-0326-U-003,2025-03-26,prune,pruning,1,28,U1-03,12,8,629,380,palms,12.0,8.0,partial,07:05,11:28,WO-2025-0327-U-003
WO-2025-0326-U-004,2025-03-26,spray,spraying,1,12,S1-01,5,4,10.91,0.0,ha,5.0,1.2,weathered_off,07:12,09:19,WO-2025-0327-U-004
WO-2025-0326-U-005,2025-03-26,weed,circle_weeding,2,50,U2-01,4,9,3.82,3.82,ha,4.0,9.0,completed,07:10,14:13,
WO-2025-0326-U-006,2025-03-26,weed,path_upkeep,2,55,U2-02,3,9,4.62,4.62,ha,3.0,9.0,completed,07:06,14:17,
WO-2025-0326-U-007,2025-03-26,weed,circle_weeding,2,72,U2-03,7,9,6.77,4.86,ha,7.0,9.0,partial,06:47,11:58,WO-2025-0327-U-007
WO-2025-0326-U-008,2025-03-26,weed,circle_weeding,3,86,U3-01,2,8,1.84,1.84,ha,2.0,8.0,completed,07:03,14:30,
WO-2025-0326-U-009,2025-03-26,prune,pruning,3,100,U3-02,12,10,654,372,palms,12.0,10.0,partial,07:02,11:13,WO-2025-0327-U-010
WO-2025-0326-U-010,2025-03-26,weed,circle_weeding,3,103,U3-03,12,9,13.99,7.31,ha,12.0,9.0,partial,06:53,10:36,WO-2025-0327-U-011
WO-2025-0326-U-011,2025-03-26,weed,circle_weeding,3,116,U3-04,7,7,7.59,4.6,ha,7.0,7.0,partial,06:56,11:24,WO-2025-0327-U-012
WO-2025-0326-U-012,2025-03-26,spray,spraying,3,82,S3-01,1,8,2.46,0.0,ha,1.0,2.4,weathered_off,07:14,09:43,WO-2025-0327-U-013
WO-2025-0326-U-013,2025-03-26,weed,path_upkeep,4,122,U4-01,4,9,4.31,4.31,ha,4.0,9.0,completed,07:11,14:24,
WO-2025-0326-U-014,2025-03-26,weed,circle_weeding,4,138,U4-02,11,6,13.26,5.88,ha,11.0,6.0,partial,06:47,10:00,WO-2025-0327-U-015
WO-2025-0326-U-015,2025-03-26,weed,circle_weeding,4,145,U4-03,3,8,3.2,3.2,ha,3.0,8.0,completed,06:52,14:01,
WO-2025-0326-U-016,2025-03-26,weed,path_upkeep,4,157,U4-04,11,8,15.51,6.54,ha,11.0,8.0,partial,06:51,10:00,WO-2025-0327-U-017
WO-2025-0326-U-017,2025-03-26,spray,spraying,4,149,S4-01,11,9,26.1,0.0,ha,11.0,2.7,weathered_off,06:48,08:39,WO-2025-0327-U-018
WO-2025-0326-U-018,2025-03-26,prune,pruning,5,168,U5-01,11,8,656,439,palms,11.0,8.0,partial,06:47,11:33,WO-2025-0327-U-019
WO-2025-0326-U-019,2025-03-26,prune,pruning,5,184,U5-02,11,7,685,129,palms,11.0,7.0,partial,06:57,08:30,WO-2025-0327-U-020
WO-2025-0326-U-020,2025-03-26,prune,pruning,5,193,U5-03,11,8,726,319,palms,11.0,8.0,partial,06:49,10:14,WO-2025-0327-U-021
WO-2025-0326-U-021,2025-03-26,spray,spraying,5,172,S5-01,2,4,3.19,0.0,ha,2.0,1.2,weathered_off,06:56,08:27,WO-2025-0327-U-022
WO-2025-0326-U-022,2025-03-26,prune,pruning,6,213,U6-01,12,9,660,256,palms,12.0,9.0,partial,07:01,09:27,WO-2025-0327-U-023
WO-2025-0326-U-023,2025-03-26,prune,pruning,6,222,U6-02,12,9,694,197,palms,12.0,9.0,partial,06:49,08:48,WO-2025-0327-U-024
WO-2025-0326-U-024,2025-03-26,weed,circle_weeding,6,258,U6-03,2,10,1.83,1.83,ha,2.0,10.0,completed,06:57,14:08,
WO-2025-0326-U-025,2025-03-26,weed,path_upkeep,6,380,U6-04,12,8,19.12,10.28,ha,12.0,8.0,partial,07:07,10:41,WO-2025-0327-U-026
WO-2025-0326-U-026,2025-03-26,spray,spraying,6,223,S6-01,11,9,28.6,0.0,ha,11.0,2.7,weathered_off,07:08,09:13,WO-2025-0327-U-027
WO-2025-0326-U-027,2025-03-26,prune,pruning,7,299,U7-02,10,7,536,165,palms,10.0,7.0,partial,07:02,09:09,WO-2025-0327-U-028
WO-2025-0326-U-028,2025-03-26,weed,circle_weeding,7,334,U7-03,10,8,10.9,8.55,ha,10.0,8.0,partial,07:14,13:02,WO-2025-0327-U-029
WO-2025-0326-U-029,2025-03-26,prune,pruning,7,344,U7-04,10,6,619,310,palms,10.0,6.0,partial,07:11,10:49,WO-2025-0327-U-030
WO-2025-0326-U-030,2025-03-26,spray,spraying,7,342,S7-01,7,7,15.42,0.0,ha,7.0,2.1,weathered_off,06:52,08:16,WO-2025-0327-U-031
WO-2025-0327-U-001,2025-03-27,prune,pruning,1,2,U1-01,12,9,710,388,palms,12.0,9.0,partial,06:58,10:48,WO-2025-0328-U-001
WO-2025-0327-U-002,2025-03-27,prune,pruning,1,18,U1-02,12,11,741,619,palms,12.0,11.0,partial,06:56,12:30,WO-2025-0328-U-002
WO-2025-0327-U-003,2025-03-27,prune,pruning,1,28,U1-03,12,10,629,374,palms,12.0,10.0,partial,06:57,11:07,WO-2025-0328-U-003
WO-2025-0327-U-004,2025-03-27,spray,spraying,1,12,S1-01,5,7,10.91,10.91,ha,5.0,7.0,completed,07:06,13:49,
WO-2025-0327-U-005,2025-03-27,weed,circle_weeding,2,52,U2-01,12,9,14.23,11.0,ha,12.0,9.0,partial,06:45,12:37,WO-2025-0328-U-005
WO-2025-0327-U-006,2025-03-27,weed,circle_weeding,2,65,U2-02,12,8,14.4,5.64,ha,12.0,8.0,partial,07:01,09:29,WO-2025-0328-U-006
WO-2025-0327-U-007,2025-03-27,weed,circle_weeding,2,72,U2-03,2,9,1.9,1.9,ha,2.0,9.0,completed,07:04,13:50,
WO-2025-0327-U-008,2025-03-27,spray,spraying,2,66,S2-01,9,7,23.89,21.37,ha,9.0,7.0,partial,06:57,13:03,WO-2025-0328-U-008
WO-2025-0327-U-009,2025-03-27,weed,path_upkeep,3,79,U3-01,12,11,17.64,13.7,ha,12.0,11.0,partial,06:59,12:44,WO-2025-0328-U-009
WO-2025-0327-U-010,2025-03-27,prune,pruning,3,100,U3-02,12,8,654,391,palms,12.0,8.0,partial,06:58,11:02,WO-2025-0328-U-010
WO-2025-0327-U-011,2025-03-27,weed,circle_weeding,3,103,U3-03,12,11,13.2,8.68,ha,12.0,11.0,partial,06:56,11:38,WO-2025-0328-U-011
WO-2025-0327-U-012,2025-03-27,weed,circle_weeding,3,116,U3-04,3,10,2.99,2.99,ha,3.0,10.0,completed,07:07,14:24,
WO-2025-0327-U-013,2025-03-27,spray,spraying,3,82,S3-01,1,11,2.46,2.46,ha,1.0,11.0,completed,07:10,14:31,
WO-2025-0327-U-014,2025-03-27,weed,path_upkeep,4,123,U4-01,9,8,10.58,6.9,ha,9.0,8.0,partial,06:58,11:25,WO-2025-0328-U-014
WO-2025-0327-U-015,2025-03-27,weed,circle_weeding,4,138,U4-02,11,8,13.26,7.85,ha,11.0,8.0,partial,07:06,11:20,WO-2025-0328-U-015
WO-2025-0327-U-016,2025-03-27,weed,circle_weeding,4,144,U4-03,11,8,11.81,5.99,ha,11.0,8.0,partial,07:08,11:10,WO-2025-0328-U-016
WO-2025-0327-U-017,2025-03-27,weed,path_upkeep,4,157,U4-04,11,8,15.51,4.91,ha,11.0,8.0,partial,06:54,08:50,WO-2025-0328-U-017
WO-2025-0327-U-018,2025-03-27,spray,spraying,4,149,S4-01,11,10,26.1,20.65,ha,11.0,10.0,partial,06:00,12:32,WO-2025-0328-U-018
WO-2025-0327-U-019,2025-03-27,prune,pruning,5,168,U5-01,11,9,656,464,palms,11.0,9.0,partial,07:10,12:35,WO-2025-0328-U-019
WO-2025-0327-U-020,2025-03-27,prune,pruning,5,184,U5-02,11,8,685,325,palms,11.0,8.0,partial,07:11,10:57,WO-2025-0328-U-020
WO-2025-0327-U-021,2025-03-27,prune,pruning,5,193,U5-03,11,7,726,344,palms,11.0,7.0,partial,07:02,10:46,WO-2025-0328-U-021
WO-2025-0327-U-022,2025-03-27,spray,spraying,5,172,S5-01,2,6,3.19,3.19,ha,2.0,6.0,completed,06:56,14:13,
WO-2025-0327-U-023,2025-03-27,prune,pruning,6,213,U6-01,12,10,660,632,palms,12.0,10.0,partial,06:57,13:35,WO-2025-0328-U-023
WO-2025-0327-U-024,2025-03-27,prune,pruning,6,222,U6-02,12,8,694,310,palms,12.0,8.0,partial,06:57,10:02,WO-2025-0328-U-024
WO-2025-0327-U-025,2025-03-27,weed,path_upkeep,6,254,U6-03,12,10,19.77,13.68,ha,12.0,10.0,partial,07:10,11:51,WO-2025-0328-U-025
WO-2025-0327-U-026,2025-03-27,weed,path_upkeep,6,380,U6-04,6,10,9.18,9.18,ha,6.0,10.0,completed,07:09,14:02,
WO-2025-0327-U-027,2025-03-27,spray,spraying,6,223,S6-01,11,9,28.6,12.85,ha,11.0,9.0,partial,06:57,10:30,WO-2025-0328-U-027
WO-2025-0327-U-028,2025-03-27,prune,pruning,7,299,U7-02,10,8,536,391,palms,10.0,8.0,partial,07:00,11:51,WO-2025-0328-U-028
WO-2025-0327-U-029,2025-03-27,weed,circle_weeding,7,334,U7-03,10,6,10.79,3.2,ha,10.0,6.0,partial,06:57,09:19,WO-2025-0328-U-029
WO-2025-0327-U-030,2025-03-27,prune,pruning,7,344,U7-04,10,8,619,455,palms,10.0,8.0,partial,06:46,11:55,WO-2025-0328-U-030
WO-2025-0327-U-031,2025-03-27,spray,spraying,7,342,S7-01,7,9,15.42,11.97,ha,7.0,9.0,partial,07:14,12:59,WO-2025-0328-U-031
WO-2025-0328-U-001,2025-03-28,prune,pruning,1,2,U1-01,12,10,710,359,palms,12.0,10.0,partial,07:02,10:54,WO-2025-0329-U-001
WO-2025-0328-U-002,2025-03-28,prune,pruning,1,18,U1-02,12,9,741,313,palms,12.0,9.0,partial,06:45,09:57,WO-2025-0329-U-002
WO-2025-0328-U-003,2025-03-28,prune,pruning,1,28,U1-03,12,10,629,407,palms,12.0,10.0,partial,06:59,11:26,WO-2025-0329-U-003
WO-2025-0328-U-004,2025-03-28,spray,spraying,1,14,S1-01,10,8,24.99,22.99,ha,10.0,8.0,partial,07:13,13:26,WO-2025-0329-U-004
WO-2025-0328-U-005,2025-03-28,weed,circle_weeding,2,52,U2-01,12,10,14.23,10.13,ha,12.0,10.0,partial,07:01,12:09,WO-2025-0329-U-005
WO-2025-0328-U-006,2025-03-28,weed,circle_weeding,2,65,U2-02,9,10,10.69,9.58,ha,9.0,10.0,partial,06:57,13:38,WO-2025-0329-U-006
WO-2025-0328-U-007,2025-03-28,weed,path_upkeep,2,73,U2-03,12,9,18.45,11.34,ha,12.0,9.0,partial,07:12,11:19,WO-2025-0329-U-007
WO-2025-0328-U-008,2025-03-28,spray,spraying,2,66,S2-01,3,8,7.5,7.5,ha,3.0,8.0,completed,07:12,14:05,
WO-2025-0328-U-009,2025-03-28,weed,path_upkeep,3,79,U3-01,4,8,4.76,4.76,ha,4.0,8.0,completed,06:51,14:02,
WO-2025-0328-U-010,2025-03-28,prune,pruning,3,100,U3-02,12,8,654,255,palms,12.0,8.0,partial,06:47,09:24,WO-2025-0329-U-010
WO-2025-0328-U-011,2025-03-28,weed,circle_weeding,3,103,U3-03,4,9,4.52,4.52,ha,4.0,9.0,completed,06:59,13:47,
WO-2025-0328-U-012,2025-03-28,weed,circle_weeding,3,369,U3-04,3,9,2.98,2.98,ha,3.0,9.0,completed,06:57,13:57,
WO-2025-0328-U-013,2025-03-28,spray,spraying,3,369,S3-01,2,7,2.98,2.98,ha,2.0,7.0,completed,06:55,14:03,
WO-2025-0328-U-014,2025-03-28,weed,path_upkeep,4,123,U4-01,4,7,3.68,3.68,ha,4.0,7.0,completed,06:56,13:41,
WO-2025-0328-U-015,2025-03-28,weed,circle_weeding,4,138,U4-02,11,10,13.26,10.85,ha,11.0,10.0,partial,07:08,12:48,WO-2025-0329-U-015
WO-2025-0328-U-016,2025-03-28,weed,circle_weeding,4,144,U4-03,11,9,11.81,6.73,ha,11.0,9.0,partial,06:00,10:59,WO-2025-0329-U-016
WO-2025-0328-U-017,2025-03-28,weed,path_upkeep,4,157,U4-04,11,9,15.51,11.71,ha,11.0,9.0,partial,07:04,12:24,WO-2025-0329-U-017
WO-2025-0328-U-018,2025-03-28,spray,spraying,4,149,S4-01,3,10,5.45,5.45,ha,3.0,10.0,completed,06:53,14:05,
WO-2025-0328-U-019,2025-03-28,prune,pruning,5,168,U5-01,11,7,656,315,palms,11.0,7.0,partial,06:56,10:08,WO-2025-0329-U-019
WO-2025-0328-U-020,2025-03-28,prune,pruning,5,184,U5-02,11,8,685,237,palms,11.0,8.0,partial,06:52,09:18,WO-2025-0329-U-020
WO-2025-0328-U-021,2025-03-28,prune,pruning,5,193,U5-03,11,8,726,381,palms,11.0,8.0,partial,06:46,10:48,WO-2025-0329-U-021
WO-2025-0328-U-022,2025-03-28,spray,spraying,5,180,S5-01,9,8,20.8,10.5,ha,9.0,8.0,partial,06:47,10:11,WO-2025-0329-U-022
WO-2025-0328-U-023,2025-03-28,prune,pruning,6,213,U6-01,12,8,660,251,palms,12.0,8.0,partial,07:01,09:46,WO-2025-0329-U-023
WO-2025-0328-U-024,2025-03-28,prune,pruning,6,222,U6-02,12,10,694,368,palms,12.0,10.0,partial,07:12,10:58,WO-2025-0329-U-024
WO-2025-0328-U-025,2025-03-28,weed,path_upkeep,6,254,U6-03,4,10,6.09,6.09,ha,4.0,10.0,completed,06:45,13:45,
WO-2025-0328-U-026,2025-03-28,prune,pruning,6,380,U6-04,12,10,701,488,palms,12.0,10.0,partial,07:12,12:19,WO-2025-0329-U-026
WO-2025-0328-U-027,2025-03-28,spray,spraying,6,223,S6-01,6,10,15.75,15.75,ha,6.0,10.0,completed,07:09,14:21,
WO-2025-0328-U-028,2025-03-28,prune,pruning,7,299,U7-02,10,6,536,187,palms,10.0,6.0,partial,06:54,09:42,WO-2025-0329-U-028
WO-2025-0328-U-029,2025-03-28,weed,circle_weeding,7,334,U7-03,7,8,7.59,5.44,ha,7.0,8.0,partial,07:10,12:32,WO-2025-0329-U-029
WO-2025-0328-U-030,2025-03-28,prune,pruning,7,344,U7-04,10,7,619,387,palms,10.0,7.0,partial,07:01,11:17,WO-2025-0329-U-030
WO-2025-0328-U-031,2025-03-28,spray,spraying,7,342,S7-01,2,9,3.44,3.44,ha,2.0,9.0,completed,07:11,14:13,
WO-2025-0329-U-001,2025-03-29,prune,pruning,1,2,U1-01,7,11,390,390,palms,7.0,11.0,completed,06:56,14:19,
WO-2025-0329-U-002,2025-03-29,prune,pruning,1,18,U1-02,12,10,741,446,palms,12.0,10.0,partial,06:48,11:20,WO-2025-0331-U-002
WO-2025-0329-U-003,2025-03-29,prune,pruning,1,28,U1-03,12,10,629,463,palms,12.0,10.0,partial,07:02,12:29,WO-2025-0331-U-003
WO-2025-0329-U-004,2025-03-29,spray,spraying,1,14,S1-01,5,9,11.24,11.24,ha,5.0,9.0,completed,07:12,14:04,
WO-2025-0329-U-005,2025-03-29,weed,circle_weeding,2,52,U2-01,4,9,4.51,4.51,ha,4.0,9.0,completed,07:01,13:59,
WO-2025-0329-U-006,2025-03-29,weed,circle_weeding,2,65,U2-02,1,10,1.11,1.11,ha,1.0,10.0,completed,06:59,13:42,
WO-2025-0329-U-007,2025-03-29,weed,path_upkeep,2,73,U2-03,12,9,18.38,8.59,ha,12.0,9.0,partial,07:01,10:28,WO-2025-0331-U-007
WO-2025-0329-U-008,2025-03-29,spray,spraying,2,40,S2-01,7,6,18.07,10.95,ha,7.0,6.0,partial,07:02,11:36,WO-2025-0331-U-008
WO-2025-0329-U-009,2025-03-29,weed,circle_weeding,3,84,U3-01,12,12,12.94,12.66,ha,12.0,12.0,partial,07:07,14:23,WO-2025-0331-U-009
WO-2025-0329-U-010,2025-03-29,prune,pruning,3,100,U3-02,12,11,654,468,palms,12.0,11.0,partial,06:46,11:43,WO-2025-0331-U-010
WO-2025-0329-U-011,2025-03-29,weed,path_upkeep,3,108,U3-03,12,10,19.08,14.79,ha,12.0,10.0,partial,06:47,12:20,WO-2025-0331-U-011
WO-2025-0329-U-012,2025-03-29,weed,path_upkeep,3,114,U3-04,12,9,18.43,8.74,ha,12.0,9.0,partial,06:45,10:13,WO-2025-0331-U-012
WO-2025-0329-U-013,2025-03-29,spray,spraying,3,99,S3-01,6,9,14.15,14.15,ha,6.0,9.0,completed,06:53,13:41,
WO-2025-0329-U-014,2025-03-29,weed,path_upkeep,4,125,U4-01,6,8,6.64,6.64,ha,6.0,8.0,completed,06:54,14:18,
WO-2025-0329-U-015,2025-03-29,weed,circle_weeding,4,138,U4-02,6,7,7.06,7.06,ha,6.0,7.0,completed,06:48,14:16,
WO-2025-0329-U-016,2025-03-29,weed,circle_weeding,4,144,U4-03,11,8,11.81,4.6,ha,11.0,8.0,partial,07:09,10:02,WO-2025-0331-U-016
WO-2025-0329-U-017,2025-03-29,weed,path_upkeep,4,157,U4-04,8,9,10.23,10.23,ha,8.0,9.0,completed,07:09,14:04,
WO-2025-0329-U-018,2025-03-29,spray,spraying,4,145,S4-01,12,10,30.83,17.17,ha,12.0,10.0,partial,06:55,11:18,WO-2025-0331-U-018
WO-2025-0329-U-019,2025-03-29,prune,pruning,5,168,U5-01,11,7,656,320,palms,11.0,7.0,partial,06:57,10:44,WO-2025-0331-U-019
WO-2025-0329-U-020,2025-03-29,prune,pruning,5,184,U5-02,11,8,685,302,palms,11.0,8.0,partial,07:01,10:10,WO-2025-0331-U-020
WO-2025-0329-U-021,2025-03-29,prune,pruning,5,193,U5-03,11,7,726,339,palms,11.0,7.0,partial,07:05,10:34,WO-2025-0331-U-021
WO-2025-0329-U-022,2025-03-29,spray,spraying,5,180,S5-01,8,6,18.49,12.3,ha,8.0,6.0,partial,06:49,11:50,WO-2025-0331-U-022
WO-2025-0329-U-023,2025-03-29,prune,pruning,6,213,U6-01,12,10,660,578,palms,12.0,10.0,partial,06:52,13:01,WO-2025-0331-U-023
WO-2025-0329-U-024,2025-03-29,prune,pruning,6,222,U6-02,12,9,694,312,palms,12.0,9.0,partial,07:14,10:48,WO-2025-0331-U-024
WO-2025-0329-U-025,2025-03-29,weed,circle_weeding,6,253,U6-03,12,10,14.59,9.96,ha,12.0,10.0,partial,06:56,12:12,WO-2025-0331-U-025
WO-2025-0329-U-026,2025-03-29,prune,pruning,6,380,U6-04,12,9,701,362,palms,12.0,9.0,partial,07:05,10:36,WO-2025-0331-U-026
WO-2025-0329-U-027,2025-03-29,spray,spraying,6,272,S6-01,9,11,24.35,22.65,ha,9.0,11.0,partial,07:09,14:04,WO-2025-0331-U-027
WO-2025-0329-U-028,2025-03-29,prune,pruning,7,299,U7-02,10,8,536,329,palms,10.0,8.0,partial,07:03,11:11,WO-2025-0331-U-029
WO-2025-0329-U-029,2025-03-29,weed,circle_weeding,7,334,U7-03,2,9,2.16,2.16,ha,2.0,9.0,completed,07:13,14:17,
WO-2025-0329-U-030,2025-03-29,prune,pruning,7,344,U7-04,5,7,293,293,palms,5.0,7.0,completed,07:01,14:05,
WO-2025-0329-U-031,2025-03-29,spray,spraying,7,288,S7-01,3,8,7.16,7.16,ha,3.0,8.0,completed,07:05,13:56,
WO-2025-0331-U-001,2025-03-31,prune,pruning,1,13,U1-01,12,8,710,271,palms,12.0,8.0,partial,06:52,09:29,WO-2025-0401-U-001
WO-2025-0331-U-002,2025-03-31,prune,pruning,1,18,U1-02,12,9,741,286,palms,12.0,9.0,partial,06:49,09:26,WO-2025-0401-U-002
WO-2025-0331-U-003,2025-03-31,prune,pruning,1,28,U1-03,9,7,458,319,palms,9.0,7.0,partial,06:58,11:54,WO-2025-0401-U-003
WO-2025-0331-U-004,2025-03-31,spray,spraying,1,13,S1-01,10,5,24.99,0.0,ha,10.0,1.5,weathered_off,07:11,08:42,WO-2025-0401-U-004
WO-2025-0331-U-005,2025-03-31,weed,path_upkeep,2,47,U2-01,12,7,19.4,3.67,ha,12.0,7.0,partial,07:02,08:46,WO-2025-0401-U-005
WO-2025-0331-U-006,2025-03-31,weed,circle_weeding,2,64,U2-02,12,8,14.4,5.36,ha,12.0,8.0,partial,06:51,09:11,WO-2025-0401-U-006
WO-2025-0331-U-007,2025-03-31,weed,path_upkeep,2,73,U2-03,7,7,9.8,4.23,ha,7.0,7.0,partial,07:10,10:28,WO-2025-0401-U-007
WO-2025-0331-U-008,2025-03-31,spray,spraying,2,40,S2-01,3,3,7.12,0.0,ha,3.0,0.9,weathered_off,06:49,07:54,WO-2025-0401-U-008
WO-2025-0331-U-009,2025-03-31,weed,circle_weeding,3,84,U3-01,12,8,12.94,3.99,ha,12.0,8.0,partial,06:48,08:50,WO-2025-0401-U-009
WO-2025-0331-U-010,2025-03-31,prune,pruning,3,100,U3-02,12,9,654,395,palms,12.0,9.0,partial,07:03,11:32,WO-2025-0401-U-010
WO-2025-0331-U-011,2025-03-31,weed,path_upkeep,3,108,U3-03,12,8,19.08,5.28,ha,12.0,8.0,partial,07:06,09:18,WO-2025-0401-U-011
WO-2025-0331-U-012,2025-03-31,weed,path_upkeep,3,114,U3-04,7,7,9.73,5.71,ha,7.0,7.0,partial,07:09,11:05,WO-2025-0401-U-012
WO-2025-0331-U-013,2025-03-31,spray,spraying,3,75,S3-01,13,8,32.62,0.0,ha,13.0,2.4,weathered_off,06:49,09:43,WO-2025-0401-U-013
WO-2025-0331-U-014,2025-03-31,weed,path_upkeep,4,132,U4-01,11,9,13.2,5.53,ha,11.0,9.0,partial,06:50,09:55,WO-2025-0401-U-014
WO-2025-0331-U-015,2025-03-31,weed,circle_weeding,4,140,U4-02,11,7,13.26,7.35,ha,11.0,7.0,partial,07:10,11:05,WO-2025-0401-U-015
WO-2025-0331-U-016,2025-03-31,weed,circle_weeding,4,144,U4-03,8,9,8.24,7.19,ha,8.0,9.0,partial,07:10,12:59,WO-2025-0401-U-016
WO-2025-0331-U-017,2025-03-31,weed,path_upkeep,4,159,U4-04,11,8,15.51,6.09,ha,11.0,8.0,partial,07:02,10:08,WO-2025-0401-U-017
WO-2025-0331-U-018,2025-03-31,spray,spraying,4,145,S4-01,8,9,18.39,0.0,ha,8.0,2.7,weathered_off,07:04,08:28,WO-2025-0401-U-018
WO-2025-0331-U-019,2025-03-31,prune,pruning,5,168,U5-01,11,5,656,229,palms,11.0,5.0,partial,06:46,09:05,WO-2025-0401-U-019
WO-2025-0331-U-020,2025-03-31,prune,pruning,5,184,U5-02,10,7,572,212,palms,10.0,7.0,partial,07:04,09:58,WO-2025-0401-U-020
WO-2025-0331-U-021,2025-03-31,prune,pruning,5,193,U5-03,11,6,726,177,palms,11.0,6.0,partial,06:57,09:05,WO-2025-0401-U-021
WO-2025-0331-U-022,2025-03-31,spray,spraying,5,180,S5-01,3,6,6.19,0.0,ha,3.0,1.8,weathered_off,06:53,09:45,WO-2025-0401-U-022
WO-2025-0331-U-023,2025-03-31,prune,pruning,6,213,U6-01,9,8,494,174,palms,9.0,8.0,partial,06:54,09:41,WO-2025-0401-U-023
WO-2025-0331-U-024,2025-03-31,prune,pruning,6,222,U6-02,12,9,694,287,palms,12.0,9.0,partial,06:47,09:27,WO-2025-0401-U-024
WO-2025-0331-U-025,2025-03-31,weed,circle_weeding,6,253,U6-03,9,9,10.31,6.5,ha,9.0,9.0,partial,07:12,11:55,WO-2025-0401-U-025
WO-2025-0331-U-026,2025-03-31,prune,pruning,6,380,U6-04,12,7,701,260,palms,12.0,7.0,partial,07:06,10:07,WO-2025-0401-U-026
WO-2025-0331-U-027,2025-03-31,spray,spraying,6,272,S6-01,1,11,1.7,0.0,ha,1.0,3.3,weathered_off,07:05,09:40,WO-2025-0401-U-027
WO-2025-0331-U-028,2025-03-31,weed,path_upkeep,7,291,U7-01,10,8,13.56,5.23,ha,10.0,8.0,partial,07:06,10:04,WO-2025-0401-U-028
WO-2025-0331-U-029,2025-03-31,prune,pruning,7,299,U7-02,10,8,536,196,palms,10.0,8.0,partial,07:07,09:30,WO-2025-0401-U-029
WO-2025-0331-U-030,2025-03-31,weed,circle_weeding,7,337,U7-03,10,7,10.9,4.14,ha,10.0,7.0,partial,06:51,09:38,WO-2025-0401-U-030
WO-2025-0331-U-031,2025-03-31,weed,path_upkeep,7,346,U7-04,10,5,16.89,5.51,ha,10.0,5.0,partial,06:50,09:37,WO-2025-0401-U-031
WO-2025-0331-U-032,2025-03-31,spray,spraying,7,308,S7-01,7,7,15.91,0.0,ha,7.0,2.1,weathered_off,06:47,09:04,WO-2025-0401-U-032
WO-2025-0401-U-001,2025-04-01,prune,pruning,1,13,U1-01,14,12,828,531,palms,14.0,12.0,partial,06:59,11:11,WO-2025-0402-U-001
WO-2025-0401-U-002,2025-04-01,prune,pruning,1,18,U1-02,9,8,523,311,palms,9.0,8.0,partial,06:54,11:07,WO-2025-0402-U-002
WO-2025-0401-U-003,2025-04-01,prune,pruning,1,28,U1-03,3,9,139,139,palms,3.0,9.0,completed,07:15,14:04,
WO-2025-0401-U-004,2025-04-01,spray,spraying,1,13,S1-01,11,9,27.48,0.0,ha,11.0,2.7,weathered_off,07:08,08:41,WO-2025-0402-U-004
WO-2025-0401-U-005,2025-04-01,weed,path_upkeep,2,47,U2-01,13,10,21.02,7.69,ha,13.0,10.0,partial,06:54,09:46,WO-2025-0402-U-005
WO-2025-0401-U-006,2025-04-01,weed,circle_weeding,2,64,U2-02,13,10,15.6,12.55,ha,13.0,10.0,partial,06:58,13:05,WO-2025-0402-U-006
WO-2025-0401-U-007,2025-04-01,weed,path_upkeep,2,73,U2-03,4,10,5.56,5.56,ha,4.0,10.0,completed,07:11,13:59,
WO-2025-0401-U-008,2025-04-01,spray,spraying,2,40,S2-01,3,6,7.12,0.0,ha,3.0,1.8,weathered_off,07:03,09:24,WO-2025-0402-U-008
WO-2025-0401-U-009,2025-04-01,weed,circle_weeding,3,84,U3-01,11,5,11.86,3.34,ha,11.0,5.0,partial,06:00,09:12,WO-2025-0402-U-009
WO-2025-0401-U-010,2025-04-01,prune,pruning,3,100,U3-02,11,7,600,308,palms,11.0,7.0,partial,07:12,10:57,WO-2025-0402-U-010
WO-2025-0401-U-011,2025-04-01,weed,path_upkeep,3,108,U3-03,11,0,17.49,0.0,ha,11.0,0.0,not_started,07:02,,WO-2025-0402-U-011
WO-2025-0401-U-012,2025-04-01,weed,path_upkeep,3,114,U3-04,3,6,4.02,4.02,ha,3.0,6.0,completed,06:46,14:08,
WO-2025-0401-U-013,2025-04-01,spray,spraying,3,75,S3-01,12,9,30.11,0.0,ha,12.0,2.7,weathered_off,06:49,09:13,WO-2025-0402-U-013
WO-2025-0401-U-014,2025-04-01,weed,path_upkeep,4,132,U4-01,11,8,13.2,7.65,ha,11.0,8.0,partial,07:10,11:13,WO-2025-0402-U-014
WO-2025-0401-U-015,2025-04-01,weed,circle_weeding,4,140,U4-02,11,8,13.26,5.49,ha,11.0,8.0,partial,06:49,09:41,WO-2025-0402-U-015
WO-2025-0401-U-016,2025-04-01,weed,circle_weeding,4,144,U4-03,1,7,1.04,1.04,ha,1.0,7.0,completed,06:53,13:52,
WO-2025-0401-U-017,2025-04-01,weed,path_upkeep,4,159,U4-04,11,8,15.51,8.49,ha,11.0,8.0,partial,06:57,10:33,WO-2025-0402-U-017
WO-2025-0401-U-018,2025-04-01,spray,spraying,4,145,S4-01,8,9,18.39,0.0,ha,8.0,2.7,weathered_off,06:49,08:13,WO-2025-0402-U-018
WO-2025-0401-U-019,2025-04-01,prune,pruning,5,168,U5-01,12,9,716,333,palms,12.0,9.0,partial,06:56,10:20,WO-2025-0402-U-019
WO-2025-0401-U-020,2025-04-01,prune,pruning,5,184,U5-02,6,9,360,360,palms,6.0,9.0,completed,07:14,14:25,
WO-2025-0401-U-021,2025-04-01,prune,pruning,5,193,U5-03,12,8,792,328,palms,12.0,8.0,partial,07:13,10:32,WO-2025-0402-U-021
WO-2025-0401-U-022,2025-04-01,spray,spraying,5,180,S5-01,3,8,6.19,0.0,ha,3.0,2.4,weathered_off,07:06,09:37,WO-2025-0402-U-022
WO-2025-0401-U-023,2025-04-01,prune,pruning,6,213,U6-01,6,9,321,321,palms,6.0,9.0,completed,06:56,14:15,
WO-2025-0401-U-024,2025-04-01,prune,pruning,6,222,U6-02,12,10,694,228,palms,12.0,10.0,partial,06:59,09:33,WO-2025-0402-U-024
WO-2025-0401-U-025,2025-04-01,weed,circle_weeding,6,253,U6-03,4,9,3.82,3.82,ha,4.0,9.0,completed,06:47,13:51,
WO-2025-0401-U-026,2025-04-01,prune,pruning,6,380,U6-04,12,10,701,498,palms,12.0,10.0,partial,06:57,11:58,WO-2025-0402-U-026
WO-2025-0401-U-027,2025-04-01,spray,spraying,6,272,S6-01,1,10,1.7,0.0,ha,1.0,3.0,weathered_off,07:09,09:04,WO-2025-0402-U-027
WO-2025-0401-U-028,2025-04-01,weed,path_upkeep,7,291,U7-01,10,8,13.56,6.21,ha,10.0,8.0,partial,06:50,09:58,WO-2025-0402-U-028
WO-2025-0401-U-029,2025-04-01,prune,pruning,7,299,U7-02,10,6,536,283,palms,10.0,6.0,partial,07:02,10:26,WO-2025-0402-U-029
WO-2025-0401-U-030,2025-04-01,weed,circle_weeding,7,337,U7-03,10,0,10.9,0.0,ha,10.0,0.0,not_started,06:55,,WO-2025-0402-U-030
WO-2025-0401-U-031,2025-04-01,weed,path_upkeep,7,346,U7-04,10,6,16.89,4.85,ha,10.0,6.0,partial,07:10,08:56,WO-2025-0402-U-031
WO-2025-0401-U-032,2025-04-01,spray,spraying,7,308,S7-01,7,8,15.91,0.0,ha,7.0,2.4,weathered_off,07:08,09:39,WO-2025-0402-U-032
WO-2025-0402-U-001,2025-04-02,prune,pruning,1,13,U1-01,14,12,828,758,palms,14.0,12.0,partial,07:15,13:47,WO-2025-0403-U-001
WO-2025-0402-U-002,2025-04-02,prune,pruning,1,18,U1-02,4,7,212,212,palms,4.0,7.0,completed,07:04,13:00,
WO-2025-0402-U-003,2025-04-02,weed,path_upkeep,1,36,U1-03,14,10,20.01,8.32,ha,14.0,10.0,partial,06:50,09:57,WO-2025-0403-U-003
WO-2025-0402-U-004,2025-04-02,spray,spraying,1,13,S1-01,11,8,27.48,0.0,ha,11.0,2.4,weathered_off,06:54,09:31,WO-2025-0403-U-004
WO-2025-0402-U-005,2025-04-02,weed,path_upkeep,2,47,U2-01,12,0,18.31,0.0,ha,12.0,0.0,not_started,07:03,,WO-2025-0403-U-005
WO-2025-0402-U-006,2025-04-02,weed,circle_weeding,2,64,U2-02,6,9,6.79,6.79,ha,6.0,9.0,completed,06:57,14:09,
WO-2025-0402-U-007,2025-04-02,weed,path_upkeep,2,66,U2-03,13,9,19.99,8.95,ha,13.0,9.0,partial,07:07,10:04,WO-2025-0403-U-007
WO-2025-0402-U-008,2025-04-02,spray,spraying,2,40,S2-01,3,9,7.12,0.0,ha,3.0,2.7,weathered_off,07:09,10:03,WO-2025-0403-U-008
WO-2025-0402-U-009,2025-04-02,weed,circle_weeding,3,84,U3-01,11,0,11.86,0.0,ha,11.0,0.0,not_started,06:56,,WO-2025-0403-U-009
WO-2025-0402-U-010,2025-04-02,prune,pruning,3,100,U3-02,11,6,600,187,palms,11.0,6.0,partial,06:48,09:17,WO-2025-0403-U-010
WO-2025-0402-U-011,2025-04-02,weed,path_upkeep,3,108,U3-03,11,8,17.49,8.21,ha,11.0,8.0,partial,06:59,10:02,WO-2025-0403-U-011
WO-2025-0402-U-012,2025-04-02,weed,circle_weeding,3,115,U3-04,11,7,12.39,4.65,ha,11.0,7.0,partial,07:08,09:38,WO-2025-0403-U-012
WO-2025-0402-U-013,2025-04-02,spray,spraying,3,75,S3-01,12,10,30.11,0.0,ha,12.0,3.0,weathered_off,06:49,07:49,WO-2025-0403-U-013
WO-2025-0402-U-014,2025-04-02,weed,path_upkeep,4,132,U4-01,11,6,13.2,5.14,ha,11.0,6.0,partial,07:15,09:56,WO-2025-0403-U-014
WO-2025-0402-U-015,2025-04-02,weed,circle_weeding,4,140,U4-02,11,8,13.26,5.34,ha,11.0,8.0,partial,06:46,10:03,WO-2025-0403-U-015
WO-2025-0402-U-016,2025-04-02,weed,circle_weeding,4,152,U4-03,11,6,11.81,3.78,ha,11.0,6.0,partial,06:47,09:28,WO-2025-0403-U-016
WO-2025-0402-U-017,2025-04-02,weed,path_upkeep,4,159,U4-04,9,9,12.06,7.96,ha,9.0,9.0,partial,06:59,11:44,WO-2025-0403-U-017
WO-2025-0402-U-018,2025-04-02,spray,spraying,4,145,S4-01,8,7,18.39,0.0,ha,8.0,2.1,weathered_off,06:59,09:33,WO-2025-0403-U-018
WO-2025-0402-U-019,2025-04-02,prune,pruning,5,168,U5-01,12,10,716,358,palms,12.0,10.0,partial,07:14,11:09,WO-2025-0403-U-019
WO-2025-0402-U-020,2025-04-02,weed,path_upkeep,5,187,U5-02,12,8,20.38,9.29,ha,12.0,8.0,partial,07:06,10:24,WO-2025-0403-U-020
WO-2025-0402-U-021,2025-04-02,prune,pruning,5,193,U5-03,12,10,792,337,palms,12.0,10.0,partial,06:00,09:52,WO-2025-0403-U-021
WO-2025-0402-U-022,2025-04-02,spray,spraying,5,180,S5-01,3,8,6.19,0.0,ha,3.0,2.4,weathered_off,07:10,09:42,WO-2025-0403-U-022
WO-2025-0402-U-023,2025-04-02,weed,path_upkeep,6,214,U6-01,12,10,18.0,17.25,ha,12.0,10.0,partial,06:59,13:56,WO-2025-0403-U-023
WO-2025-0402-U-024,2025-04-02,prune,pruning,6,222,U6-02,12,9,694,379,palms,12.0,9.0,partial,07:12,10:54,WO-2025-0403-U-024
WO-2025-0402-U-025,2025-04-02,weed,path_upkeep,6,263,U6-03,12,10,19.89,9.31,ha,12.0,10.0,partial,07:03,10:16,WO-2025-0403-U-025
WO-2025-0402-U-026,2025-04-02,prune,pruning,6,380,U6-04,12,9,701,432,palms,12.0,9.0,partial,07:04,11:41,WO-2025-0403-U-026
WO-2025-0402-U-027,2025-04-02,spray,spraying,6,272,S6-01,1,11,1.7,0.0,ha,1.0,3.3,weathered_off,07:01,08:33,WO-2025-0403-U-027
WO-2025-0402-U-028,2025-04-02,weed,path_upkeep,7,291,U7-01,10,0,13.56,0.0,ha,10.0,0.0,not_started,07:13,,WO-2025-0403-U-028
WO-2025-0402-U-029,2025-04-02,prune,pruning,7,299,U7-02,10,7,536,243,palms,10.0,7.0,partial,07:00,10:04,WO-2025-0403-U-029
WO-2025-0402-U-030,2025-04-02,weed,circle_weeding,7,337,U7-03,10,8,10.9,4.98,ha,10.0,8.0,partial,07:07,10:21,WO-2025-0403-U-030
WO-2025-0402-U-031,2025-04-02,weed,path_upkeep,7,346,U7-04,9,8,14.36,8.69,ha,9.0,8.0,partial,06:53,10:55,WO-2025-0403-U-031
WO-2025-0402-U-032,2025-04-02,spray,spraying,7,308,S7-01,7,8,15.91,0.0,ha,7.0,2.4,weathered_off,07:14,08:59,WO-2025-0403-U-032
WO-2025-0403-U-001,2025-04-03,prune,pruning,1,13,U1-01,14,11,828,490,palms,14.0,11.0,partial,07:09,11:18,WO-2025-0404-U-001
WO-2025-0403-U-002,2025-04-03,prune,pruning,1,16,U1-02,14,6,865,159,palms,14.0,6.0,partial,07:11,08:58,WO-2025-0404-U-002
WO-2025-0403-U-003,2025-04-03,weed,path_upkeep,1,36,U1-03,14,9,20.01,8.55,ha,14.0,9.0,partial,06:57,10:06,WO-2025-0404-U-003
WO-2025-0403-U-004,2025-04-03,spray,spraying,1,13,S1-01,11,7,27.48,0.0,ha,11.0,2.1,weathered_off,06:48,08:54,WO-2025-0404-U-004
WO-2025-0403-U-005,2025-04-03,weed,path_upkeep,2,47,U2-01,12,8,18.31,7.41,ha,12.0,8.0,partial,07:15,09:52,WO-2025-0404-U-005
WO-2025-0403-U-006,2025-04-03,weed,circle_weeding,2,53,U2-02,13,9,15.6,6.89,ha,13.0,9.0,partial,06:52,09:45,WO-2025-0404-U-006
WO-2025-0403-U-007,2025-04-03,weed,path_upkeep,2,66,U2-03,13,8,19.92,11.95,ha,13.0,8.0,partial,06:52,10:59,WO-2025-0404-U-007
WO-2025-0403-U-008,2025-04-03,spray,spraying,2,40,S2-01,3,4,7.12,0.0,ha,3.0,1.2,weathered_off,07:04,08:34,WO-2025-0404-U-008
WO-2025-0403-U-009,2025-04-03,weed,circle_weeding,3,84,U3-01,11,7,11.86,3.68,ha,11.0,7.0,partial,06:50,08:57,WO-2025-0404-U-009
WO-2025-0403-U-010,2025-04-03,prune,pruning,3,100,U3-02,8,0,430,0,palms,8.0,0.0,not_started,07:13,,WO-2025-0404-U-010
WO-2025-0403-U-011,2025-04-03,weed,path_upkeep,3,108,U3-03,7,5,10.49,5.25,ha,7.0,5.0,partial,07:09,10:42,WO-2025-0404-U-011
WO-2025-0403-U-012,2025-04-03,weed,circle_weeding,3,115,U3-04,11,8,12.39,5.71,ha,11.0,8.0,partial,07:04,10:23,WO-2025-0404-U-012
WO-2025-0403-U-013,2025-04-03,spray,spraying,3,75,S3-01,12,10,30.11,0.0,ha,12.0,3.0,weathered_off,07:04,09:22,WO-2025-0404-U-013
WO-2025-0403-U-014,2025-04-03,weed,path_upkeep,4,132,U4-01,11,8,13.2,7.98,ha,11.0,8.0,partial,06:51,10:50,WO-2025-0404-U-014
WO-2025-0403-U-015,2025-04-03,weed,circle_weeding,4,140,U4-02,9,8,9.74,5.22,ha,9.0,8.0,partial,06:53,10:55,WO-2025-0404-U-015
WO-2025-0403-U-016,2025-04-03,weed,circle_weeding,4,152,U4-03,11,8,11.81,4.52,ha,11.0,8.0,partial,07:07,09:39,WO-2025-0404-U-016
WO-2025-0403-U-017,2025-04-03,weed,path_upkeep,4,159,U4-04,3,7,4.11,4.11,ha,3.0,7.0,completed,07:14,14:07,
WO-2025-0403-U-018,2025-04-03,spray,spraying,4,145,S4-01,8,10,18.39,0.0,ha,8.0,3.0,weathered_off,06:57,09:15,WO-2025-0404-U-018
WO-2025-0403-U-019,2025-04-03,prune,pruning,5,168,U5-01,12,9,716,413,palms,12.0,9.0,partial,07:01,11:02,WO-2025-0404-U-019
WO-2025-0403-U-020,2025-04-03,weed,path_upkeep,5,187,U5-02,12,9,20.38,5.76,ha,12.0,9.0,partial,07:10,09:09,WO-2025-0404-U-020
WO-2025-0403-U-021,2025-04-03,prune,pruning,5,193,U5-03,12,9,792,173,palms,12.0,9.0,partial,06:54,08:33,WO-2025-0404-U-021
WO-2025-0403-U-022,2025-04-03,spray,spraying,5,180,S5-01,3,8,6.19,0.0,ha,3.0,2.4,weathered_off,07:13,08:16,WO-2025-0404-U-022
WO-2025-0403-U-023,2025-04-03,weed,path_upkeep,6,214,U6-01,11,9,15.41,10.02,ha,11.0,9.0,partial,06:51,11:09,WO-2025-0404-U-023
WO-2025-0403-U-024,2025-04-03,prune,pruning,6,222,U6-02,12,9,694,241,palms,12.0,9.0,partial,06:49,09:36,WO-2025-0404-U-024
WO-2025-0403-U-025,2025-04-03,weed,path_upkeep,6,263,U6-03,12,9,18.97,6.2,ha,12.0,9.0,partial,07:03,09:05,WO-2025-0404-U-025
WO-2025-0403-U-026,2025-04-03,prune,pruning,6,380,U6-04,12,7,701,211,palms,12.0,7.0,partial,07:06,08:56,WO-2025-0404-U-026
WO-2025-0403-U-027,2025-04-03,spray,spraying,6,272,S6-01,1,8,1.7,0.0,ha,1.0,2.4,weathered_off,07:07,09:31,WO-2025-0404-U-027
WO-2025-0403-U-028,2025-04-03,weed,path_upkeep,7,291,U7-01,10,8,13.56,4.86,ha,10.0,8.0,partial,06:58,09:41,WO-2025-0404-U-028
WO-2025-0403-U-029,2025-04-03,prune,pruning,7,299,U7-02,10,5,536,105,palms,10.0,5.0,partial,06:56,08:26,WO-2025-0404-U-029
WO-2025-0403-U-030,2025-04-03,weed,circle_weeding,7,337,U7-03,10,6,10.9,2.56,ha,10.0,6.0,partial,07:03,08:33,WO-2025-0404-U-030
WO-2025-0403-U-031,2025-04-03,weed,path_upkeep,7,346,U7-04,4,8,5.67,5.67,ha,4.0,8.0,completed,07:02,13:54,
WO-2025-0403-U-032,2025-04-03,spray,spraying,7,308,S7-01,7,6,15.91,0.0,ha,7.0,1.8,weathered_off,06:59,08:22,WO-2025-0404-U-032
WO-2025-0404-U-001,2025-04-04,prune,pruning,1,13,U1-01,14,10,828,348,palms,14.0,10.0,partial,06:51,10:00,WO-2025-0405-U-001
WO-2025-0404-U-002,2025-04-04,prune,pruning,1,16,U1-02,14,11,865,508,palms,14.0,11.0,partial,06:46,11:13,WO-2025-0405-U-002
WO-2025-0404-U-003,2025-04-04,weed,path_upkeep,1,36,U1-03,9,10,11.95,9.4,ha,9.0,10.0,partial,07:11,13:07,WO-2025-0405-U-003
WO-2025-0404-U-004,2025-04-04,spray,spraying,1,13,S1-01,11,7,27.48,0.0,ha,11.0,2.1,weathered_off,06:50,08:00,WO-2025-0405-U-004
WO-2025-0404-U-005,2025-04-04,weed,path_upkeep,2,47,U2-01,7,10,10.89,10.89,ha,7.0,10.0,completed,07:09,14:30,
WO-2025-0404-U-006,2025-04-04,weed,circle_weeding,2,53,U2-02,13,8,15.6,8.21,ha,13.0,8.0,partial,06:58,11:03,WO-2025-0405-U-006
WO-2025-0404-U-007,2025-04-04,weed,path_upkeep,2,66,U2-03,6,9,7.97,7.97,ha,6.0,9.0,completed,07:01,13:58,
WO-2025-0404-U-008,2025-04-04,spray,spraying,2,40,S2-01,3,7,7.12,0.0,ha,3.0,2.1,weathered_off,07:06,09:29,WO-2025-0405-U-008
WO-2025-0404-U-009,2025-04-04,weed,circle_weeding,3,84,U3-01,9,8,8.79,5.3,ha,9.0,8.0,partial,06:59,11:20,WO-2025-0405-U-009
WO-2025-0404-U-010,2025-04-04,prune,pruning,3,100,U3-02,8,7,430,304,palms,8.0,7.0,partial,07:06,12:20,WO-2025-0405-U-010
WO-2025-0404-U-011,2025-04-04,weed,path_upkeep,3,108,U3-03,4,8,5.24,5.24,ha,4.0,8.0,completed,06:46,14:04,
WO-2025-0404-U-012,2025-04-04,weed,circle_weeding,3,115,U3-04,10,9,10.78,7.35,ha,10.0,9.0,partial,07:02,11:40,WO-2025-0405-U-012
WO-2025-0404-U-013,2025-04-04,spray,spraying,3,75,S3-01,12,7,30.11,0.0,ha,12.0,2.1,weathered_off,07:04,09:30,WO-2025-0405-U-013
WO-2025-0404-U-014,2025-04-04,weed,path_upkeep,4,132,U4-01,7,7,7.74,3.78,ha,7.0,7.0,partial,06:47,10:41,WO-2025-0405-U-014
WO-2025-0404-U-015,2025-04-04,weed,circle_weeding,4,140,U4-02,4,7,4.52,4.52,ha,4.0,7.0,completed,06:46,14:08,
WO-2025-0404-U-016,2025-04-04,weed,circle_weeding,4,152,U4-03,11,9,11.81,7.42,ha,11.0,9.0,partial,06:57,11:28,WO-2025-0405-U-016
WO-2025-0404-U-017,2025-04-04,weed,circle_weeding,4,156,U4-04,11,7,11.37,3.82,ha,11.0,7.0,partial,06:54,09:22,WO-2025-0405-U-017
WO-2025-0404-U-018,2025-04-04,spray,spraying,4,145,S4-01,8,8,18.39,0.0,ha,8.0,2.4,weathered_off,07:09,08:12,WO-2025-0405-U-018
WO-2025-0404-U-019,2025-04-04,prune,pruning,5,168,U5-01,12,9,716,326,palms,12.0,9.0,partial,07:00,10:03,WO-2025-0405-U-019
WO-2025-0404-U-020,2025-04-04,weed,path_upkeep,5,187,U5-02,10,11,15.66,10.73,ha,10.0,11.0,partial,07:11,12:22,WO-2025-0405-U-020
WO-2025-0404-U-021,2025-04-04,prune,pruning,5,193,U5-03,12,9,792,262,palms,12.0,9.0,partial,06:45,09:05,WO-2025-0405-U-021
WO-2025-0404-U-022,2025-04-04,spray,spraying,5,180,S5-01,3,7,6.19,0.0,ha,3.0,2.1,weathered_off,06:52,08:11,WO-2025-0405-U-022
WO-2025-0404-U-023,2025-04-04,weed,path_upkeep,6,214,U6-01,4,8,5.39,5.39,ha,4.0,8.0,completed,06:56,14:14,
WO-2025-0404-U-024,2025-04-04,prune,pruning,6,222,U6-02,12,10,694,412,palms,12.0,10.0,partial,06:49,10:56,WO-2025-0405-U-024
WO-2025-0404-U-025,2025-04-04,weed,path_upkeep,6,263,U6-03,8,9,12.76,12.76,ha,8.0,9.0,completed,07:04,14:05,
WO-2025-0404-U-026,2025-04-04,prune,pruning,6,380,U6-04,12,10,701,345,palms,12.0,10.0,partial,07:08,10:50,WO-2025-0405-U-026
WO-2025-0404-U-027,2025-04-04,spray,spraying,6,272,S6-01,1,9,1.7,0.0,ha,1.0,2.7,weathered_off,06:47,08:56,WO-2025-0405-U-027
WO-2025-0404-U-028,2025-04-04,weed,path_upkeep,7,291,U7-01,7,8,9.27,5.58,ha,7.0,8.0,partial,06:57,11:36,WO-2025-0405-U-028
WO-2025-0404-U-029,2025-04-04,prune,pruning,7,299,U7-02,10,8,536,242,palms,10.0,8.0,partial,07:06,10:02,WO-2025-0405-U-029
WO-2025-0404-U-030,2025-04-04,weed,circle_weeding,7,337,U7-03,10,5,10.9,3.56,ha,10.0,5.0,partial,07:01,09:16,WO-2025-0405-U-030
WO-2025-0404-U-031,2025-04-04,weed,path_upkeep,7,343,U7-04,10,4,16.89,5.04,ha,10.0,4.0,partial,07:10,09:30,WO-2025-0405-U-031
WO-2025-0404-U-032,2025-04-04,spray,spraying,7,308,S7-01,7,8,15.91,0.0,ha,7.0,2.4,weathered_off,06:53,07:59,WO-2025-0405-U-032
WO-2025-0405-U-001,2025-04-05,prune,pruning,1,13,U1-01,14,10,828,502,palms,14.0,10.0,partial,06:57,11:12,WO-2025-0407-U-001
WO-2025-0405-U-002,2025-04-05,prune,pruning,1,16,U1-02,14,8,865,277,palms,14.0,8.0,partial,06:45,09:25,WO-2025-0407-U-002
WO-2025-0405-U-003,2025-04-05,weed,path_upkeep,1,36,U1-03,2,9,2.55,2.55,ha,2.0,9.0,completed,07:14,14:10,
WO-2025-0405-U-004,2025-04-05,spray,spraying,1,13,S1-01,11,8,27.48,19.88,ha,11.0,8.0,partial,07:12,12:26,WO-2025-0407-U-004
WO-2025-0405-U-005,2025-04-05,weed,circle_weeding,2,51,U2-01,13,9,15.42,7.23,ha,13.0,9.0,partial,06:54,10:29,WO-2025-0407-U-005
WO-2025-0405-U-006,2025-04-05,weed,circle_weeding,2,53,U2-02,12,10,14.02,8.9,ha,12.0,10.0,partial,07:14,11:36,WO-2025-0407-U-006
WO-2025-0405-U-007,2025-04-05,weed,path_upkeep,2,74,U2-03,13,11,19.99,12.58,ha,13.0,11.0,partial,06:51,11:02,WO-2025-0407-U-007
WO-2025-0405-U-008,2025-04-05,spray,spraying,2,40,S2-01,3,6,7.12,7.12,ha,3.0,6.0,completed,07:04,14:15,
WO-2025-0405-U-009,2025-04-05,weed,circle_weeding,3,84,U3-01,4,9,3.49,3.49,ha,4.0,9.0,completed,06:54,13:36,
WO-2025-0405-U-010,2025-04-05,prune,pruning,3,100,U3-02,3,7,126,126,palms,3.0,7.0,completed,07:01,13:46,
WO-2025-0405-U-011,2025-04-05,weed,path_upkeep,3,112,U3-03,11,0,17.49,0.0,ha,11.0,0.0,not_started,06:52,,WO-2025-0407-U-011
WO-2025-0405-U-012,2025-04-05,weed,circle_weeding,3,115,U3-04,4,3,3.43,2.38,ha,4.0,3.0,partial,06:00,11:00,WO-2025-0407-U-012
WO-2025-0405-U-013,2025-04-05,spray,spraying,3,75,S3-01,12,7,30.11,9.12,ha,12.0,7.0,partial,07:12,09:39,WO-2025-0407-U-013
WO-2025-0405-U-014,2025-04-05,weed,path_upkeep,4,132,U4-01,4,9,3.96,3.96,ha,4.0,9.0,completed,06:56,13:59,
WO-2025-0405-U-015,2025-04-05,weed,circle_weeding,4,137,U4-02,11,8,13.26,7.12,ha,11.0,8.0,partial,07:04,10:50,WO-2025-0407-U-015
WO-2025-0405-U-016,2025-04-05,weed,circle_weeding,4,152,U4-03,11,9,11.81,9.95,ha,11.0,9.0,partial,06:54,12:42,WO-2025-0407-U-016
WO-2025-0405-U-017,2025-04-05,weed,circle_weeding,4,156,U4-04,11,8,11.37,6.21,ha,11.0,8.0,partial,06:47,10:59,WO-2025-0407-U-017
WO-2025-0405-U-018,2025-04-05,spray,spraying,4,145,S4-01,8,7,18.39,10.73,ha,8.0,7.0,partial,07:14,11:05,WO-2025-0407-U-018
WO-2025-0405-U-019,2025-04-05,prune,pruning,5,168,U5-01,12,7,716,380,palms,12.0,7.0,partial,06:47,10:43,WO-2025-0407-U-019
WO-2025-0405-U-020,2025-04-05,weed,path_upkeep,5,187,U5-02,3,10,4.92,4.92,ha,3.0,10.0,completed,07:02,14:26,
WO-2025-0405-U-021,2025-04-05,prune,pruning,5,193,U5-03,12,9,792,501,palms,12.0,9.0,partial,06:49,11:06,WO-2025-0407-U-021
WO-2025-0405-U-022,2025-04-05,spray,spraying,5,180,S5-01,3,7,6.19,6.19,ha,3.0,7.0,completed,07:06,13:53,
WO-2025-0405-U-023,2025-04-05,weed,path_upkeep,6,207,U6-01,12,9,18.0,9.39,ha,12.0,9.0,partial,07:10,10:55,WO-2025-0407-U-023
WO-2025-0405-U-024,2025-04-05,prune,pruning,6,222,U6-02,12,10,694,427,palms,12.0,10.0,partial,06:58,11:09,WO-2025-0407-U-024
WO-2025-0405-U-025,2025-04-05,weed,path_upkeep,6,259,U6-03,12,9,19.89,9.31,ha,12.0,9.0,partial,06:49,10:23,WO-2025-0407-U-025
WO-2025-0405-U-026,2025-04-05,prune,pruning,6,380,U6-04,12,10,701,541,palms,12.0,10.0,partial,06:45,11:54,WO-2025-0407-U-026
WO-2025-0405-U-027,2025-04-05,spray,spraying,6,272,S6-01,1,8,1.7,1.7,ha,1.0,8.0,completed,06:00,14:11,
WO-2025-0405-U-028,2025-04-05,weed,path_upkeep,7,291,U7-01,3,9,3.69,3.69,ha,3.0,9.0,completed,06:53,14:08,
WO-2025-0405-U-029,2025-04-05,prune,pruning,7,299,U7-02,10,7,536,273,palms,10.0,7.0,partial,06:47,10:15,WO-2025-0407-U-029
WO-2025-0405-U-030,2025-04-05,weed,circle_weeding,7,337,U7-03,10,6,10.9,3.38,ha,10.0,6.0,partial,07:07,09:33,WO-2025-0407-U-030
WO-2025-0405-U-031,2025-04-05,weed,path_upkeep,7,343,U7-04,10,7,16.89,9.01,ha,10.0,7.0,partial,07:15,11:03,WO-2025-0407-U-031
WO-2025-0405-U-032,2025-04-05,spray,spraying,7,308,S7-01,7,7,15.91,10.21,ha,7.0,7.0,partial,07:00,11:22,WO-2025-0407-U-032
WO-2025-0407-U-001,2025-04-07,prune,pruning,1,13,U1-01,14,11,828,264,palms,14.0,11.0,partial,06:55,08:00,WO-2025-0408-U-001
WO-2025-0407-U-002,2025-04-07,prune,pruning,1,16,U1-02,14,6,865,360,palms,14.0,6.0,partial,06:48,10:03,WO-2025-0408-U-002
WO-2025-0407-U-003,2025-04-07,weed,path_upkeep,1,33,U1-03,14,12,20.01,15.98,ha,14.0,12.0,partial,07:00,12:44,WO-2025-0408-U-003
WO-2025-0407-U-004,2025-04-07,spray,spraying,1,13,S1-01,5,5,12.22,0.0,ha,5.0,1.5,weathered_off,06:54,09:38,WO-2025-0408-U-004
WO-2025-0407-U-005,2025-04-07,weed,circle_weeding,2,51,U2-01,13,10,15.42,8.04,ha,13.0,10.0,partial,07:04,11:02,WO-2025-0408-U-005
WO-2025-0407-U-006,2025-04-07,weed,circle_weeding,2,53,U2-02,5,9,5.12,5.12,ha,5.0,9.0,completed,06:56,13:43,
WO-2025-0407-U-007,2025-04-07,weed,path_upkeep,2,74,U2-03,11,9,15.93,9.31,ha,11.0,9.0,partial,06:52,11:05,WO-2025-0408-U-007
WO-2025-0407-U-008,2025-04-07,spray,spraying,2,42,S2-01,10,8,26.55,0.0,ha,10.0,2.4,weathered_off,07:04,08:33,WO-2025-0408-U-008
WO-2025-0407-U-009,2025-04-07,weed,circle_weeding,3,87,U3-01,11,9,11.86,7.27,ha,11.0,9.0,partial,07:11,11:39,WO-2025-0408-U-009
WO-2025-0407-U-010,2025-04-07,weed,circle_weeding,3,99,U3-02,11,7,11.99,6.12,ha,11.0,7.0,partial,06:54,10:32,WO-2025-0408-U-010
WO-2025-0407-U-011,2025-04-07,weed,path_upkeep,3,112,U3-03,11,6,17.49,9.14,ha,11.0,6.0,partial,07:12,10:47,WO-2025-0408-U-011
WO-2025-0407-U-012,2025-04-07,weed,circle_weeding,3,115,U3-04,1,6,1.05,1.05,ha,1.0,6.0,completed,06:54,13:46,
WO-2025-0407-U-013,2025-04-07,spray,spraying,3,75,S3-01,11,9,26.27,0.0,ha,11.0,2.7,weathered_off,06:59,08:41,WO-2025-0408-U-013
WO-2025-0407-U-014,2025-04-07,weed,circle_weeding,4,128,U4-01,11,9,9.68,4.48,ha,11.0,9.0,partial,07:12,10:37,WO-2025-0408-U-014
WO-2025-0407-U-015,2025-04-07,weed,circle_weeding,4,137,U4-02,11,8,13.26,3.52,ha,11.0,8.0,partial,06:51,09:06,WO-2025-0408-U-015
WO-2025-0407-U-016,2025-04-07,weed,circle_weeding,4,152,U4-03,5,9,4.7,4.7,ha,5.0,9.0,completed,07:03,14:18,
WO-2025-0407-U-017,2025-04-07,weed,circle_weeding,4,156,U4-04,11,8,11.37,7.19,ha,11.0,8.0,partial,07:00,11:49,WO-2025-0408-U-017
WO-2025-0407-U-018,2025-04-07,spray,spraying,4,145,S4-01,3,10,7.66,0.0,ha,3.0,3.0,weathered_off,06:59,08:57,WO-2025-0408-U-018
WO-2025-0407-U-019,2025-04-07,prune,pruning,5,168,U5-01,12,10,716,344,palms,12.0,10.0,partial,06:52,09:00,WO-2025-0408-U-019
WO-2025-0407-U-020,2025-04-07,prune,pruning,5,189,U5-02,12,9,747,288,palms,12.0,9.0,partial,07:03,09:56,WO-2025-0408-U-020
WO-2025-0407-U-021,2025-04-07,prune,pruning,5,193,U5-03,7,7,404,404,palms,7.0,7.0,completed,06:53,14:11,
WO-2025-0407-U-022,2025-04-07,spray,spraying,5,200,S5-01,10,4,21.03,0.0,ha,10.0,1.2,weathered_off,06:53,08:34,WO-2025-0408-U-022
WO-2025-0407-U-023,2025-04-07,weed,path_upkeep,6,207,U6-01,12,11,18.0,9.32,ha,12.0,11.0,partial,07:06,10:51,WO-2025-0408-U-023
WO-2025-0407-U-024,2025-04-07,prune,pruning,6,222,U6-02,12,11,690,297,palms,12.0,11.0,partial,06:51,09:56,WO-2025-0408-U-024
WO-2025-0407-U-025,2025-04-07,weed,path_upkeep,6,259,U6-03,12,10,19.87,8.26,ha,12.0,10.0,partial,06:45,09:55,WO-2025-0408-U-025
WO-2025-0407-U-026,2025-04-07,prune,pruning,6,380,U6-04,12,10,701,444,palms,12.0,10.0,partial,06:56,11:12,WO-2025-0408-U-026
WO-2025-0407-U-027,2025-04-07,spray,spraying,6,215,S6-01,11,10,29.09,0.0,ha,11.0,3.0,weathered_off,07:09,09:34,WO-2025-0408-U-027
WO-2025-0407-U-028,2025-04-07,weed,path_upkeep,7,295,U7-01,10,5,12.58,6.0,ha,10.0,5.0,partial,06:56,10:19,WO-2025-0408-U-028
WO-2025-0407-U-029,2025-04-07,prune,pruning,7,299,U7-02,10,7,536,182,palms,10.0,7.0,partial,06:53,09:28,WO-2025-0408-U-029
WO-2025-0407-U-030,2025-04-07,weed,circle_weeding,7,337,U7-03,8,6,8.72,3.68,ha,8.0,6.0,partial,07:04,10:21,WO-2025-0408-U-030
WO-2025-0407-U-031,2025-04-07,weed,path_upkeep,7,343,U7-04,8,4,13.31,5.2,ha,8.0,4.0,partial,06:54,10:07,WO-2025-0408-U-031
WO-2025-0407-U-032,2025-04-07,spray,spraying,7,308,S7-01,3,7,5.7,0.0,ha,3.0,2.1,weathered_off,07:02,09:57,WO-2025-0408-U-032
WO-2025-0408-U-001,2025-04-08,prune,pruning,1,13,U1-01,14,6,828,177,palms,14.0,6.0,partial,06:54,08:37,WO-2025-0409-U-001
WO-2025-0408-U-002,2025-04-08,prune,pruning,1,16,U1-02,14,10,865,259,palms,14.0,10.0,partial,06:47,09:14,WO-2025-0409-U-002
WO-2025-0408-U-003,2025-04-08,weed,path_upkeep,1,33,U1-03,10,10,13.96,8.59,ha,10.0,10.0,partial,06:50,10:54,WO-2025-0409-U-003
WO-2025-0408-U-004,2025-04-08,spray,spraying,1,13,S1-01,5,9,12.22,0.0,ha,5.0,2.7,weathered_off,07:12,09:49,WO-2025-0409-U-004
WO-2025-0408-U-005,2025-04-08,weed,circle_weeding,2,51,U2-01,12,5,13.63,3.01,ha,12.0,5.0,partial,06:48,08:43,WO-2025-0409-U-005
WO-2025-0408-U-006,2025-04-08,weed,circle_weeding,2,59,U2-02,13,7,15.6,8.67,ha,13.0,7.0,partial,06:46,10:33,WO-2025-0409-U-006
WO-2025-0408-U-007,2025-04-08,weed,path_upkeep,2,74,U2-03,5,9,6.62,6.62,ha,5.0,9.0,completed,06:50,14:12,
WO-2025-0408-U-008,2025-04-08,spray,spraying,2,42,S2-01,10,7,26.55,0.0,ha,10.0,2.1,weathered_off,07:07,09:33,WO-2025-0409-U-008
WO-2025-0408-U-009,2025-04-08,weed,circle_weeding,3,87,U3-01,11,6,11.86,2.98,ha,11.0,6.0,partial,07:01,08:52,WO-2025-0409-U-009
WO-2025-0408-U-010,2025-04-08,weed,circle_weeding,3,99,U3-02,8,7,8.03,4.81,ha,8.0,7.0,partial,07:15,11:40,WO-2025-0409-U-010
WO-2025-0408-U-011,2025-04-08,weed,path_upkeep,3,112,U3-03,9,6,13.02,7.81,ha,9.0,6.0,partial,06:48,11:15,WO-2025-0409-U-011
WO-2025-0408-U-012,2025-04-08,weed,circle_weeding,3,118,U3-04,10,8,11.04,5.17,ha,10.0,8.0,partial,07:00,10:17,WO-2025-0409-U-012
WO-2025-0408-U-013,2025-04-08,spray,spraying,3,75,S3-01,11,7,26.27,0.0,ha,11.0,2.1,weathered_off,06:57,08:02,WO-2025-0409-U-013
WO-2025-0408-U-014,2025-04-08,weed,circle_weeding,4,128,U4-01,11,8,9.68,6.43,ha,11.0,8.0,partial,07:02,11:49,WO-2025-0409-U-014
WO-2025-0408-U-015,2025-04-08,weed,circle_weeding,4,137,U4-02,11,7,13.26,4.89,ha,11.0,7.0,partial,06:45,09:33,WO-2025-0409-U-015
WO-2025-0408-U-016,2025-04-08,prune,pruning,4,145,U4-03,11,7,590,234,palms,11.0,7.0,partial,06:48,09:53,WO-2025-0409-U-016
WO-2025-0408-U-017,2025-04-08,weed,circle_weeding,4,156,U4-04,5,9,4.7,4.7,ha,5.0,9.0,completed,07:03,14:17,
WO-2025-0408-U-018,2025-04-08,spray,spraying,4,145,S4-01,3,8,7.66,0.0,ha,3.0,2.4,weathered_off,07:03,09:24,WO-2025-0409-U-018
WO-2025-0408-U-019,2025-04-08,prune,pruning,5,168,U5-01,12,8,716,207,palms,12.0,8.0,partial,06:45,08:54,WO-2025-0409-U-019
WO-2025-0408-U-020,2025-04-08,prune,pruning,5,189,U5-02,12,10,747,319,palms,12.0,10.0,partial,06:58,09:40,WO-2025-0409-U-020
WO-2025-0408-U-021,2025-04-08,weed,path_upkeep,5,373,U5-03,2,8,3.42,3.42,ha,2.0,8.0,completed,07:04,14:18,
WO-2025-0408-U-022,2025-04-08,spray,spraying,5,200,S5-01,10,8,21.03,0.0,ha,10.0,2.4,weathered_off,06:56,09:44,WO-2025-0409-U-022
WO-2025-0408-U-023,2025-04-08,weed,path_upkeep,6,207,U6-01,7,10,9.11,9.11,ha,7.0,10.0,completed,07:06,14:32,
WO-2025-0408-U-024,2025-04-08,prune,pruning,6,222,U6-02,7,7,393,145,palms,7.0,7.0,partial,06:54,09:19,WO-2025-0409-U-024
WO-2025-0408-U-025,2025-04-08,weed,path_upkeep,6,259,U6-03,8,8,11.61,6.73,ha,8.0,8.0,partial,07:07,10:54,WO-2025-0409-U-025
WO-2025-0408-U-026,2025-04-08,prune,pruning,6,380,U6-04,11,8,627,350,palms,11.0,8.0,partial,07:08,10:47,WO-2025-0409-U-026
WO-2025-0408-U-027,2025-04-08,spray,spraying,6,215,S6-01,11,8,29.09,0.0,ha,11.0,2.4,weathered_off,06:53,08:06,WO-2025-0409-U-027
WO-2025-0408-U-028,2025-04-08,weed,path_upkeep,7,295,U7-01,5,6,6.58,4.97,ha,5.0,6.0,partial,06:52,12:22,WO-2025-0409-U-028
WO-2025-0408-U-029,2025-04-08,prune,pruning,7,299,U7-02,8,7,375,120,palms,8.0,7.0,partial,06:57,08:59,WO-2025-0409-U-029
WO-2025-0408-U-030,2025-04-08,weed,circle_weeding,7,337,U7-03,5,5,5.04,2.94,ha,5.0,5.0,partial,07:11,11:33,WO-2025-0409-U-030
WO-2025-0408-U-031,2025-04-08,weed,path_upkeep,7,343,U7-04,5,6,8.11,8.11,ha,5.0,6.0,completed,07:14,14:41,
WO-2025-0408-U-032,2025-04-08,spray,spraying,7,308,S7-01,3,8,5.7,0.0,ha,3.0,2.4,weathered_off,07:07,09:38,WO-2025-0409-U-032
WO-2025-0409-U-001,2025-04-09,prune,pruning,1,13,U1-01,14,10,828,352,palms,14.0,10.0,partial,06:47,10:02,WO-2025-0410-U-001
WO-2025-0409-U-002,2025-04-09,prune,pruning,1,16,U1-02,14,6,865,173,palms,14.0,6.0,partial,06:59,08:29,WO-2025-0410-U-002
WO-2025-0409-U-003,2025-04-09,weed,path_upkeep,1,33,U1-03,4,9,5.37,5.37,ha,4.0,9.0,completed,07:04,14:27,
WO-2025-0409-U-004,2025-04-09,spray,spraying,1,13,S1-01,5,7,12.22,0.0,ha,5.0,2.1,weathered_off,06:59,08:40,WO-2025-0410-U-004
WO-2025-0409-U-005,2025-04-09,weed,circle_weeding,2,51,U2-01,9,9,10.63,6.2,ha,9.0,9.0,partial,07:04,11:00,WO-2025-0410-U-005
WO-2025-0409-U-006,2025-04-09,weed,circle_weeding,2,59,U2-02,13,8,15.6,7.97,ha,13.0,8.0,partial,06:50,10:15,WO-2025-0410-U-006
WO-2025-0409-U-007,2025-04-09,weed,circle_weeding,2,68,U2-03,13,0,14.66,0.0,ha,13.0,0.0,not_started,07:09,,WO-2025-0410-U-007
WO-2025-0409-U-008,2025-04-09,spray,spraying,2,42,S2-01,10,5,26.55,0.0,ha,10.0,1.5,weathered_off,06:52,09:34,WO-2025-0410-U-008
WO-2025-0409-U-009,2025-04-09,weed,circle_weeding,3,87,U3-01,11,0,11.86,0.0,ha,11.0,0.0,not_started,06:58,,WO-2025-0410-U-009
WO-2025-0409-U-010,2025-04-09,weed,circle_weeding,3,99,U3-02,3,0,3.22,0.0,ha,3.0,0.0,not_started,07:00,,WO-2025-0410-U-010
WO-2025-0409-U-011,2025-04-09,weed,path_upkeep,3,112,U3-03,4,7,5.21,5.21,ha,4.0,7.0,completed,07:01,14:22,
WO-2025-0409-U-012,2025-04-09,weed,circle_weeding,3,118,U3-04,6,0,5.87,0.0,ha,6.0,0.0,not_started,07:04,,WO-2025-0410-U-012
WO-2025-0409-U-013,2025-04-09,spray,spraying,3,75,S3-01,11,5,26.27,0.0,ha,11.0,1.5,weathered_off,07:04,09:29,WO-2025-0410-U-013
WO-2025-0409-U-014,2025-04-09,weed,circle_weeding,4,128,U4-01,11,6,9.68,4.4,ha,11.0,6.0,partial,06:54,10:25,WO-2025-0410-U-014
WO-2025-0409-U-015,2025-04-09,weed,circle_weeding,4,137,U4-02,11,0,13.26,0.0,ha,11.0,0.0,not_started,07:08,,WO-2025-0410-U-015
WO-2025-0409-U-016,2025-04-09,prune,pruning,4,145,U4-03,11,7,590,286,palms,11.0,7.0,partial,06:45,10:29,WO-2025-0410-U-016
WO-2025-0409-U-017,2025-04-09,prune,pruning,4,155,U4-04,11,7,569,197,palms,11.0,7.0,partial,07:02,09:10,WO-2025-0410-U-017
WO-2025-0409-U-018,2025-04-09,spray,spraying,4,145,S4-01,3,9,7.66,0.0,ha,3.0,2.7,weathered_off,07:12,09:18,WO-2025-0410-U-018
WO-2025-0409-U-019,2025-04-09,prune,pruning,5,168,U5-01,12,9,657,235,palms,12.0,9.0,partial,06:54,09:12,WO-2025-0410-U-019
WO-2025-0409-U-020,2025-04-09,prune,pruning,5,189,U5-02,12,9,747,438,palms,12.0,9.0,partial,07:05,11:17,WO-2025-0410-U-020
WO-2025-0409-U-021,2025-04-09,weed,path_upkeep,5,197,U5-03,12,7,21.6,10.31,ha,12.0,7.0,partial,06:48,10:28,WO-2025-0410-U-021
WO-2025-0409-U-022,2025-04-09,spray,spraying,5,200,S5-01,10,5,21.03,0.0,ha,10.0,1.5,weathered_off,07:04,09:09,WO-2025-0410-U-022
WO-2025-0409-U-023,2025-04-09,weed,path_upkeep,6,210,U6-01,12,8,18.0,7.22,ha,12.0,8.0,partial,07:13,10:13,WO-2025-0410-U-023
WO-2025-0409-U-024,2025-04-09,prune,pruning,6,222,U6-02,5,9,248,248,palms,5.0,9.0,completed,06:56,14:04,
WO-2025-0409-U-025,2025-04-09,weed,path_upkeep,6,259,U6-03,3,7,4.87,4.87,ha,3.0,7.0,completed,06:56,14:08,
WO-2025-0409-U-026,2025-04-09,prune,pruning,6,380,U6-04,5,9,277,277,palms,5.0,9.0,completed,06:54,14:14,
WO-2025-0409-U-027,2025-04-09,spray,spraying,6,215,S6-01,11,8,29.09,0.0,ha,11.0,2.4,weathered_off,06:57,09:34,WO-2025-0410-U-027
WO-2025-0409-U-028,2025-04-09,weed,path_upkeep,7,295,U7-01,2,8,1.62,1.62,ha,2.0,8.0,completed,07:02,13:52,
WO-2025-0409-U-029,2025-04-09,prune,pruning,7,299,U7-02,5,6,256,114,palms,5.0,6.0,partial,06:51,10:02,WO-2025-0410-U-029
WO-2025-0409-U-030,2025-04-09,weed,circle_weeding,7,337,U7-03,2,7,2.09,2.09,ha,2.0,7.0,completed,06:46,13:48,
WO-2025-0409-U-031,2025-04-09,weed,circle_weeding,7,345,U7-04,10,7,12.39,7.76,ha,10.0,7.0,partial,06:57,11:46,WO-2025-0410-U-031
WO-2025-0409-U-032,2025-04-09,spray,spraying,7,308,S7-01,3,8,5.7,0.0,ha,3.0,2.4,weathered_off,06:46,09:24,WO-2025-0410-U-032
WO-2025-0410-U-001,2025-04-10,prune,pruning,1,13,U1-01,14,16,788,788,palms,14.0,16.0,completed,07:09,14:06,
WO-2025-0410-U-002,2025-04-10,prune,pruning,1,16,U1-02,14,14,865,632,palms,14.0,14.0,partial,06:59,12:17,WO-2025-0411-U-002
WO-2025-0410-U-003,2025-04-10,prune,pruning,1,33,U1-03,14,14,734,493,palms,14.0,14.0,partial,06:55,11:43,WO-2025-0411-U-003
WO-2025-0410-U-004,2025-04-10,spray,spraying,1,13,S1-01,5,13,12.22,12.22,ha,5.0,13.0,completed,07:02,14:09,
WO-2025-0410-U-005,2025-04-10,weed,circle_weeding,2,51,U2-01,4,12,4.42,4.42,ha,4.0,12.0,completed,07:08,14:09,
WO-2025-0410-U-006,2025-04-10,weed,circle_weeding,2,59,U2-02,13,12,15.13,10.04,ha,13.0,12.0,partial,07:04,11:46,WO-2025-0411-U-006
WO-2025-0410-U-007,2025-04-10,weed,circle_weeding,2,68,U2-03,13,14,14.66,15.09,ha,13.0,14.0,partial,07:14,14:04,WO-2025-0411-U-007
WO-2025-0410-U-008,2025-04-10,spray,spraying,2,42,S2-01,10,9,26.55,17.53,ha,10.0,9.0,partial,07:05,11:00,WO-2025-0411-U-008
WO-2025-0410-U-009,2025-04-10,weed,circle_weeding,3,87,U3-01,11,11,11.86,6.1,ha,11.0,11.0,partial,06:54,10:44,WO-2025-0411-U-009
WO-2025-0410-U-010,2025-04-10,weed,circle_weeding,3,99,U3-02,3,10,3.22,3.22,ha,3.0,10.0,completed,06:54,14:03,
WO-2025-0410-U-011,2025-04-10,weed,path_upkeep,3,105,U3-03,11,11,17.49,11.51,ha,11.0,11.0,partial,07:07,11:36,WO-2025-0411-U-011
WO-2025-0410-U-012,2025-04-10,weed,circle_weeding,3,118,U3-04,6,11,5.87,5.87,ha,6.0,11.0,completed,06:58,13:53,
WO-2025-0410-U-013,2025-04-10,spray,spraying,3,75,S3-01,11,11,26.27,19.91,ha,11.0,11.0,partial,07:13,12:40,WO-2025-0411-U-013
WO-2025-0410-U-014,2025-04-10,weed,circle_weeding,4,128,U4-01,11,10,9.68,8.67,ha,11.0,10.0,partial,06:54,13:03,WO-2025-0411-U-014
WO-2025-0410-U-015,2025-04-10,weed,circle_weeding,4,137,U4-02,11,11,13.26,9.61,ha,11.0,11.0,partial,07:13,12:28,WO-2025-0411-U-015
WO-2025-0410-U-016,2025-04-10,prune,pruning,4,145,U4-03,11,12,590,505,palms,11.0,12.0,partial,07:03,13:06,WO-2025-0411-U-016
WO-2025-0410-U-017,2025-04-10,prune,pruning,4,155,U4-04,11,11,569,318,palms,11.0,11.0,partial,07:07,10:48,WO-2025-0411-U-017
WO-2025-0410-U-018,2025-04-10,spray,spraying,4,145,S4-01,3,12,7.66,7.66,ha,3.0,12.0,completed,06:48,14:14,
WO-2025-0410-U-019,2025-04-10,prune,pruning,5,168,U5-01,8,11,422,422,palms,8.0,11.0,completed,07:02,13:52,
WO-2025-0410-U-020,2025-04-10,prune,pruning,5,189,U5-02,12,13,747,565,palms,12.0,13.0,partial,07:07,12:21,WO-2025-0411-U-020
WO-2025-0410-U-021,2025-04-10,weed,path_upkeep,5,197,U5-03,12,15,20.27,20.27,ha,12.0,15.0,completed,06:55,13:38,
WO-2025-0410-U-022,2025-04-10,spray,spraying,5,200,S5-01,10,12,21.03,16.66,ha,10.0,12.0,partial,07:09,13:02,WO-2025-0411-U-022
WO-2025-0410-U-023,2025-04-10,weed,path_upkeep,6,210,U6-01,12,12,18.0,14.98,ha,12.0,12.0,partial,07:12,13:17,WO-2025-0411-U-023
WO-2025-0410-U-024,2025-04-10,weed,circle_weeding,6,230,U6-02,12,14,13.87,10.27,ha,12.0,14.0,partial,07:12,12:46,WO-2025-0411-U-024
WO-2025-0410-U-025,2025-04-10,weed,path_upkeep,6,255,U6-03,12,14,19.89,26.69,ha,12.0,14.0,partial,07:08,13:58,WO-2025-0411-U-025
WO-2025-0410-U-026,2025-04-10,weed,path_upkeep,6,271,U6-04,12,15,19.12,20.33,ha,12.0,15.0,partial,07:06,14:01,WO-2025-0411-U-026
WO-2025-0410-U-027,2025-04-10,spray,spraying,6,215,S6-01,11,15,29.09,29.09,ha,11.0,15.0,completed,06:51,13:59,
WO-2025-0410-U-028,2025-04-10,weed,circle_weeding,7,297,U7-01,10,12,9.94,6.08,ha,10.0,12.0,partial,07:13,11:14,WO-2025-0411-U-028
WO-2025-0410-U-029,2025-04-10,prune,pruning,7,299,U7-02,3,8,141,141,palms,3.0,8.0,completed,06:49,14:11,
WO-2025-0410-U-030,2025-04-10,weed,path_upkeep,7,334,U7-03,10,11,14.86,18.8,ha,10.0,11.0,partial,06:53,14:13,WO-2025-0411-U-030
WO-2025-0410-U-031,2025-04-10,weed,circle_weeding,7,345,U7-04,10,8,12.39,7.76,ha,10.0,8.0,partial,06:48,11:39,WO-2025-0411-U-031
WO-2025-0410-U-032,2025-04-10,spray,spraying,7,308,S7-01,3,11,5.7,5.7,ha,3.0,11.0,completed,07:01,13:59,
WO-2025-0411-U-001,2025-04-11,weed,path_upkeep,1,12,U1-01,14,15,22.57,13.46,ha,14.0,15.0,partial,07:13,11:32,WO-2025-0412-U-001
WO-2025-0411-U-002,2025-04-11,prune,pruning,1,16,U1-02,14,15,865,325,palms,14.0,15.0,partial,06:48,09:17,WO-2025-0412-U-002
WO-2025-0411-U-003,2025-04-11,prune,pruning,1,33,U1-03,14,12,734,424,palms,14.0,12.0,partial,07:04,11:03,WO-2025-0412-U-003
WO-2025-0411-U-004,2025-04-11,spray,spraying,1,6,S1-01,3,11,7.03,0.0,ha,3.0,3.3,weathered_off,07:05,09:19,WO-2025-0412-U-004
WO-2025-0411-U-005,2025-04-11,weed,path_upkeep,2,46,U2-01,13,13,21.02,17.49,ha,13.0,13.0,partial,06:55,13:13,WO-2025-0412-U-005
WO-2025-0411-U-006,2025-04-11,weed,circle_weeding,2,59,U2-02,5,13,5.09,5.09,ha,5.0,13.0,completed,07:04,13:52,
WO-2025-0411-U-007,2025-04-11,weed,circle_weeding,2,68,U2-03,4,10,4.16,4.16,ha,4.0,10.0,completed,06:48,13:47,
WO-2025-0411-U-008,2025-04-11,spray,spraying,2,42,S2-01,5,8,11.49,0.0,ha,5.0,2.4,weathered_off,06:54,08:52,WO-2025-0412-U-008
WO-2025-0411-U-009,2025-04-11,weed,circle_weeding,3,87,U3-01,11,11,11.86,6.73,ha,11.0,11.0,partial,07:14,11:32,WO-2025-0412-U-009
WO-2025-0411-U-010,2025-04-11,weed,path_upkeep,3,91,U3-02,11,10,16.35,10.09,ha,11.0,10.0,partial,06:49,11:15,WO-2025-0412-U-010
WO-2025-0411-U-011,2025-04-11,weed,path_upkeep,3,105,U3-03,5,10,7.16,7.16,ha,5.0,10.0,completed,07:04,14:03,
WO-2025-0411-U-012,2025-04-11,weed,circle_weeding,3,120,U3-04,11,11,12.39,5.21,ha,11.0,11.0,partial,07:12,10:28,WO-2025-0412-U-012
WO-2025-0411-U-013,2025-04-11,spray,spraying,3,75,S3-01,3,13,6.36,0.0,ha,3.0,3.9,weathered_off,07:12,08:26,WO-2025-0412-U-013
WO-2025-0411-U-014,2025-04-11,weed,circle_weeding,4,128,U4-01,8,12,6.25,6.25,ha,8.0,12.0,completed,06:52,13:35,
WO-2025-0411-U-015,2025-04-11,weed,circle_weeding,4,137,U4-02,4,11,4.54,4.54,ha,4.0,11.0,completed,06:55,14:11,
WO-2025-0411-U-016,2025-04-11,prune,pruning,4,145,U4-03,11,11,590,307,palms,11.0,11.0,partial,07:06,10:31,WO-2025-0412-U-016
WO-2025-0411-U-017,2025-04-11,prune,pruning,4,155,U4-04,11,9,569,246,palms,11.0,9.0,partial,07:10,10:07,WO-2025-0412-U-017
WO-2025-0411-U-018,2025-04-11,spray,spraying,4,147,S4-01,11,9,26.49,0.0,ha,11.0,2.7,weathered_off,06:51,08:51,WO-2025-0412-U-018
WO-2025-0411-U-019,2025-04-11,weed,circle_weeding,5,178,U5-01,12,13,14.32,9.35,ha,12.0,13.0,partial,07:03,12:07,WO-2025-0412-U-019
WO-2025-0411-U-020,2025-04-11,prune,pruning,5,189,U5-02,12,10,747,493,palms,12.0,10.0,partial,06:55,11:19,WO-2025-0412-U-020
WO-2025-0411-U-021,2025-04-11,weed,path_upkeep,5,193,U5-03,12,13,21.6,10.3,ha,12.0,13.0,partial,06:59,10:22,WO-2025-0412-U-021
WO-2025-0411-U-022,2025-04-11,spray,spraying,5,200,S5-01,2,10,4.37,0.0,ha,2.0,3.0,weathered_off,06:56,08:22,WO-2025-0412-U-022
WO-2025-0411-U-023,2025-04-11,weed,path_upkeep,6,210,U6-01,7,11,9.59,6.57,ha,7.0,11.0,partial,07:01,11:49,WO-2025-0412-U-023
WO-2025-0411-U-024,2025-04-11,weed,circle_weeding,6,230,U6-02,12,12,13.87,7.25,ha,12.0,12.0,partial,06:54,10:26,WO-2025-0412-U-024
WO-2025-0411-U-025,2025-04-11,weed,path_upkeep,6,255,U6-03,2,14,1.76,1.76,ha,2.0,14.0,completed,06:50,14:09,
WO-2025-0411-U-026,2025-04-11,weed,path_upkeep,6,271,U6-04,1,12,0.96,0.96,ha,1.0,12.0,completed,06:49,13:54,
WO-2025-0411-U-027,2025-04-11,spray,spraying,6,380,S6-01,11,14,29.84,0.0,ha,11.0,4.2,weathered_off,07:03,09:16,WO-2025-0412-U-027
WO-2025-0411-U-028,2025-04-11,weed,circle_weeding,7,297,U7-01,10,11,9.94,5.0,ha,10.0,11.0,partial,06:57,10:49,WO-2025-0412-U-028
WO-2025-0411-U-029,2025-04-11,weed,circle_weeding,7,310,U7-02,10,9,10.72,3.59,ha,10.0,9.0,partial,07:08,09:44,WO-2025-0412-U-029
WO-2025-0411-U-030,2025-04-11,weed,path_upkeep,7,334,U7-03,5,9,7.31,7.31,ha,5.0,9.0,completed,06:48,13:32,
WO-2025-0411-U-031,2025-04-11,weed,circle_weeding,7,345,U7-04,10,10,11.57,6.5,ha,10.0,10.0,partial,07:15,11:36,WO-2025-0412-U-031
WO-2025-0411-U-032,2025-04-11,spray,spraying,7,341,S7-01,11,10,27.28,0.0,ha,11.0,3.0,weathered_off,06:00,08:26,WO-2025-0412-U-032
WO-2025-0412-U-001,2025-04-12,weed,path_upkeep,1,12,U1-01,8,14,12.74,12.74,ha,8.0,14.0,completed,07:07,14:17,
WO-2025-0412-U-002,2025-04-12,prune,pruning,1,16,U1-02,14,17,865,597,palms,14.0,17.0,partial,06:48,12:04,WO-2025-0414-U-002
WO-2025-0412-U-003,2025-04-12,prune,pruning,1,33,U1-03,14,14,734,448,palms,14.0,14.0,partial,07:11,11:38,WO-2025-0414-U-003
WO-2025-0412-U-004,2025-04-12,spray,spraying,1,6,S1-01,3,12,7.03,0.0,ha,3.0,3.6,weathered_off,07:04,08:40,WO-2025-0414-U-004
WO-2025-0412-U-005,2025-04-12,weed,path_upkeep,2,46,U2-01,8,13,11.74,11.74,ha,8.0,13.0,completed,06:53,13:56,
WO-2025-0412-U-006,2025-04-12,weed,path_upkeep,2,58,U2-02,13,11,21.27,9.65,ha,13.0,11.0,partial,06:58,10:34,WO-2025-0414-U-006
WO-2025-0412-U-007,2025-04-12,weed,path_upkeep,2,69,U2-03,13,12,19.99,11.3,ha,13.0,12.0,partial,07:02,10:57,WO-2025-0414-U-007
WO-2025-0412-U-008,2025-04-12,spray,spraying,2,42,S2-01,5,10,11.49,0.0,ha,5.0,3.0,weathered_off,07:12,08:46,WO-2025-0414-U-008
WO-2025-0412-U-009,2025-04-12,weed,circle_weeding,3,87,U3-01,7,13,7.1,7.1,ha,7.0,13.0,completed,06:48,14:15,
WO-2025-0412-U-010,2025-04-12,weed,path_upkeep,3,91,U3-02,5,14,6.94,6.94,ha,5.0,14.0,completed,07:00,14:21,
WO-2025-0412-U-011,2025-04-12,weed,circle_weeding,3,110,U3-03,11,9,12.83,4.48,ha,11.0,9.0,partial,07:04,09:15,WO-2025-0414-U-011
WO-2025-0412-U-012,2025-04-12,weed,circle_weeding,3,120,U3-04,7,12,7.34,7.34,ha,7.0,12.0,completed,07:14,14:20,
WO-2025-0412-U-013,2025-04-12,spray,spraying,3,75,S3-01,3,9,6.36,0.0,ha,3.0,2.7,weathered_off,07:02,08:45,WO-2025-0414-U-013
WO-2025-0412-U-014,2025-04-12,weed,path_upkeep,4,126,U4-01,6,13,6.22,6.22,ha,6.0,13.0,completed,06:56,13:49,
WO-2025-0412-U-015,2025-04-12,weed,circle_weeding,4,142,U4-02,11,13,13.26,11.91,ha,11.0,13.0,partial,07:02,13:34,WO-2025-0414-U-015
WO-2025-0412-U-016,2025-04-12,prune,pruning,4,145,U4-03,11,13,590,328,palms,11.0,13.0,partial,07:03,10:50,WO-2025-0414-U-016
WO-2025-0412-U-017,2025-04-12,prune,pruning,4,155,U4-04,11,11,569,411,palms,11.0,11.0,partial,07:02,12:01,WO-2025-0414-U-017
WO-2025-0412-U-018,2025-04-12,spray,spraying,4,147,S4-01,11,14,26.49,0.0,ha,11.0,4.2,weathered_off,07:13,09:00,WO-2025-0414-U-018
WO-2025-0412-U-019,2025-04-12,weed,circle_weeding,5,178,U5-01,12,11,14.32,8.79,ha,12.0,11.0,partial,07:05,11:39,WO-2025-0414-U-019
WO-2025-0412-U-020,2025-04-12,prune,pruning,5,189,U5-02,12,13,747,838,palms,12.0,13.0,partial,06:50,13:57,WO-2025-0414-U-020
WO-2025-0412-U-021,2025-04-12,weed,path_upkeep,5,193,U5-03,11,14,18.88,16.96,ha,11.0,14.0,partial,06:52,12:58,WO-2025-0414-U-021
WO-2025-0412-U-022,2025-04-12,spray,spraying,5,200,S5-01,2,11,4.37,0.0,ha,2.0,3.3,weathered_off,06:51,08:04,WO-2025-0414-U-022
WO-2025-0412-U-023,2025-04-12,weed,path_upkeep,6,210,U6-01,3,13,3.03,3.03,ha,3.0,13.0,completed,07:10,14:31,
WO-2025-0412-U-024,2025-04-12,weed,circle_weeding,6,230,U6-02,9,12,9.83,5.86,ha,9.0,12.0,partial,06:49,11:28,WO-2025-0414-U-024
WO-2025-0412-U-025,2025-04-12,weed,circle_weeding,6,255,U6-03,12,12,14.59,11.06,ha,12.0,12.0,partial,07:00,12:45,WO-2025-0414-U-025
WO-2025-0412-U-026,2025-04-12,weed,path_upkeep,6,272,U6-04,12,14,19.12,13.58,ha,12.0,14.0,partial,06:54,11:38,WO-2025-0414-U-026
WO-2025-0412-U-027,2025-04-12,spray,spraying,6,380,S6-01,11,13,29.84,0.0,ha,11.0,3.9,weathered_off,06:58,09:39,WO-2025-0414-U-027
WO-2025-0412-U-028,2025-04-12,weed,circle_weeding,7,297,U7-01,10,7,9.94,4.27,ha,10.0,7.0,partial,06:50,10:15,WO-2025-0414-U-028
WO-2025-0412-U-029,2025-04-12,weed,circle_weeding,7,310,U7-02,10,11,10.72,8.39,ha,10.0,11.0,partial,06:46,12:17,WO-2025-0414-U-029
WO-2025-0412-U-030,2025-04-12,weed,path_upkeep,7,335,U7-03,10,10,14.86,8.84,ha,10.0,10.0,partial,06:59,11:16,WO-2025-0414-U-030
WO-2025-0412-U-031,2025-04-12,weed,circle_weeding,7,345,U7-04,5,9,5.07,5.07,ha,5.0,9.0,completed,07:05,14:32,
WO-2025-0412-U-032,2025-04-12,spray,spraying,7,341,S7-01,11,14,27.28,0.0,ha,11.0,4.2,weathered_off,06:51,08:26,WO-2025-0414-U-032
WO-2025-0414-U-001,2025-04-14,weed,path_upkeep,1,8,U1-01,14,14,22.57,10.82,ha,14.0,14.0,partial,06:46,10:00,WO-2025-0415-U-001
WO-2025-0414-U-002,2025-04-14,prune,pruning,1,16,U1-02,10,14,581,581,palms,10.0,14.0,completed,07:14,14:29,
WO-2025-0414-U-003,2025-04-14,prune,pruning,1,33,U1-03,14,14,734,340,palms,14.0,14.0,partial,07:11,10:53,WO-2025-0415-U-003
WO-2025-0414-U-004,2025-04-14,spray,spraying,1,6,S1-01,3,11,7.03,0.0,ha,3.0,3.3,weathered_off,07:03,08:31,WO-2025-0415-U-004
WO-2025-0414-U-005,2025-04-14,weed,circle_weeding,2,40,U2-01,13,14,15.42,7.81,ha,13.0,14.0,partial,07:05,10:35,WO-2025-0415-U-005
WO-2025-0414-U-006,2025-04-14,weed,path_upkeep,2,58,U2-02,12,11,19.05,7.19,ha,12.0,11.0,partial,06:51,09:57,WO-2025-0415-U-006
WO-2025-0414-U-007,2025-04-14,weed,path_upkeep,2,69,U2-03,12,12,17.11,10.44,ha,12.0,12.0,partial,07:12,11:32,WO-2025-0415-U-007
WO-2025-0414-U-008,2025-04-14,spray,spraying,2,42,S2-01,5,10,11.49,0.0,ha,5.0,3.0,weathered_off,07:11,08:19,WO-2025-0415-U-008
WO-2025-0414-U-009,2025-04-14,prune,pruning,3,84,U3-01,11,7,593,193,palms,11.0,7.0,partial,07:02,09:37,WO-2025-0415-U-009
WO-2025-0414-U-010,2025-04-14,prune,pruning,3,90,U3-02,11,10,600,381,palms,11.0,10.0,partial,07:08,11:27,WO-2025-0415-U-010
WO-2025-0414-U-011,2025-04-14,weed,circle_weeding,3,110,U3-03,11,11,12.83,5.68,ha,11.0,11.0,partial,07:10,10:27,WO-2025-0415-U-011
WO-2025-0414-U-012,2025-04-14,weed,circle_weeding,3,370,U3-04,2,11,2.09,2.09,ha,2.0,11.0,completed,06:50,13:44,
WO-2025-0414-U-013,2025-04-14,spray,spraying,3,75,S3-01,3,10,6.36,0.0,ha,3.0,3.0,weathered_off,06:58,09:08,WO-2025-0415-U-013
WO-2025-0414-U-014,2025-04-14,weed,circle_weeding,4,132,U4-01,11,11,9.68,4.79,ha,11.0,11.0,partial,06:57,10:43,WO-2025-0415-U-014
WO-2025-0414-U-015,2025-04-14,weed,circle_weeding,4,142,U4-02,11,10,13.26,6.32,ha,11.0,10.0,partial,07:03,10:24,WO-2025-0415-U-015
WO-2025-0414-U-016,2025-04-14,prune,pruning,4,145,U4-03,11,9,590,218,palms,11.0,9.0,partial,07:05,09:43,WO-2025-0415-U-016
WO-2025-0414-U-017,2025-04-14,prune,pruning,4,155,U4-04,9,12,436,245,palms,9.0,12.0,partial,06:59,10:46,WO-2025-0415-U-017
WO-2025-0414-U-018,2025-04-14,spray,spraying,4,147,S4-01,11,14,26.49,0.0,ha,11.0,4.2,weathered_off,07:08,08:44,WO-2025-0415-U-018
WO-2025-0414-U-019,2025-04-14,weed,circle_weeding,5,178,U5-01,9,11,10.24,6.75,ha,9.0,11.0,partial,07:12,11:49,WO-2025-0415-U-019
WO-2025-0414-U-020,2025-04-14,prune,pruning,5,189,U5-02,12,13,747,526,palms,12.0,13.0,partial,06:48,12:01,WO-2025-0415-U-020
WO-2025-0414-U-021,2025-04-14,weed,path_upkeep,5,193,U5-03,2,12,1.92,1.92,ha,2.0,12.0,completed,06:54,14:10,
WO-2025-0414-U-022,2025-04-14,spray,spraying,5,200,S5-01,2,8,4.37,0.0,ha,2.0,2.4,weathered_off,07:03,09:36,WO-2025-0415-U-022
WO-2025-0414-U-023,2025-04-14,weed,path_upkeep,6,211,U6-01,12,13,18.0,10.82,ha,12.0,13.0,partial,06:52,11:01,WO-2025-0415-U-023
WO-2025-0414-U-024,2025-04-14,weed,circle_weeding,6,230,U6-02,4,12,3.97,3.97,ha,4.0,12.0,completed,06:58,14:22,
WO-2025-0414-U-025,2025-04-14,weed,circle_weeding,6,255,U6-03,12,12,14.59,4.99,ha,12.0,12.0,partial,07:02,09:36,WO-2025-0415-U-025
WO-2025-0414-U-026,2025-04-14,weed,path_upkeep,6,272,U6-04,7,12,10.77,8.04,ha,7.0,12.0,partial,06:54,11:58,WO-2025-0415-U-026
WO-2025-0414-U-027,2025-04-14,spray,spraying,6,380,S6-01,11,13,29.84,0.0,ha,11.0,3.9,weathered_off,07:15,09:40,WO-2025-0415-U-027
WO-2025-0414-U-028,2025-04-14,weed,circle_weeding,7,297,U7-01,10,8,9.94,3.09,ha,10.0,8.0,partial,07:02,09:13,WO-2025-0415-U-028
WO-2025-0414-U-029,2025-04-14,weed,circle_weeding,7,310,U7-02,10,9,10.72,4.89,ha,10.0,9.0,partial,07:01,10:36,WO-2025-0415-U-029
WO-2025-0414-U-030,2025-04-14,weed,path_upkeep,7,335,U7-03,10,10,14.86,5.77,ha,10.0,10.0,partial,06:56,09:38,WO-2025-0415-U-030
WO-2025-0414-U-031,2025-04-14,weed,path_upkeep,7,339,U7-04,10,10,16.89,8.08,ha,10.0,10.0,partial,07:11,10:47,WO-2025-0415-U-031
WO-2025-0414-U-032,2025-04-14,spray,spraying,7,341,S7-01,11,12,27.28,0.0,ha,11.0,3.6,weathered_off,06:51,09:42,WO-2025-0415-U-032
WO-2025-0415-U-001,2025-04-15,weed,path_upkeep,1,8,U1-01,13,13,20.8,16.1,ha,13.0,13.0,partial,06:59,12:43,WO-2025-0416-U-001
WO-2025-0415-U-002,2025-04-15,weed,path_upkeep,1,25,U1-02,14,15,23.58,15.39,ha,14.0,15.0,partial,06:59,11:23,WO-2025-0416-U-002
WO-2025-0415-U-003,2025-04-15,prune,pruning,1,33,U1-03,14,15,734,648,palms,14.0,15.0,partial,06:48,13:19,WO-2025-0416-U-003
WO-2025-0415-U-004,2025-04-15,spray,spraying,1,6,S1-01,3,8,7.03,7.03,ha,3.0,8.0,completed,06:55,14:15,
WO-2025-0415-U-005,2025-04-15,weed,circle_weeding,2,40,U2-01,9,16,10.26,10.26,ha,9.0,16.0,completed,07:03,14:09,
WO-2025-0415-U-006,2025-04-15,weed,path_upkeep,2,58,U2-02,8,12,11.86,11.86,ha,8.0,12.0,completed,06:45,13:00,
WO-2025-0415-U-007,2025-04-15,weed,path_upkeep,2,69,U2-03,5,14,6.67,6.67,ha,5.0,14.0,completed,06:48,14:03,
WO-2025-0415-U-008,2025-04-15,spray,spraying,2,42,S2-01,5,10,11.49,11.49,ha,5.0,10.0,completed,07:06,13:52,
WO-2025-0415-U-009,2025-04-15,prune,pruning,3,84,U3-01,11,8,593,291,palms,11.0,8.0,partial,07:02,10:56,WO-2025-0416-U-009
WO-2025-0415-U-010,2025-04-15,prune,pruning,3,90,U3-02,11,13,600,412,palms,11.0,13.0,partial,06:49,11:42,WO-2025-0416-U-010
WO-2025-0415-U-011,2025-04-15,weed,circle_weeding,3,110,U3-03,11,10,12.83,7.07,ha,11.0,10.0,partial,06:53,10:52,WO-2025-0416-U-011
WO-2025-0415-U-012,2025-04-15,weed,path_upkeep,3,369,U3-04,2,10,2.98,2.98,ha,2.0,10.0,completed,07:07,14:30,
WO-2025-0415-U-013,2025-04-15,spray,spraying,3,75,S3-01,3,12,6.36,6.36,ha,3.0,12.0,completed,07:11,13:53,
WO-2025-0415-U-014,2025-04-15,weed,circle_weeding,4,132,U4-01,11,9,9.68,5.4,ha,11.0,9.0,partial,07:14,11:25,WO-2025-0416-U-014
WO-2025-0415-U-015,2025-04-15,weed,circle_weeding,4,142,U4-02,7,9,7.87,5.31,ha,7.0,9.0,partial,06:48,11:37,WO-2025-0416-U-015
WO-2025-0415-U-016,2025-04-15,prune,pruning,4,145,U4-03,11,13,590,564,palms,11.0,13.0,partial,06:57,14:07,WO-2025-0416-U-016
WO-2025-0415-U-017,2025-04-15,prune,pruning,4,155,U4-04,4,12,191,191,palms,4.0,12.0,completed,07:02,14:22,
WO-2025-0415-U-018,2025-04-15,spray,spraying,4,147,S4-01,11,13,26.49,26.49,ha,11.0,13.0,completed,07:00,14:19,
WO-2025-0415-U-019,2025-04-15,weed,circle_weeding,5,178,U5-01,3,14,3.49,3.49,ha,3.0,14.0,completed,07:10,14:02,
WO-2025-0415-U-020,2025-04-15,prune,pruning,5,189,U5-02,12,11,747,483,palms,12.0,11.0,partial,06:00,11:22,WO-2025-0416-U-020
WO-2025-0415-U-021,2025-04-15,weed,path_upkeep,5,201,U5-03,12,13,21.6,12.71,ha,12.0,13.0,partial,06:47,10:44,WO-2025-0416-U-021
WO-2025-0415-U-022,2025-04-15,spray,spraying,5,200,S5-01,2,9,4.37,4.37,ha,2.0,9.0,completed,06:56,14:10,
WO-2025-0415-U-023,2025-04-15,weed,path_upkeep,6,211,U6-01,12,14,16.87,14.99,ha,12.0,14.0,partial,07:01,13:26,WO-2025-0416-U-023
WO-2025-0415-U-024,2025-04-15,weed,circle_weeding,6,251,U6-02,12,13,13.87,12.35,ha,12.0,13.0,partial,06:57,12:56,WO-2025-0416-U-024
WO-2025-0415-U-025,2025-04-15,weed,circle_weeding,6,255,U6-03,11,11,12.4,8.09,ha,11.0,11.0,partial,06:49,11:44,WO-2025-0416-U-025
WO-2025-0415-U-026,2025-04-15,weed,path_upkeep,6,272,U6-04,2,13,2.73,2.73,ha,2.0,13.0,completed,07:01,14:16,
WO-2025-0415-U-027,2025-04-15,spray,spraying,6,380,S6-01,11,15,29.84,19.59,ha,11.0,15.0,partial,06:48,11:28,WO-2025-0416-U-027
WO-2025-0415-U-028,2025-04-15,weed,circle_weeding,7,297,U7-01,10,12,9.81,7.61,ha,10.0,12.0,partial,06:46,12:18,WO-2025-0416-U-028
WO-2025-0415-U-029,2025-04-15,weed,circle_weeding,7,310,U7-02,10,8,10.72,7.12,ha,10.0,8.0,partial,07:15,11:58,WO-2025-0416-U-029
WO-2025-0415-U-030,2025-04-15,weed,path_upkeep,7,335,U7-03,8,11,11.36,9.65,ha,8.0,11.0,partial,07:06,12:53,WO-2025-0416-U-030
WO-2025-0415-U-031,2025-04-15,weed,path_upkeep,7,339,U7-04,10,12,16.89,12.72,ha,10.0,12.0,partial,06:55,12:19,WO-2025-0416-U-031
WO-2025-0415-U-032,2025-04-15,spray,spraying,7,341,S7-01,11,11,27.28,17.75,ha,11.0,11.0,partial,07:01,11:47,WO-2025-0416-U-032
WO-2025-0416-U-001,2025-04-16,weed,path_upkeep,1,8,U1-01,3,15,4.7,4.7,ha,3.0,15.0,completed,07:11,14:03,
WO-2025-0416-U-002,2025-04-16,weed,path_upkeep,1,25,U1-02,9,13,14.0,12.97,ha,9.0,13.0,partial,07:08,14:03,WO-2025-0417-U-002
WO-2025-0416-U-003,2025-04-16,prune,pruning,1,33,U1-03,14,16,734,480,palms,14.0,16.0,partial,07:00,11:41,WO-2025-0417-U-003
WO-2025-0416-U-004,2025-04-16,spray,spraying,1,2,S1-01,7,11,17.49,13.15,ha,7.0,11.0,partial,07:04,12:11,WO-2025-0417-U-004
WO-2025-0416-U-005,2025-04-16,weed,circle_weeding,2,41,U2-01,13,13,15.42,9.7,ha,13.0,13.0,partial,07:09,11:16,WO-2025-0417-U-005
WO-2025-0416-U-006,2025-04-16,weed,circle_weeding,2,60,U2-02,13,11,15.6,9.78,ha,13.0,11.0,partial,06:49,11:26,WO-2025-0417-U-006
WO-2025-0416-U-007,2025-04-16,weed,path_upkeep,2,67,U2-03,13,14,19.99,14.32,ha,13.0,14.0,partial,07:09,11:53,WO-2025-0417-U-007
WO-2025-0416-U-008,2025-04-16,spray,spraying,2,52,S2-01,10,8,25.64,14.79,ha,10.0,8.0,partial,06:52,10:56,WO-2025-0417-U-008
WO-2025-0416-U-009,2025-04-16,prune,pruning,3,84,U3-01,11,12,593,454,palms,11.0,12.0,partial,07:11,12:44,WO-2025-0417-U-009
WO-2025-0416-U-010,2025-04-16,prune,pruning,3,90,U3-02,11,10,600,413,palms,11.0,10.0,partial,07:02,12:16,WO-2025-0417-U-010
WO-2025-0416-U-011,2025-04-16,weed,circle_weeding,3,110,U3-03,7,13,8.09,8.09,ha,7.0,13.0,completed,07:10,14:34,
WO-2025-0416-U-012,2025-04-16,weed,path_upkeep,3,116,U3-04,9,12,12.54,9.65,ha,9.0,12.0,partial,06:55,12:36,WO-2025-0417-U-012
WO-2025-0416-U-013,2025-04-16,spray,spraying,3,93,S3-01,12,14,30.11,31.4,ha,12.0,14.0,partial,07:05,14:09,WO-2025-0417-U-013
WO-2025-0416-U-014,2025-04-16,weed,circle_weeding,4,132,U4-01,11,12,9.68,10.74,ha,11.0,12.0,partial,06:00,14:05,WO-2025-0417-U-014
WO-2025-0416-U-015,2025-04-16,weed,circle_weeding,4,142,U4-02,3,8,2.56,2.56,ha,3.0,8.0,completed,07:11,14:40,
WO-2025-0416-U-016,2025-04-16,prune,pruning,4,145,U4-03,11,13,590,507,palms,11.0,13.0,partial,06:50,13:02,WO-2025-0417-U-016
WO-2025-0416-U-017,2025-04-16,weed,path_upkeep,4,163,U4-04,10,13,12.99,10.2,ha,10.0,13.0,partial,07:02,12:48,WO-2025-0417-U-017
WO-2025-0416-U-018,2025-04-16,spray,spraying,4,151,S4-01,11,13,28.26,23.43,ha,11.0,13.0,partial,06:55,13:03,WO-2025-0417-U-018
WO-2025-0416-U-019,2025-04-16,weed,circle_weeding,5,171,U5-01,12,13,14.32,15.51,ha,12.0,13.0,partial,07:04,13:56,WO-2025-0417-U-019
WO-2025-0416-U-020,2025-04-16,prune,pruning,5,189,U5-02,12,12,747,639,palms,12.0,12.0,partial,07:10,13:15,WO-2025-0417-U-020
WO-2025-0416-U-021,2025-04-16,weed,path_upkeep,5,201,U5-03,12,10,21.6,12.65,ha,12.0,10.0,partial,07:03,11:32,WO-2025-0417-U-021
WO-2025-0416-U-022,2025-04-16,spray,spraying,5,186,S5-01,10,11,23.11,22.41,ha,10.0,11.0,partial,06:00,13:45,WO-2025-0417-U-022
WO-2025-0416-U-023,2025-04-16,weed,path_upkeep,6,211,U6-01,2,14,1.88,1.88,ha,2.0,14.0,completed,07:12,14:10,
WO-2025-0416-U-024,2025-04-16,weed,circle_weeding,6,251,U6-02,11,14,12.45,12.45,ha,11.0,14.0,completed,07:14,14:22,
WO-2025-0416-U-025,2025-04-16,weed,circle_weeding,6,255,U6-03,4,14,4.31,4.31,ha,4.0,14.0,completed,07:05,13:53,
WO-2025-0416-U-026,2025-04-16,weed,circle_weeding,6,272,U6-04,12,11,14.02,7.39,ha,12.0,11.0,partial,06:53,10:48,WO-2025-0417-U-026
WO-2025-0416-U-027,2025-04-16,spray,spraying,6,380,S6-01,4,12,10.25,10.25,ha,4.0,12.0,completed,07:13,14:17,
WO-2025-0416-U-028,2025-04-16,weed,circle_weeding,7,297,U7-01,3,10,2.2,2.2,ha,3.0,10.0,completed,07:02,14:25,
WO-2025-0416-U-029,2025-04-16,weed,circle_weeding,7,310,U7-02,6,10,5.87,5.87,ha,6.0,10.0,completed,07:10,14:09,
WO-2025-0416-U-030,2025-04-16,weed,path_upkeep,7,335,U7-03,2,11,1.71,1.71,ha,2.0,11.0,completed,07:12,14:27,
WO-2025-0416-U-031,2025-04-16,weed,path_upkeep,7,339,U7-04,6,11,8.77,8.77,ha,6.0,11.0,completed,07:07,14:07,
WO-2025-0416-U-032,2025-04-16,spray,spraying,7,341,S7-01,6,13,13.19,13.19,ha,6.0,13.0,completed,07:12,14:36,
WO-2025-0417-U-001,2025-04-17,weed,circle_weeding,1,7,U1-01,14,14,16.14,9.37,ha,14.0,14.0,partial,06:57,11:14,WO-2025-0418-U-001
WO-2025-0417-U-002,2025-04-17,weed,path_upkeep,1,25,U1-02,1,15,1.03,1.03,ha,1.0,15.0,completed,06:56,14:11,
WO-2025-0417-U-003,2025-04-17,prune,pruning,1,33,U1-03,14,16,734,519,palms,14.0,16.0,partial,07:02,11:56,WO-2025-0418-U-003
WO-2025-0417-U-004,2025-04-17,spray,spraying,1,2,S1-01,2,12,4.34,0.0,ha,2.0,3.6,weathered_off,06:57,09:23,WO-2025-0418-U-004
WO-2025-0417-U-005,2025-04-17,weed,circle_weeding,2,41,U2-01,13,14,15.42,15.82,ha,13.0,14.0,completed,06:53,13:49,
WO-2025-0417-U-006,2025-04-17,weed,circle_weeding,2,60,U2-02,13,16,15.6,11.68,ha,13.0,16.0,partial,06:45,12:15,WO-2025-0418-U-006
WO-2025-0417-U-007,2025-04-17,weed,path_upkeep,2,67,U2-03,8,13,12.27,12.27,ha,8.0,13.0,completed,07:11,14:34,
WO-2025-0417-U-008,2025-04-17,spray,spraying,2,52,S2-01,5,10,10.85,0.0,ha,5.0,3.0,weathered_off,07:08,08:13,WO-2025-0418-U-008
WO-2025-0417-U-009,2025-04-17,prune,pruning,3,84,U3-01,11,13,593,366,palms,11.0,13.0,partial,07:07,11:47,WO-2025-0418-U-009
WO-2025-0417-U-010,2025-04-17,prune,pruning,3,90,U3-02,11,8,600,380,palms,11.0,8.0,partial,06:48,11:00,WO-2025-0418-U-010
WO-2025-0417-U-011,2025-04-17,weed,path_upkeep,3,106,U3-03,7,11,9.84,9.84,ha,7.0,11.0,completed,06:59,13:55,
WO-2025-0417-U-012,2025-04-17,weed,path_upkeep,3,116,U3-04,2,11,2.89,2.89,ha,2.0,11.0,completed,07:01,14:04,
WO-2025-0417-U-013,2025-04-17,spray,spraying,3,93,S3-01,3,12,5.8,0.0,ha,3.0,3.6,weathered_off,07:02,08:45,WO-2025-0418-U-012
WO-2025-0417-U-014,2025-04-17,weed,circle_weeding,4,132,U4-01,11,12,9.68,7.4,ha,11.0,12.0,partial,06:59,12:43,WO-2025-0418-U-013
WO-2025-0417-U-015,2025-04-17,weed,circle_weeding,4,141,U4-02,11,13,13.26,11.21,ha,11.0,13.0,partial,06:56,13:14,WO-2025-0418-U-014
WO-2025-0417-U-016,2025-04-17,prune,pruning,4,145,U4-03,11,11,590,365,palms,11.0,11.0,partial,06:46,11:05,WO-2025-0418-U-015
WO-2025-0417-U-017,2025-04-17,weed,path_upkeep,4,163,U4-04,2,9,2.79,2.79,ha,2.0,9.0,completed,06:55,14:20,
WO-2025-0417-U-018,2025-04-17,spray,spraying,4,151,S4-01,3,11,6.76,0.0,ha,3.0,3.3,weathered_off,06:55,09:15,WO-2025-0418-U-017
WO-2025-0417-U-019,2025-04-17,weed,circle_weeding,5,171,U5-01,6,15,6.75,6.75,ha,6.0,15.0,completed,06:58,13:48,
WO-2025-0417-U-020,2025-04-17,prune,pruning,5,189,U5-02,8,14,493,493,palms,8.0,14.0,completed,06:55,13:39,
WO-2025-0417-U-021,2025-04-17,weed,path_upkeep,5,201,U5-03,7,11,12.34,10.51,ha,7.0,11.0,partial,07:09,13:31,WO-2025-0418-U-020
WO-2025-0417-U-022,2025-04-17,spray,spraying,5,186,S5-01,3,11,5.11,0.0,ha,3.0,3.3,weathered_off,07:07,08:56,WO-2025-0418-U-021
WO-2025-0417-U-023,2025-04-17,weed,path_upkeep,6,213,U6-01,12,13,18.0,16.57,ha,12.0,13.0,partial,07:04,13:27,WO-2025-0418-U-022
WO-2025-0417-U-024,2025-04-17,weed,path_upkeep,6,251,U6-02,12,13,18.92,15.36,ha,12.0,13.0,partial,06:58,12:51,WO-2025-0418-U-023
WO-2025-0417-U-025,2025-04-17,weed,circle_weeding,6,256,U6-03,12,13,14.59,13.26,ha,12.0,13.0,partial,07:08,13:13,WO-2025-0418-U-024
WO-2025-0417-U-026,2025-04-17,weed,circle_weeding,6,272,U6-04,12,16,14.02,9.65,ha,12.0,16.0,partial,07:06,11:55,WO-2025-0418-U-025
WO-2025-0417-U-027,2025-04-17,spray,spraying,6,248,S6-01,12,14,30.72,0.0,ha,12.0,4.2,weathered_off,06:58,09:20,WO-2025-0418-U-026
WO-2025-0417-U-028,2025-04-17,weed,path_upkeep,7,289,U7-01,10,11,13.56,10.7,ha,10.0,11.0,partial,07:07,12:46,WO-2025-0418-U-027
WO-2025-0417-U-029,2025-04-17,weed,circle_weeding,7,299,U7-02,10,10,10.72,6.99,ha,10.0,10.0,partial,07:13,11:34,WO-2025-0418-U-028
WO-2025-0417-U-030,2025-04-17,weed,path_upkeep,7,337,U7-03,10,10,14.86,13.31,ha,10.0,10.0,partial,07:10,13:26,WO-2025-0418-U-029
WO-2025-0417-U-031,2025-04-17,prune,pruning,7,342,U7-04,10,12,619,453,palms,10.0,12.0,partial,06:56,12:17,WO-2025-0418-U-030
WO-2025-0417-U-032,2025-04-17,spray,spraying,7,332,S7-01,9,12,22.12,0.0,ha,9.0,3.6,weathered_off,07:13,08:33,WO-2025-0418-U-031
WO-2025-0418-U-001,2025-04-18,weed,circle_weeding,1,7,U1-01,6,15,6.77,6.77,ha,6.0,15.0,completed,06:49,14:04,
WO-2025-0418-U-002,2025-04-18,weed,path_upkeep,1,19,U1-02,13,15,20.22,17.32,ha,13.0,15.0,partial,06:51,13:02,WO-2025-0419-U-002
WO-2025-0418-U-003,2025-04-18,prune,pruning,1,33,U1-03,14,16,734,556,palms,14.0,16.0,partial,07:11,12:49,WO-2025-0419-U-003
WO-2025-0418-U-004,2025-04-18,spray,spraying,1,2,S1-01,2,11,4.34,4.34,ha,2.0,11.0,completed,06:56,14:17,
WO-2025-0418-U-005,2025-04-18,weed,circle_weeding,2,47,U2-01,13,13,15.42,12.72,ha,13.0,13.0,partial,06:52,12:23,WO-2025-0419-U-005
WO-2025-0418-U-006,2025-04-18,weed,circle_weeding,2,60,U2-02,8,10,9.13,9.13,ha,8.0,10.0,completed,06:51,13:43,
WO-2025-0418-U-007,2025-04-18,weed,circle_weeding,2,71,U2-03,13,14,14.66,10.04,ha,13.0,14.0,partial,07:06,12:21,WO-2025-0419-U-007
WO-2025-0418-U-008,2025-04-18,spray,spraying,2,52,S2-01,5,10,10.85,10.85,ha,5.0,10.0,completed,06:52,14:15,
WO-2025-0418-U-009,2025-04-18,prune,pruning,3,84,U3-01,11,9,593,291,palms,11.0,9.0,partial,06:53,10:23,WO-2025-0419-U-009
WO-2025-0418-U-010,2025-04-18,prune,pruning,3,90,U3-02,11,12,600,735,palms,11.0,12.0,partial,07:10,14:37,WO-2025-0419-U-010
WO-2025-0418-U-011,2025-04-18,weed,path_upkeep,3,109,U3-03,11,11,17.49,8.92,ha,11.0,11.0,partial,07:05,10:35,WO-2025-0419-U-011
WO-2025-0418-U-012,2025-04-18,spray,spraying,3,93,S3-01,3,14,5.8,5.8,ha,3.0,14.0,completed,06:46,13:40,
WO-2025-0418-U-013,2025-04-18,weed,circle_weeding,4,132,U4-01,7,14,5.72,5.72,ha,7.0,14.0,completed,07:13,14:38,
WO-2025-0418-U-014,2025-04-18,weed,circle_weeding,4,141,U4-02,11,13,13.26,13.64,ha,11.0,13.0,partial,06:48,13:54,WO-2025-0419-U-014
WO-2025-0418-U-015,2025-04-18,prune,pruning,4,145,U4-03,11,12,590,492,palms,11.0,12.0,partial,06:50,12:30,WO-2025-0419-U-015
WO-2025-0418-U-016,2025-04-18,weed,path_upkeep,4,158,U4-04,11,12,15.51,10.33,ha,11.0,12.0,partial,06:47,11:46,WO-2025-0419-U-016
WO-2025-0418-U-017,2025-04-18,spray,spraying,4,151,S4-01,3,13,6.76,6.76,ha,3.0,13.0,completed,06:53,13:55,
WO-2025-0418-U-018,2025-04-18,prune,pruning,5,179,U5-01,12,14,716,772,palms,12.0,14.0,partial,06:52,13:47,WO-2025-0419-U-018
WO-2025-0418-U-019,2025-04-18,weed,path_upkeep,5,181,U5-02,12,14,20.38,23.85,ha,12.0,14.0,partial,07:12,14:18,WO-2025-0419-U-019
WO-2025-0418-U-020,2025-04-18,weed,path_upkeep,5,201,U5-03,2,14,1.84,1.84,ha,2.0,14.0,completed,07:05,14:06,
WO-2025-0418-U-021,2025-04-18,spray,spraying,5,186,S5-01,3,11,5.11,5.11,ha,3.0,11.0,completed,07:12,14:16,
WO-2025-0418-U-022,2025-04-18,weed,path_upkeep,6,213,U6-01,9,12,12.18,12.18,ha,9.0,12.0,completed,06:58,14:22,
WO-2025-0418-U-023,2025-04-18,weed,path_upkeep,6,251,U6-02,6,12,9.44,9.44,ha,6.0,12.0,completed,07:03,14:08,
WO-2025-0418-U-024,2025-04-18,weed,circle_weeding,6,256,U6-03,12,13,14.59,12.91,ha,12.0,13.0,partial,06:55,13:08,WO-2025-0419-U-024
WO-2025-0418-U-025,2025-04-18,weed,circle_weeding,6,272,U6-04,7,13,7.31,7.31,ha,7.0,13.0,completed,07:02,14:08,
WO-2025-0418-U-026,2025-04-18,spray,spraying,6,248,S6-01,12,13,30.72,30.72,ha,12.0,13.0,completed,07:07,14:26,
WO-2025-0418-U-027,2025-04-18,weed,path_upkeep,7,289,U7-01,6,10,6.99,6.99,ha,6.0,10.0,completed,06:48,14:03,
WO-2025-0418-U-028,2025-04-18,weed,circle_weeding,7,299,U7-02,10,8,10.72,5.66,ha,10.0,8.0,partial,06:47,10:40,WO-2025-0419-U-028
WO-2025-0418-U-029,2025-04-18,weed,path_upkeep,7,337,U7-03,10,10,14.04,11.24,ha,10.0,10.0,partial,06:50,12:12,WO-2025-0419-U-029
WO-2025-0418-U-030,2025-04-18,prune,pruning,7,342,U7-04,10,9,619,354,palms,10.0,9.0,partial,07:08,10:52,WO-2025-0419-U-030
WO-2025-0418-U-031,2025-04-18,spray,spraying,7,332,S7-01,9,13,22.12,20.7,ha,9.0,13.0,partial,07:14,13:48,WO-2025-0419-U-031
WO-2025-0419-U-001,2025-04-19,weed,circle_weeding,1,1,U1-01,6,13,6.4,6.4,ha,6.0,13.0,completed,06:48,13:53,
WO-2025-0419-U-002,2025-04-19,weed,path_upkeep,1,19,U1-02,2,11,2.9,2.9,ha,2.0,11.0,completed,06:57,13:41,
WO-2025-0419-U-003,2025-04-19,prune,pruning,1,33,U1-03,6,15,294,294,palms,6.0,15.0,completed,06:53,13:41,
WO-2025-0419-U-004,2025-04-19,spray,spraying,1,11,S1-01,11,9,27.48,17.91,ha,11.0,9.0,partial,06:00,11:41,WO-2025-0421-U-004
WO-2025-0419-U-005,2025-04-19,weed,circle_weeding,2,47,U2-01,13,12,15.42,9.9,ha,13.0,12.0,partial,07:05,11:18,WO-2025-0421-U-005
WO-2025-0419-U-006,2025-04-19,prune,pruning,2,57,U2-02,13,15,780,785,palms,13.0,15.0,partial,07:08,13:54,WO-2025-0421-U-006
WO-2025-0419-U-007,2025-04-19,weed,circle_weeding,2,71,U2-03,13,15,14.66,14.58,ha,13.0,15.0,partial,06:48,14:12,WO-2025-0421-U-007
WO-2025-0419-U-008,2025-04-19,spray,spraying,2,62,S2-01,9,9,22.61,13.41,ha,9.0,9.0,partial,06:52,11:21,WO-2025-0421-U-008
WO-2025-0419-U-009,2025-04-19,prune,pruning,3,84,U3-01,11,9,593,266,palms,11.0,9.0,partial,06:45,10:13,WO-2025-0421-U-009
WO-2025-0419-U-010,2025-04-19,prune,pruning,3,90,U3-02,11,8,600,460,palms,11.0,8.0,partial,06:00,12:10,WO-2025-0421-U-010
WO-2025-0419-U-011,2025-04-19,weed,path_upkeep,3,109,U3-03,11,11,16.33,9.28,ha,11.0,11.0,partial,07:14,11:42,WO-2025-0421-U-011
WO-2025-0419-U-012,2025-04-19,spray,spraying,3,370,S3-01,1,12,2.09,2.09,ha,1.0,12.0,completed,06:51,13:56,
WO-2025-0419-U-013,2025-04-19,weed,path_upkeep,4,131,U4-01,11,10,13.2,13.8,ha,11.0,10.0,partial,07:04,14:25,WO-2025-0421-U-013
WO-2025-0419-U-014,2025-04-19,weed,circle_weeding,4,141,U4-02,4,12,4.81,4.81,ha,4.0,12.0,completed,06:47,13:55,
WO-2025-0419-U-015,2025-04-19,prune,pruning,4,145,U4-03,11,10,590,400,palms,11.0,10.0,partial,06:51,11:58,WO-2025-0421-U-015
WO-2025-0419-U-016,2025-04-19,weed,path_upkeep,4,158,U4-04,11,10,15.51,9.06,ha,11.0,10.0,partial,07:03,11:25,WO-2025-0421-U-016
WO-2025-0419-U-017,2025-04-19,spray,spraying,4,166,S4-01,6,12,15.22,15.22,ha,6.0,12.0,completed,07:09,13:54,
WO-2025-0419-U-018,2025-04-19,prune,pruning,5,179,U5-01,12,14,716,569,palms,12.0,14.0,partial,07:08,12:32,WO-2025-0421-U-018
WO-2025-0419-U-019,2025-04-19,weed,path_upkeep,5,181,U5-02,4,14,5.91,5.91,ha,4.0,14.0,completed,07:04,14:11,
WO-2025-0419-U-020,2025-04-19,weed,circle_weeding,5,195,U5-03,12,13,15.84,17.62,ha,12.0,13.0,partial,06:49,14:08,WO-2025-0421-U-020
WO-2025-0419-U-021,2025-04-19,spray,spraying,5,195,S5-01,10,11,23.11,25.64,ha,10.0,11.0,partial,07:11,14:10,WO-2025-0421-U-021
WO-2025-0419-U-022,2025-04-19,weed,path_upkeep,6,205,U6-01,12,13,18.0,12.95,ha,12.0,13.0,partial,06:57,11:53,WO-2025-0421-U-022
WO-2025-0419-U-023,2025-04-19,weed,path_upkeep,6,245,U6-02,12,14,18.92,13.91,ha,12.0,14.0,partial,06:53,11:58,WO-2025-0421-U-023
WO-2025-0419-U-024,2025-04-19,weed,circle_weeding,6,256,U6-03,3,16,3.28,3.28,ha,3.0,16.0,completed,07:07,14:16,
WO-2025-0419-U-025,2025-04-19,weed,path_upkeep,6,270,U6-04,9,12,14.17,14.17,ha,9.0,12.0,completed,06:52,13:35,
WO-2025-0419-U-026,2025-04-19,spray,spraying,6,251,S6-01,10,15,24.8,24.8,ha,10.0,15.0,completed,07:15,14:13,
WO-2025-0419-U-027,2025-04-19,weed,circle_weeding,7,287,U7-01,10,9,9.94,5.83,ha,10.0,9.0,partial,06:50,10:59,WO-2025-0421-U-027
WO-2025-0419-U-028,2025-04-19,weed,circle_weeding,7,299,U7-02,10,11,10.72,6.33,ha,10.0,11.0,partial,07:03,11:29,WO-2025-0421-U-028
WO-2025-0419-U-029,2025-04-19,weed,path_upkeep,7,337,U7-03,2,9,2.8,2.8,ha,2.0,9.0,completed,07:12,14:16,
WO-2025-0419-U-030,2025-04-19,prune,pruning,7,342,U7-04,10,8,619,474,palms,10.0,8.0,partial,06:52,12:20,WO-2025-0421-U-030
WO-2025-0419-U-031,2025-04-19,spray,spraying,7,332,S7-01,1,10,1.42,1.42,ha,1.0,10.0,completed,07:06,14:19,
WO-2025-0421-U-001,2025-04-21,weed,path_upkeep,1,2,U1-01,11,16,17.49,17.49,ha,11.0,16.0,completed,06:52,13:52,
WO-2025-0421-U-002,2025-04-21,weed,circle_weeding,1,16,U1-02,14,12,17.29,10.88,ha,14.0,12.0,partial,06:55,11:38,WO-2025-0422-U-002
WO-2025-0421-U-003,2025-04-21,weed,path_upkeep,1,29,U1-03,14,15,20.01,16.26,ha,14.0,15.0,partial,07:04,12:57,WO-2025-0422-U-003
WO-2025-0421-U-004,2025-04-21,spray,spraying,1,11,S1-01,7,11,15.23,0.0,ha,7.0,3.3,weathered_off,06:55,09:39,WO-2025-0422-U-004
WO-2025-0421-U-005,2025-04-21,weed,circle_weeding,2,47,U2-01,6,15,7.05,7.05,ha,6.0,15.0,completed,07:13,14:05,
WO-2025-0421-U-006,2025-04-21,prune,pruning,2,57,U2-02,13,15,780,806,palms,13.0,15.0,partial,07:06,14:04,WO-2025-0422-U-006
WO-2025-0421-U-007,2025-04-21,weed,circle_weeding,2,71,U2-03,3,12,2.97,2.97,ha,3.0,12.0,completed,07:10,14:08,
WO-2025-0421-U-008,2025-04-21,spray,spraying,2,62,S2-01,4,11,9.2,0.0,ha,4.0,3.3,weathered_off,06:51,08:24,WO-2025-0422-U-008
WO-2025-0421-U-009,2025-04-21,prune,pruning,3,84,U3-01,11,13,593,533,palms,11.0,13.0,partial,07:09,13:13,WO-2025-0422-U-009
WO-2025-0421-U-010,2025-04-21,prune,pruning,3,90,U3-02,11,12,600,521,palms,11.0,12.0,partial,06:58,13:04,WO-2025-0422-U-010
WO-2025-0421-U-011,2025-04-21,weed,path_upkeep,3,109,U3-03,5,12,7.05,7.05,ha,5.0,12.0,completed,07:05,14:27,
WO-2025-0421-U-012,2025-04-21,spray,spraying,3,94,S3-01,8,10,19.68,0.0,ha,8.0,3.0,weathered_off,06:58,09:00,WO-2025-0422-U-012
WO-2025-0421-U-013,2025-04-21,weed,path_upkeep,4,131,U4-01,11,11,13.2,9.08,ha,11.0,11.0,partial,06:45,11:30,WO-2025-0422-U-013
WO-2025-0421-U-014,2025-04-21,prune,pruning,4,135,U4-02,11,11,663,366,palms,11.0,11.0,partial,07:14,11:15,WO-2025-0422-U-014
WO-2025-0421-U-015,2025-04-21,prune,pruning,4,145,U4-03,11,12,590,292,palms,11.0,12.0,partial,06:57,10:43,WO-2025-0422-U-015
WO-2025-0421-U-016,2025-04-21,weed,path_upkeep,4,158,U4-04,10,13,13.06,13.06,ha,10.0,13.0,completed,06:53,14:06,
WO-2025-0421-U-017,2025-04-21,spray,spraying,4,136,S4-01,11,13,28.26,0.0,ha,11.0,3.9,weathered_off,06:54,08:44,WO-2025-0422-U-017
WO-2025-0421-U-018,2025-04-21,prune,pruning,5,179,U5-01,12,14,716,524,palms,12.0,14.0,partial,06:55,11:57,WO-2025-0422-U-018
WO-2025-0421-U-019,2025-04-21,weed,path_upkeep,5,189,U5-02,12,13,20.38,14.27,ha,12.0,13.0,partial,07:11,12:05,WO-2025-0422-U-019
WO-2025-0421-U-020,2025-04-21,weed,circle_weeding,5,195,U5-03,9,12,10.69,10.69,ha,9.0,12.0,completed,06:48,14:09,
WO-2025-0421-U-021,2025-04-21,spray,spraying,5,195,S5-01,2,12,2.67,0.0,ha,2.0,3.6,weathered_off,07:05,08:51,WO-2025-0422-U-021
WO-2025-0421-U-022,2025-04-21,weed,path_upkeep,6,205,U6-01,9,13,12.26,12.26,ha,9.0,13.0,completed,07:14,14:41,
WO-2025-0421-U-023,2025-04-21,weed,path_upkeep,6,245,U6-02,9,11,13.85,11.4,ha,9.0,11.0,partial,07:13,13:07,WO-2025-0422-U-023
WO-2025-0421-U-024,2025-04-21,weed,circle_weeding,6,260,U6-03,12,14,14.59,12.86,ha,12.0,14.0,partial,07:14,13:07,WO-2025-0422-U-024
WO-2025-0421-U-025,2025-04-21,weed,path_upkeep,6,267,U6-04,12,13,17.77,17.77,ha,12.0,13.0,completed,06:56,14:22,
WO-2025-0421-U-026,2025-04-21,spray,spraying,6,216,S6-01,12,14,30.07,0.0,ha,12.0,4.2,weathered_off,07:01,08:20,WO-2025-0422-U-026
WO-2025-0421-U-027,2025-04-21,weed,circle_weeding,7,287,U7-01,8,10,7.87,6.22,ha,8.0,10.0,partial,06:48,12:04,WO-2025-0422-U-027
WO-2025-0421-U-028,2025-04-21,weed,circle_weeding,7,299,U7-02,6,10,6.32,6.32,ha,6.0,10.0,completed,06:53,13:54,
WO-2025-0421-U-029,2025-04-21,weed,path_upkeep,7,333,U7-03,10,11,14.86,11.52,ha,10.0,11.0,partial,06:51,12:03,WO-2025-0422-U-029
WO-2025-0421-U-030,2025-04-21,prune,pruning,7,342,U7-04,10,9,619,362,palms,10.0,9.0,partial,06:47,10:59,WO-2025-0422-U-030
WO-2025-0421-U-031,2025-04-21,spray,spraying,7,334,S7-01,11,12,26.11,0.0,ha,11.0,3.6,weathered_off,07:05,08:47,WO-2025-0422-U-031
WO-2025-0422-U-001,2025-04-22,weed,circle_weeding,1,10,U1-01,14,15,16.55,7.01,ha,14.0,15.0,partial,06:52,09:55,WO-2025-0423-U-001
WO-2025-0422-U-002,2025-04-22,weed,circle_weeding,1,16,U1-02,14,12,17.29,8.33,ha,14.0,12.0,partial,06:48,10:33,WO-2025-0423-U-002
WO-2025-0422-U-003,2025-04-22,weed,path_upkeep,1,29,U1-03,9,11,12.34,9.17,ha,9.0,11.0,partial,06:49,12:03,WO-2025-0423-U-003
WO-2025-0422-U-004,2025-04-22,spray,spraying,1,11,S1-01,7,10,15.23,0.0,ha,7.0,3.0,weathered_off,07:07,09:28,WO-2025-0423-U-004
WO-2025-0422-U-005,2025-04-22,weed,path_upkeep,2,40,U2-01,12,11,18.07,7.19,ha,12.0,11.0,partial,06:59,09:50,WO-2025-0423-U-005
WO-2025-0422-U-006,2025-04-22,prune,pruning,2,57,U2-02,13,12,780,360,palms,13.0,12.0,partial,06:59,09:58,WO-2025-0423-U-006
WO-2025-0422-U-007,2025-04-22,weed,circle_weeding,2,67,U2-03,13,14,14.66,9.48,ha,13.0,14.0,partial,06:52,11:23,WO-2025-0423-U-007
WO-2025-0422-U-008,2025-04-22,spray,spraying,2,62,S2-01,4,9,9.2,0.0,ha,4.0,2.7,weathered_off,07:03,08:06,WO-2025-0423-U-008
WO-2025-0422-U-009,2025-04-22,prune,pruning,3,84,U3-01,11,9,593,277,palms,11.0,9.0,partial,07:10,10:45,WO-2025-0423-U-009
WO-2025-0422-U-010,2025-04-22,prune,pruning,3,90,U3-02,7,9,364,232,palms,7.0,9.0,partial,07:03,11:24,WO-2025-0423-U-010
WO-2025-0422-U-011,2025-04-22,weed,path_upkeep,3,113,U3-03,11,12,17.49,8.84,ha,11.0,12.0,partial,07:01,10:56,WO-2025-0423-U-011
WO-2025-0422-U-012,2025-04-22,spray,spraying,3,94,S3-01,8,10,19.68,0.0,ha,8.0,3.0,weathered_off,07:06,08:45,WO-2025-0423-U-012
WO-2025-0422-U-013,2025-04-22,weed,path_upkeep,4,131,U4-01,8,10,8.81,7.23,ha,8.0,10.0,partial,07:07,12:53,WO-2025-0423-U-013
WO-2025-0422-U-014,2025-04-22,prune,pruning,4,135,U4-02,11,9,663,265,palms,11.0,9.0,partial,07:13,10:02,WO-2025-0423-U-014
WO-2025-0422-U-015,2025-04-22,prune,pruning,4,145,U4-03,10,9,530,242,palms,10.0,9.0,partial,07:05,10:28,WO-2025-0423-U-015
WO-2025-0422-U-016,2025-04-22,prune,pruning,4,158,U4-04,11,12,569,341,palms,11.0,12.0,partial,07:06,11:34,WO-2025-0423-U-016
WO-2025-0422-U-017,2025-04-22,spray,spraying,4,136,S4-01,11,11,28.26,0.0,ha,11.0,3.3,weathered_off,07:08,08:11,WO-2025-0423-U-017
WO-2025-0422-U-018,2025-04-22,prune,pruning,5,179,U5-01,12,12,716,470,palms,12.0,12.0,partial,06:59,11:37,WO-2025-0423-U-018
WO-2025-0422-U-019,2025-04-22,weed,path_upkeep,5,189,U5-02,12,13,20.38,13.52,ha,12.0,13.0,partial,07:09,11:00,WO-2025-0423-U-019
WO-2025-0422-U-020,2025-04-22,weed,circle_weeding,5,201,U5-03,12,10,15.84,4.7,ha,12.0,10.0,partial,06:57,09:21,WO-2025-0423-U-020
WO-2025-0422-U-021,2025-04-22,spray,spraying,5,195,S5-01,2,9,2.67,0.0,ha,2.0,2.7,weathered_off,06:47,08:03,WO-2025-0423-U-021
WO-2025-0422-U-022,2025-04-22,weed,path_upkeep,6,206,U6-01,12,12,18.0,10.7,ha,12.0,12.0,partial,06:47,10:46,WO-2025-0423-U-022
WO-2025-0422-U-023,2025-04-22,weed,path_upkeep,6,245,U6-02,2,13,2.45,2.45,ha,2.0,13.0,completed,06:58,13:53,
WO-2025-0422-U-024,2025-04-22,weed,circle_weeding,6,260,U6-03,3,13,3.05,3.05,ha,3.0,13.0,completed,06:48,14:12,
WO-2025-0422-U-025,2025-04-22,weed,path_upkeep,6,269,U6-04,12,11,19.12,12.84,ha,12.0,11.0,partial,06:55,12:04,WO-2025-0423-U-025
WO-2025-0422-U-026,2025-04-22,spray,spraying,6,216,S6-01,12,13,30.07,0.0,ha,12.0,3.9,weathered_off,06:00,09:33,WO-2025-0423-U-026
WO-2025-0422-U-027,2025-04-22,weed,circle_weeding,7,287,U7-01,2,11,1.65,1.65,ha,2.0,11.0,completed,07:11,14:05,
WO-2025-0422-U-028,2025-04-22,prune,pruning,7,301,U7-02,10,11,536,261,palms,10.0,11.0,partial,06:50,10:36,WO-2025-0423-U-028
WO-2025-0422-U-029,2025-04-22,weed,path_upkeep,7,333,U7-03,8,9,10.41,10.41,ha,8.0,9.0,completed,06:56,14:12,
WO-2025-0422-U-030,2025-04-22,prune,pruning,7,342,U7-04,10,9,619,225,palms,10.0,9.0,partial,06:46,09:06,WO-2025-0423-U-030
WO-2025-0422-U-031,2025-04-22,spray,spraying,7,334,S7-01,11,12,26.11,0.0,ha,11.0,3.6,weathered_off,06:57,08:29,WO-2025-0423-U-031
WO-2025-0423-U-001,2025-04-23,weed,circle_weeding,1,10,U1-01,14,14,16.55,11.33,ha,14.0,14.0,partial,07:14,12:30,WO-2025-0424-U-001
WO-2025-0423-U-002,2025-04-23,weed,circle_weeding,1,16,U1-02,8,12,9.13,6.42,ha,8.0,12.0,partial,07:03,12:12,WO-2025-0424-U-002
WO-2025-0423-U-003,2025-04-23,weed,path_upkeep,1,29,U1-03,3,15,3.17,3.17,ha,3.0,15.0,completed,07:09,14:10,
WO-2025-0423-U-004,2025-04-23,spray,spraying,1,11,S1-01,7,12,15.23,0.0,ha,7.0,3.6,weathered_off,06:46,08:21,WO-2025-0424-U-004
WO-2025-0423-U-005,2025-04-23,weed,path_upkeep,2,40,U2-01,7,14,10.88,10.88,ha,7.0,14.0,completed,06:54,13:44,
WO-2025-0423-U-006,2025-04-23,prune,pruning,2,57,U2-02,13,13,780,523,palms,13.0,13.0,partial,07:09,11:47,WO-2025-0424-U-006
WO-2025-0423-U-007,2025-04-23,weed,circle_weeding,2,67,U2-03,13,16,14.66,12.44,ha,13.0,16.0,partial,06:59,12:50,WO-2025-0424-U-007
WO-2025-0423-U-008,2025-04-23,spray,spraying,2,62,S2-01,4,11,9.2,0.0,ha,4.0,3.3,weathered_off,07:14,08:35,WO-2025-0424-U-008
WO-2025-0423-U-009,2025-04-23,prune,pruning,3,84,U3-01,11,14,593,575,palms,11.0,14.0,partial,07:02,13:57,WO-2025-0424-U-009
WO-2025-0423-U-010,2025-04-23,prune,pruning,3,90,U3-02,3,12,132,132,palms,3.0,12.0,completed,06:49,14:03,
WO-2025-0423-U-011,2025-04-23,weed,path_upkeep,3,113,U3-03,11,11,17.49,9.86,ha,11.0,11.0,partial,06:48,10:31,WO-2025-0424-U-011
WO-2025-0423-U-012,2025-04-23,spray,spraying,3,94,S3-01,8,12,19.68,0.0,ha,8.0,3.6,weathered_off,06:49,08:13,WO-2025-0424-U-012
WO-2025-0423-U-013,2025-04-23,weed,path_upkeep,4,131,U4-01,2,14,1.58,1.58,ha,2.0,14.0,completed,07:00,13:43,
WO-2025-0423-U-014,2025-04-23,prune,pruning,4,135,U4-02,11,11,663,351,palms,11.0,11.0,partial,07:06,10:31,WO-2025-0424-U-014
WO-2025-0423-U-015,2025-04-23,prune,pruning,4,145,U4-03,6,11,288,288,palms,6.0,11.0,completed,06:58,14:03,
WO-2025-0423-U-016,2025-04-23,prune,pruning,4,158,U4-04,11,11,569,497,palms,11.0,11.0,partial,07:13,13:11,WO-2025-0424-U-016
WO-2025-0423-U-017,2025-04-23,spray,spraying,4,136,S4-01,11,11,28.26,0.0,ha,11.0,3.3,weathered_off,07:05,09:30,WO-2025-0424-U-017
WO-2025-0423-U-018,2025-04-23,prune,pruning,5,179,U5-01,12,14,716,864,palms,12.0,14.0,partial,07:08,14:32,WO-2025-0424-U-018
WO-2025-0423-U-019,2025-04-23,weed,path_upkeep,5,189,U5-02,5,10,7.92,7.92,ha,5.0,10.0,completed,06:53,14:16,
WO-2025-0423-U-020,2025-04-23,weed,circle_weeding,5,201,U5-03,12,13,15.84,10.2,ha,12.0,13.0,partial,07:04,11:21,WO-2025-0424-U-020
WO-2025-0423-U-021,2025-04-23,spray,spraying,5,195,S5-01,2,10,2.67,0.0,ha,2.0,3.0,weathered_off,06:48,07:53,WO-2025-0424-U-021
WO-2025-0423-U-022,2025-04-23,weed,path_upkeep,6,206,U6-01,10,14,14.17,9.64,ha,10.0,14.0,partial,06:00,12:07,WO-2025-0424-U-022
WO-2025-0423-U-023,2025-04-23,weed,path_upkeep,6,223,U6-02,12,12,18.92,9.65,ha,12.0,12.0,partial,07:12,10:45,WO-2025-0424-U-023
WO-2025-0423-U-024,2025-04-23,weed,path_upkeep,6,261,U6-03,12,12,19.89,16.44,ha,12.0,12.0,partial,07:02,13:10,WO-2025-0424-U-024
WO-2025-0423-U-025,2025-04-23,weed,path_upkeep,6,269,U6-04,5,13,7.27,7.27,ha,5.0,13.0,completed,06:47,13:30,
WO-2025-0423-U-026,2025-04-23,spray,spraying,6,216,S6-01,12,14,30.07,0.0,ha,12.0,4.2,weathered_off,07:04,09:28,WO-2025-0424-U-026
WO-2025-0423-U-027,2025-04-23,weed,circle_weeding,7,288,U7-01,8,12,7.16,7.16,ha,8.0,12.0,completed,06:58,13:55,
WO-2025-0423-U-028,2025-04-23,prune,pruning,7,301,U7-02,10,12,536,448,palms,10.0,12.0,partial,06:46,12:42,WO-2025-0424-U-028
WO-2025-0423-U-029,2025-04-23,weed,circle_weeding,7,330,U7-03,10,10,10.9,6.29,ha,10.0,10.0,partial,07:12,11:14,WO-2025-0424-U-029
WO-2025-0423-U-030,2025-04-23,prune,pruning,7,342,U7-04,10,9,619,407,palms,10.0,9.0,partial,06:45,11:43,WO-2025-0424-U-030
WO-2025-0423-U-031,2025-04-23,spray,spraying,7,334,S7-01,11,13,26.11,0.0,ha,11.0,3.9,weathered_off,06:49,08:44,WO-2025-0424-U-031
WO-2025-0424-U-001,2025-04-24,weed,circle_weeding,1,10,U1-01,10,15,11.38,11.38,ha,10.0,15.0,completed,07:02,13:58,
WO-2025-0424-U-002,2025-04-24,weed,circle_weeding,1,16,U1-02,3,16,2.71,2.71,ha,3.0,16.0,completed,06:45,13:40,
WO-2025-0424-U-003,2025-04-24,weed,path_upkeep,1,32,U1-03,14,15,20.01,16.38,ha,14.0,15.0,partial,07:09,13:14,WO-2025-0425-U-003
WO-2025-0424-U-004,2025-04-24,spray,spraying,1,11,S1-01,7,9,15.23,0.0,ha,7.0,2.7,weathered_off,07:11,08:33,WO-2025-0425-U-004
WO-2025-0424-U-005,2025-04-24,weed,path_upkeep,2,41,U2-01,13,14,21.02,18.0,ha,13.0,14.0,partial,07:02,12:55,WO-2025-0425-U-005
WO-2025-0424-U-006,2025-04-24,prune,pruning,2,57,U2-02,13,13,780,421,palms,13.0,13.0,partial,07:08,10:47,WO-2025-0425-U-006
WO-2025-0424-U-007,2025-04-24,weed,circle_weeding,2,67,U2-03,5,15,4.67,4.67,ha,5.0,15.0,completed,06:47,14:14,
WO-2025-0424-U-008,2025-04-24,spray,spraying,2,62,S2-01,4,8,9.2,0.0,ha,4.0,2.4,weathered_off,06:49,08:40,WO-2025-0425-U-008
WO-2025-0424-U-009,2025-04-24,prune,pruning,3,84,U3-01,11,10,593,447,palms,11.0,10.0,partial,06:54,12:25,WO-2025-0425-U-009
WO-2025-0424-U-010,2025-04-24,weed,path_upkeep,3,95,U3-02,11,10,16.35,10.34,ha,11.0,10.0,partial,07:12,11:49,WO-2025-0425-U-010
WO-2025-0424-U-011,2025-04-24,weed,path_upkeep,3,113,U3-03,6,8,8.13,8.13,ha,6.0,8.0,completed,07:11,14:06,
WO-2025-0424-U-012,2025-04-24,spray,spraying,3,94,S3-01,8,13,19.68,0.0,ha,8.0,3.9,weathered_off,07:00,09:27,WO-2025-0425-U-012
WO-2025-0424-U-013,2025-04-24,weed,circle_weeding,4,123,U4-01,11,13,9.68,8.43,ha,11.0,13.0,partial,06:56,12:56,WO-2025-0425-U-013
WO-2025-0424-U-014,2025-04-24,prune,pruning,4,135,U4-02,11,11,663,671,palms,11.0,11.0,partial,06:54,14:08,WO-2025-0425-U-014
WO-2025-0424-U-015,2025-04-24,weed,path_upkeep,4,149,U4-03,11,12,16.1,12.67,ha,11.0,12.0,partial,06:56,12:12,WO-2025-0425-U-015
WO-2025-0424-U-016,2025-04-24,prune,pruning,4,158,U4-04,11,11,569,449,palms,11.0,11.0,partial,07:13,12:59,WO-2025-0425-U-016
WO-2025-0424-U-017,2025-04-24,spray,spraying,4,136,S4-01,11,12,28.26,0.0,ha,11.0,3.6,weathered_off,06:48,09:05,WO-2025-0425-U-017
WO-2025-0424-U-018,2025-04-24,prune,pruning,5,179,U5-01,6,11,304,304,palms,6.0,11.0,completed,06:47,13:35,
WO-2025-0424-U-019,2025-04-24,weed,path_upkeep,5,182,U5-02,12,13,20.38,12.39,ha,12.0,13.0,partial,06:55,11:11,WO-2025-0425-U-019
WO-2025-0424-U-020,2025-04-24,weed,circle_weeding,5,201,U5-03,12,11,15.84,6.96,ha,12.0,11.0,partial,06:55,09:55,WO-2025-0425-U-020
WO-2025-0424-U-021,2025-04-24,spray,spraying,5,195,S5-01,2,12,2.67,0.0,ha,2.0,3.6,weathered_off,07:07,09:00,WO-2025-0425-U-021
WO-2025-0424-U-022,2025-04-24,weed,path_upkeep,6,206,U6-01,4,14,4.53,4.53,ha,4.0,14.0,completed,07:13,14:39,
WO-2025-0424-U-023,2025-04-24,weed,path_upkeep,6,223,U6-02,12,12,18.92,16.67,ha,12.0,12.0,partial,07:06,13:24,WO-2025-0425-U-023
WO-2025-0424-U-024,2025-04-24,weed,path_upkeep,6,261,U6-03,3,12,3.79,3.79,ha,3.0,12.0,completed,07:08,14:04,
WO-2025-0424-U-025,2025-04-24,weed,path_upkeep,6,266,U6-04,12,14,19.12,20.17,ha,12.0,14.0,partial,07:09,14:20,WO-2025-0425-U-025
WO-2025-0424-U-026,2025-04-24,spray,spraying,6,216,S6-01,12,15,30.07,0.0,ha,12.0,4.5,weathered_off,06:49,08:09,WO-2025-0425-U-026
WO-2025-0424-U-027,2025-04-24,weed,path_upkeep,7,298,U7-01,10,10,13.56,7.29,ha,10.0,10.0,partial,07:06,11:15,WO-2025-0425-U-027
WO-2025-0424-U-028,2025-04-24,prune,pruning,7,301,U7-02,10,7,536,246,palms,10.0,7.0,partial,07:06,10:03,WO-2025-0425-U-028
WO-2025-0424-U-029,2025-04-24,weed,circle_weeding,7,330,U7-03,10,12,10.9,12.15,ha,10.0,12.0,completed,07:03,13:47,
WO-2025-0424-U-030,2025-04-24,prune,pruning,7,342,U7-04,10,11,619,423,palms,10.0,11.0,partial,07:00,11:47,WO-2025-0425-U-030
WO-2025-0424-U-031,2025-04-24,spray,spraying,7,334,S7-01,11,10,26.11,0.0,ha,11.0,3.0,weathered_off,07:08,08:58,WO-2025-0425-U-031
WO-2025-0425-U-001,2025-04-25,weed,circle_weeding,1,12,U1-01,14,13,16.55,6.05,ha,14.0,13.0,partial,07:14,10:09,WO-2025-0426-U-001
WO-2025-0425-U-002,2025-04-25,prune,pruning,1,19,U1-02,14,14,865,455,palms,14.0,14.0,partial,06:50,10:48,WO-2025-0426-U-002
WO-2025-0425-U-003,2025-04-25,weed,path_upkeep,1,32,U1-03,8,12,11.08,8.33,ha,8.0,12.0,partial,06:50,12:11,WO-2025-0426-U-003
WO-2025-0425-U-004,2025-04-25,spray,spraying,1,11,S1-01,7,10,15.23,0.0,ha,7.0,3.0,weathered_off,07:15,09:08,WO-2025-0426-U-004
WO-2025-0425-U-005,2025-04-25,weed,path_upkeep,2,41,U2-01,5,12,7.52,7.52,ha,5.0,12.0,completed,06:48,13:47,
WO-2025-0425-U-006,2025-04-25,prune,pruning,2,57,U2-02,13,12,780,543,palms,13.0,12.0,partial,06:46,11:46,WO-2025-0426-U-006
WO-2025-0425-U-007,2025-04-25,weed,circle_weeding,2,70,U2-03,13,11,14.66,6.78,ha,13.0,11.0,partial,06:57,10:04,WO-2025-0426-U-007
WO-2025-0425-U-008,2025-04-25,spray,spraying,2,62,S2-01,4,11,9.2,0.0,ha,4.0,3.3,weathered_off,07:04,09:19,WO-2025-0426-U-008
WO-2025-0425-U-009,2025-04-25,prune,pruning,3,84,U3-01,11,10,593,488,palms,11.0,10.0,partial,07:05,13:03,WO-2025-0426-U-009
WO-2025-0425-U-010,2025-04-25,weed,path_upkeep,3,95,U3-02,11,13,16.35,6.98,ha,11.0,13.0,partial,07:08,10:01,WO-2025-0426-U-010
WO-2025-0425-U-011,2025-04-25,weed,path_upkeep,3,110,U3-03,11,9,17.49,6.1,ha,11.0,9.0,partial,06:52,09:22,WO-2025-0426-U-011
WO-2025-0425-U-012,2025-04-25,spray,spraying,3,94,S3-01,8,10,19.68,0.0,ha,8.0,3.0,weathered_off,07:13,09:23,WO-2025-0426-U-012
WO-2025-0425-U-013,2025-04-25,weed,circle_weeding,4,123,U4-01,3,10,2.15,2.15,ha,3.0,10.0,completed,07:10,14:13,
WO-2025-0425-U-014,2025-04-25,prune,pruning,4,135,U4-02,11,11,663,339,palms,11.0,11.0,partial,06:50,10:45,WO-2025-0426-U-014
WO-2025-0425-U-015,2025-04-25,weed,path_upkeep,4,149,U4-03,10,10,13.43,9.63,ha,10.0,10.0,partial,07:06,12:29,WO-2025-0426-U-015
WO-2025-0425-U-016,2025-04-25,prune,pruning,4,158,U4-04,11,11,569,227,palms,11.0,11.0,partial,07:01,09:57,WO-2025-0426-U-016
WO-2025-0425-U-017,2025-04-25,spray,spraying,4,136,S4-01,11,9,28.26,0.0,ha,11.0,2.7,weathered_off,07:06,08:48,WO-2025-0426-U-017
WO-2025-0425-U-018,2025-04-25,weed,path_upkeep,5,171,U5-01,12,13,19.53,11.63,ha,12.0,13.0,partial,07:08,11:08,WO-2025-0426-U-018
WO-2025-0425-U-019,2025-04-25,weed,path_upkeep,5,182,U5-02,7,11,11.15,8.73,ha,7.0,11.0,partial,07:02,12:33,WO-2025-0426-U-019
WO-2025-0425-U-020,2025-04-25,weed,circle_weeding,5,201,U5-03,12,15,15.84,8.85,ha,12.0,15.0,partial,06:50,11:12,WO-2025-0426-U-020
WO-2025-0425-U-021,2025-04-25,spray,spraying,5,195,S5-01,2,9,2.67,0.0,ha,2.0,2.7,weathered_off,07:02,09:34,WO-2025-0426-U-021
WO-2025-0425-U-022,2025-04-25,weed,path_upkeep,6,209,U6-01,12,11,18.0,10.83,ha,12.0,11.0,partial,06:46,10:00,WO-2025-0426-U-022
WO-2025-0425-U-023,2025-04-25,weed,path_upkeep,6,223,U6-02,2,13,2.28,2.28,ha,2.0,13.0,completed,07:01,13:52,
WO-2025-0425-U-024,2025-04-25,weed,path_upkeep,6,256,U6-03,12,12,19.89,7.01,ha,12.0,12.0,partial,07:10,10:03,WO-2025-0426-U-024
WO-2025-0425-U-025,2025-04-25,weed,path_upkeep,6,266,U6-04,5,11,7.46,7.46,ha,5.0,11.0,completed,07:08,13:54,
WO-2025-0425-U-026,2025-04-25,spray,spraying,6,216,S6-01,12,12,30.07,0.0,ha,12.0,3.6,weathered_off,07:13,08:19,WO-2025-0426-U-026
WO-2025-0425-U-027,2025-04-25,weed,path_upkeep,7,298,U7-01,10,11,13.56,7.05,ha,10.0,11.0,partial,06:47,10:23,WO-2025-0426-U-027
WO-2025-0425-U-028,2025-04-25,prune,pruning,7,301,U7-02,9,7,459,459,palms,9.0,7.0,completed,06:50,14:09,
WO-2025-0425-U-029,2025-04-25,prune,pruning,7,332,U7-03,10,8,545,180,palms,10.0,8.0,partial,06:52,09:08,WO-2025-0426-U-029
WO-2025-0425-U-030,2025-04-25,prune,pruning,7,342,U7-04,10,8,619,191,palms,10.0,8.0,partial,06:57,09:31,WO-2025-0426-U-030
WO-2025-0425-U-031,2025-04-25,spray,spraying,7,334,S7-01,11,11,26.11,0.0,ha,11.0,3.3,weathered_off,07:05,08:21,WO-2025-0426-U-031
WO-2025-0426-U-001,2025-04-26,weed,circle_weeding,1,12,U1-01,14,15,16.55,18.1,ha,14.0,15.0,partial,06:00,13:57,WO-2025-0428-U-001
WO-2025-0426-U-002,2025-04-26,prune,pruning,1,19,U1-02,14,14,865,792,palms,14.0,14.0,partial,06:55,13:14,WO-2025-0428-U-002
WO-2025-0426-U-003,2025-04-26,weed,path_upkeep,1,32,U1-03,2,16,2.75,2.75,ha,2.0,16.0,completed,07:08,14:00,
WO-2025-0426-U-004,2025-04-26,spray,spraying,1,11,S1-01,7,10,15.23,15.23,ha,7.0,10.0,completed,06:53,14:07,
WO-2025-0426-U-005,2025-04-26,weed,path_upkeep,2,42,U2-01,13,13,21.02,12.0,ha,13.0,13.0,partial,07:15,11:03,WO-2025-0428-U-005
WO-2025-0426-U-006,2025-04-26,prune,pruning,2,57,U2-02,12,15,665,665,palms,12.0,15.0,completed,07:00,14:08,
WO-2025-0426-U-007,2025-04-26,weed,circle_weeding,2,70,U2-03,13,15,14.66,15.92,ha,13.0,15.0,partial,06:59,14:29,WO-2025-0428-U-007
WO-2025-0426-U-008,2025-04-26,spray,spraying,2,62,S2-01,4,10,9.2,9.2,ha,4.0,10.0,completed,06:48,13:36,
WO-2025-0426-U-009,2025-04-26,prune,pruning,3,84,U3-01,7,10,364,364,palms,7.0,10.0,completed,06:48,13:39,
WO-2025-0426-U-010,2025-04-26,weed,path_upkeep,3,95,U3-02,9,12,12.63,12.63,ha,9.0,12.0,completed,06:50,14:15,
WO-2025-0426-U-011,2025-04-26,weed,path_upkeep,3,110,U3-03,11,7,17.49,10.46,ha,11.0,7.0,partial,06:49,11:10,WO-2025-0428-U-011
WO-2025-0426-U-012,2025-04-26,spray,spraying,3,94,S3-01,8,12,19.68,19.68,ha,8.0,12.0,completed,07:04,14:14,
WO-2025-0426-U-013,2025-04-26,weed,path_upkeep,4,124,U4-01,10,9,10.85,8.2,ha,10.0,9.0,partial,07:05,12:21,WO-2025-0428-U-013
WO-2025-0426-U-014,2025-04-26,prune,pruning,4,135,U4-02,11,10,663,450,palms,11.0,10.0,partial,07:14,12:10,WO-2025-0428-U-014
WO-2025-0426-U-015,2025-04-26,weed,path_upkeep,4,149,U4-03,3,13,3.8,3.8,ha,3.0,13.0,completed,06:58,13:50,
WO-2025-0426-U-016,2025-04-26,prune,pruning,4,158,U4-04,11,13,569,545,palms,11.0,13.0,partial,06:52,14:03,WO-2025-0428-U-016
WO-2025-0426-U-017,2025-04-26,spray,spraying,4,136,S4-01,11,15,28.26,25.54,ha,11.0,15.0,partial,06:59,13:17,WO-2025-0428-U-017
WO-2025-0426-U-018,2025-04-26,weed,path_upkeep,5,171,U5-01,7,13,10.63,10.63,ha,7.0,13.0,completed,06:56,13:59,
WO-2025-0426-U-019,2025-04-26,weed,path_upkeep,5,182,U5-02,2,15,2.41,2.41,ha,2.0,15.0,completed,07:04,14:07,
WO-2025-0426-U-020,2025-04-26,weed,circle_weeding,5,201,U5-03,6,12,7.0,7.0,ha,6.0,12.0,completed,07:15,14:07,
WO-2025-0426-U-021,2025-04-26,spray,spraying,5,195,S5-01,2,12,2.67,2.67,ha,2.0,12.0,completed,07:08,14:08,
WO-2025-0426-U-022,2025-04-26,weed,path_upkeep,6,209,U6-01,10,14,14.45,14.45,ha,10.0,14.0,completed,06:46,14:04,
WO-2025-0426-U-023,2025-04-26,weed,path_upkeep,6,230,U6-02,12,13,18.92,13.5,ha,12.0,13.0,partial,07:04,12:13,WO-2025-0428-U-023
WO-2025-0426-U-024,2025-04-26,weed,path_upkeep,6,256,U6-03,12,13,19.89,22.45,ha,12.0,13.0,completed,07:02,13:47,
WO-2025-0426-U-025,2025-04-26,weed,circle_weeding,6,267,U6-04,12,11,14.02,8.41,ha,12.0,11.0,partial,06:48,10:54,WO-2025-0428-U-025
WO-2025-0426-U-026,2025-04-26,spray,spraying,6,216,S6-01,12,13,30.07,28.04,ha,12.0,13.0,partial,07:05,13:50,WO-2025-0428-U-026
WO-2025-0426-U-027,2025-04-26,weed,path_upkeep,7,298,U7-01,8,10,10.82,9.55,ha,8.0,10.0,partial,07:05,13:32,WO-2025-0428-U-027
WO-2025-0426-U-028,2025-04-26,weed,circle_weeding,7,305,U7-02,10,12,10.72,9.53,ha,10.0,12.0,partial,06:55,13:19,WO-2025-0428-U-028
WO-2025-0426-U-029,2025-04-26,prune,pruning,7,332,U7-03,10,10,545,327,palms,10.0,10.0,partial,07:09,11:42,WO-2025-0428-U-029
WO-2025-0426-U-030,2025-04-26,prune,pruning,7,342,U7-04,10,11,619,783,palms,10.0,11.0,partial,06:52,14:15,WO-2025-0428-U-030
WO-2025-0426-U-031,2025-04-26,spray,spraying,7,334,S7-01,11,11,26.11,26.11,ha,11.0,11.0,completed,07:01,14:26,
WO-2025-0428-U-001,2025-04-28,weed,circle_weeding,1,12,U1-01,2,13,2.04,2.04,ha,2.0,13.0,completed,07:05,14:10,
WO-2025-0428-U-002,2025-04-28,prune,pruning,1,19,U1-02,14,14,865,537,palms,14.0,14.0,partial,06:59,11:10,WO-2025-0429-U-002
WO-2025-0428-U-003,2025-04-28,weed,circle_weeding,1,29,U1-03,14,15,14.68,16.58,ha,14.0,15.0,partial,07:06,14:29,WO-2025-0429-U-003
WO-2025-0428-U-004,2025-04-28,spray,spraying,1,27,S1-01,11,14,27.48,28.21,ha,11.0,14.0,completed,06:54,13:54,
WO-2025-0428-U-005,2025-04-28,weed,path_upkeep,2,42,U2-01,11,16,17.02,17.02,ha,11.0,16.0,completed,07:11,13:55,
WO-2025-0428-U-006,2025-04-28,weed,path_upkeep,2,60,U2-02,13,14,21.27,16.91,ha,13.0,14.0,partial,07:10,13:12,WO-2025-0429-U-006
WO-2025-0428-U-007,2025-04-28,weed,circle_weeding,2,70,U2-03,6,14,5.84,5.84,ha,6.0,14.0,completed,06:46,13:29,
WO-2025-0428-U-008,2025-04-28,spray,spraying,2,54,S2-01,10,10,26.55,20.75,ha,10.0,10.0,partial,06:49,12:46,WO-2025-0429-U-008
WO-2025-0428-U-009,2025-04-28,prune,pruning,3,82,U3-01,7,12,335,335,palms,7.0,12.0,completed,06:55,13:54,
WO-2025-0428-U-010,2025-04-28,weed,path_upkeep,3,92,U3-02,11,11,16.35,12.3,ha,11.0,11.0,partial,06:48,11:00,WO-2025-0429-U-010
WO-2025-0428-U-011,2025-04-28,weed,path_upkeep,3,110,U3-03,6,9,8.75,7.51,ha,6.0,9.0,partial,07:04,12:54,WO-2025-0429-U-011
WO-2025-0428-U-012,2025-04-28,spray,spraying,3,118,S3-01,5,12,11.04,11.04,ha,5.0,12.0,completed,07:12,14:28,
WO-2025-0428-U-013,2025-04-28,weed,path_upkeep,4,124,U4-01,3,11,2.65,2.65,ha,3.0,11.0,completed,06:59,14:19,
WO-2025-0428-U-014,2025-04-28,prune,pruning,4,135,U4-02,11,12,663,697,palms,11.0,12.0,partial,06:50,14:10,WO-2025-0429-U-014
WO-2025-0428-U-015,2025-04-28,weed,path_upkeep,4,150,U4-03,11,12,16.1,20.2,ha,11.0,12.0,partial,07:00,13:00,WO-2025-0429-U-015
WO-2025-0428-U-016,2025-04-28,prune,pruning,4,158,U4-04,11,13,569,497,palms,11.0,13.0,partial,07:06,13:29,WO-2025-0429-U-016
WO-2025-0428-U-017,2025-04-28,spray,spraying,4,136,S4-01,3,13,6.81,6.81,ha,3.0,13.0,completed,06:54,13:53,
WO-2025-0428-U-018,2025-04-28,weed,path_upkeep,5,178,U5-01,12,12,19.53,14.16,ha,12.0,12.0,partial,07:12,12:04,WO-2025-0429-U-018
WO-2025-0428-U-019,2025-04-28,weed,circle_weeding,5,181,U5-02,12,12,14.94,9.27,ha,12.0,12.0,partial,07:09,11:32,WO-2025-0429-U-019
WO-2025-0428-U-020,2025-04-28,weed,circle_weeding,5,373,U5-03,3,13,3.42,3.42,ha,3.0,13.0,completed,06:49,13:52,
WO-2025-0428-U-021,2025-04-28,spray,spraying,5,171,S5-01,10,12,22.26,22.26,ha,10.0,12.0,completed,07:01,14:26,
WO-2025-0428-U-022,2025-04-28,weed,path_upkeep,6,212,U6-01,12,13,18.0,18.14,ha,12.0,13.0,partial,06:58,13:55,WO-2025-0429-U-022
WO-2025-0428-U-023,2025-04-28,weed,path_upkeep,6,230,U6-02,9,13,13.85,12.45,ha,9.0,13.0,partial,06:57,13:17,WO-2025-0429-U-023
WO-2025-0428-U-024,2025-04-28,weed,circle_weeding,6,261,U6-03,12,14,14.59,11.85,ha,12.0,14.0,partial,06:51,12:16,WO-2025-0429-U-024
WO-2025-0428-U-025,2025-04-28,weed,circle_weeding,6,267,U6-04,9,13,9.36,9.36,ha,9.0,13.0,completed,07:13,14:37,
WO-2025-0428-U-026,2025-04-28,spray,spraying,6,216,S6-01,1,11,2.03,2.03,ha,1.0,11.0,completed,06:46,13:55,
WO-2025-0428-U-027,2025-04-28,weed,path_upkeep,7,298,U7-01,1,12,1.27,1.27,ha,1.0,12.0,completed,07:05,14:31,
WO-2025-0428-U-028,2025-04-28,weed,circle_weeding,7,305,U7-02,10,11,10.72,6.83,ha,10.0,11.0,partial,07:08,11:44,WO-2025-0429-U-028
WO-2025-0428-U-029,2025-04-28,prune,pruning,7,332,U7-03,10,11,545,479,palms,10.0,11.0,partial,06:00,13:13,WO-2025-0429-U-029
WO-2025-0428-U-030,2025-04-28,prune,pruning,7,342,U7-04,8,13,436,436,palms,8.0,13.0,completed,06:53,14:19,
WO-2025-0428-U-031,2025-04-28,spray,spraying,7,300,S7-01,8,11,19.46,14.08,ha,8.0,11.0,partial,07:03,12:26,WO-2025-0429-U-031
WO-2025-0429-U-001,2025-04-29,weed,circle_weeding,1,5,U1-01,8,12,8.77,8.4,ha,8.0,12.0,partial,07:15,13:42,WO-2025-0430-U-001
WO-2025-0429-U-002,2025-04-29,prune,pruning,1,19,U1-02,14,12,865,561,palms,14.0,12.0,partial,06:55,11:18,WO-2025-0430-U-002
WO-2025-0429-U-003,2025-04-29,weed,circle_weeding,1,29,U1-03,12,16,12.02,12.02,ha,12.0,16.0,completed,06:59,14:09,
WO-2025-0429-U-004,2025-04-29,spray,spraying,1,28,S1-01,11,12,26.72,15.97,ha,11.0,12.0,partial,06:50,11:16,WO-2025-0430-U-004
WO-2025-0429-U-005,2025-04-29,weed,circle_weeding,2,43,U2-01,13,17,15.42,13.45,ha,13.0,17.0,partial,07:13,13:03,WO-2025-0430-U-005
WO-2025-0429-U-006,2025-04-29,weed,path_upkeep,2,60,U2-02,9,12,13.68,13.68,ha,9.0,12.0,completed,06:59,14:14,
WO-2025-0429-U-007,2025-04-29,weed,path_upkeep,2,382,U2-03,13,14,19.99,15.06,ha,13.0,14.0,partial,07:12,12:55,WO-2025-0430-U-007
WO-2025-0429-U-008,2025-04-29,spray,spraying,2,54,S2-01,4,9,8.7,8.7,ha,4.0,9.0,completed,06:52,14:10,
WO-2025-0429-U-009,2025-04-29,weed,path_upkeep,3,75,U3-01,11,9,16.17,10.64,ha,11.0,9.0,partial,07:03,11:28,WO-2025-0430-U-009
WO-2025-0429-U-010,2025-04-29,weed,path_upkeep,3,92,U3-02,11,12,16.35,13.3,ha,11.0,12.0,partial,07:03,13:10,WO-2025-0430-U-010
WO-2025-0429-U-011,2025-04-29,weed,path_upkeep,3,110,U3-03,1,12,1.24,1.24,ha,1.0,12.0,completed,06:55,13:45,
WO-2025-0429-U-012,2025-04-29,spray,spraying,3,120,S3-01,6,13,12.55,12.55,ha,6.0,13.0,completed,07:08,14:20,
WO-2025-0429-U-013,2025-04-29,weed,circle_weeding,4,124,U4-01,11,11,9.68,7.77,ha,11.0,11.0,partial,06:55,12:59,WO-2025-0430-U-013
WO-2025-0429-U-014,2025-04-29,prune,pruning,4,135,U4-02,11,13,663,571,palms,11.0,13.0,partial,07:00,13:31,WO-2025-0430-U-014
WO-2025-0429-U-015,2025-04-29,weed,path_upkeep,4,150,U4-03,8,9,10.86,10.86,ha,8.0,9.0,completed,06:59,13:48,
WO-2025-0429-U-016,2025-04-29,prune,pruning,4,158,U4-04,11,10,569,310,palms,11.0,10.0,partial,06:58,10:46,WO-2025-0430-U-016
WO-2025-0429-U-017,2025-04-29,spray,spraying,4,141,S4-01,11,12,28.26,21.75,ha,11.0,12.0,partial,07:14,13:03,WO-2025-0430-U-017
WO-2025-0429-U-018,2025-04-29,weed,path_upkeep,5,178,U5-01,9,8,14.23,8.12,ha,9.0,8.0,partial,07:07,11:19,WO-2025-0430-U-018
WO-2025-0429-U-019,2025-04-29,weed,circle_weeding,5,181,U5-02,12,14,14.94,13.11,ha,12.0,14.0,partial,07:10,13:01,WO-2025-0430-U-019
WO-2025-0429-U-020,2025-04-29,weed,path_upkeep,5,194,U5-03,12,14,21.6,27.74,ha,12.0,14.0,partial,06:58,14:09,WO-2025-0430-U-020
WO-2025-0429-U-021,2025-04-29,spray,spraying,5,199,S5-01,9,11,18.58,18.58,ha,9.0,11.0,completed,07:14,14:38,
WO-2025-0429-U-022,2025-04-29,weed,path_upkeep,6,212,U6-01,7,14,9.49,9.49,ha,7.0,14.0,completed,07:00,14:19,
WO-2025-0429-U-023,2025-04-29,weed,path_upkeep,6,230,U6-02,1,14,1.4,1.4,ha,1.0,14.0,completed,06:59,13:51,
WO-2025-0429-U-024,2025-04-29,weed,circle_weeding,6,261,U6-03,7,15,8.38,8.38,ha,7.0,15.0,completed,07:12,14:08,
WO-2025-0429-U-025,2025-04-29,weed,circle_weeding,6,269,U6-04,12,13,14.02,12.14,ha,12.0,13.0,partial,07:11,13:09,WO-2025-0430-U-025
WO-2025-0429-U-026,2025-04-29,spray,spraying,6,379,S6-01,13,12,35.35,24.27,ha,13.0,12.0,partial,06:49,11:47,WO-2025-0430-U-026
WO-2025-0429-U-027,2025-04-29,weed,circle_weeding,7,289,U7-01,10,9,9.94,5.43,ha,10.0,9.0,partial,06:51,10:36,WO-2025-0430-U-027
WO-2025-0429-U-028,2025-04-29,weed,circle_weeding,7,305,U7-02,9,13,9.34,9.34,ha,9.0,13.0,completed,06:48,13:58,
WO-2025-0429-U-029,2025-04-29,prune,pruning,7,332,U7-03,10,9,545,365,palms,10.0,9.0,partial,06:00,12:04,WO-2025-0430-U-029
WO-2025-0429-U-030,2025-04-29,weed,circle_weeding,7,339,U7-04,10,10,12.39,8.73,ha,10.0,10.0,partial,07:08,12:03,WO-2025-0430-U-030
WO-2025-0429-U-031,2025-04-29,spray,spraying,7,300,S7-01,3,13,5.38,5.38,ha,3.0,13.0,completed,07:14,14:11,
WO-2025-0430-U-001,2025-04-30,weed,circle_weeding,1,5,U1-01,1,11,0.37,0.37,ha,1.0,11.0,completed,07:04,14:14,
WO-2025-0430-U-002,2025-04-30,prune,pruning,1,19,U1-02,7,15,423,423,palms,7.0,15.0,completed,07:00,13:55,
WO-2025-0430-U-003,2025-04-30,weed,circle_weeding,1,33,U1-03,14,14,14.68,5.89,ha,14.0,14.0,partial,06:46,09:37,WO-2025-0501-U-003
WO-2025-0430-U-004,2025-04-30,spray,spraying,1,28,S1-01,5,9,10.75,0.0,ha,5.0,2.7,weathered_off,07:03,09:06,WO-2025-0501-U-004
WO-2025-0430-U-005,2025-04-30,weed,circle_weeding,2,43,U2-01,13,14,15.42,12.79,ha,13.0,14.0,partial,06:54,12:39,WO-2025-0501-U-005
WO-2025-0430-U-006,2025-04-30,prune,pruning,2,56,U2-02,13,14,780,622,palms,13.0,14.0,partial,06:56,12:27,WO-2025-0501-U-006
WO-2025-0430-U-007,2025-04-30,weed,path_upkeep,2,382,U2-03,9,11,13.74,13.74,ha,9.0,11.0,completed,07:10,13:54,
WO-2025-0430-U-008,2025-04-30,spray,spraying,2,69,S2-01,10,8,26.55,0.0,ha,10.0,2.4,weathered_off,07:11,08:40,WO-2025-0501-U-008
WO-2025-0430-U-009,2025-04-30,weed,path_upkeep,3,75,U3-01,11,9,16.17,9.37,ha,11.0,9.0,partial,06:52,11:24,WO-2025-0501-U-009
WO-2025-0430-U-010,2025-04-30,weed,path_upkeep,3,92,U3-02,5,10,6.82,6.82,ha,5.0,10.0,completed,07:15,14:37,
WO-2025-0430-U-011,2025-04-30,weed,path_upkeep,3,102,U3-03,11,11,17.49,11.91,ha,11.0,11.0,partial,06:52,11:29,WO-2025-0501-U-011
WO-2025-0430-U-012,2025-04-30,spray,spraying,3,76,S3-01,12,12,28.17,0.0,ha,12.0,3.6,weathered_off,06:52,08:25,WO-2025-0501-U-012
WO-2025-0430-U-013,2025-04-30,weed,circle_weeding,4,124,U4-01,4,10,3.08,3.08,ha,4.0,10.0,completed,07:13,14:06,
WO-2025-0430-U-014,2025-04-30,prune,pruning,4,135,U4-02,3,10,170,170,palms,3.0,10.0,completed,06:48,14:14,
WO-2025-0430-U-015,2025-04-30,weed,circle_weeding,4,148,U4-03,11,13,11.81,9.67,ha,11.0,13.0,partial,07:15,12:46,WO-2025-0501-U-015
WO-2025-0430-U-016,2025-04-30,prune,pruning,4,158,U4-04,11,11,569,300,palms,11.0,11.0,partial,07:12,10:48,WO-2025-0501-U-016
WO-2025-0430-U-017,2025-04-30,spray,spraying,4,141,S4-01,4,13,7.91,0.0,ha,4.0,3.9,weathered_off,07:08,08:24,WO-2025-0501-U-017
WO-2025-0430-U-018,2025-04-30,weed,path_upkeep,5,178,U5-01,4,13,6.11,6.11,ha,4.0,13.0,completed,07:05,14:00,
WO-2025-0430-U-019,2025-04-30,weed,circle_weeding,5,181,U5-02,6,11,7.39,7.39,ha,6.0,11.0,completed,06:49,14:12,
WO-2025-0430-U-020,2025-04-30,weed,path_upkeep,5,194,U5-03,1,13,1.23,1.23,ha,1.0,13.0,completed,07:11,14:29,
WO-2025-0430-U-021,2025-04-30,spray,spraying,5,187,S5-01,10,9,23.11,0.0,ha,10.0,2.7,weathered_off,06:53,07:54,WO-2025-0501-U-021
WO-2025-0430-U-022,2025-04-30,weed,circle_weeding,6,208,U6-01,12,14,13.2,9.36,ha,12.0,14.0,partial,06:46,11:54,WO-2025-0501-U-022
WO-2025-0430-U-023,2025-04-30,weed,circle_weeding,6,250,U6-02,12,11,13.87,5.65,ha,12.0,11.0,partial,06:52,10:08,WO-2025-0501-U-023
WO-2025-0430-U-024,2025-04-30,weed,circle_weeding,6,262,U6-03,12,12,14.59,9.38,ha,12.0,12.0,partial,07:04,11:36,WO-2025-0501-U-024
WO-2025-0430-U-025,2025-04-30,weed,circle_weeding,6,269,U6-04,7,12,7.97,7.97,ha,7.0,12.0,completed,07:00,13:56,
WO-2025-0430-U-026,2025-04-30,spray,spraying,6,379,S6-01,6,12,14.7,0.0,ha,6.0,3.6,weathered_off,06:50,08:41,WO-2025-0501-U-026
WO-2025-0430-U-027,2025-04-30,weed,circle_weeding,7,289,U7-01,10,10,9.94,4.74,ha,10.0,10.0,partial,07:01,10:09,WO-2025-0501-U-027
WO-2025-0430-U-028,2025-04-30,weed,path_upkeep,7,300,U7-02,10,7,14.62,9.05,ha,10.0,7.0,partial,06:51,11:10,WO-2025-0501-U-028
WO-2025-0430-U-029,2025-04-30,prune,pruning,7,332,U7-03,10,8,545,227,palms,10.0,8.0,partial,06:46,09:59,WO-2025-0501-U-029
WO-2025-0430-U-030,2025-04-30,weed,circle_weeding,7,339,U7-04,10,10,12.39,7.66,ha,10.0,10.0,partial,07:12,11:45,WO-2025-0501-U-030
WO-2025-0430-U-031,2025-04-30,spray,spraying,7,329,S7-01,8,11,18.8,0.0,ha,8.0,3.3,weathered_off,06:46,08:12,WO-2025-0501-U-031
WO-2025-0501-U-001,2025-05-01,weed,path_upkeep,1,10,U1-01,17,18,27.41,15.61,ha,17.0,18.0,partial,06:55,10:56,WO-2025-0502-U-001
WO-2025-0501-U-002,2025-05-01,weed,path_upkeep,1,17,U1-02,15,17,25.17,19.19,ha,15.0,17.0,partial,07:04,12:40,WO-2025-0502-U-002
WO-2025-0501-U-003,2025-05-01,weed,circle_weeding,1,33,U1-03,17,19,17.82,9.53,ha,17.0,19.0,partial,07:07,11:08,WO-2025-0502-U-003
WO-2025-0501-U-004,2025-05-01,spray,spraying,1,28,S1-01,5,13,10.75,0.0,ha,5.0,3.9,weathered_off,06:53,07:58,WO-2025-0502-U-004
WO-2025-0501-U-005,2025-05-01,weed,circle_weeding,2,43,U2-01,3,16,3.42,3.42,ha,3.0,16.0,completed,06:57,14:06,
WO-2025-0501-U-006,2025-05-01,prune,pruning,2,56,U2-02,15,17,900,434,palms,15.0,17.0,partial,07:06,10:26,WO-2025-0502-U-006
WO-2025-0501-U-007,2025-05-01,weed,circle_weeding,2,73,U2-03,15,17,16.91,15.8,ha,15.0,17.0,partial,07:08,13:35,WO-2025-0502-U-007
WO-2025-0501-U-008,2025-05-01,spray,spraying,2,69,S2-01,11,13,28.41,0.0,ha,11.0,3.9,weathered_off,07:04,08:51,WO-2025-0502-U-008
WO-2025-0501-U-009,2025-05-01,weed,path_upkeep,3,75,U3-01,11,16,15.38,15.38,ha,11.0,16.0,completed,06:00,13:50,
WO-2025-0501-U-010,2025-05-01,weed,path_upkeep,3,94,U3-02,14,16,19.68,19.68,ha,14.0,16.0,completed,07:11,14:34,
WO-2025-0501-U-011,2025-05-01,weed,path_upkeep,3,102,U3-03,9,14,13.56,13.56,ha,9.0,14.0,completed,07:09,13:55,
WO-2025-0501-U-012,2025-05-01,spray,spraying,3,76,S3-01,12,16,28.17,0.0,ha,12.0,4.8,weathered_off,06:46,08:31,WO-2025-0502-U-012
WO-2025-0501-U-013,2025-05-01,weed,path_upkeep,4,129,U4-01,13,13,15.6,11.88,ha,13.0,13.0,partial,06:49,11:57,WO-2025-0502-U-013
WO-2025-0501-U-014,2025-05-01,weed,path_upkeep,4,141,U4-02,13,12,21.37,18.72,ha,13.0,12.0,partial,06:45,13:05,WO-2025-0502-U-014
WO-2025-0501-U-015,2025-05-01,weed,circle_weeding,4,148,U4-03,13,12,13.96,8.79,ha,13.0,12.0,partial,07:09,11:54,WO-2025-0502-U-015
WO-2025-0501-U-016,2025-05-01,prune,pruning,4,158,U4-04,13,12,672,395,palms,13.0,12.0,partial,06:46,11:06,WO-2025-0502-U-016
WO-2025-0501-U-017,2025-05-01,spray,spraying,4,141,S4-01,4,14,7.91,0.0,ha,4.0,4.2,weathered_off,07:03,09:20,WO-2025-0502-U-017
WO-2025-0501-U-018,2025-05-01,weed,path_upkeep,5,173,U5-01,12,16,19.15,18.04,ha,12.0,16.0,partial,07:05,14:09,WO-2025-0502-U-018
WO-2025-0501-U-019,2025-05-01,prune,pruning,5,187,U5-02,13,13,809,566,palms,13.0,13.0,partial,06:46,11:47,WO-2025-0502-U-019
WO-2025-0501-U-020,2025-05-01,weed,circle_weeding,5,202,U5-03,13,12,17.16,9.06,ha,13.0,12.0,partial,06:49,10:49,WO-2025-0502-U-020
WO-2025-0501-U-021,2025-05-01,spray,spraying,5,187,S5-01,11,8,25.43,0.0,ha,11.0,2.4,weathered_off,06:48,08:35,WO-2025-0502-U-021
WO-2025-0501-U-022,2025-05-01,weed,circle_weeding,6,208,U6-01,15,16,15.88,10.59,ha,15.0,16.0,partial,07:11,11:41,WO-2025-0502-U-022
WO-2025-0501-U-023,2025-05-01,weed,circle_weeding,6,250,U6-02,16,17,18.5,13.14,ha,16.0,17.0,partial,07:09,12:32,WO-2025-0502-U-023
WO-2025-0501-U-024,2025-05-01,weed,circle_weeding,6,262,U6-03,15,16,17.13,17.13,ha,15.0,16.0,completed,06:51,14:14,
WO-2025-0501-U-025,2025-05-01,weed,circle_weeding,6,264,U6-04,11,17,11.92,11.92,ha,11.0,17.0,completed,07:12,14:12,
WO-2025-0501-U-026,2025-05-01,spray,spraying,6,379,S6-01,6,17,14.7,0.0,ha,6.0,5.1,weathered_off,07:12,09:54,WO-2025-0502-U-026
WO-2025-0501-U-027,2025-05-01,weed,circle_weeding,7,289,U7-01,8,13,7.51,7.51,ha,8.0,13.0,completed,07:02,14:09,
WO-2025-0501-U-028,2025-05-01,weed,path_upkeep,7,300,U7-02,8,12,10.41,10.41,ha,8.0,12.0,completed,06:55,13:55,
WO-2025-0501-U-029,2025-05-01,prune,pruning,7,332,U7-03,13,10,709,510,palms,13.0,10.0,partial,07:10,12:09,WO-2025-0502-U-029
WO-2025-0501-U-030,2025-05-01,weed,circle_weeding,7,339,U7-04,11,14,13.19,10.87,ha,11.0,14.0,partial,07:09,13:02,WO-2025-0502-U-030
WO-2025-0501-U-031,2025-05-01,spray,spraying,7,329,S7-01,8,16,18.8,0.0,ha,8.0,4.8,weathered_off,06:52,09:04,WO-2025-0502-U-031
WO-2025-0502-U-001,2025-05-02,weed,path_upkeep,1,10,U1-01,9,17,14.1,14.1,ha,9.0,17.0,completed,06:53,14:08,
WO-2025-0502-U-002,2025-05-02,weed,path_upkeep,1,17,U1-02,4,17,5.98,5.98,ha,4.0,17.0,completed,07:08,14:38,
WO-2025-0502-U-003,2025-05-02,weed,circle_weeding,1,33,U1-03,14,15,14.52,10.65,ha,14.0,15.0,partial,06:48,12:12,WO-2025-0503-U-003
WO-2025-0502-U-004,2025-05-02,spray,spraying,1,28,S1-01,5,15,10.75,10.75,ha,5.0,15.0,completed,07:12,14:02,
WO-2025-0502-U-005,2025-05-02,weed,path_upkeep,2,45,U2-01,15,17,24.25,21.4,ha,15.0,17.0,partial,06:56,13:20,WO-2025-0503-U-005
WO-2025-0502-U-006,2025-05-02,prune,pruning,2,56,U2-02,15,15,900,728,palms,15.0,15.0,partial,06:49,12:51,WO-2025-0503-U-006
WO-2025-0502-U-007,2025-05-02,weed,circle_weeding,2,73,U2-03,13,15,13.92,13.92,ha,13.0,15.0,completed,07:09,14:11,
WO-2025-0502-U-008,2025-05-02,spray,spraying,2,69,S2-01,11,13,28.41,24.38,ha,11.0,13.0,partial,06:46,12:36,WO-2025-0503-U-007
WO-2025-0502-U-009,2025-05-02,weed,path_upkeep,3,82,U3-01,2,15,2.46,2.46,ha,2.0,15.0,completed,07:15,13:58,
WO-2025-0502-U-010,2025-05-02,weed,path_upkeep,3,89,U3-02,14,16,20.81,18.03,ha,14.0,16.0,partial,06:59,12:00,WO-2025-0503-U-009
WO-2025-0502-U-011,2025-05-02,weed,path_upkeep,3,107,U3-03,14,16,22.26,19.43,ha,14.0,16.0,partial,07:02,13:04,WO-2025-0503-U-010
WO-2025-0502-U-012,2025-05-02,spray,spraying,3,76,S3-01,12,17,28.17,28.17,ha,12.0,17.0,completed,06:59,13:56,
WO-2025-0502-U-013,2025-05-02,weed,path_upkeep,4,129,U4-01,10,12,10.94,9.51,ha,10.0,12.0,partial,07:07,12:55,WO-2025-0503-U-012
WO-2025-0502-U-014,2025-05-02,weed,path_upkeep,4,141,U4-02,7,15,10.94,10.94,ha,7.0,15.0,completed,06:55,14:07,
WO-2025-0502-U-015,2025-05-02,weed,circle_weeding,4,148,U4-03,13,11,13.96,8.22,ha,13.0,11.0,partial,06:58,11:20,WO-2025-0503-U-014
WO-2025-0502-U-016,2025-05-02,prune,pruning,4,158,U4-04,13,13,672,332,palms,13.0,13.0,partial,06:55,10:27,WO-2025-0503-U-015
WO-2025-0502-U-017,2025-05-02,spray,spraying,4,141,S4-01,4,15,7.91,7.91,ha,4.0,15.0,completed,07:09,14:01,
WO-2025-0502-U-018,2025-05-02,weed,path_upkeep,5,173,U5-01,1,13,1.11,1.11,ha,1.0,13.0,completed,07:06,14:05,
WO-2025-0502-U-019,2025-05-02,prune,pruning,5,187,U5-02,13,12,809,548,palms,13.0,12.0,partial,07:08,12:17,WO-2025-0503-U-018
WO-2025-0502-U-020,2025-05-02,weed,circle_weeding,5,202,U5-03,13,15,17.16,11.61,ha,13.0,15.0,partial,07:08,11:54,WO-2025-0503-U-019
WO-2025-0502-U-021,2025-05-02,spray,spraying,5,187,S5-01,11,12,25.43,20.74,ha,11.0,12.0,partial,06:53,12:32,WO-2025-0503-U-020
WO-2025-0502-U-022,2025-05-02,weed,circle_weeding,6,208,U6-01,5,15,5.3,5.3,ha,5.0,15.0,completed,06:56,13:57,
WO-2025-0502-U-023,2025-05-02,weed,circle_weeding,6,250,U6-02,7,14,7.29,7.29,ha,7.0,14.0,completed,06:46,13:51,
WO-2025-0502-U-024,2025-05-02,weed,circle_weeding,6,259,U6-03,16,15,19.45,10.23,ha,16.0,15.0,partial,06:46,10:52,WO-2025-0503-U-023
WO-2025-0502-U-025,2025-05-02,weed,path_upkeep,6,379,U6-04,16,17,25.49,21.1,ha,16.0,17.0,partial,07:02,12:49,WO-2025-0503-U-024
WO-2025-0502-U-026,2025-05-02,spray,spraying,6,379,S6-01,6,16,14.7,14.7,ha,6.0,16.0,completed,06:57,14:02,
WO-2025-0502-U-027,2025-05-02,weed,circle_weeding,7,291,U7-01,13,12,12.93,5.98,ha,13.0,12.0,partial,06:55,10:04,WO-2025-0503-U-026
WO-2025-0502-U-028,2025-05-02,weed,path_upkeep,7,299,U7-02,13,14,19.01,13.3,ha,13.0,14.0,partial,07:08,12:22,WO-2025-0503-U-027
WO-2025-0502-U-029,2025-05-02,prune,pruning,7,332,U7-03,13,14,709,773,palms,13.0,14.0,partial,06:56,14:01,WO-2025-0503-U-028
WO-2025-0502-U-030,2025-05-02,weed,circle_weeding,7,339,U7-04,2,14,2.32,2.32,ha,2.0,14.0,completed,07:11,14:10,
WO-2025-0502-U-031,2025-05-02,spray,spraying,7,329,S7-01,8,14,18.8,18.8,ha,8.0,14.0,completed,07:00,13:45,
WO-2025-0503-U-001,2025-05-03,weed,path_upkeep,1,4,U1-01,9,17,13.46,13.46,ha,9.0,17.0,completed,07:15,14:28,
WO-2025-0503-U-002,2025-05-03,weed,circle_weeding,1,19,U1-02,17,16,20.22,7.92,ha,17.0,16.0,partial,07:02,10:10,WO-2025-0505-U-002
WO-2025-0503-U-003,2025-05-03,weed,circle_weeding,1,33,U1-03,4,17,3.88,3.88,ha,4.0,17.0,completed,07:13,13:59,
WO-2025-0503-U-004,2025-05-03,spray,spraying,1,7,S1-01,7,13,16.14,0.0,ha,7.0,3.9,weathered_off,06:55,08:20,WO-2025-0505-U-004
WO-2025-0503-U-005,2025-05-03,weed,path_upkeep,2,45,U2-01,5,16,7.1,7.1,ha,5.0,16.0,completed,07:09,14:08,
WO-2025-0503-U-006,2025-05-03,prune,pruning,2,56,U2-02,15,16,900,694,palms,15.0,16.0,partial,07:10,12:42,WO-2025-0505-U-006
WO-2025-0503-U-007,2025-05-03,spray,spraying,2,69,S2-01,2,12,4.03,0.0,ha,2.0,3.6,weathered_off,07:11,08:54,WO-2025-0505-U-008
WO-2025-0503-U-008,2025-05-03,prune,pruning,3,83,U3-01,14,14,755,535,palms,14.0,14.0,partial,07:08,12:10,WO-2025-0505-U-009
WO-2025-0503-U-009,2025-05-03,weed,path_upkeep,3,89,U3-02,8,14,11.31,11.31,ha,8.0,14.0,completed,07:08,13:50,
WO-2025-0503-U-010,2025-05-03,weed,path_upkeep,3,107,U3-03,8,15,11.56,11.56,ha,8.0,15.0,completed,07:04,14:29,
WO-2025-0503-U-011,2025-05-03,spray,spraying,3,111,S3-01,15,17,37.63,0.0,ha,15.0,5.1,weathered_off,06:52,09:17,WO-2025-0505-U-013
WO-2025-0503-U-012,2025-05-03,weed,path_upkeep,4,129,U4-01,2,13,1.43,1.43,ha,2.0,13.0,completed,06:46,13:55,
WO-2025-0503-U-013,2025-05-03,weed,path_upkeep,4,135,U4-02,13,13,21.37,12.87,ha,13.0,13.0,partial,07:04,11:07,WO-2025-0505-U-015
WO-2025-0503-U-014,2025-05-03,weed,circle_weeding,4,148,U4-03,6,13,6.16,6.16,ha,6.0,13.0,completed,06:54,13:57,
WO-2025-0503-U-015,2025-05-03,prune,pruning,4,158,U4-04,13,14,640,491,palms,13.0,14.0,partial,06:48,12:17,WO-2025-0505-U-017
WO-2025-0503-U-016,2025-05-03,spray,spraying,4,154,S4-01,1,14,2.04,0.0,ha,1.0,4.2,weathered_off,07:07,08:09,WO-2025-0505-U-018
WO-2025-0503-U-017,2025-05-03,weed,path_upkeep,5,169,U5-01,13,14,21.16,9.68,ha,13.0,14.0,partial,06:59,10:35,WO-2025-0505-U-019
WO-2025-0503-U-018,2025-05-03,prune,pruning,5,187,U5-02,13,14,809,526,palms,13.0,14.0,partial,06:58,11:30,WO-2025-0505-U-020
WO-2025-0503-U-019,2025-05-03,weed,circle_weeding,5,202,U5-03,8,14,9.43,9.43,ha,8.0,14.0,completed,07:03,14:19,
WO-2025-0503-U-020,2025-05-03,spray,spraying,5,187,S5-01,5,9,9.97,0.0,ha,5.0,2.7,weathered_off,07:13,08:46,WO-2025-0505-U-022
WO-2025-0503-U-021,2025-05-03,weed,circle_weeding,6,210,U6-01,16,17,17.6,11.53,ha,16.0,17.0,partial,06:54,11:27,WO-2025-0505-U-023
WO-2025-0503-U-022,2025-05-03,weed,path_upkeep,6,246,U6-02,13,16,20.26,19.29,ha,13.0,16.0,partial,07:11,13:52,WO-2025-0505-U-024
WO-2025-0503-U-023,2025-05-03,weed,circle_weeding,6,259,U6-03,16,15,18.95,7.49,ha,16.0,15.0,partial,06:57,09:48,WO-2025-0505-U-025
WO-2025-0503-U-024,2025-05-03,weed,path_upkeep,6,379,U6-04,12,16,17.87,17.87,ha,12.0,16.0,completed,06:46,13:49,
WO-2025-0503-U-025,2025-05-03,spray,spraying,6,263,S6-01,11,16,28.28,0.0,ha,11.0,4.8,weathered_off,06:54,08:03,WO-2025-0505-U-027
WO-2025-0503-U-026,2025-05-03,weed,circle_weeding,7,291,U7-01,13,13,12.93,7.38,ha,13.0,13.0,partial,06:57,10:46,WO-2025-0505-U-028
WO-2025-0503-U-027,2025-05-03,weed,path_upkeep,7,299,U7-02,9,13,11.99,11.99,ha,9.0,13.0,completed,07:05,14:31,
WO-2025-0503-U-028,2025-05-03,prune,pruning,7,332,U7-03,5,13,224,224,palms,5.0,13.0,completed,07:03,13:47,
WO-2025-0503-U-029,2025-05-03,weed,path_upkeep,7,345,U7-04,13,13,21.96,20.0,ha,13.0,13.0,partial,07:14,13:53,WO-2025-0505-U-031
WO-2025-0503-U-030,2025-05-03,spray,spraying,7,339,S7-01,12,16,29.58,0.0,ha,12.0,4.8,weathered_off,07:05,08:50,WO-2025-0505-U-032
WO-2025-0505-U-001,2025-05-05,weed,circle_weeding,1,8,U1-01,17,17,20.1,13.18,ha,17.0,17.0,partial,07:04,11:26,WO-2025-0506-U-001
WO-2025-0505-U-002,2025-05-05,weed,circle_weeding,1,19,U1-02,10,16,12.3,12.3,ha,10.0,16.0,completed,07:09,14:05,
WO-2025-0505-U-003,2025-05-05,weed,circle_weeding,1,32,U1-03,17,17,17.82,12.87,ha,17.0,17.0,partial,06:48,12:01,WO-2025-0506-U-003
WO-2025-0505-U-004,2025-05-05,spray,spraying,1,7,S1-01,7,15,16.14,0.0,ha,7.0,4.5,weathered_off,06:57,09:46,WO-2025-0506-U-004
WO-2025-0505-U-005,2025-05-05,weed,path_upkeep,2,44,U2-01,15,14,24.25,14.67,ha,15.0,14.0,partial,07:14,11:24,WO-2025-0506-U-005
WO-2025-0505-U-006,2025-05-05,prune,pruning,2,56,U2-02,15,17,900,987,palms,15.0,17.0,partial,06:59,14:21,WO-2025-0506-U-006
WO-2025-0505-U-007,2025-05-05,prune,pruning,2,74,U2-03,15,15,846,798,palms,15.0,15.0,partial,07:08,13:48,WO-2025-0506-U-007
WO-2025-0505-U-008,2025-05-05,spray,spraying,2,69,S2-01,2,13,4.03,0.0,ha,2.0,3.9,weathered_off,07:05,08:10,WO-2025-0506-U-008
WO-2025-0505-U-009,2025-05-05,prune,pruning,3,83,U3-01,14,14,755,485,palms,14.0,14.0,partial,06:57,11:50,WO-2025-0506-U-009
WO-2025-0505-U-010,2025-05-05,weed,circle_weeding,3,96,U3-02,14,15,15.26,11.72,ha,14.0,15.0,partial,06:52,12:41,WO-2025-0506-U-010
WO-2025-0505-U-011,2025-05-05,weed,path_upkeep,3,111,U3-03,14,16,22.26,20.34,ha,14.0,16.0,partial,07:06,13:44,WO-2025-0506-U-011
WO-2025-0505-U-012,2025-05-05,weed,circle_weeding,3,119,U3-04,4,16,4.05,4.05,ha,4.0,16.0,completed,07:07,14:20,
WO-2025-0505-U-013,2025-05-05,spray,spraying,3,111,S3-01,15,15,37.63,0.0,ha,15.0,4.5,weathered_off,07:13,09:22,WO-2025-0506-U-012
WO-2025-0505-U-014,2025-05-05,weed,circle_weeding,4,126,U4-01,8,13,6.22,6.22,ha,8.0,13.0,completed,06:48,13:32,
WO-2025-0505-U-015,2025-05-05,weed,path_upkeep,4,135,U4-02,9,15,14.39,14.39,ha,9.0,15.0,completed,07:07,14:32,
WO-2025-0505-U-016,2025-05-05,weed,path_upkeep,4,148,U4-03,13,13,19.03,19.5,ha,13.0,13.0,partial,06:48,13:57,WO-2025-0506-U-015
WO-2025-0505-U-017,2025-05-05,prune,pruning,4,158,U4-04,3,13,149,149,palms,3.0,13.0,completed,06:46,14:04,
WO-2025-0505-U-018,2025-05-05,spray,spraying,4,154,S4-01,1,14,2.04,0.0,ha,1.0,4.2,weathered_off,06:46,07:52,WO-2025-0506-U-017
WO-2025-0505-U-019,2025-05-05,weed,path_upkeep,5,169,U5-01,13,13,21.16,11.99,ha,13.0,13.0,partial,07:01,11:16,WO-2025-0506-U-018
WO-2025-0505-U-020,2025-05-05,prune,pruning,5,187,U5-02,13,16,809,600,palms,13.0,16.0,partial,07:13,12:09,WO-2025-0506-U-019
WO-2025-0505-U-021,2025-05-05,weed,circle_weeding,5,200,U5-03,13,14,17.16,14.3,ha,13.0,14.0,partial,06:49,12:35,WO-2025-0506-U-020
WO-2025-0505-U-022,2025-05-05,spray,spraying,5,187,S5-01,5,12,9.97,0.0,ha,5.0,3.6,weathered_off,07:07,09:47,WO-2025-0506-U-021
WO-2025-0505-U-023,2025-05-05,weed,circle_weeding,6,210,U6-01,16,16,17.6,13.41,ha,16.0,16.0,partial,07:01,12:38,WO-2025-0506-U-022
WO-2025-0505-U-024,2025-05-05,weed,path_upkeep,6,246,U6-02,1,14,0.97,0.97,ha,1.0,14.0,completed,07:08,14:20,
WO-2025-0505-U-025,2025-05-05,weed,circle_weeding,6,259,U6-03,10,16,11.46,11.46,ha,10.0,16.0,completed,06:49,14:09,
WO-2025-0505-U-026,2025-05-05,weed,path_upkeep,6,264,U6-04,8,15,11.92,11.92,ha,8.0,15.0,completed,06:49,13:59,
WO-2025-0505-U-027,2025-05-05,spray,spraying,6,263,S6-01,11,15,28.28,0.0,ha,11.0,4.5,weathered_off,06:50,08:53,WO-2025-0506-U-026
WO-2025-0505-U-028,2025-05-05,weed,circle_weeding,7,291,U7-01,13,15,12.22,12.22,ha,13.0,15.0,completed,07:11,14:32,
WO-2025-0505-U-029,2025-05-05,weed,circle_weeding,7,304,U7-02,13,14,13.94,8.18,ha,13.0,14.0,partial,07:05,11:33,WO-2025-0506-U-028
WO-2025-0505-U-030,2025-05-05,weed,path_upkeep,7,328,U7-03,13,14,19.32,14.09,ha,13.0,14.0,partial,06:55,12:16,WO-2025-0506-U-029
WO-2025-0505-U-031,2025-05-05,weed,path_upkeep,7,345,U7-04,5,15,7.08,7.08,ha,5.0,15.0,completed,07:02,14:14,
WO-2025-0505-U-032,2025-05-05,spray,spraying,7,339,S7-01,12,14,29.58,0.0,ha,12.0,4.2,weathered_off,06:48,08:32,WO-2025-0506-U-031
WO-2025-0506-U-001,2025-05-06,weed,circle_weeding,1,8,U1-01,16,18,18.44,16.19,ha,16.0,18.0,partial,06:58,13:14,WO-2025-0507-U-001
WO-2025-0506-U-002,2025-05-06,weed,path_upkeep,1,21,U1-02,17,19,28.64,23.63,ha,17.0,19.0,partial,07:03,13:09,WO-2025-0507-U-002
WO-2025-0506-U-003,2025-05-06,weed,circle_weeding,1,32,U1-03,14,16,14.59,9.98,ha,14.0,16.0,partial,06:46,11:43,WO-2025-0507-U-003
WO-2025-0506-U-004,2025-05-06,spray,spraying,1,7,S1-01,7,13,16.14,0.0,ha,7.0,3.9,weathered_off,07:12,08:57,WO-2025-0507-U-004
WO-2025-0506-U-005,2025-05-06,weed,path_upkeep,2,44,U2-01,8,11,12.67,11.64,ha,8.0,11.0,partial,07:12,13:47,WO-2025-0507-U-005
WO-2025-0506-U-006,2025-05-06,prune,pruning,2,56,U2-02,12,16,698,698,palms,12.0,16.0,completed,07:13,14:38,
WO-2025-0506-U-007,2025-05-06,prune,pruning,2,74,U2-03,15,15,846,518,palms,15.0,15.0,partial,07:03,11:31,WO-2025-0507-U-007
WO-2025-0506-U-008,2025-05-06,spray,spraying,2,69,S2-01,2,12,4.03,0.0,ha,2.0,3.6,weathered_off,07:06,08:40,WO-2025-0507-U-008
WO-2025-0506-U-009,2025-05-06,prune,pruning,3,83,U3-01,14,16,755,992,palms,14.0,16.0,partial,06:56,13:39,WO-2025-0507-U-009
WO-2025-0506-U-010,2025-05-06,weed,circle_weeding,3,96,U3-02,14,15,15.26,11.9,ha,14.0,15.0,partial,07:09,12:55,WO-2025-0507-U-010
WO-2025-0506-U-011,2025-05-06,weed,path_upkeep,3,111,U3-03,12,16,18.62,12.71,ha,12.0,16.0,partial,07:10,12:26,WO-2025-0507-U-011
WO-2025-0506-U-012,2025-05-06,spray,spraying,3,111,S3-01,15,15,37.63,0.0,ha,15.0,4.5,weathered_off,07:12,09:57,WO-2025-0507-U-012
WO-2025-0506-U-013,2025-05-06,weed,circle_weeding,4,127,U4-01,4,14,3.06,3.06,ha,4.0,14.0,completed,07:06,14:32,
WO-2025-0506-U-014,2025-05-06,weed,path_upkeep,4,138,U4-02,13,13,21.37,15.36,ha,13.0,13.0,partial,07:10,12:23,WO-2025-0507-U-014
WO-2025-0506-U-015,2025-05-06,weed,path_upkeep,4,148,U4-03,10,13,13.35,13.35,ha,10.0,13.0,completed,07:04,14:15,
WO-2025-0506-U-016,2025-05-06,prune,pruning,4,159,U4-04,13,14,672,331,palms,13.0,14.0,partial,06:51,10:14,WO-2025-0507-U-016
WO-2025-0506-U-017,2025-05-06,spray,spraying,4,154,S4-01,1,14,2.04,0.0,ha,1.0,4.2,weathered_off,07:07,08:57,WO-2025-0507-U-017
WO-2025-0506-U-018,2025-05-06,weed,path_upkeep,5,169,U5-01,8,15,12.95,12.95,ha,8.0,15.0,completed,06:48,13:39,
WO-2025-0506-U-019,2025-05-06,prune,pruning,5,187,U5-02,13,15,809,631,palms,13.0,15.0,partial,07:07,12:34,WO-2025-0507-U-019
WO-2025-0506-U-020,2025-05-06,weed,circle_weeding,5,200,U5-03,6,13,6.73,6.73,ha,6.0,13.0,completed,07:06,14:09,
WO-2025-0506-U-021,2025-05-06,spray,spraying,5,187,S5-01,5,11,9.97,0.0,ha,5.0,3.3,weathered_off,06:52,08:44,WO-2025-0507-U-021
WO-2025-0506-U-022,2025-05-06,weed,circle_weeding,6,210,U6-01,7,17,6.84,6.84,ha,7.0,17.0,completed,07:00,14:11,
WO-2025-0506-U-023,2025-05-06,weed,path_upkeep,6,222,U6-02,16,17,25.22,20.24,ha,16.0,17.0,partial,07:07,13:06,WO-2025-0507-U-023
WO-2025-0506-U-024,2025-05-06,weed,path_upkeep,6,262,U6-03,16,16,26.51,15.62,ha,16.0,16.0,partial,06:50,10:00,WO-2025-0507-U-024
WO-2025-0506-U-025,2025-05-06,weed,circle_weeding,6,379,U6-04,16,17,18.69,14.76,ha,16.0,17.0,partial,06:49,12:44,WO-2025-0507-U-025
WO-2025-0506-U-026,2025-05-06,spray,spraying,6,263,S6-01,11,17,28.28,0.0,ha,11.0,5.1,weathered_off,06:50,09:19,WO-2025-0507-U-026
WO-2025-0506-U-027,2025-05-06,weed,path_upkeep,7,293,U7-01,13,13,17.63,19.06,ha,13.0,13.0,partial,07:12,14:06,WO-2025-0507-U-027
WO-2025-0506-U-028,2025-05-06,weed,circle_weeding,7,304,U7-02,13,14,13.94,9.88,ha,13.0,14.0,partial,07:00,11:46,WO-2025-0507-U-028
WO-2025-0506-U-029,2025-05-06,weed,path_upkeep,7,328,U7-03,7,13,8.98,8.98,ha,7.0,13.0,completed,07:11,14:34,
WO-2025-0506-U-030,2025-05-06,weed,path_upkeep,7,340,U7-04,13,14,21.96,26.25,ha,13.0,14.0,partial,06:59,14:00,WO-2025-0507-U-030
WO-2025-0506-U-031,2025-05-06,spray,spraying,7,339,S7-01,12,16,29.58,0.0,ha,12.0,4.8,weathered_off,07:09,08:28,WO-2025-0507-U-031
WO-2025-0507-U-001,2025-05-07,weed,circle_weeding,1,8,U1-01,2,17,2.25,2.25,ha,2.0,17.0,completed,06:00,14:20,
WO-2025-0507-U-002,2025-05-07,weed,path_upkeep,1,21,U1-02,4,16,5.92,5.92,ha,4.0,16.0,completed,06:59,14:28,
WO-2025-0507-U-003,2025-05-07,weed,circle_weeding,1,32,U1-03,5,16,4.61,4.61,ha,5.0,16.0,completed,07:11,14:19,
WO-2025-0507-U-004,2025-05-07,spray,spraying,1,7,S1-01,7,14,16.14,0.0,ha,7.0,4.2,weathered_off,06:47,08:53,WO-2025-0508-U-004
WO-2025-0507-U-005,2025-05-07,weed,path_upkeep,2,44,U2-01,1,14,1.03,1.03,ha,1.0,14.0,completed,07:12,14:33,
WO-2025-0507-U-006,2025-05-07,weed,path_upkeep,2,65,U2-02,10,17,16.33,16.33,ha,10.0,17.0,completed,07:01,14:11,
WO-2025-0507-U-007,2025-05-07,prune,pruning,2,74,U2-03,15,16,846,366,palms,15.0,16.0,partial,07:00,10:21,WO-2025-0508-U-007
WO-2025-0507-U-008,2025-05-07,spray,spraying,2,69,S2-01,2,12,4.03,0.0,ha,2.0,3.6,weathered_off,06:00,08:23,WO-2025-0508-U-008
WO-2025-0507-U-009,2025-05-07,prune,pruning,3,83,U3-01,14,15,755,689,palms,14.0,15.0,partial,07:01,13:47,WO-2025-0508-U-009
WO-2025-0507-U-010,2025-05-07,weed,circle_weeding,3,96,U3-02,9,14,9.79,9.79,ha,9.0,14.0,completed,06:57,14:00,
WO-2025-0507-U-011,2025-05-07,weed,path_upkeep,3,111,U3-03,4,14,5.91,5.91,ha,4.0,14.0,completed,07:03,14:09,
WO-2025-0507-U-012,2025-05-07,spray,spraying,3,111,S3-01,15,17,37.63,0.0,ha,15.0,5.1,weathered_off,06:57,08:44,WO-2025-0508-U-012
WO-2025-0507-U-013,2025-05-07,weed,circle_weeding,4,130,U4-01,13,15,11.44,8.3,ha,13.0,15.0,partial,06:55,12:13,WO-2025-0508-U-013
WO-2025-0507-U-014,2025-05-07,weed,path_upkeep,4,138,U4-02,13,12,21.37,15.68,ha,13.0,12.0,partial,06:55,12:07,WO-2025-0508-U-014
WO-2025-0507-U-015,2025-05-07,weed,circle_weeding,4,153,U4-03,13,13,13.96,12.45,ha,13.0,13.0,partial,07:08,13:25,WO-2025-0508-U-015
WO-2025-0507-U-016,2025-05-07,prune,pruning,4,159,U4-04,13,12,672,274,palms,13.0,12.0,partial,07:14,10:17,WO-2025-0508-U-016
WO-2025-0507-U-017,2025-05-07,spray,spraying,4,154,S4-01,1,14,2.04,0.0,ha,1.0,4.2,weathered_off,07:09,08:33,WO-2025-0508-U-017
WO-2025-0507-U-018,2025-05-07,weed,circle_weeding,5,173,U5-01,13,12,15.52,8.9,ha,13.0,12.0,partial,06:51,11:02,WO-2025-0508-U-018
WO-2025-0507-U-019,2025-05-07,prune,pruning,5,187,U5-02,13,13,809,487,palms,13.0,13.0,partial,07:11,11:11,WO-2025-0508-U-019
WO-2025-0507-U-020,2025-05-07,weed,path_upkeep,5,202,U5-03,13,14,23.4,25.28,ha,13.0,14.0,partial,07:15,14:18,WO-2025-0508-U-020
WO-2025-0507-U-021,2025-05-07,spray,spraying,5,187,S5-01,5,11,9.97,0.0,ha,5.0,3.3,weathered_off,07:00,08:37,WO-2025-0508-U-021
WO-2025-0507-U-022,2025-05-07,prune,pruning,6,203,U6-01,16,14,880,610,palms,16.0,14.0,partial,07:09,12:05,WO-2025-0508-U-022
WO-2025-0507-U-023,2025-05-07,weed,path_upkeep,6,222,U6-02,5,17,7.7,7.7,ha,5.0,17.0,completed,06:49,13:33,
WO-2025-0507-U-024,2025-05-07,weed,path_upkeep,6,262,U6-03,7,17,10.89,10.89,ha,7.0,17.0,completed,07:05,14:19,
WO-2025-0507-U-025,2025-05-07,weed,circle_weeding,6,379,U6-04,16,14,18.69,10.65,ha,16.0,14.0,partial,06:55,11:23,WO-2025-0508-U-025
WO-2025-0507-U-026,2025-05-07,spray,spraying,6,263,S6-01,11,17,28.28,0.0,ha,11.0,5.1,weathered_off,07:09,10:07,WO-2025-0508-U-026
WO-2025-0507-U-027,2025-05-07,weed,path_upkeep,7,293,U7-01,4,13,5.11,5.11,ha,4.0,13.0,completed,07:03,14:05,
WO-2025-0507-U-028,2025-05-07,weed,circle_weeding,7,304,U7-02,9,12,9.2,9.2,ha,9.0,12.0,completed,06:51,13:53,
WO-2025-0507-U-029,2025-05-07,weed,path_upkeep,7,330,U7-03,13,13,18.44,10.64,ha,13.0,13.0,partial,07:14,11:39,WO-2025-0508-U-029
WO-2025-0507-U-030,2025-05-07,weed,path_upkeep,7,340,U7-04,3,13,4.13,4.13,ha,3.0,13.0,completed,07:13,14:24,
WO-2025-0507-U-031,2025-05-07,spray,spraying,7,339,S7-01,12,15,29.58,0.0,ha,12.0,4.5,weathered_off,06:52,08:25,WO-2025-0508-U-031
WO-2025-0508-U-001,2025-05-08,weed,circle_weeding,1,9,U1-01,17,16,20.1,19.01,ha,17.0,16.0,partial,06:50,13:28,WO-2025-0509-U-001
WO-2025-0508-U-002,2025-05-08,weed,path_upkeep,1,22,U1-02,17,17,28.64,24.3,ha,17.0,17.0,partial,06:47,13:12,WO-2025-0509-U-002
WO-2025-0508-U-003,2025-05-08,weed,path_upkeep,1,38,U1-03,17,18,24.3,16.04,ha,17.0,18.0,partial,06:52,11:51,WO-2025-0509-U-003
WO-2025-0508-U-004,2025-05-08,spray,spraying,1,7,S1-01,7,13,16.14,16.14,ha,7.0,13.0,completed,07:07,14:10,
WO-2025-0508-U-005,2025-05-08,weed,path_upkeep,2,43,U2-01,15,18,24.25,29.66,ha,15.0,18.0,completed,06:52,14:07,
WO-2025-0508-U-006,2025-05-08,weed,circle_weeding,2,57,U2-02,15,18,18.0,21.01,ha,15.0,18.0,partial,06:58,14:27,WO-2025-0509-U-006
WO-2025-0508-U-007,2025-05-08,prune,pruning,2,74,U2-03,15,15,846,746,palms,15.0,15.0,partial,07:07,13:13,WO-2025-0509-U-007
WO-2025-0508-U-008,2025-05-08,spray,spraying,2,69,S2-01,2,12,4.03,4.03,ha,2.0,12.0,completed,07:05,14:33,
WO-2025-0508-U-009,2025-05-08,prune,pruning,3,83,U3-01,14,15,755,862,palms,14.0,15.0,partial,06:58,14:01,WO-2025-0509-U-009
WO-2025-0508-U-010,2025-05-08,weed,circle_weeding,3,97,U3-02,14,12,15.26,12.66,ha,14.0,12.0,partial,06:47,12:58,WO-2025-0509-U-010
WO-2025-0508-U-011,2025-05-08,prune,pruning,3,107,U3-03,14,14,816,574,palms,14.0,14.0,partial,06:47,11:56,WO-2025-0509-U-011
WO-2025-0508-U-012,2025-05-08,spray,spraying,3,111,S3-01,15,14,37.63,28.62,ha,15.0,14.0,partial,06:47,12:09,WO-2025-0509-U-012
WO-2025-0508-U-013,2025-05-08,weed,circle_weeding,4,130,U4-01,13,12,11.44,8.5,ha,13.0,12.0,partial,07:03,12:13,WO-2025-0509-U-013
WO-2025-0508-U-014,2025-05-08,weed,path_upkeep,4,138,U4-02,5,12,7.21,7.21,ha,5.0,12.0,completed,06:46,13:32,
WO-2025-0508-U-015,2025-05-08,weed,circle_weeding,4,153,U4-03,13,14,13.96,15.84,ha,13.0,14.0,partial,07:13,13:56,WO-2025-0509-U-015
WO-2025-0508-U-016,2025-05-08,prune,pruning,4,159,U4-04,13,13,672,769,palms,13.0,13.0,partial,06:55,13:57,WO-2025-0509-U-016
WO-2025-0508-U-017,2025-05-08,spray,spraying,4,154,S4-01,1,14,2.04,2.04,ha,1.0,14.0,completed,07:14,14:17,
WO-2025-0508-U-018,2025-05-08,weed,circle_weeding,5,173,U5-01,9,12,10.25,10.25,ha,9.0,12.0,completed,07:04,13:59,
WO-2025-0508-U-019,2025-05-08,prune,pruning,5,187,U5-02,13,15,809,670,palms,13.0,15.0,partial,06:00,12:56,WO-2025-0509-U-019
WO-2025-0508-U-020,2025-05-08,weed,path_upkeep,5,202,U5-03,3,15,4.81,4.81,ha,3.0,15.0,completed,06:59,14:28,
WO-2025-0508-U-021,2025-05-08,spray,spraying,5,187,S5-01,5,10,9.97,9.97,ha,5.0,10.0,completed,07:14,14:35,
WO-2025-0508-U-022,2025-05-08,prune,pruning,6,203,U6-01,16,15,880,485,palms,16.0,15.0,partial,07:02,11:01,WO-2025-0509-U-022
WO-2025-0508-U-023,2025-05-08,weed,circle_weeding,6,248,U6-02,16,17,18.5,10.28,ha,16.0,17.0,partial,06:57,11:19,WO-2025-0509-U-023
WO-2025-0508-U-024,2025-05-08,weed,circle_weeding,6,254,U6-03,16,16,19.45,16.26,ha,16.0,16.0,partial,06:57,13:04,WO-2025-0509-U-024
WO-2025-0508-U-025,2025-05-08,weed,circle_weeding,6,379,U6-04,12,15,13.56,8.55,ha,12.0,15.0,partial,07:01,11:44,WO-2025-0509-U-025
WO-2025-0508-U-026,2025-05-08,spray,spraying,6,263,S6-01,11,18,28.28,28.28,ha,11.0,18.0,completed,06:48,14:11,
WO-2025-0508-U-027,2025-05-08,weed,circle_weeding,7,295,U7-01,13,12,12.58,7.55,ha,13.0,12.0,partial,06:49,11:05,WO-2025-0509-U-027
WO-2025-0508-U-028,2025-05-08,weed,circle_weeding,7,301,U7-02,10,15,10.39,10.39,ha,10.0,15.0,completed,07:14,14:20,
WO-2025-0508-U-029,2025-05-08,weed,path_upkeep,7,330,U7-03,6,13,7.8,7.8,ha,6.0,13.0,completed,06:59,13:51,
WO-2025-0508-U-030,2025-05-08,prune,pruning,7,346,U7-04,13,13,805,613,palms,13.0,13.0,partial,07:13,12:22,WO-2025-0509-U-030
WO-2025-0508-U-031,2025-05-08,spray,spraying,7,339,S7-01,12,17,29.58,29.58,ha,12.0,17.0,completed,06:57,14:16,
WO-2025-0509-U-001,2025-05-09,weed,circle_weeding,1,9,U1-01,6,19,6.86,6.86,ha,6.0,19.0,completed,07:03,13:46,
WO-2025-0509-U-002,2025-05-09,weed,path_upkeep,1,22,U1-02,3,17,4.96,4.96,ha,3.0,17.0,completed,07:06,14:34,
WO-2025-0509-U-003,2025-05-09,weed,path_upkeep,1,38,U1-03,9,17,12.62,12.62,ha,9.0,17.0,completed,07:10,13:53,
WO-2025-0509-U-004,2025-05-09,spray,spraying,1,29,S1-01,12,12,28.6,0.0,ha,12.0,3.6,weathered_off,07:01,09:59,WO-2025-0510-U-004
WO-2025-0509-U-005,2025-05-09,weed,circle_weeding,2,42,U2-01,15,15,17.79,15.58,ha,15.0,15.0,partial,06:57,13:01,WO-2025-0510-U-005
WO-2025-0509-U-006,2025-05-09,weed,circle_weeding,2,57,U2-02,8,17,8.85,8.85,ha,8.0,17.0,completed,06:50,13:45,
WO-2025-0509-U-007,2025-05-09,prune,pruning,2,74,U2-03,15,16,846,563,palms,15.0,16.0,partial,06:59,11:30,WO-2025-0510-U-007
WO-2025-0509-U-008,2025-05-09,spray,spraying,2,47,S2-01,12,12,29.67,0.0,ha,12.0,3.6,weathered_off,07:09,09:12,WO-2025-0510-U-008
WO-2025-0509-U-009,2025-05-09,prune,pruning,3,83,U3-01,14,15,755,465,palms,14.0,15.0,partial,06:53,11:40,WO-2025-0510-U-009
WO-2025-0509-U-010,2025-05-09,weed,circle_weeding,3,97,U3-02,9,14,9.37,9.37,ha,9.0,14.0,completed,06:58,14:10,
WO-2025-0509-U-011,2025-05-09,prune,pruning,3,107,U3-03,14,16,816,512,palms,14.0,16.0,partial,07:08,11:19,WO-2025-0510-U-011
WO-2025-0509-U-012,2025-05-09,spray,spraying,3,111,S3-01,5,16,10.34,0.0,ha,5.0,4.8,weathered_off,07:03,09:20,WO-2025-0510-U-012
WO-2025-0509-U-013,2025-05-09,weed,circle_weeding,4,130,U4-01,13,14,11.44,5.13,ha,13.0,14.0,partial,06:52,10:30,WO-2025-0510-U-013
WO-2025-0509-U-014,2025-05-09,weed,path_upkeep,4,137,U4-02,13,13,21.37,14.36,ha,13.0,13.0,partial,07:14,11:45,WO-2025-0510-U-014
WO-2025-0509-U-015,2025-05-09,weed,circle_weeding,4,153,U4-03,6,14,5.95,5.95,ha,6.0,14.0,completed,07:03,14:29,
WO-2025-0509-U-016,2025-05-09,prune,pruning,4,159,U4-04,13,14,672,410,palms,13.0,14.0,partial,06:56,11:20,WO-2025-0510-U-016
WO-2025-0509-U-017,2025-05-09,spray,spraying,4,164,S4-01,6,14,13.73,0.0,ha,6.0,4.2,weathered_off,07:05,09:53,WO-2025-0510-U-017
WO-2025-0509-U-018,2025-05-09,weed,path_upkeep,5,176,U5-01,13,14,21.16,14.53,ha,13.0,14.0,partial,06:46,11:25,WO-2025-0510-U-018
WO-2025-0509-U-019,2025-05-09,prune,pruning,5,187,U5-02,6,14,322,322,palms,6.0,14.0,completed,06:49,13:42,
WO-2025-0509-U-020,2025-05-09,weed,path_upkeep,5,195,U5-03,13,14,23.4,14.31,ha,13.0,14.0,partial,06:55,11:01,WO-2025-0510-U-020
WO-2025-0509-U-021,2025-05-09,spray,spraying,5,193,S5-01,11,11,25.43,0.0,ha,11.0,3.3,weathered_off,06:52,09:20,WO-2025-0510-U-021
WO-2025-0509-U-022,2025-05-09,prune,pruning,6,203,U6-01,16,17,880,440,palms,16.0,17.0,partial,06:52,10:14,WO-2025-0510-U-022
WO-2025-0509-U-023,2025-05-09,weed,circle_weeding,6,248,U6-02,16,16,18.5,12.23,ha,16.0,16.0,partial,06:00,11:33,WO-2025-0510-U-023
WO-2025-0509-U-024,2025-05-09,weed,circle_weeding,6,254,U6-03,3,17,3.51,3.51,ha,3.0,17.0,completed,07:02,14:04,
WO-2025-0509-U-025,2025-05-09,weed,circle_weeding,6,379,U6-04,5,16,5.01,5.01,ha,5.0,16.0,completed,06:56,13:41,
WO-2025-0509-U-026,2025-05-09,spray,spraying,6,264,S6-01,5,16,11.92,0.0,ha,5.0,4.8,weathered_off,07:07,08:14,WO-2025-0510-U-025
WO-2025-0509-U-027,2025-05-09,weed,circle_weeding,7,295,U7-01,6,12,5.03,5.03,ha,6.0,12.0,completed,07:05,14:19,
WO-2025-0509-U-028,2025-05-09,weed,circle_weeding,7,308,U7-02,13,14,13.94,8.65,ha,13.0,14.0,partial,06:53,11:36,WO-2025-0510-U-027
WO-2025-0509-U-029,2025-05-09,weed,circle_weeding,7,332,U7-03,13,14,14.17,6.68,ha,13.0,14.0,partial,07:13,10:46,WO-2025-0510-U-028
WO-2025-0509-U-030,2025-05-09,prune,pruning,7,346,U7-04,13,10,805,504,palms,13.0,10.0,partial,07:02,11:48,WO-2025-0510-U-029
WO-2025-0509-U-031,2025-05-09,spray,spraying,7,307,S7-01,5,16,10.73,0.0,ha,5.0,4.8,weathered_off,06:49,08:08,WO-2025-0510-U-030
WO-2025-0510-U-001,2025-05-10,weed,path_upkeep,1,13,U1-01,17,17,27.41,25.42,ha,17.0,17.0,partial,07:10,14:02,WO-2025-0512-U-001
WO-2025-0510-U-002,2025-05-10,weed,circle_weeding,1,23,U1-02,17,18,21.0,13.91,ha,17.0,18.0,partial,07:07,11:42,WO-2025-0512-U-002
WO-2025-0510-U-003,2025-05-10,weed,path_upkeep,1,35,U1-03,17,18,24.3,12.04,ha,17.0,18.0,partial,07:10,11:02,WO-2025-0512-U-003
WO-2025-0510-U-004,2025-05-10,spray,spraying,1,29,S1-01,12,12,28.6,0.0,ha,12.0,3.6,weathered_off,06:58,09:14,WO-2025-0512-U-004
WO-2025-0510-U-005,2025-05-10,weed,circle_weeding,2,42,U2-01,12,14,13.44,11.99,ha,12.0,14.0,partial,06:58,13:26,WO-2025-0512-U-005
WO-2025-0510-U-006,2025-05-10,weed,circle_weeding,2,55,U2-02,15,17,18.0,12.19,ha,15.0,17.0,partial,06:46,11:28,WO-2025-0512-U-006
WO-2025-0510-U-007,2025-05-10,prune,pruning,2,74,U2-03,15,16,846,747,palms,15.0,16.0,partial,07:08,13:45,WO-2025-0512-U-007
WO-2025-0510-U-008,2025-05-10,spray,spraying,2,47,S2-01,12,13,29.67,0.0,ha,12.0,3.9,weathered_off,07:05,09:31,WO-2025-0512-U-008
WO-2025-0510-U-009,2025-05-10,prune,pruning,3,83,U3-01,14,16,755,662,palms,14.0,16.0,partial,07:00,13:30,WO-2025-0512-U-009
WO-2025-0510-U-010,2025-05-10,weed,circle_weeding,3,94,U3-02,14,14,15.26,9.6,ha,14.0,14.0,partial,07:03,11:22,WO-2025-0512-U-010
WO-2025-0510-U-011,2025-05-10,prune,pruning,3,107,U3-03,14,13,816,529,palms,14.0,13.0,partial,06:59,11:16,WO-2025-0512-U-011
WO-2025-0510-U-012,2025-05-10,spray,spraying,3,111,S3-01,5,15,10.34,0.0,ha,5.0,4.5,weathered_off,06:46,07:48,WO-2025-0512-U-013
WO-2025-0510-U-013,2025-05-10,weed,circle_weeding,4,130,U4-01,12,14,9.82,9.82,ha,12.0,14.0,completed,07:02,14:14,
WO-2025-0510-U-014,2025-05-10,weed,path_upkeep,4,137,U4-02,10,13,15.32,13.75,ha,10.0,13.0,partial,06:45,12:00,WO-2025-0512-U-015
WO-2025-0510-U-015,2025-05-10,weed,circle_weeding,4,146,U4-03,13,13,13.96,10.69,ha,13.0,13.0,partial,06:50,12:08,WO-2025-0512-U-016
WO-2025-0510-U-016,2025-05-10,prune,pruning,4,159,U4-04,13,13,672,493,palms,13.0,13.0,partial,07:14,12:26,WO-2025-0512-U-017
WO-2025-0510-U-017,2025-05-10,spray,spraying,4,164,S4-01,6,14,13.73,0.0,ha,6.0,4.2,weathered_off,07:10,08:59,WO-2025-0512-U-018
WO-2025-0510-U-018,2025-05-10,weed,path_upkeep,5,176,U5-01,8,16,12.04,12.04,ha,8.0,16.0,completed,07:12,14:26,
WO-2025-0510-U-019,2025-05-10,weed,circle_weeding,5,182,U5-02,13,15,16.19,9.95,ha,13.0,15.0,partial,06:49,11:18,WO-2025-0512-U-020
WO-2025-0510-U-020,2025-05-10,weed,path_upkeep,5,195,U5-03,8,14,14.0,9.36,ha,8.0,14.0,partial,06:51,11:41,WO-2025-0512-U-021
WO-2025-0510-U-021,2025-05-10,spray,spraying,5,193,S5-01,11,12,25.43,0.0,ha,11.0,3.6,weathered_off,06:58,09:36,WO-2025-0512-U-022
WO-2025-0510-U-022,2025-05-10,prune,pruning,6,203,U6-01,16,12,880,522,palms,16.0,12.0,partial,06:52,11:25,WO-2025-0512-U-023
WO-2025-0510-U-023,2025-05-10,weed,circle_weeding,6,248,U6-02,8,16,8.21,8.21,ha,8.0,16.0,completed,06:52,13:54,
WO-2025-0510-U-024,2025-05-10,weed,circle_weeding,6,268,U6-04,16,17,18.69,15.16,ha,16.0,17.0,partial,07:06,12:45,WO-2025-0512-U-026
WO-2025-0510-U-025,2025-05-10,spray,spraying,6,264,S6-01,5,17,11.92,0.0,ha,5.0,5.1,weathered_off,07:01,08:38,WO-2025-0512-U-027
WO-2025-0510-U-026,2025-05-10,weed,path_upkeep,7,296,U7-01,13,14,17.63,10.79,ha,13.0,14.0,partial,06:58,11:36,WO-2025-0512-U-028
WO-2025-0510-U-027,2025-05-10,weed,circle_weeding,7,308,U7-02,7,14,7.26,6.2,ha,7.0,14.0,partial,06:46,12:27,WO-2025-0512-U-029
WO-2025-0510-U-028,2025-05-10,weed,circle_weeding,7,332,U7-03,13,10,14.17,7.67,ha,13.0,10.0,partial,06:49,10:38,WO-2025-0512-U-030
WO-2025-0510-U-029,2025-05-10,prune,pruning,7,346,U7-04,13,15,805,553,palms,13.0,15.0,partial,07:00,12:06,WO-2025-0512-U-031
WO-2025-0510-U-030,2025-05-10,spray,spraying,7,307,S7-01,5,15,10.73,0.0,ha,5.0,4.5,weathered_off,07:01,08:49,WO-2025-0512-U-032
WO-2025-0512-U-001,2025-05-12,weed,path_upkeep,1,13,U1-01,5,16,6.68,6.68,ha,5.0,16.0,completed,06:48,13:31,
WO-2025-0512-U-002,2025-05-12,weed,circle_weeding,1,23,U1-02,12,17,14.23,14.23,ha,12.0,17.0,completed,07:10,13:55,
WO-2025-0512-U-003,2025-05-12,weed,path_upkeep,1,35,U1-03,14,18,19.41,15.94,ha,14.0,18.0,partial,07:09,12:00,WO-2025-0513-U-003
WO-2025-0512-U-004,2025-05-12,spray,spraying,1,29,S1-01,12,13,28.6,28.6,ha,12.0,13.0,completed,06:54,13:44,
WO-2025-0512-U-005,2025-05-12,weed,circle_weeding,2,42,U2-01,2,16,1.46,1.46,ha,2.0,16.0,completed,07:08,14:37,
WO-2025-0512-U-006,2025-05-12,weed,circle_weeding,2,55,U2-02,15,17,17.7,17.7,ha,15.0,17.0,completed,06:54,14:06,
WO-2025-0512-U-007,2025-05-12,prune,pruning,2,74,U2-03,4,15,209,209,palms,4.0,15.0,completed,07:12,14:38,
WO-2025-0512-U-008,2025-05-12,spray,spraying,2,47,S2-01,12,12,29.67,19.3,ha,12.0,12.0,partial,07:12,11:40,WO-2025-0513-U-008
WO-2025-0512-U-009,2025-05-12,prune,pruning,3,83,U3-01,6,14,275,275,palms,6.0,14.0,completed,07:06,14:14,
WO-2025-0512-U-010,2025-05-12,weed,circle_weeding,3,94,U3-02,10,15,10.08,10.08,ha,10.0,15.0,completed,07:03,14:29,
WO-2025-0512-U-011,2025-05-12,prune,pruning,3,107,U3-03,14,14,816,621,palms,14.0,14.0,partial,07:11,12:58,WO-2025-0513-U-011
WO-2025-0512-U-012,2025-05-12,weed,path_upkeep,3,121,U3-04,4,15,4.68,4.68,ha,4.0,15.0,completed,07:09,14:11,
WO-2025-0512-U-013,2025-05-12,spray,spraying,3,111,S3-01,5,16,10.34,10.34,ha,5.0,16.0,completed,07:09,14:17,
WO-2025-0512-U-014,2025-05-12,weed,circle_weeding,4,125,U4-01,8,14,6.64,6.64,ha,8.0,14.0,completed,06:46,13:37,
WO-2025-0512-U-015,2025-05-12,weed,path_upkeep,4,137,U4-02,1,14,1.58,1.58,ha,1.0,14.0,completed,07:05,14:22,
WO-2025-0512-U-016,2025-05-12,weed,circle_weeding,4,146,U4-03,13,13,13.96,10.98,ha,13.0,13.0,partial,06:00,12:25,WO-2025-0513-U-016
WO-2025-0512-U-017,2025-05-12,prune,pruning,4,159,U4-04,13,13,672,770,palms,13.0,13.0,partial,07:06,14:27,WO-2025-0513-U-017
WO-2025-0512-U-018,2025-05-12,spray,spraying,4,164,S4-01,6,14,13.73,13.73,ha,6.0,14.0,completed,06:00,14:19,
WO-2025-0512-U-019,2025-05-12,weed,circle_weeding,5,172,U5-01,13,14,15.52,14.35,ha,13.0,14.0,partial,06:54,13:09,WO-2025-0513-U-019
WO-2025-0512-U-020,2025-05-12,weed,circle_weeding,5,182,U5-02,11,11,13.59,13.59,ha,11.0,11.0,completed,06:52,14:02,
WO-2025-0512-U-021,2025-05-12,weed,path_upkeep,5,195,U5-03,3,13,4.65,4.65,ha,3.0,13.0,completed,07:14,14:16,
WO-2025-0512-U-022,2025-05-12,spray,spraying,5,193,S5-01,11,12,25.43,22.25,ha,11.0,12.0,partial,06:50,13:02,WO-2025-0513-U-022
WO-2025-0512-U-023,2025-05-12,prune,pruning,6,203,U6-01,16,15,880,945,palms,16.0,15.0,partial,07:07,14:19,WO-2025-0513-U-023
WO-2025-0512-U-024,2025-05-12,weed,circle_weeding,6,215,U6-02,16,17,18.5,14.19,ha,16.0,17.0,partial,07:09,12:31,WO-2025-0513-U-024
WO-2025-0512-U-025,2025-05-12,weed,circle_weeding,6,252,U6-03,16,15,19.45,14.48,ha,16.0,15.0,partial,06:50,12:08,WO-2025-0513-U-025
WO-2025-0512-U-026,2025-05-12,weed,circle_weeding,6,268,U6-04,4,16,3.56,3.56,ha,4.0,16.0,completed,07:03,14:07,
WO-2025-0512-U-027,2025-05-12,spray,spraying,6,264,S6-01,5,16,11.92,11.92,ha,5.0,16.0,completed,06:55,13:40,
WO-2025-0512-U-028,2025-05-12,weed,path_upkeep,7,296,U7-01,12,13,15.59,12.62,ha,12.0,13.0,partial,07:02,12:59,WO-2025-0513-U-028
WO-2025-0512-U-029,2025-05-12,weed,circle_weeding,7,308,U7-02,1,14,1.06,1.06,ha,1.0,14.0,completed,06:49,13:37,
WO-2025-0512-U-030,2025-05-12,weed,circle_weeding,7,332,U7-03,8,12,7.76,7.76,ha,8.0,12.0,completed,07:11,14:21,
WO-2025-0512-U-031,2025-05-12,prune,pruning,7,346,U7-04,13,12,805,702,palms,13.0,12.0,partial,06:50,12:53,WO-2025-0513-U-031
WO-2025-0512-U-032,2025-05-12,spray,spraying,7,307,S7-01,5,17,10.73,10.73,ha,5.0,17.0,completed,06:52,13:35,
WO-2025-0513-U-001,2025-05-13,weed,path_upkeep,1,9,U1-01,17,18,25.87,25.87,ha,17.0,18.0,completed,07:07,14:35,
WO-2025-0513-U-002,2025-05-13,weed,circle_weeding,1,15,U1-02,17,16,21.0,18.94,ha,17.0,16.0,partial,06:55,13:42,WO-2025-0514-U-002
WO-2025-0513-U-003,2025-05-13,weed,path_upkeep,1,35,U1-03,3,16,3.47,3.47,ha,3.0,16.0,completed,06:46,13:54,
WO-2025-0513-U-004,2025-05-13,spray,spraying,1,30,S1-01,11,12,27.17,21.25,ha,11.0,12.0,partial,06:51,12:42,WO-2025-0514-U-004
WO-2025-0513-U-005,2025-05-13,weed,circle_weeding,2,44,U2-01,15,17,17.79,13.58,ha,15.0,17.0,partial,07:12,13:00,WO-2025-0514-U-005
WO-2025-0513-U-006,2025-05-13,prune,pruning,2,58,U2-02,15,16,900,864,palms,15.0,16.0,partial,07:00,14:09,WO-2025-0514-U-006
WO-2025-0513-U-007,2025-05-13,weed,circle_weeding,2,69,U2-03,15,13,16.91,9.45,ha,15.0,13.0,partial,07:12,11:05,WO-2025-0514-U-007
WO-2025-0513-U-008,2025-05-13,spray,spraying,2,47,S2-01,4,12,10.37,10.37,ha,4.0,12.0,completed,07:04,14:07,
WO-2025-0513-U-009,2025-05-13,weed,path_upkeep,3,77,U3-01,14,16,20.58,18.24,ha,14.0,16.0,partial,07:10,13:49,WO-2025-0514-U-009
WO-2025-0513-U-010,2025-05-13,prune,pruning,3,91,U3-02,14,15,763,557,palms,14.0,15.0,partial,06:47,12:14,WO-2025-0514-U-010
WO-2025-0513-U-011,2025-05-13,prune,pruning,3,107,U3-03,14,14,816,771,palms,14.0,14.0,partial,06:57,13:41,WO-2025-0514-U-011
WO-2025-0513-U-012,2025-05-13,weed,path_upkeep,3,117,U3-04,7,16,10.19,10.19,ha,7.0,16.0,completed,07:11,14:40,
WO-2025-0513-U-013,2025-05-13,spray,spraying,3,121,S3-01,2,16,4.68,4.68,ha,2.0,16.0,completed,07:14,14:32,
WO-2025-0513-U-014,2025-05-13,weed,path_upkeep,4,128,U4-01,13,13,15.6,12.77,ha,13.0,13.0,partial,07:09,13:16,WO-2025-0514-U-013
WO-2025-0513-U-015,2025-05-13,weed,path_upkeep,4,143,U4-02,13,15,21.37,18.24,ha,13.0,15.0,partial,06:00,13:01,WO-2025-0514-U-014
WO-2025-0513-U-016,2025-05-13,weed,circle_weeding,4,146,U4-03,7,13,6.92,6.92,ha,7.0,13.0,completed,06:54,13:36,
WO-2025-0513-U-017,2025-05-13,prune,pruning,4,159,U4-04,13,12,640,431,palms,13.0,12.0,partial,06:45,11:53,WO-2025-0514-U-016
WO-2025-0513-U-018,2025-05-13,spray,spraying,4,156,S4-01,9,14,21.91,16.93,ha,9.0,14.0,partial,07:07,12:22,WO-2025-0514-U-017
WO-2025-0513-U-019,2025-05-13,weed,circle_weeding,5,172,U5-01,10,13,11.09,11.09,ha,10.0,13.0,completed,07:13,14:25,
WO-2025-0513-U-020,2025-05-13,weed,path_upkeep,5,190,U5-02,13,14,22.07,21.81,ha,13.0,14.0,partial,06:55,13:32,WO-2025-0514-U-019
WO-2025-0513-U-021,2025-05-13,weed,circle_weeding,5,193,U5-03,13,13,17.16,9.56,ha,13.0,13.0,partial,07:14,11:10,WO-2025-0514-U-020
WO-2025-0513-U-022,2025-05-13,spray,spraying,5,193,S5-01,3,11,6.93,6.93,ha,3.0,11.0,completed,06:52,14:09,
WO-2025-0513-U-023,2025-05-13,prune,pruning,6,203,U6-01,16,16,880,437,palms,16.0,16.0,partial,07:12,10:35,WO-2025-0514-U-022
WO-2025-0513-U-024,2025-05-13,weed,circle_weeding,6,215,U6-02,13,14,14.9,14.9,ha,13.0,14.0,completed,06:54,13:42,
WO-2025-0513-U-025,2025-05-13,weed,circle_weeding,6,252,U6-03,14,15,15.83,8.53,ha,14.0,15.0,partial,07:01,10:50,WO-2025-0514-U-024
WO-2025-0513-U-026,2025-05-13,weed,circle_weeding,6,265,U6-04,15,16,17.48,10.95,ha,15.0,16.0,partial,07:06,11:43,WO-2025-0514-U-025
WO-2025-0513-U-027,2025-05-13,spray,spraying,6,260,S6-01,6,17,15.91,15.91,ha,6.0,17.0,completed,07:15,14:22,
WO-2025-0513-U-028,2025-05-13,weed,path_upkeep,7,296,U7-01,3,12,2.97,2.97,ha,3.0,12.0,completed,06:48,13:43,
WO-2025-0513-U-029,2025-05-13,weed,circle_weeding,7,300,U7-02,13,13,13.94,6.03,ha,13.0,13.0,partial,06:47,10:11,WO-2025-0514-U-028
WO-2025-0513-U-030,2025-05-13,weed,circle_weeding,7,335,U7-03,13,14,14.17,14.07,ha,13.0,14.0,partial,06:56,13:41,WO-2025-0514-U-029
WO-2025-0513-U-031,2025-05-13,prune,pruning,7,346,U7-04,13,15,805,426,palms,13.0,15.0,partial,07:03,10:34,WO-2025-0514-U-030
WO-2025-0513-U-032,2025-05-13,spray,spraying,7,298,S7-01,11,16,25.16,25.16,ha,11.0,16.0,completed,07:05,14:01,
WO-2025-0514-U-001,2025-05-14,weed,path_upkeep,1,7,U1-01,11,18,16.14,16.14,ha,11.0,18.0,completed,06:59,14:21,
WO-2025-0514-U-002,2025-05-14,weed,circle_weeding,1,15,U1-02,13,18,15.06,15.06,ha,13.0,18.0,completed,06:50,13:35,
WO-2025-0514-U-003,2025-05-14,weed,circle_weeding,1,36,U1-03,17,17,17.82,12.53,ha,17.0,17.0,partial,07:14,12:29,WO-2025-0515-U-003
WO-2025-0514-U-004,2025-05-14,spray,spraying,1,30,S1-01,3,13,5.92,5.92,ha,3.0,13.0,completed,07:05,14:26,
WO-2025-0514-U-005,2025-05-14,weed,circle_weeding,2,44,U2-01,12,14,13.76,13.76,ha,12.0,14.0,completed,06:52,14:11,
WO-2025-0514-U-006,2025-05-14,prune,pruning,2,58,U2-02,15,17,900,961,palms,15.0,17.0,partial,07:05,14:07,WO-2025-0515-U-005
WO-2025-0514-U-007,2025-05-14,weed,circle_weeding,2,69,U2-03,15,16,16.91,13.32,ha,15.0,16.0,partial,06:48,12:34,WO-2025-0515-U-006
WO-2025-0514-U-008,2025-05-14,spray,spraying,2,50,S2-01,11,13,26.74,26.74,ha,11.0,13.0,completed,06:49,14:16,
WO-2025-0514-U-009,2025-05-14,weed,path_upkeep,3,77,U3-01,7,14,10.16,10.16,ha,7.0,14.0,completed,06:59,14:16,
WO-2025-0514-U-010,2025-05-14,prune,pruning,3,91,U3-02,14,15,763,585,palms,14.0,15.0,partial,06:45,12:16,WO-2025-0515-U-009
WO-2025-0514-U-011,2025-05-14,prune,pruning,3,107,U3-03,14,14,816,411,palms,14.0,14.0,partial,07:08,10:27,WO-2025-0515-U-010
WO-2025-0514-U-012,2025-05-14,spray,spraying,3,89,S3-01,12,15,29.34,28.24,ha,12.0,15.0,partial,06:56,13:00,WO-2025-0515-U-011
WO-2025-0514-U-013,2025-05-14,weed,path_upkeep,4,128,U4-01,13,12,15.6,13.41,ha,13.0,12.0,partial,07:06,13:19,WO-2025-0515-U-012
WO-2025-0514-U-014,2025-05-14,weed,path_upkeep,4,143,U4-02,6,14,9.73,9.73,ha,6.0,14.0,completed,06:53,14:05,
WO-2025-0514-U-015,2025-05-14,prune,pruning,4,150,U4-03,13,13,698,436,palms,13.0,13.0,partial,06:52,11:16,WO-2025-0515-U-014
WO-2025-0514-U-016,2025-05-14,prune,pruning,4,159,U4-04,5,13,210,210,palms,5.0,13.0,completed,07:08,14:30,
WO-2025-0514-U-017,2025-05-14,spray,spraying,4,156,S4-01,2,13,4.98,4.98,ha,2.0,13.0,completed,06:48,13:46,
WO-2025-0514-U-018,2025-05-14,weed,path_upkeep,5,179,U5-01,13,13,21.16,18.41,ha,13.0,13.0,partial,07:07,13:04,WO-2025-0515-U-017
WO-2025-0514-U-019,2025-05-14,weed,path_upkeep,5,190,U5-02,5,14,7.04,7.04,ha,5.0,14.0,completed,07:09,13:53,
WO-2025-0514-U-020,2025-05-14,weed,circle_weeding,5,193,U5-03,13,14,17.16,11.14,ha,13.0,14.0,partial,07:11,11:38,WO-2025-0515-U-019
WO-2025-0514-U-021,2025-05-14,spray,spraying,5,373,S5-01,2,11,3.42,3.42,ha,2.0,11.0,completed,07:11,14:28,
WO-2025-0514-U-022,2025-05-14,prune,pruning,6,203,U6-01,16,17,880,790,palms,16.0,17.0,partial,07:10,13:24,WO-2025-0515-U-021
WO-2025-0514-U-023,2025-05-14,weed,path_upkeep,6,247,U6-02,10,17,15.14,12.76,ha,10.0,17.0,partial,06:47,12:32,WO-2025-0515-U-022
WO-2025-0514-U-024,2025-05-14,weed,circle_weeding,6,252,U6-03,6,16,7.29,7.29,ha,6.0,16.0,completed,07:14,14:35,
WO-2025-0514-U-025,2025-05-14,weed,circle_weeding,6,265,U6-04,6,17,6.53,6.53,ha,6.0,17.0,completed,07:01,14:20,
WO-2025-0514-U-026,2025-05-14,spray,spraying,6,209,S6-01,10,17,25.28,25.28,ha,10.0,17.0,completed,06:49,13:42,
WO-2025-0514-U-027,2025-05-14,weed,circle_weeding,7,298,U7-01,13,12,12.93,8.25,ha,13.0,12.0,partial,06:48,11:29,WO-2025-0515-U-025
WO-2025-0514-U-028,2025-05-14,weed,circle_weeding,7,300,U7-02,13,14,13.43,13.43,ha,13.0,14.0,completed,07:04,14:01,
WO-2025-0514-U-029,2025-05-14,weed,circle_weeding,7,335,U7-03,11,15,11.9,11.9,ha,11.0,15.0,completed,07:06,13:56,
WO-2025-0514-U-030,2025-05-14,prune,pruning,7,346,U7-04,10,13,577,577,palms,10.0,13.0,completed,06:55,14:05,
WO-2025-0514-U-031,2025-05-14,spray,spraying,7,291,S7-01,11,14,25.57,19.99,ha,11.0,14.0,partial,06:55,12:51,WO-2025-0515-U-029
WO-2025-0515-U-001,2025-05-15,weed,circle_weeding,1,11,U1-01,17,17,20.1,13.65,ha,17.0,17.0,partial,07:07,12:01,WO-2025-0516-U-001
WO-2025-0515-U-002,2025-05-15,prune,pruning,1,24,U1-02,17,15,1050,542,palms,17.0,15.0,partial,07:07,10:54,WO-2025-0516-U-002
WO-2025-0515-U-003,2025-05-15,weed,circle_weeding,1,36,U1-03,16,16,16.29,13.09,ha,16.0,16.0,partial,07:12,13:16,WO-2025-0516-U-003
WO-2025-0515-U-004,2025-05-15,spray,spraying,1,24,S1-01,10,13,24.51,24.51,ha,10.0,13.0,completed,06:48,13:56,
WO-2025-0515-U-005,2025-05-15,prune,pruning,2,58,U2-02,15,15,900,754,palms,15.0,15.0,partial,06:56,13:10,WO-2025-0516-U-006
WO-2025-0515-U-006,2025-05-15,weed,circle_weeding,2,69,U2-03,5,18,5.64,5.64,ha,5.0,18.0,completed,07:15,14:01,
WO-2025-0515-U-007,2025-05-15,spray,spraying,2,55,S2-01,12,13,29.89,27.82,ha,12.0,13.0,partial,06:48,13:43,WO-2025-0516-U-008
WO-2025-0515-U-008,2025-05-15,weed,circle_weeding,3,75,U3-01,14,15,15.09,9.61,ha,14.0,15.0,partial,06:55,11:38,WO-2025-0516-U-009
WO-2025-0515-U-009,2025-05-15,prune,pruning,3,91,U3-02,14,16,763,798,palms,14.0,16.0,partial,06:48,14:04,WO-2025-0516-U-010
WO-2025-0515-U-010,2025-05-15,prune,pruning,3,107,U3-03,14,15,816,676,palms,14.0,15.0,partial,06:49,12:00,WO-2025-0516-U-011
WO-2025-0515-U-011,2025-05-15,spray,spraying,3,89,S3-01,1,13,1.1,1.1,ha,1.0,13.0,completed,07:01,14:01,
WO-2025-0515-U-012,2025-05-15,weed,path_upkeep,4,128,U4-01,4,14,4.06,4.06,ha,4.0,14.0,completed,07:04,13:49,
WO-2025-0515-U-013,2025-05-15,weed,path_upkeep,4,140,U4-02,13,11,21.37,13.16,ha,13.0,11.0,partial,07:05,11:33,WO-2025-0516-U-015
WO-2025-0515-U-014,2025-05-15,prune,pruning,4,150,U4-03,13,13,698,632,palms,13.0,13.0,partial,06:59,13:37,WO-2025-0516-U-016
WO-2025-0515-U-015,2025-05-15,weed,circle_weeding,4,165,U4-04,13,12,13.44,9.32,ha,13.0,12.0,partial,06:51,12:01,WO-2025-0516-U-017
WO-2025-0515-U-016,2025-05-15,spray,spraying,4,163,S4-01,6,16,12.99,12.99,ha,6.0,16.0,completed,06:54,14:17,
WO-2025-0515-U-017,2025-05-15,weed,path_upkeep,5,179,U5-01,5,13,7.1,7.1,ha,5.0,13.0,completed,07:02,13:55,
WO-2025-0515-U-018,2025-05-15,weed,path_upkeep,5,186,U5-02,13,14,22.07,17.06,ha,13.0,14.0,partial,07:06,12:17,WO-2025-0516-U-020
WO-2025-0515-U-019,2025-05-15,weed,circle_weeding,5,193,U5-03,7,14,8.48,8.48,ha,7.0,14.0,completed,07:15,14:45,
WO-2025-0515-U-020,2025-05-15,spray,spraying,5,174,S5-01,5,12,10.64,10.64,ha,5.0,12.0,completed,06:00,14:12,
WO-2025-0515-U-021,2025-05-15,prune,pruning,6,203,U6-01,16,16,880,502,palms,16.0,16.0,partial,07:10,11:10,WO-2025-0516-U-023
WO-2025-0515-U-022,2025-05-15,weed,path_upkeep,6,247,U6-02,2,14,2.38,2.38,ha,2.0,14.0,completed,07:06,14:22,
WO-2025-0515-U-023,2025-05-15,weed,circle_weeding,6,266,U6-04,16,16,18.69,11.55,ha,16.0,16.0,partial,06:54,11:14,WO-2025-0516-U-025
WO-2025-0515-U-024,2025-05-15,spray,spraying,6,258,S6-01,5,17,11.0,11.0,ha,5.0,17.0,completed,06:50,13:57,
WO-2025-0515-U-025,2025-05-15,weed,circle_weeding,7,298,U7-01,13,13,12.93,11.41,ha,13.0,13.0,partial,06:54,13:22,WO-2025-0516-U-027
WO-2025-0515-U-026,2025-05-15,weed,path_upkeep,7,308,U7-02,11,13,15.91,10.1,ha,11.0,13.0,partial,07:13,11:38,WO-2025-0516-U-028
WO-2025-0515-U-027,2025-05-15,weed,path_upkeep,7,338,U7-03,13,13,19.32,12.71,ha,13.0,13.0,partial,07:06,12:06,WO-2025-0516-U-029
WO-2025-0515-U-028,2025-05-15,weed,circle_weeding,7,347,U7-04,13,13,16.1,13.62,ha,13.0,13.0,partial,07:04,12:54,WO-2025-0516-U-030
WO-2025-0515-U-029,2025-05-15,spray,spraying,7,291,S7-01,3,16,5.58,5.58,ha,3.0,16.0,completed,07:07,14:22,
WO-2025-0516-U-001,2025-05-16,weed,circle_weeding,1,11,U1-01,17,17,19.49,19.49,ha,17.0,17.0,completed,07:11,14:29,
WO-2025-0516-U-002,2025-05-16,prune,pruning,1,24,U1-02,17,16,1050,897,palms,17.0,16.0,partial,07:07,13:19,WO-2025-0517-U-002
WO-2025-0516-U-003,2025-05-16,weed,circle_weeding,1,36,U1-03,4,17,3.2,3.2,ha,4.0,17.0,completed,07:12,14:32,
WO-2025-0516-U-004,2025-05-16,spray,spraying,1,31,S1-01,12,12,27.99,17.66,ha,12.0,12.0,partial,06:59,11:51,WO-2025-0517-U-004
WO-2025-0516-U-005,2025-05-16,weed,circle_weeding,2,49,U2-01,15,15,17.79,14.35,ha,15.0,15.0,partial,07:08,13:05,WO-2025-0517-U-005
WO-2025-0516-U-006,2025-05-16,prune,pruning,2,58,U2-02,15,16,900,1032,palms,15.0,16.0,partial,06:47,13:44,WO-2025-0517-U-006
WO-2025-0516-U-007,2025-05-16,weed,circle_weeding,2,74,U2-03,15,16,16.91,13.49,ha,15.0,16.0,partial,07:13,13:17,WO-2025-0517-U-007
WO-2025-0516-U-008,2025-05-16,spray,spraying,2,55,S2-01,1,13,2.07,2.07,ha,1.0,13.0,completed,07:14,14:38,
WO-2025-0516-U-009,2025-05-16,weed,circle_weeding,3,75,U3-01,14,15,15.09,10.8,ha,14.0,15.0,partial,06:54,12:16,WO-2025-0517-U-009
WO-2025-0516-U-010,2025-05-16,prune,pruning,3,91,U3-02,6,14,316,316,palms,6.0,14.0,completed,07:01,13:48,
WO-2025-0516-U-011,2025-05-16,prune,pruning,3,107,U3-03,3,13,174,174,palms,3.0,13.0,completed,07:09,14:04,
WO-2025-0516-U-012,2025-05-16,weed,path_upkeep,3,119,U3-04,3,13,4.05,4.05,ha,3.0,13.0,completed,07:04,14:10,
WO-2025-0516-U-013,2025-05-16,spray,spraying,3,97,S3-01,9,16,22.03,22.03,ha,9.0,16.0,completed,07:09,14:30,
WO-2025-0516-U-014,2025-05-16,weed,circle_weeding,4,129,U4-01,13,15,11.44,7.48,ha,13.0,15.0,partial,06:46,11:07,WO-2025-0517-U-013
WO-2025-0516-U-015,2025-05-16,weed,path_upkeep,4,140,U4-02,9,12,14.76,14.76,ha,9.0,12.0,completed,06:53,14:09,
WO-2025-0516-U-016,2025-05-16,prune,pruning,4,150,U4-03,13,12,698,595,palms,13.0,12.0,partial,07:00,12:56,WO-2025-0517-U-015
WO-2025-0516-U-017,2025-05-16,weed,circle_weeding,4,165,U4-04,8,13,7.91,7.91,ha,8.0,13.0,completed,07:02,14:19,
WO-2025-0516-U-018,2025-05-16,spray,spraying,4,133,S4-01,11,12,27.44,27.44,ha,11.0,12.0,completed,06:51,14:18,
WO-2025-0516-U-019,2025-05-16,weed,circle_weeding,5,170,U5-01,13,13,15.52,9.45,ha,13.0,13.0,partial,07:12,11:43,WO-2025-0517-U-018
WO-2025-0516-U-020,2025-05-16,weed,path_upkeep,5,186,U5-02,7,14,10.46,10.46,ha,7.0,14.0,completed,07:01,14:01,
WO-2025-0516-U-021,2025-05-16,weed,circle_weeding,5,197,U5-03,13,13,17.16,12.4,ha,13.0,13.0,partial,06:59,11:48,WO-2025-0517-U-020
WO-2025-0516-U-022,2025-05-16,spray,spraying,5,182,S5-01,11,11,23.54,23.54,ha,11.0,11.0,completed,07:11,13:57,
WO-2025-0516-U-023,2025-05-16,prune,pruning,6,203,U6-01,16,17,880,606,palms,16.0,17.0,partial,07:10,12:16,WO-2025-0517-U-022
WO-2025-0516-U-024,2025-05-16,weed,circle_weeding,6,216,U6-02,16,15,18.5,13.25,ha,16.0,15.0,partial,07:15,12:12,WO-2025-0517-U-023
WO-2025-0516-U-025,2025-05-16,weed,circle_weeding,6,266,U6-04,14,17,16.08,12.7,ha,14.0,17.0,partial,06:58,12:59,WO-2025-0517-U-024
WO-2025-0516-U-026,2025-05-16,spray,spraying,6,208,S6-01,10,18,25.24,25.24,ha,10.0,18.0,completed,06:47,14:08,
WO-2025-0516-U-027,2025-05-16,weed,circle_weeding,7,298,U7-01,6,12,5.5,5.5,ha,6.0,12.0,completed,06:56,14:04,
WO-2025-0516-U-028,2025-05-16,weed,path_upkeep,7,308,U7-02,4,12,5.81,5.81,ha,4.0,12.0,completed,06:54,14:09,
WO-2025-0516-U-029,2025-05-16,weed,path_upkeep,7,338,U7-03,8,11,10.82,10.82,ha,8.0,11.0,completed,06:59,14:12,
WO-2025-0516-U-030,2025-05-16,weed,circle_weeding,7,347,U7-04,13,14,16.1,10.41,ha,13.0,14.0,partial,07:11,11:43,WO-2025-0517-U-029
WO-2025-0516-U-031,2025-05-16,spray,spraying,7,311,S7-01,15,16,35.21,20.78,ha,15.0,16.0,partial,07:08,11:10,WO-2025-0517-U-030
WO-2025-0517-U-001,2025-05-17,weed,circle_weeding,1,13,U1-01,17,17,20.1,17.86,ha,17.0,17.0,partial,07:13,13:56,WO-2025-0519-U-001
WO-2025-0517-U-002,2025-05-17,prune,pruning,1,24,U1-02,17,18,1050,954,palms,17.0,18.0,partial,06:48,13:11,WO-2025-0519-U-002
WO-2025-0517-U-003,2025-05-17,weed,circle_weeding,1,38,U1-03,17,18,17.82,9.97,ha,17.0,18.0,partial,07:08,11:08,WO-2025-0519-U-003
WO-2025-0517-U-004,2025-05-17,spray,spraying,1,31,S1-01,5,14,10.33,10.33,ha,5.0,14.0,completed,06:55,13:57,
WO-2025-0517-U-005,2025-05-17,weed,circle_weeding,2,49,U2-01,10,15,10.98,8.49,ha,10.0,15.0,partial,06:51,12:07,WO-2025-0519-U-005
WO-2025-0517-U-006,2025-05-17,prune,pruning,2,58,U2-02,6,16,349,349,palms,6.0,16.0,completed,07:01,14:12,
WO-2025-0517-U-007,2025-05-17,weed,circle_weeding,2,74,U2-03,14,12,15.02,8.54,ha,14.0,12.0,partial,06:48,10:53,WO-2025-0519-U-007
WO-2025-0517-U-008,2025-05-17,spray,spraying,2,74,S2-01,11,11,28.51,20.77,ha,11.0,11.0,partial,07:08,12:31,WO-2025-0519-U-008
WO-2025-0517-U-009,2025-05-17,weed,circle_weeding,3,75,U3-01,14,14,14.99,10.46,ha,14.0,14.0,partial,07:12,12:30,WO-2025-0519-U-009
WO-2025-0517-U-010,2025-05-17,weed,circle_weeding,3,95,U3-02,14,14,15.26,8.64,ha,14.0,14.0,partial,07:07,10:51,WO-2025-0519-U-010
WO-2025-0517-U-011,2025-05-17,weed,path_upkeep,3,103,U3-03,14,16,22.26,18.87,ha,14.0,16.0,partial,06:46,12:42,WO-2025-0519-U-011
WO-2025-0517-U-012,2025-05-17,spray,spraying,3,105,S3-01,8,14,18.67,18.67,ha,8.0,14.0,completed,06:47,13:41,
WO-2025-0517-U-013,2025-05-17,weed,circle_weeding,4,129,U4-01,13,14,11.44,8.29,ha,13.0,14.0,partial,06:53,12:26,WO-2025-0519-U-014
WO-2025-0517-U-014,2025-05-17,weed,path_upkeep,4,142,U4-02,13,13,21.37,15.99,ha,13.0,13.0,partial,06:59,12:33,WO-2025-0519-U-015
WO-2025-0517-U-015,2025-05-17,prune,pruning,4,150,U4-03,13,13,698,679,palms,13.0,13.0,partial,07:01,13:48,WO-2025-0519-U-016
WO-2025-0517-U-016,2025-05-17,weed,path_upkeep,4,164,U4-04,10,13,13.73,12.92,ha,10.0,13.0,partial,07:06,13:48,WO-2025-0519-U-017
WO-2025-0517-U-017,2025-05-17,spray,spraying,4,135,S4-01,11,15,27.26,27.26,ha,11.0,15.0,completed,06:57,14:15,
WO-2025-0517-U-018,2025-05-17,weed,circle_weeding,5,170,U5-01,13,13,15.52,13.14,ha,13.0,13.0,partial,07:14,13:17,WO-2025-0519-U-019
WO-2025-0517-U-019,2025-05-17,prune,pruning,5,186,U5-02,13,12,809,388,palms,13.0,12.0,partial,06:51,09:56,WO-2025-0519-U-020
WO-2025-0517-U-020,2025-05-17,weed,circle_weeding,5,197,U5-03,13,14,17.16,10.62,ha,13.0,14.0,partial,06:49,11:01,WO-2025-0519-U-021
WO-2025-0517-U-021,2025-05-17,spray,spraying,5,176,S5-01,11,13,25.43,25.51,ha,11.0,13.0,partial,06:56,14:10,WO-2025-0519-U-022
WO-2025-0517-U-022,2025-05-17,prune,pruning,6,203,U6-01,15,17,805,489,palms,15.0,17.0,partial,06:53,11:06,WO-2025-0519-U-023
WO-2025-0517-U-023,2025-05-17,weed,circle_weeding,6,216,U6-02,15,14,16.82,16.82,ha,15.0,14.0,completed,07:03,14:05,
WO-2025-0517-U-024,2025-05-17,weed,circle_weeding,6,266,U6-04,3,16,3.38,3.38,ha,3.0,16.0,completed,06:50,14:03,
WO-2025-0517-U-025,2025-05-17,spray,spraying,6,245,S6-01,11,15,27.76,27.76,ha,11.0,15.0,completed,07:02,14:32,
WO-2025-0517-U-026,2025-05-17,weed,circle_weeding,7,290,U7-01,13,12,12.93,5.72,ha,13.0,12.0,partial,07:14,10:42,WO-2025-0519-U-027
WO-2025-0517-U-027,2025-05-17,weed,path_upkeep,7,310,U7-02,13,14,19.01,12.63,ha,13.0,14.0,partial,07:02,11:57,WO-2025-0519-U-028
WO-2025-0517-U-028,2025-05-17,weed,path_upkeep,7,329,U7-03,13,11,18.8,8.93,ha,13.0,11.0,partial,06:47,09:53,WO-2025-0519-U-029
WO-2025-0517-U-029,2025-05-17,weed,circle_weeding,7,347,U7-04,6,12,6.89,6.89,ha,6.0,12.0,completed,06:51,13:36,
WO-2025-0517-U-030,2025-05-17,spray,spraying,7,311,S7-01,6,16,14.43,14.43,ha,6.0,16.0,completed,07:10,14:40,
WO-2025-0519-U-001,2025-05-19,weed,circle_weeding,1,13,U1-01,13,18,14.24,14.24,ha,13.0,18.0,completed,06:58,13:43,
WO-2025-0519-U-002,2025-05-19,prune,pruning,1,24,U1-02,16,17,977,977,palms,16.0,17.0,completed,07:09,14:07,
WO-2025-0519-U-003,2025-05-19,weed,circle_weeding,1,38,U1-03,17,17,17.82,13.02,ha,17.0,17.0,partial,06:52,12:10,WO-2025-0520-U-003
WO-2025-0519-U-004,2025-05-19,spray,spraying,1,25,S1-01,12,12,29.39,21.15,ha,12.0,12.0,partial,06:56,11:47,WO-2025-0520-U-004
WO-2025-0519-U-005,2025-05-19,weed,circle_weeding,2,49,U2-01,3,15,2.49,2.49,ha,3.0,15.0,completed,06:53,14:11,
WO-2025-0519-U-006,2025-05-19,weed,circle_weeding,2,62,U2-02,15,15,18.0,15.54,ha,15.0,15.0,partial,07:08,13:13,WO-2025-0520-U-006
WO-2025-0519-U-007,2025-05-19,weed,circle_weeding,2,74,U2-03,6,16,6.48,6.48,ha,6.0,16.0,completed,07:05,13:54,
WO-2025-0519-U-008,2025-05-19,spray,spraying,2,74,S2-01,3,13,7.74,7.74,ha,3.0,13.0,completed,07:04,14:01,
WO-2025-0519-U-009,2025-05-19,weed,circle_weeding,3,75,U3-01,5,13,4.53,4.53,ha,5.0,13.0,completed,07:08,14:26,
WO-2025-0519-U-010,2025-05-19,weed,circle_weeding,3,95,U3-02,14,14,15.26,14.28,ha,14.0,14.0,partial,07:01,14:02,WO-2025-0520-U-010
WO-2025-0519-U-011,2025-05-19,weed,path_upkeep,3,103,U3-03,5,14,6.64,6.64,ha,5.0,14.0,completed,06:47,13:55,
WO-2025-0519-U-012,2025-05-19,weed,path_upkeep,3,118,U3-04,8,14,11.04,11.04,ha,8.0,14.0,completed,06:47,14:14,
WO-2025-0519-U-013,2025-05-19,spray,spraying,3,79,S3-01,8,17,18.46,18.46,ha,8.0,17.0,completed,07:08,14:01,
WO-2025-0519-U-014,2025-05-19,weed,circle_weeding,4,129,U4-01,9,12,7.06,7.06,ha,9.0,12.0,completed,07:05,14:33,
WO-2025-0519-U-015,2025-05-19,weed,path_upkeep,4,142,U4-02,7,14,10.11,10.11,ha,7.0,14.0,completed,06:45,13:36,
WO-2025-0519-U-016,2025-05-19,prune,pruning,4,150,U4-03,13,13,698,462,palms,13.0,13.0,partial,06:58,11:56,WO-2025-0520-U-016
WO-2025-0519-U-017,2025-05-19,weed,path_upkeep,4,164,U4-04,1,14,0.81,0.81,ha,1.0,14.0,completed,07:05,14:01,
WO-2025-0519-U-018,2025-05-19,spray,spraying,4,140,S4-01,11,16,27.92,27.92,ha,11.0,16.0,completed,06:55,13:38,
WO-2025-0519-U-019,2025-05-19,weed,circle_weeding,5,170,U5-01,6,14,6.69,6.69,ha,6.0,14.0,completed,06:55,14:10,
WO-2025-0519-U-020,2025-05-19,prune,pruning,5,186,U5-02,13,15,809,714,palms,13.0,15.0,partial,06:55,13:21,WO-2025-0520-U-020
WO-2025-0519-U-021,2025-05-19,weed,circle_weeding,5,197,U5-03,6,13,7.55,7.55,ha,6.0,13.0,completed,07:10,14:38,
WO-2025-0519-U-022,2025-05-19,spray,spraying,5,176,S5-01,1,10,1.06,1.06,ha,1.0,10.0,completed,07:11,14:19,
WO-2025-0519-U-023,2025-05-19,prune,pruning,6,203,U6-01,6,17,316,316,palms,6.0,17.0,completed,07:14,14:25,
WO-2025-0519-U-024,2025-05-19,weed,circle_weeding,6,222,U6-02,16,17,18.5,18.96,ha,16.0,17.0,partial,06:55,14:03,WO-2025-0520-U-024
WO-2025-0519-U-025,2025-05-19,weed,circle_weeding,6,270,U6-04,13,14,14.17,9.21,ha,13.0,14.0,partial,07:06,12:08,WO-2025-0520-U-025
WO-2025-0519-U-026,2025-05-19,spray,spraying,6,254,S6-01,8,18,19.77,19.77,ha,8.0,18.0,completed,06:58,14:26,
WO-2025-0519-U-027,2025-05-19,weed,circle_weeding,7,290,U7-01,13,13,12.93,5.36,ha,13.0,13.0,partial,06:47,09:39,WO-2025-0520-U-027
WO-2025-0519-U-028,2025-05-19,weed,path_upkeep,7,310,U7-02,12,12,17.23,17.23,ha,12.0,12.0,completed,07:14,14:32,
WO-2025-0519-U-029,2025-05-19,weed,path_upkeep,7,329,U7-03,7,12,9.87,9.87,ha,7.0,12.0,completed,06:47,13:39,
WO-2025-0519-U-030,2025-05-19,weed,circle_weeding,7,348,U7-04,13,13,16.1,12.63,ha,13.0,13.0,partial,06:48,12:38,WO-2025-0520-U-030
WO-2025-0519-U-031,2025-05-19,spray,spraying,7,344,S7-01,10,15,24.33,24.33,ha,10.0,15.0,completed,06:51,14:10,
WO-2025-0520-U-001,2025-05-20,weed,circle_weeding,1,2,U1-01,15,17,17.49,17.49,ha,15.0,17.0,completed,06:53,14:05,
WO-2025-0520-U-002,2025-05-20,weed,path_upkeep,1,14,U1-02,17,18,28.64,17.97,ha,17.0,18.0,partial,06:45,11:02,WO-2025-0521-U-001
WO-2025-0520-U-003,2025-05-20,weed,circle_weeding,1,38,U1-03,6,16,5.67,5.67,ha,6.0,16.0,completed,06:56,13:47,
WO-2025-0520-U-004,2025-05-20,spray,spraying,1,25,S1-01,4,14,8.24,8.24,ha,4.0,14.0,completed,06:50,13:35,
WO-2025-0520-U-005,2025-05-20,weed,circle_weeding,2,46,U2-01,15,16,17.79,15.49,ha,15.0,16.0,partial,07:04,13:39,WO-2025-0521-U-004
WO-2025-0520-U-006,2025-05-20,weed,circle_weeding,2,62,U2-02,6,16,7.07,7.07,ha,6.0,16.0,completed,07:13,14:11,
WO-2025-0520-U-007,2025-05-20,weed,circle_weeding,2,382,U2-03,15,16,16.91,20.75,ha,15.0,16.0,partial,07:04,14:09,WO-2025-0521-U-006
WO-2025-0520-U-008,2025-05-20,spray,spraying,2,57,S2-01,12,12,29.86,20.42,ha,12.0,12.0,partial,07:02,11:37,WO-2025-0521-U-007
WO-2025-0520-U-009,2025-05-20,weed,path_upkeep,3,76,U3-01,14,16,20.58,23.29,ha,14.0,16.0,partial,07:12,13:55,WO-2025-0521-U-008
WO-2025-0520-U-010,2025-05-20,weed,circle_weeding,3,95,U3-02,7,12,7.03,7.03,ha,7.0,12.0,completed,06:46,14:16,
WO-2025-0520-U-011,2025-05-20,weed,circle_weeding,3,104,U3-03,14,15,16.32,11.99,ha,14.0,15.0,partial,07:04,12:26,WO-2025-0521-U-010
WO-2025-0520-U-012,2025-05-20,weed,circle_weeding,3,114,U3-04,14,14,15.77,10.09,ha,14.0,14.0,partial,06:59,11:34,WO-2025-0521-U-011
WO-2025-0520-U-013,2025-05-20,spray,spraying,3,87,S3-01,13,14,30.17,18.78,ha,13.0,14.0,partial,06:59,11:34,WO-2025-0521-U-012
WO-2025-0520-U-014,2025-05-20,weed,circle_weeding,4,131,U4-01,13,14,11.44,9.31,ha,13.0,14.0,partial,06:50,12:15,WO-2025-0521-U-013
WO-2025-0520-U-015,2025-05-20,weed,circle_weeding,4,134,U4-02,13,14,15.67,15.68,ha,13.0,14.0,partial,07:13,14:18,WO-2025-0521-U-014
WO-2025-0520-U-016,2025-05-20,prune,pruning,4,150,U4-03,13,14,698,673,palms,13.0,14.0,partial,06:56,13:57,WO-2025-0521-U-015
WO-2025-0520-U-017,2025-05-20,weed,circle_weeding,4,164,U4-04,13,12,13.44,7.99,ha,13.0,12.0,partial,07:15,11:41,WO-2025-0521-U-016
WO-2025-0520-U-018,2025-05-20,spray,spraying,4,128,S4-01,12,14,30.24,18.71,ha,12.0,14.0,partial,07:09,11:42,WO-2025-0521-U-017
WO-2025-0520-U-019,2025-05-20,weed,circle_weeding,5,179,U5-01,13,14,15.52,14.06,ha,13.0,14.0,partial,07:12,13:37,WO-2025-0521-U-018
WO-2025-0520-U-020,2025-05-20,prune,pruning,5,186,U5-02,13,15,809,664,palms,13.0,15.0,partial,06:59,12:45,WO-2025-0521-U-019
WO-2025-0520-U-021,2025-05-20,weed,circle_weeding,5,194,U5-03,13,15,17.16,10.37,ha,13.0,15.0,partial,07:02,11:09,WO-2025-0521-U-020
WO-2025-0520-U-022,2025-05-20,spray,spraying,5,185,S5-01,11,9,25.43,13.88,ha,11.0,9.0,partial,07:06,10:52,WO-2025-0521-U-021
WO-2025-0520-U-023,2025-05-20,weed,circle_weeding,6,211,U6-01,16,17,17.6,12.39,ha,16.0,17.0,partial,06:56,11:49,WO-2025-0521-U-022
WO-2025-0520-U-024,2025-05-20,weed,circle_weeding,6,222,U6-02,8,16,8.98,8.98,ha,8.0,16.0,completed,06:45,13:43,
WO-2025-0520-U-025,2025-05-20,weed,circle_weeding,6,270,U6-04,5,16,4.96,4.96,ha,5.0,16.0,completed,06:58,13:48,
WO-2025-0520-U-026,2025-05-20,spray,spraying,6,265,S6-01,7,18,17.48,17.48,ha,7.0,18.0,completed,06:46,13:30,
WO-2025-0520-U-027,2025-05-20,weed,circle_weeding,7,290,U7-01,11,13,10.11,8.89,ha,11.0,13.0,partial,07:15,13:31,WO-2025-0521-U-027
WO-2025-0520-U-028,2025-05-20,weed,path_upkeep,7,304,U7-02,13,14,19.01,20.63,ha,13.0,14.0,partial,06:58,14:14,WO-2025-0521-U-028
WO-2025-0520-U-029,2025-05-20,weed,path_upkeep,7,311,U7-03,13,14,19.32,11.38,ha,13.0,14.0,partial,06:53,10:50,WO-2025-0521-U-029
WO-2025-0520-U-030,2025-05-20,weed,circle_weeding,7,348,U7-04,13,13,16.1,12.05,ha,13.0,13.0,partial,06:46,12:09,WO-2025-0521-U-030
WO-2025-0520-U-031,2025-05-20,spray,spraying,7,297,S7-01,12,15,28.25,25.85,ha,12.0,15.0,partial,07:13,14:06,WO-2025-0521-U-031
WO-2025-0521-U-001,2025-05-21,weed,path_upkeep,1,14,U1-02,10,17,16.26,16.26,ha,10.0,17.0,completed,06:58,14:17,
WO-2025-0521-U-002,2025-05-21,weed,path_upkeep,1,27,U1-03,17,18,24.3,23.28,ha,17.0,18.0,partial,06:56,13:56,WO-2025-0522-U-002
WO-2025-0521-U-003,2025-05-21,spray,spraying,1,26,S1-01,12,15,27.78,0.0,ha,12.0,4.5,weathered_off,07:11,09:52,WO-2025-0522-U-003
WO-2025-0521-U-004,2025-05-21,weed,circle_weeding,2,46,U2-01,12,17,13.74,13.74,ha,12.0,17.0,completed,06:47,14:05,
WO-2025-0521-U-005,2025-05-21,weed,path_upkeep,2,62,U2-02,14,17,22.61,15.16,ha,14.0,17.0,partial,06:55,11:18,WO-2025-0522-U-004
WO-2025-0521-U-006,2025-05-21,weed,circle_weeding,2,382,U2-03,8,16,8.05,8.05,ha,8.0,16.0,completed,07:15,14:15,
WO-2025-0521-U-007,2025-05-21,spray,spraying,2,57,S2-01,4,10,9.44,0.0,ha,4.0,3.0,weathered_off,06:45,09:28,WO-2025-0522-U-006
WO-2025-0521-U-008,2025-05-21,weed,path_upkeep,3,76,U3-01,4,14,4.88,4.88,ha,4.0,14.0,completed,06:52,14:18,
WO-2025-0521-U-009,2025-05-21,weed,path_upkeep,3,93,U3-02,14,14,20.81,9.89,ha,14.0,14.0,partial,06:50,10:23,WO-2025-0522-U-008
WO-2025-0521-U-010,2025-05-21,weed,circle_weeding,3,104,U3-03,14,13,16.32,8.78,ha,14.0,13.0,partial,06:53,10:26,WO-2025-0522-U-009
WO-2025-0521-U-011,2025-05-21,weed,circle_weeding,3,114,U3-04,8,15,8.38,8.38,ha,8.0,15.0,completed,07:09,13:54,
WO-2025-0521-U-012,2025-05-21,spray,spraying,3,87,S3-01,5,15,11.39,0.0,ha,5.0,4.5,weathered_off,06:59,09:10,WO-2025-0522-U-011
WO-2025-0521-U-013,2025-05-21,weed,circle_weeding,4,131,U4-01,13,14,11.44,7.15,ha,13.0,14.0,partial,06:46,11:07,WO-2025-0522-U-012
WO-2025-0521-U-014,2025-05-21,weed,circle_weeding,4,134,U4-02,13,14,15.67,11.0,ha,13.0,14.0,partial,07:12,12:27,WO-2025-0522-U-013
WO-2025-0521-U-015,2025-05-21,prune,pruning,4,150,U4-03,13,13,698,434,palms,13.0,13.0,partial,07:08,11:28,WO-2025-0522-U-014
WO-2025-0521-U-016,2025-05-21,weed,circle_weeding,4,164,U4-04,6,13,5.74,5.74,ha,6.0,13.0,completed,07:01,13:49,
WO-2025-0521-U-017,2025-05-21,spray,spraying,4,128,S4-01,5,16,11.53,0.0,ha,5.0,4.8,weathered_off,07:14,09:27,WO-2025-0522-U-016
WO-2025-0521-U-018,2025-05-21,weed,circle_weeding,5,179,U5-01,10,14,11.45,11.45,ha,10.0,14.0,completed,07:06,14:27,
WO-2025-0521-U-019,2025-05-21,prune,pruning,5,186,U5-02,13,13,809,462,palms,13.0,13.0,partial,07:14,11:14,WO-2025-0522-U-018
WO-2025-0521-U-020,2025-05-21,weed,circle_weeding,5,194,U5-03,13,14,17.16,12.06,ha,13.0,14.0,partial,06:50,11:42,WO-2025-0522-U-019
WO-2025-0521-U-021,2025-05-21,spray,spraying,5,185,S5-01,6,12,13.53,0.0,ha,6.0,3.6,weathered_off,07:12,08:24,WO-2025-0522-U-020
WO-2025-0521-U-022,2025-05-21,weed,circle_weeding,6,211,U6-01,14,15,15.3,10.16,ha,14.0,15.0,partial,06:56,11:17,WO-2025-0522-U-021
WO-2025-0521-U-023,2025-05-21,weed,circle_weeding,6,249,U6-02,16,17,18.5,11.02,ha,16.0,17.0,partial,06:58,11:06,WO-2025-0522-U-022
WO-2025-0521-U-024,2025-05-21,weed,circle_weeding,6,263,U6-03,16,17,19.45,12.44,ha,16.0,17.0,partial,06:59,11:15,WO-2025-0522-U-023
WO-2025-0521-U-025,2025-05-21,prune,pruning,6,267,U6-04,16,17,935,808,palms,16.0,17.0,partial,07:06,13:37,WO-2025-0522-U-024
WO-2025-0521-U-026,2025-05-21,spray,spraying,6,206,S6-01,10,17,24.87,0.0,ha,10.0,5.1,weathered_off,07:12,09:37,WO-2025-0522-U-025
WO-2025-0521-U-027,2025-05-21,weed,circle_weeding,7,290,U7-01,2,14,1.22,1.22,ha,2.0,14.0,completed,06:57,14:11,
WO-2025-0521-U-028,2025-05-21,weed,path_upkeep,7,304,U7-02,5,14,6.62,6.62,ha,5.0,14.0,completed,06:50,14:10,
WO-2025-0521-U-029,2025-05-21,weed,path_upkeep,7,311,U7-03,13,14,19.32,10.67,ha,13.0,14.0,partial,06:58,10:43,WO-2025-0522-U-028
WO-2025-0521-U-030,2025-05-21,weed,circle_weeding,7,348,U7-04,5,14,5.4,5.4,ha,5.0,14.0,completed,07:10,14:34,
WO-2025-0521-U-031,2025-05-21,spray,spraying,7,297,S7-01,1,13,2.4,0.0,ha,1.0,3.9,weathered_off,07:15,09:42,WO-2025-0522-U-030
WO-2025-0522-U-001,2025-05-22,weed,path_upkeep,1,16,U1-02,17,18,28.34,20.56,ha,17.0,18.0,partial,07:12,12:45,WO-2025-0523-U-001
WO-2025-0522-U-002,2025-05-22,weed,path_upkeep,1,27,U1-03,4,17,4.93,4.93,ha,4.0,17.0,completed,06:52,13:51,
WO-2025-0522-U-003,2025-05-22,spray,spraying,1,26,S1-01,12,14,27.78,0.0,ha,12.0,4.2,weathered_off,06:57,09:54,WO-2025-0523-U-003
WO-2025-0522-U-004,2025-05-22,weed,path_upkeep,2,62,U2-02,5,17,7.45,7.45,ha,5.0,17.0,completed,06:59,13:55,
WO-2025-0522-U-005,2025-05-22,weed,circle_weeding,2,66,U2-03,15,15,16.91,10.28,ha,15.0,15.0,partial,06:53,11:16,WO-2025-0523-U-005
WO-2025-0522-U-006,2025-05-22,spray,spraying,2,57,S2-01,4,11,9.44,0.0,ha,4.0,3.3,weathered_off,06:49,08:38,WO-2025-0523-U-006
WO-2025-0522-U-007,2025-05-22,weed,path_upkeep,3,85,U3-01,14,15,20.58,11.55,ha,14.0,15.0,partial,06:57,10:54,WO-2025-0523-U-007
WO-2025-0522-U-008,2025-05-22,weed,path_upkeep,3,93,U3-02,14,15,20.81,12.12,ha,14.0,15.0,partial,06:51,10:44,WO-2025-0523-U-008
WO-2025-0522-U-009,2025-05-22,weed,circle_weeding,3,104,U3-03,11,13,12.16,12.16,ha,11.0,13.0,completed,06:57,13:47,
WO-2025-0522-U-010,2025-05-22,weed,circle_weeding,3,117,U3-04,10,14,10.19,9.73,ha,10.0,14.0,partial,06:51,13:38,WO-2025-0523-U-010
WO-2025-0522-U-011,2025-05-22,spray,spraying,3,87,S3-01,5,16,11.39,0.0,ha,5.0,4.8,weathered_off,06:46,08:32,WO-2025-0523-U-011
WO-2025-0522-U-012,2025-05-22,weed,circle_weeding,4,131,U4-01,13,13,11.44,7.89,ha,13.0,13.0,partial,07:05,12:12,WO-2025-0523-U-012
WO-2025-0522-U-013,2025-05-22,weed,circle_weeding,4,134,U4-02,8,12,9.22,9.22,ha,8.0,12.0,completed,06:54,13:57,
WO-2025-0522-U-014,2025-05-22,prune,pruning,4,150,U4-03,8,13,418,418,palms,8.0,13.0,completed,06:58,14:12,
WO-2025-0522-U-015,2025-05-22,weed,path_upkeep,4,165,U4-04,13,13,17.23,12.25,ha,13.0,13.0,partial,06:57,12:13,WO-2025-0523-U-015
WO-2025-0522-U-016,2025-05-22,spray,spraying,4,128,S4-01,5,14,11.53,0.0,ha,5.0,4.2,weathered_off,06:50,08:27,WO-2025-0523-U-016
WO-2025-0522-U-017,2025-05-22,prune,pruning,5,171,U5-01,13,11,776,473,palms,13.0,11.0,partial,07:05,11:06,WO-2025-0523-U-017
WO-2025-0522-U-018,2025-05-22,prune,pruning,5,186,U5-02,13,13,809,495,palms,13.0,13.0,partial,07:12,11:17,WO-2025-0523-U-018
WO-2025-0522-U-019,2025-05-22,weed,circle_weeding,5,194,U5-03,5,13,6.54,6.54,ha,5.0,13.0,completed,07:14,13:56,
WO-2025-0522-U-020,2025-05-22,spray,spraying,5,185,S5-01,6,10,13.53,0.0,ha,6.0,3.0,weathered_off,07:09,09:27,WO-2025-0523-U-020
WO-2025-0522-U-021,2025-05-22,weed,circle_weeding,6,211,U6-01,5,17,5.15,5.15,ha,5.0,17.0,completed,06:56,14:02,
WO-2025-0522-U-022,2025-05-22,weed,circle_weeding,6,249,U6-02,13,17,14.69,12.32,ha,13.0,17.0,partial,07:06,13:17,WO-2025-0523-U-022
WO-2025-0522-U-023,2025-05-22,weed,circle_weeding,6,263,U6-03,14,17,15.84,15.84,ha,14.0,17.0,completed,06:46,13:34,
WO-2025-0522-U-024,2025-05-22,prune,pruning,6,267,U6-04,16,15,935,591,palms,16.0,15.0,partial,06:50,11:27,WO-2025-0523-U-023
WO-2025-0522-U-025,2025-05-22,spray,spraying,6,206,S6-01,10,16,24.87,0.0,ha,10.0,4.8,weathered_off,06:51,09:49,WO-2025-0523-U-024
WO-2025-0522-U-026,2025-05-22,weed,circle_weeding,7,294,U7-01,13,15,12.14,12.14,ha,13.0,15.0,completed,07:11,13:54,
WO-2025-0522-U-027,2025-05-22,weed,circle_weeding,7,302,U7-02,13,14,13.94,7.02,ha,13.0,14.0,partial,07:13,11:01,WO-2025-0523-U-026
WO-2025-0522-U-028,2025-05-22,weed,path_upkeep,7,311,U7-03,9,13,13.16,13.16,ha,9.0,13.0,completed,07:00,14:29,
WO-2025-0522-U-029,2025-05-22,weed,circle_weeding,7,346,U7-04,13,9,16.1,9.76,ha,13.0,9.0,partial,07:14,11:40,WO-2025-0523-U-028
WO-2025-0522-U-030,2025-05-22,spray,spraying,7,297,S7-01,1,15,2.4,0.0,ha,1.0,4.5,weathered_off,06:53,09:04,WO-2025-0523-U-029
WO-2025-0523-U-001,2025-05-23,weed,path_upkeep,1,16,U1-02,5,16,7.78,7.78,ha,5.0,16.0,completed,06:50,13:38,
WO-2025-0523-U-002,2025-05-23,weed,circle_weeding,1,34,U1-03,17,19,17.82,14.6,ha,17.0,19.0,partial,06:57,13:01,
WO-2025-0523-U-003,2025-05-23,spray,spraying,1,26,S1-01,12,15,27.78,27.78,ha,12.0,15.0,completed,06:59,13:50,
WO-2025-0523-U-004,2025-05-23,weed,circle_weeding,2,58,U2-02,15,17,18.0,15.05,ha,15.0,17.0,partial,07:06,13:15,
WO-2025-0523-U-005,2025-05-23,weed,circle_weeding,2,66,U2-03,15,17,16.91,12.45,ha,15.0,17.0,partial,06:49,11:47,
WO-2025-0523-U-006,2025-05-23,spray,spraying,2,57,S2-01,4,12,9.44,9.44,ha,4.0,12.0,completed,06:58,14:10,
WO-2025-0523-U-007,2025-05-23,weed,path_upkeep,3,85,U3-01,8,15,11.44,11.44,ha,8.0,15.0,completed,06:52,13:35,
WO-2025-0523-U-008,2025-05-23,weed,path_upkeep,3,93,U3-02,11,16,15.19,15.19,ha,11.0,16.0,completed,06:50,14:09,
WO-2025-0523-U-009,2025-05-23,weed,circle_weeding,3,105,U3-03,14,15,16.32,10.44,ha,14.0,15.0,partial,06:49,11:33,
WO-2025-0523-U-010,2025-05-23,weed,circle_weeding,3,117,U3-04,1,15,0.46,0.46,ha,1.0,15.0,completed,07:05,14:00,
WO-2025-0523-U-011,2025-05-23,spray,spraying,3,87,S3-01,5,16,11.39,11.39,ha,5.0,16.0,completed,06:53,13:43,
WO-2025-0523-U-012,2025-05-23,weed,circle_weeding,4,131,U4-01,9,14,7.33,7.33,ha,9.0,14.0,completed,06:52,14:06,
WO-2025-0523-U-013,2025-05-23,prune,pruning,4,142,U4-02,13,13,784,487,palms,13.0,13.0,partial,06:51,11:24,
WO-2025-0523-U-014,2025-05-23,weed,circle_weeding,4,150,U4-03,13,13,13.96,12.96,ha,13.0,13.0,partial,06:49,13:38,
WO-2025-0523-U-015,2025-05-23,weed,path_upkeep,4,165,U4-04,4,13,4.98,4.98,ha,4.0,13.0,completed,06:51,13:52,
WO-2025-0523-U-016,2025-05-23,spray,spraying,4,128,S4-01,5,16,11.53,11.53,ha,5.0,16.0,completed,07:07,14:07,
WO-2025-0523-U-017,2025-05-23,prune,pruning,5,171,U5-01,13,15,776,696,palms,13.0,15.0,partial,07:11,13:29,
WO-2025-0523-U-018,2025-05-23,prune,pruning,5,186,U5-02,13,13,809,638,palms,13.0,13.0,partial,06:53,12:09,
WO-2025-0523-U-019,2025-05-23,weed,circle_weeding,5,196,U5-03,13,12,17.16,9.06,ha,13.0,12.0,partial,06:48,10:54,
WO-2025-0523-U-020,2025-05-23,spray,spraying,5,185,S5-01,6,10,13.53,13.53,ha,6.0,10.0,completed,06:00,13:52,
WO-2025-0523-U-021,2025-05-23,weed,circle_weeding,6,205,U6-01,16,17,17.6,9.66,ha,16.0,17.0,partial,06:56,11:14,
WO-2025-0523-U-022,2025-05-23,weed,circle_weeding,6,249,U6-02,3,14,2.36,2.36,ha,3.0,14.0,completed,06:55,13:54,
WO-2025-0523-U-023,2025-05-23,prune,pruning,6,267,U6-04,16,16,935,709,palms,16.0,16.0,partial,06:59,12:40,
WO-2025-0523-U-024,2025-05-23,spray,spraying,6,206,S6-01,10,15,24.87,24.87,ha,10.0,15.0,completed,06:49,13:40,
WO-2025-0523-U-025,2025-05-23,weed,circle_weeding,7,292,U7-01,13,13,12.93,10.16,ha,13.0,13.0,partial,07:12,12:38,
WO-2025-0523-U-026,2025-05-23,weed,circle_weeding,7,302,U7-02,13,14,13.94,14.4,ha,13.0,14.0,partial,07:02,14:11,
WO-2025-0523-U-027,2025-05-23,weed,path_upkeep,7,332,U7-03,13,13,19.32,12.75,ha,13.0,13.0,partial,06:52,11:45,
WO-2025-0523-U-028,2025-05-23,weed,circle_weeding,7,346,U7-04,13,12,14.96,9.34,ha,13.0,12.0,partial,06:48,11:04,
WO-2025-0523-U-029,2025-05-23,spray,spraying,7,297,S7-01,1,16,2.4,2.4,ha,1.0,16.0,completed,06:00,14:12,
